#time	tref	diverr	energy	enstrophy	palinstrophy
0.000000e+00	0.000000e+00	1.997888e-11	2.720004e-01	5.020044e+01	9.925420e+04
7.107143e-03	1.990000e-01	2.233781e-11	2.719813e-01	5.015090e+01	9.848677e+04
1.421429e-02	3.980000e-01	2.233680e-11	2.719623e-01	5.010298e+01	9.770586e+04
2.132143e-02	5.970000e-01	2.233535e-11	2.719432e-01	5.005548e+01	9.709926e+04
2.842857e-02	7.960000e-01	2.233375e-11	2.719242e-01	5.000770e+01	9.639478e+04
3.553571e-02	9.950000e-01	2.233208e-11	2.719052e-01	4.996049e+01	9.591778e+04
4.264286e-02	1.194000e+00	2.233063e-11	2.718863e-01	4.991279e+01	9.553154e+04
4.975000e-02	1.393000e+00	2.232954e-11	2.718673e-01	4.986536e+01	9.534117e+04
5.685714e-02	1.592000e+00	2.232870e-11	2.718484e-01	4.981809e+01	9.533072e+04
6.396429e-02	1.791000e+00	2.232842e-11	2.718295e-01	4.977069e+01	9.551615e+04
7.107143e-02	1.990000e+00	2.232876e-11	2.718106e-01	4.972353e+01	9.578645e+04
7.817857e-02	2.189000e+00	2.232967e-11	2.717917e-01	4.967625e+01	9.604628e+04
8.528571e-02	2.388000e+00	2.233122e-11	2.717728e-01	4.962901e+01	9.623838e+04
9.239286e-02	2.587000e+00	2.233335e-11	2.717540e-01	4.958167e+01	9.627219e+04
9.950000e-02	2.786000e+00	2.233633e-11	2.717351e-01	4.953427e+01	9.621912e+04
1.066071e-01	2.985000e+00	2.234007e-11	2.717163e-01	4.948689e+01	9.620395e+04
1.137143e-01	3.184000e+00	2.234466e-11	2.716975e-01	4.943962e+01	9.652969e+04
1.208214e-01	3.383000e+00	2.235016e-11	2.716787e-01	4.939271e+01	9.753679e+04
1.279286e-01	3.582000e+00	2.235644e-11	2.716599e-01	4.934636e+01	9.952998e+04
1.350357e-01	3.781000e+00	2.236388e-11	2.716412e-01	4.930075e+01	1.026470e+05
1.421429e-01	3.980000e+00	2.237254e-11	2.716225e-01	4.925590e+01	1.067102e+05
1.492500e-01	4.179000e+00	2.238244e-11	2.716038e-01	4.921155e+01	1.112195e+05
1.563571e-01	4.378000e+00	2.239380e-11	2.715851e-01	4.916721e+01	1.153863e+05
1.634643e-01	4.577000e+00	2.240682e-11	2.715665e-01	4.912219e+01	1.183431e+05
1.705714e-01	4.776000e+00	2.242172e-11	2.715479e-01	4.907583e+01	1.194137e+05
1.776786e-01	4.975000e+00	2.243896e-11	2.715294e-01	4.902772e+01	1.183865e+05
1.847857e-01	5.174000e+00	2.245861e-11	2.715109e-01	4.897795e+01	1.156558e+05
1.918929e-01	5.373000e+00	2.248162e-11	2.714925e-01	4.892718e+01	1.121350e+05
1.990000e-01	5.572000e+00	2.250806e-11	2.714740e-01	4.887644e+01	1.089577e+05
2.061071e-01	5.771000e+00	2.253858e-11	2.714556e-01	4.882678e+01	1.070129e+05
2.132143e-01	5.970000e+00	2.257382e-11	2.714373e-01	4.877870e+01	1.065342e+05
2.203214e-01	6.169000e+00	2.261411e-11	2.714189e-01	4.873188e+01	1.069988e+05
2.274286e-01	6.368000e+00	2.266049e-11	2.714006e-01	4.868531e+01	1.074997e+05
2.345357e-01	6.567000e+00	2.271355e-11	2.713823e-01	4.863791e+01	1.073977e+05
2.416429e-01	6.766000e+00	2.277387e-11	2.713641e-01	4.858928e+01	1.067764e+05
2.487500e-01	6.965000e+00	2.284225e-11	2.713459e-01	4.853992e+01	1.063203e+05
2.558571e-01	7.164000e+00	2.291966e-11	2.713279e-01	4.849070e+01	1.067084e+05
2.629643e-01	7.363000e+00	2.300647e-11	2.713099e-01	4.844208e+01	1.080643e+05
2.700714e-01	7.562000e+00	2.310330e-11	2.712921e-01	4.839402e+01	1.099506e+05
2.771786e-01	7.761000e+00	2.321080e-11	2.712744e-01	4.834637e+01	1.118635e+05
2.842857e-01	7.960000e+00	2.332917e-11	2.712568e-01	4.829918e+01	1.137184e+05
2.913929e-01	8.159000e+00	2.345878e-11	2.712393e-01	4.825192e+01	1.159453e+05
2.985000e-01	8.358000e+00	2.359945e-11	2.712219e-01	4.820275e+01	1.193220e+05
3.056071e-01	8.557000e+00	2.375100e-11	2.712046e-01	4.814927e+01	1.247335e+05
3.127143e-01	8.756000e+00	2.391291e-11	2.711874e-01	4.809038e+01	1.325639e+05
3.198214e-01	8.955000e+00	2.408473e-11	2.711703e-01	4.802704e+01	1.417231e+05
3.269286e-01	9.154000e+00	2.426542e-11	2.711532e-01	4.796148e+01	1.496877e+05
3.340357e-01	9.353000e+00	2.445452e-11	2.711362e-01	4.789683e+01	1.551140e+05
3.411429e-01	9.552000e+00	2.465083e-11	2.711192e-01	4.783831e+01	1.612088e+05
3.482500e-01	9.751000e+00	2.485299e-11	2.711019e-01	4.779191e+01	1.739639e+05
3.553571e-01	9.950000e+00	2.505980e-11	2.710842e-01	4.775672e+01	1.939161e+05
3.624643e-01	1.014900e+01	2.526963e-11	2.710658e-01	4.771850e+01	2.124981e+05
3.695714e-01	1.034800e+01	2.548061e-11	2.710466e-01	4.765964e+01	2.215566e+05
3.766786e-01	1.054700e+01	2.569065e-11	2.710269e-01	4.757650e+01	2.224229e+05
3.837857e-01	1.074600e+01	2.589787e-11	2.710069e-01	4.747815e+01	2.206551e+05
3.908929e-01	1.094500e+01	2.610034e-11	2.709873e-01	4.737314e+01	2.193196e+05
3.980000e-01	1.114400e+01	2.629615e-11	2.709683e-01	4.726767e+01	2.206918e+05
4.051071e-01	1.134300e+01	2.648361e-11	2.709502e-01	4.716729e+01	2.256668e+05
4.122143e-01	1.154200e+01	2.666119e-11	2.709332e-01	4.707420e+01	2.317945e+05
4.193214e-01	1.174100e+01	2.682752e-11	2.709171e-01	4.698911e+01	2.373830e+05
4.264286e-01	1.194000e+01	2.698153e-11	2.709017e-01	4.691344e+01	2.427667e+05
4.335357e-01	1.213900e+01	2.712254e-11	2.708866e-01	4.684582e+01	2.467459e+05
4.406429e-01	1.233800e+01	2.724934e-11	2.708716e-01	4.678112e+01	2.468740e+05
4.477500e-01	1.253700e+01	2.736179e-11	2.708564e-01	4.671431e+01	2.426600e+05
4.548571e-01	1.273600e+01	2.745880e-11	2.708409e-01	4.664353e+01	2.362062e+05
4.619643e-01	1.293500e+01	2.754019e-11	2.708251e-01	4.657048e+01	2.308832e+05
4.690714e-01	1.313400e+01	2.760591e-11	2.708089e-01	4.649805e+01	2.295693e+05
4.761786e-01	1.333300e+01	2.765536e-11	2.707923e-01	4.642699e+01	2.329779e+05
4.832857e-01	1.353200e+01	2.768846e-11	2.707753e-01	4.635582e+01	2.397665e+05
4.903929e-01	1.373100e+01	2.770598e-11	2.707580e-01	4.628276e+01	2.477685e+05
4.975000e-01	1.393000e+01	2.770877e-11	2.707403e-01	4.620642e+01	2.543308e+05
5.046071e-01	1.412900e+01	2.769778e-11	2.707223e-01	4.612569e+01	2.566471e+05
5.117143e-01	1.432800e+01	2.767422e-11	2.707041e-01	4.604005e+01	2.535444e+05
5.188214e-01	1.452700e+01	2.763943e-11	2.706859e-01	4.595008e+01	2.465849e+05
5.259286e-01	1.472600e+01	2.759448e-11	2.706677e-01	4.585694e+01	2.386597e+05
5.330357e-01	1.492500e+01	2.754085e-11	2.706497e-01	4.576188e+01	2.320564e+05
5.401429e-01	1.512400e+01	2.747961e-11	2.706319e-01	4.566667e+01	2.278758e+05
5.472500e-01	1.532300e+01	2.741189e-11	2.706144e-01	4.557420e+01	2.262381e+05
5.543571e-01	1.552200e+01	2.733923e-11	2.705970e-01	4.548775e+01	2.262904e+05
5.614643e-01	1.572100e+01	2.726225e-11	2.705797e-01	4.540910e+01	2.268395e+05
5.685714e-01	1.592000e+01	2.718273e-11	2.705625e-01	4.533767e+01	2.273124e+05
5.756786e-01	1.611900e+01	2.710148e-11	2.705454e-01	4.527152e+01	2.274249e+05
5.827857e-01	1.631800e+01	2.701956e-11	2.705284e-01	4.520889e+01	2.263862e+05
5.898929e-01	1.651700e+01	2.693749e-11	2.705115e-01	4.514885e+01	2.232991e+05
5.970000e-01	1.671600e+01	2.685600e-11	2.704948e-01	4.509050e+01	2.181728e+05
6.041071e-01	1.691500e+01	2.677461e-11	2.704784e-01	4.503211e+01	2.119944e+05
6.112143e-01	1.711400e+01	2.669399e-11	2.704621e-01	4.497156e+01	2.059243e+05
6.183214e-01	1.731300e+01	2.661411e-11	2.704459e-01	4.490787e+01	2.007268e+05
6.254286e-01	1.751200e+01	2.653560e-11	2.704298e-01	4.484187e+01	1.966180e+05
6.325357e-01	1.771100e+01	2.645896e-11	2.704137e-01	4.477504e+01	1.931509e+05
6.396429e-01	1.791000e+01	2.638461e-11	2.703976e-01	4.470798e+01	1.892907e+05
6.467500e-01	1.810900e+01	2.631326e-11	2.703814e-01	4.464003e+01	1.838702e+05
6.538571e-01	1.830800e+01	2.624529e-11	2.703651e-01	4.457016e+01	1.761933e+05
6.609643e-01	1.850700e+01	2.618062e-11	2.703487e-01	4.449813e+01	1.664132e+05
6.680714e-01	1.870600e+01	2.611946e-11	2.703322e-01	4.442516e+01	1.554232e+05
6.751786e-01	1.890500e+01	2.606185e-11	2.703155e-01	4.435332e+01	1.442593e+05
6.822857e-01	1.910400e+01	2.600777e-11	2.702988e-01	4.428455e+01	1.335044e+05
6.893929e-01	1.930300e+01	2.595715e-11	2.702819e-01	4.422025e+01	1.232781e+05
6.965000e-01	1.950200e+01	2.591055e-11	2.702651e-01	4.416144e+01	1.136972e+05
7.036071e-01	1.970100e+01	2.586781e-11	2.702483e-01	4.410905e+01	1.052393e+05
7.107143e-01	1.990000e+01	2.582927e-11	2.702316e-01	4.406388e+01	9.865981e+04
7.178214e-01	2.009900e+01	2.579489e-11	2.702150e-01	4.402607e+01	9.452192e+04
7.249286e-01	2.029800e+01	2.576517e-11	2.701986e-01	4.399447e+01	9.272319e+04
7.320357e-01	2.049700e+01	2.574045e-11	2.701823e-01	4.396664e+01	9.243184e+04
7.391429e-01	2.069600e+01	2.572066e-11	2.701661e-01	4.393956e+01	9.249470e+04
7.462500e-01	2.089500e+01	2.570603e-11	2.701501e-01	4.391080e+01	9.194526e+04
7.533571e-01	2.109400e+01	2.569705e-11	2.701343e-01	4.387915e+01	9.023407e+04
7.604643e-01	2.129300e+01	2.569418e-11	2.701185e-01	4.384462e+01	8.720541e+04
7.675714e-01	2.149200e+01	2.569739e-11	2.701029e-01	4.380791e+01	8.301485e+04
7.746786e-01	2.169100e+01	2.570745e-11	2.700875e-01	4.376984e+01	7.803802e+04
7.817857e-01	2.189000e+01	2.572447e-11	2.700722e-01	4.373128e+01	7.280775e+04
7.888929e-01	2.208900e+01	2.574887e-11	2.700570e-01	4.369331e+01	6.797483e+04
7.960000e-01	2.228800e+01	2.578080e-11	2.700419e-01	4.365716e+01	6.412908e+04
8.031071e-01	2.248700e+01	2.582022e-11	2.700268e-01	4.362373e+01	6.152419e+04
8.102143e-01	2.268600e+01	2.586710e-11	2.700115e-01	4.359317e+01	6.000284e+04
8.173214e-01	2.288500e+01	2.592134e-11	2.699962e-01	4.356496e+01	5.919047e+04
8.244286e-01	2.308400e+01	2.598258e-11	2.699807e-01	4.353823e+01	5.870892e+04
8.315357e-01	2.328300e+01	2.605099e-11	2.699652e-01	4.351212e+01	5.821915e+04
8.386429e-01	2.348200e+01	2.612602e-11	2.699496e-01	4.348599e+01	5.742464e+04
8.457500e-01	2.368100e+01	2.620716e-11	2.699339e-01	4.345965e+01	5.618765e+04
8.528571e-01	2.388000e+01	2.629415e-11	2.699182e-01	4.343341e+01	5.466623e+04
8.599643e-01	2.407900e+01	2.638623e-11	2.699025e-01	4.340805e+01	5.326995e+04
8.670714e-01	2.427800e+01	2.648291e-11	2.698868e-01	4.338442e+01	5.228622e+04
8.741786e-01	2.447700e+01	2.658352e-11	2.698710e-01	4.336315e+01	5.159739e+04
8.812857e-01	2.467600e+01	2.668775e-11	2.698553e-01	4.334459e+01	5.099381e+04
8.883929e-01	2.487500e+01	2.679474e-11	2.698396e-01	4.332878e+01	5.056140e+04
8.955000e-01	2.507400e+01	2.690415e-11	2.698238e-01	4.331507e+01	5.046439e+04
9.026071e-01	2.527300e+01	2.701522e-11	2.698081e-01	4.330186e+01	5.056036e+04
9.097143e-01	2.547200e+01	2.712801e-11	2.697923e-01	4.328746e+01	5.056761e+04
9.168214e-01	2.567100e+01	2.724179e-11	2.697767e-01	4.327094e+01	5.050838e+04
9.239286e-01	2.587000e+01	2.735677e-11	2.697611e-01	4.325225e+01	5.068805e+04
9.310357e-01	2.606900e+01	2.747313e-11	2.697456e-01	4.323202e+01	5.125372e+04
9.381429e-01	2.626800e+01	2.759135e-11	2.697302e-01	4.321125e+01	5.203013e+04
9.452500e-01	2.646700e+01	2.771134e-11	2.697149e-01	4.319079e+01	5.276944e+04
9.523571e-01	2.666600e+01	2.783338e-11	2.696995e-01	4.317083e+01	5.334688e+04
9.594643e-01	2.686500e+01	2.795802e-11	2.696842e-01	4.315109e+01	5.383808e+04
9.665714e-01	2.706400e+01	2.808597e-11	2.696688e-01	4.313149e+01	5.461921e+04
9.736786e-01	2.726300e+01	2.821758e-11	2.696535e-01	4.311266e+01	5.616688e+04
9.807857e-01	2.746200e+01	2.835405e-11	2.696380e-01	4.309545e+01	5.842835e+04
9.878929e-01	2.766100e+01	2.849650e-11	2.696225e-01	4.307913e+01	6.054887e+04
9.950000e-01	2.786000e+01	2.864591e-11	2.696068e-01	4.306088e+01	6.172658e+04
1.002107e+00	2.805900e+01	2.880359e-11	2.695911e-01	4.303864e+01	6.220643e+04
1.009214e+00	2.825800e+01	2.897163e-11	2.695755e-01	4.301416e+01	6.268998e+04
1.016321e+00	2.845700e+01	2.915151e-11	2.695600e-01	4.299144e+01	6.377116e+04
1.023429e+00	2.865600e+01	2.934579e-11	2.695446e-01	4.297334e+01	6.610293e+04
1.030536e+00	2.885500e+01	2.955545e-11	2.695289e-01	4.295892e+01	6.912698e+04
1.037643e+00	2.905400e+01	2.978261e-11	2.695129e-01	4.294320e+01	7.113139e+04
1.044750e+00	2.925300e+01	3.002956e-11	2.694970e-01	4.292210e+01	7.213796e+04
1.051857e+00	2.945200e+01	3.029900e-11	2.694815e-01	4.289681e+01	7.337985e+04
1.058964e+00	2.965100e+01	3.059310e-11	2.694666e-01	4.287217e+01	7.506267e+04
1.066071e+00	2.985000e+01	3.091237e-11	2.694520e-01	4.285151e+01	7.621259e+04
1.073179e+00	3.004900e+01	3.125781e-11	2.694377e-01	4.283224e+01	7.622065e+04
1.080286e+00	3.024800e+01	3.162976e-11	2.694234e-01	4.280951e+01	7.469998e+04
1.087393e+00	3.044700e+01	3.202849e-11	2.694091e-01	4.278224e+01	7.283043e+04
1.094500e+00	3.064600e+01	3.245451e-11	2.693942e-01	4.275639e+01	7.214505e+04
1.101607e+00	3.084500e+01	3.290909e-11	2.693789e-01	4.273353e+01	7.152418e+04
1.108714e+00	3.104400e+01	3.339132e-11	2.693636e-01	4.270923e+01	7.101968e+04
1.115821e+00	3.124300e+01	3.389832e-11	2.693484e-01	4.268173e+01	7.105479e+04
1.122929e+00	3.144200e+01	3.442780e-11	2.693334e-01	4.265667e+01	7.210559e+04
1.130036e+00	3.164100e+01	3.497737e-11	2.693183e-01	4.263862e+01	7.355433e+04
1.137143e+00	3.184000e+01	3.554450e-11	2.693031e-01	4.262293e+01	7.448930e+04
1.144250e+00	3.203900e+01	3.612614e-11	2.692880e-01	4.260197e+01	7.604623e+04
1.151357e+00	3.223800e+01	3.671863e-11	2.692731e-01	4.257808e+01	7.854322e+04
1.158464e+00	3.243700e+01	3.731646e-11	2.692588e-01	4.255014e+01	8.053264e+04
1.165571e+00	3.263600e+01	3.791233e-11	2.692448e-01	4.252288e+01	8.192110e+04
1.172679e+00	3.283500e+01	3.850188e-11	2.692308e-01	4.250285e+01	8.324345e+04
1.179786e+00	3.303400e+01	3.907736e-11	2.692168e-01	4.248379e+01	8.452077e+04
1.186893e+00	3.323300e+01	3.962999e-11	2.692027e-01	4.245689e+01	8.568008e+04
1.194000e+00	3.343200e+01	4.015476e-11	2.691889e-01	4.241835e+01	8.665491e+04
1.201107e+00	3.363100e+01	4.064493e-11	2.691752e-01	4.239361e+01	8.918298e+04
1.208214e+00	3.383000e+01	4.108947e-11	2.691616e-01	4.237978e+01	8.742025e+04
1.215321e+00	3.402900e+01	4.148227e-11	2.691475e-01	4.234953e+01	8.895950e+04
1.222429e+00	3.422800e+01	4.182315e-11	2.691329e-01	4.233275e+01	8.831170e+04
1.229536e+00	3.442700e+01	4.210196e-11	2.691188e-01	4.229721e+01	8.745095e+04
1.236643e+00	3.462600e+01	4.231229e-11	2.691049e-01	4.224473e+01	7.934022e+04
1.243750e+00	3.482500e+01	4.245544e-11	2.690902e-01	4.219964e+01	7.846037e+04
1.250857e+00	3.502400e+01	4.253613e-11	2.690758e-01	4.217407e+01	7.657196e+04
1.257964e+00	3.522300e+01	4.256487e-11	2.690619e-01	4.216472e+01	7.609891e+04
1.265071e+00	3.542200e+01	4.254163e-11	2.690468e-01	4.213273e+01	7.690113e+04
1.272179e+00	3.562100e+01	4.247158e-11	2.690314e-01	4.210361e+01	7.480997e+04
1.279286e+00	3.582000e+01	4.236259e-11	2.690172e-01	4.208036e+01	7.545897e+04
1.286393e+00	3.601900e+01	4.221867e-11	2.690028e-01	4.202945e+01	8.072596e+04
1.293500e+00	3.621800e+01	4.204592e-11	2.689879e-01	4.200871e+01	7.757016e+04
1.300607e+00	3.641700e+01	4.185811e-11	2.689738e-01	4.198353e+01	8.554822e+04
1.307714e+00	3.661600e+01	4.165439e-11	2.689597e-01	4.194520e+01	8.911062e+04
1.314821e+00	3.681500e+01	4.143861e-11	2.689454e-01	4.192583e+01	8.443347e+04
1.321929e+00	3.701400e+01	4.120764e-11	2.689321e-01	4.188479e+01	8.388181e+04
1.329036e+00	3.721300e+01	4.096640e-11	2.689179e-01	4.181766e+01	9.100799e+04
1.336143e+00	3.741200e+01	4.072136e-11	2.689025e-01	4.179123e+01	9.317871e+04
1.343250e+00	3.761100e+01	4.046571e-11	2.688875e-01	4.176369e+01	9.283235e+04
1.350357e+00	3.781000e+01	4.019970e-11	2.688728e-01	4.172225e+01	9.332962e+04
1.357464e+00	3.800900e+01	3.994225e-11	2.688584e-01	4.171395e+01	1.039892e+05
1.364571e+00	3.820800e+01	3.970320e-11	2.688439e-01	4.169938e+01	1.055441e+05
1.371679e+00	3.840700e+01	3.946402e-11	2.688294e-01	4.161376e+01	1.072214e+05
1.378786e+00	3.860600e+01	3.922559e-11	2.688152e-01	4.154142e+01	1.063994e+05
1.385893e+00	3.880500e+01	3.900663e-11	2.688011e-01	4.154299e+01	1.062139e+05
1.393000e+00	3.900400e+01	3.880283e-11	2.687867e-01	4.150688e+01	1.051842e+05
1.400107e+00	3.920300e+01	3.860421e-11	2.687720e-01	4.143024e+01	1.176052e+05
1.407214e+00	3.940200e+01	3.841354e-11	2.687572e-01	4.137621e+01	1.145051e+05
1.414321e+00	3.960100e+01	3.823727e-11	2.687424e-01	4.134288e+01	1.186845e+05
1.421429e+00	3.980000e+01	3.807583e-11	2.687280e-01	4.129225e+01	1.328078e+05
1.428536e+00	3.999900e+01	3.793220e-11	2.687143e-01	4.121799e+01	1.426538e+05
1.435643e+00	4.019800e+01	3.780672e-11	2.687014e-01	4.115879e+01	1.432549e+05
1.442750e+00	4.039700e+01	3.770015e-11	2.686885e-01	4.113964e+01	1.508643e+05
1.449857e+00	4.059600e+01	3.761274e-11	2.686741e-01	4.115360e+01	1.787418e+05
1.456964e+00	4.079500e+01	3.754487e-11	2.686581e-01	4.112689e+01	1.751710e+05
1.464071e+00	4.099400e+01	3.749583e-11	2.686420e-01	4.102844e+01	1.595734e+05
1.471179e+00	4.119300e+01	3.746598e-11	2.686267e-01	4.091784e+01	1.575418e+05
1.478286e+00	4.139200e+01	3.745540e-11	2.686127e-01	4.082786e+01	1.541798e+05
1.485393e+00	4.159100e+01	3.746357e-11	2.685998e-01	4.074965e+01	1.467925e+05
1.492500e+00	4.179000e+01	3.748938e-11	2.685869e-01	4.069021e+01	1.525308e+05
1.499607e+00	4.198900e+01	3.752941e-11	2.685733e-01	4.066196e+01	1.587247e+05
1.506714e+00	4.218800e+01	3.758392e-11	2.685589e-01	4.064003e+01	1.522266e+05
1.513821e+00	4.238700e+01	3.765570e-11	2.685443e-01	4.060578e+01	1.466726e+05
1.520929e+00	4.258600e+01	3.774496e-11	2.685301e-01	4.055700e+01	1.468015e+05
1.528036e+00	4.278500e+01	3.784570e-11	2.685164e-01	4.049240e+01	1.477472e+05
1.535143e+00	4.298400e+01	3.795540e-11	2.685024e-01	4.042421e+01	1.459260e+05
1.542250e+00	4.318300e+01	3.807275e-11	2.684886e-01	4.035584e+01	1.391099e+05
1.549357e+00	4.338200e+01	3.819418e-11	2.684755e-01	4.029191e+01	1.374502e+05
1.556464e+00	4.358100e+01	3.831447e-11	2.684631e-01	4.023465e+01	1.453102e+05
1.563571e+00	4.378000e+01	3.843048e-11	2.684509e-01	4.018700e+01	1.440571e+05
1.570679e+00	4.397900e+01	3.854400e-11	2.684377e-01	4.015249e+01	1.395875e+05
1.577786e+00	4.417800e+01	3.865136e-11	2.684235e-01	4.011740e+01	1.363999e+05
1.584893e+00	4.437700e+01	3.874803e-11	2.684091e-01	4.007449e+01	1.308539e+05
1.592000e+00	4.457600e+01	3.883200e-11	2.683948e-01	4.003722e+01	1.271632e+05
1.599107e+00	4.477500e+01	3.890366e-11	2.683802e-01	3.998241e+01	1.244287e+05
1.606214e+00	4.497400e+01	3.896227e-11	2.683658e-01	3.990197e+01	1.233709e+05
1.613321e+00	4.517300e+01	3.900842e-11	2.683517e-01	3.983153e+01	1.265397e+05
1.620429e+00	4.537200e+01	3.904668e-11	2.683381e-01	3.977941e+01	1.286315e+05
1.627536e+00	4.557100e+01	3.907727e-11	2.683251e-01	3.973924e+01	1.309837e+05
1.634643e+00	4.577000e+01	3.909861e-11	2.683124e-01	3.969817e+01	1.335508e+05
1.641750e+00	4.596900e+01	3.911169e-11	2.682994e-01	3.964477e+01	1.302592e+05
1.648857e+00	4.616800e+01	3.912017e-11	2.682859e-01	3.958480e+01	1.290821e+05
1.655964e+00	4.636700e+01	3.912515e-11	2.682718e-01	3.952190e+01	1.305738e+05
1.663071e+00	4.656600e+01	3.912314e-11	2.682577e-01	3.946773e+01	1.323853e+05
1.670179e+00	4.676500e+01	3.911189e-11	2.682437e-01	3.943250e+01	1.357957e+05
1.677286e+00	4.696400e+01	3.909487e-11	2.682298e-01	3.940402e+01	1.393115e+05
1.684393e+00	4.716300e+01	3.907547e-11	2.682160e-01	3.935281e+01	1.362585e+05
1.691500e+00	4.736200e+01	3.905232e-11	2.682022e-01	3.928410e+01	1.347317e+05
1.698607e+00	4.756100e+01	3.902513e-11	2.681880e-01	3.922964e+01	1.380548e+05
1.705714e+00	4.776000e+01	3.899486e-11	2.681738e-01	3.919052e+01	1.384979e+05
1.712821e+00	4.795900e+01	3.896039e-11	2.681595e-01	3.914831e+01	1.383656e+05
1.719929e+00	4.815800e+01	3.891986e-11	2.681455e-01	3.909952e+01	1.468568e+05
1.727036e+00	4.835700e+01	3.887486e-11	2.681317e-01	3.904886e+01	1.607721e+05
1.734143e+00	4.855600e+01	3.882855e-11	2.681181e-01	3.899178e+01	1.684792e+05
1.741250e+00	4.875500e+01	3.878372e-11	2.681047e-01	3.892726e+01	1.690545e+05
1.748357e+00	4.895400e+01	3.874001e-11	2.680911e-01	3.885964e+01	1.687955e+05
1.755464e+00	4.915300e+01	3.869837e-11	2.680772e-01	3.879604e+01	1.716111e+05
1.762571e+00	4.935200e+01	3.865938e-11	2.680628e-01	3.873971e+01	1.793124e+05
1.769679e+00	4.955100e+01	3.862552e-11	2.680486e-01	3.868702e+01	1.900470e+05
1.776786e+00	4.975000e+01	3.859973e-11	2.680349e-01	3.863460e+01	1.980061e+05
1.783893e+00	4.994900e+01	3.858288e-11	2.680219e-01	3.858112e+01	1.987166e+05
1.791000e+00	5.014800e+01	3.857526e-11	2.680095e-01	3.852566e+01	1.944422e+05
1.798107e+00	5.034700e+01	3.857656e-11	2.679970e-01	3.846819e+01	1.899797e+05
1.805214e+00	5.054600e+01	3.858740e-11	2.679844e-01	3.841190e+01	1.858694e+05
1.812321e+00	5.074500e+01	3.860571e-11	2.679715e-01	3.836149e+01	1.819450e+05
1.819429e+00	5.094400e+01	3.862961e-11	2.679583e-01	3.832451e+01	1.803406e+05
1.826536e+00	5.114300e+01	3.866137e-11	2.679450e-01	3.829389e+01	1.776029e+05
1.833643e+00	5.134200e+01	3.870378e-11	2.679314e-01	3.824396e+01	1.681628e+05
1.840750e+00	5.154100e+01	3.875819e-11	2.679176e-01	3.817154e+01	1.582589e+05
1.847857e+00	5.174000e+01	3.882242e-11	2.679036e-01	3.810082e+01	1.543130e+05
1.854964e+00	5.193900e+01	3.889656e-11	2.678898e-01	3.804680e+01	1.546851e+05
1.862071e+00	5.213800e+01	3.897892e-11	2.678764e-01	3.800542e+01	1.552624e+05
1.869179e+00	5.233700e+01	3.906629e-11	2.678633e-01	3.796379e+01	1.464440e+05
1.876286e+00	5.253600e+01	3.915569e-11	2.678503e-01	3.792316e+01	1.367300e+05
1.883393e+00	5.273500e+01	3.924826e-11	2.678368e-01	3.789097e+01	1.388317e+05
1.890500e+00	5.293400e+01	3.934473e-11	2.678227e-01	3.784740e+01	1.405682e+05
1.897607e+00	5.313300e+01	3.944489e-11	2.678087e-01	3.778069e+01	1.435856e+05
1.904714e+00	5.333200e+01	3.954655e-11	2.677949e-01	3.771071e+01	1.560853e+05
1.911821e+00	5.353100e+01	3.964984e-11	2.677815e-01	3.765134e+01	1.586178e+05
1.918929e+00	5.373000e+01	3.975300e-11	2.677682e-01	3.761712e+01	1.474014e+05
1.926036e+00	5.392900e+01	3.985482e-11	2.677549e-01	3.761081e+01	1.403417e+05
1.933143e+00	5.412800e+01	3.995301e-11	2.677413e-01	3.760504e+01	1.397087e+05
1.940250e+00	5.432700e+01	4.004613e-11	2.677273e-01	3.757599e+01	1.383109e+05
1.947357e+00	5.452600e+01	4.013381e-11	2.677133e-01	3.752500e+01	1.351000e+05
1.954464e+00	5.472500e+01	4.021407e-11	2.676996e-01	3.746639e+01	1.315093e+05
1.961571e+00	5.492400e+01	4.028739e-11	2.676866e-01	3.741343e+01	1.273692e+05
1.968679e+00	5.512300e+01	4.035376e-11	2.676742e-01	3.737027e+01	1.214175e+05
1.975786e+00	5.532200e+01	4.041161e-11	2.676622e-01	3.733371e+01	1.134590e+05
1.982893e+00	5.552100e+01	4.045908e-11	2.676503e-01	3.730329e+01	1.064828e+05
1.990000e+00	5.572000e+01	4.049366e-11	2.676382e-01	3.728083e+01	1.028827e+05
1.997107e+00	5.591900e+01	4.051353e-11	2.676257e-01	3.726374e+01	1.017106e+05
2.004214e+00	5.611800e+01	4.051711e-11	2.676126e-01	3.724661e+01	1.009826e+05
2.011321e+00	5.631700e+01	4.050364e-11	2.675989e-01	3.722372e+01	9.802122e+04
2.018429e+00	5.651600e+01	4.047415e-11	2.675848e-01	3.719112e+01	9.127693e+04
2.025536e+00	5.671500e+01	4.042822e-11	2.675707e-01	3.715033e+01	8.329641e+04
2.032643e+00	5.691400e+01	4.036695e-11	2.675568e-01	3.710694e+01	7.814147e+04
2.039750e+00	5.711300e+01	4.029122e-11	2.675434e-01	3.706545e+01	7.685917e+04
2.046857e+00	5.731200e+01	4.020187e-11	2.675307e-01	3.702889e+01	7.718604e+04
2.053964e+00	5.751100e+01	4.010045e-11	2.675187e-01	3.700169e+01	7.658188e+04
2.061071e+00	5.771000e+01	3.998715e-11	2.675071e-01	3.698508e+01	7.485000e+04
2.068179e+00	5.790900e+01	3.986286e-11	2.674956e-01	3.697142e+01	7.281695e+04
2.075286e+00	5.810800e+01	3.972976e-11	2.674841e-01	3.695224e+01	7.078214e+04
2.082393e+00	5.830700e+01	3.959057e-11	2.674725e-01	3.692673e+01	6.988153e+04
2.089500e+00	5.850600e+01	3.944642e-11	2.674609e-01	3.690038e+01	7.003879e+04
2.096607e+00	5.870500e+01	3.929847e-11	2.674491e-01	3.687986e+01	6.933003e+04
2.103714e+00	5.890400e+01	3.914788e-11	2.674374e-01	3.686567e+01	6.764605e+04
2.110821e+00	5.910300e+01	3.899758e-11	2.674256e-01	3.685310e+01	6.634492e+04
2.117929e+00	5.930200e+01	3.885021e-11	2.674138e-01	3.683703e+01	6.491398e+04
2.125036e+00	5.950100e+01	3.870703e-11	2.674018e-01	3.681397e+01	6.269136e+04
2.132143e+00	5.970000e+01	3.856925e-11	2.673898e-01	3.678624e+01	6.040118e+04
2.139250e+00	5.989900e+01	3.843730e-11	2.673777e-01	3.676014e+01	5.872140e+04
2.146357e+00	6.009800e+01	3.831211e-11	2.673654e-01	3.673823e+01	5.746930e+04
2.153464e+00	6.029700e+01	3.819588e-11	2.673529e-01	3.671843e+01	5.666265e+04
2.160571e+00	6.049600e+01	3.809073e-11	2.673405e-01	3.669855e+01	5.672810e+04
2.167679e+00	6.069500e+01	3.799789e-11	2.673283e-01	3.667794e+01	5.794529e+04
2.174786e+00	6.089400e+01	3.791790e-11	2.673164e-01	3.665632e+01	5.953370e+04
2.181893e+00	6.109300e+01	3.784997e-11	2.673047e-01	3.663481e+01	6.088331e+04
2.189000e+00	6.129200e+01	3.779448e-11	2.672929e-01	3.661635e+01	6.287399e+04
2.196107e+00	6.149100e+01	3.775202e-11	2.672810e-01	3.660277e+01	6.556599e+04
2.203214e+00	6.169000e+01	3.772350e-11	2.672690e-01	3.659205e+01	6.727042e+04
2.210321e+00	6.188900e+01	3.770927e-11	2.672569e-01	3.658018e+01	6.711516e+04
2.217429e+00	6.208800e+01	3.770975e-11	2.672446e-01	3.656516e+01	6.546597e+04
2.224536e+00	6.228700e+01	3.772461e-11	2.672322e-01	3.654700e+01	6.253708e+04
2.231643e+00	6.248600e+01	3.775377e-11	2.672198e-01	3.652604e+01	5.868137e+04
2.238750e+00	6.268500e+01	3.779656e-11	2.672073e-01	3.650336e+01	5.521798e+04
2.245857e+00	6.288400e+01	3.785205e-11	2.671950e-01	3.648099e+01	5.332541e+04
2.252964e+00	6.308300e+01	3.791933e-11	2.671828e-01	3.646016e+01	5.227238e+04
2.260071e+00	6.328200e+01	3.799768e-11	2.671710e-01	3.644058e+01	5.070876e+04
2.267179e+00	6.348100e+01	3.808500e-11	2.671594e-01	3.642231e+01	4.867538e+04
2.274286e+00	6.368000e+01	3.818018e-11	2.671479e-01	3.640645e+01	4.676589e+04
2.281393e+00	6.387900e+01	3.828192e-11	2.671363e-01	3.639362e+01	4.511087e+04
2.288500e+00	6.407800e+01	3.838838e-11	2.671247e-01	3.638168e+01	4.346500e+04
2.295607e+00	6.427700e+01	3.849807e-11	2.671129e-01	3.636745e+01	4.188709e+04
2.302714e+00	6.447600e+01	3.860865e-11	2.671011e-01	3.635161e+01	4.080056e+04
2.309821e+00	6.467500e+01	3.871888e-11	2.670894e-01	3.633744e+01	3.987203e+04
2.316929e+00	6.487400e+01	3.882749e-11	2.670776e-01	3.632633e+01	3.907307e+04
2.324036e+00	6.507300e+01	3.893250e-11	2.670659e-01	3.631650e+01	3.889657e+04
2.331143e+00	6.527200e+01	3.903292e-11	2.670541e-01	3.630486e+01	3.911083e+04
2.338250e+00	6.547100e+01	3.912628e-11	2.670422e-01	3.629002e+01	3.948597e+04
2.345357e+00	6.567000e+01	3.921139e-11	2.670304e-01	3.627312e+01	4.004237e+04
2.352464e+00	6.586900e+01	3.928839e-11	2.670187e-01	3.625703e+01	4.022792e+04
2.359571e+00	6.606800e+01	3.935538e-11	2.670071e-01	3.624420e+01	3.963827e+04
2.366679e+00	6.626700e+01	3.941184e-11	2.669954e-01	3.623481e+01	3.923903e+04
2.373786e+00	6.646600e+01	3.945707e-11	2.669837e-01	3.622682e+01	3.994594e+04
2.380893e+00	6.666500e+01	3.949063e-11	2.669719e-01	3.621758e+01	4.096401e+04
2.388000e+00	6.686400e+01	3.951165e-11	2.669600e-01	3.620590e+01	4.105316e+04
2.395107e+00	6.706300e+01	3.952057e-11	2.669482e-01	3.619266e+01	4.028799e+04
2.402214e+00	6.726200e+01	3.951714e-11	2.669364e-01	3.617952e+01	3.956309e+04
2.409321e+00	6.746100e+01	3.950155e-11	2.669248e-01	3.616707e+01	3.927501e+04
2.416429e+00	6.766000e+01	3.947468e-11	2.669134e-01	3.615451e+01	3.923842e+04
2.423536e+00	6.785900e+01	3.943674e-11	2.669020e-01	3.614090e+01	3.924056e+04
2.430643e+00	6.805800e+01	3.938903e-11	2.668906e-01	3.612638e+01	3.931292e+04
2.437750e+00	6.825700e+01	3.933234e-11	2.668794e-01	3.611220e+01	3.960205e+04
2.444857e+00	6.845600e+01	3.926736e-11	2.668681e-01	3.609995e+01	4.007657e+04
2.451964e+00	6.865500e+01	3.919557e-11	2.668569e-01	3.609051e+01	4.044940e+04
2.459071e+00	6.885400e+01	3.911789e-11	2.668457e-01	3.608318e+01	4.040831e+04
2.466179e+00	6.905300e+01	3.903582e-11	2.668344e-01	3.607606e+01	3.999885e+04
2.473286e+00	6.925200e+01	3.895099e-11	2.668230e-01	3.606770e+01	3.969211e+04
2.480393e+00	6.945100e+01	3.886535e-11	2.668116e-01	3.605834e+01	3.987826e+04
2.487500e+00	6.965000e+01	3.878045e-11	2.668001e-01	3.604897e+01	4.040134e+04
2.494607e+00	6.984900e+01	3.869851e-11	2.667887e-01	3.603953e+01	4.089272e+04
2.501714e+00	7.004800e+01	3.862126e-11	2.667771e-01	3.602878e+01	4.127599e+04
2.508821e+00	7.024700e+01	3.855029e-11	2.667655e-01	3.601578e+01	4.168065e+04
2.515929e+00	7.044600e+01	3.848699e-11	2.667538e-01	3.600113e+01	4.224736e+04
2.523036e+00	7.064500e+01	3.843203e-11	2.667418e-01	3.598675e+01	4.293837e+04
2.530143e+00	7.084400e+01	3.838610e-11	2.667298e-01	3.597458e+01	4.353030e+04
2.537250e+00	7.104300e+01	3.834983e-11	2.667177e-01	3.596509e+01	4.395978e+04
2.544357e+00	7.124200e+01	3.832424e-11	2.667057e-01	3.595684e+01	4.428847e+04
2.551464e+00	7.144100e+01	3.830992e-11	2.666937e-01	3.594740e+01	4.438384e+04
2.558571e+00	7.164000e+01	3.830731e-11	2.666818e-01	3.593522e+01	4.407118e+04
2.565679e+00	7.183900e+01	3.831621e-11	2.666698e-01	3.592077e+01	4.356118e+04
2.572786e+00	7.203800e+01	3.833563e-11	2.666578e-01	3.590605e+01	4.326786e+04
2.579893e+00	7.223700e+01	3.836538e-11	2.666456e-01	3.589290e+01	4.328408e+04
2.587000e+00	7.243600e+01	3.840562e-11	2.666334e-01	3.588151e+01	4.319130e+04
2.594107e+00	7.263500e+01	3.845565e-11	2.666212e-01	3.587036e+01	4.263905e+04
2.601214e+00	7.283400e+01	3.851585e-11	2.666092e-01	3.585805e+01	4.208022e+04
2.608321e+00	7.303300e+01	3.858497e-11	2.665974e-01	3.584484e+01	4.215348e+04
2.615429e+00	7.323200e+01	3.866219e-11	2.665858e-01	3.583232e+01	4.263457e+04
2.622536e+00	7.343100e+01	3.874612e-11	2.665743e-01	3.582194e+01	4.285272e+04
2.629643e+00	7.363000e+01	3.883495e-11	2.665626e-01	3.581391e+01	4.255573e+04
2.636750e+00	7.382900e+01	3.892780e-11	2.665509e-01	3.580691e+01	4.179926e+04
2.643857e+00	7.402800e+01	3.902244e-11	2.665390e-01	3.579926e+01	4.076970e+04
2.650964e+00	7.422700e+01	3.911826e-11	2.665271e-01	3.579073e+01	3.994654e+04
2.658071e+00	7.442600e+01	3.921371e-11	2.665151e-01	3.578222e+01	3.971531e+04
2.665179e+00	7.462500e+01	3.930761e-11	2.665030e-01	3.577427e+01	3.988494e+04
2.672286e+00	7.482400e+01	3.939902e-11	2.664909e-01	3.576657e+01	4.002890e+04
2.679393e+00	7.502300e+01	3.948591e-11	2.664787e-01	3.575895e+01	4.003488e+04
2.686500e+00	7.522200e+01	3.956684e-11	2.664665e-01	3.575181e+01	4.002956e+04
2.693607e+00	7.542100e+01	3.964001e-11	2.664543e-01	3.574552e+01	4.005575e+04
2.700714e+00	7.562000e+01	3.970408e-11	2.664420e-01	3.573983e+01	4.003755e+04
2.707821e+00	7.581900e+01	3.975751e-11	2.664297e-01	3.573391e+01	3.989766e+04
2.714929e+00	7.601800e+01	3.979856e-11	2.664173e-01	3.572694e+01	3.960152e+04
2.722036e+00	7.621700e+01	3.982688e-11	2.664049e-01	3.571861e+01	3.917650e+04
2.729143e+00	7.641600e+01	3.984140e-11	2.663925e-01	3.570940e+01	3.873847e+04
2.736250e+00	7.661500e+01	3.984133e-11	2.663802e-01	3.570057e+01	3.840745e+04
2.743357e+00	7.681400e+01	3.982652e-11	2.663682e-01	3.569356e+01	3.817530e+04
2.750464e+00	7.701300e+01	3.979623e-11	2.663562e-01	3.568908e+01	3.795635e+04
2.757571e+00	7.721200e+01	3.975030e-11	2.663444e-01	3.568664e+01	3.771867e+04
2.764679e+00	7.741100e+01	3.968901e-11	2.663324e-01	3.568492e+01	3.749831e+04
2.771786e+00	7.761000e+01	3.961237e-11	2.663203e-01	3.568274e+01	3.732812e+04
2.778893e+00	7.780900e+01	3.952165e-11	2.663081e-01	3.567969e+01	3.712709e+04
2.786000e+00	7.800800e+01	3.941714e-11	2.662958e-01	3.567609e+01	3.670438e+04
2.793107e+00	7.820700e+01	3.930120e-11	2.662835e-01	3.567237e+01	3.599510e+04
2.800214e+00	7.840600e+01	3.917487e-11	2.662712e-01	3.566860e+01	3.517699e+04
2.807321e+00	7.860500e+01	3.904001e-11	2.662589e-01	3.566452e+01	3.442140e+04
2.814429e+00	7.880400e+01	3.889855e-11	2.662467e-01	3.565986e+01	3.372389e+04
2.821536e+00	7.900300e+01	3.875163e-11	2.662345e-01	3.565451e+01	3.308018e+04
2.828643e+00	7.920200e+01	3.860137e-11	2.662223e-01	3.564858e+01	3.262302e+04
2.835750e+00	7.940100e+01	3.844951e-11	2.662101e-01	3.564231e+01	3.254217e+04
2.842857e+00	7.960000e+01	3.829704e-11	2.661980e-01	3.563579e+01	3.298237e+04
2.849964e+00	7.979900e+01	3.814650e-11	2.661859e-01	3.562871e+01	3.396607e+04
2.857071e+00	7.999800e+01	3.799888e-11	2.661739e-01	3.562051e+01	3.535386e+04
2.864179e+00	8.019700e+01	3.785637e-11	2.661618e-01	3.561096e+01	3.694913e+04
2.871286e+00	8.039600e+01	3.771968e-11	2.661497e-01	3.560026e+01	3.860702e+04
2.878393e+00	8.059500e+01	3.759007e-11	2.661376e-01	3.558897e+01	4.015746e+04
2.885500e+00	8.079400e+01	3.746796e-11	2.661254e-01	3.557764e+01	4.131238e+04
2.892607e+00	8.099300e+01	3.735453e-11	2.661132e-01	3.556647e+01	4.184128e+04
2.899714e+00	8.119200e+01	3.725067e-11	2.661010e-01	3.555527e+01	4.181916e+04
2.906821e+00	8.139100e+01	3.715707e-11	2.660889e-01	3.554393e+01	4.150799e+04
2.913929e+00	8.159000e+01	3.707462e-11	2.660770e-01	3.553263e+01	4.115441e+04
2.921036e+00	8.178900e+01	3.700399e-11	2.660651e-01	3.552180e+01	4.100466e+04
2.928143e+00	8.198800e+01	3.694539e-11	2.660532e-01	3.551165e+01	4.115050e+04
2.935250e+00	8.218700e+01	3.689955e-11	2.660414e-01	3.550170e+01	4.135715e+04
2.942357e+00	8.238600e+01	3.686596e-11	2.660296e-01	3.549115e+01	4.138319e+04
2.949464e+00	8.258500e+01	3.684519e-11	2.660178e-01	3.547985e+01	4.124943e+04
2.956571e+00	8.278400e+01	3.683728e-11	2.660062e-01	3.546844e+01	4.107999e+04
2.963679e+00	8.298300e+01	3.684231e-11	2.659946e-01	3.545777e+01	4.092546e+04
2.970786e+00	8.318200e+01	3.685998e-11	2.659830e-01	3.544788e+01	4.066069e+04
2.977893e+00	8.338100e+01	3.689026e-11	2.659715e-01	3.543801e+01	4.016622e+04
2.985000e+00	8.358000e+01	3.693201e-11	2.659599e-01	3.542749e+01	3.954792e+04
2.992107e+00	8.377900e+01	3.698490e-11	2.659484e-01	3.541649e+01	3.889588e+04
2.999214e+00	8.397800e+01	3.704804e-11	2.659370e-01	3.540566e+01	3.814390e+04
3.006321e+00	8.417700e+01	3.712091e-11	2.659256e-01	3.539551e+01	3.731917e+04
3.013429e+00	8.437600e+01	3.720294e-11	2.659143e-01	3.538606e+01	3.651261e+04
3.020536e+00	8.457500e+01	3.729260e-11	2.659029e-01	3.537682e+01	3.565610e+04
3.027643e+00	8.477400e+01	3.738919e-11	2.658915e-01	3.536723e+01	3.468686e+04
3.034750e+00	8.497300e+01	3.749188e-11	2.658801e-01	3.535719e+01	3.374966e+04
3.041857e+00	8.517200e+01	3.759933e-11	2.658688e-01	3.534715e+01	3.301833e+04
3.048964e+00	8.537100e+01	3.771047e-11	2.658577e-01	3.533778e+01	3.249262e+04
3.056071e+00	8.557000e+01	3.782445e-11	2.658466e-01	3.532955e+01	3.208328e+04
3.063179e+00	8.576900e+01	3.793953e-11	2.658355e-01	3.532237e+01	3.175893e+04
3.070286e+00	8.596800e+01	3.805498e-11	2.658243e-01	3.531572e+01	3.151883e+04
3.077393e+00	8.616700e+01	3.816955e-11	2.658130e-01	3.530896e+01	3.133843e+04
3.084500e+00	8.636600e+01	3.828167e-11	2.658016e-01	3.530177e+01	3.119844e+04
3.091607e+00	8.656500e+01	3.839039e-11	2.657901e-01	3.529418e+01	3.108143e+04
3.098714e+00	8.676400e+01	3.849516e-11	2.657787e-01	3.528643e+01	3.093870e+04
3.105821e+00	8.696300e+01	3.859412e-11	2.657673e-01	3.527868e+01	3.072989e+04
3.112929e+00	8.716200e+01	3.868705e-11	2.657561e-01	3.527100e+01	3.049478e+04
3.120036e+00	8.736100e+01	3.877314e-11	2.657449e-01	3.526335e+01	3.033031e+04
3.127143e+00	8.756000e+01	3.885137e-11	2.657339e-01	3.525571e+01	3.028021e+04
3.134250e+00	8.775900e+01	3.892187e-11	2.657229e-01	3.524811e+01	3.029107e+04
3.141357e+00	8.795800e+01	3.898380e-11	2.657121e-01	3.524065e+01	3.028942e+04
3.148464e+00	8.815700e+01	3.903707e-11	2.657013e-01	3.523345e+01	3.025004e+04
3.155571e+00	8.835600e+01	3.908155e-11	2.656905e-01	3.522654e+01	3.017872e+04
3.162679e+00	8.855500e+01	3.911702e-11	2.656797e-01	3.521979e+01	3.007365e+04
3.169786e+00	8.875400e+01	3.914335e-11	2.656688e-01	3.521297e+01	2.992015e+04
3.176893e+00	8.895300e+01	3.916060e-11	2.656578e-01	3.520587e+01	2.970978e+04
3.184000e+00	8.915200e+01	3.916917e-11	2.656467e-01	3.519837e+01	2.946081e+04
3.191107e+00	8.935100e+01	3.916924e-11	2.656356e-01	3.519047e+01	2.921154e+04
3.198214e+00	8.955000e+01	3.916137e-11	2.656244e-01	3.518225e+01	2.898910e+04
3.205321e+00	8.974900e+01	3.914627e-11	2.656133e-01	3.517384e+01	2.879752e+04
3.212429e+00	8.994800e+01	3.912457e-11	2.656022e-01	3.516543e+01	2.864173e+04
3.219536e+00	9.014700e+01	3.909702e-11	2.655913e-01	3.515724e+01	2.854110e+04
3.226643e+00	9.034600e+01	3.906462e-11	2.655804e-01	3.514945e+01	2.850281e+04
3.233750e+00	9.054500e+01	3.902785e-11	2.655696e-01	3.514212e+01	2.849876e+04
3.240857e+00	9.074400e+01	3.898751e-11	2.655588e-01	3.513518e+01	2.848696e+04
3.247964e+00	9.094300e+01	3.894454e-11	2.655479e-01	3.512848e+01	2.844988e+04
3.255071e+00	9.114200e+01	3.889959e-11	2.655370e-01	3.512185e+01	2.840274e+04
3.262179e+00	9.134100e+01	3.885337e-11	2.655260e-01	3.511516e+01	2.837363e+04
3.269286e+00	9.154000e+01	3.880677e-11	2.655150e-01	3.510830e+01	2.838402e+04
3.276393e+00	9.173900e+01	3.876036e-11	2.655039e-01	3.510122e+01	2.844102e+04
3.283500e+00	9.193800e+01	3.871474e-11	2.654928e-01	3.509394e+01	2.854000e+04
3.290607e+00	9.213700e+01	3.867071e-11	2.654817e-01	3.508654e+01	2.866568e+04
3.297714e+00	9.233600e+01	3.862882e-11	2.654706e-01	3.507909e+01	2.878889e+04
3.304821e+00	9.253500e+01	3.858912e-11	2.654595e-01	3.507167e+01	2.888653e+04
3.311929e+00	9.273400e+01	3.855247e-11	2.654485e-01	3.506431e+01	2.897751e+04
3.319036e+00	9.293300e+01	3.851880e-11	2.654374e-01	3.505705e+01	2.910735e+04
3.326143e+00	9.313200e+01	3.848853e-11	2.654263e-01	3.504981e+01	2.928479e+04
3.333250e+00	9.333100e+01	3.846210e-11	2.654151e-01	3.504249e+01	2.946271e+04
3.340357e+00	9.353000e+01	3.843936e-11	2.654039e-01	3.503502e+01	2.959062e+04
3.347464e+00	9.372900e+01	3.842032e-11	2.653928e-01	3.502753e+01	2.966245e+04
3.354571e+00	9.392800e+01	3.840501e-11	2.653816e-01	3.502021e+01	2.970577e+04
3.361679e+00	9.412700e+01	3.839314e-11	2.653704e-01	3.501324e+01	2.974230e+04
3.368786e+00	9.432600e+01	3.838453e-11	2.653593e-01	3.500667e+01	2.977028e+04
3.375893e+00	9.452500e+01	3.837894e-11	2.653481e-01	3.500040e+01	2.977632e+04
3.383000e+00	9.472400e+01	3.837626e-11	2.653370e-01	3.499430e+01	2.975260e+04
3.390107e+00	9.492300e+01	3.837602e-11	2.653258e-01	3.498824e+01	2.970111e+04
3.397214e+00	9.512200e+01	3.837806e-11	2.653147e-01	3.498214e+01	2.962791e+04
3.404321e+00	9.532100e+01	3.838207e-11	2.653035e-01	3.497594e+01	2.953909e+04
3.411429e+00	9.552000e+01	3.838764e-11	2.652923e-01	3.496961e+01	2.944200e+04
3.418536e+00	9.571900e+01	3.839437e-11	2.652810e-01	3.496315e+01	2.934719e+04
3.425643e+00	9.591800e+01	3.840196e-11	2.652698e-01	3.495655e+01	2.926766e+04
3.432750e+00	9.611700e+01	3.840968e-11	2.652586e-01	3.494986e+01	2.921720e+04
3.439857e+00	9.631600e+01	3.841774e-11	2.652474e-01	3.494310e+01	2.920981e+04
3.446964e+00	9.651500e+01	3.842488e-11	2.652362e-01	3.493634e+01	2.925862e+04
3.454071e+00	9.671400e+01	3.843149e-11	2.652251e-01	3.492967e+01	2.937214e+04
3.461179e+00	9.691300e+01	3.843686e-11	2.652139e-01	3.492316e+01	2.954992e+04
3.468286e+00	9.711200e+01	3.844016e-11	2.652028e-01	3.491686e+01	2.978052e+04
3.475393e+00	9.731100e+01	3.844134e-11	2.651917e-01	3.491078e+01	3.004370e+04
3.482500e+00	9.751000e+01	3.844011e-11	2.651805e-01	3.490488e+01	3.031434e+04
3.489607e+00	9.770900e+01	3.843579e-11	2.651693e-01	3.489915e+01	3.056692e+04
3.496714e+00	9.790800e+01	3.842839e-11	2.651582e-01	3.489351e+01	3.078025e+04
3.503821e+00	9.810700e+01	3.841738e-11	2.651469e-01	3.488796e+01	3.094208e+04
3.510929e+00	9.830600e+01	3.840231e-11	2.651357e-01	3.488248e+01	3.105155e+04
3.518036e+00	9.850500e+01	3.838339e-11	2.651244e-01	3.487708e+01	3.111920e+04
3.525143e+00	9.870400e+01	3.836048e-11	2.651130e-01	3.487178e+01	3.116539e+04
3.532250e+00	9.890300e+01	3.833320e-11	2.651017e-01	3.486661e+01	3.121596e+04
3.539357e+00	9.910200e+01	3.830205e-11	2.650903e-01	3.486158e+01	3.129593e+04
3.546464e+00	9.930100e+01	3.826661e-11	2.650789e-01	3.485669e+01	3.142300e+04
3.553571e+00	9.950000e+01	3.822726e-11	2.650675e-01	3.485190e+01	3.160421e+04
3.560679e+00	9.969900e+01	3.818431e-11	2.650561e-01	3.484718e+01	3.183734e+04
3.567786e+00	9.989800e+01	3.813802e-11	2.650447e-01	3.484250e+01	3.211510e+04
3.574893e+00	1.000970e+02	3.808821e-11	2.650332e-01	3.483781e+01	3.242952e+04
3.582000e+00	1.002960e+02	3.803603e-11	2.650218e-01	3.483310e+01	3.277533e+04
3.589107e+00	1.004950e+02	3.798122e-11	2.650103e-01	3.482840e+01	3.315038e+04
3.596214e+00	1.006940e+02	3.792472e-11	2.649988e-01	3.482376e+01	3.355199e+04
3.603321e+00	1.008930e+02	3.786653e-11	2.649873e-01	3.481925e+01	3.397149e+04
3.610429e+00	1.010920e+02	3.780746e-11	2.649758e-01	3.481492e+01	3.439032e+04
3.617536e+00	1.012910e+02	3.774804e-11	2.649643e-01	3.481076e+01	3.478108e+04
3.624643e+00	1.014900e+02	3.768878e-11	2.649527e-01	3.480674e+01	3.511316e+04
3.631750e+00	1.016890e+02	3.762995e-11	2.649412e-01	3.480284e+01	3.536121e+04
3.638857e+00	1.018880e+02	3.757264e-11	2.649296e-01	3.479904e+01	3.551296e+04
3.645964e+00	1.020870e+02	3.751686e-11	2.649180e-01	3.479535e+01	3.557256e+04
3.653071e+00	1.022860e+02	3.746316e-11	2.649063e-01	3.479182e+01	3.555665e+04
3.660179e+00	1.024850e+02	3.741212e-11	2.648947e-01	3.478849e+01	3.548335e+04
3.667286e+00	1.026840e+02	3.736416e-11	2.648830e-01	3.478540e+01	3.535929e+04
3.674393e+00	1.028830e+02	3.731951e-11	2.648713e-01	3.478252e+01	3.517254e+04
3.681500e+00	1.030820e+02	3.727878e-11	2.648595e-01	3.477982e+01	3.489601e+04
3.688607e+00	1.032810e+02	3.724226e-11	2.648478e-01	3.477719e+01	3.449985e+04
3.695714e+00	1.034800e+02	3.721023e-11	2.648360e-01	3.477455e+01	3.396881e+04
3.702821e+00	1.036790e+02	3.718259e-11	2.648242e-01	3.477181e+01	3.331436e+04
3.709929e+00	1.038780e+02	3.716044e-11	2.648124e-01	3.476891e+01	3.257311e+04
3.717036e+00	1.040770e+02	3.714318e-11	2.648007e-01	3.476580e+01	3.179428e+04
3.724143e+00	1.042760e+02	3.713109e-11	2.647890e-01	3.476242e+01	3.102668e+04
3.731250e+00	1.044750e+02	3.712435e-11	2.647773e-01	3.475871e+01	3.031590e+04
3.738357e+00	1.046740e+02	3.712319e-11	2.647656e-01	3.475464e+01	2.971043e+04
3.745464e+00	1.048730e+02	3.712748e-11	2.647540e-01	3.475019e+01	2.926459e+04
3.752571e+00	1.050720e+02	3.713732e-11	2.647424e-01	3.474537e+01	2.902976e+04
3.759679e+00	1.052710e+02	3.715209e-11	2.647308e-01	3.474022e+01	2.903912e+04
3.766786e+00	1.054700e+02	3.717246e-11	2.647193e-01	3.473476e+01	2.929748e+04
3.773893e+00	1.056690e+02	3.719805e-11	2.647078e-01	3.472901e+01	2.978162e+04
3.781000e+00	1.058680e+02	3.722836e-11	2.646963e-01	3.472296e+01	3.044429e+04
3.788107e+00	1.060670e+02	3.726340e-11	2.646848e-01	3.471662e+01	3.121675e+04
3.795214e+00	1.062660e+02	3.730321e-11	2.646733e-01	3.470997e+01	3.201533e+04
3.802321e+00	1.064650e+02	3.734670e-11	2.646618e-01	3.470297e+01	3.276113e+04
3.809429e+00	1.066640e+02	3.739427e-11	2.646504e-01	3.469564e+01	3.340675e+04
3.816536e+00	1.068630e+02	3.744507e-11	2.646389e-01	3.468804e+01	3.394543e+04
3.823643e+00	1.070620e+02	3.749886e-11	2.646274e-01	3.468024e+01	3.438753e+04
3.830750e+00	1.072610e+02	3.755511e-11	2.646160e-01	3.467234e+01	3.472560e+04
3.837857e+00	1.074600e+02	3.761336e-11	2.646045e-01	3.466433e+01	3.492876e+04
3.844964e+00	1.076590e+02	3.767320e-11	2.645931e-01	3.465619e+01	3.497944e+04
3.852071e+00	1.078580e+02	3.773384e-11	2.645818e-01	3.464791e+01	3.490973e+04
3.859179e+00	1.080570e+02	3.779499e-11	2.645704e-01	3.463953e+01	3.478132e+04
3.866286e+00	1.082560e+02	3.785600e-11	2.645591e-01	3.463112e+01	3.462149e+04
3.873393e+00	1.084550e+02	3.791610e-11	2.645478e-01	3.462274e+01	3.439741e+04
3.880500e+00	1.086540e+02	3.797510e-11	2.645365e-01	3.461437e+01	3.406953e+04
3.887607e+00	1.088530e+02	3.803217e-11	2.645253e-01	3.460605e+01	3.366360e+04
3.894714e+00	1.090520e+02	3.808728e-11	2.645141e-01	3.459785e+01	3.327098e+04
3.901821e+00	1.092510e+02	3.813960e-11	2.645030e-01	3.458989e+01	3.296152e+04
3.908929e+00	1.094500e+02	3.818858e-11	2.644919e-01	3.458223e+01	3.270849e+04
3.916036e+00	1.096490e+02	3.823414e-11	2.644808e-01	3.457483e+01	3.242950e+04
3.923143e+00	1.098480e+02	3.827593e-11	2.644698e-01	3.456762e+01	3.208749e+04
3.930250e+00	1.100470e+02	3.831344e-11	2.644588e-01	3.456056e+01	3.171791e+04
3.937357e+00	1.102460e+02	3.834652e-11	2.644479e-01	3.455365e+01	3.137536e+04
3.944464e+00	1.104450e+02	3.837486e-11	2.644370e-01	3.454687e+01	3.108064e+04
3.951571e+00	1.106440e+02	3.839831e-11	2.644261e-01	3.454018e+01	3.080750e+04
3.958679e+00	1.108430e+02	3.841667e-11	2.644153e-01	3.453349e+01	3.051210e+04
3.965786e+00	1.110420e+02	3.843004e-11	2.644044e-01	3.452677e+01	3.017866e+04
3.972893e+00	1.112410e+02	3.843819e-11	2.643936e-01	3.452001e+01	2.982851e+04
3.980000e+00	1.114400e+02	3.844154e-11	2.643827e-01	3.451322e+01	2.948690e+04
3.987107e+00	1.116390e+02	3.843987e-11	2.643719e-01	3.450645e+01	2.915757e+04
3.994214e+00	1.118380e+02	3.843339e-11	2.643610e-01	3.449969e+01	2.882788e+04
4.001321e+00	1.120370e+02	3.842261e-11	2.643501e-01	3.449295e+01	2.848702e+04
4.008429e+00	1.122360e+02	3.840740e-11	2.643393e-01	3.448625e+01	2.813990e+04
4.015536e+00	1.124350e+02	3.838853e-11	2.643284e-01	3.447961e+01	2.780809e+04
4.022643e+00	1.126340e+02	3.836608e-11	2.643176e-01	3.447304e+01	2.751843e+04
4.029750e+00	1.128330e+02	3.834047e-11	2.643067e-01	3.446654e+01	2.728765e+04
4.036857e+00	1.130320e+02	3.831221e-11	2.642959e-01	3.446013e+01	2.711260e+04
4.043964e+00	1.132310e+02	3.828171e-11	2.642851e-01	3.445378e+01	2.697518e+04
4.051071e+00	1.134300e+02	3.824947e-11	2.642743e-01	3.444749e+01	2.685497e+04
4.058179e+00	1.136290e+02	3.821587e-11	2.642636e-01	3.444124e+01	2.673494e+04
4.065286e+00	1.138280e+02	3.818126e-11	2.642529e-01	3.443504e+01	2.660379e+04
4.072393e+00	1.140270e+02	3.814625e-11	2.642422e-01	3.442889e+01	2.646390e+04
4.079500e+00	1.142260e+02	3.811133e-11	2.642315e-01	3.442279e+01	2.633248e+04
4.086607e+00	1.144250e+02	3.807651e-11	2.642208e-01	3.441674e+01	2.622809e+04
4.093714e+00	1.146240e+02	3.804239e-11	2.642101e-01	3.441075e+01	2.615461e+04
4.100821e+00	1.148230e+02	3.800977e-11	2.641994e-01	3.440480e+01	2.609413e+04
4.107929e+00	1.150220e+02	3.797828e-11	2.641886e-01	3.439889e+01	2.601477e+04
4.115036e+00	1.152210e+02	3.794859e-11	2.641779e-01	3.439298e+01	2.589416e+04
4.122143e+00	1.154200e+02	3.792112e-11	2.641671e-01	3.438707e+01	2.573926e+04
4.129250e+00	1.156190e+02	3.789573e-11	2.641564e-01	3.438114e+01	2.557782e+04
4.136357e+00	1.158180e+02	3.787299e-11	2.641456e-01	3.437519e+01	2.543249e+04
4.143464e+00	1.160170e+02	3.785275e-11	2.641349e-01	3.436921e+01	2.531005e+04
4.150571e+00	1.162160e+02	3.783525e-11	2.641242e-01	3.436322e+01	2.520924e+04
4.157679e+00	1.164150e+02	3.782053e-11	2.641135e-01	3.435724e+01	2.512805e+04
4.164786e+00	1.166140e+02	3.780837e-11	2.641028e-01	3.435130e+01	2.506553e+04
4.171893e+00	1.168130e+02	3.779890e-11	2.640921e-01	3.434543e+01	2.502141e+04
4.179000e+00	1.170120e+02	3.779224e-11	2.640813e-01	3.433966e+01	2.499237e+04
4.186107e+00	1.172110e+02	3.778744e-11	2.640706e-01	3.433399e+01	2.496809e+04
4.193214e+00	1.174100e+02	3.778517e-11	2.640598e-01	3.432840e+01	2.493576e+04
4.200321e+00	1.176090e+02	3.778497e-11	2.640489e-01	3.432285e+01	2.488983e+04
4.207429e+00	1.178080e+02	3.778654e-11	2.640381e-01	3.431731e+01	2.483477e+04
4.214536e+00	1.180070e+02	3.778954e-11	2.640273e-01	3.431176e+01	2.477874e+04
4.221643e+00	1.182060e+02	3.779398e-11	2.640165e-01	3.430620e+01	2.472693e+04
4.228750e+00	1.184050e+02	3.779941e-11	2.640057e-01	3.430063e+01	2.467930e+04
4.235857e+00	1.186040e+02	3.780532e-11	2.639950e-01	3.429508e+01	2.463301e+04
4.242964e+00	1.188030e+02	3.781174e-11	2.639843e-01	3.428957e+01	2.458773e+04
4.250071e+00	1.190020e+02	3.781761e-11	2.639736e-01	3.428414e+01	2.454977e+04
4.257179e+00	1.192010e+02	3.782332e-11	2.639629e-01	3.427882e+01	2.453039e+04
4.264286e+00	1.194000e+02	3.782820e-11	2.639522e-01	3.427362e+01	2.454105e+04
4.271393e+00	1.195990e+02	3.783178e-11	2.639414e-01	3.426856e+01	2.458884e+04
4.278500e+00	1.197980e+02	3.783413e-11	2.639307e-01	3.426360e+01	2.467350e+04
4.285607e+00	1.199970e+02	3.783486e-11	2.639200e-01	3.425871e+01	2.478609e+04
4.292714e+00	1.201960e+02	3.783344e-11	2.639093e-01	3.425387e+01	2.491105e+04
4.299821e+00	1.203950e+02	3.782958e-11	2.638985e-01	3.424903e+01	2.503239e+04
4.306929e+00	1.205940e+02	3.782326e-11	2.638878e-01	3.424418e+01	2.514084e+04
4.314036e+00	1.207930e+02	3.781401e-11	2.638770e-01	3.423929e+01	2.523559e+04
4.321143e+00	1.209920e+02	3.780202e-11	2.638663e-01	3.423435e+01	2.531993e+04
4.328250e+00	1.211910e+02	3.778694e-11	2.638555e-01	3.422938e+01	2.539765e+04
4.335357e+00	1.213900e+02	3.776896e-11	2.638448e-01	3.422438e+01	2.547454e+04
4.342464e+00	1.215890e+02	3.774774e-11	2.638340e-01	3.421938e+01	2.556066e+04
4.349571e+00	1.217880e+02	3.772366e-11	2.638232e-01	3.421442e+01	2.566773e+04
4.356679e+00	1.219870e+02	3.769656e-11	2.638124e-01	3.420950e+01	2.580276e+04
4.363786e+00	1.221860e+02	3.766681e-11	2.638015e-01	3.420464e+01	2.596351e+04
4.370893e+00	1.223850e+02	3.763412e-11	2.637907e-01	3.419983e+01	2.614101e+04
4.378000e+00	1.225840e+02	3.759891e-11	2.637798e-01	3.419505e+01	2.632588e+04
4.385107e+00	1.227830e+02	3.756195e-11	2.637689e-01	3.419029e+01	2.651306e+04
4.392214e+00	1.229820e+02	3.752276e-11	2.637580e-01	3.418555e+01	2.670155e+04
4.399321e+00	1.231810e+02	3.748194e-11	2.637471e-01	3.418082e+01	2.689203e+04
4.406429e+00	1.233800e+02	3.743985e-11	2.637362e-01	3.417612e+01	2.708633e+04
4.413536e+00	1.235790e+02	3.739717e-11	2.637253e-01	3.417149e+01	2.728889e+04
4.420643e+00	1.237780e+02	3.735374e-11	2.637144e-01	3.416693e+01	2.750648e+04
4.427750e+00	1.239770e+02	3.731013e-11	2.637034e-01	3.416246e+01	2.774510e+04
4.434857e+00	1.241760e+02	3.726672e-11	2.636924e-01	3.415809e+01	2.800574e+04
4.441964e+00	1.243750e+02	3.722432e-11	2.636814e-01	3.415379e+01	2.828303e+04
4.449071e+00	1.245740e+02	3.718299e-11	2.636704e-01	3.414955e+01	2.856871e+04
4.456179e+00	1.247730e+02	3.714282e-11	2.636593e-01	3.414535e+01	2.885674e+04
4.463286e+00	1.249720e+02	3.710439e-11	2.636483e-01	3.414118e+01	2.914615e+04
4.470393e+00	1.251710e+02	3.706818e-11	2.636372e-01	3.413703e+01	2.944026e+04
4.477500e+00	1.253700e+02	3.703464e-11	2.636260e-01	3.413292e+01	2.974414e+04
4.484607e+00	1.255690e+02	3.700391e-11	2.636149e-01	3.412886e+01	3.006255e+04
4.491714e+00	1.257680e+02	3.697601e-11	2.636037e-01	3.412488e+01	3.039800e+04
4.498821e+00	1.259670e+02	3.695140e-11	2.635925e-01	3.412099e+01	3.074806e+04
4.505929e+00	1.261660e+02	3.693025e-11	2.635813e-01	3.411721e+01	3.110345e+04
4.513036e+00	1.263650e+02	3.691295e-11	2.635701e-01	3.411353e+01	3.144905e+04
4.520143e+00	1.265640e+02	3.689934e-11	2.635588e-01	3.410995e+01	3.176804e+04
4.527250e+00	1.267630e+02	3.688965e-11	2.635475e-01	3.410647e+01	3.204713e+04
4.534357e+00	1.269620e+02	3.688375e-11	2.635362e-01	3.410312e+01	3.228021e+04
4.541464e+00	1.271610e+02	3.688219e-11	2.635249e-01	3.409992e+01	3.246861e+04
4.548571e+00	1.273600e+02	3.688473e-11	2.635135e-01	3.409692e+01	3.261857e+04
4.555679e+00	1.275590e+02	3.689080e-11	2.635022e-01	3.409416e+01	3.273725e+04
4.562786e+00	1.277580e+02	3.690098e-11	2.634908e-01	3.409165e+01	3.282834e+04
4.569893e+00	1.279570e+02	3.691466e-11	2.634794e-01	3.408938e+01	3.288711e+04
4.577000e+00	1.281560e+02	3.693219e-11	2.634679e-01	3.408732e+01	3.289567e+04
4.584107e+00	1.283550e+02	3.695274e-11	2.634565e-01	3.408540e+01	3.282416e+04
4.591214e+00	1.285540e+02	3.697651e-11	2.634450e-01	3.408356e+01	3.264001e+04
4.598321e+00	1.287530e+02	3.700347e-11	2.634336e-01	3.408175e+01	3.232083e+04
4.605429e+00	1.289520e+02	3.703246e-11	2.634221e-01	3.407995e+01	3.186220e+04
4.612536e+00	1.291510e+02	3.706385e-11	2.634106e-01	3.407812e+01	3.127675e+04
4.619643e+00	1.293500e+02	3.709708e-11	2.633992e-01	3.407624e+01	3.058804e+04
4.626750e+00	1.295490e+02	3.713185e-11	2.633877e-01	3.407424e+01	2.982528e+04
4.633857e+00	1.297480e+02	3.716774e-11	2.633763e-01	3.407205e+01	2.902503e+04
4.640964e+00	1.299470e+02	3.720478e-11	2.633648e-01	3.406958e+01	2.823815e+04
4.648071e+00	1.301460e+02	3.724162e-11	2.633534e-01	3.406678e+01	2.753270e+04
4.655179e+00	1.303450e+02	3.727866e-11	2.633420e-01	3.406360e+01	2.698460e+04
4.662286e+00	1.305440e+02	3.731516e-11	2.633306e-01	3.406000e+01	2.666139e+04
4.669393e+00	1.307430e+02	3.735073e-11	2.633193e-01	3.405595e+01	2.660934e+04
4.676500e+00	1.309420e+02	3.738529e-11	2.633079e-01	3.405142e+01	2.684822e+04
4.683607e+00	1.311410e+02	3.741819e-11	2.632966e-01	3.404643e+01	2.737228e+04
4.690714e+00	1.313400e+02	3.744894e-11	2.632852e-01	3.404103e+01	2.815204e+04
4.697821e+00	1.315390e+02	3.747774e-11	2.632739e-01	3.403526e+01	2.913165e+04
4.704929e+00	1.317380e+02	3.750349e-11	2.632626e-01	3.402917e+01	3.022473e+04
4.712036e+00	1.319370e+02	3.752683e-11	2.632513e-01	3.402278e+01	3.131816e+04
4.719143e+00	1.321360e+02	3.754684e-11	2.632400e-01	3.401612e+01	3.228987e+04
4.726250e+00	1.323350e+02	3.756357e-11	2.632287e-01	3.400922e+01	3.303659e+04
4.733357e+00	1.325340e+02	3.757660e-11	2.632174e-01	3.400211e+01	3.349786e+04
4.740464e+00	1.327330e+02	3.758651e-11	2.632061e-01	3.399482e+01	3.366093e+04
4.747571e+00	1.329320e+02	3.759242e-11	2.631949e-01	3.398734e+01	3.355419e+04
4.754679e+00	1.331310e+02	3.759469e-11	2.631837e-01	3.397966e+01	3.325174e+04
4.761786e+00	1.333300e+02	3.759342e-11	2.631725e-01	3.397178e+01	3.287621e+04
4.768893e+00	1.335290e+02	3.758833e-11	2.631614e-01	3.396383e+01	3.255920e+04
4.776000e+00	1.337280e+02	3.757961e-11	2.631503e-01	3.395594e+01	3.237122e+04
4.783107e+00	1.339270e+02	3.756780e-11	2.631393e-01	3.394824e+01	3.228686e+04
4.790214e+00	1.341260e+02	3.755230e-11	2.631284e-01	3.394074e+01	3.221928e+04
4.797321e+00	1.343250e+02	3.753396e-11	2.631175e-01	3.393342e+01	3.209425e+04
4.804429e+00	1.345240e+02	3.751291e-11	2.631066e-01	3.392627e+01	3.189536e+04
4.811536e+00	1.347230e+02	3.748947e-11	2.630958e-01	3.391929e+01	3.163252e+04
4.818643e+00	1.349220e+02	3.746376e-11	2.630851e-01	3.391244e+01	3.128905e+04
4.825750e+00	1.351210e+02	3.743620e-11	2.630743e-01	3.390563e+01	3.085020e+04
4.832857e+00	1.353200e+02	3.740721e-11	2.630636e-01	3.389881e+01	3.036991e+04
4.839964e+00	1.355190e+02	3.737700e-11	2.630529e-01	3.389202e+01	2.993396e+04
4.847071e+00	1.357180e+02	3.734610e-11	2.630423e-01	3.388534e+01	2.955830e+04
4.854179e+00	1.359170e+02	3.731470e-11	2.630317e-01	3.387874e+01	2.918422e+04
4.861286e+00	1.361160e+02	3.728339e-11	2.630210e-01	3.387217e+01	2.877143e+04
4.868393e+00	1.363150e+02	3.725241e-11	2.630104e-01	3.386566e+01	2.834640e+04
4.875500e+00	1.365140e+02	3.722201e-11	2.629998e-01	3.385927e+01	2.795542e+04
4.882607e+00	1.367130e+02	3.719285e-11	2.629892e-01	3.385302e+01	2.760752e+04
4.889714e+00	1.369120e+02	3.716505e-11	2.629786e-01	3.384691e+01	2.727392e+04
4.896821e+00	1.371110e+02	3.713893e-11	2.629680e-01	3.384086e+01	2.693205e+04
4.903929e+00	1.373100e+02	3.711506e-11	2.629573e-01	3.383486e+01	2.660064e+04
4.911036e+00	1.375090e+02	3.709332e-11	2.629467e-01	3.382892e+01	2.632113e+04
4.918143e+00	1.377080e+02	3.707428e-11	2.629361e-01	3.382308e+01	2.611384e+04
4.925250e+00	1.379070e+02	3.705787e-11	2.629254e-01	3.381735e+01	2.596639e+04
4.932357e+00	1.381060e+02	3.704453e-11	2.629148e-01	3.381172e+01	2.585595e+04
4.939464e+00	1.383050e+02	3.703420e-11	2.629042e-01	3.380620e+01	2.577000e+04
4.946571e+00	1.385040e+02	3.702701e-11	2.628936e-01	3.380073e+01	2.570752e+04
4.953679e+00	1.387030e+02	3.702327e-11	2.628830e-01	3.379528e+01	2.566691e+04
4.960786e+00	1.389020e+02	3.702303e-11	2.628725e-01	3.378977e+01	2.563379e+04
4.967893e+00	1.391010e+02	3.702571e-11	2.628619e-01	3.378415e+01	2.557648e+04
4.975000e+00	1.393000e+02	3.703210e-11	2.628514e-01	3.377842e+01	2.545786e+04
4.982107e+00	1.394990e+02	3.704125e-11	2.628410e-01	3.377260e+01	2.526620e+04
4.989214e+00	1.396980e+02	3.705368e-11	2.628305e-01	3.376676e+01	2.503359e+04
4.996321e+00	1.398970e+02	3.706906e-11	2.628201e-01	3.376099e+01	2.481370e+04
5.003429e+00	1.400960e+02	3.708729e-11	2.628096e-01	3.375534e+01	2.464035e+04
5.010536e+00	1.402950e+02	3.710772e-11	2.627992e-01	3.374982e+01	2.450797e+04
5.017643e+00	1.404940e+02	3.713058e-11	2.627888e-01	3.374441e+01	2.438455e+04
5.024750e+00	1.406930e+02	3.715562e-11	2.627783e-01	3.373907e+01	2.424034e+04
5.031857e+00	1.408920e+02	3.718217e-11	2.627678e-01	3.373379e+01	2.407113e+04
5.038964e+00	1.410910e+02	3.721045e-11	2.627573e-01	3.372855e+01	2.390071e+04
5.046071e+00	1.412900e+02	3.723958e-11	2.627469e-01	3.372335e+01	2.376236e+04
5.053179e+00	1.414890e+02	3.726975e-11	2.627364e-01	3.371818e+01	2.367745e+04
5.060286e+00	1.416880e+02	3.730038e-11	2.627260e-01	3.371302e+01	2.364582e+04
5.067393e+00	1.418870e+02	3.733107e-11	2.627155e-01	3.370786e+01	2.365194e+04
5.074500e+00	1.420860e+02	3.736151e-11	2.627051e-01	3.370268e+01	2.367882e+04
5.081607e+00	1.422850e+02	3.739132e-11	2.626946e-01	3.369751e+01	2.371692e+04
5.088714e+00	1.424840e+02	3.742011e-11	2.626841e-01	3.369237e+01	2.376202e+04
5.095821e+00	1.426830e+02	3.744748e-11	2.626736e-01	3.368729e+01	2.380786e+04
5.102929e+00	1.428820e+02	3.747350e-11	2.626631e-01	3.368227e+01	2.384567e+04
5.110036e+00	1.430810e+02	3.749732e-11	2.626525e-01	3.367731e+01	2.387052e+04
5.117143e+00	1.432800e+02	3.751905e-11	2.626420e-01	3.367238e+01	2.388214e+04
5.124250e+00	1.434790e+02	3.753852e-11	2.626314e-01	3.366747e+01	2.388037e+04
5.131357e+00	1.436780e+02	3.755528e-11	2.626209e-01	3.366254e+01	2.386642e+04
5.138464e+00	1.438770e+02	3.756914e-11	2.626104e-01	3.365762e+01	2.384823e+04
5.145571e+00	1.440760e+02	3.758012e-11	2.625999e-01	3.365271e+01	2.383820e+04
5.152679e+00	1.442750e+02	3.758804e-11	2.625894e-01	3.364782e+01	2.384543e+04
5.159786e+00	1.444740e+02	3.759286e-11	2.625789e-01	3.364297e+01	2.387296e+04
5.166893e+00	1.446730e+02	3.759461e-11	2.625685e-01	3.363814e+01	2.392099e+04
5.174000e+00	1.448720e+02	3.759283e-11	2.625580e-01	3.363331e+01	2.398873e+04
5.181107e+00	1.450710e+02	3.758804e-11	2.625474e-01	3.362846e+01	2.407332e+04
5.188214e+00	1.452700e+02	3.758005e-11	2.625369e-01	3.362359e+01	2.416870e+04
5.195321e+00	1.454690e+02	3.756872e-11	2.625264e-01	3.361869e+01	2.426729e+04
5.202429e+00	1.456680e+02	3.755481e-11	2.625159e-01	3.361378e+01	2.436346e+04
5.209536e+00	1.458670e+02	3.753763e-11	2.625053e-01	3.360886e+01	2.445603e+04
5.216643e+00	1.460660e+02	3.751817e-11	2.624948e-01	3.360398e+01	2.454786e+04
5.223750e+00	1.462650e+02	3.749607e-11	2.624843e-01	3.359916e+01	2.464307e+04
5.230857e+00	1.464640e+02	3.747218e-11	2.624738e-01	3.359443e+01	2.474408e+04
5.237964e+00	1.466630e+02	3.744601e-11	2.624633e-01	3.358979e+01	2.484818e+04
5.245071e+00	1.468620e+02	3.741818e-11	2.624528e-01	3.358522e+01	2.494669e+04
5.252179e+00	1.470610e+02	3.738922e-11	2.624423e-01	3.358069e+01	2.502983e+04
5.259286e+00	1.472600e+02	3.735885e-11	2.624318e-01	3.357616e+01	2.509405e+04
5.266393e+00	1.474590e+02	3.732793e-11	2.624212e-01	3.357162e+01	2.514432e+04
5.273500e+00	1.476580e+02	3.729640e-11	2.624107e-01	3.356709e+01	2.518913e+04
5.280607e+00	1.478570e+02	3.726445e-11	2.624001e-01	3.356258e+01	2.523536e+04
5.287714e+00	1.480560e+02	3.723244e-11	2.623895e-01	3.355812e+01	2.528724e+04
5.294821e+00	1.482550e+02	3.720056e-11	2.623789e-01	3.355371e+01	2.534824e+04
5.301929e+00	1.484540e+02	3.716920e-11	2.623683e-01	3.354934e+01	2.542120e+04
5.309036e+00	1.486530e+02	3.713837e-11	2.623577e-01	3.354499e+01	2.550517e+04
5.316143e+00	1.488520e+02	3.710857e-11	2.623470e-01	3.354061e+01	2.559372e+04
5.323250e+00	1.490510e+02	3.707970e-11	2.623364e-01	3.353616e+01	2.567690e+04
5.330357e+00	1.492500e+02	3.705203e-11	2.623257e-01	3.353161e+01	2.574714e+04
5.337464e+00	1.494490e+02	3.702563e-11	2.623151e-01	3.352698e+01	2.580520e+04
5.344571e+00	1.496480e+02	3.700074e-11	2.623044e-01	3.352230e+01	2.586127e+04
5.351679e+00	1.498470e+02	3.697741e-11	2.622937e-01	3.351758e+01	2.593021e+04
5.358786e+00	1.500460e+02	3.695606e-11	2.622831e-01	3.351281e+01	2.602329e+04
5.365893e+00	1.502450e+02	3.693597e-11	2.622724e-01	3.350796e+01	2.614262e+04
5.373000e+00	1.504440e+02	3.691803e-11	2.622617e-01	3.350297e+01	2.628305e+04
5.380107e+00	1.506430e+02	3.690192e-11	2.622511e-01	3.349781e+01	2.643862e+04
5.387214e+00	1.508420e+02	3.688746e-11	2.622404e-01	3.349248e+01	2.660583e+04
5.394321e+00	1.510410e+02	3.687502e-11	2.622297e-01	3.348703e+01	2.678007e+04
5.401429e+00	1.512400e+02	3.686422e-11	2.622190e-01	3.348150e+01	2.695005e+04
5.408536e+00	1.514390e+02	3.685518e-11	2.622083e-01	3.347598e+01	2.709551e+04
5.415643e+00	1.516380e+02	3.684770e-11	2.621976e-01	3.347054e+01	2.718886e+04
5.422750e+00	1.518370e+02	3.684202e-11	2.621869e-01	3.346523e+01	2.719837e+04
5.429857e+00	1.520360e+02	3.683741e-11	2.621762e-01	3.346006e+01	2.709460e+04
5.436964e+00	1.522350e+02	3.683430e-11	2.621655e-01	3.345502e+01	2.686455e+04
5.444071e+00	1.524340e+02	3.683244e-11	2.621547e-01	3.345007e+01	2.652984e+04
5.451179e+00	1.526330e+02	3.683155e-11	2.621440e-01	3.344517e+01	2.615222e+04
5.458286e+00	1.528320e+02	3.683178e-11	2.621333e-01	3.344035e+01	2.581180e+04
5.465393e+00	1.530310e+02	3.683255e-11	2.621226e-01	3.343563e+01	2.556831e+04
5.472500e+00	1.532300e+02	3.683448e-11	2.621119e-01	3.343101e+01	2.543501e+04
5.479607e+00	1.534290e+02	3.683643e-11	2.621012e-01	3.342644e+01	2.538403e+04
5.486714e+00	1.536280e+02	3.683934e-11	2.620905e-01	3.342184e+01	2.537232e+04
5.493821e+00	1.538270e+02	3.684239e-11	2.620798e-01	3.341715e+01	2.536448e+04
5.500929e+00	1.540260e+02	3.684556e-11	2.620692e-01	3.341230e+01	2.534107e+04
5.508036e+00	1.542250e+02	3.684872e-11	2.620585e-01	3.340731e+01	2.529694e+04
5.515143e+00	1.544240e+02	3.685214e-11	2.620479e-01	3.340217e+01	2.523284e+04
5.522250e+00	1.546230e+02	3.685546e-11	2.620372e-01	3.339694e+01	2.514326e+04
5.529357e+00	1.548220e+02	3.685844e-11	2.620266e-01	3.339162e+01	2.501322e+04
5.536464e+00	1.550210e+02	3.686112e-11	2.620160e-01	3.338622e+01	2.483461e+04
5.543571e+00	1.552200e+02	3.686358e-11	2.620054e-01	3.338075e+01	2.462513e+04
5.550679e+00	1.554190e+02	3.686589e-11	2.619948e-01	3.337526e+01	2.441988e+04
5.557786e+00	1.556180e+02	3.686740e-11	2.619842e-01	3.336982e+01	2.423704e+04
5.564893e+00	1.558170e+02	3.686863e-11	2.619736e-01	3.336446e+01	2.406004e+04
5.572000e+00	1.560160e+02	3.686959e-11	2.619630e-01	3.335916e+01	2.386580e+04
5.579107e+00	1.562150e+02	3.686984e-11	2.619525e-01	3.335392e+01	2.366597e+04
5.586214e+00	1.564140e+02	3.687029e-11	2.619419e-01	3.334877e+01	2.350210e+04
5.593321e+00	1.566130e+02	3.686988e-11	2.619313e-01	3.334371e+01	2.339462e+04
5.600429e+00	1.568120e+02	3.686940e-11	2.619207e-01	3.333871e+01	2.331242e+04
5.607536e+00	1.570110e+02	3.686900e-11	2.619101e-01	3.333369e+01	2.320564e+04
5.614643e+00	1.572100e+02	3.686824e-11	2.618995e-01	3.332857e+01	2.306103e+04
5.621750e+00	1.574090e+02	3.686709e-11	2.618889e-01	3.332338e+01	2.291277e+04
5.628857e+00	1.576080e+02	3.686657e-11	2.618782e-01	3.331815e+01	2.280243e+04
5.635964e+00	1.578070e+02	3.686565e-11	2.618676e-01	3.331294e+01	2.274121e+04
5.643071e+00	1.580060e+02	3.686522e-11	2.618570e-01	3.330778e+01	2.271103e+04
5.650179e+00	1.582050e+02	3.686503e-11	2.618465e-01	3.330267e+01	2.268811e+04
5.657286e+00	1.584040e+02	3.686521e-11	2.618359e-01	3.329761e+01	2.265860e+04
5.664393e+00	1.586030e+02	3.686576e-11	2.618253e-01	3.329261e+01	2.261901e+04
5.671500e+00	1.588020e+02	3.686728e-11	2.618147e-01	3.328766e+01	2.257140e+04
5.678607e+00	1.590010e+02	3.686914e-11	2.618041e-01	3.328276e+01	2.252067e+04
5.685714e+00	1.592000e+02	3.687210e-11	2.617936e-01	3.327789e+01	2.247264e+04
5.692821e+00	1.593990e+02	3.687601e-11	2.617830e-01	3.327306e+01	2.242994e+04
5.699929e+00	1.595980e+02	3.688085e-11	2.617724e-01	3.326826e+01	2.238903e+04
5.707036e+00	1.597970e+02	3.688705e-11	2.617618e-01	3.326350e+01	2.234313e+04
5.714143e+00	1.599960e+02	3.689402e-11	2.617512e-01	3.325875e+01	2.228938e+04
5.721250e+00	1.601950e+02	3.690298e-11	2.617406e-01	3.325403e+01	2.223155e+04
5.728357e+00	1.603940e+02	3.691272e-11	2.617300e-01	3.324935e+01	2.217523e+04
5.735464e+00	1.605930e+02	3.692440e-11	2.617193e-01	3.324471e+01	2.212155e+04
5.742571e+00	1.607920e+02	3.693707e-11	2.617087e-01	3.324012e+01	2.206554e+04
5.749679e+00	1.609910e+02	3.695136e-11	2.616980e-01	3.323557e+01	2.199880e+04
5.756786e+00	1.611900e+02	3.696737e-11	2.616873e-01	3.323105e+01	2.191329e+04
5.763893e+00	1.613890e+02	3.698447e-11	2.616766e-01	3.322654e+01	2.180406e+04
5.771000e+00	1.615880e+02	3.700305e-11	2.616659e-01	3.322204e+01	2.167155e+04
5.778107e+00	1.617870e+02	3.702325e-11	2.616553e-01	3.321753e+01	2.152218e+04
5.785214e+00	1.619860e+02	3.704452e-11	2.616446e-01	3.321302e+01	2.136599e+04
5.792321e+00	1.621850e+02	3.706746e-11	2.616339e-01	3.320849e+01	2.121220e+04
5.799429e+00	1.623840e+02	3.709167e-11	2.616232e-01	3.320395e+01	2.106615e+04
5.806536e+00	1.625830e+02	3.711697e-11	2.616125e-01	3.319938e+01	2.093002e+04
5.813643e+00	1.627820e+02	3.714360e-11	2.616018e-01	3.319477e+01	2.080654e+04
5.820750e+00	1.629810e+02	3.717141e-11	2.615911e-01	3.319011e+01	2.070199e+04
5.827857e+00	1.631800e+02	3.719973e-11	2.615804e-01	3.318543e+01	2.062554e+04
5.834964e+00	1.633790e+02	3.722937e-11	2.615698e-01	3.318070e+01	2.058417e+04
5.842071e+00	1.635780e+02	3.725957e-11	2.615591e-01	3.317594e+01	2.057654e+04
5.849179e+00	1.637770e+02	3.729001e-11	2.615484e-01	3.317113e+01	2.059081e+04
5.856286e+00	1.639760e+02	3.732115e-11	2.615377e-01	3.316626e+01	2.060929e+04
5.863393e+00	1.641750e+02	3.735252e-11	2.615270e-01	3.316131e+01	2.061646e+04
5.870500e+00	1.643740e+02	3.738384e-11	2.615163e-01	3.315628e+01	2.060458e+04
5.877607e+00	1.645730e+02	3.741519e-11	2.615055e-01	3.315118e+01	2.057366e+04
5.884714e+00	1.647720e+02	3.744615e-11	2.614948e-01	3.314599e+01	2.052798e+04
5.891821e+00	1.649710e+02	3.747677e-11	2.614841e-01	3.314071e+01	2.047327e+04
5.898929e+00	1.651700e+02	3.750670e-11	2.614734e-01	3.313534e+01	2.041517e+04
5.906036e+00	1.653690e+02	3.753602e-11	2.614627e-01	3.312989e+01	2.035903e+04
5.913143e+00	1.655680e+02	3.756454e-11	2.614520e-01	3.312435e+01	2.031305e+04
5.920250e+00	1.657670e+02	3.759143e-11	2.614413e-01	3.311874e+01	2.029318e+04
5.927357e+00	1.659660e+02	3.761748e-11	2.614306e-01	3.311310e+01	2.032101e+04
5.934464e+00	1.661650e+02	3.764179e-11	2.614200e-01	3.310745e+01	2.040996e+04
5.941571e+00	1.663640e+02	3.766469e-11	2.614093e-01	3.310180e+01	2.054983e+04
5.948679e+00	1.665630e+02	3.768576e-11	2.613987e-01	3.309616e+01	2.070567e+04
5.955786e+00	1.667620e+02	3.770491e-11	2.613880e-01	3.309053e+01	2.083603e+04
5.962893e+00	1.669610e+02	3.772189e-11	2.613774e-01	3.308491e+01	2.091572e+04
5.970000e+00	1.671600e+02	3.773697e-11	2.613668e-01	3.307934e+01	2.094084e+04
5.977107e+00	1.673590e+02	3.774949e-11	2.613561e-01	3.307382e+01	2.091296e+04
5.984214e+00	1.675580e+02	3.775977e-11	2.613455e-01	3.306833e+01	2.082415e+04
5.991321e+00	1.677570e+02	3.776779e-11	2.613349e-01	3.306286e+01	2.066417e+04
5.998429e+00	1.679560e+02	3.777356e-11	2.613243e-01	3.305736e+01	2.044200e+04
6.005536e+00	1.681550e+02	3.777684e-11	2.613138e-01	3.305186e+01	2.019420e+04
6.012643e+00	1.683540e+02	3.777722e-11	2.613032e-01	3.304639e+01	1.996613e+04
6.019750e+00	1.685530e+02	3.777535e-11	2.612927e-01	3.304096e+01	1.978341e+04
6.026857e+00	1.687520e+02	3.777142e-11	2.612822e-01	3.303558e+01	1.963985e+04
6.033964e+00	1.689510e+02	3.776468e-11	2.612717e-01	3.303024e+01	1.950576e+04
6.041071e+00	1.691500e+02	3.775600e-11	2.612612e-01	3.302489e+01	1.934480e+04
6.048179e+00	1.693490e+02	3.774474e-11	2.612507e-01	3.301952e+01	1.913400e+04
6.055286e+00	1.695480e+02	3.773181e-11	2.612402e-01	3.301408e+01	1.887947e+04
6.062393e+00	1.697470e+02	3.771656e-11	2.612298e-01	3.300861e+01	1.860872e+04
6.069500e+00	1.699460e+02	3.769950e-11	2.612193e-01	3.300312e+01	1.834389e+04
6.076607e+00	1.701450e+02	3.768076e-11	2.612089e-01	3.299768e+01	1.809403e+04
6.083714e+00	1.703440e+02	3.766039e-11	2.611984e-01	3.299234e+01	1.787273e+04
6.090821e+00	1.705430e+02	3.763819e-11	2.611879e-01	3.298711e+01	1.770111e+04
6.097929e+00	1.707420e+02	3.761481e-11	2.611774e-01	3.298201e+01	1.758480e+04
6.105036e+00	1.709410e+02	3.759007e-11	2.611670e-01	3.297697e+01	1.749602e+04
6.112143e+00	1.711400e+02	3.756420e-11	2.611565e-01	3.297196e+01	1.739395e+04
6.119250e+00	1.713390e+02	3.753751e-11	2.611459e-01	3.296696e+01	1.727571e+04
6.126357e+00	1.715380e+02	3.750953e-11	2.611354e-01	3.296200e+01	1.718665e+04
6.133464e+00	1.717370e+02	3.748150e-11	2.611249e-01	3.295710e+01	1.716166e+04
6.140571e+00	1.719360e+02	3.745237e-11	2.611144e-01	3.295220e+01	1.718646e+04
6.147679e+00	1.721350e+02	3.742316e-11	2.611039e-01	3.294723e+01	1.722682e+04
6.154786e+00	1.723340e+02	3.739355e-11	2.610934e-01	3.294219e+01	1.726033e+04
6.161893e+00	1.725330e+02	3.736362e-11	2.610829e-01	3.293710e+01	1.727799e+04
6.169000e+00	1.727320e+02	3.733381e-11	2.610724e-01	3.293198e+01	1.727981e+04
6.176107e+00	1.729310e+02	3.730420e-11	2.610618e-01	3.292683e+01	1.727308e+04
6.183214e+00	1.731300e+02	3.727469e-11	2.610513e-01	3.292164e+01	1.726925e+04
6.190321e+00	1.733290e+02	3.724568e-11	2.610407e-01	3.291649e+01	1.727555e+04
6.197429e+00	1.735280e+02	3.721723e-11	2.610301e-01	3.291143e+01	1.728977e+04
6.204536e+00	1.737270e+02	3.718956e-11	2.610195e-01	3.290645e+01	1.731133e+04
6.211643e+00	1.739260e+02	3.716240e-11	2.610089e-01	3.290148e+01	1.734553e+04
6.218750e+00	1.741250e+02	3.713582e-11	2.609983e-01	3.289648e+01	1.739239e+04
6.225857e+00	1.743240e+02	3.711063e-11	2.609877e-01	3.289143e+01	1.744696e+04
6.232964e+00	1.745230e+02	3.708609e-11	2.609771e-01	3.288637e+01	1.750579e+04
6.240071e+00	1.747220e+02	3.706254e-11	2.609665e-01	3.288134e+01	1.756546e+04
6.247179e+00	1.749210e+02	3.704013e-11	2.609559e-01	3.287636e+01	1.762242e+04
6.254286e+00	1.751200e+02	3.701898e-11	2.609453e-01	3.287140e+01	1.767580e+04
6.261393e+00	1.753190e+02	3.699901e-11	2.609347e-01	3.286647e+01	1.772605e+04
6.268500e+00	1.755180e+02	3.698040e-11	2.609240e-01	3.286154e+01	1.777273e+04
6.275607e+00	1.757170e+02	3.696283e-11	2.609134e-01	3.285658e+01	1.781474e+04
6.282714e+00	1.759160e+02	3.694664e-11	2.609028e-01	3.285158e+01	1.785184e+04
6.289821e+00	1.761150e+02	3.693173e-11	2.608921e-01	3.284657e+01	1.788539e+04
6.296929e+00	1.763140e+02	3.691780e-11	2.608815e-01	3.284154e+01	1.791694e+04
6.304036e+00	1.765130e+02	3.690547e-11	2.608708e-01	3.283652e+01	1.794727e+04
6.311143e+00	1.767120e+02	3.689454e-11	2.608601e-01	3.283149e+01	1.797694e+04
6.318250e+00	1.769110e+02	3.688460e-11	2.608495e-01	3.282647e+01	1.800461e+04
6.325357e+00	1.771100e+02	3.687598e-11	2.608388e-01	3.282145e+01	1.802655e+04
6.332464e+00	1.773090e+02	3.686884e-11	2.608282e-01	3.281642e+01	1.804067e+04
6.339571e+00	1.775080e+02	3.686265e-11	2.608175e-01	3.281137e+01	1.804951e+04
6.346679e+00	1.777070e+02	3.685788e-11	2.608069e-01	3.280630e+01	1.805860e+04
6.353786e+00	1.779060e+02	3.685428e-11	2.607963e-01	3.280124e+01	1.807250e+04
6.360893e+00	1.781050e+02	3.685190e-11	2.607856e-01	3.279623e+01	1.809125e+04
6.368000e+00	1.783040e+02	3.685040e-11	2.607750e-01	3.279130e+01	1.811086e+04
6.375107e+00	1.785030e+02	3.684998e-11	2.607644e-01	3.278646e+01	1.812908e+04
6.382214e+00	1.787020e+02	3.685071e-11	2.607538e-01	3.278168e+01	1.814847e+04
6.389321e+00	1.789010e+02	3.685251e-11	2.607432e-01	3.277696e+01	1.817353e+04
6.396429e+00	1.791000e+02	3.685536e-11	2.607326e-01	3.277230e+01	1.820692e+04
6.403536e+00	1.792990e+02	3.685941e-11	2.607220e-01	3.276769e+01	1.824773e+04
6.410643e+00	1.794980e+02	3.686422e-11	2.607114e-01	3.276311e+01	1.829310e+04
6.417750e+00	1.796970e+02	3.687002e-11	2.607008e-01	3.275854e+01	1.834110e+04
6.424857e+00	1.798960e+02	3.687676e-11	2.606902e-01	3.275397e+01	1.839131e+04
6.431964e+00	1.800950e+02	3.688411e-11	2.606796e-01	3.274942e+01	1.844418e+04
6.439071e+00	1.802940e+02	3.689261e-11	2.606690e-01	3.274493e+01	1.850121e+04
6.446179e+00	1.804930e+02	3.690184e-11	2.606584e-01	3.274050e+01	1.856461e+04
6.453286e+00	1.806920e+02	3.691189e-11	2.606478e-01	3.273614e+01	1.863593e+04
6.460393e+00	1.808910e+02	3.692260e-11	2.606372e-01	3.273184e+01	1.871483e+04
6.467500e+00	1.810900e+02	3.693382e-11	2.606266e-01	3.272759e+01	1.879956e+04
6.474607e+00	1.812890e+02	3.694601e-11	2.606159e-01	3.272336e+01	1.888886e+04
6.481714e+00	1.814880e+02	3.695891e-11	2.606053e-01	3.271915e+01	1.898343e+04
6.488821e+00	1.816870e+02	3.697217e-11	2.605947e-01	3.271497e+01	1.908614e+04
6.495929e+00	1.818860e+02	3.698619e-11	2.605841e-01	3.271081e+01	1.920055e+04
6.503036e+00	1.820850e+02	3.700065e-11	2.605734e-01	3.270668e+01	1.932880e+04
6.510143e+00	1.822840e+02	3.701595e-11	2.605628e-01	3.270260e+01	1.947034e+04
6.517250e+00	1.824830e+02	3.703162e-11	2.605521e-01	3.269854e+01	1.962214e+04
6.524357e+00	1.826820e+02	3.704760e-11	2.605414e-01	3.269450e+01	1.978100e+04
6.531464e+00	1.828810e+02	3.706440e-11	2.605307e-01	3.269045e+01	1.994590e+04
6.538571e+00	1.830800e+02	3.708131e-11	2.605200e-01	3.268639e+01	2.011766e+04
6.545679e+00	1.832790e+02	3.709872e-11	2.605092e-01	3.268231e+01	2.029651e+04
6.552786e+00	1.834780e+02	3.711600e-11	2.604984e-01	3.267823e+01	2.048062e+04
6.559893e+00	1.836770e+02	3.713368e-11	2.604877e-01	3.267413e+01	2.066670e+04
6.567000e+00	1.838760e+02	3.715102e-11	2.604769e-01	3.267001e+01	2.085189e+04
6.574107e+00	1.840750e+02	3.716859e-11	2.604661e-01	3.266589e+01	2.103503e+04
6.581214e+00	1.842740e+02	3.718582e-11	2.604553e-01	3.266175e+01	2.121607e+04
6.588321e+00	1.844730e+02	3.720316e-11	2.604446e-01	3.265761e+01	2.139508e+04
6.595429e+00	1.846720e+02	3.721998e-11	2.604338e-01	3.265346e+01	2.157307e+04
6.602536e+00	1.848710e+02	3.723664e-11	2.604231e-01	3.264927e+01	2.175391e+04
6.609643e+00	1.850700e+02	3.725285e-11	2.604124e-01	3.264505e+01	2.194438e+04
6.616750e+00	1.852690e+02	3.726819e-11	2.604016e-01	3.264076e+01	2.215113e+04
6.623857e+00	1.854680e+02	3.728336e-11	2.603909e-01	3.263638e+01	2.237519e+04
6.630964e+00	1.856670e+02	3.729770e-11	2.603802e-01	3.263187e+01	2.260711e+04
6.638071e+00	1.858660e+02	3.731118e-11	2.603695e-01	3.262723e+01	2.282657e+04
6.645179e+00	1.860650e+02	3.732441e-11	2.603588e-01	3.262247e+01	2.300702e+04
6.652286e+00	1.862640e+02	3.733681e-11	2.603481e-01	3.261763e+01	2.312255e+04
6.659393e+00	1.864630e+02	3.734835e-11	2.603374e-01	3.261274e+01	2.315399e+04
6.666500e+00	1.866620e+02	3.735931e-11	2.603268e-01	3.260789e+01	2.309265e+04
6.673607e+00	1.868610e+02	3.736928e-11	2.603162e-01	3.260312e+01	2.294228e+04
6.680714e+00	1.870600e+02	3.737852e-11	2.603056e-01	3.259847e+01	2.272014e+04
6.687821e+00	1.872590e+02	3.738738e-11	2.602950e-01	3.259397e+01	2.245656e+04
6.694929e+00	1.874580e+02	3.739499e-11	2.602845e-01	3.258964e+01	2.218994e+04
6.702036e+00	1.876570e+02	3.740205e-11	2.602740e-01	3.258548e+01	2.195647e+04
6.709143e+00	1.878560e+02	3.740854e-11	2.602634e-01	3.258150e+01	2.177791e+04
6.716250e+00	1.880550e+02	3.741429e-11	2.602529e-01	3.257764e+01	2.165595e+04
6.723357e+00	1.882540e+02	3.741975e-11	2.602425e-01	3.257387e+01	2.158049e+04
6.730464e+00	1.884530e+02	3.742455e-11	2.602320e-01	3.257010e+01	2.154682e+04
6.737571e+00	1.886520e+02	3.742865e-11	2.602215e-01	3.256631e+01	2.156488e+04
6.744679e+00	1.888510e+02	3.743296e-11	2.602111e-01	3.256244e+01	2.165278e+04
6.751786e+00	1.890500e+02	3.743665e-11	2.602006e-01	3.255848e+01	2.182352e+04
6.758893e+00	1.892490e+02	3.744022e-11	2.601902e-01	3.255441e+01	2.207690e+04
6.766000e+00	1.894480e+02	3.744388e-11	2.601798e-01	3.255020e+01	2.239967e+04
6.773107e+00	1.896470e+02	3.744769e-11	2.601694e-01	3.254589e+01	2.276960e+04
6.780214e+00	1.898460e+02	3.745175e-11	2.601590e-01	3.254151e+01	2.315823e+04
6.787321e+00	1.900450e+02	3.745621e-11	2.601486e-01	3.253711e+01	2.353018e+04
6.794429e+00	1.902440e+02	3.746134e-11	2.601382e-01	3.253272e+01	2.384322e+04
6.801536e+00	1.904430e+02	3.746709e-11	2.601279e-01	3.252831e+01	2.405617e+04
6.808643e+00	1.906420e+02	3.747352e-11	2.601175e-01	3.252382e+01	2.414778e+04
6.815750e+00	1.908410e+02	3.748125e-11	2.601071e-01	3.251920e+01	2.413638e+04
6.822857e+00	1.910400e+02	3.748994e-11	2.600967e-01	3.251444e+01	2.407682e+04
6.829964e+00	1.912390e+02	3.749987e-11	2.600864e-01	3.250958e+01	2.402849e+04
6.837071e+00	1.914380e+02	3.751127e-11	2.600760e-01	3.250472e+01	2.402754e+04
6.844179e+00	1.916370e+02	3.752431e-11	2.600657e-01	3.249994e+01	2.409381e+04
6.851286e+00	1.918360e+02	3.753926e-11	2.600553e-01	3.249532e+01	2.425020e+04
6.858393e+00	1.920350e+02	3.755591e-11	2.600450e-01	3.249088e+01	2.450814e+04
6.865500e+00	1.922340e+02	3.757494e-11	2.600347e-01	3.248653e+01	2.482847e+04
6.872607e+00	1.924330e+02	3.759608e-11	2.600244e-01	3.248215e+01	2.512431e+04
6.879714e+00	1.926320e+02	3.761984e-11	2.600142e-01	3.247768e+01	2.532700e+04
6.886821e+00	1.928310e+02	3.764560e-11	2.600040e-01	3.247311e+01	2.544225e+04
6.893929e+00	1.930300e+02	3.767481e-11	2.599937e-01	3.246857e+01	2.552544e+04
6.901036e+00	1.932290e+02	3.770636e-11	2.599835e-01	3.246417e+01	2.561237e+04
6.908143e+00	1.934280e+02	3.774073e-11	2.599733e-01	3.245997e+01	2.569369e+04
6.915250e+00	1.936270e+02	3.777873e-11	2.599631e-01	3.245588e+01	2.573557e+04
6.922357e+00	1.938260e+02	3.781957e-11	2.599529e-01	3.245171e+01	2.570003e+04
6.929464e+00	1.940250e+02	3.786398e-11	2.599427e-01	3.244732e+01	2.557720e+04
6.936571e+00	1.942240e+02	3.791222e-11	2.599324e-01	3.244271e+01	2.542031e+04
6.943679e+00	1.944230e+02	3.796382e-11	2.599222e-01	3.243800e+01	2.531024e+04
6.950786e+00	1.946220e+02	3.801883e-11	2.599121e-01	3.243333e+01	2.527089e+04
6.957893e+00	1.948210e+02	3.807771e-11	2.599019e-01	3.242878e+01	2.524864e+04
6.965000e+00	1.950200e+02	3.814024e-11	2.598918e-01	3.242432e+01	2.517511e+04
6.972107e+00	1.952190e+02	3.820666e-11	2.598817e-01	3.241985e+01	2.502762e+04
6.979214e+00	1.954180e+02	3.827662e-11	2.598716e-01	3.241530e+01	2.483112e+04
6.986321e+00	1.956170e+02	3.835050e-11	2.598616e-01	3.241064e+01	2.461708e+04
6.993429e+00	1.958160e+02	3.842833e-11	2.598515e-01	3.240584e+01	2.439199e+04
7.000536e+00	1.960150e+02	3.851004e-11	2.598415e-01	3.240082e+01	2.415642e+04
7.007643e+00	1.962140e+02	3.859615e-11	2.598315e-01	3.239553e+01	2.393918e+04
7.014750e+00	1.964130e+02	3.868600e-11	2.598215e-01	3.238990e+01	2.379226e+04
7.021857e+00	1.966120e+02	3.878016e-11	2.598116e-01	3.238394e+01	2.374925e+04
7.028964e+00	1.968110e+02	3.887871e-11	2.598017e-01	3.237769e+01	2.378472e+04
7.036071e+00	1.970100e+02	3.898134e-11	2.597919e-01	3.237128e+01	2.382556e+04
7.043179e+00	1.972090e+02	3.908784e-11	2.597821e-01	3.236486e+01	2.380433e+04
7.050286e+00	1.974080e+02	3.919906e-11	2.597724e-01	3.235856e+01	2.367399e+04
7.057393e+00	1.976070e+02	3.931414e-11	2.597626e-01	3.235241e+01	2.339229e+04
7.064500e+00	1.978060e+02	3.943371e-11	2.597529e-01	3.234637e+01	2.292815e+04
7.071607e+00	1.980050e+02	3.955805e-11	2.597432e-01	3.234033e+01	2.226820e+04
7.078714e+00	1.982040e+02	3.968717e-11	2.597336e-01	3.233413e+01	2.147257e+04
7.085821e+00	1.984030e+02	3.982116e-11	2.597240e-01	3.232781e+01	2.073502e+04
7.092929e+00	1.986020e+02	3.995990e-11	2.597144e-01	3.232161e+01	2.027381e+04
7.100036e+00	1.988010e+02	4.010387e-11	2.597049e-01	3.231579e+01	2.011819e+04
7.107143e+00	1.990000e+02	4.025327e-11	2.596953e-01	3.231030e+01	2.005596e+04
7.114250e+00	1.991990e+02	4.040791e-11	2.596859e-01	3.230483e+01	1.987963e+04
7.121357e+00	1.993980e+02	4.056871e-11	2.596764e-01	3.229917e+01	1.961152e+04
7.128464e+00	1.995970e+02	4.073555e-11	2.596669e-01	3.229340e+01	1.936587e+04
7.135571e+00	1.997960e+02	4.090879e-11	2.596575e-01	3.228765e+01	1.914520e+04
7.142679e+00	1.999950e+02	4.108934e-11	2.596480e-01	3.228193e+01	1.888805e+04
7.149786e+00	2.001940e+02	4.127691e-11	2.596385e-01	3.227618e+01	1.858871e+04
7.156893e+00	2.003930e+02	4.147212e-11	2.596290e-01	3.227044e+01	1.830277e+04
7.164000e+00	2.005920e+02	4.167580e-11	2.596196e-01	3.226480e+01	1.807489e+04
7.171107e+00	2.007910e+02	4.188763e-11	2.596101e-01	3.225925e+01	1.789619e+04
7.178214e+00	2.009900e+02	4.210951e-11	2.596007e-01	3.225367e+01	1.776046e+04
7.185321e+00	2.011890e+02	4.234147e-11	2.595912e-01	3.224806e+01	1.770468e+04
7.192429e+00	2.013880e+02	4.258424e-11	2.595818e-01	3.224245e+01	1.774048e+04
7.199536e+00	2.015870e+02	4.283862e-11	2.595724e-01	3.223672e+01	1.780380e+04
7.206643e+00	2.017860e+02	4.310499e-11	2.595629e-01	3.223069e+01	1.781688e+04
7.213750e+00	2.019850e+02	4.338458e-11	2.595533e-01	3.222446e+01	1.779860e+04
7.220857e+00	2.021840e+02	4.367818e-11	2.595436e-01	3.221835e+01	1.782999e+04
7.227964e+00	2.023830e+02	4.398673e-11	2.595339e-01	3.221205e+01	1.783500e+04
7.235071e+00	2.025820e+02	4.431086e-11	2.595241e-01	3.220546e+01	1.769408e+04
7.242179e+00	2.027810e+02	4.465109e-11	2.595142e-01	3.219925e+01	1.759456e+04
7.249286e+00	2.029800e+02	4.500759e-11	2.595042e-01	3.219328e+01	1.754710e+04
7.256393e+00	2.031790e+02	4.538215e-11	2.594942e-01	3.218673e+01	1.764288e+04
7.263500e+00	2.033780e+02	4.577437e-11	2.594843e-01	3.218000e+01	1.788832e+04
7.270607e+00	2.035770e+02	4.618419e-11	2.594746e-01	3.217397e+01	1.779426e+04
7.277714e+00	2.037760e+02	4.661113e-11	2.594649e-01	3.216739e+01	1.786723e+04
7.284821e+00	2.039750e+02	4.705424e-11	2.594551e-01	3.215991e+01	1.833459e+04
7.291929e+00	2.041740e+02	4.751494e-11	2.594452e-01	3.215309e+01	1.841180e+04
7.299036e+00	2.043730e+02	4.799156e-11	2.594352e-01	3.214675e+01	1.885918e+04
7.306143e+00	2.045720e+02	4.848295e-11	2.594252e-01	3.213907e+01	1.907629e+04
7.313250e+00	2.047710e+02	4.898758e-11	2.594151e-01	3.213233e+01	1.921749e+04
7.320357e+00	2.049700e+02	4.950201e-11	2.594051e-01	3.212569e+01	1.925747e+04
7.327464e+00	2.051690e+02	5.002269e-11	2.593949e-01	3.211656e+01	1.960158e+04
7.334571e+00	2.053680e+02	5.055059e-11	2.593846e-01	3.210944e+01	1.964704e+04
7.341679e+00	2.055670e+02	5.108337e-11	2.593742e-01	3.210424e+01	1.932670e+04
7.348786e+00	2.057660e+02	5.161384e-11	2.593639e-01	3.209501e+01	1.983838e+04
7.355893e+00	2.059650e+02	5.213905e-11	2.593534e-01	3.208623e+01	1.935297e+04
7.363000e+00	2.061640e+02	5.265519e-11	2.593429e-01	3.207640e+01	1.900965e+04
7.370107e+00	2.063630e+02	5.315682e-11	2.593322e-01	3.207058e+01	1.923507e+04
7.377214e+00	2.065620e+02	5.364052e-11	2.593214e-01	3.206495e+01	1.934837e+04
7.384321e+00	2.067610e+02	5.410066e-11	2.593107e-01	3.205554e+01	1.923782e+04
7.391429e+00	2.069600e+02	5.452840e-11	2.592998e-01	3.204415e+01	1.867830e+04
7.398536e+00	2.071590e+02	5.492098e-11	2.592885e-01	3.203641e+01	1.832370e+04
7.405643e+00	2.073580e+02	5.527916e-11	2.592772e-01	3.202990e+01	1.829484e+04
7.412750e+00	2.075570e+02	5.560195e-11	2.592656e-01	3.202305e+01	1.841643e+04
7.419857e+00	2.077560e+02	5.588861e-11	2.592541e-01	3.201257e+01	1.797365e+04
7.426964e+00	2.079550e+02	5.613817e-11	2.592424e-01	3.200750e+01	1.765395e+04
7.434071e+00	2.081540e+02	5.635158e-11	2.592307e-01	3.200007e+01	1.806772e+04
7.441179e+00	2.083530e+02	5.652791e-11	2.592191e-01	3.199235e+01	1.823752e+04
7.448286e+00	2.085520e+02	5.665601e-11	2.592074e-01	3.198237e+01	1.791962e+04
7.455393e+00	2.087510e+02	5.674116e-11	2.591955e-01	3.197612e+01	1.859860e+04
7.462500e+00	2.089500e+02	5.678708e-11	2.591838e-01	3.196655e+01	1.899936e+04
7.469607e+00	2.091490e+02	5.679384e-11	2.591721e-01	3.196184e+01	1.871627e+04
7.476714e+00	2.093480e+02	5.676372e-11	2.591600e-01	3.195013e+01	1.890606e+04
7.483821e+00	2.095470e+02	5.669860e-11	2.591478e-01	3.193903e+01	1.945919e+04
7.490929e+00	2.097460e+02	5.659748e-11	2.591355e-01	3.193049e+01	2.024616e+04
7.498036e+00	2.099450e+02	5.646649e-11	2.591228e-01	3.192405e+01	2.083427e+04
7.505143e+00	2.101440e+02	5.631451e-11	2.591102e-01	3.191891e+01	2.233255e+04
7.512250e+00	2.103430e+02	5.613938e-11	2.590977e-01	3.191175e+01	2.309815e+04
7.519357e+00	2.105420e+02	5.594992e-11	2.590855e-01	3.190513e+01	2.393558e+04
7.526464e+00	2.107410e+02	5.575231e-11	2.590734e-01	3.188915e+01	2.407769e+04
7.533571e+00	2.109400e+02	5.554967e-11	2.590608e-01	3.187571e+01	2.392513e+04
7.540679e+00	2.111390e+02	5.534065e-11	2.590476e-01	3.186682e+01	2.491588e+04
7.547786e+00	2.113380e+02	5.512692e-11	2.590345e-01	3.185708e+01	2.549885e+04
7.554893e+00	2.115370e+02	5.491061e-11	2.590217e-01	3.184662e+01	2.566326e+04
7.562000e+00	2.117360e+02	5.469118e-11	2.590088e-01	3.183157e+01	2.638851e+04
7.569107e+00	2.119350e+02	5.447422e-11	2.589959e-01	3.182024e+01	2.696797e+04
7.576214e+00	2.121340e+02	5.425313e-11	2.589829e-01	3.180445e+01	2.781763e+04
7.583321e+00	2.123330e+02	5.403475e-11	2.589698e-01	3.179793e+01	2.888408e+04
7.590429e+00	2.125320e+02	5.381243e-11	2.589568e-01	3.178339e+01	3.090796e+04
7.597536e+00	2.127310e+02	5.358991e-11	2.589438e-01	3.176800e+01	3.071378e+04
7.604643e+00	2.129300e+02	5.336813e-11	2.589304e-01	3.175029e+01	3.150255e+04
7.611750e+00	2.131290e+02	5.315205e-11	2.589174e-01	3.173524e+01	3.210479e+04
7.618857e+00	2.133280e+02	5.294534e-11	2.589044e-01	3.172285e+01	3.265759e+04
7.625964e+00	2.135270e+02	5.274331e-11	2.588914e-01	3.170803e+01	3.383183e+04
7.633071e+00	2.137260e+02	5.254899e-11	2.588782e-01	3.170019e+01	3.411979e+04
7.640179e+00	2.139250e+02	5.235555e-11	2.588649e-01	3.167604e+01	3.630999e+04
7.647286e+00	2.141240e+02	5.216722e-11	2.588518e-01	3.165906e+01	3.679353e+04
7.654393e+00	2.143230e+02	5.198602e-11	2.588385e-01	3.164850e+01	3.751787e+04
7.661500e+00	2.145220e+02	5.180435e-11	2.588254e-01	3.162467e+01	3.990330e+04
7.668607e+00	2.147210e+02	5.162604e-11	2.588125e-01	3.160116e+01	4.005195e+04
7.675714e+00	2.149200e+02	5.145533e-11	2.587993e-01	3.158583e+01	4.200983e+04
7.682821e+00	2.151190e+02	5.129013e-11	2.587859e-01	3.156283e+01	4.373883e+04
7.689929e+00	2.153180e+02	5.113380e-11	2.587728e-01	3.153575e+01	4.481853e+04
7.697036e+00	2.155170e+02	5.098935e-11	2.587599e-01	3.151925e+01	4.541812e+04
7.704143e+00	2.157160e+02	5.085293e-11	2.587470e-01	3.150156e+01	4.808174e+04
7.711250e+00	2.159150e+02	5.072299e-11	2.587344e-01	3.147679e+01	4.916609e+04
7.718357e+00	2.161140e+02	5.060092e-11	2.587216e-01	3.145979e+01	5.459388e+04
7.725464e+00	2.163130e+02	5.048728e-11	2.587085e-01	3.144214e+01	5.734245e+04
7.732571e+00	2.165120e+02	5.038356e-11	2.586952e-01	3.142368e+01	6.149845e+04
7.739679e+00	2.167110e+02	5.029028e-11	2.586817e-01	3.139637e+01	5.959762e+04
7.746786e+00	2.169100e+02	5.020622e-11	2.586685e-01	3.136282e+01	6.444204e+04
7.753893e+00	2.171090e+02	5.013164e-11	2.586558e-01	3.132555e+01	6.524543e+04
7.761000e+00	2.173080e+02	5.006881e-11	2.586437e-01	3.129505e+01	6.289916e+04
7.768107e+00	2.175070e+02	5.001857e-11	2.586314e-01	3.127789e+01	6.519402e+04
7.775214e+00	2.177060e+02	4.997847e-11	2.586189e-01	3.125406e+01	6.944818e+04
7.782321e+00	2.179050e+02	4.994922e-11	2.586063e-01	3.122960e+01	7.288466e+04
7.789429e+00	2.181040e+02	4.993136e-11	2.585938e-01	3.120310e+01	7.143031e+04
7.796536e+00	2.183030e+02	4.992364e-11	2.585814e-01	3.117286e+01	7.187189e+04
7.803643e+00	2.185020e+02	4.992616e-11	2.585692e-01	3.114027e+01	7.343657e+04
7.810750e+00	2.187010e+02	4.993974e-11	2.585573e-01	3.111355e+01	7.925481e+04
7.817857e+00	2.189000e+02	4.996467e-11	2.585455e-01	3.108619e+01	7.456755e+04
7.824964e+00	2.190990e+02	5.000207e-11	2.585336e-01	3.106435e+01	7.245975e+04
7.832071e+00	2.192980e+02	5.005156e-11	2.585213e-01	3.104963e+01	7.708673e+04
7.839179e+00	2.194970e+02	5.011166e-11	2.585084e-01	3.103352e+01	7.672200e+04
7.846286e+00	2.196960e+02	5.018142e-11	2.584948e-01	3.101152e+01	7.511515e+04
7.853393e+00	2.198950e+02	5.026045e-11	2.584811e-01	3.098014e+01	7.539073e+04
7.860500e+00	2.200940e+02	5.034832e-11	2.584676e-01	3.093592e+01	7.082245e+04
7.867607e+00	2.202930e+02	5.044530e-11	2.584547e-01	3.089412e+01	6.616740e+04
7.874714e+00	2.204920e+02	5.055037e-11	2.584423e-01	3.086887e+01	6.658769e+04
7.881821e+00	2.206910e+02	5.066100e-11	2.584300e-01	3.085162e+01	6.776915e+04
7.888929e+00	2.208900e+02	5.077527e-11	2.584177e-01	3.082671e+01	6.330988e+04
7.896036e+00	2.210890e+02	5.089104e-11	2.584050e-01	3.079815e+01	5.943042e+04
7.903143e+00	2.212880e+02	5.100859e-11	2.583917e-01	3.077205e+01	6.094151e+04
7.910250e+00	2.214870e+02	5.112646e-11	2.583781e-01	3.074722e+01	6.187106e+04
7.917357e+00	2.216860e+02	5.124334e-11	2.583648e-01	3.072438e+01	5.814757e+04
7.924464e+00	2.218850e+02	5.135818e-11	2.583519e-01	3.070154e+01	5.424599e+04
7.931571e+00	2.220840e+02	5.146964e-11	2.583392e-01	3.067531e+01	5.324026e+04
7.938679e+00	2.222830e+02	5.157714e-11	2.583266e-01	3.064715e+01	5.414270e+04
7.945786e+00	2.224820e+02	5.168031e-11	2.583141e-01	3.062018e+01	5.433029e+04
7.952893e+00	2.226810e+02	5.177665e-11	2.583016e-01	3.059626e+01	5.419015e+04
7.960000e+00	2.228800e+02	5.186351e-11	2.582889e-01	3.057688e+01	5.454797e+04
7.967107e+00	2.230790e+02	5.194027e-11	2.582760e-01	3.056107e+01	5.492149e+04
7.974214e+00	2.232780e+02	5.200526e-11	2.582628e-01	3.054485e+01	5.777437e+04
7.981321e+00	2.234770e+02	5.205883e-11	2.582496e-01	3.052223e+01	6.265361e+04
7.988429e+00	2.236760e+02	5.210085e-11	2.582364e-01	3.049123e+01	6.584308e+04
7.995536e+00	2.238750e+02	5.213170e-11	2.582233e-01	3.045737e+01	6.884199e+04
8.002643e+00	2.240740e+02	5.214991e-11	2.582108e-01	3.042494e+01	7.281906e+04
8.009750e+00	2.242730e+02	5.215425e-11	2.581988e-01	3.039385e+01	7.601520e+04
8.016857e+00	2.244720e+02	5.214479e-11	2.581872e-01	3.036418e+01	7.759554e+04
8.023964e+00	2.246710e+02	5.212222e-11	2.581757e-01	3.033636e+01	7.691205e+04
8.031071e+00	2.248700e+02	5.208795e-11	2.581639e-01	3.031173e+01	7.690036e+04
8.038179e+00	2.250690e+02	5.204251e-11	2.581513e-01	3.029028e+01	8.196754e+04
8.045286e+00	2.252680e+02	5.198570e-11	2.581379e-01	3.026682e+01	8.979059e+04
8.052393e+00	2.254670e+02	5.191837e-11	2.581240e-01	3.023834e+01	9.453705e+04
8.059500e+00	2.256660e+02	5.184106e-11	2.581100e-01	3.020609e+01	9.398057e+04
8.066607e+00	2.258650e+02	5.175439e-11	2.580963e-01	3.016928e+01	8.866670e+04
8.073714e+00	2.260640e+02	5.165777e-11	2.580832e-01	3.012977e+01	8.168214e+04
8.080821e+00	2.262630e+02	5.155244e-11	2.580706e-01	3.009666e+01	7.846929e+04
8.087929e+00	2.264620e+02	5.143919e-11	2.580586e-01	3.007369e+01	8.013073e+04
8.095036e+00	2.266610e+02	5.131944e-11	2.580472e-01	3.005423e+01	8.062371e+04
8.102143e+00	2.268600e+02	5.119512e-11	2.580360e-01	3.003464e+01	7.675479e+04
8.109250e+00	2.270590e+02	5.106706e-11	2.580244e-01	3.001487e+01	7.232434e+04
8.116357e+00	2.272580e+02	5.093473e-11	2.580123e-01	2.999013e+01	6.926614e+04
8.123464e+00	2.274570e+02	5.079728e-11	2.579997e-01	2.995678e+01	6.686576e+04
8.130571e+00	2.276560e+02	5.065661e-11	2.579874e-01	2.991929e+01	6.503129e+04
8.137679e+00	2.278550e+02	5.051442e-11	2.579756e-01	2.988792e+01	6.273630e+04
8.144786e+00	2.280540e+02	5.037237e-11	2.579642e-01	2.986679e+01	5.878589e+04
8.151893e+00	2.282530e+02	5.023051e-11	2.579529e-01	2.984832e+01	5.673163e+04
8.159000e+00	2.284520e+02	5.008611e-11	2.579414e-01	2.982759e+01	5.810434e+04
8.166107e+00	2.286510e+02	4.993753e-11	2.579297e-01	2.980488e+01	5.625014e+04
8.173214e+00	2.288500e+02	4.978689e-11	2.579180e-01	2.978145e+01	5.180975e+04
8.180321e+00	2.290490e+02	4.963731e-11	2.579064e-01	2.976352e+01	5.247875e+04
8.187429e+00	2.292480e+02	4.949034e-11	2.578950e-01	2.974865e+01	5.470545e+04
8.194536e+00	2.294470e+02	4.934682e-11	2.578837e-01	2.972568e+01	5.121185e+04
8.201643e+00	2.296460e+02	4.920773e-11	2.578726e-01	2.969452e+01	4.578781e+04
8.208750e+00	2.298450e+02	4.907429e-11	2.578615e-01	2.966693e+01	4.825482e+04
8.215857e+00	2.300440e+02	4.894660e-11	2.578502e-01	2.964618e+01	5.353353e+04
8.222964e+00	2.302430e+02	4.882690e-11	2.578386e-01	2.962561e+01	4.986135e+04
8.230071e+00	2.304420e+02	4.871484e-11	2.578271e-01	2.961044e+01	4.545480e+04
8.237179e+00	2.306410e+02	4.861323e-11	2.578160e-01	2.960188e+01	4.737239e+04
8.244286e+00	2.308400e+02	4.852294e-11	2.578054e-01	2.958841e+01	4.875887e+04
8.251393e+00	2.310390e+02	4.844342e-11	2.577948e-01	2.956764e+01	4.702058e+04
8.258500e+00	2.312380e+02	4.837358e-11	2.577837e-01	2.954513e+01	4.472084e+04
8.265607e+00	2.314370e+02	4.831327e-11	2.577722e-01	2.952435e+01	4.357123e+04
8.272714e+00	2.316360e+02	4.826341e-11	2.577604e-01	2.950682e+01	4.377109e+04
8.279821e+00	2.318350e+02	4.822428e-11	2.577486e-01	2.949157e+01	4.439695e+04
8.286929e+00	2.320340e+02	4.819552e-11	2.577371e-01	2.947549e+01	4.453355e+04
8.294036e+00	2.322330e+02	4.817712e-11	2.577256e-01	2.945615e+01	4.410094e+04
8.301143e+00	2.324320e+02	4.816887e-11	2.577140e-01	2.943439e+01	4.446088e+04
8.308250e+00	2.326310e+02	4.817127e-11	2.577025e-01	2.941282e+01	4.455673e+04
8.315357e+00	2.328300e+02	4.818371e-11	2.576909e-01	2.939345e+01	4.310883e+04
8.322464e+00	2.330290e+02	4.820531e-11	2.576792e-01	2.937767e+01	4.262817e+04
8.329571e+00	2.332280e+02	4.823653e-11	2.576676e-01	2.936326e+01	4.267355e+04
8.336679e+00	2.334270e+02	4.827786e-11	2.576561e-01	2.934852e+01	4.271792e+04
8.343786e+00	2.336260e+02	4.832987e-11	2.576445e-01	2.933420e+01	4.318604e+04
8.350893e+00	2.338250e+02	4.839276e-11	2.576326e-01	2.931778e+01	4.176622e+04
8.358000e+00	2.340240e+02	4.846734e-11	2.576205e-01	2.930005e+01	4.041167e+04
8.365107e+00	2.342230e+02	4.855236e-11	2.576084e-01	2.928364e+01	4.075732e+04
8.372214e+00	2.344220e+02	4.864540e-11	2.575963e-01	2.926378e+01	4.016098e+04
8.379321e+00	2.346210e+02	4.874522e-11	2.575843e-01	2.924385e+01	4.095596e+04
8.386429e+00	2.348200e+02	4.885044e-11	2.575724e-01	2.922611e+01	4.070981e+04
8.393536e+00	2.350190e+02	4.896135e-11	2.575607e-01	2.920926e+01	3.937151e+04
8.400643e+00	2.352180e+02	4.907865e-11	2.575493e-01	2.919387e+01	4.150533e+04
8.407750e+00	2.354170e+02	4.920150e-11	2.575380e-01	2.917855e+01	4.313826e+04
8.414857e+00	2.356160e+02	4.932913e-11	2.575267e-01	2.916579e+01	4.206784e+04
8.421964e+00	2.358150e+02	4.946029e-11	2.575149e-01	2.915572e+01	4.149785e+04
8.429071e+00	2.360140e+02	4.959339e-11	2.575029e-01	2.914012e+01	4.170320e+04
8.436179e+00	2.362130e+02	4.972707e-11	2.574913e-01	2.911524e+01	4.170242e+04
8.443286e+00	2.364120e+02	4.986159e-11	2.574805e-01	2.908802e+01	4.211273e+04
8.450393e+00	2.366110e+02	4.999709e-11	2.574700e-01	2.906652e+01	4.313353e+04
8.457500e+00	2.368100e+02	5.013222e-11	2.574595e-01	2.905238e+01	4.309006e+04
8.464607e+00	2.370090e+02	5.026593e-11	2.574484e-01	2.904190e+01	4.199714e+04
8.471714e+00	2.372080e+02	5.039748e-11	2.574371e-01	2.902990e+01	4.226559e+04
8.478821e+00	2.374070e+02	5.052864e-11	2.574262e-01	2.901300e+01	4.316160e+04
8.485929e+00	2.376060e+02	5.066006e-11	2.574159e-01	2.899530e+01	4.353088e+04
8.493036e+00	2.378050e+02	5.079003e-11	2.574058e-01	2.897774e+01	4.243288e+04
8.500143e+00	2.380040e+02	5.091877e-11	2.573955e-01	2.895771e+01	4.182691e+04
8.507250e+00	2.382030e+02	5.104674e-11	2.573853e-01	2.893893e+01	4.254460e+04
8.514357e+00	2.384020e+02	5.117476e-11	2.573751e-01	2.892297e+01	4.207014e+04
8.521464e+00	2.386010e+02	5.130192e-11	2.573650e-01	2.890781e+01	4.105612e+04
8.528571e+00	2.388000e+02	5.142734e-11	2.573552e-01	2.889130e+01	4.093845e+04
8.535679e+00	2.389990e+02	5.155058e-11	2.573456e-01	2.887546e+01	4.176980e+04
8.542786e+00	2.391980e+02	5.167284e-11	2.573358e-01	2.886324e+01	4.178319e+04
8.549893e+00	2.393970e+02	5.179336e-11	2.573256e-01	2.885264e+01	4.070133e+04
8.557000e+00	2.395960e+02	5.191232e-11	2.573151e-01	2.883777e+01	4.014509e+04
8.564107e+00	2.397950e+02	5.202860e-11	2.573049e-01	2.881745e+01	4.006061e+04
8.571214e+00	2.399940e+02	5.214371e-11	2.572950e-01	2.879758e+01	3.967913e+04
8.578321e+00	2.401930e+02	5.225686e-11	2.572853e-01	2.878203e+01	3.977796e+04
8.585429e+00	2.403920e+02	5.236733e-11	2.572755e-01	2.876826e+01	3.948894e+04
8.592536e+00	2.405910e+02	5.247420e-11	2.572656e-01	2.875349e+01	3.892191e+04
8.599643e+00	2.407900e+02	5.257716e-11	2.572558e-01	2.873781e+01	3.880391e+04
8.606750e+00	2.409890e+02	5.267407e-11	2.572461e-01	2.872206e+01	3.901305e+04
8.613857e+00	2.411880e+02	5.276414e-11	2.572367e-01	2.870704e+01	3.868016e+04
8.620964e+00	2.413870e+02	5.284631e-11	2.572271e-01	2.869517e+01	3.797164e+04
8.628071e+00	2.415860e+02	5.292024e-11	2.572170e-01	2.868427e+01	3.782712e+04
8.635179e+00	2.417850e+02	5.298634e-11	2.572066e-01	2.866836e+01	3.770253e+04
8.642286e+00	2.419840e+02	5.304439e-11	2.571964e-01	2.864891e+01	3.808899e+04
8.649393e+00	2.421830e+02	5.309445e-11	2.571865e-01	2.863030e+01	3.821579e+04
8.656500e+00	2.423820e+02	5.313668e-11	2.571770e-01	2.861405e+01	3.793452e+04
8.663607e+00	2.425810e+02	5.317210e-11	2.571677e-01	2.859998e+01	3.751208e+04
8.670714e+00	2.427800e+02	5.320133e-11	2.571585e-01	2.858735e+01	3.737943e+04
8.677821e+00	2.429790e+02	5.322383e-11	2.571491e-01	2.857559e+01	3.768761e+04
8.684929e+00	2.431780e+02	5.323853e-11	2.571397e-01	2.856162e+01	3.735426e+04
8.692036e+00	2.433770e+02	5.324626e-11	2.571303e-01	2.854547e+01	3.734375e+04
8.699143e+00	2.435760e+02	5.324790e-11	2.571212e-01	2.852867e+01	3.769341e+04
8.706250e+00	2.437750e+02	5.324361e-11	2.571125e-01	2.851136e+01	3.745135e+04
8.713357e+00	2.439740e+02	5.323377e-11	2.571042e-01	2.849612e+01	3.705484e+04
8.720464e+00	2.441730e+02	5.321818e-11	2.570960e-01	2.848407e+01	3.684994e+04
8.727571e+00	2.443720e+02	5.319798e-11	2.570874e-01	2.847221e+01	3.683666e+04
8.734679e+00	2.445710e+02	5.317416e-11	2.570786e-01	2.845903e+01	3.696379e+04
8.741786e+00	2.447700e+02	5.314722e-11	2.570696e-01	2.844401e+01	3.642168e+04
8.748893e+00	2.449690e+02	5.311701e-11	2.570607e-01	2.842802e+01	3.603468e+04
8.756000e+00	2.451680e+02	5.308365e-11	2.570520e-01	2.841223e+01	3.595943e+04
8.763107e+00	2.453670e+02	5.304732e-11	2.570434e-01	2.839694e+01	3.585214e+04
8.770214e+00	2.455660e+02	5.300957e-11	2.570351e-01	2.838256e+01	3.584041e+04
8.777321e+00	2.457650e+02	5.297100e-11	2.570268e-01	2.836860e+01	3.598390e+04
8.784429e+00	2.459640e+02	5.293063e-11	2.570186e-01	2.835395e+01	3.585788e+04
8.791536e+00	2.461630e+02	5.288872e-11	2.570104e-01	2.834015e+01	3.572737e+04
8.798643e+00	2.463620e+02	5.284553e-11	2.570022e-01	2.832785e+01	3.577633e+04
8.805750e+00	2.465610e+02	5.280205e-11	2.569938e-01	2.831555e+01	3.590011e+04
8.812857e+00	2.467600e+02	5.275890e-11	2.569852e-01	2.830276e+01	3.582763e+04
8.819964e+00	2.469590e+02	5.271674e-11	2.569768e-01	2.828778e+01	3.537427e+04
8.827071e+00	2.471580e+02	5.267623e-11	2.569687e-01	2.827108e+01	3.533522e+04
8.834179e+00	2.473570e+02	5.263620e-11	2.569611e-01	2.825541e+01	3.553003e+04
8.841286e+00	2.475560e+02	5.259710e-11	2.569538e-01	2.824116e+01	3.548715e+04
8.848393e+00	2.477550e+02	5.255877e-11	2.569465e-01	2.822773e+01	3.505325e+04
8.855500e+00	2.479540e+02	5.252172e-11	2.569389e-01	2.821493e+01	3.481177e+04
8.862607e+00	2.481530e+02	5.248636e-11	2.569308e-01	2.820184e+01	3.492450e+04
8.869714e+00	2.483520e+02	5.245300e-11	2.569225e-01	2.818826e+01	3.493950e+04
8.876821e+00	2.485510e+02	5.242145e-11	2.569140e-01	2.817502e+01	3.472170e+04
8.883929e+00	2.487500e+02	5.239131e-11	2.569056e-01	2.816192e+01	3.472871e+04
8.891036e+00	2.489490e+02	5.236283e-11	2.568972e-01	2.814764e+01	3.481759e+04
8.898143e+00	2.491480e+02	5.233518e-11	2.568889e-01	2.813227e+01	3.539717e+04
8.905250e+00	2.493470e+02	5.230927e-11	2.568807e-01	2.811776e+01	3.594315e+04
8.912357e+00	2.495460e+02	5.228345e-11	2.568725e-01	2.810442e+01	3.580648e+04
8.919464e+00	2.497450e+02	5.225953e-11	2.568642e-01	2.809073e+01	3.619612e+04
8.926571e+00	2.499440e+02	5.223674e-11	2.568559e-01	2.807579e+01	3.665213e+04
8.933679e+00	2.501430e+02	5.221528e-11	2.568476e-01	2.806060e+01	3.707701e+04
8.940786e+00	2.503420e+02	5.219590e-11	2.568393e-01	2.804598e+01	3.763809e+04
8.947893e+00	2.505410e+02	5.217901e-11	2.568312e-01	2.803213e+01	3.784876e+04
8.955000e+00	2.507400e+02	5.216369e-11	2.568233e-01	2.801987e+01	3.827727e+04
8.962107e+00	2.509390e+02	5.215062e-11	2.568154e-01	2.800821e+01	3.847553e+04
8.969214e+00	2.511380e+02	5.213838e-11	2.568072e-01	2.799521e+01	3.878475e+04
8.976321e+00	2.513370e+02	5.212749e-11	2.567988e-01	2.798016e+01	3.951339e+04
8.983429e+00	2.515360e+02	5.211855e-11	2.567904e-01	2.796430e+01	4.009177e+04
8.990536e+00	2.517350e+02	5.211224e-11	2.567822e-01	2.794987e+01	4.015761e+04
8.997643e+00	2.519340e+02	5.210855e-11	2.567742e-01	2.793675e+01	4.018914e+04
9.004750e+00	2.521330e+02	5.210656e-11	2.567660e-01	2.792385e+01	4.100298e+04
9.011857e+00	2.523320e+02	5.210572e-11	2.567576e-01	2.790913e+01	4.148689e+04
9.018964e+00	2.525310e+02	5.210566e-11	2.567490e-01	2.789225e+01	4.138763e+04
9.026071e+00	2.527300e+02	5.210648e-11	2.567404e-01	2.787475e+01	4.132942e+04
9.033179e+00	2.529290e+02	5.210894e-11	2.567321e-01	2.785748e+01	4.105049e+04
9.040286e+00	2.531280e+02	5.211354e-11	2.567240e-01	2.784161e+01	4.075772e+04
9.047393e+00	2.533270e+02	5.212076e-11	2.567160e-01	2.782761e+01	4.061208e+04
9.054500e+00	2.535260e+02	5.213013e-11	2.567081e-01	2.781428e+01	4.052915e+04
9.061607e+00	2.537250e+02	5.214181e-11	2.566998e-01	2.780041e+01	4.056880e+04
9.068714e+00	2.539240e+02	5.215542e-11	2.566913e-01	2.778547e+01	4.062842e+04
9.075821e+00	2.541230e+02	5.217137e-11	2.566826e-01	2.776915e+01	4.059856e+04
9.082929e+00	2.543220e+02	5.218932e-11	2.566738e-01	2.775140e+01	4.012742e+04
9.090036e+00	2.545210e+02	5.220951e-11	2.566652e-01	2.773274e+01	3.933812e+04
9.097143e+00	2.547200e+02	5.223227e-11	2.566569e-01	2.771445e+01	3.916892e+04
9.104250e+00	2.549190e+02	5.225774e-11	2.566486e-01	2.769794e+01	3.947830e+04
9.111357e+00	2.551180e+02	5.228679e-11	2.566403e-01	2.768341e+01	3.963094e+04
9.118464e+00	2.553170e+02	5.231754e-11	2.566320e-01	2.766972e+01	4.001065e+04
9.125571e+00	2.555160e+02	5.235017e-11	2.566236e-01	2.765533e+01	4.039766e+04
9.132679e+00	2.557150e+02	5.238418e-11	2.566153e-01	2.763981e+01	4.068585e+04
9.139786e+00	2.559140e+02	5.241920e-11	2.566071e-01	2.762453e+01	4.199560e+04
9.146893e+00	2.561130e+02	5.245603e-11	2.565989e-01	2.760959e+01	4.279578e+04
9.154000e+00	2.563120e+02	5.249411e-11	2.565906e-01	2.759342e+01	4.170897e+04
9.161107e+00	2.565110e+02	5.253349e-11	2.565823e-01	2.757678e+01	4.186689e+04
9.168214e+00	2.567100e+02	5.257473e-11	2.565741e-01	2.756016e+01	4.340148e+04
9.175321e+00	2.569090e+02	5.261797e-11	2.565659e-01	2.754202e+01	4.270556e+04
9.182429e+00	2.571080e+02	5.266271e-11	2.565578e-01	2.752388e+01	4.074188e+04
9.189536e+00	2.573070e+02	5.270885e-11	2.565497e-01	2.750841e+01	4.057911e+04
9.196643e+00	2.575060e+02	5.275635e-11	2.565414e-01	2.749494e+01	4.140493e+04
9.203750e+00	2.577050e+02	5.280425e-11	2.565332e-01	2.748092e+01	4.078053e+04
9.210857e+00	2.579040e+02	5.285309e-11	2.565249e-01	2.746502e+01	3.899198e+04
9.217964e+00	2.581030e+02	5.290224e-11	2.565168e-01	2.744858e+01	3.818365e+04
9.225071e+00	2.583020e+02	5.295088e-11	2.565088e-01	2.743293e+01	3.837290e+04
9.232179e+00	2.585010e+02	5.299990e-11	2.565007e-01	2.741717e+01	3.799545e+04
9.239286e+00	2.587000e+02	5.304883e-11	2.564924e-01	2.740090e+01	3.735802e+04
9.246393e+00	2.588990e+02	5.309839e-11	2.564841e-01	2.738493e+01	3.763651e+04
9.253500e+00	2.590980e+02	5.314899e-11	2.564757e-01	2.736872e+01	3.820513e+04
9.260607e+00	2.592970e+02	5.319946e-11	2.564674e-01	2.735143e+01	3.829434e+04
9.267714e+00	2.594960e+02	5.324939e-11	2.564593e-01	2.733458e+01	3.884837e+04
9.274821e+00	2.596950e+02	5.329917e-11	2.564514e-01	2.731986e+01	4.010281e+04
9.281929e+00	2.598940e+02	5.334696e-11	2.564434e-01	2.730637e+01	4.055448e+04
9.289036e+00	2.600930e+02	5.339347e-11	2.564355e-01	2.729253e+01	3.979626e+04
9.296143e+00	2.602920e+02	5.343796e-11	2.564275e-01	2.727810e+01	3.905934e+04
9.303250e+00	2.604910e+02	5.347953e-11	2.564194e-01	2.726334e+01	3.886005e+04
9.310357e+00	2.606900e+02	5.351742e-11	2.564112e-01	2.724840e+01	3.871877e+04
9.317464e+00	2.608890e+02	5.355182e-11	2.564029e-01	2.723337e+01	3.858495e+04
9.324571e+00	2.610880e+02	5.358190e-11	2.563946e-01	2.721824e+01	3.874768e+04
9.331679e+00	2.612870e+02	5.360797e-11	2.563861e-01	2.720307e+01	3.903805e+04
9.338786e+00	2.614860e+02	5.362931e-11	2.563776e-01	2.718770e+01	3.911264e+04
9.345893e+00	2.616850e+02	5.364598e-11	2.563691e-01	2.717179e+01	3.894942e+04
9.353000e+00	2.618840e+02	5.365734e-11	2.563605e-01	2.715558e+01	3.883690e+04
9.360107e+00	2.620830e+02	5.366326e-11	2.563518e-01	2.713979e+01	3.907770e+04
9.367214e+00	2.622820e+02	5.366307e-11	2.563430e-01	2.712479e+01	3.953108e+04
9.374321e+00	2.624810e+02	5.365665e-11	2.563342e-01	2.711015e+01	3.981906e+04
9.381429e+00	2.626800e+02	5.364432e-11	2.563254e-01	2.709508e+01	3.989564e+04
9.388536e+00	2.628790e+02	5.362500e-11	2.563164e-01	2.707970e+01	4.003832e+04
9.395643e+00	2.630780e+02	5.359956e-11	2.563075e-01	2.706427e+01	4.020818e+04
9.402750e+00	2.632770e+02	5.356855e-11	2.562985e-01	2.704854e+01	4.009831e+04
9.409857e+00	2.634760e+02	5.353168e-11	2.562895e-01	2.703286e+01	3.972809e+04
9.416964e+00	2.636750e+02	5.348969e-11	2.562803e-01	2.701760e+01	3.960285e+04
9.424071e+00	2.638740e+02	5.344193e-11	2.562709e-01	2.700264e+01	3.973888e+04
9.431179e+00	2.640730e+02	5.338918e-11	2.562613e-01	2.698787e+01	3.982679e+04
9.438286e+00	2.642720e+02	5.333196e-11	2.562515e-01	2.697301e+01	3.976249e+04
9.445393e+00	2.644710e+02	5.326956e-11	2.562415e-01	2.695762e+01	3.957415e+04
9.452500e+00	2.646700e+02	5.320342e-11	2.562313e-01	2.694162e+01	3.918879e+04
9.459607e+00	2.648690e+02	5.313370e-11	2.562209e-01	2.692560e+01	3.884965e+04
9.466714e+00	2.650680e+02	5.306045e-11	2.562106e-01	2.690954e+01	3.873925e+04
9.473821e+00	2.652670e+02	5.298441e-11	2.562004e-01	2.689303e+01	3.830890e+04
9.480929e+00	2.654660e+02	5.290535e-11	2.561903e-01	2.687659e+01	3.732206e+04
9.488036e+00	2.656650e+02	5.282372e-11	2.561804e-01	2.686111e+01	3.654181e+04
9.495143e+00	2.658640e+02	5.274010e-11	2.561704e-01	2.684705e+01	3.642111e+04
9.502250e+00	2.660630e+02	5.265471e-11	2.561602e-01	2.683349e+01	3.661513e+04
9.509357e+00	2.662620e+02	5.256870e-11	2.561498e-01	2.681878e+01	3.693263e+04
9.516464e+00	2.664610e+02	5.248192e-11	2.561392e-01	2.680218e+01	3.721597e+04
9.523571e+00	2.666600e+02	5.239580e-11	2.561287e-01	2.678450e+01	3.758104e+04
9.530679e+00	2.668590e+02	5.230992e-11	2.561186e-01	2.676719e+01	3.799293e+04
9.537786e+00	2.670580e+02	5.222560e-11	2.561087e-01	2.675126e+01	3.801407e+04
9.544893e+00	2.672570e+02	5.214384e-11	2.560989e-01	2.673721e+01	3.804896e+04
9.552000e+00	2.674560e+02	5.206535e-11	2.560889e-01	2.672453e+01	3.831057e+04
9.559107e+00	2.676550e+02	5.199021e-11	2.560785e-01	2.671183e+01	3.837544e+04
9.566214e+00	2.678540e+02	5.191907e-11	2.560680e-01	2.669802e+01	3.823311e+04
9.573321e+00	2.680530e+02	5.185145e-11	2.560575e-01	2.668271e+01	3.804539e+04
9.580429e+00	2.682520e+02	5.178832e-11	2.560473e-01	2.666666e+01	3.789039e+04
9.587536e+00	2.684510e+02	5.172952e-11	2.560375e-01	2.665129e+01	3.760173e+04
9.594643e+00	2.686500e+02	5.167577e-11	2.560277e-01	2.663723e+01	3.767938e+04
9.601750e+00	2.688490e+02	5.162676e-11	2.560176e-01	2.662366e+01	3.806473e+04
9.608857e+00	2.690480e+02	5.158241e-11	2.560072e-01	2.660916e+01	3.791712e+04
9.615964e+00	2.692470e+02	5.154283e-11	2.559968e-01	2.659375e+01	3.735627e+04
9.623071e+00	2.694460e+02	5.150898e-11	2.559865e-01	2.657822e+01	3.621050e+04
9.630179e+00	2.696450e+02	5.148203e-11	2.559762e-01	2.656262e+01	3.496872e+04
9.637286e+00	2.698440e+02	5.146183e-11	2.559662e-01	2.654736e+01	3.413157e+04
9.644393e+00	2.700430e+02	5.144795e-11	2.559561e-01	2.653345e+01	3.391903e+04
9.651500e+00	2.702420e+02	5.143955e-11	2.559458e-01	2.652050e+01	3.351628e+04
9.658607e+00	2.704410e+02	5.143786e-11	2.559353e-01	2.650677e+01	3.306735e+04
9.665714e+00	2.706400e+02	5.144285e-11	2.559248e-01	2.649191e+01	3.249703e+04
9.672821e+00	2.708390e+02	5.145495e-11	2.559145e-01	2.647745e+01	3.199585e+04
9.679929e+00	2.710380e+02	5.147374e-11	2.559043e-01	2.646484e+01	3.186952e+04
9.687036e+00	2.712370e+02	5.149951e-11	2.558940e-01	2.645335e+01	3.179097e+04
9.694143e+00	2.714360e+02	5.153248e-11	2.558837e-01	2.644087e+01	3.123033e+04
9.701250e+00	2.716350e+02	5.157170e-11	2.558736e-01	2.642786e+01	3.112203e+04
9.708357e+00	2.718340e+02	5.161695e-11	2.558637e-01	2.641629e+01	3.063052e+04
9.715464e+00	2.720330e+02	5.166873e-11	2.558537e-01	2.640459e+01	2.971868e+04
9.722571e+00	2.722320e+02	5.172643e-11	2.558438e-01	2.639168e+01	2.921856e+04
9.729679e+00	2.724310e+02	5.178949e-11	2.558341e-01	2.637845e+01	2.872371e+04
9.736786e+00	2.726300e+02	5.185591e-11	2.558244e-01	2.636610e+01	2.842243e+04
9.743893e+00	2.728290e+02	5.192682e-11	2.558141e-01	2.635414e+01	2.810435e+04
9.751000e+00	2.730280e+02	5.200304e-11	2.558040e-01	2.634131e+01	2.763853e+04
9.758107e+00	2.732270e+02	5.208349e-11	2.557943e-01	2.632933e+01	2.749804e+04
9.765214e+00	2.734260e+02	5.216787e-11	2.557845e-01	2.631768e+01	2.737909e+04
9.772321e+00	2.736250e+02	5.225625e-11	2.557745e-01	2.630566e+01	2.743298e+04
9.779429e+00	2.738240e+02	5.234872e-11	2.557641e-01	2.629326e+01	2.747533e+04
9.786536e+00	2.740230e+02	5.244641e-11	2.557538e-01	2.628029e+01	2.730582e+04
9.793643e+00	2.742220e+02	5.254698e-11	2.557438e-01	2.626849e+01	2.740119e+04
9.800750e+00	2.744210e+02	5.264957e-11	2.557338e-01	2.625694e+01	2.764057e+04
9.807857e+00	2.746200e+02	5.275508e-11	2.557237e-01	2.624470e+01	2.741912e+04
9.814964e+00	2.748190e+02	5.286471e-11	2.557136e-01	2.623107e+01	2.747517e+04
9.822071e+00	2.750180e+02	5.297774e-11	2.557034e-01	2.621911e+01	2.735126e+04
9.829179e+00	2.752170e+02	5.309316e-11	2.556930e-01	2.620859e+01	2.780039e+04
9.836286e+00	2.754160e+02	5.321050e-11	2.556825e-01	2.619628e+01	2.742464e+04
9.843393e+00	2.756150e+02	5.332915e-11	2.556721e-01	2.618277e+01	2.804872e+04
9.850500e+00	2.758140e+02	5.344848e-11	2.556619e-01	2.617117e+01	2.761233e+04
9.857607e+00	2.760130e+02	5.356716e-11	2.556515e-01	2.615954e+01	2.797716e+04
9.864714e+00	2.762120e+02	5.368553e-11	2.556410e-01	2.614588e+01	2.781675e+04
9.871821e+00	2.764110e+02	5.380217e-11	2.556306e-01	2.613411e+01	2.794235e+04
9.878929e+00	2.766100e+02	5.391645e-11	2.556205e-01	2.612254e+01	2.796831e+04
9.886036e+00	2.768090e+02	5.402783e-11	2.556103e-01	2.611055e+01	2.773345e+04
9.893143e+00	2.770080e+02	5.413702e-11	2.556000e-01	2.609776e+01	2.807854e+04
9.900250e+00	2.772070e+02	5.424395e-11	2.555895e-01	2.608526e+01	2.728545e+04
9.907357e+00	2.774060e+02	5.434788e-11	2.555793e-01	2.607409e+01	2.782150e+04
9.914464e+00	2.776050e+02	5.444807e-11	2.555692e-01	2.606289e+01	2.732962e+04
9.921571e+00	2.778040e+02	5.454384e-11	2.555587e-01	2.605333e+01	2.778310e+04
9.928679e+00	2.780030e+02	5.463527e-11	2.555479e-01	2.604104e+01	2.755760e+04
9.935786e+00	2.782020e+02	5.472133e-11	2.555373e-01	2.602903e+01	2.764519e+04
9.942893e+00	2.784010e+02	5.480276e-11	2.555267e-01	2.601630e+01	2.675451e+04
9.950000e+00	2.786000e+02	5.487809e-11	2.555161e-01	2.600387e+01	2.628552e+04
9.957107e+00	2.787990e+02	5.494811e-11	2.555055e-01	2.599136e+01	2.669903e+04
9.964214e+00	2.789980e+02	5.501266e-11	2.554949e-01	2.598161e+01	2.685691e+04
9.971321e+00	2.791970e+02	5.507120e-11	2.554843e-01	2.596981e+01	2.601987e+04
9.978429e+00	2.793960e+02	5.512262e-11	2.554737e-01	2.595695e+01	2.637066e+04
9.985536e+00	2.795950e+02	5.516711e-11	2.554634e-01	2.594423e+01	2.506827e+04
9.992643e+00	2.797940e+02	5.520469e-11	2.554530e-01	2.593405e+01	2.521242e+04
9.999750e+00	2.799930e+02	5.523481e-11	2.554425e-01	2.592321e+01	2.464934e+04
1.000686e+01	2.801920e+02	5.525702e-11	2.554320e-01	2.591381e+01	2.505468e+04
1.001396e+01	2.803910e+02	5.527196e-11	2.554215e-01	2.590390e+01	2.502091e+04
1.002107e+01	2.805900e+02	5.527938e-11	2.554109e-01	2.589395e+01	2.505409e+04
1.002818e+01	2.807890e+02	5.527917e-11	2.554001e-01	2.588310e+01	2.494624e+04
1.003529e+01	2.809880e+02	5.527065e-11	2.553893e-01	2.587143e+01	2.480887e+04
1.004239e+01	2.811870e+02	5.525399e-11	2.553786e-01	2.586114e+01	2.490509e+04
1.004950e+01	2.813860e+02	5.523055e-11	2.553678e-01	2.585189e+01	2.419431e+04
1.005661e+01	2.815850e+02	5.520011e-11	2.553570e-01	2.584313e+01	2.408334e+04
1.006371e+01	2.817840e+02	5.516201e-11	2.553462e-01	2.583317e+01	2.389607e+04
1.007082e+01	2.819830e+02	5.511599e-11	2.553354e-01	2.582318e+01	2.364034e+04
1.007793e+01	2.821820e+02	5.506275e-11	2.553247e-01	2.581317e+01	2.336738e+04
1.008504e+01	2.823810e+02	5.500286e-11	2.553139e-01	2.580253e+01	2.296460e+04
1.009214e+01	2.825800e+02	5.493649e-11	2.553032e-01	2.579235e+01	2.280453e+04
1.009925e+01	2.827790e+02	5.486406e-11	2.552926e-01	2.578276e+01	2.281703e+04
1.010636e+01	2.829780e+02	5.478547e-11	2.552821e-01	2.577330e+01	2.282517e+04
1.011346e+01	2.831770e+02	5.470110e-11	2.552717e-01	2.576359e+01	2.289101e+04
1.012057e+01	2.833760e+02	5.461135e-11	2.552613e-01	2.575375e+01	2.302737e+04
1.012768e+01	2.835750e+02	5.451608e-11	2.552510e-01	2.574373e+01	2.266109e+04
1.013479e+01	2.837740e+02	5.441616e-11	2.552406e-01	2.573392e+01	2.222946e+04
1.014189e+01	2.839730e+02	5.431126e-11	2.552304e-01	2.572409e+01	2.194291e+04
1.014900e+01	2.841720e+02	5.420277e-11	2.552201e-01	2.571419e+01	2.180285e+04
1.015611e+01	2.843710e+02	5.408915e-11	2.552100e-01	2.570506e+01	2.239205e+04
1.016321e+01	2.845700e+02	5.397202e-11	2.551999e-01	2.569625e+01	2.290071e+04
1.017032e+01	2.847690e+02	5.385055e-11	2.551899e-01	2.568676e+01	2.268849e+04
1.017743e+01	2.849680e+02	5.372641e-11	2.551801e-01	2.567668e+01	2.228374e+04
1.018454e+01	2.851670e+02	5.359941e-11	2.551704e-01	2.566666e+01	2.194458e+04
1.019164e+01	2.853660e+02	5.347106e-11	2.551608e-01	2.565708e+01	2.181996e+04
1.019875e+01	2.855650e+02	5.334165e-11	2.551512e-01	2.564801e+01	2.216248e+04
1.020586e+01	2.857640e+02	5.321118e-11	2.551417e-01	2.563886e+01	2.209331e+04
1.021296e+01	2.859630e+02	5.308012e-11	2.551321e-01	2.562958e+01	2.155816e+04
1.022007e+01	2.861620e+02	5.294895e-11	2.551226e-01	2.562089e+01	2.150836e+04
1.022718e+01	2.863610e+02	5.281804e-11	2.551132e-01	2.561267e+01	2.153822e+04
1.023429e+01	2.865600e+02	5.268825e-11	2.551039e-01	2.560401e+01	2.171518e+04
1.024139e+01	2.867590e+02	5.256015e-11	2.550945e-01	2.559521e+01	2.225144e+04
1.024850e+01	2.869580e+02	5.243309e-11	2.550851e-01	2.558646e+01	2.218316e+04
1.025561e+01	2.871570e+02	5.230888e-11	2.550755e-01	2.557714e+01	2.185097e+04
1.026271e+01	2.873560e+02	5.218851e-11	2.550661e-01	2.556750e+01	2.171157e+04
1.026982e+01	2.875550e+02	5.207213e-11	2.550568e-01	2.555803e+01	2.161350e+04
1.027693e+01	2.877540e+02	5.196094e-11	2.550475e-01	2.554911e+01	2.142497e+04
1.028404e+01	2.879530e+02	5.185492e-11	2.550382e-01	2.553987e+01	2.098543e+04
1.029114e+01	2.881520e+02	5.175523e-11	2.550290e-01	2.553038e+01	2.093965e+04
1.029825e+01	2.883510e+02	5.166144e-11	2.550199e-01	2.552116e+01	2.089429e+04
1.030536e+01	2.885500e+02	5.157412e-11	2.550110e-01	2.551253e+01	2.066101e+04
1.031246e+01	2.887490e+02	5.149344e-11	2.550021e-01	2.550440e+01	2.066705e+04
1.031957e+01	2.889480e+02	5.141970e-11	2.549932e-01	2.549634e+01	2.099291e+04
1.032668e+01	2.891470e+02	5.135335e-11	2.549843e-01	2.548798e+01	2.100748e+04
1.033379e+01	2.893460e+02	5.129543e-11	2.549754e-01	2.547922e+01	2.083844e+04
1.034089e+01	2.895450e+02	5.124562e-11	2.549664e-01	2.547045e+01	2.075850e+04
1.034800e+01	2.897440e+02	5.120470e-11	2.549573e-01	2.546195e+01	2.063658e+04
1.035511e+01	2.899430e+02	5.117286e-11	2.549480e-01	2.545366e+01	2.061105e+04
1.036221e+01	2.901420e+02	5.114987e-11	2.549387e-01	2.544538e+01	2.066368e+04
1.036932e+01	2.903410e+02	5.113572e-11	2.549293e-01	2.543683e+01	2.089828e+04
1.037643e+01	2.905400e+02	5.113007e-11	2.549198e-01	2.542818e+01	2.108321e+04
1.038354e+01	2.907390e+02	5.113257e-11	2.549104e-01	2.541963e+01	2.080223e+04
1.039064e+01	2.909380e+02	5.114337e-11	2.549009e-01	2.541119e+01	2.030801e+04
1.039775e+01	2.911370e+02	5.116309e-11	2.548915e-01	2.540264e+01	2.021096e+04
1.040486e+01	2.913360e+02	5.119172e-11	2.548820e-01	2.539400e+01	2.043714e+04
1.041196e+01	2.915350e+02	5.122878e-11	2.548724e-01	2.538491e+01	2.020261e+04
1.041907e+01	2.917340e+02	5.127442e-11	2.548628e-01	2.537568e+01	1.986556e+04
1.042618e+01	2.919330e+02	5.132846e-11	2.548531e-01	2.536683e+01	1.972795e+04
1.043329e+01	2.921320e+02	5.139095e-11	2.548433e-01	2.535812e+01	1.988370e+04
1.044039e+01	2.923310e+02	5.146141e-11	2.548336e-01	2.534964e+01	2.046259e+04
1.044750e+01	2.925300e+02	5.153925e-11	2.548239e-01	2.534161e+01	2.073122e+04
1.045461e+01	2.927290e+02	5.162449e-11	2.548142e-01	2.533314e+01	2.023538e+04
1.046171e+01	2.929280e+02	5.171606e-11	2.548045e-01	2.532395e+01	1.981473e+04
1.046882e+01	2.931270e+02	5.181313e-11	2.547949e-01	2.531453e+01	1.962160e+04
1.047593e+01	2.933260e+02	5.191497e-11	2.547852e-01	2.530544e+01	1.969469e+04
1.048304e+01	2.935250e+02	5.201957e-11	2.547756e-01	2.529706e+01	1.979737e+04
1.049014e+01	2.937240e+02	5.212621e-11	2.547658e-01	2.528877e+01	1.965086e+04
1.049725e+01	2.939230e+02	5.223436e-11	2.547560e-01	2.528050e+01	2.003447e+04
1.050436e+01	2.941220e+02	5.234294e-11	2.547462e-01	2.527254e+01	2.049735e+04
1.051146e+01	2.943210e+02	5.245038e-11	2.547366e-01	2.526431e+01	2.038294e+04
1.051857e+01	2.945200e+02	5.255620e-11	2.547272e-01	2.525562e+01	2.017022e+04
1.052568e+01	2.947190e+02	5.266002e-11	2.547177e-01	2.524672e+01	2.001054e+04
1.053279e+01	2.949180e+02	5.276043e-11	2.547082e-01	2.523784e+01	1.998421e+04
1.053989e+01	2.951170e+02	5.285729e-11	2.546985e-01	2.522895e+01	1.999045e+04
1.054700e+01	2.953160e+02	5.294946e-11	2.546888e-01	2.522028e+01	2.001996e+04
1.055411e+01	2.955150e+02	5.303642e-11	2.546793e-01	2.521167e+01	2.010109e+04
1.056121e+01	2.957140e+02	5.311793e-11	2.546701e-01	2.520274e+01	2.023892e+04
1.056832e+01	2.959130e+02	5.319381e-11	2.546609e-01	2.519402e+01	2.027371e+04
1.057543e+01	2.961120e+02	5.326335e-11	2.546518e-01	2.518554e+01	2.021463e+04
1.058254e+01	2.963110e+02	5.332582e-11	2.546426e-01	2.517697e+01	2.031244e+04
1.058964e+01	2.965100e+02	5.338175e-11	2.546335e-01	2.516829e+01	2.050099e+04
1.059675e+01	2.967090e+02	5.343042e-11	2.546245e-01	2.515983e+01	2.046600e+04
1.060386e+01	2.969080e+02	5.347254e-11	2.546155e-01	2.515147e+01	2.026036e+04
1.061096e+01	2.971070e+02	5.350800e-11	2.546064e-01	2.514285e+01	2.014553e+04
1.061807e+01	2.973060e+02	5.353647e-11	2.545971e-01	2.513380e+01	1.989561e+04
1.062518e+01	2.975050e+02	5.355798e-11	2.545879e-01	2.512468e+01	2.011765e+04
1.063229e+01	2.977040e+02	5.357403e-11	2.545791e-01	2.511585e+01	2.079939e+04
1.063939e+01	2.979030e+02	5.358488e-11	2.545704e-01	2.510751e+01	2.130687e+04
1.064650e+01	2.981020e+02	5.359088e-11	2.545615e-01	2.509875e+01	2.139710e+04
1.065361e+01	2.983010e+02	5.359175e-11	2.545524e-01	2.508970e+01	2.119038e+04
1.066071e+01	2.985000e+02	5.358821e-11	2.545432e-01	2.508088e+01	2.107874e+04
1.066782e+01	2.986990e+02	5.358052e-11	2.545340e-01	2.507289e+01	2.116562e+04
1.067493e+01	2.988980e+02	5.356971e-11	2.545249e-01	2.506555e+01	2.114675e+04
1.068204e+01	2.990970e+02	5.355499e-11	2.545156e-01	2.505763e+01	2.105792e+04
1.068914e+01	2.992960e+02	5.353717e-11	2.545063e-01	2.504990e+01	2.162200e+04
1.069625e+01	2.994950e+02	5.351819e-11	2.544969e-01	2.504289e+01	2.256918e+04
1.070336e+01	2.996940e+02	5.349679e-11	2.544877e-01	2.503562e+01	2.310877e+04
1.071046e+01	2.998930e+02	5.347407e-11	2.544787e-01	2.502709e+01	2.274134e+04
1.071757e+01	3.000920e+02	5.345039e-11	2.544697e-01	2.501811e+01	2.233443e+04
1.072468e+01	3.002910e+02	5.342617e-11	2.544606e-01	2.500936e+01	2.206134e+04
1.073179e+01	3.004900e+02	5.340153e-11	2.544514e-01	2.499982e+01	2.168357e+04
1.073889e+01	3.006890e+02	5.337657e-11	2.544422e-01	2.498933e+01	2.158876e+04
1.074600e+01	3.008880e+02	5.335264e-11	2.544329e-01	2.497900e+01	2.161621e+04
1.075311e+01	3.010870e+02	5.332875e-11	2.544237e-01	2.496937e+01	2.165083e+04
1.076021e+01	3.012860e+02	5.330592e-11	2.544145e-01	2.496080e+01	2.161102e+04
1.076732e+01	3.014850e+02	5.328296e-11	2.544053e-01	2.495235e+01	2.091593e+04
1.077443e+01	3.016840e+02	5.326008e-11	2.543962e-01	2.494270e+01	2.025653e+04
1.078154e+01	3.018830e+02	5.323780e-11	2.543871e-01	2.493249e+01	2.050289e+04
1.078864e+01	3.020820e+02	5.321609e-11	2.543781e-01	2.492300e+01	2.082179e+04
1.079575e+01	3.022810e+02	5.319489e-11	2.543691e-01	2.491443e+01	2.039100e+04
1.080286e+01	3.024800e+02	5.317448e-11	2.543601e-01	2.490660e+01	2.033228e+04
1.080996e+01	3.026790e+02	5.315420e-11	2.543511e-01	2.489883e+01	2.063458e+04
1.081707e+01	3.028780e+02	5.313419e-11	2.543422e-01	2.489008e+01	2.044378e+04
1.082418e+01	3.030770e+02	5.311430e-11	2.543334e-01	2.488050e+01	2.017029e+04
1.083129e+01	3.032760e+02	5.309440e-11	2.543245e-01	2.487062e+01	2.011557e+04
1.083839e+01	3.034750e+02	5.307401e-11	2.543155e-01	2.486140e+01	2.009253e+04
1.084550e+01	3.036740e+02	5.305403e-11	2.543064e-01	2.485318e+01	2.001343e+04
1.085261e+01	3.038730e+02	5.303358e-11	2.542974e-01	2.484498e+01	2.003649e+04
1.085971e+01	3.040720e+02	5.301270e-11	2.542884e-01	2.483647e+01	1.995844e+04
1.086682e+01	3.042710e+02	5.299050e-11	2.542795e-01	2.482754e+01	1.992907e+04
1.087393e+01	3.044700e+02	5.296658e-11	2.542704e-01	2.481822e+01	2.003993e+04
1.088104e+01	3.046690e+02	5.294024e-11	2.542612e-01	2.480898e+01	2.013923e+04
1.088814e+01	3.048680e+02	5.291183e-11	2.542522e-01	2.479983e+01	2.006830e+04
1.089525e+01	3.050670e+02	5.288165e-11	2.542432e-01	2.479102e+01	2.011253e+04
1.090236e+01	3.052660e+02	5.284989e-11	2.542344e-01	2.478257e+01	2.031340e+04
1.090946e+01	3.054650e+02	5.281618e-11	2.542256e-01	2.477446e+01	2.029331e+04
1.091657e+01	3.056640e+02	5.277963e-11	2.542168e-01	2.476596e+01	2.009848e+04
1.092368e+01	3.058630e+02	5.274033e-11	2.542078e-01	2.475727e+01	2.006967e+04
1.093079e+01	3.060620e+02	5.269871e-11	2.541987e-01	2.474834e+01	2.014916e+04
1.093789e+01	3.062610e+02	5.265517e-11	2.541896e-01	2.473889e+01	2.004140e+04
1.094500e+01	3.064600e+02	5.261056e-11	2.541806e-01	2.472952e+01	2.004802e+04
1.095211e+01	3.066590e+02	5.256536e-11	2.541716e-01	2.472078e+01	2.025027e+04
1.095921e+01	3.068580e+02	5.251867e-11	2.541626e-01	2.471234e+01	2.029415e+04
1.096632e+01	3.070570e+02	5.247101e-11	2.541536e-01	2.470366e+01	2.018025e+04
1.097343e+01	3.072560e+02	5.242239e-11	2.541446e-01	2.469487e+01	2.027469e+04
1.098054e+01	3.074550e+02	5.237340e-11	2.541355e-01	2.468624e+01	2.037018e+04
1.098764e+01	3.076540e+02	5.232348e-11	2.541263e-01	2.467778e+01	2.047495e+04
1.099475e+01	3.078530e+02	5.227366e-11	2.541173e-01	2.466923e+01	2.082037e+04
1.100186e+01	3.080520e+02	5.222305e-11	2.541084e-01	2.466036e+01	2.109046e+04
1.100896e+01	3.082510e+02	5.217276e-11	2.540994e-01	2.465130e+01	2.113496e+04
1.101607e+01	3.084500e+02	5.212318e-11	2.540903e-01	2.464240e+01	2.112105e+04
1.102318e+01	3.086490e+02	5.207498e-11	2.540811e-01	2.463341e+01	2.120434e+04
1.103029e+01	3.088480e+02	5.202767e-11	2.540719e-01	2.462426e+01	2.129064e+04
1.103739e+01	3.090470e+02	5.198060e-11	2.540627e-01	2.461514e+01	2.121241e+04
1.104450e+01	3.092460e+02	5.193390e-11	2.540534e-01	2.460606e+01	2.129243e+04
1.105161e+01	3.094450e+02	5.188893e-11	2.540443e-01	2.459708e+01	2.142392e+04
1.105871e+01	3.096440e+02	5.184607e-11	2.540353e-01	2.458788e+01	2.143395e+04
1.106582e+01	3.098430e+02	5.180519e-11	2.540264e-01	2.457865e+01	2.140736e+04
1.107293e+01	3.100420e+02	5.176619e-11	2.540174e-01	2.456949e+01	2.145769e+04
1.108004e+01	3.102410e+02	5.172946e-11	2.540085e-01	2.455999e+01	2.148554e+04
1.108714e+01	3.104400e+02	5.169478e-11	2.539994e-01	2.455057e+01	2.147718e+04
1.109425e+01	3.106390e+02	5.166351e-11	2.539902e-01	2.454121e+01	2.155104e+04
1.110136e+01	3.108380e+02	5.163622e-11	2.539810e-01	2.453194e+01	2.165207e+04
1.110846e+01	3.110370e+02	5.161234e-11	2.539719e-01	2.452268e+01	2.178462e+04
1.111557e+01	3.112360e+02	5.159364e-11	2.539627e-01	2.451300e+01	2.183041e+04
1.112268e+01	3.114350e+02	5.157899e-11	2.539536e-01	2.450342e+01	2.184217e+04
1.112979e+01	3.116340e+02	5.156937e-11	2.539447e-01	2.449364e+01	2.181253e+04
1.113689e+01	3.118330e+02	5.156473e-11	2.539357e-01	2.448318e+01	2.189322e+04
1.114400e+01	3.120320e+02	5.156407e-11	2.539265e-01	2.447330e+01	2.199039e+04
1.115111e+01	3.122310e+02	5.156795e-11	2.539173e-01	2.446381e+01	2.199423e+04
1.115821e+01	3.124300e+02	5.157676e-11	2.539083e-01	2.445371e+01	2.200180e+04
1.116532e+01	3.126290e+02	5.159048e-11	2.538994e-01	2.444333e+01	2.210753e+04
1.117243e+01	3.128280e+02	5.160848e-11	2.538904e-01	2.443278e+01	2.215898e+04
1.117954e+01	3.130270e+02	5.163113e-11	2.538814e-01	2.442263e+01	2.224580e+04
1.118664e+01	3.132260e+02	5.165889e-11	2.538725e-01	2.441348e+01	2.212536e+04
1.119375e+01	3.134250e+02	5.169087e-11	2.538636e-01	2.440348e+01	2.209084e+04
1.120086e+01	3.136240e+02	5.172688e-11	2.538546e-01	2.439232e+01	2.211782e+04
1.120796e+01	3.138230e+02	5.176679e-11	2.538453e-01	2.438193e+01	2.225523e+04
1.121507e+01	3.140220e+02	5.181097e-11	2.538362e-01	2.437194e+01	2.220929e+04
1.122218e+01	3.142210e+02	5.185989e-11	2.538273e-01	2.436130e+01	2.234887e+04
1.122929e+01	3.144200e+02	5.191356e-11	2.538184e-01	2.435126e+01	2.256357e+04
1.123639e+01	3.146190e+02	5.197215e-11	2.538094e-01	2.434154e+01	2.284870e+04
1.124350e+01	3.148180e+02	5.203502e-11	2.538004e-01	2.433033e+01	2.318505e+04
1.125061e+01	3.150170e+02	5.210186e-11	2.537913e-01	2.431958e+01	2.347872e+04
1.125771e+01	3.152160e+02	5.217210e-11	2.537821e-01	2.430985e+01	2.342463e+04
1.126482e+01	3.154150e+02	5.224542e-11	2.537729e-01	2.429903e+01	2.350162e+04
1.127193e+01	3.156140e+02	5.232278e-11	2.537637e-01	2.428708e+01	2.375649e+04
1.127904e+01	3.158130e+02	5.240210e-11	2.537544e-01	2.427586e+01	2.381806e+04
1.128614e+01	3.160120e+02	5.248416e-11	2.537451e-01	2.426568e+01	2.372285e+04
1.129325e+01	3.162110e+02	5.256798e-11	2.537360e-01	2.425516e+01	2.363810e+04
1.130036e+01	3.164100e+02	5.265378e-11	2.537270e-01	2.424407e+01	2.364716e+04
1.130746e+01	3.166090e+02	5.274016e-11	2.537178e-01	2.423392e+01	2.369548e+04
1.131457e+01	3.168080e+02	5.282745e-11	2.537086e-01	2.422440e+01	2.375954e+04
1.132168e+01	3.170070e+02	5.291481e-11	2.536996e-01	2.421338e+01	2.368372e+04
1.132879e+01	3.172060e+02	5.300217e-11	2.536906e-01	2.420144e+01	2.385305e+04
1.133589e+01	3.174050e+02	5.308887e-11	2.536816e-01	2.419062e+01	2.401532e+04
1.134300e+01	3.176040e+02	5.317465e-11	2.536726e-01	2.418080e+01	2.418371e+04
1.135011e+01	3.178030e+02	5.325865e-11	2.536636e-01	2.417038e+01	2.416527e+04
1.135721e+01	3.180020e+02	5.334056e-11	2.536545e-01	2.415916e+01	2.438068e+04
1.136432e+01	3.182010e+02	5.341963e-11	2.536454e-01	2.414770e+01	2.466621e+04
1.137143e+01	3.184000e+02	5.349660e-11	2.536360e-01	2.413668e+01	2.512204e+04
1.137854e+01	3.185990e+02	5.357088e-11	2.536267e-01	2.412637e+01	2.559708e+04
1.138564e+01	3.187980e+02	5.364246e-11	2.536174e-01	2.411580e+01	2.566957e+04
1.139275e+01	3.189970e+02	5.371052e-11	2.536083e-01	2.410416e+01	2.558721e+04
1.139986e+01	3.191960e+02	5.377468e-11	2.535992e-01	2.409191e+01	2.563870e+04
1.140696e+01	3.193950e+02	5.383431e-11	2.535901e-01	2.408031e+01	2.590779e+04
1.141407e+01	3.195940e+02	5.388908e-11	2.535809e-01	2.406943e+01	2.611980e+04
1.142118e+01	3.197930e+02	5.393872e-11	2.535719e-01	2.405855e+01	2.620347e+04
1.142829e+01	3.199920e+02	5.398301e-11	2.535628e-01	2.404724e+01	2.617118e+04
1.143539e+01	3.201910e+02	5.402134e-11	2.535538e-01	2.403560e+01	2.614565e+04
1.144250e+01	3.203900e+02	5.405414e-11	2.535448e-01	2.402423e+01	2.630799e+04
1.144961e+01	3.205890e+02	5.408115e-11	2.535358e-01	2.401361e+01	2.654866e+04
1.145671e+01	3.207880e+02	5.410295e-11	2.535266e-01	2.400346e+01	2.664735e+04
1.146382e+01	3.209870e+02	5.411877e-11	2.535175e-01	2.399291e+01	2.653905e+04
1.147093e+01	3.211860e+02	5.412959e-11	2.535085e-01	2.398163e+01	2.632323e+04
1.147804e+01	3.213850e+02	5.413579e-11	2.534995e-01	2.397012e+01	2.618526e+04
1.148514e+01	3.215840e+02	5.413764e-11	2.534905e-01	2.395881e+01	2.619276e+04
1.149225e+01	3.217830e+02	5.413583e-11	2.534816e-01	2.394749e+01	2.627458e+04
1.149936e+01	3.219820e+02	5.413070e-11	2.534728e-01	2.393588e+01	2.637029e+04
1.150646e+01	3.221810e+02	5.412264e-11	2.534639e-01	2.392398e+01	2.642712e+04
1.151357e+01	3.223800e+02	5.411238e-11	2.534551e-01	2.391213e+01	2.642750e+04
1.152068e+01	3.225790e+02	5.409977e-11	2.534462e-01	2.390067e+01	2.640809e+04
1.152779e+01	3.227780e+02	5.408536e-11	2.534373e-01	2.388964e+01	2.638275e+04
1.153489e+01	3.229770e+02	5.406896e-11	2.534284e-01	2.387846e+01	2.621181e+04
1.154200e+01	3.231760e+02	5.405079e-11	2.534195e-01	2.386688e+01	2.597879e+04
1.154911e+01	3.233750e+02	5.403209e-11	2.534106e-01	2.385510e+01	2.588068e+04
1.155621e+01	3.235740e+02	5.401321e-11	2.534017e-01	2.384330e+01	2.590013e+04
1.156332e+01	3.237730e+02	5.399360e-11	2.533928e-01	2.383158e+01	2.596901e+04
1.157043e+01	3.239720e+02	5.397452e-11	2.533838e-01	2.382015e+01	2.601948e+04
1.157754e+01	3.241710e+02	5.395628e-11	2.533747e-01	2.380909e+01	2.594502e+04
1.158464e+01	3.243700e+02	5.393874e-11	2.533657e-01	2.379827e+01	2.581080e+04
1.159175e+01	3.245690e+02	5.392232e-11	2.533568e-01	2.378719e+01	2.560214e+04
1.159886e+01	3.247680e+02	5.390695e-11	2.533480e-01	2.377567e+01	2.533860e+04
1.160596e+01	3.249670e+02	5.389359e-11	2.533392e-01	2.376425e+01	2.518868e+04
1.161307e+01	3.251660e+02	5.388199e-11	2.533303e-01	2.375300e+01	2.509628e+04
1.162018e+01	3.253650e+02	5.387245e-11	2.533215e-01	2.374137e+01	2.487239e+04
1.162729e+01	3.255640e+02	5.386522e-11	2.533126e-01	2.372932e+01	2.470998e+04
1.163439e+01	3.257630e+02	5.386009e-11	2.533036e-01	2.371769e+01	2.482985e+04
1.164150e+01	3.259620e+02	5.385732e-11	2.532946e-01	2.370694e+01	2.499070e+04
1.164861e+01	3.261610e+02	5.385673e-11	2.532857e-01	2.369651e+01	2.494945e+04
1.165571e+01	3.263600e+02	5.385826e-11	2.532767e-01	2.368564e+01	2.476576e+04
1.166282e+01	3.265590e+02	5.386198e-11	2.532678e-01	2.367429e+01	2.461499e+04
1.166993e+01	3.267580e+02	5.386838e-11	2.532588e-01	2.366289e+01	2.446251e+04
1.167704e+01	3.269570e+02	5.387692e-11	2.532498e-01	2.365170e+01	2.431525e+04
1.168414e+01	3.271560e+02	5.388795e-11	2.532408e-01	2.364079e+01	2.427406e+04
1.169125e+01	3.273550e+02	5.390076e-11	2.532319e-01	2.363018e+01	2.420943e+04
1.169836e+01	3.275540e+02	5.391612e-11	2.532230e-01	2.361962e+01	2.402561e+04
1.170546e+01	3.277530e+02	5.393310e-11	2.532141e-01	2.360891e+01	2.389431e+04
1.171257e+01	3.279520e+02	5.395206e-11	2.532052e-01	2.359805e+01	2.378199e+04
1.171968e+01	3.281510e+02	5.397278e-11	2.531963e-01	2.358715e+01	2.346296e+04
1.172679e+01	3.283500e+02	5.399518e-11	2.531874e-01	2.357647e+01	2.320432e+04
1.173389e+01	3.285490e+02	5.401918e-11	2.531786e-01	2.356586e+01	2.311787e+04
1.174100e+01	3.287480e+02	5.404461e-11	2.531697e-01	2.355498e+01	2.298238e+04
1.174811e+01	3.289470e+02	5.407078e-11	2.531609e-01	2.354421e+01	2.286435e+04
1.175521e+01	3.291460e+02	5.409753e-11	2.531521e-01	2.353393e+01	2.273705e+04
1.176232e+01	3.293450e+02	5.412460e-11	2.531431e-01	2.352391e+01	2.264709e+04
1.176943e+01	3.295440e+02	5.415129e-11	2.531341e-01	2.351375e+01	2.258288e+04
1.177654e+01	3.297430e+02	5.417737e-11	2.531251e-01	2.350353e+01	2.258347e+04
1.178364e+01	3.299420e+02	5.420283e-11	2.531160e-01	2.349348e+01	2.248946e+04
1.179075e+01	3.301410e+02	5.422712e-11	2.531069e-01	2.348358e+01	2.235777e+04
1.179786e+01	3.303400e+02	5.425011e-11	2.530978e-01	2.347369e+01	2.239475e+04
1.180496e+01	3.305390e+02	5.427127e-11	2.530887e-01	2.346345e+01	2.238283e+04
1.181207e+01	3.307380e+02	5.429033e-11	2.530797e-01	2.345286e+01	2.236478e+04
1.181918e+01	3.309370e+02	5.430736e-11	2.530708e-01	2.344257e+01	2.237667e+04
1.182629e+01	3.311360e+02	5.432188e-11	2.530618e-01	2.343285e+01	2.234987e+04
1.183339e+01	3.313350e+02	5.433403e-11	2.530528e-01	2.342332e+01	2.225579e+04
1.184050e+01	3.315340e+02	5.434306e-11	2.530439e-01	2.341346e+01	2.215120e+04
1.184761e+01	3.317330e+02	5.434878e-11	2.530350e-01	2.340332e+01	2.201677e+04
1.185471e+01	3.319320e+02	5.435128e-11	2.530262e-01	2.339346e+01	2.198787e+04
1.186182e+01	3.321310e+02	5.435060e-11	2.530175e-01	2.338385e+01	2.206683e+04
1.186893e+01	3.323300e+02	5.434638e-11	2.530087e-01	2.337393e+01	2.209343e+04
1.187604e+01	3.325290e+02	5.433815e-11	2.530001e-01	2.336390e+01	2.222891e+04
1.188314e+01	3.327280e+02	5.432556e-11	2.529915e-01	2.335446e+01	2.241821e+04
1.189025e+01	3.329270e+02	5.430883e-11	2.529830e-01	2.334570e+01	2.251498e+04
1.189736e+01	3.331260e+02	5.428763e-11	2.529745e-01	2.333695e+01	2.253211e+04
1.190446e+01	3.333250e+02	5.426189e-11	2.529659e-01	2.332753e+01	2.234418e+04
1.191157e+01	3.335240e+02	5.423099e-11	2.529574e-01	2.331778e+01	2.219698e+04
1.191868e+01	3.337230e+02	5.419586e-11	2.529489e-01	2.330814e+01	2.206939e+04
1.192579e+01	3.339220e+02	5.415647e-11	2.529405e-01	2.329879e+01	2.191598e+04
1.193289e+01	3.341210e+02	5.411295e-11	2.529321e-01	2.328974e+01	2.187010e+04
1.194000e+01	3.343200e+02	5.406577e-11	2.529237e-01	2.328066e+01	2.165931e+04
1.194711e+01	3.345190e+02	5.401487e-11	2.529152e-01	2.327156e+01	2.154049e+04
1.195421e+01	3.347180e+02	5.396008e-11	2.529066e-01	2.326276e+01	2.125430e+04
1.196132e+01	3.349170e+02	5.390155e-11	2.528980e-01	2.325405e+01	2.094836e+04
1.196843e+01	3.351160e+02	5.383976e-11	2.528894e-01	2.324519e+01	2.083280e+04
1.197554e+01	3.353150e+02	5.377559e-11	2.528807e-01	2.323644e+01	2.082013e+04
1.198264e+01	3.355140e+02	5.370882e-11	2.528721e-01	2.322783e+01	2.083050e+04
1.198975e+01	3.357130e+02	5.363999e-11	2.528633e-01	2.321878e+01	2.078064e+04
1.199686e+01	3.359120e+02	5.356930e-11	2.528546e-01	2.320940e+01	2.073503e+04
1.200396e+01	3.361110e+02	5.349823e-11	2.528460e-01	2.320026e+01	2.061366e+04
1.201107e+01	3.363100e+02	5.342569e-11	2.528376e-01	2.319129e+01	2.029680e+04
1.201818e+01	3.365090e+02	5.335313e-11	2.528294e-01	2.318237e+01	2.000372e+04
1.202529e+01	3.367080e+02	5.328043e-11	2.528213e-01	2.317374e+01	1.985431e+04
1.203239e+01	3.369070e+02	5.320772e-11	2.528133e-01	2.316541e+01	1.977581e+04
1.203950e+01	3.371060e+02	5.313628e-11	2.528053e-01	2.315731e+01	1.975514e+04
1.204661e+01	3.373050e+02	5.306523e-11	2.527973e-01	2.314889e+01	1.958949e+04
1.205371e+01	3.375040e+02	5.299497e-11	2.527891e-01	2.314039e+01	1.935057e+04
1.206082e+01	3.377030e+02	5.292609e-11	2.527808e-01	2.313228e+01	1.912421e+04
1.206793e+01	3.379020e+02	5.285857e-11	2.527724e-01	2.312430e+01	1.895209e+04
1.207504e+01	3.381010e+02	5.279275e-11	2.527639e-01	2.311595e+01	1.885496e+04
1.208214e+01	3.383000e+02	5.272792e-11	2.527554e-01	2.310720e+01	1.872545e+04
1.208925e+01	3.384990e+02	5.266515e-11	2.527469e-01	2.309863e+01	1.853823e+04
1.209636e+01	3.386980e+02	5.260441e-11	2.527383e-01	2.309044e+01	1.828497e+04
