1060
 -0.797954 -0.600185 -0.854548
 -0.832222 -0.546760 -0.848976
 -0.868522 -0.481702 -0.852313
 -0.901087 -0.428400 -0.846808
 -0.935915 -0.363177 -0.851488
 -0.977434 -0.304032 -0.804718
 -0.961257 -0.248490 -0.891352
 -0.953120 -0.285310 -0.880867
 -0.807775 -0.582208 -0.770232
 -0.795775 -0.495377 -0.915110
 -0.848591 -0.516601 -0.780538
 -0.845886 -0.416261 -0.912020
 -0.882038 -0.448844 -0.764138
 -0.896446 -0.342484 -0.901883
 -0.926584 -0.373975 -0.762941
 -1.002710 -0.243251 -0.834588
 -0.905482 -0.262073 -0.920377
 -0.749453 -0.583801 -0.910354
 -0.934525 -0.184343 -0.922263
 -1.013996 -0.220938 -0.739390
 -0.764973 -0.660197 -0.774793
 -0.943908 -0.283869 -0.691743
 -0.743484 -0.676769 -0.857230
 -0.960127 -0.163640 -0.608266
 -0.673852 -0.496093 -0.957431
 -0.742121 -0.396889 -0.955938
 -0.809604 -0.498467 -0.690381
 -0.862733 -0.379117 -0.668939
 -1.004491 -0.180931 -0.877387
 -0.840950 -0.197619 -0.954168
 -1.052386 -0.168451 -0.802372
 -0.825986 -0.300985 -0.947214
 -0.983898 -0.115576 -0.911047
 -1.052904 -0.102626 -0.865251
 -0.615392 -0.605189 -0.953112
 -1.075834 -0.099687 -0.693802
 -0.726930 -0.735598 -0.791790
 -0.682256 -0.681499 -0.910764
 -1.011200 -0.026269 -0.911488
 -0.682198 -0.763701 -0.866879
 -0.743994 -0.607362 -0.680806
 -0.840478 -0.263204 -0.576247
 -0.524257 -0.499817 -0.978119
 -0.706630 -0.514028 -0.594840
 -0.749171 -0.391214 -0.574143
 -0.891423 -0.068393 -0.950680
 -0.481342 -0.633524 -0.969162
 -1.033884 -0.030890 -0.567220
 -0.677614 -0.819787 -0.775959
 -0.722805 -0.250236 -0.972216
 -0.586986 -0.754076 -0.925507
 -0.694322 -0.726869 -0.693261
 -1.134751  0.040041 -0.610605
 -1.103991 -0.079615 -0.790518
 -0.348362 -0.488545 -0.990303
 -0.568749 -0.168904 -0.990418
 -0.781758 -0.132858 -0.470644
 -0.403674 -0.309265 -0.994836
 -0.738702 -0.089589 -0.976738
 -0.580774 -0.453488 -0.485147
 -1.162839  0.017573 -0.745255
 -1.099923 -0.010243 -0.853436
 -0.906529 -0.011352 -0.461656
 -1.056338  0.060552 -0.900722
 -0.636565 -0.623470 -0.575267
 -1.135615  0.100595 -0.853787
 -0.946330  0.074806 -0.942077
 -1.048311  0.093834 -0.466191
 -0.325876 -0.662486 -0.978756
 -0.427735 -0.778268 -0.955405
 -0.628037 -0.851171 -0.674946
 -0.598765 -0.366689 -0.980255
 -0.625091 -0.849185 -0.863480
 -0.593293  0.048385 -0.990957
 -0.623766 -0.914625 -0.764311
 -0.584000 -0.751056 -0.568709
 -0.663015 -0.261419 -0.470037
 -0.888917  0.152704 -0.338492
 -0.799716  0.082823 -0.970909
 -1.230137  0.141365 -0.652742
 -1.184489  0.170960 -0.511553
 -0.334482 -0.053477 -0.998982
 -1.043286  0.170103 -0.912489
 -0.730423  0.042218 -0.364470
 -0.585820 -0.095187 -0.385894
 -1.060339  0.240291 -0.328965
 -1.217194  0.165734 -0.787664
 -0.417195  0.283203 -0.995417
 -0.517294 -0.875956 -0.910945
 -0.550019 -0.884996 -0.577153
 -1.142544  0.208601 -0.865798
 -0.237441 -0.791631 -0.969337
 -0.574803 -0.964252 -0.666917
 -0.571286 -0.940042 -0.850895
 -0.867950  0.295495 -0.226435
 -0.703811  0.276851 -0.978541
 -0.480704 -0.632913 -0.456824
 -0.458919 -0.281312 -0.395803
 -0.558172 -1.021905 -0.767687
 -0.433680 -0.829209 -0.440914
 -0.525386  0.099393 -0.320871
 -1.297432  0.263582 -0.576397
 -0.706242  0.224997 -0.274130
 -0.371921 -0.923314 -0.931489
 -0.165125  0.195082 -0.999666
 -0.348584 -0.064834 -0.343784
 -0.480299 -1.002303 -0.871717
 -1.287732  0.266680 -0.723542
 -1.252297  0.301470 -0.415054
 -0.005276 -0.771608 -0.977132
 -0.141678 -0.308949 -0.998989
 -0.998838  0.350173 -0.177675
 -1.061258  0.316056 -0.905828
 -0.165256 -0.999157 -0.936362
 -0.199236 -0.295965 -0.339255
 -0.145215 -0.592526 -0.990324
 -0.487197 -0.995709 -0.533703
 -0.066922 -0.044605 -0.333119
  0.101724 -0.528500 -0.994056
 -0.348237 -1.096351 -0.878606
 -0.114224 -0.519138 -0.306990
 -0.517605 -1.086012 -0.655494
 -0.354898 -0.476014 -0.378344
 -0.476269 -1.127299 -0.783518
 -0.864621  0.417438 -0.123858
 -1.372845  0.389873 -0.504276
  0.103024 -0.956412 -0.949383
 -1.354220  0.372320 -0.652062
 -0.114646  0.459638 -0.996207
 -0.253477 -0.853516 -0.293144
 -0.291233 -0.672435 -0.343207
 -1.207927  0.299825 -0.828967
 -1.164985  0.358068 -0.240897
 -1.100787  0.407524 -0.101105
  0.091059  0.264263 -0.999518
 -0.642087  0.534619 -0.969067
 -0.360883  0.559497 -0.985901
 -1.359596  0.439233 -0.331933
 -0.167154  0.723687 -0.975659
 -1.283333  0.396335 -0.775248
  0.195623 -0.267592 -0.999092
  0.177696  0.545421 -0.991748
  0.070294 -0.332567 -0.324665
 -1.143307  0.450466 -0.863991
 -0.717788  0.406000 -0.201286
 -1.246985  0.440873 -0.142985
 -0.217500 -1.202404 -0.863518
 -0.015733 -1.171723 -0.892903
 -0.008746 -0.028918 -1.000000
 -0.370854 -0.997135 -0.387462
  0.266223 -0.742774 -0.973753
 -0.282516  0.166112 -0.323414
 -0.515076  0.303776 -0.281174
 -0.904074  0.236752 -0.952063
 -0.355812  0.779222 -0.958913
  0.378142  0.344314 -0.995051
 -1.401518  0.525676 -0.178011
 -1.458448  0.530188 -0.458760
 -0.783579  0.492812 -0.140011
 -0.507699  0.688638 -0.963391
 -0.665210  0.770157 -0.927518
 -0.497823  0.840911 -0.928732
  0.354266 -0.496331 -0.989707
 -0.437846 -1.129971 -0.509644
 -1.351408  0.484740 -0.711314
 -0.232875 -1.008357 -0.233649
 -0.923307  0.460431 -0.933400
 -0.009966  0.652853 -0.985531
 -0.022423  0.796184 -0.966100
 -0.974391  0.414519 -0.069661
 -0.254868  0.882861 -0.934465
  0.223544 -0.043622 -0.335593
 -1.416375  0.491516 -0.600330
 -1.184511  0.443277 -0.002343
 -1.052919  0.422245  0.014487
 -0.897317  0.456441 -0.042927
 -1.335762  0.507493 -0.018137
 -0.100396 -0.739123 -0.251288
 -0.371992  0.908252 -0.914121
  0.303531  0.018807 -0.999341
  0.443896  0.637374 -0.974426
 -0.449073 -1.216772 -0.655631
 -1.085884  0.630263 -0.859922
 -0.106011 -1.358467 -0.801811
  0.322675 -0.967928 -0.927440
 -1.257038  0.556607 -0.789812
 -0.316932 -1.176248 -0.317759
  0.126774  0.739102 -0.974105
 -1.506001  0.613371 -0.291719
 -0.281319  0.393118 -0.332290
 -0.366552 -1.232351 -0.791992
  0.478898 -0.242117 -0.993616
 -0.540572  0.492211 -0.275469
 -0.943653  0.435105  0.025820
  0.117893 -0.632609 -0.284865
  0.203697 -1.130254 -0.895228
  0.350218 -0.366354 -0.371944
 -0.262788 -1.341915 -0.768574
 -0.487247  0.954544 -0.866425
 -0.704044  0.572782 -0.205851
  0.628637  0.429852 -0.978172
  0.098407  0.873683 -0.944942
 -0.844033  0.500358 -0.068360
  0.486771 -0.665001 -0.964750
  0.388453 -0.663665 -0.399266
  0.506371 -0.035550 -0.354199
  0.032902  0.248396 -0.338369
 -0.872731  0.726956 -0.900758
 -0.994064  0.400113  0.099750
 -0.122124  0.878248 -0.942283
  0.594138  0.082052 -0.990687
 -1.126131  0.407376  0.116298
  0.114656 -1.335591 -0.813514
 -0.216925 -1.489582 -0.658682
 -0.556948  0.650897 -0.323222
 -0.808081  0.581406 -0.111787
 -0.339953  0.594730 -0.374849
 -0.870116  0.490354  0.018715
 -0.018788  0.915004 -0.927347
 -0.615411  0.907442 -0.880790
 -0.287026  0.974951 -0.865562
 -0.803159  0.690272 -0.177869
  0.682760  0.696576 -0.942525
  0.226351  0.853323 -0.947600
 -0.095958  0.955430 -0.899817
 -1.258404  0.736522 -0.744905
  0.233170 -0.861884 -0.276571
  0.391539  0.242351 -0.308645
 -0.184479  0.965247 -0.885485
 -1.278125  0.461593  0.125365
 -0.845672  0.571688 -0.027060
 -0.387570 -1.287790 -0.503317
 -1.493857  0.623794 -0.064886
 -0.766465  0.882814 -0.863818
 -1.372868  0.623754 -0.685956
  0.272482  0.724099 -0.972127
 -0.889279  0.429970  0.095173
  0.579989 -0.511081 -0.499120
  0.676350 -0.354135 -0.971705
 -0.038301  0.562192 -0.404417
 -0.713300  0.737843 -0.291593
 -0.381390  0.981556 -0.837973
 -0.316015 -1.374421 -0.367938
  0.369497  0.850071 -0.938725
  0.392671 -1.106651 -0.859119
 -0.359659 -1.348835 -0.664542
  0.030033 -0.847865 -0.189699
 -1.456505  0.631098 -0.572721
 -0.019349 -1.512041 -0.702137
 -0.253140 -1.289342 -0.178418
  0.476858 -0.996551 -0.876250
  0.459034 -0.845013 -0.935220
 -0.444729  0.997186 -0.763423
 -0.860131  0.670819 -0.073404
  0.712113 -0.145468 -0.978437
 -0.327071  0.995277 -0.768946
  0.870470  0.507335 -0.939805
 -1.064668  0.341390  0.209404
  0.288388  0.952533 -0.891519
 -1.077506  0.828826 -0.794744
  0.453135 -0.894101 -0.467497
 -0.841402  0.560489  0.053130
  0.073343  0.967315 -0.886452
  0.564245 -0.905002 -0.875509
 -0.328057 -1.427583 -0.523787
 -1.577435  0.744240 -0.185093
  0.308308 -1.240716 -0.818067
  0.840056  0.243073 -0.962895
  0.174324  0.955181 -0.896820
 -1.435550  0.566525  0.109150
 -0.922406  0.343048  0.181821
  0.622017 -0.275439 -0.455461
 -1.511023  0.710291 -0.470728
 -0.919768  0.914946 -0.799000
 -0.202399 -1.115613 -0.142824
 -1.407434  0.791162 -0.600718
 -0.248536 -1.511546 -0.227766
 -0.690245  0.967698 -0.806805
 -0.570972  0.990390 -0.783276
 -0.409923  0.758498 -0.447811
  0.705449  0.190752 -0.289447
 -1.233353  0.904257 -0.658210
 -0.141698 -1.010673 -0.133951
 -0.117255 -1.053259 -0.043864
  0.536704  0.849334 -0.920309
  0.736626 -0.414964 -0.575328
 -0.195341 -1.202348 -0.006817
  0.801177 -0.032915 -0.425735
 -0.184705  0.739274 -0.482895
 -0.213884  0.995372 -0.793537
 -1.216082  0.380148  0.246513
 -0.844159  0.815868 -0.268106
 -1.554745  0.697050  0.092587
 -0.251517 -1.558549 -0.444346
 -0.096506 -1.663707 -0.511839
 -1.049654  0.964677 -0.680355
 -0.801838  0.388694  0.172172
  0.624389  0.389817 -0.240033
 -0.228816 -1.414742 -0.038015
  0.904203  0.756253 -0.883036
 -0.023581  0.984344 -0.865051
 -0.919577  0.786516 -0.136546
  0.216525  0.435489 -0.350760
 -1.479521  0.865094 -0.461704
  0.183116 -1.488149 -0.681733
  0.054426  0.808140 -0.543413
 -0.797998  0.982392 -0.747453
  0.503693 -1.082566 -0.793371
  0.416935  0.967068 -0.861896
 -0.811677  0.493193  0.112928
  0.706872  0.907823 -0.861961
  0.553368 -0.493759 -0.975801
  0.606022 -0.713325 -0.577944
  0.617501 -0.786157 -0.904203
  0.348850 -1.066332 -0.361753
 -0.861682  0.650222  0.034705
 -1.559267  0.790712 -0.341117
 -0.122045 -0.897360 -0.192983
  0.264787  0.700870 -0.446079
  0.437854  0.507266 -0.316496
 -0.119325  0.994147 -0.824455
  0.642493 -0.629041 -0.941758
  1.083376  0.552951 -0.875051
 -0.793397  0.906241 -0.427505
 -1.141966  0.261174  0.358100
  0.719226 -0.702023 -0.870967
 -1.574867  0.883856 -0.226990
 -1.583442  0.750066 -0.042899
 -0.970762  0.238098  0.293463
  0.572526 -0.981246 -0.806993
  0.636919 -0.881877 -0.812045
  0.440549 -1.196738 -0.753887
  0.812563 -0.248565 -0.547783
 -0.606949  0.819699 -0.423439
  0.266366 -1.369731 -0.742629
 -0.388992  0.961127 -0.667412
  0.103558 -0.972166 -0.130952
  0.726547 -0.573937 -0.640825
 -1.341592  0.949403 -0.510243
 -1.606170  0.823863  0.040929
  0.943456  0.190634 -0.325320
 -0.041964  0.994857 -0.795357
  0.562107  0.962933 -0.842061
 -1.385133  0.473258  0.301715
  1.079584  0.319104 -0.899214
  0.836119 -0.475300 -0.707931
  0.444004 -1.115206 -0.513168
 -0.809948  0.617616  0.121072
 -0.810593  0.258283  0.252416
 -0.040554 -0.964690 -0.099483
 -1.603287  0.854964 -0.098493
  1.023562  0.886295 -0.780759
  0.959947 -0.136823 -0.587562
  0.229557 -1.033682 -0.222140
 -0.155122 -1.092608  0.065690
  0.499881 -1.124904 -0.664078
  0.759567 -0.602043 -0.892601
  0.553570 -1.033697 -0.716968
  0.499374  0.996083 -0.734145
  0.734631 -0.695263 -0.737938
 -0.694949  0.462312  0.201871
 -1.519442  0.639080  0.252664
  0.658153 -0.818225 -0.704958
  0.181508 -1.105846 -0.111776
 -1.308007  0.345709  0.426450
 -1.517598  0.910178 -0.337688
 -0.869403  0.727490  0.129520
  0.633643  0.996326 -0.741804
  0.603597 -0.935707 -0.710693
  0.372659 -1.300089 -0.715684
 -0.246075  0.957272 -0.684713
  0.743584 -0.498856 -0.937489
 -0.196544 -1.640906 -0.076714
  0.829021  0.350513 -0.190113
  0.856639  0.000506 -0.960935
 -1.139907  0.996135 -0.515764
  0.635659  0.599368 -0.258145
 -1.015881  0.938983 -0.322134
 -0.231521 -1.314567  0.104601
  0.878501  0.945440 -0.781372
 -0.176289 -1.683631 -0.306871
 -0.084286 -1.019300  0.053204
  0.429853 -1.246736 -0.609560
 -0.677443  0.995513 -0.689542
  0.088206 -1.611518 -0.590060
 -0.530739  0.979195 -0.669255
  0.914315 -0.178110 -0.931861
  0.269388 -1.197913 -0.233343
  1.024958  0.118094 -0.917360
  0.822059 -0.387833 -0.931484
  0.332328 -1.406680 -0.611902
  0.246610 -1.544486 -0.525608
  0.350033 -1.331829 -0.434312
 -0.933403  0.759660  0.000246
  0.364757  0.982189 -0.714992
  0.928706 -0.267681 -0.657945
  0.797218 -0.589633 -0.752074
 -1.406979  0.973284 -0.369821
 -0.658188  0.327168  0.243482
  0.312100  0.996531 -0.805868
 -0.126618  0.967117 -0.713299
  0.517386  0.722590 -0.384201
  1.146604  0.750798 -0.799578
 -0.239366 -1.145083  0.193210
 -0.738117  0.563251  0.177090
 -1.589055  0.802147  0.207835
  0.577405 -0.866826 -0.605569
  0.105975 -1.044105 -0.035332
  0.804541 -0.274808 -0.955503
 -1.480182  0.971795 -0.243486
  0.691911 -0.793862 -0.811105
 -0.653017  0.943554 -0.556740
  0.573336  0.958124 -0.611185
 -0.905132  0.992169 -0.675004
 -0.229813 -1.514923  0.117673
  0.741213  0.506557 -0.168663
 -0.947345  0.989620 -0.527917
  0.225089  0.993639 -0.824837
  0.999526  0.983659 -0.666730
  0.528893 -1.002236 -0.604426
 -0.154185 -1.016141  0.143836
 -0.305281  0.870907 -0.569343
  0.842125  0.467186 -0.099079
 -0.031121 -1.003973 -0.011700
 -0.861866  0.109464  0.360604
  0.039137  0.997315 -0.811511
  0.263903 -1.432868 -0.231674
 -0.135766  0.879102 -0.600865
  0.253855  0.981729 -0.731038
  0.217023 -1.269062 -0.060714
  0.848252 -0.359009 -0.641215
  0.760650  0.988232 -0.738560
 -0.517671  0.446533  0.277661
 -0.668008  0.156686  0.304541
  1.154670  0.920503 -0.687441
 -1.045490  0.120178  0.439673
  0.901829 -0.312457 -0.909870
  0.763700  0.648113 -0.189221
 -0.475139  0.895086 -0.553181
  0.968359 -0.260143 -0.876498
  0.895805 -0.392443 -0.881707
  0.128727  0.994417 -0.826448
 -0.003311  0.978201 -0.738767
  0.711639  0.982229 -0.617619
  1.300342  0.579052 -0.756144
  0.029961 -0.993591 -0.052240
 -1.492076  0.587260  0.400695
  1.209401  0.420296 -0.831104
  0.166504 -1.133999  0.012401
  0.110080 -1.693475 -0.449282
 -0.016544 -0.991363  0.054709
 -0.000098  0.923551 -0.655033
  0.085848  0.980845 -0.743917
  0.040284 -1.005934  0.019218
  0.812987 -0.535393 -0.884016
 -1.211800  0.175780  0.543809
 -0.766969  0.692294  0.214116
 -1.580181  0.929805 -0.030489
 -1.337076  0.998105 -0.244345
 -0.285087 -1.374846  0.276118
  0.913642 -0.370577 -0.733798
  0.925883  0.409086 -0.104317
  0.862505  0.996939 -0.630467
  0.734041  0.778781 -0.313534
  0.817201  0.573939 -0.098126
  1.012122 -0.061462 -0.905501
  0.952346 -0.337034 -0.832431
 -0.795932  0.987400 -0.601845
  0.851271 -0.463802 -0.885634
  0.777619 -0.646431 -0.815591
 -1.073748  0.886078 -0.061805
  0.111232 -1.036552  0.064302
 -0.044703 -0.948076  0.119834
  1.027845 -0.198395 -0.738025
 -1.245026  0.997887 -0.372119
 -0.502779  0.251625  0.290829
 -1.550700  0.949240 -0.136876
  1.308729  0.807395 -0.677679
 -1.581007  0.923135  0.080301
  0.972231 -0.294123 -0.752802
  0.900629 -0.433333 -0.809810
 -1.425620  0.472064  0.508623
 -1.543566  0.728090  0.377627
  0.264774  0.890149 -0.595755
  1.079638 -0.070966 -0.663604
  0.172401  0.988935 -0.761070
  1.089719 -0.101898 -0.802545
  1.120693  0.026229 -0.845397
 -0.870744  0.828727  0.260512
  0.147317  0.936364 -0.665258
 -0.238469 -1.578592  0.314700
 -0.366652 -1.241758  0.422099
 -1.421994  0.996917 -0.133571
  0.870524  0.773053 -0.186881
  1.021214 -0.186863 -0.858692
  0.214738 -1.231170  0.087342
  0.048720 -0.972683  0.094609
  0.966128  0.988876 -0.512756
  0.849466  0.531817 -0.029788
 -0.096464 -1.784938 -0.174575
  0.809985  0.942326 -0.479332
 -0.031230 -1.771632 -0.334901
  0.811271 -0.586052 -0.834358
 -0.740954 -0.051030  0.412602
 -0.167015 -1.706698  0.124346
 -1.179568  0.966258 -0.216165
  0.235365 -1.587446 -0.353274
  1.434411  0.658065 -0.610301
 -0.124653 -1.768874 -0.023281
 -0.244878 -0.964784  0.258867
  0.446699  0.871694 -0.535208
 -0.061338 -1.816420  0.089168
  0.226032 -1.502862 -0.062846
 -1.011075  0.852914  0.108698
  0.850200 -0.518428 -0.814183
  1.166519  0.164430 -0.842201
 -1.487956  0.664669  0.515445
  0.625619  0.883174 -0.483101
 -1.530682  0.875572  0.359766
  1.223974  0.280021 -0.814479
  0.204783 -1.634805 -0.187552
  0.995804  0.331701 -0.202662
 -1.100485  0.023062  0.583458
  1.145860 -0.011750 -0.744747
  1.159183  0.281166 -0.348077
  1.181244  0.162007 -0.519380
  1.318125  0.360521 -0.723530
 -1.558398  0.936013  0.166372
  1.164517  0.384197 -0.194422
  1.036991  0.022955 -0.521769
  1.254716  0.178384 -0.703288
  1.328072  0.317655 -0.537779
 -0.942061 -0.027915  0.493868
  0.025529 -1.811099 -0.203746
  1.167871  0.059198 -0.642823
 -1.336948  0.322742  0.588177
  1.267381  0.958269 -0.557881
 -0.321120 -1.431867  0.464199
 -1.266117  0.976232 -0.080187
  0.920713  0.902737 -0.331003
  0.003170 -1.832558 -0.071574
  0.233644 -1.392189  0.087819
  0.848172  0.672152 -0.102706
  1.000670 -0.261158 -0.811745
 -0.132647 -0.911472  0.190802
  0.125819 -0.981474  0.143912
 -0.076248 -1.791371  0.211824
  1.401241  0.484140 -0.632965
  1.334197  0.410839 -0.344412
 -0.299156  0.358839  0.325083
  1.423705  0.865921 -0.532282
  0.852594  0.616205 -0.022697
 -0.153093 -1.714672  0.280576
 -0.940899  0.938384  0.385549
  0.895303  0.460966 -0.037211
  1.102522  0.994755 -0.565965
 -0.516011  0.005405  0.345341
 -1.480063  0.825589  0.491488
 -1.522429  0.975430  0.025204
 -1.191047  0.073793  0.687095
 -1.545550  0.917217  0.261491
 -1.491821  0.983287  0.109524
  0.970365  0.427331 -0.027304
  1.050355  0.402250 -0.094086
 -1.217721  0.962786  0.101182
 -0.632915  0.598551  0.260287
 -1.269262  0.206647  0.691058
  0.200800 -1.102783  0.148714
  1.343457  0.985799 -0.402231
  1.018657  0.874319 -0.159855
 -1.502485  0.984041 -0.057934
 -1.375965  0.436261  0.654429
 -0.067076 -1.760134  0.335073
 -0.864921 -0.191398  0.551147
  0.051044 -0.904029  0.158091
  1.513509  0.710635 -0.466132
  0.917923  0.741383 -0.025236
  1.452520  0.521957 -0.481589
  1.190394  0.442085 -0.053355
  0.867603  0.492053  0.029153
  0.916320  0.448437  0.023372
 -1.406498  0.767759  0.613066
 -0.210314 -1.582579  0.518961
 -1.402135  0.959651  0.422168
 -1.411959  0.587038  0.642452
  0.210875 -1.594180  0.092517
  0.130975 -1.736574 -0.280210
 -1.117937 -0.047901  0.712593
 -1.095769  0.949938  0.263725
 -0.606274 -0.252519  0.441679
 -1.016415 -0.111210  0.621823
 -0.312149  0.132052  0.323065
 -0.376295 -1.031894  0.397117
  0.842298  0.562700  0.042224
  0.127203 -1.762129 -0.136975
  1.071331  0.423146  0.017929
 -0.393720 -1.314688  0.599817
  0.856438  0.660393  0.070822
 -1.397043  0.998194  0.019522
 -1.346798  0.917930  0.552040
  0.035767 -1.785221  0.294006
 -0.045980 -0.839268  0.196145
  0.217166 -0.997583  0.220574
  1.316652  0.468773 -0.171611
 -1.307421  0.348049  0.735150
  0.041974 -1.814161  0.170611
 -0.271174 -1.454538  0.649455
  0.158670 -0.892245  0.217245
  0.058315 -1.820726  0.059940
  1.513188  0.893162 -0.374949
  1.126753  0.987372 -0.382913
 -1.202261  0.139518  0.793579
  1.195429  0.084465 -0.757849
 -0.303933  0.587934  0.381249
 -1.149458  0.027324  0.801311
 -1.439255  0.977890  0.302835
 -1.483034  0.977400  0.207313
 -0.242150 -0.163945  0.342935
 -1.284271  0.997701  0.290952
  0.906926  0.767951  0.126721
  0.794639  0.582920  0.126613
 -0.672067  0.775994  0.349706
  1.055094  0.870451  0.045611
  0.296085 -1.094228  0.290661
 -0.178249 -0.800945  0.260732
  0.117801 -1.776643 -0.020450
  0.280574 -1.276932  0.249775
  0.147348 -1.738477  0.104478
 -0.104253 -1.537938  0.665570
  0.825700  0.497340  0.095304
  0.181057 -1.675873 -0.034355
  1.208767  0.434971  0.109215
  0.259387 -1.483218  0.251392
 -1.376676  0.998705  0.172972
 -1.238343  0.263646  0.798981
  0.968458  0.417204  0.067644
 -0.080141  0.507842  0.383210
  1.044791  0.379003  0.144801
  1.256044  0.982437 -0.176037
 -1.190213  0.998962  0.431561
 -0.473035 -1.120204  0.575232
 -0.398752 -0.477260  0.396769
  0.886392  0.440533  0.085352
 -0.314018 -1.318795  0.757736
 -0.357408 -0.795678  0.377057
 -0.513567 -0.910541  0.540445
  0.797113  0.689408  0.182928
 -1.124870  0.112960  0.865631
  0.198230 -1.654331  0.235778
 -1.297856  0.689096  0.734350
 -1.260019  0.863673  0.675363
 -0.148117 -1.404216  0.764088
  1.390183  0.539970 -0.027265
  1.484601  0.588107 -0.262088
  0.007230  0.200182  0.336023
 -0.435116 -1.216636  0.731754
 -0.040643 -0.434163  0.312745
 -1.056635 -0.154996  0.744869
 -1.304966  0.502097  0.759410
  0.294640 -0.913333  0.315422
 -0.133325 -1.693097  0.417684
 -1.135215  0.233292  0.871788
 -0.148078  0.717794  0.473624
  0.014344 -1.734698  0.421716
  0.920217  0.376656  0.147812
  0.139155 -1.712320  0.350521
 -0.342036  0.797502  0.495630
 -0.484456  0.689702  0.375983
  0.319177 -1.413589  0.418917
  0.121622 -1.755788  0.228474
 -0.970981 -0.226868  0.673982
 -0.662658 -0.488641  0.549183
 -1.084404 -0.081541  0.834422
 -0.881131 -0.328623  0.651854
  0.387475 -1.216664  0.454040
  0.386656 -1.038851  0.409145
 -1.060776  0.018942  0.892496
  0.979225  0.884104  0.238541
  0.059546 -1.442832  0.752702
  1.245332  0.969202  0.067372
 -0.538732  0.885438  0.520510
  0.071400 -0.790263  0.224136
 -1.180814  0.395153  0.849976
  1.380575  0.511132  0.173785
 -0.767481 -0.344716  0.565478
 -0.039633 -1.656233  0.545559
  0.215346 -0.116403  0.338568
  1.125654  0.330987  0.255442
 -0.526272 -0.693351  0.500519
  0.742200  0.491045  0.168893
  1.427601  0.987330 -0.269670
  1.558605  0.751981 -0.333455
 -1.049520  0.999248  0.538671
  0.069052  0.703401  0.471198
  0.366141 -1.361392  0.585879
 -0.047559 -0.692295  0.257387
  0.475382 -1.052451  0.538531
 -0.512421 -1.107946  0.717240
 -0.174379 -1.246547  0.851119
  0.974851  0.295589  0.237199
 -0.805621 -0.444363  0.649963
  0.822589  0.415645  0.148250
  0.236066 -1.588025  0.384159
 -0.204460  0.871057  0.586020
 -0.209652 -0.634215  0.312415
  0.136781 -1.653532  0.496838
  1.547167  0.932924 -0.212778
 -1.161858  0.597183  0.834839
  1.555894  0.699747 -0.068258
  1.459894  0.991300 -0.142635
 -1.010884 -0.238816  0.767517
 -1.132333  0.800914  0.784014
  1.152004  0.960878  0.231036
  0.698401  0.589851  0.214847
 -0.951136 -0.331452  0.757099
  0.198612  0.493773  0.367860
 -1.021875  0.153292  0.919608
  0.461791 -1.192877  0.649575
  0.208226 -0.780705  0.281190
 -0.332223 -1.182131  0.843338
  0.143109 -0.628782  0.292735
  0.007503 -1.313268  0.832753
 -0.889772 -0.416623  0.738429
  1.278108  0.394712  0.288687
 -0.089862  0.929173  0.659616
 -0.752599  0.906095  0.450649
 -0.667237 -0.667105  0.623573
  0.443945 -0.877039  0.455748
  0.834259  0.308755  0.217894
 -0.559719 -0.999289  0.667630
  0.263219 -1.520309  0.539083
 -1.023640 -0.186666  0.854059
  0.108087 -1.564000  0.637096
 -0.613564 -0.885507  0.677386
  0.346523 -0.706689  0.372614
  0.818826  0.803341  0.275677
  1.574229  0.739472 -0.207417
 -1.014339  0.326962  0.919880
  1.571142  0.933429 -0.093163
 -1.197547  0.972624  0.578150
  0.241330 -1.437680  0.694347
 -0.986294 -0.277778  0.832467
 -0.359172  0.934127  0.631361
 -0.925598  0.045745  0.947652
 -0.218913  0.956183  0.686447
  0.681238  0.713524  0.294193
 -0.518264  0.976119  0.667078
  0.542643 -1.033253  0.661864
 -1.102796  0.939865  0.692731
  0.365000 -0.460217  0.381754
  0.562748 -0.688703  0.530652
  1.504052  0.631704  0.097642
  0.396963  0.283339  0.305052
 -0.879843  0.984818  0.545824
 -0.458867 -1.097419  0.827454
 -0.607997 -0.937824  0.780720
  1.578131  0.837280 -0.257376
  0.876750  0.190161  0.307460
  0.348391 -1.299857  0.747086
  1.049800  0.978017  0.409937
  1.046728  0.212742  0.350875
 -0.187632 -1.077059  0.913630
 -0.687086  0.978541  0.617749
 -0.020192  0.840008  0.570886
  0.549409 -0.907941  0.586601
  0.861287  0.924269  0.415712
 -0.921991 -0.396702  0.804872
 -0.843488 -0.504192  0.749132
  0.719652  0.380296  0.208444
  1.356016  0.997904  0.249312
 -0.599907 -0.792347  0.600900
 -1.001177 -0.077086  0.909024
 -0.548598 -1.027284  0.789098
 -0.762603 -0.564781  0.676893
  0.048147  0.930177  0.663170
  1.585184  0.753987  0.070045
  1.497882  0.604304  0.269856
 -0.658129 -0.854131  0.767484
 -0.360910 -1.021714  0.905145
  1.599704  0.831918 -0.145606
  0.666388  0.858738  0.434969
 -0.979177  0.725291  0.871017
  0.511203 -1.101000  0.754481
 -0.304847  0.992587  0.759674
  1.242437  0.997524  0.383528
  1.368990  0.996273 -0.040791
  0.536622  0.019013  0.343645
 -0.849803  0.204486  0.962472
  0.147432  0.856265  0.578031
  1.493015  0.987006 -0.020494
 -0.994003  0.514950  0.909857
 -0.939350 -0.344350  0.855013
 -0.622985 -0.848782  0.865295
  1.404883  0.475284  0.354073
  0.581849  0.600674  0.288127
  0.197801 -1.334954  0.798776
 -0.674461 -0.783372  0.702818
 -0.513710 -0.954070  0.879204
  1.206332  0.270665  0.406405
 -0.007789 -1.137268  0.904995
 -0.745244  0.994018  0.731512
  1.607538  0.833563 -0.031558
  0.660549  0.237074  0.271793
  0.303764  0.745582  0.465924
 -0.884658 -0.460839  0.810224
  0.414594 -1.172674  0.803393
  0.563709 -1.003520  0.786565
  0.608912 -0.923332  0.708827
  1.566315  0.722377  0.213967
 -0.946246 -0.264143  0.896446
 -0.224472 -0.903430  0.953470
  0.521635 -0.263682  0.413084
 -0.409263  0.992283  0.735557
 -0.848089 -0.076905  0.960031
  0.179169  0.958255  0.693960
  1.404127  0.998263  0.094603
 -0.806661 -0.592943  0.790903
 -0.953951  0.988834  0.671140
 -0.986208  0.895167  0.788883
  0.422959  0.534396  0.328742
 -0.382828  0.985432  0.840487
  1.515690  0.975841  0.085935
 -0.395262 -0.890694  0.936100
 -0.705001 -0.772360  0.812660
  1.546251  0.720064  0.363218
  0.769108  0.050655  0.369566
 -0.031068  0.981507  0.750854
 -0.740283 -0.684289  0.738047
  0.624674 -0.815819  0.644493
 -0.828402  0.997608  0.662762
 -0.626656  0.996337  0.755758
  0.616681 -0.471973  0.512372
 -0.893587 -0.411088  0.871079
 -0.843933 -0.531061  0.827739
 -0.787291  0.670528  0.930066
  0.600671  0.449503  0.246314
  0.973516  0.075164  0.433739
 -0.941821 -0.165687  0.921932
  1.570330  0.829229  0.294494
  1.596696  0.831381  0.169597
  0.474486 -1.053802  0.846676
 -0.688482  0.047295  0.983793
  1.160524  0.996159  0.509154
 -0.844782 -0.480213  0.883581
 -0.853798  0.960645  0.771147
 -0.269618  0.987646  0.851099
  1.491287  0.592244  0.433499
  1.606202  0.858043  0.070386
 -0.814802  0.430577  0.957192
 -0.528062 -0.789613  0.932978
  0.913599  0.991548  0.559501
 -0.495444  0.995802  0.783784
  0.087213  0.991235  0.775012
  0.319255  0.913993  0.613543
  0.144096 -1.210695  0.870515
  0.512505  0.729629  0.390768
  1.141182  0.127572  0.514635
 -0.129635  0.981289  0.742536
 -0.105165  0.996515  0.820889
  0.004895  0.987656  0.856660
  1.494591  0.974245  0.189544
  0.467132  0.872499  0.530110
  1.496529  0.945303  0.306506
  0.616565 -0.897783  0.829033
 -0.671141 -0.160442  0.982310
  0.520026 -0.944711  0.880502
 -0.088327  0.959368  0.898293
  1.293603  0.956033  0.541373
 -0.748475  0.941914  0.824312
  0.759519  0.968199  0.560728
  0.724603 -0.138768  0.447289
 -0.623778  0.272487  0.985549
  0.673416 -0.821979  0.755465
 -0.788852 -0.571414  0.887231
 -0.877233 -0.336987  0.917106
 -0.832892 -0.412051  0.919902
 -0.203143  0.996267  0.789720
  1.560644  0.913307  0.222909
  1.333198  0.358909  0.454313
 -0.578116  0.725104  0.950899
  1.054758  0.996163  0.567008
 -0.480052  0.940622  0.879042
  1.582879  0.926773  0.016546
 -0.755198 -0.667337  0.846841
  0.190795  0.995579  0.807799
 -0.326315 -0.709605  0.973863
  1.575798  0.921887  0.127515
  1.419581  0.462199  0.520273
 -0.671922 -0.693027  0.910790
 -0.183054  0.977975  0.869773
  0.838430  0.995406  0.680574
  0.994044  0.968678  0.705041
  0.597965  0.951842  0.592879
  0.902308 -0.076952  0.503798
  1.513767  0.852271  0.416963
 -0.321134  0.938846  0.899571
  0.322602  0.991503  0.752290
  0.340646 -1.074863  0.890167
  0.285502 -1.205250  0.845939
 -0.567700  0.967367  0.838570
 -0.841153 -0.227830  0.951515
  1.398044  0.962327  0.415685
 -0.605659  0.518792  0.973798
  1.168005  0.950813  0.642248
 -0.421502  0.140361  0.997143
 -0.015341  0.908932  0.930528
  0.183212 -1.067182  0.916797
  0.697481  0.995382  0.682602
 -0.651656  0.934424  0.855462
  0.728291 -0.322305  0.529439
 -0.399471  0.892415  0.918638
  0.700643 -0.701201  0.683441
  1.493557  0.718197  0.509360
 -0.771486 -0.473285  0.932438
 -0.841369  0.850718  0.862390
 -0.532849 -0.645352  0.961363
  0.456431  0.974155  0.677763
  0.404965 -0.972592  0.910875
  0.114471  0.980836  0.868209
  1.052101 -0.017156  0.572047
  1.410070  0.860763  0.551117
 -0.110316 -0.753072  0.978007
 -0.583869  0.877135  0.903764
  1.274551  0.245755  0.548260
  1.355286  0.354136  0.598967
 -0.242769  0.922832  0.915436
 -0.158789  0.917694  0.922646
  0.016731 -0.929255  0.955945
 -0.705893  0.834093  0.900517
  0.269181 -0.909495  0.948558
  1.452647  0.583048  0.568483
  0.544081 -0.818947  0.920256
 -0.093075  0.881282  0.942366
  0.996254 -0.146390  0.631566
 -0.754205 -0.340731  0.959532
  0.418514 -0.865937  0.938021
 -0.403740  0.376965  0.993369
  0.735061 -0.720997  0.802787
  0.059165  0.938183  0.913645
  1.279000  0.851145  0.671507
 -0.454409 -0.090936  0.996498
  1.232158  0.148741  0.640984
  1.292007  0.250560  0.697101
  0.874332  0.931383  0.798233
  1.388982  0.485608  0.656418
 -0.418558  0.591582  0.980396
  0.731538 -0.561988  0.639986
  0.432449  0.993643  0.801897
 -0.694301 -0.550400  0.943056
  1.094215 -0.077878  0.700784
  0.525394  0.992612  0.778902
  1.325238  0.378066  0.720411
 -0.488821  0.839088  0.930147
 -0.662875 -0.437555  0.966137
 -0.372018 -0.495363  0.988909
 -0.171190  0.272965  0.999175
  0.762814  0.973305  0.779438
 -0.302705  0.841431  0.947413
  0.797147 -0.594452  0.759392
  0.580741  0.993094  0.704100
  0.356103  0.985081  0.847933
 -0.137434 -0.547967  0.992786
  0.994754  0.863450  0.807430
  1.384281  0.669435  0.666593
  0.277689  0.987079  0.851894
  0.664030 -0.799647  0.859663
 -0.178374  0.000999  0.999913
  1.156525  0.037321  0.654721
  0.129322  0.916193  0.924522
  0.208601  0.945178  0.905355
  1.129428  0.856786  0.755311
  1.040769 -0.185694  0.757524
 -0.553773 -0.498498  0.975100
 -0.214858  0.503492  0.993275
  1.053713  0.704111  0.852807
  0.416212  0.936106  0.892495
  0.883183  0.774649  0.882098
 -0.408171  0.760821  0.959054
 -0.523698 -0.317235  0.988912
  0.866325 -0.225927  0.573772
  0.758948 -0.443575  0.606558
  1.208321  0.125424  0.773088
  0.700610 -0.698120  0.893651
  0.175471  0.837861  0.954361
 -0.176290  0.812159  0.960086
  0.955012 -0.273396  0.697147
  0.064862  0.852660  0.952752
  1.224358  0.683613  0.781829
  0.751200  0.883625  0.866726
  0.364581 -0.712737  0.970836
  1.288155  0.501109  0.772171
  0.521852  0.951352  0.864120
  0.634784  0.974078  0.813843
  0.322804  0.935668  0.902363
 -0.267326  0.692345  0.976793
  1.223872  0.314491  0.818695
  0.095689  0.133808  0.999929
  0.854086 -0.354910  0.642605
  0.848945 -0.474288  0.726547
  1.150276  0.000783  0.766206
 -0.207239 -0.288536  0.998780
  0.614636 -0.727538  0.924007
  0.045919  0.450204  0.996778
  0.771553 -0.637716  0.851991
  0.619936  0.859093  0.905814
  0.918024 -0.377552  0.747413
 -0.089363  0.657822  0.984678
  0.100734 -0.161950  0.999886
  0.816194 -0.573672  0.842918
  0.371043  0.841716  0.941544
  1.136522  0.507034  0.861001
  0.908723  0.545858  0.926407
  1.130996  0.181661  0.870105
  1.089356 -0.086658  0.820271
  0.634938 -0.638499  0.941493
  0.268511  0.864607  0.941067
  0.710631 -0.603247  0.922924
  1.112010  0.047547  0.859175
  0.735585  0.709348  0.931066
  0.496289  0.840235  0.928733
  0.270314  0.738580  0.970222
  0.109338 -0.693570  0.983759
  0.971963 -0.306599  0.823328
  1.007164 -0.036772  0.911584
  0.067844 -0.399660  0.998012
  0.411818 -0.062612  0.997752
 -0.036781  0.792027  0.966776
  1.045898  0.325467  0.910312
  1.018041 -0.173456  0.867953
  0.368532  0.272698  0.996782
  0.100107  0.693489  0.980603
  0.906011 -0.129720  0.941793
  0.620390  0.478590  0.975583
  0.432937  0.691404  0.968423
  0.522700 -0.646192  0.962668
  1.003036  0.129206  0.925696
  0.619710 -0.522304  0.964027
  0.263830 -0.529151  0.991197
  0.777970 -0.572601  0.894187
  0.747453 -0.513270  0.932875
  0.321366 -0.317457  0.996846
  0.856278 -0.508959  0.816626
  0.722330 -0.142505  0.977194
  0.853943  0.033895  0.962105
  0.618302  0.136803  0.988720
  0.907430 -0.419508  0.830238
  0.946563 -0.248178  0.900179
  0.581082  0.718160  0.952047
  0.818768 -0.516608  0.890041
  0.291236  0.542516  0.989340
  0.858074 -0.466212  0.878130
  0.799222 -0.450927  0.926716
  0.448594 -0.499754  0.984472
  0.710064 -0.429927  0.958959
  0.833090  0.271400  0.962828
  0.855968 -0.241509  0.944994
  0.583792 -0.331630  0.983755
  0.786307 -0.339678  0.952100
  0.863816 -0.401681  0.906961
  0.905689 -0.335868  0.898861
0
2124
   1            6        8        5
   1           10       18        2
   1            2        1        9
   1            2        3       10
   1          991      945      964
   1            3        2       11
   1            3        4       12
   1            3       12       10
   1            4        3       13
   1            3       11       13
   1            4        5       14
   1            4       14       12
   1            5        4       15
   1            4       13       15
   1            6        5       15
   1            5        8       14
   1            8        6       16
   1            8        7       17
   1            2        9       11
   1            1        2       18
   1           17        7       19
   1           16        6       20
   1            9        1       21
   1            6       15       22
   1           14        8       17
   1           20        6       22
   1           21        1       23
   1            1       18       23
   1           12       14       32
   1           20       22       24
   1            7        8       16
   1           41       27        9
   1           18       10       25
   1          978      946      995
   1         1004      959     1009
   1           10       12       26
   1           25       10       26
   1           12       32       26
   1           13       11       27
   1           11        9       27
   1           15       13       28
   1           13       27       28
   1           19        7       29
   1           17       19       30
   1           16       20       31
   1            9       21       41
   1         1039     1004     1009
   1           14       17       32
   1         1057     1041     1053
   1           17       30       32
   1           22       15       28
   1            7       16       29
   1           19       29       33
   1           29       16       31
   1           48       36       24
   1           33       29       34
   1           18       25       35
   1           29       31       34
   1           30       19       46
   1           19       33       46
   1           22       28       42
   1           20       24       36
   1           20       36       31
   1           21       23       37
   1           24       22       42
   1           23       18       38
   1           18       35       38
   1           37       52       21
   1          957      908      993
   1           33       34       39
   1         1004      938      959
   1           77       42       45
   1           28       27       45
   1           48       24       63
   1           37       23       40
   1           23       38       40
   1          932      966     1002
   1          958      911      978
   1           42       57       24
   1           35       25       43
   1           26       72       25
   1           27       41       44
   1         1030     1026     1045
   1           27       44       45
   1          967     1001     1008
   1         1026     1008     1041
   1         1008     1025     1041
   1          997      967     1008
   1          962      922     1022
   1          995     1007      985
   1           33       39       46
   1           35       43       47
   1          995      974     1007
   1           37       40       49
   1           32       30       50
   1           72       26       50
   1         1002     1035      932
   1           38       35       51
   1           35       47       51
   1           41       21       52
   1           37       49       52
   1           30       46       59
   1           43       25       72
   1         1017     1039     1040
   1           50       30       59
   1           36       48       53
   1           34       31       54
   1           32       50       26
   1           47       43       55
   1           72       50       56
   1          998      986     1006
   1         1001     1025     1008
   1           31       36       54
   1           63       24       57
   1           43       72       58
   1           43       58       55
   1         1054     1058     1057
   1         1025     1022     1038
   1           52       65       41
   1           44       60       45
   1           54       36       61
   1           36       53       61
   1           39       34       62
   1           74       56       59
   1           50       59       56
   1           40       38       51
   1          961      965      994
   1          960      951      993
   1           34       54       62
   1         1029     1047     1023
   1           39       62       64
   1           62       54       61
   1          942      943      982
   1           44       41       65
   1           64       62       66
   1           46       39       67
   1           39       64       67
   1           48       63       68
   1           62       61       66
   1           47       55       69
   1           51       47       70
   1           47       69       70
   1           52       49       71
   1          958      978      995
   1         1025     1038     1041
   1         1057     1037     1054
   1          930      990     1022
   1         1059     1058     1052
   1           49       40       73
   1           40       51       73
   1         1017     1004     1039
   1           71       49       75
   1           49       73       75
   1          945      931      964
   1           52       71       76
   1           52       76       65
   1           28       45       42
   1           68       63       78
   1         1043     1058     1056
   1           69       55      116
   1         1006      986     1023
   1           45       60       77
   1         1015     1037     1035
   1           57       42       77
   1           48       68       53
   1           59       46       79
   1           46       67       79
   1           61       53       80
   1           53       68       81
   1           53       81       80
   1           82       58       56
   1           72       56       58
   1           56       74       82
   1         1015     1017     1037
   1           74       88       82
   1           64       66       83
   1           63       57       84
   1           63       84       78
   1           57       77       85
   1           57       85       84
   1          113      154       83
   1           64       83       67
   1           68       78       86
   1           61       80       87
   1           61       87       66
   1         1033     1045     1055
   1           59       79       74
   1          105       82       88
   1           51       70       89
   1           51       89       73
   1           55       58      111
   1           58       82      111
   1           76       71       90
   1           83       66       91
   1           66       87       91
   1         1032     1024     1044
   1           60       44       65
   1           98       77       60
   1           70       69       92
   1           55      111      116
   1          992      948      976
   1           69      116       92
   1         1059     1060     1058
   1           71       75       93
   1           71       93       90
   1           73       89       94
   1           73       94       75
   1           98       60      123
   1          950     1000     1014
   1           86       78       95
   1           68       86       81
   1           74       79       96
   1           65       76       97
   1          951      948      992
   1           75       94       99
   1           75       99       93
   1           76       90      100
   1           76      100       97
   1           84       85      101
   1           80       81      102
   1           78       84      103
   1           95       78      103
   1           84      101      103
   1           85       77       98
   1           70       92      104
   1           70      104       89
   1         1034     1010     1021
   1           85       98      106
   1           85      106      101
   1           94       89      107
   1           87       80      108
   1           80      102      108
   1           81       86      109
   1           81      109      102
   1         1046     1060     1059
   1           65       97       60
   1           92      116      110
   1           89      104      107
   1           90      117      100
   1          962     1022     1025
   1         1027      985     1007
   1         1046     1023     1060
   1         1024     1018     1036
   1           79       67      154
   1           94      107       99
   1           86       95      112
   1           83       91      113
   1           67       83      154
   1           92      110      114
   1           82      105      149
   1           82      149      111
   1          106       98      115
   1          104       92      114
   1          979      955     1001
   1           90       93      117
   1          150      100      117
   1          999      981      998
   1         1021     1031     1050
   1         1024     1036     1044
   1         1023     1047     1060
   1          149      141      111
   1          106      115      118
   1           96       79      154
   1          949      916      973
   1          116      119      110
   1         1032     1043     1056
   1          107      104      120
   1         1047     1056     1060
   1           93       99      122
   1           93      122      117
   1           74       96       88
   1           60       97      123
   1           99      107      124
   1          122       99      124
   1          107      120      124
   1          112       95      125
   1          102      109      126
   1          114      110      127
   1          108      102      128
   1          102      126      128
   1          104      114      120
   1          105       88      129
   1          908      893      960
   1           97      100      131
   1          123       97      131
   1          100      130      131
   1           87      108      132
   1          109       86      133
   1          989     1005     1019
   1           86      112      133
   1          910      998      981
   1          133      112      134
   1         1005      992     1020
   1          105      129      135
   1           88       96      136
   1          129       88      137
   1           87      132       91
   1          109      133      138
   1          129      137      139
   1           91      132      113
   1          132      108      140
   1          108      128      140
   1          116      111      119
   1          121      115      123
   1          135      129      142
   1          115      121      143
   1          113      132      144
   1          132      140      144
   1          125       95      145
   1          133      134      146
   1          126      109      138
   1          120      114      147
   1          114      127      148
   1          114      148      147
   1          154      113      167
   1           95      103      145
   1         1043     1057     1058
   1          141      119      111
   1         1045     1044     1055
   1          130      100      150
   1          110      119      151
   1          110      151      127
   1          118      115      143
   1          138      133      146
   1          101      106      152
   1          106      118      152
   1          115       98      123
   1          970      984     1016
   1         1016     1021     1010
   1          103      101      153
   1          145      103      153
   1          101      152      153
   1          105      135      149
   1         1028     1012     1055
   1         1048     1020     1034
   1         1014     1018     1024
   1          137       88      136
   1          121      123      131
   1          154      167       96
   1         1020     1010     1034
   1          139      137      155
   1          135      142      156
   1          138      146      157
   1          117      122      164
   1          126      138      158
   1          125      145      159
   1          155      137      160
   1          167      113      144
   1          160      137      136
   1          160      136      161
   1          155      160      162
   1          119      141      163
   1          119      163      151
   1          952      945      991
   1          150      117      164
   1          140      128      165
   1          130      150      166
   1          136       96      167
   1          167      208      136
   1          954      914      949
   1          129      139      168
   1          129      168      142
   1          168      139      169
   1          134      112      170
   1          139      155      171
   1          118      143      172
   1          128      126      173
   1          165      128      173
   1          126      158      173
   1          146      134      174
   1          134      170      175
   1          134      175      174
   1          170      112      125
   1          170      125      176
   1          157      146      177
   1          146      174      177
   1         1054     1052     1058
   1          121      131      178
   1          131      130      178
   1          155      162      179
   1          141      149      180
   1          156      142      181
   1          149      135      180
   1          122      124      182
   1          122      182      164
   1          167      144      183
   1          147      148      184
   1          127      151      185
   1          993     1005      989
   1          171      155      179
   1          982      996     1013
   1          140      165      186
   1          140      186      144
   1          166      150      187
   1          142      168      188
   1          158      138      189
   1          138      157      189
   1          153      152      190
   1          120      147      191
   1          163      141      192
   1          141      180      192
   1          145      153      193
   1          124      120      191
   1          175      170      194
   1          135      156      180
   1          168      169      188
   1          143      121      195
   1          148      127      196
   1          127      185      196
   1          172      143      197
   1          147      184      198
   1          143      195      197
   1          993      992     1005
   1          153      190      193
   1          179      162      199
   1          145      193      200
   1         1041     1038     1053
   1          170      176      194
   1          156      181      201
   1          188      169      202
   1          125      159      203
   1          151      163      204
   1          183      144      186
   1          197      195      205
   1          172      197      206
   1          162      160      161
   1          121      178      195
   1          152      118      207
   1          190      152      207
   1          118      172      207
   1          161      136      208
   1          167      183      208
   1          176      125      203
   1          175      194      209
   1          936      990      930
   1          169      139      210
   1          139      171      210
   1          124      191      182
   1          159      145      200
   1          180      156      211
   1          180      211      192
   1          174      175      212
   1          147      198      191
   1          184      148      213
   1          148      196      213
   1          198      184      214
   1          200      193      215
   1          203      159      216
   1          193      190      217
   1          193      217      215
   1          194      176      218
   1          159      200      216
   1          169      210      219
   1          218      176      203
   1          164      182      232
   1          199      162      220
   1          162      161      220
   1          171      179      221
   1          216      200      222
   1          201      181      223
   1          188      202      224
   1          175      209      212
   1          219      210      225
   1          183      186      226
   1          205      195      227
   1          172      206      228
   1          171      221      229
   1          177      174      230
   1          174      212      230
   1          207      172      228
   1          218      203      231
   1          232      187      164
   1          150      164      187
   1          936      932      990
   1          157      177      233
   1          189      157      233
   1         1026     1043     1045
   1          186      165      235
   1          226      186      235
   1          165      173      235
   1          142      188      236
   1          209      194      237
   1          197      205      238
   1          239      312      192
   1          217      190      240
   1          210      171      229
   1          169      219      202
   1          194      218      237
   1          211      156      201
   1          161      208      234
   1          236      188      224
   1          222      200      241
   1          200      215      241
   1          220      161      234
   1          221      179      242
   1          225      210      229
   1          231      203      216
   1          187      232      243
   1          236      224      244
   1          196      185      245
   1          182      191      246
   1          232      182      246
   1          191      198      246
   1          190      207      240
   1          198      214      246
   1          195      178      247
   1          173      158      248
   1          173      248      235
   1          214      184      249
   1          184      213      249
   1          187      243      250
   1          245      185      251
   1          242      179      199
   1          195      247      227
   1          251      185      252
   1          242      199      253
   1          216      222      254
   1          192      211      255
   1          221      242      256
   1          201      223      257
   1          212      209      258
   1          244      224      259
   1          183      226      260
   1          205      227      261
   1          218      231      262
   1          202      219      263
   1          251      252      264
   1          880      946      978
   1          243      232      265
   1          232      246      265
   1          236      244      181
   1         1055     1012     1033
   1          189      233      266
   1          196      245      267
   1          211      201      268
   1          224      202      269
   1          259      224      269
   1          202      263      269
   1          233      177      270
   1          177      230      270
   1          209      237      271
   1          197      238      272
   1          158      189      273
   1          208      183      260
   1          231      216      254
   1          252      185      151
   1          234      208      274
   1          142      236      181
   1          248      158      273
   1          166      187      275
   1          213      196      267
   1          248      273      276
   1          250      243      277
   1          187      250      275
   1          220      234      278
   1          199      220      279
   1          253      199      279
   1          220      278      279
   1          215      217      280
   1          206      197      272
   1          228      206      281
   1          239      192      255
   1          246      214      265
   1          260      226      282
   1          252      151      204
   1          166      275      283
   1          283      275      284
   1          181      244      285
   1          272      238      286
   1          208      260      274
   1          275      250      287
   1          206      272      288
   1          181      285      223
   1          280      217      289
   1          221      256      290
   1          221      290      229
   1          201      257      268
   1          212      258      291
   1          222      241      292
   1          283      318      166
   1          233      270      293
   1          209      271      258
   1          243      265      294
   1          277      243      294
   1          265      214      294
   1          214      249      295
   1          214      295      294
   1          248      276      235
   1          226      235      276
   1          274      260      296
   1          260      282      296
   1          271      237      297
   1          228      281      298
   1          287      250      299
   1          250      277      299
   1          217      240      289
   1          257      223      300
   1          256      242      253
   1          219      225      301
   1          219      301      263
   1          254      222      302
   1          222      292      302
   1          240      207      303
   1          226      276      282
   1          276      273      304
   1          249      213      305
   1          289      240      306
   1          206      288      281
   1          278      234      307
   1          234      274      307
   1          207      228      303
   1          245      251      308
   1          285      244      309
   1          237      218      310
   1          223      285      311
   1          204      163      312
   1          230      212      291
   1          238      205      313
   1          252      204      314
   1          261      227      315
   1          262      231      316
   1         1048     1034     1033
   1          273      189      317
   1          130      166      318
   1          240      303      319
   1          306      240      319
   1          297      237      310
   1          228      298      320
   1          228      320      303
   1          301      225      321
   1          304      273      317
   1          309      244      259
   1          204      312      322
   1          204      322      314
   1          313      205      261
   1          316      231      254
   1          317      189      266
   1          257      300      323
   1          229      290      321
   1          225      229      321
   1          292      241      324
   1          291      258      325
   1          314      322      326
   1          317      266      327
   1          316      254      394
   1          233      293      328
   1          218      262      310
   1          258      271      329
   1          251      264      330
   1          330      264      331
   1          267      245      332
   1          272      286      333
   1          266      233      328
   1          241      215      334
   1          324      241      334
   1          215      280      334
   1          305      213      335
   1          290      256      371
   1          999     1006     1046
   1          288      272      333
   1          256      253      336
   1          227      247      337
   1          275      287      284
   1          286      238      338
   1          245      308      332
   1          247      178      318
   1          213      267      335
   1          282      276      339
   1          328      293      340
   1          281      288      341
   1          301      321      342
   1          944      989      977
   1          308      251      330
   1          285      309      343
   1          223      311      300
   1          230      291      344
   1          268      257      345
   1          257      323      345
   1          252      314      264
   1          286      338      346
   1          276      304      339
   1          270      230      344
   1          261      315      347
   1          262      316      348
   1          238      313      338
   1          271      297      349
   1          271      349      329
   1          318      283      350
   1          247      318      350
   1          285      343      311
   1          247      350      337
   1          310      262      348
   1          266      328      351
   1          327      266      351
   1          328      340      351
   1          264      314      331
   1          979      954      973
   1          288      333      353
   1          227      337      354
   1          284      287      355
   1          332      308      356
   1          318      178      130
   1          312      372      322
   1          308      330      358
   1          343      309      359
   1          338      313      360
   1          297      310      361
   1          293      270      362
   1         1053     1037     1057
   1          319      303      320
   1          944      957      989
   1          354      337      364
   1         1013     1028     1036
   1          326      322      357
   1          325      258      329
   1          291      325      365
   1          291      365      344
   1          317      327      366
   1          316      394      367
   1          316      367      348
   1          311      343      368
   1          330      331      369
   1          330      369      358
   1          267      332      370
   1          256      336      371
   1          983      938     1004
   1          312      239      372
   1          299      277      373
   1          298      281      374
   1          211      268      375
   1          296      282      376
   1          282      339      376
   1          357      322      372
   1          320      298      377
   1          292      324      378
   1          287      299      379
   1          352      300      380
   1          300      311      380
   1          353      530      288
   1          163      192      312
   1          227      354      315
   1          336      253      386
   1          277      294      381
   1          284      355      382
   1          332      356      383
   1          304      317      366
   1          255      211      375
   1          279      278      384
   1          302      292      378
   1          335      267      370
   1          270      344      362
   1          281      341      374
   1          249      305      385
   1          308      358      356
   1          343      359      368
   1          253      279      386
   1          991      964      988
   1          279      384      386
   1          255      375      387
   1          315      354      388
   1          354      364      388
   1          375      268      389
   1          370      332      383
   1          372      239      390
   1          335      370      391
   1          277      381      373
   1          385      305      392
   1          315      388      393
   1          940      971      988
   1          254      302      394
   1          268      345      389
   1          359      309      395
   1          353      333      396
   1          346      338      397
   1          339      304      398
   1          347      315      393
   1          297      361      399
   1          349      297      399
   1          309      259      400
   1          313      363      360
   1          321      290      401
   1          319      320      402
   1          323      300      403
   1          355      287      404
   1          287      379      404
   1          381      294      295
   1          310      348      405
   1          310      405      361
   1          340      293      406
   1          483      406      362
   1          363      313      407
   1          364      337      408
   1          249      385      295
   1          390      239      409
   1          335      391      305
   1          392      305      391
   1          398      304      366
   1          397      338      360
   1          395      309      400
   1          401      290      371
   1          407      313      261
   1          366      327      410
   1          314      326      411
   1          324      334      412
   1          368      359      413
   1          398      366      410
   1          274      296      414
   1          299      373      415
   1          299      415      379
   1         1051     1059     1052
   1          298      374      416
   1          255      387      409
   1          996      952      991
   1          378      324      417
   1          259      269      418
   1          377      298      416
   1          352      380      419
   1          283      284      350
   1          403      300      352
   1          407      261      420
   1          402      320      377
   1          382      355      421
   1          280      289      422
   1          416      374      423
   1          284      382      424
   1          384      278      307
   1          329      349      425
   1          263      301      426
   1          392      391      393
   1          393      388      427
   1          331      314      411
   1          401      371      428
   1          289      306      428
   1          301      342      426
   1          391      370      383
   1          395      400      429
   1          388      364      430
   1          388      430      427
   1          396      333      431
   1          239      255      409
   1          311      368      432
   1          399      361      433
   1          349      399      434
   1          400      259      418
   1          286      346      431
   1          403      352      435
   1          325      329      436
   1          329      425      436
   1          363      407      369
   1          359      395      511
   1          359      511      413
   1          350      284      424
   1          311      432      380
   1          420      261      347
   1          431      333      286
   1          414      296      417
   1          391      383      393
   1          409      387      437
   1         1036     1028     1055
   1          377      416      438
   1          280      422      439
   1          409      437      390
   1          280      439      334
   1          437      387      440
   1          390      437      441
   1          263      426      442
   1          334      439      412
   1          932      864      966
   1          426      342      443
   1          432      368      444
   1          400      418      429
   1          323      403      445
   1          408      337      446
   1          362      344      447
   1          383      356      347
   1          342      321      401
   1          345      323      448
   1          983     1004     1017
   1          364      408      449
   1          295      385      450
   1          385      392      450
   1          424      382      451
   1          420      347      356
   1          428      306      452
   1          442      426      453
   1          446      337      350
   1          263      442      269
   1          452      306      490
   1          446      350      424
   1          446      424      454
   1          408      446      454
   1          424      451      454
   1          357      372      455
   1          367      394      514
   1          365      325      456
   1          361      405      566
   1          361      566      433
   1          401      428      452
   1          348      367      457
   1          348      457      405
   1          368      413      444
   1          351      340      458
   1          407      420      369
   1          398      410      459
   1          379      415      460
   1          396      431      461
   1         1051     1046     1059
   1          352      419      435
   1          423      374      462
   1          296      376      417
   1         1058     1060     1056
   1          419      380      463
   1          380      432      463
   1          450      502      295
   1          456      325      436
   1          422      336      439
   1          402      377      464
   1          416      423      465
   1          387      375      466
   1          441      437      467
   1          384      307      468
   1          372      390      469
   1         1050     1030     1033
   1          425      349      434
   1          378      417      376
   1          302      378      471
   1          408      454      472
   1          382      421      473
   1          382      473      451
   1          331      411      363
   1          371      422      428
   1          356      358      420
   1          432      444      463
   1          430      364      449
   1          307      274      414
   1          323      445      448
   1          418      269      442
   1          326      357      470
   1         1036     1055     1044
   1          353      396      474
   1          339      398      475
   1          399      433      476
   1          399      476      434
   1          327      351      477
   1          410      327      477
   1          351      458      477
   1          445      403      478
   1          431      346      461
   1          403      435      478
   1          910      980      998
   1          371      336      422
   1          331      363      369
   1          386      439      336
   1          458      340      479
   1          379      460      404
   1          396      461      480
   1          464      377      438
   1          416      465      438
   1          372      469      455
   1          408      472      449
   1          363      411      360
   1          474      396      480
   1          339      475      376
   1          461      346      481
   1          490      453      452
   1          411      326      360
   1          447      344      482
   1          344      365      482
   1          362      447      483
   1          293      362      406
   1          375      389      466
   1          395      429      484
   1          395      484      511
   1          996      943      952
   1          353      474      485
   1          442      453      486
   1          442      486      418
   1          307      414      468
   1          468      414      417
   1          467      437      440
   1          469      390      441
   1          389      488      466
   1          487      466      488
   1          367      514      489
   1          367      489      457
   1          319      484      306
   1          460      415      491
   1          404      460      492
   1          459      410      493
   1          410      477      493
   1          480      461      467
   1         1011      975     1012
   1          464      438      494
   1         1050     1033     1034
   1          429      418      486
   1          466      487      495
   1          430      449      496
   1          469      441      481
   1          454      451      497
   1          419      463      498
   1          465      423      499
   1          373      381      500
   1          501      518      464
   1          421      355      404
   1          381      295      502
   1         1031     1003     1050
   1          397      470      503
   1          425      434      504
   1          415      373      505
   1          472      454      497
   1          412      439      386
   1          471      378      506
   1          392      393      507
   1          445      478      508
   1          426      443      453
   1          381      502      500
   1          392      507      450
   1          397      503      515
   1          490      306      484
   1         1045     1033     1030
   1          495      487      474
   1          373      500      509
   1          421      404      510
   1          484      319      511
   1          490      484      429
   1          507      393      427
   1          373      509      505
   1          934      972      986
   1          490      429      486
   1          511      319      402
   1          982      943      996
   1          453      490      486
   1          474      487      485
   1          956      997     1003
   1          515      503      455
   1          505      509      512
   1          463      444      501
   1          475      398      459
   1          427      430      513
   1          908      960      993
   1          481      346      515
   1          346      397      515
   1          452      443      401
   1          389      345      516
   1          479      340      406
   1          483      447      517
   1          511      402      518
   1          449      472      568
   1          406      483      519
   1          342      401      443
   1          345      448      520
   1          507      427      521
   1          427      513      521
   1          865      935      979
   1          374      341      522
   1          456      436      523
   1          485      487      524
   1          487      488      524
   1          522      341      525
   1          525      341      526
   1          374      522      462
   1          463      501      498
   1          345      520      516
   1          481      515      469
   1          520      448      527
   1          479      406      528
   1          522      525      529
   1          526      341      530
   1          516      520      531
   1          525      526      532
   1          436      425      533
   1          436      533      523
   1          357      455      503
   1          500      502      534
   1          907      930      928
   1          526      530      535
   1          357      503      470
   1         1002     1015     1035
   1          365      456      536
   1          433      566      668
   1          478      435      537
   1          460      491      538
   1          417      324      468
   1          459      493      539
   1          358      369      420
   1          467      461      481
   1          464      494      540
   1          509      500      541
   1          512      509      541
   1          515      455      469
   1          430      496      542
   1          430      542      513
   1          520      527      531
   1          438      465      543
   1          467      440      544
   1          421      510      545
   1          421      545      473
   1          289      428      422
   1          500      534      541
   1          496      449      568
   1         1043     1026     1057
   1          384      468      412
   1          425      504      533
   1          472      497      546
   1          495      474      544
   1          505      512      547
   1          494      438      543
   1          445      508      548
   1          393      383      347
   1          529      525      549
   1          525      532      549
   1          394      302      471
   1          387      466      495
   1          394      471      514
   1          387      495      440
   1          440      495      544
   1          668      614      433
   1          433      550      476
   1          478      537      551
   1          460      538      492
   1          543      465      552
   1          505      547      553
   1          508      478      551
   1          986      972     1023
   1          514      589      489
   1          413      511      518
   1          527      448      445
   1          974      956     1003
   1          353      485      530
   1          499      423      555
   1          435      419      556
   1          378      376      475
   1          504      434      557
   1         1044     1043     1032
   1          483      517      558
   1          474      480      544
   1          365      536      482
   1          556      419      498
   1          458      479      559
   1          483      558      519
   1          471      506      539
   1          447      482      517
   1         1012      977     1019
   1          456      523      560
   1          524      535      485
   1          969      987      984
   1          528      406      561
   1          406      519      561
   1          555      423      462
   1          557      434      476
   1          974     1003     1007
   1          544      480      467
   1          559      479      562
   1          479      528      562
   1          555      462      563
   1          539      506      459
   1          501      464      540
   1          462      522      564
   1          514      471      565
   1          405      457      566
   1         1047     1032     1056
   1          534      502      587
   1          536      456      567
   1          456      560      567
   1          501      540      498
   1          510      404      593
   1          501      444      518
   1          402      464      518
   1         1031     1007     1003
   1          472      546      568
   1          471      539      565
   1          532      526      531
   1          593      404      492
   1          459      506      475
   1          564      522      529
   1          587      502      450
   1          531      526      535
   1          551      537      569
   1          552      465      499
   1          324      412      468
   1          496      568      627
   1          922      928     1022
   1          540      494      570
   1          593      645      510
   1          458      559      571
   1          384      412      386
   1          497      451      473
   1          482      536      572
   1          553      547      573
   1         1029     1024     1032
   1          533      504      574
   1          994      970     1016
   1         1006     1023     1046
   1          546      497      575
   1          415      505      491
   1          508      551      576
   1          506      378      475
   1          494      543      577
   1          548      508      578
   1          467      481      441
   1          564      529      579
   1          531      527      532
   1          497      473      575
   1          341      288      530
   1          499      555      580
   1          435      556      537
   1          555      563      581
   1          477      458      571
   1          558      517      582
   1          538      491      583
   1          527      445      548
   1          519      558      584
   1          444      413      518
   1          988      971      975
   1          517      482      585
   1          582      517      585
   1          482      572      585
   1          586      631      513
   1          507      521      587
   1          560      523      588
   1          530      485      535
   1          514      565      589
   1          462      564      563
   1          504      557      590
   1          543      552      577
   1          523      533      591
   1          588      523      591
   1          533      574      591
   1          557      476      592
   1          476      550      592
   1          457      489      622
   1          457      622      566
   1          470      397      360
   1         1019     1033     1012
   1         1016      984     1021
   1          552      499      594
   1          532      527      548
   1          477      571      493
   1          493      571      599
   1          571      559      599
   1          587      521      595
   1          563      564      596
   1          564      579      596
   1          532      548      578
   1          499      580      594
   1          492      538      597
   1          552      594      598
   1          539      493      599
   1          494      577      570
   1          541      534      595
   1          443      452      453
   1          998     1006      999
   1          558      582      600
   1          558      600      584
   1          573      547      601
   1          574      504      590
   1          559      562      599
   1         1018     1013     1036
   1         1029     1032     1047
   1          473      545      602
   1          473      602      575
   1          587      595      534
   1          568      546      603
   1          579      529      604
   1          529      549      604
   1          572      536      605
   1          536      567      605
   1          547      512      606
   1          990     1053     1038
   1          597      538      607
   1          552      598      577
   1          601      547      606
   1          603      546      608
   1          546      575      608
   1          606      512      609
   1          532      578      549
   1          576      551      610
   1          975      977     1012
   1          578      508      576
   1          551      569      610
   1          964      940      988
   1          554      726      489
   1          580      555      581
   1          537      556      611
   1         1051     1042     1046
   1          540      570      611
   1          586      513      542
   1          567      560      612
   1          389      516      488
   1         1003     1030     1050
   1          538      583      607
   1          524      488      613
   1          488      516      613
   1          587      450      507
   1          550      433      614
   1          612      560      615
   1          560      588      615
   1          613      516      531
   1          524      613      535
   1         1045     1043     1044
   1          537      611      569
   1          561      519      616
   1          528      561      617
   1          528      617      562
   1          590      557      618
   1          589      565      619
   1          498      540      611
   1          616      519      584
   1          577      598      620
   1          598      594      621
   1          668      566      622
   1          994     1016     1010
   1          570      577      623
   1          568      603      624
   1          510      645      625
   1          510      625      545
   1          512      541      609
   1          609      541      626
   1          542      496      627
   1          609      626      628
   1          607      583      629
   1          553      573      661
   1          616      584      619
   1          627      568      624
   1          557      592      618
   1          988      975     1011
   1          550      655      592
   1          594      580      630
   1          521      513      631
   1          596      579      632
   1          554      489      589
   1          586      542      633
   1          531      535      613
   1          470      360      326
   1          556      498      611
   1          595      521      631
   1          619      565      634
   1          996      991     1011
   1          567      612      635
   1          567      635      605
   1          563      596      636
   1          550      614      637
   1          592      655      618
   1          687      618      655
   1          542      627      633
   1          553      661      491
   1          631      586      628
   1          980      934      986
   1          930     1022      928
   1          595      631      626
   1          634      565      599
   1         1031     1027     1007
   1          636      596      638
   1          611      570      639
   1          611      639      569
   1          589      619      640
   1          606      609      628
   1          593      492      641
   1          590      618      642
   1          580      581      643
   1          580      643      630
   1          597      607      644
   1          705      625      645
   1          561      616      617
   1          492      597      641
   1          565      539      599
   1          997     1008     1026
   1          593      641      646
   1          593      646      645
   1          599      562      634
   1          634      562      617
   1          626      631      628
   1          595      626      541
   1          598      621      647
   1          598      647      620
   1          612      615      648
   1          623      577      620
   1          965      970      994
   1          628      586      649
   1          586      633      649
   1          545      625      602
   1          582      585      650
   1          600      582      651
   1          582      650      651
   1          570      623      639
   1          505      553      491
   1          602      682      575
   1          607      629      652
   1          579      604      653
   1          563      636      581
   1          549      578      654
   1          616      619      634
   1         1005     1020     1048
   1         1023      972     1029
   1          550      637      655
   1         1002      983     1015
   1          966      983     1002
   1          597      644      656
   1          597      656      641
   1          578      576      654
   1          643      581      636
   1         1014     1000     1018
   1          596      632      638
   1          642      618      657
   1          584      600      640
   1          632      579      653
   1          549      654      604
   1          588      591      658
   1          619      584      640
   1          572      605      659
   1          624      603      660
   1          959      999     1042
   1          635      612      662
   1          612      648      662
   1          637      614      663
   1          573      601      664
   1          594      630      621
   1          910      871      980
   1          643      636      665
   1          616      634      617
   1          664      601      666
   1          657      618      687
   1          968      982     1000
   1          661      573      664
   1         1040     1052     1054
   1          603      608      660
   1          663      614      667
   1          941     1001      967
   1          554      589      640
   1          665      636      638
   1          572      659      585
   1          633      627      669
   1          607      652      644
   1          601      606      670
   1          591      574      671
   1          590      642      672
   1          601      670      666
   1          615      588      673
   1          588      658      673
   1          667      614      668
   1          671      574      674
   1          669      627      675
   1          627      624      675
   1          676      675      624
   1          648      615      677
   1          615      673      677
   1          623      620      678
   1          650      585      659
   1          491      661      583
   1          652      629      679
   1          639      623      680
   1          667      668      681
   1          604      654      653
   1          987     1027     1031
   1          608      575      682
   1          659      605      683
   1          605      635      683
   1          632      653      684
   1          658      591      671
   1          674      574      685
   1          962     1025     1001
   1          629      583      686
   1         1037     1040     1054
   1          997     1026     1030
   1          638      632      688
   1          645      646      689
   1          621      630      690
   1          569      639      691
   1          654      576      692
   1          554      640      693
   1          672      642      689
   1          637      663      694
   1          669      675      695
   1          602      625      696
   1          602      696      682
   1          675      676      697
   1          641      656      698
   1          644      652      699
   1          665      638      700
   1          606      628      670
   1          674      685      701
   1          666      670      649
   1          630      643      702
   1          630      702      690
   1          633      669      703
   1          610      569      691
   1          663      667      704
   1          991      988     1011
   1          643      665      702
   1          664      666      706
   1          583      661      686
   1          610      691      707
   1         1027      933      985
   1          650      659      708
   1          659      683      708
   1          653      654      709
   1          691      639      710
   1          658      671      711
   1          692      576      610
   1          670      628      649
   1          686      661      664
   1          686      664      706
   1         1003      997     1030
   1          651      650      712
   1          650      708      712
   1          680      623      713
   1          689      642      645
   1          647      621      714
   1          711      671      715
   1          655      637      716
   1          637      694      716
   1          574      590      685
   1          705      645      642
   1          691      710      707
   1          984     1031     1021
   1          635      662      683
   1          648      677      717
   1         1041     1057     1026
   1         1034     1021     1050
   1          700      638      688
   1          675      697      718
   1          984      987     1031
   1          608      682      719
   1          608      719      660
   1          675      718      695
   1          633      703      649
   1          656      644      720
   1          687      750      657
   1          715      671      674
   1          652      679      722
   1          652      722      699
   1          623      678      713
   1          662      648      717
   1          705      642      657
   1          721      696      657
   1          685      590      672
   1          714      621      690
   1          720      644      699
   1          715      674      723
   1          624      660      676
   1          688      632      724
   1          632      684      724
   1          725      764      704
   1          668      622      681
   1          672      689      727
   1          697      676      728
   1          665      700      729
   1          674      701      723
   1          646      641      730
   1          703      669      731
   1          669      695      731
   1          673      658      732
   1          658      711      732
   1          976      994     1010
   1          702      665      729
   1          629      686      733
   1          646      730      734
   1          735      728      660
   1          676      660      728
   1          726      681      622
   1          629      733      679
   1          733      686      706
   1          678      620      736
   1          941      979     1001
   1          709      654      737
   1          662      717      738
   1          707      710      739
   1          600      651      740
   1          620      647      736
   1          679      733      741
   1          711      715      742
   1          693      640      740
   1          667      681      743
   1          717      677      744
   1          622      489      726
   1          667      743      704
   1          704      743      745
   1          736      647      746
   1          647      714      746
   1          743      681      747
   1          740      640      600
   1          718      697      748
   1          740      651      749
   1          693      740      749
   1          651      712      749
   1          721      657      750
   1          975      963      977
   1          765      728      751
   1          685      672      701
   1          653      709      752
   1          687      655      753
   1          655      716      753
   1          926      958      985
   1          698      656      755
   1          684      653      752
   1          660      719      735
   1          734      730      756
   1          692      610      757
   1          729      700      758
   1          695      718      759
   1          656      720      755
   1          713      678      760
   1          726      554      754
   1          700      688      761
   1          725      704      745
   1          720      699      762
   1          681      726      763
   1          747      681      763
   1          726      754      763
   1          663      704      764
   1          654      692      737
   1          697      728      765
   1          697      765      748
   1          678      736      766
   1          678      766      760
   1          641      698      730
   1          715      723      767
   1          723      701      768
   1          735      721      750
   1          666      649      703
   1          714      690      836
   1          690      702      769
   1          836      690      769
   1          702      729      769
   1          680      713      770
   1          706      666      703
   1         1035     1037     1053
   1          646      734      771
   1          677      673      772
   1          673      732      772
   1          730      698      773
   1          730      773      756
   1          701      672      774
   1          768      701      774
   1          672      727      774
   1          698      755      773
   1          692      757      737
   1          764      725      775
   1          752      709      776
   1          684      752      777
   1          734      756      778
   1          755      720      779
   1          720      762      779
   1          737      757      780
   1          736      746      781
   1          736      781      766
   1          662      738      683
   1          694      663      764
   1          712      708      782
   1          707      739      780
   1          718      748      783
   1          741      733      731
   1          711      742      732
   1          700      761      758
   1          745      743      784
   1          744      677      772
   1          713      760      785
   1          713      785      770
   1          710      639      786
   1          990      932     1035
   1          687      753      787
   1          717      744      788
   1          717      788      738
   1          694      764      789
   1          764      775      789
   1          710      786      790
   1          782      708      791
   1          708      683      791
   1          757      610      707
   1          735      751      728
   1          742      715      792
   1          715      767      792
   1          739      710      790
   1          751      735      750
   1          778      756      793
   1          684      777      794
   1          684      794      724
   1          689      646      771
   1          754      554      693
   1          746      714      795
   1          714      836      795
   1          709      737      780
   1          722      679      796
   1          679      741      796
   1          734      778      797
   1          755      779      798
   1          755      798      773
   1          729      758      803
   1          731      695      741
   1          695      759      741
   1          780      757      707
   1          773      798      756
   1          761      688      799
   1          688      724      799
   1          762      699      800
   1          699      722      800
   1          771      734      797
   1          771      797      727
   1          754      830      763
   1          709      780      802
   1          990     1035     1053
   1          729      803      769
   1          682      696      721
   1          694      789      804
   1          767      723      805
   1          723      768      805
   1          759      718      806
   1          718      783      806
   1          756      798      793
   1          709      802      776
   1          694      804      716
   1          703      731      706
   1          783      748      807
   1          748      765      808
   1          748      808      807
   1          780      739      802
   1          741      759      796
   1          752      776      809
   1          732      742      810
   1          779      762      811
   1          750      687      812
   1          784      743      813
   1          744      772      814
   1          789      775      815
   1          790      786      816
   1          768      774      817
   1          693      749      818
   1          818      749      819
   1          753      716      820
   1          716      804      820
   1          752      809      777
   1          784      813      821
   1          790      816      822
   1          816      786      680
   1          798      779      823
   1          779      811      823
   1          797      778      824
   1          777      809      825
   1          803      758      826
   1          775      725      827
   1          774      727      828
   1          817      774      828
   1          727      797      828
   1          689      771      727
   1          765      751      829
   1          801      763      830
   1          747      763      831
   1          751      750      832
   1          950      968     1000
   1          750      812      832
   1          754      693      818
   1          767      805      833
   1          767      833      792
   1          805      768      834
   1          778      793      824
   1          915      782      835
   1          954      949      973
   1          769      803      836
   1          758      761      837
   1          758      837      826
   1          772      732      838
   1          814      772      838
   1          732      810      838
   1          733      706      731
   1          811      762      928
   1          762      800      928
   1          810      742      792
   1          825      809      839
   1          813      743      747
   1          809      776      840
   1          797      824      828
   1          783      807      841
   1          744      814      842
   1          785      760      843
   1          639      680      786
   1          687      787      812
   1          788      744      842
   1          816      680      770
   1          768      817      834
   1          819      749      712
   1          805      834      844
   1          805      844      833
   1          818      819      845
   1          846      877      784
   1          794      777      847
   1          777      825      847
   1          776      802      848
   1          738      788      849
   1          798      823      850
   1          955      979      973
   1         1049     1052     1040
   1          972      950     1014
   1          760      766      851
   1          821      813      852
   1          813      747      852
   1          803      826      787
   1          775      827      853
   1          804      789      854
   1          815      775      853
   1         1049     1051     1052
   1          801      830      845
   1          712      782      819
   1          800      722      855
   1          722      796      855
   1          747      831      852
   1          831      763      801
   1          705      657      696
   1          746      795      856
   1          784      821      846
   1          765      829      808
   1          761      799      857
   1          761      857      837
   1          806      783      841
   1          835      791      849
   1          854      789      815
   1          682      721      719
   1         1049     1042     1051
   1          746      856      781
   1          802      739      883
   1          802      883      848
   1          827      725      858
   1          827      858      859
   1          839      809      840
   1          840      776      848
   1          853      827      860
   1          816      770      861
   1          738      849      791
   1          804      854      862
   1          739      790      883
   1          958      995      985
   1          827      859      860
   1          861      770      863
   1          816      861      822
   1          807      808      864
   1          842      814      865
   1          820      804      856
   1          793      798      850
   1          841      807      866
   1          807      864      866
   1         1014     1029      972
   1          860      859      867
   1          785      843      868
   1          831      801      869
   1          851      766      870
   1          812      787      871
   1         1014     1024     1029
   1          850      823      886
   1          849      788      872
   1          788      842      872
   1          808      829      873
   1          844      834      874
   1          834      817      874
   1          792      833      875
   1          833      844      876
   1          833      876      875
   1          745      784      877
   1          753      820      836
   1          839      840      878
   1          705      696      625
   1          724      794      879
   1          947      981      999
   1          760      851      881
   1          821      852      882
   1          787      826      871
   1          799      724      879
   1         1038     1022      990
   1         1015      983     1017
   1          817      828      884
   1          815      853      885
   1          976     1010     1020
   1          922      886      811
   1          959      947      999
   1          725      745      858
   1          840      848      887
   1          870      766      781
   1          869      801      845
   1          858      745      877
   1          791      683      738
   1          858      877      859
   1          879      794      888
   1          794      847      888
   1          793      850      889
   1          859      877      890
   1          877      846      890
   1          851      870      891
   1          793      889      824
   1          881      851      892
   1          760      881      843
   1          870      781      893
   1          826      837      894
   1          825      839      895
   1          846      821      896
   1          854      815      897
   1          815      885      897
   1          856      862      781
   1          806      841      898
   1          790      822      883
   1          796      759      899
   1          852      831      900
   1          792      875      810
   1          901      810      875
   1          770      785      902
   1          869      845      915
   1          835      849      903
   1          929      835      880
   1          863      770      902
   1          843      881      904
   1          868      843      904
   1          881      892      904
   1          863      902      895
   1          796      899      855
   1          899      759      806
   1          902      785      868
   1          899      806      898
   1          865      941      842
   1          822      861      887
   1          889      850      916
   1          861      863      878
   1          828      824      884
   1          864      808      873
   1          787      753      803
   1          860      867      906
   1          899      898      907
   1          899      907      855
   1          891      870      908
   1          870      893      908
   1          831      869      909
   1          824      889      884
   1          812      871      910
   1          812      910      832
   1          896      821      911
   1          821      882      911
   1          849      872      903
   1          873      829      912
   1          847      825      913
   1          825      895      913
   1          844      874      914
   1          895      839      863
   1          851      891      892
   1          845      819      915
   1          850      886      916
   1          980      986      998
   1         1011     1012     1028
   1          862      854      917
   1          841      866      918
   1          836      820      795
   1          842      905      872
   1          871      826      894
   1          853      860      919
   1          721      735      719
   1          894      837      920
   1          876      844      914
   1          902      868      921
   1          823      811      886
   1          811      928      922
   1          852      900      882
   1          923      882      900
   1          819      782      915
   1          874      817      884
   1          887      848      883
   1          799      879      924
   1          853      919      885
   1          791      835      782
   1          822      887      883
   1          889      916      949
   1          841      918      898
   1         1019     1048     1033
   1          920      837      857
   1          924      879      925
   1          799      924      857
   1          902      921      895
   1          878      840      887
   1          846      896      926
   1          846      926      890
   1          859      890      867
   1          927      867      890
   1          855      907      800
   1         1013      996     1028
   1          928      800      907
   1          804      862      856
   1          900      831      909
   1          879      888      925
   1          915      835      929
   1          869      915      929
   1          903      880      835
   1          949      874      889
   1          838      810      901
   1          887      861      878
   1         1039     1049     1040
   1         1009     1049     1039
   1          838      901      814
   1          893      781      862
   1          893      862      917
   1          869      929      909
   1          856      795      820
   1          898      918      930
   1          898      930      907
   1          888      847      931
   1          847      913      931
   1          866      864      932
   1          906      867      933
   1          754      818      830
   1          894      920      934
   1          912      829      751
   1          874      949      914
   1          863      839      878
   1          875      876      935
   1          753      836      803
   1          918      866      936
   1          866      932      936
   1          917      854      897
   1          903      872      937
   1          872      905      937
   1          873      912      938
   1          860      906      939
   1          876      914      935
   1          921      868      940
   1          845      830      818
   1         1009     1042     1049
   1          905      842      941
   1          880      923      929
   1          857      924      942
   1          894      980      871
   1          901      875      935
   1          886      962      955
   1          895      921      913
   1          924      925      943
   1          924      943      942
   1          892      891      944
   1          900      909      923
   1          956      967      997
   1          955      973      916
   1          992      976     1020
   1          901      935      865
   1          925      888      945
   1          888      931      945
   1          880      903      946
   1          912      751      947
   1          917      897      948
   1          939      906      987
   1          933      867      927
   1          996     1011     1028
   1          959     1042     1009
   1          906      933     1027
   1          906     1027      987
   1         1000      982     1018
   1          934      920      950
   1          917      948      951
   1          925      945      952
   1          925      952      943
   1          911      882      953
   1          882      923      953
   1          946      974      995
   1          914      954      935
   1          927      926      985
   1          916      886      955
   1          957      993      989
   1          940      868      904
   1          884      889      874
   1          978      911      953
   1          977      989     1019
   1          937      905      956
   1          891      908      957
   1          896      911      958
   1          896      958      926
   1         1037     1017     1040
   1          918      936      930
   1          938      912      959
   1          912      947      959
   1          919      860      939
   1          893      917      960
   1          948      897      961
   1          886      922      962
   1         1001      955      962
   1          892      944      963
   1          909      929      923
   1         1042      999     1046
   1          913      921      964
   1          931      913      964
   1          921      940      964
   1          897      885      965
   1          873      938      966
   1          927      890      926
   1          903      937      946
   1          814      901      865
   1          944      891      957
   1          905      941      967
   1          905      967      956
   1          920      857      968
   1          919      939      969
   1          939      987      969
   1          917      951      960
   1          920      968      950
   1          961      897      965
   1          873      966      864
   1          919      969      970
   1          904      892      971
   1          904      971      940
   1          971      892      963
   1          919      970      885
   1          965      885      970
   1          910      981      832
   1          934      950      972
   1          961      994      976
   1          935      954      979
   1          933      927      985
   1          937      956      974
   1          937      974      946
   1          971      963      975
   1          948      961      976
   1          963      944      977
   1          923      880      953
   1          993      951      992
   1          982     1013     1018
   1          894      934      980
   1          857      942      968
   1          979      941      865
   1          947      832      981
   1          751      832      947
   1          880      978      953
   1         1019     1005     1048
   1          968      942      982
   1          966      938      983
   1          970      969      984
