#time	tref	diverr	energy	enstrophy	palinstrophy
0.000000e+00	0.000000e+00	2.727823e-11	5.220003e-01	5.020034e+01	9.891831e+04
7.107143e-03	1.990000e-01	2.917305e-11	5.219813e-01	5.015093e+01	9.821971e+04
1.421429e-02	3.980000e-01	2.917207e-11	5.219622e-01	5.010300e+01	9.747593e+04
2.132143e-02	5.970000e-01	2.917072e-11	5.219432e-01	5.005552e+01	9.688149e+04
2.842857e-02	7.960000e-01	2.916908e-11	5.219242e-01	5.000778e+01	9.620051e+04
3.553571e-02	9.950000e-01	2.916748e-11	5.219052e-01	4.996050e+01	9.564273e+04
4.264286e-02	1.194000e+00	2.916594e-11	5.218862e-01	4.991300e+01	9.517992e+04
4.975000e-02	1.393000e+00	2.916466e-11	5.218673e-01	4.986550e+01	9.486267e+04
5.685714e-02	1.592000e+00	2.916373e-11	5.218484e-01	4.981829e+01	9.472648e+04
6.396429e-02	1.791000e+00	2.916332e-11	5.218295e-01	4.977090e+01	9.480713e+04
7.107143e-02	1.990000e+00	2.916351e-11	5.218107e-01	4.972370e+01	9.506758e+04
7.817857e-02	2.189000e+00	2.916411e-11	5.217918e-01	4.967649e+01	9.540518e+04
8.528571e-02	2.388000e+00	2.916544e-11	5.217729e-01	4.962922e+01	9.577098e+04
9.239286e-02	2.587000e+00	2.916717e-11	5.217541e-01	4.958193e+01	9.603285e+04
9.950000e-02	2.786000e+00	2.916950e-11	5.217352e-01	4.953450e+01	9.617269e+04
1.066071e-01	2.985000e+00	2.917237e-11	5.217164e-01	4.948700e+01	9.623215e+04
1.137143e-01	3.184000e+00	2.917585e-11	5.216976e-01	4.943947e+01	9.639303e+04
1.208214e-01	3.383000e+00	2.917998e-11	5.216788e-01	4.939207e+01	9.697291e+04
1.279286e-01	3.582000e+00	2.918498e-11	5.216600e-01	4.934504e+01	9.831072e+04
1.350357e-01	3.781000e+00	2.919071e-11	5.216412e-01	4.929861e+01	1.007035e+05
1.421429e-01	3.980000e+00	2.919738e-11	5.216225e-01	4.925294e+01	1.042116e+05
1.492500e-01	4.179000e+00	2.920525e-11	5.216037e-01	4.920796e+01	1.085550e+05
1.563571e-01	4.378000e+00	2.921428e-11	5.215850e-01	4.916331e+01	1.130728e+05
1.634643e-01	4.577000e+00	2.922495e-11	5.215664e-01	4.911833e+01	1.168114e+05
1.705714e-01	4.776000e+00	2.923732e-11	5.215477e-01	4.907227e+01	1.188126e+05
1.776786e-01	4.975000e+00	2.925150e-11	5.215291e-01	4.902450e+01	1.184833e+05
1.847857e-01	5.174000e+00	2.926819e-11	5.215106e-01	4.897492e+01	1.159426e+05
1.918929e-01	5.373000e+00	2.928734e-11	5.214922e-01	4.892415e+01	1.121118e+05
1.990000e-01	5.572000e+00	2.930953e-11	5.214737e-01	4.887337e+01	1.084417e+05
2.061071e-01	5.771000e+00	2.933493e-11	5.214553e-01	4.882386e+01	1.062957e+05
2.132143e-01	5.970000e+00	2.936405e-11	5.214370e-01	4.877627e+01	1.062355e+05
2.203214e-01	6.169000e+00	2.939763e-11	5.214186e-01	4.873013e+01	1.076478e+05
2.274286e-01	6.368000e+00	2.943565e-11	5.214004e-01	4.868406e+01	1.090755e+05
2.345357e-01	6.567000e+00	2.947896e-11	5.213821e-01	4.863670e+01	1.091835e+05
2.416429e-01	6.766000e+00	2.952820e-11	5.213639e-01	4.858775e+01	1.077144e+05
2.487500e-01	6.965000e+00	2.958390e-11	5.213458e-01	4.853820e+01	1.056622e+05
2.558571e-01	7.164000e+00	2.964684e-11	5.213277e-01	4.848944e+01	1.044623e+05
2.629643e-01	7.363000e+00	2.971739e-11	5.213097e-01	4.844213e+01	1.048486e+05
2.700714e-01	7.562000e+00	2.979631e-11	5.212918e-01	4.839584e+01	1.063670e+05
2.771786e-01	7.761000e+00	2.988416e-11	5.212740e-01	4.834931e+01	1.080263e+05
2.842857e-01	7.960000e+00	2.998126e-11	5.212563e-01	4.830094e+01	1.095498e+05
2.913929e-01	8.159000e+00	3.008782e-11	5.212387e-01	4.824925e+01	1.119361e+05
2.985000e-01	8.358000e+00	3.020398e-11	5.212212e-01	4.819364e+01	1.164487e+05
3.056071e-01	8.557000e+00	3.032916e-11	5.212038e-01	4.813464e+01	1.229837e+05
3.127143e-01	8.756000e+00	3.046359e-11	5.211865e-01	4.807359e+01	1.298730e+05
3.198214e-01	8.955000e+00	3.060622e-11	5.211693e-01	4.801281e+01	1.354141e+05
3.269286e-01	9.154000e+00	3.075695e-11	5.211522e-01	4.795568e+01	1.396983e+05
3.340357e-01	9.353000e+00	3.091490e-11	5.211350e-01	4.790635e+01	1.460787e+05
3.411429e-01	9.552000e+00	3.107990e-11	5.211176e-01	4.786820e+01	1.596723e+05
3.482500e-01	9.751000e+00	3.125074e-11	5.210997e-01	4.783719e+01	1.798630e+05
3.553571e-01	9.950000e+00	3.142650e-11	5.210812e-01	4.779646e+01	1.968258e+05
3.624643e-01	1.014900e+01	3.160567e-11	5.210621e-01	4.772964e+01	2.036039e+05
3.695714e-01	1.034800e+01	3.178659e-11	5.210426e-01	4.763952e+01	2.051796e+05
3.766786e-01	1.054700e+01	3.196757e-11	5.210231e-01	4.753980e+01	2.072869e+05
3.837857e-01	1.074600e+01	3.214689e-11	5.210039e-01	4.743709e+01	2.094652e+05
3.908929e-01	1.094500e+01	3.232354e-11	5.209854e-01	4.733471e+01	2.137973e+05
3.980000e-01	1.114400e+01	3.249551e-11	5.209677e-01	4.723881e+01	2.232316e+05
4.051071e-01	1.134300e+01	3.266195e-11	5.209510e-01	4.715254e+01	2.330986e+05
4.122143e-01	1.154200e+01	3.282129e-11	5.209350e-01	4.707665e+01	2.383001e+05
4.193214e-01	1.174100e+01	3.297210e-11	5.209195e-01	4.701197e+01	2.392812e+05
4.264286e-01	1.194000e+01	3.311304e-11	5.209042e-01	4.695423e+01	2.374418e+05
4.335357e-01	1.213900e+01	3.324315e-11	5.208886e-01	4.689545e+01	2.340514e+05
4.406429e-01	1.233800e+01	3.336105e-11	5.208726e-01	4.683061e+01	2.311189e+05
4.477500e-01	1.253700e+01	3.346563e-11	5.208562e-01	4.676016e+01	2.300883e+05
4.548571e-01	1.273600e+01	3.355576e-11	5.208394e-01	4.668651e+01	2.304512e+05
4.619643e-01	1.293500e+01	3.363099e-11	5.208223e-01	4.660959e+01	2.305571e+05
4.690714e-01	1.313400e+01	3.369080e-11	5.208049e-01	4.652842e+01	2.303818e+05
4.761786e-01	1.333300e+01	3.373591e-11	5.207872e-01	4.644423e+01	2.316817e+05
4.832857e-01	1.353200e+01	3.376663e-11	5.207692e-01	4.635856e+01	2.346911e+05
4.903929e-01	1.373100e+01	3.378450e-11	5.207510e-01	4.627063e+01	2.369422e+05
4.975000e-01	1.393000e+01	3.379035e-11	5.207326e-01	4.617899e+01	2.361784e+05
5.046071e-01	1.412900e+01	3.378522e-11	5.207141e-01	4.608385e+01	2.325016e+05
5.117143e-01	1.432800e+01	3.377034e-11	5.206957e-01	4.598688e+01	2.271934e+05
5.188214e-01	1.452700e+01	3.374615e-11	5.206775e-01	4.588987e+01	2.210545e+05
5.259286e-01	1.472600e+01	3.371307e-11	5.206597e-01	4.579380e+01	2.143213e+05
5.330357e-01	1.492500e+01	3.367160e-11	5.206423e-01	4.569961e+01	2.073341e+05
5.401429e-01	1.512400e+01	3.362223e-11	5.206252e-01	4.560931e+01	2.007026e+05
5.472500e-01	1.532300e+01	3.356582e-11	5.206083e-01	4.552509e+01	1.950707e+05
5.543571e-01	1.552200e+01	3.350371e-11	5.205914e-01	4.544753e+01	1.911607e+05
5.614643e-01	1.572100e+01	3.343712e-11	5.205744e-01	4.537541e+01	1.893987e+05
5.685714e-01	1.592000e+01	3.336712e-11	5.205574e-01	4.530742e+01	1.893126e+05
5.756786e-01	1.611900e+01	3.329500e-11	5.205403e-01	4.524332e+01	1.898856e+05
5.827857e-01	1.631800e+01	3.322155e-11	5.205232e-01	4.518345e+01	1.906645e+05
5.898929e-01	1.651700e+01	3.314705e-11	5.205063e-01	4.512717e+01	1.920427e+05
5.970000e-01	1.671600e+01	3.307234e-11	5.204895e-01	4.507216e+01	1.944232e+05
6.041071e-01	1.691500e+01	3.299793e-11	5.204729e-01	4.501594e+01	1.977071e+05
6.112143e-01	1.711400e+01	3.292428e-11	5.204564e-01	4.495770e+01	2.012274e+05
6.183214e-01	1.731300e+01	3.285209e-11	5.204400e-01	4.489763e+01	2.035073e+05
6.254286e-01	1.751200e+01	3.278205e-11	5.204236e-01	4.483534e+01	2.026796e+05
6.325357e-01	1.771100e+01	3.271431e-11	5.204073e-01	4.476977e+01	1.978089e+05
6.396429e-01	1.791000e+01	3.264958e-11	5.203910e-01	4.470061e+01	1.896692e+05
6.467500e-01	1.810900e+01	3.258773e-11	5.203746e-01	4.462895e+01	1.801387e+05
6.538571e-01	1.830800e+01	3.252912e-11	5.203582e-01	4.455676e+01	1.709221e+05
6.609643e-01	1.850700e+01	3.247360e-11	5.203417e-01	4.448604e+01	1.627583e+05
6.680714e-01	1.870600e+01	3.242129e-11	5.203253e-01	4.441831e+01	1.554297e+05
6.751786e-01	1.890500e+01	3.237236e-11	5.203088e-01	4.435456e+01	1.481312e+05
6.822857e-01	1.910400e+01	3.232649e-11	5.202923e-01	4.429545e+01	1.399830e+05
6.893929e-01	1.930300e+01	3.228382e-11	5.202758e-01	4.424146e+01	1.306503e+05
6.965000e-01	1.950200e+01	3.224428e-11	5.202593e-01	4.419280e+01	1.206106e+05
7.036071e-01	1.970100e+01	3.220804e-11	5.202428e-01	4.414908e+01	1.108255e+05
7.107143e-01	1.990000e+01	3.217500e-11	5.202263e-01	4.410932e+01	1.022751e+05
7.178214e-01	2.009900e+01	3.214543e-11	5.202099e-01	4.407231e+01	9.574479e+04
7.249286e-01	2.029800e+01	3.211969e-11	5.201935e-01	4.403710e+01	9.173428e+04
7.320357e-01	2.049700e+01	3.209813e-11	5.201771e-01	4.400322e+01	9.029200e+04
7.391429e-01	2.069600e+01	3.208116e-11	5.201609e-01	4.397039e+01	9.083500e+04
7.462500e-01	2.089500e+01	3.206880e-11	5.201448e-01	4.393809e+01	9.214753e+04
7.533571e-01	2.109400e+01	3.206193e-11	5.201288e-01	4.390548e+01	9.270101e+04
7.604643e-01	2.129300e+01	3.206039e-11	5.201129e-01	4.387157e+01	9.124379e+04
7.675714e-01	2.149200e+01	3.206481e-11	5.200970e-01	4.383571e+01	8.735845e+04
7.746786e-01	2.169100e+01	3.207549e-11	5.200813e-01	4.379793e+01	8.155940e+04
7.817857e-01	2.189000e+01	3.209260e-11	5.200657e-01	4.375890e+01	7.486405e+04
7.888929e-01	2.208900e+01	3.211641e-11	5.200502e-01	4.371989e+01	6.834536e+04
7.960000e-01	2.228800e+01	3.214704e-11	5.200347e-01	4.368248e+01	6.291531e+04
8.031071e-01	2.248700e+01	3.218445e-11	5.200193e-01	4.364795e+01	5.907487e+04
8.102143e-01	2.268600e+01	3.222845e-11	5.200039e-01	4.361659e+01	5.672280e+04
8.173214e-01	2.288500e+01	3.227878e-11	5.199885e-01	4.358780e+01	5.533828e+04
8.244286e-01	2.308400e+01	3.233533e-11	5.199731e-01	4.356057e+01	5.437601e+04
8.315357e-01	2.328300e+01	3.239799e-11	5.199576e-01	4.353398e+01	5.345956e+04
8.386429e-01	2.348200e+01	3.246634e-11	5.199421e-01	4.350758e+01	5.236191e+04
8.457500e-01	2.368100e+01	3.254009e-11	5.199265e-01	4.348163e+01	5.101686e+04
8.528571e-01	2.388000e+01	3.261908e-11	5.199108e-01	4.345720e+01	4.943097e+04
8.599643e-01	2.407900e+01	3.270318e-11	5.198951e-01	4.343536e+01	4.756242e+04
8.670714e-01	2.427800e+01	3.279164e-11	5.198793e-01	4.341660e+01	4.545971e+04
8.741786e-01	2.447700e+01	3.288414e-11	5.198634e-01	4.340077e+01	4.344907e+04
8.812857e-01	2.467600e+01	3.298078e-11	5.198474e-01	4.338703e+01	4.204005e+04
8.883929e-01	2.487500e+01	3.308080e-11	5.198314e-01	4.337379e+01	4.153529e+04
8.955000e-01	2.507400e+01	3.318398e-11	5.198154e-01	4.335909e+01	4.174451e+04
9.026071e-01	2.527300e+01	3.329027e-11	5.197995e-01	4.334169e+01	4.212742e+04
9.097143e-01	2.547200e+01	3.339943e-11	5.197838e-01	4.332172e+01	4.213592e+04
9.168214e-01	2.567100e+01	3.351149e-11	5.197683e-01	4.330016e+01	4.147489e+04
9.239286e-01	2.587000e+01	3.362632e-11	5.197529e-01	4.327826e+01	4.028198e+04
9.310357e-01	2.606900e+01	3.374412e-11	5.197377e-01	4.325774e+01	3.914248e+04
9.381429e-01	2.626800e+01	3.386436e-11	5.197224e-01	4.324034e+01	3.880861e+04
9.452500e-01	2.646700e+01	3.398702e-11	5.197070e-01	4.322647e+01	3.957296e+04
9.523571e-01	2.666600e+01	3.411227e-11	5.196914e-01	4.321433e+01	4.069249e+04
9.594643e-01	2.686500e+01	3.424000e-11	5.196756e-01	4.320080e+01	4.087223e+04
9.665714e-01	2.706400e+01	3.437074e-11	5.196596e-01	4.318363e+01	3.954875e+04
9.736786e-01	2.726300e+01	3.450547e-11	5.196437e-01	4.316269e+01	3.743585e+04
9.807857e-01	2.746200e+01	3.464538e-11	5.196279e-01	4.313924e+01	3.603456e+04
9.878929e-01	2.766100e+01	3.479158e-11	5.196123e-01	4.311554e+01	3.622657e+04
9.950000e-01	2.786000e+01	3.494565e-11	5.195971e-01	4.309454e+01	3.686231e+04
1.002107e+00	2.805900e+01	3.510894e-11	5.195818e-01	4.307861e+01	3.690338e+04
1.009214e+00	2.825800e+01	3.528320e-11	5.195663e-01	4.306814e+01	3.739787e+04
1.016321e+00	2.845700e+01	3.546994e-11	5.195504e-01	4.305870e+01	3.815893e+04
1.023429e+00	2.865600e+01	3.567088e-11	5.195343e-01	4.304392e+01	3.810657e+04
1.030536e+00	2.885500e+01	3.588770e-11	5.195185e-01	4.302382e+01	3.842760e+04
1.037643e+00	2.905400e+01	3.612249e-11	5.195032e-01	4.300361e+01	4.001496e+04
1.044750e+00	2.925300e+01	3.637830e-11	5.194884e-01	4.298830e+01	4.190314e+04
1.051857e+00	2.945200e+01	3.665634e-11	5.194737e-01	4.297809e+01	4.312032e+04
1.058964e+00	2.965100e+01	3.695763e-11	5.194589e-01	4.296850e+01	4.367200e+04
1.066071e+00	2.985000e+01	3.728450e-11	5.194438e-01	4.295536e+01	4.394278e+04
1.073179e+00	3.004900e+01	3.763854e-11	5.194284e-01	4.293750e+01	4.453348e+04
1.080286e+00	3.024800e+01	3.802087e-11	5.194129e-01	4.291368e+01	4.381824e+04
1.087393e+00	3.044700e+01	3.843314e-11	5.193969e-01	4.288865e+01	4.322663e+04
1.094500e+00	3.064600e+01	3.887653e-11	5.193807e-01	4.286556e+01	4.202681e+04
1.101607e+00	3.084500e+01	3.934911e-11	5.193649e-01	4.284445e+01	4.118292e+04
1.108714e+00	3.104400e+01	3.984922e-11	5.193496e-01	4.282450e+01	3.994932e+04
1.115821e+00	3.124300e+01	4.037533e-11	5.193343e-01	4.280669e+01	3.994456e+04
1.122929e+00	3.144200e+01	4.092373e-11	5.193187e-01	4.279150e+01	4.013676e+04
1.130036e+00	3.164100e+01	4.149227e-11	5.193028e-01	4.277439e+01	3.988648e+04
1.137143e+00	3.184000e+01	4.207609e-11	5.192873e-01	4.275331e+01	4.092974e+04
1.144250e+00	3.203900e+01	4.266981e-11	5.192725e-01	4.273534e+01	4.213804e+04
1.151357e+00	3.223800e+01	4.327069e-11	5.192578e-01	4.272166e+01	4.388394e+04
1.158464e+00	3.243700e+01	4.387320e-11	5.192429e-01	4.270753e+01	4.626323e+04
1.165571e+00	3.263600e+01	4.446915e-11	5.192278e-01	4.268762e+01	4.888992e+04
1.172679e+00	3.283500e+01	4.505158e-11	5.192131e-01	4.266534e+01	5.036912e+04
1.179786e+00	3.303400e+01	4.561174e-11	5.191985e-01	4.264176e+01	5.200531e+04
1.186893e+00	3.323300e+01	4.614235e-11	5.191834e-01	4.262647e+01	5.543582e+04
1.194000e+00	3.343200e+01	4.663606e-11	5.191680e-01	4.260999e+01	5.424026e+04
1.201107e+00	3.363100e+01	4.708612e-11	5.191527e-01	4.258218e+01	5.591946e+04
1.208214e+00	3.383000e+01	4.748712e-11	5.191374e-01	4.257305e+01	5.533232e+04
1.215321e+00	3.402900e+01	4.782924e-11	5.191228e-01	4.255425e+01	5.701807e+04
1.222429e+00	3.422800e+01	4.810220e-11	5.191082e-01	4.250278e+01	5.205843e+04
1.229536e+00	3.442700e+01	4.830326e-11	5.190927e-01	4.246674e+01	4.953562e+04
1.236643e+00	3.462600e+01	4.843578e-11	5.190768e-01	4.244809e+01	5.406039e+04
1.243750e+00	3.482500e+01	4.849696e-11	5.190607e-01	4.244674e+01	5.164821e+04
1.250857e+00	3.502400e+01	4.847716e-11	5.190446e-01	4.241606e+01	5.243563e+04
1.257964e+00	3.522300e+01	4.838325e-11	5.190295e-01	4.237385e+01	5.359550e+04
1.265071e+00	3.542200e+01	4.823199e-11	5.190150e-01	4.236395e+01	5.337584e+04
1.272179e+00	3.562100e+01	4.803346e-11	5.190004e-01	4.234424e+01	5.293472e+04
1.279286e+00	3.582000e+01	4.779525e-11	5.189855e-01	4.229951e+01	5.974105e+04
1.286393e+00	3.601900e+01	4.753519e-11	5.189709e-01	4.228199e+01	5.899443e+04
1.293500e+00	3.621800e+01	4.726584e-11	5.189565e-01	4.226394e+01	6.519794e+04
1.300607e+00	3.641700e+01	4.698765e-11	5.189412e-01	4.222841e+01	7.039451e+04
1.307714e+00	3.661600e+01	4.669577e-11	5.189255e-01	4.222078e+01	6.647453e+04
1.314821e+00	3.681500e+01	4.638283e-11	5.189107e-01	4.217850e+01	6.592024e+04
1.321929e+00	3.701400e+01	4.605479e-11	5.188959e-01	4.211293e+01	7.201306e+04
1.329036e+00	3.721300e+01	4.572590e-11	5.188801e-01	4.209403e+01	7.402993e+04
1.336143e+00	3.741200e+01	4.540113e-11	5.188646e-01	4.206755e+01	7.713456e+04
1.343250e+00	3.761100e+01	4.508744e-11	5.188493e-01	4.202426e+01	7.576014e+04
1.350357e+00	3.781000e+01	4.478915e-11	5.188341e-01	4.201133e+01	8.541468e+04
1.357464e+00	3.800900e+01	4.449878e-11	5.188192e-01	4.199898e+01	8.720936e+04
1.364571e+00	3.820800e+01	4.421294e-11	5.188049e-01	4.192415e+01	9.023820e+04
1.371679e+00	3.840700e+01	4.394050e-11	5.187905e-01	4.186558e+01	8.971822e+04
1.378786e+00	3.860600e+01	4.368561e-11	5.187753e-01	4.186752e+01	8.973184e+04
1.385893e+00	3.880500e+01	4.344151e-11	5.187598e-01	4.182753e+01	8.974996e+04
1.393000e+00	3.900400e+01	4.321001e-11	5.187445e-01	4.175620e+01	1.021118e+05
1.400107e+00	3.920300e+01	4.299883e-11	5.187295e-01	4.170739e+01	9.886797e+04
1.407214e+00	3.940200e+01	4.280938e-11	5.187148e-01	4.167424e+01	1.016213e+05
1.414321e+00	3.960100e+01	4.263914e-11	5.187003e-01	4.162649e+01	1.164411e+05
1.421429e+00	3.980000e+01	4.248993e-11	5.186861e-01	4.156106e+01	1.254225e+05
1.428536e+00	3.999900e+01	4.236237e-11	5.186723e-01	4.150633e+01	1.203522e+05
1.435643e+00	4.019800e+01	4.225216e-11	5.186586e-01	4.149104e+01	1.295259e+05
1.442750e+00	4.039700e+01	4.215681e-11	5.186438e-01	4.149856e+01	1.597974e+05
1.449857e+00	4.059600e+01	4.207344e-11	5.186279e-01	4.146794e+01	1.573472e+05
1.456964e+00	4.079500e+01	4.200275e-11	5.186118e-01	4.136986e+01	1.378655e+05
1.464071e+00	4.099400e+01	4.194744e-11	5.185964e-01	4.126378e+01	1.385968e+05
1.471179e+00	4.119300e+01	4.191126e-11	5.185823e-01	4.118309e+01	1.411715e+05
1.478286e+00	4.139200e+01	4.189629e-11	5.185691e-01	4.111977e+01	1.396362e+05
1.485393e+00	4.159100e+01	4.190486e-11	5.185557e-01	4.107080e+01	1.433361e+05
1.492500e+00	4.179000e+01	4.193898e-11	5.185415e-01	4.104119e+01	1.432441e+05
1.499607e+00	4.198900e+01	4.199685e-11	5.185263e-01	4.101085e+01	1.329308e+05
1.506714e+00	4.218800e+01	4.207618e-11	5.185110e-01	4.097170e+01	1.295721e+05
1.513821e+00	4.238700e+01	4.217334e-11	5.184963e-01	4.092868e+01	1.353904e+05
1.520929e+00	4.258600e+01	4.228505e-11	5.184824e-01	4.087293e+01	1.385691e+05
1.528036e+00	4.278500e+01	4.240750e-11	5.184687e-01	4.080402e+01	1.363249e+05
1.535143e+00	4.298400e+01	4.253799e-11	5.184550e-01	4.073474e+01	1.290837e+05
1.542250e+00	4.318300e+01	4.267293e-11	5.184416e-01	4.067900e+01	1.255416e+05
1.549357e+00	4.338200e+01	4.281012e-11	5.184283e-01	4.063394e+01	1.307360e+05
1.556464e+00	4.358100e+01	4.294792e-11	5.184149e-01	4.059051e+01	1.288344e+05
1.563571e+00	4.378000e+01	4.308584e-11	5.184007e-01	4.055740e+01	1.240174e+05
1.570679e+00	4.397900e+01	4.322093e-11	5.183858e-01	4.052676e+01	1.232167e+05
1.577786e+00	4.417800e+01	4.334777e-11	5.183710e-01	4.047716e+01	1.163972e+05
1.584893e+00	4.437700e+01	4.346561e-11	5.183565e-01	4.042913e+01	1.117423e+05
1.592000e+00	4.457600e+01	4.357600e-11	5.183418e-01	4.037395e+01	1.092883e+05
1.599107e+00	4.477500e+01	4.367842e-11	5.183272e-01	4.029899e+01	1.088897e+05
1.606214e+00	4.497400e+01	4.376784e-11	5.183130e-01	4.023196e+01	1.110732e+05
1.613321e+00	4.517300e+01	4.383905e-11	5.182990e-01	4.018467e+01	1.130535e+05
1.620429e+00	4.537200e+01	4.389021e-11	5.182856e-01	4.014372e+01	1.143857e+05
1.627536e+00	4.557100e+01	4.392373e-11	5.182725e-01	4.010418e+01	1.163311e+05
1.634643e+00	4.577000e+01	4.394609e-11	5.182593e-01	4.005543e+01	1.169731e+05
1.641750e+00	4.596900e+01	4.396266e-11	5.182459e-01	3.999523e+01	1.174566e+05
1.648857e+00	4.616800e+01	4.397882e-11	5.182321e-01	3.993288e+01	1.212096e+05
1.655964e+00	4.636700e+01	4.399827e-11	5.182182e-01	3.987939e+01	1.241903e+05
1.663071e+00	4.656600e+01	4.402048e-11	5.182043e-01	3.984007e+01	1.246520e+05
1.670179e+00	4.676500e+01	4.404024e-11	5.181904e-01	3.980801e+01	1.273759e+05
1.677286e+00	4.696400e+01	4.405456e-11	5.181766e-01	3.976376e+01	1.279528e+05
1.684393e+00	4.716300e+01	4.406302e-11	5.181630e-01	3.970098e+01	1.258980e+05
1.691500e+00	4.736200e+01	4.406875e-11	5.181494e-01	3.964444e+01	1.268916e+05
1.698607e+00	4.756100e+01	4.407208e-11	5.181359e-01	3.960341e+01	1.279300e+05
1.705714e+00	4.776000e+01	4.407299e-11	5.181225e-01	3.956389e+01	1.286140e+05
1.712821e+00	4.795900e+01	4.407093e-11	5.181094e-01	3.951849e+01	1.326295e+05
1.719929e+00	4.815800e+01	4.406692e-11	5.180964e-01	3.946563e+01	1.358152e+05
1.727036e+00	4.835700e+01	4.406130e-11	5.180833e-01	3.940276e+01	1.338660e+05
1.734143e+00	4.855600e+01	4.405481e-11	5.180701e-01	3.933766e+01	1.348577e+05
1.741250e+00	4.875500e+01	4.404993e-11	5.180565e-01	3.927932e+01	1.460458e+05
1.748357e+00	4.895400e+01	4.404709e-11	5.180426e-01	3.922502e+01	1.597313e+05
1.755464e+00	4.915300e+01	4.404614e-11	5.180282e-01	3.916999e+01	1.685698e+05
1.762571e+00	4.935200e+01	4.404428e-11	5.180137e-01	3.911396e+01	1.716015e+05
1.769679e+00	4.955100e+01	4.404180e-11	5.179997e-01	3.905969e+01	1.681813e+05
1.776786e+00	4.975000e+01	4.403981e-11	5.179863e-01	3.900968e+01	1.600261e+05
1.783893e+00	4.994900e+01	4.403989e-11	5.179736e-01	3.896307e+01	1.530837e+05
1.791000e+00	5.014800e+01	4.404516e-11	5.179611e-01	3.891759e+01	1.532692e+05
1.798107e+00	5.034700e+01	4.406017e-11	5.179486e-01	3.887485e+01	1.614178e+05
1.805214e+00	5.054600e+01	4.408910e-11	5.179356e-01	3.883182e+01	1.671562e+05
1.812321e+00	5.074500e+01	4.413356e-11	5.179223e-01	3.878547e+01	1.633549e+05
1.819429e+00	5.094400e+01	4.419187e-11	5.179087e-01	3.874336e+01	1.558615e+05
1.826536e+00	5.114300e+01	4.426064e-11	5.178950e-01	3.869529e+01	1.481184e+05
1.833643e+00	5.134200e+01	4.433651e-11	5.178813e-01	3.862088e+01	1.403959e+05
1.840750e+00	5.154100e+01	4.441981e-11	5.178678e-01	3.853974e+01	1.399510e+05
1.847857e+00	5.174000e+01	4.451128e-11	5.178548e-01	3.848274e+01	1.448417e+05
1.854964e+00	5.193900e+01	4.461014e-11	5.178423e-01	3.844813e+01	1.451952e+05
1.862071e+00	5.213800e+01	4.471437e-11	5.178300e-01	3.841704e+01	1.387196e+05
1.869179e+00	5.233700e+01	4.482362e-11	5.178175e-01	3.838137e+01	1.329746e+05
1.876286e+00	5.253600e+01	4.493653e-11	5.178046e-01	3.833474e+01	1.252288e+05
1.883393e+00	5.273500e+01	4.505201e-11	5.177914e-01	3.826326e+01	1.140697e+05
1.890500e+00	5.293400e+01	4.516939e-11	5.177786e-01	3.818468e+01	1.211571e+05
1.897607e+00	5.313300e+01	4.528881e-11	5.177663e-01	3.812513e+01	1.334348e+05
1.904714e+00	5.333200e+01	4.540936e-11	5.177545e-01	3.808967e+01	1.277552e+05
1.911821e+00	5.353100e+01	4.552808e-11	5.177426e-01	3.807622e+01	1.190093e+05
1.918929e+00	5.373000e+01	4.564089e-11	5.177302e-01	3.806262e+01	1.141763e+05
1.926036e+00	5.392900e+01	4.574624e-11	5.177175e-01	3.802872e+01	1.100858e+05
1.933143e+00	5.412800e+01	4.584269e-11	5.177048e-01	3.797643e+01	1.071700e+05
1.940250e+00	5.432700e+01	4.593037e-11	5.176923e-01	3.792081e+01	1.088696e+05
1.947357e+00	5.452600e+01	4.600873e-11	5.176802e-01	3.787445e+01	1.128121e+05
1.954464e+00	5.472500e+01	4.607602e-11	5.176683e-01	3.784045e+01	1.105788e+05
1.961571e+00	5.492400e+01	4.613099e-11	5.176568e-01	3.781541e+01	1.008108e+05
1.968679e+00	5.512300e+01	4.617240e-11	5.176455e-01	3.779381e+01	8.980746e+04
1.975786e+00	5.532200e+01	4.619935e-11	5.176342e-01	3.777021e+01	8.154474e+04
1.982893e+00	5.552100e+01	4.621198e-11	5.176228e-01	3.774137e+01	7.584435e+04
1.990000e+00	5.572000e+01	4.620921e-11	5.176110e-01	3.770959e+01	7.208068e+04
1.997107e+00	5.591900e+01	4.619036e-11	5.175988e-01	3.767934e+01	6.942543e+04
2.004214e+00	5.611800e+01	4.615480e-11	5.175863e-01	3.765088e+01	6.677842e+04
2.011321e+00	5.631700e+01	4.610232e-11	5.175738e-01	3.762294e+01	6.382648e+04
2.018429e+00	5.651600e+01	4.603324e-11	5.175612e-01	3.759612e+01	6.088165e+04
2.025536e+00	5.671500e+01	4.594892e-11	5.175484e-01	3.757012e+01	5.819267e+04
2.032643e+00	5.691400e+01	4.585077e-11	5.175358e-01	3.754420e+01	5.606300e+04
2.039750e+00	5.711300e+01	4.573964e-11	5.175232e-01	3.752056e+01	5.495253e+04
2.046857e+00	5.731200e+01	4.561574e-11	5.175107e-01	3.750246e+01	5.445784e+04
2.053964e+00	5.751100e+01	4.547950e-11	5.174983e-01	3.748781e+01	5.346588e+04
2.061071e+00	5.771000e+01	4.533274e-11	5.174859e-01	3.747082e+01	5.169327e+04
2.068179e+00	5.790900e+01	4.517664e-11	5.174737e-01	3.744957e+01	5.040194e+04
2.075286e+00	5.810800e+01	4.501432e-11	5.174617e-01	3.742673e+01	5.052273e+04
2.082393e+00	5.830700e+01	4.484709e-11	5.174498e-01	3.740683e+01	5.061022e+04
2.089500e+00	5.850600e+01	4.467642e-11	5.174377e-01	3.739276e+01	4.894798e+04
2.096607e+00	5.870500e+01	4.450416e-11	5.174256e-01	3.738237e+01	4.613598e+04
2.103714e+00	5.890400e+01	4.433325e-11	5.174134e-01	3.737154e+01	4.396053e+04
2.110821e+00	5.910300e+01	4.416645e-11	5.174009e-01	3.735721e+01	4.242076e+04
2.117929e+00	5.930200e+01	4.400598e-11	5.173883e-01	3.733611e+01	4.027385e+04
2.125036e+00	5.950100e+01	4.385316e-11	5.173757e-01	3.730897e+01	3.819504e+04
2.132143e+00	5.970000e+01	4.371002e-11	5.173632e-01	3.728141e+01	3.733502e+04
2.139250e+00	5.989900e+01	4.357680e-11	5.173507e-01	3.725846e+01	3.708802e+04
2.146357e+00	6.009800e+01	4.345410e-11	5.173382e-01	3.724123e+01	3.715277e+04
2.153464e+00	6.029700e+01	4.334259e-11	5.173257e-01	3.722631e+01	3.782652e+04
2.160571e+00	6.049600e+01	4.324184e-11	5.173133e-01	3.721022e+01	3.927708e+04
2.167679e+00	6.069500e+01	4.315200e-11	5.173010e-01	3.719253e+01	4.124403e+04
2.174786e+00	6.089400e+01	4.307383e-11	5.172888e-01	3.717526e+01	4.340845e+04
2.181893e+00	6.109300e+01	4.300795e-11	5.172765e-01	3.716105e+01	4.562255e+04
2.189000e+00	6.129200e+01	4.295444e-11	5.172640e-01	3.714933e+01	4.702125e+04
2.196107e+00	6.149100e+01	4.291350e-11	5.172514e-01	3.713652e+01	4.726631e+04
2.203214e+00	6.169000e+01	4.288503e-11	5.172388e-01	3.712124e+01	4.723486e+04
2.210321e+00	6.188900e+01	4.286778e-11	5.172264e-01	3.710510e+01	4.756248e+04
2.217429e+00	6.208800e+01	4.286092e-11	5.172141e-01	3.708862e+01	4.777870e+04
2.224536e+00	6.228700e+01	4.286329e-11	5.172019e-01	3.706979e+01	4.658942e+04
2.231643e+00	6.248600e+01	4.287440e-11	5.171896e-01	3.704830e+01	4.419075e+04
2.238750e+00	6.268500e+01	4.289321e-11	5.171773e-01	3.702789e+01	4.245493e+04
2.245857e+00	6.288400e+01	4.292043e-11	5.171650e-01	3.701157e+01	4.182353e+04
2.252964e+00	6.308300e+01	4.295524e-11	5.171527e-01	3.699815e+01	4.082135e+04
2.260071e+00	6.328200e+01	4.299715e-11	5.171405e-01	3.698519e+01	3.867222e+04
2.267179e+00	6.348100e+01	4.304581e-11	5.171283e-01	3.697177e+01	3.636555e+04
2.274286e+00	6.368000e+01	4.309938e-11	5.171160e-01	3.695739e+01	3.483884e+04
2.281393e+00	6.387900e+01	4.315714e-11	5.171036e-01	3.694158e+01	3.384576e+04
2.288500e+00	6.407800e+01	4.321735e-11	5.170913e-01	3.692541e+01	3.296913e+04
2.295607e+00	6.427700e+01	4.327883e-11	5.170789e-01	3.691106e+01	3.216634e+04
2.302714e+00	6.447600e+01	4.334010e-11	5.170666e-01	3.689980e+01	3.150296e+04
2.309821e+00	6.467500e+01	4.339990e-11	5.170543e-01	3.689106e+01	3.108165e+04
2.316929e+00	6.487400e+01	4.345769e-11	5.170419e-01	3.688291e+01	3.094778e+04
2.324036e+00	6.507300e+01	4.351239e-11	5.170294e-01	3.687343e+01	3.097777e+04
2.331143e+00	6.527200e+01	4.356364e-11	5.170168e-01	3.686177e+01	3.100161e+04
2.338250e+00	6.547100e+01	4.361057e-11	5.170042e-01	3.684853e+01	3.094848e+04
2.345357e+00	6.567000e+01	4.365371e-11	5.169916e-01	3.683519e+01	3.083615e+04
2.352464e+00	6.586900e+01	4.369176e-11	5.169792e-01	3.682282e+01	3.079167e+04
2.359571e+00	6.606800e+01	4.372423e-11	5.169668e-01	3.681113e+01	3.100434e+04
2.366679e+00	6.626700e+01	4.375081e-11	5.169545e-01	3.679913e+01	3.147610e+04
2.373786e+00	6.646600e+01	4.377111e-11	5.169423e-01	3.678653e+01	3.193302e+04
2.380893e+00	6.666500e+01	4.378591e-11	5.169302e-01	3.677418e+01	3.209293e+04
2.388000e+00	6.686400e+01	4.379490e-11	5.169181e-01	3.676305e+01	3.201094e+04
2.395107e+00	6.706300e+01	4.379874e-11	5.169062e-01	3.675310e+01	3.201452e+04
2.402214e+00	6.726200e+01	4.379722e-11	5.168942e-01	3.674308e+01	3.224897e+04
2.409321e+00	6.746100e+01	4.379091e-11	5.168823e-01	3.673165e+01	3.255611e+04
2.416429e+00	6.766000e+01	4.377997e-11	5.168704e-01	3.671859e+01	3.281884e+04
2.423536e+00	6.785900e+01	4.376528e-11	5.168584e-01	3.670496e+01	3.306821e+04
2.430643e+00	6.805800e+01	4.374712e-11	5.168464e-01	3.669226e+01	3.323975e+04
2.437750e+00	6.825700e+01	4.372654e-11	5.168344e-01	3.668145e+01	3.312879e+04
2.444857e+00	6.845600e+01	4.370375e-11	5.168223e-01	3.667243e+01	3.264228e+04
2.451964e+00	6.865500e+01	4.367964e-11	5.168102e-01	3.666424e+01	3.195542e+04
2.459071e+00	6.885400e+01	4.365454e-11	5.167980e-01	3.665560e+01	3.137423e+04
2.466179e+00	6.905300e+01	4.362979e-11	5.167858e-01	3.664572e+01	3.109182e+04
2.473286e+00	6.925200e+01	4.360663e-11	5.167735e-01	3.663450e+01	3.109469e+04
2.480393e+00	6.945100e+01	4.358607e-11	5.167611e-01	3.662242e+01	3.128568e+04
2.487500e+00	6.965000e+01	4.356922e-11	5.167487e-01	3.660997e+01	3.161678e+04
2.494607e+00	6.984900e+01	4.355673e-11	5.167364e-01	3.659728e+01	3.206612e+04
2.501714e+00	7.004800e+01	4.354934e-11	5.167240e-01	3.658426e+01	3.261884e+04
2.508821e+00	7.024700e+01	4.354762e-11	5.167116e-01	3.657111e+01	3.325645e+04
2.515929e+00	7.044600e+01	4.355238e-11	5.166992e-01	3.655842e+01	3.386655e+04
2.523036e+00	7.064500e+01	4.356424e-11	5.166868e-01	3.654676e+01	3.428962e+04
2.530143e+00	7.084400e+01	4.358355e-11	5.166744e-01	3.653614e+01	3.449542e+04
2.537250e+00	7.104300e+01	4.361111e-11	5.166621e-01	3.652581e+01	3.456033e+04
2.544357e+00	7.124200e+01	4.364682e-11	5.166500e-01	3.651470e+01	3.451897e+04
2.551464e+00	7.144100e+01	4.369038e-11	5.166379e-01	3.650231e+01	3.442272e+04
2.558571e+00	7.164000e+01	4.374234e-11	5.166259e-01	3.648914e+01	3.439941e+04
2.565679e+00	7.183900e+01	4.380185e-11	5.166139e-01	3.647624e+01	3.447325e+04
2.572786e+00	7.203800e+01	4.386895e-11	5.166020e-01	3.646433e+01	3.449056e+04
2.579893e+00	7.223700e+01	4.394265e-11	5.165900e-01	3.645348e+01	3.425595e+04
2.587000e+00	7.243600e+01	4.402237e-11	5.165782e-01	3.644336e+01	3.370750e+04
2.594107e+00	7.263500e+01	4.410687e-11	5.165663e-01	3.643372e+01	3.310586e+04
2.601214e+00	7.283400e+01	4.419469e-11	5.165544e-01	3.642438e+01	3.275338e+04
2.608321e+00	7.303300e+01	4.428495e-11	5.165425e-01	3.641487e+01	3.239005e+04
2.615429e+00	7.323200e+01	4.437639e-11	5.165304e-01	3.640465e+01	3.159263e+04
2.622536e+00	7.343100e+01	4.446799e-11	5.165182e-01	3.639378e+01	3.060480e+04
2.629643e+00	7.363000e+01	4.455856e-11	5.165060e-01	3.638275e+01	2.990702e+04
2.636750e+00	7.382900e+01	4.464738e-11	5.164937e-01	3.637178e+01	2.943583e+04
2.643857e+00	7.402800e+01	4.473358e-11	5.164815e-01	3.636086e+01	2.887126e+04
2.650964e+00	7.422700e+01	4.481552e-11	5.164694e-01	3.635022e+01	2.817589e+04
2.658071e+00	7.442600e+01	4.489184e-11	5.164572e-01	3.634027e+01	2.747396e+04
2.665179e+00	7.462500e+01	4.496136e-11	5.164451e-01	3.633107e+01	2.677488e+04
2.672286e+00	7.482400e+01	4.502237e-11	5.164330e-01	3.632234e+01	2.605810e+04
2.679393e+00	7.502300e+01	4.507398e-11	5.164208e-01	3.631370e+01	2.544234e+04
2.686500e+00	7.522200e+01	4.511446e-11	5.164087e-01	3.630491e+01	2.508701e+04
2.693607e+00	7.542100e+01	4.514383e-11	5.163966e-01	3.629582e+01	2.496228e+04
2.700714e+00	7.562000e+01	4.516059e-11	5.163846e-01	3.628627e+01	2.481383e+04
2.707821e+00	7.581900e+01	4.516516e-11	5.163727e-01	3.627630e+01	2.440946e+04
2.714929e+00	7.601800e+01	4.515647e-11	5.163608e-01	3.626632e+01	2.380940e+04
2.722036e+00	7.621700e+01	4.513454e-11	5.163491e-01	3.625695e+01	2.329934e+04
2.729143e+00	7.641600e+01	4.509901e-11	5.163374e-01	3.624865e+01	2.306092e+04
2.736250e+00	7.661500e+01	4.504985e-11	5.163257e-01	3.624134e+01	2.302256e+04
2.743357e+00	7.681400e+01	4.498756e-11	5.163139e-01	3.623462e+01	2.298980e+04
2.750464e+00	7.701300e+01	4.491241e-11	5.163020e-01	3.622803e+01	2.278317e+04
2.757571e+00	7.721200e+01	4.482482e-11	5.162899e-01	3.622129e+01	2.230823e+04
2.764679e+00	7.741100e+01	4.472576e-11	5.162777e-01	3.621418e+01	2.164739e+04
2.771786e+00	7.761000e+01	4.461641e-11	5.162656e-01	3.620654e+01	2.104506e+04
2.778893e+00	7.780900e+01	4.449784e-11	5.162535e-01	3.619828e+01	2.069394e+04
2.786000e+00	7.800800e+01	4.437174e-11	5.162415e-01	3.618952e+01	2.059434e+04
2.793107e+00	7.820700e+01	4.423899e-11	5.162297e-01	3.618063e+01	2.065050e+04
2.800214e+00	7.840600e+01	4.410116e-11	5.162178e-01	3.617207e+01	2.076054e+04
2.807321e+00	7.860500e+01	4.396044e-11	5.162060e-01	3.616414e+01	2.081092e+04
2.814429e+00	7.880400e+01	4.381758e-11	5.161940e-01	3.615693e+01	2.076078e+04
2.821536e+00	7.900300e+01	4.367464e-11	5.161820e-01	3.615030e+01	2.071240e+04
2.828643e+00	7.920200e+01	4.353269e-11	5.161701e-01	3.614392e+01	2.077526e+04
2.835750e+00	7.940100e+01	4.339341e-11	5.161581e-01	3.613738e+01	2.092644e+04
2.842857e+00	7.960000e+01	4.325777e-11	5.161462e-01	3.613030e+01	2.107193e+04
2.849964e+00	7.979900e+01	4.312718e-11	5.161343e-01	3.612244e+01	2.118915e+04
2.857071e+00	7.999800e+01	4.300257e-11	5.161223e-01	3.611377e+01	2.133930e+04
2.864179e+00	8.019700e+01	4.288561e-11	5.161102e-01	3.610446e+01	2.152173e+04
2.871286e+00	8.039600e+01	4.277645e-11	5.160981e-01	3.609496e+01	2.163953e+04
2.878393e+00	8.059500e+01	4.267677e-11	5.160861e-01	3.608595e+01	2.167408e+04
2.885500e+00	8.079400e+01	4.258683e-11	5.160742e-01	3.607804e+01	2.170127e+04
2.892607e+00	8.099300e+01	4.250697e-11	5.160623e-01	3.607133e+01	2.171774e+04
2.899714e+00	8.119200e+01	4.243800e-11	5.160505e-01	3.606536e+01	2.167615e+04
2.906821e+00	8.139100e+01	4.237990e-11	5.160387e-01	3.605943e+01	2.161212e+04
2.913929e+00	8.159000e+01	4.233296e-11	5.160268e-01	3.605292e+01	2.157502e+04
2.921036e+00	8.178900e+01	4.229736e-11	5.160149e-01	3.604552e+01	2.156652e+04
2.928143e+00	8.198800e+01	4.227292e-11	5.160029e-01	3.603737e+01	2.164904e+04
2.935250e+00	8.218700e+01	4.225978e-11	5.159910e-01	3.602889e+01	2.188023e+04
2.942357e+00	8.238600e+01	4.225777e-11	5.159790e-01	3.602037e+01	2.211508e+04
2.949464e+00	8.258500e+01	4.226636e-11	5.159670e-01	3.601190e+01	2.223578e+04
2.956571e+00	8.278400e+01	4.228544e-11	5.159551e-01	3.600357e+01	2.237237e+04
2.963679e+00	8.298300e+01	4.231471e-11	5.159432e-01	3.599552e+01	2.257676e+04
2.970786e+00	8.318200e+01	4.235347e-11	5.159313e-01	3.598764e+01	2.270383e+04
2.977893e+00	8.338100e+01	4.240107e-11	5.159194e-01	3.597980e+01	2.276330e+04
2.985000e+00	8.358000e+01	4.245635e-11	5.159074e-01	3.597205e+01	2.296299e+04
2.992107e+00	8.377900e+01	4.251908e-11	5.158955e-01	3.596447e+01	2.336882e+04
2.999214e+00	8.397800e+01	4.258829e-11	5.158835e-01	3.595701e+01	2.380721e+04
3.006321e+00	8.417700e+01	4.266316e-11	5.158716e-01	3.594958e+01	2.411381e+04
3.013429e+00	8.437600e+01	4.274287e-11	5.158596e-01	3.594213e+01	2.431330e+04
3.020536e+00	8.457500e+01	4.282662e-11	5.158477e-01	3.593471e+01	2.452219e+04
3.027643e+00	8.477400e+01	4.291322e-11	5.158358e-01	3.592733e+01	2.477540e+04
3.034750e+00	8.497300e+01	4.300199e-11	5.158239e-01	3.591997e+01	2.501202e+04
3.041857e+00	8.517200e+01	4.309205e-11	5.158121e-01	3.591260e+01	2.518097e+04
3.048964e+00	8.537100e+01	4.318175e-11	5.158002e-01	3.590532e+01	2.529123e+04
3.056071e+00	8.557000e+01	4.327097e-11	5.157883e-01	3.589820e+01	2.538140e+04
3.063179e+00	8.576900e+01	4.335802e-11	5.157765e-01	3.589115e+01	2.549491e+04
3.070286e+00	8.596800e+01	4.344278e-11	5.157645e-01	3.588387e+01	2.565768e+04
3.077393e+00	8.616700e+01	4.352384e-11	5.157526e-01	3.587604e+01	2.585306e+04
3.084500e+00	8.636600e+01	4.360039e-11	5.157407e-01	3.586758e+01	2.605500e+04
3.091607e+00	8.656500e+01	4.367195e-11	5.157287e-01	3.585875e+01	2.627544e+04
3.098714e+00	8.676400e+01	4.373799e-11	5.157169e-01	3.585004e+01	2.653799e+04
3.105821e+00	8.696300e+01	4.379811e-11	5.157050e-01	3.584182e+01	2.683351e+04
3.112929e+00	8.716200e+01	4.385157e-11	5.156932e-01	3.583423e+01	2.713420e+04
3.120036e+00	8.736100e+01	4.389804e-11	5.156814e-01	3.582716e+01	2.742195e+04
3.127143e+00	8.756000e+01	4.393714e-11	5.156696e-01	3.582037e+01	2.769010e+04
3.134250e+00	8.775900e+01	4.396867e-11	5.156578e-01	3.581361e+01	2.794084e+04
3.141357e+00	8.795800e+01	4.399317e-11	5.156459e-01	3.580673e+01	2.818413e+04
3.148464e+00	8.815700e+01	4.401041e-11	5.156341e-01	3.579972e+01	2.843388e+04
3.155571e+00	8.835600e+01	4.402054e-11	5.156222e-01	3.579261e+01	2.870282e+04
3.162679e+00	8.855500e+01	4.402410e-11	5.156104e-01	3.578534e+01	2.899383e+04
3.169786e+00	8.875400e+01	4.402189e-11	5.155985e-01	3.577780e+01	2.930877e+04
3.176893e+00	8.895300e+01	4.401448e-11	5.155867e-01	3.576988e+01	2.966417e+04
3.184000e+00	8.915200e+01	4.400216e-11	5.155748e-01	3.576163e+01	3.008378e+04
3.191107e+00	8.935100e+01	4.398558e-11	5.155630e-01	3.575325e+01	3.058039e+04
3.198214e+00	8.955000e+01	4.396589e-11	5.155512e-01	3.574496e+01	3.113885e+04
3.205321e+00	8.974900e+01	4.394341e-11	5.155394e-01	3.573689e+01	3.172210e+04
3.212429e+00	8.994800e+01	4.391892e-11	5.155276e-01	3.572901e+01	3.230234e+04
3.219536e+00	9.014700e+01	4.389362e-11	5.155159e-01	3.572123e+01	3.287512e+04
3.226643e+00	9.034600e+01	4.386778e-11	5.155041e-01	3.571339e+01	3.344813e+04
3.233750e+00	9.054500e+01	4.384257e-11	5.154923e-01	3.570543e+01	3.402728e+04
3.240857e+00	9.074400e+01	4.381827e-11	5.154806e-01	3.569734e+01	3.460838e+04
3.247964e+00	9.094300e+01	4.379564e-11	5.154688e-01	3.568913e+01	3.518082e+04
3.255071e+00	9.114200e+01	4.377529e-11	5.154571e-01	3.568085e+01	3.573851e+04
3.262179e+00	9.134100e+01	4.375791e-11	5.154454e-01	3.567249e+01	3.628058e+04
3.269286e+00	9.154000e+01	4.374375e-11	5.154336e-01	3.566405e+01	3.680123e+04
3.276393e+00	9.173900e+01	4.373305e-11	5.154219e-01	3.565549e+01	3.728434e+04
3.283500e+00	9.193800e+01	4.372699e-11	5.154101e-01	3.564673e+01	3.770963e+04
3.290607e+00	9.213700e+01	4.372546e-11	5.153984e-01	3.563773e+01	3.806927e+04
3.297714e+00	9.233600e+01	4.372868e-11	5.153866e-01	3.562847e+01	3.838138e+04
3.304821e+00	9.253500e+01	4.373689e-11	5.153748e-01	3.561909e+01	3.867502e+04
3.311929e+00	9.273400e+01	4.375013e-11	5.153631e-01	3.560974e+01	3.895890e+04
3.319036e+00	9.293300e+01	4.376841e-11	5.153513e-01	3.560062e+01	3.921883e+04
3.326143e+00	9.313200e+01	4.379174e-11	5.153395e-01	3.559178e+01	3.944651e+04
3.333250e+00	9.333100e+01	4.382026e-11	5.153277e-01	3.558315e+01	3.965911e+04
3.340357e+00	9.353000e+01	4.385336e-11	5.153160e-01	3.557454e+01	3.988917e+04
3.347464e+00	9.372900e+01	4.389132e-11	5.153042e-01	3.556579e+01	4.016131e+04
3.354571e+00	9.392800e+01	4.393386e-11	5.152925e-01	3.555686e+01	4.047811e+04
3.361679e+00	9.412700e+01	4.398084e-11	5.152808e-01	3.554782e+01	4.081894e+04
3.368786e+00	9.432600e+01	4.403236e-11	5.152691e-01	3.553877e+01	4.114484e+04
3.375893e+00	9.452500e+01	4.408731e-11	5.152574e-01	3.552971e+01	4.141448e+04
3.383000e+00	9.472400e+01	4.414632e-11	5.152458e-01	3.552060e+01	4.161440e+04
3.390107e+00	9.492300e+01	4.420832e-11	5.152342e-01	3.551142e+01	4.177748e+04
3.397214e+00	9.512200e+01	4.427339e-11	5.152226e-01	3.550216e+01	4.195741e+04
3.404321e+00	9.532100e+01	4.434077e-11	5.152110e-01	3.549284e+01	4.217368e+04
3.411429e+00	9.552000e+01	4.441035e-11	5.151995e-01	3.548354e+01	4.239254e+04
3.418536e+00	9.571900e+01	4.448182e-11	5.151879e-01	3.547441e+01	4.258385e+04
3.425643e+00	9.591800e+01	4.455439e-11	5.151764e-01	3.546563e+01	4.278464e+04
3.432750e+00	9.611700e+01	4.462791e-11	5.151649e-01	3.545721e+01	4.305795e+04
3.439857e+00	9.631600e+01	4.470202e-11	5.151532e-01	3.544897e+01	4.338806e+04
3.446964e+00	9.651500e+01	4.477620e-11	5.151415e-01	3.544060e+01	4.367476e+04
3.454071e+00	9.671400e+01	4.485075e-11	5.151298e-01	3.543189e+01	4.384681e+04
3.461179e+00	9.691300e+01	4.492468e-11	5.151180e-01	3.542283e+01	4.394200e+04
3.468286e+00	9.711200e+01	4.499856e-11	5.151062e-01	3.541349e+01	4.404957e+04
3.475393e+00	9.731100e+01	4.507183e-11	5.150945e-01	3.540403e+01	4.419249e+04
3.482500e+00	9.751000e+01	4.514427e-11	5.150829e-01	3.539453e+01	4.431307e+04
3.489607e+00	9.770900e+01	4.521610e-11	5.150713e-01	3.538507e+01	4.436764e+04
3.496714e+00	9.790800e+01	4.528688e-11	5.150598e-01	3.537572e+01	4.437784e+04
3.503821e+00	9.810700e+01	4.535677e-11	5.150483e-01	3.536655e+01	4.438952e+04
3.510929e+00	9.830600e+01	4.542599e-11	5.150368e-01	3.535760e+01	4.442159e+04
3.518036e+00	9.850500e+01	4.549460e-11	5.150253e-01	3.534883e+01	4.446031e+04
3.525143e+00	9.870400e+01	4.556306e-11	5.150137e-01	3.534017e+01	4.449190e+04
3.532250e+00	9.890300e+01	4.563172e-11	5.150021e-01	3.533155e+01	4.452458e+04
3.539357e+00	9.910200e+01	4.570071e-11	5.149904e-01	3.532292e+01	4.456564e+04
3.546464e+00	9.930100e+01	4.577050e-11	5.149787e-01	3.531411e+01	4.459221e+04
3.553571e+00	9.950000e+01	4.584172e-11	5.149670e-01	3.530500e+01	4.456600e+04
3.560679e+00	9.969900e+01	4.591452e-11	5.149554e-01	3.529553e+01	4.447972e+04
3.567786e+00	9.989800e+01	4.598976e-11	5.149437e-01	3.528582e+01	4.437056e+04
3.574893e+00	1.000970e+02	4.606789e-11	5.149321e-01	3.527605e+01	4.427619e+04
3.582000e+00	1.002960e+02	4.614951e-11	5.149205e-01	3.526639e+01	4.419556e+04
3.589107e+00	1.004950e+02	4.623534e-11	5.149090e-01	3.525698e+01	4.411204e+04
3.596214e+00	1.006940e+02	4.632598e-11	5.148974e-01	3.524786e+01	4.403315e+04
3.603321e+00	1.008930e+02	4.642191e-11	5.148859e-01	3.523890e+01	4.397502e+04
3.610429e+00	1.010920e+02	4.652359e-11	5.148743e-01	3.522995e+01	4.392414e+04
3.617536e+00	1.012910e+02	4.663187e-11	5.148628e-01	3.522086e+01	4.384717e+04
3.624643e+00	1.014900e+02	4.674695e-11	5.148513e-01	3.521161e+01	4.373016e+04
3.631750e+00	1.016890e+02	4.686934e-11	5.148398e-01	3.520229e+01	4.358970e+04
3.638857e+00	1.018880e+02	4.699998e-11	5.148284e-01	3.519312e+01	4.344701e+04
3.645964e+00	1.020870e+02	4.713870e-11	5.148169e-01	3.518430e+01	4.329920e+04
3.653071e+00	1.022860e+02	4.728662e-11	5.148054e-01	3.517570e+01	4.311903e+04
3.660179e+00	1.024850e+02	4.744375e-11	5.147940e-01	3.516699e+01	4.288807e+04
3.667286e+00	1.026840e+02	4.761071e-11	5.147824e-01	3.515798e+01	4.261991e+04
3.674393e+00	1.028830e+02	4.778788e-11	5.147709e-01	3.514862e+01	4.233629e+04
3.681500e+00	1.030820e+02	4.797524e-11	5.147593e-01	3.513898e+01	4.204059e+04
3.688607e+00	1.032810e+02	4.817287e-11	5.147478e-01	3.512915e+01	4.171933e+04
3.695714e+00	1.034800e+02	4.838163e-11	5.147363e-01	3.511927e+01	4.136867e+04
3.702821e+00	1.036790e+02	4.860149e-11	5.147249e-01	3.510953e+01	4.100548e+04
3.709929e+00	1.038780e+02	4.883242e-11	5.147135e-01	3.510004e+01	4.064642e+04
3.717036e+00	1.040770e+02	4.907465e-11	5.147022e-01	3.509073e+01	4.029242e+04
3.724143e+00	1.042760e+02	4.932858e-11	5.146908e-01	3.508150e+01	3.992924e+04
3.731250e+00	1.044750e+02	4.959372e-11	5.146794e-01	3.507231e+01	3.954110e+04
3.738357e+00	1.046740e+02	4.987017e-11	5.146680e-01	3.506308e+01	3.913269e+04
3.745464e+00	1.048730e+02	5.015846e-11	5.146566e-01	3.505375e+01	3.873008e+04
3.752571e+00	1.050720e+02	5.045765e-11	5.146453e-01	3.504432e+01	3.835230e+04
3.759679e+00	1.052710e+02	5.076851e-11	5.146339e-01	3.503477e+01	3.799265e+04
3.766786e+00	1.054700e+02	5.109072e-11	5.146225e-01	3.502520e+01	3.762846e+04
3.773893e+00	1.056690e+02	5.142327e-11	5.146111e-01	3.501582e+01	3.726296e+04
3.781000e+00	1.058680e+02	5.176685e-11	5.145997e-01	3.500671e+01	3.692266e+04
3.788107e+00	1.060670e+02	5.212115e-11	5.145883e-01	3.499754e+01	3.660402e+04
3.795214e+00	1.062660e+02	5.248566e-11	5.145770e-01	3.498823e+01	3.629170e+04
3.802321e+00	1.064650e+02	5.285977e-11	5.145656e-01	3.497927e+01	3.599289e+04
3.809429e+00	1.066640e+02	5.324389e-11	5.145542e-01	3.497073e+01	3.571864e+04
3.816536e+00	1.068630e+02	5.363665e-11	5.145428e-01	3.496209e+01	3.544695e+04
3.823643e+00	1.070620e+02	5.403816e-11	5.145314e-01	3.495303e+01	3.514498e+04
3.830750e+00	1.072610e+02	5.444828e-11	5.145201e-01	3.494358e+01	3.483931e+04
3.837857e+00	1.074600e+02	5.486576e-11	5.145088e-01	3.493411e+01	3.459728e+04
3.844964e+00	1.076590e+02	5.529037e-11	5.144974e-01	3.492500e+01	3.443265e+04
3.852071e+00	1.078580e+02	5.572124e-11	5.144858e-01	3.491628e+01	3.423038e+04
3.859179e+00	1.080570e+02	5.615708e-11	5.144742e-01	3.490753e+01	3.391350e+04
3.866286e+00	1.082560e+02	5.659732e-11	5.144627e-01	3.489860e+01	3.362326e+04
3.873393e+00	1.084550e+02	5.704105e-11	5.144513e-01	3.488970e+01	3.344468e+04
3.880500e+00	1.086540e+02	5.748689e-11	5.144402e-01	3.488090e+01	3.326845e+04
3.887607e+00	1.088530e+02	5.793413e-11	5.144289e-01	3.487261e+01	3.308619e+04
3.894714e+00	1.090520e+02	5.838112e-11	5.144174e-01	3.486472e+01	3.294873e+04
3.901821e+00	1.092510e+02	5.882599e-11	5.144058e-01	3.485574e+01	3.276664e+04
3.908929e+00	1.094500e+02	5.926750e-11	5.143943e-01	3.484592e+01	3.253996e+04
3.916036e+00	1.096490e+02	5.970454e-11	5.143830e-01	3.483743e+01	3.233886e+04
3.923143e+00	1.098480e+02	6.013471e-11	5.143718e-01	3.482955e+01	3.218563e+04
3.930250e+00	1.100470e+02	6.055558e-11	5.143604e-01	3.482041e+01	3.199377e+04
3.937357e+00	1.102460e+02	6.096574e-11	5.143492e-01	3.481148e+01	3.179155e+04
3.944464e+00	1.104450e+02	6.136317e-11	5.143379e-01	3.480333e+01	3.165413e+04
3.951571e+00	1.106440e+02	6.174563e-11	5.143264e-01	3.479469e+01	3.158723e+04
3.958679e+00	1.108430e+02	6.211179e-11	5.143149e-01	3.478553e+01	3.148210e+04
3.965786e+00	1.110420e+02	6.245772e-11	5.143035e-01	3.477628e+01	3.120374e+04
3.972893e+00	1.112410e+02	6.278098e-11	5.142923e-01	3.476743e+01	3.107839e+04
3.980000e+00	1.114400e+02	6.307972e-11	5.142811e-01	3.475928e+01	3.111593e+04
3.987107e+00	1.116390e+02	6.335126e-11	5.142698e-01	3.475095e+01	3.103666e+04
3.994214e+00	1.118380e+02	6.359395e-11	5.142584e-01	3.474208e+01	3.085520e+04
4.001321e+00	1.120370e+02	6.380710e-11	5.142468e-01	3.473313e+01	3.080790e+04
4.008429e+00	1.122360e+02	6.398876e-11	5.142353e-01	3.472403e+01	3.082268e+04
4.015536e+00	1.124350e+02	6.413855e-11	5.142237e-01	3.471473e+01	3.082387e+04
4.022643e+00	1.126340e+02	6.425515e-11	5.142120e-01	3.470718e+01	3.110601e+04
4.029750e+00	1.128330e+02	6.433582e-11	5.142008e-01	3.469962e+01	3.152107e+04
4.036857e+00	1.130320e+02	6.437709e-11	5.141898e-01	3.468832e+01	3.129598e+04
4.043964e+00	1.132310e+02	6.437948e-11	5.141784e-01	3.467827e+01	3.107054e+04
4.051071e+00	1.134300e+02	6.434498e-11	5.141665e-01	3.466808e+01	3.102146e+04
4.058179e+00	1.136290e+02	6.427421e-11	5.141548e-01	3.465760e+01	3.089232e+04
4.065286e+00	1.138280e+02	6.416479e-11	5.141433e-01	3.464795e+01	3.076154e+04
4.072393e+00	1.140270e+02	6.401603e-11	5.141316e-01	3.463724e+01	3.079012e+04
4.079500e+00	1.142260e+02	6.383444e-11	5.141197e-01	3.462828e+01	3.098371e+04
4.086607e+00	1.144250e+02	6.362577e-11	5.141082e-01	3.461878e+01	3.132003e+04
4.093714e+00	1.146240e+02	6.338913e-11	5.140966e-01	3.460852e+01	3.155131e+04
4.100821e+00	1.148230e+02	6.312674e-11	5.140850e-01	3.460065e+01	3.201373e+04
4.107929e+00	1.150220e+02	6.284090e-11	5.140732e-01	3.458801e+01	3.246241e+04
4.115036e+00	1.152210e+02	6.253583e-11	5.140617e-01	3.458182e+01	3.342756e+04
4.122143e+00	1.154200e+02	6.221349e-11	5.140505e-01	3.457001e+01	3.298692e+04
4.129250e+00	1.156190e+02	6.187609e-11	5.140387e-01	3.455981e+01	3.212737e+04
4.136357e+00	1.158180e+02	6.152749e-11	5.140273e-01	3.454637e+01	3.260805e+04
4.143464e+00	1.160170e+02	6.116931e-11	5.140156e-01	3.453253e+01	3.189172e+04
4.150571e+00	1.162160e+02	6.080536e-11	5.140037e-01	3.452466e+01	3.116530e+04
4.157679e+00	1.164150e+02	6.043776e-11	5.139921e-01	3.451092e+01	3.221897e+04
4.164786e+00	1.166140e+02	6.006645e-11	5.139805e-01	3.449898e+01	3.252202e+04
4.171893e+00	1.168130e+02	5.969392e-11	5.139688e-01	3.448777e+01	3.323721e+04
4.179000e+00	1.170120e+02	5.932556e-11	5.139569e-01	3.447817e+01	3.471335e+04
4.186107e+00	1.172110e+02	5.896478e-11	5.139452e-01	3.446544e+01	3.469192e+04
4.193214e+00	1.174100e+02	5.860864e-11	5.139337e-01	3.445211e+01	3.527878e+04
4.200321e+00	1.176090e+02	5.826293e-11	5.139218e-01	3.443613e+01	3.511750e+04
4.207429e+00	1.178080e+02	5.792845e-11	5.139096e-01	3.442616e+01	3.490812e+04
4.214536e+00	1.180070e+02	5.760125e-11	5.138978e-01	3.441730e+01	3.575941e+04
4.221643e+00	1.182060e+02	5.728371e-11	5.138867e-01	3.440421e+01	3.615828e+04
4.228750e+00	1.184050e+02	5.698025e-11	5.138758e-01	3.439021e+01	3.584924e+04
4.235857e+00	1.186040e+02	5.668944e-11	5.138644e-01	3.437920e+01	3.541582e+04
4.242964e+00	1.188030e+02	5.641004e-11	5.138525e-01	3.436966e+01	3.562464e+04
4.250071e+00	1.190020e+02	5.614550e-11	5.138409e-01	3.434781e+01	3.545029e+04
4.257179e+00	1.192010e+02	5.590118e-11	5.138293e-01	3.433450e+01	3.613449e+04
4.264286e+00	1.194000e+02	5.567546e-11	5.138173e-01	3.432589e+01	3.548731e+04
4.271393e+00	1.195990e+02	5.546794e-11	5.138057e-01	3.430801e+01	3.642249e+04
4.278500e+00	1.197980e+02	5.527929e-11	5.137942e-01	3.429541e+01	3.707735e+04
4.285607e+00	1.199970e+02	5.510594e-11	5.137826e-01	3.428235e+01	3.637542e+04
4.292714e+00	1.201960e+02	5.494937e-11	5.137710e-01	3.426677e+01	3.747018e+04
4.299821e+00	1.203950e+02	5.481342e-11	5.137589e-01	3.425476e+01	3.653724e+04
4.306929e+00	1.205940e+02	5.469645e-11	5.137469e-01	3.423632e+01	3.594345e+04
4.314036e+00	1.207930e+02	5.460005e-11	5.137353e-01	3.421638e+01	3.673701e+04
4.321143e+00	1.209920e+02	5.452558e-11	5.137236e-01	3.420727e+01	3.739930e+04
4.328250e+00	1.211910e+02	5.447073e-11	5.137118e-01	3.420351e+01	3.793451e+04
4.335357e+00	1.213900e+02	5.443456e-11	5.137002e-01	3.418868e+01	3.904087e+04
4.342464e+00	1.215890e+02	5.442213e-11	5.136888e-01	3.416367e+01	3.788816e+04
4.349571e+00	1.217880e+02	5.443697e-11	5.136770e-01	3.414687e+01	4.001470e+04
4.356679e+00	1.219870e+02	5.447912e-11	5.136649e-01	3.413817e+01	3.918807e+04
4.363786e+00	1.221860e+02	5.454685e-11	5.136533e-01	3.412769e+01	3.846005e+04
4.370893e+00	1.223850e+02	5.464140e-11	5.136424e-01	3.411594e+01	4.000645e+04
4.378000e+00	1.225840e+02	5.476451e-11	5.136313e-01	3.410864e+01	4.043707e+04
4.385107e+00	1.227830e+02	5.491198e-11	5.136195e-01	3.409225e+01	3.979230e+04
4.392214e+00	1.229820e+02	5.508148e-11	5.136079e-01	3.406060e+01	3.990408e+04
4.399321e+00	1.231810e+02	5.527638e-11	5.135970e-01	3.403828e+01	3.988588e+04
4.406429e+00	1.233800e+02	5.549945e-11	5.135858e-01	3.402958e+01	3.966235e+04
4.413536e+00	1.235790e+02	5.574588e-11	5.135738e-01	3.401797e+01	4.051064e+04
4.420643e+00	1.237780e+02	5.601328e-11	5.135618e-01	3.400002e+01	4.125136e+04
4.427750e+00	1.239770e+02	5.630471e-11	5.135499e-01	3.398586e+01	4.447827e+04
4.434857e+00	1.241760e+02	5.661780e-11	5.135380e-01	3.396301e+01	4.222112e+04
4.441964e+00	1.243750e+02	5.695140e-11	5.135272e-01	3.393901e+01	4.493598e+04
4.449071e+00	1.245740e+02	5.730415e-11	5.135166e-01	3.393273e+01	4.478369e+04
4.456179e+00	1.247730e+02	5.766925e-11	5.135047e-01	3.392561e+01	4.565244e+04
4.463286e+00	1.249720e+02	5.804358e-11	5.134925e-01	3.389409e+01	4.435740e+04
4.470393e+00	1.251710e+02	5.843532e-11	5.134818e-01	3.387321e+01	5.030723e+04
4.477500e+00	1.253700e+02	5.884399e-11	5.134714e-01	3.386415e+01	4.782660e+04
4.484607e+00	1.255690e+02	5.925748e-11	5.134595e-01	3.385567e+01	4.834761e+04
4.491714e+00	1.257680e+02	5.966969e-11	5.134468e-01	3.382546e+01	4.852779e+04
4.498821e+00	1.259670e+02	6.008475e-11	5.134357e-01	3.379215e+01	4.704148e+04
4.505929e+00	1.261660e+02	6.050368e-11	5.134251e-01	3.378753e+01	5.014776e+04
4.513036e+00	1.263650e+02	6.091657e-11	5.134133e-01	3.377491e+01	4.695266e+04
4.520143e+00	1.265640e+02	6.131775e-11	5.134016e-01	3.374300e+01	4.975351e+04
4.527250e+00	1.267630e+02	6.171328e-11	5.133906e-01	3.372921e+01	4.929865e+04
4.534357e+00	1.269620e+02	6.209783e-11	5.133790e-01	3.372150e+01	4.870118e+04
4.541464e+00	1.271610e+02	6.246103e-11	5.133670e-01	3.369557e+01	4.859802e+04
4.548571e+00	1.273600e+02	6.279963e-11	5.133556e-01	3.366671e+01	4.511304e+04
4.555679e+00	1.275590e+02	6.311227e-11	5.133437e-01	3.365843e+01	5.122524e+04
4.562786e+00	1.277580e+02	6.338934e-11	5.133316e-01	3.363744e+01	4.466113e+04
4.569893e+00	1.279570e+02	6.362471e-11	5.133201e-01	3.361151e+01	4.556366e+04
4.577000e+00	1.281560e+02	6.382547e-11	5.133094e-01	3.359353e+01	4.284915e+04
4.584107e+00	1.283550e+02	6.399578e-11	5.132980e-01	3.358664e+01	4.267854e+04
4.591214e+00	1.285540e+02	6.412704e-11	5.132856e-01	3.357182e+01	4.444295e+04
4.598321e+00	1.287530e+02	6.422073e-11	5.132731e-01	3.354493e+01	4.223450e+04
4.605429e+00	1.289520e+02	6.428646e-11	5.132622e-01	3.352364e+01	4.369524e+04
4.612536e+00	1.291510e+02	6.432534e-11	5.132517e-01	3.350604e+01	3.913797e+04
4.619643e+00	1.293500e+02	6.433226e-11	5.132402e-01	3.349503e+01	4.128746e+04
4.626750e+00	1.295490e+02	6.430787e-11	5.132284e-01	3.348157e+01	3.860469e+04
4.633857e+00	1.297480e+02	6.425252e-11	5.132175e-01	3.346393e+01	3.926876e+04
4.640964e+00	1.299470e+02	6.416834e-11	5.132061e-01	3.344792e+01	3.986066e+04
4.648071e+00	1.301460e+02	6.406088e-11	5.131941e-01	3.343444e+01	4.010914e+04
4.655179e+00	1.303450e+02	6.393709e-11	5.131821e-01	3.341852e+01	4.131272e+04
4.662286e+00	1.305440e+02	6.379805e-11	5.131702e-01	3.340385e+01	4.049242e+04
4.669393e+00	1.307430e+02	6.364565e-11	5.131581e-01	3.338845e+01	3.908357e+04
4.676500e+00	1.309420e+02	6.348217e-11	5.131462e-01	3.336615e+01	3.845457e+04
4.683607e+00	1.311410e+02	6.330780e-11	5.131352e-01	3.334387e+01	3.897739e+04
4.690714e+00	1.313400e+02	6.312984e-11	5.131245e-01	3.333296e+01	4.037844e+04
4.697821e+00	1.315390e+02	6.295102e-11	5.131124e-01	3.332395e+01	4.103871e+04
4.704929e+00	1.317380e+02	6.277198e-11	5.131000e-01	3.330556e+01	3.997148e+04
4.712036e+00	1.319370e+02	6.259535e-11	5.130887e-01	3.328731e+01	4.026097e+04
4.719143e+00	1.321360e+02	6.242475e-11	5.130780e-01	3.327387e+01	4.004400e+04
4.726250e+00	1.323350e+02	6.226343e-11	5.130665e-01	3.326493e+01	3.986968e+04
4.733357e+00	1.325340e+02	6.211174e-11	5.130542e-01	3.325042e+01	3.938157e+04
4.740464e+00	1.327330e+02	6.197418e-11	5.130423e-01	3.323131e+01	3.955473e+04
4.747571e+00	1.329320e+02	6.185326e-11	5.130311e-01	3.321332e+01	3.899518e+04
4.754679e+00	1.331310e+02	6.174756e-11	5.130198e-01	3.319715e+01	3.958419e+04
4.761786e+00	1.333300e+02	6.165674e-11	5.130079e-01	3.318192e+01	3.909659e+04
4.768893e+00	1.335290e+02	6.158143e-11	5.129961e-01	3.316600e+01	3.936750e+04
4.776000e+00	1.337280e+02	6.152462e-11	5.129843e-01	3.315428e+01	3.919258e+04
4.783107e+00	1.339270e+02	6.148320e-11	5.129723e-01	3.313583e+01	3.892364e+04
4.790214e+00	1.341260e+02	6.145539e-11	5.129604e-01	3.310718e+01	3.889912e+04
4.797321e+00	1.343250e+02	6.144498e-11	5.129490e-01	3.309047e+01	3.962407e+04
4.804429e+00	1.345240e+02	6.145401e-11	5.129375e-01	3.308017e+01	3.877684e+04
4.811536e+00	1.347230e+02	6.147881e-11	5.129257e-01	3.306636e+01	4.036368e+04
4.818643e+00	1.349220e+02	6.151956e-11	5.129142e-01	3.304913e+01	4.207106e+04
4.825750e+00	1.351210e+02	6.157791e-11	5.129028e-01	3.303056e+01	4.290779e+04
4.832857e+00	1.353200e+02	6.165100e-11	5.128909e-01	3.301378e+01	4.512957e+04
4.839964e+00	1.355190e+02	6.173498e-11	5.128781e-01	3.299215e+01	4.565412e+04
4.847071e+00	1.357180e+02	6.182721e-11	5.128660e-01	3.296104e+01	4.848178e+04
4.854179e+00	1.359170e+02	6.193050e-11	5.128555e-01	3.293530e+01	5.218615e+04
4.861286e+00	1.361160e+02	6.204561e-11	5.128451e-01	3.292600e+01	5.277310e+04
4.868393e+00	1.363150e+02	6.216782e-11	5.128328e-01	3.292639e+01	5.547221e+04
4.875500e+00	1.365140e+02	6.229022e-11	5.128191e-01	3.289703e+01	5.687625e+04
4.882607e+00	1.367130e+02	6.241423e-11	5.128067e-01	3.284744e+01	5.995986e+04
4.889714e+00	1.369120e+02	6.254555e-11	5.127964e-01	3.281770e+01	6.106508e+04
4.896821e+00	1.371110e+02	6.268316e-11	5.127860e-01	3.281169e+01	6.536492e+04
4.903929e+00	1.373100e+02	6.282015e-11	5.127739e-01	3.279474e+01	6.950562e+04
4.911036e+00	1.375090e+02	6.295132e-11	5.127615e-01	3.276126e+01	7.140507e+04
4.918143e+00	1.377080e+02	6.307661e-11	5.127504e-01	3.272565e+01	7.381862e+04
4.925250e+00	1.379070e+02	6.319571e-11	5.127400e-01	3.269597e+01	7.680588e+04
4.932357e+00	1.381060e+02	6.331257e-11	5.127286e-01	3.267221e+01	7.883574e+04
4.939464e+00	1.383050e+02	6.342524e-11	5.127152e-01	3.265102e+01	8.294976e+04
4.946571e+00	1.385040e+02	6.352786e-11	5.127013e-01	3.261256e+01	8.044627e+04
4.953679e+00	1.387030e+02	6.361725e-11	5.126892e-01	3.256095e+01	7.592309e+04
4.960786e+00	1.389020e+02	6.369402e-11	5.126795e-01	3.253034e+01	7.787270e+04
4.967893e+00	1.391010e+02	6.375954e-11	5.126701e-01	3.252014e+01	7.924098e+04
4.975000e+00	1.393000e+02	6.381303e-11	5.126593e-01	3.250342e+01	7.901587e+04
4.982107e+00	1.394990e+02	6.385065e-11	5.126471e-01	3.247844e+01	8.287106e+04
4.989214e+00	1.396980e+02	6.386952e-11	5.126343e-01	3.244873e+01	8.422313e+04
4.996321e+00	1.398970e+02	6.387022e-11	5.126219e-01	3.240729e+01	7.693493e+04
5.003429e+00	1.400960e+02	6.385746e-11	5.126107e-01	3.236705e+01	7.431056e+04
5.010536e+00	1.402950e+02	6.383372e-11	5.126010e-01	3.233708e+01	7.617404e+04
5.017643e+00	1.404940e+02	6.379830e-11	5.125917e-01	3.231090e+01	7.138689e+04
5.024750e+00	1.406930e+02	6.374956e-11	5.125814e-01	3.229075e+01	7.297179e+04
5.031857e+00	1.408920e+02	6.368712e-11	5.125692e-01	3.227276e+01	7.899266e+04
5.038964e+00	1.410910e+02	6.361348e-11	5.125561e-01	3.224326e+01	7.286071e+04
5.046071e+00	1.412900e+02	6.353204e-11	5.125433e-01	3.220946e+01	7.085883e+04
5.053179e+00	1.414890e+02	6.344486e-11	5.125309e-01	3.217915e+01	7.471460e+04
5.060286e+00	1.416880e+02	6.335247e-11	5.125187e-01	3.214617e+01	7.194766e+04
5.067393e+00	1.418870e+02	6.325563e-11	5.125071e-01	3.211572e+01	7.064341e+04
5.074500e+00	1.420860e+02	6.315661e-11	5.124960e-01	3.209152e+01	7.243005e+04
5.081607e+00	1.422850e+02	6.305717e-11	5.124851e-01	3.206806e+01	6.950881e+04
5.088714e+00	1.424840e+02	6.295925e-11	5.124744e-01	3.204255e+01	6.458068e+04
5.095821e+00	1.426830e+02	6.286244e-11	5.124634e-01	3.201880e+01	6.204420e+04
5.102929e+00	1.428820e+02	6.276807e-11	5.124519e-01	3.199763e+01	6.110637e+04
5.110036e+00	1.430810e+02	6.267684e-11	5.124401e-01	3.197793e+01	6.046562e+04
5.117143e+00	1.432800e+02	6.259161e-11	5.124286e-01	3.195542e+01	5.876499e+04
5.124250e+00	1.434790e+02	6.251730e-11	5.124173e-01	3.193322e+01	5.922018e+04
5.131357e+00	1.436780e+02	6.245512e-11	5.124063e-01	3.190837e+01	5.773618e+04
5.138464e+00	1.438770e+02	6.240310e-11	5.123958e-01	3.188947e+01	5.834120e+04
5.145571e+00	1.440760e+02	6.236148e-11	5.123854e-01	3.187682e+01	5.713331e+04
5.152679e+00	1.442750e+02	6.233171e-11	5.123745e-01	3.185728e+01	5.734916e+04
5.159786e+00	1.444740e+02	6.231322e-11	5.123638e-01	3.183043e+01	5.396951e+04
5.166893e+00	1.446730e+02	6.230755e-11	5.123531e-01	3.181356e+01	5.192852e+04
5.174000e+00	1.448720e+02	6.231281e-11	5.123416e-01	3.179893e+01	4.948867e+04
5.181107e+00	1.450710e+02	6.232832e-11	5.123297e-01	3.177422e+01	4.745938e+04
5.188214e+00	1.452700e+02	6.235653e-11	5.123182e-01	3.174820e+01	4.593141e+04
5.195321e+00	1.454690e+02	6.239841e-11	5.123067e-01	3.173113e+01	4.373888e+04
5.202429e+00	1.456680e+02	6.245432e-11	5.122950e-01	3.171993e+01	4.278477e+04
5.209536e+00	1.458670e+02	6.252344e-11	5.122830e-01	3.170333e+01	4.166555e+04
5.216643e+00	1.460660e+02	6.260464e-11	5.122710e-01	3.168100e+01	4.072288e+04
5.223750e+00	1.462650e+02	6.269628e-11	5.122592e-01	3.166185e+01	4.085877e+04
5.230857e+00	1.464640e+02	6.279684e-11	5.122473e-01	3.164741e+01	4.149765e+04
5.237964e+00	1.466630e+02	6.290584e-11	5.122353e-01	3.163067e+01	4.264567e+04
5.245071e+00	1.468620e+02	6.302201e-11	5.122236e-01	3.161321e+01	4.284401e+04
5.252179e+00	1.470610e+02	6.314341e-11	5.122122e-01	3.159663e+01	4.239121e+04
5.259286e+00	1.472600e+02	6.326872e-11	5.122013e-01	3.157848e+01	4.185054e+04
5.266393e+00	1.474590e+02	6.339921e-11	5.121905e-01	3.156166e+01	4.006510e+04
5.273500e+00	1.476580e+02	6.353452e-11	5.121793e-01	3.154934e+01	3.857958e+04
5.280607e+00	1.478570e+02	6.367189e-11	5.121675e-01	3.153825e+01	3.941963e+04
5.287714e+00	1.480560e+02	6.380896e-11	5.121557e-01	3.152177e+01	4.058158e+04
5.294821e+00	1.482550e+02	6.394217e-11	5.121444e-01	3.150223e+01	4.150490e+04
5.301929e+00	1.484540e+02	6.407263e-11	5.121334e-01	3.148533e+01	4.167822e+04
5.309036e+00	1.486530e+02	6.420010e-11	5.121221e-01	3.147067e+01	4.040207e+04
5.316143e+00	1.488520e+02	6.432126e-11	5.121105e-01	3.145392e+01	3.925726e+04
5.323250e+00	1.490510e+02	6.443399e-11	5.120994e-01	3.143470e+01	3.880992e+04
5.330357e+00	1.492500e+02	6.453735e-11	5.120890e-01	3.141870e+01	3.895008e+04
5.337464e+00	1.494490e+02	6.463326e-11	5.120787e-01	3.140775e+01	3.824287e+04
5.344571e+00	1.496480e+02	6.472048e-11	5.120678e-01	3.139973e+01	3.763570e+04
5.351679e+00	1.498470e+02	6.479856e-11	5.120559e-01	3.138771e+01	3.687506e+04
5.358786e+00	1.500460e+02	6.486508e-11	5.120437e-01	3.136919e+01	3.508991e+04
5.365893e+00	1.502450e+02	6.492144e-11	5.120320e-01	3.135041e+01	3.490488e+04
5.373000e+00	1.504440e+02	6.496704e-11	5.120208e-01	3.133443e+01	3.535689e+04
5.380107e+00	1.506430e+02	6.500241e-11	5.120097e-01	3.132014e+01	3.458872e+04
5.387214e+00	1.508420e+02	6.502672e-11	5.119985e-01	3.130694e+01	3.372941e+04
5.394321e+00	1.510410e+02	6.503942e-11	5.119870e-01	3.129389e+01	3.359925e+04
5.401429e+00	1.512400e+02	6.504122e-11	5.119754e-01	3.128065e+01	3.330039e+04
5.408536e+00	1.514390e+02	6.503387e-11	5.119640e-01	3.126797e+01	3.303552e+04
5.415643e+00	1.516380e+02	6.501912e-11	5.119528e-01	3.125577e+01	3.318945e+04
5.422750e+00	1.518370e+02	6.499844e-11	5.119416e-01	3.124264e+01	3.326970e+04
5.429857e+00	1.520360e+02	6.497167e-11	5.119303e-01	3.122875e+01	3.311711e+04
5.436964e+00	1.522350e+02	6.493959e-11	5.119191e-01	3.121526e+01	3.271788e+04
5.444071e+00	1.524340e+02	6.490339e-11	5.119081e-01	3.120185e+01	3.205861e+04
5.451179e+00	1.526330e+02	6.486525e-11	5.118975e-01	3.118770e+01	3.113271e+04
5.458286e+00	1.528320e+02	6.482509e-11	5.118870e-01	3.117362e+01	3.050051e+04
5.465393e+00	1.530310e+02	6.478502e-11	5.118765e-01	3.116171e+01	3.016299e+04
5.472500e+00	1.532300e+02	6.474522e-11	5.118657e-01	3.115168e+01	2.984923e+04
5.479607e+00	1.534290e+02	6.470783e-11	5.118545e-01	3.114083e+01	2.974351e+04
5.486714e+00	1.536280e+02	6.467348e-11	5.118429e-01	3.112758e+01	2.948938e+04
5.493821e+00	1.538270e+02	6.464412e-11	5.118312e-01	3.111452e+01	2.911632e+04
5.500929e+00	1.540260e+02	6.462142e-11	5.118198e-01	3.110311e+01	2.857006e+04
5.508036e+00	1.542250e+02	6.460498e-11	5.118088e-01	3.109316e+01	2.816155e+04
5.515143e+00	1.544240e+02	6.459460e-11	5.117980e-01	3.108325e+01	2.794176e+04
5.522250e+00	1.546230e+02	6.459161e-11	5.117873e-01	3.107115e+01	2.752973e+04
5.529357e+00	1.548220e+02	6.459701e-11	5.117765e-01	3.105820e+01	2.715057e+04
5.536464e+00	1.550210e+02	6.461216e-11	5.117656e-01	3.104670e+01	2.708529e+04
5.543571e+00	1.552200e+02	6.463593e-11	5.117545e-01	3.103697e+01	2.664719e+04
5.550679e+00	1.554190e+02	6.466878e-11	5.117432e-01	3.102815e+01	2.620896e+04
5.557786e+00	1.556180e+02	6.471017e-11	5.117319e-01	3.101788e+01	2.643886e+04
5.564893e+00	1.558170e+02	6.476185e-11	5.117207e-01	3.100543e+01	2.639151e+04
5.572000e+00	1.560160e+02	6.482265e-11	5.117096e-01	3.099370e+01	2.612963e+04
5.579107e+00	1.562150e+02	6.489263e-11	5.116982e-01	3.098264e+01	2.606340e+04
5.586214e+00	1.564140e+02	6.497018e-11	5.116867e-01	3.096945e+01	2.571514e+04
5.593321e+00	1.566130e+02	6.505506e-11	5.116755e-01	3.095586e+01	2.519237e+04
5.600429e+00	1.568120e+02	6.514845e-11	5.116649e-01	3.094573e+01	2.492886e+04
5.607536e+00	1.570110e+02	6.524926e-11	5.116547e-01	3.093893e+01	2.473980e+04
5.614643e+00	1.572100e+02	6.535644e-11	5.116442e-01	3.093237e+01	2.482558e+04
5.621750e+00	1.574090e+02	6.546780e-11	5.116332e-01	3.092365e+01	2.471969e+04
5.628857e+00	1.576080e+02	6.558173e-11	5.116221e-01	3.091228e+01	2.433129e+04
5.635964e+00	1.578070e+02	6.569705e-11	5.116111e-01	3.090025e+01	2.414617e+04
5.643071e+00	1.580060e+02	6.581457e-11	5.116005e-01	3.088966e+01	2.420670e+04
5.650179e+00	1.582050e+02	6.593255e-11	5.115897e-01	3.088036e+01	2.425388e+04
5.657286e+00	1.584040e+02	6.604970e-11	5.115788e-01	3.087102e+01	2.435469e+04
5.664393e+00	1.586030e+02	6.616413e-11	5.115677e-01	3.086081e+01	2.435693e+04
5.671500e+00	1.588020e+02	6.627303e-11	5.115565e-01	3.085066e+01	2.469926e+04
5.678607e+00	1.590010e+02	6.637663e-11	5.115451e-01	3.084110e+01	2.483804e+04
5.685714e+00	1.592000e+02	6.647247e-11	5.115339e-01	3.083114e+01	2.421021e+04
5.692821e+00	1.593990e+02	6.655943e-11	5.115230e-01	3.082031e+01	2.351521e+04
5.699929e+00	1.595980e+02	6.663670e-11	5.115124e-01	3.080933e+01	2.348549e+04
5.707036e+00	1.597970e+02	6.670319e-11	5.115021e-01	3.079933e+01	2.362245e+04
5.714143e+00	1.599960e+02	6.675790e-11	5.114920e-01	3.079087e+01	2.357668e+04
5.721250e+00	1.601950e+02	6.679978e-11	5.114816e-01	3.078308e+01	2.336450e+04
5.728357e+00	1.603940e+02	6.682641e-11	5.114707e-01	3.077522e+01	2.312003e+04
5.735464e+00	1.605930e+02	6.683761e-11	5.114594e-01	3.076644e+01	2.290936e+04
5.742571e+00	1.607920e+02	6.683395e-11	5.114479e-01	3.075606e+01	2.249316e+04
5.749679e+00	1.609910e+02	6.681504e-11	5.114366e-01	3.074510e+01	2.252692e+04
5.756786e+00	1.611900e+02	6.678025e-11	5.114253e-01	3.073468e+01	2.285782e+04
5.763893e+00	1.613890e+02	6.672832e-11	5.114144e-01	3.072548e+01	2.291869e+04
5.771000e+00	1.615880e+02	6.666042e-11	5.114042e-01	3.071748e+01	2.305318e+04
5.778107e+00	1.617870e+02	6.657849e-11	5.113943e-01	3.071003e+01	2.231640e+04
5.785214e+00	1.619860e+02	6.648295e-11	5.113839e-01	3.070395e+01	2.231228e+04
5.792321e+00	1.621850e+02	6.637477e-11	5.113725e-01	3.069635e+01	2.200162e+04
5.799429e+00	1.623840e+02	6.625469e-11	5.113609e-01	3.068544e+01	2.148182e+04
5.806536e+00	1.625830e+02	6.612483e-11	5.113497e-01	3.067413e+01	2.169174e+04
5.813643e+00	1.627820e+02	6.598735e-11	5.113389e-01	3.066373e+01	2.142966e+04
5.820750e+00	1.629810e+02	6.584389e-11	5.113283e-01	3.065526e+01	2.177452e+04
5.827857e+00	1.631800e+02	6.569731e-11	5.113175e-01	3.064792e+01	2.103983e+04
5.834964e+00	1.633790e+02	6.554816e-11	5.113063e-01	3.064137e+01	2.096774e+04
5.842071e+00	1.635780e+02	6.539757e-11	5.112950e-01	3.063231e+01	2.054754e+04
5.849179e+00	1.637770e+02	6.524736e-11	5.112841e-01	3.062185e+01	2.085702e+04
5.856286e+00	1.639760e+02	6.510121e-11	5.112736e-01	3.061308e+01	2.095012e+04
5.863393e+00	1.641750e+02	6.496119e-11	5.112627e-01	3.060611e+01	2.099155e+04
5.870500e+00	1.643740e+02	6.482791e-11	5.112512e-01	3.059805e+01	2.084155e+04
5.877607e+00	1.645730e+02	6.470067e-11	5.112400e-01	3.058829e+01	2.060455e+04
5.884714e+00	1.647720e+02	6.458258e-11	5.112296e-01	3.058170e+01	2.043458e+04
5.891821e+00	1.649710e+02	6.447550e-11	5.112192e-01	3.057779e+01	2.025297e+04
5.898929e+00	1.651700e+02	6.437824e-11	5.112082e-01	3.056930e+01	2.001014e+04
5.906036e+00	1.653690e+02	6.429246e-11	5.111973e-01	3.055560e+01	1.949522e+04
5.913143e+00	1.655680e+02	6.421981e-11	5.111867e-01	3.054466e+01	1.973114e+04
5.920250e+00	1.657670e+02	6.416162e-11	5.111760e-01	3.053734e+01	1.993155e+04
5.927357e+00	1.659660e+02	6.411734e-11	5.111652e-01	3.053014e+01	2.001650e+04
5.934464e+00	1.661650e+02	6.408733e-11	5.111545e-01	3.052240e+01	1.953881e+04
5.941571e+00	1.663640e+02	6.407192e-11	5.111439e-01	3.051483e+01	1.927211e+04
5.948679e+00	1.665630e+02	6.407110e-11	5.111332e-01	3.050737e+01	1.930306e+04
5.955786e+00	1.667620e+02	6.408466e-11	5.111224e-01	3.050018e+01	1.934773e+04
5.962893e+00	1.669610e+02	6.411153e-11	5.111117e-01	3.049271e+01	1.947128e+04
5.970000e+00	1.671600e+02	6.415118e-11	5.111008e-01	3.048607e+01	2.004781e+04
5.977107e+00	1.673590e+02	6.420312e-11	5.110895e-01	3.048046e+01	2.037818e+04
5.984214e+00	1.675580e+02	6.426634e-11	5.110779e-01	3.047297e+01	1.994786e+04
5.991321e+00	1.677570e+02	6.434016e-11	5.110665e-01	3.046114e+01	1.952741e+04
5.998429e+00	1.679560e+02	6.442368e-11	5.110558e-01	3.044714e+01	1.983810e+04
6.005536e+00	1.681550e+02	6.451618e-11	5.110454e-01	3.043777e+01	1.985215e+04
6.012643e+00	1.683540e+02	6.461674e-11	5.110349e-01	3.043590e+01	1.928287e+04
6.019750e+00	1.685530e+02	6.472293e-11	5.110239e-01	3.043432e+01	1.906170e+04
6.026857e+00	1.687520e+02	6.483135e-11	5.110128e-01	3.042653e+01	1.916320e+04
6.033964e+00	1.689510e+02	6.494129e-11	5.110020e-01	3.041463e+01	1.895751e+04
6.041071e+00	1.691500e+02	6.505185e-11	5.109915e-01	3.040474e+01	1.842073e+04
6.048179e+00	1.693490e+02	6.516124e-11	5.109808e-01	3.039967e+01	1.874078e+04
6.055286e+00	1.695480e+02	6.526748e-11	5.109697e-01	3.039495e+01	1.879746e+04
6.062393e+00	1.697470e+02	6.536708e-11	5.109586e-01	3.038528e+01	1.785425e+04
6.069500e+00	1.699460e+02	6.545666e-11	5.109483e-01	3.037336e+01	1.748104e+04
6.076607e+00	1.701450e+02	6.553572e-11	5.109385e-01	3.036484e+01	1.767821e+04
6.083714e+00	1.703440e+02	6.560262e-11	5.109282e-01	3.036035e+01	1.765222e+04
6.090821e+00	1.705430e+02	6.565626e-11	5.109173e-01	3.035667e+01	1.785633e+04
6.097929e+00	1.707420e+02	6.569353e-11	5.109063e-01	3.035152e+01	1.761429e+04
6.105036e+00	1.709410e+02	6.571350e-11	5.108955e-01	3.034352e+01	1.736845e+04
6.112143e+00	1.711400e+02	6.571604e-11	5.108848e-01	3.033469e+01	1.710529e+04
6.119250e+00	1.713390e+02	6.570204e-11	5.108744e-01	3.032676e+01	1.711897e+04
6.126357e+00	1.715380e+02	6.567069e-11	5.108641e-01	3.032064e+01	1.705850e+04
6.133464e+00	1.717370e+02	6.562248e-11	5.108535e-01	3.031474e+01	1.716190e+04
6.140571e+00	1.719360e+02	6.555709e-11	5.108429e-01	3.030725e+01	1.713787e+04
6.147679e+00	1.721350e+02	6.547538e-11	5.108322e-01	3.029934e+01	1.709589e+04
6.154786e+00	1.723340e+02	6.537757e-11	5.108217e-01	3.029296e+01	1.716486e+04
6.161893e+00	1.725330e+02	6.526395e-11	5.108112e-01	3.028755e+01	1.728942e+04
6.169000e+00	1.727320e+02	6.513541e-11	5.108007e-01	3.028061e+01	1.737017e+04
6.176107e+00	1.729310e+02	6.499471e-11	5.107904e-01	3.027227e+01	1.740865e+04
6.183214e+00	1.731300e+02	6.484532e-11	5.107803e-01	3.026572e+01	1.753467e+04
6.190321e+00	1.733290e+02	6.468840e-11	5.107699e-01	3.026042e+01	1.748369e+04
6.197429e+00	1.735280e+02	6.452492e-11	5.107595e-01	3.025261e+01	1.738555e+04
6.204536e+00	1.737270e+02	6.435723e-11	5.107495e-01	3.024551e+01	1.754408e+04
6.211643e+00	1.739260e+02	6.418646e-11	5.107394e-01	3.024137e+01	1.757303e+04
6.218750e+00	1.741250e+02	6.401160e-11	5.107288e-01	3.023473e+01	1.763667e+04
6.225857e+00	1.743240e+02	6.383398e-11	5.107183e-01	3.022550e+01	1.786658e+04
6.232964e+00	1.745230e+02	6.365458e-11	5.107080e-01	3.021805e+01	1.805159e+04
6.240071e+00	1.747220e+02	6.347651e-11	5.106978e-01	3.021152e+01	1.809549e+04
6.247179e+00	1.749210e+02	6.330076e-11	5.106876e-01	3.020369e+01	1.806234e+04
6.254286e+00	1.751200e+02	6.312804e-11	5.106775e-01	3.019599e+01	1.804587e+04
6.261393e+00	1.753190e+02	6.296184e-11	5.106670e-01	3.019091e+01	1.826767e+04
6.268500e+00	1.755180e+02	6.280379e-11	5.106563e-01	3.018493e+01	1.851992e+04
6.275607e+00	1.757170e+02	6.265450e-11	5.106457e-01	3.017435e+01	1.860934e+04
6.282714e+00	1.759160e+02	6.251442e-11	5.106355e-01	3.016341e+01	1.879782e+04
6.289821e+00	1.761150e+02	6.238555e-11	5.106254e-01	3.015806e+01	1.911694e+04
6.296929e+00	1.763140e+02	6.226758e-11	5.106149e-01	3.015370e+01	1.930736e+04
6.304036e+00	1.765130e+02	6.215890e-11	5.106042e-01	3.014406e+01	1.937744e+04
6.311143e+00	1.767120e+02	6.206213e-11	5.105940e-01	3.013314e+01	1.950009e+04
6.318250e+00	1.769110e+02	6.197940e-11	5.105842e-01	3.012561e+01	1.976459e+04
6.325357e+00	1.771100e+02	6.190934e-11	5.105741e-01	3.012046e+01	1.952266e+04
6.332464e+00	1.773090e+02	6.185072e-11	5.105639e-01	3.011543e+01	1.961527e+04
6.339571e+00	1.775080e+02	6.180370e-11	5.105536e-01	3.010993e+01	1.980188e+04
6.346679e+00	1.777070e+02	6.176958e-11	5.105433e-01	3.010255e+01	2.016076e+04
6.353786e+00	1.779060e+02	6.174824e-11	5.105327e-01	3.009293e+01	2.041292e+04
6.360893e+00	1.781050e+02	6.173909e-11	5.105221e-01	3.008347e+01	2.036604e+04
6.368000e+00	1.783040e+02	6.174173e-11	5.105118e-01	3.007604e+01	2.105420e+04
6.375107e+00	1.785030e+02	6.175529e-11	5.105016e-01	3.006817e+01	2.094241e+04
6.382214e+00	1.787020e+02	6.177942e-11	5.104912e-01	3.005833e+01	2.026179e+04
6.389321e+00	1.789010e+02	6.181183e-11	5.104808e-01	3.004713e+01	2.042280e+04
6.396429e+00	1.791000e+02	6.185156e-11	5.104708e-01	3.003667e+01	2.035177e+04
6.403536e+00	1.792990e+02	6.189829e-11	5.104612e-01	3.003070e+01	1.979572e+04
6.410643e+00	1.794980e+02	6.195142e-11	5.104514e-01	3.002859e+01	2.006414e+04
6.417750e+00	1.796970e+02	6.200972e-11	5.104410e-01	3.002468e+01	2.057147e+04
6.424857e+00	1.798960e+02	6.207141e-11	5.104302e-01	3.001579e+01	2.015369e+04
6.431964e+00	1.800950e+02	6.213535e-11	5.104196e-01	3.000424e+01	1.986128e+04
6.439071e+00	1.802940e+02	6.220035e-11	5.104095e-01	2.999535e+01	2.109097e+04
6.446179e+00	1.804930e+02	6.226635e-11	5.103995e-01	2.998963e+01	2.102862e+04
6.453286e+00	1.806920e+02	6.233257e-11	5.103893e-01	2.998377e+01	2.003728e+04
6.460393e+00	1.808910e+02	6.239645e-11	5.103791e-01	2.997731e+01	2.050569e+04
6.467500e+00	1.810900e+02	6.245663e-11	5.103688e-01	2.997007e+01	2.027193e+04
6.474607e+00	1.812890e+02	6.251180e-11	5.103585e-01	2.996200e+01	1.941060e+04
6.481714e+00	1.814880e+02	6.256084e-11	5.103480e-01	2.995433e+01	1.975111e+04
6.488821e+00	1.816870e+02	6.260269e-11	5.103376e-01	2.994700e+01	1.970926e+04
6.495929e+00	1.818860e+02	6.263702e-11	5.103273e-01	2.993998e+01	1.872626e+04
6.503036e+00	1.820850e+02	6.266309e-11	5.103174e-01	2.993395e+01	1.808959e+04
6.510143e+00	1.822840e+02	6.268014e-11	5.103075e-01	2.992850e+01	1.791619e+04
6.517250e+00	1.824830e+02	6.268850e-11	5.102975e-01	2.992267e+01	1.787551e+04
6.524357e+00	1.826820e+02	6.268604e-11	5.102873e-01	2.991603e+01	1.759120e+04
6.531464e+00	1.828810e+02	6.267352e-11	5.102768e-01	2.990858e+01	1.687001e+04
6.538571e+00	1.830800e+02	6.265082e-11	5.102664e-01	2.990089e+01	1.650755e+04
6.545679e+00	1.832790e+02	6.261837e-11	5.102561e-01	2.989383e+01	1.683041e+04
6.552786e+00	1.834780e+02	6.257732e-11	5.102461e-01	2.988775e+01	1.687432e+04
6.559893e+00	1.836770e+02	6.252777e-11	5.102361e-01	2.988246e+01	1.661610e+04
6.567000e+00	1.838760e+02	6.246993e-11	5.102261e-01	2.987731e+01	1.672128e+04
6.574107e+00	1.840750e+02	6.240481e-11	5.102160e-01	2.987164e+01	1.688476e+04
6.581214e+00	1.842740e+02	6.233283e-11	5.102058e-01	2.986534e+01	1.676551e+04
6.588321e+00	1.844730e+02	6.225592e-11	5.101956e-01	2.985854e+01	1.659328e+04
6.595429e+00	1.846720e+02	6.217441e-11	5.101854e-01	2.985131e+01	1.644587e+04
6.602536e+00	1.848710e+02	6.208899e-11	5.101753e-01	2.984404e+01	1.624369e+04
6.609643e+00	1.850700e+02	6.200059e-11	5.101654e-01	2.983733e+01	1.613393e+04
6.616750e+00	1.852690e+02	6.191065e-11	5.101556e-01	2.983133e+01	1.627867e+04
6.623857e+00	1.854680e+02	6.181895e-11	5.101459e-01	2.982561e+01	1.650337e+04
6.630964e+00	1.856670e+02	6.172709e-11	5.101362e-01	2.981993e+01	1.661456e+04
6.638071e+00	1.858660e+02	6.163581e-11	5.101265e-01	2.981439e+01	1.649714e+04
6.645179e+00	1.860650e+02	6.154540e-11	5.101165e-01	2.980888e+01	1.624669e+04
6.652286e+00	1.862640e+02	6.145691e-11	5.101066e-01	2.980338e+01	1.615921e+04
6.659393e+00	1.864630e+02	6.137049e-11	5.100968e-01	2.979793e+01	1.622050e+04
6.666500e+00	1.866620e+02	6.128772e-11	5.100870e-01	2.979267e+01	1.631284e+04
6.673607e+00	1.868610e+02	6.120915e-11	5.100772e-01	2.978750e+01	1.641543e+04
6.680714e+00	1.870600e+02	6.113591e-11	5.100673e-01	2.978193e+01	1.644547e+04
6.687821e+00	1.872590e+02	6.106794e-11	5.100573e-01	2.977596e+01	1.638272e+04
6.694929e+00	1.874580e+02	6.100568e-11	5.100474e-01	2.977004e+01	1.633768e+04
6.702036e+00	1.876570e+02	6.095007e-11	5.100374e-01	2.976445e+01	1.633193e+04
6.709143e+00	1.878560e+02	6.090042e-11	5.100275e-01	2.975908e+01	1.630595e+04
6.716250e+00	1.880550e+02	6.085773e-11	5.100175e-01	2.975338e+01	1.628249e+04
6.723357e+00	1.882540e+02	6.082167e-11	5.100075e-01	2.974706e+01	1.627141e+04
6.730464e+00	1.884530e+02	6.079281e-11	5.099975e-01	2.974061e+01	1.619716e+04
6.737571e+00	1.886520e+02	6.077042e-11	5.099876e-01	2.973445e+01	1.608150e+04
6.744679e+00	1.888510e+02	6.075496e-11	5.099776e-01	2.972846e+01	1.602073e+04
6.751786e+00	1.890500e+02	6.074554e-11	5.099676e-01	2.972229e+01	1.600693e+04
6.758893e+00	1.892490e+02	6.074259e-11	5.099576e-01	2.971581e+01	1.600459e+04
6.766000e+00	1.894480e+02	6.074571e-11	5.099477e-01	2.970949e+01	1.605755e+04
6.773107e+00	1.896470e+02	6.075408e-11	5.099380e-01	2.970371e+01	1.619519e+04
6.780214e+00	1.898460e+02	6.076746e-11	5.099284e-01	2.969838e+01	1.634506e+04
6.787321e+00	1.900450e+02	6.078531e-11	5.099189e-01	2.969332e+01	1.642028e+04
6.794429e+00	1.902440e+02	6.080766e-11	5.099093e-01	2.968826e+01	1.641055e+04
6.801536e+00	1.904430e+02	6.083272e-11	5.098996e-01	2.968286e+01	1.637483e+04
6.808643e+00	1.906420e+02	6.086093e-11	5.098899e-01	2.967724e+01	1.639081e+04
6.815750e+00	1.908410e+02	6.089085e-11	5.098801e-01	2.967186e+01	1.643269e+04
6.822857e+00	1.910400e+02	6.092252e-11	5.098703e-01	2.966666e+01	1.640499e+04
6.829964e+00	1.912390e+02	6.095487e-11	5.098605e-01	2.966123e+01	1.634373e+04
6.837071e+00	1.914380e+02	6.098777e-11	5.098507e-01	2.965549e+01	1.637964e+04
6.844179e+00	1.916370e+02	6.102052e-11	5.098411e-01	2.964972e+01	1.651083e+04
6.851286e+00	1.918360e+02	6.105253e-11	5.098315e-01	2.964409e+01	1.659881e+04
6.858393e+00	1.920350e+02	6.108347e-11	5.098220e-01	2.963853e+01	1.656453e+04
6.865500e+00	1.922340e+02	6.111263e-11	5.098124e-01	2.963291e+01	1.649856e+04
6.872607e+00	1.924330e+02	6.113953e-11	5.098027e-01	2.962725e+01	1.652602e+04
6.879714e+00	1.926320e+02	6.116410e-11	5.097930e-01	2.962156e+01	1.662157e+04
6.886821e+00	1.928310e+02	6.118594e-11	5.097832e-01	2.961571e+01	1.667602e+04
6.893929e+00	1.930300e+02	6.120497e-11	5.097734e-01	2.960967e+01	1.666372e+04
6.901036e+00	1.932290e+02	6.122091e-11	5.097636e-01	2.960371e+01	1.663102e+04
6.908143e+00	1.934280e+02	6.123399e-11	5.097540e-01	2.959806e+01	1.660866e+04
6.915250e+00	1.936270e+02	6.124394e-11	5.097444e-01	2.959264e+01	1.658904e+04
6.922357e+00	1.938260e+02	6.125067e-11	5.097349e-01	2.958731e+01	1.655145e+04
6.929464e+00	1.940250e+02	6.125404e-11	5.097255e-01	2.958193e+01	1.649723e+04
6.936571e+00	1.942240e+02	6.125458e-11	5.097160e-01	2.957641e+01	1.645738e+04
6.943679e+00	1.944230e+02	6.125223e-11	5.097067e-01	2.957072e+01	1.645141e+04
6.950786e+00	1.946220e+02	6.124754e-11	5.096974e-01	2.956501e+01	1.645532e+04
6.957893e+00	1.948210e+02	6.124006e-11	5.096882e-01	2.955952e+01	1.643498e+04
6.965000e+00	1.950200e+02	6.123099e-11	5.096790e-01	2.955436e+01	1.638720e+04
6.972107e+00	1.952190e+02	6.122008e-11	5.096699e-01	2.954938e+01	1.634165e+04
6.979214e+00	1.954180e+02	6.120798e-11	5.096607e-01	2.954439e+01	1.633899e+04
6.986321e+00	1.956170e+02	6.119456e-11	5.096515e-01	2.953927e+01	1.639914e+04
6.993429e+00	1.958160e+02	6.118065e-11	5.096422e-01	2.953399e+01	1.651036e+04
7.000536e+00	1.960150e+02	6.116640e-11	5.096329e-01	2.952857e+01	1.664652e+04
7.007643e+00	1.962140e+02	6.115190e-11	5.096236e-01	2.952310e+01	1.678440e+04
7.014750e+00	1.964130e+02	6.113791e-11	5.096142e-01	2.951766e+01	1.691011e+04
7.021857e+00	1.966120e+02	6.112496e-11	5.096048e-01	2.951229e+01	1.701802e+04
7.028964e+00	1.968110e+02	6.111290e-11	5.095954e-01	2.950697e+01	1.710597e+04
7.036071e+00	1.970100e+02	6.110262e-11	5.095860e-01	2.950169e+01	1.716918e+04
7.043179e+00	1.972090e+02	6.109368e-11	5.095766e-01	2.949644e+01	1.719962e+04
7.050286e+00	1.974080e+02	6.108711e-11	5.095672e-01	2.949123e+01	1.719562e+04
7.057393e+00	1.976070e+02	6.108265e-11	5.095578e-01	2.948606e+01	1.716669e+04
7.064500e+00	1.978060e+02	6.108036e-11	5.095485e-01	2.948095e+01	1.712395e+04
7.071607e+00	1.980050e+02	6.108033e-11	5.095392e-01	2.947592e+01	1.707514e+04
7.078714e+00	1.982040e+02	6.108261e-11	5.095299e-01	2.947100e+01	1.703086e+04
7.085821e+00	1.984030e+02	6.108740e-11	5.095206e-01	2.946613e+01	1.700470e+04
7.092929e+00	1.986020e+02	6.109438e-11	5.095113e-01	2.946126e+01	1.700662e+04
7.100036e+00	1.988010e+02	6.110346e-11	5.095020e-01	2.945637e+01	1.703792e+04
7.107143e+00	1.990000e+02	6.111523e-11	5.094927e-01	2.945146e+01	1.708970e+04
7.114250e+00	1.991990e+02	6.112907e-11	5.094834e-01	2.944651e+01	1.714828e+04
7.121357e+00	1.993980e+02	6.114492e-11	5.094740e-01	2.944144e+01	1.720466e+04
7.128464e+00	1.995970e+02	6.116291e-11	5.094646e-01	2.943623e+01	1.725890e+04
7.135571e+00	1.997960e+02	6.118263e-11	5.094552e-01	2.943089e+01	1.731714e+04
7.142679e+00	1.999950e+02	6.120362e-11	5.094459e-01	2.942548e+01	1.738346e+04
7.149786e+00	2.001940e+02	6.122615e-11	5.094366e-01	2.942004e+01	1.745513e+04
7.156893e+00	2.003930e+02	6.125037e-11	5.094275e-01	2.941464e+01	1.752393e+04
7.164000e+00	2.005920e+02	6.127466e-11	5.094184e-01	2.940935e+01	1.757609e+04
7.171107e+00	2.007910e+02	6.129969e-11	5.094093e-01	2.940418e+01	1.759219e+04
7.178214e+00	2.009900e+02	6.132523e-11	5.094004e-01	2.939912e+01	1.755734e+04
7.185321e+00	2.011890e+02	6.135085e-11	5.093915e-01	2.939414e+01	1.747487e+04
7.192429e+00	2.013880e+02	6.137590e-11	5.093826e-01	2.938926e+01	1.736746e+04
7.199536e+00	2.015870e+02	6.140052e-11	5.093737e-01	2.938448e+01	1.726486e+04
7.206643e+00	2.017860e+02	6.142455e-11	5.093647e-01	2.937981e+01	1.718731e+04
7.213750e+00	2.019850e+02	6.144686e-11	5.093557e-01	2.937524e+01	1.713503e+04
7.220857e+00	2.021840e+02	6.146796e-11	5.093467e-01	2.937077e+01	1.709340e+04
7.227964e+00	2.023830e+02	6.148703e-11	5.093376e-01	2.936633e+01	1.704932e+04
7.235071e+00	2.025820e+02	6.150462e-11	5.093285e-01	2.936186e+01	1.700215e+04
7.242179e+00	2.027810e+02	6.151963e-11	5.093193e-01	2.935732e+01	1.696019e+04
7.249286e+00	2.029800e+02	6.153220e-11	5.093101e-01	2.935266e+01	1.693038e+04
7.256393e+00	2.031790e+02	6.154234e-11	5.093009e-01	2.934792e+01	1.691355e+04
7.263500e+00	2.033780e+02	6.154948e-11	5.092917e-01	2.934310e+01	1.690724e+04
7.270607e+00	2.035770e+02	6.155422e-11	5.092826e-01	2.933823e+01	1.690999e+04
7.277714e+00	2.037760e+02	6.155561e-11	5.092736e-01	2.933336e+01	1.692254e+04
7.284821e+00	2.039750e+02	6.155439e-11	5.092646e-01	2.932851e+01	1.694636e+04
7.291929e+00	2.041740e+02	6.154997e-11	5.092556e-01	2.932372e+01	1.698158e+04
7.299036e+00	2.043730e+02	6.154259e-11	5.092467e-01	2.931902e+01	1.702686e+04
7.306143e+00	2.045720e+02	6.153231e-11	5.092379e-01	2.931441e+01	1.708041e+04
7.313250e+00	2.047710e+02	6.151927e-11	5.092290e-01	2.930988e+01	1.714025e+04
7.320357e+00	2.049700e+02	6.150366e-11	5.092202e-01	2.930543e+01	1.720360e+04
7.327464e+00	2.051690e+02	6.148511e-11	5.092113e-01	2.930105e+01	1.726647e+04
7.334571e+00	2.053680e+02	6.146429e-11	5.092024e-01	2.929673e+01	1.732483e+04
7.341679e+00	2.055670e+02	6.144099e-11	5.091935e-01	2.929246e+01	1.737629e+04
7.348786e+00	2.057660e+02	6.141519e-11	5.091846e-01	2.928820e+01	1.742073e+04
7.355893e+00	2.059650e+02	6.138744e-11	5.091756e-01	2.928393e+01	1.745951e+04
7.363000e+00	2.061640e+02	6.135793e-11	5.091667e-01	2.927964e+01	1.749458e+04
7.370107e+00	2.063630e+02	6.132687e-11	5.091577e-01	2.927533e+01	1.752808e+04
7.377214e+00	2.065620e+02	6.129437e-11	5.091487e-01	2.927100e+01	1.756221e+04
7.384321e+00	2.067610e+02	6.126064e-11	5.091397e-01	2.926668e+01	1.759913e+04
7.391429e+00	2.069600e+02	6.122592e-11	5.091307e-01	2.926236e+01	1.764088e+04
7.398536e+00	2.071590e+02	6.119022e-11	5.091218e-01	2.925804e+01	1.768902e+04
7.405643e+00	2.073580e+02	6.115424e-11	5.091128e-01	2.925372e+01	1.774445e+04
7.412750e+00	2.075570e+02	6.111771e-11	5.091039e-01	2.924942e+01	1.780758e+04
7.419857e+00	2.077560e+02	6.108140e-11	5.090950e-01	2.924515e+01	1.787879e+04
7.426964e+00	2.079550e+02	6.104525e-11	5.090862e-01	2.924092e+01	1.795866e+04
7.434071e+00	2.081540e+02	6.100885e-11	5.090773e-01	2.923674e+01	1.804769e+04
7.441179e+00	2.083530e+02	6.097358e-11	5.090684e-01	2.923261e+01	1.814570e+04
7.448286e+00	2.085520e+02	6.093855e-11	5.090596e-01	2.922852e+01	1.825147e+04
7.455393e+00	2.087510e+02	6.090445e-11	5.090507e-01	2.922448e+01	1.836294e+04
7.462500e+00	2.089500e+02	6.087119e-11	5.090419e-01	2.922046e+01	1.847808e+04
7.469607e+00	2.091490e+02	6.083927e-11	5.090330e-01	2.921645e+01	1.859552e+04
7.476714e+00	2.093480e+02	6.080836e-11	5.090241e-01	2.921244e+01	1.871449e+04
7.483821e+00	2.095470e+02	6.077837e-11	5.090152e-01	2.920839e+01	1.883447e+04
7.490929e+00	2.097460e+02	6.074943e-11	5.090062e-01	2.920431e+01	1.895509e+04
7.498036e+00	2.099450e+02	6.072207e-11	5.089973e-01	2.920018e+01	1.907646e+04
7.505143e+00	2.101440e+02	6.069594e-11	5.089884e-01	2.919603e+01	1.919927e+04
7.512250e+00	2.103430e+02	6.067100e-11	5.089795e-01	2.919186e+01	1.932449e+04
7.519357e+00	2.105420e+02	6.064716e-11	5.089705e-01	2.918773e+01	1.945272e+04
7.526464e+00	2.107410e+02	6.062492e-11	5.089616e-01	2.918364e+01	1.958400e+04
7.533571e+00	2.109400e+02	6.060294e-11	5.089527e-01	2.917961e+01	1.971825e+04
7.540679e+00	2.111390e+02	6.058249e-11	5.089438e-01	2.917564e+01	1.985573e+04
7.547786e+00	2.113380e+02	6.056296e-11	5.089349e-01	2.917173e+01	1.999717e+04
7.554893e+00	2.115370e+02	6.054383e-11	5.089260e-01	2.916785e+01	2.014334e+04
7.562000e+00	2.117360e+02	6.052541e-11	5.089171e-01	2.916400e+01	2.029448e+04
7.569107e+00	2.119350e+02	6.050670e-11	5.089082e-01	2.916020e+01	2.045040e+04
7.576214e+00	2.121340e+02	6.048917e-11	5.088993e-01	2.915644e+01	2.061109e+04
7.583321e+00	2.123330e+02	6.047135e-11	5.088903e-01	2.915274e+01	2.077704e+04
7.590429e+00	2.125320e+02	6.045375e-11	5.088813e-01	2.914912e+01	2.094864e+04
7.597536e+00	2.127310e+02	6.043584e-11	5.088723e-01	2.914556e+01	2.112500e+04
7.604643e+00	2.129300e+02	6.041787e-11	5.088633e-01	2.914205e+01	2.130305e+04
7.611750e+00	2.131290e+02	6.039947e-11	5.088542e-01	2.913856e+01	2.147781e+04
7.618857e+00	2.133280e+02	6.038061e-11	5.088451e-01	2.913509e+01	2.164381e+04
7.625964e+00	2.135270e+02	6.036090e-11	5.088360e-01	2.913161e+01	2.179716e+04
7.633071e+00	2.137260e+02	6.034065e-11	5.088268e-01	2.912812e+01	2.193702e+04
7.640179e+00	2.139250e+02	6.031961e-11	5.088177e-01	2.912459e+01	2.206559e+04
7.647286e+00	2.141240e+02	6.029731e-11	5.088085e-01	2.912102e+01	2.218709e+04
7.654393e+00	2.143230e+02	6.027488e-11	5.087993e-01	2.911740e+01	2.230643e+04
7.661500e+00	2.145220e+02	6.025068e-11	5.087901e-01	2.911375e+01	2.242806e+04
7.668607e+00	2.147210e+02	6.022600e-11	5.087810e-01	2.911007e+01	2.255533e+04
7.675714e+00	2.149200e+02	6.019983e-11	5.087719e-01	2.910640e+01	2.269017e+04
7.682821e+00	2.151190e+02	6.017263e-11	5.087628e-01	2.910276e+01	2.283314e+04
7.689929e+00	2.153180e+02	6.014461e-11	5.087538e-01	2.909917e+01	2.298365e+04
7.697036e+00	2.155170e+02	6.011555e-11	5.087449e-01	2.909563e+01	2.314023e+04
7.704143e+00	2.157160e+02	6.008545e-11	5.087360e-01	2.909215e+01	2.330087e+04
7.711250e+00	2.159150e+02	6.005460e-11	5.087271e-01	2.908873e+01	2.346327e+04
7.718357e+00	2.161140e+02	6.002275e-11	5.087183e-01	2.908538e+01	2.362508e+04
7.725464e+00	2.163130e+02	5.999034e-11	5.087095e-01	2.908211e+01	2.378404e+04
7.732571e+00	2.165120e+02	5.995720e-11	5.087007e-01	2.907891e+01	2.393814e+04
7.739679e+00	2.167110e+02	5.992388e-11	5.086919e-01	2.907579e+01	2.408595e+04
7.746786e+00	2.169100e+02	5.988953e-11	5.086831e-01	2.907272e+01	2.422706e+04
7.753893e+00	2.171090e+02	5.985527e-11	5.086743e-01	2.906970e+01	2.436249e+04
7.761000e+00	2.173080e+02	5.982118e-11	5.086655e-01	2.906672e+01	2.449465e+04
7.768107e+00	2.175070e+02	5.978719e-11	5.086567e-01	2.906376e+01	2.462684e+04
7.775214e+00	2.177060e+02	5.975311e-11	5.086478e-01	2.906082e+01	2.476246e+04
7.782321e+00	2.179050e+02	5.971962e-11	5.086389e-01	2.905789e+01	2.490415e+04
7.789429e+00	2.181040e+02	5.968672e-11	5.086300e-01	2.905498e+01	2.505344e+04
7.796536e+00	2.183030e+02	5.965462e-11	5.086211e-01	2.905206e+01	2.521108e+04
7.803643e+00	2.185020e+02	5.962356e-11	5.086122e-01	2.904914e+01	2.537746e+04
7.810750e+00	2.187010e+02	5.959366e-11	5.086032e-01	2.904619e+01	2.555272e+04
7.817857e+00	2.189000e+02	5.956479e-11	5.085942e-01	2.904324e+01	2.573619e+04
7.824964e+00	2.190990e+02	5.953707e-11	5.085852e-01	2.904028e+01	2.592581e+04
7.832071e+00	2.192980e+02	5.951080e-11	5.085762e-01	2.903733e+01	2.611787e+04
7.839179e+00	2.194970e+02	5.948669e-11	5.085671e-01	2.903440e+01	2.630775e+04
7.846286e+00	2.196960e+02	5.946394e-11	5.085580e-01	2.903150e+01	2.649124e+04
7.853393e+00	2.198950e+02	5.944299e-11	5.085489e-01	2.902862e+01	2.666580e+04
7.860500e+00	2.200940e+02	5.942390e-11	5.085398e-01	2.902578e+01	2.683093e+04
7.867607e+00	2.202930e+02	5.940664e-11	5.085307e-01	2.902296e+01	2.698745e+04
7.874714e+00	2.204920e+02	5.939143e-11	5.085216e-01	2.902016e+01	2.713657e+04
7.881821e+00	2.206910e+02	5.937802e-11	5.085125e-01	2.901737e+01	2.727924e+04
7.888929e+00	2.208900e+02	5.936661e-11	5.085033e-01	2.901461e+01	2.741637e+04
7.896036e+00	2.210890e+02	5.935684e-11	5.084942e-01	2.901187e+01	2.754924e+04
7.903143e+00	2.212880e+02	5.934903e-11	5.084851e-01	2.900915e+01	2.767960e+04
7.910250e+00	2.214870e+02	5.934253e-11	5.084760e-01	2.900646e+01	2.780919e+04
7.917357e+00	2.216860e+02	5.933806e-11	5.084669e-01	2.900380e+01	2.793891e+04
7.924464e+00	2.218850e+02	5.933507e-11	5.084578e-01	2.900116e+01	2.806838e+04
7.931571e+00	2.220840e+02	5.933310e-11	5.084488e-01	2.899855e+01	2.819626e+04
7.938679e+00	2.222830e+02	5.933241e-11	5.084397e-01	2.899595e+01	2.832103e+04
7.945786e+00	2.224820e+02	5.933323e-11	5.084306e-01	2.899338e+01	2.844184e+04
7.952893e+00	2.226810e+02	5.933445e-11	5.084216e-01	2.899082e+01	2.855892e+04
7.960000e+00	2.228800e+02	5.933624e-11	5.084126e-01	2.898830e+01	2.867369e+04
7.967107e+00	2.230790e+02	5.933863e-11	5.084036e-01	2.898581e+01	2.878827e+04
7.974214e+00	2.232780e+02	5.934130e-11	5.083946e-01	2.898336e+01	2.890493e+04
7.981321e+00	2.234770e+02	5.934372e-11	5.083856e-01	2.898096e+01	2.902526e+04
7.988429e+00	2.236760e+02	5.934613e-11	5.083766e-01	2.897862e+01	2.914926e+04
7.995536e+00	2.238750e+02	5.934734e-11	5.083676e-01	2.897631e+01	2.927471e+04
8.002643e+00	2.240740e+02	5.934873e-11	5.083586e-01	2.897404e+01	2.939730e+04
8.009750e+00	2.242730e+02	5.934881e-11	5.083495e-01	2.897178e+01	2.951170e+04
8.016857e+00	2.244720e+02	5.934757e-11	5.083404e-01	2.896952e+01	2.961298e+04
8.023964e+00	2.246710e+02	5.934519e-11	5.083314e-01	2.896724e+01	2.969813e+04
8.031071e+00	2.248700e+02	5.934064e-11	5.083222e-01	2.896493e+01	2.976692e+04
8.038179e+00	2.250690e+02	5.933489e-11	5.083131e-01	2.896259e+01	2.982199e+04
8.045286e+00	2.252680e+02	5.932686e-11	5.083040e-01	2.896022e+01	2.986806e+04
8.052393e+00	2.254670e+02	5.931725e-11	5.082949e-01	2.895780e+01	2.991060e+04
8.059500e+00	2.256660e+02	5.930514e-11	5.082857e-01	2.895535e+01	2.995434e+04
8.066607e+00	2.258650e+02	5.929062e-11	5.082766e-01	2.895286e+01	3.000226e+04
8.073714e+00	2.260640e+02	5.927377e-11	5.082675e-01	2.895032e+01	3.005492e+04
8.080821e+00	2.262630e+02	5.925449e-11	5.082584e-01	2.894773e+01	3.011068e+04
8.087929e+00	2.264620e+02	5.923291e-11	5.082493e-01	2.894509e+01	3.016659e+04
8.095036e+00	2.266610e+02	5.920895e-11	5.082402e-01	2.894238e+01	3.021959e+04
8.102143e+00	2.268600e+02	5.918290e-11	5.082311e-01	2.893962e+01	3.026729e+04
8.109250e+00	2.270590e+02	5.915452e-11	5.082221e-01	2.893681e+01	3.030837e+04
8.116357e+00	2.272580e+02	5.912378e-11	5.082131e-01	2.893394e+01	3.034226e+04
8.123464e+00	2.274570e+02	5.909142e-11	5.082041e-01	2.893102e+01	3.036870e+04
8.130571e+00	2.276560e+02	5.905695e-11	5.081950e-01	2.892805e+01	3.038699e+04
8.137679e+00	2.278550e+02	5.902107e-11	5.081860e-01	2.892503e+01	3.039563e+04
8.144786e+00	2.280540e+02	5.898429e-11	5.081770e-01	2.892195e+01	3.039249e+04
8.151893e+00	2.282530e+02	5.894608e-11	5.081680e-01	2.891882e+01	3.037528e+04
8.159000e+00	2.284520e+02	5.890691e-11	5.081590e-01	2.891563e+01	3.034230e+04
8.166107e+00	2.286510e+02	5.886750e-11	5.081500e-01	2.891238e+01	3.029320e+04
8.173214e+00	2.288500e+02	5.882701e-11	5.081410e-01	2.890908e+01	3.022955e+04
8.180321e+00	2.290490e+02	5.878760e-11	5.081320e-01	2.890573e+01	3.015450e+04
8.187429e+00	2.292480e+02	5.874839e-11	5.081229e-01	2.890232e+01	3.007234e+04
8.194536e+00	2.294470e+02	5.870974e-11	5.081139e-01	2.889887e+01	2.998780e+04
8.201643e+00	2.296460e+02	5.867188e-11	5.081049e-01	2.889538e+01	2.990513e+04
8.208750e+00	2.298450e+02	5.863550e-11	5.080959e-01	2.889184e+01	2.982717e+04
8.215857e+00	2.300440e+02	5.860092e-11	5.080868e-01	2.888825e+01	2.975494e+04
8.222964e+00	2.302430e+02	5.856802e-11	5.080778e-01	2.888462e+01	2.968769e+04
8.230071e+00	2.304420e+02	5.853760e-11	5.080688e-01	2.888095e+01	2.962342e+04
8.237179e+00	2.306410e+02	5.850916e-11	5.080598e-01	2.887724e+01	2.955970e+04
8.244286e+00	2.308400e+02	5.848392e-11	5.080508e-01	2.887348e+01	2.949431e+04
8.251393e+00	2.310390e+02	5.846118e-11	5.080418e-01	2.886967e+01	2.942543e+04
8.258500e+00	2.312380e+02	5.844150e-11	5.080328e-01	2.886582e+01	2.935134e+04
8.265607e+00	2.314370e+02	5.842524e-11	5.080238e-01	2.886191e+01	2.926990e+04
8.272714e+00	2.316360e+02	5.841217e-11	5.080148e-01	2.885796e+01	2.917860e+04
8.279821e+00	2.318350e+02	5.840244e-11	5.080058e-01	2.885395e+01	2.907496e+04
8.286929e+00	2.320340e+02	5.839647e-11	5.079968e-01	2.884991e+01	2.895709e+04
8.294036e+00	2.322330e+02	5.839364e-11	5.079879e-01	2.884585e+01	2.882397e+04
8.301143e+00	2.324320e+02	5.839462e-11	5.079789e-01	2.884176e+01	2.867515e+04
8.308250e+00	2.326310e+02	5.839875e-11	5.079700e-01	2.883765e+01	2.851000e+04
8.315357e+00	2.328300e+02	5.840620e-11	5.079610e-01	2.883352e+01	2.832709e+04
8.322464e+00	2.330290e+02	5.841720e-11	5.079521e-01	2.882935e+01	2.812444e+04
8.329571e+00	2.332280e+02	5.843106e-11	5.079431e-01	2.882515e+01	2.790075e+04
8.336679e+00	2.334270e+02	5.844796e-11	5.079342e-01	2.882092e+01	2.765687e+04
8.343786e+00	2.336260e+02	5.846756e-11	5.079253e-01	2.881666e+01	2.739675e+04
8.350893e+00	2.338250e+02	5.848950e-11	5.079164e-01	2.881239e+01	2.712692e+04
8.358000e+00	2.340240e+02	5.851365e-11	5.079075e-01	2.880812e+01	2.685478e+04
8.365107e+00	2.342230e+02	5.853973e-11	5.078986e-01	2.880387e+01	2.658639e+04
8.372214e+00	2.344220e+02	5.856770e-11	5.078898e-01	2.879965e+01	2.632453e+04
8.379321e+00	2.346210e+02	5.859678e-11	5.078810e-01	2.879548e+01	2.606826e+04
8.386429e+00	2.348200e+02	5.862712e-11	5.078722e-01	2.879135e+01	2.581382e+04
8.393536e+00	2.350190e+02	5.865821e-11	5.078634e-01	2.878728e+01	2.555632e+04
8.400643e+00	2.352180e+02	5.868962e-11	5.078546e-01	2.878326e+01	2.529146e+04
8.407750e+00	2.354170e+02	5.872088e-11	5.078459e-01	2.877930e+01	2.501681e+04
8.414857e+00	2.356160e+02	5.875205e-11	5.078371e-01	2.877538e+01	2.473238e+04
8.421964e+00	2.358150e+02	5.878273e-11	5.078284e-01	2.877151e+01	2.444054e+04
8.429071e+00	2.360140e+02	5.881231e-11	5.078196e-01	2.876768e+01	2.414571e+04
8.436179e+00	2.362130e+02	5.884042e-11	5.078109e-01	2.876388e+01	2.385379e+04
8.443286e+00	2.364120e+02	5.886763e-11	5.078021e-01	2.876011e+01	2.357138e+04
8.450393e+00	2.366110e+02	5.889235e-11	5.077933e-01	2.875637e+01	2.330472e+04
8.457500e+00	2.368100e+02	5.891542e-11	5.077845e-01	2.875266e+01	2.305888e+04
8.464607e+00	2.370090e+02	5.893592e-11	5.077757e-01	2.874898e+01	2.283734e+04
8.471714e+00	2.372080e+02	5.895407e-11	5.077669e-01	2.874532e+01	2.264222e+04
8.478821e+00	2.374070e+02	5.896986e-11	5.077581e-01	2.874167e+01	2.247472e+04
8.485929e+00	2.376060e+02	5.898289e-11	5.077493e-01	2.873805e+01	2.233512e+04
8.493036e+00	2.378050e+02	5.899295e-11	5.077405e-01	2.873444e+01	2.222236e+04
8.500143e+00	2.380040e+02	5.900041e-11	5.077318e-01	2.873086e+01	2.213325e+04
8.507250e+00	2.382030e+02	5.900490e-11	5.077230e-01	2.872729e+01	2.206211e+04
8.514357e+00	2.384020e+02	5.900673e-11	5.077142e-01	2.872373e+01	2.200144e+04
8.521464e+00	2.386010e+02	5.900611e-11	5.077055e-01	2.872016e+01	2.194317e+04
8.528571e+00	2.388000e+02	5.900281e-11	5.076967e-01	2.871659e+01	2.188021e+04
8.535679e+00	2.389990e+02	5.899713e-11	5.076880e-01	2.871299e+01	2.180742e+04
8.542786e+00	2.391980e+02	5.898931e-11	5.076793e-01	2.870936e+01	2.172183e+04
8.549893e+00	2.393970e+02	5.897988e-11	5.076705e-01	2.870571e+01	2.162233e+04
8.557000e+00	2.395960e+02	5.896869e-11	5.076618e-01	2.870202e+01	2.150913e+04
8.564107e+00	2.397950e+02	5.895607e-11	5.076531e-01	2.869831e+01	2.138326e+04
8.571214e+00	2.399940e+02	5.894284e-11	5.076445e-01	2.869458e+01	2.124632e+04
8.578321e+00	2.401930e+02	5.892904e-11	5.076358e-01	2.869084e+01	2.110022e+04
8.585429e+00	2.403920e+02	5.891481e-11	5.076272e-01	2.868710e+01	2.094698e+04
8.592536e+00	2.405910e+02	5.890052e-11	5.076185e-01	2.868335e+01	2.078862e+04
8.599643e+00	2.407900e+02	5.888670e-11	5.076099e-01	2.867962e+01	2.062708e+04
8.606750e+00	2.409890e+02	5.887376e-11	5.076012e-01	2.867590e+01	2.046419e+04
8.613857e+00	2.411880e+02	5.886209e-11	5.075926e-01	2.867220e+01	2.030169e+04
8.620964e+00	2.413870e+02	5.885181e-11	5.075840e-01	2.866853e+01	2.014118e+04
8.628071e+00	2.415860e+02	5.884307e-11	5.075753e-01	2.866488e+01	1.998403e+04
8.635179e+00	2.417850e+02	5.883667e-11	5.075667e-01	2.866124e+01	1.983128e+04
8.642286e+00	2.419840e+02	5.883267e-11	5.075581e-01	2.865761e+01	1.968344e+04
8.649393e+00	2.421830e+02	5.883094e-11	5.075494e-01	2.865399e+01	1.954045e+04
8.656500e+00	2.423820e+02	5.883239e-11	5.075408e-01	2.865037e+01	1.940167e+04
8.663607e+00	2.425810e+02	5.883621e-11	5.075322e-01	2.864674e+01	1.926606e+04
8.670714e+00	2.427800e+02	5.884372e-11	5.075236e-01	2.864312e+01	1.913245e+04
8.677821e+00	2.429790e+02	5.885407e-11	5.075149e-01	2.863949e+01	1.899977e+04
8.684929e+00	2.431780e+02	5.886779e-11	5.075063e-01	2.863587e+01	1.886733e+04
8.692036e+00	2.433770e+02	5.888457e-11	5.074977e-01	2.863224e+01	1.873483e+04
8.699143e+00	2.435760e+02	5.890475e-11	5.074891e-01	2.862862e+01	1.860221e+04
8.706250e+00	2.437750e+02	5.892810e-11	5.074805e-01	2.862500e+01	1.846949e+04
8.713357e+00	2.439740e+02	5.895437e-11	5.074719e-01	2.862139e+01	1.833657e+04
8.720464e+00	2.441730e+02	5.898370e-11	5.074633e-01	2.861778e+01	1.820330e+04
8.727571e+00	2.443720e+02	5.901560e-11	5.074547e-01	2.861417e+01	1.806946e+04
8.734679e+00	2.445710e+02	5.905009e-11	5.074461e-01	2.861057e+01	1.793479e+04
8.741786e+00	2.447700e+02	5.908675e-11	5.074375e-01	2.860698e+01	1.779900e+04
8.748893e+00	2.449690e+02	5.912600e-11	5.074290e-01	2.860338e+01	1.766156e+04
8.756000e+00	2.451680e+02	5.916679e-11	5.074204e-01	2.859979e+01	1.752177e+04
8.763107e+00	2.453670e+02	5.920893e-11	5.074118e-01	2.859620e+01	1.737901e+04
8.770214e+00	2.455660e+02	5.925217e-11	5.074033e-01	2.859262e+01	1.723315e+04
8.777321e+00	2.457650e+02	5.929644e-11	5.073947e-01	2.858905e+01	1.708489e+04
8.784429e+00	2.459640e+02	5.934115e-11	5.073862e-01	2.858548e+01	1.693568e+04
8.791536e+00	2.461630e+02	5.938586e-11	5.073777e-01	2.858194e+01	1.678721e+04
8.798643e+00	2.463620e+02	5.943020e-11	5.073692e-01	2.857842e+01	1.664067e+04
8.805750e+00	2.465610e+02	5.947357e-11	5.073607e-01	2.857492e+01	1.649644e+04
8.812857e+00	2.467600e+02	5.951583e-11	5.073522e-01	2.857146e+01	1.635444e+04
8.819964e+00	2.469590e+02	5.955710e-11	5.073438e-01	2.856802e+01	1.621478e+04
8.827071e+00	2.471580e+02	5.959628e-11	5.073353e-01	2.856460e+01	1.607822e+04
8.834179e+00	2.473570e+02	5.963342e-11	5.073268e-01	2.856120e+01	1.594575e+04
8.841286e+00	2.475560e+02	5.966797e-11	5.073184e-01	2.855781e+01	1.581796e+04
8.848393e+00	2.477550e+02	5.969988e-11	5.073099e-01	2.855441e+01	1.569471e+04
8.855500e+00	2.479540e+02	5.972857e-11	5.073014e-01	2.855100e+01	1.557556e+04
8.862607e+00	2.481530e+02	5.975438e-11	5.072929e-01	2.854758e+01	1.546045e+04
8.869714e+00	2.483520e+02	5.977663e-11	5.072844e-01	2.854416e+01	1.535000e+04
8.876821e+00	2.485510e+02	5.979546e-11	5.072758e-01	2.854074e+01	1.524526e+04
8.883929e+00	2.487500e+02	5.981061e-11	5.072673e-01	2.853733e+01	1.514707e+04
8.891036e+00	2.489490e+02	5.982201e-11	5.072588e-01	2.853393e+01	1.505569e+04
8.898143e+00	2.491480e+02	5.982981e-11	5.072502e-01	2.853053e+01	1.497062e+04
8.905250e+00	2.493470e+02	5.983423e-11	5.072417e-01	2.852714e+01	1.489076e+04
8.912357e+00	2.495460e+02	5.983506e-11	5.072331e-01	2.852375e+01	1.481470e+04
8.919464e+00	2.497450e+02	5.983254e-11	5.072245e-01	2.852034e+01	1.474118e+04
8.926571e+00	2.499440e+02	5.982708e-11	5.072159e-01	2.851692e+01	1.466943e+04
8.933679e+00	2.501430e+02	5.981921e-11	5.072073e-01	2.851347e+01	1.459918e+04
8.940786e+00	2.503420e+02	5.980875e-11	5.071987e-01	2.851000e+01	1.453046e+04
8.947893e+00	2.505410e+02	5.979580e-11	5.071901e-01	2.850653e+01	1.446331e+04
8.955000e+00	2.507400e+02	5.978128e-11	5.071815e-01	2.850305e+01	1.439764e+04
8.962107e+00	2.509390e+02	5.976545e-11	5.071729e-01	2.849957e+01	1.433337e+04
8.969214e+00	2.511380e+02	5.974871e-11	5.071642e-01	2.849610e+01	1.427056e+04
8.976321e+00	2.513370e+02	5.973126e-11	5.071556e-01	2.849265e+01	1.420937e+04
8.983429e+00	2.515360e+02	5.971366e-11	5.071470e-01	2.848921e+01	1.414991e+04
8.990536e+00	2.517350e+02	5.969628e-11	5.071384e-01	2.848578e+01	1.409202e+04
8.997643e+00	2.519340e+02	5.968016e-11	5.071297e-01	2.848234e+01	1.403542e+04
9.004750e+00	2.521330e+02	5.966444e-11	5.071211e-01	2.847889e+01	1.397985e+04
9.011857e+00	2.523320e+02	5.965084e-11	5.071125e-01	2.847544e+01	1.392532e+04
9.018964e+00	2.525310e+02	5.963890e-11	5.071038e-01	2.847197e+01	1.387193e+04
9.026071e+00	2.527300e+02	5.962925e-11	5.070952e-01	2.846850e+01	1.381949e+04
9.033179e+00	2.529290e+02	5.962217e-11	5.070865e-01	2.846503e+01	1.376727e+04
9.040286e+00	2.531280e+02	5.961813e-11	5.070779e-01	2.846155e+01	1.371414e+04
9.047393e+00	2.533270e+02	5.961700e-11	5.070692e-01	2.845808e+01	1.365892e+04
9.054500e+00	2.535260e+02	5.961942e-11	5.070606e-01	2.845461e+01	1.360079e+04
9.061607e+00	2.537250e+02	5.962530e-11	5.070519e-01	2.845115e+01	1.353936e+04
9.068714e+00	2.539240e+02	5.963490e-11	5.070433e-01	2.844770e+01	1.347462e+04
9.075821e+00	2.541230e+02	5.964838e-11	5.070346e-01	2.844426e+01	1.340667e+04
9.082929e+00	2.543220e+02	5.966574e-11	5.070260e-01	2.844083e+01	1.333577e+04
9.090036e+00	2.545210e+02	5.968642e-11	5.070173e-01	2.843741e+01	1.326236e+04
9.097143e+00	2.547200e+02	5.971140e-11	5.070087e-01	2.843399e+01	1.318703e+04
9.104250e+00	2.549190e+02	5.974006e-11	5.070000e-01	2.843058e+01	1.311032e+04
9.111357e+00	2.551180e+02	5.977219e-11	5.069913e-01	2.842718e+01	1.303238e+04
9.118464e+00	2.553170e+02	5.980787e-11	5.069826e-01	2.842380e+01	1.295296e+04
9.125571e+00	2.555160e+02	5.984697e-11	5.069739e-01	2.842042e+01	1.287169e+04
9.132679e+00	2.557150e+02	5.988921e-11	5.069652e-01	2.841704e+01	1.278835e+04
9.139786e+00	2.559140e+02	5.993393e-11	5.069565e-01	2.841366e+01	1.270306e+04
9.146893e+00	2.561130e+02	5.998127e-11	5.069478e-01	2.841028e+01	1.261635e+04
9.154000e+00	2.563120e+02	6.003099e-11	5.069390e-01	2.840690e+01	1.252915e+04
9.161107e+00	2.565110e+02	6.008244e-11	5.069303e-01	2.840352e+01	1.244265e+04
9.168214e+00	2.567100e+02	6.013555e-11	5.069215e-01	2.840015e+01	1.235797e+04
9.175321e+00	2.569090e+02	6.018985e-11	5.069127e-01	2.839681e+01	1.227581e+04
9.182429e+00	2.571080e+02	6.024460e-11	5.069040e-01	2.839349e+01	1.219633e+04
9.189536e+00	2.573070e+02	6.029967e-11	5.068952e-01	2.839020e+01	1.211921e+04
9.196643e+00	2.575060e+02	6.035480e-11	5.068865e-01	2.838694e+01	1.204425e+04
9.203750e+00	2.577050e+02	6.040938e-11	5.068777e-01	2.838372e+01	1.197183e+04
9.210857e+00	2.579040e+02	6.046317e-11	5.068690e-01	2.838052e+01	1.190268e+04
9.217964e+00	2.581030e+02	6.051528e-11	5.068602e-01	2.837733e+01	1.183694e+04
9.225071e+00	2.583020e+02	6.056582e-11	5.068515e-01	2.837413e+01	1.177356e+04
9.232179e+00	2.585010e+02	6.061417e-11	5.068427e-01	2.837092e+01	1.171076e+04
9.239286e+00	2.587000e+02	6.065992e-11	5.068340e-01	2.836770e+01	1.164751e+04
9.246393e+00	2.588990e+02	6.070314e-11	5.068253e-01	2.836447e+01	1.158444e+04
9.253500e+00	2.590980e+02	6.074314e-11	5.068165e-01	2.836123e+01	1.152351e+04
9.260607e+00	2.592970e+02	6.078015e-11	5.068078e-01	2.835801e+01	1.146677e+04
9.267714e+00	2.594960e+02	6.081343e-11	5.067990e-01	2.835481e+01	1.141520e+04
9.274821e+00	2.596950e+02	6.084335e-11	5.067903e-01	2.835165e+01	1.136843e+04
9.281929e+00	2.598940e+02	6.086897e-11	5.067816e-01	2.834851e+01	1.132525e+04
9.289036e+00	2.600930e+02	6.089085e-11	5.067729e-01	2.834539e+01	1.128440e+04
9.296143e+00	2.602920e+02	6.090946e-11	5.067641e-01	2.834229e+01	1.124508e+04
9.303250e+00	2.604910e+02	6.092392e-11	5.067554e-01	2.833918e+01	1.120704e+04
9.310357e+00	2.606900e+02	6.093460e-11	5.067466e-01	2.833606e+01	1.117034e+04
9.317464e+00	2.608890e+02	6.094198e-11	5.067379e-01	2.833292e+01	1.113522e+04
9.324571e+00	2.610880e+02	6.094591e-11	5.067291e-01	2.832976e+01	1.110195e+04
9.331679e+00	2.612870e+02	6.094662e-11	5.067203e-01	2.832660e+01	1.107076e+04
9.338786e+00	2.614860e+02	6.094435e-11	5.067116e-01	2.832343e+01	1.104169e+04
9.345893e+00	2.616850e+02	6.093973e-11	5.067028e-01	2.832027e+01	1.101462e+04
9.353000e+00	2.618840e+02	6.093279e-11	5.066940e-01	2.831711e+01	1.098937e+04
9.360107e+00	2.620830e+02	6.092365e-11	5.066853e-01	2.831396e+01	1.096586e+04
9.367214e+00	2.622820e+02	6.091352e-11	5.066765e-01	2.831081e+01	1.094412e+04
9.374321e+00	2.624810e+02	6.090165e-11	5.066678e-01	2.830766e+01	1.092411e+04
9.381429e+00	2.626800e+02	6.088920e-11	5.066590e-01	2.830449e+01	1.090556e+04
9.388536e+00	2.628790e+02	6.087644e-11	5.066502e-01	2.830131e+01	1.088797e+04
9.395643e+00	2.630780e+02	6.086307e-11	5.066414e-01	2.829813e+01	1.087071e+04
9.402750e+00	2.632770e+02	6.085042e-11	5.066326e-01	2.829494e+01	1.085323e+04
9.409857e+00	2.634760e+02	6.083848e-11	5.066238e-01	2.829174e+01	1.083510e+04
9.416964e+00	2.636750e+02	6.082762e-11	5.066150e-01	2.828855e+01	1.081605e+04
9.424071e+00	2.638740e+02	6.081838e-11	5.066062e-01	2.828536e+01	1.079596e+04
9.431179e+00	2.640730e+02	6.081070e-11	5.065974e-01	2.828217e+01	1.077488e+04
9.438286e+00	2.642720e+02	6.080495e-11	5.065886e-01	2.827899e+01	1.075294e+04
9.445393e+00	2.644710e+02	6.080164e-11	5.065798e-01	2.827582e+01	1.073034e+04
9.452500e+00	2.646700e+02	6.080091e-11	5.065709e-01	2.827266e+01	1.070731e+04
9.459607e+00	2.648690e+02	6.080274e-11	5.065621e-01	2.826952e+01	1.068401e+04
9.466714e+00	2.650680e+02	6.080755e-11	5.065532e-01	2.826638e+01	1.066039e+04
9.473821e+00	2.652670e+02	6.081505e-11	5.065443e-01	2.826324e+01	1.063632e+04
9.480929e+00	2.654660e+02	6.082578e-11	5.065354e-01	2.826009e+01	1.061175e+04
9.488036e+00	2.656650e+02	6.083975e-11	5.065265e-01	2.825693e+01	1.058685e+04
9.495143e+00	2.658640e+02	6.085667e-11	5.065176e-01	2.825377e+01	1.056177e+04
9.502250e+00	2.660630e+02	6.087714e-11	5.065086e-01	2.825061e+01	1.053643e+04
9.509357e+00	2.662620e+02	6.090042e-11	5.064997e-01	2.824744e+01	1.051046e+04
9.516464e+00	2.664610e+02	6.092665e-11	5.064907e-01	2.824427e+01	1.048329e+04
9.523571e+00	2.666600e+02	6.095573e-11	5.064817e-01	2.824110e+01	1.045423e+04
9.530679e+00	2.668590e+02	6.098784e-11	5.064727e-01	2.823792e+01	1.042267e+04
9.537786e+00	2.670580e+02	6.102212e-11	5.064637e-01	2.823472e+01	1.038846e+04
9.544893e+00	2.672570e+02	6.105900e-11	5.064547e-01	2.823152e+01	1.035209e+04
9.552000e+00	2.674560e+02	6.109796e-11	5.064457e-01	2.822832e+01	1.031450e+04
9.559107e+00	2.676550e+02	6.113838e-11	5.064367e-01	2.822513e+01	1.027640e+04
9.566214e+00	2.678540e+02	6.118072e-11	5.064277e-01	2.822196e+01	1.023791e+04
9.573321e+00	2.680530e+02	6.122388e-11	5.064186e-01	2.821881e+01	1.019875e+04
9.580429e+00	2.682520e+02	6.126833e-11	5.064096e-01	2.821568e+01	1.015894e+04
9.587536e+00	2.684510e+02	6.131311e-11	5.064006e-01	2.821257e+01	1.011908e+04
9.594643e+00	2.686500e+02	6.135784e-11	5.063915e-01	2.820946e+01	1.007984e+04
9.601750e+00	2.688490e+02	6.140289e-11	5.063824e-01	2.820635e+01	1.004094e+04
9.608857e+00	2.690480e+02	6.144745e-11	5.063733e-01	2.820322e+01	1.000090e+04
9.615964e+00	2.692470e+02	6.149076e-11	5.063642e-01	2.820007e+01	9.958164e+03
9.623071e+00	2.694460e+02	6.153331e-11	5.063551e-01	2.819690e+01	9.912648e+03
9.630179e+00	2.696450e+02	6.157433e-11	5.063460e-01	2.819372e+01	9.866120e+03
9.637286e+00	2.698440e+02	6.161369e-11	5.063368e-01	2.819054e+01	9.821143e+03
9.644393e+00	2.700430e+02	6.165137e-11	5.063277e-01	2.818738e+01	9.779594e+03
9.651500e+00	2.702420e+02	6.168627e-11	5.063186e-01	2.818425e+01	9.741953e+03
9.658607e+00	2.704410e+02	6.171908e-11	5.063095e-01	2.818115e+01	9.707598e+03
9.665714e+00	2.706400e+02	6.174928e-11	5.063004e-01	2.817807e+01	9.675549e+03
9.672821e+00	2.708390e+02	6.177677e-11	5.062912e-01	2.817501e+01	9.645072e+03
9.679929e+00	2.710380e+02	6.180133e-11	5.062821e-01	2.817194e+01	9.615898e+03
9.687036e+00	2.712370e+02	6.182317e-11	5.062729e-01	2.816886e+01	9.588135e+03
9.694143e+00	2.714360e+02	6.184213e-11	5.062637e-01	2.816576e+01	9.562029e+03
9.701250e+00	2.716350e+02	6.185788e-11	5.062545e-01	2.816264e+01	9.537718e+03
9.708357e+00	2.718340e+02	6.187102e-11	5.062453e-01	2.815951e+01	9.515170e+03
9.715464e+00	2.720330e+02	6.188148e-11	5.062361e-01	2.815637e+01	9.494271e+03
9.722571e+00	2.722320e+02	6.188897e-11	5.062269e-01	2.815324e+01	9.474902e+03
9.729679e+00	2.724310e+02	6.189424e-11	5.062177e-01	2.815011e+01	9.456959e+03
9.736786e+00	2.726300e+02	6.189724e-11	5.062085e-01	2.814700e+01	9.440370e+03
9.743893e+00	2.728290e+02	6.189787e-11	5.061992e-01	2.814391e+01	9.425174e+03
9.751000e+00	2.730280e+02	6.189701e-11	5.061900e-01	2.814082e+01	9.411569e+03
9.758107e+00	2.732270e+02	6.189428e-11	5.061807e-01	2.813774e+01	9.399821e+03
9.765214e+00	2.734260e+02	6.189069e-11	5.061714e-01	2.813465e+01	9.390045e+03
9.772321e+00	2.736250e+02	6.188587e-11	5.061621e-01	2.813155e+01	9.382028e+03
9.779429e+00	2.738240e+02	6.188030e-11	5.061528e-01	2.812844e+01	9.375312e+03
9.786536e+00	2.740230e+02	6.187428e-11	5.061435e-01	2.812531e+01	9.369379e+03
9.793643e+00	2.742220e+02	6.186839e-11	5.061341e-01	2.812217e+01	9.363818e+03
9.800750e+00	2.744210e+02	6.186262e-11	5.061248e-01	2.811903e+01	9.358401e+03
9.807857e+00	2.746200e+02	6.185753e-11	5.061154e-01	2.811589e+01	9.353055e+03
9.814964e+00	2.748190e+02	6.185298e-11	5.061060e-01	2.811274e+01	9.347772e+03
9.822071e+00	2.750180e+02	6.184953e-11	5.060966e-01	2.810960e+01	9.342550e+03
9.829179e+00	2.752170e+02	6.184802e-11	5.060872e-01	2.810647e+01	9.337390e+03
9.836286e+00	2.754160e+02	6.184775e-11	5.060778e-01	2.810334e+01	9.332358e+03
9.843393e+00	2.756150e+02	6.184977e-11	5.060684e-01	2.810021e+01	9.327595e+03
9.850500e+00	2.758140e+02	6.185352e-11	5.060589e-01	2.809709e+01	9.323212e+03
9.857607e+00	2.760130e+02	6.185982e-11	5.060495e-01	2.809397e+01	9.319118e+03
9.864714e+00	2.762120e+02	6.186845e-11	5.060400e-01	2.809085e+01	9.314933e+03
9.871821e+00	2.764110e+02	6.187963e-11	5.060305e-01	2.808771e+01	9.310122e+03
9.878929e+00	2.766100e+02	6.189358e-11	5.060211e-01	2.808457e+01	9.304251e+03
9.886036e+00	2.768090e+02	6.190987e-11	5.060116e-01	2.808141e+01	9.297113e+03
9.893143e+00	2.770080e+02	6.192919e-11	5.060021e-01	2.807824e+01	9.288601e+03
9.900250e+00	2.772070e+02	6.195107e-11	5.059926e-01	2.807507e+01	9.278489e+03
9.907357e+00	2.774060e+02	6.197544e-11	5.059831e-01	2.807190e+01	9.266377e+03
9.914464e+00	2.776050e+02	6.200267e-11	5.059736e-01	2.806874e+01	9.251838e+03
9.921571e+00	2.778040e+02	6.203265e-11	5.059640e-01	2.806558e+01	9.234690e+03
9.928679e+00	2.780030e+02	6.206471e-11	5.059545e-01	2.806243e+01	9.215102e+03
9.935786e+00	2.782020e+02	6.209901e-11	5.059450e-01	2.805929e+01	9.193521e+03
9.942893e+00	2.784010e+02	6.213570e-11	5.059355e-01	2.805616e+01	9.170436e+03
9.950000e+00	2.786000e+02	6.217385e-11	5.059260e-01	2.805304e+01	9.146175e+03
9.957107e+00	2.787990e+02	6.221404e-11	5.059165e-01	2.804994e+01	9.121026e+03
9.964214e+00	2.789980e+02	6.225531e-11	5.059069e-01	2.804685e+01	9.095527e+03
9.971321e+00	2.791970e+02	6.229804e-11	5.058974e-01	2.804377e+01	9.070503e+03
9.978429e+00	2.793960e+02	6.234129e-11	5.058879e-01	2.804070e+01	9.046582e+03
9.985536e+00	2.795950e+02	6.238516e-11	5.058783e-01	2.803762e+01	9.023619e+03
9.992643e+00	2.797940e+02	6.242939e-11	5.058688e-01	2.803453e+01	9.000730e+03
9.999750e+00	2.799930e+02	6.247344e-11	5.058592e-01	2.803141e+01	8.977145e+03
1.000686e+01	2.801920e+02	6.251766e-11	5.058497e-01	2.802828e+01	8.953141e+03
1.001396e+01	2.803910e+02	6.256093e-11	5.058401e-01	2.802515e+01	8.930089e+03
1.002107e+01	2.805900e+02	6.260341e-11	5.058306e-01	2.802202e+01	8.909540e+03
1.002818e+01	2.807890e+02	6.264449e-11	5.058211e-01	2.801892e+01	8.892238e+03
1.003529e+01	2.809880e+02	6.268463e-11	5.058116e-01	2.801585e+01	8.877884e+03
1.004239e+01	2.811870e+02	6.272271e-11	5.058020e-01	2.801282e+01	8.865573e+03
1.004950e+01	2.813860e+02	6.275879e-11	5.057925e-01	2.800982e+01	8.854441e+03
1.005661e+01	2.815850e+02	6.279302e-11	5.057830e-01	2.800684e+01	8.843900e+03
1.006371e+01	2.817840e+02	6.282508e-11	5.057735e-01	2.800386e+01	8.833583e+03
1.007082e+01	2.819830e+02	6.285407e-11	5.057639e-01	2.800087e+01	8.823252e+03
1.007793e+01	2.821820e+02	6.288104e-11	5.057544e-01	2.799787e+01	8.812658e+03
1.008504e+01	2.823810e+02	6.290509e-11	5.057448e-01	2.799485e+01	8.801539e+03
1.009214e+01	2.825800e+02	6.292603e-11	5.057353e-01	2.799182e+01	8.789720e+03
1.009925e+01	2.827790e+02	6.294449e-11	5.057258e-01	2.798878e+01	8.777218e+03
1.010636e+01	2.829780e+02	6.295991e-11	5.057162e-01	2.798573e+01	8.764301e+03
1.011346e+01	2.831770e+02	6.297266e-11	5.057067e-01	2.798269e+01	8.751428e+03
1.012057e+01	2.833760e+02	6.298257e-11	5.056972e-01	2.797966e+01	8.739124e+03
1.012768e+01	2.835750e+02	6.299001e-11	5.056877e-01	2.797665e+01	8.727886e+03
1.013479e+01	2.837740e+02	6.299454e-11	5.056782e-01	2.797365e+01	8.718133e+03
1.014189e+01	2.839730e+02	6.299714e-11	5.056687e-01	2.797066e+01	8.710127e+03
1.014900e+01	2.841720e+02	6.299703e-11	5.056592e-01	2.796768e+01	8.703918e+03
1.015611e+01	2.843710e+02	6.299482e-11	5.056496e-01	2.796470e+01	8.699335e+03
1.016321e+01	2.845700e+02	6.299111e-11	5.056401e-01	2.796171e+01	8.696061e+03
1.017032e+01	2.847690e+02	6.298519e-11	5.056306e-01	2.795871e+01	8.693712e+03
1.017743e+01	2.849680e+02	6.297812e-11	5.056211e-01	2.795571e+01	8.691904e+03
1.018454e+01	2.851670e+02	6.296953e-11	5.056115e-01	2.795270e+01	8.690277e+03
1.019164e+01	2.853660e+02	6.296006e-11	5.056020e-01	2.794970e+01	8.688516e+03
1.019875e+01	2.855650e+02	6.295007e-11	5.055924e-01	2.794670e+01	8.686349e+03
1.020586e+01	2.857640e+02	6.293917e-11	5.055829e-01	2.794371e+01	8.683607e+03
1.021296e+01	2.859630e+02	6.292827e-11	5.055733e-01	2.794072e+01	8.680240e+03
1.022007e+01	2.861620e+02	6.291755e-11	5.055638e-01	2.793774e+01	8.676273e+03
1.022718e+01	2.863610e+02	6.290658e-11	5.055542e-01	2.793475e+01	8.671714e+03
1.023429e+01	2.865600e+02	6.289666e-11	5.055446e-01	2.793177e+01	8.666465e+03
1.024139e+01	2.867590e+02	6.288695e-11	5.055351e-01	2.792880e+01	8.660295e+03
1.024850e+01	2.869580e+02	6.287840e-11	5.055255e-01	2.792582e+01	8.652914e+03
1.025561e+01	2.871570e+02	6.287088e-11	5.055159e-01	2.792284e+01	8.644098e+03
1.026271e+01	2.873560e+02	6.286480e-11	5.055063e-01	2.791986e+01	8.633804e+03
1.026982e+01	2.875550e+02	6.285997e-11	5.054967e-01	2.791688e+01	8.622197e+03
1.027693e+01	2.877540e+02	6.285666e-11	5.054871e-01	2.791389e+01	8.609600e+03
1.028404e+01	2.879530e+02	6.285463e-11	5.054775e-01	2.791089e+01	8.596405e+03
1.029114e+01	2.881520e+02	6.285468e-11	5.054679e-01	2.790788e+01	8.582961e+03
1.029825e+01	2.883510e+02	6.285646e-11	5.054583e-01	2.790486e+01	8.569453e+03
1.030536e+01	2.885500e+02	6.286013e-11	5.054486e-01	2.790184e+01	8.555843e+03
1.031246e+01	2.887490e+02	6.286534e-11	5.054390e-01	2.789882e+01	8.541980e+03
1.031957e+01	2.889480e+02	6.287261e-11	5.054294e-01	2.789580e+01	8.527826e+03
1.032668e+01	2.891470e+02	6.288114e-11	5.054198e-01	2.789279e+01	8.513650e+03
1.033379e+01	2.893460e+02	6.289168e-11	5.054102e-01	2.788978e+01	8.500034e+03
1.034089e+01	2.895450e+02	6.290380e-11	5.054006e-01	2.788677e+01	8.487672e+03
1.034800e+01	2.897440e+02	6.291725e-11	5.053910e-01	2.788377e+01	8.477067e+03
1.035511e+01	2.899430e+02	6.293199e-11	5.053813e-01	2.788078e+01	8.468270e+03
1.036221e+01	2.901420e+02	6.294778e-11	5.053717e-01	2.787780e+01	8.460798e+03
1.036932e+01	2.903410e+02	6.296485e-11	5.053621e-01	2.787483e+01	8.453797e+03
1.037643e+01	2.905400e+02	6.298262e-11	5.053525e-01	2.787188e+01	8.446329e+03
1.038354e+01	2.907390e+02	6.300134e-11	5.053429e-01	2.786894e+01	8.437653e+03
1.039064e+01	2.909380e+02	6.302028e-11	5.053332e-01	2.786601e+01	8.427402e+03
1.039775e+01	2.911370e+02	6.303949e-11	5.053236e-01	2.786309e+01	8.415648e+03
1.040486e+01	2.913360e+02	6.305881e-11	5.053140e-01	2.786017e+01	8.402829e+03
1.041196e+01	2.915350e+02	6.307819e-11	5.053044e-01	2.785724e+01	8.389548e+03
1.041907e+01	2.917340e+02	6.309706e-11	5.052947e-01	2.785431e+01	8.376315e+03
1.042618e+01	2.919330e+02	6.311508e-11	5.052851e-01	2.785139e+01	8.363359e+03
1.043329e+01	2.921320e+02	6.313275e-11	5.052755e-01	2.784847e+01	8.350661e+03
1.044039e+01	2.923310e+02	6.314926e-11	5.052659e-01	2.784557e+01	8.338169e+03
1.044750e+01	2.925300e+02	6.316473e-11	5.052564e-01	2.784268e+01	8.325996e+03
1.045461e+01	2.927290e+02	6.317860e-11	5.052468e-01	2.783979e+01	8.314500e+03
1.046171e+01	2.929280e+02	6.319114e-11	5.052372e-01	2.783690e+01	8.304182e+03
1.046882e+01	2.931270e+02	6.320214e-11	5.052276e-01	2.783402e+01	8.295499e+03
1.047593e+01	2.933260e+02	6.321118e-11	5.052180e-01	2.783112e+01	8.288706e+03
1.048304e+01	2.935250e+02	6.321852e-11	5.052084e-01	2.782823e+01	8.283837e+03
1.049014e+01	2.937240e+02	6.322401e-11	5.051988e-01	2.782533e+01	8.280753e+03
1.049725e+01	2.939230e+02	6.322720e-11	5.051891e-01	2.782243e+01	8.279203e+03
1.050436e+01	2.941220e+02	6.322871e-11	5.051795e-01	2.781954e+01	8.278908e+03
1.051146e+01	2.943210e+02	6.322820e-11	5.051699e-01	2.781666e+01	8.279617e+03
1.051857e+01	2.945200e+02	6.322559e-11	5.051603e-01	2.781379e+01	8.281165e+03
1.052568e+01	2.947190e+02	6.322129e-11	5.051508e-01	2.781094e+01	8.283519e+03
1.053279e+01	2.949180e+02	6.321505e-11	5.051412e-01	2.780809e+01	8.286769e+03
1.053989e+01	2.951170e+02	6.320689e-11	5.051316e-01	2.780526e+01	8.291043e+03
1.054700e+01	2.953160e+02	6.319700e-11	5.051220e-01	2.780243e+01	8.296421e+03
1.055411e+01	2.955150e+02	6.318626e-11	5.051124e-01	2.779960e+01	8.302881e+03
1.056121e+01	2.957140e+02	6.317332e-11	5.051029e-01	2.779676e+01	8.310279e+03
1.056832e+01	2.959130e+02	6.315941e-11	5.050933e-01	2.779392e+01	8.318354e+03
1.057543e+01	2.961120e+02	6.314440e-11	5.050837e-01	2.779106e+01	8.326733e+03
1.058254e+01	2.963110e+02	6.312862e-11	5.050741e-01	2.778820e+01	8.334968e+03
1.058964e+01	2.965100e+02	6.311202e-11	5.050646e-01	2.778533e+01	8.342616e+03
1.059675e+01	2.967090e+02	6.309502e-11	5.050550e-01	2.778245e+01	8.349336e+03
1.060386e+01	2.969080e+02	6.307749e-11	5.050455e-01	2.777957e+01	8.354958e+03
1.061096e+01	2.971070e+02	6.306014e-11	5.050359e-01	2.777668e+01	8.359457e+03
1.061807e+01	2.973060e+02	6.304281e-11	5.050264e-01	2.777379e+01	8.362881e+03
1.062518e+01	2.975050e+02	6.302570e-11	5.050168e-01	2.777090e+01	8.365288e+03
1.063229e+01	2.977040e+02	6.300901e-11	5.050073e-01	2.776800e+01	8.366749e+03
1.063939e+01	2.979030e+02	6.299307e-11	5.049977e-01	2.776510e+01	8.367404e+03
1.064650e+01	2.981020e+02	6.297745e-11	5.049882e-01	2.776220e+01	8.367507e+03
1.065361e+01	2.983010e+02	6.296330e-11	5.049787e-01	2.775930e+01	8.367484e+03
1.066071e+01	2.985000e+02	6.294955e-11	5.049692e-01	2.775640e+01	8.367819e+03
1.066782e+01	2.986990e+02	6.293757e-11	5.049596e-01	2.775351e+01	8.368954e+03
1.067493e+01	2.988980e+02	6.292666e-11	5.049501e-01	2.775063e+01	8.371190e+03
1.068204e+01	2.990970e+02	6.291674e-11	5.049406e-01	2.774775e+01	8.374572e+03
1.068914e+01	2.992960e+02	6.290832e-11	5.049311e-01	2.774488e+01	8.378893e+03
1.069625e+01	2.994950e+02	6.290116e-11	5.049216e-01	2.774201e+01	8.383781e+03
1.070336e+01	2.996940e+02	6.289570e-11	5.049122e-01	2.773915e+01	8.388792e+03
1.071046e+01	2.998930e+02	6.289120e-11	5.049027e-01	2.773629e+01	8.393519e+03
1.071757e+01	3.000920e+02	6.288816e-11	5.048933e-01	2.773343e+01	8.397651e+03
1.072468e+01	3.002910e+02	6.288652e-11	5.048838e-01	2.773057e+01	8.400994e+03
1.073179e+01	3.004900e+02	6.288595e-11	5.048744e-01	2.772771e+01	8.403468e+03
1.073889e+01	3.006890e+02	6.288632e-11	5.048650e-01	2.772486e+01	8.405106e+03
1.074600e+01	3.008880e+02	6.288815e-11	5.048556e-01	2.772201e+01	8.406014e+03
1.075311e+01	3.010870e+02	6.289050e-11	5.048462e-01	2.771917e+01	8.406334e+03
1.076021e+01	3.012860e+02	6.289344e-11	5.048368e-01	2.771632e+01	8.406214e+03
1.076732e+01	3.014850e+02	6.289745e-11	5.048275e-01	2.771348e+01	8.405797e+03
1.077443e+01	3.016840e+02	6.290132e-11	5.048181e-01	2.771064e+01	8.405241e+03
1.078154e+01	3.018830e+02	6.290563e-11	5.048088e-01	2.770781e+01	8.404723e+03
1.078864e+01	3.020820e+02	6.290980e-11	5.047994e-01	2.770498e+01	8.404456e+03
1.079575e+01	3.022810e+02	6.291397e-11	5.047901e-01	2.770215e+01	8.404666e+03
1.080286e+01	3.024800e+02	6.291767e-11	5.047807e-01	2.769933e+01	8.405569e+03
1.080996e+01	3.026790e+02	6.292076e-11	5.047714e-01	2.769652e+01	8.407342e+03
1.081707e+01	3.028780e+02	6.292309e-11	5.047621e-01	2.769371e+01	8.410117e+03
1.082418e+01	3.030770e+02	6.292441e-11	5.047528e-01	2.769091e+01	8.414001e+03
1.083129e+01	3.032760e+02	6.292456e-11	5.047436e-01	2.768811e+01	8.419107e+03
1.083839e+01	3.034750e+02	6.292337e-11	5.047343e-01	2.768531e+01	8.425590e+03
1.084550e+01	3.036740e+02	6.292059e-11	5.047251e-01	2.768252e+01	8.433630e+03
1.085261e+01	3.038730e+02	6.291615e-11	5.047158e-01	2.767974e+01	8.443358e+03
1.085971e+01	3.040720e+02	6.290959e-11	5.047066e-01	2.767696e+01	8.454745e+03
1.086682e+01	3.042710e+02	6.290134e-11	5.046974e-01	2.767418e+01	8.467517e+03
1.087393e+01	3.044700e+02	6.289080e-11	5.046882e-01	2.767141e+01	8.481143e+03
1.088104e+01	3.046690e+02	6.287779e-11	5.046790e-01	2.766863e+01	8.494878e+03
1.088814e+01	3.048680e+02	6.286257e-11	5.046698e-01	2.766586e+01	8.507961e+03
1.089525e+01	3.050670e+02	6.284515e-11	5.046606e-01	2.766308e+01	8.519781e+03
1.090236e+01	3.052660e+02	6.282490e-11	5.046514e-01	2.766030e+01	8.530027e+03
1.090946e+01	3.054650e+02	6.280226e-11	5.046422e-01	2.765753e+01	8.538769e+03
1.091657e+01	3.056640e+02	6.277706e-11	5.046330e-01	2.765475e+01	8.546382e+03
1.092368e+01	3.058630e+02	6.274980e-11	5.046238e-01	2.765198e+01	8.553387e+03
1.093079e+01	3.060620e+02	6.271947e-11	5.046146e-01	2.764920e+01	8.560266e+03
1.093789e+01	3.062610e+02	6.268734e-11	5.046055e-01	2.764643e+01	8.567321e+03
1.094500e+01	3.064600e+02	6.265262e-11	5.045963e-01	2.764366e+01	8.574641e+03
1.095211e+01	3.066590e+02	6.261580e-11	5.045871e-01	2.764088e+01	8.582142e+03
1.095921e+01	3.068580e+02	6.257699e-11	5.045780e-01	2.763809e+01	8.589704e+03
1.096632e+01	3.070570e+02	6.253644e-11	5.045688e-01	2.763531e+01	8.597247e+03
1.097343e+01	3.072560e+02	6.249378e-11	5.045597e-01	2.763251e+01	8.604746e+03
1.098054e+01	3.074550e+02	6.244991e-11	5.045506e-01	2.762972e+01	8.612192e+03
1.098764e+01	3.076540e+02	6.240451e-11	5.045415e-01	2.762693e+01	8.619559e+03
1.099475e+01	3.078530e+02	6.235840e-11	5.045324e-01	2.762414e+01	8.626761e+03
1.100186e+01	3.080520e+02	6.231084e-11	5.045233e-01	2.762135e+01	8.633686e+03
1.100896e+01	3.082510e+02	6.226264e-11	5.045142e-01	2.761857e+01	8.640278e+03
1.101607e+01	3.084500e+02	6.221379e-11	5.045051e-01	2.761578e+01	8.646585e+03
1.102318e+01	3.086490e+02	6.216467e-11	5.044961e-01	2.761299e+01	8.652740e+03
1.103029e+01	3.088480e+02	6.211549e-11	5.044870e-01	2.761021e+01	8.658876e+03
1.103739e+01	3.090470e+02	6.206609e-11	5.044779e-01	2.760742e+01	8.664988e+03
1.104450e+01	3.092460e+02	6.201750e-11	5.044689e-01	2.760464e+01	8.670835e+03
1.105161e+01	3.094450e+02	6.196893e-11	5.044598e-01	2.760186e+01	8.675991e+03
1.105871e+01	3.096440e+02	6.192119e-11	5.044508e-01	2.759909e+01	8.680007e+03
1.106582e+01	3.098430e+02	6.187423e-11	5.044417e-01	2.759633e+01	8.682634e+03
1.107293e+01	3.100420e+02	6.182819e-11	5.044327e-01	2.759358e+01	8.683933e+03
1.108004e+01	3.102410e+02	6.178330e-11	5.044236e-01	2.759083e+01	8.684265e+03
1.108714e+01	3.104400e+02	6.173970e-11	5.044146e-01	2.758810e+01	8.684116e+03
1.109425e+01	3.106390e+02	6.169755e-11	5.044056e-01	2.758537e+01	8.683947e+03
1.110136e+01	3.108380e+02	6.165664e-11	5.043965e-01	2.758263e+01	8.684134e+03
1.110846e+01	3.110370e+02	6.161729e-11	5.043875e-01	2.757990e+01	8.685054e+03
1.111557e+01	3.112360e+02	6.157979e-11	5.043785e-01	2.757716e+01	8.687178e+03
1.112268e+01	3.114350e+02	6.154355e-11	5.043695e-01	2.757441e+01	8.690986e+03
1.112979e+01	3.116340e+02	6.150919e-11	5.043605e-01	2.757166e+01	8.696707e+03
1.113689e+01	3.118330e+02	6.147597e-11	5.043515e-01	2.756890e+01	8.704063e+03
1.114400e+01	3.120320e+02	6.144477e-11	5.043425e-01	2.756615e+01	8.712303e+03
1.115111e+01	3.122310e+02	6.141521e-11	5.043335e-01	2.756341e+01	8.720579e+03
1.115821e+01	3.124300e+02	6.138680e-11	5.043245e-01	2.756067e+01	8.728453e+03
1.116532e+01	3.126290e+02	6.135994e-11	5.043155e-01	2.755795e+01	8.736215e+03
1.117243e+01	3.128280e+02	6.133437e-11	5.043065e-01	2.755525e+01	8.744663e+03
1.117954e+01	3.130270e+02	6.131003e-11	5.042976e-01	2.755255e+01	8.754616e+03
1.118664e+01	3.132260e+02	6.128690e-11	5.042886e-01	2.754986e+01	8.766443e+03
1.119375e+01	3.134250e+02	6.126434e-11	5.042797e-01	2.754717e+01	8.779936e+03
1.120086e+01	3.136240e+02	6.124289e-11	5.042707e-01	2.754448e+01	8.794534e+03
1.120796e+01	3.138230e+02	6.122168e-11	5.042618e-01	2.754179e+01	8.809664e+03
1.121507e+01	3.140220e+02	6.120118e-11	5.042528e-01	2.753909e+01	8.824938e+03
1.122218e+01	3.142210e+02	6.118102e-11	5.042439e-01	2.753639e+01	8.840157e+03
1.122929e+01	3.144200e+02	6.116091e-11	5.042350e-01	2.753369e+01	8.855275e+03
1.123639e+01	3.146190e+02	6.114039e-11	5.042261e-01	2.753100e+01	8.870349e+03
1.124350e+01	3.148180e+02	6.111988e-11	5.042172e-01	2.752833e+01	8.885428e+03
1.125061e+01	3.150170e+02	6.109901e-11	5.042083e-01	2.752567e+01	8.900366e+03
1.125771e+01	3.152160e+02	6.107746e-11	5.041995e-01	2.752302e+01	8.914697e+03
1.126482e+01	3.154150e+02	6.105535e-11	5.041906e-01	2.752037e+01	8.927863e+03
1.127193e+01	3.156140e+02	6.103208e-11	5.041818e-01	2.751773e+01	8.939634e+03
1.127904e+01	3.158130e+02	6.100781e-11	5.041730e-01	2.751508e+01	8.950356e+03
1.128614e+01	3.160120e+02	6.098249e-11	5.041641e-01	2.751242e+01	8.960731e+03
1.129325e+01	3.162110e+02	6.095548e-11	5.041553e-01	2.750976e+01	8.971213e+03
1.130036e+01	3.164100e+02	6.092738e-11	5.041465e-01	2.750710e+01	8.981634e+03
1.130746e+01	3.166090e+02	6.089803e-11	5.041378e-01	2.750444e+01	8.991520e+03
1.131457e+01	3.168080e+02	6.086709e-11	5.041290e-01	2.750180e+01	9.000837e+03
1.132168e+01	3.170070e+02	6.083462e-11	5.041202e-01	2.749917e+01	9.010510e+03
1.132879e+01	3.172060e+02	6.080047e-11	5.041115e-01	2.749657e+01	9.022172e+03
1.133589e+01	3.174050e+02	6.076500e-11	5.041027e-01	2.749398e+01	9.037332e+03
1.134300e+01	3.176040e+02	6.072790e-11	5.040940e-01	2.749140e+01	9.056550e+03
1.135011e+01	3.178030e+02	6.068917e-11	5.040853e-01	2.748883e+01	9.079244e+03
1.135721e+01	3.180020e+02	6.064906e-11	5.040766e-01	2.748626e+01	9.104113e+03
1.136432e+01	3.182010e+02	6.060772e-11	5.040679e-01	2.748368e+01	9.129752e+03
1.137143e+01	3.184000e+02	6.056504e-11	5.040592e-01	2.748109e+01	9.155100e+03
1.137854e+01	3.185990e+02	6.052130e-11	5.040505e-01	2.747850e+01	9.179623e+03
1.138564e+01	3.187980e+02	6.047637e-11	5.040418e-01	2.747590e+01	9.203227e+03
1.139275e+01	3.189970e+02	6.043043e-11	5.040332e-01	2.747329e+01	9.226126e+03
1.139986e+01	3.191960e+02	6.038417e-11	5.040245e-01	2.747068e+01	9.248715e+03
1.140696e+01	3.193950e+02	6.033715e-11	5.040159e-01	2.746807e+01	9.271440e+03
1.141407e+01	3.195940e+02	6.028969e-11	5.040073e-01	2.746547e+01	9.294695e+03
1.142118e+01	3.197930e+02	6.024215e-11	5.039986e-01	2.746287e+01	9.318791e+03
1.142829e+01	3.199920e+02	6.019449e-11	5.039901e-01	2.746028e+01	9.343958e+03
1.143539e+01	3.201910e+02	6.014686e-11	5.039815e-01	2.745770e+01	9.370290e+03
1.144250e+01	3.203900e+02	6.009959e-11	5.039729e-01	2.745513e+01	9.397857e+03
1.144961e+01	3.205890e+02	6.005295e-11	5.039643e-01	2.745256e+01	9.426628e+03
1.145671e+01	3.207880e+02	6.000679e-11	5.039558e-01	2.744999e+01	9.456505e+03
1.146382e+01	3.209870e+02	5.996171e-11	5.039472e-01	2.744742e+01	9.487368e+03
1.147093e+01	3.211860e+02	5.991734e-11	5.039387e-01	2.744486e+01	9.519050e+03
1.147804e+01	3.213850e+02	5.987405e-11	5.039302e-01	2.744229e+01	9.551313e+03
1.148514e+01	3.215840e+02	5.983212e-11	5.039217e-01	2.743972e+01	9.583746e+03
1.149225e+01	3.217830e+02	5.979172e-11	5.039131e-01	2.743715e+01	9.615743e+03
1.149936e+01	3.219820e+02	5.975268e-11	5.039046e-01	2.743458e+01	9.646578e+03
1.150646e+01	3.221810e+02	5.971539e-11	5.038961e-01	2.743202e+01	9.675570e+03
1.151357e+01	3.223800e+02	5.967953e-11	5.038877e-01	2.742946e+01	9.702303e+03
1.152068e+01	3.225790e+02	5.964551e-11	5.038792e-01	2.742690e+01	9.726788e+03
1.152779e+01	3.227780e+02	5.961311e-11	5.038707e-01	2.742436e+01	9.749481e+03
1.153489e+01	3.229770e+02	5.958282e-11	5.038623e-01	2.742182e+01	9.771161e+03
1.154200e+01	3.231760e+02	5.955370e-11	5.038538e-01	2.741928e+01	9.792729e+03
1.154911e+01	3.233750e+02	5.952690e-11	5.038454e-01	2.741675e+01	9.814993e+03
1.155621e+01	3.235740e+02	5.950164e-11	5.038370e-01	2.741423e+01	9.838509e+03
1.156332e+01	3.237730e+02	5.947800e-11	5.038286e-01	2.741170e+01	9.863588e+03
1.157043e+01	3.239720e+02	5.945604e-11	5.038202e-01	2.740918e+01	9.890238e+03
1.157754e+01	3.241710e+02	5.943554e-11	5.038118e-01	2.740665e+01	9.918252e+03
1.158464e+01	3.243700e+02	5.941656e-11	5.038035e-01	2.740413e+01	9.947238e+03
1.159175e+01	3.245690e+02	5.939854e-11	5.037951e-01	2.740160e+01	9.976693e+03
1.159886e+01	3.247680e+02	5.938199e-11	5.037868e-01	2.739908e+01	1.000609e+04
1.160596e+01	3.249670e+02	5.936636e-11	5.037785e-01	2.739656e+01	1.003493e+04
1.161307e+01	3.251660e+02	5.935153e-11	5.037701e-01	2.739405e+01	1.006289e+04
1.162018e+01	3.253650e+02	5.933764e-11	5.037618e-01	2.739155e+01	1.008979e+04
1.162729e+01	3.255640e+02	5.932453e-11	5.037536e-01	2.738907e+01	1.011563e+04
1.163439e+01	3.257630e+02	5.931145e-11	5.037453e-01	2.738659e+01	1.014061e+04
1.164150e+01	3.259620e+02	5.929879e-11	5.037370e-01	2.738412e+01	1.016505e+04
1.164861e+01	3.261610e+02	5.928610e-11	5.037288e-01	2.738166e+01	1.018934e+04
1.165571e+01	3.263600e+02	5.927343e-11	5.037205e-01	2.737921e+01	1.021389e+04
1.166282e+01	3.265590e+02	5.926060e-11	5.037123e-01	2.737677e+01	1.023905e+04
1.166993e+01	3.267580e+02	5.924698e-11	5.037040e-01	2.737432e+01	1.026506e+04
1.167704e+01	3.269570e+02	5.923309e-11	5.036958e-01	2.737188e+01	1.029205e+04
1.168414e+01	3.271560e+02	5.921822e-11	5.036876e-01	2.736944e+01	1.032007e+04
1.169125e+01	3.273550e+02	5.920261e-11	5.036794e-01	2.736700e+01	1.034913e+04
1.169836e+01	3.275540e+02	5.918605e-11	5.036712e-01	2.736456e+01	1.037927e+04
1.170546e+01	3.277530e+02	5.916809e-11	5.036631e-01	2.736213e+01	1.041061e+04
1.171257e+01	3.279520e+02	5.914898e-11	5.036549e-01	2.735971e+01	1.044335e+04
1.171968e+01	3.281510e+02	5.912872e-11	5.036468e-01	2.735730e+01	1.047772e+04
1.172679e+01	3.283500e+02	5.910665e-11	5.036386e-01	2.735490e+01	1.051390e+04
1.173389e+01	3.285490e+02	5.908347e-11	5.036305e-01	2.735252e+01	1.055190e+04
1.174100e+01	3.287480e+02	5.905860e-11	5.036224e-01	2.735016e+01	1.059147e+04
1.174811e+01	3.289470e+02	5.903224e-11	5.036143e-01	2.734781e+01	1.063219e+04
1.175521e+01	3.291460e+02	5.900434e-11	5.036061e-01	2.734548e+01	1.067357e+04
1.176232e+01	3.293450e+02	5.897471e-11	5.035980e-01	2.734316e+01	1.071526e+04
1.176943e+01	3.295440e+02	5.894401e-11	5.035899e-01	2.734085e+01	1.075716e+04
1.177654e+01	3.297430e+02	5.891171e-11	5.035819e-01	2.733854e+01	1.079948e+04
1.178364e+01	3.299420e+02	5.887796e-11	5.035738e-01	2.733623e+01	1.084271e+04
1.179075e+01	3.301410e+02	5.884284e-11	5.035657e-01	2.733392e+01	1.088741e+04
1.179786e+01	3.303400e+02	5.880665e-11	5.035576e-01	2.733161e+01	1.093402e+04
1.180496e+01	3.305390e+02	5.876986e-11	5.035495e-01	2.732929e+01	1.098274e+04
1.181207e+01	3.307380e+02	5.873159e-11	5.035414e-01	2.732696e+01	1.103347e+04
1.181918e+01	3.309370e+02	5.869265e-11	5.035334e-01	2.732463e+01	1.108585e+04
1.182629e+01	3.311360e+02	5.865323e-11	5.035253e-01	2.732228e+01	1.113938e+04
1.183339e+01	3.313350e+02	5.861358e-11	5.035172e-01	2.731993e+01	1.119354e+04
1.184050e+01	3.315340e+02	5.857366e-11	5.035092e-01	2.731757e+01	1.124784e+04
1.184761e+01	3.317330e+02	5.853350e-11	5.035011e-01	2.731520e+01	1.130184e+04
1.185471e+01	3.319320e+02	5.849362e-11	5.034930e-01	2.731282e+01	1.135517e+04
1.186182e+01	3.321310e+02	5.845403e-11	5.034850e-01	2.731045e+01	1.140748e+04
1.186893e+01	3.323300e+02	5.841502e-11	5.034769e-01	2.730807e+01	1.145849e+04
1.187604e+01	3.325290e+02	5.837655e-11	5.034689e-01	2.730569e+01	1.150806e+04
1.188314e+01	3.327280e+02	5.833906e-11	5.034609e-01	2.730331e+01	1.155626e+04
1.189025e+01	3.329270e+02	5.830279e-11	5.034528e-01	2.730093e+01	1.160346e+04
1.189736e+01	3.331260e+02	5.826746e-11	5.034448e-01	2.729855e+01	1.165031e+04
1.190446e+01	3.333250e+02	5.823380e-11	5.034368e-01	2.729618e+01	1.169767e+04
1.191157e+01	3.335240e+02	5.820181e-11	5.034287e-01	2.729382e+01	1.174641e+04
1.191868e+01	3.337230e+02	5.817094e-11	5.034207e-01	2.729146e+01	1.179734e+04
1.192579e+01	3.339220e+02	5.814224e-11	5.034127e-01	2.728911e+01	1.185104e+04
1.193289e+01	3.341210e+02	5.811546e-11	5.034047e-01	2.728678e+01	1.190774e+04
1.194000e+01	3.343200e+02	5.809055e-11	5.033966e-01	2.728445e+01	1.196730e+04
1.194711e+01	3.345190e+02	5.806782e-11	5.033886e-01	2.728213e+01	1.202925e+04
1.195421e+01	3.347180e+02	5.804717e-11	5.033806e-01	2.727983e+01	1.209285e+04
1.196132e+01	3.349170e+02	5.802848e-11	5.033726e-01	2.727753e+01	1.215732e+04
1.196843e+01	3.351160e+02	5.801213e-11	5.033646e-01	2.727525e+01	1.222196e+04
1.197554e+01	3.353150e+02	5.799805e-11	5.033566e-01	2.727297e+01	1.228637e+04
1.198264e+01	3.355140e+02	5.798592e-11	5.033486e-01	2.727070e+01	1.235058e+04
1.198975e+01	3.357130e+02	5.797586e-11	5.033406e-01	2.726844e+01	1.241501e+04
1.199686e+01	3.359120e+02	5.796797e-11	5.033326e-01	2.726618e+01	1.248036e+04
1.200396e+01	3.361110e+02	5.796206e-11	5.033246e-01	2.726393e+01	1.254730e+04
1.201107e+01	3.363100e+02	5.795810e-11	5.033166e-01	2.726168e+01	1.261634e+04
1.201818e+01	3.365090e+02	5.795581e-11	5.033086e-01	2.725943e+01	1.268758e+04
1.202529e+01	3.367080e+02	5.795535e-11	5.033006e-01	2.725719e+01	1.276069e+04
1.203239e+01	3.369070e+02	5.795644e-11	5.032926e-01	2.725496e+01	1.283510e+04
1.203950e+01	3.371060e+02	5.795867e-11	5.032846e-01	2.725273e+01	1.291017e+04
1.204661e+01	3.373050e+02	5.796249e-11	5.032766e-01	2.725052e+01	1.298545e+04
1.205371e+01	3.375040e+02	5.796750e-11	5.032686e-01	2.724831e+01	1.306078e+04
1.206082e+01	3.377030e+02	5.797331e-11	5.032606e-01	2.724612e+01	1.313633e+04
1.206793e+01	3.379020e+02	5.797989e-11	5.032526e-01	2.724394e+01	1.321234e+04
1.207504e+01	3.381010e+02	5.798707e-11	5.032446e-01	2.724176e+01	1.328895e+04
1.208214e+01	3.383000e+02	5.799452e-11	5.032366e-01	2.723960e+01	1.336599e+04
1.208925e+01	3.384990e+02	5.800237e-11	5.032286e-01	2.723744e+01	1.344303e+04
1.209636e+01	3.386980e+02	5.801039e-11	5.032206e-01	2.723528e+01	1.351956e+04
1.210346e+01	3.388970e+02	5.801842e-11	5.032126e-01	2.723312e+01	1.359527e+04
1.211057e+01	3.390960e+02	5.802594e-11	5.032046e-01	2.723096e+01	1.367028e+04
1.211768e+01	3.392950e+02	5.803324e-11	5.031966e-01	2.722881e+01	1.374515e+04
1.212479e+01	3.394940e+02	5.803935e-11	5.031886e-01	2.722666e+01	1.382071e+04
1.213189e+01	3.396930e+02	5.804517e-11	5.031806e-01	2.722452e+01	1.389782e+04
1.213900e+01	3.398920e+02	5.805019e-11	5.031726e-01	2.722239e+01	1.397714e+04
1.214611e+01	3.400910e+02	5.805398e-11	5.031646e-01	2.722029e+01	1.405908e+04
1.215321e+01	3.402900e+02	5.805700e-11	5.031567e-01	2.721820e+01	1.414392e+04
1.216032e+01	3.404890e+02	5.805830e-11	5.031487e-01	2.721614e+01	1.423196e+04
1.216743e+01	3.406880e+02	5.805873e-11	5.031407e-01	2.721410e+01	1.432364e+04
1.217454e+01	3.408870e+02	5.805747e-11	5.031327e-01	2.721208e+01	1.441950e+04
1.218164e+01	3.410860e+02	5.805482e-11	5.031248e-01	2.721008e+01	1.452004e+04
1.218875e+01	3.412850e+02	5.805095e-11	5.031168e-01	2.720809e+01	1.462561e+04
1.219586e+01	3.414840e+02	5.804572e-11	5.031088e-01	2.720612e+01	1.473628e+04
1.220296e+01	3.416830e+02	5.803845e-11	5.031009e-01	2.720415e+01	1.485192e+04
1.221007e+01	3.418820e+02	5.803032e-11	5.030929e-01	2.720220e+01	1.497216e+04
1.221718e+01	3.420810e+02	5.802069e-11	5.030849e-01	2.720024e+01	1.509657e+04
1.222429e+01	3.422800e+02	5.800970e-11	5.030769e-01	2.719829e+01	1.522471e+04
1.223139e+01	3.424790e+02	5.799727e-11	5.030690e-01	2.719634e+01	1.535610e+04
1.223850e+01	3.426780e+02	5.798368e-11	5.030610e-01	2.719440e+01	1.549030e+04
1.224561e+01	3.428770e+02	5.796912e-11	5.030530e-01	2.719246e+01	1.562688e+04
1.225271e+01	3.430760e+02	5.795343e-11	5.030450e-01	2.719054e+01	1.576542e+04
1.225982e+01	3.432750e+02	5.793692e-11	5.030370e-01	2.718863e+01	1.590553e+04
1.226693e+01	3.434740e+02	5.791954e-11	5.030290e-01	2.718674e+01	1.604682e+04
1.227404e+01	3.436730e+02	5.790167e-11	5.030209e-01	2.718486e+01	1.618886e+04
1.228114e+01	3.438720e+02	5.788351e-11	5.030129e-01	2.718301e+01	1.633117e+04
1.228825e+01	3.440710e+02	5.786479e-11	5.030049e-01	2.718117e+01	1.647314e+04
1.229536e+01	3.442700e+02	5.784583e-11	5.029969e-01	2.717935e+01	1.661408e+04
1.230246e+01	3.444690e+02	5.782716e-11	5.029888e-01	2.717754e+01	1.675329e+04
1.230957e+01	3.446680e+02	5.780838e-11	5.029808e-01	2.717575e+01	1.689041e+04
1.231668e+01	3.448670e+02	5.779002e-11	5.029727e-01	2.717397e+01	1.702553e+04
1.232379e+01	3.450660e+02	5.777218e-11	5.029647e-01	2.717219e+01	1.715922e+04
1.233089e+01	3.452650e+02	5.775469e-11	5.029566e-01	2.717043e+01	1.729224e+04
1.233800e+01	3.454640e+02	5.773772e-11	5.029486e-01	2.716866e+01	1.742526e+04
1.234511e+01	3.456630e+02	5.772196e-11	5.029405e-01	2.716691e+01	1.755854e+04
1.235221e+01	3.458620e+02	5.770662e-11	5.029324e-01	2.716516e+01	1.769197e+04
1.235932e+01	3.460610e+02	5.769263e-11	5.029244e-01	2.716342e+01	1.782518e+04
1.236643e+01	3.462600e+02	5.767959e-11	5.029163e-01	2.716169e+01	1.795789e+04
1.237354e+01	3.464590e+02	5.766784e-11	5.029083e-01	2.715996e+01	1.809007e+04
1.238064e+01	3.466580e+02	5.765704e-11	5.029002e-01	2.715824e+01	1.822203e+04
1.238775e+01	3.468570e+02	5.764785e-11	5.028921e-01	2.715653e+01	1.835409e+04
1.239486e+01	3.470560e+02	5.763975e-11	5.028840e-01	2.715483e+01	1.848643e+04
1.240196e+01	3.472550e+02	5.763300e-11	5.028760e-01	2.715315e+01	1.861880e+04
1.240907e+01	3.474540e+02	5.762734e-11	5.028679e-01	2.715148e+01	1.875056e+04
1.241618e+01	3.476530e+02	5.762328e-11	5.028598e-01	2.714982e+01	1.888083e+04
1.242329e+01	3.478520e+02	5.762076e-11	5.028517e-01	2.714818e+01	1.900891e+04
1.243039e+01	3.480510e+02	5.761918e-11	5.028436e-01	2.714655e+01	1.913470e+04
1.243750e+01	3.482500e+02	5.761858e-11	5.028355e-01	2.714493e+01	1.925890e+04
1.244461e+01	3.484490e+02	5.761915e-11	5.028273e-01	2.714332e+01	1.938284e+04
1.245171e+01	3.486480e+02	5.762120e-11	5.028192e-01	2.714172e+01	1.950813e+04
1.245882e+01	3.488470e+02	5.762383e-11	5.028111e-01	2.714014e+01	1.963622e+04
1.246593e+01	3.490460e+02	5.762731e-11	5.028030e-01	2.713858e+01	1.976801e+04
1.247304e+01	3.492450e+02	5.763144e-11	5.027948e-01	2.713704e+01	1.990382e+04
1.248014e+01	3.494440e+02	5.763629e-11	5.027867e-01	2.713551e+01	2.004370e+04
1.248725e+01	3.496430e+02	5.764165e-11	5.027786e-01	2.713401e+01	2.018767e+04
1.249436e+01	3.498420e+02	5.764750e-11	5.027704e-01	2.713252e+01	2.033587e+04
1.250146e+01	3.500410e+02	5.765332e-11	5.027622e-01	2.713106e+01	2.048832e+04
1.250857e+01	3.502400e+02	5.765972e-11	5.027540e-01	2.712962e+01	2.064449e+04
1.251568e+01	3.504390e+02	5.766547e-11	5.027459e-01	2.712821e+01	2.080314e+04
1.252279e+01	3.506380e+02	5.767124e-11	5.027377e-01	2.712681e+01	2.096247e+04
1.252989e+01	3.508370e+02	5.767684e-11	5.027294e-01	2.712543e+01	2.112055e+04
1.253700e+01	3.510360e+02	5.768189e-11	5.027212e-01	2.712407e+01	2.127588e+04
1.254411e+01	3.512350e+02	5.768627e-11	5.027130e-01	2.712272e+01	2.142745e+04
1.255121e+01	3.514340e+02	5.768977e-11	5.027048e-01	2.712139e+01	2.157460e+04
1.255832e+01	3.516330e+02	5.769261e-11	5.026965e-01	2.712007e+01	2.171698e+04
1.256543e+01	3.518320e+02	5.769478e-11	5.026883e-01	2.711877e+01	2.185456e+04
1.257254e+01	3.520310e+02	5.769565e-11	5.026801e-01	2.711748e+01	2.198807e+04
1.257964e+01	3.522300e+02	5.769520e-11	5.026718e-01	2.711621e+01	2.211913e+04
1.258675e+01	3.524290e+02	5.769375e-11	5.026636e-01	2.711495e+01	2.225007e+04
1.259386e+01	3.526280e+02	5.769072e-11	5.026553e-01	2.711371e+01	2.238314e+04
1.260096e+01	3.528270e+02	5.768648e-11	5.026471e-01	2.711250e+01	2.251989e+04
1.260807e+01	3.530260e+02	5.768082e-11	5.026388e-01	2.711130e+01	2.266091e+04
1.261518e+01	3.532250e+02	5.767384e-11	5.026305e-01	2.711013e+01	2.280597e+04
1.262229e+01	3.534240e+02	5.766524e-11	5.026222e-01	2.710897e+01	2.295440e+04
1.262939e+01	3.536230e+02	5.765545e-11	5.026140e-01	2.710784e+01	2.310520e+04
1.263650e+01	3.538220e+02	5.764392e-11	5.026057e-01	2.710672e+01	2.325710e+04
1.264361e+01	3.540210e+02	5.763131e-11	5.025974e-01	2.710562e+01	2.340862e+04
1.265071e+01	3.542200e+02	5.761734e-11	5.025891e-01	2.710454e+01	2.355824e+04
1.265782e+01	3.544190e+02	5.760195e-11	5.025808e-01	2.710347e+01	2.370468e+04
1.266493e+01	3.546180e+02	5.758558e-11	5.025725e-01	2.710242e+01	2.384716e+04
1.267204e+01	3.548170e+02	5.756770e-11	5.025642e-01	2.710139e+01	2.398549e+04
1.267914e+01	3.550160e+02	5.754936e-11	5.025558e-01	2.710037e+01	2.412015e+04
1.268625e+01	3.552150e+02	5.752979e-11	5.025475e-01	2.709937e+01	2.425220e+04
1.269336e+01	3.554140e+02	5.750950e-11	5.025392e-01	2.709838e+01	2.438303e+04
1.270046e+01	3.556130e+02	5.748856e-11	5.025308e-01	2.709740e+01	2.451381e+04
1.270757e+01	3.558120e+02	5.746713e-11	5.025225e-01	2.709643e+01	2.464482e+04
1.271468e+01	3.560110e+02	5.744551e-11	5.025141e-01	2.709546e+01	2.477507e+04
1.272179e+01	3.562100e+02	5.742348e-11	5.025058e-01	2.709449e+01	2.490237e+04
1.272889e+01	3.564090e+02	5.740112e-11	5.024974e-01	2.709350e+01	2.502383e+04
1.273600e+01	3.566080e+02	5.737909e-11	5.024891e-01	2.709248e+01	2.513669e+04
1.274311e+01	3.568070e+02	5.735722e-11	5.024807e-01	2.709143e+01	2.523920e+04
1.275021e+01	3.570060e+02	5.733543e-11	5.024723e-01	2.709033e+01	2.533096e+04
1.275732e+01	3.572050e+02	5.731466e-11	5.024640e-01	2.708918e+01	2.541282e+04
1.276443e+01	3.574040e+02	5.729404e-11	5.024556e-01	2.708798e+01	2.548602e+04
1.277154e+01	3.576030e+02	5.727430e-11	5.024472e-01	2.708672e+01	2.555123e+04
1.277864e+01	3.578020e+02	5.725538e-11	5.024389e-01	2.708539e+01	2.560766e+04
1.278575e+01	3.580010e+02	5.723737e-11	5.024305e-01	2.708400e+01	2.565306e+04
1.279286e+01	3.582000e+02	5.722035e-11	5.024221e-01	2.708255e+01	2.568415e+04
1.279996e+01	3.583990e+02	5.720466e-11	5.024137e-01	2.708102e+01	2.569785e+04
1.280707e+01	3.585980e+02	5.719006e-11	5.024054e-01	2.707943e+01	2.569271e+04
1.281418e+01	3.587970e+02	5.717663e-11	5.023970e-01	2.707778e+01	2.566983e+04
1.282129e+01	3.589960e+02	5.716467e-11	5.023887e-01	2.707607e+01	2.563278e+04
1.282839e+01	3.591950e+02	5.715426e-11	5.023803e-01	2.707432e+01	2.558689e+04
1.283550e+01	3.593940e+02	5.714490e-11	5.023720e-01	2.707253e+01	2.553793e+04
1.284261e+01	3.595930e+02	5.713729e-11	5.023636e-01	2.707070e+01	2.549046e+04
1.284971e+01	3.597920e+02	5.713096e-11	5.023553e-01	2.706884e+01	2.544717e+04
1.285682e+01	3.599910e+02	5.712599e-11	5.023470e-01	2.706693e+01	2.540907e+04
1.286393e+01	3.601900e+02	5.712274e-11	5.023386e-01	2.706499e+01	2.537624e+04
1.287104e+01	3.603890e+02	5.712044e-11	5.023303e-01	2.706300e+01	2.534890e+04
1.287814e+01	3.605880e+02	5.711948e-11	5.023220e-01	2.706095e+01	2.532812e+04
1.288525e+01	3.607870e+02	5.711997e-11	5.023137e-01	2.705885e+01	2.531558e+04
1.289236e+01	3.609860e+02	5.712158e-11	5.023053e-01	2.705670e+01	2.531274e+04
1.289946e+01	3.611850e+02	5.712430e-11	5.022970e-01	2.705449e+01	2.531975e+04
1.290657e+01	3.613840e+02	5.712790e-11	5.022887e-01	2.705222e+01	2.533465e+04
1.291368e+01	3.615830e+02	5.713264e-11	5.022804e-01	2.704990e+01	2.535308e+04
1.292079e+01	3.617820e+02	5.713803e-11	5.022721e-01	2.704750e+01	2.536893e+04
1.292789e+01	3.619810e+02	5.714426e-11	5.022638e-01	2.704505e+01	2.537563e+04
1.293500e+01	3.621800e+02	5.715115e-11	5.022556e-01	2.704252e+01	2.536771e+04
1.294211e+01	3.623790e+02	5.715809e-11	5.022473e-01	2.703994e+01	2.534186e+04
1.294921e+01	3.625780e+02	5.716564e-11	5.022390e-01	2.703729e+01	2.529725e+04
1.295632e+01	3.627770e+02	5.717328e-11	5.022307e-01	2.703459e+01	2.523489e+04
1.296343e+01	3.629760e+02	5.718128e-11	5.022225e-01	2.703183e+01	2.515631e+04
1.297054e+01	3.631750e+02	5.718928e-11	5.022142e-01	2.702902e+01	2.506201e+04
1.297764e+01	3.633740e+02	5.719698e-11	5.022060e-01	2.702615e+01	2.495071e+04
1.298475e+01	3.635730e+02	5.720431e-11	5.021977e-01	2.702322e+01	2.481978e+04
