#time drag lift perp forcex forcey forcez forces dp
26.000499999984754 4.374912245790271 -1.787105438620047 3.395835722129347e-05 -0.14758233257259623 0.18437206190887492 -0.021451814407460718 0.23713663243259264 2.652752148181837
26.000999999984753 4.375742012202605 -1.7825454875451883 3.400558210494112e-05 -0.14741019188522003 0.18446839904101087 -0.02133836023700734 0.237094243991699 2.6535169402387084
26.001499999984752 4.376529375824331 -1.777899108245097 3.405494006102853e-05 -0.1472339951322719 0.18456372561493642 -0.02122255109366526 0.2370485494796343 2.6542431444725096
26.00199999998475 4.377274370446792 -1.7731667553589334 3.4106413976919275e-05 -0.14705376310652685 0.18465803691305432 -0.021104396505456334 0.23699956833765112 2.6549308352638423
26.00249999998475 4.3779768785243105 -1.7683487860694858 3.416000244949946e-05 -0.14686950818339567 0.18475132280606366 -0.020983905454166406 0.23694731060033633 2.6555800715827833
26.00299999998475 4.378636815284977 -1.76344561245551 3.4215700144278034e-05 -0.1466812455973947 0.18484357402023185 -0.020861088320032563 0.2368917889511419 2.656190922747582
26.003499999984747 4.379254170516701 -1.7584576386737476 3.427350269867753e-05 -0.14648899127988063 0.18493478500222768 -0.020735955298659115 0.23683301947187413 2.6567634838890957
26.003999999984746 4.379828867789353 -1.7533852356792543 3.433339814107075e-05 -0.14629276063979113 0.18502494689154267 -0.020608514104019822 0.23677101520541952 2.657297811101806
26.004499999984745 4.380360894982454 -1.7482288146591691 3.439538107892862e-05 -0.14609256991835445 0.18511405394134475 -0.020478775111108106 0.23670579245552847 2.6577940084623513
26.004999999984744 4.380850218812942 -1.7429887427327049 3.445944216138318e-05 -0.14588843451301275 0.18520209957208522 -0.02034674634339276 0.23663736623223422 2.6582521514189845
26.005499999984742 4.381296803118932 -1.7376654609381403 3.452557583365619e-05 -0.14568037131785025 0.18528907657172664 -0.020212439198857107 0.23656575234483412 2.6586723552689704
26.00599999998474 4.38170050518854 -1.7322593374748712 3.459378508961193e-05 -0.1454683920004642 0.1853749737812507 -0.02007586365410679 0.2364909602438503 2.6590546094561605
26.00649999998474 4.382061493495469 -1.7267708734348666 3.4664051359114924e-05 -0.14525252075444509 0.18545979249227762 -0.01993703103590637 0.23641301703443884 2.6593991453351804
26.00699999998474 4.382379691139759 -1.7212004423954042 3.473637077559427e-05 -0.14503277139934814 0.18554352433061996 -0.0197959507008622 0.23633193577033532 2.659706022218396
26.007499999984738 4.382655085220124 -1.7155484742719072 3.481073762077811e-05 -0.1448091609804488 0.1856261632979277 -0.019652633444899308 0.23624773354656764 2.6599753553243732
26.007999999984737 4.382887703295257 -1.7098153815499428 3.4887142460250946e-05 -0.1445817071759328 0.18570770534330608 -0.019507089016601684 0.23616042936039264 2.6602072437751105
26.008499999984735 4.383077496388561 -1.704001579389095 3.496558190165434e-05 -0.14435042557165856 0.185788143002555 -0.019359328110872775 0.23607003839530588 2.6604017854693507
26.008999999984734 4.3832245360497355 -1.6981075146719569 3.50460437040298e-05 -0.1441153361849374 0.18586747382738167 -0.01920936110865716 0.23597658253494716 2.66055911771453
26.009499999984733 4.383328806969082 -1.6921336178275643 3.512852289881726e-05 -0.14387645587082612 0.18594569176484402 -0.019057199019939585 0.23588007901122496 2.6606793371516275
26.009999999984732 4.383390343056467 -1.6860802846604597 3.5213013702876775e-05 -0.14363380092289954 0.18602279352463486 -0.018902851923907376 0.2357805468844392 2.6607625799430235
26.01049999998473 4.383409282982322 -1.6799480212933773 3.529949868469016e-05 -0.14338739541239348 0.1860987789501582 -0.018746331152236537 0.2356780125967614 2.6608090164742624
26.01099999998473 4.383385018311524 -1.6737369750355116 3.538799654239572e-05 -0.14313723438522769 0.18617361755777262 -0.018587641386360935 0.23557246051758118 2.6608183966625614
26.01149999998473 4.38331836034124 -1.6674479687307922 3.5478476584311655e-05 -0.14288336360553097 0.1862473378210826 -0.0184268036684398 0.23546395378933496 2.6607913099898743
26.011999999984727 4.383209155245707 -1.6610812898282055 3.557093176924339e-05 -0.14262579368435258 0.18631992838087566 -0.01826382377491753 0.2353525015690876 2.660727751254423
26.012499999984726 4.383057407784519 -1.6546373969579573 3.5665358254882e-05 -0.14236454265064974 0.18639138390889323 -0.018098713662097195 0.23523812283688983 2.660627830796952
26.012999999984725 4.382863195727907 -1.6481167248503812 3.576174673987183e-05 -0.14209962947867266 0.1864617026313743 -0.017931484059929666 0.235120839924407 2.6604916921911252
26.013499999984724 4.382626579628407 -1.6415197532239016 3.586008906316965e-05 -0.1418310745429213 0.18653088143119018 -0.017762146875364357 0.23500067509502698 2.6603194758591333
26.013999999984723 4.382347641376575 -1.6348468974203365 3.596037849131056e-05 -0.14155889567184118 0.18659891912940108 -0.017590712730983584 0.2348776505725395 2.6601113061906076
26.01449999998472 4.382026419731357 -1.6280986206328754 3.6062608172149504e-05 -0.1412831119795159 0.18666581185645884 -0.0174171934036569 0.23475178736850483 2.6598673263161348
26.01499999998472 4.381663116586575 -1.6212753542772151 3.6166764697159096e-05 -0.14100374474440844 0.186731563688484 -0.01724159906231254 0.2346231140525549 2.659587720240241
26.01549999998472 4.38125768017695 -1.61437755585069 3.627284535358365e-05 -0.14072081116529342 0.18679616661544038 -0.017063941555004448 0.23449164731101646 2.659272540590523
26.015999999984718 4.380810236768294 -1.6074057260242578 3.6380842921493415e-05 -0.14043433265064365 0.1868596206796937 -0.016884234204482675 0.23435741292364207 2.6589219906792154
26.016499999984717 4.3803209131362815 -1.600360271030616 3.6490743919902816e-05 -0.14014432881087335 0.18692192651781167 -0.01670248602034059 0.2342204358083215 2.6585362159855426
26.016999999984716 4.379789750265553 -1.5932417118251727 3.6602542707538576e-05 -0.1398508207618906 0.18698307982862378 -0.016518710618699348 0.2340807382303727 2.658115328183953
26.017499999984715 4.379216903660269 -1.5860504568665483 3.671623161983544e-05 -0.13955382716635223 0.18704308304064787 -0.01633291844552705 0.23393834618350845 2.6576595076037943
26.017999999984713 4.3786024829285815 -1.5787869765881286 3.683180128166343e-05 -0.13925336874805042 0.18710193556352694 -0.016145121352797248 0.23379328464007526 2.6571688960342428
26.018499999984712 4.377946571220298 -1.5714517355033308 3.694924455234363e-05 -0.13894946545802053 0.18715963567583102 -0.0159553310291516 0.23364557724388715 2.6566436289471453
26.01899999998471 4.377249330902936 -1.564045208471979 3.706855134380559e-05 -0.13864213900457578 0.18721618525804543 -0.01576355945218974 0.2334952516368194 2.6560838774190403
26.01949999998471 4.37651088694907 -1.5565678385452335 3.718971382113051e-05 -0.13833140903524174 0.18727158486872175 -0.01556981791535732 0.23334233318203448 2.655489794924957
26.01999999998471 4.375731324095314 -1.549020107066275 3.731272625277557e-05 -0.13801729575840876 0.18732583280551995 -0.015374119016437107 0.23318684589889987 2.6548615091358028
26.020499999984708 4.374910890048886 -1.5414024678440335 3.7437575444383e-05 -0.13769982183826363 0.18737893515341666 -0.015176473720695235 0.23302882145372666 2.654199225203489
26.020999999984706 4.3740496177010755 -1.5337154148335723 3.756425785234511e-05 -0.1373790068148426 0.1874308876844723 -0.014976895314932355 0.23286828157758258 2.6535030540120723
26.021499999984705 4.373147645468974 -1.525959407840043 3.7692765564536804e-05 -0.137054871169085 0.18748169144036986 -0.014775395602979479 0.2327052527377521 2.6527731490789352
26.021999999984704 4.372205405385956 -1.518135288770591 3.782309487652088e-05 -0.13672745144079002 0.18753135790279732 -0.014571999938187223 0.23253978015935076 2.65200986833192
26.022499999984703 4.371222773932125 -1.5102429982597343 3.7955224614906026e-05 -0.13639674951468003 0.18757988013312343 -0.014366700687432676 0.23237187178651722 2.651213134452229
26.0229999999847 4.3701999618447 -1.5022831844800097 3.80891524503362e-05 -0.13606279229610682 0.18762726098579569 -0.014159516633252819 0.23220155990805222 2.650383172487394
26.0234999999847 4.369137209084386 -1.4942563572111311 3.822487003926152e-05 -0.13572560326155936 0.18767350592533813 -0.013950461474587877 0.23202887661318383 2.649520174707919
26.0239999999847 4.368034573119534 -1.4861628582168915 3.8362364766623295e-05 -0.13538519881872865 0.1877186130249332 -0.0137395421346636 0.2318538435162581 2.648624225502506
26.024499999984698 4.366892308403464 -1.478003210881307 3.850162664174609e-05 -0.13504160352114453 0.18776258818949354 -0.013526772352835318 0.23167649379137445 2.6476955347337316
26.024999999984697 4.365710574447701 -1.4697778975100992 3.864265100552053e-05 -0.134694838353629 0.18780543343776415 -0.013312165161813919 0.23149685537637898 2.646734253473287
26.025499999984696 4.364489553532567 -1.4614873901073708 3.8785428742109485e-05 -0.1343449249971133 0.1878471517709029 -0.013095732689167597 0.2313149573970234 2.6457405400441263
26.025999999984695 4.363229415017507 -1.4531321839205664 3.8929957838792297e-05 -0.13399188435429168 0.18788774577213038 -0.012877489068625963 0.23113082833940427 2.644714541088764
26.026499999984694 4.361929557991213 -1.444711599204502 3.907619359241186e-05 -0.13363569564971078 0.1879271904796482 -0.012657401492618807 0.23094444761868915 2.6436558451165393
26.026999999984692 4.360591486218457 -1.4362278223491034 3.9224171060051096e-05 -0.13327644768721988 0.1879655375229809 -0.012435547480673954 0.2307559265665164 2.6425655542060342
26.02749999998469 4.359215179140284 -1.4276807044497775 3.937385282520083e-05 -0.1329141433347611 0.1880027851131775 -0.012211914538614116 0.2305652783170602 2.6414436132963424
26.02799999998469 4.357800501842131 -1.4190707606922381 3.952525283144724e-05 -0.1325487977186832 0.18803892164765468 -0.011986518848624866 0.23037251673146614 2.640290017655603
26.02849999998469 4.356347808203566 -1.4103984657604343 3.9678352700792436e-05 -0.13218043635913246 0.18807395798830093 -0.011759371751885036 0.23017767974648384 2.6391050093439103
26.028999999984688 4.354857268488076 -1.4016645568534996 3.983316406172015e-05 -0.13180908616929832 0.18810789489937643 -0.011530497053311996 0.22998079850839023 2.6378887557810726
26.029499999984687 4.353329201862096 -1.392869108775689 3.9989647840881085e-05 -0.13143476250296396 0.18814074463454517 -0.011299889678663903 0.22978190549432229 2.636641426036313
26.029999999984685 4.3517638176181395 -1.3840127376552493 4.014780624091043e-05 -0.13105749014673665 0.18817251066087037 -0.011067568412503996 0.22958103267156632 2.635363189770003
26.030499999984684 4.350161416911437 -1.3750959475172122 4.030762616227621e-05 -0.13067729432107375 0.18820320120682754 -0.01083354583332235 0.22937821585952065 2.634054252556364
26.030999999984683 4.348522070820498 -1.3661195847151033 4.046913324388086e-05 -0.13029420136751252 0.18823281201070924 -0.01059785191998313 0.2291734820889511 2.6327147577054504
26.031499999984682 4.346846202142781 -1.3570835088918565 4.063227299938604e-05 -0.1299082234457261 0.18826136176839495 -0.010360472446010556 0.22896686712932884 2.6313448684441187
26.03199999998468 4.345134030683074 -1.3479884326024205 4.079704997966569e-05 -0.12951938873517707 0.18828885349166777 -0.010121429201395483 0.2287584047343824 2.629944771682746
26.03249999998468 4.343385822545583 -1.3388348260311593 4.096345449559504e-05 -0.12912771979357526 0.1883152943940955 -0.009880734738228751 0.22854812849986364 2.6285146480249475
26.03299999998468 4.341602384914578 -1.3296230951922925 4.11314509031886e-05 -0.12873324874546827 0.18834071716833978 -0.009638396496282944 0.22833609824788265 2.62705493278389
26.033499999984677 4.339783151977664 -1.3203538011601927 4.130107491151791e-05 -0.12833598261694035 0.18836509009575048 -0.009394434930118458 0.22812230712644485 2.62556538168654
26.033999999984676 4.337928713624469 -1.3110274020957169 4.147229932013167e-05 -0.1279359511249123 0.18838843520610615 -0.009148859856507768 0.22790680495833207 2.624046336263174
26.034499999984675 4.336039279456378 -1.3016444846024218 4.1645125914084096e-05 -0.1275331780868633 0.18841075635253207 -0.008901689153075687 0.22768962359327397 2.622497938644441
26.034999999984674 4.3341152294904655 -1.2922055117643771 4.181953024843273e-05 -0.12712769044719496 0.18843206543023605 -0.008652932473543665 0.22747080296410416 2.620920408403929
26.035499999984673 4.332156861743721 -1.2827107801917284 4.1995505426456805e-05 -0.1267195046697044 0.18845237318529015 -0.008402597376717525 0.22725037616157717 2.6193139204166833
26.03599999998467 4.33016449302907 -1.2731608477301015 4.2173042779458975e-05 -0.12630864667095235 0.18847168850640558 -0.008150699688247099 0.22702838037943857 2.6176786670763104
26.03649999998467 4.328138408115277 -1.263556186038366 4.235213348303101e-05 -0.12589513955574771 0.18849001942883645 -0.007897251672165735 0.22680485041554524 2.616014807183672
26.03699999998467 4.326078859710108 -1.2538972787438305 4.253277214456222e-05 -0.12547900525158895 0.18850737268796733 -0.007642267200358414 0.22657981941163732 2.6143225082873705
26.037499999984668 4.323986222516357 -1.2441846101063443 4.271494048908386e-05 -0.12506027013927634 0.18852376012920924 -0.00738575774053016 0.22635332716345524 2.6126019721861184
26.037999999984667 4.321860872283175 -1.2344186196546953 4.289863017046367e-05 -0.12463895685767643 0.18853919464037322 -0.007127735335300174 0.22612541231188577 2.6108534097268814
26.038499999984666 4.319703123285174 -1.224599816948295 4.3083834283875525e-05 -0.1242150897423904 0.18855368548624987 -0.006868214014366384 0.22589611150682715 2.609076996850044
26.038999999984664 4.317513361962881 -1.2147286586627404 4.327053494771946e-05 -0.12378869396248339 0.18856724540897152 -0.006607204848999298 0.22566546468164175 2.607272936657842
26.039499999984663 4.315291860850687 -1.20480560471709 4.345872752818694e-05 -0.12335979079934077 0.1885798824715512 -0.006344721121145158 0.22543350581745003 2.6054413888365104
26.039999999984662 4.313039349056694 -1.1948310861866271 4.3648380276378454e-05 -0.12292841176128441 0.1885916254878959 -0.006080771254946365 0.22520029174353584 2.603582726771631
26.04049999998466 4.310755531292979 -1.1848057187203 4.383952435558869e-05 -0.12249456969396441 0.1886024552137623 -0.0058153778848022255 0.2249658292654948 2.6016968265221805
26.04099999998466 4.308441058331769 -1.1747298630716125 4.4032126124324324e-05 -0.12205829267516854 0.18861239743675576 -0.005548547222621504 0.22473017076907917 2.5997840157761827
26.04149999998466 4.306096275562602 -1.1646040050832147 4.422617821428681e-05 -0.12161960445411653 0.18862146322443418 -0.005280292879622388 0.22449335417645871 2.5978444738230255
26.041999999984657 4.3037215726221385 -1.154428642951381 4.442166898517652e-05 -0.12117853072451103 0.1886296653618876 -0.005010628044716404 0.22425541990438372 2.5958783993637313
26.042499999984656 4.301317249518654 -1.1442042530086851 4.4618590629732566e-05 -0.12073509430615494 0.18863701284123463 -0.004739566110341729 0.22401640363530198 2.5938859850777254
26.042999999984655 4.298883972768873 -1.1339312443535667 4.481692327863865e-05 -0.12028932206281395 0.1886435327239849 -0.004467117568797942 0.22377635840340687 2.591867438854895
26.043499999984654 4.296421751031764 -1.1236101387482356 4.5016668020725214e-05 -0.11984123393555329 0.1886492194890834 -0.004193297008522412 0.22353530617072115 2.5898229216108675
26.043999999984653 4.2939311349239455 -1.1132413862363628 4.5217809278267315e-05 -0.11939085602117229 0.1886540943294557 -0.003918116665910442 0.22329329467528386 2.587752629438265
26.04449999998465 4.2914125397651235 -1.1028254733606937 4.542033464422582e-05 -0.1189382139849991 0.1886581714047504 -0.003641589487496836 0.22305036551801719 2.5856567899654372
26.04499999998465 4.288866347343855 -1.092362831526745 4.5624234440486036e-05 -0.1184833302975389 0.1886614641355635 -0.0033637274901561587 0.22280655796182985 2.5835355830701787
26.04549999998465 4.286292745533851 -1.0818540318163141 4.5829512499893026e-05 -0.1180262276600096 0.18866397564636128 -0.0030845484022339782 0.22256190276233026 2.5813891084791356
26.045999999984648 4.2836924753071335 -1.0712994259166033 4.603613036347444e-05 -0.11756693575165728 0.1886657360163163 -0.0028040577963442427 0.22231645703532138 2.5792177142523816
26.046499999984647 4.28106583824081 -1.060699555708589 4.624409437565262e-05 -0.11710547713353794 0.188666754406312 -0.002522273269140878 0.22207025657509707 2.5770215539564467
26.046999999984646 4.278413261266997 -1.050054837316278 4.645338595215553e-05 -0.1166418758556117 0.18866704611409688 -0.002239205217661326 0.22182334307403603 2.5748008312966206
26.047499999984645 4.275735176948298 -1.0393657442905728 4.6663994904248135e-05 -0.11617615698727005 0.188666626424707 -0.001954866523400141 0.22157575878677493 2.572555740594834
26.047999999984643 4.273032016125818 -1.0286327535592086 4.6875911528738253e-05 -0.11570834513505676 0.1886655106827574 -0.0016692708871250063 0.22132754577858957 2.5702864967175127
26.048499999984642 4.27030411382309 -1.0178563643513163 4.708913093400807e-05 -0.11523846375398808 0.18866370954146844 -0.0013824330425257767 0.22107874150954418 2.5679932479205183
26.04899999998464 4.267551661450143 -1.007037072683762 4.730365771845515e-05 -0.11476653240420367 0.18866122731380985 -0.0010943690989109497 0.22082937597919988 2.5656760838873547
26.04949999998464 4.2647755001131 -0.9961751725823474 4.7519441750653645e-05 -0.11429258248547008 0.18865809878367745 -0.0008050807582172487 0.22057951129444692 2.5633354030203037
26.04999999998464 4.2619760266555495 -0.9852712646487055 4.773649407280026e-05 -0.11381663851176968 0.1886543375748291 -0.000514589143970881 0.22032918801171925 2.560971387422709
26.050499999984638 4.259153567114955 -0.9743258556899725 4.795480318621815e-05 -0.11333872561972666 0.18864995339103277 -0.00022290774731553546 0.22007844357729892 2.5585841761913852
26.050999999984636 4.25630880754914 -0.9633392952274665 4.8174345444087536e-05 -0.11285886966513467 0.1886449745840216 6.995520372847768e-05 0.21982733176661298 2.556174103672623
26.051499999984635 4.253442165853792 -0.9523120836142734 4.839511115095982e-05 -0.11237709580046805 0.18863941565166717 0.0003639851102803307 0.21957589413027684 2.5537413502086572
26.051999999984634 4.250554113657415 -0.9412446651288819 4.861708965448745e-05 -0.11189342843457349 0.18863329417214394 0.0006591696253754383 0.21932417445797586 2.5512861380973
26.052499999984633 4.247645119771651 -0.9301375228795589 4.88402688953558e-05 -0.11140789323659298 0.18862662715156578 0.000955494995808577 0.21907221666993495 2.548808672137137
26.052999999984632 4.244715649954653 -0.9189911122858192 4.906463819591336e-05 -0.11092051482823842 0.1886194318067156 0.0012529483820701913 0.21882006430969217 2.546309164720461
26.05349999998463 4.241766221745859 -0.9078058990247556 4.929018391930612e-05 -0.11043131927184262 0.188611727580617 0.001551516839901193 0.2185677635461575 2.5437878557225257
26.05399999998463 4.238797308106262 -0.8965823459614785 4.9516894752305726e-05 -0.10994033143945554 0.18860353198648822 0.001851187076919103 0.21831535825129064 2.541244951332335
26.05449999998463 4.235809418164653 -0.8853209149534519 4.974475876942924e-05 -0.10944757685801486 0.18859486420834598 0.002151946011464805 0.21806289404089774 2.5386806937325135
26.054999999984627 4.232803057180434 -0.8740220501061289 4.997376150129009e-05 -0.108953080726113 0.18858574333566178 0.0024537813698963023 0.2178104162619094 2.5360952969132553
26.055499999984626 4.229778703659389 -0.8626862180344894 5.0203892502796684e-05 -0.10845686796088701 0.18857618715427538 0.0027566795673730784 0.21755796894567375 2.5334889923607147
26.055999999984625 4.226736897464473 -0.8513138931397369 5.043513824873721e-05 -0.10795896532127737 0.18856621610995575 0.003060627446968119 0.21730559931036392 2.530862014862321
26.056499999984624 4.22367813600405 -0.8399055031574271 5.066748711613425e-05 -0.10745939648191274 0.18855584933640185 0.0033656123358273508 0.21705335186912886 2.5282145884499445
26.056999999984622 4.220602947823227 -0.8284615524762327 5.0900925419912546e-05 -0.10695818920954922 0.18854510637804672 0.0036716202697383606 0.21680127345912856 2.5255469606495202
26.05749999998462 4.2175118485960175 -0.8169824646781807 5.113543998563178e-05 -0.10645536779834343 0.18853400715227292 0.003978639231410171 0.21654940950302215 2.52285935163875
26.05799999998462 4.214405357465042 -0.8054687054826757 5.137101990843588e-05 -0.10595095744688879 0.18852257149463414 0.004286655251922889 0.21629780572190443 2.520152005196031
26.05849999998462 4.211284002603231 -0.7939207723482644 5.160765190942435e-05 -0.10544498548210757 0.1885108190743518 0.004595654326196959 0.2160465086736899 2.5174251730384594
26.058999999984618 4.2081483291389326 -0.7823390801311683 5.18453246761178e-05 -0.10493747579725209 0.18849877145146995 0.004905624178600108 0.21579556486173213 2.5146790927133646
26.059499999984617 4.204998690822022 -0.7707241436280732 5.208403678672959e-05 -0.10442845162266651 0.18848644039698928 0.005216548341719001 0.2155450117688574 2.511913909282494
26.059999999984615 4.201835918308625 -0.7590763617922497 5.232375394198196e-05 -0.10391794426957426 0.18847386022917756 0.0055284181938864314 0.21529491061943012 2.5091300279677107
26.060499999984614 4.198660429787928 -0.747396209737563 5.256446977233369e-05 -0.10340597749844493 0.18846104592230287 0.005841219403932472 0.2150453018707038 2.506327637417815
26.060999999984613 4.195472728008974 -0.7356840279060355 5.2806170932394164e-05 -0.1028925726760981 0.18844801762814384 0.006154942744391044 0.21479622943634294 2.503506938921439
26.061499999984612 4.192273448974155 -0.7239404690754548 5.304884685350266e-05 -0.10237776252374617 0.18843479899981233 0.006469567413813411 0.21454774535284707 2.5006682616456013
26.06199999998461 4.189063094708009 -0.71216593609694 5.329248176246395e-05 -0.10186157115575531 0.1884214093222206 0.006785082748694704 0.21429989388050905 2.4978118454625236
26.06249999998461 4.185842242164833 -0.7003608864848985 5.353706579935316e-05 -0.10134402403267326 0.1884078713658588 0.007101474722310085 0.21405272281141546 2.49493793509886
26.06299999998461 4.182611440953894 -0.6885257365957216 5.3782585758386356e-05 -0.10082514540679988 0.18839420687004807 0.007418731062895304 0.21380627843700092 2.49204680405527
26.063499999984607 4.1793709760160365 -0.6766610096276447 5.402904523163503e-05 -0.10030495662185468 0.18838042454849266 0.0077368338814238595 0.2135605939177245 2.489138566424682
26.063999999984606 4.176121877877135 -0.6647671100163534 5.427640348958595e-05 -0.09978349341509682 0.18836656787934175 0.00805577556170739 0.21331574009590556 2.4862137260192805
26.064499999984605 4.172864519993903 -0.6528445462771254 5.452465501130529e-05 -0.0992607791076179 0.18835264959098483 0.00837553951231403 0.21307175443760246 2.4832724843065144
26.064999999984604 4.1695994854250245 -0.6408937499857617 5.477378606540793e-05 -0.09873683927506335 0.18833869274660434 0.008696113363598901 0.21282868463429006 2.480315096671551
26.065499999984603 4.166327347867544 -0.628915196995212 5.502378224669773e-05 -0.09821170045910596 0.1883247196712942 0.009017482701830535 0.21258657798793062 2.477341857667077
26.0659999999846 4.16304868314716 -0.6169093334601482 5.527463237638994e-05 -0.09768538816044123 0.18831075305041844 0.009339634288646792 0.21234548156981684 2.4743530305898718
26.0664999999846 4.159764062833106 -0.6048766386544144 5.552632003958759e-05 -0.09715792951503313 0.18829681489314537 0.00966255411238029 0.21210544245380947 2.471348903192058
26.0669999999846 4.1564740894840355 -0.5928175859009998 5.577883371250244e-05 -0.09662935110127045 0.18828292896616278 0.009986227689219064 0.21186650886298813 2.468329779647183
26.067499999984598 4.153179303671807 -0.5807326300158986 5.6032160652942746e-05 -0.09609967806863304 0.1882691162637599 0.010310641160284982 0.21162872580244918 2.4652959303955617
26.067999999984597 4.149880303715007 -0.5686222336176427 5.6286284766184804e-05 -0.09556893755287628 0.18825540017119427 0.010635781295258516 0.2113921412029374 2.4622476433469385
26.068499999984596 4.146577701198002 -0.5564868692079507 5.65411903910706e-05 -0.09503715679699226 0.18824180473424393 0.010961634038442379 0.21115680344818172 2.4591852331273865
26.068999999984594 4.143272058301401 -0.5443269963934809 5.679686510148284e-05 -0.09450436131361896 0.18822835194549284 0.011288185231680313 0.21092275815861145 2.4561089816653143
26.069499999984593 4.139963963518677 -0.5321430757116958 5.7053292943504555e-05 -0.09397057802204627 0.1882150647698428 0.011615421722276073 0.21069005235629878 2.4530192001418434
26.069999999984592 4.136654011270905 -0.5199355631531661 5.7310462306939264e-05 -0.09343583216881556 0.1882019669350255 0.011943328732385457 0.21045873275419416 2.4499161901419093
26.07049999998459 4.133342774555148 -0.5077049417465324 5.756835614707491e-05 -0.09290015150998444 0.18818908034535378 0.012271892648006646 0.21022884545412002 2.446800248444198
26.07099999998459 4.130030877470055 -0.49545168575566423 5.782696197885502e-05 -0.09236356266836233 0.1881764298755811 0.012601098464205764 0.21000043845672467 2.443671697309572
26.07149999998459 4.126718873735738 -0.483176253572971 5.808626420202003e-05 -0.09182609169007125 0.18816403688888572 0.012930932733736205 0.20977355628095676 2.4405308440832236
26.071999999984588 4.123407402943443 -0.4708791164689294 5.8346247977880024e-05 -0.09128776576364134 0.18815192694114782 0.013261380893422475 0.20954824745863398 2.437378023656465
26.072499999984586 4.120097031753053 -0.458560745439991 5.860689822943625e-05 -0.09074861161915573 0.18814012186053466 0.013592429202132252 0.20932455683965073 2.4342135449909725
26.072999999984585 4.116788355663868 -0.44622161750267675 5.8868201840530014e-05 -0.09020865547696336 0.1881286451755827 0.013924062369666345 0.20910253028463363 2.4310377340098026
26.073499999984584 4.113481848323032 -0.4338621313297589 5.913014444181354e-05 -0.0896679201645843 0.18811751501378404 0.014256268930206945 0.2088822073930997 2.4278508398483454
26.073999999984583 4.110178435277766 -0.4214828516105826 5.939270221747584e-05 -0.0891264409348387 0.18810676948441088 0.014589031678588856 0.2086636505117541 2.4246533276404527
26.07449999998458 4.106878480667421 -0.40908427657798185 5.965586696577142e-05 -0.08858424134028074 0.18809642071721466 0.014922334869018703 0.208446893424689 2.4214455069820704
26.07499999998458 4.10358263680111 -0.3966667548416944 5.991961999501458e-05 -0.08804134570285202 0.1880864958347281 0.01525616917953315 0.208231984014442 2.4182276597228847
26.07549999998458 4.100291448502337 -0.38423086239429555 6.018395005615225e-05 -0.08749778263361392 0.1880770149045954 0.01559051580752776 0.20801896472285245 2.415000138352898
26.075999999984578 4.097005545795214 -0.37177703140952045 6.044883961980005e-05 -0.08695357845073996 0.18806800321058081 0.015925362101645066 0.20780788193683256 2.4117633040882582
26.076499999984577 4.09372555890708 -0.35930573355041934 6.0714268537230174e-05 -0.08640876118637719 0.1880594855234056 0.016260694295516843 0.20759878199080217 2.4085175163508508
26.076999999984576 4.090452026165477 -0.346817477503942 6.098022554477615e-05 -0.08586335723507874 0.18805148227395582 0.01659649613735202 0.20739170616287386 2.405263089499801
26.077499999984575 4.087185557054058 -0.3343127148206988 6.124669483305115e-05 -0.08531739285852019 0.1880440176735986 0.016932753857928966 0.20718669904271592 2.4020004001334727
26.077999999984574 4.083926794242056 -0.3217919598048555 6.151365658904116e-05 -0.08477089761741627 0.18803711667985024 0.01726945221253207 0.20698380688318355 2.3987298096800833
26.078499999984572 4.080676264485863 -0.30925565335163596 6.178110018885437e-05 -0.08422389503049071 0.18803079998742694 0.0176065766586858 0.20678306937381757 2.3954516618264368
26.07899999998457 4.077434595732348 -0.29670430747309734 6.204900527965998e-05 -0.08367641477927554 0.1880250917194278 0.0179441125421573 0.20658453156356651 2.392166322490725
26.07949999998457 4.074202398082527 -0.2841383975434624 6.231735540138662e-05 -0.08312848353881502 0.18802001597977394 0.01828204474692007 0.20638823693376004 2.388874169044037
26.07999999998457 4.0709802561365995 -0.2715584082801862 6.258613315953616e-05 -0.08258012884757558 0.18801559528391906 0.018620358952753116 0.2061942276543599 2.385575578668846
26.080499999984568 4.067768757041815 -0.2589648160627901 6.28553222106205e-05 -0.08203137737750081 0.18801185250694688 0.018959040414410037 0.2060025455449013 2.3822709127895507
26.080999999984567 4.064568497670979 -0.2463581091643749 6.312490553953161e-05 -0.0814822562498857 0.18800881094332828 0.01929807378767905 0.20581323263534562 2.3789605489469934
26.081499999984565 4.061380170575169 -0.23373877588298891 6.339485887723806e-05 -0.08093279579837764 0.18800649788557183 0.019637445567312218 0.20562633574362155 2.3756449204201866
26.081999999984564 4.058204212011125 -0.22110730177012397 6.366517445384141e-05 -0.08038301923423498 0.1880049293600441 0.019977139296561836 0.20544188798626437 2.3723243344601945
26.082499999984563 4.055041279676682 -0.20846419917319653 6.39358322024116e-05 -0.07983295600837383 0.18800413110258887 0.020317139449903925 0.20525993357716263 2.3689992158130657
26.082999999984562 4.05189194161419 -0.19580993994519863 6.42068134318687e-05 -0.07928263299936042 0.18800412494431767 0.020657432050833036 0.20508051197109067 2.3656699467680466
26.08349999998456 4.048756795109563 -0.1831450317116065 6.447810043988769e-05 -0.07873207816780002 0.1880049338752214 0.02099800133219711 0.20490366359339185 2.3623369196523942
26.08399999998456 4.0456364260242665 -0.17046995924081731 6.474967514871937e-05 -0.07818131871307293 0.18800658058450564 0.021338832456125847 0.20472942804927657 2.359000529417394
26.08449999998456 4.042531436601587 -0.15778523959735308 6.502151749567912e-05 -0.07763038303025409 0.1880090881442798 0.021679909291039502 0.20455784526909554 2.3556612220977677
26.084999999984557 4.039442298078113 -0.14509111309679124 6.529360622769695e-05 -0.07707928991919426 0.18801247583342112 0.022021226703888785 0.20438894889157785 2.3523192520800262
26.085499999984556 4.036369699152049 -0.13238844153140344 6.5565935998173e-05 -0.07652807793193468 0.18801676816244683 0.02236275469541705 0.204222781833406 2.348975143337728
26.085999999984555 4.033314188874247 -0.1196775844125674 6.583847936250764e-05 -0.07597677096525891 0.18802198683719368 0.022704483789452834 0.20405938068282667 2.345629310870608
26.086499999984554 4.030276400627227 -0.10695904063118644 6.611120819906326e-05 -0.07542539950016026 0.1880281559990995 0.023046400636162277 0.20389878597103753 2.3422821812654924
26.086999999984553 4.027256806593657 -0.09423333449664173 6.638411820275438e-05 -0.07487398749545565 0.18803529328750468 0.023388486437629263 0.20374102881607012 2.3389341147047182
26.08749999998455 4.024255996348896 -0.08150100166320111 6.665718811324808e-05 -0.07432256483048054 0.1880434206535328 0.023730725440355753 0.2035861464441724 2.335585569084512
26.08799999998455 4.021274556577961 -0.06876253282181452 6.693039612041087e-05 -0.07377115912911335 0.18805256068454207 0.024073102893605956 0.2034341755511902 2.332236955276453
26.08849999998455 4.018313043031833 -0.05601843182333626 6.720372496733909e-05 -0.07321979765264137 0.18806273439944 0.024415603110178534 0.203285150744765 2.3288886879050024
26.088999999984548 4.015371995283798 -0.0432691980033383 6.747715484371209e-05 -0.07266850737709424 0.18807396200925508 0.024758210641933814 0.2031391054043113 2.3255411877316607
26.089499999984547 4.012451981463848 -0.030515373114926476 6.77506653856047e-05 -0.0721173176004704 0.18808626460844874 0.025100909176118572 0.2029960740352243 2.3221949049333257
26.089999999984546 4.009553528791876 -0.017757482177379307 6.802424130393777e-05 -0.0715662554217506 0.18809966170253278 0.0254436820599276 0.2028560884086677 2.3188502660258545
26.090499999984544 4.006677260071076 -0.0049960137389540304 6.829785863284428e-05 -0.07101534938159632 0.1881141774311465 0.02578651477911097 0.20271918494025268 2.315507730588969
26.090999999984543 4.003823637377365 0.007768497953562544 6.857149830641503e-05 -0.07046462647363722 0.18812982795696517 0.026129390722486722 0.2025853914049947 2.312167699129073
26.091499999984542 4.000993284120505 0.020535552223529957 6.884513304818717e-05 -0.06991411676301634 0.18814663699466858 0.026472296186057263 0.20245474358611265 2.3088306513274635
26.09199999998454 3.998186679758067 0.03330456525580377 6.911875482023304e-05 -0.0693638468296981 0.1881646216847672 0.026815210809334567 0.2023272686306382 2.3054970177091905
26.09249999998454 3.995404313738275 0.04607503780822789 6.939234283077648e-05 -0.06881384358100515 0.18818379968793456 0.027158119901761365 0.20220299456234117 2.3021672206449306
26.09299999998454 3.992646789207461 0.05884643318865264 6.966587381241165e-05 -0.0682641366134597 0.1882041937080243 0.02750100710316427 0.2020819543367416 2.298841750983202
26.093499999984537 3.9899145783939334 0.07161823385842132 6.993932577673772e-05 -0.06771475341037184 0.1882258203179563 0.027843857322137008 0.20196417418535037 2.295521024447395
26.093999999984536 3.9872082568368223 0.08438988057931361 7.021267923545606e-05 -0.06716572331695303 0.1882487008546638 0.028186652970129573 0.20184968458686456 2.2922055479639347
26.094499999984535 3.9845282872760617 0.09716084326859963 7.048591582275007e-05 -0.06661707300699915 0.1882728516171336 0.028529377410620185 0.20173851007555466 2.2888957444732725
26.094999999984534 3.9818751689437137 0.10993056424344891 7.075901645355024e-05 -0.06606883102000419 0.18829829018055066 0.028872013641249736 0.20163067645814522 2.285592069196481
26.095499999984533 3.979249433838301 0.12269850452054996 7.103195764240527e-05 -0.06552102622410721 0.18832503578632082 0.029214545497317203 0.20152621082626937 2.2822950061818457
26.09599999998453 3.9766515571656953 0.13546411975231767 7.130472006226496e-05 -0.06497368602527308 0.18835310511197392 0.029556955929298693 0.20142513677503004 2.279005020509566
26.09649999998453 3.9740820484171513 0.14822686162623783 7.157728109043567e-05 -0.06442683942045946 0.1883825161518928 0.029899228744787006 0.20132747926937575 2.2757225730657242
26.09699999998453 3.971541425000508 0.1609861806371031 7.184961957431631e-05 -0.06388051487568026 0.18841328745352423 0.03024134697013396 0.20123326299693692 2.2724481612359955
26.097499999984528 3.9690301127670375 0.173741510204248 7.212171734617473e-05 -0.06333473984821292 0.18844543310548378 0.030583292969783488 0.20114250753838628 2.2691822280139125
26.097999999984527 3.966548631731621 0.18649229223116814 7.239355198108172e-05 -0.06278954342529657 0.1884789716123521 0.030925049718847502 0.20105523669807812 2.2659252817449063
26.098499999984526 3.9640974157146047 0.199237942120497 7.266510312498591e-05 -0.0622449543137428 0.18851391705268125 0.031266599574544814 0.2009714693906079 2.2626777807948764
26.098999999984525 3.961676938142349 0.21197793155074107 7.293634804022114e-05 -0.061700999898451264 0.18855028598305615 0.03160792647528243 0.20089122616189042 2.259440224735681
26.099499999984523 3.9592876620632103 0.2247116729046033 7.320726729309702e-05 -0.06115770915926666 0.1885880939873443 0.03194901235056599 0.2008145263011754 2.2562130762706687
26.099999999984522 3.956930016920836 0.237438603425229 7.347783797574297e-05 -0.06061511005603321 0.1886273550858844 0.032289840153755085 0.20074138694090066 2.252996834356427
26.10049999998452 3.9546041394996125 0.25015882135143797 7.374802008663076e-05 -0.06007320652446764 0.18866807554872295 0.03263041690953613 0.20067181411718016 2.249791609487259
26.10099999998452 3.9523110830454353 0.26287069671660634 7.40178170584291e-05 -0.05953206801570599 0.1887102892410007 0.03297068728514632 0.2006058488870743 2.2465985224863667
26.10149999998452 3.9500510854302657 0.27557396586205013 7.428720030345008e-05 -0.0589917099318665 0.1887540040601115 0.03331064411254168 0.20054349877421226 2.243417892646807
26.101999999984518 3.9478244791359325 0.2882680485254705 7.455614759307106e-05 -0.05845216042223991 0.18879922894147314 0.033650271147786986 0.2004847741232277 2.240250163617759
26.102499999984516 3.945631687234632 0.30095245137003684 7.48246372590093e-05 -0.05791344464022546 0.18884597847836762 0.03398955317504631 0.20042968937407413 2.237095813181927
26.102999999984515 3.9434731100808667 0.31362654455992767 7.509264817878807e-05 -0.05737559225568357 0.18889426462400824 0.034328470980463696 0.20037825659085828 2.233955360637559
26.103499999984514 3.941349115002353 0.3262897217682582 7.536015963320051e-05 -0.056838631547239234 0.18894409811521534 0.034667005900167226 0.20033048581485838 2.2308293099723215
26.103999999984513 3.9392600913334137 0.33894139944933244 7.56271493066457e-05 -0.05630259076123974 0.18899549079498046 0.03500514054099565 0.20028638778398805 2.227718138921254
26.10449999998451 3.937206313873332 0.35158108945929994 7.589359873558182e-05 -0.05576749282073479 0.18904845014026286 0.03534286030880545 0.2002459675767627 2.224622288929765
26.10499999998451 3.9351883398888035 0.3642080018187137 7.615947945706331e-05 -0.05523337575984817 0.189102993754554 0.03568014104525845 0.2002092418190854 2.221542405666754
26.10549999998451 3.9332065003577155 0.37682163288409753 7.642477004388408e-05 -0.054700264198842365 0.1891591315960463 0.036016967894966535 0.20017621723356793 2.218478959464334
26.10599999998451 3.931261154442586 0.3894213531203647 7.668944720466658e-05 -0.05416818773970433 0.18921687344182497 0.036353322239368394 0.2001469005404351 2.2154324429488046
26.106499999984507 3.9293525569505228 0.40200667591702155 7.695348823285629e-05 -0.05363716948358545 0.18927622569125285 0.03668918995369356 0.20012129377353916 2.2124033194332533
26.106999999984506 3.927481178412273 0.41457678454516306 7.721688055970031e-05 -0.05310724473230571 0.18933720220960423 0.03702454418132125 0.2000994064345324 2.209392224908987
26.107499999984505 3.925647098187117 0.42713115556890396 7.747960225481303e-05 -0.052578436096843754 0.1893998003065968 0.037359370455685395 0.20008123065248717 2.2063994946585304
26.107999999984504 3.923850944244535 0.43966920779029917 7.77416182885172e-05 -0.052050775850452854 0.18946404312804055 0.03769365179083741 0.20006678457551866 2.203425786903101
26.108499999984502 3.922092923385981 0.4521902374468997 7.800290979424342e-05 -0.0515242935684657 0.1895299324575604 0.03802736691449015 0.20005606404092355 2.2004716282509302
26.1089999999845 3.9203733673048857 0.4646936605372315 7.826345373302887e-05 -0.05099901659206871 0.1895974773416045 0.038360498310812556 0.20004907132579292 2.1975375163611828
26.1094999999845 3.9186925828698573 0.4771788378772504 7.852322239099435e-05 -0.05047497516803362 0.1896666846676889 0.038693028157141686 0.200045806801881 2.1946240107659873
26.1099999999845 3.9170508233259884 0.4896451349676773 7.878220257561399e-05 -0.04995219524661277 0.18973755977800344 0.03902493549901029 0.20004626712630524 2.1917315814836655
26.110499999984498 3.915448358590814 0.5020918868063198 7.904036846745157e-05 -0.04943070714495052 0.1898101075784535 0.039356201525686405 0.20005044950293013 2.1888607800603372
26.110999999984497 3.913885500200194 0.5145184629268533 7.929769723542213e-05 -0.04891053931810291 0.1898843357222989 0.03968680702041607 0.20005835263882926 2.186012145257668
26.111499999984495 3.912362458893645 0.526924228116979 7.955417065864564e-05 -0.048391718653042565 0.18996024700463782 0.04001673275522131 0.20006996970225452 2.1831861711192406
26.111999999984494 3.910879530325278 0.5393085473383523 7.980976025733351e-05 -0.04787427483824992 0.1900378478864636 0.04034596062423898 0.2000852977090011 2.1803834025697197
26.112499999984493 3.9094369861843656 0.5516709597563495 8.006444015744544e-05 -0.0473582306680434 0.1901171457353979 0.04067447781430483 0.20010433343645634 2.1776042606071737
26.112999999984492 3.9080350162130992 0.5640105588443093 8.031819246694548e-05 -0.04684362200656174 0.19019813940114252 0.041002256123575886 0.20012706504012243 2.1748494288853726
26.11349999998449 3.906673830016105 0.5763267396314921 8.057099318435333e-05 -0.0463304759313832 0.19028083159079026 0.04132927856602897 0.20015348395094099 2.1721193929782228
26.11399999998449 3.905353407873023 0.5886188893572075 8.082283225158132e-05 -0.04581881437795442 0.19036521455991462 0.04165552599452228 0.2001835695338758 2.1694144850614165
26.11449999998449 3.904074215453073 0.6008863286590376 8.107367103589418e-05 -0.04530867152708016 0.19045130227714507 0.04198097920075931 0.20021732409875004 2.1667354838207
26.114999999984487 3.902836444107291 0.6131283760214435 8.132348542082861e-05 -0.044800076810123955 0.1905390956976617 0.04230561856204666 0.20025473585758982 2.1640828677861803
26.115499999984486 3.901640287776058 0.6253443769172197 8.15722563377021e-05 -0.044293057492021504 0.19062859665118403 0.042629424107808296 0.20029579277397397 2.161457163728361
26.115999999984485 3.9004858969974348 0.6375335704809559 8.181995972698344e-05 -0.04378764510611211 0.1907198033155416 0.04295237373757789 0.2003404793104735 2.1588589268273957
26.116499999984484 3.899373362480093 0.6496953928802253 8.206657695217578e-05 -0.04328386239598932 0.19081271349065296 0.04327445057896198 0.20038877824492063 2.1562886245677118
26.116999999984483 3.898302900432772 0.6618291412726545 8.231208205916637e-05 -0.04278174012508024 0.1909073290732315 0.04359563461972696 0.20044067685951802 2.1537467941307082
26.11749999998448 3.8972745928279173 0.6739341451880758 8.25564546892895e-05 -0.04228130496546595 0.19100364612830092 0.04391590600498248 0.20049615553452987 2.1512339561017253
26.11799999998448 3.8962885369389473 0.6860097173144271 8.279967396863084e-05 -0.04178258447838206 0.1911016613114125 0.04423524441687314 0.20055519482251127 2.1487505978949986
26.11849999998448 3.8953449472829718 0.6980551934038072 8.304171097175016e-05 -0.04128560850467379 0.19120137669619436 0.044553631449090275 0.2006177808555926 2.146297309135091
26.118999999984478 3.894443858390902 0.7100698986776709 8.328254368510873e-05 -0.04079040361650556 0.19130278588863614 0.04487104759873841 0.20068389030651923 2.1438745480067953
26.119499999984477 3.893585393632179 0.7220531252951745 8.352215246106687e-05 -0.04029699819724426 0.1914058866505348 0.0451874716677626 0.20075350334156294 2.141482858239225
26.119999999984476 3.892769614148918 0.73400419229892 8.376051462934323e-05 -0.03980541974837444 0.19151067372348887 0.04550288435248204 0.20082659703277414 2.1391227468964193
26.120499999984474 3.8919966312841145 0.7459224361206694 8.399760680975224e-05 -0.03931569540612396 0.1916171445580462 0.045817266229880436 0.2009031504945257 2.136794728302075
26.120999999984473 3.891266489525597 0.7578071331908243 8.423340969110021e-05 -0.03882785332596338 0.19172529283533388 0.04613059615076939 0.2009831386159606 2.134499309698416
26.121499999984472 3.8905792242955712 0.7696576165835954 8.446789563374535e-05 -0.03834192099554308 0.19183511192170444 0.04644285599728544 0.2010665361138594 2.132236975476992
26.12199999998447 3.8899348812893186 0.7814731933258873 8.470104647967234e-05 -0.03785792497744331 0.19194659603429942 0.04675402501551723 0.20115331731767158 2.130008246627998
26.12249999998447 3.889333668082254 0.793252977070677 8.493283803625438e-05 -0.03737590160284894 0.1920597448417229 0.04706407680130513 0.20124346184274583 2.1278137279942038
26.12299999998447 3.8887753593808845 0.8049965154047727 8.516325028376485e-05 -0.036895866746474965 0.19217454166484602 0.047373000110584804 0.20133693299180042 2.1256537492254557
26.123499999984467 3.888259901517918 0.8167030132989912 8.539226657530966e-05 -0.036417849462957286 0.19229097466559306 0.04768077168014445 0.20143369798860478 2.1235288083532566
26.123999999984466 3.887787461983904 0.8283720162639787 8.561984404514712e-05 -0.03594187216323079 0.19240904577602977 0.04798738006436473 0.20153373840744912 2.121439195119021
26.124499999984465 3.887357960806587 0.8400025411374052 8.584598327855248e-05 -0.035467969866068906 0.19252873993473132 0.048292795996957925 0.20163701726736483 2.1193857752923435
26.124999999984464 3.8869713134948154 0.8515941516025903 8.607065482266958e-05 -0.03499615899817146 0.19265004767900992 0.04859700758788866 0.20174350339440278 2.1173687226429356
26.125499999984463 3.886627586754065 0.8631458860187993 8.629384063164847e-05 -0.03452647714296909 0.19277296087251866 0.04889998698311815 0.20185316642156176 2.115388691881034
26.12599999998446 3.886326713688641 0.8746571604380768 8.651551349962194e-05 -0.034058946876675836 0.19289746900834734 0.04920171843330526 0.2019659736415142 2.113446125152587
26.12649999998446 3.886068400285473 0.886127250215897 8.673566631127772e-05 -0.03359359033196391 0.19302354984583486 0.049502180324516865 0.20208187935428623 2.1115413284974895
26.12699999998446 3.8858529136301625 0.897555465667042 8.69542615431844e-05 -0.03313044014906401 0.1931512072971544 0.04980135441328226 0.20220086509759638 2.1096749625265634
26.127499999984458 3.8856802139145277 0.908941035039948 8.717128298026864e-05 -0.03266952486179594 0.19328043048993726 0.05009921836318007 0.20232289624674854 2.1078474728332193
26.127999999984457 3.8855499781665643 0.9202834003758749 8.738671158692355e-05 -0.03221086232839382 0.1934111969285633 0.0503957574593745 0.20244792693229124 2.1060591609680515
26.128499999984456 3.885462172942036 0.9315818075797139 8.76005222127539e-05 -0.031754481861323715 0.1935434957919248 0.05069095088715698 0.20257592251668044 2.104310527960652
26.128999999984455 3.8854166887135797 0.942835567736866 8.781269949550157e-05 -0.03130040810595469 0.19367731372578345 0.05098477899964151 0.20270684519590634 2.102601966517175
26.129499999984453 3.885413374922806 0.9540439743773015 8.802322435245557e-05 -0.030848666187174384 0.19381263506472388 0.05127722189375592 0.2028406547056113 2.100933888273247
26.129999999984452 3.8854521264563004 0.9652063452102955 8.823207339416591e-05 -0.030399281913056957 0.19394944629975452 0.05156826124845255 0.2029773130894178 2.0993067324278183
26.13049999998445 3.885532548463825 0.9763224246586338 8.843921562273245e-05 -0.02995226431839758 0.1940877239276307 0.051857894410526524 0.2031167741224261 2.097720678941206
26.13099999998445 3.8856548344624193 0.9873908643885048 8.864465223308594e-05 -0.029507661303188597 0.19422746326476106 0.05214607713674097 0.20325900453017756 2.0961764259992934
26.13149999998445 3.8858187443849546 0.9984112157879209 8.884835340365198e-05 -0.029065490236246536 0.19436864637465776 0.052432800032862555 0.20340396243799247 2.094674267047816
26.131999999984448 3.886024159714406 1.009382648572378 8.905029769467492e-05 -0.028625780686179783 0.1945112578032455 0.05271803897395454 0.2035516061478103 2.093214696130234
26.132499999984447 3.886270778194577 1.020304626264341 8.925047258791857e-05 -0.028188550522714434 0.19465527625770854 0.05300178074112589 0.2037018893316084 2.0917979307763064
26.132999999984445 3.8865583904346286 1.0311764679958055 8.944885813824413e-05 -0.027753823379153237 0.1948006834542154 0.053284006726667575 0.20385476781090553 2.090424270033919
26.133499999984444 3.886886810332542 1.0419974702813857 8.964543389376877e-05 -0.02732162465749178 0.1949474617252274 0.053564698087372006 0.20401019800055384 2.0890941551061766
26.133999999984443 3.8872558225766674 1.0527669652831424 8.984018637185113e-05 -0.0268919768148496 0.1950955928780269 0.05384383617306546 0.20416813529851113 2.087807874140417
26.134499999984442 3.887664749548213 1.0634838254825145 9.003311306124936e-05 -0.026464910065690718 0.1952450317268838 0.05412138686818331 0.20432850607625094 2.0865658722384928
26.13499999998444 3.8881141886634096 1.074147700182908 9.02241664448684e-05 -0.02604045155738317 0.195395801541486 0.05439734382514545 0.20449130884363592 2.085368556027438
26.13549999998444 3.8886033879765107 1.0847581747179613 9.041334292328198e-05 -0.02561860797225319 0.19554786077190406 0.05467169813928477 0.20465647681990679 2.084215885420268
26.13599999998444 3.8891321395480736 1.0953144285795504 9.060062870466733e-05 -0.02519940726172852 0.19570118986314028 0.05494442634511388 0.20482396301845393 2.0831082979138253
26.136499999984437 3.8897002309463495 1.1058158263011602 9.078600166351715e-05 -0.024782872523285378 0.19585577053122885 0.05521551227649189 0.20499372287180456 2.0820460625166426
26.136999999984436 3.890307353130112 1.1162616828163616 9.096944977558698e-05 -0.024369025603432154 0.19601157980990797 0.055484937043414326 0.20516570636231657 2.0810294202683477
26.137499999984435 3.8909532793067854 1.1266512851925512 9.115094815388496e-05 -0.023957892327063114 0.19616859778172915 0.05575268244792607 0.20533986695365386 2.0800587765470104
26.137999999984434 3.8916376286805847 1.136984055629141 9.133049284084479e-05 -0.023549489376879326 0.1963267993977692 0.05601873275131453 0.20551615272466264 2.0791341823202156
26.138499999984433 3.892360079958152 1.147259313303848 9.150806860973805e-05 -0.02314383887361318 0.19648616092990512 0.056283069702532586 0.20569451293099794 2.0782559122416107
26.13899999998443 3.8931203035572355 1.157476457716235 9.168366305745554e-05 -0.02274095982061799 0.19664665921701383 0.056545677536017296 0.20587489765093406 2.077424176821814
26.13949999998443 3.893918036159627 1.1676347783726508 9.185725464690663e-05 -0.022340878035905766 0.19680827249571925 0.0568065389219195 0.2060572585920041 2.076639211990094
26.13999999998443 3.8947528730368504 1.1777336522487394 9.202883394990774e-05 -0.021943611503118104 0.1969709739689852 0.05706563665026039 0.20624154178629958 2.075901191762022
26.140499999984428 3.8956241867950725 1.1877721977849043 9.219839516822091e-05 -0.021549183872986155 0.19713472334285895 0.05732294609278826 0.20642767891398192 2.0752103748694064
26.140999999984427 3.8965321627555216 1.1977500521722702 9.236590899300588e-05 -0.0211576168761942 0.19729952373236123 0.05757846113692144 0.2066156480129043 2.0745668630412175
26.141499999984426 3.897476474578215 1.2076661598626264 9.253137697681069e-05 -0.020768941513775886 0.1974653484183666 0.05783214833528126 0.2068053919477525 2.0739710295027685
26.141999999984424 3.898456329844089 1.217520467501401 9.269477848426561e-05 -0.020383155257503963 0.19763215668568201 0.058084013801151614 0.20699684788357972 2.073422677976679
26.142499999984423 3.899471487997438 1.2273122183680922 9.285610250240093e-05 -0.020000283139608003 0.19779992816786188 0.05833403601647271 0.20718996758252303 2.0729220305623777
26.142999999984422 3.9005215755768097 1.2370407165424588 9.301534154969927e-05 -0.019620346820286086 0.19796863661566128 0.0585821965271263 0.20738469770635176 2.0724691819344194
26.14349999998442 3.901606245268625 1.2467053532628176 9.317248250699219e-05 -0.01924336609409384 0.19813825773097216 0.05882848013043279 0.2075809875440263 2.0720642746858258
26.14399999998442 3.9027250558984616 1.2563055369020977 9.332751457793461e-05 -0.01886935837472629 0.1983087629983704 0.059072871923400036 0.20777878227744076 2.071707405577703
26.14449999998442 3.9038776020360837 1.2658406628459817 9.348042381743492e-05 -0.018498342975739396 0.19848012524154815 0.05931535735484016 0.20797802871188367 2.07139859497598
26.144999999984417 3.9050634509070736 1.2753101311185535 9.363120815976998e-05 -0.018130336617449786 0.19865231660542848 0.05955592049742875 0.20817867245436428 2.0711378868229287
26.145499999984416 3.9062822415691127 1.2847133310181336 9.37798527409566e-05 -0.01776535922090026 0.1988253120554418 0.059794546248181216 0.2083806624022904 2.070925386629508
26.145999999984415 3.9075334841958114 1.294049687008686 9.392635187751853e-05 -0.017403426822265776 0.19899908094586524 0.06003122038492159 0.20858394210331727 2.0707610810770047
26.146499999984414 3.9088167134570266 1.3033186470127756 9.407069849467394e-05 -0.017044555041771017 0.19917359413050847 0.06026592928419955 0.20878845678802413 2.070644908200536
26.146999999984413 3.910131559112211 1.3125195808897596 9.421288075231015e-05 -0.016688764185418765 0.19934882594362371 0.06049865731735776 0.20899415492386572 2.070576970155677
26.14749999998441 3.9114775656465826 1.3216519565473328 9.43528922532405e-05 -0.01633606932590486 0.19952474787129243 0.06072939155653318 0.20920098272462848 2.070557196313086
26.14799999998441 3.912854100008796 1.3307154053714054 9.449072305047229e-05 -0.01598647845782794 0.1997013243023613 0.060958125468486675 0.20940888109684183 2.0705854464579057
26.14849999998441 3.9142609289208714 1.3397090447495363 9.462637330995281e-05 -0.015640020563249715 0.19987853410146572 0.06118483371722093 0.20961780104460032 2.0706618421488736
26.148999999984408 3.9156975252214843 1.3486324320751217 9.475983414214935e-05 -0.015296707054382123 0.20005634615872597 0.06140950655182719 0.20982768735328158 2.07078624991425
26.149499999984407 3.917163395438773 1.3574850390997593 9.489109981924422e-05 -0.014956552808973662 0.200234730030037 0.0616321318845265 0.2100384851944069 2.0709585925912877
26.149999999984406 3.9186581241711753 1.3662663023940105 9.502016343072966e-05 -0.014619574633475577 0.2004136588339622 0.06185269576533696 0.2102501428848953 2.0711788044144077
26.150499999984405 3.9201811562682822 1.3749756930603438 9.514702350680928e-05 -0.014285785921055517 0.20059309936135872 0.06207118556729536 0.2104626030165639 2.0714467152392824
26.150999999984403 3.9217320389977277 1.3836126728276998 9.52716713654331e-05 -0.013955202979269783 0.2007730229157235 0.06228758919629242 0.21067581301325583 2.071762233221907
26.151499999984402 3.923310387944534 1.3921767819772681 9.539409645279298e-05 -0.013627838444603633 0.20095340549968949 0.06250189497130625 0.2108897248269793 2.0721250575636687
26.1519999999844 3.924915564172707 1.4006673939520051 9.551431009665953e-05 -0.0133037088507886 0.20113420858421488 0.06271408839462382 0.2111042761650121 2.0725352859781774
26.1524999999844 3.9265471323795422 1.409084048598224 9.563230262919617e-05 -0.01298282665528075 0.20131540553803504 0.06292415840041499 0.21131941700966594 2.0729926794486246
26.1529999999844 3.9282045342640126 1.4174262344442914 9.574807569171137e-05 -0.01266520486586354 0.20149696316510865 0.06313209331396331 0.21153509114390082 2.0734970077793657
26.153499999984398 3.9298872984034112 1.4256934498514293 9.586162411979401e-05 -0.012350857669560454 0.20167885246274123 0.06333788168544022 0.21175124668407672 2.0740481037059104
26.153999999984396 3.9315949179500578 1.433885231203953 9.597294682074818e-05 -0.012039796856909625 0.20186104327176313 0.06354151283533832 0.2119678309379132 2.0746457406136107
26.154499999984395 3.933326855166688 1.4420010833592734 9.608204390461334e-05 -0.01173203509526826 0.2020435036071495 0.06374297545403185 0.21218478955161266 2.0752896749276366
26.154999999984394 3.935082643356336 1.4500405258549591 9.618890759989993e-05 -0.01142758666335934 0.20222620468321745 0.06394225948373299 0.2124020718952906 2.075979709477572
26.155499999984393 3.936861695780877 1.4580031112019554 9.629354536455127e-05 -0.011126460585286258 0.2024091130296248 0.06413935400787157 0.21261962255432218 2.0767155144774887
26.15599999998439 3.9386637581021224 1.4658878804687072 9.639595664393434e-05 -0.0108286888095091 0.20259220550149104 0.06433423183731769 0.2128373924323198 2.077497140092959
26.15649999998439 3.940487937563932 1.4736951186632827 9.649613848071052e-05 -0.01053425381974158 0.2027754408865935 0.06452690858551133 0.21305532582381986 2.0783238499434553
26.15699999998439 3.9423336680585486 1.481424342385822 9.659409900275454e-05 -0.010243166724859608 0.20295878613924148 0.06471737295134736 0.21327336846730635 2.0791953130448437
26.15749999998439 3.94420069056235 1.4890748006832242 9.668982739236818e-05 -0.00995545355375112 0.20314221979787817 0.06490560529196442 0.21349147551643982 2.0801115033962434
26.157999999984387 3.9460883889130067 1.4966461491969707 9.67833299157942e-05 -0.009671120094681702 0.20332570781799347 0.06509159881935903 0.21370959328124273 2.0810720323484246
26.158499999984386 3.947996181926464 1.504138009889452 9.687461166623404e-05 -0.009390174294834273 0.20350921748647058 0.06527534598880345 0.2139276694801328 2.0820764465414374
26.158999999984385 3.9499236155409467 1.5115499431886337 9.69636671744165e-05 -0.009112628896609569 0.203692721115325 0.06545683784700006 0.21414565664916335 2.083124526571599
26.159499999984384 3.951870093735907 1.518881538983937 9.705050496376106e-05 -0.008838492070886425 0.20387618507344749 0.06563606539368576 0.21436350170342416 2.084215832318809
26.159999999984382 3.9538351030945385 1.5261324223502817 9.713512554657784e-05 -0.008567772973728634 0.20405957975557126 0.06581302135790928 0.2145811562183556 2.085349974280495
26.16049999998438 3.9558180986595466 1.5333021717090167 9.721753166278904e-05 -0.008300481718533403 0.20424287361730448 0.06598769696836505 0.21479856976107334 2.0865265759538394
26.16099999998438 3.957818528751922 1.5403904406670554 9.729773063862924e-05 -0.008036624790425505 0.20442603584115324 0.06616008498872052 0.2150156931795102 2.087745204871711
26.16149999998438 3.9598358227626496 1.5473967622540343 9.737572589102212e-05 -0.007776213627519624 0.20460903312277376 0.0663301753123506 0.2152324745264625 2.089005500378838
26.161999999984378 3.9618695287049133 1.55432086707855 9.745151863900043e-05 -0.007519254432211757 0.20479184002153467 0.06649796388756614 0.21544887126140677 2.0903069830518324
26.162499999984377 3.9639190600204444 1.561162367978115 9.752511278974086e-05 -0.007265755831526195 0.2049744232527895 0.0666634434458752 0.2156648327560116 2.091649222361947
26.162999999984375 3.965983824267446 1.5679209174543105 9.759651880577261e-05 -0.00701572349894913 0.20515675016566406 0.06682660645608167 0.21588030907238026 2.0930317209892255
26.163499999984374 3.9680634806718054 1.574596273572427 9.766572820467798e-05 -0.00676916483962528 0.20533880081272737 0.0669874500020505 0.2160952641073195 2.0944541564702046
26.163999999984373 3.970157243838238 1.58118796070429 9.773276322119324e-05 -0.006526087440415086 0.20552053175989787 0.06714596335712081 0.21630963729641575 2.095915810796879
26.164499999984372 3.972264609303001 1.58769575729099 9.779762782739253e-05 -0.006286494464337361 0.20570191578927788 0.06730214341678288 0.2165233859898799 2.0974162593504233
26.16499999998437 3.9743851563334855 1.5941190799456408 9.786032539708101e-05 -0.0060504033534156355 0.2058829255780635 0.06745597614379589 0.21673646472809743 2.098955185103834
26.16549999998437 3.9765182576984914 1.6004579382351283 9.792085984051365e-05 -0.005817808678619018 0.20606353014508083 0.0676074670615762 0.2169488302714623 2.1005319176705286
26.16599999998437 3.978663374707997 1.6067119312430589 9.797924142619611e-05 -0.005588718878623219 0.20624369877382573 0.06775660716720071 0.21716043580132915 2.102145978558913
26.166499999984367 3.9808199194255462 1.612880693809156 9.803547477394106e-05 -0.0053631413394100635 0.20642339853160224 0.06790338931581602 0.2173712332093151 2.103796842678944
26.166999999984366 3.9829876242131412 1.6189641687289202 9.808957222375024e-05 -0.005141077849635078 0.2066026152042108 0.06804781697441818 0.2175811956159335 2.1054839720274634
26.167499999984365 3.9851655050522234 1.6249619295208997 9.814154068369647e-05 -0.004922530842264534 0.20678129634926973 0.0681898796673615 0.21779025579402492 2.1072066835245598
26.167999999984364 3.9873533073270555 1.6308736603110066 9.819138828368626e-05 -0.004707510392098517 0.2069594258494743 0.06832957142893101 0.21799838286945422 2.108964596031455
26.168499999984363 3.9895503344682477 1.6366991965920972 9.823913069006626e-05 -0.004496014652098017 0.2071369679508282 0.06846689121017718 0.21820552887495895 2.1107569723070188
26.16899999998436 3.9917561221223066 1.642438202929736 9.828476634059224e-05 -0.004288052594005407 0.20731389566462344 0.0686018334415648 0.21841165326565232 2.112583368644423
26.16949999998436 3.993970193652101 1.648090451687466 9.83283097123003e-05 -0.004083627207654674 0.20749018328346877 0.0687343943297479 0.2186167174167059 2.1144432138057665
26.16999999998436 3.9961919440721587 1.6536557096835747 9.83697691743616e-05 -0.003882741312249114 0.2076657984387896 0.06886457138807256 0.21882067707093128 2.116335844179418
26.170499999984358 3.998420857540294 1.6591335853945974 9.840915488362879e-05 -0.0036854033109937874 0.20784071165549886 0.06899235579466566 0.21902348909906133 2.118260810605219
26.170999999984357 4.0006564272646665 1.6645241144513627 9.844647728742951e-05 -0.0034916076929084276 0.2080148983413436 0.06911775303029495 0.21922511954654636 2.120217319881674
26.171499999984356 4.002898091431971 1.6698270008905634 9.848174771014805e-05 -0.0033013590008221932 0.20818832780033666 0.06924075753089777 0.21942552565051615 2.1222048025110483
26.171999999984354 4.005145302217109 1.675042083462766 9.851498354337637e-05 -0.0031146563411827274 0.20836097182987162 0.06936136707295407 0.2196246682598321 2.124222671779274
26.172499999984353 4.0073975893322995 1.6801691002462555 9.854618684846918e-05 -0.0029315065000508154 0.2085328038569344 0.06947957911960412 0.21982251006080303 2.126270275551145
26.172999999984352 4.009654400740467 1.685207912462532 9.857536953286871e-05 -0.002751908667151458 0.20870379542994089 0.06959539291574088 0.22001901268588428 2.1283469346011774
26.17349999998435 4.01191526014103 1.6901583426724776 9.860254282317198e-05 -0.002575864480157717 0.20887392125842086 0.06970880654174955 0.22021414071118184 2.130452122378893
26.17399999998435 4.014179588630377 1.6950201956914976 9.862772035925977e-05 -0.0024033750004180247 0.20904315090303177 0.06981981799944334 0.22040785407134597 2.132585121031669
26.17449999998435 4.016446893664484 1.69979330666093 9.865091799352543e-05 -0.0022344404989475793 0.20921145865998408 0.06992842516750969 0.2206001174192561 2.134745338501915
26.174999999984347 4.018716721342156 1.7044774839809271 9.867213917399047e-05 -0.0020690646583347693 0.20937881983482373 0.07003462663208518 0.22079089689450407 2.136932107881869
26.175499999984346 4.020988502185964 1.70907262722094 9.869140236887334e-05 -0.0019072446698994439 0.20954520566584242 0.070138422808822 0.22098015556578862 2.139144737736867
26.175999999984345 4.023261715396381 1.7135786313461956 9.870871502181678e-05 -0.0017489795532498868 0.20971058940707993 0.0702398144669156 0.22116785882060097 2.1413825502014756
26.176499999984344 4.025535905798431 1.7179952898981543 9.87240934551211e-05 -0.0015942720017326313 0.20987494653142547 0.07033879860109887 0.22135397324970282 2.1436449438887295
26.176999999984343 4.027810661007334 1.722322774796845 9.873755321515419e-05 -0.0014431114864531351 0.21003825904682497 0.07043538295566856 0.22153847522788264 2.145931820252601
26.17749999998434 4.030085361088628 1.7265606190170852 9.874909827508653e-05 -0.0012955092724509624 0.21020049103287247 0.07052955864800045 0.22172131926771824 2.148241618414584
26.17799999998434 4.032359542729413 1.730708784380766 9.875874636110185e-05 -0.001151461744647912 0.21036161958828908 0.07062132750382825 0.22190247578240402 2.1505739842232967
26.17849999998434 4.034632752650808 1.7347671831132168 9.876650696073703e-05 -0.0010109681572772655 0.21052162142877126 0.07071069072018132 0.22208191490470144 2.1529282763674895
26.178999999984338 4.036904462693515 1.7387357280163918 9.877239651775977e-05 -0.0008740257964259277 0.21068046992664752 0.07079764889861008 0.22225960366017192 2.155303781417473
26.179499999984337 4.039174255879615 1.7426143574169677 9.877642594641214e-05 -0.0007406329804309203 0.21083814397774428 0.07088220345020525 0.2224355148332838 2.157699881507406
26.179999999984336 4.04144161374175 1.7464029616434957 9.877860944949748e-05 -0.0006107884613601314 0.21099461701206584 0.0709643547988669 0.222609615970722 2.160115866799238
26.180499999984335 4.043706092294585 1.7501014786388387 9.877895884448083e-05 -0.0004844904201669196 0.2111498665694224 0.07104410468951614 0.22278187918766426 2.1625510588987766
26.180999999984333 4.045967206031237 1.7537098518062644 9.877748754350544e-05 -0.00036173594012489977 0.21130386833325063 0.07112145476970351 0.22295227505913698 2.1650047622489574
26.181499999984332 4.048224507753895 1.757228015530616 9.877421181725044e-05 -0.0002425225787770403 0.21145659984122042 0.07119640613564504 0.2231207759941753 2.1674763067242093
26.18199999998433 4.0504775285010535 1.7606559286563068 9.876914228829274e-05 -0.00012684754488918816 0.21160803762260733 0.07126896123565371 0.22328735412557413 2.169965017697271
26.18249999998433 4.052725842798499 1.7639935485066627 9.876229053829628e-05 -1.4708514491109216e-05 0.21175816032557312 0.07133912228855438 0.22345198376768297 2.172470234527564
26.18299999998433 4.054969008743004 1.7672408505179982 9.875367298757244e-05 9.389825435647385e-05 0.21190694616965236 0.0714068917360049 0.223614639143388 2.1749912538609735
26.183499999984328 4.0572065020463395 1.770397788964072 9.874330314579572e-05 0.00019897653101119488 0.212054369091853 0.07147227165658682 0.22377529054468157 2.1775273564141857
26.183999999984326 4.059438023774234 1.7734643247558228 9.873119033784279e-05 0.0003005271831753075 0.21220041389406563 0.07153526396140428 0.22393391874262455 2.1800780290058897
26.184499999984325 4.061663062299381 1.7764405180175018 9.871735127038177e-05 0.00039855769109242007 0.212345056351484 0.0715958739607081 0.22409049728479263 2.182642424352999
26.184999999984324 4.063881195166242 1.7793263220412603 9.870179843692113e-05 0.0004930704351421441 0.2124882752779338 0.0716541035349017 0.2242450017334509 2.1852199255525173
26.185499999984323 4.066092032342304 1.782121789298613 9.868453934117118e-05 0.0005840703496277847 0.21263005196862572 0.07170995788085183 0.22439741129885463 2.1878099276140666
26.185999999984322 4.068295128347108 1.7848268830937222 9.866559536551899e-05 0.0006715613178568153 0.2127703645437462 0.07176343868739594 0.22454770129066548 2.190411662804452
26.18649999998432 4.0704900829971224 1.7874416092311316 9.86449791032565e-05 0.000755547678354028 0.2129091935988055 0.07181454889368641 0.22469584999281048 2.1930245212403587
26.18699999998432 4.072676456139214 1.7899660131374877 9.862270478584598e-05 0.0008360353132989447 0.21304651812901965 0.0718632932998693 0.22484183499928748 2.195647792656401
26.18749999998432 4.074853884673894 1.792400117645526 9.85987812260909e-05 0.0009130277053805013 0.21318232041166857 0.07190967627799758 0.2249856370929054 2.1982808466559707
26.187999999984317 4.077021986247728 1.7947439732507686 9.857322453673765e-05 0.0009865308401145684 0.2133165824873949 0.07195370194033868 0.22512723697971143 2.20092304591775
26.188499999984316 4.079180349139106 1.796997602723336 9.854604843293705e-05 0.001056549645306338 0.21344928453733755 0.07199537406253725 0.2252666137115284 2.203573727025374
26.188999999984315 4.081328563426978 1.7991610714994353 9.851726660448785e-05 0.0011230905461571293 0.21358040729677197 0.07203469768681475 0.22540374749382644 2.2062322156461716
26.189499999984314 4.083466162806014 1.8012343901765044 9.848689691831047e-05 0.0011861589962083561 0.213709928230848 0.07207167625564515 0.2255386151325245 2.2088977109830497
26.189999999984312 4.085592953885129 1.8032177217025729 9.845494369560254e-05 0.0012457614416478923 0.21383783945579057 0.0721063175773259 0.2256712089285032 2.2115698323796416
26.19049999998431 4.087708462983939 1.8051110669180703 9.842142721759927e-05 0.001301903654740766 0.21396411814998983 0.07213862426395523 0.22580150557408857 2.2142478272094177
26.19099999998431 4.089812328768195 1.806914519223346 9.838635812868417e-05 0.00135459196183228 0.2140887475654685 0.07216860248794368 0.22592948886454992 2.216931069190744
26.19149999998431 4.091904314975575 1.8086281778314872 9.834974678272973e-05 0.0014038314630124072 0.21421171714393472 0.07219625809667567 0.22605514855382403 2.2196189943471616
26.191999999984308 4.093983872509682 1.8102521014851032 9.831161447681707e-05 0.0014496314372958055 0.21433300118341586 0.0722215951427069 0.22617845970063374 2.2223108632919857
26.192499999984307 4.096050702788213 1.8117865614918085 9.827196912622554e-05 0.0014920032662452815 0.2144525878078753 0.07224462546725417 0.2262994131679196 2.225006059006891
26.192999999984306 4.09810449224361 1.813231429221081 9.823082523518593e-05 0.0015309462278527935 0.21457046053834353 0.07226534689763699 0.22641799110102806 2.227704063088526
26.193499999984304 4.1001448608381015 1.8145868747847238 9.8188199069172e-05 0.0015664700177070237 0.2146866027226379 0.0722837678310329 0.22653417911819576 2.230404169710121
26.193999999984303 4.1021714838976 1.8158529944604545 9.814410166608724e-05 0.001598581076082613 0.2148009995280874 0.07229989389356595 0.22664796384865915 2.233105822416444
26.194499999984302 4.104184051268018 1.817029921589345 9.809854754567636e-05 0.0016272872350122278 0.21491363735524932 0.07231373168153785 0.22675933360000486 2.2358083945264173
26.1949999999843 4.106182180972464 1.8181177853144834 9.805155412193986e-05 0.0016525982097355405 0.21502449941629403 0.0723252867676974 0.22686827353356467 2.238511291818386
26.1954999999843 4.108165545592842 1.819116683756961 9.800313118549582e-05 0.0016745198283248009 0.21513357054918392 0.0723345656536697 0.22697477080548226 2.2412139203376493
26.1959999999843 4.110133858946167 1.8200267998541282 9.795329300662484e-05 0.0016930618617835825 0.21524083903711194 0.07234157575685471 0.2270788163410504 2.243915700538579
26.196499999984297 4.112086790683324 1.8208482578901681 9.79020534224963e-05 0.0017082321822675444 0.21534629019126655 0.07234632334420993 0.22718039804911577 2.2466160515607916
26.196999999984296 4.114024021656746 1.8215812005818655 9.784942780566911e-05 0.0017200395025044337 0.215449910200669 0.07234881485857307 0.2272795049114781 2.2493144097480418
26.197499999984295 4.115945225838657 1.8222257281400513 9.779543141067533e-05 0.0017284911024770086 0.21555168444991954 0.07234905554849524 0.22737612493278242 2.25201015878733
26.197999999984294 4.1178501074451725 1.8227820766820313 9.774007671497663e-05 0.0017335985157758546 0.21565160118611046 0.0723470547478411 0.2274702503375645 2.2547027727182702
26.198499999984293 4.119738344640721 1.8232503981437227 9.768337652430976e-05 0.0017353701796448693 0.2157496463989499 0.07234281979393009 0.22756187072238038 2.257391637244924
26.19899999998429 4.121609675931042 1.823630809959318 9.76253466595837e-05 0.0017338137490806108 0.21584580892061017 0.07233635563759394 0.22765097778317914 2.260076280643479
26.19949999998429 4.123463832180457 1.8239234860406568 9.756599964275553e-05 0.0017289377693659879 0.21594007749358052 0.07232767023244029 0.22773756425982192 2.262756091948651
26.19999999998429 4.125300473049535 1.8241286215847459 9.750535081625477e-05 0.00172075345915201 0.21603243797797106 0.07231677114231438 0.22782162021990573 2.265430563427082
26.200499999984288 4.127119319849331 1.8242463869312133 9.744341395277879e-05 0.0017092699822028549 0.21612287877905972 0.07230366560694404 0.2279031381877419 2.2680991351526063
26.200999999984287 4.128920152253787 1.8242769769379008 9.738019935418338e-05 0.0016944960697998224 0.21621139127205832 0.07228836185139119 0.22798211397363463 2.2707613387602037
26.201499999984286 4.1307026322600855 1.824220583636781 9.731572675000681e-05 0.0016764435118395392 0.2162979615610219 0.07227086685438253 0.22805853817427135 2.273416567912074
26.201999999984285 4.132466539963319 1.824077392481914 9.725000691771847e-05 0.0016551209351266167 0.2163825810006273 0.07225118833082574 0.22813240673130894 2.2760643939105356
26.202499999984283 4.134211612552628 1.8238476087630182 9.718305391142258e-05 0.0016305386450150856 0.21646523918285734 0.07222933436442645 0.2282037141974088 2.278704250466212
26.202999999984282 4.1359375536426075 1.8235314179776416 9.711488306448976e-05 0.0016027070062068086 0.2165459239654888 0.0722053121815285 0.22827245336011745 2.2813356425808387
26.20349999998428 4.137644120069448 1.8231290289252802 9.704550930707136e-05 0.0015716365099188731 0.21662462602715454 0.07217912963823311 0.22833862003186567 2.283958078909154
26.20399999998428 4.139331110053069 1.822640639639264 9.697494134968064e-05 0.001537335777796464 0.21670133763847038 0.07215079495221227 0.22840221178401976 2.2865711066306713
26.20449999998428 4.140998227287005 1.8220664972414076 9.690319863122656e-05 0.0014998179430505275 0.2167760475364475 0.07212031673888183 0.22846322313646694 2.2891741876277716
26.204999999984278 4.142645256012452 1.8214068097838059 9.683029290550731e-05 0.0014590929478540248 0.21684874764892864 0.07208770278970822 0.2285216514963878 2.2917668854824145
26.205499999984276 4.144271938576254 1.820661807542179 9.675623811647563e-05 0.0014151720067700018 0.21691942811944173 0.07205296183134871 0.22857749302182878 2.294348727771946
26.205999999984275 4.145878043303429 1.819831698556289 9.668104799764676e-05 0.001368065429476661 0.21698808016060203 0.07201610161716503 0.22863074471062947 2.296919220155272
26.206499999984274 4.1474633871744 1.818916735330024 9.660473276467745e-05 0.00131778382127359 0.21705469764527252 0.07197713170392693 0.2286814067920799 2.2994779428132737
26.206999999984273 4.149027728727719 1.817917143480143 9.652730897677066e-05 0.0012643389116119143 0.21711927169081138 0.07193605975746488 0.22872947642545188 2.3020244517686383
26.20749999998427 4.150570852210572 1.8168331609937765 9.644878982290322e-05 0.0012077417424886455 0.21718179458115236 0.07189289450467208 0.2287749523393379 2.304558283731088
26.20799999998427 4.152092521777594 1.8156650345745171 9.636918779314745e-05 0.0011480038810103058 0.21724225769673977 0.07184764500364163 0.22881783264128872 2.30707900682911
26.20849999998427 4.153592579744511 1.8144130138235581 9.628851459012905e-05 0.0010851359814653464 0.21730065619924277 0.07180032023608407 0.2288581191278212 2.3095862064597483
26.208999999984268 4.155070791789285 1.8130773509706624 9.620678564656155e-05 0.001019150449330737 0.21735698182417354 0.0717509287815729 0.22889581035128367 2.3120794614845446
26.209499999984267 4.156527013325555 1.8116585887134993 9.61240071388148e-05 0.0009500670578722263 0.21741123329524184 0.07169948947019275 0.2289309148644167 2.314558307878849
26.209999999984266 4.157961001349709 1.8101565429123625 9.604019935381584e-05 0.0008778839104149488 0.21746339737950338 0.0716459966831242 0.22896342223314667 2.31702240913951
26.210499999984265 4.159372582878615 1.808571646099319 9.595537272920419e-05 0.00080261825742906 0.21751347051213749 0.07159046500518858 0.22899333774143033 2.3194713442596564
26.210999999984264 4.160761568712244 1.8069041513525066 9.586954046547823e-05 0.0007242815720959851 0.21756144646362702 0.0715329033136271 0.22902066244690247 2.321904723007256
26.211499999984262 4.1621278275655325 1.8051543446926397 9.578271224328148e-05 0.0006428855126765992 0.2176073221097218 0.07147332142797444 0.22904540076913393 2.3243222025426005
26.21199999998426 4.163471124336577 1.8033224817277715 9.569490532365752e-05 0.0005584427586314831 0.21765108917131265 0.07141172802848081 0.22906755199239168 2.326723319991155
26.21249999998426 4.164791347913465 1.8014088284584715 9.56061256471542e-05 0.0004709633216836202 0.217692745063686 0.071348132884931 0.22908712125734856 2.32910777676512
26.21299999998426 4.166088302698413 1.7994136746411522 9.551638965974936e-05 0.0003804608705100167 0.2177322838864688 0.0712825452187078 0.22910411050382523 2.331475172461169
26.213499999984258 4.1673618528493845 1.79733730796641 9.542570607581557e-05 0.00028694684245304217 0.21776970218769423 0.07121497530092247 0.22911852442899164 2.3338251734458577
26.213999999984257 4.1686118519508595 1.7951800202179573 9.533408604027546e-05 0.00019043353872076163 0.2178049962118282 0.07114543296991763 0.22913036741611575 2.3361574234868425
26.214499999984255 4.169838131621927 1.792942070883765 9.52415449562819e-05 9.093305283497388e-05 0.21783816100835884 0.0710739265972016 0.22913964236305373 2.3384715626786923
26.214999999984254 4.171040579303992 1.7906237744708233 9.514809083290172e-05 -1.1542424893246474e-05 0.21786919456104983 0.07100046705466571 0.2291463558381168 2.340767282477713
26.215499999984253 4.17221901952142 1.7882254049857826 9.505373986309585e-05 -0.00011697993186954108 0.21789809179191472 0.07092506289318246 0.22915051088152527 2.3430442333820816
26.215999999984252 4.17337333784838 1.7857472568878143 9.495850007925582e-05 -0.00022536805250928348 0.21792485035678427 0.07084772449464304 0.22915211380184725 2.345302085023274
26.21649999998425 4.174503402809405 1.783189618785196 9.48623854215811e-05 -0.000336694089866656 0.21794946737805215 0.07076846092728234 0.22915117009368086 2.347540547406977
26.21699999998425 4.1756090751790405 1.780552801594154 9.476540585138865e-05 -0.00045094539707247333 0.21797193960241318 0.070687282806455 0.22914768547019834 2.349759259453449
26.21749999998425 4.176690253154679 1.777837104201059 9.466757118663463e-05 -0.0005681099465138408 0.21799226548851658 0.07060420000685264 0.22914166714138848 2.3519579635730112
26.217999999984247 4.17774680261777 1.7750428480986193 9.456889656697392e-05 -0.0006881736505439612 0.2180104424799469 0.07051922241082206 0.2291331214440691 2.3541363253470684
26.218499999984246 4.178778611104662 1.772170291529588 9.446938964232693e-05 -0.0008111262111958081 0.21802646794161096 0.07043235905726809 0.22912205448449682 2.356294084689146
26.218999999984245 4.1797857136959085 1.7692197930679645 9.436905515403427e-05 -0.0009369562892366978 0.21804034735460284 0.07034362225337829 0.22910848119030816 2.358430993231769
26.219499999984244 4.180767775851018 1.7661915979976628 9.426791715916232e-05 -0.0010656481640685103 0.21805206807663607 0.07025301847406594 0.22909239752384836 2.3605466747205965
26.219999999984243 4.18172479668709 1.7630860558474695 9.416597975096408e-05 -0.00119719025189008 0.2180616337585329 0.07016055966988224 0.22907381673847158 2.3626409018893755
26.22049999998424 4.1826566607886235 1.7599034648399878 9.40632578853034e-05 -0.001331569383027808 0.21806904249185202 0.07006625483207 0.22905274597028422 2.364713397214138
26.22099999998424 4.183563270597316 1.756644161379354 9.395975923329915e-05 -0.0014687725310616382 0.21807429326869343 0.06997011515525103 0.22902919397366617 2.3667639025744007
26.22149999998424 4.184444510026712 1.7533084333990934 9.385549812086651e-05 -0.0016087871242043907 0.2180773839652636 0.06987214957506038 0.22900316783700533 2.3687921098231617
26.221999999984238 4.18530033570547 1.7498965906019421 9.375048253659204e-05 -0.0017516014723858032 0.2180783159977947 0.06977236801251249 0.22897467841275712 2.3707978381613564
26.222499999984237 4.186130600637877 1.746408947122973 9.364472864310663e-05 -0.0018972011042746218 0.21807708618724786 0.06967077967804391 0.22894373202360646 2.37278078518477
26.222999999984236 4.1869353074728615 1.742845854502414 9.353824034125144e-05 -0.0020455742981364414 0.21807369837418433 0.0695673964653968 0.2289103425967853 2.3747407708687462
26.223499999984234 4.187714304931628 1.7392075945650691 9.343103528964712e-05 -0.002196707417233553 0.21806814889309362 0.06946222640788945 0.2288745157999865 2.3766774933575494
26.223999999984233 4.188467520591344 1.7354944426693493 9.332312283648773e-05 -0.0023505894620625724 0.21806043741235953 0.069355278346643 0.2288362608281936 2.37859074233019
26.224499999984232 4.189194944942439 1.7317068732991108 9.321450883312378e-05 -0.0025072035817082865 0.21805056870164885 0.06924656731209608 0.22879559363200436 2.3804803276953725
26.22499999998423 4.189896451468636 1.7278450677899537 9.310521067378764e-05 -0.0026665400960520693 0.2180385391573168 0.06913609830273305 0.2287525192920633 2.3823459874488098
26.22549999998423 4.190572026849962 1.7239093946265303 9.299523562955641e-05 -0.002828585546437586 0.21802435228901734 0.06902388285964714 0.22870705168897032 2.3841875516840134
26.22599999998423 4.191221565728211 1.7199001707993604 9.288459611124586e-05 -0.002993326441581448 0.21800800678288332 0.06890993063708781 0.2286591996072754 2.386004781095746
26.226499999984227 4.191845009684795 1.7158177192479207 9.277330315158108e-05 -0.0031607498079738268 0.21798950362024322 0.06879425144141282 0.2286089741443519 2.3877974656655976
26.226999999984226 4.192442331844625 1.7116624176820068 9.266136446301782e-05 -0.0033308417425058356 0.21796884573232977 0.06867685722560346 0.2285563889612008 2.3895654158229584
26.227499999984225 4.193013477979539 1.7074348335264966 9.254877806299826e-05 -0.0035035832746177784 0.2179460361972205 0.06855776762199511 0.22850146015103232 2.3913084069066546
26.227999999984224 4.193558375155756 1.7031348446087886 9.243558312072028e-05 -0.003678971029450567 0.2179210721923985 0.06843697335556251 0.22844418980440295 2.393026304613899
26.228499999984223 4.194076983332508 1.6987629872482548 9.232177920207451e-05 -0.003856986942192517 0.21789395725729588 0.06831449269734118 0.22838459420462584 2.3947189009145733
26.22899999998422 4.194569231670594 1.6943195602313876 9.220737852049509e-05 -0.004037618429824688 0.21786469157261815 0.06819033448529402 0.22832268374787726 2.396386008011328
26.22949999998422 4.195035122496126 1.6898048949689897 9.209238906001036e-05 -0.004220853383249092 0.21783327903876368 0.06806450893033394 0.2282584728679097 2.3980274627481744
26.22999999998422 4.195474639223004 1.6852193356068774 9.19768212461721e-05 -0.004406678261960669 0.21779972294491107 0.0679370259477313 0.2281919753690019 2.3996431344694984
26.230499999984218 4.19588766133853 1.680563217776931 9.186068886363752e-05 -0.004595078459634841 0.21776402152232716 0.06780789557243624 0.2281232003054253 2.4012327605267254
26.230999999984217 4.196274177683886 1.6758368660509428 9.174400541263904e-05 -0.004786040488265693 0.21772617833487112 0.06767712644601348 0.22805216148910565 2.4027962431030234
26.231499999984216 4.196634209845206 1.671040645474517 9.162677838471041e-05 -0.004979551308037306 0.21768619854341753 0.06754472976948879 0.22797887508966008 2.4043334250132435
26.231999999984215 4.196967711695936 1.6661748549128177 9.150901671146933e-05 -0.005175599132958073 0.21764408338278396 0.06741071468760951 0.2279033530087076 2.4058441548808247
26.232499999984213 4.197274617827271 1.661239861475206 9.139073612621336e-05 -0.005374168005595767 0.21759983432198904 0.06727509107000121 0.22782560755364267 2.4073282515858168
26.232999999984212 4.197554989074827 1.656236013198271 9.127194431982785e-05 -0.005575245577908038 0.2175534583508022 0.06713786902054505 0.22774565651240875 2.4087856335046167
26.23349999998421 4.197808688114726 1.651163608317102 9.115265596479515e-05 -0.00577881816803736 0.21750495250298843 0.06699905733275376 0.22766350780532246 2.4102160611392898
26.23399999998421 4.198035830553511 1.646023054956704 9.10328791380608e-05 -0.005984871417205151 0.21745432722177604 0.06685866714034987 0.2275791828905707 2.411619531333135
26.23449999998421 4.198236341365514 1.6408150498047194 9.091259876842228e-05 -0.006193384276338846 0.21740158511381114 0.06671672466054822 0.22749270003282185 2.4129957676351257
26.234999999984208 4.198410204341178 1.63553934388975 9.079186467382265e-05 -0.006404355901206235 0.21734672548708592 0.06657321402420345 0.2274040625845994 2.4143447600780856
26.235499999984206 4.198557415572227 1.630196512186852 9.067067365810412e-05 -0.0066177673947848915 0.21728975396285033 0.06642815455667475 0.2273132898453871 2.415666349232392
26.235999999984205 4.198677949913679 1.6247868755994013 9.054904360141553e-05 -0.006833604522494985 0.2172306735827608 0.06628155425270965 0.22722039549772977 2.4169603766880163
26.236499999984204 4.198771863700336 1.6193107718746245 9.042697926150343e-05 -0.007051855459539854 0.21716949089569876 0.06613342300954621 0.22712539725948483 2.418226832469184
26.236999999984203 4.198839084380147 1.6137685539010653 9.030449482302328e-05 -0.007272505118006742 0.21710620671972322 0.06598377074535484 0.22702830732905133 2.4194655051676266
26.237499999984202 4.198879664796101 1.6081605832499046 9.018159917237142e-05 -0.007495540213171089 0.21704082788050058 0.06583260766017203 0.22692914383454252 2.420676333471774
26.2379999999842 4.198893599018864 1.6024871868547106 9.005830383905365e-05 -0.007720947361829772 0.21697335814414315 0.06567994248269222 0.22682792159926105 2.4218592187224393
26.2384999999842 4.198880883643766 1.5967487046631013 8.993462101039371e-05 -0.007948712893831877 0.21690380149402314 0.06552578456173713 0.2267246558750467 2.423014053025089
26.2389999999842 4.198841552520004 1.5909454932705758 8.981056013533333e-05 -0.00817882317227091 0.2168321638466256 0.06537014367135927 0.22661936393544863 2.4241407644271655
26.239499999984197 4.198775611017632 1.5850778927798637 8.968613291884665e-05 -0.0084112647421084 0.2167584495831266 0.06521302925171646 0.22651206154292952 2.425239232542704
26.239999999984196 4.198683087981879 1.579146240688718 8.956134793343957e-05 -0.008646024676326497 0.21668266414167936 0.06505445055533199 0.22640276548508767 2.426309402564786
26.240499999984195 4.198564006388764 1.573150901121454 8.943621965179078e-05 -0.008883088139998377 0.21660481321937583 0.06489441698807079 0.2262914928160696 2.4273511870954647
26.240999999984194 4.198418379672778 1.567092198319215 8.931075635638244e-05 -0.009122442557393275 0.21652490131425595 0.0647329375204578 0.22617825944902112 2.428364508676321
26.241499999984192 4.198246569337073 1.5609705422321114 8.91849499057078e-05 -0.009364080051666722 0.2164429498090621 0.06457002591944891 0.22606309907744895 2.429349450353414
26.24199999998419 4.198048166592586 1.554786204138846 8.905883406706261e-05 -0.009607979822837015 0.21635894353120266 0.06440568640164812 0.22594600718552568 2.4303057380589457
26.24249999998419 4.197823345269065 1.5485395604359453 8.893241292925289e-05 -0.00985413021432622 0.21627289511787393 0.06423992978471245 0.22582700818036042 2.4312333707682945
26.24299999998419 4.197572089881936 1.5422309447864575 8.880569763444598e-05 -0.010102517500581425 0.21618480790443972 0.06407276504423365 0.22570611699496013 2.432132250412595
26.243499999984188 4.197294508775713 1.5358607074543993 8.867869538111296e-05 -0.010353129659089758 0.2160946912008622 0.06390420199888183 0.2255833546431292 2.4330023651659505
26.243999999984187 4.196990589812167 1.5294291841549463 8.85514196271518e-05 -0.010605952177773006 0.21600254872980928 0.06373424889317587 0.22545873627195762 2.4338436358801796
26.244499999984185 4.196660434554318 1.5229367100983393 8.842387628369113e-05 -0.010860973670686865 0.21590838923593514 0.06356291527194834 0.22533228239513375 2.434656045052729
26.244999999984184 4.1963040286807205 1.5163836367118524 8.829608119739001e-05 -0.011118178750364702 0.21581221660976938 0.06339020966075218 0.2252040084403055 2.435439493152043
26.245499999984183 4.195921576119846 1.509770734404119 8.816800669893859e-05 -0.011377548412694952 0.21571404733875305 0.06321616047005926 0.22507394734114675 2.436193986532713
26.245999999984182 4.195512999983234 1.5030976684243214 8.803971196782431e-05 -0.011639081935410396 0.21561387744262367 0.06304074735340892 0.22494209966348735 2.4369194930763887
26.24649999998418 4.195078376391892 1.4963650378674145 8.791118659868567e-05 -0.011902761405975983 0.2155117163423118 0.06286399075995791 0.2248084894841935 2.437615953753333
26.24699999998418 4.194617799003402 1.4895731604783657 8.778244236400007e-05 -0.012168574482182561 0.21540757263363242 0.06268589828952262 0.22467313679478113 2.4382833718203565
26.24749999998418 4.194131315847123 1.482722384745558 8.765348838633762e-05 -0.012436507913850234 0.21530145279747695 0.06250647933515592 0.22453606005421875 2.438921689932776
26.247999999984177 4.193619004980362 1.4758130334317827 8.752433188254788e-05 -0.012706549816778951 0.21519336446591714 0.06232574240597283 0.22439727869308715 2.4395309145060797
26.248499999984176 4.193080954826595 1.468845461701576 8.73949825277433e-05 -0.012978686961634569 0.2150833162312961 0.06214369673112571 0.22425681322918584 2.440111013295992
26.248999999984175 4.1925172179538315 1.4618199905717848 8.726544969095023e-05 -0.01325290685812109 0.2149713145605569 0.061960350551435436 0.224114681947749 2.440661968112823
26.249499999984174 4.191927903355474 1.4547369476213117 8.71357421479848e-05 -0.01352919742447133 0.2148573687502599 0.061775712026928005 0.22397090589107643 2.441183790243918
26.249999999984173 4.1913130895339 1.4475966921926664 8.700586571063058e-05 -0.013807545844760087 0.21474148674324825 0.06158979114015503 0.22382550530188408 2.441676459941908
26.25049999998417 4.1906728505688395 1.4403995417008875 8.687582926210715e-05 -0.014087940116441395 0.2146236759727893 0.06140259605752107 0.2236784995197357 2.44213998013123
26.25099999998417 4.190007282689621 1.4331458188383555 8.674564014178802e-05 -0.014370368496116202 0.21450394496882735 0.06121413512751368 0.22352990904421133 2.4425743369570005
26.25149999998417 4.189316469918771 1.4258358234303077 8.661531017435797e-05 -0.014654818991952295 0.21438230167023337 0.06102441523563675 0.223379753433397 2.4429795407611747
26.251999999984168 4.188600526080832 1.4184699510735734 8.648484545097722e-05 -0.014941277571101032 0.21425875621366305 0.060833446929362794 0.223228055259616 2.443355601697933
26.252499999984167 4.187859535611359 1.4110485180583314 8.635425402918185e-05 -0.015229732455038131 0.2141333165079113 0.06064123832701025 0.22307483447301404 2.4437025210419767
26.252999999984166 4.187093629611539 1.4035718396819883 8.622354367867232e-05 -0.015520172384329213 0.21400599273058818 0.060447797248043715 0.22292011319659888 2.44402034225309
26.253499999984165 4.186302884563085 1.3960402352111336 8.609272178007522e-05 -0.01581258544805989 0.21387679240229426 0.06025313196387169 0.22276391112184668 2.444309051525678
26.253999999984163 4.185487420971389 1.3884540521593491 8.596179625157803e-05 -0.016106958802111864 0.21374572563159336 0.060057250901264125 0.22260625043660992 2.444568680969953
26.254499999984162 4.184647368039933 1.3808136105348496 8.583077554488325e-05 -0.016403280962726238 0.21361280255048282 0.05986016207836992 0.22244715337325044 2.444799277445994
26.25499999998416 4.183782808110912 1.3731192526155425 8.569966790738155e-05 -0.016701538844570603 0.21347803133588908 0.05966187394191587 0.22228664032074577 2.4450008368351384
26.25549999998416 4.182893871348398 1.365371289513861 8.556847963852783e-05 -0.01700172166090802 0.2133414219733295 0.05946239452908095 0.22212473349937714 2.4451733915402594
26.25599999998416 4.181980687304901 1.3575700555290875 8.543721571983173e-05 -0.017303817556113654 0.21320298471131874 0.0592617321610384 0.22196145541637793 2.4453169981690763
26.256499999984158 4.181043382121154 1.349715860162404 8.530588647089434e-05 -0.017607814926455342 0.21306272955283484 0.059059894090415635 0.2217968281129373 2.445431691118296
26.256999999984156 4.180082110327421 1.3418091604421967 8.517448994033388e-05 -0.01791369943391868 0.2129206688469612 0.05885689379267487 0.22163087735369433 2.4455175066029584
26.257499999984155 4.179096948669777 1.333850087453371 8.504304762202535e-05 -0.018221462640667752 0.2127768090012285 0.058652730782459556 0.22146361998700873 2.4455744921355933
26.257999999984154 4.178088043539691 1.3258390297605511 8.491156320300768e-05 -0.01853109151782798 0.21263116151145167 0.05844741560703756 0.2212950803558293 2.4456026862378293
26.258499999984153 4.177055524015284 1.31777630483502 8.478004246652271e-05 -0.018842574601153263 0.21248373648598728 0.058240955891518786 0.22112528085183825 2.4456021487626747
26.25899999998415 4.17599955238436 1.3096622464954277 8.464849105305077e-05 -0.01915590048551288 0.2123345457446369 0.05803335996071902 0.22095424573499953 2.445572936552753
26.25949999998415 4.174920253314856 1.3014971871854584 8.451691879333237e-05 -0.019471056500362387 0.21218359950218885 0.05782463544953956 0.22078199746314853 2.445515102905254
26.25999999998415 4.17381777085118 1.2932814125761616 8.43853307707519e-05 -0.019788032716379696 0.21203090817480694 0.05761478920901965 0.22060855875468136 2.44542871074283
26.260499999984148 4.172692254290614 1.2850152633463874 8.425373263164747e-05 -0.020106817205154795 0.2118764830516619 0.057403829695735244 0.220433953446831 2.4453138142918576
26.260999999984147 4.17154385479999 1.2766990541912668 8.412213313200362e-05 -0.02042739812913552 0.211720335481699 0.05719176363258205 0.22025820501905147 2.4451704988812817
26.261499999984146 4.170372728063847 1.2683331011501418 8.399053803081089e-05 -0.02074976455909979 0.21156247678757165 0.0569785987614934 0.22008133730639934 2.44499883096536
26.261999999984145 4.169179017980824 1.259917738985263 8.385895518993016e-05 -0.0210739040456486 0.21140291811148232 0.05676434266312907 0.21990337381621144 2.444798867888786
26.262499999984144 4.167962923240977 1.2514532681357866 8.372738990088813e-05 -0.021399806559561807 0.21124167273529992 0.05654900221310165 0.2197243401903658 2.44457073245934
26.262999999984142 4.166724557037219 1.2429400171512954 8.35958482677069e-05 -0.021727459980929415 0.21107875010194196 0.05633258537457624 0.2195442584920063 2.4443144584255356
26.26349999998414 4.165464099725667 1.2343782862882207 8.346433800286806e-05 -0.02205685356476937 0.2109141627448783 0.05611509861645873 0.21936315353378188 2.4440301464606633
26.26399999998414 4.16418173242322 1.2257684099604584 8.333286235077719e-05 -0.022387976162469948 0.21074792336577308 0.05589655012256549 0.21918105072118246 2.4437178902056056
26.26449999998414 4.162877619832963 1.21711070839136 8.32014318436083e-05 -0.022720815505652685 0.21058004411646503 0.055676946451667444 0.21899797442788396 2.4433777815543363
26.264999999984138 4.161551927374242 1.208405494170803 8.30700520192893e-05 -0.023055360461969657 0.2104105368678887 0.05545629460006549 0.21881394901110338 2.4430099011410307
26.265499999984137 4.160204861225365 1.1996530610633138 8.293872614593082e-05 -0.023391601599463144 0.21023941509332794 0.055234601433875485 0.21862900054597453 2.442614371228125
26.265999999984135 4.158836565580415 1.1908537213077328 8.280746040563932e-05 -0.023729527628707024 0.2100666895769656 0.05501187418595429 0.21844315245106233 2.4421912694701935
26.266499999984134 4.1574472392065065 1.1820077638235449 8.267626503036094e-05 -0.02406912770835154 0.20989237383971812 0.0547881182088536 0.21825643037853487 2.4417407043501513
26.266999999984133 4.15603706233401 1.1731154789410234 8.254514382455051e-05 -0.02441039181407788 0.20971648014531413 0.05456333984210043 0.21806885914266 2.4412627972368495
26.267499999984132 4.154606242301892 1.1641772558282684 8.241409724255701e-05 -0.024753307626398012 0.2095390229201196 0.05433754926034607 0.2178804663671942 2.440757646943132
26.26799999998413 4.153154967616575 1.1551933693348433 8.228313211917065e-05 -0.0250978653293435 0.20936001481208172 0.054110751981689284 0.2176912771018371 2.440225373260082
26.26849999998413 4.151683437160133 1.1461641338621136 8.215225473634473e-05 -0.025444053711983026 0.20917946942143903 0.05388295453131278 0.21750131743453083 2.4396660990854637
26.26899999998413 4.1501923459942365 1.1370899092249147 8.20214430818689e-05 -0.02579187187357547 0.20899742328226056 0.053654168713006725 0.21731063805909528 2.4390801887394677
26.269499999984127 4.148681206689311 1.1279709198143595 8.189073996841639e-05 -0.026141296167992174 0.20881385775635158 0.05342439379749721 0.21711923085959606 2.4384674241485884
26.269999999984126 4.147150419063782 1.1188074916095145 8.176013800138207e-05 -0.026492320244673042 0.20862879552937397 0.05319363862007817 0.21692713187987142 2.4378280264209757
26.270499999984125 4.1456002357590505 1.1095999541695143 8.162963976368292e-05 -0.026844933699975204 0.20844225274781872 0.052961910645616 0.21673437008277163 2.4371621572173936
26.270999999984124 4.144030859969843 1.1003485892966838 8.14992512641675e-05 -0.027199126600036826 0.20825424288090805 0.05272921543128383 0.21654097147122947 2.436469944345602
26.271499999984123 4.142442470501789 1.0910537022769862 8.136897747025263e-05 -0.02755488798466984 0.20806477839410611 0.05249555938875071 0.216346961188675 2.435751501655991
26.27199999998412 4.14083532769963 1.0817155949220616 8.123882153383278e-05 -0.027912208438629568 0.20787387555337652 0.052260949036953316 0.21615236827697543 2.435006990344929
26.27249999998412 4.139209643699947 1.0723345726324311 8.110878796504081e-05 -0.028271077400229265 0.20768154844479975 0.052025390655581615 0.2159572195011441 2.4342365601432494
26.27299999998412 4.137565617976512 1.0629108540351813 8.097888711277916e-05 -0.02863148616236947 0.20748780992358787 0.05178888700912461 0.21576153986379676 2.4334403446028734
26.273499999984118 4.135903543828174 1.053444853348209 8.084911047942248e-05 -0.02899342382773619 0.20729267844325563 0.0515514497426645 0.2155653616238105 2.4326185186704024
26.273999999984117 4.134223619970343 1.0439368441081873 8.071946600518753e-05 -0.02935688009443544 0.20709616730724756 0.05131308357580322 0.21536871051359316 2.4317712279130013
26.274499999984116 4.132526118042506 1.0343871137792717 8.058995522434993e-05 -0.029721846312991594 0.20689829311684232 0.051073794579457266 0.2151716160083864 2.430898641091276
26.274999999984114 4.130811249575353 1.0247959754624323 8.046058247012573e-05 -0.03008831149339411 0.20669907006934404 0.05083358908069199 0.21497410503332665 2.430000917887729
26.275499999984113 4.129079273984633 1.0151636995807274 8.033135014732308e-05 -0.03045626723716807 0.20649851403843922 0.05059247247455184 0.21477620628271082 2.4290782201641665
26.275999999984112 4.127330451881585 1.0054906094300755 8.02022602089881e-05 -0.030825703276394785 0.20629664157319763 0.050350451700351406 0.21457794922427173 2.4281307372329
26.27649999998411 4.125565023796771 0.9957769770486152 8.007331479144973e-05 -0.031196610800963368 0.20609346767587322 0.05010753208804263 0.21437936168411179 2.4271586302579644
26.27699999998411 4.123783268091962 0.9860231278671481 7.994451624263308e-05 -0.031568979533252675 0.20588900981312414 0.049863720439916395 0.21418047400897633 2.4261620813068734
26.27749999998411 4.1219854330016155 0.9762293535353516 7.981586662487486e-05 -0.031942800064761204 0.2056832835918083 0.049619022642789425 0.2139813146821731 2.425141281076402
26.277999999984107 4.120171792196839 0.9663959248906369 7.968736752741014e-05 -0.032318064021651806 0.2054763056286034 0.049373443840263896 0.2137819131580932 2.4240964114645793
26.278499999984106 4.11834261332916 0.9565231625298797 7.955902051922875e-05 -0.03269476135294282 0.20526809273983068 0.049126990904206976 0.21358229924849964 2.423027664542243
26.278999999984105 4.116498180418878 0.9466113491339223 7.94308256699171e-05 -0.033072883495952055 0.20505866214899027 0.04887966930754241 0.21338250307062492 2.4219352348469383
26.279499999984104 4.114638753533271 0.9366607961996455 7.930278407668012e-05 -0.03345242064810128 0.20484803019905634 0.04863148567528295 0.21318255398281602 2.420819311311496
26.279999999984103 4.112764621967999 0.9266717826303444 7.917489885732185e-05 -0.033833363967827004 0.20463621446278257 0.048382444984206005 0.21298248230708344 2.419680107276328
26.2804999999841 4.110876064478297 0.9166446042674736 7.904716863880819e-05 -0.03421570470350287 0.20442323193408846 0.04813255346954423 0.21278231812402543 2.4185178220713808
26.2809999999841 4.10897337523968 0.906579563128494 7.891959426500756e-05 -0.03459943360660359 0.2042091005732489 0.04788181708946901 0.21258209230935332 2.4173326624688727
26.2814999999841 4.107056836567245 0.8964769380940064 7.879217691199913e-05 -0.034984541961090056 0.2039938375318601 0.04763024095268243 0.21238183486450246 2.4161248407905895
26.281999999984098 4.10512675064219 0.8863370468890943 7.86649163014729e-05 -0.0353710203018137 0.20377746125865012 0.04737783172596442 0.21218157727113296 2.414894570773001
26.282499999984097 4.103183413440378 0.8761601584204173 7.853781175528812e-05 -0.03575886090969332 0.203559989323856 0.04712459464504175 0.21198135014087124 2.413642079728023
26.282999999984096 4.101227133519691 0.865946597960523 7.841086427750326e-05 -0.03614805333867073 0.20334144079014646 0.0468705356443596 0.21178118522280776 2.4123675871463703
26.283499999984095 4.099258200702827 0.8556966393797294 7.828407478201517e-05 -0.03653858961846072 0.20312183298963685 0.04661566029882924 0.21158111294128326 2.4110713121207725
26.283999999984093 4.097276933338653 0.8454105776469778 7.815743977602513e-05 -0.03693046136935892 0.20290118485881073 0.04635997434736708 0.21138116523368758 2.4097535004618
26.284499999984092 4.095283641422205 0.8350887020235153 7.803095907588174e-05 -0.037323660048691566 0.20267951496020334 0.04610348332222293 0.2111813736066135 2.4084143675666394
26.28499999998409 4.093278636318451 0.824731329792342 7.790463225205267e-05 -0.03771817611746083 0.20245684221966118 0.04584619357572951 0.21098176991524134 2.4070541687125226
26.28549999998409 4.09126227934626 0.814338729556417 7.777845808195284e-05 -0.038114002549993066 0.20223318740484014 0.04558811000066862 0.21078238790690065 2.4056731510150042
26.28599999998409 4.08923483437569 0.8039112426433043 7.765243522111416e-05 -0.038511128490309465 0.2020085673996013 0.04532923979637811 0.21058325740892586 2.4042715329934836
26.286499999984088 4.087196652360813 0.7934491079590518 7.752656295217575e-05 -0.038909547126833005 0.20178300230770344 0.045069586189934285 0.21038441120305898 2.402849590743103
26.286999999984086 4.085148059793665 0.782952653630819 7.740083988058913e-05 -0.03930924882695373 0.2015565118947216 0.04480915590052056 0.21018588197836593 2.4014075637353884
26.287499999984085 4.083089383928965 0.772422168735553 7.727526282562687e-05 -0.039710225753179326 0.2013291154257478 0.044547954729176185 0.2099877020638001 2.3999457198505785
26.287999999984084 4.081020962316291 0.7618579011298726 7.714982955859943e-05 -0.04011247164171047 0.2011008321481314 0.044285987424517774 0.2097899038420164 2.398464290015416
26.288499999984083 4.078943118418733 0.7512602191687756 7.702453693748414e-05 -0.040515974313746636 0.20087168244942993 0.04402326042836905 0.2095925200082312 2.396963590610713
26.28899999998408 4.07685622278867 0.7406293874363048 7.689938508779649e-05 -0.0409207274729906 0.20064168737690893 0.043759779021038635 0.20939558474414438 2.3954438503022053
26.28949999998408 4.07476059690335 0.7299657039259001 7.67743713095822e-05 -0.04132672238010677 0.20041086612549336 0.04349554885457217 0.20919913005080426 2.3939053402662993
26.28999999998408 4.072656590752499 0.7192694378117857 7.664949344576572e-05 -0.04173395138586636 0.20017923907094637 0.0432305741554304 0.2090031889591858 2.3923483448999283
26.29049999998408 4.070544578805694 0.7085409194677473 7.652474676413402e-05 -0.04214240574635354 0.19994682816957832 0.04296486183020048 0.2088077963325445 2.390773156930277
26.290999999984077 4.0684249034662034 0.6977804388851527 7.640012932085432e-05 -0.0425520771643729 0.199713653623259 0.042698417040339054 0.20861298505199652 2.389180047565793
26.291499999984076 4.066297939012841 0.6869882904498475 7.627563730544691e-05 -0.042962957947359805 0.19947973704041966 0.04243124536340059 0.20841878952817736 2.3875693144479477
26.291999999984075 4.064164014588869 0.6761647764812468 7.615126656845806e-05 -0.04337503932977456 0.19924509806586135 0.04216335238900503 0.20822524204527562 2.3859412388278285
26.292499999984074 4.06202354727969 0.6653102046478123 7.602701422836528e-05 -0.04378831338052442 0.1990097606250917 0.04189474367355919 0.20803237911498426 2.3842961467885035
26.292999999984072 4.05987684658599 0.6544248520887181 7.59028791613648e-05 -0.04420277160244599 0.1987737432516725 0.041625423833245384 0.20784023174765065 2.3826343029064354
26.29349999998407 4.05772432736374 0.6435090275540734 7.577885267691853e-05 -0.04461840703857239 0.19853706949542588 0.041355399338951736 0.2076488364161366 2.3809560299396386
26.29399999998407 4.05556634874516 0.632563031382178 7.565493295046854e-05 -0.04503521101439795 0.19829976048874667 0.04108467540514337 0.20745822662442587 2.379261635732892
26.29449999998407 4.053403284177664 0.6215871638499868 7.553111424583849e-05 -0.04545317557724411 0.1980618379314112 0.04081325756112582 0.20726843659268326 2.3775514335511896
26.294999999984068 4.0512355268351 0.6105817211857361 7.540739240187081e-05 -0.045872293075127545 0.1978233244350026 0.04054115121419262 0.20707950141010753 2.375825738984177
26.295499999984067 4.049063473512255 0.5995470156926941 7.528376340373341e-05 -0.04629255511610437 0.19758424302693905 0.040268361917044415 0.2068914563803642 2.37408488645039
26.295999999984065 4.046887494750451 0.5884833332922695 7.516022193176357e-05 -0.04671395417806036 0.19734461512199708 0.03999489482191691 0.2067043353304794 2.3723291861258686
26.296499999984064 4.044707965548493 0.57739098385086 7.50367631750874e-05 -0.04713648190806607 0.19710446261553127 0.03972075571637941 0.20651817243116186 2.3705589663041584
26.296999999984063 4.042525278536274 0.5662702692429514 7.491338098754839e-05 -0.04756013072928948 0.1968638080801859 0.039445950390928596 0.20633300261728119 2.368774543375549
26.297499999984062 4.040339868336888 0.5551215060006288 7.479006902433623e-05 -0.04798489261445692 0.19662267640797038 0.03917048435050059 0.20614886281837017 2.366976300447871
26.29799999998406 4.038152093361144 0.5439450046180178 7.466682432345816e-05 -0.04841075860234309 0.1963810888195707 0.038894363124180625 0.20596578618122496 2.365164532648289
26.29849999998406 4.035962364614683 0.5327410325062419 7.454363881807656e-05 -0.048837722864505564 0.19613906832701328 0.03861759161548445 0.20578380811171554 2.3633396190723612
26.29899999998406 4.033771091201598 0.5215099393753932 7.442050838133475e-05 -0.04926577563956319 0.19589663898886941 0.038340176310352206 0.20560296431718122 2.3615018868429094
26.299499999984057 4.0315786969841785 0.510252022501241 7.42974240251203e-05 -0.04969490995457011 0.1956538248681089 0.038062122593271096 0.20542329088304145 2.3596517194096105
26.299999999984056 4.0293855650397505 0.4989675710618318 7.417438065787386e-05 -0.050125118412495076 0.1954106479796711 0.03778343575792517 0.2052448217553243 2.3577894482365247
26.300499999984055 4.02719212376231 0.48765690707835985 7.405137273217122e-05 -0.050556392460444785 0.19516713307105255 0.03750412125205973 0.20506759315083808 2.355915445905896
26.300999999984054 4.024998773546905 0.4763203539934229 7.392839274141181e-05 -0.050988723839800174 0.19492330331826338 0.03722418536799155 0.2048916399261466 2.3540300684673223
26.301499999984053 4.0228059393230895 0.46495820590042214 7.380543435086542e-05 -0.05142210544842956 0.19467918285666688 0.03694363329764583 0.20471699784756486 2.3521337031573557
26.30199999998405 4.020614394072587 0.45357086183368617 7.368246740209191e-05 -0.051856535081645345 0.19443481261427661 0.03666247618893374 0.20454372086995706 2.350226886282584
26.30249999998405 4.018424019999471 0.4421585175770171 7.355951886230136e-05 -0.05229199562299992 0.19419019123700842 0.036380711514359614 0.20437181642582913 2.348309730968597
26.30299999998405 4.016235452904851 0.430721542755762 7.343656943055216e-05 -0.05272848245011595 0.19394535317997375 0.03609834850493031 0.2042013311572193 2.346382732282162
26.303499999984048 4.0140491096624356 0.4192602475802333 7.33136111331232e-05 -0.053165987691022806 0.19370032237204987 0.03581539259687706 0.2040323000925747 2.344446275027188
26.303999999984047 4.011865411732936 0.4077749559289533 7.319063760798127e-05 -0.05360450285934041 0.19345512319689298 0.035531849516628244 0.20386475847481436 2.3425007333007923
26.304499999984046 4.009684773047939 0.39626599011829694 7.306764072319052e-05 -0.054044019850733885 0.19320977949561685 0.03524772538131843 0.20369874108331706 2.340546521863317
26.304999999984044 4.007507656132053 0.38473366537924747 7.294461203211285e-05 -0.05448453121050694 0.1929643175011068 0.034963025652604986 0.20353428490719044 2.338584009805219
26.305499999984043 4.005334483752778 0.37317831594887796 7.282154375700648e-05 -0.05492602847169051 0.19271876161530133 0.034677756771151605 0.2033714249762917 2.3366136378234996
26.305999999984042 4.0031656901893005 0.3616002590793319 7.269842822763928e-05 -0.05536850362219991 0.19247313676577793 0.034391924210818936 0.2032101966455968 2.334635784972674
26.30649999998404 4.00100173649558 0.34999983106540317 7.257525597717231e-05 -0.05581194878496299 0.19222746919588793 0.03410553449812874 0.20305063660090905 2.332650894465433
26.30699999998404 3.998843023039582 0.33837734353312193 7.245202080346038e-05 -0.05625635536507535 0.19198178222001547 0.033818592662904455 0.20289277816875234 2.3306593456509823
26.30749999998404 3.9966900211727485 0.32673315977697615 7.23287119321234e-05 -0.05670171479544692 0.191736102850425 0.03353110608454434 0.2027366584322281 2.328661573123936
26.307999999984037 3.9945431943623517 0.3150675455095058 7.220532165147015e-05 -0.05714802153439604 0.1914904567218507 0.03324307901171675 0.2025823133519262 2.326658008081698
26.308499999984036 3.992402960906199 0.30338089833162446 7.208184227195673e-05 -0.057595264198409525 0.1912448689879297 0.03295451892075583 0.20242977718110902 2.3246490798658126
26.308999999984035 3.990269801727895 0.29167355835072617 7.195826305850932e-05 -0.05804343511499598 0.1909993668975197 0.03266543247295027 0.2022790868919646 2.322635212676284
26.309499999984034 3.988144158024234 0.2799458120845737 7.183457630575018e-05 -0.05849252737742322 0.19075397534522678 0.032375824035211546 0.20213027692793817 2.320616873800663
26.309999999984033 3.9860264421603775 0.2681980783115864 7.171077431051485e-05 -0.058942528963743905 0.1905087193707532 0.032085702238008856 0.20198338091296608 2.31859445425831
26.31049999998403 3.9839171192180904 0.2564306427819175 7.158684626785022e-05 -0.05939343385679496 0.19026362486013604 0.0317950718227465 0.20183843420526643 2.3165684253907526
26.31099999998403 3.981816659474915 0.2446438802701782 7.146278362818781e-05 -0.059845232554975036 0.19001871908084922 0.03150394004535136 0.2016954726786569 2.3145392440563852
26.31149999998403 3.979725509602796 0.23283811693592732 7.133857620142907e-05 -0.060297917022339685 0.18977402760357864 0.031212312595175165 0.2015545306056297 2.3125073473302744
26.311999999984028 3.977644122581724 0.22101371399055653 7.121421657712432e-05 -0.06075147789390349 0.18952957672349705 0.03092019627963681 0.2014156425336738 2.310473192889302
26.312499999984027 3.9755729590474043 0.20917103569174658 7.108969320825428e-05 -0.061205906222132934 0.18928539305328107 0.030627598155421938 0.2012788432711636 2.3084372540586684
26.312999999984026 3.973512496540655 0.19731042501845075 7.09649971890263e-05 -0.061661193729377714 0.1890415038478106 0.03033452445509581 0.20114416810608865 2.306400000860986
26.313499999984025 3.9714631610127697 0.18543223642966877 7.0840119667678e-05 -0.06211733092116755 0.18879793405538858 0.030040981646947358 0.2010116496192818 2.304361884222833
26.313999999984024 3.96942544800328 0.17353684277522027 7.07150500313532e-05 -0.06257430883922513 0.188554712090195 0.029746976882059305 0.20088132370069853 2.302323389648169
26.314499999984022 3.967399773061404 0.161624592357366 7.058978203863987e-05 -0.06303211775901497 0.1883118624319992 0.029452516276469533 0.20075322193382159 2.300284984202868
26.31499999998402 3.9653866276667142 0.14969584968831437 7.046430375406697e-05 -0.06349074896900883 0.1880694132305368 0.02915760660439093 0.2006273795383385 2.29824715789984
26.31549999998402 3.96338647829646 0.1377510035743069 7.033860362540864e-05 -0.06395019307677617 0.1878273915333736 0.028862256136812585 0.20050383047237566 2.296210375561491
26.31599999998402 3.9613997948170727 0.1257903901710784 7.021267223703238e-05 -0.06441044156119004 0.1875858242901276 0.028566470362740397 0.20038260824158224 2.2941751675276385
26.316499999984018 3.9594270197208337 0.11381442375725839 7.008649952562017e-05 -0.0648714833539562 0.1873447377940375 0.02827025788268156 0.20026374512730108 2.292142014763973
26.316999999984017 3.9574686443896017 0.10182345623767726 6.996007653176217e-05 -0.06533330971778523 0.18710416020989984 0.027973624714001874 0.2001472752904014 2.2901114015709294
26.317499999984015 3.955525141738052 0.08981787606331729 6.983339102508054e-05 -0.06579591105895932 0.18686411898198685 0.027676578716810507 0.20003323195024478 2.288083836819095
26.317999999984014 3.9535969517766043 0.07779805004737186 6.970643420249334e-05 -0.06625927768551823 0.1866246398832296 0.027379126723030396 0.19992164632942455 2.2860598328080193
26.318499999984013 3.951684562754375 0.0657643782596458 6.95791957905296e-05 -0.06672339930694268 0.18638575139127958 0.027081276408568857 0.19981255182966587 2.2840399048237607
26.318999999984012 3.9497884099799787 0.05371724201896005 6.945166566101728e-05 -0.06718826583771523 0.1861474791307337 0.026783035224663077 0.19970597895118708 2.282024538763106
26.31949999998401 3.9479089726647802 0.04165705130493479 6.932383480251737e-05 -0.06765386656525314 0.18590985127375037 0.026484411315020287 0.1996019601721392 2.280014250996861
26.31999999998401 3.9460467335518565 0.02958417617893878 6.919568983165411e-05 -0.06812019251571644 0.18567289557338965 0.026185411583691205 0.19950052771557383 2.2780096041361677
26.32049999998401 3.944202144266869 0.017499011876542566 6.906722138588068e-05 -0.06858723331061407 0.18543663864650972 0.0258860439495671 0.19940171212173619 2.276011091053472
26.320999999984007 3.942375753204393 0.005402029480718884 6.893841910595756e-05 -0.06905497630751953 0.18520111281319257 0.02558631732350508 0.19930554827765348 2.274019302547764
26.321499999984006 3.9405678889871365 -0.006706446431799951 6.880927307685507e-05 -0.06952341280113603 0.18496633777288188 0.025286238568524674 0.19921206012080026 2.272034672968998
26.321999999984005 3.938779093316576 -0.01882598148451233 6.867977223246122e-05 -0.06999253182365484 0.18473234501898145 0.024985816039883257 0.19912128166139403 2.2700578045024105
26.322499999984004 3.9370098116992533 -0.03095617884842238 6.854990797370673e-05 -0.07046232257551087 0.1844991609609042 0.024685057384683653 0.1990332418368804 2.2680892009569806
26.322999999984003 3.9352605009025283 -0.04309661807551851 6.841966771680072e-05 -0.07093277401117895 0.184266812693524 0.02438397121102751 0.19894796993478334 2.2661294113364296
26.323499999984 3.9335316552985446 -0.055246898288908164 6.828904131063198e-05 -0.07140387617332664 0.18403532891621718 0.02408256551278546 0.1988654967146227 2.264179025085623
26.323999999984 3.931823710414188 -0.06740654982852216 6.815801961934485e-05 -0.07187561518791731 0.18380473650318574 0.023780849705810077 0.1987858496784352 2.262238539913168
26.324499999984 3.930137143328731 -0.0795751935727845 6.80265910211456e-05 -0.07234798164610863 0.18357506310830118 0.023478831021134447 0.19870905804618325 2.26030854583969
26.324999999983998 3.9284723701423996 -0.09175240417985511 6.789475097162764e-05 -0.07282096275172022 0.18334633424254254 0.02317651757030192 0.19863514760221077 2.2583895668638703
26.325499999983997 3.9268299025106597 -0.1039376961953265 6.776248112244995e-05 -0.07329454668920846 0.18311858010726528 0.02287392045566255 0.19856414880811055 2.2564821861321267
26.325999999983996 3.925210183553875 -0.11613067976325725 6.762977455186463e-05 -0.07376872265421666 0.18289182705088725 0.02257104690559518 0.19849608812886207 2.2545869552058235
26.326499999983994 3.9236136287762315 -0.12833088101448617 6.749662106412704e-05 -0.07424347671691812 0.18266610088136798 0.02226790683742714 0.19843099032444 2.252704434090532
26.326999999983993 3.9220407619635784 -0.14053787386810174 6.736301000987761e-05 -0.07471879828373716 0.18244143209287664 0.021964508771242938 0.19836888517765966 2.2508352206144826
26.327499999983992 3.9204920005414925 -0.15275119668355192 6.722893201496111e-05 -0.07519467396139046 0.18221784645824862 0.02166086237198612 0.19830979682995947 2.2489798653049924
26.32799999998399 3.9189677954160125 -0.16497040099107976 6.709437666396742e-05 -0.07567109127459845 0.18199537125972917 0.021356976776137605 0.1982537507127463 2.247138959278619
26.32849999998399 3.9174685887817744 -0.1771950516925735 6.695933563552985e-05 -0.07614803783333501 0.1817740332446275 0.021052860554421064 0.1982007713542252 2.2453130594754893
26.32899999998399 3.915994854643622 -0.1894246537729359 6.682379693909744e-05 -0.07662550024330335 0.1815538611906004 0.020748524658730658 0.19815088462145766 2.2435027763343056
26.329499999983987 3.9145470851716118 -0.20165874161893926 6.668774135810382e-05 -0.07710346590599594 0.18133488449788565 0.020443978378908625 0.19810411667235966 2.241708716284296
26.329999999983986 3.913125618027507 -0.2138968714564836 6.65511759415951e-05 -0.07758192065364809 0.18111712510131003 0.020139231120039413 0.19806048583041216 2.23993137600477
26.330499999983985 3.911730944362973 -0.2261385583157468 6.641408240286805e-05 -0.0780608516098247 0.18090061246588388 0.019834293134855185 0.19802001749505613 2.2381713871965454
26.330999999983984 3.9103634661633473 -0.23838334214038723 6.627645602251164e-05 -0.07854024491330927 0.18068537177650276 0.019529173949671626 0.19798273227787358 2.236429324668749
26.331499999983983 3.909023637236171 -0.25063071897035094 6.613828597168119e-05 -0.07902008591501891 0.1804714310973985 0.019223884052209504 0.19794865278251533 2.2347057898497127
26.33199999998398 3.907711881762872 -0.2628802040776312 6.59995638969019e-05 -0.07950036054943445 0.18025881683058945 0.018918433911356846 0.19791779989256258 2.233001383678031
26.33249999998398 3.9064286366541667 -0.27513131174144556 6.586027986759139e-05 -0.07998105499887662 0.18004755594745434 0.018612834050353126 0.19789019468576763 2.231316684069956
26.33299999998398 3.9051743505044505 -0.28738357810290527 6.572042241849524e-05 -0.08046215652361675 0.1798376756841187 0.018307094401755982 0.1978658584327576 2.229652304912795
26.333499999983978 3.903949364115759 -0.29963644300707476 6.557998869156101e-05 -0.08094364600225509 0.17962919962808424 0.018001226591146377 0.19784480621424033 2.2280088007188135
26.333999999983977 3.902754184555976 -0.3118894295396887 6.543896589954414e-05 -0.08142551131540879 0.17942215793126007 0.017695241150381544 0.1978270613668816 2.226386813698265
26.334499999983976 3.9015891164398186 -0.32414203400252983 6.529734909191181e-05 -0.0819077356677813 0.17921657162620303 0.017389148923942256 0.19781263662357906 2.224786916569168
26.334999999983975 3.900454696602353 -0.3363937124051306 6.515513101764797e-05 -0.08239030337896844 0.17901247339127807 0.017082960816427795 0.1978015552790147 2.223209730366828
26.335499999983973 3.8993512087491067 -0.34864399066323987 6.501229685766189e-05 -0.08287320034151105 0.17880988243671414 0.016776688492329675 0.19779382869201056 2.2216558405983666
26.335999999983972 3.8982790673103027 -0.3608923160999481 6.4868848914266e-05 -0.08335640815479527 0.17860882586449897 0.01647034303217621 0.1977894730686173 2.2201258002776885
26.33649999998397 3.8972387605755494 -0.37313817645882286 6.472477014505163e-05 -0.08383991374599317 0.1784093332266574 0.016163936401001507 0.19778850866339953 2.2186202946870908
26.33699999998397 3.896230652881481 -0.3853810260867738 6.458005855480725e-05 -0.08432369909366298 0.17821142899280573 0.015857480172390997 0.19779094855405854 2.217139881188177
26.33749999998397 3.8952551111730354 -0.39762033850568934 6.443470312369895e-05 -0.08480774815748758 0.1780151372222563 0.015550986282225156 0.1977968058441605 2.2156851688800843
26.337999999983968 3.894312496058026 -0.4098555714558733 6.428870108013793e-05 -0.08529204305556762 0.17782048216851837 0.015244466230290372 0.19780609251962797 2.214256737190412
26.338499999983966 3.8934031242291933 -0.4220861905846846 6.414204526836092e-05 -0.08577656631630709 0.17762748567509368 0.014937931925109225 0.19781881813030486 2.212855159689486
26.338999999983965 3.892527531917302 -0.4343116054860233 6.3994723970793e-05 -0.08626130238244582 0.1774361805495612 0.014631397589396505 0.19783500259597953 2.2114811226316604
26.339499999983964 3.891686003760724 -0.446531296777839 6.384673593524475e-05 -0.08674623315617519 0.17724658720066822 0.014324874132543599 0.1978546528641235 2.2101351519808192
26.339999999983963 3.8908789304479976 -0.4587446725346639 6.369807256630543e-05 -0.08723133997819411 0.1770587316598556 0.014018374918185196 0.1978777803765113 2.2088178702709786
26.34049999998396 3.890106646794008 -0.47095119359698956 6.354872713362547e-05 -0.08771660547164772 0.17687263678255116 0.013711911991594107 0.19790439370652232 2.2075298796621516
26.34099999998396 3.8893695149890317 -0.4831502840607105 6.339869621335286e-05 -0.08820201106648219 0.1766883271502834 0.013405498423615832 0.19793450203368534 2.2062717414940067
26.34149999998396 3.8886678788753453 -0.4953413608185223 6.324797485063755e-05 -0.08868753771292834 0.17650582656723854 0.013099147446849506 0.19796811314350723 2.2050440513350344
26.34199999998396 3.8880020966504683 -0.5075238857390445 6.309655545138147e-05 -0.0891731687142178 0.17632515885213965 0.012792871396582965 0.19800523533820044 2.2038474151862246
26.342499999983957 3.8873724717416707 -0.5196972225025657 6.294443623492017e-05 -0.08965888196919534 0.17614634662546927 0.012486684611465737 0.19804587306493485 2.202682397308579
26.342999999983956 3.88677931999017 -0.5318607946114283 6.279161134887528e-05 -0.09014465857960241 0.1759694121819329 0.01218060042272437 0.19809003135126754 2.2015495687139155
26.343499999983955 3.8862229968486823 -0.5440140091496147 6.263807648264702e-05 -0.09063047954532355 0.1757943799479507 0.011874632683959416 0.1981377166146787 2.2004495069400423
26.343999999983954 3.8857038205268264 -0.5561562793552806 6.248382741929652e-05 -0.09111632515202756 0.17562127256834006 0.011568794564597463 0.19818893282777186 2.199382829972838
26.344499999983952 3.885222018854457 -0.5682869925630134 6.232886490352002e-05 -0.09160217317620702 0.17545010879175144 0.011263100000783757 0.19824367890873315 2.1983500459068472
26.34499999998395 3.884777973980042 -0.580405543605194 6.217318199511237e-05 -0.09208800496864214 0.17528091431943446 0.010957563497838267 0.19830196111377907 2.1973517195126715
26.34549999998395 3.8843719548807174 -0.5925113361195469 6.201677738280378e-05 -0.09257379938161758 0.1751137097278917 0.010652198241122922 0.19836377944065411 2.1963884652206453
26.34599999998395 3.8840042209511956 -0.6046037291747517 6.18596477339054e-05 -0.09305953475264865 0.1749485152077959 0.010347020109461593 0.19842913295919382 2.1954607667716566
26.346499999983948 3.883675089278516 -0.6166820943936042 6.170178910144716e-05 -0.09354518994007878 0.17478535386075686 0.010042043630292218 0.1984980229761196 2.1945692181442276
26.346999999983947 3.8833848017800365 -0.6287458241638755 6.154320284662904e-05 -0.09403074323422955 0.17462424502153945 0.009737282754964285 0.19857044668825816 2.193714343492568
26.347499999983945 3.883133633228591 -0.6407942893736029 6.138388537099354e-05 -0.09451617315584032 0.17446520964726625 0.009432752451185085 0.19864640239403958 2.1928966958301364
26.347999999983944 3.8829217452654587 -0.6528268596089442 6.122384016746322e-05 -0.09500145608386502 0.17430826342738157 0.009128467527027844 0.19872588225119542 2.1921167416006546
26.348499999983943 3.882749523329616 -0.6648428713661559 6.10630611355753e-05 -0.0954865708680959 0.17415343313106768 0.00882444376621317 0.19880888887388365 2.1913751133039336
26.348999999983942 3.882617163440452 -0.6768416948619376 6.090154954409043e-05 -0.09597149444271347 0.17400073607705474 0.008520695892305523 0.19889541512919245 2.1906722858351158
26.34949999998394 3.882524853200635 -0.6888226705537019 6.073930612607394e-05 -0.09645620298972127 0.1738501894355455 0.008217240110010479 0.19898545297833944 2.1900087374593697
26.34999999998394 3.882472861410066 -0.7007851524434882 6.057632915594931e-05 -0.09694067410868734 0.1737018141729088 0.007914091657941791 0.1990789978636038 2.1893850036406737
26.35049999998394 3.8824613760102666 -0.712728477403982 6.041262253267996e-05 -0.09742488324762101 0.1735556277031612 0.007611266274027613 0.19917604062121788 2.1888015639992977
26.350999999983937 3.8824906032693662 -0.7246519872486821 6.024818471679557e-05 -0.09790880677413401 0.17341164811464532 0.007308779696849042 0.1992765726482402 2.1882589100672187
26.351499999983936 3.882560733887942 -0.7365550358342257 6.008301978290549e-05 -0.09839242094831419 0.17326989272582335 0.007006647379943427 0.19938058414197574 2.1877575034693617
26.351999999983935 3.88267196601383 -0.7484369136544246 5.9917127688078714e-05 -0.09887570035106504 0.17313037975150608 0.0067048869456400465 0.19948806486045256 2.1872978159166667
26.352499999983934 3.8828244750479217 -0.7602969655854159 5.975051001283276e-05 -0.09935862093224784 0.17299312582362425 0.006403514186876144 0.19959900332849342 2.1868803458240365
26.352999999983933 3.883018436613419 -0.7721345035259011 5.958316976800223e-05 -0.09984115742918716 0.17285814790037246 0.0061025459803113625 0.19971338733241842 2.186505494661626
26.35349999998393 3.8832539899943908 -0.7839488807598212 5.941511089093238e-05 -0.10032328511521614 0.17272546099450187 0.005801997399042223 0.19983120273343358 2.186173726004138
26.35399999998393 3.883531292554916 -0.7957393873711747 5.924633833099585e-05 -0.10080497767302352 0.17259508142486416 0.00550188613739937 0.19995243536097068 2.18588547510764
26.35449999998393 3.883850484267129 -0.8075053273154698 5.907685349605815e-05 -0.10128620930932873 0.1724670245501459 0.005202229446247377 0.20007707001214603 2.1856411382259955
26.354999999983928 3.8842116560422557 -0.8192460019773573 5.890666208633562e-05 -0.10176695289110996 0.17234130350313873 0.004903044345154451 0.2002050884412105 2.185441099497202
26.355499999983927 3.8846150036203757 -0.8309607220217281 5.873576597298101e-05 -0.10224718383099474 0.17221793616805214 0.004604348187972265 0.2003364773614346 2.1852858290918977
26.355999999983926 3.8850605880079754 -0.8426487770683195 5.85641717291798e-05 -0.10272687422971401 0.1720969343713421 0.004306158498190888 0.20047121616340102 2.185175665093093
26.356499999983924 3.885548531538457 -0.8543094854496575 5.839188549588288e-05 -0.10320599788580889 0.1719783126570724 0.00400849162606974 0.20060928699612987 2.1851109931404284
26.356999999983923 3.886078905935238 -0.8659421198178332 5.8218911827840234e-05 -0.1036845268748534 0.17186208342597487 0.003711366007690871 0.20075066891649945 2.185092187299844
26.357499999983922 3.8866517504340496 -0.8775459650533401 5.8045260668267466e-05 -0.10416243275888712 0.17174825758254636 0.003414799464223527 0.20089533901081735 2.1851194935243483
26.35799999998392 3.887267237879634 -0.889120304802127 5.787093218570884e-05 -0.10463968969784761 0.171636852180851 0.0031188101073442074 0.20104328057186793 2.1851934088023675
26.35849999998392 3.8879253371546776 -0.9006644344970496 5.769593985114469e-05 -0.10511626832936054 0.17152787469197966 0.002823415352183966 0.20119446646985237 2.18531412414734
26.35899999998392 3.888626145264815 -0.9121776400854167 5.7520287205135655e-05 -0.10559214139983955 0.17142133868989798 0.002528632898430988 0.20134887550710448 2.1854820282363234
26.359499999983917 3.8893697115218338 -0.9236592146092815 5.734398147008935e-05 -0.10606728187687914 0.17131725516458493 0.0022344814000014174 0.2015064840371242 2.1856973873690015
26.359999999983916 3.8901560627433156 -0.9351083998512116 5.7167029747133484e-05 -0.10654165915566793 0.1712156349594024 0.0019409792607810185 0.20166726603661944 2.18596032150318
26.360499999983915 3.8909851488653286 -0.9465244599611095 5.698944552295442e-05 -0.10701524316195674 0.17111648486174008 0.0016481456076131423 0.2018311919510826 2.186271389070441
26.360999999983914 3.8918570247808 -0.9579066475397453 5.681123688105623e-05 -0.10748800451186706 0.17101981686777054 0.0013559991751914018 0.2019982366487194 2.1866306597648784
26.361499999983913 3.8927716701200836 -0.9692542603900562 5.6632411295398715e-05 -0.10795991508265117 0.17092563867326346 0.0010645580803617595 0.20216837167178928 2.187038413023938
26.36199999998391 3.8937291051064813 -0.9805665315569025 5.645297825004482e-05 -0.10843094435727355 0.17083396078696955 0.0007738417817673899 0.20234156934124342 2.1874948843550452
26.36249999998391 3.894729338114206 -0.9918427547884978 5.627294638562373e-05 -0.10890106429584889 0.17074479240143364 0.00048386842564246456 0.20251780184870322 2.1880003087917133
26.36299999998391 3.89577223808288 -1.003082143179836 5.6092330760926275e-05 -0.10937024127432804 0.17065813710738006 0.00019465815377115153 0.20269703335067066 2.1885547911100893
26.363499999983908 3.896857786871779 -1.014283971179384 5.591113999940011e-05 -0.10983844650343502 0.17057400292399882 -9.37698576981014e-05 0.2028792340201198 2.189158516837006
26.363999999983907 3.897985978358736 -1.0254474834926492 5.57293837031195e-05 -0.11030564960755965 0.17049239895319898 -0.00038139639592701165 0.20306437378174763 2.1898116973264483
26.364499999983906 3.8991566505137323 -1.0365719536565123 5.554707867826548e-05 -0.11077181871742667 0.1704133266665923 -0.0006682029628306569 0.20325241504774472 2.190514389305024
26.364999999983905 3.900369761851585 -1.0476566063476356 5.536423381822544e-05 -0.1112369229433986 0.17033679348734232 -0.0009541688649425096 0.2034433254734299 2.191266716624086
26.365499999983903 3.9016247892771263 -1.0587008324357223 5.518089541122502e-05 -0.11170092355424115 0.170262783931898 -0.0012392843272974884 0.2036370490376309 2.1920686595125645
26.365999999983902 3.9029225503365343 -1.0697035621241948 5.499699935646097e-05 -0.11216380506818424 0.1701913459335501 -0.0015235080051920562 0.20383359505903054 2.1929206777737162
26.3664999999839 3.9042623325490338 -1.0806642517823672 5.481261269503551e-05 -0.11262552557402951 0.17012245506847026 -0.0018068342181534686 0.20403289778670977 2.1938224798855774
26.3669999999839 3.9056441875882375 -1.091582136697925 5.4627735466612725e-05 -0.1130860568488769 0.17005612283282834 -0.002089241900387197 0.20423492869311005 2.1947743397723958
26.3674999999839 3.9070679422853747 -1.1024564173533635 5.444238193383497e-05 -0.11354536525335099 0.1699923506722662 -0.0023707093108075775 0.2044396476230478 2.1957762074864773
26.367999999983898 3.908533423589028 -1.1132863519078278 5.425657084278037e-05 -0.1140034180053532 0.16993113968643808 -0.002651217535632223 0.2046470144088505 2.1968280746759334
26.368499999983896 3.9100405317895253 -1.1240711712492197 5.407031244256769e-05 -0.1144601835862622 0.1698724944897854 -0.002930745999660044 0.20485699227240828 2.197930007838338
26.368999999983895 3.9115890266170954 -1.134810122081658 5.388362549754213e-05 -0.11491562859197561 0.16981641292367497 -0.0032092745141865026 0.2050695375619216 2.199081887361893
26.369499999983894 3.91317876002711 -1.1455024462919814 5.3696523845692846e-05 -0.11536972086655584 0.16976289721054533 -0.003486782984461882 0.2052846107669202 2.2002837407603844
26.369999999983893 3.9148095983041644 -1.1561473759830223 5.3509019421405265e-05 -0.11582242833042895 0.16971195036433473 -0.0037632508302878663 0.20550217287813632 2.2015355184218484
26.370499999983892 3.916481237434602 -1.1667441575560564 5.332113469383256e-05 -0.11627371634230865 0.16966356726117476 -0.004038658000647103 0.20572217655441288 2.20283703625167
26.37099999998389 3.91819354797682 -1.1772920066698536 5.313288216870778e-05 -0.11672355237242384 0.16961775123237702 -0.004312983330673938 0.20594458244094982 2.204188290493305
26.37149999998389 3.9199462053400342 -1.1877901397997461 5.294428364779914e-05 -0.11717190019057662 0.16957449656621065 -0.004586206092658106 0.2061693414799557 2.205589116808065
26.37199999998389 3.9217391442023315 -1.1982379178021942 5.2755343966407134e-05 -0.11761873460635947 0.16953380762188874 -0.00485830837073657 0.20639641910024015 2.207039243950743
26.372499999983887 3.9235719671342655 -1.2086344549647943 5.256609421732366e-05 -0.1180640141698493 0.169495676583362 -0.00512926676255104 0.2066257612203073 2.208538839442534
26.372999999983886 3.9254445236657975 -1.2189790280580493 5.237654505274712e-05 -0.11850770808448718 0.16946010511737072 -0.005399061823440843 0.20685732757241573 2.210087581704815
26.373499999983885 3.9273564156716474 -1.229270873783421 5.218672391392305e-05 -0.11894978008672706 0.16942708368554818 -0.005667673052674342 0.20709106544393094 2.2116851590844337
26.373999999983884 3.9293077152755767 -1.2395091384557684 5.1996614203516655e-05 -0.11939020352232857 0.16939662440793887 -0.005935072178245392 0.20732694504011853 2.21333158827327
26.374499999983883 3.9312977975625736 -1.2496931176303736 5.180626022220673e-05 -0.11982893733816041 0.16936870727063283 -0.006201243454258576 0.207564902251072 2.2150264492146725
26.37499999998388 3.9333263702278254 -1.2598221038557806 5.16156914687308e-05 -0.12026594700594927 0.1693433276921548 -0.00646616983593498 0.20780488924815382 2.216769487784125
26.37549999998388 3.9353931682001875 -1.269895357054216 5.1424916805636536e-05 -0.12070120148038554 0.16932048147040785 -0.006729829306087514 0.20804686031437347 2.2185604233901195
26.37599999998388 3.9374980255654806 -1.2799119786843127 5.123394843435225e-05 -0.12113466356827081 0.16930017154749055 -0.006992197132297217 0.20829077181801595 2.2203990957011217
26.376499999983878 3.9396403624423524 -1.2898713650689992 5.10428223981287e-05 -0.12156629994805146 0.16928237782875405 -0.007253257067546386 0.20853656385512964 2.222284928215368
26.376999999983877 3.94181999203974 -1.299772727890407 5.085154872880105e-05 -0.12199607755922617 0.1692671008441042 -0.007512987273415636 0.20878419323736022 2.2242178129478543
26.377499999983876 3.9440364949141897 -1.3096153444446912 5.066015444446705e-05 -0.12242396125585886 0.16925432954785635 -0.007771368108527819 0.20903360620376005 2.226197326261642
26.377999999983874 3.946289506852918 -1.3193984113253006 5.0468657284505684e-05 -0.12284991530909573 0.16924405597682032 -0.008028376446587156 0.20928475100519198 2.2282230874989457
26.378499999983873 3.9485786651654564 -1.3291212199203577 5.027707768675146e-05 -0.12327390637403152 0.16923627148019676 -0.008283992832789966 0.20953757685552743 2.230294743878192
26.378999999983872 3.9509035995252075 -1.3387829983600363 5.008543895841999e-05 -0.12369589842266887 0.16923096785156463 -0.008538196256258315 0.2097920316930052 2.232411891605518
26.37949999998387 3.953263918117228 -1.3483830377275374 4.989376186274611e-05 -0.12411585856010157 0.1692281348116694 -0.008790966224740742 0.2100480636547555 2.234574070138894
26.37999999998387 3.955659141892973 -1.357920593533254 4.970206996435354e-05 -0.12453375069359407 0.1692277584871545 -0.009042281910713778 0.21030561610797213 2.2367807665509947
26.38049999998387 3.958088939176831 -1.3673949277780741 4.951038101106103e-05 -0.12494954120348249 0.16922983188565927 -0.009292122707428204 0.2105646394611858 2.2390316688102136
26.380999999983867 3.9605528641772025 -1.3768053048645528 4.9318721374910535e-05 -0.12536319490488876 0.16923434266356488 -0.009540467717086318 0.2108250789109085 2.2413261349545177
26.381499999983866 3.9630504785798033 -1.386150983982791 4.912711138251528e-05 -0.1257746765228742 0.16924127873983277 -0.009787296176941185 0.21108687986320365 2.243663764823238
26.381999999983865 3.965581240771448 -1.3954311984751584 4.893558535539581e-05 -0.12618394739402367 0.16925062379850245 -0.010032587056638448 0.21134998234958283 2.246043911849264
26.382499999983864 3.968144818822096 -1.4046453277895963 4.874414990019869e-05 -0.12659097987132129 0.16926236902670086 -0.010276321581414942 0.21161433916102423 2.2484661588473265
26.382999999983863 3.970740697255615 -1.413792630318046 4.855283737320896e-05 -0.12699573652954005 0.16927649898361863 -0.010518479536359163 0.2118798919590724 2.2509299285793407
26.38349999998386 3.9733684375068496 -1.4228723691225782 4.836166772743001e-05 -0.12739818304685344 0.1692930013328731 -0.010759039329775783 0.2121465867536676 2.2534345952242703
26.38399999998386 3.976027517874577 -1.4318838983215185 4.8170670663950415e-05 -0.12779828525288184 0.16931185938740095 -0.01099798379496226 0.2124143664876513 2.255979605946738
26.38449999998386 3.9787174862471346 -1.4408264384969454 4.7979863671613e-05 -0.12819600811243007 0.16933306026173606 -0.011235288896768846 0.21268317636842088 2.258564334320924
26.384999999983858 3.981437657052478 -1.449699356357843 4.778928226333754e-05 -0.12859131462259746 0.16935657949355087 -0.01147093857955502 0.21295295171943307 2.2611880801826714
26.385499999983857 3.984187844923062 -1.4585018333222444 4.7598918128188196e-05 -0.12898417664817063 0.1693824161665091 -0.011704903891185734 0.21322365137834232 2.2638503561150527
26.385999999983856 3.986967335371613 -1.467233321606243 4.740882881975589e-05 -0.12937455600462128 0.16941054460933108 -0.011937174566689619 0.21349520955482507 2.266550380184797
26.386499999983855 3.989775604353751 -1.4758930771549137 4.721903206719022e-05 -0.129762417655285 0.1694409482259513 -0.012167727910431901 0.21376756904160282 2.2692875083596524
26.386999999983853 3.992612137189066 -1.484480430923747 4.7029550502648756e-05 -0.1301477285396123 0.1694736102643611 -0.012396544202653187 0.2140406740043245 2.2720610478529584
26.387499999983852 3.9954764233510494 -1.4929947960153087 4.684040179690217e-05 -0.13053045872615904 0.16950851321203814 -0.012623606025188402 0.21431447019670977 2.274870303833543
26.38799999998385 3.9983678262981353 -1.5014353655386592 4.665162607602957e-05 -0.13091056650967428 0.16954563663687536 -0.012848891235645579 0.2145888937770841 2.277714562437389
26.38849999998385 4.001285788418913 -1.5098015068176305 4.646324615108497e-05 -0.13128801977892815 0.16958496130045042 -0.013072380687854773 0.21486388801656664 2.2805930521306097
26.38899999998385 4.004229723667271 -1.5180926091283835 4.627528852300257e-05 -0.13166278551907293 0.1696264665959802 -0.013294057298887354 0.21513939485818187 2.2835049944179215
26.389499999983848 4.007199111598572 -1.5263080016988217 4.608777535776875e-05 -0.1320348311079004 0.169670135380714 -0.013513900631465323 0.21541535919260427 2.2864496611729157
26.389999999983846 4.010193365234679 -1.5344470167936588 4.59007320454787e-05 -0.13240412207364285 0.16971594751342742 -0.013731891272396296 0.21569172265154146 2.2894263048545285
26.390499999983845 4.01321186594568 -1.5425090541961362 4.5714186189469376e-05 -0.13277062586524815 0.16976388064452613 -0.013948011759289645 0.21596842661874419 2.292434117786024
26.390999999983844 4.016253972444664 -1.5504935170933265 4.552817260762662e-05 -0.13313430840610535 0.1698139116198685 -0.014162245829147962 0.2162454111914001 2.295472288243296
26.391499999983843 4.019319130690374 -1.5583997097269364 4.534270649380658e-05 -0.1334951369780331 0.16986602156739047 -0.014374571130254449 0.21652262046976925 2.2985400049987845
26.39199999998384 4.022406719681245 -1.5662270395511224 4.515781857258324e-05 -0.1338530785754671 0.16992018805771572 -0.014584971039015264 0.21679999615753817 2.3016364672419245
26.39249999998384 4.025516052746945 -1.5739748900996724 4.4973537676973004e-05 -0.13420809925001828 0.16997638557084196 -0.014793427234999023 0.21707747705689667 2.3047608135197355
26.39299999998384 4.028646527272311 -1.5816426908572438 4.478988940649813e-05 -0.13456016807233384 0.17003459205909 -0.014999922882270025 0.2173550068777573 2.3079121791054447
26.393499999983838 4.031797555548189 -1.5892298219280834 4.460689917574301e-05 -0.13490925258639602 0.1700947866641872 -0.015204439550654343 0.21763252942932237 2.3110898078108293
26.393999999983837 4.034968435259992 -1.5967356895492277 4.4424598955439235e-05 -0.1352553191761321 0.1701569429787027 -0.015406959821733669 0.21790998375531895 2.3142927591108795
26.394499999983836 4.038158559672595 -1.6041597341393021 4.424300984111431e-05 -0.13559833774856553 0.1702210383996939 -0.015607466669940529 0.2181873143193651 2.3175201829473275
26.394999999983835 4.0413672324203285 -1.611501441261716 4.406216231774618e-05 -0.1359382777989487 0.17028704582983545 -0.015805944867277186 0.2184644621936118 2.320771204200035
26.395499999983834 4.0445938724925625 -1.618760165956645 4.38820777479876e-05 -0.1362751068667154 0.17035494474230534 -0.016002374527702614 0.21874137226463006 2.324044973243754
26.395999999983832 4.047837723399827 -1.6259353724202614 4.370279177099341e-05 -0.13660879193881914 0.17042470566988346 -0.016196740502468526 0.21901798268761924 2.327340520171051
26.39649999998383 4.051098260145405 -1.6330264576659739 4.3524319665395607e-05 -0.13693930361308732 0.17049631005509816 -0.016389023613073136 0.21929424231254077 2.3306570862175375
26.39699999998383 4.054374740396374 -1.6400329412494508 4.334669293048832e-05 -0.13726661227633763 0.17056972811743967 -0.0165792091049837 0.21957009170291492 2.3339936679016993
26.39749999998383 4.05766645022121 -1.6469542846232872 4.316994528541291e-05 -0.13759068488158027 0.1706449325000563 -0.01676728249314662 0.2198454714483245 2.3373493990907264
26.397999999983828 4.060972709021185 -1.6537899571364707 4.299410198292863e-05 -0.13791149178824186 0.17072189662050688 -0.016953226829307725 0.22012032494271697 2.3407233241280854
26.398499999983827 4.064292849090161 -1.66053944150497 4.281918750367025e-05 -0.13822900341702649 0.1708005945526449 -0.017137026408749752 0.22039459648397802 2.3441145312048315
26.398999999983825 4.0676262288982485 -1.6672022808126121 4.264522574721145e-05 -0.13854319296907783 0.1708810007891697 -0.01731866694418637 0.2206682328145558 2.347522169806378
26.399499999983824 4.070972185823931 -1.6737779093550191 4.24722379225031e-05 -0.1388540300281653 0.17096308992415726 -0.017498130461147714 0.2209411784641185 2.350945336751966
26.399999999983823 4.074329909222265 -1.6802659395562447 4.230026396481536e-05 -0.13916148563696448 0.17104682829005574 -0.017675406558695636 0.22121337335204233 2.354383031292861
26.400499999983822 4.077698699971876 -1.6866657973727843 4.2129328755133565e-05 -0.1394655279420041 0.17113218893943533 -0.0178504774036914 0.22148476046645785 2.357834336200431
26.40099999998382 4.0810779114713815 -1.6929769949273972 4.195945632940794e-05 -0.1397661293714015 0.1712191464370527 -0.01802332728030627 0.22175528708995704 2.361298292618826
26.40149999998382 4.084466920132201 -1.6991990662810634 4.179066634540562e-05 -0.14006326323700174 0.17130767616930132 -0.018193941821223074 0.22202490207658668 2.3647740802670025
26.40199999998382 4.08786492558161 -1.7053315897748 4.1622991990569165e-05 -0.140356900978651 0.17139774488032186 -0.018362308100246923 0.2222935468275207 2.3682606795035106
26.402499999983817 4.091271291072033 -1.7113741030629461 4.145645486871986e-05 -0.14064701624474893 0.1714893272210441 -0.018528411181133665 0.22256117035586903 2.371757204847863
26.402999999983816 4.094685246208561 -1.717326171794713 4.129108321580135e-05 -0.14093358074655435 0.17158239136617656 -0.018692237727828326 0.22282771587092792 2.3752626768179024
26.403499999983815 4.098106212117581 -1.7231873526115105 4.11268981443897e-05 -0.1412165694741516 0.1716769145773264 -0.018853773631556877 0.22309313587152002 2.3787762607380367
26.403999999983814 4.101533486754119 -1.7289573273715055 4.096392293783143e-05 -0.14149596019774735 0.17177286674870262 -0.019013008259753654 0.22335737952088242 2.3822970453703425
26.404499999983813 4.104966186922898 -1.7346355117373777 4.080219120598617e-05 -0.14177171696163682 0.17187021252284299 -0.01916992420937013 0.22362038296427872 2.385823979315304
26.40499999998381 4.108403762066236 -1.740221604771465 4.0641719490878544e-05 -0.1420438212413349 0.17196892861856183 -0.01932451074562603 0.22388210352463223 2.3893562401630453
26.40549999998381 4.111845517519048 -1.7457152039030905 4.0482524542208425e-05 -0.14231224910638085 0.1720689858083611 -0.019476753554620908 0.22414249050963542 2.3928929123463725
26.40599999998381 4.115290749013106 -1.7511158540993481 4.0324637562549185e-05 -0.14257697163132604 0.17217035596451521 -0.01962663960635525 0.2244014912934974 2.3964330999391725
26.406499999983808 4.118738706979962 -1.7564232470377847 4.016808076997274e-05 -0.1428379666676571 0.17227300644311763 -0.01977415804223914 0.22465905456264304 2.3999758726963627
26.406999999983807 4.12218865498855 -1.761637003698318 4.0012886826635045e-05 -0.14309520737022807 0.17237690672267483 -0.019919298187878957 0.22491512795697838 2.4035202761350845
26.407499999983806 4.125639912962431 -1.7667568009710457 3.985907291426246e-05 -0.14334867279939204 0.17248202744455665 -0.0200620482197224 0.22516966395032528 2.40706543706931
26.407999999983804 4.12909206150057 -1.7717825929283326 3.9706655940967276e-05 -0.14359835457785092 0.1725883490064331 -0.020202406090815982 0.22542263165461182 2.410610696393176
26.408499999983803 4.132544049618536 -1.7767135513630552 3.955566497807369e-05 -0.14384420724295693 0.17269583014791978 -0.02034034527140508 0.225673958075791 2.4141548823335572
26.408999999983802 4.13599530426986 -1.781549508001528 3.940611918147185e-05 -0.1440862159304411 0.17280444523151323 -0.020475859758191148 0.2259236037818135 2.4176972045671237
26.4094999999838 4.139445090874324 -1.786290161823467 3.9258046666527104e-05 -0.14432435771930854 0.17291416259920597 -0.02060894007819787 0.22617151958109652 2.4212367656357077
26.4099999999838 4.1428927915453215 -1.790935174843065 3.911146011652669e-05 -0.14455861241169554 0.17302495587941374 -0.020739573791422706 0.22641766207722788 2.424772769234092
26.4104999999838 4.146337647114503 -1.7954842317347053 3.8966385684928635e-05 -0.14478895674960973 0.17313679227516535 -0.020867750392355205 0.2266619814667024 2.4283042567978796
26.410999999983797 4.149778868274561 -1.7999373140896968 3.882284768237959e-05 -0.14501537690836738 0.1732496342888358 -0.020993469473063586 0.2269044316041616 2.4318304902363366
26.411499999983796 4.153215871238289 -1.8042938884525692 3.868085918329296e-05 -0.14523784632339207 0.17336345940668801 -0.021116712364329673 0.2271449682541734 2.435350600386922
26.411999999983795 4.156648120152529 -1.8085536134728952 3.854043527890356e-05 -0.14545634614567618 0.17347824516672158 -0.021237466320024722 0.22738355295814627 2.4388637376942377
26.412499999983794 4.160074850599269 -1.8127162943449215 3.840160374285138e-05 -0.14567085664851057 0.17359395731400723 -0.021355725202430315 0.22762013858964675 2.442369034772666
26.412999999983793 4.16349549850593 -1.8167817315691468 3.826437887088439e-05 -0.14588136276377 0.17371057067752227 -0.021471481553922138 0.22785468809538578 2.445865871354459
26.41349999998379 4.166909213113115 -1.8207495941821297 3.812878583009926e-05 -0.1460878397327451 0.17382804806945493 -0.021584723812098777 0.22808714894851384 2.449353156238833
26.41399999998379 4.170315463469199 -1.8246196832342352 3.799483385469452e-05 -0.1462902738832786 0.17394636562027144 -0.021695443638097625 0.22831748645252664 2.4528302903121824
26.41449999998379 4.173713484440352 -1.828391796227792 3.786255051950564e-05 -0.14648864558113986 0.17406548902913643 -0.02180363435171511 0.22854565457713807 2.4562963406221368
26.414999999983788 4.177102650077806 -1.832065710608848 3.77319516958025e-05 -0.1466829378430553 0.17418539043817957 -0.021909287632625028 0.22877161401917806 2.4597505865371287
26.415499999983787 4.180482385517859 -1.8356411838489644 3.760305104192652e-05 -0.1468731342362861 0.17430604454361504 -0.02201239421727588 0.2289953279523571 2.4631922823583166
26.415999999983786 4.183851956776728 -1.8391180594688543 3.747587341046033e-05 -0.14705921731240637 0.17442741799581726 -0.022112948878561575 0.2292167534307451 2.466620679201392
26.416499999983785 4.187210699441154 -1.842496015158845 3.735043277212778e-05 -0.14724116656899755 0.1745494819952238 -0.02221093967170249 0.22943584863421027 2.4700349413437737
26.416999999983783 4.190558029493327 -1.845775005574522 3.7226741074271135e-05 -0.14741897282235247 0.17467220850851137 -0.02230636290793275 0.22965258065046593 2.473434436320739
26.417499999983782 4.193893377087549 -1.8489549145071194 3.710481628646776e-05 -0.14759262316720476 0.17479557136717436 -0.02239921417131774 0.22986691579791557 2.4768184481885913
26.41799999998378 4.19721597447969 -1.8520354544260542 3.698467506975646e-05 -0.14776209672351232 0.1749195364864145 -0.02248948250607634 0.23007880888109147 2.480186198394705
26.41849999998378 4.200524954426688 -1.855016841136508 3.686634224930105e-05 -0.14792738639057212 0.17504406007742684 -0.02257717493577971 0.2302882181980143 2.4835370541533006
26.41899999998378 4.2038201330724725 -1.857898391936394 3.674981969552299e-05 -0.14808846924316676 0.17516913969790737 -0.022662265547375365 0.2304951203497139 2.4868701841637875
26.419499999983778 4.207100724244014 -1.8606801665622328 3.663512622880433e-05 -0.1482453346162566 0.17529473696921843 -0.022744756085247907 0.2306994754523096 2.490184974344456
26.419999999983776 4.210366170541794 -1.8633620270923368 3.65222771816709e-05 -0.14839797008102523 0.1754208262424073 -0.022824640297321917 0.23090125163896327 2.4934807493318187
26.420499999983775 4.213615787751691 -1.865943868342403 3.6411289235156714e-05 -0.1485463617483224 0.17554737561275052 -0.022901913726074138 0.23110041178133828 2.4967568414878434
26.420999999983774 4.216849019828477 -1.8684255963044838 3.6302172813801896e-05 -0.14869049937077994 0.1756743588236312 -0.022976570968440028 0.2312969255409453 2.5000126013610853
26.421499999983773 4.220065229957485 -1.8708071165262092 3.619494577086029e-05 -0.14883037001410201 0.17580174615513686 -0.02304860796651238 0.23149075860371549 2.5032473845218015
26.421999999983772 4.223263564475081 -1.873088548415644 3.608963096040884e-05 -0.14896596448451332 0.1759294953485823 -0.023118027518602917 0.23168187047060676 2.5064605567639857
26.42249999998377 4.226443899959566 -1.8752695183765837 3.598622095376219e-05 -0.14909727120076274 0.17605760324407382 -0.0231848144258726 0.23187024724945557 2.5096515622268685
26.42299999998377 4.229605539841276 -1.8773500643232002 3.588473087648513e-05 -0.14922428185489417 0.1761860356311256 -0.023248967656794142 0.23205585522375385 2.5128197843544613
26.42349999998377 4.232747764571094 -1.8793299082046402 3.57851841153635e-05 -0.1493469749931217 0.17631476111174232 -0.023310478244808263 0.2322386538057103 2.5159644729382444
26.423999999983767 4.2358700834503775 -1.8812092993660177 3.56875890432704e-05 -0.14946535301551656 0.17644375284670694 -0.023369351947952192 0.23241862292241136 2.5190852200094627
26.424499999983766 4.238971938533976 -1.8829880833627446 3.559195575539405e-05 -0.14957940340632286 0.17657298518634484 -0.023425581665626104 0.2325957327583237 2.522181411256509
26.424999999983765 4.242052741844827 -1.8846662410012809 3.549829980442702e-05 -0.14968911691948758 0.1767024298470041 -0.023479165418924617 0.23276995434707776 2.5252524413692177
26.425499999983764 4.245111904676785 -1.886243776896087 3.540663111596987e-05 -0.14979448605962017 0.17683205795333684 -0.023530101147952787 0.23294125962119916 2.5282978093244672
26.425999999983762 4.248148790617326 -1.8877206094909684 3.531696742833384e-05 -0.14989549875442476 0.17696183958230124 -0.023578384747080197 0.23310961679534203 2.5313168621715825
26.42649999998376 4.2511628568817095 -1.88909681641774 3.5229318890628053e-05 -0.14999214957797147 0.17709174759082108 -0.02362401781243872 0.2332750012697333 2.534309144295311
26.42699999998376 4.2541538098809815 -1.8903723864284128 3.5143684307610935e-05 -0.1500844367334467 0.1772217668723074 -0.02366699618424947 0.23343739955569184 2.5372742559940002
26.42749999998376 4.257121045905212 -1.891547481163876 3.506008457868618e-05 -0.15017235569063025 0.17735186685109872 -0.023707324896288434 0.23359678581474788 2.540211673849334
26.427999999983758 4.260063945904603 -1.8926218867061049 3.4978523181767186e-05 -0.1502558925403411 0.1774820190620404 -0.023744993378006063 0.2337531284153317 2.543120836806379
26.428499999983757 4.2629820625598125 -1.8935958191816087 3.48990143129445e-05 -0.15033504802170883 0.17761219951278354 -0.023780007462491592 0.23390641041744553 2.5460012949100586
26.428999999983755 4.265874835022119 -1.8944691622484113 3.482156474081695e-05 -0.1504098110552478 0.17774238190636818 -0.023812361251641753 0.23405660455497357 2.5488525829244657
26.429499999983754 4.268741777555686 -1.8952420501396003 3.474618542936178e-05 -0.15048017996562932 0.17787254098773164 -0.023842056960759066 0.23420369143128497 2.55167424077411
26.429999999983753 4.2715823452954504 -1.8959144255890312 3.467288785367911e-05 -0.15054614514255607 0.17800265083944028 -0.023869091238557117 0.23434764568842123 2.554465803854395
26.430499999983752 4.2743960930935225 -1.896486478304761 3.460167384344586e-05 -0.15060770883148525 0.1781326871328827 -0.02389346694915436 0.23448845162928866 2.5572268658348096
26.43099999998375 4.277182256704169 -1.8969583194699515 3.453257064229166e-05 -0.15066486176791352 0.17826261228822365 -0.02391518766374621 0.2346260763690989 2.559956917867366
26.43149999998375 4.279940715562748 -1.897329951537075 3.446556952427882e-05 -0.15071760530747022 0.1783924193168906 -0.02393425018718108 0.2347605165937711 2.562655678286271
26.43199999998375 4.282670828948646 -1.8976015138526368 3.440068664422058e-05 -0.1507659348221107 0.17852207572595083 -0.023950657507993557 0.23489174659692122 2.5653227026549454
26.432499999983747 4.2853722595315915 -1.8977731069531494 3.4337924461397076e-05 -0.15080985044440626 0.17865156348402775 -0.023964410353141778 0.23501975468016628 2.5679576673115445
26.432999999983746 4.288044411516222 -1.8978448230167806 3.427729675966935e-05 -0.15084934694508767 0.1787808526707093 -0.0239755099674406 0.23514451691167315 2.570560132093889
26.433499999983745 4.290686843070583 -1.8978167232365581 3.42188136662636e-05 -0.15088441996163543 0.17890992114480447 -0.02398395737393484 0.2352660159957533 2.5731297455012143
26.433999999983744 4.293299180361214 -1.8976890271997875 3.4162474114809325e-05 -0.15091507450175745 0.17903874748244902 -0.02398975563575737 0.23538424158685411 2.575666174419533
26.434499999983743 4.295880894112765 -1.8974618422163387 3.410829213503647e-05 -0.15094130652712456 0.1791673048553891 -0.023992906928046863 0.23549917351896849 2.5781690423881094
26.43499999998374 4.2984316129572235 -1.8971352921709406 3.4056266162320334e-05 -0.15096311700789952 0.17929557320444778 -0.02399341221159741 0.23561080004322357 2.5806380608859127
26.43549999998374 4.300950927485022 -1.896709832315992 3.4006419030298794e-05 -0.15098051329362996 0.17942352846069257 -0.023991287151471703 0.23571911212050095 2.583072991849949
26.43599999998374 4.30343835064129 -1.8961851934033809 3.395874043862449e-05 -0.15099348397789852 0.17955114835413927 -0.023986517228907857 0.2358240871663595 2.5854733755794905
26.436499999983738 4.305893498606034 -1.8955616714593009 3.391324230570453e-05 -0.15100203340524343 0.17967841111765848 -0.023979111050596396 0.23592571559934153 2.587838978369585
26.436999999983737 4.308315945822718 -1.8948394516296658 3.386993019585381e-05 -0.15100616286523066 0.1798052937246988 -0.023969072393128565 0.23602398459921997 2.5901695250100967
26.437499999983736 4.310705325136884 -1.8940186907111745 3.382881038809252e-05 -0.15100587331086404 0.17993177636456148 -0.02395640436066463 0.2361188836793342 2.592464714691946
26.437999999983735 4.313061202097496 -1.8930996356708127 3.378989129171121e-05 -0.15100116765350202 0.18005783504530853 -0.023941112948303814 0.23621040087838638 2.594724298634489
26.438499999983733 4.315383245673167 -1.8920824132351266 3.37531693660466e-05 -0.1509920482049593 0.18018345142186024 -0.023923198648901436 0.23629852775888685 2.5969480287073985
26.438999999983732 4.3176707164436765 -1.8909673082395368 3.3718665172126504e-05 -0.1509785130453318 0.18030858694961224 -0.023902669762378946 0.23638323872668013 2.5991355587939333
26.43949999998373 4.319923807184035 -1.8897543770867686 3.368636121099167e-05 -0.150960570931579 0.18043324888506707 -0.02387952423564237 0.2364645490489631 2.601286825768123
26.43999999998373 4.322142012184404 -1.88844398033891 3.3656269766165695e-05 -0.1509382269622815 0.18055740880013374 -0.023853772221933273 0.2365424458323531 2.603401592606547
26.44049999998373 4.324324900264757 -1.8870362502661293 3.3628395691776e-05 -0.1509114807316283 0.1806810439320555 -0.023825415563704724 0.23661691630095516 2.605479607094097
26.440999999983728 4.326472178549935 -1.8855314288015848 3.360273822966601e-05 -0.1508803384017975 0.18080413675655527 -0.02379445909132116 0.23668795632218514 2.6075206710043872
26.441499999983726 4.328583321193237 -1.8839299322757077 3.3579318482408494e-05 -0.15084480473749043 0.18092665791218093 -0.023760916685548788 0.23675555288377195 2.609524554986873
26.441999999983725 4.330658325022409 -1.8822317632460759 3.355811170929273e-05 -0.1508048861450259 0.1810486050574947 -0.023724781750309516 0.23681971275123773 2.6114911951189232
26.442499999983724 4.332696871474252 -1.8804372802553133 3.3539127397168056e-05 -0.15076059021546512 0.18116995888015464 -0.023686064947456696 0.2368804323608167 2.6134204163096935
26.442999999983723 4.334698423028136 -1.878546623904469 3.352236924354393e-05 -0.15071191586348576 0.1812906912245094 -0.023644767724738357 0.2369376950775449 2.615311955158297
26.44349999998372 4.336662765520253 -1.8765600899649837 3.350783865976973e-05 -0.1506588715893056 0.181410788001619 -0.023600897260342656 0.23699150183798676 2.6171656894791164
26.44399999998372 4.338589642384379 -1.8744779416696558 3.349553714319213e-05 -0.15060146406674765 0.18153023343171792 -0.023554459843623587 0.23704185117262894 2.618981515561898
26.44449999998372 4.340478739922477 -1.8723004609225158 3.34854629568058e-05 -0.15053970070506034 0.18164900852315607 -0.023505461376959566 0.23708873971650046 2.620759301351451
26.444999999983718 4.342329815850135 -1.8700279171698302 3.34776188699308e-05 -0.15047358857112558 0.1817670981555124 -0.0234539082784179 0.23713216703534865 2.6224989030517327
26.445499999983717 4.344142651724249 -1.8676606029294516 3.347199753489231e-05 -0.15040313750904255 0.18188448757709755 -0.023399806337723497 0.23717213481012114 2.6242002835620166
26.445999999983716 4.345917274865853 -1.8651992166192284 3.346860511705899e-05 -0.1503283716208434 0.1820011705447875 -0.023343177577840758 0.2372086620114827 2.6258635528043186
26.446499999983715 4.34765289635285 -1.8626433469137094 3.3467436640886815e-05 -0.1502492698181671 0.18211711197316233 -0.02328400306493663 0.2372417129281141 2.6274881853394243
26.446999999983714 4.349349518236998 -1.85999345190287 3.3468496935089214e-05 -0.15016584737657016 0.1822323070099248 -0.023222297473563407 0.23727130154410483 2.6290742822258313
26.447499999983712 4.351006849202571 -1.8572499559006983 3.347177625354381e-05 -0.15007811918980138 0.18234673556236758 -0.02315806893745568 0.2372974293723221 2.6306217182781104
26.44799999998371 4.3526247283471085 -1.8544131152920178 3.347727315212813e-05 -0.1499860932219827 0.18246038651149168 -0.023091323582833456 0.2373201003512415 2.6321304730703847
26.44849999998371 4.354202902333665 -1.8514832325490933 3.348498704395166e-05 -0.14988977801254297 0.18257324371024258 -0.02302206847347866 0.23733931513410622 2.633600456638244
26.44899999998371 4.355741184926173 -1.8484606192307464 3.349491588082844e-05 -0.14978918372047986 0.1826852940390547 -0.02295031066922352 0.23735507784245405 2.635031628749273
26.449499999983708 4.357239384224097 -1.8453455867075137 3.350705419682483e-05 -0.1496843208440229 0.18279652398416066 -0.02287605696938025 0.23736739259994102 2.6364239551771442
26.449999999983707 4.358697292367436 -1.8421384596954664 3.3521401030015355e-05 -0.14957519937042427 0.1829069193499279 -0.022799315129910708 0.2373762628890601 2.637777398281767
26.450499999983705 4.360114473202815 -1.8388396028164766 3.353796419469025e-05 -0.14946182637895528 0.1830164548385742 -0.022720094742349282 0.23738168208881277 2.6390918089090274
26.450999999983704 4.361491195448438 -1.8354492606512598 3.355671614851969e-05 -0.1493442197751709 0.18312513887876075 -0.022638398344132876 0.23738367582714612 2.6403673663223186
26.451499999983703 4.362827108067123 -1.8319678083518203 3.3577665982537056e-05 -0.14922238758087558 0.18323295036390363 -0.022554236641084545 0.2373822416375325 2.6416039702072185
26.451999999983702 4.364122071834965 -1.8283955765742794 3.3600807343428164e-05 -0.1490963419427448 0.1833398780593014 -0.022467616787693406 0.23737738702670486 2.6428016295087096
26.4524999999837 4.365375924521046 -1.824732905102381 3.362613549005828e-05 -0.1489660946567232 0.1834459096352944 -0.022378546578349746 0.2373691186025591 2.6439603244567396
26.4529999999837 4.366588487313176 -1.8209801660023506 3.3653652226157724e-05 -0.14883165711208457 0.18355103200274403 -0.02228703592368356 0.2373574424328528 2.6450800594494384
26.4534999999837 4.367759666442671 -1.8171376716250578 3.368334453508697e-05 -0.1486930426315146 0.1836552359668571 -0.022193090467502393 0.2373423685092026 2.646160859403941
26.453999999983697 4.368889274955277 -1.8132057952146297 3.371521250890733e-05 -0.14855026279486278 0.18375850796309723 -0.022096719997295865 0.23732390284142335 2.647202724823157
26.454499999983696 4.3699772555472505 -1.8091848736306062 3.374924743282625e-05 -0.1484033314739828 0.18386084055913676 -0.02199793162598463 0.23730205747003252 2.6482056987227107
26.454999999983695 4.3710234980202305 -1.805075304999483 3.3785442456209965e-05 -0.1482522635529323 0.1839622232108619 -0.02189673471024029 0.23727684296665302 2.6491698119082754
26.455499999983694 4.3720279268967595 -1.8008773903788167 3.382378068022544e-05 -0.14809707296143818 0.18406264751944126 -0.021793133929455782 0.23724827063243015 2.65009512994471
26.455999999983693 4.372990313986233 -1.7965915288447647 3.386427796698351e-05 -0.1479377686727434 0.18416209858289673 -0.0216871424190411 0.2372163445056653 2.650981612390259
26.45649999998369 4.373910624611858 -1.7922181216069468 3.3906923177718905e-05 -0.14777436735725796 0.18426056928460266 -0.021578769221872268 0.2371810791822453 2.6518293483638553
26.45699999998369 4.374788786479193 -1.787757502301561 3.395170625455858e-05 -0.14760688286815246 0.1843580514344184 -0.021468021104914328 0.23714248655377887 2.6526383857452873
26.45749999998369 4.375624685096623 -1.7832100592697455 3.3998622533274464e-05 -0.14743532908219403 0.18445453460944639 -0.02135490775140432 0.23710057714951538 2.6534087639788795
26.457999999983688 4.3764181653264975 -1.7785761638708757 3.40476736589909e-05 -0.14725971781867905 0.18455000683823466 -0.02123943905673788 0.23705535911992018 2.654140540252506
26.458499999983687 4.377169296732055 -1.7738562085611067 3.409884160154742e-05 -0.14708006817351374 0.18464446584045774 -0.02112162264680399 0.2370068525647885 2.6548337918594216
26.458999999983686 4.377877943554413 -1.7690505957679208 3.415212461706635e-05 -0.1468963939277047 0.1847379000740248 -0.021001468871726624 0.23695506740201586 2.655488588166415
26.459499999983684 4.378544045724759 -1.7641597133775921 3.420751760538792e-05 -0.14670870987193066 0.18483030171264037 -0.02087898728261461 0.23690001708193179 2.6561049851545175
26.459999999983683 4.379167552317668 -1.7591839799667954 3.426501705167271e-05 -0.14651703159847357 0.18492166316833764 -0.020754188790696352 0.23684171594069336 2.656683070795759
26.460499999983682 4.379748411445587 -1.7541237574120778 3.43246101650597e-05 -0.14632137476129387 0.18501197678254871 -0.02062708059921873 0.236780178053544 2.6572229137623102
26.46099999998368 4.380286620261198 -1.7489794547999138 3.438629155241671e-05 -0.1461217556181138 0.1851012372952497 -0.020497673095571704 0.2367154201049966 2.6577246232380856
26.46149999998368 4.3807821128438365 -1.7437514574961446 3.445005242268012e-05 -0.1459181896144881 0.1851894363925316 -0.02036597495968097 0.23664745582366095 2.658188271619652
26.46199999998368 4.381234878466649 -1.7384401709186124 3.451588728389142e-05 -0.14571069288885366 0.18527656845010687 -0.020231996344327912 0.23657630167638066 2.658613943191532
26.462499999983677 4.381644782824246 -1.733046000947217 3.458379690397812e-05 -0.14549927882681463 0.1853626221923075 -0.020095748189547243 0.23650196815339397 2.659001680874807
26.462999999983676 4.3820119565361315 -1.7275694119578304 3.465376569075928e-05 -0.14528396928956602 0.18544759765441668 -0.019957241091522675 0.2364244798668512 2.6593516698880997
26.463499999983675 4.382336333723613 -1.7220108079613872 3.4725788693548395e-05 -0.14506477953760227 0.18553148660362692 -0.01981648518098773 0.2363438509218576 2.6596639815314607
26.463999999983674 4.38261792737329 -1.7163705990119205 3.479986004961818e-05 -0.14484172635562156 0.18561428447207695 -0.019673490554279405 0.23626009930656336 2.6599387382888318
26.464499999983673 4.382856719554074 -1.7106492122394445 3.487597107718338e-05 -0.14461482707925946 0.18569598491503725 -0.019528267608391426 0.23617324205022636 2.660176027021897
26.46499999998367 4.383052706840421 -1.7048470478541318 3.49541166870621e-05 -0.14438409772790295 0.1857765827425487 -0.019380826317355108 0.2360832963192084 2.6603759628697006
26.46549999998367 4.383205919629074 -1.6989645612039161 3.5034286563565104e-05 -0.1441495576399059 0.18585607354839792 -0.0192311776778298 0.2359902820827254 2.6605386656206886
26.46599999998367 4.383316375227348 -1.6930021731597422 3.5116474293141614e-05 -0.14391122416557328 0.18593445283723203 -0.019079332036402115 0.23589421803781038 2.660664245081244
26.466499999983668 4.383384092891748 -1.6869602987600663 3.520067531988817e-05 -0.14366911379903863 0.18601171649155654 -0.01892530034324334 0.2357951227761471 2.660752823061995
26.466999999983667 4.383409184905933 -1.6808394379788907 3.528687190623036e-05 -0.14342325011577034 0.18608786310459546 -0.018769093587225245 0.2356930214127934 2.660804580849396
26.467499999983666 4.383391122369247 -1.674639726283329 3.537508009907541e-05 -0.14317362916591778 0.18616286608646687 -0.01861071597460635 0.23558790195414323 2.6608192850036563
26.467999999983665 4.383330641146493 -1.6683619758416781 3.546527331057854e-05 -0.14292029480036642 0.1862367505190587 -0.01845018844496566 0.23547982368639675 2.660797486802784
26.468499999983663 4.383227570144943 -1.6620065047738022 3.555744368921065e-05 -0.14266325850263217 0.18630950386823308 -0.018287517758627594 0.23536879543386402 2.660739187315044
26.468999999983662 4.383081977966107 -1.6555737436857851 3.56515854068303e-05 -0.14240253853102158 0.1863811240896753 -0.01812271477058712 0.23525483881881387 2.660644521544467
26.46949999998366 4.382893876586263 -1.6490641546814415 3.574769185380684e-05 -0.1421381535581929 0.18645160604601857 -0.017955791231940257 0.23513797339612577 2.660513599442793
26.46999999998366 4.382663404602006 -1.6424781716430235 3.584575148480766e-05 -0.14187012370051183 0.18652095080732628 -0.017786757649577597 0.23501822447749104 2.6603465947190057
26.47049999998366 4.382390565635472 -1.6358162593425818 3.594576008751607e-05 -0.14159846732347497 0.18658915289768851 -0.017615626015756305 0.23489561129863876 2.6601436130916216
26.470999999983658 4.382075467022794 -1.6290788611722518 3.604770919592886e-05 -0.14132320394430997 0.18665621194868906 -0.01744240752442286 0.23477015784031627 2.6599048058345796
26.471499999983656 4.381718263436483 -1.6222664076046382 3.615158712335738e-05 -0.1410443539305036 0.1867221298088176 -0.017267112402728282 0.23464189034940575 2.6596303535646175
26.471999999983655 4.381318896482115 -1.6153793544007216 3.625739065158808e-05 -0.14076193436397264 0.18678689817643068 -0.017089752439174863 0.23451082519724312 2.659320298201295
26.472499999983654 4.380877527942627 -1.6084181997749936 3.636511175066236e-05 -0.1404759672041163 0.18685051877726763 -0.016910340790919187 0.23437698981540622 2.658974858787622
26.472999999983653 4.38039423475826 -1.601383368962011 3.647473825832428e-05 -0.1401864718616616 0.1869129897004418 -0.01672888714037723 0.23424040701111623 2.6585941592944473
26.47349999998365 4.379869120032033 -1.5942753417789977 3.658626325651795e-05 -0.13989346895555677 0.18697431005358559 -0.0165454038457703 0.23410110137471227 2.65817833972812
26.47399999998365 4.3793022900142295 -1.5870945704523494 3.669967934059465e-05 -0.13959697804645269 0.18703447940103407 -0.016359902617068416 0.23395909723316508 2.6577275557760323
26.47449999998365 4.378693879499345 -1.579841500037169 3.6814977344805974e-05 -0.13929701931064373 0.18709349865256156 -0.016172394523135465 0.23381442036687525 2.657241969197653
26.47499999998365 4.378043960129457 -1.572516606627925 3.693215020551572e-05 -0.1389936128451344 0.1871513654164783 -0.015982891734380885 0.23366709399739674 2.6567217064423536
26.475499999983647 4.377352684359677 -1.565120360346185 3.7051188260023545e-05 -0.13868678010996088 0.18720808114308182 -0.01579140593611454 0.233517145246302 2.6561669315033543
26.475999999983646 4.376620185366271 -1.5576532029773453 3.717208291511075e-05 -0.1383765408125731 0.18726364680760432 -0.015597948496426416 0.23336459984375107 2.6555777990216276
26.476499999983645 4.375846550784342 -1.5501156104598146 3.729482883883194e-05 -0.13806291506955212 0.1873180608681848 -0.015402531713602036 0.23320948185720894 2.654954443043849
26.476999999983644 4.3750320242569245 -1.5425080444766546 3.741941229611486e-05 -0.13774592584538464 0.1873713291218415 -0.015205166748911168 0.23305182290587184 2.6542970663495176
26.477499999983642 4.374176653499464 -1.5348310023162506 3.754583009133445e-05 -0.13742559276109476 0.18742344808603298 -0.015005867286290518 0.23289164538731294 2.6536057888005247
26.47799999998364 4.373280533170024 -1.527084937514747 3.767407568995889e-05 -0.13710193546776 0.1874744167583773 -0.014804644785461476 0.2327289736047561 2.6528807406682304
26.47849999998364 4.3723440475993405 -1.519270493542295 3.780413785706007e-05 -0.13677498435214125 0.18752424602353887 -0.014601517116992264 0.23256384820806314 2.6521222203072687
26.47899999998364 4.371367322972462 -1.5113881715022146 3.793601077697067e-05 -0.13644476092344668 0.18757293597012675 -0.014396497519922495 0.2323962956519551 2.651330382460428
26.479499999983638 4.370350288630508 -1.503438069471671 3.8069679458215634e-05 -0.13611127203825335 0.18762048089987562 -0.014189584438923597 0.23222632825655523 2.650505193348814
26.479999999983637 4.369293321963 -1.4954209312156639 3.820513956126542e-05 -0.13577455000796337 0.18766689073241136 -0.013980800260037781 0.23205398743168978 2.649646978226732
26.480499999983635 4.368196447582457 -1.4873370310856253 3.8342377183838396e-05 -0.13543460895523582 0.18771216254540288 -0.013770149199723893 0.23187929247630557 2.6487557857893576
26.480999999983634 4.367059886866723 -1.4791869224485155 3.848138603449152e-05 -0.13509147328405494 0.18775630054729608 -0.013557646587717955 0.23170227519439807 2.6478318115987634
26.481499999983633 4.365883857713879 -1.4709710635498725 3.8622154298647776e-05 -0.1347451650965732 0.18779930946757706 -0.013343303804481507 0.2315229662686193 2.64687523521577
26.481999999983632 4.364668504146598 -1.4626899584914708 3.876467900563702e-05 -0.13439570575450765 0.18784119041176583 -0.013127134662578057 0.23134139319415134 2.645886204015331
26.48249999998363 4.36341400311948 -1.4543440829353873 3.890895623687098e-05 -0.13404311592103707 0.1878819464220094 -0.01290915237969812 0.2311575846307139 2.644864858789485
26.48299999998363 4.362119815833017 -1.4459328265227755 3.905494297911308e-05 -0.13368737759823798 0.18792155493787568 -0.01268932689811707 0.23097152369175333 2.6438108317264897
26.48349999998363 4.360787320160496 -1.437458247689995 3.920267150251976e-05 -0.1333285739907727 0.18796006271032578 -0.01246773107290956 0.23078331424647872 2.642725146245386
26.483999999983627 4.359416525757661 -1.4289202428426462 3.935210609086339e-05 -0.1329667097875283 0.18799746898604738 -0.012244353931226136 0.23059297140215215 2.64160777131938
26.484499999983626 4.358007376005806 -1.4203193621645438 3.950325967241878e-05 -0.1326018025392639 0.1880337655039596 -0.012019212744910926 0.23040051319662339 2.640458738077811
26.484999999983625 4.356560165068502 -1.4116560551524544 3.965611432298547e-05 -0.1322338758919271 0.1880689605831383 -0.011792318204542785 0.23020597437264914 2.6392782567873914
26.485499999983624 4.355075088627044 -1.4029310359312552 3.981068004014586e-05 -0.13186295672542653 0.18810305633752444 -0.011563692994167195 0.2300093871031201 2.6380665199090787
26.485999999983623 4.353552433944886 -1.3941444387577595 3.9966921447376635e-05 -0.13148906115959116 0.1881360630826015 -0.011333334706882355 0.2298107828463006 2.636823673480172
26.48649999998362 4.351992413869532 -1.3852968478170713 4.012483852683666e-05 -0.13111221356018202 0.18816798462149992 -0.011101260459569173 0.22961019351274237 2.6355498834857265
26.48699999998362 4.350395360057753 -1.3763887605635716 4.02844182239542e-05 -0.1307324390946429 0.18819883080208302 -0.010867482983992054 0.2294076562220907 2.6342453793827065
26.48749999998362 4.348761329380745 -1.367421013382917 4.0445684382990054e-05 -0.1303497640639267 0.1882285966163916 -0.01063203140752676 0.22920319733273414 2.632910293453279
26.487999999983618 4.347090742064243 -1.3583935030740022 4.060858606725525e-05 -0.12996420128773656 0.18825730041704364 -0.010394893153698048 0.2289968527738954 2.6315447833349497
26.488499999983617 4.345383802225394 -1.349306926752759 4.077312665909894e-05 -0.12957577818037827 0.18828494464562767 -0.010156089644626193 0.22878865537462156 2.6301490505901155
26.488999999983616 4.343640782164665 -1.3401617575670506 4.093929595351474e-05 -0.12918451776570214 0.18831153669425263 -0.009915633207417675 0.22857863912538265 2.628723251922917
26.489499999983614 4.341862461756111 -1.330958398790378 4.110706164156077e-05 -0.1287904511039613 0.1883371081311874 -0.009673531649240917 0.22836686232759185 2.627267825703685
26.489999999983613 4.340048341923084 -1.3216974004975857 4.12764531518237e-05 -0.12839358675571072 0.1883616302754526 -0.009429804359276197 0.22815332145352768 2.6257825548111544
26.490499999983612 4.338198976665878 -1.312379229497097 4.144744685897101e-05 -0.12799395365960112 0.18838512353148507 -0.009184461877577193 0.22793806457318547 2.6242677614191865
26.49099999998361 4.336314596797064 -1.3030043774290387 4.162003758038641e-05 -0.127591574008162 0.18840759335223786 -0.008937517859083859 0.22772112378113707 2.622723589534252
26.49149999998361 4.334395513107555 -1.2935735649826021 4.179421969876535e-05 -0.12718647921412796 0.1884290466030344 -0.008688993084690507 0.22750253778681262 2.621150264964651
26.49199999998361 4.332442095145226 -1.2840868559811827 4.1969968285962116e-05 -0.12677868175098675 0.1884494990448782 -0.008438885255010964 0.22728234119951066 2.6195479553076972
26.492499999983607 4.330454613714378 -1.2745448670380644 4.2147280016745944e-05 -0.1263682082723619 0.1884689568994147 -0.008187212433963323 0.22706056950549408 2.6179168398697317
26.492999999983606 4.328433389495188 -1.2649480884094644 4.2326146716343306e-05 -0.12595508279162526 0.18848742982568495 -0.007933987763325556 0.22683725938471017 2.616257113939117
26.493499999983605 4.3263786544445875 -1.2552969992679188 4.250656272749585e-05 -0.1255393268366506 0.1885049235786465 -0.00767922491477613 0.2266124429312796 2.6145689065648052
26.493999999983604 4.324290773493077 -1.2455920718419635 4.2688510234168035e-05 -0.12512096612032977 0.18852144969138393 -0.007422935080950356 0.22638615929831427 2.612852444046282
26.494499999983603 4.322170153330235 -1.2358337637615038 4.2871980531081395e-05 -0.12470002461277171 0.18853702228089136 -0.00716513056924469 0.22615844889158027 2.6111079314194106
26.4949999999836 4.320017064955003 -1.2260225632854995 4.305696641622572e-05 -0.12427652507708584 0.18855164882236128 -0.006905825046103382 0.22592934598770914 2.609335531511782
26.4954999999836 4.317831905259629 -1.2161589448006689 4.324345064776866e-05 -0.12385049337496214 0.1885653423877938 -0.00664503018222784 0.22569889119171624 2.607535452279253
26.4959999999836 4.315614946990977 -1.2062433695178352 4.343143042630646e-05 -0.1234219508294921 0.18857811102021546 -0.006382759131387351 0.2254671184821405 2.605707854986644
26.496499999983598 4.313366952144863 -1.1962762439623291 4.3620868894230335e-05 -0.12299092888691238 0.18858998530735746 -0.006119019577075129 0.22523408611326898 2.603853131103074
26.496999999983597 4.311087597194762 -1.1862582145957894 4.381180049470532e-05 -0.12255744103575983 0.1886009443227201 -0.005853834875265375 0.22499979985636073 2.6019711382964426
26.497499999983596 4.308777538669892 -1.1761896172252058 4.400419206890625e-05 -0.12212151414746503 0.18861101449245793 -0.005587210945405104 0.22476431196186847 2.600062205784912
26.497999999983595 4.30643711998826 -1.1660709698843514 4.419803478938625e-05 -0.12168317360505926 0.18862020630798293 -0.0053191618344798994 0.22452766076563133 2.598126517563955
26.498499999983594 4.304066711053697 -1.1559027238115922 4.4393318663630754e-05 -0.12124244257278277 0.18862853231203905 -0.005049699939026032 0.22428988508776468 2.596164261461218
26.498999999983592 4.301666620317178 -1.1456854199393451 4.4590034897244374e-05 -0.12079934685586383 0.18863600096374883 -0.004778839930195635 0.22405102180413544 2.5941756440357264
26.49949999998359 4.299237556608152 -1.1354193851318597 4.47881620031186e-05 -0.12035391092283867 0.18864264236077183 -0.00450659001472162 0.22381112515877633 2.5921608671790084
26.49999999998359 4.296779469115923 -1.125105208926326 4.4987704789361896e-05 -0.11990615567024875 0.18864844749382215 -0.004232967370683958 0.22357021474742242 2.5901200916243665
26.50049999998359 4.294292945618156 -1.1147433194363583 4.5188644781477e-05 -0.11945610756048466 0.18865343942507068 -0.0039579829671109006 0.22332834005020238 2.588053516092038
26.500999999983588 4.291778365192646 -1.1043341952929668 4.5390970634523e-05 -0.11900379131812618 0.1886576307100189 -0.0036816496238617604 0.22308554080701615 2.5859613572160596
26.501499999983587 4.289236138548756 -1.0938782870360966 4.559467240771069e-05 -0.11854923043346247 0.18866103594893258 -0.0034039800547938613 0.2228418578317459 2.5838438023225283
26.501999999983585 4.286666459161907 -1.0833761239892101 4.579975285716658e-05 -0.11809244632791618 0.1886636589565712 -0.0031249906269022014 0.2225973217651358 2.581700962874029
26.502499999983584 4.284070049608707 -1.0728281125808892 4.600617629395324e-05 -0.11763347025765299 0.18866552838644757 -0.002844688501663796 0.2223519893746559 2.5795331731407414
26.502999999983583 4.2814471827326175 -1.0622347623306594 4.621394680196173e-05 -0.11717232313977415 0.18866665236977337 -0.002563090588106584 0.22210589469834296 2.577340574810165
26.503499999983582 4.278798331743534 -1.0515964922310308 4.642304684329747e-05 -0.11670902999500174 0.18866704835307457 -0.0022802069973858457 0.22185908176269575 2.5751233882423974
26.50399999998358 4.276123903318997 -1.0409137791961176 4.6633466005472274e-05 -0.11624361542452374 0.18866673040144877 -0.0019960510326212733 0.2216115915448972 2.572881810001383
26.50449999998358 4.273424338217669 -1.030187106507706 4.684519483338891e-05 -0.11577610451686988 0.18866571422219258 -0.0017106364067969006 0.2213634666718686 2.5706160419328246
26.50499999998358 4.270700088133243 -1.0194169415006389 4.705821928662924e-05 -0.1153065228325687 0.18866401595812754 -0.0014239755778508172 0.2211147503710067 2.568326301563477
26.505499999983577 4.267951015247696 -1.008603855911464 4.727256753239444e-05 -0.11483488374457608 0.1886616245283997 -0.0011360904860407634 0.22086545632107715 2.5660125092288335
26.505999999983576 4.2651783258388205 -0.9977480844426346 4.7488167253158456e-05 -0.11436122545950961 0.18865859179553082 -0.0008469780269172097 0.22061566471728972 2.5636752535423333
26.506499999983575 4.262382257203537 -0.9868501971234055 4.7705030695653415e-05 -0.1138855694795283 0.1886549239496784 -0.0005566577827214399 0.22036540820651157 2.5613146284992707
26.506999999983574 4.259562987838237 -0.9759107738318541 4.7923168543755675e-05 -0.1134079369862156 0.18865062412528086 -0.0002651494890054003 0.22011471658791684 2.558930708816258
26.507499999983573 4.256721433647195 -0.9649301354915889 4.8142529401337385e-05 -0.11292836134690681 0.18864573047347774 2.754407588246308e-05 0.2198636558893845 2.556523931779056
26.50799999998357 4.253857931363746 -0.9539087731355987 4.83631198593174e-05 -0.11244686308247596 0.18864025464168788 0.0003214058255742408 0.21961226284084104 2.5540944461804798
26.50849999998357 4.250972937714418 -0.9428471422834888 4.8584923839945246e-05 -0.11196346790087736 0.18863421301843067 0.0006164240828504981 0.21936058088025615 2.5516424643086655
26.50899999998357 4.248066943278339 -0.93174570893222 4.8807930120556816e-05 -0.11147820101653508 0.18862762390042903 0.000912585489252301 0.219108654809617 2.5491682045943205
26.509499999983568 4.245140413587541 -0.9206049539781491 4.903212815289084e-05 -0.11099108792962895 0.18862050421222015 0.001209876408859579 0.21885652836961364 2.546671870572238
26.509999999983567 4.242193840745822 -0.9094253227196147 4.925750487598222e-05 -0.11050215359173318 0.18861287241902328 0.0015082845196149111 0.2186042463282858 2.5441537021083267
26.510499999983566 4.2392277094335125 -0.8982072750446326 4.9484047862479214e-05 -0.1100114228578832 0.18860474663319265 0.0018077964466945786 0.21835185307154933 2.5416139036103864
26.510999999983564 4.23624253273215 -0.8869512912656341 4.971174564940604e-05 -0.1095189221251686 0.18859614599617444 0.002108398785331014 0.2180993946197629 2.539052717068346
26.511499999983563 4.233238810346085 -0.8756578080837372 4.9940584767840534e-05 -0.10902467608867236 0.18858708947013353 0.0024100793412577684 0.21784691596046807 2.5364703674291995
26.511999999983562 4.23021703768679 -0.8643272985131685 5.0170553278466366e-05 -0.10852871040776113 0.18857759547070585 0.002712824602078489 0.21759446204719113 2.5338670779547185
26.51249999998356 4.227177717332156 -0.8529602196088935 5.040163817925283e-05 -0.10803105040729963 0.18856768293043163 0.0030166215928096214 0.21734207807898248 2.5312430678367046
26.51299999998356 4.22412136783687 -0.8415570238206521 5.0633829198658685e-05 -0.10753172104672623 0.18855737172561726 0.0033214571411697676 0.2170898098504031 2.528598577150505
26.51349999998356 4.221048515574939 -0.8301181846149588 5.086711116413779e-05 -0.10703074883327492 0.18854668164446553 0.003627317931619035 0.2168377038024708 2.5259338523329022
26.513999999983557 4.217959688037338 -0.8186441408508891 5.1101469978385525e-05 -0.10652815906659505 0.18853563293437886 0.003934191784816014 0.2165858061487048 2.523249118627432
26.514499999983556 4.214855390038462 -0.8071353817847225 5.1336896490620574e-05 -0.10602397745674164 0.1885242445143759 0.004242064015801279 0.21633416205624578 2.520544618582403
26.514999999983555 4.211736162879418 -0.7955923409948661 5.157337759493989e-05 -0.1055182290824782 0.18851253740396573 0.004550922377577172 0.21608281820096353 2.5178205894709436
26.515499999983554 4.208602520190914 -0.7840155091232637 5.181090060429269e-05 -0.10501094039753073 0.18850053078812298 0.004860752545595147 0.21583182023484712 2.515077263893813
26.515999999983553 4.205454853033573 -0.7724053449412714 5.204946429534834e-05 -0.10450213296839891 0.18848823886522245 0.005171539529776785 0.2155812069883786 2.512314824806138
26.51649999998355 4.202293957406135 -0.7607622861504498 5.2289035947168555e-05 -0.10399183889741846 0.18847569388657395 0.005483273558429583 0.21533103824625174 2.509533635149177
26.51699999998355 4.199120277186621 -0.7490867886582213 5.2529608120745286e-05 -0.10348008173945197 0.18846291226564757 0.005795940913374929 0.21508135564833175 2.506733910677498
26.51749999998355 4.195934293101869 -0.737379207671661 5.27711675544243e-05 -0.1029668829451298 0.18844991293877147 0.006109531765848804 0.21483220207516499 2.503915840351284
26.517999999983548 4.192736670952585 -0.7256401554769999 5.301370326180319e-05 -0.10245227450071365 0.18843672137257353 0.0064240268963963185 0.21458363086121016 2.5010797576470485
26.518499999983547 4.189527875055666 -0.7138700568928049 5.325720215545422e-05 -0.10193628019894797 0.18842335495467025 0.006739414449418389 0.2143356844305052 2.4982258774520276
26.518999999983546 4.1863085104501945 -0.7020693987117987 5.3501647896973025e-05 -0.10141892823309853 0.18840983711692227 0.0070556806540288735 0.21408841247453633 2.4953544848212172
26.519499999983545 4.183079114035396 -0.6902385810371813 5.374703396493522e-05 -0.10090024074700671 0.1883961895550125 0.007372812525639403 0.21384186022897933 2.492465824823375
26.519999999983543 4.179839960732292 -0.6783781097937936 5.399335958168468e-05 -0.10038023904038786 0.18838242045668174 0.007690793297582017 0.21359606042357046 2.489560033051278
26.520499999983542 4.1765921304173865 -0.666488393340908 5.424058756410424e-05 -0.09985895939351985 0.18836857578459953 0.008009615060086666 0.21335108635225142 2.486637589106574
26.52099999998354 4.173335923409932 -0.6545699457759064 5.448871074383263e-05 -0.09933642426794273 0.1883546646199468 0.0083292609832325 0.2131069718684965 2.483698702260064
26.52149999998354 4.170071963878069 -0.6426231986920716 5.473771572225378e-05 -0.09881265973414421 0.1883407120865128 0.008649718554299793 0.21286376672430438 2.480743636931735
26.52199999998354 4.1668008177770135 -0.6306486162368088 5.4987587381311e-05 -0.09828769225019188 0.18832674009116357 0.008970974265752378 0.2126215178680415 2.4777726659300296
26.522499999983538 4.163523052358728 -0.6186466798071645 5.5238315229960836e-05 -0.09776154804416864 0.18831277067596647 0.009293013324453968 0.212380272088299 2.4747860667184884
26.522999999983536 4.160239264827778 -0.6066178413869602 5.548988238231764e-05 -0.09723425388246587 0.18829882727722794 0.009615822800513435 0.2121400776142736 2.471784147205278
26.523499999983535 4.1569500096966685 -0.5945625653779141 5.5742277884567674e-05 -0.09670583519036774 0.1882849315275909 0.009939388369818737 0.21190098027470816 2.4687671671823614
26.523999999983534 4.153655892640395 -0.5824813268296869 5.599548828287754e-05 -0.09617631898865114 0.1882711072384859 0.01026369574903894 0.2116630284330286 2.465735426345314
26.524499999983533 4.1503574690888465 -0.5703745820069452 5.624949754895013e-05 -0.0956457313290382 0.18825737587525476 0.010588731628318613 0.21142626783443932 2.4626892167087773
26.52499999998353 4.147055357452526 -0.5582427923367544 5.650429126090186e-05 -0.09511409916365919 0.18824376195388431 0.010914482371589481 0.21119074719244874 2.4596288301394704
26.52549999998353 4.143750118338975 -0.546086434757802 5.675985537484615e-05 -0.0945814488651198 0.18823028712720855 0.01124093351114907 0.21095651221903228 2.4565545572385306
26.52599999998353 4.1404423386363485 -0.5339059556512098 5.701617506226007e-05 -0.09404780640538662 0.18821697452714067 0.011568071868043497 0.21072360967997777 2.4534667078345924
26.52649999998353 4.137132618373014 -0.5217018416759511 5.727323803972263e-05 -0.09351319866999525 0.18820384770819792 0.011895882295974053 0.2104920868661438 2.450365591674248
26.526999999983527 4.133821546137222 -0.5094745279984301 5.7531027562981176e-05 -0.0929776516675837 0.1881909298985738 0.012224352320487523 0.21026199037240148 2.447251504547289
26.527499999983526 4.1305096969090975 -0.49722451643436016 5.7789532316878645e-05 -0.09244119224746787 0.188178243345611 0.012553466121386803 0.21003336593130653 2.4441247508886788
26.527999999983525 4.127197676982615 -0.48495225687989885 5.8048734225915266e-05 -0.09190384708514135 0.18816581197927168 0.012883210515723092 0.20980626067889419 2.4409856714022684
26.528499999983524 4.123886084031214 -0.472658231662606 5.830862085978711e-05 -0.09136564310636558 0.18815365923809024 0.013213570755653978 0.20958072114829127 2.437834553928264
26.528999999983522 4.120575507929896 -0.46034290121772725 5.856917561441159e-05 -0.09082660692732983 0.18814180819631343 0.013544533210027155 0.20935679329123189 2.4346717364503125
26.52949999998352 4.11726655601773 -0.4480067468092047 5.8830385554980375e-05 -0.09028676523946096 0.1881302828545131 0.013876082658940938 0.20913452363080182 2.431497547703788
26.52999999998352 4.113959693677007 -0.4356501602499177 5.909223718122197e-05 -0.08974614032991839 0.18811910108882263 0.014208207677163395 0.2089139513387784 2.4283122233044105
26.53049999998352 4.110655815405238 -0.42327368327195625 5.935470578957281e-05 -0.08920476633957308 0.1881082997362166 0.014540891916080132 0.20869513723386862 2.425116221225072
26.530999999983518 4.107355314582065 -0.4108779181084779 5.961778543235073e-05 -0.08866267066612794 0.1880978911894931 0.014874116181170738 0.208478116769496 2.421909887705835
26.531499999983517 4.104058841982355 -0.3984630910351319 5.988145347820638e-05 -0.0881198734429845 0.18808790389135605 0.015207874936635118 0.2082629375235544 2.418693470783687
26.531999999983515 4.100766939743357 -0.3860298245991999 6.0145700501292254e-05 -0.08757640530107832 0.18807835708614182 0.01554214859611734 0.2080496420392614 2.4154673234448802
26.532499999983514 4.097480236053283 -0.3735785488043308 6.041051116794786e-05 -0.0870322916559842 0.18806927625642164 0.015876923684427013 0.20783827647521438 2.412231814194234
26.532999999983513 4.0941993522910645 -0.3611097579799843 6.067586308730206e-05 -0.08648756173650898 0.18806068535594642 0.01621218624181021 0.2076288869459495 2.4089872943874253
26.533499999983512 4.090924859321172 -0.34862391516473235 6.094174423026682e-05 -0.08594224081110996 0.18805260684104008 0.016547921378408516 0.20742151623515723 2.405734096913557
26.53399999998351 4.0876573384721615 -0.3361215263264386 6.120814039771365e-05 -0.08539635650305412 0.18804506305005111 0.01688411358575501 0.20721620769879728 2.4024725885940232
26.53449999998351 4.084397414244318 -0.3236030465777452 6.14750322004093e-05 -0.08484993592708677 0.18803807870962685 0.017220749376473162 0.20701300654965102 2.3992031159981924
26.53499999998351 4.081145668345294 -0.31106896100770975 6.17424072686506e-05 -0.08430300515420967 0.18803167663893683 0.01755781294524751 0.20681195539209213 2.3959260318190303
26.535499999983507 4.077902685508461 -0.29851975790729807 6.201024627295511e-05 -0.08375559227561524 0.18802587915590308 0.017895290289077166 0.20661309707837908 2.3926417137072837
26.535999999983506 4.074669070207659 -0.28595592402521475 6.227853336053398e-05 -0.0832077244758715 0.18802070996838896 0.0182331662135931 0.2064164749714569 2.389350522689635
26.536499999983505 4.071445429923653 -0.27337793394467813 6.254725029694152e-05 -0.08265942895575232 0.1880161928315334 0.018571426276269308 0.2062221322654053 2.3860528362984885
26.536999999983504 4.068232350189541 -0.2607862857118054 6.28163811596766e-05 -0.0821107334093559 0.18801235028628138 0.018910055418435066 0.20603011089916437 2.3827490126735302
26.537499999983503 4.065030443544266 -0.2481814550908109 6.30859070132044e-05 -0.08156166479049042 0.1880092064524386 0.019249038623495668 0.20584045365816903 2.3794394549131432
26.5379999999835 4.061840350475576 -0.2355639062956808 6.335580930807339e-05 -0.0810122510752234 0.18800678661966863 0.01958836261274361 0.20565320466546827 2.376124568834341
26.5384999999835 4.058662562950951 -0.22293416096627777 6.362607340891556e-05 -0.08046251848468841 0.18800510881951635 0.019928010446286715 0.20546840006065245 2.372804682852371
26.5389999999835 4.055497694722466 -0.21029271498144195 6.389668347926434e-05 -0.07991249510111598 0.1880041969227027 0.020267967270922376 0.2052860819225976 2.3694801858133525
26.539499999983498 4.052346367079126 -0.1976400325673694 6.416761869702507e-05 -0.07936220786529072 0.18800407550140227 0.020608218593204563 0.2051062922388679 2.3661515000113376
26.539999999983497 4.049209136145421 -0.18497662842812276 6.443886226755416e-05 -0.07881168474109279 0.18800476541759953 0.020948748950210042 0.2049290695680702 2.362818984321322
26.540499999983496 4.046086601954733 -0.17230299216935266 6.47103966928257e-05 -0.0782609531652111 0.18800628999909516 0.021289543244928946 0.2047544542156017 2.3594830692989524
26.540999999983494 4.042979332441677 -0.15961963152725592 6.498220151169089e-05 -0.07771004080235802 0.18800867078074432 0.021630585674083855 0.20458248450649516 2.3561441404683583
26.541499999983493 4.0398878771873825 -0.14692682949475727 6.525425606031745e-05 -0.07715896879050163 0.18801193041421002 0.021971869501761797 0.20441319794057772 2.352802528887742
26.541999999983492 4.036812854460047 -0.1342253818596999 6.552655181139754e-05 -0.07660777292240606 0.18801609055157165 0.022313367247952243 0.20424663408822605 2.3494587119845183
26.54249999998349 4.033754831593216 -0.12151566052220063 6.579906610907222e-05 -0.07605647722615883 0.18802117384523143 0.02265506868596952 0.2040828304374426 2.346113095857362
26.54299999998349 4.030714437698059 -0.10879820730160014 6.607176986074147e-05 -0.07550511346802882 0.1880272037899577 0.022996958868741292 0.20392182728217392 2.342766129497189
26.54349999998349 4.027692211859703 -0.0960735010319088 6.634465255028601e-05 -0.07495370627714232 0.18803420134342266 0.02333902158016752 0.20376365938964303 2.3394181932048665
26.543999999983487 4.024688622387582 -0.08334210405470595 6.661770192947679e-05 -0.07440228328494611 0.18804218277693766 0.023681239154462436 0.20360835775925173 2.3360696860086243
26.544499999983486 4.02170436711115 -0.07060448081781566 6.689089080587219e-05 -0.07385087335338579 0.18805117616673866 0.02402359783061659 0.20345596478225653 2.3327210535843417
26.544999999983485 4.018739938319714 -0.05786116351628767 6.716420283464097e-05 -0.07329950370263098 0.18806119914592112 0.024366081052170568 0.20330651188069396 2.3293727060260143
26.545499999983484 4.015795893562917 -0.04511265157636917 6.743761974989593e-05 -0.07274820183819308 0.18807227278948704 0.024708673825357498 0.2031600335329309 2.326025065168378
26.545999999983483 4.012872805807294 -0.032359448753333395 6.771111963407588e-05 -0.07219699552138667 0.1880844188481965 0.02505136051192378 0.2030165644455578 2.3226785880129683
26.54649999998348 4.0099712148676385 -0.019602111036787755 6.798468686854817e-05 -0.07164591342121839 0.18809765702909187 0.025394123887561945 0.202876137132516 2.319333689965282
26.54699999998348 4.0070916734638935 -0.006841134292086583 6.825830008277564e-05 -0.07109498265216105 0.18811200825260752 0.02573694851767864 0.20273878446449708 2.315990801945775
26.54749999998348 4.00423472909023 0.005922966358703676 6.853193944713776e-05 -0.07054423132760179 0.1881274928090634 0.026079819064058204 0.20260453866249 2.312650367992637
26.547999999983478 4.001401019911111 0.01868968060685816 6.880557352914414e-05 -0.0699936901777771 0.18814413495485027 0.02642272134380372 0.20247343624738495 2.309312898021723
26.548499999983477 3.9985909285007644 0.031458456326432446 6.907919945956023e-05 -0.06944338281154781 0.18816194769895433 0.02676563579272738 0.20234549967213042 2.3059787319855984
26.548999999983476 3.995805038043949 0.04422874970883641 6.935279338761846e-05 -0.06889333951472038 0.1881809525603544 0.027108546679480094 0.2022207616420392 2.3026483548679426
26.549499999983475 3.993043885210865 0.05700004796653105 6.962633424755276e-05 -0.06834358784922966 0.188201169412791 0.02745143825751752 0.2020992519304654 2.2993222190967897
26.549999999983473 3.9903079879456076 0.06977181707884575 6.989979797107523e-05 -0.0677941565507264 0.18822261678474883 0.027794294784916622 0.20198099899325592 2.2960008006093586
26.550499999983472 3.987597869249077 0.08254350739752765 7.017316859261099e-05 -0.06724507337802756 0.18824531382047052 0.02813709859211863 0.20186603078815993 2.292684524278074
26.55099999998347 3.984914092520212 0.09531461234967682 7.044642156507616e-05 -0.06669636685577011 0.1882692814640426 0.028479834901597643 0.2017543771291434 2.289373876672734
26.55149999998347 3.9822570350207194 0.10808454502550144 7.071954461101724e-05 -0.06614806364095498 0.1882945315012199 0.028822484838186828 0.20164605760827367 2.286069281420661
26.55199999998347 3.979627314041738 0.12085278679451106 7.099250925073433e-05 -0.06560019359405 0.18832108734994588 0.02916503306313849 0.20154110373275408 2.2827712428303326
26.552499999983468 3.9770253982921315 0.13361877432738678 7.126529859015141e-05 -0.06505278471302006 0.18834896514105004 0.02950746217789737 0.20143953880210078 2.2794802064114235
26.552999999983466 3.974451769027343 0.1463819679957917 7.153788958851702e-05 -0.0645058651722438 0.18837818168534168 0.02984975607253198 0.201341386491414 2.276196630206057
26.553499999983465 3.971906927050573 0.15914181216179019 7.181026349403404e-05 -0.06395946291183038 0.1884087547584502 0.03019189716457798 0.20124667058114548 2.2729210247815463
26.553999999983464 3.9693913585857987 0.17189775443883648 7.208239542381335e-05 -0.06341360716875863 0.1884407011292692 0.030533869474687864 0.2011554140492904 2.2696538450097274
26.554499999983463 3.9669055215624356 0.18464921223159758 7.235427029839795e-05 -0.06286832576877478 0.188474036398615 0.030875654297514495 0.20106763740009198 2.2663955653218424
26.554999999983462 3.9644498962014643 0.1973956560180274 7.262586343041285e-05 -0.06232364633927703 0.18850877742771124 0.031217235505799912 0.20098336212965048 2.26314666005117
26.55549999998346 3.9620249457363217 0.21013649628940356 7.289715445964628e-05 -0.06177959849690819 0.18854493956450696 0.03155859568093348 0.2009026082139687 2.2599076329278702
26.55599999998346 3.9596311272689237 0.2228711690748604 7.31681219266909e-05 -0.061236210208239925 0.18858253832043664 0.03189971719468498 0.20082539470183441 2.2566789606542135
26.55649999998346 3.9572688885926377 0.2355991227824381 7.343874410035067e-05 -0.06069350939472156 0.18862158878286922 0.032240583530187536 0.20075173987786002 2.2534611131405766
26.556999999983457 3.9549383679304215 0.24832040272856154 7.370898248364418e-05 -0.06015150163239204 0.18866209675090273 0.03258119981148034 0.20068164958519313 2.250254244595022
26.557499999983456 3.952640546663191 0.2610334788844581 7.397883778768898e-05 -0.059610251821595975 0.1887040937214547 0.03292151375801119 0.20061516188361378 2.2470593763765647
26.557999999983455 3.9503757702027746 0.2737380116546141 7.424828222322005e-05 -0.05906978014714816 0.18874759177111028 0.03326151654670947 0.2005522894634044 2.2438769315312426
26.558499999983454 3.948144265594121 0.2864334866222099 7.451729504275942e-05 -0.05853011030521209 0.18879259567643564 0.03360119325245967 0.20049303774090396 2.2407072685452523
26.558999999983453 3.9459466039634723 0.2991192945340402 7.478585103192665e-05 -0.057991274151030836 0.18883912572325062 0.033940525495367184 0.20043742802302006 2.237550981673267
26.55949999998345 3.943783043038005 0.31179492452869817 7.505393194092111e-05 -0.057453294674861224 0.18888718844868477 0.03427949733860951 0.20038546595707266 2.234408500552792
26.55999999998345 3.9416540261938167 0.3244597146015466 7.532151747663673e-05 -0.05691620328447792 0.1889367976118274 0.03461808856324283 0.200337165158902 2.2312803291901013
26.56049999998345 3.939559935816719 0.3371130975652251 7.558858401082494e-05 -0.056380027754391965 0.18898796483978103 0.03495628241799827 0.20029253621729187 2.228166989550071
26.560999999983448 3.937501014144522 0.34975454830333397 7.585511325033799e-05 -0.05584479162181262 0.18904069570391854 0.03529406289741561 0.20025158241400223 2.2250688836420958
26.561499999983447 3.9354778504045256 0.36238335619629347 7.612107723002684e-05 -0.05531053072244739 0.18909501019217392 0.03563140851382894 0.20021432256723423 2.221986660952584
26.561999999983446 3.933490766957513 0.3749989444348749 7.638645474793173e-05 -0.054777272061693486 0.18915091703569076 0.03596830208421923 0.20018076257419243 2.218920788445438
26.562499999983444 3.931540105074653 0.3876006993896577 7.665122091873058e-05 -0.054245044554711 0.18920842531252172 0.03630472553479316 0.20015090847693734 2.215871805402423
26.562999999983443 3.929626193844418 0.4001881529538956 7.69153556961864e-05 -0.05371387150713559 0.18926754524746142 0.03664066521661053 0.20012476614302555 2.212840146574976
26.563499999983442 3.927749416604531 0.412760499335596 7.717884349964962e-05 -0.05318378675716118 0.1893282865823638 0.03697609460650167 0.20010234093181875 2.2098264080039853
26.56399999998344 3.9259099093526872 0.42531718487938397 7.744166391908943e-05 -0.05265481480256728 0.18939064902354602 0.03731099847866957 0.20008362768334628 2.2068309841412344
26.56449999998344 3.9241082599849877 0.4378576336587926 7.770378234283144e-05 -0.05212698703051267 0.1894546538779477 0.03764535978815379 0.20006864263665045 2.203854505992199
26.56499999998344 3.922344717381362 0.45038116101408837 7.79651801658451e-05 -0.0516003328940888 0.18952030517537255 0.03797915786293654 0.20005738391902705 2.200897496417305
26.565499999983437 3.920619568951343 0.4628871627364225 7.822583380412357e-05 -0.05107487993310876 0.18958760959187287 0.038312374674651956 0.20004985159742758 2.197960441004984
26.565999999983436 3.918933177504316 0.4753750266234727 7.848571532158512e-05 -0.05055065799931053 0.18965657705518657 0.03864499288899272 0.20004604899833306 2.195043926028247
26.566499999983435 3.917285753464786 0.4878440778952551 7.87448116212295e-05 -0.0500276943401644 0.18972721028764544 0.03897699094785356 0.200045970586449 2.1921484200641657
26.566999999983434 3.9156775899131597 0.500293700256476 7.900309633991551e-05 -0.049506017477031386 0.1897995159346972 0.03930835095991808 0.20004961502254787 2.1892744606965846
26.567499999983433 3.9141090031350085 0.5127232344232239 7.926054777071806e-05 -0.048985657308774265 0.18987350148507967 0.03963905338485428 0.2000569812364081 2.186422576826072
26.56799999998343 3.9125801760348367 0.5251320507263699 7.951714645623937e-05 -0.04846663967676745 0.18994916856070493 0.03996907846305398 0.2000680609983674 2.1835932973649683
26.56849999998343 3.9110914254551457 0.537519507068367 7.977286495418437e-05 -0.04794899503485295 0.19002652451557644 0.040298408251544626 0.2000828524684949 2.18078714266822
26.56899999998343 3.909643043467877 0.5498851447132272 8.002767755784129e-05 -0.047432746432169826 0.1901055776998482 0.04062703002415306 0.20010135350685407 2.1780045522898073
26.569499999983428 3.9082351812464804 0.5622280476611203 8.028156576454453e-05 -0.046917929648831576 0.19018632500047444 0.04095491547600397 0.20012355044163452 2.175246174354408
26.569999999983427 3.9068680895353665 0.5745476755139525 8.05345055114693e-05 -0.04640456958835307 0.19026877191138122 0.041282048898675844 0.20014943718286637 2.172512510794829
26.570499999983426 3.9055418559953328 0.5868433210438861 8.078647983238683e-05 -0.04589269404040442 0.19035291454016054 0.04160840907870216 0.20017899776520126 2.169804007763683
26.570999999983425 3.9042565803824307 0.5991143934873486 8.103747099299117e-05 -0.045382327203242964 0.1904387507335114 0.04193397882770766 0.2002122173685845 2.1671211600470413
26.571499999983423 3.903012815069901 0.6113601527143755 8.128743589635828e-05 -0.04487350665521529 0.1905262978931283 0.04225873670076083 0.20024910141106989 2.164464691011439
26.571999999983422 3.90181063044903 0.6235799441978038 8.153635686399076e-05 -0.04436625877502241 0.19061555159786087 0.042582663818685085 0.20028963199962238 2.1618350863512887
26.57249999998342 3.900650180196993 0.6357730831871251 8.17842172434303e-05 -0.0438606109888745 0.19070651149389595 0.042905739152160345 0.20033379438996823 2.159232820495807
26.57299999998342 3.8995316409649528 0.6479388915068268 8.203099093311302e-05 -0.04335659232165634 0.19079917792970194 0.04322794299727392 0.20038157463242953 2.156658474063884
26.57349999998342 3.8984550508619353 0.6600767411976753 8.22766591473236e-05 -0.04285422771041096 0.19089354526014868 0.043549257470810336 0.2004329520834913 2.1541124827479603
26.573999999983418 3.8974206346558877 0.6721859352062519 8.252119698546688e-05 -0.04235354707001369 0.19098961607526213 0.04386966177936111 0.20048791390660792 2.151595403508725
26.574499999983416 3.896428461596713 0.6842658076423473 8.276458439125024e-05 -0.04185457690851503 0.19108738585328752 0.044189136501801535 0.2005464395725061 2.149107765327142
26.574999999983415 3.8954787155339203 0.6963156672777608 8.300679372820259e-05 -0.04135734704834676 0.19118685504876567 0.04450766181460456 0.20060851342482536 2.1466500964751036
26.575499999983414 3.8945714933237197 0.708334873352824 8.324780154321914e-05 -0.040861884421862116 0.1912880204874773 0.04482521998595533 0.20067411573820987 2.144222886327148
26.575999999983413 3.893706869663085 0.7203226976448274 8.348758867735522e-05 -0.04036821708810891 0.19139087739890304 0.04514178882471312 0.20074322404676478 2.1418266930119927
26.57649999998341 3.8928849320488537 0.7322784568946971 8.372613182532925e-05 -0.0398763731120947 0.19149542180435955 0.04545734899458348 0.20081581681286945 2.139461988031082
26.57699999998341 3.892105733398762 0.7442014763272097 8.396340932589133e-05 -0.039386379031886985 0.1916016482293486 0.04577188068794786 0.20089187021668709 2.137129288712881
26.57749999998341 3.891369408957073 0.7560910703411778 8.419940050029391e-05 -0.03889826311841104 0.19170955508537427 0.046085364014467195 0.20097136403230992 2.1348291283519525
26.57799999998341 3.8906759441767162 0.7679465451504559 8.443407788790634e-05 -0.038412052967796595 0.19181913311398244 0.04639777987123585 0.20105427033211748 2.1325619849753283
26.578499999983407 3.890025368517122 0.779767211863746 8.466742370517063e-05 -0.037927774859539715 0.19193037575107674 0.04670910778460177 0.20114056277086179 2.13032834161084
26.578999999983406 3.8894179369997754 0.7915521968070274 8.489941316829625e-05 -0.03744546544233055 0.19204328504193033 0.04701932180138415 0.20123022346196157 2.1281288660787903
26.579499999983405 3.888853393184305 0.8033010164434204 8.513002671872044e-05 -0.03696514095096328 0.1921578425801154 0.04732840936953327 0.20132321387266577 2.1259638541588752
26.579999999983404 3.888331772717433 0.8150129233624909 8.535924536867607e-05 -0.03648683052069397 0.19227404117334537 0.04763634913118071 0.20141950617833146 2.1238338241506747
26.580499999983402 3.887853087883866 0.8266874055152486 8.55870327209176e-05 -0.036010555450447616 0.1923918749740512 0.04794312712047138 0.20151907378203776 2.1217390618033467
26.5809999999834 3.887417376617463 0.838323494341068 8.581338195318516e-05 -0.035536353106465676 0.1925113343837114 0.04824871558139909 0.20162188575042964 2.1196803908113586
26.5814999999834 3.8870245282435385 0.84992080725994 8.603826631796885e-05 -0.03506423697739304 0.19263240942995788 0.048553103583908644 0.20172791017910105 2.117658039772394
26.5819999999834 3.8866746303175095 0.861478351431956 8.626166736254755e-05 -0.034594246125862704 0.1927550926744985 0.04885626234526904 0.20183711746683516 2.115672646778251
26.582499999983398 3.8863675663990893 0.8729955120747954 8.648356039237903e-05 -0.03412640341521994 0.19287937091368995 0.049158175234987694 0.2019494722116225 2.113724632975269
26.582999999983397 3.8861030939150343 0.8844716054899111 8.67039346894118e-05 -0.03366073055853601 0.19300522468945194 0.049458822047267245 0.20206493168648396 2.111814346548894
26.583499999983395 3.8858814337952925 0.8959059243114416 8.692275636253228e-05 -0.033197259792902584 0.19313265565297175 0.04975818376247014 0.20218347506328643 2.1099423882913664
26.583999999983394 3.885702588578445 0.9072976924958673 8.71400056600802e-05 -0.032736020701762 0.19326165481106178 0.05005623803481579 0.20230506972860154 2.108109274880891
26.584499999983393 3.885566195583681 0.9186463451029712 8.735566655387228e-05 -0.03227703049527562 0.1933921977988252 0.05035296970850911 0.20242966784915425 2.1063152632516067
26.584999999983392 3.885472244658294 0.9299511498863687 8.756971157526207e-05 -0.03182031857311446 0.19352427500699348 0.05064835918259126 0.20255723630363273 2.104560859140043
26.58549999998339 3.8854206408059366 0.9412114088100079 8.778212738597885e-05 -0.031365909439475 0.19365787384559432 0.05094238579859796 0.20268773778454055 2.1028464712402295
26.58599999998339 3.8854112598968666 0.9524264140025882 8.79928912719901e-05 -0.030913829279798487 0.1937929797349057 0.05123503012588756 0.20282113338425733 2.1011725353532866
26.58649999998339 3.8854439418568685 0.9635954781537391 8.820198347200623e-05 -0.030464102781665878 0.19392957662270718 0.05152627333323945 0.20295738245002584 2.099539436094846
26.586999999983387 3.885518284406862 0.9747183244979641 8.840937445059286e-05 -0.030016739468639586 0.19406764044085079 0.05181611205645913 0.20309643813532294 2.097947384858863
26.587499999983386 3.8856346021953674 0.9857936722612027 8.861505839842598e-05 -0.029571787656437747 0.19420717280182276 0.052104504874019006 0.20323827400625394 2.096397096305479
26.587999999983385 3.885792455659103 0.9968210076081347 8.88190134824258e-05 -0.029129263031677344 0.1943481457493531 0.05239143965265525 0.2033828376974278 2.0948888005114035
26.588499999983384 3.885991956352442 1.007799567973358 8.902121012646522e-05 -0.02868919682809084 0.1944905554290453 0.05267689459813365 0.20353009946993678 2.093423104113258
26.588999999983383 3.886232585118354 1.0187287212606202 8.922164355708775e-05 -0.0282516066604084 0.1946343692369027 0.05296085355526997 0.20368000141507303 2.092000087780175
26.58949999998338 3.8865142852521712 1.029607860472812 8.942028865758948e-05 -0.027816515908586956 0.19477957695562548 0.053243299957513424 0.20383250758078517 2.090620163502077
26.58999999998338 3.886836821735693 1.0404362572970556 8.961712711299027e-05 -0.027383950240094452 0.19492615829207377 0.053524214534343265 0.20398757182430738 2.0892837425547994
26.59049999998338 3.887199957280363 1.051213231555451 8.981214500581406e-05 -0.026953932032567646 0.1950740939077812 0.053803577921063085 0.20414514827216937 2.087991105666051
26.590999999983378 3.8876033093103075 1.0619379172356465 9.000533021534673e-05 -0.026526488164091915 0.1952233552708276 0.05408136532903124 0.20430518126903102 2.086742646260205
26.591499999983377 3.888046779608634 1.0726093090466557 9.019666119836902e-05 -0.026101654919465422 0.19537392598638934 0.054357547385412465 0.20446762653933104 2.085538905855659
26.591999999983376 3.888530211279499 1.0832275579912582 9.038611031497532e-05 -0.025679430902551165 0.1955257985115097 0.05463213496093491 0.20463245398868724 2.0843797548602
26.592499999983374 3.8890532748676425 1.0937917070591494 9.057367034826549e-05 -0.02525984633225738 0.19567894615975656 0.054905099751221015 0.20479960885122242 2.0832656268381724
26.592999999983373 3.8896156767746093 1.1043010719590287 9.07593206522634e-05 -0.024842924716037537 0.1958333462220782 0.05517642410875264 0.2049690420000347 2.0821968116920373
26.593499999983372 3.8902171697499615 1.1147549898165343 9.094304842407493e-05 -0.024428688094079887 0.19598897893669268 0.055446089825380906 0.2051407066955981 2.0811735723946923
26.59399999998337 3.8908575243881938 1.1251527685193055 9.112482964086518e-05 -0.0240171612695905 0.19614582457147078 0.05571407911011436 0.2053145565793127 2.0801962635315343
26.59449999998337 3.891536342722457 1.1354938008394826 9.130465717747935e-05 -0.023608362184684616 0.1963038567563785 0.05598037569555458 0.20549053848167181 2.079264994153131
26.59499999998337 3.8922532865595567 1.145777417102788 9.148251933766752e-05 -0.023202311994651365 0.19646305117925814 0.05624496151666171 0.20566860104685813 2.0783799971495345
26.595499999983367 3.8930080825290125 1.1560030044501184 9.165840060761279e-05 -0.02279903123800732 0.19662338719794895 0.05650782055331943 0.20584869686804513 2.0775415271548097
26.595999999983366 3.893800404340083 1.1661698591342022 9.183228247473502e-05 -0.022398543932507613 0.1967848402383411 0.05676893508129567 0.2060307746628893 2.076749801678911
26.596499999983365 3.8946299081661606 1.176277368083594 9.200415423178237e-05 -0.022000869145686754 0.19694738640316847 0.057028288805723304 0.20621478360756187 2.076004976701226
26.596999999983364 3.895495945989083 1.1863246535451784 9.217400913317248e-05 -0.021606030007087017 0.19711098450331452 0.05728585696192919 0.20640065443790545 2.075307319740837
26.597499999983363 3.8963986645307083 1.1963113364553173 9.234181786160197e-05 -0.021214048285055676 0.19727563554047356 0.057541633135970875 0.20658836309553616 2.074656965709367
26.59799999998336 3.897337754821671 1.2062363820876887 9.250758333889703e-05 -0.020824954570793922 0.19744131390317454 0.05779558458797553 0.2067778536656026 2.0740542397500703
26.59849999998336 3.8983125030925017 1.21609969577014 9.267128299142495e-05 -0.02043874860666211 0.19760798224326753 0.05804771561636495 0.2069690662373009 2.0734990244619267
26.59899999998336 3.899322560501467 1.2259005437016792 9.283290871838791e-05 -0.020055453109653877 0.19777561527294468 0.05829800571529973 0.20716194792095985 2.0729914447049644
26.599499999983358 3.900367639776287 1.235638214033867 9.299244969515945e-05 -0.01967509179310704 0.19794419061991345 0.05854643599263723 0.2073564491514064 2.0725316907075646
26.599999999983357 3.901447342111327 1.2453121204602393 9.314989376915561e-05 -0.019297682909525122 0.19811368174951702 0.058792992045630495 0.20755251715096848 2.0721198741044216
26.600499999983356 3.90256123836191 1.2549216581383864 9.330523170291642e-05 -0.0189232441020028 0.19828406070856264 0.05903765807626923 0.20775009739961955 2.071756031869164
26.600999999983355 3.9037089279631356 1.2644662306540155 9.345844842751066e-05 -0.018551794845927387 0.1984553005236278 0.059280420287095875 0.2079491371161312 2.0714402698586456
26.601499999983353 3.9048899768342507 1.2739452138925826 9.360954042354792e-05 -0.018183352636739775 0.19862737303800385 0.05952126174160604 0.20814958138896927 2.0711726191182005
26.601999999983352 3.9061040106387637 1.2833580356393048 9.375849687455668e-05 -0.01781793562659264 0.19880025305314275 0.05976016862142729 0.20835137915945845 2.070953114352954
26.60249999998335 3.9073506155883777 1.2927040951848898 9.3905305535197e-05 -0.01745556220894385 0.19897391320602223 0.05999712581919939 0.20855447704403954 2.0707818584807063
26.60299999998335 3.908629218581559 1.301982824587852 9.404996448212427e-05 -0.01709624686174264 0.1991483190210318 0.06023211950839952 0.20875881501420349 2.0706587081407846
26.60349999998335 3.90993951303829 1.3111936358354392 9.419245958352955e-05 -0.01674000919230048 0.19932344839031696 0.06046513499729539 0.2089643451314286 2.0705838006125425
26.603999999983348 3.911281042093935 1.3203359633405571 9.433278618509819e-05 -0.016386865443635105 0.19949927238942194 0.06069615847383957 0.20917101304066493 2.070557065508234
26.604499999983346 3.9126532022524745 1.3294093981883344 9.447093240353086e-05 -0.016036825527135784 0.199675756366422 0.0609251820473103 0.20937876029098182 2.0705783812658844
26.604999999983345 3.914055684641209 1.3384131748012993 9.460689756010954e-05 -0.01568991352286678 0.19985287669662155 0.061152184391373376 0.20958753628521565 2.070647807787978
26.605499999983344 3.9154880165751162 1.3473467530050356 9.474067579085801e-05 -0.015346144493211391 0.20003060401431738 0.06137715224929022 0.2097972867111768 2.0707652982197606
26.605999999983343 3.9169497062226313 1.3562096116539584 9.487225857463295e-05 -0.015005533366667 0.20020890796473204 0.06160007384341118 0.21000795689107213 2.070930736293584
26.606499999983342 3.9184402730093337 1.3650012356553094 9.500164098354704e-05 -0.014668094408174378 0.20038775901560785 0.061820937050315806 0.21021949294640482 2.071144009045162
26.60699999998334 3.919959222998783 1.3737210477692092 9.512882068176875e-05 -0.014333843447220735 0.2005671264129882 0.062039727469544365 0.21043183943982519 2.071405029219166
26.60749999998334 3.9215061277060608 1.3823685288536511 9.525378743410015e-05 -0.01400279638742007 0.20074698286869003 0.06225643336118272 0.21064494518598129 2.071713688188844
26.60799999998334 3.9230805255038073 1.3909432071447825 9.537653462053703e-05 -0.013674965473009164 0.2009273004727556 0.06247104332622262 0.21085875843849547 2.0720696487398413
26.608499999983337 3.924681888469244 1.3994444854411587 9.549706670116567e-05 -0.013350367642068867 0.20110804634144844 0.06268354315658566 0.21107322237109116 2.0724730623485232
26.608999999983336 3.9263096498120524 1.4078718596558149 9.561538188626501e-05 -0.013029014809457715 0.20128918715391664 0.06289392072979601 0.2112882802162851 2.072923642147635
26.609499999983335 3.927963372736152 1.4162248415877436 9.573147501240081e-05 -0.012710921328786264 0.20147069567404233 0.06310216506386225 0.21150388169524476 2.073421216062246
26.609999999983334 3.929642488061255 1.42450292779584 9.584534571288094e-05 -0.012396099560165137 0.20165253830491192 0.06330826443735575 0.2117199703268203 2.0739655442623013
26.610499999983332 3.931346548735527 1.4327056443057011 9.595699025454498e-05 -0.012084562941249398 0.2018346875377751 0.06351220818583568 0.21193649601612566 2.0745564756871966
26.61099999998333 3.933075003877329 1.440832492002175 9.606640813268502e-05 -0.011776324037522672 0.2020171107270588 0.0637139847335381 0.21215340366105606 2.0751937356835044
26.61149999998333 3.9348273505501616 1.44888301344416 9.617359646506496e-05 -0.011471395157598617 0.2021997777730976 0.06391358436144091 0.21237064134262734 2.0758771043332307
26.61199999998333 3.9366030700498964 1.456856739291537 9.62785561252699e-05 -0.011169787949756085 0.20238265799733965 0.06411099604392184 0.2125881563837798 2.0766063201483247
26.612499999983328 3.9384018896699113 1.4647527560037563 9.638128806244587e-05 -0.010871532295969714 0.20256572790841523 0.06430619383969677 0.21280589959791313 2.077381370267056
26.612999999983327 3.940222863359249 1.4725712594013587 9.648179347220462e-05 -0.01057661275520854 0.20274894287615602 0.06449919058402381 0.21302381125303022 2.078201538963312
26.613499999983325 3.9420654976584557 1.4803118103687192 9.658007414315997e-05 -0.010285040137016102 0.20293227371864594 0.0646899760953626 0.21324184105015145 2.0790665445367287
26.613999999983324 3.9439294807604766 1.4879736568486823 9.667612501901849e-05 -0.009996839369891134 0.20311569655677358 0.06487853072082259 0.21345994175400557 2.079976313213936
26.614499999983323 3.945814208442508 1.4955564690857839 9.676995018885394e-05 -0.009712016463112538 0.2032991779493663 0.06506484857018813 0.2136780604978653 2.080930418843999
26.614999999983322 3.947719146614774 1.5030598492522693 9.686155269391923e-05 -0.009430580350433917 0.20348268727662272 0.0652489209608885 0.21389614665445028 2.081928535738794
26.61549999998332 3.9496437852956143 1.5104833654085597 9.695093019943114e-05 -0.009152542819749789 0.20366619426570523 0.06543073948645461 0.2141141503882628 2.0829703310959977
26.61599999998332 3.9515875430101244 1.5178265993976732 9.703808824618068e-05 -0.008877912779714626 0.20384966581312997 0.06561029498823567 0.21433201906363009 2.084055416817582
26.61649999998332 3.953549900794199 1.5250891719120103 9.712302931162154e-05 -0.008606699053288893 0.20403307211685937 0.06578757972326024 0.21454970387274308 2.0851833732246208
26.616999999983317 3.955530309637899 1.5322706806502646 9.720575555948629e-05 -0.008338911215670429 0.20421638157082667 0.06596258571557895 0.21476715451024955 2.086353842355441
26.617499999983316 3.957528264828152 1.5393707419967495 9.728627314301454e-05 -0.008074557754586254 0.20439956521343633 0.06613530449873543 0.21498432325059055 2.0875664355853303
26.617999999983315 3.959543152358893 1.5463889317700727 9.736458690754176e-05 -0.00781364795971253 0.20458258813126884 0.06630572739496597 0.21520115693532468 2.088820737018189
26.618499999983314 3.9615745317539925 1.553324951051966 9.744069724957831e-05 -0.007556189285734472 0.20476542509222723 0.0664738494474448 0.21541761295233947 2.0901163103706546
26.618999999983313 3.9636218006712296 1.5601784203155304 9.751460954904054e-05 -0.007302189536713414 0.2049480422474193 0.06663966328288488 0.2156336400368373 2.0914526602916412
26.61949999998331 3.965684406355592 1.566948983008238 9.758633047861866e-05 -0.007051655976973565 0.20513040852608935 0.06680316173852408 0.2158491898811791 2.0928293956757535
26.61999999998331 3.9677619407570273 1.57363638419536 9.765585714007203e-05 -0.006804594686401128 0.20531250086228733 0.06696434082288348 0.21606422300097775 2.09424608854957
26.62049999998331 3.9698537017724957 1.5802401780346222 9.772320599399987e-05 -0.006561014151378145 0.20549427993631716 0.06712319130603464 0.2162786831944993 2.095702091455412
26.620999999983308 3.9719591357147066 1.5867601399165983 9.778838398745515e-05 -0.006320916295390479 0.20567571629363834 0.06727970938738036 0.21649252539282943 2.0971969661546956
26.621499999983307 3.9740778207528527 1.593195682385036 9.785139367269298e-05 -0.006084319271914097 0.2058567823579331 0.06743388158449029 0.21670570405348144 2.098730357457299
26.621999999983306 3.9762091305949903 1.599546773401843 9.791224179449882e-05 -0.005851218258328685 0.2060374469811544 0.06758571127851089 0.21691817508600067 2.1003016592826103
26.622499999983305 3.978352554848338 1.6058130587923443 9.797093301308683e-05 -0.005621621565419841 0.20621768102466143 0.06773519181661439 0.21712989385767992 2.101910364203237
26.622999999983303 3.98050748693365 1.6119941652344534 9.802747647726247e-05 -0.005395535961097863 0.20639745071675772 0.06788231539538567 0.2173408112024121 2.103555944718012
26.623499999983302 3.982673587874112 1.6180899872862646 9.808188340011613e-05 -0.005172963659598408 0.20657673794850684 0.06802708363313806 0.21755089593495025 2.1052378486070333
26.6239999999833 3.9848500203393815 1.6241001596259808 9.813415905235063e-05 -0.004953907673138015 0.20675549789034983 0.06816948849456612 0.21776008879207231 2.106955441052147
26.6244999999833 3.9870364348376914 1.6300243357636308 9.818431297697408e-05 -0.004738377566017587 0.20693370950860698 0.0683095230059238 0.21796835386415045 2.108708299793849
26.6249999999833 3.989232130847697 1.635862351563673 9.823235951323012e-05 -0.004526371465467963 0.20711133689811548 0.068447186019021 0.21817564296751954 2.110495717392149
26.625499999983298 3.991436715192908 1.6416138870132553 9.827829827071952e-05 -0.0043178986900120125 0.2072883566795857 0.06858247238833338 0.218381919084243 2.1123172460445567
26.625999999983296 3.9936496007698037 1.647278685741547 9.832214543234333e-05 -0.0041129616285898295 0.20746473756531358 0.0687153775074484 0.21858713798481794 2.1141722686872573
26.626499999983295 3.995870299120043 1.6528565366007708 9.836390377638313e-05 -0.003911564248595446 0.20764045290566788 0.06884589949698543 0.21879126101215923 2.1160602196126135
26.626999999983294 3.998098207650205 1.6583470528082582 9.840358857543393e-05 -0.003713713244405521 0.20781546921074504 0.06897402967324434 0.2189942411998758 2.1179805551198423
26.627499999983293 4.000332838443679 1.663750228636038 9.844120867389796e-05 -0.003519405076502168 0.20798976228552055 0.06909977245440557 0.2191960446288447 2.1199325322842903
26.62799999998329 4.002573674306289 1.6690658024775726 9.847677391469346e-05 -0.003328643754314208 0.20816330391859894 0.06922312325291535 0.21939663115106947 2.121915602604371
26.62849999998329 4.004820125978749 1.6742935744778822 9.85103033544579e-05 -0.0031414290518244747 0.2083360635203973 0.06934407868452364 0.2195959589525 2.123929103056826
26.62899999998329 4.007071684394079 1.6794333437976157 9.854180079103974e-05 -0.0029577645905093136 0.20850801351284826 0.06946263758296078 0.21979399011444498 2.1259724411645444
26.629499999983288 4.009327864916531 1.684484919698768 9.857127523649974e-05 -0.002777653058410194 0.20867912785727583 0.0695787983034742 0.21999068828734936 2.128044911662459
26.629999999983287 4.0115881743579465 1.6894481166620108 9.859873868202083e-05 -0.002601095865382459 0.20884938045005985 0.06969255842675451 0.22018601707225038 2.1301460432357895
26.630499999983286 4.013852035849533 1.6943227990321912 9.862420336453844e-05 -0.002428091985163992 0.20901874160062656 0.06980391761728906 0.22037993757535912 2.1322750538312696
26.630999999983285 4.016118946536511 1.69910875447832 9.864768728103297e-05 -0.0022586432951685106 0.20918718459593236 0.06991287252697857 0.2205724130839599 2.1344313750772184
26.631499999983284 4.018388441431069 1.7038057972152472 9.866919267965154e-05 -0.0020927530559023337 0.20935468425132384 0.07001942182754352 0.22076340925612645 2.1366143536669755
26.631999999983282 4.0206599728758725 1.7084138184257354 9.868873818838074e-05 -0.0019304191393733027 0.20952121275214505 0.07012356575833067 0.22095288996943718 2.138823287033722
26.63249999998328 4.02293299456353 1.7129327168117772 9.870633226391995e-05 -0.0017716398605114756 0.20968674224417408 0.07022530498646212 0.22114081948209305 2.141057488190248
26.63299999998328 4.025207090938647 1.717362308643914 9.872198942899862e-05 -0.0016164179620882946 0.20985125025179657 0.0703246374637946 0.22132716659661203 2.1433163825255828
26.63349999998328 4.0274817833675165 1.7217027081888956 9.873572657918684e-05 -0.0014647438380102078 0.21001471501997124 0.07042156909615221 0.22151190350271216 2.1455997841351033
26.633999999983278 4.029756530387105 1.7259535033637161 9.874754685469925e-05 -0.0013166280750330208 0.21017710497269493 0.07051609269491485 0.22169498932801573 2.1479062797651878
26.634499999983277 4.032030820368985 1.730114640266399 9.875746842229211e-05 -0.0011720667441310496 0.21033839475911165 0.07060820947287036 0.2218763919286081 2.150235422142737
26.634999999983275 4.034304198645713 1.7341860167373326 9.876550116092231e-05 -0.0010310596644235264 0.21049856085748864 0.07069792031712721 0.2220560810792452 2.1525865823790005
26.635499999983274 4.036576179130399 1.738167567237168 9.877165870936461e-05 -0.0008936040555994518 0.2106575788238646 0.07078522640281464 0.22223402601995634 2.154959092846288
26.635999999983273 4.038846267692665 1.7420592014829015 9.87759568766671e-05 -0.000759697998064081 0.21081542363864414 0.07087012845092926 0.22241019556585187 2.157352248668014
26.636499999983272 4.041114004977717 1.7458608127565955 9.877840633372225e-05 -0.0006293410320247256 0.2109720715590635 0.07095262674899354 0.22258455986577144 2.159765405005029
26.63699999998327 4.043378894915299 1.7495723541304162 9.877902149826508e-05 -0.0005025299374134509 0.21112749783037466 0.07103272357529786 0.22275708898927893 2.162197831984387
26.63749999998327 4.045640535476584 1.753193770135146 9.877781204116359e-05 -0.0003792633358579361 0.21128168203465397 0.07111042080682534 0.22292775724748662 2.164648914696267
26.63799999998327 4.047898398024902 1.756724974698014 9.877479756893716e-05 -0.00025953794364472216 0.21143459771007983 0.07118571864632245 0.22309653293576945 2.1671178935348445
26.638499999983267 4.050152076712523 1.7601659345024767 9.876998576183817e-05 -0.00014335186351339816 0.21158622440335545 0.0712586199104276 0.2232633911293176 2.169604189407504
26.638999999983266 4.052401105195496 1.7635166193791982 9.876339107178562e-05 -3.0701628383318744e-05 0.21173653897928774 0.07132912727648165 0.22342830456220614 2.1721070530677262
26.639499999983265 4.054645053202714 1.7667769791128707 9.875502745880849e-05 7.841537080735398e-05 0.21188551993036192 0.07139724227862695 0.2235912473915809 2.1746258407130785
26.639999999983264 4.056883427052095 1.7699469875783458 9.874490891858157e-05 0.00018400316960080103 0.21203314286239355 0.0714629676334827 0.2237521916591094 2.1771598229823628
26.640499999983263 4.059115813817443 1.7730265865455606 9.873304815269817e-05 0.00028606375752397706 0.2121793869570761 0.07152630469111246 0.22391111259765528 2.179708412081551
26.64099999998326 4.061341828833981 1.7760158450132655 9.871945747524253e-05 0.0003846028482052637 0.2123242340858515 0.07158725905586717 0.2240679895893792 2.1822708781067
26.64149999998326 4.063560984831742 1.7789147100051501 9.870415149875725e-05 0.0004796237569235846 0.2124676599693039 0.07164583228061347 0.22422279512788554 2.1848465496167875
26.64199999998326 4.065772888592236 1.7817232261089935 9.868713987038276e-05 0.0005711312096180584 0.21260964568094712 0.07170202942166697 0.2243755081345156 2.187434758550134
26.642499999983258 4.067977111371156 1.784441396151089 9.86684380252086e-05 0.0006591297427082528 0.2127501703899159 0.07175585362055782 0.22452610534583922 2.1900348263428078
26.642999999983257 4.070173271864229 1.787069186514267 9.8648062307719e-05 0.0007436224006217274 0.21288921530596225 0.07180730638339473 0.2246745651334431 2.192646123481871
26.643499999983256 4.072360916912373 1.789606644665859 9.862602661090298e-05 0.000824615370606669 0.21302675882705005 0.07185639250674299 0.22482086449204552 2.1952679357355467
26.643999999983254 4.074539677624346 1.7920538016146077 9.860234060876003e-05 0.0009021126208491609 0.213162783069558 0.07190311652066372 0.22496498407202015 2.1978996309027403
26.644499999983253 4.076709140828572 1.7944106997213805 9.857701943321903e-05 0.0009761199570766554 0.21329726841065857 0.07194748265839417 0.22510690300943473 2.200540542106566
26.644999999983252 4.078868932545157 1.7966773703177106 9.855007684526333e-05 0.0010466422071731584 0.21343019698937366 0.07198949476533886 0.22524660220167902 2.2031900332393675
26.64549999998325 4.081018646371406 1.7988538717628768 9.852152573114589e-05 0.0011136854009947527 0.2135615495946143 0.07202915773369659 0.2253840618239254 2.2058474401369925
26.64599999998325 4.083157803134959 1.8009402176000435 9.849138509641984e-05 0.0011772554619728008 0.21369130315697057 0.07206647495212018 0.225519258129703 2.2085119484915245
26.64649999998325 4.085286174922896 1.8029365575748677 9.845965985913786e-05 0.0012373587742464704 0.21381944797585842 0.07210145397447591 0.225652181586331 2.211183149388904
26.646999999983247 4.087403341139477 1.8048429081245612 9.84263692847698e-05 0.0012940009045400722 0.21394596393726464 0.07213409782044854 0.2257828115507386 2.213860330139344
26.647499999983246 4.0895089082630935 1.8066593454776716 9.839152348925553e-05 0.0013471880365509318 0.21407083255923065 0.07216441211205082 0.2259111299685916 2.216542862612206
26.647999999983245 4.091602631856121 1.8083859868157768 9.835513458833191e-05 0.0013969259365364853 0.2141940430813534 0.07219240344195703 0.22603712661493272 2.219230127247258
26.648499999983244 4.0936840203550275 1.8100228784377217 9.831722002853577e-05 0.0014432224429177275 0.2143155723467407 0.07221807545647686 0.22616077879236307 2.22192149232442
26.648999999983243 4.095752690533764 1.8115702732141212 9.827779349833093e-05 0.0014860901080190683 0.21443540442022152 0.07224143906990564 0.22628207319972124 2.2246162206376883
26.64949999998324 4.097808416297098 1.8130280808960044 9.823686440071618e-05 0.0015255276034452482 0.2145535272190914 0.07226249380342166 0.2264009966570638 2.2273138717026684
26.64999999998324 4.099850722097978 1.8143964470449085 9.819445246228516e-05 0.001561545720581461 0.2146699194216582 0.07228124681222897 0.22651752994033164 2.2300137009575356
26.65049999998324 4.101879357725678 1.8156754844736822 9.815056715256738e-05 0.0015941501526781786 0.21478456987732195 0.07229770446997917 0.22663166337412766 2.2327151683905644
26.650999999983238 4.103893982702309 1.8168652859474248 9.810522231001883e-05 0.0016233473155607867 0.21489746293943074 0.07231187254696121 0.2267433830248612 2.2354176563494605
26.651499999983237 4.105894213703802 1.8179660173849608 9.805843575685424e-05 0.0016491486881328075 0.21500858230109615 0.07232375727440463 0.22685267470499396 2.2381205492254708
26.651999999983236 4.107879745952527 1.8189777693033102 9.801021917726663e-05 0.0016715597185973593 0.21511791389016638 0.0723333647320357 0.22695952643986456 2.2408232450826193
26.652499999983235 4.109850254338164 1.8199007120140578 9.796058473262014e-05 0.0016905898330862017 0.21522544381749273 0.07234070242406868 0.22706392709461382 2.24352518239098
26.652999999983233 4.11180543493468 1.820734978666778 9.790954647660347e-05 0.0017062469538564118 0.21533115880861187 0.0723457767281125 0.2271658659282267 2.2462257854662573
26.653499999983232 4.113744931745126 1.8214807104902464 9.785712100501714e-05 0.0017185403765399324 0.21543504328944457 0.07234859402811405 0.22726533021117745 2.2489244446190684
26.65399999998323 4.115668471007002 1.8221379994746514 9.780332259772124e-05 0.001727476188922965 0.21553708503412844 0.0723491593759654 0.2273623101162575 2.2516206028234875
26.65449999998323 4.117575733996278 1.8227070967875736 9.774816367102713e-05 0.001733066937405961 0.21563727138937974 0.07234748242954706 0.2274567971003728 2.254313701110501
26.65499999998323 4.119466396165913 1.8231881295420758 9.769165635498478e-05 0.0017353200111154266 0.21573558787264882 0.07234356997314763 0.22754878010386712 2.257003153338694
26.655499999983228 4.121340208344863 1.823581245024259 9.763381748328516e-05 0.0017342440577547732 0.2158320242905137 0.07233742776378146 0.22763825198606902 2.259688451309256
26.655999999983226 4.123196856901694 1.8238865924570296 9.757466001063248e-05 0.0017298474522587674 0.21592656697810042 0.07232906299944562 0.2277252029388358 2.262368994853856
26.656499999983225 4.125036052447622 1.8241043695884729 9.751419847716889e-05 0.0017221406910828611 0.21601920424637755 0.07231848334685649 0.22780962535719956 2.265044285101955
26.656999999983224 4.126857503991887 1.8242347549295013 9.745244633909152e-05 0.001711133303564693 0.21610992398985202 0.07230569637179189 0.22789151136427163 2.267713749685975
26.657499999983223 4.1286609449434595 1.8242779392020636 9.738941643763169e-05 0.0016968348669113504 0.2161987154006524 0.07229070995723282 0.22797085457483074 2.2703768885631015
26.657999999983222 4.130446092390794 1.824234106010466 9.732512424742538e-05 0.0016792554733058556 0.21628556695488388 0.07227353131648998 0.22804764787407003 2.273033168416058
26.65849999998322 4.132212682957414 1.8241034502385 9.72595853691008e-05 0.0016584054232904799 0.21637046823785586 0.07225416784797228 0.2281218854152752 2.275682054590405
26.65899999998322 4.133960490668915 1.8238861751265711 9.719280945852689e-05 0.0016342939126202335 0.2164534104325851 0.07223262793137385 0.22819356332368854 2.2783231118777123
26.65949999998322 4.135689203986617 1.8235824597158614 9.712481389486291e-05 0.0016069313430511314 0.2165343806209246 0.07220891868868404 0.22826267359648994 2.2809557475713094
26.659999999983217 4.137398597107461 1.8231925209261615 9.705561311073065e-05 0.0015763283922360593 0.21661337043814557 0.07218304795691344 0.2283292129275698 2.283579526460128
26.660499999983216 4.139088432185139 1.8227165600640427 9.698521739264178e-05 0.001542494332456026 0.21669037049460177 0.0721550241543201 0.22839317735992895 2.2861939266446147
26.660999999983215 4.140758452841969 1.8221547956379265 9.691364249205279e-05 0.0015054403929513228 0.2167653709783715 0.07212485521616357 0.22845456254170174 2.2887984912903114
26.661499999983214 4.142408410788223 1.8215074606162354 9.684090371642721e-05 0.0014651781822019258 0.21683836267805012 0.07209254948126685 0.22851336496299754 2.2913927292514993
26.661999999983212 4.144038035133781 1.8207747770678129 9.676701451993197e-05 0.0014217188172122555 0.21690933499265755 0.07205811542683332 0.22856957997559293 2.293976165224766
26.66249999998321 4.145647140906076 1.8199569654160244 9.669198759931412e-05 0.0013750721818707944 0.21697828146265974 0.07202156132251131 0.22862320692643343 2.2965483309857504
26.66299999998321 4.147235506313442 1.8190542486114814 9.661583351224103e-05 0.0013252485079515868 0.2170451937840803 0.07198289573724967 0.22867424364605768 2.2991087960996484
26.66349999998321 4.1488028808637365 1.8180668767077877 9.653856987835741e-05 0.0012722605212694266 0.21711006294543403 0.07194212712167458 0.2287226874050659 2.3016570801265814
26.663999999983208 4.150349080944116 1.8169950766250034 9.646020890282666e-05 0.0012161184501269485 0.21717288264867618 0.07189926376014283 0.228768538114993 2.3041927750426785
26.664499999983207 4.151873870782314 1.8158391019891362 9.638076229711295e-05 0.0011568338486866337 0.21723364426941025 0.07185431518733118 0.22881179401019186 2.3067154166321124
26.664999999983205 4.153377062060921 1.8145991945394382 9.630024327361219e-05 0.0010944177994633244 0.2172923415091786 0.07180728991650871 0.22885245533752704 2.3092245899941757
26.665499999983204 4.154858467649655 1.8132756151280425 9.62186651492303e-05 0.001028882077307255 0.21734896837238427 0.07175819696208087 0.22889052291896556 2.311719899025895
26.665999999983203 4.1563178488542825 1.8118688684972772 9.613603879475181e-05 0.0009602470075006851 0.21740351881901923 0.07170705365397008 0.22892600029909319 2.314200821644981
26.666499999983202 4.1577550716254645 1.8103788253573532 9.605237887536636e-05 0.0008885103712968276 0.21745598523299142 0.07165385652446846 0.2289588830317793 2.3166670927432036
26.6669999999832 4.159169911211017 1.8088058877842437 9.596769821399039e-05 0.0008136894521897345 0.21750636134278598 0.07159861893584282 0.2289891734310232 2.319118271632761
26.6674999999832 4.160562185709865 1.807150320237422 9.588201029765702e-05 0.000735795905564307 0.21755464137501435 0.07154135025061802 0.22901687312315516 2.3215539158350786
26.6679999999832 4.161931714876822 1.805412392120902 9.579532639146526e-05 0.0006548417541608519 0.21760081972465847 0.0714820596217752 0.22904198394691164 2.3239737067013637
26.668499999983197 4.163278338369312 1.8035923716027593 9.570766026687505e-05 0.0005708386288748069 0.21764489172822923 0.0714207563627633 0.2290645087995127 2.326377211065071
26.668999999983196 4.164601906584417 1.801690523671784 9.561902042807196e-05 0.00048379740267041936 0.21768685304762778 0.0713574499713026 0.22908445105705727 2.328764102314531
26.669499999983195 4.165902247579684 1.7997071412721812 9.552942137385466e-05 0.00039373120688633925 0.21772669885139012 0.07129215001751979 0.22910181376651678 2.3311339921785423
26.669999999983194 4.167179195891317 1.7976425026835288 9.543887412244553e-05 0.0003006519381880809 0.21776442428109774 0.07122486618120792 0.22911660008955453 2.333486527177734
26.670499999983193 4.168432603800879 1.7954969044801061 9.534738916615982e-05 0.000204571862014316 0.21780002550719507 0.07115560868121347 0.2291288144415179 2.3358213480136776
26.67099999998319 4.169662313729313 1.7932705850761765 9.525498068410217e-05 0.00010550214721450897 0.21783349783311423 0.07108438522819335 0.22913845974035577 2.3381381373475056
26.67149999998319 4.170868221514499 1.79096388640851 9.5161657652934e-05 3.455994061499863e-06 0.217864840020206 0.07101120733795499 0.22914554347961447 2.3404365546282726
26.67199999998319 4.172050154135575 1.788577079058353 9.506743460416497e-05 -0.00010155425438050148 0.2178940469333632 0.07093608395311557 0.22915006875161248 2.342716246758292
26.672499999983188 4.173207967509763 1.7861104427109424 9.497232284139682e-05 -0.00020951666835404667 0.2179211148171571 0.07085902446328886 0.2291520402009894 2.3449768802506474
26.672999999983187 4.1743415400459 1.7835642813542996 9.487633409344654e-05 -0.0003204186250677795 0.21794604130611245 0.07078003883323708 0.2291514640719878 2.3472181441581332
26.673499999983186 4.175450750678184 1.7809388947799762 9.477947901902008e-05 -0.0004342476946715089 0.21796882400840764 0.07069913686831847 0.22914834663290448 2.349439737926671
26.673999999983184 4.1765354838734785 1.778234580035307 9.468176664996774e-05 -0.0005509920973048004 0.21798946060652347 0.070616328776646 0.22914269444541693 2.351641364595648
26.674499999983183 4.177595581148567 1.775451660934983 9.458321375802296e-05 -0.0006706370867285065 0.21800794745794766 0.07053162437196855 0.22913451277683558 2.3538226757169207
26.674999999983182 4.178630979870731 1.7725904054056012 9.448382657867142e-05 -0.0007931728590210049 0.21802428439864346 0.0704450330188109 0.22912381017202513 2.355983428413106
26.67549999998318 4.179641674291013 1.7696511569058124 9.43836100215368e-05 -0.0009185880519356666 0.21803847477019062 0.0703565666237283 0.2291105993864084 2.3581233829244095
26.67599999998318 4.180627349399351 1.7666341749197452 9.428258813975371e-05 -0.0010468667221117686 0.2180505070377861 0.07026623206218517 0.22909487754549715 2.360242126497873
26.67649999998318 4.181588001440555 1.7635397971858013 9.418076531596914e-05 -0.0011779975840734026 0.21806038458642518 0.07017404088834574 0.22907665751640205 2.362339479669714
26.676999999983178 4.182523503030024 1.7603683232785616 9.407815679646264e-05 -0.0013119672615047708 0.2180681049594491 0.07008000215536275 0.22905594591888728 2.3644151315085544
26.677499999983176 4.18343375250051 1.7571200934105056 9.397477002778887e-05 -0.00144876263273829 0.21807366695899452 0.06998412727894554 0.22903275138089776 2.3664688092247395
26.677999999983175 4.18431868164102 1.7537953870619927 9.387061783963467e-05 -0.0015883720634364427 0.2180770706830064 0.06988642477392952 0.22900708297162992 2.3685002890080926
26.678499999983174 4.185178184816973 1.7503945310832774 9.376571062279736e-05 -0.0017307823687877592 0.21807831474632522 0.06978690525188089 0.22897894906484392 2.370509277390441
26.678999999983173 4.186012153894936 1.7469178284333675 9.366006284412061e-05 -0.0018759800804417834 0.21807739770354045 0.06968557752845203 0.22894835750859685 2.3724955320641765
26.67949999998317 4.1868205458292715 1.7433656245354805 9.355368057007078e-05 -0.002023952843110594 0.21807432118330256 0.06958245322969694 0.22891532002496534 2.3744588357182908
26.67999999998317 4.187603277732009 1.7397382114339361 9.344657793314718e-05 -0.0021746879489298173 0.21806908482949863 0.06947754082149224 0.2288798455623658 2.376398956648925
26.68049999998317 4.1883602295916145 1.736035869537182 9.33387665951034e-05 -0.0023281734249578417 0.2180616861112562 0.06937084933837553 0.22884194125882673 2.3783156115207107
26.680999999983168 4.18909139010037 1.7322590192579848 9.32302537934585e-05 -0.002484394021011453 0.2180521292130573 0.06926239188689583 0.22880162193020706 2.380208640379053
26.681499999983167 4.189796654989542 1.7284079435393043 9.312105318974481e-05 -0.0026433373502506596 0.2180404125412826 0.06915217702164285 0.22875889560922558 2.3820777705457488
26.681999999983166 4.1904759473635425 1.724482922668086 9.301117678270029e-05 -0.00280499154508586 0.21802653575884667 0.06904021316391394 0.22871377157112843 2.383922815692118
26.682499999983165 4.191129254021281 1.720484314336488 9.290063271813347e-05 -0.002969343551279513 0.21801050228230523 0.06892651156769615 0.22866626358822653 2.3857435534847156
26.682999999983164 4.191756477229991 1.7164124278913637 9.278943362521727e-05 -0.0031363799782785093 0.217992311130244 0.0688110813637801 0.22861638066797843 2.3875398066981837
26.683499999983162 4.192357577560715 1.7122676089345497 9.267758886781601e-05 -0.0033060876149050033 0.21797196437530825 0.06869393327245019 0.2285641352823927 2.389311359449544
26.68399999998316 4.192932537434766 1.7080505115235916 9.256509157632949e-05 -0.003478445979708247 0.2179494674897062 0.06857509053268367 0.22850954686193312 2.3910579710419912
26.68449999998316 4.193481229603277 1.7037609420311774 9.245198577840561e-05 -0.0036534525705073165 0.2179248145292444 0.06845454093447964 0.22845261363757882 2.3927795151933045
26.68499999998316 4.194003618969626 1.699399449023717 9.23382692620198e-05 -0.003831089321893577 0.2178980092908353 0.06833230345527726 0.2283933523415368 2.3944757632108757
26.685499999983158 4.194499701219277 1.6949663611981132 9.222395407327079e-05 -0.00401134323573797 0.21786905557445568 0.06820838742173144 0.2283317769521649 2.3961465842092413
26.685999999983157 4.194969422283789 1.6904619703383486 9.21090481016914e-05 -0.004194203115714109 0.2178379540376856 0.06808280223986801 0.22826789857519095 2.3977917707919927
26.686499999983155 4.1954127170492574 1.6858866355748887 9.199356495404599e-05 -0.004379653904128544 0.21780470591224368 0.0679555581476648 0.22820172911045078 2.399411133735759
26.686999999983154 4.19582958790067 1.6812407006985275 9.187751249515227e-05 -0.004567682767236668 0.21776931529809537 0.06782666538547417 0.22813328329854998 2.4010045681537413
26.687499999983153 4.196219948081776 1.6765244826108727 9.176090786887796e-05 -0.00475827541742757 0.21773178206523747 0.06769613262850448 0.22806257141211975 2.402571836900955
26.687999999983152 4.196583803631574 1.6717383423375975 9.164375940251257e-05 -0.00495141834135502 0.21769211069706254 0.06756397051993117 0.22798960878897828 2.4041128284996893
26.68849999998315 4.19692114400899 1.666882587127142 9.152607359897249e-05 -0.005147100466499534 0.21765030407331298 0.06743018892631045 0.22791440912117814 2.4056273935332335
26.68899999998315 4.19723190120977 1.6619575731164131 9.140786717549688e-05 -0.005345305874049811 0.2176063635228311 0.06729479704126491 0.2278369843755458 2.4071153567185535
26.68949999998315 4.19751610014932 1.656963665924188 9.12891491221574e-05 -0.005546021180787722 0.2175602944723791 0.06715780575109911 0.2277573510452482 2.408576603347702
26.689999999983147 4.197773677151791 1.6519011514151907 9.116993087245153e-05 -0.005749234316439806 0.2175120973068928 0.06701922336071812 0.22767552013763437 2.410010949803542
26.690499999983146 4.198004639651529 1.6467704234169365 9.10502247147565e-05 -0.005954929521122803 0.21746177723769916 0.06687906043394669 0.2275915079028823 2.411418314284953
26.690999999983145 4.198209021713041 1.6415721639148484 9.093001520252516e-05 -0.0061630875792825 0.2174093420345816 0.06673734238630293 0.22750533734663503 2.4127985121712534
26.691499999983144 4.1983867250411935 1.6363062133207718 9.080934717582333e-05 -0.006373704657287549 0.21735478761666868 0.06659405745185544 0.2274170096955074 2.4141514402920783
26.691999999983143 4.198537788198561 1.6309730631243307 9.068822125675864e-05 -0.0065867643924307495 0.21729812105313528 0.06644922135410097 0.22732654463777596 2.4154769943032575
26.69249999998314 4.198662193118319 1.6255730634125956 9.056665360022758e-05 -0.006802251828984503 0.21723934597825195 0.06630284312273932 0.22723395669917418 2.4167750311928833
26.69299999998314 4.1987599196559335 1.620106540737734 9.044465299711553e-05 -0.007020154259760437 0.21717846520565504 0.06615493238886647 0.2271392599140233 2.418045445835837
26.69349999998314 4.198831003635294 1.6145738597125845 9.032222876178185e-05 -0.007240457957938858 0.21711548481852946 0.06600549933643486 0.22704247162607677 2.4192881427997186
26.693999999983138 4.198875447889313 1.608975378877946 9.019939106492229e-05 -0.007463149148340682 0.21705040916326862 0.06585455433754712 0.2269436076212539 2.4205030135176853
26.694499999983137 4.198893218530136 1.603311416955099 9.007615340553613e-05 -0.007688214061940022 0.2169832406714603 0.06570210564568174 0.22684268128821658 2.4216899304783026
26.694999999983136 4.198884367484758 1.597582324521576 8.995252559707999e-05 -0.007915639574087866 0.21691398604411372 0.06554816294048157 0.22673971058525402 2.4228488409836832
26.695499999983134 4.198848874634649 1.5917884475384214 8.982851913282644e-05 -0.008145411698771778 0.21684264850215276 0.0653927358671456 0.22663471015129374 2.4239796060229137
26.695999999983133 4.1987868043128165 1.5859301382119997 8.97041430016841e-05 -0.008377517367864875 0.21676923537027437 0.06523583400400476 0.22652769861202482 2.4250821870196715
26.696499999983132 4.1986981037827 1.5800077218975217 8.957940978122099e-05 -0.008611942781504124 0.21669374809541725 0.06507746636279257 0.22641868882738556 2.42615643686192
26.69699999998313 4.198582859526101 1.5740215699877709 8.945433023256349e-05 -0.008848673968039004 0.2166161954360854 0.06491764255885223 0.22630770086675334 2.4272023348362843
26.69749999998313 4.198441075671164 1.5679720070025902 8.93289148869935e-05 -0.009087698080585344 0.21653658148686247 0.06475637157619187 0.22619475024441735 2.4282197771064618
26.69799999998313 4.1982729285763725 1.5618594167530118 8.920316385712318e-05 -0.009329004182764668 0.21645491884745105 0.06459366533818062 0.2260798615846169 2.429208761739314
26.698499999983127 4.198078495108825 1.5556841384267772 8.907708527083724e-05 -0.009572579843487562 0.21637121528599518 0.06442953297130385 0.22596305407764947 2.430169260878464
26.698999999983126 4.197857476666275 1.5494464794455065 8.895070854391445e-05 -0.009818405386650407 0.2162854610791664 0.06426398048814164 0.22584432901169882 2.431101033497866
26.699499999983125 4.197610044101424 1.543146801643157 8.882403489836104e-05 -0.010066470281453925 0.21619766838390386 0.06409701887065633 0.22572371046628914 2.4320040700033387
26.699999999983124 4.197336255682246 1.5367854476767242 8.869707367729611e-05 -0.010316761528221367 0.21610784416336298 0.0639286572077707 0.22560121695096244 2.4328783475491376
26.700499999983123 4.197036150908673 1.5303627550938739 8.856983663593578e-05 -0.01056926578523124 0.21601599450943867 0.06375890429644662 0.2254768660865769 2.433723797655468
26.70099999998312 4.196709773055411 1.5238790746590967 8.844233191243503e-05 -0.010823969827887485 0.21592212566793262 0.0635877697451316 0.2253506759185634 2.434540370731497
26.70149999998312 4.196357158953866 1.5173347407626792 8.831457248797057e-05 -0.011080860036328513 0.21582624366192438 0.06341526190115418 0.2252226639447128 2.435328016902071
26.70199999998312 4.195978490670351 1.5107304998321882 8.818653491627684e-05 -0.01133991727601346 0.2157283638828767 0.0632414078963278 0.22509286168183876 2.4360867024231965
26.702499999983118 4.19557367300182 1.5040660823511125 8.805827416294363e-05 -0.01160113903898197 0.2156284819335609 0.06306619007417583 0.224961269952065 2.4368163945435533
26.702999999983117 4.195142820944176 1.4973420433447038 8.792978119062731e-05 -0.011864509202357923 0.21552660872734997 0.06288962722354312 0.22482791388179818 2.4375170698404514
26.703499999983116 4.194685982220194 1.4905587080898008 8.780106824319058e-05 -0.012130014531757315 0.21542275072414185 0.06271172723918952 0.22469281144580242 2.438188679919396
26.703999999983115 4.194203245537421 1.4837164257961857 8.767214382020775e-05 -0.012397642319742368 0.21531691637803657 0.06253249948299541 0.22455598300919413 2.4388312133041126
26.704499999983113 4.193694680548397 1.4768155297453842 8.754301541731845e-05 -0.01266738021384565 0.21520911301956974 0.06235195282802168 0.2244174477834108 2.439444651540956
26.704999999983112 4.1931603221701055 1.4698563472226454 8.741369449687854e-05 -0.012939215019752334 0.21509934641918257 0.06217009556154173 0.2242772233139561 2.4400289461012026
26.70549999998311 4.192600305969921 1.4628392233257836 8.728418677335655e-05 -0.01321313489240597 0.21498762720338363 0.06198693676237042 0.22413533213977685 2.4405841273205144
26.70599999998311 4.192014663934181 1.4557644808168966 8.715450523096924e-05 -0.013489126554515523 0.21487396101305054 0.06180248443571524 0.22399179167788383 2.441110140648341
26.70649999998311 4.191403543647354 1.4486324789088916 8.702465215946108e-05 -0.01376717841642367 0.21475835900625007 0.0616167486037657 0.2238466253332998 2.4416070404755925
26.706999999983108 4.1907669708052 1.4414435296491626 8.689463876682926e-05 -0.014047277656288555 0.2146408263633236 0.061429736993945994 0.2236998501086415 2.4420747610955407
26.707499999983106 4.1901050644000515 1.434197968099469 8.676447025209762e-05 -0.014329412799771402 0.21452137269908267 0.06124145870773038 0.2235514877618479 2.4425133431043635
26.707999999983105 4.189417897903559 1.4268960820669325 8.663416052392626e-05 -0.014613571912830891 0.21440000539411666 0.0610519201270421 0.22340155717507312 2.442922761470067
26.708499999983104 4.188705583798083 1.41953827754894 8.650371452992409e-05 -0.014899740671019816 0.2142767346115056 0.06086113215303113 0.2232500810185339 2.443303038928967
26.708999999983103 4.187968211015419 1.4121248530164143 8.63731410080395e-05 -0.015187907839969074 0.2141515683196938 0.06066910219923326 0.22309707913821036 2.443654170362441
26.7094999999831 4.187205891379145 1.4046561397739912 8.624244780246616e-05 -0.015478061382823942 0.21402451592766397 0.06047583869141907 0.22294257302649015 2.4439761942590095
26.7099999999831 4.18641874289217 1.3971324567028933 8.611164091114061e-05 -0.015770190136924465 0.21389558690422017 0.06028134993958873 0.2227865843011978 2.444269117357055
26.7104999999831 4.185606845052977 1.3895541473889572 8.598073001268619e-05 -0.01606428068192663 0.21376478938572946 0.06008564423954599 0.2226291331758588 2.444532944841736
26.7109999999831 4.184770316270679 1.3819215200097497 8.584972344578e-05 -0.01636032176580043 0.2136321328685816 0.059888729181954856 0.222470241167868 2.444767726344269
26.711499999983097 4.183909299770946 1.3742349450441707 8.571862787490557e-05 -0.01665830043217182 0.21349762867867722 0.05969061430086389 0.22230993198757748 2.4449734823029177
26.711999999983096 4.183023888855356 1.3664947088177866 8.558745003061751e-05 -0.016958205913362057 0.21336128486056516 0.05949130646579327 0.2221482256741164 2.445150240112974
26.712499999983095 4.1821142042814925 1.358701154478811 8.545619676275556e-05 -0.017260026071260162 0.21322311129500487 0.059290814626074204 0.22198514452396606 2.445298033388344
26.712999999983094 4.181180379565705 1.3508545936314778 8.532487655342626e-05 -0.017563749336273474 0.2130831183734932 0.05908914593771208 0.2218207109225101 2.44541690074374
26.713499999983092 4.180222567145707 1.342955468975818 8.519348860384291e-05 -0.017869361733211703 0.21294131819913023 0.058886313410014365 0.22165495029923885 2.445506891903287
26.71399999998309 4.179240844171592 1.3350039488369758 8.506205302124555e-05 -0.018176853848368216 0.2127977175202023 0.05868231799919662 0.22148788012754014 2.44556803909107
26.71449999998309 4.178235357955174 1.327000380344182 8.493057425060382e-05 -0.0184862138205484 0.21265232751310775 0.058477168649593875 0.2213195241080961 2.4456003890674753
26.71499999998309 4.177206256089587 1.3189451114587578 8.479905831628198e-05 -0.018797429517024455 0.21250515946236692 0.058270874134266834 0.22114990600709072 2.445604005815536
26.715499999983088 4.1761536633681065 1.3108384454166822 8.466751092461983e-05 -0.01911049000512206 0.21235622308412377 0.058063441741445516 0.22097904782501948 2.4455789365969025
26.715999999983087 4.175077730439126 1.3026807529569697 8.453594128084738e-05 -0.019425381689287986 0.21220553023900574 0.05785488030585516 0.22080697383234282 2.4455252370779172
26.716499999983085 4.1739785756040835 1.2944722907167505 8.44043552645896e-05 -0.01974209524151894 0.21205308981175644 0.05764519577138131 0.22063370508324182 2.445442959887549
26.716999999983084 4.172856391964065 1.2862133933663937 8.427275800833563e-05 -0.02006061953317439 0.2118989151242848 0.057434396332402826 0.2204592673692153 2.4453321889588016
26.717499999983083 4.171711288667454 1.27790439999213 8.414115833099207e-05 -0.020380941522156623 0.21174301572096213 0.057222489793334774 0.22028368260514777 2.445192976571187
26.717999999983082 4.170543434416985 1.2695456224970814 8.400956227510464e-05 -0.020703050299721443 0.21158540357172473 0.057009483389395904 0.22010697511130406 2.4450253950323857
26.71849999998308 4.169352980092548 1.261137382884199 8.387797720280268e-05 -0.02102693425892991 0.21142608995013037 0.056795384649721205 0.2199291685826138 2.444829525231513
26.71899999998308 4.168140116217419 1.25267998864213 8.374640848717282e-05 -0.02135258278719023 0.21126508788601814 0.05658020037243994 0.219750288339643 2.4446054623189633
26.71949999998308 4.166904951428899 1.2441737701726954 8.361486375276835e-05 -0.021679983604764207 0.21110240662481786 0.05636393868493943 0.21957035627782817 2.444353241377797
26.719999999983077 4.165647687932259 1.2356190418643203 8.348334821030732e-05 -0.022009126034785154 0.2109380598219554 0.05614660661119855 0.21938939843168945 2.4440729834099786
26.720499999983076 4.16436846782818 1.227016101065547 8.335186706108547e-05 -0.02233999940709071 0.21077205799904397 0.055928210990361396 0.2192074378100423 2.443764759261726
26.720999999983075 4.163067496412428 1.2183652966539869 8.322042990820903e-05 -0.022672591224699685 0.2106044155031164 0.055708759460465766 0.21902450114741878 2.4434286705556856
26.721499999983074 4.161744913285477 1.2096669247091307 8.308904210095716e-05 -0.023006890615732113 0.21043514276723158 0.05548825855843538 0.21884061132503987 2.4430648030038324
26.721999999983073 4.16040092244926 1.200921295221054 8.295770859316888e-05 -0.02334288722098564 0.21026425343888971 0.05526671534940252 0.2186557945345542 2.442673260653015
26.72249999998307 4.159035691192761 1.1921287261520983 8.282643357740081e-05 -0.023680570211885705 0.21009175937975916 0.05504413752784744 0.2184700753902631 2.4422541355207446
26.72299999998307 4.157649389581641 1.1832895130037937 8.269522524617987e-05 -0.024019928511866528 0.20991767266283218 0.0548205310051349 0.21828347826067848 2.4418075346654637
26.72349999998307 4.156242210137133 1.1744038775846672 8.256409584980871e-05 -0.024360953011565066 0.20974200591927683 0.05459589852005967 0.21809602750597337 2.4413335729917334
26.723999999983068 4.1548143614539015 1.1654722794154158 8.243303759888162e-05 -0.024703630654202356 0.2095647738763972 0.05437025398103295 0.21790775189360923 2.4408323551521685
26.724499999983067 4.153366038092861 1.1564949812976957 8.23020608479561e-05 -0.025047951487720082 0.20938598953645066 0.05414360199315294 0.2177186765637775 2.4403040008805803
26.724999999983066 4.151897419307947 1.147472271878224 8.217117030446599e-05 -0.025393905231059638 0.2092056651904057 0.05391594853619907 0.21752882631320897 2.439748617389636
26.725499999983064 4.150409115051218 1.1384045328817203 8.204035028988027e-05 -0.025741487711328927 0.20902383389802653 0.05368730495973201 0.2173382479934481 2.439166535415312
26.725999999983063 4.14890089401292 1.1292919955859295 8.190962968718527e-05 -0.026090681151495508 0.208840488683953 0.05345767275169219 0.21714694594382006 2.4385576634118458
26.726499999983062 4.1473729360347 1.1201349814665371 8.177901294411227e-05 -0.026441474374727443 0.20865564214608748 0.053227059233207426 0.21695494555580166 2.4379221072899124
26.72699999998306 4.145825535610745 1.1109338008822875 8.164849921712666e-05 -0.02679385860547463 0.2084693121449713 0.052995471417149796 0.21676227752054458 2.437260050966851
26.72749999998306 4.14425892146798 1.1016887524690375 8.151809459787134e-05 -0.027147823806283257 0.2082815135111028 0.05276291557028592 0.21656896930855496 2.4365716426726785
26.72799999998306 4.142673278018714 1.092400141451303 8.13878036601388e-05 -0.02750335918678048 0.20809225895664435 0.05252939818378109 0.21637504633803412 2.435856986816666
26.728499999983057 4.141068823124154 1.0830682616134126 8.125763094036348e-05 -0.02786045476155846 0.20790156269819327 0.052294925308659757 0.21618053549038577 2.4351162290846373
26.728999999983056 4.139445800414277 1.0736934205453523 8.112757903296246e-05 -0.028219100623507798 0.20770944027208874 0.05205950351270233 0.2159854650760859 2.43434953247987
26.729499999983055 4.13780441165825 1.0642758432426755 8.09976599735099e-05 -0.028579287614509504 0.20751590478467644 0.0518231355532402 0.2157898602755126 2.4335570358859306
26.729999999983054 4.136144935007853 1.0548159523748635 8.086786425496367e-05 -0.028941004523392464 0.2073209740021592 0.05158583351463339 0.2155937527467493 2.4327389023457267
26.730499999983053 4.13446758729464 1.045313999155255 8.073820020914164e-05 -0.029304241915125498 0.20712466190230086 0.051347601223328265 0.21539716876911957 2.431895288027843
26.73099999998305 4.1327726074775395 1.0357702865560816 8.060866964282494e-05 -0.029668990280568183 0.20692698365072706 0.051108445454673565 0.2152001364865972 2.4310263509953236
26.73149999998305 4.131060228288769 1.0261851072772485 8.047927746752605e-05 -0.03003523947511817 0.2067279542813249 0.050868371720325475 0.21500268354870936 2.430132249250228
26.73199999998305 4.129330709723072 1.0165587604827018 8.035002446935005e-05 -0.030402980405437135 0.20652758992825754 0.0506273865777262 0.21480483907677322 2.42921315085254
26.732499999983048 4.127584306305338 1.0068915495940192 8.022091392205197e-05 -0.030772203050509046 0.20632590672593565 0.05038549598723252 0.21460663194025642 2.428269240152101
26.732999999983047 4.125821270390933 0.9971837679067994 8.009194737276195e-05 -0.031142898300557893 0.206122920399725 0.05014270624265642 0.2144080908408253 2.427300677886455
26.733499999983046 4.124041858195304 0.9874357169223952 7.996312751102707e-05 -0.0315150562683121 0.20591864714300653 0.04989902325213713 0.21420924474522157 2.426307656892958
26.733999999983045 4.122246332948122 0.9776476817559656 7.983445591914897e-05 -0.03188866801035471 0.20571310319260083 0.04965445270103157 0.2140101227644226 2.4252903505717645
26.734499999983043 4.1204349650745895 0.9678199679445623 7.970593556302492e-05 -0.03226372387334977 0.2055063053999805 0.04940900088973772 0.21381075465525096 2.4242489526249322
26.734999999983042 4.118608012199117 0.9579528840422693 7.957756620198244e-05 -0.03264021413781343 0.20529826994754072 0.0491626742523379 0.21361116956296342 2.4231836422839126
26.73549999998304 4.116765766917824 0.9480467013169993 7.944934957808866e-05 -0.033018130747480105 0.20508901435589105 0.04891547801964318 0.2134113979088717 2.4220946245503736
26.73599999998304 4.114908486927197 0.9381017238692091 7.932128533392774e-05 -0.03339746421063492 0.2048785547540989 0.048667418560614045 0.2132114688359492 2.4209820868001453
26.73649999998304 4.113036457375961 0.928118250984738 7.919337767596568e-05 -0.03377820468560358 0.2046669087891492 0.04841850129139659 0.2130114126810895 2.419846232413842
26.736999999983038 4.111149977067901 0.9180965805076882 7.906562495692162e-05 -0.03416034374670514 0.20445409440642856 0.04816873264518974 0.21281126053169655 2.418687277880599
26.737499999983037 4.10924931184029 0.90803698613251 7.893802766227926e-05 -0.03454387284512281 0.20424012788192322 0.04791811777896539 0.21261104157555685 2.417505411443019
26.737999999983035 4.1073347559095605 0.8979397853406885 7.881058801522111e-05 -0.03492878200411744 0.2040250273795486 0.047666663026041764 0.21241078685781223 2.4163008482855126
26.738499999983034 4.1054066114547485 0.8878052558672299 7.868330465587994e-05 -0.03531506310659375 0.2038088109206106 0.04741437360808154 0.21221052734429233 2.4150738133505465
26.738999999983033 4.103465163361311 0.8776336991696245 7.855617768339274e-05 -0.035702707078734235 0.20359149591788597 0.04716125580532347 0.21201029350474385 2.413824516896204
26.739499999983032 4.101510728894906 0.867425424119155 7.842920806841306e-05 -0.036091704504480654 0.20337310156597513 0.046907315459407434 0.2118101173650861 2.4125531865251553
26.73999999998303 4.099543617907101 0.8571807134094687 7.83023953843252e-05 -0.036482047091458567 0.20315364635559055 0.04665255789993865 0.21161003035339057 2.411260049301393
26.74049999998303 4.0975641108378005 0.8468998483411836 7.817573818817369e-05 -0.036873726349602 0.2029331472679327 0.04639698856096291 0.21141006244382013 2.4099453350138305
26.74099999998303 4.095572542420082 0.8365831346496868 7.804923497147913e-05 -0.03726673377380886 0.2027116241427236 0.04614061372422739 0.21121024654025938 2.4086092714904317
26.741499999983027 4.093569208104545 0.8262308667108251 7.792288602015765e-05 -0.03766106026535215 0.20248909495828218 0.04588343889907346 0.21101061348316041 2.4072521036294585
26.741999999983026 4.091554461244601 0.8158433404622161 7.77966895530286e-05 -0.03805669758335342 0.20226558041617038 0.04562546959184626 0.21081119687416414 2.405874080173771
26.742499999983025 4.089528619460552 0.8054208860335579 7.767064483103235e-05 -0.038453636161989935 0.20204109982168222 0.045366712913129006 0.21061202907663162 2.404475429562604
26.742999999983024 4.087491961816386 0.7949637420697965 7.754475121085755e-05 -0.03885186844581238 0.2018156697550735 0.04510717238917905 0.21041313942186862 2.4030564080895624
26.743499999983023 4.085444863291021 0.7844722274225866 7.741900627277604e-05 -0.03925138537248529 0.2015893123376374 0.04484685380289023 0.21021456276490147 2.4016172738195536
26.74399999998302 4.083387615082473 0.7739466390221884 7.729340832416426e-05 -0.03965217864741534 0.20136204508872907 0.04458576377082081 0.2100163298527744 2.4001582754055653
26.74449999998302 4.081320586893981 0.7633872463091034 7.716795452387489e-05 -0.04005424122154411 0.20113388916465486 0.04432390701327759 0.20981847474246634 2.3986796569688833
26.74499999998302 4.079244072282686 0.7527943808677016 7.704264179217016e-05 -0.040457562367300734 0.200904862972387 0.044061289591116715 0.20962102842770777 2.397181732194986
26.745499999983018 4.077158457712166 0.7421683119395461 7.691747033355901e-05 -0.040862135565740414 0.20067498843954024 0.0437979165924577 0.20942402585673506 2.3956647167338074
26.745999999983017 4.075064083834986 0.7315093589963055 7.67924361940956e-05 -0.04126795168699335 0.2004442859063507 0.043533794317227315 0.20922750019201952 2.394128907922952
26.746499999983016 4.072961269654617 0.7208177870243315 7.666753887005111e-05 -0.04167500271451152 0.2002127741961306 0.04326892693875156 0.20903148289431508 2.3925745677741963
26.746999999983014 4.070850390981676 0.7100939179232019 7.654277349669665e-05 -0.042083280227809716 0.1999804752943122 0.04300332106343699 0.2088360088590002 2.3910019904614295
26.747499999983013 4.06873180425636 0.6993380408380845 7.641813745587665e-05 -0.04249277627841261 0.19974740996336662 0.04273698195974143 0.2086411116006329 2.389411455154494
26.747999999983012 4.066605864827926 0.6885504517585219 7.629362734542663e-05 -0.042903482556006504 0.19951359907933727 0.04246991486603682 0.2084468246382096 2.3878032523508255
26.74849999998301 4.064472931960003 0.6777314580753344 7.61692389853163e-05 -0.0433153909371831 0.19927906360780706 0.04220212607314275 0.20825318179931573 2.3861776733399576
26.74899999998301 4.062333377746003 0.6668813510910501 7.604497037543489e-05 -0.043728493056891894 0.19904382530125675 0.041933620196946776 0.20806021724108056 2.3845350173483135
26.74949999998301 4.0601875604408475 0.6560004362954791 7.59208187498667e-05 -0.0441427804038545 0.1988079052149297 0.04166440299544284 0.20786796461864454 2.3828755759159033
26.749999999983007 4.058035860327284 0.6450889973497898 7.579677669868111e-05 -0.044558246257651576 0.19857132502293784 0.0413944800582352 0.20767645848823205 2.3811996627128824
26.750499999983006 4.055878646869585 0.6341473384494661 7.567284154404604e-05 -0.04497488202097117 0.1983341063965195 0.04112385671979882 0.20748573291775205 2.379507582550566
26.750999999983005 4.053716297789775 0.6231757726258697 7.554900863258043e-05 -0.045392679235987936 0.1980962713857196 0.040852538862856294 0.20729582242941402 2.3777996433412354
26.751499999983004 4.051549190520063 0.6121745829278733 7.54252731173667e-05 -0.045811630701413905 0.19785784165212664 0.040580531690198235 0.20710676126824043 2.376076168572865
26.751999999983003 4.049377740294115 0.6011440926156293 7.530163007343486e-05 -0.04623172775422233 0.19761884127407367 0.040307840847093726 0.20691858570800906 2.374337485965753
26.752499999983 4.04720230056457 0.5900845814351081 7.517807743505227e-05 -0.046652962775206266 0.19737929080996847 0.04003447142228401 0.2067313287298579 2.372583910592143
26.752999999983 4.045023252091486 0.5789963585943885 7.505460684140736e-05 -0.047075327664151664 0.197139212360235 0.03976042914137875 0.20654502475297648 2.3708157629506887
26.753499999983 4.0428410079406305 0.5678797216834807 7.493121349984801e-05 -0.04749881519164252 0.19689862946470593 0.039485719604861684 0.2063597096877274 2.369033381872734
26.753999999982998 4.040655958993142 0.5567350002620999 7.480789235298116e-05 -0.0479234163334393 0.19665756504597226 0.03921034896010878 0.20617541848739504 2.3672371067625626
26.754499999982997 4.038468502387882 0.5455624873320929 7.468463791912775e-05 -0.04834912336786067 0.1964160419492968 0.03893432208236559 0.20599218602044572 2.3654272802561196
26.754999999982996 4.036279036900434 0.5343624723545691 7.456144448620727e-05 -0.048775929240021096 0.19617408292551333 0.038657644387470186 0.20581004726320296 2.3636042518429834
26.755499999982995 4.034087966473401 0.5231352719342045 7.443830636625381e-05 -0.049203825482252224 0.19593171140785526 0.03838032145247543 0.2056290374730533 2.3617683487270194
26.755999999982993 4.031895705849627 0.5118812143896495 7.431521594274265e-05 -0.04963280385598841 0.1956889513140909 0.038102359713999896 0.20544919250459637 2.359919950620426
26.756499999982992 4.029702652667758 0.5006005782360641 7.419216680660105e-05 -0.05006285758230057 0.195445825259204 0.03782376405236033 0.20527054695607366 2.35805940782648
26.75699999998299 4.027509223278622 0.48929369581796756 7.406915447192292e-05 -0.050493977491892786 0.19520235754371143 0.03754454021086657 0.20509313653367367 2.356187075128647
26.75749999998299 4.025315842631063 0.47796085817354406 7.394617060998103e-05 -0.050926156937532156 0.19495857212896134 0.03726469358890076 0.20491699708727004 2.3543033294847744
26.75799999998299 4.023122900775759 0.46660239821878713 7.382320977424154e-05 -0.051359386822454375 0.19471449196375692 0.036984230453241125 0.20474216297016332 2.3524085151051097
26.758499999982988 4.020931171446479 0.4552186673111448 7.370024247317838e-05 -0.05179366644225387 0.19447015750140484 0.036703160320719026 0.2045686877791444 2.3505032031408106
26.758999999982986 4.01874059358799 0.4438099217002289 7.357729345727865e-05 -0.05222897797294794 0.1942255706318491 0.03642148313001483 0.2043965823118284 2.3485875250097674
26.759499999982985 4.01655172236428 0.4323764896704795 7.3454344396304e-05 -0.052665316670397415 0.1939807616008873 0.03613920634863659 0.20422588887494858 2.346661914973579
26.759999999982984 4.014365038023477 0.420918695418145 7.333138770011166e-05 -0.05310267507033873 0.1937357575357868 0.035856335885655274 0.20405664574018678 2.3447268044007012
26.760499999982983 4.012180916388417 0.4094368541640436 7.320841761329504e-05 -0.053541044392516765 0.1934905805117395 0.035572877300584546 0.20388888586888165 2.342782542174193
26.76099999998298 4.0099998229944696 0.39793128610986694 7.308542389434806e-05 -0.05398041749649972 0.19324525677963605 0.03528883668619514 0.2037226465947977 2.340829554117434
26.76149999998298 4.007822167255892 0.3864023175367126 7.296240080061528e-05 -0.05442078561657001 0.19299981018378617 0.0350042198730776 0.20355796237687418 2.3388682276582013
26.76199999998298 4.0056483918301025 0.3748502733410016 7.283933876404478e-05 -0.05486214088416932 0.19275426602213155 0.034719032802240986 0.20339486918515962 2.3368989595237575
26.76249999998298 4.003478950006366 0.36327548405467286 7.271623015157915e-05 -0.055304475199957175 0.19250865020256497 0.034433281545256995 0.20323340340094473 2.334922173559929
26.762999999982977 4.00131425708992 0.35167826692023757 7.259306662789713e-05 -0.05574778048826724 0.19226298664668956 0.03414697181380101 0.20307359933710162 2.3329382663788127
26.763499999982976 3.999154765596349 0.340058951700655 7.246984127171794e-05 -0.05619204854735141 0.19201730127384914 0.03386010954234592 0.20291549306708867 2.330947657829566
26.763999999982975 3.9970009201898944 0.32841787611652684 7.234654351095564e-05 -0.05663727119854534 0.19177161958573086 0.0335727011589472 0.20275912021524414 2.3289507720901876
26.764499999982974 3.994853167156192 0.31675535027095797 7.222316563418591e-05 -0.05708344098211315 0.19152596692182744 0.033284752123215314 0.20260451614809383 2.3269480121955235
26.764999999982972 3.9927119531309954 0.3050717218819451 7.209969959725457e-05 -0.057530549013875006 0.19128036912748272 0.032996268817545006 0.2024517163159246 2.324939823033347
26.76549999998297 3.990577731829249 0.2933673523474486 7.197613551044669e-05 -0.05797858601607049 0.19103485251592778 0.032707257982951585 0.20230075639247747 2.322926640434666
26.76599999998297 3.9884509839395825 0.281642533839735 7.185246482270037e-05 -0.058427545767306285 0.19078944386278526 0.032417724541599496 0.20215167290506547 2.320908926594525
26.76649999998297 3.9863320913720317 0.2698976658691714 7.172867964452221e-05 -0.058877416589753 0.19054416649950845 0.03212767660335181 0.20200449790835173 2.3188870642861303
26.766999999982968 3.98422153190038 0.2581330560760714 7.160477070385858e-05 -0.0593281914983728 0.190299047262704 0.03183711927005583 0.20185926745873276 2.3168615363516425
26.767499999982967 3.982119764857566 0.2463490670053748 7.148072785045201e-05 -0.05977986150804812 0.19005411268652583 0.03154605956665334 0.20171601687810245 2.314832781875894
26.767999999982965 3.980027228459278 0.23454602412166214 7.135654257208001e-05 -0.060232418371199616 0.1898093879838078 0.0312545031606639 0.20157478006301002 2.3128012339291493
26.768499999982964 3.977944413768462 0.2227242993183319 7.123220527858853e-05 -0.06068585309258507 0.1895649013134741 0.030962457288846328 0.20143559352042434 2.31076739809363
26.768999999982963 3.975871739726027 0.21088424635029548 7.11077057983765e-05 -0.061140156413815996 0.18932067721424164 0.030669928656237508 0.20129848998674493 2.3087316828948232
26.769499999982962 3.9738096900895066 0.19902620248078656 7.098303567400456e-05 -0.06159532024033447 0.18907674319621592 0.030376923233883288 0.20116350503596414 2.3066945845424813
26.76999999998296 3.971758731108434 0.18715053570615908 7.085818527122693e-05 -0.062051335062696035 0.18883312630683913 0.030083447699188907 0.2010306732798442 2.304656560158552
26.77049999998296 3.9697193006572036 0.17525760421568898 7.073314403988229e-05 -0.06250819208519076 0.1885898519398523 0.029789509352070045 0.20090002787429273 2.3026180888509065
26.77099999998296 3.9676918623788633 0.16334776999692802 7.060790403978328e-05 -0.06296588151363328 0.1883469470757089 0.029495114234878914 0.2007716027511295 2.3005796398129554
26.771499999982957 3.9656768801220244 0.15142138750189227 7.048245776415307e-05 -0.06342439444694256 0.1881044384785707 0.029200269020153366 0.20064543178739225 2.298541716479656
26.771999999982956 3.963674816176892 0.13947883315880297 7.035678997791322e-05 -0.06388372196200967 0.18786235283348818 0.02890498136987165 0.20052154869700659 2.296504759803527
26.772499999982955 3.961686149871296 0.12752049508030697 7.023089246896933e-05 -0.0643438540409592 0.18762071804919322 0.028609258744253532 0.20039998772463727 2.2944692777849043
26.772999999982954 3.9597113524397862 0.11554671540173257 7.010475529535697e-05 -0.06480478235878959 0.18737956108777537 0.028313107264080747 0.20028078233561195 2.292435804175348
26.773499999982953 3.9577508549759077 0.10355789038732408 6.997837005795456e-05 -0.06526649574485725 0.18713890769899227 0.02801653435501332 0.20016396388673724 2.2904047775355276
26.77399999998295 3.9558051892863277 0.09155440616240865 6.985172187265836e-05 -0.06572898567815147 0.18689878807046953 0.02771954775782956 0.20004956852837127 2.2883767604267966
26.77449999998295 3.953874737779853 0.07953662203083849 6.972480569920142e-05 -0.0661922417649001 0.18665922519799744 0.027422154215220172 0.1999376246812566 2.286352205520611
26.77499999998295 3.9519600359548117 0.06750492320258272 6.959760904406658e-05 -0.06665625499911518 0.18642024960589582 0.027124360875894343 0.1998281680508464 2.2843316502561213
26.775499999982948 3.9500615115985385 0.05545971822958073 6.94701216257182e-05 -0.06712101426633679 0.18618188688076948 0.02682617605309466 0.19972122891735133 2.282315584928562
26.775999999982947 3.948179626807896 0.043401379669711276 6.934233499996637e-05 -0.0675865097500672 0.185944163969969 0.02652760658009666 0.19961683878259126 2.280304537639194
26.776499999982946 3.9463148799210934 0.03133030360810071 6.921423596040675e-05 -0.06805273194201505 0.18570710966265147 0.02622866035146449 0.19951503083191577 2.278299037601375
26.776999999982944 3.94446770403997 0.019246899245584353 6.9085815109019e-05 -0.06851966971389631 0.18547074979652173 0.02592934574635588 0.1994158347238741 2.276299600299817
26.777499999982943 3.9426386544906937 0.007151610543945901 6.895706122652057e-05 -0.06898731146575161 0.18523511674460044 0.02562967074401249 0.19931928567277393 2.2743068116549146
26.777999999982942 3.9408280822463375 -0.004955236384171224 6.88279654160576e-05 -0.06945564864036499 0.18500023134103985 0.025329642199662744 0.1992254087666908 2.2723211245167567
26.77849999998294 3.9390364962457265 -0.017073213017219646 6.869851691796117e-05 -0.06992467018138725 0.1847661233937097 0.02502926851031225 0.1991342364739842 2.270343092777786
26.77899999998294 3.937264367281093 -0.029201888268182465 6.856870604576618e-05 -0.0703943642806992 0.18453282091168902 0.024728558109039053 0.199045799006815 2.2683732638914424
26.77949999998294 3.9355121396902746 -0.04134086385319185 6.843852006338545e-05 -0.0708647206094715 0.18430035016180038 0.02442751902827458 0.19896012510726213 2.266412181543962
26.779999999982937 3.933780309439039 -0.05348974978980901 6.830795009074215e-05 -0.07133572949695839 0.18406873980501975 0.024126158906204655 0.19887724560602382 2.2644603857999193
26.780499999982936 3.932069313288027 -0.06564807623854713 6.81769861976488e-05 -0.07180737726964893 0.18383801674110137 0.023824487318646812 0.19879718817338318 2.262518444530302
26.780999999982935 3.930379635638612 -0.07781545375896676 6.80456166525108e-05 -0.07227965425451753 0.18360820907289013 0.023522511812053462 0.19871998243773806 2.260586896381537
26.781499999982934 3.928711678392279 -0.08999144330753502 6.791383738756781e-05 -0.07275254660133351 0.18337934187620372 0.023220240495895807 0.19864565344506294 2.258666286748708
26.781999999982933 3.9270659672021395 -0.10217559941391549 6.778162949708652e-05 -0.07322604455393998 0.18315144550376417 0.0229176837307015 0.19857423251447898 2.256757206831316
26.78249999998293 3.9254429078142756 -0.11436748921281095 6.76489876289871e-05 -0.07370013501998868 0.18292454500568395 0.022614849931601774 0.19850574426179693 2.2548601621567954
26.78299999998293 3.9238430065685996 -0.12656668389971137 6.751589837634411e-05 -0.0741748070110126 0.18269867004470752 0.02231174744890214 0.19844021796362113 2.252975798876166
26.78349999998293 3.9222666837091062 -0.13877271032788396 6.738235498782866e-05 -0.07465004681881311 0.18247384667681815 0.02200838655840791 0.1983776784065945 2.2511046234164436
26.783999999982928 3.920714396371536 -0.15098514910485877 6.724834482795325e-05 -0.07512584307632901 0.182250102106696 0.021704775339831114 0.19831815168658382 2.2492472247712136
26.784499999982927 3.9191866169237723 -0.16320354182580815 6.711385930115052e-05 -0.07560218326864876 0.18202746474046128 0.021400923407237885 0.19826166436683793 2.247404195996271
26.784999999982926 3.9176837654740893 -0.17542742575069015 6.69788887162458e-05 -0.07607905391279766 0.18180596055951115 0.021096840293476773 0.1982082400143883 2.2455760772342064
26.785499999982925 3.9162063064272545 -0.18765634491749306 6.684342290522761e-05 -0.07655644245741826 0.1815856174967188 0.020792535419361005 0.19815790393664856 2.2437634930734514
26.785999999982923 3.914754762790161 -0.19988980549541024 6.67074429898932e-05 -0.07703433589185768 0.18136646676482132 0.020488019079940953 0.19811068395943368 2.241967056994927
26.786499999982922 3.9133294746007645 -0.21212737940761048 6.657095106083788e-05 -0.0775127209553461 0.18114853010833307 0.02018330031105487 0.1980665986019784 2.240187271270976
26.78699999998292 3.9119309002235285 -0.22436859150411034 6.643393513971206e-05 -0.0779915841871059 0.18093183548135772 0.019878388927738265 0.19802567167170512 2.2384247314018544
26.78749999998292 3.9105594708630598 -0.2366129459936409 6.629638536476368e-05 -0.07847091138631841 0.18071640964959543 0.019573295823210365 0.19798792528793954 2.2366800545707646
26.78799999998292 3.9092155976554666 -0.24885998403666182 6.615829611445408e-05 -0.07895068827409346 0.18050227840585076 0.019268029653928015 0.19795338000499255 2.2349537854720967
26.788499999982918 3.9078997674025837 -0.2611091904183048 6.601965331007812e-05 -0.07943090123776093 0.18028947123696817 0.018962602247771684 0.19792205989822284 2.233246585125615
26.788999999982916 3.906612367796718 -0.27336009653758825 6.588045104533616e-05 -0.079911535925749 0.18007801269042525 0.018657023362165414 0.19789398361062324 2.2315589909506097
26.789499999982915 3.905353868106991 -0.28561222871602004 6.574067682589248e-05 -0.08039257951881036 0.1798679311345647 0.018351303085440307 0.19786917348907698 2.2298916372963586
26.789999999982914 3.9041246397758678 -0.2978650331141205 6.5600326846841e-05 -0.08087401393964996 0.17965925145134723 0.018045453282441844 0.19784764630123328 2.228245082520119
26.790499999982913 3.902925117316892 -0.3101180322805301 6.545938973274908e-05 -0.08135582571848679 0.17945200041083573 0.01773948421610995 0.19782942180080543 2.226619954702186
26.790999999982912 3.9017556693730175 -0.3223707345609458 6.531786002038928e-05 -0.08183799940358519 0.17924620191876636 0.017433406357327624 0.19781451591302415 2.225016819890409
26.79149999998291 3.9006168045404106 -0.3346225773611521 6.517572827331836e-05 -0.08232051854182199 0.17904188748899558 0.017127231377908406 0.19780295069409104 2.2234363410354723
26.79199999998291 3.8995088309672923 -0.34687307851738225 6.503298462996465e-05 -0.0828033686736202 0.17883907765823376 0.016820971029476214 0.19779473862497382 2.2218790283286456
26.79249999998291 3.898432104064363 -0.35912173301115646 6.488962635824204e-05 -0.08328653252566821 0.17863779615503259 0.0165146348984962 0.19778989327340968 2.220345504355529
26.792999999982907 3.897387167753968 -0.3713679733158094 6.474563918927386e-05 -0.08376999572571187 0.178438075818504 0.01620823667320385 0.1977884375330129 2.2188363899547108
26.793499999982906 3.896374391152558 -0.38361129377518366 6.460101883393619e-05 -0.08425374189229011 0.1782399408261704 0.015901786778770414 0.1977903848808805 2.217352339532114
26.793999999982905 3.8953941215959946 -0.3958511438185031 6.44557573183863e-05 -0.08473775368374883 0.17804341464704998 0.015595297846067599 0.19779574746049677 2.215893862404491
26.794499999982904 3.8944467526571764 -0.40808699478470595 6.430984828553506e-05 -0.08522201458387206 0.17784852285211758 0.015288781257089969 0.19780453908528245 2.2144616084436173
26.794999999982902 3.8935324990828093 -0.4203183214544071 6.416328880861278e-05 -0.08570650522769886 0.17765528248647802 0.014982247982989496 0.19781676417412067 2.2130560896586924
26.7954999999829 3.892652019310731 -0.4325445409262041 6.401606298020832e-05 -0.08619121253788634 0.17746373204183663 0.014675712268121916 0.19783244890448226 2.2116780426277636
26.7959999999829 3.8918055431340814 -0.4447650805512168 6.386817280850854e-05 -0.08667611568970371 0.1772738898175083 0.014369186852835048 0.19785159734734684 2.21032796534805
26.7964999999829 3.890993467421074 -0.45697941129459213 6.371960650638804e-05 -0.08716119837505434 0.1770857815316153 0.014062682984435235 0.19787422160443052 2.2090065310893023
26.796999999982898 3.8902161159469606 -0.46918695794105375 6.357036107825467e-05 -0.08764644187901761 0.17689942983049303 0.013756214211237069 0.19790032965569054 2.2077142387484594
26.797499999982897 3.8894738803923468 -0.48138714880154587 6.342042934349274e-05 -0.08813182817789347 0.17671486067733336 0.013449793147962073 0.19792993219296076 2.2064517396104364
26.797999999982896 3.888767095653561 -0.49357943153361017 6.326980886591028e-05 -0.08861733887591827 0.1765320972083575 0.0131434318936985 0.19796303669163748 2.2052196106341606
26.798499999982894 3.8880961057579637 -0.5057632213317764 6.311849014662884e-05 -0.0891029556289175 0.176351162969268 0.01283714435404516 0.19799965065016847 2.204018458234244
26.798999999982893 3.887461239628463 -0.517937921593423 6.296647147413158e-05 -0.0895886582087205 0.17617208139385815 0.012530943751952472 0.1980397800786441 2.202848841755276
26.799499999982892 3.886862812822796 -0.5301029426087216 6.281374868050408e-05 -0.09007442724061485 0.17599487488103135 0.012224843974085423 0.19808342999177248 2.201711334885187
26.79999999998289 3.886301129808594 -0.5422576942376014 6.2660317077218e-05 -0.09056024280826454 0.17581956547806527 0.01191885838727008 0.19813060431857393 2.200606500268332
26.80049999998289 3.8857765539905986 -0.5544015838291013 6.2506171543586e-05 -0.09104608600532252 0.17564617794528609 0.011613000735657868 0.19818130938552728 2.199534946615957
26.80099999998289 3.8852893440179614 -0.5665340135003583 6.235131251113284e-05 -0.09153193537895292 0.17547473239441932 0.011307284242044264 0.19823554570268237 2.198497231446937
26.801499999982887 3.8848398331325686 -0.578654343150899 6.219573339858115e-05 -0.09201777035357614 0.1753052525756635 0.011001724528888767 0.19829331704338954 2.1974938918115914
26.801999999982886 3.884428282436673 -0.5907620259380728 6.203943454304737e-05 -0.09250357143404758 0.1751377581236091 0.010696333393674286 0.19835462333075674 2.196525515600201
26.802499999982885 3.8840550164919185 -0.6028563908814462 6.188240906275147e-05 -0.09298931682853198 0.17497227270500149 0.010391127381588126 0.19841946675679506 2.195592662583759
26.802999999982884 3.8837202830078117 -0.6149368216997061 6.17246553639455e-05 -0.09347498501404738 0.17480881589035083 0.010086121044162623 0.19848784540641387 2.1946958587582603
26.803499999982883 3.8834243751585475 -0.6270027047152678 6.156617424796308e-05 -0.09396055445426402 0.1746474096301005 0.009781328060095216 0.19855975892027075 2.1938356636738305
26.80399999998288 3.8831675055977937 -0.6390534201606157 6.140696344510893e-05 -0.09444600322093077 0.17448807181004483 0.009476763319618407 0.1986352027496926 2.1930125810599987
26.80449999998288 3.882949951742935 -0.6510883294815297 6.124702249829003e-05 -0.09493130927479987 0.17433082365692404 0.009172441909205166 0.19871417475385844 2.1922271391532293
26.80499999998288 3.8827719792045023 -0.663106776743325 6.108634990730947e-05 -0.09541644985170177 0.17417568615751852 0.008868379437190373 0.19879667176436 2.1914799578100785
26.805499999982878 3.882633818110383 -0.6751081264070018 6.0924944941413e-05 -0.0959014021575006 0.17402267836519758 0.00856459070086783 0.19888268837444112 2.190771463221962
26.805999999982877 3.882535722595563 -0.6870917203605131 6.076280666443021e-05 -0.09638614341403309 0.1738718205787465 0.008261091751529968 0.19897221984620259 2.1901022279095472
26.806499999982876 3.882477874726021 -0.699056914963425 6.059993667178095e-05 -0.09687065000801123 0.17372312961104394 0.007957897971300913 0.19906525747842543 2.1894727005605286
26.806999999982875 3.8824605353733608 -0.7110030520277413 6.043633371498714e-05 -0.09735489888225718 0.17357662624477965 0.0076550248416852006 0.1991617958349976 2.188883423926684
26.807499999982873 3.8824838581775944 -0.7229294721285939 6.027200242548224e-05 -0.09783886519486502 0.17343232618258186 0.007352488134094674 0.19926182371312987 2.188334823577381
26.807999999982872 3.8825480481888235 -0.7348355069655512 6.01069430040431e-05 -0.0983225248493571 0.17329024757823974 0.00705030395717262 0.1993653319520939 2.1878274088656884
26.80849999998287 3.8826533395220464 -0.7467204894118039 5.994115540107718e-05 -0.09880585446977345 0.17315040992401193 0.006748488678584798 0.19947231244912264 2.1873616809553234
26.80899999998287 3.8827998806057282 -0.7585837365263616 5.977464191233208e-05 -0.09928882867428988 0.17301282882141752 0.006447059060692529 0.19958275227793026 2.1869380742427005
26.80949999998287 3.882987822785575 -0.7704245894324027 5.960740669157873e-05 -0.09977142255335728 0.17287751991193634 0.006146030702818506 0.19969663828573206 2.186557032287703
26.809999999982868 3.8832173643341172 -0.782242339696771 5.943945031125427e-05 -0.10025361072398709 0.17274450141790051 0.005845421250745659 0.19981395892908593 2.186219025186829
26.810499999982866 3.88348861058363 -0.794036348873953 5.9270782364665816e-05 -0.10073536762200185 0.17261378676013026 0.005545245159857204 0.1999346978728167 2.1859244331704404
26.810999999982865 3.8838017351662812 -0.8058058793668406 5.9101398820152917e-05 -0.10121666746698472 0.1724853930036695 0.005245521893032948 0.200058841525894 2.1856737236026555
26.811499999982864 3.8841568419661043 -0.8175502559318036 5.8931310373498694e-05 -0.1016974835717311 0.17235933388109462 0.004946267388203992 0.20018637241788656 2.185467264076667
26.811999999982863 3.8845540892267065 -0.8292687624438784 5.8760515047682116e-05 -0.10217778998032831 0.17223562568944872 0.00464749965667777 0.2003172752783913 2.1853055128715613
26.81249999998286 3.884993562192869 -0.840960728746287 5.858902122757462e-05 -0.10265756075642912 0.17211428094001674 0.004349235399013536 0.20045153113038316 2.1851888059613915
26.81299999998286 3.8854753607714008 -0.8526254355346835 5.841683534051573e-05 -0.10313676766325446 0.17199531362893494 0.004051491611436047 0.20058912068857912 2.1851175183748626
26.81349999998286 3.885999581054996 -0.8642621621557134 5.824396180892719e-05 -0.10361538374084799 0.1718787371260261 0.0037542870583037588 0.2007300243987354 2.1850920382338446
26.813999999982858 3.8865662951201827 -0.8758702171246013 5.8070407526311245e-05 -0.10409338181407649 0.1717645636704255 0.0034576385193918354 0.20087422117960668 2.185112667515069
26.814499999982857 3.887175623675618 -0.8874488660209939 5.7896176396785466e-05 -0.10457073444598702 0.17165280807010605 0.0031615646738469626 0.20102169164573438 2.185179835642811
26.814999999982856 3.887827567009363 -0.8989974106574906 5.7721278964185456e-05 -0.10504741308341205 0.17154347920843005 0.0028660826686466574 0.20117241034573702 2.1852937702200483
26.815499999982855 3.8885221930553455 -0.9105151253324391 5.7545721745027606e-05 -0.10552338965292266 0.1714365893819228 0.0025712108362344888 0.20132635462828238 2.1854548266704246
26.815999999982854 3.88925959278914 -0.9220013232726527 5.736950843130317e-05 -0.10599863831620641 0.1713321513750636 0.0022769667720995692 0.20148350304027102 2.1856633143438486
26.816499999982852 3.8900397208517368 -0.9334552422763536 5.719265127423904e-05 -0.1064731272545833 0.1712301726518991 0.0019833693704236627 0.2016438261088829 2.185919335706316
26.81699999998285 3.8908626434326488 -0.9448761193518465 5.701515832845013e-05 -0.1069468273868687 0.17113066578066288 0.0016904385071432656 0.20180729977133152 2.186223432748946
26.81749999998285 3.8917283429716476 -0.9562632636109212 5.6837038706460954e-05 -0.10741971015033809 0.17103363868376822 0.001398191084600018 0.20197389590860865 2.186575744767171
26.81799999998285 3.892636810791365 -0.9676159138089645 5.665830138319092e-05 -0.10789174534355671 0.1709391003165828 0.0011066469879873085 0.20214358609136643 2.186976473666246
26.818499999982848 3.893588037171492 -0.9789333428651336 5.64789561287095e-05 -0.10836290368916668 0.17084705927216035 0.0008158247754732296 0.20231634172245444 2.187425878408268
26.818999999982847 3.8945820876572785 -0.9902148208338106 5.6299010602474584e-05 -0.10883315681399874 0.170757527814275 0.0005257428052813599 0.20249213745931136 2.18792420536652
26.819499999982845 3.8956188401925655 -1.0014595774542858 5.611847746668615e-05 -0.10930247235439217 0.17067050960324792 0.0002364212960605976 0.20267093823744003 2.1884715947805824
26.819999999982844 3.89669822734429 -1.012666885528179 5.5937369907500575e-05 -0.10977082003887817 0.17058601054947364 -5.21211494632981e-05 0.20285271169941782 2.1890681771357983
26.820499999982843 3.897820226091517 -1.0238359840036582 5.575569555252378e-05 -0.11023816938374731 0.17050403889297228 -0.00033986483597339386 0.20303742703256142 2.189714176070537
26.820999999982842 3.898984776489382 -1.0349661449920577 5.5573468494790405e-05 -0.1107044901840217 0.17042460094945178 -0.0006267911162444995 0.20322505166142152 2.1904097165791545
26.82149999998284 3.9001917702318294 -1.0460566088808512 5.5390700040255015e-05 -0.1111697507787305 0.17034770086972573 -0.0009128800599231394 0.20341555011800452 2.191154889793035
26.82199999998284 3.901440698962749 -1.0571067190380763 5.52074351784045e-05 -0.1116339115228713 0.1702733242506931 -0.0011981198462312072 0.20360886681194382 2.1919496235545104
26.82249999998284 3.9027322220873866 -1.06811552963833 5.502362595126401e-05 -0.11209695591128518 0.1702015109854448 -0.0014824756715794683 0.20380500386502273 2.1927943518635153
26.822999999982837 3.9040660506969873 -1.079082311714091 5.4839299175073734e-05 -0.11255884848206454 0.1701322569626983 -0.0017659304227536218 0.20400391599449252 2.193689032902391
26.823499999982836 3.9054418291722697 -1.0900064194511085 5.465449231275406e-05 -0.11301955308320749 0.17006555468991205 -0.002048471882085574 0.2042055545477819 2.1946336378046936
26.823999999982835 3.906859542022501 -1.1008870517685392 5.446920676772593e-05 -0.11347904047612883 0.17000141255105547 -0.0023300763873664466 0.20440988760993928 2.1956282749906224
26.824499999982834 3.9083190049279737 -1.111723444779086 5.4283460546302844e-05 -0.11393727676390643 0.16993983140177724 -0.0026107246464239777 0.2046168742220908 2.196672935085701
26.824999999982833 3.9098200665313287 -1.1225148327024161 5.409726779028248e-05 -0.11439422967816264 0.16988081337918323 -0.00289039608375002 0.20482647516264607 2.1977675796865244
26.82549999998283 3.911362629943616 -1.1332604569491602 5.391063993169523e-05 -0.11484986813188125 0.16982436310589755 -0.003169070276549614 0.2050386537232723 2.1989122836611363
26.82599999998283 3.912946391332684 -1.1439595787248453 5.372359828242911e-05 -0.11530415811206915 0.16977047526393396 -0.003446727615902356 0.20525336314061526 2.20010688941841
26.82649999998283 3.914571299192913 -1.1546114106394376 5.353615056233701e-05 -0.11575706789992987 0.16971915701371418 -0.0037233473228643447 0.20547056806638128 2.201351476035716
26.826999999982828 3.916237060468636 -1.1652151976214598 5.3348320102060755e-05 -0.11620856318469676 0.16967040370714404 -0.003998909015504093 0.20569022175327434 2.202645806557954
26.827499999982827 3.9179434932785817 -1.1757701767103836 5.316012042551812e-05 -0.11665861124654166 0.16962421600854166 -0.00427339233501151 0.20591228257812372 2.203989874572324
26.827999999982826 3.919690312245516 -1.1862755325563046 5.29715709925096e-05 -0.11710717566932047 0.16958059029904907 -0.004546775279456589 0.20613670309981405 2.205383509692135
26.828499999982824 3.9214774681396154 -1.196730637093105 5.278267871096591e-05 -0.11755423124202227 0.16953953182141854 -0.004819040953818446 0.20636344949831403 2.2068265179746405
26.828999999982823 3.923304557188424 -1.2071346299045924 5.2593472471208414e-05 -0.11799973803702231 0.1695010319092689 -0.005090165896301716 0.20659246787810237 2.2083190109345288
26.829499999982822 3.925171358708237 -1.2174867693126559 5.240396641588877e-05 -0.1184436630058602 0.16946508929050205 -0.005360130729240742 0.20682371429775204 2.209860624257471
26.82999999998282 3.9270776156334857 -1.2277862752038962 5.221418263016103e-05 -0.11888597178354086 0.16943170117817813 -0.005628914092439751 0.20705714265609962 2.2114511957032947
26.83049999998282 3.9290230922249942 -1.2380323852024677 5.202412700871794e-05 -0.11932663300879166 0.16940086502718865 -0.0058964934028707125 0.20729270863111596 2.2130905028142913
26.83099999998282 3.931007723818722 -1.2482242079708055 5.183379120470661e-05 -0.11976561612232428 0.1693725870170497 -0.0061628395825124764 0.20753037519777148 2.214778478733554
26.831499999982817 3.9330307360168977 -1.2583612137641902 5.164325377967316e-05 -0.12020287750672315 0.16934684003340525 -0.006427948099216779 0.20777007124935548 2.2165145626756106
26.831999999982816 3.9350920049936144 -1.2684425581183945 5.1452508807620834e-05 -0.12063838704183463 0.1693236270180746 -0.006691791574588946 0.20801175728571036 2.218298551885608
26.832499999982815 3.937191376137518 -1.278467397853451 5.1261568802391854e-05 -0.12107210959976694 0.1693029508479006 -0.006954347029852263 0.20825539088185985 2.220130309341658
26.832999999982814 3.9393283395945784 -1.2884351139106394 5.107046272988118e-05 -0.1215040128244028 0.16928479480363876 -0.007215597567030811 0.20850091542339103 2.222009374897292
26.833499999982813 3.941502604775502 -1.2983449192962346 5.08792080797656e-05 -0.12193406184052875 0.16926915454937852 -0.007475521316300667 0.2087482827180663 2.2239355223941573
26.83399999998281 3.9437137863162155 -1.3081960615087562 5.0687831441417855e-05 -0.12236222054109316 0.16925602114741573 -0.007734098374722352 0.20899744014717367 2.2259082693294814
26.83449999998281 3.9459615491493665 -1.3179877979811294 5.049634757513758e-05 -0.12278845637744 0.16924538711559922 -0.007991306772472534 0.20924833825718975 2.227927391722236
26.83499999998281 3.9482455113648407 -1.327719368069626 5.030477785910595e-05 -0.12321273363573393 0.16923724357497077 -0.008247125787829762 0.20950092464379386 2.2299924414481618
26.835499999982808 3.9505653136664325 -1.337389994670347 5.0113146134665654e-05 -0.12363501637015008 0.1692315828569869 -0.008501534076604015 0.20975514770985754 2.2321030368172634
26.835999999982807 3.9529204911250293 -1.3469990185223024 4.992147563097074e-05 -0.12405527185404579 0.16922839081920216 -0.008754513180993692 0.21001095265503184 2.2342586944197818
26.836499999982806 3.9553107408855293 -1.356545646147672 4.972978190652421e-05 -0.12447346578826737 0.16922766221756524 -0.009006040029727052 0.2102682907667782 2.2364590434204494
26.836999999982805 3.9577355753048122 -1.3660291609843225 4.9538091376234215e-05 -0.12488956225347728 0.1692293826705647 -0.009256095169796395 0.21052710518296194 2.2387035663887533
26.837499999982803 3.9601945805628382 -1.375448834282123 4.934642633367173e-05 -0.12530352703050085 0.16923354113372813 -0.009504657802658594 0.21078734271983776 2.2409917638348684
26.837999999982802 3.9626873193866126 -1.384803923921587 4.915480917364749e-05 -0.12571532469691063 0.16924012569306254 -0.009751707154039951 0.21104894882626504 2.2433231416368593
26.8384999999828 3.9652133877099027 -1.394093658571267 4.8963265288527025e-05 -0.12612491894762287 0.1692491264518267 -0.009997221916164823 0.21131187006482127 2.2456972355826186
26.8389999999828 3.9677721926265623 -1.403317369549356 4.8771819547095136e-05 -0.1265322754512124 0.16926052306184297 -0.010241182365460936 0.21157604593685173 2.248113388258271
26.8394999999828 3.970363428650476 -1.4124743663827097 4.8580487149728304e-05 -0.12693736282473192 0.16927430914233185 -0.01048356921372787 0.2118414289981315 2.250571185666632
26.839999999982798 3.9729865752502342 -1.4215639226912835 4.838929557544476e-05 -0.12734014554928733 0.16929046849778467 -0.010724361313692015 0.21210796146844588 2.253069973189351
26.840499999982796 3.975641169643387 -1.4305853595827864 4.819827297539802e-05 -0.1277405890018519 0.16930898760599108 -0.010963540733625467 0.212375588493884 2.255609190840607
26.840999999982795 3.9783267074350235 -1.439537909918728 4.800743484890839e-05 -0.12813865793164358 0.16932985095143105 -0.011201083841211545 0.21264425305889287 2.258188249512795
26.841499999982794 3.9810426325383985 -1.448420913103206 4.78168133616204e-05 -0.1285343175008713 0.1693530402261408 -0.011436972406517795 0.21291389655698642 2.260806408271948
26.841999999982793 3.9837884220909556 -1.4572336414505496 4.7626422131747215e-05 -0.1289275337150685 0.1693785385147768 -0.011671183938180877 0.21318446189572704 2.26346311652789
26.842499999982792 3.986563689119513 -1.4659754317990434 4.7436293856631565e-05 -0.12931827329515536 0.16940633590525286 -0.011903701103849492 0.2134558983791585 2.266157709897629
26.84299999998279 3.989367875461606 -1.4746455994892869 4.724645101280433e-05 -0.12970650192917058 0.16943641375383578 -0.012134503776944194 0.2137281477259737 2.268889554151188
26.84349999998279 3.992200334731054 -1.4832434634616387 4.70569231756925e-05 -0.13009218334133094 0.1694687493996442 -0.012363572498625923 0.21400114746076165 2.2716578523383775
26.84399999998279 3.995060665035501 -1.4917684221500154 4.686772298020536e-05 -0.13047528918684484 0.16950333054736091 -0.012590889128790212 0.2142748483702466 2.2744620105796844
26.844499999982787 3.997948171310364 -1.5002197194715037 4.667889226356152e-05 -0.13085577870112963 0.16954013339706125 -0.012816432857460112 0.2145491845777143 2.2773012424642576
26.844999999982786 4.000862304494009 -1.5085966580008487 4.64904554484016e-05 -0.13123361721179966 0.16957913992219337 -0.013040183038792725 0.21482409864102586 2.2801748270268933
26.845499999982785 4.003802534652092 -1.5168986426913087 4.630243475972336e-05 -0.1316087735145569 0.16962033195140688 -0.013262122796747301 0.21509953551411357 2.2830819767317223
26.845999999982784 4.006768296384655 -1.525125020584943 4.6114854780292526e-05 -0.1319812147706106 0.16966369001470566 -0.013482232277003927 0.2153754381281748 2.286021979602872
26.846499999982782 4.009758994958677 -1.5332751153499902 4.59277411088354e-05 -0.13235090609652334 0.16970919371898643 -0.01370049184875085 0.21565174762615974 2.2889940542316896
26.84699999998278 4.0127739934886195 -1.5413483164891186 4.574112354396581e-05 -0.13271781407818442 0.16975681999605607 -0.013916883813361243 0.21592840425460358 2.2919973713781086
26.84749999998278 4.015812758975966 -1.5493440298812517 4.55550306116503e-05 -0.13308190696905436 0.16980655068760897 -0.014131391642216589 0.21620535342282637 2.2950312218971494
26.84799999998278 4.018874623226835 -1.5572615769701459 4.536948378086632e-05 -0.13344315023599784 0.16985836144413105 -0.014343994000341037 0.2164825338480543 2.2980947173794957
26.848499999982778 4.021958983911206 -1.5651003404111488 4.5184510791823395e-05 -0.13380151069141208 0.16991223092153632 -0.014554673194068439 0.21675988787555614 2.3011870686841966
26.848999999982777 4.025065201822277 -1.572859729610474 4.500014123144052e-05 -0.13415695582537063 0.16996813562282062 -0.01476341186618206 0.21703735681526928 2.30430742116076
26.849499999982775 4.028192668381942 -1.580539132782661 4.4816399031595756e-05 -0.13450945331993885 0.1700260536235797 -0.014970191831129487 0.21731488349097958 2.307454946635532
26.849999999982774 4.03134077426264 -1.5881379617070568 4.463331216777354e-05 -0.13485897132656668 0.17008596274875584 -0.015174995698584208 0.2175924110944197 2.31062882886524
26.850499999982773 4.034508814829821 -1.5956556189592443 4.445091131351826e-05 -0.13520547625033374 0.17014783644979722 -0.015377805775899304 0.21786987852180895 2.3138281653235757
26.850999999982772 4.037696193915929 -1.6030915330975928 4.4269217183966563e-05 -0.13554893762946962 0.1702116528138235 -0.015578604857203523 0.21814723050130233 2.317052110408739
26.85149999998277 4.040902227273286 -1.610445168830116 4.4088260383788684e-05 -0.1358893243236059 0.17027738554375568 -0.015777377160547026 0.21842440825788934 2.3202997841005004
26.85199999998277 4.044126310618331 -1.6177159375630046 4.3908064639667236e-05 -0.13622660542847626 0.17034501243430722 -0.01597410447279727 0.21870135642358937 2.3235703025849346
26.85249999998277 4.0473677344453565 -1.6249032375493846 4.37286605286313e-05 -0.13656074685101605 0.17041450681521791 -0.016168769264096373 0.21897801445144405 2.3268627682174947
26.852999999982767 4.050625825528873 -1.6320065424596983 4.355007546986614e-05 -0.13689171793538696 0.17048584274853823 -0.016361356142895567 0.21925432491017255 2.330176311926264
26.853499999982766 4.053900113883971 -1.6390252683546755 4.3372317984439565e-05 -0.1372194930149048 0.17055900349747483 -0.016551844178075766 0.21953024047500708 2.333510105107726
26.853999999982765 4.057189661312847 -1.6459589497091434 4.319544262498821e-05 -0.13754403505425847 0.17063395121370822 -0.016740223887753782 0.21980569142226816 2.336863102227315
26.854499999982764 4.0604938564569775 -1.6528070426769772 4.301946691385225e-05 -0.13786531596427432 0.1707106624476158 -0.016926477156209357 0.22008062442694198 2.340234448962899
26.854999999982763 4.063812033868476 -1.6595690218564396 4.2844416228629876e-05 -0.13818330594842562 0.17078911142885317 -0.017110587874240652 0.22035498370333162 2.3436232340550878
26.85549999998276 4.06714350968539 -1.6662444072951694 4.267031695361791e-05 -0.13849797667079944 0.17086927095479432 -0.017292541102035645 0.22062871362606865 2.3470285237959976
26.85599999998276 4.0704877185418695 -1.672832689393415 4.2497185427589336e-05 -0.13880930110172543 0.17095111963785403 -0.017472320854587272 0.22090176408039616 2.3504495134556733
26.85649999998276 4.073843801209757 -1.6793333720402115 4.232506216498601e-05 -0.13911724635539566 0.17103462252502558 -0.017649912609192974 0.22117407115414317 2.353885150967845
26.856999999982758 4.077211008842638 -1.6857460663857327 4.215397558273526e-05 -0.13942178560112226 0.17111974842953673 -0.01782530501929369 0.22144557819433672 2.3573345727368276
26.857499999982757 4.080588766114496 -1.692070092292473 4.198394736213437e-05 -0.13972288560369434 0.1712064774810146 -0.01799847651502492 0.2217162327159248 2.360796772419583
26.857999999982756 4.08397638600787 -1.6983050788816136 4.1815000180606945e-05 -0.14002052225379383 0.17129478091449893 -0.018169415203473472 0.2219859821466382 2.364270893972811
26.858499999982755 4.08737315071601 -1.704450572757494 4.1647162850112074e-05 -0.14031466729443848 0.1713846297084508 -0.018338107218967024 0.2222547712302845 2.3677559996663926
26.858999999982753 4.090778338655177 -1.7105061201491352 4.1480459905308744e-05 -0.1406052930724678 0.1714759944667106 -0.018504538183025075 0.2225225450414159 2.3712511219407464
26.859499999982752 4.094191256133498 -1.7164712966879512 4.131491763585254e-05 -0.14089237312377967 0.17156884684417564 -0.01866869473524027 0.22278925058226695 2.374755374196877
26.85999999998275 4.097611246459237 -1.7223456446312644 4.115055911091085e-05 -0.14117588041526866 0.17166316061132275 -0.018830562678467763 0.22305483633600667 2.378267846328054
26.86049999998275 4.101037609758294 -1.728128809573363 4.098740962285695e-05 -0.1414557912608334 0.17175890626152684 -0.018990130364477505 0.22331925087785043 2.381787616152724
26.86099999998275 4.104469606397596 -1.7338203018100518 4.082549445513734e-05 -0.14173207618073008 0.17185605393493053 -0.019147382600606565 0.2235824388297078 2.3853137477139326
26.861499999982748 4.107906504741095 -1.7394197411773937 4.066483997146573e-05 -0.14200470997329204 0.17195457294173358 -0.0193023070574163 0.22384434741112305 2.3888452863485234
26.861999999982746 4.111347716330232 -1.7449267319721256 4.0505458532043795e-05 -0.14227367118881037 0.17205443887052926 -0.01945488911810356 0.22410493113537713 2.3923813688459954
26.862499999982745 4.114792443071789 -1.750340860409188 4.0347385324760745e-05 -0.1425389301416714 0.17215561887013453 -0.01960511775588676 0.22436413340084793 2.3959210877348944
26.862999999982744 4.11824009678764 -1.7556617485593975 4.0190630521119094e-05 -0.1428004666804113 0.17225808817359223 -0.0197529782224358 0.22462190982631314 2.399463559732295
26.863499999982743 4.121689789887674 -1.7608890618604944 4.0035238690095336e-05 -0.14305825123431057 0.1723618091605942 -0.019898462978910986 0.22487820110507667 2.403007784525189
26.86399999998274 4.1251409238428085 -1.7660224552392436 3.988122353470363e-05 -0.14331226383707554 0.1724667564537355 -0.02004155906646714 0.22513296324082432 2.4065529233044716
26.86449999998274 4.128592971304024 -1.7710618960125177 3.972860399952428e-05 -0.14356249513346322 0.17257290511059295 -0.020182264590934626 0.225386160602806 2.410098191661672
26.86499999998274 4.1320450327020675 -1.7760065491625734 3.957740443201921e-05 -0.14380890166290008 0.17268022115237408 -0.020320553026262785 0.22563772700950446 2.413642590344997
26.865499999982738 4.135496438589134 -1.7808562607655714 3.9427648772003365e-05 -0.1440514674218294 0.17278867427059633 -0.02045641881244943 0.22588761872489369 2.417185241748834
26.865999999982737 4.138946491555916 -1.7856107119378297 3.9279361537246593e-05 -0.14429016968427133 0.17289823467361545 -0.020589851810210405 0.2261357880087423 2.4207252763548666
26.866499999982736 4.142394532331573 -1.7902695713208214 3.91325587886949e-05 -0.14452498773121486 0.1730088740201961 -0.02072083976007772 0.22638218960158218 2.424261834232384
26.866999999982735 4.145839838804497 -1.794832493965691 3.8987264303551e-05 -0.14475589776538608 0.17312056158021333 -0.02084937145315685 0.22662677482968124 2.427794028008184
26.867499999982734 4.149281663235861 -1.7992994276268774 3.884350295369644e-05 -0.14498288586384003 0.17323326215448642 -0.02097544488136163 0.2268694990474994 2.431321044640018
26.867999999982732 4.152719268259208 -1.8036700436971258 3.87012896049498e-05 -0.1452059291127737 0.1733469438801467 -0.021099048940095677 0.22711031387470526 2.434842120228557
26.86849999998273 4.156152257748198 -1.8079437806879741 3.856063805306535e-05 -0.14542500415513748 0.17346159316363646 -0.021220162932222657 0.22734918396875492 2.438356313313524
26.86899999998273 4.159579844698707 -1.8121205019623785 3.842157424451983e-05 -0.1456400926065658 0.17357717409751455 -0.021338783054304394 0.22758606197297454 2.4418628199850896
26.86949999998273 4.1630013926801315 -1.8162000211272007 3.8284116901400826e-05 -0.14585117877754433 0.17369365792818908 -0.02145490193673064 0.227820907671769 2.4453608973955423
26.869999999982728 4.166416136740329 -1.8201820057205111 3.814828735401635e-05 -0.14605823910927693 0.1738110115788375 -0.02156850827544021 0.22805367242600857 2.4488496047293413
26.870499999982727 4.16982351397161 -1.824066236663666 3.801409578407888e-05 -0.14626125883455235 0.1739292098329638 -0.021679592945228275 0.22828431969642127 2.4523282692171335
26.870999999982725 4.1732227566423115 -1.8278525382365804 3.788157154880412e-05 -0.14646021905675388 0.1740482180773718 -0.021788150157682432 0.22851280373176996 2.4557959522775903
26.871499999982724 4.176613268353412 -1.831540650265969 3.7750726867076114e-05 -0.14665510211108257 0.17416801015306826 -0.021894170458115734 0.2287390859384123 2.459251972076096
26.871999999982723 4.179994394525377 -1.8351303679756117 3.762158006845199e-05 -0.14684589139328547 0.17428855666905532 -0.021997645805257107 0.22896312634536733 2.4626955342293733
26.872499999982722 4.183365485062538 -1.8386215058346378 3.749414991946745e-05 -0.1470325705837317 0.1744098283008446 -0.022098569335779424 0.2291848855991127 2.466125896688299
26.87299999998272 4.186725820454575 -1.8420137791557245 3.736845967932712e-05 -0.147215118039417 0.17453179372849303 -0.022196931726390128 0.2294043194438822 2.469542248155858
26.87349999998272 4.190074823856419 -1.845307096131359 3.724451495514654e-05 -0.14739352418822088 0.17465442542658696 -0.0222927268745183 0.2296213948333577 2.4729439097194197
26.87399999998272 4.1934119560562015 -1.848501340781685 3.7122332926709504e-05 -0.1475677766668981 0.17477769865042117 -0.02238595029992287 0.229836079471391 2.4763302058384182
26.874499999982717 4.196736445048834 -1.8515962546119087 3.700193278658512e-05 -0.14773785503499237 0.17490157894870953 -0.022476592410670748 0.2300483282605799 2.4797003568693228
26.874999999982716 4.200047398318063 -1.8545920095052644 3.688333880404117e-05 -0.14790375058797728 0.17502602171904905 -0.022564658542572218 0.23025809764681565 2.4830537029661666
26.875499999982715 4.203344635567507 -1.85748797052966 3.676655249864869e-05 -0.14806544188504292 0.17515102423258577 -0.022650124577174 0.23046536510655646 2.486389423483845
26.875999999982714 4.206627392660673 -1.8602841796256586 3.66515932016352e-05 -0.14822291815821326 0.17527654930979253 -0.022732991405252406 0.23067009148026926 2.489706938365714
26.876499999982713 4.209895020402442 -1.862980506064378 3.653847778715733e-05 -0.1483761656868619 0.1754025668745074 -0.02281325319264039 0.23087224071189816 2.493005470879175
26.87699999998271 4.2131469918856554 -1.8655768019918062 3.642721945569623e-05 -0.14852517161323164 0.17552905298289645 -0.022890904074646536 0.2310717822088345 2.4962844613675745
26.87749999998271 4.216382632613411 -1.8680730118139843 3.6317831135532113e-05 -0.14866992519957614 0.17565597528084154 -0.022965939814902657 0.2312686807639394 2.4995432061166953
26.87799999998271 4.219601314341654 -1.870469026577271 3.62103315549103e-05 -0.14881041298819941 0.17578330469092235 -0.023038356020983843 0.23146290214617485 2.5027810288665693
26.878499999982708 4.222802278601544 -1.8727649510198041 3.610473894446296e-05 -0.1489466270517947 0.17591100353144537 -0.023108154860054696 0.23165441004777543 2.5059974101362466
26.878999999982707 4.225985249002681 -1.8749604383392773 3.60010522446824e-05 -0.14907855396141206 0.17603906121082025 -0.023175322232381744 0.23184318381998487 2.5091916469342834
26.879499999982706 4.229149646136488 -1.8770554997504134 3.589928336249265e-05 -0.149206186465048 0.17616744932870554 -0.023239856145002683 0.2320291947063238 2.5123631928071433
26.879999999982704 4.2322947132012985 -1.8790498812848586 3.579945412098189e-05 -0.14932950367765618 0.1762961343485869 -0.023301748137447762 0.2322124008771521 2.5155113106740394
26.880499999982703 4.235419939245289 -1.8809438213910887 3.5701577434287617e-05 -0.14944850669435983 0.17642508879878438 -0.023361004078714238 0.23239278091713342 2.5186355557073368
26.880999999982702 4.238524780722306 -1.882737146871528 3.560566038792899e-05 -0.14956318289833337 0.1765542877873401 -0.023417616143464267 0.2325703054145517 2.5217353140195815
26.8814999999827 4.2416086317468675 -1.8844298637913752 3.5511718660340763e-05 -0.14967352374917534 0.17668370187079738 -0.0234715829327706 0.23274494500124743 2.5248100194782
26.8819999999827 4.244671010274177 -1.8860219352244894 3.5419760188712686e-05 -0.14977952192419652 0.1768133077528431 -0.02352290123208382 0.23291667580642833 2.5278591486863546
26.8824999999827 4.247711126964537 -1.8875133269767113 3.5329806692730065e-05 -0.14988116457913336 0.17694306769824683 -0.023571568289601188 0.23308545972174016 2.5308820208261906
26.882999999982697 4.250728526690407 -1.8889040828011858 3.524186640217717e-05 -0.14997844629561233 0.17707295916191557 -0.023617584953566716 0.23325127553486655 2.5338782227968113
26.883499999982696 4.253722856769875 -1.8901941827856876 3.5155938683292165e-05 -0.15007136450035105 0.17720296418942058 -0.023660946230320404 0.2334141069794806 2.5368472886373534
26.883999999982695 4.256693570239569 -1.8913838342406162 3.5072044568542195e-05 -0.1501599164762697 0.17733305460391355 -0.02370165938974594 0.23357393139890933 2.539788759493849
26.884499999982694 4.2596400063192466 -1.892472782864979 3.499018792232867e-05 -0.1502440866421932 0.1774632002831783 -0.023739712087844006 0.23373071461771563 2.5427020178178363
26.884999999982693 4.262561737973824 -1.8934612504316104 3.491038213728217e-05 -0.15032387626481541 0.17759337812233142 -0.023775110345038885 0.23388444069689562 2.5455866638793414
26.88549999998269 4.265458205411094 -1.8943491214429886 3.483263392374184e-05 -0.1503992742607231 0.17772356189407787 -0.023807848373906548 0.23403508240147514 2.548442200496284
26.88599999998269 4.268328915037532 -1.8951365263366884 3.4756955121066144e-05 -0.15047027861868684 0.1778537260318652 -0.02383792832676967 0.2341826198459553 2.5512681580908785
26.88649999998269 4.271173322911176 -1.8958234227737627 3.468335576258829e-05 -0.1505368804660261 0.17798384443729012 -0.023865347162189774 0.2343270280106244 2.5540640922451106
26.886999999982688 4.273990976959096 -1.8964099751982744 3.46118394956415e-05 -0.1505990808855577 0.17811389277802614 -0.023890107030914258 0.23446829034661698 2.5568295831001673
26.887499999982687 4.2767811533084945 -1.8968963021801906 3.454243176809842e-05 -0.15065687150645934 0.178243835313751 -0.023912211852919554 0.23460637594739042 2.5595641380515888
26.887999999982686 4.279543659766656 -1.8972824123827947 3.447512546369512e-05 -0.15071025281550238 0.17837366155758322 -0.02393165848182982 0.23474127825941227 2.562267465030775
26.888499999982685 4.28227790689456 -1.89756843581566 3.4409935733120555e-05 -0.15075922074369102 0.17850334155823896 -0.02394844958758162 0.23487297380573868 2.5649391032731237
26.888999999982683 4.284983519867238 -1.8977544712937078 3.4346865443786046e-05 -0.1508037747483652 0.1786328555114185 -0.02396258587210604 0.2350014490768026 2.5675787361687794
26.889499999982682 4.287659934218158 -1.897840626807373 3.42859292568724e-05 -0.15084391041669143 0.17876217488838156 -0.02397406929335461 0.23512668176773496 2.5701859163933944
26.88999999998268 4.290306693357228 -1.8978269414549573 3.4227135714648486e-05 -0.15087962267261276 0.17889127698683321 -0.0239828998606984 0.23524865356796024 2.572760310899757
26.89049999998268 4.2929233945696454 -1.8977136364177773 3.417048614223761e-05 -0.15091091593089984 0.17902013906213113 -0.023989080874445297 0.23536735274487108 2.575301543619325
26.89099999998268 4.295509580895972 -1.8975008289241844 3.4115991095152014e-05 -0.15093778779997244 0.17914873756447988 -0.02399261474503359 0.23548276267956428 2.577809302984506
26.891499999982678 4.2980647955517535 -1.897188641033071 3.406365304013764e-05 -0.15096023753412627 0.17927704848039866 -0.02399350260603894 0.23559486750672018 2.5802832377755127
26.891999999982676 4.300588688550861 -1.8967774843605496 3.40134910644969e-05 -0.150978272473285 0.17940505088091513 -0.023991758218924308 0.23570366035137544 2.582723109253654
26.892499999982675 4.30308071590315 -1.896267160322915 3.39654996126988e-05 -0.15099188193615212 0.1795327192605373 -0.02398737004317089 0.23580911690876546 2.5851284827575363
26.892999999982674 4.3055405514172 -1.895657921796782 3.391968528188629e-05 -0.1510010704763645 0.17966003481686202 -0.023980344652820024 0.2359112297561778 2.587499138500345
26.893499999982673 4.307967776830074 -1.8949499545805304 3.387605616123236e-05 -0.15100583907328055 0.17978697502331092 -0.023970686201320535 0.23600998627011593 2.5898347715535435
26.89399999998267 4.310361951714583 -1.894143433041903 3.3834619034277345e-05 -0.1510061883624033 0.1799135162892032 -0.023958398134255623 0.2361053728919495 2.5921350950692643
26.89449999998267 4.312722698911127 -1.8932385797887166 3.379538200869697e-05 -0.1510021210551633 0.18003963770626846 -0.02394348593446161 0.23619737980607736 2.5943998457904645
26.89499999998267 4.315049664297217 -1.8922355358214247 3.3758341439944146e-05 -0.1509936396530208 0.18016531966476065 -0.02392595052406355 0.23628599775283263 2.596628784792811
26.89549999998267 4.317342124605419 -1.891134571825332 3.372351761868552e-05 -0.1509807421893727 0.18029052447743835 -0.02390579951470403 0.23637120166983297 2.598821548992376
26.895999999982667 4.319600225628083 -1.8899357357963362 3.3690893993584284e-05 -0.15096343626311676 0.18041525728248575 -0.02388303074805385 0.2364530044351015 2.6009780644049565
26.896499999982666 4.321823513954854 -1.8886394485826479 3.3660482641679755e-05 -0.1509417297262256 0.18053949155878102 -0.02385765640257981 0.23653139655037692 2.6030981407679787
26.896999999982665 4.324011518415813 -1.8872457807390455 3.3632288397518675e-05 -0.15091561964868164 0.1806632032202358 -0.02382967614959152 0.23660636237670402 2.605181467453703
26.897499999982664 4.3261639652515065 -1.8857549740447934 3.360631007532649e-05 -0.15088511234883206 0.18078637569701136 -0.023799094962794108 0.2366778986032044 2.6072278823567725
26.897999999982662 4.328280362013231 -1.8841674517491902 3.358256755885099e-05 -0.150850213603039 0.18090898106340095 -0.023765926700025915 0.23674599393736626 2.609237160885648
26.89849999998266 4.3303605688445925 -1.8824831968793876 3.3561039926919206e-05 -0.15081092670494015 0.18103101076682532 -0.023730164402983627 0.23681064835740365 2.6112091700336304
26.89899999998266 4.332404458047052 -1.8807026621185052 3.354173385688459e-05 -0.15076726526719114 0.18115245365468197 -0.02369182196226388 0.23687186867408058 2.613143850109677
26.89949999998266 4.3344113407494635 -1.8788258875421018 3.352465472770439e-05 -0.15071922277247202 0.1812732753121483 -0.023650897200413083 0.23692962962431793 2.615040816842963
26.899999999982658 4.336381096678206 -1.8768531970166853 3.350980132715424e-05 -0.150666810066472 0.18139346583087215 -0.02360739836220604 0.23698393692226066 2.6169000464116055
26.900499999982657 4.338313393557959 -1.874784861223726 3.349717755115701e-05 -0.1506100329906978 0.1815130057369419 -0.02356133179095796 0.2370347857274999 2.618721356668095
26.900999999982655 4.340207980407031 -1.872621146213277 3.348678180713697e-05 -0.15054889898667057 0.18163187931775168 -0.023512703299762773 0.23708217517784783 2.6205046396243468
26.901499999982654 4.342064555306918 -1.8703623130492841 3.3478613899115327e-05 -0.1504834146962168 0.18175006844514152 -0.02346151829968158 0.2371261021468819 2.62224975627258
26.901999999982653 4.343882937359255 -1.8680086995240477 3.347267301109292e-05 -0.1504135906641263 0.18186756012318306 -0.0234077853673492 0.23716657036234856 2.623956671312249
26.902499999982652 4.345663147695793 -1.8655609226099055 3.346895789762814e-05 -0.15033944963880078 0.1819843481982943 -0.02335152247572693 0.23720359758821094 2.6256254941946917
26.90299999998265 4.347404379355016 -1.8630186643937383 3.346746821793417e-05 -0.150260972565824 0.18210039600582048 -0.02329271452930388 0.23723714854981628 2.6272556900392985
26.90349999998265 4.349106652508127 -1.860382335452696 3.346820729927242e-05 -0.1501781737319172 0.18221569996756393 -0.023231374290257713 0.23726723737494232 2.6288473609922947
26.90399999998265 4.350769676487214 -1.857652360821642 3.347116511338462e-05 -0.15009106786794132 0.18233024006480056 -0.023167510211668907 0.23729386554488627 2.6304003933354023
26.904499999982647 4.3523932808174735 -1.8548289974040082 3.347634155867152e-05 -0.14999966279551347 0.18244400471261496 -0.023101128337537538 0.23731703652458622 2.631914750874414
26.904999999982646 4.3539772065591 -1.851912547351551 3.348373498841782e-05 -0.14990396709945808 0.18255697746476068 -0.023032235651442672 0.23733675074106864 2.6333903466684845
26.905499999982645 4.35552127682816 -1.8489033192265398 3.3493343397185165e-05 -0.14980399088430177 0.1826691457058171 -0.022960839183205614 0.23735301264941644 2.634827129466901
26.905999999982644 4.357025268455366 -1.8458016309959953 3.350516319900252e-05 -0.14969974432970926 0.18278049437636978 -0.0228869459503762 0.2373658249870564 2.636225071674172
26.906499999982643 4.358488998823652 -1.8426077958776963 3.351919130877156e-05 -0.14959123754409406 0.1828910105650103 -0.022810563318697345 0.2373751922471693 2.6375841301524248
26.90699999998264 4.3599120685422825 -1.8393221833536701 3.353543445310555e-05 -0.14947847849166213 0.18300067064308784 -0.02273170086286949 0.23738110963621598 2.6389041774514763
26.90749999998264 4.361294678751399 -1.8359450400056112 3.35538691513551e-05 -0.14936148354534523 0.18310947995838886 -0.022650361669699408 0.23738359947828375 2.6401853626888743
26.90799999998264 4.362636508463957 -1.8324767377027311 3.357450148567306e-05 -0.1492402615865946 0.18321741871185243 -0.02256655587891234 0.23738266078655684 2.6414276053263332
26.908499999982638 4.363937399888353 -1.8289176094051833 3.359732640845344e-05 -0.14911482433495576 0.18332447482350112 -0.022480290941020244 0.23737830015936615 2.6426308890102446
26.908999999982637 4.365197200651009 -1.8252679957451607 3.362233907084044e-05 -0.1489851837355881 0.18343063643426552 -0.02239157468210672 0.23737052464902 2.643795222246661
26.909499999982636 4.366415749678175 -1.8215282502526136 3.364953887263151e-05 -0.1488513512633225 0.18353589136370252 -0.022300416042049284 0.23735934097320527 2.6449205938209737
26.909999999982634 4.367592911378582 -1.8176987136841696 3.367891754601124e-05 -0.1487133397822673 0.1836402283642633 -0.022206822264291076 0.23734475738459587 2.6460070124295356
26.910499999982633 4.3687285491579955 -1.8137797368647264 3.371047088492103e-05 -0.1485711614640976 0.18374363632798763 -0.022110801911558897 0.2373267820348031 2.647054519815949
26.910999999982632 4.369822544008913 -1.809771665782916 3.374419275834602e-05 -0.14842482943599766 0.1838461048116862 -0.022012362427896497 0.23730542418409145 2.648063104443956
26.91149999998263 4.37087482509922 -1.80567488650438 3.3780076760801246e-05 -0.1482743583810035 0.18394762540555368 -0.02191151322409464 0.23728069592238185 2.6490328348627523
26.91199999998263 4.371885312710652 -1.801489726438251 3.3818103876686895e-05 -0.1481197635562574 0.18404818906658893 -0.021808259299546877 0.2372526088967806 2.649963758821063
26.91249999998263 4.3728537806649985 -1.7972165591476708 3.38582905276541e-05 -0.14796105291992545 0.1841477813231404 -0.02170261320900975 0.2372211667779838 2.6508558498092967
26.912999999982627 4.373780200603113 -1.7928557812629724 3.3900625078893056e-05 -0.14779824327915234 0.1842463953420222 -0.0215945835952477 0.23718638441863474 2.6517091932482577
26.913499999982626 4.374664423342546 -1.7884077548532669 3.394510064879397e-05 -0.1476313477930296 0.18434401910296114 -0.021484178608882253 0.2371482704147718 2.6525238074717965
26.913999999982625 4.375506467325981 -1.7838728331230012 3.399170789133528e-05 -0.14746038173213832 0.18444064874544436 -0.021371406315487215 0.23710684110360455 2.6532997847042887
26.914499999982624 4.3763060754105725 -1.7792514120798621 3.404045110086384e-05 -0.14728535594174594 0.1845362672327181 -0.02125627761476029 0.2370621001702037 2.654037135183328
26.914999999982623 4.377063335187029 -1.7745438714868995 3.409131335103187e-05 -0.147106289109057 0.1846308733547034 -0.021138799954791995 0.23701406826322927 2.6547359556364087
26.91549999998262 4.377778123597751 -1.769750623716877 3.414429089890111e-05 -0.14692319598266299 0.18472445594832085 -0.021018983593887194 0.23696275617590884 2.6553963006134307
26.91599999998262 4.378450365300301 -1.7648720468605783 3.419937974867691e-05 -0.14673609045320268 0.18481700665474926 -0.020896838125684013 0.2369081763763403 2.6560182357514828
26.91649999998262 4.379080025319685 -1.759908557209118 3.425657566255284e-05 -0.14654498851215733 0.18490851859481905 -0.020772374103391097 0.2368503439576352 2.6566018500176205
26.916999999982618 4.379667093578952 -1.75486051611489 3.431586477311062e-05 -0.1463499063780655 0.18499898613812005 -0.020645598842520027 0.23678927492723806 2.657147242955723
26.917499999982617 4.380211448264108 -1.7497283469613722 3.437724527688638e-05 -0.14615085880963138 0.1850883982375941 -0.02051652325501922 0.23672498055639327 2.6576544436151686
26.917999999982616 4.380713139724483 -1.7445124234903213 3.444070526767534e-05 -0.1459478627487519 0.1851767522219166 -0.020385155622099166 0.23665747986092225 2.6581235980187703
26.918499999982615 4.3811720639474165 -1.7392131511014446 3.450624229845893e-05 -0.14574093270685123 0.18526403805915873 -0.020251506178393622 0.23658678485228601 2.6585547476477247
26.918999999982614 4.381588160902856 -1.7338309349033985 3.457385206459994e-05 -0.14553008387394445 0.18535024783700674 -0.020115585294760874 0.23651290970547026 2.658947958711839
26.919499999982612 4.381961519633202 -1.7283662421164432 3.464352303145478e-05 -0.14531533684430495 0.18543537978601224 -0.01997740433705383 0.23643587689393195 2.6593034048657556
26.91999999998261 4.3822920987782465 -1.7228194627479163 3.4715249237469193e-05 -0.14509670701241262 0.1855194269174028 -0.019836972685348495 0.23635570150712829 2.659621166671558
26.92049999998261 4.382579865236281 -1.7171910268206525 3.4789024761221795e-05 -0.1448742112123412 0.18560238223178083 -0.01969430108338467 0.23627239969931554 2.6599013403465426
26.92099999998261 4.382824837273746 -1.7114813541257332 3.4864842281020867e-05 -0.14464786681883723 0.18568424126428276 -0.01954939985516449 0.23618598998211038 2.6601440342035665
26.921499999982608 4.383027018193518 -1.7056908354820517 3.494269410952026e-05 -0.14441768992669896 0.18576499917547 -0.019402278518698166 0.23609648979631964 2.660349361182882
26.921999999982607 4.383186414200855 -1.6998199386866082 3.502257153866195e-05 -0.14418369991851288 0.18584465024761285 -0.019252948351999304 0.23600391812021695 2.660517442394484
26.922499999982605 4.383303043661693 -1.693869082319503 3.5104468116903884e-05 -0.14394591392151737 0.1859231901200668 -0.019101419865621635 0.23590829362276808 2.660648378642933
26.922999999982604 4.383376943306946 -1.6878386666025826 3.5188378552140524e-05 -0.14370434827071293 0.18600061564594328 -0.018947703434589205 0.2358096355071722 2.660742304711056
26.923499999982603 4.383408212782061 -1.6817291968043693 3.527428610143192e-05 -0.14345902641388314 0.1860769247891603 -0.018791810346180427 0.23570796833093458 2.6607993863409787
26.923999999982602 4.38339634621409 -1.6755408339881381 3.53622049771467e-05 -0.14320994605310913 0.18615209165781738 -0.018633745155530616 0.23560328167416542 2.660819410052632
26.9244999999826 4.383342006876962 -1.669274361783558 3.5452112115648775e-05 -0.1429571482642902 0.18622613837596738 -0.018473528617280986 0.23549563077445132 2.660802891677805
26.9249999999826 4.383245105487511 -1.6629300959548565 3.5543996439476525e-05 -0.1427006462050207 0.18629905619188505 -0.01831116689694016 0.23538502840759698 2.6607498663274503
26.9254999999826 4.3831056506934445 -1.656508484759625 3.563785376453619e-05 -0.14244045760764854 0.18637084007359317 -0.0181466716379332 0.23527149356593996 2.6606604495445825
26.925999999982597 4.382923709578641 -1.6500099691531411 3.5733676235472246e-05 -0.14217660137449395 0.18644148770254979 -0.017980053823037252 0.2351550481078837 2.6605347690811616
26.926499999982596 4.382699336588535 -1.6434350070134618 3.5831454702904665e-05 -0.14190909703104151 0.18651099591327225 -0.017811324757759126 0.235035713682735 2.6603729643603655
26.926999999982595 4.382432636544827 -1.6367840460254082 3.5931181280492176e-05 -0.14163796421884356 0.18657936415713977 -0.017640495697842106 0.23491351414043118 2.66017518230003
26.927499999982594 4.38212362939764 -1.6300575348497168 3.603285079244304e-05 -0.14136322096395723 0.18664658791821995 -0.017467578244751075 0.23478846929215863 2.659941540882456
26.927999999982593 4.381772468039041 -1.6232559072965482 3.613645228436962e-05 -0.1410848875066459 0.1867126690068083 -0.017292582962022334 0.23466060529178587 2.659672213593127
26.92849999998259 4.381379223574536 -1.6163796044449583 3.624197631768263e-05 -0.14080298324120144 0.18677760520187656 -0.017115520451081598 0.2345299446443492 2.6593673098887356
26.92899999998259 4.380943922238077 -1.6094291409146755 3.634942099819994e-05 -0.14051752791193148 0.18684139179673961 -0.0169364049555969 0.2343965084036944 2.659026978022588
26.92949999998259 4.380466679334234 -1.602404926383535 3.645877239532734e-05 -0.14022854117001854 0.18690402881869636 -0.016755245511550054 0.23426032100952132 2.658651363062492
26.929999999982588 4.379947620328332 -1.5953074446942797 3.657002367475839e-05 -0.13993604387955488 0.18696551645605988 -0.016572054883665574 0.23412140808437218 2.6582406236102463
26.930499999982587 4.37938682417675 -1.58813716755223 3.668316617590149e-05 -0.13964005654184097 0.18702585258669094 -0.016386844651129193 0.2339797931540402 2.65779488744092
26.930999999982586 4.3787844009014645 -1.5808945243960537 3.6798192731685384e-05 -0.13934059776775312 0.18708503726062675 -0.016199626069515746 0.23383550037981188 2.657314316577412
26.931499999982584 4.37814048766178 -1.5735799832429087 3.691509472797029e-05 -0.1390376885894513 0.18714307126525034 -0.016010410850537178 0.2336885560452005 2.656799059503647
26.931999999982583 4.3774551764688425 -1.5661940263083174 3.703386385767025e-05 -0.1387313498975258 0.18719995304126985 -0.015819211090877642 0.23353898454558097 2.6562492629915946
26.932499999982582 4.376728635305993 -1.5587370857708742 3.7154490330664814e-05 -0.138421601747715 0.18725568528109124 -0.015626037711913385 0.2333868131559027 2.6556650911159263
26.93299999998258 4.37596093102931 -1.5512096512358176 3.727696951320514e-05 -0.13810846425742576 0.18731026536282483 -0.015430903641189679 0.23323206511331193 2.655046668880144
26.93349999998258 4.375152295614756 -1.5436121791553248 3.740128843646793e-05 -0.13779195993024165 0.18736369859400337 -0.015233819916450782 0.23307477135350518 2.6543942018518827
26.93399999998258 4.374302831075475 -1.5359451451333528 3.7527440863271204e-05 -0.13747210899724213 0.18741598417637334 -0.015034799059755544 0.2329149567110611 2.6537078216488585
26.934499999982577 4.373412592295345 -1.5282090340081114 3.765542330006482e-05 -0.13714893102252124 0.18746711901745824 -0.014833854038498911 0.23275264384956323 2.6529876386625553
26.934999999982576 4.3724818559438825 -1.5204042812996121 3.7785218518926646e-05 -0.1368224490685156 0.1875171106491626 -0.014630994773487829 0.23258786589884406 2.652233877357923
26.935499999982575 4.371511029914053 -1.5125319305325358 3.791683493323551e-05 -0.1364927041138754 0.18756596788853402 -0.01442625489849494 0.23242066908232767 2.6514469270465906
26.935999999982574 4.37049980648335 -1.5045915716578713 3.805024380463633e-05 -0.13615968502529127 0.18761367817426042 -0.01421961396737395 0.2322510484059063 2.65062654489483
26.936499999982573 4.369448611723417 -1.4965841011361785 3.8185445836246794e-05 -0.13582342935683445 0.18766025237794634 -0.014011099756167333 0.23207904946630314 2.6497731057958998
26.93699999998257 4.368357467329482 -1.4885098237933394 3.832242755871623e-05 -0.13548395194638155 0.18770568716966246 -0.013800717800954428 0.23190469172197917 2.648886650269636
26.93749999998257 4.367226647196356 -1.480369257389472 3.846118143535493e-05 -0.13514127683861268 0.18774998963096023 -0.013588482232407464 0.2317280090135344 2.647967410161468
26.93799999998257 4.366056307519635 -1.4721628746597815 3.8601694908450964e-05 -0.13479542618070653 0.18779316125787068 -0.013374404416826465 0.2315490294256656 2.647015534779719
26.938499999982568 4.364846632667699 -1.4638911664488496 3.8743966115650464e-05 -0.13444642085797226 0.1878352054032472 -0.01315849842131896 0.23136778200757105 2.6460311844687783
26.938999999982567 4.363597771597478 -1.4555546189660364 3.8887990258380005e-05 -0.1340942819173556 0.1878761235291133 -0.01294077732002677 0.23118429434739807 2.6450145017207616
26.939499999982566 4.36230925243962 -1.4471527181253638 3.903372903082322e-05 -0.13373899461649616 0.18791589557653263 -0.012721215080881693 0.23099855368485656 2.6439651527711083
26.939999999982565 4.360982342455769 -1.4386873408298646 3.918120824698589e-05 -0.133380635858446 0.1879545644360597 -0.012499877272397635 0.23081065669976614 2.6428840717101956
26.940499999982563 4.359617033287943 -1.4301584766571251 3.933039837080826e-05 -0.13301921204528327 0.18799212787667507 -0.012276757004800335 0.230620618504294 2.6417712494035177
26.940999999982562 4.35821345636051 -1.4215666554715012 3.9481302169243725e-05 -0.132654744081448 0.1880285864843878 -0.012051869981052659 0.2304284661943302 2.64062680631505
26.94149999998256 4.356771737173911 -1.4129123467108222 3.9633911028600085e-05 -0.1322872528361664 0.18806394056452982 -0.011825228103596748 0.2302342264375584 2.6394508641443286
26.94199999998256 4.355292115542191 -1.4041962409141555 3.9788230854077465e-05 -0.13191676537015043 0.188098194506467 -0.011596853184895586 0.23003793331993755 2.6382436339172406
26.94249999998256 4.353774870768431 -1.395418489087969 3.99442305142559e-05 -0.13154329759921407 0.18813135825591087 -0.011366743866110427 0.2298396179265164 2.6370052625040157
26.942999999982558 4.352220253463713 -1.3865796877122618 4.0101905119215466e-05 -0.13116687584379064 0.18816343701025537 -0.011134916772713872 0.22963931439905494 2.6357359442309227
26.943499999982556 4.350628526788152 -1.377680321244181 4.0261245632119767e-05 -0.1307875229536613 0.18819443771144395 -0.010901385027585964 0.22943705616443197 2.634435868409134
26.943999999982555 4.348999818176705 -1.3687211988129544 4.0422270248037334e-05 -0.13040526648402162 0.18822435870035534 -0.01066617583592366 0.22923287295213915 2.6331051879355267
26.944499999982554 4.347334507687225 -1.3597022783034136 4.058493364915463e-05 -0.1300201197357234 0.18825321604240658 -0.010429279454039537 0.2290267992098988 2.6317440730310153
26.944999999982553 4.345632806321328 -1.3506242027512179 4.074923786134415e-05 -0.12963210830076885 0.18828101311967352 -0.010190715783231719 0.2288188674302177 2.6303526882541775
26.94549999998255 4.343894987755957 -1.341487476340575 4.0915172704336526e-05 -0.12924125670087644 0.18830775691774687 -0.009950497582391896 0.2286091121349984 2.6289312250466916
26.94599999998255 4.342121795473802 -1.3322924904069313 4.108270600366076e-05 -0.12884759484702032 0.18833347747840723 -0.009708632574817466 0.22839758970585575 2.6274800950761046
26.94649999998255 4.340312799745506 -1.3230397943303664 4.1251865012690744e-05 -0.12845113265723263 0.1883581493242776 -0.009465139791433708 0.22818430000564066 2.6259991147094492
26.94699999998255 4.33846850495468 -1.3137298643380015 4.142262751759686e-05 -0.12805189853008292 0.1883817903940582 -0.009220030131316422 0.22796928877559783 2.624488575636665
26.947499999982547 4.336589178159324 -1.304363166633843 4.15949872482235e-05 -0.12764991437249942 0.18840440818295562 -0.008973316462115525 0.2277525896019746 2.622948644027234
26.947999999982546 4.334675085240026 -1.2949404478010276 4.1768941288658194e-05 -0.12724521154719604 0.18842600716866917 -0.00872502054853546 0.2275342392317921 2.62137951714696
26.948499999982545 4.3327266154502215 -1.2854617635125118 4.1944463285506316e-05 -0.12683780248722754 0.1884466041796729 -0.008475139995453183 0.22731427312111702 2.6197813857259717
26.948999999982544 4.330744039883071 -1.2759277481602438 4.212154962580514e-05 -0.12642771482699955 0.1884662051526209 -0.008223692997501439 0.22709272706875505 2.6181544294943344
26.949499999982542 4.328727674200071 -1.2663388526689459 4.230019218949906e-05 -0.12601497103470488 0.18848481994714678 -0.007970691563988027 0.226869637015168 2.616498820374887
26.94999999998254 4.326677753097584 -1.2566955933163566 4.2480385458689896e-05 -0.1255995939382533 0.18850245407531968 -0.007716150596048124 0.22664503561713636 2.614814719490802
26.95049999998254 4.324594652562007 -1.2469984128758544 4.2662111712116424e-05 -0.1251816082851705 0.18851911993532666 -0.007460080453761256 0.22641896217947058 2.613102332600036
26.95099999998254 4.322478748339698 -1.2372477930834977 4.284536265009428e-05 -0.12476103845269682 0.1885348298900604 -0.007202494158608696 0.2261914558942802 2.6113618616862437
26.951499999982538 4.320330326803203 -1.2274442175551583 4.303013020418573e-05 -0.12433790738923495 0.18854959217714323 -0.006943405139385277 0.22596255176252247 2.6095934816347808
26.951999999982537 4.318149792004745 -1.2175881419510755 4.321639781460664e-05 -0.123912240220151 0.18856342046939067 -0.00668282466497294 0.22573229047036092 2.6077973940963988
26.952499999982535 4.315937401672704 -1.2076800507780217 4.340416226099805e-05 -0.1234840591488374 0.1885763217426214 -0.006420766287907357 0.22550070559883878 2.605973761163334
26.952999999982534 4.313693912204998 -1.197720348299254 4.359338868187928e-05 -0.12305339509770982 0.18858832645503207 -0.006157237919631502 0.22526785500595012 2.6041229695892936
26.953499999982533 4.31141902711618 -1.1877096563924625 4.378410724594487e-05 -0.12262026152631467 0.18859941509674416 -0.005892261925229287 0.22503374560765618 2.6022448861492524
26.953999999982532 4.3091133899665195 -1.177648340243333 4.3976287941043385e-05 -0.12218468593295544 0.18860961324842312 -0.005625845174151894 0.2247984293098558 2.600339836572126
26.95449999998253 4.306777342858992 -1.1675368885905522 4.416992162660747e-05 -0.12174669261608892 0.1886189316371083 -0.005358000857633493 0.22456194403342472 2.59840800744157
26.95499999998253 4.304411245264716 -1.157375784160493 4.436499835065759e-05 -0.12130630550570742 0.18862738202555585 -0.005088742604637141 0.22432432838761662 2.596449582263163
26.95549999998253 4.302015413319353 -1.1471655459831849 4.456150770021753e-05 -0.12086355021253561 0.18863497336769094 -0.00481808391820673 0.22408561952979147 2.59446475533722
26.955999999982527 4.299590535405268 -1.1369065151433053 4.47594303511426e-05 -0.12041845105232274 0.18864173468188655 -0.0045460337828430964 0.22384587072534234 2.5924537585205067
26.956499999982526 4.297136604767293 -1.1265992794405209 4.495877057346196e-05 -0.1199710295483572 0.1886476591049347 -0.004272609234104105 0.22360510371262055 2.590416724596409
26.956999999982525 4.294654161006481 -1.1162442625650584 4.5159509564435e-05 -0.11952131141924613 0.18865276740358305 -0.003997821023021734 0.22336336562950276 2.588353865160286
26.957499999982524 4.292143612386591 -1.1058419335238348 4.5361635249326464e-05 -0.11906932141414266 0.18865707365217976 -0.0037216818040811473 0.22312069750805105 2.586265385917497
26.957999999982523 4.289605365110342 -1.095392759269347 4.556513859924352e-05 -0.11861508366962628 0.18866059200607638 -0.0034442045337304923 0.22287714013533516 2.5841515034900766
26.95849999998252 4.287039613725163 -1.0848972634417413 4.5770021462049196e-05 -0.11815861943399221 0.18866332642719771 -0.003165405490853658 0.22263272418277572 2.582012296983436
26.95899999998252 4.284447055145621 -1.0743558485357945 4.5976249950655586e-05 -0.11769995900699623 0.1886653044699778 -0.0028852921287679566 0.22238750498098211 2.579848105855502
26.95949999998252 4.281827982374769 -1.0637690277586327 4.6183827302487165e-05 -0.11723912422125352 0.18866653505934633 -0.002603880894079319 0.22214151772052115 2.5776590819020084
26.959999999982518 4.279182865575821 -1.0531372210031573 4.639273548178164e-05 -0.11677613980124275 0.1886670355658522 -0.0023211823398939673 0.2218948062112788 2.5754454410949164
26.960499999982517 4.276512112720442 -1.0424608991598914 4.6602964539771565e-05 -0.11631103032162092 0.18866682014312275 -0.0020372093256679664 0.22164741148777495 2.5732073760513967
26.960999999982516 4.2738161579705105 -1.0317405615194062 4.6814504537599805e-05 -0.11584382131530402 0.1886659040044754 -0.001751976133391426 0.22139937599534915 2.570945096447529
26.961499999982514 4.271095446517149 -1.020976649602965 4.7027342480904986e-05 -0.11537453712600249 0.18866430333024176 -0.0014654946143940585 0.22115074235143234 2.568658805805515
26.961999999982513 4.268349880946046 -1.0101697561216707 4.724150429562889e-05 -0.11490319303586771 0.18866200855549015 -0.0011777867544599007 0.22090152653087006 2.566348454598626
26.962499999982512 4.265580704047211 -0.9993201310905088 4.745691913129045e-05 -0.11442982784519933 0.1886590733437268 -0.000888850469281016 0.22065181057664673 2.5640146360134124
26.96299999998251 4.262787907048267 -0.9884282788461005 4.76736009031045e-05 -0.11395445713268561 0.18865549268642312 -0.0005987031672055145 0.22040161448284482 2.5616573348983787
26.96349999998251 4.259971944725991 -0.9774948210113579 4.789155899310806e-05 -0.11347710739494146 0.1886512826416949 -0.0003073662446428328 0.2201509818717329 2.5592767647971106
26.96399999998251 4.25713360933416 -0.9665201111281467 4.811073896078133e-05 -0.11299781236925983 0.18864647477782343 -1.4842389556934607e-05 0.21989997332113287 2.5568732928236972
26.964499999982507 4.254273238549967 -0.9555046203404396 4.833115358825281e-05 -0.11251659053415183 0.18864108137293378 0.00027885066334485016 0.21964862504616836 2.554447069179283
26.964999999982506 4.251391336542165 -0.9444487818155994 4.855278275186543e-05 -0.1120334683229027 0.1886351211126529 0.0005737026924762445 0.21939698283345516 2.551998331830114
26.965499999982505 4.248488344121105 -0.9333530821529058 4.8775616360907726e-05 -0.11154847064628122 0.18862860976898502 0.0008696993556727398 0.21914508916212008 2.5495272776640356
26.965999999982504 4.245564743234643 -0.9222179869054836 4.899964302149912e-05 -0.11106162287445201 0.18862156516064235 0.0011668276704297448 0.2188929884806042 2.547034121235372
26.966499999982503 4.242621050014437 -0.9110439341623332 4.9224849726352495e-05 -0.11057294995035871 0.18861400701243142 0.0014650754251792138 0.21864072664536113 2.544519094349254
26.9669999999825 4.23965771613431 -0.899831417851637 4.9451224877908014e-05 -0.11008247762049235 0.18860595144498565 0.0017644284505574882 0.2183883467753983 2.5419824154069697
26.9674999999825 4.236675264664745 -0.8885808939621487 4.967875693358096e-05 -0.1095902312639358 0.18859741842398933 0.0020648737098650136 0.21813589509320547 2.5394243053440477
26.9679999999825 4.233674181357807 -0.8772928030899911 4.9907431491629626e-05 -0.10909623597605178 0.18858842605581458 0.0023663994220020036 0.21788341605679004 2.5368449951103713
26.968499999982498 4.2306549808045455 -0.8659676179856951 5.0137237490598244e-05 -0.10860051714341959 0.18857899386266347 0.002668991430166117 0.21763095543908026 2.534244713150006
26.968999999982497 4.227618164526671 -0.8546057951642749 5.036816218336131e-05 -0.10810310038864765 0.18856914061049673 0.002972637249997926 0.21737855845607082 2.5316236826556997
26.969499999982496 4.224564247396877 -0.843207789685458 5.060019377819229e-05 -0.10760401071227996 0.18855888598061463 0.00327732349817301 0.21712627075720378 2.52898214716513
26.969999999982495 4.221493759738406 -0.8317740775903628 5.083331890879517e-05 -0.10710327459650978 0.18854824996789782 0.00358303671831333 0.21687413895477956 2.526320337426595
26.970499999982493 4.218407208783278 -0.820305089020755 5.10675226480803e-05 -0.10660091702999797 0.18853725186414125 0.0038897653022420984 0.21662220829413054 2.5236384848615794
26.970999999982492 4.215305111315249 -0.8088013249842317 5.130279587360155e-05 -0.10609696403727405 0.18852591111163935 0.004197493833377671 0.21637052454731817 2.5209368190339356
26.97149999998249 4.2121880089475985 -0.797263212810358 5.1539125309111404e-05 -0.10559144067638634 0.1885142487595451 0.0045062105104282 0.21611913442047365 2.5182155985628887
26.97199999998249 4.2090564128028625 -0.7856912350243717 5.177649815924527e-05 -0.1050843728910086 0.1885022840040257 0.004815901013968376 0.2158680833361135 2.515475043377655
26.97249999998249 4.205910734156772 -0.7740858660214661 5.201491339616132e-05 -0.10457578325844857 0.1884900317942893 0.005126550110618406 0.21561741127739867 2.512715352406545
26.972999999982488 4.2027517243619155 -0.7624475264955489 5.225433852644737e-05 -0.1040657026076312 0.18847752244586477 0.0054381485125407055 0.21536717573900588 2.5099368688206507
26.973499999982486 4.1995798620894655 -0.7507766902663597 5.2494767231730515e-05 -0.1035541553081718 0.18846477392693411 0.005750681642926133 0.21511742010417853 2.507139804188614
26.973999999982485 4.196395623567834 -0.7390737045421947 5.2736184541156544e-05 -0.10304116299056203 0.18845180491784164 0.00606414047376629 0.21486818714487585 2.504324360686414
26.974499999982484 4.193199657264223 -0.7273391924078867 5.2978579714364e-05 -0.10252675754921389 0.1884386399659368 0.006378505167475201 0.2146195293395705 2.5014908722705327
26.974999999982483 4.189992436221236 -0.7155735475239817 5.322194087336183e-05 -0.10201096151105003 0.18842529731269358 0.006693764552825186 0.21437148928827865 2.498639557198401
26.975499999982482 4.186774568818693 -0.7037772990260307 5.34662497928167e-05 -0.10149380521577057 0.18841179992264065 0.007009904189126495 0.21412411728716288 2.4957706750806485
26.97599999998248 4.183546582431203 -0.6919507960340477 5.371150160522593e-05 -0.10097530833378399 0.18839816973072573 0.007326912101408688 0.21387745765258165 2.492884494207929
26.97649999998248 4.18030890060536 -0.6800945909131061 5.395768562289754e-05 -0.10045549771674447 0.18838442105580927 0.0076447716132166015 0.2136315511600979 2.489981211916585
26.97699999998248 4.177062209073671 -0.6682090612313135 5.420479008681497e-05 -0.09993439862161765 0.18837058251043107 0.007963472227229578 0.2133864505377447 2.487061114003725
26.977499999982477 4.173807164878535 -0.6562947454647089 5.4452784502570544e-05 -0.09941204338208433 0.18835667890069618 0.008282999563673895 0.21314220824996913 2.4841245777166865
26.977999999982476 4.1705442922019405 -0.6443520641456769 5.4701663513463875e-05 -0.09888845505616842 0.1883427310259581 0.008603340554148105 0.2128988688142868 2.4811718359984707
26.978499999982475 4.1672741471834165 -0.6323814802909166 5.495141038001296e-05 -0.09836366003291527 0.18832876027654077 0.008924481735758815 0.21265647870831866 2.478203149531317
26.978999999982474 4.163997302682107 -0.6203834703160784 5.520201511519527e-05 -0.09783768436279644 0.18831478906418056 0.009246408393895036 0.21241508498679582 2.4752187947826862
26.979499999982473 4.160714355710857 -0.6083584897120061 5.545346271766334e-05 -0.0973105546456409 0.18830084084645768 0.009569107309549836 0.2121747358278712 2.4722190723854625
26.97999999998247 4.1574258604111085 -0.5963070072271214 5.570573813363685e-05 -0.09678229709308522 0.18828693703651989 0.009892564454653564 0.21193547725828749 2.4692042566237884
26.98049999998247 4.154132403767128 -0.5842294863593218 5.595883162573807e-05 -0.09625293752607575 0.18827310077698123 0.010216765602865113 0.2116973565209586 2.4661746267185323
26.98099999998247 4.15083457201837 -0.5721264071393345 5.6212726431372896e-05 -0.09572250349813341 0.1882593547446985 0.010541696872271631 0.21146042111418217 2.4631304856130916
26.981499999982468 4.147532954746698 -0.559998204710265 5.646740760443157e-05 -0.09519102041410536 0.18824572237943615 0.010867345166945677 0.21122471813831806 2.460072131439976
26.981999999982467 4.144228126758223 -0.5478453869818235 5.672286090954186e-05 -0.09465851630926624 0.1882322255829006 0.011193695507323092 0.2109902942717372 2.456999848543105
26.982499999982466 4.140920689581748 -0.5356683521182568 5.697907246128907e-05 -0.09412501527628513 0.18821888881805626 0.01152073579317165 0.2107571967024633 2.4539139533583714
26.982999999982464 4.13761120842349 -0.5234676234708885 5.723602927654275e-05 -0.09359054527694494 0.18820573350736225 0.011848450034054547 0.21052547128195587 2.4508147369117927
26.983499999982463 4.134300288320427 -0.5112436335918524 5.7493714481070905e-05 -0.0930551323047779 0.18819278372431372 0.012176825629682971 0.21029516536663828 2.447702496405807
26.983999999982462 4.130988505190795 -0.49899687953119437 5.7752116665578604e-05 -0.09251880314161376 0.1881800617986279 0.012505847016856753 0.210066324771252 2.4445775567688903
26.98449999998246 4.127676481249766 -0.4867278157434656 5.80112189082953e-05 -0.09198158484027372 0.18816759238320147 0.01283550094710506 0.20983899746611034 2.441440230042675
26.98499999998246 4.124364782405501 -0.4744369020474114 5.827100777912243e-05 -0.09144350291805356 0.18815539766384576 0.01316577308080522 0.2096132282962582 2.4382908394939258
26.98549999998246 4.12105404395627 -0.4621246204937546 5.8531466358417066e-05 -0.09090458580156148 0.18814350256690357 0.01349664959811108 0.20938906568460086 2.4351296963671256
26.985999999982457 4.117744808131575 -0.4497914488706767 5.879258293536475e-05 -0.0903648587060938 0.18813192811702578 0.013828114952293307 0.20916655284518096 2.4319571247730143
26.986499999982456 4.1144375915993745 -0.43743777928116456 5.905434322074419e-05 -0.08982434476800709 0.18812069462455433 0.014160157778518716 0.2089457315365384 2.428773382882699
26.986999999982455 4.111133247718736 -0.4250641454246167 5.931672311959083e-05 -0.0892830774199018 0.1881098369701779 0.014492762221726728 0.20872666057629197 2.425578906819341
26.987499999982454 4.107832233594102 -0.4126711561738819 5.957971517489271e-05 -0.0887410851716374 0.1880993705753402 0.014825908744324996 0.2085093786340893 2.422374066461865
26.987999999982453 4.104535141412129 -0.40025905797609207 5.984329983800718e-05 -0.0881983876171536 0.1880893209539607 0.015159590903150161 0.208293930376136 2.419159069025719
26.98849999998245 4.101242550345921 -0.3878284240612759 6.010746336430366e-05 -0.08765501499400777 0.18807970942324997 0.015493791330565464 0.2080803602460573 2.4159343171561054
26.98899999998245 4.097955043000897 -0.37537971847061674 6.037219321143962e-05 -0.08711099260244541 0.18807055911066387 0.015828494868481518 0.20786871213865388 2.412700131921369
26.98949999998245 4.094673268034131 -0.3629134386261442 6.0637469481348257e-05 -0.08656634998419063 0.18806189528206263 0.016163687421927933 0.20765903350863565 2.409456886582701
26.989999999982448 4.0913978236653445 -0.3504300287078309 6.0903273700476836e-05 -0.08602111317873196 0.18805374164942887 0.016499355514703818 0.2074513687427946 2.4062049362066196
26.990499999982447 4.088129262308071 -0.33792999024778586 6.116959641769026e-05 -0.08547530824467497 0.1880461194571315 0.01683548288543412 0.20724575953778576 2.402944602936067
26.990999999982446 4.084868211150239 -0.3254138016797957 6.143641781716338e-05 -0.08492896340528916 0.18803905326794843 0.017172055575729657 0.2070422514167078 2.3996762573234736
26.991499999982445 4.081615247106532 -0.31288194831224425 6.170372350105354e-05 -0.08438210506558667 0.18803256552557562 0.017509058158023744 0.20684088684544613 2.3964002560120634
26.991999999982443 4.0783709676173165 -0.300334903653764 6.197149674882365e-05 -0.08383476031607329 0.18802667954322175 0.01784647641950584 0.206641709192251 2.3931169688997893
26.992499999982442 4.075135949371461 -0.2877731502682967 6.223972007073882e-05 -0.0832869562202514 0.18802141758368665 0.0181842957216057 0.20644476054747418 2.3898267340282704
26.99299999998244 4.071910827258554 -0.275197181708709 6.25083757989686e-05 -0.08273872105017882 0.18801680454348604 0.018522501085245557 0.20625008557141417 2.386529971788521
26.99349999998244 4.068696198436605 -0.26260747430513637 6.277744749058429e-05 -0.08219008171421686 0.18801286378051643 0.018861077862341827 0.20605772671091466 2.3832270171084486
26.99399999998244 4.06549262184494 -0.25000452085788666 6.304691785655933e-05 -0.08164106513552156 0.18800961663041912 0.019200010807164474 0.20586772422352873 2.379918262578303
26.994499999982438 4.0623007977365635 -0.23738878158816187 6.331676663646667e-05 -0.08109169985103955 0.1880070913342872 0.01953928640657196 0.20568012517010034 2.376604123271734
26.994999999982436 4.059121194689963 -0.22476077326171737 6.358698011453041e-05 -0.08054201183116048 0.1880053048092024 0.01987888830086229 0.20549496467380912 2.3732849246282957
26.995499999982435 4.055954429746858 -0.21212097731445248 6.385754047791306e-05 -0.07999202839974572 0.1880042812746939 0.020218801533489632 0.20531228487494504 2.3699610817042256
26.995999999982434 4.052801099984574 -0.19946988358369985 6.412842981094788e-05 -0.07944177734104674 0.18800404382536678 0.020559011426116342 0.20513212676861237 2.3666329681986915
26.996499999982433 4.049661785529564 -0.18680800885339366 6.439963019311924e-05 -0.07889128678986816 0.1880046145190925 0.020899502040358422 0.20495453007281578 2.3633009852648517
26.99699999998243 4.046537086410834 -0.17413581887102947 6.467112372594831e-05 -0.07834058346742218 0.18800601686563576 0.0212402591458746 0.20477953512077757 2.359965534793969
26.99749999998243 4.043427575766325 -0.16145381111602133 6.494289075818763e-05 -0.07778969495952794 0.18800827276186025 0.021581267581695356 0.20460718066389355 2.3566270024845473
26.99799999998243 4.040333813874862 -0.14876235765552862 6.521490953007654e-05 -0.0772386452153062 0.18801140451863466 0.02192251714569183 0.20443750463593705 2.3532857710934034
26.998499999982428 4.037256382207558 -0.13606213712860227 6.548717201838487e-05 -0.07668746564761768 0.18801543318669273 0.02226398442368744 0.20427054488166535 2.3499422540504913
26.998999999982427 4.034195855746683 -0.12335358675799143 6.575965600508472e-05 -0.07613618269030642 0.1880203811104016 0.02260565713954811 0.20410633934854444 2.3465968742486063
26.999499999982426 4.031152855240581 -0.11063722870724761 6.603233654855665e-05 -0.07558482648630645 0.18802627183353682 0.022947520262362478 0.2039449278133086 2.343250062257357
26.999999999982425 4.028127983211071 -0.09791352965716967 6.630519219239962e-05 -0.07503342425686338 0.1880331288598336 0.02328955979629699 0.20378634865965514 2.339902246046277
27.000499999982424 4.02512167124164 -0.0851830678703497 6.657821832203242e-05 -0.07448200193479687 0.18804096706613826 0.023631755956233312 0.20363063079251745 2.3365537942720147
27.000999999982422 4.022134575006964 -0.07244630796389528 6.685138861814876e-05 -0.07393058798697832 0.18804981239262908 0.02397409532556834 0.2034778145835137 2.333205146556124
27.00149999998242 4.01916723902569 -0.059703786797897715 6.712468407652985e-05 -0.07337921103978552 0.1880596848309811 0.02431656160781138 0.20332793423427045 2.3298567252693276
27.00199999998242 4.01622021551865 -0.0469559909705214 6.739808667694568e-05 -0.0728278975358318 0.1880706054522427 0.024659139515839448 0.20318102385883477 2.326508967440879
27.00249999998242 4.013294068743203 -0.034203442000690885 6.767157588885258e-05 -0.07227667600599288 0.18808259535233401 0.025001813358076254 0.2030371178876837 2.3231622893197494
27.002999999982418 4.010389333324232 -0.021446660024243402 6.794513327462276e-05 -0.07172557395950155 0.18809567431581017 0.02534456699763606 0.20289624868990783 2.3198171360469746
27.003499999982417 4.007506595111058 -0.008686182701929147 6.821874161596026e-05 -0.07117462002232398 0.18810986453491957 0.025687383485560447 0.20275845072647952 2.316473943588836
27.003999999982415 4.004646353638468 0.004077506773260773 6.84923779838622e-05 -0.07062384076405356 0.18812518425612343 0.02603024856075725 0.20262375397717217 2.31313312649274
27.004499999982414 4.001809243373138 0.01684388243979873 6.876601358148792e-05 -0.07007326717256486 0.18814165745888684 0.026373147473406088 0.2024921947909815 2.3097951922662445
27.004999999982413 3.9989957195320143 0.0296123812917814 6.903964283002984e-05 -0.06952292502221953 0.18815930032455877 0.026716061046225325 0.20236379943087227 2.306460527671766
27.005499999982412 3.996206285357699 0.04238248162498 6.931324309375551e-05 -0.06897284175677111 0.18817813102266137 0.02705897314354485 0.20223859652096476 2.3031295666927765
27.00599999998241 3.9934415187360246 0.05515366984045805 6.958679293516749e-05 -0.06842304601792273 0.1881981712587276 0.027401868586804993 0.20211661805390635 2.29980280422348
27.00649999998241 3.990701927225909 0.06792540895368179 6.986026860559042e-05 -0.06787356630952654 0.18821943911855576 0.02774473127448742 0.20199789201665183 2.2964806562972946
27.00699999998241 3.9879880458698795 0.08069714589766472 7.013365474839165e-05 -0.067324430824085 0.18824195418902573 0.028087543693761007 0.20188244701667155 2.2931636143000427
27.007499999982407 3.985300433570944 0.09346836873643855 7.040692566088014e-05 -0.06677566840535312 0.18826573714223688 0.028430291067102598 0.20177031278870458 2.289852128445436
27.007999999982406 3.9826395039874054 0.10623850005796376 7.068006772280754e-05 -0.06622730556100809 0.18829080171548152 0.02877295419678851 0.20166151071967203 2.286546634141932
27.008499999982405 3.9800057859740234 0.11900700514723586 7.095305770307349e-05 -0.06567937148385487 0.1883171668314899 0.02911551782940188 0.20155606798215636 2.2832476057740263
27.008999999982404 3.9773998274013307 0.13177336170557147 7.122587312026655e-05 -0.06513189397598637 0.1883448528965093 0.02945796543693885 0.20145401200569507 2.279955541489397
27.009499999982403 3.9748220531571365 0.14453698213849367 7.14984944926042e-05 -0.06458490196260135 0.18837387349894175 0.029800279606272524 0.20135536358171877 2.276670846876592
27.0099999999824 3.9722730137012574 0.15729734489133534 7.177090300882425e-05 -0.06403842266818592 0.18840424927394184 0.030142443448446233 0.2012601491089322 2.273394059940026
27.0104999999824 3.969753210344913 0.17005390965506673 7.204306871498379e-05 -0.06349248612304656 0.18843599749402037 0.03048444228990343 0.20116839256547775 2.2701256421655853
27.0109999999824 3.9672630359469134 0.18280604247789595 7.231498225407816e-05 -0.06294711998032605 0.18846913043546243 0.03082625492803393 0.20108011098516196 2.266866040056387
27.011499999982398 3.9648030265374166 0.19555324275988215 7.258661721672636e-05 -0.06240235204092046 0.18850366780994104 0.03116786648672765 0.20099532884963783 2.2636157625758915
27.011999999982397 3.9623736012706385 0.20829491635618264 7.285795356890679e-05 -0.061858211496422455 0.18853962282012615 0.03150925948695255 0.20091406405751608 2.2603752670580954
27.012499999982396 3.959975260089337 0.22103052853860433 7.3128969222961e-05 -0.06131472569775275 0.18857701339538946 0.03185041691750203 0.2008363379130735 2.2571450622111686
27.012999999982394 3.957608417320628 0.23375948750324813 7.339964264933546e-05 -0.0607719236180041 0.18861585252690893 0.03219132114816801 0.20076216695869187 2.2539256239670347
27.013499999982393 3.955273237362069 0.246481758983451 7.366993951002059e-05 -0.060229813626575965 0.18865614650690465 0.032531974489063045 0.2006915579402477 2.2507171330617357
27.013999999982392 3.9529707381173145 0.25919604915253425 7.393984999499688e-05 -0.059688453806109654 0.18869793094227086 0.03287233299194592 0.20062455217642602 2.2475205094434685
27.01449999998239 3.9507010846034647 0.2719018900425437 7.420935593507123e-05 -0.059147865560478505 0.18874120800000363 0.03321238310287458 0.20056115274158448 2.2443362045986204
27.01499999998239 3.948464746346322 0.28459872444486467 7.44784326780557e-05 -0.05860807733651932 0.1887859937003489 0.03355210817255602 0.20050137682653082 2.2411646669610077
27.01549999998239 3.946262212927134 0.29728594030471034 7.474705482575693e-05 -0.058069120550759835 0.1888323042263305 0.0338914905128747 0.20044524192444277 2.2380064427835915
27.015999999982387 3.9440936961693964 0.3099630772687705 7.501520385406007e-05 -0.0575310158619476 0.18888014443931425 0.03423051586771763 0.2003927517803325 2.2348619345105614
27.016499999982386 3.941959663411307 0.322629469203308 7.528286457082715e-05 -0.05699379409747873 0.18892952949463643 0.03456916292875287 0.20034392106147159 2.231731668643608
27.016999999982385 3.9398604933489336 0.3352845413480585 7.555000739808904e-05 -0.056457484176360095 0.18898047047967953 0.03490741539989328 0.20029876033601826 2.228616139902245
27.017499999982384 3.9377964478608414 0.3479277606529732 7.581661597828209e-05 -0.055922109984012626 0.1890329739098856 0.03524525694727271 0.20025727389425527 2.225515781467906
27.017999999982383 3.935768121169738 0.36055842459263787 7.608266248671933e-05 -0.055387707214653616 0.1890870600678623 0.035582666413331916 0.20021948093201625 2.222431254082043
27.01849999998238 3.933775805610218 0.37317595748614546 7.634812638636869e-05 -0.054854302034019135 0.18914273634028453 0.03591962625293525 0.20018538586040774 2.219363002435185
27.01899999998238 3.9318198414786627 0.38577975415739646 7.661298246929811e-05 -0.05432192343520436 0.18920001178317525 0.036256119071713104 0.20015499492792105 2.2163115294241025
27.01949999998238 3.9299005871652155 0.3983693207048921 7.687720965025022e-05 -0.053790595809487 0.1892588978086478 0.03659213005043968 0.2001283152852491 2.213277322638787
27.019999999982378 3.928018424124194 0.410943869073703 7.714079161291862e-05 -0.053260352876094604 0.18931940407309988 0.03692763389825862 0.20010535248314473 2.210260975427892
27.020499999982377 3.9261735000133684 0.42350285555071643 7.74037119821874e-05 -0.052731217897403766 0.1893815313032061 0.03726261459133797 0.200086101930827 2.2072628623097286
27.020999999982376 3.924366375777568 0.43604569941097676 7.766593299669272e-05 -0.05220322287260491 0.18944529918551223 0.0375970557594079 0.20007057870549363 2.2042836141522786
27.021499999982375 3.922597306427593 0.4485717161316549 7.79274357215323e-05 -0.051676397218744924 0.18951071208169668 0.03793093656580105 0.20005878129184948 2.201323762523788
27.021999999982373 3.9208665997802656 0.46108028898432707 7.818819797680875e-05 -0.05115076906165782 0.189577777588202 0.038264238525796045 0.20005071077314335 2.198383802202834
27.022499999982372 3.9191745848407162 0.473570817168122 7.844819170785759e-05 -0.05062636739491806 0.18964650409179987 0.03859694462822405 0.20004636893600564 2.1954642836063805
27.02299999998237 3.9175214811260366 0.48604261424342643 7.870740489921574e-05 -0.05010321996370022 0.18971689466159067 0.038929033083414326 0.20004575073611933 2.1925656902030766
27.02349999998237 3.915907643314615 0.49849508994429115 7.896580757600859e-05 -0.04958135543197148 0.18978895911948016 0.03926048663552342 0.20004885808468217 2.189688592899793
27.02399999998237 3.9143332908404487 0.5109275767688517 7.922338088104147e-05 -0.04906080227131007 0.18986270027362984 0.03959128538512589 0.20005568513077868 2.1868334844827544
27.024499999982368 3.912798725296133 0.5233394349848026 7.94801026784991e-05 -0.048541589211988936 0.18993812517337197 0.03992141004219046 0.20006622967746882 2.184000908202967
27.024999999982366 3.911304177918618 0.5357300213497361 7.973595069965777e-05 -0.0480237442359661 0.1900152373674906 0.040250841418663634 0.20008048549815072 2.181191380026346
27.025499999982365 3.909849909263838 0.548098799900782 7.999089741062338e-05 -0.04750729326226234 0.1900940426850433 0.04057956499912087 0.2000984484521745 2.1784053559314955
27.025999999982364 3.9084362025025863 0.5604450858700325 8.024491857958302e-05 -0.0469922662565509 0.1901745467724235 0.04090755980477027 0.2001201133749532 2.1756434387838928
27.026499999982363 3.9070632100505542 0.5727681015441769 8.049799723304972e-05 -0.046478694671758455 0.19025674793257666 0.04123480276591536 0.20014546747656942 2.172906180885886
27.026999999982362 3.905731160606302 0.5850672388461622 8.075010737762675e-05 -0.04596660511294859 0.19034064999337372 0.041561275466819966 0.200174502482056 2.1701940723757747
27.02749999998236 3.904439808030803 0.5973419247547439 8.100124905430011e-05 -0.04545601519964886 0.19042623469786635 0.041886961174836174 0.20020718692269718 2.1675073863535332
27.02799999998236 3.9031900703525912 0.6095913893446092 8.12513615123785e-05 -0.044946969886262386 0.19051353639059052 0.04221183782568419 0.20024354397240202 2.1648471001682
27.02849999998236 3.9019818484025173 0.6218149741443024 8.150043434464103e-05 -0.04443949292633215 0.19060254254208092 0.04253588636530575 0.20028354746193583 2.162213563348438
27.028999999982357 3.900815316195953 0.6340120266064975 8.174845205712371e-05 -0.04393361042309968 0.19069325427503436 0.042859086287497496 0.20032718394718865 2.1596072949963374
27.029499999982356 3.899690754708052 0.6461818103282544 8.199538290796119e-05 -0.04342935606051294 0.19078567597562904 0.04318141708347809 0.2003744442453823 2.1570288952095362
27.029999999982355 3.8986080710346727 0.6583237368714323 8.224121333520255e-05 -0.04292675045748451 0.1908797964693332 0.043502861099664815 0.20042530161850808 2.154478765363358
27.030499999982354 3.8975675392609626 0.6704371131459962 8.248591606626955e-05 -0.04242582459642398 0.19097562057754702 0.04382339819332221 0.20047974580210393 2.151957485990939
27.030999999982352 3.896569305354385 0.6825212796597374 8.272946905481924e-05 -0.0419266058621148 0.19107314755985996 0.04414300891089582 0.2005377601182794 2.1494655743699544
27.03149999998235 3.895613394267427 0.694575525064993 8.297185087219923e-05 -0.041429122033882694 0.19117237015941796 0.04446167274747635 0.20059932105660663 2.1470035257858737
27.03199999998235 3.8947000331896184 0.7065991981550444 8.321303328477061e-05 -0.04093340265791105 0.19127329119932726 0.04477937172537076 0.20066441515997863 2.144571900342829
27.03249999998235 3.893829208234888 0.7185915942369798 8.345299991605669e-05 -0.04043947370190693 0.1913759019945413 0.0450960846077251 0.2007330160797137 2.1421711660355673
27.032999999982348 3.8930011197636585 0.7305520373844994 8.369172314967547e-05 -0.03994736469895539 0.1914802039352115 0.045411792074376504 0.20080510776588312 2.139801893602642
27.033499999982347 3.8922157531644657 0.7424798287580616 8.3929185348666e-05 -0.03945710185602829 0.19158618816285558 0.045726473643085 0.20088066301533816 2.1374645382941244
27.033999999982345 3.8914731854540174 0.7543742830520941 8.416536456029629e-05 -0.038968712473957834 0.1916938503325855 0.04604010914970505 0.20095965878187205 2.1351596250125593
27.034499999982344 3.890773531850704 0.7662347418719683 8.440023262583027e-05 -0.038482225007955784 0.19180318770169325 0.046352680834508185 0.2010420738916103 2.1328876739502287
27.034999999982343 3.8901167706469684 0.778060481459621 8.463377225408621e-05 -0.03799766631925156 0.19191419085292127 0.0466641673303568 0.2011278792437195 2.1306491777633765
27.035499999982342 3.889503069306985 0.7898507293942908 8.486595864565775e-05 -0.03751506823181289 0.19202685875341052 0.04697454577864339 0.20121705389516495 2.1284446965519868
27.03599999998234 3.888932388484943 0.8016047705063953 8.50967720450556e-05 -0.037034457487138545 0.192141181090747 0.04728379545199339 0.2013095671463725 2.126274712648894
27.03649999998234 3.888404524789295 0.813322046918693 8.532619365798416e-05 -0.03655585407387046 0.19225714101339483 0.04759190215172675 0.20140538197410224 2.1241395667289433
27.03699999998234 3.8879196091481067 0.8250020011701119 8.555419115451106e-05 -0.03607928190330695 0.19237473806576819 0.047898849831327264 0.20150447698176646 2.122039648628516
27.037499999982337 3.88747770763484 0.836643681730973 8.578074850975955e-05 -0.03560477876365435 0.19249396397879073 0.0482046114702862 0.20160682281628767 2.1199757698347645
27.037999999982336 3.887078664805117 0.8482466425715389 8.600584602408017e-05 -0.035132359397305864 0.1926148060842245 0.04850917419071266 0.20171238479664497 2.1179481247477527
27.038499999982335 3.886722574433892 0.8598099666239312 8.622946303408262e-05 -0.03466206039645038 0.1927372579970021 0.048812511620939046 0.20182113452727002 2.1159573831739573
27.038999999982334 3.8864093078958284 0.871333010920746 8.645157567019812e-05 -0.0341939051105693 0.19286130572476412 0.04911460579842906 0.20193303567100315 2.1140039211541506
27.039499999982333 3.886138667834272 0.8828150811059485 8.6672171527348e-05 -0.03372791672161212 0.19298693176231352 0.04941543662732849 0.20204804768787393 2.112088148466062
27.03999999998233 3.8859108400160354 0.8942554806450294 8.689121797485486e-05 -0.033264126554277074 0.19311413618835888 0.0497149855417599 0.20216614825091855 2.1102106316412486
27.04049999998233 3.885725804241918 0.9056534302841862 8.710869597125019e-05 -0.03280256352443513 0.1932429089890268 0.05001322952305186 0.2022873035453322 2.1083718793558885
27.04099999998233 3.885583251507105 0.9170083738284658 8.732458839347968e-05 -0.03234324566794571 0.19337322838342447 0.05031015412011259 0.20241146855688444 2.10657216593405
27.041499999982328 3.8854832134183637 0.9283195709806963 8.753886765820674e-05 -0.031886203000873324 0.19350508676959144 0.05060573904107917 0.20253861205067497 2.1048120247067255
27.041999999982327 3.8854254938649904 0.9395863010215557 8.775151992674205e-05 -0.031431459842702306 0.19363846631332748 0.05089996355679571 0.2026686916968287 2.1030918260340563
27.042499999982326 3.8854100060824113 0.9508078961055179 8.796252446865179e-05 -0.030979040955097126 0.1937733548088936 0.05119280892493638 0.20280167084621367 2.101412014851539
27.042999999982325 3.885436616519697 0.9619836456283848 8.817185953378294e-05 -0.03052897270931362 0.1939097370854201 0.051484256011137604 0.20293750990943768 2.099772984905681
27.043499999982323 3.8855049667476256 0.9731132451104509 8.837949643513767e-05 -0.030081265798200252 0.1940475910583107 0.05177430010864094 0.2030761637890941 2.0981749777468126
27.043999999982322 3.885615191258531 0.9841954612901122 8.85854302634536e-05 -0.029635964368272177 0.19418691009499306 0.05206290151004723 0.20321759803206832 2.0966186215416727
27.04449999998232 3.8857670935987034 0.9952297875803385 8.878963460648908e-05 -0.029193087878071594 0.19432767789941194 0.05235004854285121 0.20336177212070436 2.09510425293099
27.04499999998232 3.8859605428646384 1.006215431185233 8.89920883612665e-05 -0.02875266444672893 0.1944698788326052 0.05263571830082628 0.2035086443544801 2.0936323391106195
27.04549999998232 3.886195230383094 1.0171517799544811 8.919277772940473e-05 -0.028314714384462602 0.19461349048421278 0.05291989502906272 0.2036581670815327 2.092203134137555
27.045999999982318 3.8864710176456265 1.0280381936522967 8.939168285495404e-05 -0.027879260880857702 0.1947584984289529 0.05320256125261602 0.20381030008662893 2.090816975222593
27.046499999982316 3.886787689119053 1.0388739752987917 8.95887819962488e-05 -0.027446328876828824 0.1949048836002284 0.05348369862099799 0.20396499856155556 2.0894742544153537
27.046999999982315 3.8871449680546224 1.0496584222700225 8.978406393686147e-05 -0.027015941123083472 0.19505262448546237 0.053763287372549436 0.20412221452486753 2.0881752741140915
27.047499999982314 3.8875426879683745 1.0603908888402176 8.99775090735351e-05 -0.026588120760936394 0.19520170517627614 0.05404131007686799 0.20428190586576228 2.086920350322914
27.047999999982313 3.8879801796533626 1.0710697988993598 9.016911760084063e-05 -0.02616291253578305 0.19535207633761453 0.05431771721193865 0.20444399263585208 2.085710177953735
27.04849999998231 3.8884578686054505 1.0816958202136415 9.03588384397679e-05 -0.025740308682819606 0.19550376331587418 0.05459253809141687 0.2046084802177539 2.084544558564481
27.04899999998231 3.888975235550034 1.0922678240877302 9.054667171454545e-05 -0.025320341684456963 0.19565672859959654 0.05486573833204291 0.2047753022022774 2.0834239115830795
27.04949999998231 3.8895319582351973 1.102785152696045 9.073259904966175e-05 -0.02490303359144255 0.19581094848866493 0.055137301172839846 0.20494440858611282 2.0823485264230612
27.049999999982308 3.8901278013958605 1.1132471244364648 9.091660657941932e-05 -0.024488407186154325 0.1959664035644739 0.05540720758521862 0.20511575284434067 2.0813186783931528
27.050499999982307 3.8907625592167028 1.1236530715582562 9.109867153631111e-05 -0.02407648668916855 0.19612307556955114 0.05567544046398264 0.20528929015662764 2.0803346921589045
27.050999999982306 3.8914358320979927 1.1340023404122845 9.12787805388644e-05 -0.02366729231320972 0.19628093729104354 0.05594198269539241 0.20546496659328828 2.079396768004636
27.051499999982305 3.892147307807427 1.1442943029744002 9.145692735592953e-05 -0.023260843534348666 0.19643996635838745 0.056206817016642374 0.20564273267965527 2.078505089484274
27.051999999982304 3.8928966507299734 1.154528307943814 9.163309626043193e-05 -0.02285716158479986 0.19660013860266434 0.05646992651863098 0.20582253748149174 2.0776598669543054
27.052499999982302 3.8936835723020473 1.1647037043282586 9.180726832282756e-05 -0.022456268773375754 0.1967614319682581 0.05673129458939852 0.20600433224379208 2.0768613630558876
27.0529999999823 3.894507715403673 1.1748198250291055 9.197943058280271e-05 -0.0220581863389175 0.19692382119421667 0.05699090368032956 0.20618806473846837 2.0761097651635305
27.0534999999823 3.8953684614072555 1.1848758441852607 9.214957922935286e-05 -0.021662935839969456 0.19708726711835076 0.0572487306093973 0.20637366790793374 2.0754052704580372
27.0539999999823 3.896265926805007 1.1948713402228082 9.231768326521554e-05 -0.021270539906037014 0.19725176889492207 0.057504767321070994 0.2065611155680579 2.074748071223058
27.054499999982298 3.8971997746992426 1.2048053029846924 9.2483746059483e-05 -0.0208810282379329 0.19741729969393845 0.05775898236113112 0.2067503509117049 2.074138478277142
27.054999999982297 3.8981693623625224 1.214677613256549 9.264774539205172e-05 -0.020494402095157377 0.1975838254676941 0.05801137870454085 0.20694131695456044 2.0735763216404446
27.055499999982295 3.8991743710311164 1.2244875406272397 9.280967062362639e-05 -0.020110684823413535 0.19775132228161682 0.05826193629026696 0.20713396227679728 2.073061873164538
27.055999999982294 3.9002144147376527 1.2342343716552187 9.296951431438388e-05 -0.019729898542237025 0.19791976306918216 0.05851063607657771 0.2073282326262728 2.072595192674698
27.056499999982293 3.9012891319216014 1.243917547755393 9.312726173816039e-05 -0.01935206103048199 0.1980891234108931 0.05875746432835649 0.20752407738409928 2.0721764440317263
27.056999999982292 3.9023981000599117 1.2535364197943077 9.328290551654043e-05 -0.018977191879154365 0.19825937511185615 0.05900240433898214 0.20772144171736984 2.0718056559980367
27.05749999998229 3.903540905923975 1.263090414750121 9.343643081347751e-05 -0.01860530908415762 0.19843049099614257 0.0592454424613772 0.2079202725458285 2.0714829132211596
27.05799999998229 3.9047171744791545 1.2725789231117222 9.358782976038609e-05 -0.018236431107746823 0.19860244566590277 0.059486562706834126 0.20812051793780345 2.071208312297652
27.05849999998229 3.9059264764791197 1.2820013434299273 9.373709517587715e-05 -0.017870575925993285 0.19877521112104246 0.05972575008844874 0.2083221237981447 2.0709818663324473
27.058999999982287 3.9071684000141813 1.2913571007165157 9.388421479119224e-05 -0.017507761116817434 0.19894876033707812 0.05996299039609957 0.20852503724067867 2.0708036274450436
27.059499999982286 3.908442430385872 1.3006455918547852 9.402918434527299e-05 -0.01714800331518055 0.19912306126635398 0.06019826859433669 0.20872920037104897 2.0706735365614266
27.059999999982285 3.9097481647604573 1.3098662687897014 9.417199261471792e-05 -0.01679131919324031 0.19929808761707465 0.06043157130985042 0.2089345613799928 2.070591664135282
27.060499999982284 3.9110851792899046 1.3190185179023426 9.431263338428145e-05 -0.0164377272317746 0.19947381153713997 0.06066288316674561 0.20914106665072474 2.070557950973901
27.060999999982283 3.912452999243397 1.3281018776768652 9.445109667250735e-05 -0.016087240439385576 0.19965020415002252 0.06089219409619516 0.2093486628186313 2.0705723792423556
27.06149999998228 3.9138510899633534 1.3371158434323824 9.458737524027208e-05 -0.015739872322626098 0.19982723326354782 0.06111949262628262 0.2095572931524721 2.0706348136725565
27.06199999998228 3.915279129849613 1.3460595898028158 9.47214706269386e-05 -0.015395648305896896 0.20000487423773777 0.06134475496049403 0.2097669055565611 2.0707453618902343
27.06249999998228 3.9167365904848275 1.3549327016795063 9.485337242531285e-05 -0.0150545794579273 0.2001830959856845 0.06156797293746674 0.20997744539044536 2.070903856901775
27.062999999982278 3.9182230022867124 1.36373467109823 9.49830725407587e-05 -0.01471668053728053 0.20036186939909692 0.061789135126011765 0.21018885939734697 2.071110213325607
27.063499999982277 3.9197379014640803 1.3724648934843986 9.511057079066189e-05 -0.014381968186813872 0.2005411650469861 0.06200822575632984 0.21040109303132676 2.0713643552927867
27.063999999982276 3.921280764766598 1.3811228574701793 9.523585837376349e-05 -0.014050456896752921 0.2007209511302234 0.062225233708652405 0.21061409086698224 2.0716661157638554
27.064499999982274 3.9228512399251474 1.389708103369893 9.535892521875993e-05 -0.013722160055561428 0.20090120508434375 0.06244014761547734 0.2108278063140026 2.0720152545172703
27.064999999982273 3.924448734932329 1.3982200220088135 9.547977809936604e-05 -0.013397094133520363 0.2010818908446808 0.06265295327333324 0.21104217945890583 2.0724118264598066
27.065499999982272 3.9260727031773173 1.4066581083466125 9.55984154194713e-05 -0.013075271168750444 0.20126297608367177 0.06286363816423772 0.21125715434379305 2.0728555705107414
27.06599999998227 3.9277226752402266 1.4150218773970913 9.571483028464874e-05 -0.012756705279105229 0.2014444319409861 0.06307219179494919 0.21147267924586235 2.0733463485321186
27.06649999998227 3.929398207748985 1.4233108280261928 9.582902021747386e-05 -0.01244141036764084 0.20162623091851517 0.06327860207076787 0.21168870344534926 2.073883977791155
27.06699999998227 3.9310986772670593 1.4315244603812014 9.594098770855726e-05 -0.01212939808161434 0.20180833685437663 0.06348285779872571 0.21190516830895145 2.074468173923622
27.067499999982267 3.932823622528176 1.43966231239836 9.60507273961092e-05 -0.011820681346733138 0.20199072164332676 0.06368494871518851 0.21212202344487738 2.0750987537164085
27.067999999982266 3.9345725574512813 1.4477238978821447 9.615823791950227e-05 -0.011515273194821419 0.20217335587185256 0.06388486352899289 0.2123392171252314 2.075775479614007
27.068499999982265 3.936344915666581 1.4557087526626733 9.626352057560005e-05 -0.011213184785972424 0.20235620650588554 0.0640825920069015 0.21255669460833257 2.076498061566225
27.068999999982264 3.9381404259973616 1.4636159983348853 9.636657562222082e-05 -0.010914444972190941 0.20253925046743218 0.06427810944390003 0.21277440739581957 2.0772665042141694
27.069499999982263 3.9399582464807175 1.4714457725996288 9.64674014593682e-05 -0.01061904147043023 0.20272244755568894 0.06447142616857614 0.212992299337159 2.078080187778122
27.06999999998226 3.941797763393205 1.4791976299716192 9.656600332509151e-05 -0.010326983953710088 0.20290576270184407 0.06466253253332437 0.21321031459294007 2.078938711630541
27.07049999998226 3.9436586859422116 1.486870858333278 9.666237786840028e-05 -0.010038295596416814 0.20308917364369222 0.06485140939032372 0.2134284075039454 2.0798420160591964
27.07099999998226 3.9455404759503203 1.4944651335503725 9.675652413653504e-05 -0.009752983715644193 0.20327264995528754 0.06503805144334057 0.2136465282815265 2.0807897606363395
27.071499999982258 3.9474425339162753 1.5019800207131677 9.684844731361813e-05 -0.009471057540768293 0.20345615756227609 0.06522244885435743 0.21386462263662387 2.0817815525495225
27.071999999982257 3.9493643509910865 1.5094151071748427 9.693814626445675e-05 -0.00919252810055174 0.20363966646073164 0.06540459381706061 0.21408264110266426 2.0828170459460194
27.072499999982256 3.9513053591748744 1.516769972384019 9.702562504033618e-05 -0.008917404586431364 0.20382314414922578 0.06558447698059033 0.21430053153515918 2.083895866328576
27.072999999982255 3.9532650518558605 1.5240442376130354 9.711088698966219e-05 -0.008645695970130719 0.20400656143159954 0.06576209071290062 0.21451824570624453 2.0850176469435473
27.073499999982253 3.955242911988963 1.5312374857011823 9.719393174691945e-05 -0.008377412892096765 0.20418988804251972 0.06593742648368552 0.21473573441994426 2.086182038282025
27.073999999982252 3.9572383474625097 1.5383493408219986 9.727476939379479e-05 -0.008112562258562278 0.2043730909585367 0.06611047626448012 0.21495294612138202 2.0873885538049795
27.07449999998225 3.9592508484291953 1.5453793869013377 9.735340062176891e-05 -0.007851154705938106 0.2045561403092352 0.06628123149447078 0.2151698324971503 2.088636861789927
27.07499999998225 3.961279838705129 1.552327316053475 9.742983071218348e-05 -0.007593195643293351 0.20473900433271647 0.0664496868109935 0.21538634448940477 2.0899264602070295
27.07549999998225 3.9633248716067735 1.5591927386874826 9.750405861579641e-05 -0.007338696048993992 0.2049216564015048 0.06661583475032379 0.21560243774484175 2.09125696638564
27.075999999982248 3.9653852885253422 1.5659753104803782 9.757609653505456e-05 -0.0070876608197509225 0.20510406060440503 0.06677966850540618 0.2158180593416668 2.092627879963292
27.076499999982246 3.9674606912475987 1.572674763383305 9.764594076830944e-05 -0.006840096546961076 0.20528619423656694 0.06694118337835547 0.21603316989990184 2.0940388389577267
27.076999999982245 3.9695504452088404 1.57929065901738 9.771360413994629e-05 -0.006596012787981485 0.2054680211845891 0.06710037067370737 0.21624771642437962 2.0954891924809353
27.077499999982244 3.971653904905497 1.5858227558347537 9.777909694398428e-05 -0.0063554107412139415 0.20564950742638022 0.06725722625101238 0.216461649336279 2.0969784424606863
27.077999999982243 3.97377073148719 1.5922705099100747 9.784241822600923e-05 -0.006118308215855869 0.2058306298379741 0.06741173771349589 0.21667492761386695 2.098506315882082
27.07849999998224 3.9759002368531853 1.5986338408052438 9.790357878738739e-05 -0.005884700689221135 0.20601135390864217 0.06756390661072344 0.21688750336977947 2.1000721545917207
27.07899999998224 3.978041945703381 1.6049123979088373 9.796258137940356e-05 -0.005654597272092526 0.2061916520917345 0.0677137268246254 0.21709933363119388 2.101675509761087
27.07949999998224 3.980195245493274 1.6111058540643033 9.801943577123579e-05 -0.005428003140088439 0.20637149086389728 0.06786119208481288 0.21731036986450583 2.1033157577035304
27.07999999998224 3.98235978031416 1.6172140155789072 9.807415009383132e-05 -0.005204923119836229 0.20655085031525197 0.06800630084523537 0.21752057821109635 2.104992471485394
27.080499999982237 3.9845347440867562 1.6232365909953588 9.812673245015721e-05 -0.004985358313071625 0.20672968790926122 0.06814904781458093 0.2177299023529021 2.106704948734449
27.080999999982236 3.9867197634329123 1.6291732126220682 9.81771922171687e-05 -0.004769318542549916 0.20690798128636698 0.06828942512937262 0.217938304810926 2.1084527468203436
27.081499999982235 3.98891416485725 1.6350237085989117 9.822554282434576e-05 -0.004556802603567991 0.20708569571466906 0.06842743142889393 0.21814573842170826 2.110235220343112
27.081999999982234 3.9911174400468905 1.640787744228883 9.827178801340733e-05 -0.004347818438629128 0.20726280222810212 0.06856306106681521 0.21835216063843402 2.1120518079038657
27.082499999982232 3.993329182165088 1.6464650999765933 9.831593600876515e-05 -0.004142370289590023 0.2074392784258087 0.06869631069782141 0.21855753606070843 2.1139020276174785
27.08299999998223 3.99554879154846 1.6520555413586122 9.835799542024811e-05 -0.003940460917901528 0.20761509218444302 0.06882717763391037 0.21876182051731544 2.11578526222523
27.08349999998223 3.9977756918007823 1.657558684745259 9.83979796068182e-05 -0.003742097481592454 0.20779021121899088 0.06895565339781198 0.21896496821983594 2.1177009663396884
27.08399999998223 4.000009379567512 1.6629745115584464 9.843589748882317e-05 -0.0035472766142627585 0.2079646105152019 0.06908174192942686 0.21916694428248448 2.1196483929540477
27.084499999982228 4.00224934522002 1.6683027534728934 9.847175896498086e-05 -0.003356002615718346 0.2081382621527136 0.06920543838217508 0.21936770871570288 2.1216270167977447
27.084999999982227 4.004495072356952 1.6735432149629883 9.850557809098645e-05 -0.00316827688414146 0.20831113884554703 0.06932674005579383 0.2195672230372898 2.1236361996448094
27.085499999982225 4.006745868651858 1.678695746431704 9.853737264800818e-05 -0.002984096806269889 0.20848320535950401 0.06944564608005734 0.2197654420289935 2.1256752007493827
27.085999999982224 4.009001435663612 1.6837600859996273 9.856713812357401e-05 -0.0028034718384118895 0.208654443304134 0.06956215371244515 0.2199623363078795 2.127743526252311
27.086499999982223 4.011261168988385 1.688736055792447 9.859489214099034e-05 -0.0026264010232199806 0.20882482148615494 0.06967626047754304 0.22015786455449116 2.12984053654823
27.086999999982222 4.013524552627298 1.693623564031879 9.862064477777178e-05 -0.0024528827453672453 0.20899431358394222 0.06978796737843615 0.22035199144777284 2.131965563921934
27.08749999998222 4.015791049366602 1.6984223534322505 9.86444147820482e-05 -0.002282920021279891 0.2091628907246765 0.06989726980942411 0.22054467780234 2.1341179798353016
27.08799999998222 4.018060227227721 1.7031322555390038 9.866620450955756e-05 -0.002116515975461813 0.20933052951879644 0.07000416696015486 0.22073589110128722 2.136297157573226
27.08849999998222 4.02033148224349 1.7077531490306075 9.86860324725503e-05 -0.0019536679299096494 0.2094971993444955 0.07010865844759584 0.2209255923176156 2.1385023747597174
27.088999999982217 4.02260433254955 1.7122849497822985 9.870390830472994e-05 -0.0017943746873164152 0.20966287558719465 0.07021074575534016 0.22111374900609632 2.1407329724926067
27.089499999982216 4.024878270839326 1.7167274511474548 9.871984570288399e-05 -0.0016386382824374532 0.20982753117728903 0.07031042586232147 0.22130032526030746 2.1429883042027873
27.089999999982215 4.02715291294068 1.721080735412734 9.873385804721013e-05 -0.0014864521377509871 0.20999114834054683 0.07040770418219132 0.22148529686989682 2.1452681996289957
27.090499999982214 4.029427679520233 1.7253445139304289 9.874595603390921e-05 -0.0013378209641198861 0.21015369542598694 0.0705025763928371 0.22166862372505125 2.1475714160189487
27.090999999982213 4.031702055783452 1.7295186107157026 9.875615177682012e-05 -0.00119274600318341 0.2103151452432264 0.0705950408937813 0.22185027103995653 2.149897298905981
27.09149999998221 4.03397559445043 1.7336029751950646 9.876445719792464e-05 -0.0010512248376867248 0.21047547533478478 0.07068509958226307 0.2220302098679759 2.1522453223408466
27.09199999998221 4.036247811665551 1.7375975177737866 9.87708841160692e-05 -0.0009132560765578405 0.21063466101413802 0.07077275337855553 0.22220840910727038 2.15461480029848
27.09249999998221 4.038518207581335 1.7415021537631032 9.877545076733778e-05 -0.0007788370653753539 0.21079267712226907 0.07085800280945634 0.22238483733764877 2.1570050095404207
27.092999999982208 4.040786328982896 1.7453167893853565 9.877816611293533e-05 -0.0006479672006086229 0.21094950032219983 0.07094084869689374 0.22255946522562103 2.159415324719434
27.093499999982207 4.04305164934211 1.7490413552861868 9.877904591551854e-05 -0.0005206435037107262 0.2111051041739004 0.07102129259328492 0.22273226097616008 2.161844992591092
27.093999999982206 4.045313811728302 1.7526758036872443 9.877809873474284e-05 -0.00039686502809721356 0.21125947048516983 0.07109933661984426 0.22290320105217598 2.1642934418571884
27.094499999982204 4.047572238604784 1.7562200514237514 9.877534421873422e-05 -0.00027662776654024013 0.21141257045820805 0.07117498115600786 0.22307225155367505 2.166759886816543
27.094999999982203 4.049826555739408 1.759674071546761 9.877079169050932e-05 -0.00015992985245633377 0.21156438529301513 0.07124822909439488 0.2232393891119048 2.169243710872587
27.095499999982202 4.052076275618315 1.7630378016030945 9.876445376627148e-05 -4.676882734654358e-05 0.2117148904330569 0.07131908217151212 0.2234045847788075 2.171744217645333
27.0959999999822 4.054320960767007 1.7663112107182541 9.875634591720216e-05 6.28588228197192e-05 0.21186406426095114 0.07138754252744521 0.22356781276495916 2.174260733197108
27.0964999999822 4.056560178863357 1.7694942852966278 9.874647963087566e-05 0.00016895649316533057 0.21201188541618085 0.07145361330931073 0.2237290480893728 2.1767925814399343
27.0969999999822 4.058793456062074 1.7725869551176774 9.873487039372328e-05 0.0002715268059979119 0.21215833007913243 0.07151729546563454 0.22388826297841374 2.179339089287313
27.097499999982197 4.0610204118522155 1.7755892743949664 9.872152942089061e-05 0.00037057496557695295 0.21230338016325878 0.07157859398430481 0.2240454366223964 2.1818995862972237
27.097999999982196 4.063240596628479 1.7785012176436041 9.870647042982045e-05 0.0004661043797125295 0.21244701342079755 0.07163751161024412 0.2242005437870684 2.184473380197319
27.098499999982195 4.065453593286918 1.781322781216558 9.868970410225906e-05 0.0005581187108797451 0.21258920931763983 0.0716940516320371 0.22435356126928743 2.187059843096865
27.098999999982194 4.067658939215674 1.7840540219593732 9.867124528800103e-05 0.0006466246800492163 0.21272994594581135 0.0717482191148409 0.22450446537148408 2.189658230105674
27.099499999982193 4.069856307028124 1.7866948810656893 9.865111034709263e-05 0.0007316238519804864 0.21286920686446897 0.07180001447691539 0.22465323630754605 2.1922679552074005
27.09999999998219 4.072045197522359 1.7892453939387067 9.862931413005847e-05 0.0008131225189692608 0.21300696810520153 0.07184944243623458 0.22479984877218886 2.194888282437891
27.10049999998219 4.074225280856668 1.7917056085131398 9.860586593005648e-05 0.0008911247926079784 0.21314321386801502 0.07189650786098062 0.22494428546639372 2.197518590130824
27.10099999998219 4.076396110494504 1.7940755514167195 9.8580779953196e-05 0.0009656362849313737 0.21327792272964752 0.07194121457832275 0.22508652365770934 2.2001582100691905
27.101499999982188 4.078557312154049 1.7963552566428789 9.855407115777845e-05 0.0010366619440010838 0.21341107684279384 0.0719835665869337 0.22522654427434283 2.2028064895742223
27.101999999982187 4.080708495446322 1.7985447943890391 9.852575260663284e-05 0.001104208136048897 0.2135426579269723 0.07202356895882966 0.22536432840112677 2.2054627760577072
27.102499999982186 4.082849177025865 1.8006441612192767 9.849584188008875e-05 0.0011682801102909418 0.21367264251277418 0.07206122463990282 0.2254998517370032 2.2081262863349416
27.102999999982185 4.084979170348333 1.8026535111038402 9.846434340517417e-05 0.0012288836528473674 0.21380102286097985 0.07209654145362963 0.22563310665992345 2.210796602342203
27.103499999982184 4.087097960066392 1.8045728732164636 9.843127875882958e-05 0.0012860263001739497 0.21392777451796918 0.0721295227877842 0.2257640685127934 2.2134729389431382
27.103999999982182 4.08920525767416 1.8064023108626834 9.839665610461082e-05 0.001339712220319938 0.2140528838805816 0.07216017376486052 0.2258927236636937 2.2161547537216277
27.10449999998218 4.091300700659631 1.808141922254272 9.836049003671989e-05 0.001389948402834985 0.21417633435876746 0.07218850037602306 0.2260190561489455 2.218841359153096
27.10499999998218 4.09338390554076 1.8097917882049481 9.832279402272725e-05 0.001436741832617964 0.21429810822119189 0.0722145076568055 0.22614304882173603 2.2215321819386444
27.10549999998218 4.095454442289671 1.8113521207836372 9.828358514235022e-05 0.0014801048825259296 0.2144181870051798 0.0722382047854709 0.2262646854011451 2.224226467951855
27.105999999982178 4.097512025116848 1.8128228602312682 9.824287395303382e-05 0.0015200380442354437 0.21453655607621508 0.07225959243834058 0.22638395064150196 2.226923715814773
27.106499999982177 4.0995563056461615 1.8142041469306331 9.820067538266624e-05 0.0015565497323122373 0.2146532000347867 0.07227867773998707 0.22650083087724912 2.229623275020722
27.106999999982175 4.101586937596414 1.8154960993208662 9.815700235299417e-05 0.00158964754264399 0.2147681032906453 0.0722954670490987 0.22661531220599027 2.232324533543976
27.107499999982174 4.1036036064979955 1.8166987870694156 9.811186801111772e-05 0.001619336598133659 0.21488125114970907 0.07230996555110732 0.22672738137394155 2.2350269129235287
27.107999999982173 4.10560595181385 1.817812394959208 9.806528783672726e-05 0.0016456283757440623 0.21499262851317366 0.07232218027714309 0.22683702556636148 2.237729797935636
27.108499999982172 4.107593626548055 1.818836994820423 9.801727729438566e-05 0.001668528826500382 0.21510221924261186 0.07233211631639588 0.22694423051126492 2.240432549755764
27.10899999998217 4.109566336377072 1.8197727770136325 9.796784703408711e-05 0.00168804743159721 0.2152100110718544 0.07233978195380344 0.22704898683500624 2.2431346409649877
27.10949999998217 4.111523726759337 1.8206198512823037 9.791701155859054e-05 0.0017041919377228168 0.2153159880380646 0.07234518298031725 0.22715128103408125 2.245835453488214
27.10999999998217 4.113465520024628 1.8213783741614225 9.786478499116349e-05 0.0017169708929854058 0.21542013843427193 0.07234832627185861 0.22725110416987537 2.2485344352182293
27.110499999982167 4.115391378790464 1.8220484282924876 9.781118486747066e-05 0.0017263913591863667 0.21552244698012604 0.07234921631824366 0.22734844332277784 2.251230992442126
27.110999999982166 4.117301018669392 1.8226302735328204 9.775622138487276e-05 0.0017324653419985999 0.21562290269498363 0.07234786334354289 0.227443291686406 2.2539245801754673
27.111499999982165 4.11919409968295 1.8231240304565455 9.769990853918926e-05 0.0017352005362912307 0.21572149035777527 0.07234427366737163 0.22753563733081558 2.2566145924606813
27.111999999982164 4.121070349877135 1.8235298426001583 9.764226200669607e-05 0.001734605474244128 0.21581819854633397 0.07233845325131306 0.22762547199012792 2.2593005075806554
27.112499999982163 4.122929501921843 1.8238478722867082 9.758329370960757e-05 0.0017306883233733717 0.2159130159800147 0.0723304095795626 0.22771278818196844 2.2619817657312993
27.11299999998216 4.12477123712177 1.8240782930821422 9.752301989496225e-05 0.0017234593908589835 0.2160059293355835 0.07232014946562867 0.2277975764557909 2.26465785382421
27.11349999998216 4.126595269755099 1.8242213010370674 9.746145357754143e-05 0.0017129285675486327 0.21609692693168348 0.07230768115596528 0.22787982953247005 2.2673281917221875
27.11399999998216 4.128401334395392 1.8242770815566791 9.739860755056441e-05 0.0016991053472858123 0.21618599796896723 0.07229301225074049 0.22795954092142137 2.2699922871368967
27.114499999982158 4.130189155113132 1.8242458213383284 9.733449635509194e-05 0.0016819996119582636 0.2162731312489105 0.07227615022026013 0.2280367038736631 2.272649593589373
27.114999999982157 4.131958464545186 1.8241277000101588 9.726913634027545e-05 0.001661621297634502 0.21635831601711025 0.07225710195250022 0.22811131203355636 2.275299602812313
27.115499999982156 4.1337089848678135 1.823922939192502 9.720253906151078e-05 0.0016379810692058036 0.21644154121973147 0.07223587638544873 0.22818335957017027 2.277941798725219
27.115999999982154 4.135440491626391 1.8236317115558887 9.713471768415776e-05 0.0016110876412058044 0.21652279794271365 0.07221248044292188 0.22825284218175296 2.2805757019064448
27.116499999982153 4.137152687828248 1.8232542231144326 9.706569158076842e-05 0.0015809526559240825 0.21660207442195242 0.07218692154646555 0.22831975319176584 2.28320077819969
27.116999999982152 4.138845361651754 1.8227906895469792 9.699546764115491e-05 0.0015475853119375582 0.21667936258702367 0.07215920859133056 0.22838409002367863 2.2858165726686983
27.11749999998215 4.14051826699372 1.82224131270987 9.692406163814024e-05 0.001510995920364495 0.21675465290068602 0.07212934923042953 0.22844584846998972 2.288422594208459
27.11799999998215 4.142171106964076 1.8216063237005464 9.685149183124565e-05 0.0014711970797340772 0.21682793388405627 0.07209735150109915 0.22850502276043985 2.2910183281162784
27.11849999998215 4.143803690285129 1.8208859704679297 9.677776787944495e-05 0.0014281993214586548 0.21689919896439827 0.07206322483713497 0.22856161234692696 2.2936033431882654
27.118999999982147 4.145415783987523 1.8200804532341337 9.670290458690977e-05 0.0013820127695306778 0.21696843920662118 0.07202697671741243 0.2286156139595524 2.296177185515431
27.119499999982146 4.147007152724134 1.8191899957259285 9.662691307524106e-05 0.001332647797231046 0.21703564567451422 0.07198861587564027 0.22866702486190535 2.2987393499849147
27.119999999982145 4.148577579457012 1.8182148430607663 9.654980843816843e-05 0.0012801163271316375 0.21710081083014748 0.07194815062438828 0.22871584365580827 2.3012894347307196
27.120499999982144 4.1501268639094215 1.817155242352949 9.647160564064968e-05 0.0012244298050966362 0.21716392788775982 0.07190558972446356 0.22876206992771034 2.303826980023676
27.120999999982143 4.15165476281992 1.816011417189387 9.639231454249171e-05 0.0011655985359312368 0.21722498745389532 0.0718609420219615 0.22880570093984906 2.306351537429106
27.12149999998214 4.153161094887269 1.8147836283210594 9.631194933150918e-05 0.0011036343585364024 0.21728398383390962 0.07181421645402007 0.22884673763118601 2.308862700572774
27.12199999998214 4.154645639547488 1.8134721266467368 9.623052444497721e-05 0.0010385492294528425 0.2173409093244819 0.071765421746442 0.22888517909410244 2.311360014728638
27.12249999998214 4.156108257525739 1.812077415506895 9.614804724848517e-05 0.0009703617410282189 0.21739576256250562 0.0717145752578413 0.22892103329850308 2.3138430673658275
27.122999999982138 4.157548673087142 1.8105993705625656 9.606453671830621e-05 0.0008990722563225963 0.2174485293068583 0.07166167350317754 0.22895428949446156 2.3163114777480245
27.123499999982137 4.1589667564835935 1.8090384032628308 9.598000320950471e-05 0.0008246966287348264 0.21749920783614898 0.07160673045097493 0.22898495448339035 2.3187648422293488
27.123999999982136 4.160362311459474 1.8073947642932602 9.589445973526297e-05 0.0007472463747309811 0.2175477915548064 0.07154975486293677 0.22901302890548475 2.3212027694415966
27.124499999982135 4.161735132662261 1.805668728885315 9.580791953653916e-05 0.0006667342397037303 0.21759427379417873 0.07149075597020413 0.22903851359924968 2.3236248800490196
27.124999999982133 4.163085083784232 1.8038605583842373 9.572039442472862e-05 0.000583171038017506 0.21763865088495304 0.07142974304656284 0.22906141237489142 2.326030760606864
27.125499999982132 4.164411998871334 1.801970518890198 9.56318944835234e-05 0.0004965680964926394 0.21768091776524626 0.07136672551198958 0.22908172788177153 2.3284200889830204
27.12599999998213 4.165715711627813 1.7999989114764914 9.554243285710151e-05 0.00040693846626485694 0.2177210698973185 0.07130171344236806 0.22909946358725053 2.33079245150862
27.12649999998213 4.166996044395426 1.7979460025967209 9.545202273141851e-05 0.00031429427121239836 0.21775910182812513 0.07123471572762136 0.22911462182644676 2.3331475118115588
27.12699999998213 4.168252874398984 1.7958120971404505 9.536067161605222e-05 0.0002186472227993653 0.21779501088605377 0.07116574323382419 0.22912720830029532 2.3354849382018728
27.127499999982128 4.169486014783479 1.7935974221670816 9.526839621782374e-05 0.00012000881512980394 0.21782879093450874 0.07109480311190373 0.22913722436921063 2.3378043408520828
27.127999999982126 4.170695365073671 1.7913023256704754 9.517520570181148e-05 1.83924415542915e-05 0.21786044097936094 0.07102190706008848 0.22914467780085002 2.340105427021034
27.128499999982125 4.171880780459346 1.7889270892216322 9.508111155937229e-05 -8.619004902532925e-05 0.2178899572270586 0.07094706472349524 0.22914957316568102 2.342387838802564
27.128999999982124 4.173042068925378 1.7864719729531389 9.49861283126642e-05 -0.00019372615304511843 0.2179173335699041 0.07087028440609248 0.22915191252058023 2.344651237932746
27.129499999982123 4.174179161606646 1.7839372837407494 9.489026494932808e-05 -0.0003042043061920268 0.21794257009560014 0.07079157645935794 0.2291517045490533 2.3468953330326614
27.12999999998212 4.175291899240795 1.781323331075625 9.479353457160114e-05 -0.00041761094310469667 0.21796566274354856 0.07071095086615044 0.22914895397214732 2.3491197916127953
27.13049999998212 4.176380160591234 1.778630409856965 9.469594607556086e-05 -0.0005339343265301558 0.21798660891012245 0.0706284178132498 0.22914366705803305 2.3513242999984056
27.13099999998212 4.177443858564681 1.7758588365311812 9.45975128235389e-05 -0.0006531612236776792 0.21800540820361164 0.07054398693107072 0.22913585210031742 2.3535086052807577
27.13149999998212 4.178482810128756 1.7730088840940816 9.449824661713558e-05 -0.0007752795410288526 0.21802205487796344 0.07045766765089725 0.22912551233413694 2.3556723209380266
27.131999999982117 4.179497106752859 1.7700808989804462 9.439814811909747e-05 -0.0009002794981608714 0.21803655686922227 0.07036947203449116 0.22911266492486496 2.3578152984208707
27.132499999982116 4.1804863954170886 1.7670751287134152 9.429724245949273e-05 -0.0010281449484605592 0.21804890070097785 0.07027940660236817 0.22909730502849862 2.3599371499873767
27.132999999982115 4.1814506845668316 1.7639919286381978 9.419553423159772e-05 -0.0011588642745274716 0.21805909053054331 0.07018748355197782 0.22907944643021474 2.3620376089280173
27.133499999982114 4.182389826004857 1.76083157846218 9.409303857586449e-05 -0.001292424358872318 0.21806712270894119 0.07009371116634543 0.22905909436726338 2.3641164209951917
27.133999999982112 4.1833037168496086 1.7575944222268447 9.398976416928443e-05 -0.0014288119110848327 0.21807299603509833 0.0699981010445459 0.22903625750750412 2.3661732770522628
27.13449999998211 4.184192323190751 1.754280747866013 9.388572192083373e-05 -0.0015680156045992685 0.21807671231092676 0.06990066195807679 0.22901094661054155 2.3682079871346877
27.13499999998211 4.185055516892679 1.7508908923590316 9.378092251552347e-05 -0.0017100215859674084 0.21807826918422024 0.06980140486645445 0.22898316921891965 2.3702202453348074
27.13549999998211 4.185893182162137 1.7474251340415954 9.367538144216216e-05 -0.001854817110206743 0.21807766456965125 0.06970033787957826 0.22895293234897213 2.3722098074714344
27.135999999982108 4.1867052709218155 1.743883822058157 9.356910425004345e-05 -0.002002389588919932 0.2180748999133609 0.06959747264258664 0.22892024754163573 2.3741764539470616
27.136499999982107 4.18749171059256 1.7402672630700124 9.346210544457274e-05 -0.002152726041217248 0.21806997549381454 0.06949281820222576 0.2288851245122081 2.376119914103324
27.136999999982105 4.188252405676059 1.736575739628692 9.335439523177338e-05 -0.002305814690751523 0.21806288998004258 0.06938638349100962 0.22884757150076487 2.3780400015659824
27.137499999982104 4.18898728249933 1.732809604562044 9.324598485319579e-05 -0.002461641478210772 0.21805364393886487 0.0692781794194122 0.22880759921264146 2.3799364436565864
27.137999999982103 4.189696284857314 1.7289692707701048 9.313688306678819e-05 -0.0026201908396073807 0.21804223928687522 0.06916821910075535 0.22876522036105273 2.381809021981498
27.138499999982102 4.190379356520375 1.725054922147086 9.302710295727244e-05 -0.002781454164227584 0.21802867575384968 0.06905650749308827 0.2287204432607369 2.383657575178654
27.1389999999821 4.191036434815882 1.7210669334506896 9.291665363779056e-05 -0.0029454171888450087 0.2180129545223464 0.06894305661924424 0.22867327976390975 2.3854818571968694
27.1394999999821 4.1916674135311345 1.717005613150734 9.280554971308505e-05 -0.003112066188941974 0.21799507429278123 0.0688278753804699 0.2286237384902737 2.387281651347949
27.1399999999821 4.192272311271288 1.7128713265009954 9.269379694418082e-05 -0.003281388513337865 0.21797504000447515 0.06871097538165295 0.22857183490847277 2.3890567864750865
27.140499999982097 4.192851035462015 1.7086646807713082 9.258139236643857e-05 -0.0034533637072391614 0.21795285316856908 0.06859237803837431 0.2285175841159134 2.390807010990074
27.140999999982096 4.193403535251917 1.7043855410711801 9.246837511655338e-05 -0.0036279889968421014 0.2179285119581736 0.06847207343018417 0.2284609889418619 2.392532193358312
27.141499999982095 4.193929752899052 1.7000344186230962 9.235474462413315e-05 -0.0038052471378761067 0.21790201871679604 0.06835007933730293 0.22840206437782223 2.39423213097917
27.141999999982094 4.194429608549415 1.6956116679074258 9.224051772084764e-05 -0.003985122429266042 0.2178733741242432 0.06822640529613606 0.22834082143298712 2.395906607907083
27.142499999982093 4.194903130479797 1.691117561467936 9.212569683555759e-05 -0.004167606310733605 0.21784258232652454 0.06810106073453925 0.22827727458119718 2.397555500901519
27.14299999998209 4.19535024474671 1.6865524570932728 9.201029618979586e-05 -0.004352683574253414 0.21780964416470258 0.06797405578437918 0.22821143530776417 2.3991786126682806
27.14349999998209 4.195770945612388 1.6819167124345282 9.189432505443345e-05 -0.004540340513261317 0.2177745635641009 0.06784540087411961 0.228143318217477 2.4007758110327204
27.14399999998209 4.196165160660504 1.6772106357091663 9.1777798407608e-05 -0.004730563769255971 0.21773734087024804 0.06771510477892662 0.22807293407601567 2.402346883659734
27.144499999982088 4.196532858048602 1.6724345858001564 9.166072831833408e-05 -0.004923338689413151 0.21769797892477594 0.06758317751981759 0.22800029643721528 2.4038917038481338
27.144999999982087 4.196874008215995 1.6675888652229585 9.154312012085757e-05 -0.005118654546993017 0.21765647950960476 0.06744962928744631 0.2279254180382267 2.4054100677134156
27.145499999982086 4.197188597313689 1.6626738468374427 9.142498911521528e-05 -0.005316495575705096 0.21761284674588086 0.06731446964511674 0.22784831361600213 2.4069018748025837
27.145999999982084 4.197476649683205 1.6576898835329628 9.130634384191513e-05 -0.005516848911488403 0.2175670858710804 0.06717770914830269 0.2277689993892062 2.408366995141618
27.146499999982083 4.197738074647787 1.6526372658003923 9.11871974015842e-05 -0.005719701680240642 0.2175191960920191 0.0670393560590657 0.22768748519987522 2.4098052466825965
27.146999999982082 4.197972899165206 1.6475163792477483 9.106756015420049e-05 -0.005925039170360119 0.21746918333956838 0.06689942115034289 0.22760378806557693 2.4112165441991182
27.14749999998208 4.198181092788593 1.6423277189348569 9.094743282829016e-05 -0.006132844676241287 0.21741705119085014 0.06675792124833732 0.22751792452847944 2.4126006654600882
27.14799999998208 4.198362671427085 1.6370716776202316 9.082682117237274e-05 -0.006343104102732042 0.2173628047951978 0.06661486834290771 0.22742991131870996 2.4139575281109518
27.14849999998208 4.198517598946109 1.6317482165559398 9.070575986769387e-05 -0.006555811993578768 0.21730644387369338 0.06647025582215217 0.22733975483621022 2.4152870640542212
27.148999999982077 4.198645839080047 1.6263578543426753 9.05842564343267e-05 -0.006770949145637063 0.21724797243032323 0.06632409974359324 0.22724747189840724 2.4165890661431613
27.149499999982076 4.1987474442682196 1.6209009319324061 9.046231684871864e-05 -0.006988503525681492 0.21718739688630848 0.0661764101441354 0.22715308011854948 2.417863496686111
27.149999999982075 4.198822379214351 1.6153777975510362 9.033995336966359e-05 -0.0072084607901963665 0.21712471978601067 0.06602719670532958 0.22705659328432137 2.4191102033251255
27.150499999982074 4.198870663300063 1.6097888012652333 9.021717472076307e-05 -0.007430807708092159 0.21705994616599017 0.06587646944102202 0.22695802774696272 2.420329102511504
27.150999999982073 4.198892296831552 1.6041342858929741 9.009399398008217e-05 -0.00765553041708664 0.21699308029318912 0.06572423765809624 0.22685739894663184 2.4215200684490394
27.15149999998207 4.198887288456406 1.5984145886441004 8.997042245763883e-05 -0.007882615297986773 0.21692412675092196 0.06557051028203477 0.22675472257316392 2.4226830272010247
27.15199999998207 4.198855646515167 1.5926300537191282 8.984646984709171e-05 -0.008112049138040107 0.21685309000032935 0.06541529717460798 0.22665001453419586 2.423817869217802
27.15249999998207 4.1987974173183185 1.5867810397597018 8.972214650018107e-05 -0.008343818241422631 0.21677997664021537 0.0652586080142814 0.22654329276087573 2.424924528930091
27.152999999982068 4.198712573417842 1.5808678684574522 8.959746404336442e-05 -0.008577909272125714 0.21670478927506545 0.06510045160836465 0.226434571171993 2.426002889571155
27.153499999982067 4.198601168466757 1.5748909108292628 8.947243326110138e-05 -0.008814308078136778 0.21662753501768756 0.06494083789653855 0.2263238683423387 2.4270528913131795
27.153999999982066 4.198463211107938 1.5688504927364337 8.934706680032594e-05 -0.009053001289936604 0.2165482183448181 0.06477977539461122 0.22621119998984773 2.428074443114907
27.154499999982065 4.198298742563847 1.5627469768639821 8.922137075323774e-05 -0.009293975861421914 0.21646684540946268 0.06461727468184288 0.22609658408774255 2.4290674881010093
27.154999999982063 4.198108261305963 1.5565807624625765 8.909533009182472e-05 -0.009537227055178753 0.2163834437732972 0.06445334969977567 0.22598006046245603 2.430032188973695
27.155499999982062 4.197891047035091 1.550352085721911 8.896899825837048e-05 -0.009782727792941141 0.21629798383884397 0.06428800121118523 0.2258616095655677 2.4309680865519026
27.15599999998206 4.197647452974584 1.544061361141408 8.884236550964225e-05 -0.010030469950323966 0.21621048657920255 0.06412124311218413 0.22574126484205698 2.431875304662139
27.15649999998206 4.1973774701916 1.5377089024306905 8.871544556709907e-05 -0.010280440121186583 0.21612095557685304 0.0639530833062014 0.22561904120199458 2.432753739730202
27.15699999998206 4.197081167304855 1.5312950623689112 8.858824767204132e-05 -0.010532625025068486 0.21602939842446986 0.06378353110627154 0.22549495784593887 2.4336033625868745
27.157499999982058 4.196758585913972 1.524820174116487 8.846078109849047e-05 -0.010787012013842471 0.21593582110851595 0.06361259564135414 0.22536903245616113 2.4344241156518702
27.157999999982056 4.196409768165647 1.5182845921402035 8.833305775024142e-05 -0.011043586903031508 0.215840230107406 0.0634402858760523 0.22524128310888752 2.435215947785736
27.158499999982055 4.196034861981243 1.5116890191898358 8.820505798225738e-05 -0.011302331069085849 0.2157426388483706 0.06326662720649788 0.22511173897187076 2.435978814407319
27.158999999982054 4.195633818941431 1.5050332485648241 8.80768307267351e-05 -0.01156324142574456 0.21564304558395195 0.06309160467441 0.22498040412752499 2.4367127046098607
27.159499999982053 4.195206710935136 1.4983178096040162 8.794837119719408e-05 -0.011826301449768439 0.21554145908711253 0.06291523572705332 0.22484730124680813 2.4374175648254433
27.159999999982052 4.1947536348018675 1.4915430194790602 8.781968936603178e-05 -0.012091499286634996 0.21543788796461022 0.06273752833796542 0.22471245045080981 2.438093386979044
27.16049999998205 4.1942746381533675 1.4847092428863227 8.769079488620096e-05 -0.012358820851690839 0.21533233894224799 0.06255849211796688 0.22457587043860497 2.4387401250794483
27.16099999998205 4.193769793708827 1.4778167957843893 8.756169599487295e-05 -0.012628254406557557 0.2152248193230487 0.06237813541545814 0.2244375802754631 2.439357768973203
27.16149999998205 4.193239161742265 1.4708660172801216 8.743240199949105e-05 -0.012899786967202087 0.21511533614556966 0.06219646704425841 0.22429759887615416 2.439946273994052
27.161999999982047 4.1926828372794676 1.463857254958389 8.730292142798425e-05 -0.013173405778759976 0.21500389819085253 0.06201349608129307 0.2241559469505525 2.4405056531485467
27.162499999982046 4.1921009094875625 1.4567908240344245 8.717326397304464e-05 -0.013449098833216771 0.2148905136991756 0.061829230277626414 0.22401264440661597 2.441035897756412
27.162999999982045 4.191493469943005 1.4496670772217735 8.704343500720013e-05 -0.013726853697231043 0.21477519116340857 0.06164367932767819 0.22386771194783203 2.441537009531881
27.163499999982044 4.190860567546703 1.4424863435876327 8.691344450957453e-05 -0.014006657546363396 0.21465793697411378 0.061456851757567196 0.22372116795143748 2.4420089438311567
27.163999999982043 4.190202320661563 1.4352489459889006 8.678329755249026e-05 -0.014288499283864893 0.21453876059967975 0.061268756210957495 0.22357303392643185 2.442451739658216
27.16449999998204 4.189518792252327 1.427955182752998 8.66530082029779e-05 -0.014572366331461369 0.21441766906907098 0.06107939924254678 0.22342332841792142 2.442865368217462
27.16499999998204 4.188810105621446 1.4206054295594135 8.65225814112177e-05 -0.014858245738504772 0.21429467269289454 0.06088879101917088 0.22327207412203806 2.4432498561270823
27.16549999998204 4.188076356659828 1.4132000339817004 8.639202540306448e-05 -0.015146124549963223 0.21416978032985237 0.060696940320620806 0.22311929199355493 2.4436052189280955
27.165999999982038 4.187317641386748 1.4057392915795415 8.626134892820861e-05 -0.015435991861092114 0.2140430002201083 0.0605038546423336 0.22296500221905147 2.443931440488794
27.166499999982037 4.186534072439288 1.3982235401785452 8.613055811261763e-05 -0.015727835527726358 0.21391434185077624 0.060309542606561475 0.22280922644551912 2.4442285683503044
27.166999999982036 4.185725735295981 1.3906531009835785 8.599966213466447e-05 -0.016021643292938124 0.21378381329677687 0.06011401215733694 0.22265198480851175 2.444496603052911
27.167499999982034 4.184892773557458 1.383028309862484 8.586866898342894e-05 -0.016317403119273263 0.21365142564193837 0.05991727146909253 0.2224933004467562 2.444735583684045
27.167999999982033 4.184035294675828 1.3753495112266245 8.573758518584247e-05 -0.016615102585275588 0.21351718816354737 0.05971932943700092 0.22233319496555606 2.444945543883549
27.168499999982032 4.183153397572597 1.3676170188955095 8.56064192535296e-05 -0.016914729915162973 0.2133811095103269 0.05952019375518394 0.22217168912491003 2.445126473020329
27.16899999998203 4.182247218498525 1.3598311530204703 8.547517591804604e-05 -0.01721627416551518 0.2132432000137442 0.05931987273005612 0.22200880556625216 2.445278461570209
27.16949999998203 4.181316865217551 1.3519922303611525 8.53438653712418e-05 -0.017519722996982477 0.2131034689420429 0.059118373504659726 0.22184456552924547 2.4454014974339384
27.16999999998203 4.180362514900835 1.3441006959542976 8.521248589530138e-05 -0.01782506277869987 0.21296192960104848 0.05891570918510311 0.22167899564742294 2.445495662152116
27.170499999982027 4.179384240478318 1.336156720623976 8.508105733229586e-05 -0.018132284090685787 0.21281858850509472 0.05871188098239624 0.22151211323116674 2.445560975339119
27.170999999982026 4.178382196468692 1.32816065852678 8.494958376653895e-05 -0.01844137495015631 0.2126734572646043 0.058506898048724894 0.22134394243849462 2.445597500661299
27.171499999982025 4.177356482271826 1.3201128363159427 8.48180739027947e-05 -0.01875232297104813 0.21252654470994442 0.058300768295025646 0.22117450442342756 2.4456052542496383
27.171999999982024 4.1763072722168 1.3120135818669953 8.468653101843277e-05 -0.019065117346947283 0.2123778630994369 0.05809349996445627 0.22100382388605025 2.445584329458577
27.172499999982023 4.175234712398725 1.303863248570958 8.455496367850633e-05 -0.019379745109655226 0.21222742389204632 0.057885101390290405 0.2208319246289669 2.4455347630303126
27.17299999998202 4.174138908603337 1.2956621052512451 8.442337938462796e-05 -0.019696196115192677 0.2120752355405641 0.057675578773090666 0.2206588272827644 2.445456621571131
27.17349999998202 4.173020041338727 1.2874104803187127 8.429178367847839e-05 -0.020014459200240187 0.2119213107350029 0.05746494003130663 0.2204845569501896 2.4453499599004056
27.17399999998202 4.171878243097137 1.2791087110755914 8.416018343922513e-05 -0.020334522023651273 0.21176566002043085 0.05725319316534088 0.22030913661817772 2.4452148564973473
27.174499999982018 4.170713666717601 1.2707571091796341 8.402858674032122e-05 -0.02065637324036615 0.21160829467965675 0.057040345274943366 0.22013258986747627 2.4450513711464135
27.174999999982017 4.1695264722607295 1.2623560070831568 8.389699953826238e-05 -0.02098000100392916 0.21144922652462814 0.05682640410146888 0.21995494093811988 2.4448595890926015
27.175499999982016 4.168316841245629 1.253905700059526 8.376542800788827e-05 -0.021305395269015908 0.2112884679497998 0.056611376481930445 0.21977621459867183 2.4446395934715195
27.175999999982015 4.167084891840206 1.245406517188775 8.363387981568355e-05 -0.02163254344827359 0.21112602879660297 0.05639526984725103 0.21959643310538934 2.4443914412485315
27.176499999982013 4.165830802590718 1.2368587815176388 8.350235951583671e-05 -0.02196143471057375 0.2109619215348996 0.05617809207849547 0.2194156215537623 2.4441152273771167
27.176999999982012 4.164554756708901 1.2282627922900566 8.337087270161426e-05 -0.022292058708912797 0.21079615871885526 0.055959849865853374 0.21923380489585834 2.443811042925941
27.17749999998201 4.163256919123733 1.2196188872324911 8.323942899982531e-05 -0.02262440276563217 0.21062875265912012 0.05574055048667785 0.21905100779452313 2.443478981805415
27.17799999998201 4.161937456880473 1.2109273765969992 8.310803314302538e-05 -0.022958456027058902 0.21045971520841236 0.055520201038793154 0.21886725463655005 2.443119125347926
27.17849999998201 4.160596538597059 1.2021885624962734 8.297669215206013e-05 -0.023294207548847264 0.21028905834910536 0.05529880804050516 0.2186825698069758 2.4427315720316622
27.178999999982008 4.159234375941232 1.1934027600012196 8.284540768488045e-05 -0.023631647582074006 0.21011679591940313 0.05507637934686631 0.21849697997189657 2.442316434851588
27.179499999982006 4.157851118191877 1.184570270898029 8.271418875280536e-05 -0.023970764581116636 0.20994293907708794 0.054852921190278396 0.21831050864774254 2.4418738048974573
27.179999999982005 4.156446930150294 1.1756913121961228 8.258304924545452e-05 -0.024311549002294635 0.20976749912309492 0.054628436014279254 0.2181231787880756 2.4414037856091877
27.180499999982004 4.155022056282485 1.16676634476208 8.245197995137775e-05 -0.024653988284061873 0.20959049249758413 0.05440293771100963 0.21793502085548005 2.44090649460773
27.180999999982003 4.153576684606607 1.1577956348626524 8.232099074946512e-05 -0.02499807223426587 0.2094119319412148 0.05417643090850077 0.21774605971352295 2.440382060127636
27.181499999982 4.1521109864289905 1.1487794790391856 8.219008723519395e-05 -0.025343790355055507 0.20923182940495544 0.053948922132826746 0.21755631993807759 2.439830575225616
27.181999999982 4.15062533785984 1.1397181982303306 8.205926685725299e-05 -0.02569113501904631 0.20905020672045552 0.05372041901487419 0.21736583624747866 2.43925226143129
27.182499999982 4.149120179836511 1.1306121477392916 8.192852085218565e-05 -0.026040099633944953 0.20886708878535817 0.053490931475996206 0.21717464703962613 2.438647351685274
27.182999999982 4.147595031078429 1.121461542483049 8.179789008750075e-05 -0.02639066162353519 0.20868245697389912 0.05326045915454938 0.21698274442670462 2.438015624498103
27.183499999981997 4.146050429599789 1.112266724610691 8.166736120859296e-05 -0.026742816746043188 0.20849634056931496 0.053029011832414694 0.2167901713044911 2.4373573956616648
27.183999999981996 4.144486588254075 1.1030280014693439 8.153693990518805e-05 -0.02709655407118263 0.2083087537979501 0.052796595552863604 0.2165969543953935 2.436672789130344
27.184499999981995 4.142903680116099 1.0937456614102323 8.140663268417587e-05 -0.0274518633037209 0.20811970865773977 0.05256321651389831 0.2164031184177243 2.435961920020829
27.184999999981994 4.141301935636135 1.0844200254022183 8.127644250925924e-05 -0.027808733749582832 0.20792922022728277 0.05232888157687003 0.21620869118554678 2.4352249297134474
27.185499999981992 4.139681586512749 1.0750513847245622 8.114637249235757e-05 -0.028167155954770928 0.20773730328878343 0.05209359690864361 0.21601370023949087 2.4344619765985875
27.18599999998199 4.13804283302408 1.0656399610247018 8.101643479596004e-05 -0.028527120804824627 0.20754397085951992 0.05185736510043788 0.21581817063609454 2.433673194129861
27.18649999998199 4.1363859569282635 1.0561861709246634 8.088662070635086e-05 -0.028888617103603673 0.20734924088277157 0.05162019778589597 0.21562213409637535 2.4328587633105765
27.18699999998199 4.134711168821076 1.0466902760763472 8.075693783019099e-05 -0.029251635266074962 0.20715312705821123 0.0513820994665182 0.21542561677136277 2.432018818914092
27.187499999981988 4.13301872921954 1.037152583151328 8.062738771429953e-05 -0.029616165847349323 0.20695564566189356 0.051143076849006354 0.21522864786178514 2.431153531715973
27.187999999981987 4.13130885402731 1.0275733783603334 8.049797543277292e-05 -0.02998219881448165 0.20675681081006034 0.05090313543172194 0.21503125414431834 2.430263056968443
27.188499999981985 4.129581795592611 1.0179529699755223 8.036870197635534e-05 -0.03034972442435205 0.20655663843921332 0.05066228177337889 0.21483346445660473 2.4293475616909097
27.188999999981984 4.127837817202308 1.0082916394027517 8.023957075708991e-05 -0.030718733750166573 0.20635514480968425 0.05042052141483978 0.2146353078418919 2.4284072238423042
27.189499999981983 4.1260771691277505 0.9985897096479512 8.011058286917444e-05 -0.031089216546844926 0.2061523458783055 0.05017786146620528 0.21443681325263814 2.427442220480495
27.189999999981982 4.124300103386753 0.9888474631128872 7.99817418020022e-05 -0.03146116347896105 0.20594825745788017 0.04993430722766931 0.21423800922267383 2.426452722605763
27.19049999998198 4.122506897275368 0.9790651948763154 7.98530485215852e-05 -0.03183456560040694 0.20574289652462446 0.04968986482193785 0.21403892567318544 2.4254389207471143
27.19099999998198 4.120697802457968 0.9692432071649641 7.972450649472772e-05 -0.03220941291363448 0.2055362790366554 0.04944454025399197 0.21383959137962152 2.4244009897964762
27.19149999998198 4.118873086979546 0.9593817893019025 7.959611498303006e-05 -0.032585696749222445 0.20532842142355576 0.04919833959648119 0.21364003579847177 2.4233391223016483
27.191999999981977 4.117033037085438 0.94948123600952 7.946787580706803e-05 -0.032963407946396295 0.20511934119181838 0.048951268573223225 0.21344028928328873 2.4222535210022698
27.192499999981976 4.1151779112148965 0.9395418498567453 7.933978997388364e-05 -0.033342536951857904 0.20490905453424335 0.04870333346212921 0.2132403810042246 2.4211443741101446
27.192999999981975 4.113307997223145 0.9295639242655676 7.921185980318514e-05 -0.03372307457999235 0.2046975790476468 0.048454539873356434 0.21304034139438008 2.420011877148694
27.193499999981974 4.111423581838124 0.9195477528487761 7.908408465199195e-05 -0.03410501205720588 0.20448493214860475 0.04820489375856229 0.21284020086796557 2.4188562425106213
27.193999999981973 4.109524946747801 0.9094936225438494 7.895646504172229e-05 -0.034488340777005515 0.2042711309567984 0.04795440094109765 0.21263998956344005 2.4176776780252256
27.19449999998197 4.107612392924263 0.8994018440747489 7.882900201170824e-05 -0.03487305099700504 0.20405619390697177 0.047703067301122115 0.21243973872035987 2.4164763888592375
27.19499999998197 4.105686188793177 0.8892726931385553 7.870169645153333e-05 -0.03525913420978345 0.20384013740224188 0.04745089822286477 0.21223947772161766 2.4152525843301205
27.19549999998197 4.103746656039267 0.8791064759355214 7.857454658929792e-05 -0.03564658172248097 0.20362298064017703 0.04719789999576046 0.2120392388151241 2.414006497758754
27.195999999981968 4.101794073283582 0.8689034795249659 7.844755455201961e-05 -0.03603538418057645 0.20340474078637996 0.04694407768305515 0.21183905191661165 2.4127383337216264
27.196499999981967 4.099828775035011 0.8586640241209303 7.832071890163822e-05 -0.03642553272327169 0.2031854377891291 0.04668943822035146 0.21163895011331493 2.411448340924165
27.196999999981966 4.097851038396623 0.8483883664334475 7.819403934346554e-05 -0.036817019283778944 0.20296508832891455 0.04643398585429024 0.21143896289856953 2.410136722351426
27.197499999981964 4.095861193953363 0.838076822074779 7.806751409832073e-05 -0.037209835033353844 0.20274371213569195 0.0461777272579985 0.2112391231010104 2.408803734884272
27.197999999981963 4.09385954917523 0.8277296797678306 7.794114264513095e-05 -0.03760397138225854 0.20252132763886654 0.0459206678869014 0.21103946207168447 2.407449609321751
27.198499999981962 4.091846436465134 0.8173472305480968 7.781492399980736e-05 -0.0379994198771905 0.20229795452578564 0.04566281304419914 0.21084001235872982 2.4060745859623207
27.19899999998196 4.089822175370021 0.8069298093735215 7.768885756294595e-05 -0.03839617076044243 0.20207361227487775 0.04540416995692781 0.21064080648430936 2.4046788982037413
27.19949999998196 4.0877870541930905 0.7964776570955352 7.756294242128924e-05 -0.038794216578351956 0.2018483178950443 0.04514474217521623 0.21044187421483795 2.4032628020544666
27.19999999998196 4.085741447110775 0.7859910896757277 7.743717639854895e-05 -0.03919354841754628 0.2016220934114038 0.04488453559770535 0.21024325036722835 2.401826568277494
27.200499999981957 4.083685646184612 0.7754704134207274 7.731155698932025e-05 -0.03959415758545289 0.20139495654171002 0.044623556907731184 0.21004496582026544 2.4003704169243876
27.200999999981956 4.081620008954612 0.7649158811458632 7.71860823899275e-05 -0.03999603748766332 0.20116692766206318 0.044361810441509664 0.20984705388772262 2.3988946208633055
27.201499999981955 4.079544842883555 0.7543278426402849 7.706074961836358e-05 -0.04039917691072811 0.2009380260270842 0.044099302801678786 0.20964954640141636 2.3973994736965327
27.201999999981954 4.077460530161959 0.7437065621463607 7.693555732066817e-05 -0.040803569646804976 0.200708273283632 0.043836039033213633 0.20945247809118944 2.395885202279577
27.202499999981953 4.075367390046376 0.7330523364191333 7.681050362622717e-05 -0.04120920662368728 0.2004776885886694 0.04357202435579332 0.20925588077488075 2.394352094295911
27.20299999998195 4.073265779162901 0.7223654619374318 7.668558726618577e-05 -0.0416160796348071 0.20024629284552595 0.04330726432397059 0.20905978816064316 2.3928004112880488
27.20349999998195 4.071156048185979 0.7116462439079808 7.656080242683694e-05 -0.04202418049175959 0.20001410661561267 0.04304176496285245 0.2088642337078397 2.3912304574391823
27.20399999998195 4.069038566306905 0.7008949730367933 7.643614789449068e-05 -0.042433501090678734 0.19978115138410013 0.042775531340327896 0.20866925155522253 2.389642507119254
27.204499999981948 4.066913650483727 0.6901119604096988 7.631162008480045e-05 -0.042844032307879615 0.19954744626494206 0.04250856950822011 0.20847487353850044 2.3880368345631102
27.204999999981947 4.0647816995727 0.6792974739663578 7.618721476108006e-05 -0.04325576783228461 0.1993130137643658 0.04224088431034252 0.20828113504087334 2.386413741937183
27.205499999981946 4.062643087652776 0.6684518490143763 7.606292866030948e-05 -0.04366869787844848 0.1990778761497918 0.04197248177537807 0.20808807071308894 2.3847735420510476
27.205999999981945 4.060498162044597 0.6575753706746983 7.59387601495427e-05 -0.04408281450178217 0.19884205373547334 0.04170336712861003 0.2078957135152215 2.3831165084191253
27.206499999981943 4.0583472800886415 0.6466683250078729 7.581470298117872e-05 -0.04449811038191489 0.19860556718126157 0.04143354588071835 0.20770409689556266 2.381442955014078
27.206999999981942 4.056190847517816 0.6357310152465373 7.569075177802719e-05 -0.04491457765096899 0.19836843982523858 0.04116302334799093 0.2075132566739086 2.379753194270461
27.20749999998194 4.054029209193732 0.6247637575120369 7.556690448085275e-05 -0.045332207247792765 0.19813069219405252 0.04089180569228114 0.20732322584801371 2.37804752704996
27.20799999998194 4.051862767208454 0.6137668367324879 7.544315562005061e-05 -0.04575099214122277 0.19789234719100154 0.04061989796602167 0.20713403986172851 2.3763262760848853
27.20849999998194 4.049691926609695 0.6027405603441155 7.531949913886586e-05 -0.046170924408737185 0.19765342812590667 0.040347305682892826 0.20694573440046807 2.3745897766923374
27.208999999981938 4.047517031530481 0.5916852328700197 7.519593419029515e-05 -0.04659199491613857 0.1974139555097433 0.040074034085555016 0.20675834210052715 2.3728383323254163
27.209499999981936 4.045338483678293 0.5806011355866679 7.507245208266143e-05 -0.047014197187958635 0.1971739520775413 0.03980008849321325 0.20657189828041086 2.371072277032619
27.209999999981935 4.043156677233402 0.5694885909147185 7.494904831454051e-05 -0.047437522809347266 0.19693344074969432 0.039525475224650504 0.20638643813859273 2.369291928428625
27.210499999981934 4.04097201501342 0.5583479131477611 7.482571641864656e-05 -0.04786196356447056 0.1966924447928517 0.03925019999314676 0.20620199706680278 2.3674976444231612
27.210999999981933 4.038784874109505 0.5471793930000204 7.470245320441266e-05 -0.04828751120567374 0.19645098618005735 0.03897426735495835 0.20601860892989965 2.3656897537480286
27.211499999981932 4.036595676511247 0.53598333808797 7.45792508515647e-05 -0.04871415862787073 0.196209088883365 0.038697683462206395 0.2058363100053115 2.3638686072882136
27.21199999998193 4.0344048103898045 0.5247600553265851 7.445610537964066e-05 -0.049141897389745996 0.19596677551326913 0.03842045359885286 0.20565513472528213 2.362034544935707
27.21249999998193 4.032212704151309 0.51350985592633 7.433300810666236e-05 -0.04957072023275414 0.1957240704215947 0.03814258382542676 0.20547511953438805 2.3601879390383873
27.21299999998193 4.030019736607137 0.5022330402649126 7.420995333619607e-05 -0.05000061902008778 0.19548099561448185 0.03786407934988381 0.20529629819808085 2.3583291261401107
27.213499999981927 4.027826330503306 0.4909299263798178 7.408693665173823e-05 -0.0504315854178606 0.19523757549400578 0.03758494579236887 0.20511870671089918 2.3564584667909214
27.213999999981926 4.0256329198841945 0.4796008263068327 7.396394871513756e-05 -0.050863612103730645 0.19499383470183806 0.037305189029036664 0.20494238150382335 2.3545763473911996
27.214499999981925 4.023439885045365 0.4682460430551724 7.3840985201609e-05 -0.05129669079076269 0.19474979542671927 0.03702481435316733 0.20476735624292908 2.3526831120192586
27.214999999981924 4.021247978006464 0.45686596414935987 7.371801797672562e-05 -0.0517308190756976 0.19450549748563278 0.03674383237984106 0.20459368370586103 2.35077930816291
27.215499999981922 4.019057179032264 0.4454608127185632 7.359506778460756e-05 -0.05216598140721091 0.19426094426122759 0.03646224234698276 0.2044213765691136 2.348865084038182
27.21599999998192 4.016868052936716 0.43403093199776727 7.347211909219795e-05 -0.05260217224637622 0.19401616673805286 0.03618005190415828 0.2042504776899015 2.346940900733817
27.21649999998192 4.01468101682518 0.42257663112681676 7.334916451454159e-05 -0.053039383889409125 0.19377118882586672 0.03589726664625954 0.20408102218244217 2.3450071320909367
27.21699999998192 4.012496500008959 0.41109825517288867 7.322619621165302e-05 -0.053477607233063114 0.19352603547372818 0.03561389288298075 0.20391304580098077 2.3430641683080107
27.217499999981918 4.010314938801824 0.3995960961462 7.310320631475304e-05 -0.05391683581877527 0.19328073122022107 0.035329936149805424 0.20374658434948412 2.3411124252898516
27.217999999981917 4.008136757199643 0.3880704901468504 7.298018830440081e-05 -0.05435706047593326 0.19303530078252554 0.035045402147532795 0.20358167300488192 2.339152276566595
27.218499999981915 4.0059623994822315 0.37652176006000737 7.285713195398993e-05 -0.05479827373825784 0.19278976940907722 0.034760297145456906 0.2034183478724047 2.3371841323215357
27.218999999981914 4.003792305706549 0.36495023266222976 7.273403087275048e-05 -0.05524046721561928 0.19254416241402655 0.03447462686244767 0.20325664465208498 2.3352084097814676
27.219499999981913 4.001626901023918 0.35335624277470007 7.261087593020726e-05 -0.05568363255415559 0.19229850433505982 0.03418839775880785 0.20309659831036486 2.333225509638983
27.219999999981912 3.999466616879829 0.34174010510079245 7.248766008935305e-05 -0.05612776154679697 0.1920528199608517 0.03390161499622363 0.20293824373567834 2.3312358296479627
27.22049999998191 3.9973119302163314 0.330102147385123 7.236437304691102e-05 -0.05657284707012074 0.19180713617854717 0.03361428502467747 0.20278161818161738 2.329239836878751
27.22099999998191 3.995163255006629 0.3184427228806329 7.22410091431513e-05 -0.057018879127368714 0.1915614774386287 0.03332641405934586 0.20262675561106608 2.327237897340851
27.22149999998191 3.9930210880947525 0.3067621042404229 7.21175544709209e-05 -0.057465853368749424 0.1913158707380972 0.03303800729570361 0.20247369366351248 2.325230472701241
27.221999999981907 3.9908858258990105 0.29506070627018255 7.199400591140127e-05 -0.05791375672336439 0.19107034064293074 0.03274907213541604 0.20232246542821017 2.3232179802914477
27.222499999981906 3.9887579770032326 0.28333883293757994 7.187035069940516e-05 -0.05836258347900453 0.19082491519847408 0.03245961429624087 0.2021731089218082 2.3212008984985197
27.222999999981905 3.9866379183839715 0.27159684688055913 7.174658208285085e-05 -0.05881232295692941 0.1905796171632233 0.032169640505197356 0.20202565574675052 2.3191796029443363
27.223499999981904 3.9845261233733167 0.2598350660375706 7.162269216526419e-05 -0.059262967665785 0.19033447332003528 0.03187915617846678 0.20188014183971184 2.3171545817441417
27.223999999981903 3.9824230501913904 0.2480538509312327 7.149866929016963e-05 -0.05971450891691399 0.19008951003974964 0.031588168501641326 0.20173660250839054 2.315126253999388
27.2244999999819 3.9803291594715056 0.23625353880791228 7.137450490772694e-05 -0.060166938331741755 0.18984475372877455 0.03129668345169964 0.20159507281089625 2.3130951001682334
27.2249999999819 3.978244911519834 0.2244345057554445 7.125019019550812e-05 -0.060620246270836946 0.18960023117968533 0.031004708351909042 0.20145558781357736 2.311061555247377
27.2254999999819 3.9761707307746104 0.21259707642094655 7.112571521377222e-05 -0.06107442453392707 0.18935596684812156 0.03071224901000197 0.2013181803821742 2.3090260791477095
27.225999999981898 3.974107138806044 0.20074160830176502 7.100106960196409e-05 -0.06152946492312291 0.18911199026879483 0.030419311934240627 0.2011828880787409 2.3069891613313622
27.226499999981897 3.9720545319520513 0.18886845500824037 7.08762467606397e-05 -0.06198535750038999 0.18886832500198025 0.03012590366867614 0.20104974211711674 2.304951235306591
27.226999999981896 3.9700134002796927 0.17697799423543165 7.075123327774628e-05 -0.0624420933810717 0.18862499912754038 0.02983203174462256 0.20091877821569407 2.302912797712296
27.227499999981895 3.9679842118880986 0.16507059451156283 7.062602233090883e-05 -0.06289966285967367 0.1883820398747284 0.02953770279492109 0.200790030682864 2.3008743335818833
27.227999999981893 3.9659673892566927 0.15314657959791625 7.050060714574844e-05 -0.06335805702712408 0.18813947185444702 0.029242921921055293 0.20066353117196833 2.2988362751252382
27.228499999981892 3.9639634484614676 0.1412063536879349 7.037497122375265e-05 -0.06381726727222191 0.18789732443676646 0.02894769830173019 0.2005393162687997 2.296799156154817
27.22899999998189 3.961972801301882 0.12925026773480544 7.02491079823854e-05 -0.06427728352511505 0.18765562203229022 0.028652037809759164 0.20041741672904992 2.2947634440398237
27.22949999998189 3.9599959564884535 0.11727870315657113 7.012300667310503e-05 -0.06473809690803556 0.1874143937319837 0.02835594810505146 0.20029786809184363 2.2927296312733434
27.22999999998189 3.9580333799103204 0.10529202550103664 6.999665719840396e-05 -0.06519969786272586 0.1871736666107396 0.028059435576040383 0.20018070336259933 2.290698232613826
27.230499999981888 3.956085529048128 0.09329062545502709 6.987004781029935e-05 -0.0656620763352503 0.1869334674500335 0.027762507940418936 0.20006595504655658 2.2886697405252736
27.230999999981886 3.9541528698033868 0.0812748885965292 6.97431708445341e-05 -0.06612522241933184 0.18669382343318658 0.027465172865036976 0.1999536558020741 2.286644662696527
27.231499999981885 3.952235845152887 0.06924518430119872 6.961601587891885e-05 -0.06658912629673641 0.1864547605232758 0.02716743706260947 0.1998438367808867 2.284623479544422
27.231999999981884 3.950334954169548 0.05720190096058171 6.948857065499457e-05 -0.06705377863072788 0.1862163074704899 0.02686930818009611 0.1997365317579127 2.282606752685889
27.232499999981883 3.948450633086009 0.04514544355071152 6.936082851221055e-05 -0.06751916797867313 0.18597849037074762 0.0265707940132469 0.1996317710676558 2.2805949410689843
27.23299999998188 3.946583383987232 0.03307619065821152 6.923277476873761e-05 -0.06798528562834928 0.1857413379705187 0.026271901980051235 0.19952958809834723 2.2785886196820306
27.23349999998188 3.9447336375456814 0.020994532996845682 6.910440077154894e-05 -0.06845212100131304 0.1855048758253378 0.0259726398375695 0.19943001239704244 2.2765882752778204
27.23399999998188 3.9429019536142014 0.0089009370477686 6.897569528194748e-05 -0.06891966184225748 0.1852691367052058 0.025673016384342405 0.1993330794780788 2.274594497760763
27.234499999981878 3.941088672842917 -0.0032042650804722968 6.884665069634977e-05 -0.06938789910856469 0.18503414109619556 0.0253730385785636 0.1992388139911911 2.2726077273336145
27.234999999981877 3.939294324905947 -0.015320657738600117 6.871725337689425e-05 -0.06985682256238136 0.18479991959974684 0.025072714292875234 0.19914724940253903 2.270628565516043
27.235499999981876 3.9375193354336098 -0.02744780610244267 6.858749596675603e-05 -0.07032641955927803 0.18456649817294707 0.024772052166302017 0.19905841379952283 2.2686575123135864
27.235999999981875 3.935764214291977 -0.03958531181686749 6.845736379070063e-05 -0.07079668084970112 0.18433390609750988 0.024471060313443718 0.19897233915638682 2.266695144651072
27.236499999981874 3.9340293951946927 -0.05173280141927869 6.832685104890032e-05 -0.07126759625348064 0.18410216901330925 0.024169745786781577 0.1988890532999538 2.264741948882027
27.236999999981872 3.9323153662798904 -0.0638897825099164 6.819594493454209e-05 -0.071739152170759 0.18387131644362678 0.02386811883556462 0.19880858648871352 2.2627985593350814
27.23749999998187 3.930622588186576 -0.07605587831794208 6.8064633760506e-05 -0.07221133917272038 0.18364137517444515 0.023566186800867292 0.19873096724318623 2.260865480738221
27.23799999998187 3.9289514465776287 -0.08823064929607381 6.79329150833628e-05 -0.07268414290468549 0.18341236962429797 0.023263957570684883 0.19865621984433174 2.2589432457398297
27.23849999998187 3.9273024897181474 -0.10041365329517245 6.780077026145807e-05 -0.07315755411097229 0.18318433110482737 0.022961441567676027 0.19858437673867665 2.257032452210411
27.238999999981868 3.9256761384526624 -0.11260445322249205 6.766819058451173e-05 -0.07363155986036816 0.18295728545702308 0.02265864714307464 0.19851546337660442 2.255133647347959
27.239499999981867 3.9240728622518377 -0.12480261954664493 6.7535167003154e-05 -0.07410614859874862 0.18273126058124428 0.02235558301772489 0.19844950729546496 2.253247417195667
27.239999999981865 3.9224930909804847 -0.13700768771883315 6.740168998751393e-05 -0.07458130694873723 0.182506282925706 0.02205225883090317 0.19838653374935697 2.2513742934032663
27.240499999981864 3.9209373229277573 -0.14921922851704034 6.726774690265975e-05 -0.07505702396750416 0.18228238172361869 0.021748683219251344 0.198326570976924 2.2495148889280903
27.240999999981863 3.919405957941919 -0.1614367895506531 6.713333153777362e-05 -0.07553328608136475 0.18205958191658517 0.02144486546239753 0.1982696419742352 2.2476697337953735
27.241499999981862 3.9178994852733773 -0.17365991521679888 6.699843113392604e-05 -0.0760100812647523 0.1818379126250949 0.021140814960326174 0.19821577378935473 2.2458394419094345
27.24199999998186 3.9164183149412453 -0.18588812856784823 6.686303776340059e-05 -0.07648739526557098 0.18161739950902134 0.020836541673757886 0.1981649891071917 2.244024563893894
27.24249999998186 3.9149630000345716 -0.19812095618261097 6.672713330044012e-05 -0.07696521646805866 0.18139807489251814 0.020532055578103555 0.19811731733230462 2.2422257435086435
27.24299999998186 3.9135338925329535 -0.21035796173659 6.65907152083785e-05 -0.07744353126190028 0.18117996123886143 0.020227365571881786 0.19807277755109812 2.240443521935667
27.243499999981857 3.9121314215272847 -0.22259867921417154 6.645377653577868e-05 -0.07792232609660406 0.1809630850191179 0.019922481334114447 0.19803139222469282 2.238678453747633
27.243999999981856 3.9107560372308967 -0.23484261346669388 6.63163044502682e-05 -0.07840158718599625 0.1807474738805887 0.019617413731039767 0.19799318450136674 2.2369311432632366
27.244499999981855 3.909408166170938 -0.24708929515910052 6.617829305826735e-05 -0.07888130017581725 0.18053315440749268 0.019312171850768986 0.19795817573250318 2.235202199555321
27.244999999981854 3.9080882480272114 -0.25933821897434656 6.60397314113069e-05 -0.07936145096093361 0.18032015378750987 0.019006767226429425 0.19792638773285273 2.2334921957768823
27.245499999981853 3.9067967226057707 -0.27158891009625363 6.590060995769028e-05 -0.07984202569137729 0.1801084991470431 0.018701209466537354 0.1978978417442047 2.23180173951277
27.24599999998185 3.9055340254087008 -0.2838408855670333 6.576091885716065e-05 -0.08032301085840335 0.17989821730600764 0.018395509336714147 0.1978725585496783 2.230131416271769
27.24649999998185 3.9043004986803362 -0.29609363089174395 6.562065365173364e-05 -0.08080438931805274 0.1796893313130043 0.018089677386047293 0.1978505535719052 2.2284818015590737
27.24699999998185 3.9030966853557136 -0.30834663642731236 6.547980117002194e-05 -0.08128614801922139 0.17948187346346017 0.017783724752521428 0.1978318519041606 2.2268535722311205
27.247499999981848 3.901922850861825 -0.3205994072969863 6.533835822018678e-05 -0.08176826988947469 0.1792758628153753 0.017477662101654964 0.19781646448527704 2.2252471943903633
27.247999999981847 3.90077953884487 -0.3328514274183252 6.51963143295045e-05 -0.08225074089446709 0.17907133194769162 0.01717149997605897 0.19780441530622342 2.2236633929327994
27.248499999981846 3.8996670954536246 -0.34510213305938464 6.505365978584968e-05 -0.0827335434028251 0.17886830430042375 0.016865251587173533 0.197795718352028 2.22210271364143
27.248999999981844 3.898585799122556 -0.3573510886885234 6.491039064973313e-05 -0.08321666265561359 0.17866679892716547 0.01655892573680677 0.19779038400280094 2.2205656869673867
27.249499999981843 3.897536254632437 -0.36959770694131894 6.476649422621126e-05 -0.083700083749338 0.17846685187369923 0.016252536024871485 0.19778843789411665 2.2190530376981608
27.249999999981842 3.896518803950593 -0.3818414925369204 6.46219665801858e-05 -0.08418379045574427 0.1782684859634211 0.015946092721581418 0.19778989240169073 2.2175653089854146
27.25049999998184 3.8955338026668764 -0.3940818823303763 6.447679815801276e-05 -0.08466776484686707 0.1780717252263384 0.015639608434262015 0.19779475999435875 2.216103100823366
27.25099999998184 3.8945816649242024 -0.406318334412782 6.433098159734827e-05 -0.08515199056467247 0.17787659625084268 0.015333095291836012 0.197803055593537 2.2146670321803894
27.25149999998184 3.893662602124857 -0.4185503588681587 6.418451740769158e-05 -0.08563644932091552 0.1776831155929319 0.015026563309509591 0.19781478363357888 2.213257622207684
27.251999999981837 3.892777216588898 -0.4307773422139636 6.403738801722726e-05 -0.08612112624076519 0.1774913193474942 0.014720027624455349 0.197829967502289 2.2118755518541993
27.252499999981836 3.8919257990433116 -0.44299873811586743 6.388959421507569e-05 -0.08660600209557455 0.17730122852132216 0.014413499850565106 0.1978486143800128 2.2105214048608524
27.252999999981835 3.891108720201978 -0.45521400616675534 6.37411268935879e-05 -0.0870910600211767 0.1771128676327398 0.014106992026381129 0.19787073518015996 2.2091957727389997
27.253499999981834 3.8903263365115577 -0.4674225570749513 6.359197968255102e-05 -0.08757628110196465 0.17692626110131485 0.013800517670856135 0.19789633944801652 2.2078992268065436
27.253999999981833 3.8895790112165236 -0.47962385540900365 6.344214769093382e-05 -0.08806164830281595 0.17674143308852616 0.013494088630945106 0.19792543671790802 2.2066324012030716
27.25449999998183 3.888867068431179 -0.49181730468484897 6.32916263579635e-05 -0.08854714152841528 0.17655840667536374 0.01318771820120804 0.1979580338151266 2.205395846888046
27.25499999998183 3.8881908969909205 -0.5040023719228408 6.314040855736502e-05 -0.08903274491997845 0.17637720705440063 0.012881418865908635 0.19799414079284228 2.2041901819641088
27.25549999998183 3.8875507844866397 -0.5161784212031516 6.298849172592213e-05 -0.0895184362358027 0.17619785603233873 0.01257520499556792 0.19803376145793122 2.203015973204833
27.255999999981828 3.8869470594892648 -0.5283448841317109 6.283587218947891e-05 -0.09000419690837971 0.17602037649323046 0.012269089669073415 0.198076901639865 2.2018737694223462
27.256499999981827 3.886380037543003 -0.5405011569761726 6.268254292973517e-05 -0.09049000680658327 0.17584479107984086 0.011963086639722247 0.19812356579598972 2.2007641811975844
27.256999999981826 3.8858500852299205 -0.5526466408236798 6.252850053216893e-05 -0.09097584688783628 0.1756711248108096 0.011657210020072247 0.19817376051007898 2.1996877832032093
27.257499999981825 3.8853574655500673 -0.5647807647421946 6.237374475246057e-05 -0.09146169681109097 0.17549939766927233 0.011351472260685246 0.1982274867124295 2.1986451506051665
27.257999999981823 3.8849024724907686 -0.5769028938922586 6.221827065493165e-05 -0.0919475354745251 0.17532963149931471 0.011045888784497502 0.19828474631338647 2.1976367888726362
27.258499999981822 3.884485407722489 -0.5890124419398578 6.206207583103072e-05 -0.09243334237062657 0.1751618483668843 0.01074047212341911 0.19834554103014965 2.196663330277699
27.25899999998182 3.884106600761936 -0.6011087624508558 6.190515466148613e-05 -0.09291909720917113 0.17499607174382006 0.010435238914083877 0.19840987365332813 2.195725320979735
27.25949999998182 3.883766271591388 -0.6131912541583242 6.174750738856523e-05 -0.0934047779535485 0.17483231992853804 0.010130202501876826 0.1984777409153868 2.1948232460591885
27.25999999998182 3.8834647230710564 -0.6252592800205572 6.158913180852615e-05 -0.09389036284033275 0.17467061540979895 0.009825377701075963 0.19854914295684087 2.193957721968053
27.260499999981818 3.883202223598733 -0.6373122127777935 6.143002547755788e-05 -0.0943758303551207 0.17451097887025901 0.009520779438706065 0.19862407795278747 2.193129254938104
27.260999999981816 3.8829789787183726 -0.6493494528144212 6.127018906288736e-05 -0.09486115884625226 0.17435342769225243 0.009216421773956623 0.19870254058770073 2.19233834365727
27.261499999981815 3.8827952458975243 -0.6613703185392268 6.110962344139206e-05 -0.0953463243162799 0.17419798276711315 0.00891232093951852 0.19878452712745442 2.1915855907082484
27.261999999981814 3.8826513123851036 -0.6733741755532375 6.094832446864824e-05 -0.0958313050970992 0.17404466580754335 0.00860849187627778 0.19887003511101592 2.1908714695356144
27.262499999981813 3.8825474180359176 -0.6853603906284429 6.0786292598455776e-05 -0.0963160789645174 0.17389349620836622 0.008304949761845162 0.19895905930923327 2.190196532980157
27.262999999981812 3.882483745967049 -0.6973282705352347 6.0623527382955156e-05 -0.09680062048653647 0.1737444913949757 0.008001711228058579 0.1990515907981006 2.189561236584117
27.26349999998181 3.882460531406376 -0.7092772073815641 6.046003094217235e-05 -0.09728490808314715 0.173597670321939 0.0076987906273066325 0.199147623282514 2.1889661020494025
27.26399999998181 3.8824779622499968 -0.7212065220090156 6.0295804915873264e-05 -0.09776891679601621 0.17345305053815782 0.007396204173398532 0.19924714720325024 2.1884115870077174
27.26449999998181 3.8825362511853836 -0.7331155516003944 6.0130849870988494e-05 -0.09825262292704556 0.17331065049717542 0.007093967969751135 0.19935015392357774 2.1878982186579776
27.264999999981807 3.8826355771287053 -0.7450036134177682 5.996516783506435e-05 -0.09873600139616333 0.17317048729558673 0.006792098551913352 0.19945663249095788 2.187426423299572
27.265499999981806 3.8827761201803583 -0.756870049964546 5.979876018268401e-05 -0.09921902826511327 0.17303257775468447 0.006490611937231502 0.1995665717940357 2.186996676272372
27.265999999981805 3.882958078997306 -0.768714171053751 5.963162867870343e-05 -0.09970167831350141 0.17289694008863543 0.006189524679516428 0.19967996085311226 2.1866094726093945
27.266499999981804 3.8831815709549176 -0.7805353110340842 5.946377757775215e-05 -0.10018392660095324 0.17276358815077317 0.0058888534877891766 0.1997967845970395 2.1862651765790733
27.266999999981802 3.883446814533225 -0.7923327922984988 5.929521026309994e-05 -0.10066574801537233 0.1726325411365055 0.005588613865237399 0.19991703200997266 2.185964338524439
27.2674999999818 3.883753863412217 -0.8041058989099964 5.912593041297057e-05 -0.10114711520408091 0.17250381035848955 0.005288824326947667 0.20004068377474282 2.1857072378954325
27.2679999999818 3.884102916545697 -0.8158539577898033 5.895594282889989e-05 -0.10162800325200894 0.1723774139043561 0.004989500793903277 0.20016772713780911 2.185494381248774
27.2684999999818 3.8844940504546748 -0.8275762519156897 5.8785250132546586e-05 -0.10210838495268824 0.17225336423916715 0.004690661552961158 0.20029814296483628 2.1853261155572152
27.268999999981798 3.884927413785095 -0.8392720993033611 5.861385707725592e-05 -0.10258823484703607 0.17213167702262708 0.004392323367677564 0.2004319152934953 2.1852028604549254
27.269499999981797 3.8854030900243113 -0.8509407820088801 5.8441770664161615e-05 -0.10306752473503139 0.17201236537236908 0.004094503595270092 0.2005690241679791 2.1851250073714485
27.269999999981795 3.88592115710407 -0.8625815974239626 5.8268996651014056e-05 -0.1035462276368626 0.1718954417223818 0.0037972199617472514 0.20070944925985826 2.1850928699464407
27.270499999981794 3.886481765923735 -0.8741938413584162 5.809553841820609e-05 -0.10402431747756308 0.17178092210012458 0.003500489937149627 0.20085317337309358 2.1851068627525723
27.270999999981793 3.8870849125992923 -0.8857767899361098 5.792140536502844e-05 -0.10450176512420757 0.17166881533793837 0.0032043318926815167 0.20100017118521238 2.1851672394344357
27.271499999981792 3.887730672433057 -0.8973297326835793 5.7746605255174436e-05 -0.10497854254135802 0.17155913403043382 0.0029087630683170113 0.20115042074519177 2.185274380314077
27.27199999998179 3.888419118419655 -0.9088519495744314 5.757114251046981e-05 -0.10545462236671295 0.17145189055135912 0.002613801952996278 0.2013038998946388 2.185428607259783
27.27249999998179 3.8891503457434187 -0.9203427617184758 5.7395023226306e-05 -0.10592997866342208 0.171347097915887 0.002319465577418549 0.20146058737230582 2.185630240421319
27.27299999998179 3.8899242982199507 -0.9318013720085799 5.721825938217269e-05 -0.10640457850792479 0.17124476343179423 0.0020257741523503963 0.20162045305766135 2.185879360897777
27.273499999981787 3.890741021026016 -0.9432270854138348 5.704085766552314e-05 -0.10687839480642128 0.17114489786296405 0.001732745310543001 0.20178347243328149 2.186176479160893
27.273999999981786 3.8916005295810474 -0.954619145931918 5.686282779945595e-05 -0.10735139719061876 0.17104751145104213 0.001440398023376947 0.20194961846668125 2.1865218081754443
27.274499999981785 3.8925028220321725 -0.9659768311620827 5.6684180049904444e-05 -0.10782355692952117 0.17095261307016715 0.0011487510433149076 0.20211886347743868 2.186915522007865
27.274999999981784 3.8934478804568706 -0.9772993986635146 5.650492143780003e-05 -0.10829484411381562 0.17086021106168464 0.0008578232369832908 0.20229117837015276 2.187357887282852
27.275499999981783 3.894435745618925 -0.9885861207247251 5.6325061537798884e-05 -0.10876523010182798 0.17077031646621454 0.0005676330800546349 0.20246653667307155 2.1878491469402315
27.27599999998178 3.8954663066969113 -0.9998362337196314 5.6144613613765976e-05 -0.10923468286900824 0.17068293345767485 0.000278200530376518 0.20264490398414897 2.1883893936073244
27.27649999998178 3.8965395243916467 -1.0110489998476682 5.596358794958711e-05 -0.10970317206180154 0.17059806939462863 -1.0455827711837364e-05 0.20282624916642347 2.1889788811079383
27.27699999998178 3.897655388935161 -1.02222366844847 5.578199455366754e-05 -0.11017066804111622 0.1705157330248832 -0.00029831611773289014 0.20301054233252314 2.189617714778353
27.277499999981778 3.898813781475661 -1.0333595066042616 5.559984710710679e-05 -0.11063713926386896 0.1704359279183569 -0.000585361903478571 0.20319774791675752 2.1903060873044717
27.277999999981777 3.900014667977405 -1.0444557468211797 5.541715510746498e-05 -0.11110255516961258 0.17035866180933582 -0.0008715727712649856 0.2033878340948152 2.1910441079278553
27.278499999981776 3.9012574838343985 -1.0555117491566695 5.5233964593059715e-05 -0.11156687594492666 0.1702839173914796 -0.001156937291967855 0.20358074278820296 2.1918316425191566
27.278999999981774 3.90254280898425 -1.0665265991929878 5.505024054785949e-05 -0.11203008248604253 0.17021173119590977 -0.00144142394379275 0.20377647195278428 2.192669092690622
27.279499999981773 3.9038706607661897 -1.0774994605166275 5.486597524891669e-05 -0.11249214593311345 0.1701421131377173 -0.001725007157291178 0.20397499162715363 2.1935566328622484
27.279999999981772 3.905240335105007 -1.0884297971560604 5.468124007195514e-05 -0.11295302377776908 0.1700750394466641 -0.0020076823982672323 0.2041762361587115 2.1944939786592323
27.28049999998177 3.9066519827069146 -1.0993167687968752 5.449602210646165e-05 -0.11341268916923831 0.170010526397344 -0.0022894239078370686 0.20438018155469487 2.1954813991647546
27.28099999998177 3.9081054310175976 -1.1101595990959117 5.4310341530926356e-05 -0.1138711083321141 0.16994857550298784 -0.002570211485851171 0.2045867874897126 2.1965188216469356
27.28149999998177 3.9096004859311435 -1.1209575488644457 5.412421334447578e-05 -0.11432824902512331 0.1698891866125426 -0.0028500255959112964 0.20479601289800364 2.197606227709271
27.281999999981768 3.911137061495871 -1.1317098302904454 5.393764695431547e-05 -0.11478407946221841 0.16983236514523725 -0.003128844915427612 0.2050078213613297 2.1987437096704383
27.282499999981766 3.9127148797380484 -1.1424157179265726 5.375066389694894e-05 -0.11523856615908366 0.16977810698117032 -0.003406650594849641 0.20522216744003707 2.1999311017152485
27.282999999981765 3.9143338551642914 -1.1530744304220857 5.356327467523584e-05 -0.11569167747249047 0.16972641746725287 -0.0036834214122556967 0.20543901434724424 2.2011684314858018
27.283499999981764 3.915993733455172 -1.1636852111128164 5.337549729065343e-05 -0.11614337953249074 0.16967729384514052 -0.003959137369009089 0.20565831717814145 2.2024556142900726
27.283999999981763 3.917694276058261 -1.1742472909948596 5.318735145398253e-05 -0.11659363842775894 0.16963073419111094 -0.004233777674148448 0.20588003151697942 2.2037924725859868
27.28449999998176 3.9194352987962224 -1.1847598683024276 5.299884960570561e-05 -0.11704241996001277 0.16958673949547942 -0.004507320944281131 0.2061041150120452 2.205178985592697
27.28499999998176 3.9212166356807208 -1.1952222920224616 5.281000549501391e-05 -0.11748969594737788 0.16954530982071175 -0.004779749662002862 0.20633052789841802 2.2066148607464244
27.28549999998176 3.9230379329278153 -1.2056337216049249 5.2620845397888596e-05 -0.11793542806381584 0.16950643861414832 -0.00505104095091963 0.20655921896380072 2.2081001640233473
27.285999999981758 3.924899040934287 -1.2159934000299313 5.243138045013106e-05 -0.1183795841517222 0.1694701280157349 -0.005321174641980892 0.20679014757278627 2.2096347359488613
27.286499999981757 3.9267995971749596 -1.2263005746166136 5.224163567441506e-05 -0.11882212900902164 0.1694363700393065 -0.005590130387939551 0.2070232629249369 2.2112182407324976
27.286999999981756 3.9287393647663538 -1.2365544730893154 5.205162505629577e-05 -0.1192630293883221 0.16940516259009772 -0.0058578866094791005 0.2072585200337654 2.21285047639775
27.287499999981755 3.9307184349117708 -1.2467541599111043 5.186132047863168e-05 -0.1197022588313271 0.16937651879855023 -0.006124410017453145 0.20749588980917077 2.214531456852218
27.287999999981754 3.9327358877220817 -1.2568991418072288 5.167081390598972e-05 -0.12013977036486237 0.16935040495696216 -0.006389699449730339 0.2077352939234612 2.2162605742790293
27.288499999981752 3.9347916737500728 -1.2669885661377749 5.14800965447704e-05 -0.12057553529038667 0.16932682742738103 -0.006653726638863508 0.20797669647191264 2.2180377164069127
27.28899999998175 3.9368855593241663 -1.277021618207414 5.12891832700588e-05 -0.12100951820382515 0.16930578507748753 -0.006916469555638245 0.20822005164666627 2.2198625822411597
27.28949999998175 3.939017086603015 -1.286997658950155 5.1098100072671406e-05 -0.12144168710115977 0.1692872638217255 -0.007177910453165109 0.20846530516298423 2.2217348021379673
27.28999999998175 3.9411859582973365 -1.296915869826801 5.090686706096567e-05 -0.12187200534088502 0.1692712594353762 -0.00743802703450863 0.20871240787939088 2.2236541348677066
27.290499999981748 3.943391823353173 -1.3067755567037413 5.0715507371336356e-05 -0.12230043996696621 0.16925776386528055 -0.007696800648634651 0.20896130978009636 2.2256201773319537
27.290999999981747 3.9456343354401198 -1.3165759154599643 5.05240364627607e-05 -0.1227269558688364 0.16924676985118914 -0.007954207732231662 0.20921196003704043 2.2276326236169117
27.291499999981745 3.947913086755628 -1.3263162237300832 5.033247823505486e-05 -0.12315151814457119 0.1692382668636919 -0.008210228742000794 0.20946430542776212 2.229691054223853
27.291999999981744 3.950227732971014 -1.3359957146780157 5.0140852640643044e-05 -0.12357409191470108 0.16923224769184514 -0.008464842301007776 0.209718295354883 2.2317950988963755
27.292499999981743 3.9525778578223703 -1.3456136890404788 4.994918634779744e-05 -0.12399464304978393 0.16922870117748814 -0.008718029339349138 0.20997387657235997 2.233944303051333
27.292999999981742 3.9549630536084686 -1.355169380365016 4.975749432319628e-05 -0.12441313689765449 0.1692276167126869 -0.008969767442265733 0.210230995856793 2.2361382193279575
27.29349999998174 3.957382887222753 -1.3646620760030295 4.9565802298795966e-05 -0.12482953871302635 0.16922898239807188 -0.009220036989255801 0.21048959903253442 2.2383763775471612
27.29399999998174 3.9598369829585875 -1.3740910161450912 4.937413207560004e-05 -0.1252438135776504 0.1692327893987143 -0.00946881644234683 0.21074963423921214 2.2406583023938595
27.29449999998174 3.96232487345374 -1.3834554927992857 4.918250746952463e-05 -0.1256559269479106 0.16923902398655274 -0.009716085898339112 0.21101104601949994 2.242983438929376
27.294999999981737 3.964846195933021 -1.3927547404559104 4.899094654718723e-05 -0.12606584361963158 0.16924767800413612 -0.00996182417522979 0.21127378298837587 2.245351440188273
27.295499999981736 3.967400245721531 -1.4019880144659422 4.879949165726107e-05 -0.12647352354684463 0.16925872710625198 -0.010206010151769541 0.2115377779575104 2.247761490318089
27.295999999981735 3.9699868244165595 -1.411154695580069 4.8608140359636965e-05 -0.12687894111154877 0.1692721687337347 -0.010448625484537767 0.21180299001649136 2.250213305201077
27.296499999981734 3.9726054111674047 -1.4202540480019366 4.8416926172020315e-05 -0.1272820596320876 0.16928798697599248 -0.01068964946109909 0.2120693609274364 2.252706209308246
27.296999999981733 3.9752554971375202 -1.4292853836751196 4.822587686311468e-05 -0.12768284372952682 0.16930616615048633 -0.01092906358893486 0.21233683361669928 2.255239655186746
27.29749999998173 3.9779365407396265 -1.4382479399330355 4.803501256493148e-05 -0.1280812574365522 0.16932668905924939 -0.011166844529523946 0.21260534930015906 2.257812925644265
27.29799999998173 3.9806481518856685 -1.4471410314213664 4.784435680050136e-05 -0.12847726789058503 0.16934954541224848 -0.011402973244160444 0.21287485688725993 2.260425520162344
27.29849999998173 3.983389639748413 -1.4559639563588194 4.765393051172565e-05 -0.12887083912245179 0.1693747101698092 -0.011637428191852858 0.21314529165841842 2.263076682749597
27.298999999981728 3.9861606857222833 -1.4647160367520402 4.746376283053884e-05 -0.12926193855687823 0.16940217674190158 -0.011870191483617605 0.21341660593832518 2.2657658480607745
27.299499999981727 3.988960679254391 -1.473396621711469 4.7273879084412136e-05 -0.12965053233936033 0.1694319236155838 -0.012101243794236905 0.21368873947244882 2.2684923063472455
27.299999999981726 3.991789142340721 -1.482004974907459 4.708430169855032e-05 -0.1300365849318517 0.1694639367309461 -0.01233056417155333 0.21396163694895767 2.2712554449252367
27.300499999981724 3.99464545926595 -1.4905405027818754 4.6895054206095644e-05 -0.13042006420899183 0.16949819373424393 -0.012558135220365235 0.21423523890261803 2.2740544423901765
27.300999999981723 3.9975290633967644 -1.499002507180822 4.670616866306731e-05 -0.13080093478895377 0.1695346759240058 -0.012783936653623526 0.2145094867801554 2.276888633191973
27.301499999981722 4.0004393801737015 -1.5073902208030343 4.651767288767028e-05 -0.13117915802954833 0.1695733651408028 -0.01300794691811271 0.21478432053933008 2.279757294107855
27.30199999998172 4.003375876413448 -1.5157030917368965 4.6329590110156605e-05 -0.1315547046515503 0.16961424246449525 -0.01323014979548776 0.2150596857301997 2.282659641582635
27.30249999998172 4.006337972921601 -1.5239404389842766 4.6141945411143446e-05 -0.13192754019704953 0.16965728819133685 -0.013450525131902443 0.2153355240669927 2.285594932773006
27.30299999998172 4.009325083582224 -1.5321016178569504 4.595476358072343e-05 -0.13229763138924017 0.1697024818925555 -0.013669053801256699 0.21561177765492784 2.2885624083530733
27.303499999981717 4.012336642299054 -1.540185964708113 4.576807080403704e-05 -0.13266494414147584 0.16974980440916582 -0.01388571655495818 0.21588838927847787 2.291561283913325
27.303999999981716 4.015371987466852 -1.54819292072344 4.5581901286374386e-05 -0.13302944565278077 0.16979923117643822 -0.01410049808216568 0.21616529870670922 2.294590757301322
27.304499999981715 4.018430548796493 -1.5561217989517222 4.539627321870089e-05 -0.13339110275086988 0.1698507425645951 -0.014313376707871377 0.21644244915362354 2.297650011426631
27.304999999981714 4.021511710686325 -1.5639719968051695 4.521121572623458e-05 -0.1337498825158004 0.16990431643472273 -0.014524335179838182 0.21671978250394466 2.300738253654463
27.305499999981713 4.024614775185718 -1.5717429011093034 4.502675816056091e-05 -0.13410575058435606 0.1699599267930708 -0.014733355743606751 0.21699723691044356 2.3038545883182606
27.30599999998171 4.027739237561155 -1.5794338996638604 4.4842922639203274e-05 -0.13445867653305033 0.17001755655013337 -0.01494041976434039 0.21727476009199032 2.306998269291663
27.30649999998171 4.030884427681148 -1.5870444066584886 4.465973825694067e-05 -0.13480862761098772 0.1700771806851499 -0.015145510039743475 0.21755229243225882 2.3101684149634796
27.30699999998171 4.034049579304565 -1.5945738431090466 4.447723846692604e-05 -0.1351555694657954 0.1701387695925369 -0.015348609880138003 0.21782977000708256 2.3133640977406813
27.307499999981708 4.037234232303804 -1.6020216044261668 4.429543903816442e-05 -0.13549947316582814 0.17020230803893854 -0.01554970049633288 0.21810714356830305 2.31658455467554
27.307999999981707 4.040437600372254 -1.6093871774746948 4.411437456727234e-05 -0.1358403065040755 0.17026776471945987 -0.015748766972170602 0.21838434979372093 2.3198288419361317
27.308499999981706 4.043659116376959 -1.6166699585389355 4.393406738525176e-05 -0.13617803840680698 0.17033511941753585 -0.015945790923005944 0.21866133471529028 2.3230961048081746
27.308999999981705 4.046898068961273 -1.6238693570255278 4.3754546914525585e-05 -0.13651263546630338 0.17040434515692504 -0.01614075488334995 0.21893803794343425 2.3263854622748963
27.309499999981703 4.050153816196362 -1.6309848281822104 4.3575841410715484e-05 -0.1368440668398864 0.17047541770012162 -0.016333642786514342 0.21921440316728205 2.329696022834357
27.309999999981702 4.053425801925362 -1.638015814144219 4.3397960086992416e-05 -0.13717230628596658 0.17054831598351 -0.016524434802766143 0.219490379384093 2.33302694312383
27.3104999999817 4.056713171698273 -1.644961837808714 4.3220958399391136e-05 -0.13749731732065545 0.17062300634245198 -0.01671312131399953 0.21976590042081115 2.3363772140963084
27.3109999999817 4.060015280212317 -1.6518223307112245 4.304485149095739e-05 -0.13781907112654868 0.1706994638109063 -0.016899682836056203 0.22004091117670568 2.339745959309591
27.3114999999817 4.063331496009962 -1.6585967980327503 4.286966421796859e-05 -0.13813753939912715 0.17077766393398636 -0.01708410434664058 0.22031535786531517 2.343132286945469
27.311999999981698 4.0666610740013995 -1.6652847171204122 4.269542653545211e-05 -0.1384526908642033 0.17085757719451627 -0.017266370039806002 0.22058918111881698 2.346535228475088
27.312499999981696 4.070003475572512 -1.6718856419414552 4.252215454791844e-05 -0.1387645011138612 0.17093918279533396 -0.01744646583450812 0.22086233303628314 2.349954021995565
27.312999999981695 4.073357919745869 -1.678399009674042 4.2349882092433084e-05 -0.13907293724908976 0.1710224499233961 -0.017624374192804052 0.22113475262513071 2.3533876097455018
27.313499999981694 4.076723569619763 -1.684824466535126 4.217864382008177e-05 -0.1393779712246313 0.17110734312615075 -0.017800085873091967 0.2214063792926344 2.3568351010529307
27.313999999981693 4.080099828805713 -1.6911613287647789 4.2008461823263444e-05 -0.13967956948024438 0.17119384151621142 -0.017973579009137385 0.2216771595037744 2.360295494215368
27.31449999998169 4.083486065613082 -1.69740921177138 4.183935655595295e-05 -0.1399777084507403 0.1712819190868698 -0.018144841169832372 0.2219470430762255 2.3637679451450158
27.31499999998169 4.086881551658667 -1.7035676741301038 4.1671356859560024e-05 -0.14027236005115717 0.1713715462116908 -0.018313858990752746 0.22221597439527233 2.3672515208492735
27.31549999998169 4.090285534624943 -1.709636261305769 4.1504489939062554e-05 -0.14056349604205404 0.17146269203873987 -0.0184806179882442 0.22248389699473467 2.370745235780875
27.31599999998169 4.093697416346672 -1.7156145182141735 4.1338776133693416e-05 -0.14085109054391112 0.17155533306375337 -0.01864510396981031 0.2227507618664175 2.374248263117793
27.316499999981687 4.097116397622015 -1.7215020213687326 4.1174246310069274e-05 -0.1411351154916803 0.17164943592814433 -0.018807303428413375 0.22301651136529885 2.3777595630188575
27.316999999981686 4.100541855526944 -1.7272983697715785 4.10109222559259e-05 -0.14141554630080483 0.17174497539254568 -0.01896720399143711 0.22328109668172536 2.381278330686673
27.317499999981685 4.1039731320185115 -1.7330031736748754 4.084882503782335e-05 -0.14169235927701168 0.17184192415203992 -0.019124792518313716 0.22354446819957266 2.384803630422669
27.317999999981684 4.107409333505776 -1.7386159475358136 4.068798795300102e-05 -0.14196552200704204 0.1719402451954444 -0.019280054348613407 0.22380656347008004 2.3883344230140566
27.318499999981682 4.110849980788364 -1.7441363310768043 4.0528420364006125e-05 -0.14223501599946728 0.17203991894825205 -0.019432976060841507 0.22406734265990458 2.3918699277852626
27.31899999998168 4.114294252941803 -1.7495638967648695 4.037015590527678e-05 -0.14250081159302191 0.17214091135436838 -0.019583545224050425 0.2243267480933223 2.3954091790502465
27.31949999998168 4.117741526808885 -1.754898282236115 4.021320865044929e-05 -0.14276288772857115 0.17224319611095473 -0.019731748510496704 0.22458473371624998 2.39895128494224
27.31999999998168 4.121190952375461 -1.760139151165748 4.005761959911427e-05 -0.14302121590719066 0.1723467372094088 -0.019877577804462494 0.22484124204796754 2.4024953201623926
27.320499999981678 4.124641927017955 -1.7652861442153327 3.990340362595735e-05 -0.14327577537088895 0.17245150932277162 -0.020021019928446328 0.22509622856637707 2.406040383667264
27.320999999981677 4.1280939363377485 -1.7703391659619714 3.9750578322025574e-05 -0.14352655497980604 0.1725574887224529 -0.020162070874008703 0.22534965720075834 2.4095857213618834
27.321499999981675 4.131545992277813 -1.775297575433876 3.9599173989035756e-05 -0.1437735160957142 0.17266463531642975 -0.020300710572633662 0.22560146069836098 2.41313027919447
27.321999999981674 4.134997525013638 -1.780161035364562 3.9449209220641735e-05 -0.14401663840018292 0.17277292535086017 -0.02043692730335088 0.22585159700118435 2.416673221460041
27.322499999981673 4.138447828374661 -1.7849292739563263 3.9300708098066185e-05 -0.14425590054095555 0.1728823281468762 -0.02057071262282435 0.2261000186735443 2.4202137080158597
27.322999999981672 4.141896204698394 -1.7896019673137185 3.915368940029002e-05 -0.14449128139205847 0.17299281347935375 -0.02070205447552343 0.2263466787327109 2.4237508056053345
27.32349999998167 4.1453419446477575 -1.794178777195699 3.90081752188357e-05 -0.14472275766156933 0.17310435113125844 -0.02083094185236814 0.2265915291978058 2.4272836752759677
27.32399999998167 4.148784333666309 -1.7986595993255343 3.886419071189915e-05 -0.1449503140896741 0.1732169080611897 -0.020957371109749514 0.2268345260246014 2.430811489033352
27.32449999998167 4.15222255268788 -1.8030441901043692 3.872175344951364e-05 -0.14517392927897957 0.17333044765137032 -0.021081333924555332 0.2270756183859491 2.434333483643646
27.324999999981667 4.155656279380831 -1.8073319199849696 3.858087349254992e-05 -0.14539357883152396 0.17344496049437866 -0.021202807406174088 0.22731477322919083 2.4378487235311677
27.325499999981666 4.1590846576988 -1.811522684580749 3.844158076309484e-05 -0.1456092441956743 0.1735604071068512 -0.02132178883574777 0.22755194042127536 2.441356378522001
27.325999999981665 4.162507143359494 -1.8156162804247087 3.830388919165435e-05 -0.14582091085152143 0.17367676322857659 -0.021438270124447375 0.22778708381524004 2.444855745724912
27.326499999981664 4.165922920564467 -1.8196123696164435 3.816782264842477e-05 -0.1460285540907483 0.17379399345588076 -0.021552239907314256 0.22802015221510522 2.4483458681088703
27.326999999981663 4.169331400132264 -1.8235107553240768 3.803339392554748e-05 -0.14623215918424765 0.17391207122217786 -0.021663690030580846 0.22825110812921828 2.4518260206021614
27.32749999998166 4.172731851619727 -1.8273112280479924 3.7900627272540225e-05 -0.14643170738567174 0.17403096375737062 -0.02177261300381116 0.2284799071061085 2.455295328832057
27.32799999998166 4.176123656962126 -1.8310135385583801 3.776953877735942e-05 -0.146627180468553 0.17415064399641358 -0.021879000209022517 0.22870650954152924 2.458753073673433
27.32849999998166 4.17950618846752 -1.8346174988478552 3.764014593201502e-05 -0.14681856272759775 0.17427108363319124 -0.021982844352337723 0.22893087689934574 2.462198510068826
27.328999999981658 4.18287879072324 -1.8381228849929867 3.7512464314198597e-05 -0.14700583731139585 0.17439225328001284 -0.022084136360570047 0.22915296918542644 2.465630822534663
27.329499999981657 4.186240681899247 -1.8415294775749942 3.738652427559176e-05 -0.14718898264974456 0.17451411830512675 -0.022182870231900045 0.2293727399518258 2.469049223482274
27.329999999981656 4.1895914021556715 -1.8448371041086067 3.726232474896548e-05 -0.1473679888524758 0.17463665739154888 -0.0222790367177862 0.22959016033007407 2.4724530763370045
27.330499999981654 4.1929302584793735 -1.8480456512368328 3.713988650481693e-05 -0.1475428414025059 0.1747598384320908 -0.022372631175382292 0.22980519098498448 2.4758416253565954
27.330999999981653 4.196256635845853 -1.851154960811522 3.701922790207286e-05 -0.14771352521960807 0.17488363354418973 -0.022463647816242997 0.23001779558902488 2.479214156125758
27.331499999981652 4.199569558204898 -1.8541650972250832 3.6900373217214324e-05 -0.14788002709762296 0.17500799514032198 -0.022552087996976986 0.23022792500140388 2.4825699825055025
27.33199999998165 4.202868808608809 -1.8570754765663207 3.678332475538709e-05 -0.1480423263871486 0.17513291828982935 -0.022637929662715446 0.2304355556988659 2.485908281349638
27.33249999998165 4.206153711389521 -1.8598861096074577 3.6668099803382384e-05 -0.1482004129267654 0.17525837030651098 -0.02272117243471364 0.23064065216471683 2.489228466879446
27.33299999998165 4.209423574416855 -1.8625968753622875 3.655471689379257e-05 -0.14835427239686125 0.17538431903155782 -0.022801810992483337 0.2308431763884354 2.492529790941714
27.333499999981647 4.212677850015126 -1.8652076468263954 3.644318850435672e-05 -0.1485038926763759 0.17551073918798293 -0.022879839825104224 0.23104309723679511 2.4958116706329063
27.333999999981646 4.215915881094706 -1.8677183326479316 3.6333529465339626e-05 -0.14864926165010178 0.1756375997988208 -0.022955253921476595 0.2312403795508272 2.499073366982447
27.334499999981645 4.219137083035994 -1.8701288416322277 3.622575457315545e-05 -0.14879036753491276 0.17576487352451045 -0.023028049190220046 0.2314349914895515 2.5023142965779828
27.334999999981644 4.222340645039402 -1.8724392458653683 3.6119885914544474e-05 -0.14892720018454247 0.17589252065533548 -0.023098226934715724 0.23162689365620312 2.5055338023993006
27.335499999981643 4.225526241211121 -1.8746492450660215 3.601592317104699e-05 -0.14905974699093402 0.17602052773268292 -0.02316577451115183 0.2318160638631305 2.5087312524779057
27.33599999998164 4.2286933716535025 -1.8767588262509136 3.5913875498236963e-05 -0.14918800115983744 0.17614887037513757 -0.023230689206255442 0.23200247659346723 2.51190612017097
27.33649999998164 4.2318412582250655 -1.8787677587150138 3.581376444898311e-05 -0.1493119425639328 0.17627751369440992 -0.02329296297355116 0.23218608948553585 2.5150576615604083
27.33699999998164 4.234969367447455 -1.8806762374217467 3.5715606675999035e-05 -0.1494315697440595 0.17640642983300453 -0.02335260097479305 0.2323668790832471 2.5181853844283077
27.337499999981638 4.238077208072564 -1.8824841088246096 3.561940457570359e-05 -0.14954687230499933 0.17653559596943652 -0.0234095953173064 0.23254481893478504 2.5212887346177713
27.337999999981637 4.241164129176292 -1.884191370727488 3.552517716517144e-05 -0.14965784032540197 0.1766649807076154 -0.023463944693140407 0.2327198772770568 2.5243670912448657
27.338499999981636 4.244229623986585 -1.8857979946307168 3.543293146058083e-05 -0.1497644665831629 0.17679455943033448 -0.023515645984459165 0.2328920292778862 2.5274199406573183
27.338999999981635 4.247273016380694 -1.887303939369899 3.534268680016617e-05 -0.14986673962522667 0.17692429990537759 -0.02356469644468887 0.233061241868814 2.5304466586632075
27.339499999981633 4.250293705069898 -1.8887092462489723 3.5254456606952984e-05 -0.14996465168120784 0.17705417265991708 -0.02361109660198765 0.23322748700121543 2.53344672667362
27.339999999981632 4.253291420153017 -1.890013893430348 3.5168236156505835e-05 -0.150058201470743 0.1771841636757289 -0.02365484155354667 0.23339075220544833 2.536419740558263
27.34049999998163 4.256265589719778 -1.8912180859910863 3.5084047806945114e-05 -0.15014738576070763 0.17731424362013612 -0.023695938428900085 0.23355101356958818 2.5393652504542197
27.34099999998163 4.2592155753521235 -1.8923215740359234 3.5001894716727016e-05 -0.15023218944895506 0.17744438340291466 -0.023734375133184858 0.23370823800377694 2.542282618786537
27.34149999998163 4.2621409189770025 -1.8933245639576786 3.492179180471021e-05 -0.1503126127607886 0.17757455861738008 -0.02377015712752839 0.23386240782348824 2.5451714319481904
27.341999999981628 4.265041043370202 -1.8942269746650886 3.484374636858918e-05 -0.15038864548287426 0.1777047418360071 -0.02380327979918015 0.2340134955304365 2.5480311778933515
27.342499999981627 4.267915510874399 -1.895028889476594 3.4767767677758074e-05 -0.15046028492792582 0.17783491064133958 -0.023833743752973473 0.23416148300838946 2.5508614565202308
27.342999999981625 4.270763753625739 -1.8957303174269857 3.46938668453797e-05 -0.15052752383198315 0.177965037199144 -0.023861547325518657 0.2343063450635704 2.5536617527452288
27.343499999981624 4.2735853228982705 -1.8963313769107661 3.462204747501941e-05 -0.15059036141741605 0.17809509791698516 -0.0238866915763145 0.2344480643732221 2.5564316904584152
27.343999999981623 4.276379504124201 -1.8968321951196256 3.4552335216081e-05 -0.1506487898246965 0.17822505738240746 -0.023909180624731276 0.2345866105999105 2.5591707515944755
27.344499999981622 4.279146026437436 -1.8972327819305708 3.4484725111114155e-05 -0.15070280833178387 0.17835490136451337 -0.023929011296208308 0.2347219735377277 2.561878598729315
27.34499999998162 4.281884371986323 -1.8975332782477115 3.4419229532925975e-05 -0.1507524145087734 0.17848460313559983 -0.023946186563005734 0.23485413321380547 2.564554828689824
27.34549999998162 4.28459414469605 -1.8977337455419696 3.435585242448859e-05 -0.15079760611432938 0.17861414233502074 -0.02396070595340578 0.23498307445787037 2.567199103347285
27.34599999998162 4.287274799806769 -1.8978343506432263 3.429460761020121e-05 -0.1508383810038576 0.17874349072746734 -0.023972573430100536 0.2351087768207871 2.569811008985019
27.346499999981617 4.289925912564497 -1.8978350772564911 3.423550304670978e-05 -0.15087473293557618 0.17887262768631965 -0.023981786977534406 0.2352312225883843 2.5723901753336564
27.346999999981616 4.292546965117163 -1.897736177637475 3.4178542877908924e-05 -0.15090666533326608 0.17900152469509242 -0.02398835109736968 0.2353503950996149 2.5749362223095447
27.347499999981615 4.295137597044008 -1.8975377487188458 3.412373604790146e-05 -0.15093417654906696 0.1791301630649894 -0.023992267671260482 0.2354662818287239 2.57744884177467
27.347999999981614 4.29769730188602 -1.8972399141022442 3.407108607733606e-05 -0.1509572652155012 0.17925851634708426 -0.02399353772155854 0.2355788646222256 2.579927676472892
27.348499999981613 4.300225757165903 -1.8968430748489349 3.4020609466452454e-05 -0.15097593903981357 0.17938656496310773 -0.023992174426523773 0.23568813778366005 2.582372505156764
27.34899999998161 4.302722435660592 -1.8963470575568384 3.397230320621214e-05 -0.15099018791800572 0.17951428409121242 -0.02398816760296504 0.23579407801139354 2.5847828912589317
27.34949999998161 4.3051869743468245 -1.8957521058692963 3.392617235878037e-05 -0.15100001593678491 0.1796416531544647 -0.023981523103201324 0.23589667613454768 2.587158597003012
27.34999999998161 4.307618907006337 -1.8950584067746845 3.388222806883359e-05 -0.15100542309950726 0.1797686473919972 -0.023972245299132763 0.23599591720047025 2.5894992959448198
27.350499999981608 4.310017880864024 -1.894266117721306 3.384047402242842e-05 -0.15100641090351283 0.17989524756398775 -0.023960337114784104 0.2360917914386756 2.5918047254159458
27.350999999981607 4.312383510968686 -1.8933754695488694 3.3800918046556644e-05 -0.15100298239044568 0.18002143224311884 -0.02394580412890897 0.23618428883618223 2.59407465570917
27.351499999981606 4.314715376717487 -1.8923866015304793 3.3763559641229336e-05 -0.15099513872509293 0.18014717874599104 -0.023928647347962982 0.2362733969211373 2.5963087756830205
27.351999999981604 4.3170128026142605 -1.8912997789534587 3.372841731247028e-05 -0.15098287849624378 0.1802724517295812 -0.0239088743143561 0.23635909274361622 2.598506755722754
27.352499999981603 4.319275906607004 -1.8901150859279905 3.3695474121847436e-05 -0.15096621033062982 0.18039725453161393 -0.02388648376085544 0.2364413885312668 2.600668535568311
27.352999999981602 4.321504265788624 -1.888832885230507 3.3664742271181004e-05 -0.1509451403665829 0.18052156276489412 -0.023861486248810366 0.23652027513380156 2.6027939134171874
27.3534999999816 4.323697389816742 -1.8874532732278197 3.3636227011165875e-05 -0.15091966640792573 0.1806453511289732 -0.023833882066885085 0.23659573649490767 2.604882560024222
27.3539999999816 4.325855005970848 -1.885976492371093 3.36099282168515e-05 -0.15088979448398865 0.18076860318213245 -0.02380367655011335 0.2366677692317693 2.606934329297183
27.3544999999816 4.327976596917237 -1.8844029562105855 3.3585864589306166e-05 -0.15085553007413474 0.18089128978946256 -0.02377088281622381 0.2367363608436738 2.6089489745465637
27.354999999981597 4.330062081251209 -1.882732662129505 3.356401486959269e-05 -0.1508168775781918 0.18101340512223985 -0.023735494736995613 0.2368015141564626 2.6109263904713327
27.355499999981596 4.3321112607573555 -1.8809660345805397 3.35443875150102e-05 -0.15077384864147828 0.18113493493621655 -0.023697525073561546 0.23686323223143538 2.612866473868249
27.355999999981595 4.334123492831213 -1.879103152552712 3.3526986131298714e-05 -0.15072643872845834 0.18125584662284783 -0.02365697307325761 0.23692149257025602 2.6147689123535143
27.356499999981594 4.336098625915534 -1.8771443106312433 3.351181168299922e-05 -0.15067465714593375 0.18137612912290224 -0.02361384603291634 0.236976298912188 2.6166335855448555
27.356999999981593 4.338036367436994 -1.8750897836889275 3.349886500512799e-05 -0.15061851076196922 0.181495764713141 -0.023568150209141978 0.2370276483814535 2.6184603992274047
27.35749999998159 4.339936436986917 -1.8729398336635519 3.348814673529974e-05 -0.15055800616325724 0.18161473641826192 -0.02351989149417724 0.23707553859482852 2.620249195587042
27.35799999998159 4.3417985156288355 -1.870694735274308 3.347965589634329e-05 -0.15049315044664327 0.18173302505528835 -0.023469075528384717 0.23711996591020987 2.6219998358261347
27.35849999998159 4.3436224553382505 -1.8683548174236373 3.3473393522770674e-05 -0.1504239538279949 0.18185061946482503 -0.023415711071402678 0.2371609352527662 2.623712296812771
27.358999999981588 4.3454081968754625 -1.8659206689612367 3.3469357661575664e-05 -0.1503504373228315 0.18196750980591372 -0.023359814753008964 0.23719846030998365 2.625386633204818
27.359499999981587 4.347155073212049 -1.8633920097177414 3.346754566978461e-05 -0.15027258520841538 0.18208366574875412 -0.023301372847560554 0.23723251289463992 2.6270223975051783
27.359999999981586 4.348862974782812 -1.8607692644355078 3.346796318416063e-05 -0.150190410321004 0.18219907732314444 -0.023240398462765932 0.2372631013253111 2.6286196435325424
27.360499999981585 4.350531705124822 -1.8580528111395136 3.347059967505628e-05 -0.15010392701060837 0.18231372958711692 -0.023176898765795404 0.23729023059614227 2.630178271497388
27.360999999981583 4.3521610132709485 -1.8552429305198548 3.347545565716643e-05 -0.15001314273379415 0.18242760684028236 -0.023110880530346756 0.23731390083438075 2.631698219700972
27.361499999981582 4.353750676979581 -1.852339919782393 3.3482529580518885e-05 -0.14991806657965906 0.18254069440532006 -0.023042350383239513 0.23733411409265107 2.6331794131144246
27.36199999998158 4.355300516905977 -1.8493440864343966 3.349181815384656e-05 -0.14981870849158033 0.18265297959542243 -0.022971315541514787 0.23735087467055765 2.6346218055702395
27.36249999998158 4.356810331813678 -1.8462557450730221 3.3503317859466356e-05 -0.14971507892830285 0.18276444840467895 -0.022897782810867184 0.23736418625569478 2.6360253792538826
27.36299999998158 4.358279902943984 -1.843075205377768 3.351702628020982e-05 -0.14960718739080503 0.1828750862196462 -0.02282175933226143 0.2373740516102174 2.6373900709540345
27.363499999981578 4.359708847166869 -1.8398028432372382 3.353294970986209e-05 -0.14949504227771834 0.18298487012745446 -0.02274325496702867 0.23738046677785737 2.638715750111082
27.363999999981576 4.361097323248498 -1.8364389181927199 3.355106745419663e-05 -0.14937865933072192 0.18309380343769527 -0.022662273580311337 0.23738345217085824 2.6400025644586727
27.364499999981575 4.362445045365874 -1.8329837775358389 3.357138328902085e-05 -0.14925804758583214 0.18320186816372833 -0.022578824080425858 0.23738300816332547 2.641250426754156
27.364999999981574 4.363751870491698 -1.8294377571443579 3.359389107486097e-05 -0.14913321906028618 0.1833090528993259 -0.02249291411628359 0.23737914206512264 2.6424593467914494
27.365499999981573 4.365017622061035 -1.8258011991117864 3.36185877006325e-05 -0.14900418527280912 0.1834153446514053 -0.022404551581096846 0.23737185977692773 2.6436293080292916
27.36599999998157 4.366242140194635 -1.8220744547937335 3.364547003570464e-05 -0.14887095805517583 0.18352073118939527 -0.02231374500724546 0.23736116814846647 2.6447603103415105
27.36649999998157 4.367425311621616 -1.8182578833514746 3.367453512620426e-05 -0.1487335501344005 0.18362520247331915 -0.022220503231185608 0.23734707641510316 2.6458523706684236
27.36699999998157 4.368566937167521 -1.8143518170336037 3.3705775186298564e-05 -0.1485919731378083 0.1837287442860363 -0.022124833218376595 0.2373295898173084 2.6469054803927214
27.36749999998157 4.3696669673212245 -1.8103566084804423 3.3739183580104606e-05 -0.14844624109347407 0.1838313495449145 -0.02202674306035494 0.23730872082612822 2.6479197028403085
27.367999999981567 4.370725259475431 -1.806272622398843 3.377475686853938e-05 -0.1482963666908957 0.1839330066948323 -0.021926241582142746 0.23728447778023812 2.6488950329521916
27.368499999981566 4.371741831158815 -1.8021002209112182 3.3812471904175595e-05 -0.1481423681706021 0.18403371087706719 -0.021823334691100066 0.23725687750499028 2.649831575721217
27.368999999981565 4.372716375466473 -1.7978397529160453 3.385234783834655e-05 -0.1479842514383008 0.18413344399989715 -0.021718033979624827 0.23722591947963365 2.650729281839512
27.369499999981564 4.373648856152949 -1.7934916221842425 3.389437309299748e-05 -0.14782203325382082 0.18423219884663972 -0.021610348569284475 0.23719161825926202 2.6515882126443833
27.369999999981562 4.374539225338635 -1.7890561759439336 3.393853802243082e-05 -0.14765572791899723 0.1843299683657714 -0.021500286104843384 0.23715398695279263 2.652408445718079
27.37049999998156 4.375387337537265 -1.7845338049656758 3.398483838392317e-05 -0.1474853493032066 0.1844267405001286 -0.0213878558685556 0.2371130347518768 2.653189985766912
27.37099999998156 4.376193096176967 -1.7799248693851761 3.403327245305725e-05 -0.14731090998000676 0.1845225061309024 -0.02127306724031499 0.2370687724222183 2.6539329222523067
27.37149999998156 4.376956482151867 -1.7752297446059693 3.408382945032844e-05 -0.14713242590800438 0.1846172592755489 -0.021155928414642464 0.2370212152594681 2.6546373023968437
27.371999999981558 4.377677403864462 -1.7704488716142284 3.4136501574764686e-05 -0.14694991406703486 0.18471098973310401 -0.02103644981774718 0.23697037619379005 2.6553032124360323
27.372499999981557 4.3783558237784534 -1.7655825977978579 3.4191284902890205e-05 -0.14676338774375375 0.1848036913250824 -0.02091464021387546 0.23691626893203344 2.655930707333958
27.372999999981555 4.378991637656442 -1.760631360550827 3.424817739982037e-05 -0.14657286246819778 0.18489535367074625 -0.02079051089787504 0.23685890560531225 2.6565198472334757
27.373499999981554 4.379584857847148 -1.7555955133591683 3.4307164252720944e-05 -0.1463783545481962 0.18498597229121388 -0.020664068935467694 0.2367983031394713 2.657070754636409
27.373999999981553 4.380135397716253 -1.7504754828198565 3.436824247512842e-05 -0.14617987948813618 0.18507553774799734 -0.020535325288257668 0.2367344745164315 2.6575834811608035
27.374499999981552 4.380643233903634 -1.745271656857117 3.443140344289812e-05 -0.14597745318831185 0.18516404382421447 -0.020404289033139192 0.23666743539327348 2.6580581158453502
27.37499999998155 4.381108353790066 -1.7399844067017565 3.449664094472841e-05 -0.14577109084251483 0.18525148508547853 -0.020270968911803213 0.23659720165804007 2.6584947563865318
27.37549999998155 4.381530648524544 -1.734614154278447 3.456394981741336e-05 -0.14556080783184552 0.18533785098116334 -0.020135375458748984 0.2365237855435266 2.6588934502136725
27.37599999998155 4.3819101901874555 -1.7291613531503631 3.4633323304263595e-05 -0.1453466231399468 0.1854231393624591 -0.01999752044837527 0.23644720825862764 2.6592543507532036
27.376499999981547 4.382246948251226 -1.7236264209423444 3.470475323854219e-05 -0.14512855367609337 0.18550734332909533 -0.019857413731671485 0.2363674859223331 2.659577550251708
27.376999999981546 4.382540901710434 -1.7180097575596198 3.4778232507069544e-05 -0.1449066155354218 0.1855904567482594 -0.019715065047817414 0.23628463481952813 2.6598631484742046
27.377499999981545 4.382792057336228 -1.7123118084260969 3.485375575382222e-05 -0.1446808265028368 0.18567247442355245 -0.019570485769097555 0.23619867321673751 2.6601112578822965
27.377999999981544 4.383000439292497 -1.7065329453031275 3.493131356275723e-05 -0.14445120266180833 0.18575339260969428 -0.01942368451259648 0.23610961932225238 2.660321987706511
27.378499999981543 4.383166019165671 -1.700673648152133 3.501089870702648e-05 -0.14421776302289094 0.18583320389453176 -0.019274673194634613 0.23601749059718713 2.660495445652495
27.37899999998154 4.383288843213144 -1.6947343164048405 3.5092503242748785e-05 -0.14398052462630453 0.18591190540558136 -0.019123461610158467 0.2359223067604141 2.6606317511196984
27.37949999998154 4.383368903527217 -1.688715378500942 3.517612399535205e-05 -0.14373950407194502 0.18598949156142378 -0.018970060952227183 0.23582408531500093 2.6607310073645536
27.37999999998154 4.383406328831069 -1.6826173203366137 3.526174288076788e-05 -0.1434947244899693 0.1860659619542682 -0.01881448207771636 0.23572285186267386 2.660793408666811
27.380499999981538 4.383400671978402 -1.6764403094250702 3.534937163398767e-05 -0.14324618507418174 0.18614129332163798 -0.01865672941014564 0.23561859894762593 2.6608187684853135
27.380999999981537 4.383352510304182 -1.6701851209126015 3.5438991287548095e-05 -0.14299392479377626 0.1862155039239162 -0.018496823847020335 0.23551137747886808 2.6608075436611456
27.381499999981536 4.383261731927668 -1.6638520820023945 3.553059117736266e-05 -0.14273795691743926 0.18628858377348392 -0.01833477181721869 0.23540119933187376 2.6607597770385327
27.381999999981534 4.383128432247142 -1.657441619591309 3.562416357057967e-05 -0.14247830002694442 0.18636053213950343 -0.018170584150327365 0.23528808734453815 2.6606756169648924
27.382499999981533 4.382952644647645 -1.6509541951903517 3.571970175758679e-05 -0.1422149731679252 0.18643134489502342 -0.018004272481116173 0.23517206207391034 2.6605551790552204
27.382999999981532 4.382734388738278 -1.6443902561318504 3.5817198338260616e-05 -0.14194799479777176 0.18650101736504046 -0.017835847910015558 0.23505314330162141 2.660398580764296
27.38349999998153 4.382473814342232 -1.6377502603079772 3.591664356789797e-05 -0.14167738571319077 0.18656955100951408 -0.01766532195917891 0.2349313571797885 2.6602059997179133
27.38399999998153 4.382170910815019 -1.6310346357427004 3.6018032612384134e-05 -0.14140316284677626 0.18663694004911138 -0.01749270547032551 0.23480672179185816 2.659977527172383
27.38449999998153 4.381825796364081 -1.6242438504433285 3.612135765531249e-05 -0.14112534661345394 0.1867031844016537 -0.01731801049279933 0.23467926199371372 2.6597133350132225
27.384999999981527 4.381438692492871 -1.617378308332469 3.622660155178125e-05 -0.14084395836368185 0.18676828915756732 -0.0171412456813878 0.23454900713050336 2.659413594030778
27.385499999981526 4.381009440756308 -1.6104385352484771 3.633376925885101e-05 -0.14055901483115094 0.1868322408274998 -0.016962426043320884 0.23441596950763344 2.6590783596885372
27.385999999981525 4.380538266703767 -1.603424954449827 3.644284552424452e-05 -0.1402705374312912 0.1868950446900341 -0.016781561535502292 0.2342801788639469 2.6587078452331467
27.386499999981524 4.38002524842651 -1.5963380272486738 3.655382339076172e-05 -0.13997854592202913 0.18695669878121093 -0.01659866374392583 0.2341416583517294 2.658302176638088
27.386999999981523 4.379470462882735 -1.589178257653632 3.666669284387723e-05 -0.13968306224708074 0.18701720043681033 -0.01641374492092388 0.23400043196599676 2.6578614752365493
27.38749999998152 4.378874059496911 -1.581946047794659 3.678144732302847e-05 -0.13938410421729464 0.18707655202138918 -0.01622681596800847 0.23385652520536773 2.657385935229401
27.38799999998152 4.378236128753001 -1.5746418700606346 3.689807895495424e-05 -0.13908169238337556 0.1871347520073518 -0.016037888606792026 0.23370996220966028 2.656875682573247
27.38849999998152 4.377556810228677 -1.567266205596878 3.701657815389486e-05 -0.1387758483811603 0.18719180110404923 -0.015846974884662874 0.23356076962427544 2.6563308792157674
27.388999999981518 4.37683619833371 -1.5598195038594267 3.713693741863682e-05 -0.13846659162334785 0.18724769835280597 -0.015654086325370912 0.2334089714490267 2.655751657253454
27.389499999981517 4.376074444141974 -1.5523022307375434 3.7259149116461546e-05 -0.1381539429392682 0.1873024453171361 -0.015459234924001999 0.23325459462973247 2.6551381762525237
27.389999999981516 4.3752717102784295 -1.5447148534392316 3.7383203432758904e-05 -0.13783792374873258 0.1873560440083772 -0.015262432409222332 0.23309766685421043 2.6544906181408816
27.390499999981515 4.374428153432546 -1.5370578496170602 3.750909013245045e-05 -0.13751855580658945 0.1874084960199659 -0.015063690814596055 0.23293821574089849 2.653809138470416
27.390999999981513 4.373543801454055 -1.529331689518747 3.7636808599012214e-05 -0.137195857224398 0.18745979729598838 -0.014863023138451375 0.23277626231771273 2.6530938342651753
27.391499999981512 4.372618915287896 -1.5215368305989334 3.776634228678876e-05 -0.13686985175990396 0.18750995431259554 -0.014660439724223658 0.23261183929455814 2.652344921818923
27.39199999998151 4.371653888798597 -1.5136742767226472 3.789769741944409e-05 -0.13654057893532934 0.1875589756166466 -0.014455972977108596 0.23244499174014405 2.65156277367982
27.39249999998151 4.370648473994529 -1.5057436758609106 3.803084632542908e-05 -0.1362080302385097 0.18760685096816446 -0.014249604540004833 0.23227571819110227 2.6507471971237617
27.39299999998151 4.369603058689005 -1.4977458905930818 3.816578991149384e-05 -0.13587224176940543 0.1876535896617077 -0.014041360707997191 0.2321040620215433 2.6498985304289198
27.393499999981508 4.368517682379924 -1.4896812241609791 3.83025139551521e-05 -0.13553322832389067 0.1876991893442141 -0.01383124738282819 0.23193004347116397 2.6490168399176874
27.393999999981506 4.367392575173617 -1.4815502174264217 3.844101269424401e-05 -0.13519101412554302 0.18774365471513915 -0.01361927925563863 0.23175369458442993 2.6481023247219104
27.394499999981505 4.366227943093591 -1.4733533060729038 3.858127158392304e-05 -0.13484562083080673 0.1877869900529922 -0.013405466577358497 0.23157504534073822 2.6471551654166703
27.394999999981504 4.365023935864826 -1.4650910266422597 3.8723289743346274e-05 -0.13449707058665303 0.18782919650017998 -0.013189824557707506 0.23139412379349106 2.6461754958831536
27.395499999981503 4.363780740728081 -1.4567638215270542 3.886706050807241e-05 -0.13414538357123118 0.18787027778587953 -0.012972364899836965 0.23121095877987877 2.6451634771695116
27.395999999981502 4.362497922806992 -1.4483713336041157 3.901255212615182e-05 -0.1337905495800436 0.1879102143962545 -0.012753067883265023 0.2310255409512368 2.644118828481626
27.3964999999815 4.361176563490334 -1.4399151004517523 3.9159780259128564e-05 -0.13343263350055332 0.1879490431811055 -0.012531985991971032 0.23083795439331248 2.6430423361946214
27.3969999999815 4.359816696737884 -1.4313954065168697 3.930872852204492e-05 -0.13307165009302857 0.18798676152919158 -0.012309123834792733 0.2306482193694433 2.6419340384149432
27.3974999999815 4.358418739801016 -1.422812643265949 3.9459380083099484e-05 -0.13270762252504506 0.1880233843683323 -0.012084490486208906 0.23045637560259152 2.6407942091632504
27.397999999981497 4.356982513919524 -1.4141673408335584 3.9611743671093115e-05 -0.13234056689898127 0.18805889747187424 -0.011858101600837771 0.23026243536247165 2.6396228106854456
27.398499999981496 4.3555083750221835 -1.405460071221296 3.97658110919592e-05 -0.1319705100226247 0.1880933114192134 -0.011629973544012405 0.2300664373630176 2.6384200913450337
27.398999999981495 4.353996526438114 -1.396691278922129 3.992157424002014e-05 -0.13159747303078997 0.18812663052730325 -0.011400117389611402 0.22986841170144034 2.6371862041504768
27.399499999981494 4.352447291258984 -1.3878612691732375 4.0079007156906504e-05 -0.1312214766787178 0.18815886553576106 -0.011168537714536412 0.22966839324584679 2.635921348642097
27.399999999981492 4.350860927323607 -1.3789706342202104 4.0238107943338685e-05 -0.13084254636632664 0.18819002233266305 -0.01093525194558515 0.22946641623624572 2.6346257125440466
27.40049999998149 4.349237557589917 -1.3700201382554087 4.0398890097020566e-05 -0.13046070885593755 0.18822009925390312 -0.010700285132949522 0.2292625098446522 2.633299455858391
27.40099999998149 4.3475775111407 -1.361009795979145 4.056131543113196e-05 -0.13007597728050785 0.18824910974615366 -0.01046363060880677 0.22905670640960538 2.6319427181392365
27.40149999998149 4.34588107178102 -1.351940244883219 4.0725383267207346e-05 -0.12968837890832788 0.18827706048081827 -0.010225307212741168 0.2288490420228205 2.6305557138627877
27.401999999981488 4.34414844779861 -1.3428119793107256 4.0891083076495185e-05 -0.1292979367624177 0.18830395548593207 -0.009985327738775864 0.22863954791924518 2.629138582804809
27.402499999981487 4.342380386118639 -1.3336253808945 4.105838417905348e-05 -0.1289046803699515 0.18832982508109866 -0.009743699575851427 0.2284282804684679 2.627691744414837
27.402999999981486 4.340576509929611 -1.3243810077391052 4.122731052050581e-05 -0.12850862105936506 0.18835464615893047 -0.009500441869552258 0.22821524228664508 2.6262150493939775
27.403499999981484 4.33873730767726 -1.3150793220718437 4.1397841845599806e-05 -0.12810978632897713 0.18837843609662572 -0.009255565153333773 0.22800047812619667 2.624708773787954
27.403999999981483 4.336863014307777 -1.3057207938332924 4.15699713910892e-05 -0.12770819779978124 0.1884012007704108 -0.009009082385682404 0.2277840200769859 2.6231730725724676
27.404499999981482 4.334953934599042 -1.2963061630807187 4.174369566513958e-05 -0.12730388722691316 0.18842294659163009 -0.008761015092527453 0.2275659066969532 2.621608162661843
27.40499999998148 4.333010412760423 -1.2868355244667296 4.191899130488849e-05 -0.12689686744344328 0.18844368790402635 -0.008511362275768864 0.22734617165375423 2.6200142116395586
27.40549999998148 4.331032755119896 -1.2773094792321171 4.209585212299259e-05 -0.12648716573786226 0.18846343259483306 -0.008260140887375858 0.22712485211729674 2.618391408842813
27.40599999998148 4.329021256010951 -1.267728495393916 4.2274270119476424e-05 -0.12607480472660448 0.18848218934752609 -0.008007363661093829 0.22690198315768229 2.6167399372772575
27.406499999981477 4.326976165062487 -1.2580930617637658 4.245424000023275e-05 -0.1256598066375402 0.18849996465377283 -0.007753044411809452 0.22667759787043157 2.6150599403644694
27.406999999981476 4.324897838304017 -1.2484036504789202 4.263574539094048e-05 -0.12524219673371811 0.18851676970123007 -0.00749719461639083 0.2264517348760879 2.613351630546136
27.407499999981475 4.322786658647211 -1.2386607304821806 4.2818776086161755e-05 -0.12482199920454408 0.18853261729533982 -0.007239826846596682 0.22622443361056066 2.6116152125099354
27.407999999981474 4.320642917248097 -1.2288647742988836 4.3003325369201845e-05 -0.12439923667905971 0.18854751601612196 -0.006980954062861263 0.22599572916719082 2.6098508523378556
27.408499999981473 4.318467012008067 -1.2190162594515506 4.318937682477837e-05 -0.1239739348528119 0.1885614790309292 -0.006720588345711549 0.22576566214757576 2.608058763547882
27.40899999998147 4.316259192908022 -1.2091156621797388 4.3376925365190764e-05 -0.12354611558258088 0.18857451302621184 -0.006458743083981474 0.22553426569114116 2.606239095996198
27.40949999998147 4.314020223119355 -1.1991633745225712 4.356593868200483e-05 -0.12311580944150217 0.18858664889460094 -0.006195425588457624 0.2253015978060384 2.6043922402224338
27.40999999998147 4.311749816077318 -1.189160039542285 4.3756444968171426e-05 -0.12268303100635772 0.1885978673558862 -0.005930658786206665 0.22506766622892277 2.602518070734045
27.410499999981468 4.309448603414069 -1.1791060083261897 4.394841478052791e-05 -0.12224780686889737 0.18860819359546904 -0.005664449342643055 0.22483252202907952 2.6006169105594674
27.410999999981467 4.307116924084628 -1.1690017801882502 4.414183869609417e-05 -0.12181016158681705 0.18861763811439594 -0.005396810903362461 0.22459620308808956 2.598688935713911
27.411499999981466 4.3047551493547545 -1.1588478283677297 4.4336707601071e-05 -0.12137011925847843 0.1886262132422766 -0.005127756291163868 0.22435874856024593 2.5967343439613533
27.411999999981465 4.302363612335375 -1.1486446523839524 4.4533010029067084e-05 -0.12092770474489023 0.18863392904905485 -0.0048572988684470325 0.22412019613512885 2.594753331091484
27.412499999981463 4.29994290821162 -1.1383926505300803 4.473072895469513e-05 -0.12048294302165563 0.18864080944184924 -0.004585449286165617 0.22388059516445724 2.5927460986403603
27.412999999981462 4.29749313536162 -1.1280923615751648 4.4929865816421775e-05 -0.12003585561549016 0.18864685312005877 -0.004312222949155973 0.22363997203587524 2.5907128176368905
27.41349999998146 4.2950147916433865 -1.1177442172410403 4.5130402665364556e-05 -0.11958646782503897 0.1886520787490851 -0.004037630944563274 0.22339837189841957 2.588653675674129
27.41399999998146 4.292508290810189 -1.1073486935573653 4.533232833715844e-05 -0.1191348048212224 0.18865650057083858 -0.0037616859217925354 0.22315583615133122 2.586568897993846
27.41449999998146 4.289974011683859 -1.0969062649762775 4.5535633714681313e-05 -0.11868089047485411 0.18866013140693083 -0.0034844012871460325 0.22291240431773776 2.5844586697824536
27.414999999981458 4.28741220152942 -1.086417436801084 4.574031854721093e-05 -0.11822474627055218 0.18866297786666808 -0.0032057927258881203 0.22266810942579246 2.582323105366326
27.415499999981456 4.284823496651009 -1.07588264252888 4.594635346891448e-05 -0.11776640219677331 0.18866506444003697 -0.0029258689958068635 0.22242300406189128 2.5801625188098978
27.415999999981455 4.282208243734854 -1.0653023397032926 4.615373500970544e-05 -0.11730588004229933 0.18866640290029643 -0.002644643868278601 0.2221771257736163 2.5779770752710336
27.416499999981454 4.279566861612757 -1.054677020947249 4.636245205955733e-05 -0.11684320520249535 0.18866700771468523 -0.00236213109415166 0.22193051630028596 2.5757669769826514
27.416999999981453 4.276899779019941 -1.04400710543851 4.657249096868596e-05 -0.11637840135011603 0.18866689437429074 -0.002078341399181192 0.2216832173093399 2.5735324273164712
27.41749999998145 4.2742074524774925 -1.0332931006832338 4.678384194204485e-05 -0.11591149435278184 0.18866607919006165 -0.0017932896869784932 0.22143527236632154 2.571273639092346
27.41799999998145 4.2714902931315715 -1.0225354595701344 4.699649231124187e-05 -0.11544250875535794 0.18866457647661103 -0.0015069877491713552 0.22118672260537264 2.5689908114779914
27.41849999998145 4.26874825889497 -1.0117347569293063 4.721046707016847e-05 -0.11497145993045754 0.18866237956028953 -0.0012194571904956732 0.22093758651648887 2.5666839072313667
27.418999999981448 4.265982532826007 -1.000891284892882 4.742569790699119e-05 -0.11449838709633287 0.1886595388469164 -0.000930697317336222 0.22068794358344396 2.5643535011373526
27.419499999981447 4.263193071894415 -0.9900054957214275 4.764219727905621e-05 -0.11402330358625894 0.188656048174084 -0.0006407238767226573 0.22043781163963833 2.56199955929958
27.419999999981446 4.260380418087411 -0.9790780386902678 4.785997383154181e-05 -0.11354623839115059 0.18865192746605752 -0.00034955888345758294 0.22018723891463746 2.5596223355540513
27.420499999981445 4.257545335778852 -0.9681092633672004 4.807897548667073e-05 -0.1130672242367329 0.1886472070950074 -5.7205298848030366e-05 0.2199362844411819 2.5572221781109756
27.420999999981444 4.254688107586816 -0.9570996291891092 4.829921325787198e-05 -0.11258627866884931 0.18864189676457596 0.0002363196985818365 0.21968498174986079 2.5547992285102894
27.421499999981442 4.251809285113132 -0.9460495994431886 4.852066739020896e-05 -0.11210342970469399 0.18863601714615247 0.0005310047822222395 0.21943337914364244 2.5523537283661124
27.42199999998144 4.2489093098399024 -0.9349596355800252 4.874332736465078e-05 -0.11161870176669178 0.18862958421755416 0.000826836873119477 0.21918151903247635 2.5498858849213675
27.42249999998144 4.245988666235586 -0.9238301986181607 4.896718221727136e-05 -0.11113211969421406 0.18862261606264738 0.00112380262411592 0.21892944582760898 2.547395906932529
27.42299999998144 4.243047830532241 -0.9126617544364445 4.9192219154928186e-05 -0.11064370895128814 0.18861513017965967 0.0014218891275854825 0.21867720373161548 2.5448840331523606
27.423499999981438 4.240087323190646 -0.9014547743851515 4.941842595537085e-05 -0.11015349558801746 0.1886071461785749 0.0017210830259330582 0.21842483903317375 2.5423504727735544
27.423999999981437 4.237107596175278 -0.8902097071513865 4.964579167374692e-05 -0.10966150369306439 0.18859868071794061 0.002021371522879463 0.21817239445815592 2.539795446998066
27.424499999981435 4.234109178319073 -0.8789270222878497 4.987430185179302e-05 -0.10916775975901699 0.18858975372164702 0.00232274162532484 0.2179199167314726 2.53721918392404
27.424999999981434 4.231092568745877 -0.8676071709539902 5.010394531049928e-05 -0.10867228861512954 0.18858038405904293 0.002625180414055783 0.21766745079802927 2.5346219224022137
27.425499999981433 4.228058263938885 -0.8562506114350821 5.0334709120214015e-05 -0.10817511553019232 0.18857059037060397 0.002928674854925628 0.21741504158888006 2.532003875613945
27.425999999981432 4.225006794068892 -0.8448578087191239 5.0566581133645156e-05 -0.10767626619558264 0.18856039289888077 0.0032332114107524157 0.21716273558792007 2.5293652939954807
27.42649999998143 4.221938662838416 -0.8334292254067588 5.079954900122458e-05 -0.10717576632821234 0.18854981048920108 0.00353877723634691 0.21691057804515138 2.5267063962579925
27.42699999998143 4.218854405884415 -0.8219653262869908 5.103359736785382e-05 -0.10667364224359707 0.18853886352024796 0.0038453592108598092 0.21665861578640755 2.5240274328155707
27.42749999998143 4.215754521440487 -0.8104665558547655 5.126871700672324e-05 -0.10616991810554999 0.1885275710256576 0.004152944196977128 0.21640689335803692 2.5213286142259124
27.427999999981427 4.2126395465180755 -0.7989333769250666 5.150489434987083e-05 -0.10566461982743107 0.18851595354285125 0.004461518839775707 0.21615545742313252 2.5186102023653736
27.428499999981426 4.20951001946055 -0.7873662630335607 5.174211699900503e-05 -0.10515777383934233 0.18850403155959633 0.00477106966232656 0.21590435479348333 2.515872431299275
27.428999999981425 4.206366341042923 -0.7757656974314059 5.198038347033393e-05 -0.10464940256321725 0.1884918195188197 0.005081580716422902 0.215653624928799 2.5131154919974428
27.429499999981424 4.203209230900448 -0.7641320974806536 5.221966262109866e-05 -0.10413953611389226 0.18847934629690238 0.005393042725435967 0.2154033237263592 2.5103397082518355
27.429999999981423 4.200039196985981 -0.7524659327818795 5.2459947301546295e-05 -0.10362819931298121 0.18846663124422366 0.005705441431777561 0.21515349601465597 2.5075453156192786
27.43049999998142 4.196856697137638 -0.7407675553731995 5.27012221127433e-05 -0.10311541381977193 0.1884536920763859 0.006018767766921827 0.21490418374214176 2.5047325031220735
27.43099999998142 4.1936623975315745 -0.729037576057961 5.294347667616983e-05 -0.10260121121056438 0.1884405543726981 0.006333002134460104 0.2146554401598052 2.501901618714738
27.43149999998142 4.190456769642435 -0.7172764174622821 5.3186699226997214e-05 -0.10208561506581465 0.18842723596861555 0.006648132548103444 0.21440730800165175 2.499052863525187
27.431999999981418 4.1872404113254555 -0.7054845536566395 5.34308712660799e-05 -0.10156865353832228 0.18841375992664594 0.006964146127637347 0.21415983667011565 2.496186501010717
27.432499999981417 4.18401384901636 -0.6936624002841335 5.367598826416628e-05 -0.10105034882686931 0.18840014738095168 0.007281029113968099 0.2139130709333928 2.493302806877457
27.432999999981416 4.180777672114038 -0.6818104598051676 5.3922029691433546e-05 -0.10053072998028746 0.1883864206700787 0.007598767643542896 0.21366705977514147 2.4904020494188353
27.433499999981414 4.177532100021869 -0.6699291444107227 5.416901161129292e-05 -0.100009811914264 0.18837258710488966 0.007917346061497355 0.21342183210808874 2.48748429189863
27.433999999981413 4.174278237072456 -0.658018952248427 5.441687730245345e-05 -0.09948763662518394 0.18835869199476699 0.008236755172551374 0.2131774632249307 2.48455012231691
27.434499999981412 4.17101646663116 -0.6460803470440193 5.4665629021921904e-05 -0.09896422513362747 0.18834474939457732 0.008556979190020212 0.2129339906488954 2.4815997036584285
27.43499999998141 4.167747338752003 -0.6341137591591127 5.4915250819122354e-05 -0.09843960269323827 0.18833078071061912 0.008878005865910036 0.21269146040598114 2.4786333077646203
27.43549999998141 4.164471429160512 -0.6221196953084117 5.516573301109357e-05 -0.09791379644478143 0.18831680815887736 0.009199819559222598 0.21244991986183417 2.475651202466012
27.43599999998141 4.1611893227595695 -0.6100985858188978 5.541705987113282e-05 -0.09738683174281133 0.1883028549761463 0.009522407501941256 0.21220941645860877 2.4726536829327554
27.436499999981407 4.1579015888821145 -0.598050902042171 5.566921629324564e-05 -0.09685873553654245 0.18828894309734945 0.009845756183926599 0.21196999706866088 2.4696410240519477
27.436999999981406 4.154608822315551 -0.5859771224863282 5.5922191718469494e-05 -0.09632953410049842 0.1882750960046436 0.010169850545442123 0.2117317094241991 2.4666135266051312
27.437499999981405 4.151311586428185 -0.5738777039669348 5.6175971881349145e-05 -0.09579925346457982 0.18826133558220573 0.010494677177419693 0.21149459966775735 2.4635714672080806
27.437999999981404 4.148010475329599 -0.5617531058596867 5.643054025991935e-05 -0.09526792040015995 0.18824768510923978 0.01082022267841065 0.21125871538274843 2.460515143396252
27.438499999981403 4.1447060795125825 -0.549603813075644 5.66858827574142e-05 -0.09473556221400954 0.1882341675296017 0.011146472620095549 0.2110241038967757 2.457444864673605
27.4389999999814 4.14139898140288 -0.5374302571873569 5.6941985378143646e-05 -0.09420220385336947 0.188220806064941 0.011473413758491497 0.21079081163523575 2.454360905159143
27.4394999999814 4.13808975337248 -0.5252329296147672 5.719883558816171e-05 -0.09366787225848452 0.18820762278789882 0.011801031167371722 0.21055888465110437 2.45126359147043
27.4399999999814 4.134779009618544 -0.5130122756551426 5.745641728686702e-05 -0.09313259394338039 0.18819464212021325 0.012129311819816357 0.21032837084568515 2.448153219943828
27.440499999981398 4.131467310564096 -0.500768780915325 5.771471635668866e-05 -0.092596395643764 0.1881818855865823 0.01245824105393008 0.21009931537084042 2.4450300999911327
27.440999999981397 4.1281552961682095 -0.48850289928210455 5.79737175385891e-05 -0.09205930390732928 0.18816937892596086 0.012787804788521389 0.20987176692588547 2.441894550146917
27.441499999981396 4.1248435140258275 -0.4762151320798405 5.823340908895095e-05 -0.09152134571689052 0.18815714292008387 0.013117987911496667 0.209645769717697 2.4387468772440455
27.441999999981395 4.1215325973884385 -0.463905903727804 5.849377045679688e-05 -0.09098254751361881 0.18814520298281157 0.013448778166904582 0.20942137185992712 2.435587416719857
27.442499999981393 4.118223105216902 -0.4515757175543822 5.8754793134764185e-05 -0.09044293561193757 0.1881335806932164 0.013780159439085941 0.20919861754018043 2.4324164805811557
27.442999999981392 4.114915542286516 -0.4392249848096924 5.901646267561469e-05 -0.08990253340387094 0.18812229564548796 0.014112119435049766 0.2089775479478875 2.4292343188967727
27.44349999998139 4.111610749680061 -0.4268542156778039 5.927875335539965e-05 -0.08936137376856751 0.18811138224996232 0.014444643440395971 0.20875822134210006 2.426041384514162
27.44399999998139 4.108309229546433 -0.41446400436492065 5.954165715813308e-05 -0.08881948516856542 0.18810085832535653 0.014777712173843804 0.20854067858678754 2.422838030672277
27.44449999998139 4.10501153577768 -0.4020546230002948 5.980515724379177e-05 -0.08827688735736157 0.1880907473102463 0.015111318291606172 0.20832496251227664 2.419624468717544
27.444999999981388 4.10171825531815 -0.38962664123086105 6.0069237494910847e-05 -0.08773361087449116 0.18808107084545161 0.015445444807997184 0.2081111180421779 2.4164011082711028
27.445499999981386 4.098429971559515 -0.3771805245271391 6.0333887167379903e-05 -0.08718968080595928 0.18807185215840885 0.015780076282548305 0.2078991890816857 2.413168266443097
27.445999999981385 4.095147327523121 -0.3647167513326981 6.059908641844147e-05 -0.08664512571680283 0.18806311651982072 0.016115198925068023 0.20768922273922338 2.4099263068848065
27.446499999981384 4.091870936146432 -0.3522357843150722 6.086481391008553e-05 -0.08609997342746409 0.18805488787708485 0.016450799647844416 0.2074812644257946 2.4066755912356532
27.446999999981383 4.08860134233141 -0.3397381218198042 6.113106367051395e-05 -0.08555424890339779 0.18804718739117154 0.016786861432037982 0.20727535528348123 2.4034164480533784
27.447499999981382 4.085339173841808 -0.3272242356574633 6.139781358061455e-05 -0.08500798029668244 0.18804003971512676 0.017123370516321117 0.20707154094183683 2.4001492357497667
27.44799999998138 4.082084982582977 -0.31469462267065734 6.166504972901083e-05 -0.08446119461959845 0.18803346575693408 0.01746031194118141 0.20686986279837175 2.3968743221429345
27.44849999998138 4.078839425916992 -0.302149755405435 6.193275708545558e-05 -0.08391391903003925 0.18802749198982108 0.01779767061826847 0.2066703670834273 2.3935920608918524
27.44899999998138 4.075603024535193 -0.28959009730312674 6.220091629634148e-05 -0.08336617956641833 0.18802213801863527 0.018135432959011984 0.20647309318458387 2.3903028154658914
27.449499999981377 4.0723764494022365 -0.277016150159773 6.246951044566854e-05 -0.08281800508361789 0.18801743047196356 0.018473583504067418 0.2062780875778898 2.3870069690264195
27.449999999981376 4.069160261071599 -0.26442840028664927 6.273852327405482e-05 -0.08226942235696305 0.1880133908243927 0.01881210735773714 0.20608539096081807 2.383704891478303
27.450499999981375 4.065955054153335 -0.2518273205371581 6.30079368449128e-05 -0.08172045828551033 0.18801004229231089 0.019150990046904105 0.20589504541131382 2.3803969425255653
27.450999999981374 4.062761505944657 -0.2392134010239242 6.327773191410796e-05 -0.08117114197612002 0.188007411755498 0.019490217032428883 0.2057070969234654 2.3770835638575125
27.451499999981372 4.0595800903576365 -0.22658713225057248 6.354789333022527e-05 -0.08062149855181368 0.18800551663003578 0.01982977264248599 0.20552158085008845 2.373765085988819
27.45199999998137 4.056411427579369 -0.2139490131706518 6.381840531524109e-05 -0.08007155622012005 0.18800438108431225 0.020169641821286576 0.2053385396695081 2.37044187998396
27.45249999998137 4.05325612997059 -0.2012995350888509 6.408924802364259e-05 -0.07952134281745026 0.1880040289538116 0.02050980942334447 0.20515801507359635 2.3671143587870707
27.45299999998137 4.0501147530998765 -0.18863918675669689 6.436040430321505e-05 -0.07897088522538075 0.18800448140640227 0.020850260544405492 0.20498004563112993 2.3637829177686855
27.453499999981368 4.046987901562845 -0.1759684526090752 6.46318565312404e-05 -0.07842021075850006 0.1880057620273508 0.02119098021911061 0.20480467195242194 2.360447933606686
27.453999999981367 4.043876153474558 -0.16328784674477814 6.490358556132579e-05 -0.07786934758570813 0.1880078927639213 0.02153195272916909 0.2046319330487916 2.357109830168272
27.454499999981365 4.0407800695062965 -0.1505976988285992 6.517556866078227e-05 -0.07731831810348096 0.18801089643267604 0.021873169041587898 0.20446186689867474 2.3537689482320907
27.454999999981364 4.037700246762811 -0.13789874349365872 6.544779673876098e-05 -0.07676715689024832 0.18801479396891554 0.02221460513037532 0.20429451243066776 2.3504257593306885
27.455499999981363 4.034637244140162 -0.12519134970083629 6.572025064508939e-05 -0.0762158865487079 0.18801960800840242 0.022556249565242974 0.20412990656072016 2.347080609720834
27.455999999981362 4.031591666965344 -0.1124761015640903 6.59929060203199e-05 -0.07566453917404961 0.18802536069833378 0.022898085411597584 0.20396808836108804 2.343733969844034
27.45649999998136 4.0285641598565745 -0.0997534272052745 6.626573413780758e-05 -0.07511314256511241 0.18803207758605567 0.02324010102916336 0.20380909862707572 2.3403862930878314
27.45699999998136 4.025555111961947 -0.08702390661954301 6.653873738416582e-05 -0.07456172093449343 0.18803977184980256 0.0235822756363588 0.2036529640104172 2.337037892328172
27.45749999998136 4.022565213070951 -0.07428802137572144 6.681188786171498e-05 -0.07401030398608449 0.18804847081502882 0.023924595303566887 0.2034997266151059 2.3336892519677255
27.457999999981357 4.019594998377642 -0.06154630486676485 6.708516571630644e-05 -0.07345892036658745 0.18805819399082763 0.024267044173797263 0.20334942031254827 2.330340784166432
27.458499999981356 4.016645018059205 -0.048799237844385085 6.735855412337852e-05 -0.07290759607976649 0.18806896250385857 0.024609606942585207 0.20320207916573266 2.3269929057366587
27.458999999981355 4.013715788232012 -0.036047346517450486 6.763203308393971e-05 -0.07235635904259614 0.1880807950689765 0.02495226775619265 0.20305773522290685 2.3236460357191926
27.459499999981354 4.01080793679882 -0.023291140292650333 6.790558084722803e-05 -0.07180523820756192 0.1880937159795804 0.025295011083082075 0.2029164256799952 2.320300630750281
27.459999999981353 4.007921974221647 -0.01053116296172241 6.817918432885911e-05 -0.07125426073767964 0.1881077438450982 0.02563781942624727 0.20277818115541715 2.3169571298900613
27.46049999998135 4.005058430666548 0.0022320921461494586 6.845281826649666e-05 -0.0707034542910736 0.1881228982354819 0.02598067838770397 0.20264303328437602 2.313615947218468
27.46099999998135 4.00221795225868 0.014998105980064905 6.872645377941025e-05 -0.07015285002285987 0.1881392037137861 0.02632357365365451 0.20251101913300112 2.310277567171604
27.46149999998135 3.9994009772899424 0.02776633410557271 6.900008609413618e-05 -0.06960247203608172 0.18815667603093636 0.026666485770396244 0.20238216401621717 2.3069423947424266
27.461999999981348 3.9966080141078564 0.040536230474814 6.927369174091405e-05 -0.0690523496569759 0.18817533306733672 0.027009399024326614 0.20225649706204166 2.3036108776409785
27.462499999981347 3.99383965197707 0.05330729459031505 6.954724994973394e-05 -0.06850251070261845 0.1881951974055594 0.0273522979293382 0.2021340508204768 2.30028346714883
27.462999999981346 3.9910964257456705 0.06607900148185686 6.982073716167795e-05 -0.06795298366642814 0.18821628853180844 0.02769516686182124 0.20201485471460492 2.2969606417970856
27.463499999981345 3.988378797306746 0.07885076464710851 7.00941370953309e-05 -0.06740379692924656 0.1882386221661158 0.028037987251607593 0.2018989337381407 2.2936428234263984
27.463999999981343 3.9856873444786887 0.09162209489507644 7.03674260281409e-05 -0.06685497861998355 0.18826222016001568 0.028380744977471957 0.2017863186426002 2.290330508609009
27.464499999981342 3.983022527724291 0.10439241947494463 7.064058840009102e-05 -0.06630655624178322 0.1882870984106218 0.028723421444733062 0.2016770333181934 2.2870241275077814
27.46499999998134 3.9803848290090853 0.11716119422651007 7.091360150207818e-05 -0.06575855814897667 0.18831327367050538 0.029066000460475607 0.20157110257450936 2.283724134916752
27.46549999998134 3.977774817119235 0.1299278883968368 7.118644416858782e-05 -0.06521101292849807 0.1883407671889218 0.029408465623619977 0.2014685549727501 2.2804310100807195
27.46599999998134 3.9751929805276385 0.1426919503816051 7.145909414990296e-05 -0.06466394927973106 0.18836959591720828 0.02975080058972608 0.20136941460458588 2.2771452436138295
27.466499999981338 3.9726397388509795 0.1554528152239096 7.173153491220083e-05 -0.06411739390495322 0.18839977384397127 0.030092987044819015 0.20127370134943637 2.27386727867537
27.466999999981336 3.9701156683888583 0.16820994488104715 7.20037371210712e-05 -0.06357137781599011 0.1884313218786194 0.030435010454800505 0.20118144299047827 2.2705976101453107
27.467499999981335 3.967621194355906 0.18096277574245007 7.22756884910787e-05 -0.06302592662401846 0.1884642545438178 0.030776851492704628 0.20109265838259013 2.2673367190317535
27.467999999981334 3.9651567876015132 0.19371070941181684 7.254736557525756e-05 -0.06248107100373144 0.18849858734009642 0.031118492980291727 0.201007368691672 2.2640850515795394
27.468499999981333 3.9627229024927324 0.20645323836967733 7.281874623316901e-05 -0.0619368368937532 0.18853433625166083 0.031459919010773704 0.20092559372668814 2.260843111429247
27.46899999998133 3.96032005128 0.2191897510862473 7.308980901471381e-05 -0.061393255418519414 0.1885715187451945 0.03180111141046661 0.20084735542120966 2.257611399669731
27.46949999998133 3.957948640770483 0.23191970568613454 7.336053280754204e-05 -0.06085035291561708 0.18861014820802677 0.03214205313843683 0.2007726700449119 2.254390374599697
27.46999999998133 3.955608797257772 0.24464295288426502 7.36308874022505e-05 -0.060308141390883856 0.18865022774948295 0.03248274321950631 0.20070154198465692 2.2511802933917577
27.470499999981328 3.9533016100423675 0.25735847976849663 7.390085215523053e-05 -0.05976667048997823 0.18869179947077216 0.032823146750570194 0.2006340176829074 2.247981903611381
27.470999999981327 3.951027123201242 0.2700655958110987 7.41704198199789e-05 -0.05922596749242138 0.18873485726329484 0.03316324321518508 0.20057009316485636 2.244795752430706
27.471499999981326 3.948785981590801 0.2827637301060442 7.44395594197169e-05 -0.05868606358067631 0.1887794255430115 0.03350301490930493 0.20050979421204768 2.2416223687509436
27.471999999981325 3.9465785607271995 0.2954523472417008 7.470824846685301e-05 -0.05814698623038493 0.18882551572489734 0.03384244726392441 0.2004531332587783 2.2384622049404137
27.472499999981324 3.944405096274612 0.30813101199558524 7.497646510236714e-05 -0.057608755803617816 0.1888731339971757 0.03418152686762851 0.20040011544447364 2.2353156803123224
27.472999999981322 3.9422660314966755 0.32079899322545635 7.524420043755607e-05 -0.05707140384391025 0.18892229404593883 0.03452022926262989 0.20035075381100864 2.2321833105906124
27.47349999998132 3.9401618111107997 0.33345573099188347 7.551141864148139e-05 -0.05653496090946036 0.18897300990832272 0.034858539716889875 0.2003050625172495 2.2290656234999653
27.47399999998132 3.9380926288630573 0.3461006982115358 7.577810717776495e-05 -0.05599944908561802 0.18902528508243602 0.0351964415896033 0.20026304251898125 2.225963036482819
27.47449999998132 3.9360591212940794 0.3587332176167407 7.604423606450371e-05 -0.05546490406289077 0.18907914208988422 0.03553391468416711 0.20022471537983008 2.2228761802448185
27.474999999981318 3.9340615938613936 0.37135267767441194 7.630978511531303e-05 -0.054931353596014254 0.18913458850096168 0.03587094052461332 0.20019008604183874 2.2198055401607055
27.475499999981317 3.9321003561893573 0.38395850410002125 7.657473068042504e-05 -0.05439882456433956 0.18919163241934756 0.036207502115023237 0.20015915942291707 2.2167516171067385
27.475999999981315 3.930175798584518 0.39655016711368074 7.683904959023756e-05 -0.053867343690727106 0.1892502861975535 0.03654358406998359 0.2001319441739144 2.2137149016395044
27.476499999981314 3.928288228937498 0.40912693835575215 7.710272525357458e-05 -0.053336941568853664 0.18931055662871638 0.03687916299202099 0.20010844272540274 2.210695921185542
27.476999999981313 3.926437887056504 0.4216881959247468 7.736574507750606e-05 -0.05280764459513535 0.18937244826843969 0.037214219538252546 0.20008865441776116 2.207695140302647
27.477499999981312 3.9246252932352865 0.43423342504875884 7.762806738611891e-05 -0.052279482911042105 0.18943597927980746 0.037548740348655435 0.20007259302792157 2.2047131377200158
27.47799999998131 3.922850691444567 0.4467619058618234 7.788967535507706e-05 -0.051752486460393377 0.1895011532631401 0.03788270302676221 0.20006025625172824 2.2017504444053593
27.47849999998131 3.9211143915196467 0.45927302285204963 7.815054765899117e-05 -0.0512266834825522 0.1895679778944916 0.03821608931215305 0.20005164539673875 2.198807564507152
27.47899999998131 3.919416794336689 0.471766203461113 7.84106526591732e-05 -0.050702103158652374 0.1896364652747093 0.038548882981887744 0.200046766046712 2.1958850749628045
27.479499999981307 3.9177580477931184 0.4842407556363316 7.866997980979087e-05 -0.05017877230164813 0.18970661500307867 0.03888106202568743 0.20004560967407486 2.1929834296511026
27.479999999981306 3.9161385249225935 0.49669607118690556 7.892850078693495e-05 -0.049656720495250786 0.18977843757756538 0.03921260884614596 0.20004817907755668 2.1901031862207816
27.480499999981305 3.9145584362831203 0.5091314758877525 7.918619632395888e-05 -0.04913597618225531 0.18985193535802514 0.03954350309367824 0.20005446796182946 2.1872448514942895
27.480999999981304 3.9130181261197454 0.5215463565794115 7.944304028686574e-05 -0.04861656831575898 0.18992711754666264 0.03987372667963783 0.2000644765412069 2.1844090041308877
27.481499999981303 3.911517741193338 0.5339400522689374 7.969901872327495e-05 -0.04809852303452361 0.19000398385298736 0.04020325894754548 0.20007819428441542 2.1815960970430934
27.4819999999813 3.9100576314937197 0.5463119607604181 7.99540975161643e-05 -0.04758187078623843 0.19008254334414673 0.04053208386115808 0.20009562097613648 2.1788066826699914
27.4824999999813 3.9086380760567585 0.558661606791072 8.020825267751281e-05 -0.04706663450565188 0.19016280373281585 0.04086018769846026 0.20011675328659384 2.1760412073376076
27.4829999999813 3.9072591393604235 0.5709880162647636 8.046147036622728e-05 -0.046552850317577846 0.1902447571495643 0.041187540085762385 0.2001415722779847 2.173300338381011
27.483499999981298 3.9059211909119664 0.5832906547430083 8.071372056701321e-05 -0.046040545079007296 0.19032841480317678 0.04151412568324428 0.20017007744392373 2.170584583134302
27.483999999981297 3.904623914632859 0.5955689148682551 8.096500563144821e-05 -0.04552973607139553 0.19041375483810308 0.041839926211847484 0.2002022335631873 2.1678941668500378
27.484499999981296 3.9033681855835853 0.6078220729962748 8.121526633931506e-05 -0.0450204661663779 0.1905008100222439 0.04216492127121703 0.20023806226283994 2.165230045206306
27.484999999981294 3.9021539702246626 0.6200494509375777 8.146448948015308e-05 -0.044512760968422334 0.19058957066720583 0.04248909138742325 0.20027754048587315 2.162592616092547
27.485499999981293 3.9009813653082843 0.6322503702110499 8.171266316521585e-05 -0.04400664576761849 0.19068003410091508 0.042812414672659324 0.20032065077406905 2.1599823595510537
27.485999999981292 3.8998507381804615 0.6444241236078907 8.195975161017664e-05 -0.043502155032954334 0.19077220900740693 0.04313487192597 0.20036738855948286 2.157399922455645
27.48649999998129 3.8987619973971044 0.656570133942186 8.220574238607905e-05 -0.04299930874874847 0.1908660844609427 0.04345644561158009 0.20041772729854543 2.1548456679347257
27.48699999998129 3.8977153844184897 0.6686876939435391 8.24506090302456e-05 -0.042498138106276125 0.19096166355090682 0.04377711542502764 0.20047165516243448 2.152320191788359
27.48749999998129 3.8967109837133407 0.6807761032975568 8.269433033761064e-05 -0.04199867103676731 0.19105894209838484 0.04409686074919879 0.20052915212642475 2.1498239943650863
27.487999999981287 3.89574897231352 0.6928347174520488 8.293688404874806e-05 -0.04150093489483535 0.19115792097970563 0.044415662688705136 0.200590202758025 2.1473575921711268
27.488499999981286 3.8948294200512157 0.7048628548262338 8.317824063603052e-05 -0.04100495832692812 0.19125859504802217 0.04473350263837681 0.20065478575263065 2.1449215374411903
27.488999999981285 3.893952469707547 0.7168598107313195 8.341838464524218e-05 -0.04051076919945404 0.1913609632196506 0.04505035892386456 0.20072288236435062 2.1425163080178886
27.489499999981284 3.8931181836649973 0.7288249211193397 8.36572889085722e-05 -0.04001839507594836 0.19146502028588142 0.04536621325861736 0.2007944701503356 2.1401424445006763
27.489999999981283 3.892326629161599 0.7407574725407122 8.389493478609088e-05 -0.03952786355945453 0.19157076124871134 0.04568104417958248 0.20086952571339084 2.1378004408753988
27.49049999998128 3.891577896155442 0.75265680669821 8.4131299655441e-05 -0.039039201607553524 0.19167818252373853 0.0459948328903484 0.20094802703776393 2.135490813052288
27.49099999998128 3.890872038210251 0.7645222171161843 8.436635946301285e-05 -0.03855243757709713 0.19178727818852634 0.04630755929624634 0.2010299494256379 2.133214077858508
27.49149999998128 3.890209059872063 0.7763530088693648 8.460009283371081e-05 -0.03806759850184081 0.1918980401588716 0.04661920360072328 0.20111526549936218 2.130970694842649
27.491999999981278 3.8895890590418154 0.7881485080517615 8.483247631261973e-05 -0.03758471177278035 0.1920104650912304 0.04692974622214808 0.20120395210847328 2.128761223674034
27.492499999981277 3.8890122297663963 0.7999077514570143 8.506348999214919e-05 -0.03710381538240299 0.1921245514443142 0.04723915757945006 0.20129598702514287 2.1265862765036827
27.492999999981276 3.888478209099853 0.8116303879229004 8.529311126011959e-05 -0.03662492087842303 0.19224027664108814 0.04754743105119159 0.20139132799592108 2.1244460670758474
27.493499999981275 3.887987068332795 0.8233157911920241 8.55213177161659e-05 -0.03614805248918662 0.19235763695472285 0.04785454760965297 0.20148994992428404 2.12234101944191
27.493999999981273 3.8875389335611072 0.8349630610006392 8.574808477942814e-05 -0.035673247920997825 0.1924766273205505 0.048160482357011404 0.2015918270733887 2.1202718949740333
27.494499999981272 3.887133680300398 0.8465716504607744 8.597339506943262e-05 -0.03520052579679764 0.19259723550150673 0.048465219223468435 0.2016969251465493 2.1182389768168193
27.49499999998127 3.8867713542417803 0.858140729776195 8.619722888943421e-05 -0.034729918697850665 0.19271945378550595 0.04876873436945195 0.20180521443248498 2.116242851672682
27.49549999998127 3.8864519452051507 0.8696696385539421 8.641955916152652e-05 -0.03426145273083925 0.19284327359260653 0.049071009541549956 0.20191666422206792 2.1142840121011597
27.49599999998127 3.8861751455784503 0.8811576889060992 8.664037535407277e-05 -0.033795148909385765 0.19296867227756495 0.049372024535083464 0.2020312287174107 2.112362748269408
27.496499999981268 3.8859411374234627 0.8926041581543518 8.685964661379169e-05 -0.03333103936265959 0.19309564947459254 0.049671760079692526 0.20214888518224486 2.1104796827090015
27.496999999981266 3.885749948528851 0.904008293554903 8.70773513165441e-05 -0.032869153275383964 0.19322419762355958 0.04997019441490051 0.20226960254613655 2.108635306589734
27.497499999981265 3.885601258908995 0.9153694882925636 8.729347503071085e-05 -0.03240950930039582 0.1933542941576043 0.05026731040089862 0.2023933345177605 2.106829938226113
27.497999999981264 3.8854950527336998 0.9266870446247963 8.750798961475992e-05 -0.03195213589442434 0.19348592945982843 0.050563089884759514 0.20252004825657072 2.1050640394368023
27.498499999981263 3.8854312139571947 0.9379602527790155 8.77208783575094e-05 -0.03149705842431664 0.19361908960017377 0.050857512546974584 0.2026497054758546 2.103338036397053
27.49899999998126 3.885409622114264 0.9491884100444499 8.793212258241875e-05 -0.031044302118733463 0.1937537604610924 0.051150558375198135 0.20278226749138625 2.10165234674709
27.49949999998126 3.885430169975316 0.9603708325148339 8.814170016281691e-05 -0.030593892611182304 0.19388992846607914 0.05144220883076821 0.20291769630831663 2.100007403749824
27.49999999998126 3.885492537171422 0.9715070828591272 8.834958446559379e-05 -0.030145845283253318 0.1940275720737746 0.05173245456669769 0.20305594689193687 2.0984034665359226
27.50049999998126 3.885596659163876 0.9825962631403946 8.855576519627172e-05 -0.0297001915336617 0.1941666781545744 0.052021268284440626 0.2031969798905486 2.0968410112706057
27.500999999981257 3.885742546784783 0.9936375574737204 8.87602209382098e-05 -0.029256962799787765 0.19430723757892687 0.052308626728652274 0.20334076049346125 2.0953205632234266
27.501499999981256 3.8859299891985972 1.0046302836312795 8.896292981886709e-05 -0.028816183053224885 0.1944492318343316 0.05259451139944094 0.20348724479943336 2.093842492834013
27.501999999981255 3.886158780236472 1.0155737939442728 8.916387217169294e-05 -0.028377875138124023 0.1945926430317196 0.05287890491919425 0.20363638944176554 2.0924071232838295
27.502499999981254 3.8864286403774697 1.0264674696273766 8.936303744298262e-05 -0.027942059167471632 0.1947374503594735 0.05316179065314479 0.20378814790972435 2.0910147300117696
27.502999999981252 3.8867393728505233 1.0373106085163133 8.956039955653574e-05 -0.027508760680240232 0.19488363555642207 0.05344315005217564 0.203942476226387 2.0896656545572574
27.50349999998125 3.8870908155333694 1.0481025203110081 8.975594565742285e-05 -0.027078003804085687 0.19503118265198494 0.05372296377062606 0.20409933202474229 2.088360339099089
27.50399999998125 3.887482692463805 1.0588425318199435 8.994965712626673e-05 -0.026649811127207476 0.1951800701904039 0.05400121366402655 0.20425866764922038 2.0870990412556725
27.50449999998125 3.8879143141472348 1.0695292639429186 9.014153587728115e-05 -0.02622422044912323 0.1953302499351241 0.05427785686029085 0.20442040510484388 2.085882322649726
27.504999999981248 3.8883863512381858 1.0801629542593765 9.03315260528157e-05 -0.02580124163726897 0.19548175461145084 0.05455290751009939 0.20458455507149526 2.084710297787418
27.505499999981247 3.8888979819017253 1.0907428047881198 9.051963509158664e-05 -0.02538089175681692 0.19563453560463467 0.054826342918626834 0.2047510416712042 2.083583103380373
27.505999999981245 3.889449042456235 1.1012680793579723 9.07058379478915e-05 -0.024963198066553605 0.19578857591574847 0.05509814357306807 0.20491982125217953 2.082501175231111
27.506499999981244 3.8900392348904593 1.1117380893181041 9.089012504909371e-05 -0.024548182509059838 0.19594385312951168 0.05536829030750499 0.2050908442990908 2.0814647283783896
27.506999999981243 3.8906683933399804 1.1221521921128277 9.107247216227637e-05 -0.024135869104553603 0.19610035114061755 0.05563676672075537 0.2052640682293065 2.080474077105284
27.507499999981242 3.8913361147447993 1.1325096661703196 9.125286366208659e-05 -0.023726280376429647 0.19625804179898204 0.055903553656540934 0.2054394379438906 2.079529499980107
27.50799999998124 3.8920421091164865 1.1428099691320737 9.143129440630505e-05 -0.02331943318617473 0.19641690474642853 0.05616863642224609 0.20561690628892001 2.078631125245456
27.50849999998124 3.89278600192808 1.1530523760059146 9.160775041664719e-05 -0.022915350537915012 0.1965769132118676 0.05643199577131315 0.2057964194171394 2.0777791888187225
27.50899999998124 3.893567471475964 1.1632362966342091 9.178221254518517e-05 -0.02251405216902784 0.19673804420887925 0.056693616939952 0.20597792790961522 2.0769739113640266
27.509499999981237 3.8943862792054587 1.173361035205973 9.195466533484327e-05 -0.022115562280030494 0.1969002777649772 0.056953481632752635 0.20616138471833026 2.0762155220040284
27.509999999981236 3.895241708607906 1.1834257643958015 9.212510793412124e-05 -0.021719900783228795 0.19706357009814018 0.057211566479475964 0.20634671814422784 2.07550418859396
27.510499999981235 3.8961339534710953 1.1934300681653083 9.229350609083576e-05 -0.021327091619984685 0.19722792401543818 0.05746786389921523 0.20653390576257788 2.074840157298226
27.510999999981234 3.8970624809949617 1.203373091915071 9.245986501492972e-05 -0.020937156443102102 0.19739330489700688 0.05772234767437645 0.20672288397544972 2.0742235873386528
27.511499999981233 3.8980270145322216 1.2132542250942346 9.262416340351438e-05 -0.0205501172667848 0.19755969145070879 0.05797500333171067 0.20691360520055158 2.0736546704382826
27.51199999998123 3.8990268660820075 1.2230732153504122 9.278639128594003e-05 -0.02016597703648394 0.1977270467194643 0.058225827871443654 0.2071060082797025 2.0731332727229383
27.51249999998123 3.9000618977796626 1.232829201535044 9.294653508609655e-05 -0.01978476654682073 0.19789535396896232 0.058474797085505514 0.20730004824891898 2.0726596997025
27.51299999998123 3.901131615553142 1.2425216102671848 9.31045870837524e-05 -0.019406501636851668 0.19806458241440103 0.05872189663719438 0.20749566804500166 2.0722340012944187
27.513499999981228 3.9022356460084624 1.2521498225238659 9.326053575200614e-05 -0.019031201798676133 0.19823470645857824 0.058967110753560065 0.20769281556482216 2.071856280886604
27.513999999981227 3.9033736335375386 1.2617132430907054 9.341436673808394e-05 -0.018658886523063384 0.1984057014894743 0.05921042496623766 0.2078914400702766 2.0715266115767745
27.514499999981226 3.9045450949913754 1.2712112563515412 9.356607288761469e-05 -0.01828957332672066 0.1985775367545337 0.05945182369085179 0.20809148453538362 2.071245051211854
27.514999999981224 3.905749627190907 1.2806432667863294 9.371564815517446e-05 -0.01792327953000982 0.19875018579135525 0.059691291148131556 0.20829289603858342 2.0710116388350297
27.515499999981223 3.9069868517323503 1.2900086863913676 9.386307865418697e-05 -0.017560024445206025 0.19892362283326376 0.059928813613360124 0.20849562316924466 2.0708264145219895
27.515999999981222 3.908256260865239 1.2993069278535905 9.400835958549655e-05 -0.017199823879389377 0.1990978164020555 0.060164376029549924 0.20869960848208052 2.070689366621528
27.51649999998122 3.9095574513584714 1.3085374446282874 9.415148069591181e-05 -0.016842694535446293 0.19927274023125213 0.06039796523578336 0.20890480023950944 2.0706005254940254
27.51699999998122 3.910889983738461 1.3176996348984438 9.429243561852987e-05 -0.01648865413561565 0.1994483658240363 0.060629566113620595 0.20911114420854873 2.0705598447148525
27.51749999998122 3.9122533991442077 1.3267929215625676 9.443121635313356e-05 -0.016137719635117093 0.19962466393839465 0.06085916469330903 0.20931858583199428 2.070567344988517
27.517999999981217 3.9136471097370675 1.3358170311166258 9.456780843667229e-05 -0.015789897023917577 0.1998016019726591 0.06108675785384494 0.20952706981190067 2.0706228196560206
27.518499999981216 3.9150708333323854 1.3447709501460876 9.470222016990355e-05 -0.015445217636005718 0.1999791554409591 0.06131231488623809 0.20973654263244657 2.070726400343564
27.518999999981215 3.916524102197662 1.353654315219246 9.483443838104248e-05 -0.015103692046113401 0.20015729663087647 0.06153582958308922 0.20994695337271152 2.07087798889542
27.519499999981214 3.9180063508936227 1.362466603081436 9.49644572520765e-05 -0.01476533378536295 0.20033599178264583 0.06175728977731418 0.21015824401143218 2.0710774329127912
27.519999999981213 3.9195171535189677 1.371207227571372 9.509227436335711e-05 -0.014430159765891036 0.20051521339616632 0.06197668048048396 0.21037036207022902 2.0713246624189465
27.52049999998121 3.9210560106650263 1.3798756728554842 9.521788257992853e-05 -0.01409818473019988 0.20069493078642292 0.06219399033436129 0.2105832531085142 2.0716195465792957
27.52099999998121 3.9226225273597515 1.3884714688653261 9.534127003269401e-05 -0.013769422267070092 0.20087511912948264 0.06240920798361527 0.2107968683733107 2.0719618244100233
27.52149999998121 3.924216130030223 1.3969940166002701 9.546244417264525e-05 -0.013443888167337388 0.20105574351824618 0.06262231900300841 0.21101114891883133 2.072351562642967
27.521999999981208 3.9258363146139934 1.405442805388308 9.558140081754901e-05 -0.013121595915055916 0.20123677342583907 0.06283331120376537 0.21122604066504141 2.0727885238259054
27.522499999981207 3.927482561785387 1.413817340610675 9.569813644129323e-05 -0.012802558767498702 0.2014181776157957 0.06304217345284574 0.2114414893504162 2.073272528351689
27.522999999981206 3.9291543968078617 1.4221171302180944 9.581264993460402e-05 -0.012486789805297941 0.2015999272282646 0.0632488939928728 0.21165744298135358 2.0738033771184523
27.523499999981205 3.930851308051798 1.4303416974879637 9.592493826711962e-05 -0.012174301851544536 0.20178199158573512 0.06345346238335153 0.21187384841530962 2.0743808387532963
27.523999999981204 3.9325727254314797 1.438490524774403 9.603500077649474e-05 -0.011865107805196048 0.20196433687948162 0.0636558664837853 0.21209064923329168 2.0750047219524186
27.524499999981202 3.9343182517010034 1.4465631659268554 9.614283356745065e-05 -0.011559221022776872 0.20214693826702887 0.063856096660233 0.21230779854274878 2.0756747922893166
27.5249999999812 3.9360872457909393 1.4545591480006577 9.624843838875987e-05 -0.011256651640227211 0.2023297590847998 0.0640541420919493 0.2125252378815236 2.076390765071922
27.5254999999812 3.9378794819087712 1.4624776083782178 9.635181396160238e-05 -0.010957428834148127 0.20251277856878463 0.06424997873081341 0.21274292114478213 2.0771526400617306
27.5259999999812 3.9396940748403306 1.4703186451121864 9.645296320078819e-05 -0.010661540543076099 0.20269595416098823 0.06444361532526419 0.21296078943358498 2.0779597508737866
27.526499999981198 3.941530482326145 1.478081808368189 9.655188600212924e-05 -0.010368998109646328 0.20287925402903204 0.06463504232051422 0.21317879006352633 2.07881181719022
27.526999999981197 3.943388380752673 1.4857664224237719 9.66485821239088e-05 -0.01007982279823241 0.20306265475402002 0.06482424172554153 0.21339687649702263 2.079708698970196
27.527499999981195 3.945267167537338 1.49337213177708 9.674305011214725e-05 -0.009794022161729598 0.20324612252350852 0.0650112072736496 0.21361499540557286 2.0806500147724387
27.527999999981194 3.947166337566117 1.5008985277689644 9.683529519640855e-05 -0.009511605783218151 0.20342962803903902 0.06519592991568833 0.21383309726571437 2.0816354606554035
27.528499999981193 3.9490853007112685 1.5083451648076383 9.692531606406805e-05 -0.009232584631081096 0.20361313708691703 0.06537840072389632 0.21405112822538477 2.082664645795841
27.528999999981192 3.9510235946339622 1.5157116576044403 9.701311495893213e-05 -0.008956968369889158 0.20379662251960723 0.06555861153558855 0.21426904157916205 2.0837372580386053
27.52949999998119 3.952980610006018 1.5229975906952204 9.709869744116711e-05 -0.008684765646089323 0.20398004992022753 0.06573655357381772 0.21448678373165422 2.084852848442169
27.52999999998119 3.954955877322613 1.5302025897791913 9.718206278676596e-05 -0.008415986325558823 0.20416339172320178 0.06591221963381569 0.21470430839368337 2.0860110733496158
27.53049999998119 3.956948805014246 1.5373262361026552 9.726321923673548e-05 -0.008150638951486454 0.20434661440241997 0.06608560045688913 0.21492156318246985 2.087211530990196
27.530999999981187 3.9589588650497394 1.5443681285509894 9.734216989974731e-05 -0.00788873292325993 0.20452968752534326 0.06625668752121591 0.21513849917584052 2.088453827712559
27.531499999981186 3.960985525209457 1.551327948903417 9.741891643066796e-05 -0.007630275413941391 0.20471258113812912 0.06642547582244392 0.21535506917034894 2.089737496580061
27.531999999981185 3.9630282392373335 1.5582053185835831 9.749346399804787e-05 -0.0073752747006855055 0.2048952641402849 0.06659195765493385 0.21557122435135953 2.0910621087938677
27.532499999981184 3.965086484109643 1.5649998920785266 9.756581757571021e-05 -0.007123738445466781 0.20507770696866653 0.06675612649992073 0.21578691797752497 2.0924272006782467
27.532999999981183 3.967159760006824 1.5717113846032134 9.763597843552319e-05 -0.00687567193140559 0.205259881921079 0.06691797703939464 0.21600210564207137 2.0938324154088677
27.53349999998118 3.9692474480368993 1.5783393772008667 9.770395748298238e-05 -0.006631084287954215 0.20544175386914976 0.06707750108159041 0.21621673539071168 2.0952770716484377
27.53399999998118 3.9713489766352623 1.5848836173262415 9.776976311720806e-05 -0.006389978469788232 0.20562329214572347 0.06723469438028178 0.21643076081301335 2.0967607437512648
27.53449999998118 3.9734638938445697 1.5913435706276262 9.783339792577426e-05 -0.006152369906278331 0.20580446837680227 0.06738954458291928 0.2166441358043535 2.098283068158553
27.534999999981178 3.9755916220217054 1.597719128208285 9.789486959796e-05 -0.005918257093837571 0.2059852529522162 0.06754205265708042 0.21685681699672038 2.099843474502563
27.535499999981177 3.9777315940048124 1.6040099726660442 9.795418380560475e-05 -0.0056876461966965 0.20616561441016015 0.06769221314794818 0.21706875778251664 2.101441417918669
27.535999999981176 3.9798832601777896 1.610215750075969 9.801134922558047e-05 -0.005460544435452663 0.20634552187310765 0.06784001914579421 0.21727991195763685 2.1030763729194772
27.536499999981174 3.982046194653231 1.6163362538676629 9.80663722287451e-05 -0.005236956080706792 0.20652495195403858 0.06798546856894677 0.21749024213777604 2.104747844359004
27.536999999981173 3.984219682681135 1.6223712183633414 9.811926247689046e-05 -0.005016882883454685 0.20670386672258406 0.0681285573405645 0.2176996967320825 2.1064551816380637
27.537499999981172 3.9864032438953267 1.6283202740119418 9.81700297785352e-05 -0.004800332906012271 0.20688223871364145 0.06826927719782364 0.21790823320905053 2.1081978832387773
27.53799999998117 3.9885963374038558 1.634183241934746 9.821868462680447e-05 -0.0045873073624696364 0.20706003944363924 0.06840762668802894 0.21811581032178282 2.1099753650857465
27.53849999998117 3.990798401242585 1.6399597967305246 9.826523125630518e-05 -0.004377812955322788 0.20723723746879835 0.06854360032632806 0.21832238315313962 2.1117871131728494
27.53899999998117 3.993008940296632 1.6456496955964452 9.83096824149991e-05 -0.004171853215120718 0.20741380598551337 0.06867719406392005 0.2185279118491229 2.113632503181602
27.539499999981167 3.995227428046127 1.65125271416627 9.835204424587153e-05 -0.003969431857401278 0.2075897164532907 0.06880840562842049 0.21873235574910593 2.1155109799797787
27.539999999981166 3.9974533139777058 1.6567684786561703 9.839232722700687e-05 -0.003770556247553177 0.2077649378501699 0.06893722692220064 0.21893567034639172 2.117422048637673
27.540499999981165 3.99968605645989 1.6621969479158403 9.843054287954326e-05 -0.0035752229360211047 0.2079394431686301 0.06906366090082809 0.21913781851005723 2.1193649205601863
27.540999999981164 4.001925186890164 1.6675378804200731 9.846669962099535e-05 -0.0033834361051762784 0.20811320668448735 0.06918770378406477 0.21933876262824464 2.1213390996141923
27.541499999981163 4.004170077523137 1.6727910406510151 9.850081525706851e-05 -0.003195196728327473 0.20828619542088248 0.06930935161067789 0.21953845837513603 2.1233438538228895
27.54199999998116 4.006420154181142 1.67795630044805 9.853290307315124e-05 -0.003010503442453846 0.20845837993774427 0.06942860422922414 0.21973686623428534 2.125378576131657
27.54249999998116 4.008675068581706 1.6830333868681635 9.856295949014292e-05 -0.0028293651228801947 0.20862973940564902 0.06954545832115461 0.21993395427847662 2.1274427443200326
27.54299999998116 4.010934249628856 1.688022152043929 9.859100346542974e-05 -0.002651780404238297 0.2088002445133159 0.06965991259479024 0.220129683302472 2.1295356260040688
27.543499999981158 4.013197115512725 1.6929224586479374 9.861704579143165e-05 -0.0024777480986349944 0.20896986536598383 0.06977196646586671 0.22032401405936602 2.131656630076523
27.543999999981157 4.015463195510333 1.6977340827770462 9.864110195041413e-05 -0.0023072712972473197 0.20913857652404977 0.06988161646200715 0.22051691094038114 2.133805134625793
27.544499999981156 4.01773201474896 1.7024568477943953 9.866317646737245e-05 -0.002140352791901524 0.20930635248481266 0.06998886168012111 0.22070833935275208 2.135980469899177
27.544999999981155 4.020003015765657 1.7070906234129912 9.868328713834257e-05 -0.001976990578067577 0.2094731648238509 0.07009370102176674 0.22089826209364977 2.1381819718680375
27.545499999981153 4.022275652863651 1.711635298551185 9.870144498673545e-05 -0.0018171838027172143 0.20963898548117763 0.0701961356070718 0.22108664329786337 2.14040895761044
27.545999999981152 4.024549489708868 1.7160907320365806 9.871766038957049e-05 -0.0016609331055726564 0.20980379157861262 0.07029616416023479 0.22127345153720043 2.142660737630707
27.54649999998115 4.026824050140075 1.720456845196122 9.873194810785725e-05 -0.001508236598628307 0.20996755896985508 0.07039378771729869 0.22145865516295615 2.1449369667775633
27.54699999998115 4.029098836260432 1.7247336526890165 9.874432551925359e-05 -0.0013590883453513715 0.21013026372653248 0.07048900988026298 0.22164222379504403 2.147237037809316
27.54749999998115 4.031373298528129 1.7289207115538463 9.875479466388683e-05 -0.001213499741580503 0.2102918735609388 0.07058182221543988 0.22182411567420854 2.149559665740705
27.547999999981148 4.033646990608654 1.733018050547529 9.876337248796967e-05 -0.001071464997690573 0.21045236714350096 0.07067222845716717 0.22200430344623104 2.1519045360669424
27.548499999981146 4.035919419961948 1.7370255873874851 9.877007042625533e-05 -0.0009329825824828727 0.21061171939045809 0.07076023007125805 0.2221827557684026 2.1542709439051873
27.548999999981145 4.038190104348274 1.740943219543388 9.877490531656499e-05 -0.0007980506111234382 0.2107699058139995 0.07084582676511211 0.22235944156174794 2.156658202561158
27.549499999981144 4.04045859610633 1.744770871691776 9.877788693176095e-05 -0.000666667965748158 0.2109269035394855 0.0709290200859909 0.22253433212268817 2.1590656608868857
27.549999999981143 4.042724344884304 1.7485084697414088 9.877903174440686e-05 -0.0005388313990449226 0.21108268494611201 0.07100981135899975 0.22270739442725496 2.1614925664772446
27.55049999998114 4.0449869704436985 1.75215594657122 9.877834852017422e-05 -0.0004145403163083642 0.21123723052984367 0.07108820213114221 0.2228786034769383 2.1639383205244473
27.55099999998114 4.047246006321743 1.755713239630519 9.877585306820703e-05 -0.000293791863048106 0.21139051693930133 0.07116419350189448 0.2230479307285744 2.1664022485737315
27.55149999998114 4.049500919473758 1.759180298183912 9.877156045721153e-05 -0.00017658232516107016 0.21154251763141682 0.07123778752571659 0.22321534516855018 2.1688835806617974
27.55199999998114 4.05175132258471 1.7625570865507678 9.876548055105391e-05 -6.290987795671828e-05 0.21169321310653813 0.0713089867686449 0.2233808228720489 2.17138170781578
27.552499999981137 4.053996796855727 1.7658435702020019 9.875762628571332e-05 4.722834955580061e-05 0.2118425825215327 0.07137779334966009 0.22354433874150376 2.1738959735657346
27.552999999981136 4.0562368013902175 1.7690396992625632 9.874801436252615e-05 0.000153836422075315 0.2119905990238318 0.07144420920112773 0.22370586216838909 2.176425621709804
27.553499999981135 4.058470986947469 1.772145439573361 9.87366552972707e-05 0.00025691602389830493 0.21213724506239084 0.07150823654875442 0.22386537169204357 2.1789700695020677
27.553999999981134 4.060698867534745 1.775160820460415 9.87235647705633e-05 0.00035647344409186934 0.21228249734323884 0.07156987939097448 0.2240228412185623 2.1815285751721745
27.554499999981132 4.062920062284736 1.778085827745397 9.870875311157644e-05 0.00045251110230412736 0.21242633691516458 0.07162914104558345 0.22417824878524859 2.184100484711338
27.55499999998113 4.065134107956626 1.7809204514473431 9.869223408221449e-05 0.0005450334319891206 0.2125687410648962 0.07168602441087317 0.224331568966994 2.1866851405573176
27.55549999998113 4.067340613126673 1.7836647638078373 9.867401641493004e-05 0.0006340462204489409 0.2127096912936012 0.07174053523225914 0.22448278147831252 2.1892818788162414
27.55599999998113 4.069539143073729 1.786318683316606 9.865412462720976e-05 0.0007195522968170587 0.21284916599066103 0.07179267306003008 0.22463186132766697 2.1918899860540684
27.556499999981128 4.071729292412539 1.7888822553993706 9.863256786240184e-05 0.000801556629895337 0.21298714564476015 0.07184244297315764 0.2247787875118215 2.1945088234819643
27.556999999981127 4.07391066538472 1.7913555175580065 9.860935770805707e-05 0.0008800640207996614 0.21312361122655502 0.07188984954883494 0.2249235395486266 2.197137726028227
27.557499999981125 4.076082865426638 1.7937385085214497 9.858450737401551e-05 0.0009550797110116355 0.21325854382973944 0.07193489700873822 0.22506609718323428 2.199776054843998
27.557999999981124 4.078245480147854 1.7960312635615139 9.855803208385165e-05 0.0010266092978290777 0.21339192378836958 0.07197758932852004 0.22520643958443284 2.202423131912319
27.558499999981123 4.080398126814405 1.7982338289246493 9.852994522143954e-05 0.0010946580704325872 0.21352373293193216 0.07201793101278442 0.22534454772379214 2.20507829289506
27.558999999981122 4.082540368884709 1.8003462278999705 9.850026404678279e-05 0.00115923166432837 0.21365395032426054 0.07205592568107053 0.22548039988648488 2.2077407954704165
27.55949999998112 4.084671907817462 1.8023685862145302 9.846899526222525e-05 0.0012203365926046774 0.21378256259565986 0.07209158028796643 0.22561398281086834 2.2104101322055767
27.55999999998112 4.086792345028134 1.8043009586380605 9.843615555225065e-05 0.001277979337362847 0.21390955107503024 0.07212489902944737 0.22574527754155937 2.213085657421394
27.56049999998112 4.088901329650546 1.8061433830684273 9.840175730169495e-05 0.0013321642548380218 0.21403489895742814 0.07215588632327337 0.22587426715855768 2.21576673123208
27.560999999981117 4.090998518401557 1.8078959826314611 9.836581343072382e-05 0.0013828989272471049 0.2141585908461427 0.0721845487718919 0.22600093699816862 2.2184526886140694
27.561499999981116 4.093083493874222 1.8095588081763683 9.83283383273757e-05 0.0014301896085090722 0.21428060701637383 0.07221089079615967 0.22612526779463815 2.2211429260110296
27.561999999981115 4.095155885147997 1.8111320925313947 9.828934754135867e-05 0.0014740486228417323 0.2144009320671763 0.07223492199930202 0.22624724627464904 2.223836736496539
27.562499999981114 4.097215378426357 1.8126157741147473 9.824885238153117e-05 0.0015144768441082374 0.21451955002309417 0.07225664301169328 0.2263668558812032 2.2265336055976586
27.562999999981113 4.099261630107386 1.8140099864832968 9.820686679830979e-05 0.0015514822250913658 0.2146364455899377 0.07227606086306013 0.22648408298699013 2.2292328969460953
27.56349999998111 4.101294251256015 1.815314843980358 9.816340586066134e-05 0.001585073078223939 0.21475160116461742 0.07229318163275912 0.22659891166997542 2.2319339591710055
27.56399999998111 4.10331292893873 1.8165304202427057 9.811848301882508e-05 0.001615254621062636 0.2148650021730047 0.07230801068299747 0.22671132881977613 2.2346361789884237
27.56449999998111 4.105317355352337 1.8176568990869186 9.807211138553992e-05 0.0016420372908359608 0.21497663594723082 0.07232055514151954 0.2268213239217827 2.2373390332498047
27.564999999981108 4.107307175518068 1.8186943644390139 9.802430702153295e-05 0.001665427674749762 0.21508648613119086 0.07233082039539494 0.22692888257045127 2.2400418339074575
27.565499999981107 4.109282087526511 1.8196429788007844 9.797508011585596e-05 0.0016854343293205723 0.21519453977673103 0.07233881391132854 0.22703399445170178 2.242744077350806
27.565999999981106 4.1112417031315385 1.8205028654409228 9.792444750809524e-05 0.001702066181745844 0.21530077951141213 0.07234454178540353 0.2271366448058277 2.2454450983364658
27.566499999981104 4.113185769614035 1.821274180988628 9.787242105593219e-05 0.0017153311911624867 0.21540519476608444 0.07234801101756606 0.22723682578206378 2.248144382901375
27.566999999981103 4.115113973307285 1.8219570159281597 9.781901756907322e-05 0.001725236161596148 0.2155077714287495 0.07234922654531027 0.2273345256834167 2.2508413414114683
27.567499999981102 4.117025960695372 1.822551609653675 9.776425088734957e-05 0.00173179395373811 0.21560849513733923 0.07234819748117782 0.22742973412564538 2.2535353748292613
27.5679999999811 4.118921465073996 1.8230580826813463 9.77081318040341e-05 0.001735010719950253 0.21570735405486563 0.07234493053239889 0.22752244247389558 2.256225946637761
27.5684999999811 4.120800159666968 1.8234766079620748 9.765067772056301e-05 0.0017348969642880159 0.21580433449063105 0.07233943250622742 0.22761264057108932 2.258912469555071
27.5689999999811 4.1226618173822915 1.823807337649329 9.759189911229645e-05 0.001731460097562568 0.21589942703245368 0.07233171022352684 0.2277003224654535 2.261594466669157
27.569499999981097 4.1245060626528165 1.8240503905141132 9.753181411032551e-05 0.0017247089151719312 0.2159926149074294 0.07232176949396603 0.22778547508155458 2.2642713000171653
27.569999999981096 4.126332695345919 1.8242060270677352 9.74704327281947e-05 0.0017146545469337627 0.2160838913050293 0.07230962004460008 0.22786809621518644 2.2669425372027776
27.570499999981095 4.128141357413436 1.8242744014112955 9.74077719729498e-05 0.0017013068703921638 0.21617324071662963 0.0722952686011811 0.22794817461237557 2.2696075449830637
27.570999999981094 4.129931837273104 1.8242557152632028 9.734384234172876e-05 0.0016846750176016836 0.21626065503899417 0.07227872330247467 0.22802570664301308 2.272265876499659
27.571499999981093 4.131703828047346 1.8241501426317017 9.727866277780546e-05 0.0016647695770500687 0.21634612169649747 0.07225999063507166 0.22810068407929207 2.2749169495155894
27.57199999998109 4.133457079908536 1.823957893353638 9.721224265009463e-05 0.001641600159253167 0.2164296307314056 0.0722390793804436 0.22817310205050348 2.277560323120441
27.57249999998109 4.135191364192307 1.8236791546188638 9.71445974930049e-05 0.0016151762718868523 0.2165111732956916 0.07221599674949532 0.22824295639250158 2.2801954612748507
27.57299999998109 4.136906357109793 1.82331412208363 9.707574504761433e-05 0.001585509426307262 0.2165907361635128 0.07219074992004298 0.22831023894256583 2.2828218352347727
27.573499999981088 4.138601859832391 1.82286301886514 9.700569395277363e-05 0.00155260904743992 0.21666831200813833 0.07216334798142975 0.22837494787125645 2.285438996397416
27.573999999981087 4.14027765033831 1.822326034480409 9.693445747708611e-05 0.0015164843505790285 0.21674389222424392 0.07213379839916854 0.22843707976769467 2.288046456432296
27.574499999981086 4.141933408032598 1.8217034091792632 9.686205478441756e-05 0.0014771487982598859 0.21681746435758037 0.0721021093195001 0.2284966279561779 2.290643719436379
27.574999999981085 4.143568936818631 1.8209953865596065 9.678849688596934e-05 0.0014346129755523412 0.21688902157813675 0.0720682899675642 0.22855359155865393 2.293230310487298
27.575499999981083 4.145184008133284 1.8202021638474806 9.671379717987816e-05 0.0013888865599481028 0.21695855509132797 0.07203234794198198 0.22860796745351628 2.2958058017419862
27.575999999981082 4.146778401366471 1.819323969620945 9.663796727677746e-05 0.0013399800818315324 0.21702605673483996 0.0719942919654126 0.22865975361679797 2.298369698019556
27.57649999998108 4.148351845932833 1.8183610445584457 9.656102380523041e-05 0.001287906039965166 0.2170915163694526 0.07195413033724053 0.2287089461611519 2.300921542672244
27.57699999998108 4.1499042033395375 1.817313643692417 9.648297932599579e-05 0.0012326752276519844 0.21715493024174035 0.07191187193836997 0.22875554756593883 2.303460924631307
27.57749999998108 4.151435205769577 1.816181974661708 9.640384409614825e-05 0.0011742975682863144 0.21721628755919065 0.07186752538729382 0.2287995536732299 2.305987383519856
27.577999999981078 4.152944673563233 1.8149663104667209 9.632363323207713e-05 0.0011127856040360155 0.2172755829119423 0.071821099676238 0.22884096569501924 2.308500514829687
27.578499999981076 4.154432375146941 1.8136668972877041 9.624236138388438e-05 0.0010481511731356826 0.21733280799902735 0.07177260355539768 0.22887978214500318 2.310999851060841
27.578999999981075 4.155898160512712 1.8122842099455128 9.616003542971925e-05 0.0009804120161306159 0.2173879606285739 0.07172205346587934 0.22891600989737312 2.313484982243379
27.579499999981074 4.15734181374366 1.810818184837213 9.607667299284787e-05 0.0009095695497853193 0.21744103002251453 0.0716694479732829 0.22894964211986238 2.3159555450564397
27.579999999981073 4.158763118872575 1.809269187881858 9.599228739810203e-05 0.0008356396585935771 0.2174920099459948 0.07161479936306406 0.22898068078289843 2.3184110949534267
27.580499999981072 4.1601619612315055 1.8076374824744836 9.590688811120651e-05 0.000758632759008569 0.21754089774253538 0.07155811701380468 0.2290091304399295 2.320851309780564
27.58099999998107 4.161538072251146 1.8059233453035264 9.582049193112016e-05 0.0006785627860343044 0.21758768380193316 0.07149941014658572 0.2290349891196852 2.3232757025796276
27.58149999998107 4.162891350630723 1.8041270337129744 9.573310788958443e-05 0.0005954398168388894 0.21763236605712533 0.07143868785536965 0.22905826207909422 2.325683971005668
27.58199999998107 4.164221602075514 1.8022488151337892 9.564474858055961e-05 0.000509275768688069 0.21767493814745728 0.07137595958151936 0.22907895072548812 2.328075697583781
27.582499999981067 4.165528672406556 1.8002889795344943 9.555542518664882e-05 0.0004200829041784357 0.2177153959132627 0.0713112352361977 0.22909705881618697 2.3304505439332246
27.582999999981066 4.1668123946940385 1.7982478085189775 9.546515182010822e-05 0.0003278739082541516 0.2177537346673926 0.07124452396287478 0.2291125894786089 2.3328081255553252
27.583499999981065 4.168072625579359 1.7961255892731742 9.53739365028301e-05 0.0002326601415307127 0.21778995052597627 0.07117583618414636 0.22912554710760885 2.3351481041856865
27.583999999981064 4.169309207697814 1.7939225727549633 9.528179334653866e-05 0.00013445323283572822 0.21782403893729177 0.07110517995771495 0.22913593483660663 2.337470153309879
27.584499999981063 4.170521989004168 1.7916390854841704 9.518873521785632e-05 3.326694866978997e-05 0.21785599634578134 0.07103256607985282 0.22914375770330647 2.3397738883068175
27.58499999998106 4.171710889824396 1.7892754280513712 9.509476957160362e-05 -7.088748710733705e-05 0.2178858221527088 0.07095800494985104 0.2291490235341638 2.3420590375029935
27.58549999998106 4.172875673025257 1.7868318292166865 9.4999914619356e-05 -0.00017799764938719728 0.21791350787402208 0.07088150369332946 0.22915173174766137 2.3443252136621076
27.58599999998106 4.174016283645511 1.784308631480287 9.490417744662598e-05 -0.000288051265294778 0.21793905454876422 0.07080307405688231 0.22915189234881964 2.346572114506625
27.586499999981058 4.175132533537257 1.7817061193516204 9.480757252592043e-05 -0.0004010350102066629 0.21796245653105095 0.07072272506965897 0.22914950824168978 2.3487994102358427
27.586999999981057 4.17622435337704 1.7790245960417062 9.471010644787099e-05 -0.0005169377373734384 0.21798371373197056 0.0706404671944652 0.2291445881587831 2.3510068551394703
27.587499999981056 4.177291585827767 1.7762643747075755 9.46117960415733e-05 -0.0006357451946886507 0.2180028224306305 0.07055631001902984 0.22913713719773804 2.353194051917677
27.587999999981054 4.178334145549416 1.7734257363298214 9.451264859258917e-05 -0.00075744662398908 0.21801978155164511 0.070470263199773 0.22912716309652273 2.3553607913494505
27.588499999981053 4.179352014209 1.7705090115891544 9.441266980272362e-05 -0.0008820308373747917 0.2180345937305633 0.07038233818108573 0.22911467776964137 2.3575067877392035
27.588999999981052 4.180344924769517 1.7675144688593027 9.431187994140464e-05 -0.0010094828057324574 0.218047249663876 0.07029254252876795 0.2290996806559852 2.359631712355958
27.58949999998105 4.181312825964766 1.7644424390961246 9.421028725753985e-05 -0.001139790332024088 0.21805775053226825 0.07020088724560763 0.2290821823260474 2.361735279000254
27.58999999998105 4.182255602359883 1.7612932251515536 9.41079052523587e-05 -0.0012729402906416392 0.2180660944299065 0.07010738161930911 0.2290621899712213 2.3638172316448927
27.59049999998105 4.183173159434067 1.758067157384198 9.400474210525317e-05 -0.00140891995007605 0.21807228041274965 0.07001203674931752 0.2290397123418348 2.365877287762858
27.590999999981047 4.184065426432232 1.7547645204405116 9.390081051603815e-05 -0.0015477174585448823 0.21807630851876417 0.06991486127270782 0.2290147584617303 2.3679152040813927
27.591499999981046 4.184932287479667 1.751385661767309 9.379611989940366e-05 -0.0016893188619776596 0.21807817705493404 0.06981586652285772 0.22898733660217563 2.3699307196887855
27.591999999981045 4.185773662323796 1.7479308583481705 9.369068487160717e-05 -0.0018337121118323977 0.21807788560429886 0.06971506065452844 0.2289574553750441 2.3719235898908284
27.592499999981044 4.186589457647038 1.7444004416442693 9.35845138740244e-05 -0.001980884125616829 0.2180754333817308 0.06961245439514131 0.2289251239018218 2.3738935645928865
27.592999999981043 4.18737959766492 1.740794747861737 9.34776183196532e-05 -0.0021308215475790934 0.21807082061738928 0.06950805839843568 0.22889035232514618 2.3758403857128894
27.59349999998104 4.1881440201963285 1.7371140408610322 9.337001059434678e-05 -0.002283513049496637 0.21806404759154063 0.06940188026888225 0.22885315000827317 2.3777638667430647
27.59399999998104 4.188882627599705 1.7333586608274423 9.326170160331253e-05 -0.002438945025272184 0.2180551134674743 0.06929393098143838 0.22881352633314697 2.3796637364016426
27.59449999998104 4.189595384367731 1.729529056076825 9.31526980281776e-05 -0.0025971010730457813 0.21804402152333174 0.06918422470676848 0.22877149561151058 2.381539780040016
27.594999999981038 4.190282228450194 1.7256253824538959 9.304301480344601e-05 -0.002757973376775646 0.21803077091787287 0.06907276554839875 0.22872706535233872 2.383391835275889
27.595499999981037 4.190943044517317 1.7216480204533637 9.293266248601247e-05 -0.002921546475550436 0.21801536045562908 0.06895956550870766 0.228680245109971 2.385219620734726
27.595999999981036 4.191577816956153 1.7175972797082473 9.282165187227904e-05 -0.0030878082903259127 0.2179977930739186 0.06884463372703253 0.22863104762508984 2.3870229868906145
27.596499999981035 4.192186474084492 1.713473517379992 9.27099926357738e-05 -0.003256744849160818 0.2179780693891891 0.0687279814606178 0.22857948411286105 2.388801695973115
27.596999999981033 4.1927689942460225 1.7092773346245922 9.25976796474714e-05 -0.0034283370134236403 0.21795619422921977 0.06860962986096045 0.2285255727642335 2.390555530140969
27.597499999981032 4.193325270084074 1.705008631980278 9.248475290051859e-05 -0.003602580129641722 0.21793216338040539 0.06848957042179261 0.22846931451688623 2.392284331388819
27.59799999998103 4.193855290366151 1.7006678901071248 9.237121004440381e-05 -0.003779458760608063 0.21790598107287815 0.06836781990166743 0.2284107258732906 2.393987919761448
27.59849999998103 4.19435898048133 1.6962554855343235 9.225706827206611e-05 -0.003958956360024465 0.21787764850783536 0.0682443883908798 0.22834981848385533 2.395666114104303
27.59899999998103 4.1948363099309285 1.6917716743543185 9.214233242696047e-05 -0.004141063957279474 0.21784716689960812 0.06811928476806174 0.22828660384305577 2.3973187119166655
27.599499999981028 4.1952872418847855 1.6872168068120643 9.202701458752257e-05 -0.0043257673720975085 0.21781453870237183 0.06799251908594825 0.22822109496086812 2.3989455649323226
27.599999999981026 4.195711786149899 1.6825912602129598 9.191112434798641e-05 -0.004513052389968703 0.217779768816379 0.06786410235115066 0.22815330752701687 2.4005465377127404
27.600499999981025 4.1961098176633636 1.6778953278956084 9.17946777743631e-05 -0.004702905341688883 0.2177428549250832 0.06773404285808418 0.22808324960741744 2.402121386176897
27.600999999981024 4.196481335830967 1.673129372891737 9.167768673550533e-05 -0.004895311777085711 0.2177038014489177 0.06760235061219 0.22801093625306249 2.4036699976400113
27.601499999981023 4.196826332841161 1.6682937034778298 9.156015483699716e-05 -0.00509026136582812 0.2176626111840851 0.06746903621480191 0.2279363812909227 2.405192205657011
27.60199999998102 4.197144764145925 1.6633886831831441 9.144209901870701e-05 -0.005287738145586996 0.21761928671165875 0.06733410895798957 0.22785959789474272 2.4066878524002004
27.60249999998102 4.197436640000884 1.6584146610481763 9.132352797339648e-05 -0.005487729005793317 0.2175738325916631 0.06719757906847515 0.22778060152464705 2.4081568332147447
27.60299999998102 4.197701933913292 1.6533719559275661 9.120445291132478e-05 -0.005690221193594335 0.21752625136962697 0.06705945579015503 0.22769940549554785 2.4095989964480578
27.603499999981018 4.1979405868486435 1.6482609044712737 9.108488602198484e-05 -0.005895200668518325 0.21747654427374952 0.06691974874205896 0.22761602200169156 2.4110141722965612
27.603999999981017 4.19815261456341 1.6430818789868364 9.096483934162191e-05 -0.006102652870033438 0.2174247165910752 0.0667784682085499 0.22753046735116994 2.412402242209709
27.604499999981016 4.198338057980066 1.6378357310836933 9.084428520283731e-05 -0.006312554819030482 0.21737077760439427 0.06663564663801731 0.2274427679825169 2.413763047583348
27.604999999981015 4.1984968445151 1.6325219693551951 9.072328947488657e-05 -0.006524910376794254 0.2173147221925566 0.06649125801257401 0.2273529202124924 2.4150965416341617
27.605499999981014 4.198628952962801 1.6271412610111289 9.060184909368963e-05 -0.0067396971676552606 0.21725655613967504 0.06634532453359787 0.22726094427123175 2.4164025439321852
27.605999999981012 4.198734406203818 1.6216939394546315 9.047997167386992e-05 -0.0069569029147742885 0.21719628440114236 0.06619785601354014 0.2271668562898578 2.417680966848723
27.60649999998101 4.198813199681737 1.6161803525317175 9.035766895218075e-05 -0.007176513762514156 0.21713391096721896 0.06604886214554102 0.2270706714492746 2.418931691846203
27.60699999998101 4.198865336686407 1.6106008606287767 9.023494954328191e-05 -0.007398515978271075 0.21706944021454827 0.06589835334284516 0.22697240556295945 2.4201546143885446
27.60749999998101 4.198890813919726 1.6049557994037311 9.011182673455121e-05 -0.007622895725341487 0.21700287618327305 0.06574633850406726 0.22687207372822193 2.4213496171200175
27.607999999981008 4.1988896732629835 1.599245501121083 8.998831053713796e-05 -0.00784964037614767 0.21693422490951073 0.06559282673545504 0.22676969310353723 2.4225166421433806
27.608499999981007 4.198861879005667 1.5934703206660403 8.98644120516164e-05 -0.008078735365492664 0.2168634889630556 0.06543782788351571 0.22666527773006528 2.42365556110647
27.608999999981005 4.198807479734388 1.5876306044616249 8.974014223200508e-05 -0.008310167540224848 0.21679067488311823 0.06528135141550657 0.22655884543195248 2.424766290741565
27.609499999981004 4.198726479259438 1.5817266873817375 8.961551093803566e-05 -0.00854392373650141 0.2167157868801666 0.06512340663538355 0.22645041180731482 2.425848743948589
27.609999999981003 4.1986189198848995 1.5757589317548946 8.94905297667008e-05 -0.008779989819586095 0.21663883145181004 0.06496400312528222 0.2263399947338063 2.426902851502351
27.610499999981002 4.198484793768592 1.5697276612849982 8.93652116552781e-05 -0.009018352161875418 0.2165598123006709 0.06480314921935658 0.22622760912002676 2.427928523298367
27.610999999981 4.198324162180991 1.5636332458543756 8.923956223522484e-05 -0.009258997866780812 0.21647873657204672 0.06464085584061588 0.22611327398703052 2.4289256957378855
27.611499999981 4.198137468905314 1.557476077878814 8.911356895728259e-05 -0.009501921385227454 0.21639562922026107 0.06447713657029043 0.2259970265201461 2.4298945076041836
27.611999999981 4.197924095249053 1.551256413078682 8.89872802787057e-05 -0.009747097034069344 0.21631046554720315 0.06431199318910936 0.22587885220576842 2.4308345657743695
27.612499999980997 4.197684303245586 1.5449746335538819 8.886069065002805e-05 -0.009994515964081756 0.21622326196486624 0.06414543818559541 0.22575877968332816 2.4317459250923714
27.612999999980996 4.197418135382451 1.5386310766322553 8.873381164642438e-05 -0.010244164905851028 0.21613402471345478 0.06397748033853431 0.22563682665717955 2.432628530507775
27.613499999980995 4.197125625981504 1.532226089765802 8.860665363764832e-05 -0.01049603028697642 0.21604275967644412 0.06380812889998494 0.2255130106537448 2.4334823155414593
27.613999999980994 4.1968068392796125 1.5257600072968824 8.847922572864517e-05 -0.010750099551649812 0.21594947399745545 0.0636373927634746 0.22538735039456143 2.434307240419912
27.614499999980993 4.196461801768883 1.5192331751211072 8.83515390014368e-05 -0.011006359049192631 0.21585417316847277 0.06346528116946533 0.22525986310855306 2.43510324579835
27.61499999998099 4.196090677359534 1.5126462821616196 8.822357598769242e-05 -0.01126479001276563 0.2157568715024376 0.06329181813524115 0.22513057841487352 2.4358703133036967
27.61549999998099 4.195693405912705 1.5059991675614373 8.809538300993173e-05 -0.011525388485875018 0.21565756691195867 0.06311699110082708 0.2249995006922419 2.436608396547453
27.61599999998099 4.195270071244355 1.4992923302315955 8.796695588043011e-05 -0.011788138874218571 0.21555626849729348 0.06294081620906948 0.22486665260028887 2.437317466952452
27.616499999980988 4.194820729977084 1.4925261048177776 8.783830651509925e-05 -0.012053027887795232 0.21545298321257889 0.06276330181034917 0.22473205269965552 2.4379974757035723
27.616999999980987 4.194345493797611 1.4857008358032808 8.770944155104826e-05 -0.012320043511590316 0.2153477204948826 0.06258445722374505 0.2245957223111347 2.4386484333500524
27.617499999980986 4.193844362100853 1.4788168470379803 8.758037288069843e-05 -0.012589172192043939 0.21524048437418442 0.06240429069345586 0.22445767722906648 2.4392702609795625
27.617999999980984 4.193317464376969 1.4718744832067077 8.745110575216523e-05 -0.01286040224971122 0.2151312851031037 0.06222281155867029 0.2243179396624422 2.4398629925457955
27.618499999980983 4.192764855882877 1.464874079636759 8.732165147330033e-05 -0.013133720438144552 0.21502012953793478 0.06204002826810534 0.22417652826860554 2.440426588990393
27.618999999980982 4.192186614151703 1.4578159620617803 8.719201977298387e-05 -0.013409114263585289 0.2149070254587267 0.061855948965142335 0.22403346258813656 2.440961036551534
27.61949999998098 4.191582865435129 1.450700491684146 8.70622142920312e-05 -0.01368657167383584 0.21479198305628774 0.06167058372417324 0.22388876507389982 2.4414663746750804
27.61999999998098 4.190953641647744 1.44352796542344 8.693224679814757e-05 -0.013966080389266463 0.21467500766102193 0.06148393975290948 0.2237424527514586 2.441942533272949
27.62049999998098 4.190299044877992 1.436298736349853 8.680212186994706e-05 -0.014247628347898224 0.21455610820345355 0.06129602701289796 0.22359454691140795 2.4423895282263532
27.620999999980977 4.189619168770297 1.4290131053094093 8.667185250010971e-05 -0.01453120324821665 0.21443529322226362 0.06110685197603725 0.22344506753468624 2.442807376545474
27.621499999980976 4.188914114858248 1.4216714289438017 8.654144501568572e-05 -0.014816792410904365 0.21431257179687474 0.06091642421306506 0.2232940359849419 2.4431960765897336
27.621999999980975 4.188183987372423 1.414274055987999 8.641090751956677e-05 -0.015104383006676221 0.21418795319457 0.06072475258106948 0.22314147363438241 2.4435556403496594
27.622499999980974 4.1874288661870995 1.4068212956588382 8.628024810647815e-05 -0.01539396341157554 0.2140614450214546 0.06053184495617271 0.22298740011038357 2.4438860778450064
27.622999999980973 4.186648878022767 1.3993134732779453 8.614947348005673e-05 -0.01568552206790416 0.21393305733549856 0.06033770951939022 0.22283183752216093 2.444187409161267
27.62349999998097 4.185844123662056 1.3917509235530836 8.601859151606873e-05 -0.015979046741570635 0.2138027990110237 0.06014235491496793 0.22267480695946604 2.4444596586873386
27.62399999998097 4.18501471848855 1.3841339700655513 8.588761231433378e-05 -0.016274525088941463 0.21367067973615844 0.059945788646436605 0.22251633001248655 2.444702831578627
27.62449999998097 4.184160764421831 1.3764629662501837 8.575654182533831e-05 -0.01657194440629959 0.2135367085880122 0.059748020009802116 0.22235642817579804 2.44491697029762
27.624999999980968 4.183282396679485 1.3687382022146266 8.562538640662186e-05 -0.016871294443087523 0.2134008956485809 0.05954905601793192 0.22219512351181037 2.4451021142331046
27.625499999980967 4.182379723296676 1.3609600377317796 8.54941538768224e-05 -0.01717256213541571 0.213263250421513 0.05934890601012347 0.22203243797977393 2.4452582759699326
27.625999999980966 4.181452857743554 1.3531287665012794 8.536285247565705e-05 -0.017475736308639044 0.2131237821170965 0.059147576637181655 0.22186839271396 2.4453854998583147
27.626499999980965 4.180501965840473 1.3452448240548138 8.523148248049619e-05 -0.017780803306959407 0.21298250345734304 0.05894508060134815 0.22170301367436876 2.445483828978809
27.626999999980963 4.179527141542788 1.3373084023379063 8.510006122861222e-05 -0.018087753456247146 0.21283942214554197 0.05874141980387243 0.22153631947136113 2.4455533139239685
27.627499999980962 4.178528524288957 1.329319855403004 8.496859347268292e-05 -0.018396574614017263 0.21269454903898424 0.05853660352159682 0.2213683335535383 2.4455939936007614
27.62799999998096 4.177506225419388 1.32127949645913 8.483708844253402e-05 -0.018707254809832225 0.2125478934614183 0.05833063899911057 0.22119907740189826 2.445605908150444
27.62849999998096 4.17646040153847 1.3131876606270225 8.470554971094049e-05 -0.019019782846094756 0.21239946687691433 0.058123534881317905 0.22102857502189577 2.4455891215802024
27.62899999998096 4.175391213347763 1.3050446851015283 8.457398565819117e-05 -0.019334146569807007 0.2122492812553738 0.05791529902501798 0.22085685064802224 2.445543699877698
27.629499999980958 4.174298762668747 1.2968508726321666 8.444240305083826e-05 -0.019650334574150455 0.2120973452262788 0.05770593860445558 0.2206839252214183 2.4454696868751573
27.629999999980956 4.173183217819155 1.288606523769832 8.431080873542442e-05 -0.01996833649799381 0.21194367060961716 0.057495460775321056 0.22050982287358878 2.445367141025599
27.630499999980955 4.172044724388307 1.2803119848950972 8.417920877325593e-05 -0.02028813976970196 0.21178826868103431 0.05728387363537153 0.22033456729459894 2.445236142268601
27.630999999980954 4.1708834304162075 1.2719675665250043 8.40476111954629e-05 -0.020609733058586446 0.2116311504871909 0.05707118429148426 0.22015818183685745 2.4450767562187354
27.631499999980953 4.1696995036553695 1.2635735967128616 8.391602187643568e-05 -0.02093310507215541 0.2114723280754454 0.056857400722690354 0.21998069107662904 2.4448890682848687
27.631999999980952 4.168493101050986 1.2551303837628505 8.378444755277207e-05 -0.021258244610712462 0.21131181290224527 0.05664252975598322 0.21980211876394604 2.4446731397640087
27.63249999998095 4.167264366865648 1.2466382532751656 8.365289589805987e-05 -0.02158513959250097 0.2111496160135159 0.05642657874544551 0.21962248833577794 2.444429055343324
27.63299999998095 4.166013468725726 1.238097510240447 8.35213711789911e-05 -0.021913779805494284 0.21098574912833154 0.0562095551560339 0.21944182411620206 2.4441568905157522
27.63349999998095 4.16474058714102 1.229508481854685 8.338987909106586e-05 -0.022244153898597057 0.2108202249630198 0.05599146658729579 0.21926015134246124 2.4438567462305043
27.633999999980947 4.163445877860855 1.2208714789560673 8.325842926120844e-05 -0.022576249950472065 0.21065305511491084 0.055772319392784486 0.21907749382700775 2.4435286995750145
27.634499999980946 4.162129540510676 1.2121868304727927 8.312702610623212e-05 -0.022910056967795963 0.21048425319586359 0.05555212130451888 0.21889387779268757 2.443172862521233
27.634999999980945 4.1607917159106655 1.2034548411456927 8.299567666751919e-05 -0.02324556350998448 0.21031382987293107 0.05533087891057109 0.21870932632088005 2.442789310431688
27.635499999980944 4.159432609982929 1.1946758094218897 8.286438349207105e-05 -0.02358276022017318 0.21014179857866455 0.055108599470838626 0.2185238655733408 2.442378154796362
27.635999999980942 4.158052387637977 1.1858500504972775 8.273315471633768e-05 -0.023921635408232864 0.2099681713079676 0.05488528970361605 0.2183375199750751 2.4419394894740116
27.63649999998094 4.156651215036017 1.17697778537118 8.26020041590704e-05 -0.024262179437537057 0.20979295948190785 0.05466095221145705 0.21815031261930357 2.4414734216867227
27.63699999998094 4.155229324477844 1.168059467445794 8.247092344424912e-05 -0.024604379785816637 0.2096161788924706 0.05443560065215369 0.21796227328711199 2.4409800713002294
27.63749999998094 4.15378689691889 1.1590953405583868 8.233992276979825e-05 -0.024948226901269133 0.20943784170734614 0.05420923892105701 0.21777342617718265 2.440459544411306
27.637999999980938 4.152324131351563 1.1500857342783157 8.22090061622347e-05 -0.025293709590273265 0.2092579615411087 0.05398187453318539 0.21758379763046187 2.439911972296172
27.638499999980937 4.1508412242590635 1.1410309466485775 8.207818132357295e-05 -0.025640817100119773 0.20907655175393644 0.05375351349718371 0.2173934134424734 2.4393374624127704
27.638999999980935 4.149339037903067 1.1319313577100971 8.194741455405988e-05 -0.025989551751985338 0.20889365665149753 0.053524169290974005 0.2172023326020964 2.438736472531616
27.639499999980934 4.147816731970831 1.1227871866696817 8.181676888245514e-05 -0.026339882203126913 0.20870924142578762 0.05329383902872067 0.21701052999663747 2.438108596333648
27.639999999980933 4.146274930029215 1.1135987381525467 8.168622491659714e-05 -0.026691807808001 0.20852333875042106 0.053062532176361914 0.21681805212816013 2.4374541884724272
27.640499999980932 4.144713861217167 1.1043663468506155 8.155578772685299e-05 -0.02704531694130185 0.20833596392504325 0.05283025562864294 0.21662492687320206 2.4367733943414707
27.64099999998093 4.14313368404537 1.095090294535625 8.142546419934404e-05 -0.02740039928980913 0.20814712818873335 0.05259701535341447 0.21643117815727309 2.436066305332883
27.64149999998093 4.141534652011428 1.0857708956611223 8.129525676929425e-05 -0.02775704487363323 0.207956847609224 0.05236281817005873 0.21623683482328707 2.435333082805976
27.64199999998093 4.139916977368693 1.076408449934043 8.1165169342336e-05 -0.028115243473251127 0.207765136191581 0.052127670316060186 0.21604192358161933 2.434573876967556
27.642499999980927 4.138280878955365 1.0670031919405805 8.103521219152324e-05 -0.028474985985613523 0.2075720079055536 0.05189157490095147 0.21584647052598555 2.4337888261981027
27.642999999980926 4.136626610254446 1.0575555066046949 8.090537965336532e-05 -0.028836261685472257 0.2073774790820899 0.051654542507289895 0.21565050563370605 2.432978094188303
27.643499999980925 4.134954391605717 1.0480656870764595 8.077567777065115e-05 -0.029199060152874556 0.207181564183622 0.051416578661319975 0.21545405592055855 2.432141819432625
27.643999999980924 4.133264486415446 1.0385340113485402 8.064610850593774e-05 -0.02956337285490927 0.20698427936444974 0.051177689026118786 0.21525715034031526 2.4312801850285632
27.644499999980923 4.1315571131363695 1.0289607948651978 8.051667545051011e-05 -0.029929189065636914 0.20678563908141287 0.05093788028088304 0.21505981618132328 2.4303933414665844
27.64499999998092 4.129832529553452 1.0193463235556266 8.038738196075967e-05 -0.03029649953189819 0.20658565940681298 0.05069715799590586 0.21486208224183223 2.429481456238988
27.64549999998092 4.128090981767468 1.0096908950687924 8.025823019735371e-05 -0.03066529477797254 0.20638435586233617 0.05045552847349997 0.21466397695484804 2.428544697845873
27.64599999998092 4.126332728730078 0.9999948148318972 8.012922163453567e-05 -0.031035565229655768 0.20618174467785916 0.050212998190730176 0.21446552947929046 2.4275832499704677
27.646499999980918 4.124558026097659 0.9902583763403419 8.000035916540134e-05 -0.03140730129331831 0.20597784190310323 0.04996957287406089 0.2142667686385482 2.426597284374896
27.646999999980917 4.122767127939941 0.9804818770999435 7.987164467834331e-05 -0.031780493382409125 0.20577266351168938 0.04972525849745732 0.21406772325823256 2.425586978824109
27.647499999980916 4.1209603179203285 0.9706656097044162 7.974308025422636e-05 -0.03215513251702831 0.20556622683141446 0.049480060928126464 0.21386842354668278 2.4245525268617287
27.647999999980915 4.119137842763186 0.9608098717335344 7.96146666480882e-05 -0.032531209328538827 0.20535854736915995 0.049233986500971445 0.2136688980285305 2.4234941129596628
27.648499999980913 4.117299980561552 0.9509149553302233 7.948640597014722e-05 -0.032908714626071936 0.20514964224798446 0.048987040863676085 0.21346917666350737 2.422411926371945
27.648999999980912 4.115447025611716 0.9409811715205535 7.935829788265277e-05 -0.03328763909401101 0.20493952943757937 0.04873923047878837 0.2132692904058483 2.4213061669797575
27.64949999998091 4.1135792396069935 0.9310088025593819 7.923034467725898e-05 -0.03366797370898491 0.20472822511877217 0.04849056079757216 0.21306926831529363 2.420177039598591
27.64999999998091 4.111696905687186 0.9209981326067223 7.910254706168735e-05 -0.03404970979056409 0.20451574650929966 0.048241037334854096 0.2128691405305629 2.419024739192882
27.65049999998091 4.10980030869308 0.910949479068659 7.897490490011294e-05 -0.034432837620374634 0.2043021112039154 0.047990666711818286 0.21266893764819753 2.417849477306352
27.650999999980908 4.107889735871489 0.9008631207794604 7.884741959729782e-05 -0.034817348590049826 0.20408733661888376 0.047739454105204415 0.21246868995052787 2.416651452446753
27.651499999980906 4.105965485684442 0.8907393569061537 7.872009099029285e-05 -0.035203233752191206 0.20387144080792735 0.04748740549093536 0.21226842846728797 2.4154308906252266
27.651999999980905 4.104027858557586 0.8805784831545764 7.859291906761796e-05 -0.035590484421257146 0.20365444189022058 0.047234526899504636 0.21206818435205457 2.4141880092320696
27.652499999980904 4.102077159209037 0.8703807915663917 7.846590430737707e-05 -0.03597909159277629 0.20343635829043716 0.04698082360859901 0.21186798883563981 2.4129230297259845
27.652999999980903 4.100113670242672 0.86014658206592 7.833904531439981e-05 -0.03636904621271486 0.20321720727952405 0.04672630171647399 0.2116678722173268 2.4116361718443753
27.6534999999809 4.098137712992079 0.8498761359465223 7.821234422552396e-05 -0.036760339930683394 0.20299700795617265 0.04647096636281097 0.21146786646124588 2.4103276718987394
27.6539999999809 4.096149602829204 0.8395697691457114 7.808579635692082e-05 -0.03715296374727096 0.20277577929582158 0.04621482407078626 0.211268003607095 2.408997763627662
27.6544999999809 4.094149650527707 0.8292277492242767 7.79594026700083e-05 -0.03754691013218056 0.20255353959388098 0.045957880103136714 0.21106831502160206 2.4076466728006416
27.654999999980898 4.092138164410036 0.8188503833370181 7.783316225381685e-05 -0.03794216936312671 0.20233030766211926 0.045700139804041216 0.21086883219844735 2.406274651163643
27.655499999980897 4.090115504729557 0.8084380085467726 7.770707325878412e-05 -0.03833873235266092 0.20210610487137554 0.0454416106059283 0.2106695896401501 2.404881935735075
27.655999999980896 4.088081922240143 0.7979908484302356 7.758113681767099e-05 -0.038736591696350346 0.20188094628390735 0.04518229559021252 0.21047061515455545 2.4034687812720277
27.656499999980895 4.086037818415604 0.7875092487437241 7.745534907718972e-05 -0.03913573787184507 0.20165485554129334 0.04492220156814632 0.21027194519450954 2.402035440559382
27.656999999980894 4.083983470865367 0.7769934782749667 7.732970903731876e-05 -0.039536163095472455 0.20142784930760427 0.04466133391043008 0.2100736095173729 2.400582159189337
27.657499999980892 4.081919232809331 0.7664438247574791 7.720421322419122e-05 -0.03993785973881857 0.20119994806820754 0.044399698199840756 0.20987564161522868 2.3991091822715234
27.65799999998089 4.079845426685743 0.7558606166828546 7.707885989356248e-05 -0.040340817452131604 0.20097117159055877 0.04413730036360172 0.2096780738336148 2.3976168160133655
27.65849999998089 4.077762417018237 0.7452441124403092 7.695364822671535e-05 -0.04074502990469164 0.20074154061934824 0.0438741452485779 0.20948093997654527 2.396105294529196
27.65899999998089 4.075670526585979 0.7345946472649074 7.68285740565044e-05 -0.041150486960300665 0.20051107485130423 0.043610239330973924 0.20928427243727615 2.394574888087808
27.659499999980888 4.0735701129981 0.7239124660300872 7.670363829341065e-05 -0.041557181948087066 0.2002797947466589 0.043345586398597785 0.2090881044331995 2.3930258705977097
27.659999999980887 4.0714615389414766 0.7131979001999509 7.657883439282076e-05 -0.041965106091436416 0.20004772166592716 0.043080193440092285 0.20889247028035632 2.3914585463388933
27.660499999980885 4.069345144785091 0.7024512529391138 7.645416138223244e-05 -0.04237425041567732 0.19981487589725788 0.04281406588979159 0.20869740287349653 2.3898731722141306
27.660999999980884 4.067221280251838 0.691672804657629 7.632961572555227e-05 -0.04278460734872611 0.199581277757906 0.042547208862537975 0.20850293532575392 2.388270048587426
27.661499999980883 4.0650903401511345 0.6808628554703255 7.620519223502366e-05 -0.0431961692418105 0.19934694996402103 0.0422796279241872 0.20830910310049522 2.3866494588977254
27.661999999980882 4.062952660191427 0.6700217257890208 7.608088952987419e-05 -0.04360892658096549 0.1991119126797571 0.04201132920751248 0.2081159389146282 2.3850117075548116
27.66249999998088 4.060808625028912 0.6591496757413371 7.595670422869983e-05 -0.04402287267023663 0.19887618781076932 0.041742316767003504 0.20792347728277613 2.383357092273561
27.66299999998088 4.058658591010944 0.6482470307992294 7.58326309621966e-05 -0.04443799866838768 0.1986397964175145 0.041472597275547834 0.20773175195723692 2.381685916098917
27.66349999998088 4.056502931611902 0.6373140822339035 7.57086648141848e-05 -0.04485429692113115 0.19840276008853372 0.04120217604120028 0.20754079713050957 2.379998474703947
27.663999999980877 4.054342024455966 0.6263511296258749 7.558480320604348e-05 -0.04527175918574399 0.1981651008043337 0.04093105836153556 0.20735064720217095 2.378295088173083
27.664499999980876 4.052176255816511 0.6153584849620315 7.546104003907008e-05 -0.04569037731576578 0.197926840996853 0.040659250160472366 0.20716133710193715 2.376576070918749
27.664999999980875 4.050006015540174 0.6043364251036828 7.533737049889114e-05 -0.046110144371422454 0.19768800288489463 0.04038675628758603 0.20697290156444248 2.3748417483988176
27.665499999980874 4.047831694001551 0.5932852737823253 7.521379281484897e-05 -0.046531051092050885 0.19744860942107062 0.04011358230623759 0.20678537560351032 2.3730924511722993
27.665999999980873 4.045653647995792 0.5822053238050076 7.509029877383795e-05 -0.04695309003163583 0.19720868129564276 0.03983973408886571 0.20659879247990978 2.3713284773923804
27.66649999998087 4.043472286589815 0.5710968753054279 7.49668839819473e-05 -0.04737625360488271 0.19696824192665524 0.0395652170411611 0.2064131878849453 2.369550179315583
27.66699999998087 4.041288018431968 0.5599602421867791 7.48435416657008e-05 -0.04780053381825639 0.19672731486014383 0.03929003698431704 0.2062285975601382 2.367757893472619
27.66749999998087 4.039101211080523 0.5487957322225847 7.472026930762305e-05 -0.04822592178492205 0.19648592174678955 0.039014199197831945 0.20604505506257373 2.365951946900714
27.667999999980868 4.036912283103837 0.5376036387110181 7.459705847333409e-05 -0.04865241073327383 0.19624408628029405 0.03873770917811644 0.20586259636591345 2.364132695182044
27.668499999980867 4.034721637387262 0.526384268886787 7.44739053594731e-05 -0.049079992391924794 0.19600183179036937 0.038460572201659785 0.20568125663864154 2.362300488766544
27.668999999980866 4.032529673796768 0.5151379384094902 7.435080113792189e-05 -0.04950865892560088 0.19575918129789593 0.03818279442940327 0.2055010709496961 2.360455667420772
27.669499999980864 4.030336806458193 0.5038649575250495 7.422774070155319e-05 -0.049938402497155754 0.19551615857806065 0.03790438161411342 0.20532207493262294 2.3585985962303604
27.669999999980863 4.028143446758521 0.4925656310557433 7.410471871335792e-05 -0.05036921494965923 0.19527278739259607 0.037625338722305016 0.2051443039050492 2.356729635033015
27.670499999980862 4.025950008280461 0.4812402645454933 7.398172729497404e-05 -0.050801088980163556 0.19502909130234516 0.037345671653514434 0.20496779329211967 2.3548491432500738
27.67099999998086 4.023756893220698 0.4698891813505357 7.385876068366598e-05 -0.05123401582873454 0.19478509375151362 0.03706538614851748 0.20479257793207176 2.35295749596882
27.67149999998086 4.021564715854323 0.4585127173827838 7.373579922453853e-05 -0.051667991739431436 0.1945408277938564 0.036784490322580396 0.20461870339095803 2.3510551513505353
27.67199999998086 4.019373806443847 0.4471111830451683 7.36128420865924e-05 -0.05210300654336497 0.19429631351251805 0.0365029888516885 0.20444620057736249 2.3491424452132055
27.672499999980857 4.017184420502682 0.4356848553218043 7.348989433803478e-05 -0.05253904931032 0.19405156730703715 0.0362208847308654 0.2042750962977045 2.3472196814191415
27.672999999980856 4.01499704876929 0.42423407549023984 7.3366940898802e-05 -0.052976113408152274 0.19380661661874704 0.035938185420828835 0.20410542963963815 2.34528727108815
27.673499999980855 4.012812146522913 0.4127591475334276 7.32439754977793e-05 -0.05341419155456113 0.19356148721270983 0.035654896077347946 0.20393723741805925 2.3433456226997844
27.673999999980854 4.010630124729109 0.4012604124247592 7.312098843494838e-05 -0.05385327510552572 0.19331620296294616 0.035371023471650755 0.20377055447005707 2.341395119983841
27.674499999980853 4.008451428194949 0.3897381765350061 7.29979750949819e-05 -0.05429335613631692 0.19307078928769827 0.03508657243092921 0.20360541682791883 2.339436154148306
27.67499999998085 4.006276487869279 0.3781927793475648 7.287492488141052e-05 -0.0547344266148686 0.19282527091698934 0.0348015499686863 0.2034418601008449 2.3374691410415487
27.67549999998085 4.0041057524019 0.3666245212411282 7.275183055691079e-05 -0.055176479254472895 0.19257967328154849 0.03451596099087024 0.2032799202756399 2.3354944903978536
27.67599999998085 4.001939637409754 0.3550337524807179 7.262868434802791e-05 -0.05561950458746965 0.19233402074600675 0.0342298119728852 0.20311963187880186 2.333512596146121
27.676499999980848 3.9997786018584778 0.34342079261856473 7.250547759999064e-05 -0.05606349519821237 0.1920883393353341 0.0339431088318127 0.2029610313326544 2.33152388790338
27.676999999980847 3.997623064526854 0.3317859770096875 7.238220189532381e-05 -0.05650844237819223 0.19184265333774148 0.03365585776958652 0.20280415297000445 2.329528753965478
27.677499999980846 3.995473494077628 0.3201296482301925 7.22588489310748e-05 -0.05695433764944679 0.19159698961186228 0.03336806494050133 0.2026490334625082 2.3275276707747716
27.677999999980845 3.9933303654887626 0.30845205590454905 7.213540787583609e-05 -0.057401176993598 0.19135137390574017 0.033079734876518684 0.2024957092764326 2.325521001982528
27.678499999980843 3.9911940594704864 0.2967536432396706 7.201187399098454e-05 -0.05784894612057269 0.19110583033857986 0.0327908756998391 0.2023442128794923 2.323509220117875
27.678999999980842 3.9890651227637837 0.2850347012232421 7.188823457031994e-05 -0.05829764034608852 0.19086038864384786 0.032501492781548603 0.20219458414169156 2.321492771992126
27.67949999998084 3.986943910565637 0.2732956091370187 7.176448283642301e-05 -0.058747248161217305 0.19061507069028802 0.032211593436036384 0.20204685370593536 2.3194720599236955
27.67999999998084 3.9848308871999594 0.2615366699483646 7.16406111552246e-05 -0.05919776237962997 0.19036990268763437 0.031921182538435997 0.2019010569925444 2.317447544425683
27.68049999998084 3.9827265340954536 0.24975823982475373 7.151660791485958e-05 -0.059649174852264064 0.1901249120710787 0.03163026720067928 0.2017572304869834 2.3154196823701083
27.680999999980838 3.980631278900505 0.23796067559430373 7.139246490955181e-05 -0.06010147599551956 0.1898801238949061 0.03133885396830027 0.20161540773272105 2.3133888958084015
27.681499999980836 3.9785456144967424 0.2261443138815977 7.126817191171716e-05 -0.06055465808838255 0.18963556603137155 0.031046948930472676 0.20147562522084644 2.311355673181414
27.681999999980835 3.976469952879574 0.21430952425292749 7.114372029329949e-05 -0.06100871107983684 0.18939126288073058 0.03075455926023398 0.20133791545179025 2.309320450305913
27.682499999980834 3.9744047983584214 0.2024566476934782 7.101910047073582e-05 -0.06146362700226245 0.1891472430015668 0.030461690887861787 0.20120231507394404 2.3072837064906313
27.682999999980833 3.9723505748599237 0.1905860315156305 7.089430340278495e-05 -0.06191939689431212 0.18890353108656158 0.030168350441286695 0.2010688567060428 2.3052459031954946
27.68349999998083 3.9703077611826925 0.17869805174604123 7.0769318201866e-05 -0.06237601146314431 0.18866015477495313 0.029874545178324476 0.2009375755187947 2.303207516854758
27.68399999998083 3.96827681566967 0.16679308077372257 7.064413632217121e-05 -0.06283346085527122 0.1884171408169177 0.029580281898598536 0.2008085053823011 2.30116901164191
27.68449999998083 3.9662581845847553 0.1548714422029127 7.051875152561697e-05 -0.06329173666501106 0.18817451488290673 0.029285565977841283 0.20068167917409124 2.2991308700870694
27.68499999998083 3.9642523290998 0.14293353593086736 7.039314873088996e-05 -0.06375082908497416 0.18793230389036528 0.028990405769868433 0.20055713071657116 2.297093577777381
27.685499999980827 3.96225975215025 0.1309797169686419 7.026731863027329e-05 -0.06421072987346432 0.18769053643506628 0.028694807982210184 0.20043489542318188 2.295057640069812
27.685999999980826 3.960280882742155 0.1190103630509168 7.014125165753378e-05 -0.06467142877580603 0.18744923785302847 0.028398779754424848 0.2003150048376949 2.2930235217198662
27.686499999980825 3.958316220618076 0.10702585126219798 7.001493958275521e-05 -0.06513291627874505 0.18720843696563524 0.028102327961498384 0.20019749371794307 2.2909917503099955
27.686999999980824 3.956366197202627 0.09502655819557801 6.988836836923284e-05 -0.06559518274171404 0.18696815909233594 0.027805460032212827 0.2000823933305949 2.288962798580983
27.687499999980822 3.954431308224084 0.08301287417922115 6.976153047337491e-05 -0.06605821825296995 0.18672843294287386 0.02750818352231065 0.19996973778238417 2.2869371955397435
27.68799999998082 3.9525119981964165 0.070985157609749 6.963441651498829e-05 -0.06652201348187486 0.18648928444734408 0.027210504926206875 0.19985955836462835 2.284915419994105
27.68849999998082 3.9506087488072468 0.05894381723869517 6.950701378785318e-05 -0.06698655816061058 0.18625074171478503 0.026912432542351233 0.1997518880733272 2.2828980040223064
27.68899999998082 3.9487220214849303 0.046889237247779644 6.937931445162434e-05 -0.06745184195130667 0.186012831832959 0.02661397345505414 0.19964675848159186 2.2808854784430648
27.689499999980818 3.9468522545909535 0.034821813205151986 6.925130759776046e-05 -0.0679178544787219 0.18577558070026629 0.026315135707786867 0.1995441998877272 2.278878290746155
27.689999999980817 3.9449999498472756 0.022741919223237105 6.912298010188078e-05 -0.06838458699282635 0.18553901702984865 0.02601592649737654 0.19944424536721733 2.276877063247548
27.690499999980815 3.943165638690253 0.010650029865710547 6.89943232629316e-05 -0.06885202650555426 0.18530317237371485 0.02571635499991017 0.19934692914656504 2.2748823115922656
27.690999999980814 3.941349666203215 -0.0014535144538208727 6.886532734924253e-05 -0.06932016350700389 0.1850680675088495 0.025416427973057737 0.1992522759995666 2.2728945139142813
27.691499999980813 3.9395525373850933 -0.013568312056990647 6.873598216300788e-05 -0.06978898810799523 0.1848337317308114 0.025116153360624126 0.1991603183526022 2.2709141944777107
27.691999999980812 3.937774730054167 -0.025693936481636526 6.860627763589015e-05 -0.07025848873352665 0.18460019332635896 0.024815539416530544 0.19907108683026167 2.2689419360009544
27.69249999998081 3.9360167167357147 -0.03782997746029053 6.84762007701983e-05 -0.07072865500001489 0.18436748002560308 0.024514594485902895 0.19898461164600278 2.2669782820073454
27.69299999998081 3.934278934746376 -0.049976045172707276 6.834574303307762e-05 -0.07119947649475031 0.18413561768817882 0.024213326329394033 0.19890092087888225 2.2650237336883308
27.69349999998081 3.932561853245513 -0.06213167776034527 6.821489489030531e-05 -0.07167094007985989 0.18390463471410093 0.023911744024809237 0.19882004381743246 2.2630788831269157
27.693999999980807 3.930865983312094 -0.07429649075895 6.80836424516366e-05 -0.07214303701552671 0.18367456032049992 0.02360985530376873 0.19874201157837143 2.2611442909068202
27.694499999980806 3.92919168040458 -0.08647002210699664 6.795198343294656e-05 -0.0726157518026838 0.18344541770683628 0.02330766885990539 0.19866684704597196 2.2592204432622895
27.694999999980805 3.927539477694913 -0.09865186878899879 6.7819901126552e-05 -0.07308907600632934 0.18321723712233937 0.023005193636187936 0.1985945818607371 2.257307958806227
27.695499999980804 3.9259098335535962 -0.11084157239866105 6.768738509109404e-05 -0.07356299666693891 0.1829900463850454 0.02270243873880616 0.19852524343093092 2.255407394025609
27.695999999980803 3.9243031916502744 -0.12303869533112852 6.755442648063344e-05 -0.0740375016617344 0.1827638722298246 0.022399413247720976 0.19845885810059766 2.2535192990852515
27.6964999999808 3.9227200062164336 -0.13524279589281332 6.742101500897025e-05 -0.07451257876890634 0.1825387420057669 0.02209612607282606 0.1983954523553063 2.2516442559975576
27.6969999999808 3.9211607227513245 -0.14745343268216426 6.728714094734716e-05 -0.07498821561075288 0.1823146826468478 0.021792586100487853 0.1983350518643963 2.2497828155181168
27.6974999999808 3.91962581876322 -0.15967014765909673 6.715279334591466e-05 -0.07546439990138035 0.1820917227327069 0.0214888029267885 0.19827768354372818 2.2479355781037356
27.697999999980798 3.9181157124086265 -0.17189249259065606 6.701796426834138e-05 -0.07594111846181252 0.18186988804977716 0.0211847855523024 0.19822337095147627 2.246103100260017
27.698499999980797 3.916630861852899 -0.18411999749226132 6.688264290361503e-05 -0.07641835834976285 0.18164920635828874 0.02088054402325657 0.19817213926830404 2.2442859483260946
27.698999999980796 3.9151717424226664 -0.1963522047432557 6.674681604160231e-05 -0.07689610703277686 0.18142970620763832 0.020576087547280884 0.19812401406729976 2.2424847663905414
27.699499999980794 3.913738883962826 -0.20858862765874808 6.661046818825588e-05 -0.07737435200124179 0.18121141898271081 0.02027142652868943 0.1980790232479141 2.240700145492008
27.699999999980793 3.9123325140718985 -0.22082884027154742 6.64736066927068e-05 -0.07785307801985317 0.18099436120309698 0.019966569657829128 0.19803717945977573 2.238932541813786
27.700499999980792 3.9109531788068703 -0.23307233547805825 6.63362120864854e-05 -0.0783322723097593 0.18077856515719404 0.019661528047963596 0.19799851057693588 2.2371826305932507
27.70099999998079 3.90960130528335 -0.24531864185632019 6.619827918751773e-05 -0.07881192062946042 0.18056405743160756 0.01935631104901267 0.19796303808260615 2.23545098802984
27.70149999998079 3.9082773071326935 -0.2575672796870835 6.605979788875257e-05 -0.07929200912299467 0.1803508638260095 0.019050929089509106 0.1979307825799777 2.2337382001764707
27.70199999998079 3.90698166133299 -0.26981773857903146 6.592075783003952e-05 -0.07977252331111125 0.18013901356211207 0.018745392977148896 0.19790176714830093 2.232044895251663
27.702499999980787 3.9057147534626395 -0.2820695730701362 6.578114989291663e-05 -0.08025345035526617 0.179928530638211 0.018439712437651926 0.19787601023452564 2.2303716130836553
27.702999999980786 3.904477030034927 -0.29432223559208986 6.564096707203568e-05 -0.08073477345417779 0.1797194434603267 0.018133898868647618 0.19785353241871959 2.228718989319752
27.703499999980785 3.903268878699569 -0.30657523115761703 6.550020059669024e-05 -0.0812164776964969 0.17951177677659033 0.01782796309955134 0.19783435121129225 2.227087626626914
27.703999999980784 3.9020906807794553 -0.3188280625510922 6.535884394182852e-05 -0.0816985477879888 0.17930555515297053 0.017521915863975106 0.19781848335007896 2.2254780482144056
27.704499999980783 3.9009429042798924 -0.33108023521737356 6.521688682120304e-05 -0.08218096952870695 0.17910080728011385 0.017215767262487094 0.19780594926215658 2.2238909394950808
27.70499999998078 3.8998260087193475 -0.3433311434103411 6.507432189559889e-05 -0.08266372465058161 0.1788975626955959 0.01690953100330317 0.1977967683009091 2.22232688744339
27.70549999998078 3.898740168092494 -0.3555803899063234 6.493114185781485e-05 -0.08314679913086354 0.17869583479524487 0.016603215540432405 0.19779094606467626 2.220786403955562
27.70599999998078 3.8976860173702246 -0.3678273940662581 6.478733613210985e-05 -0.08363017826624329 0.1784956611073495 0.016296833854065274 0.19778850963759345 2.219270198262214
27.706499999980778 3.896663897929354 -0.3800715998719283 6.464289937773886e-05 -0.0841138439402093 0.17829706503318982 0.015990398301837246 0.1977894713570437 2.2177788226700406
27.706999999980777 3.895674182440172 -0.39231252313128134 6.449782468421171e-05 -0.08459778086278194 0.1781000706450866 0.01568391879755965 0.1977938446957856 2.21631289156398
27.707499999980776 3.8947172743597323 -0.40454958525294415 6.435210245009655e-05 -0.08508197170873172 0.1779047043096057 0.015377409019351189 0.19780164416273713 2.214873006665615
27.707999999980775 3.8937933803319336 -0.41678227957842123 6.420573323998568e-05 -0.08556639719692272 0.17771098262242824 0.015070879053987261 0.19781287387162255 2.213459689602428
27.708499999980774 3.8929031152280222 -0.4290100212436093 6.405870017839155e-05 -0.08605104370085662 0.177518941968064 0.014764343298708711 0.19782755802089289 2.2120736311023146
27.708999999980772 3.8920467603683844 -0.4412322599216729 6.391100243365116e-05 -0.08653589178591227 0.17732860289787256 0.014457813467268038 0.19784570337297905 2.21071541521602
27.70949999998077 3.8912247098820774 -0.4534484528612345 6.376263176128985e-05 -0.08702092502192352 0.17713999104002376 0.014151301973872921 0.19786732212491956 2.2093856343949714
27.70999999998077 3.890437287444819 -0.46565801526224276 6.361358338832105e-05 -0.08750612380024105 0.17695312928351123 0.013844821817628953 0.19789242218167943 2.208084855213148
27.71049999998077 3.889684867263241 -0.47786039122400525 6.346385112617969e-05 -0.08799147067759848 0.17676804252628012 0.013538385569060566 0.19792101367564788 2.2068136824526174
27.710999999980768 3.8889677941938015 -0.490055014667568 6.331343042053188e-05 -0.08847694705036771 0.17658475445347613 0.013232005783207636 0.1979531046530841 2.205572724500514
27.711499999980767 3.888286411588208 -0.5022413169080907 6.316231411584014e-05 -0.08896253486993438 0.17640328854872375 0.012925695647283367 0.19798870278188802 2.2043625392601016
27.711999999980765 3.8876410802276467 -0.5144187141854313 6.301049768483001e-05 -0.08944821528378574 0.1762236694114428 0.012619468438191464 0.19802781587936194 2.2031837569132033
27.712499999980764 3.8870320828209626 -0.5265865994161321 6.28579794086673e-05 -0.08993396722583137 0.1760459182991555 0.01231333795022844 0.19807044732177082 2.2020369087554874
27.712999999980763 3.886459744925138 -0.5387443808383927 6.270475350149572e-05 -0.09041977129227535 0.1758700581451612 0.012007317883611285 0.1981166022202275 2.200922566162297
27.713499999980762 3.885924416941334 -0.5508914728780947 6.255081396705683e-05 -0.09090560890294651 0.1756961129979546 0.011701422007398068 0.19816628656156607 2.1998413418487366
27.71399999998076 3.885426367565217 -0.563027258660531 6.239616184093969e-05 -0.09139145755489819 0.175524103747477 0.01139566352304358 0.19821950120382772 2.198793773640001
27.71449999998076 3.88496591093371 -0.5751511588866225 6.224079200742457e-05 -0.09187729905368344 0.17535405246378996 0.011090056952440468 0.19827624961170198 2.1977804299768686
27.71499999998076 3.884543361501639 -0.5872625731544403 6.208470091863703e-05 -0.09236311254127857 0.17518598195896112 0.010784615118671789 0.19833653409419108 2.1968018926240784
27.715499999980757 3.884158987205868 -0.5993608401304454 6.192788566318092e-05 -0.09284887575614205 0.17501991310261544 0.010479354620019381 0.19840035429625294 2.195858709569313
27.715999999980756 3.883813074303153 -0.6114453681256777 6.177034321366448e-05 -0.09333456842718027 0.17485586707536577 0.010174288879955154 0.19846771039234254 2.194951402211512
27.716499999980755 3.883505909780553 -0.6235155333204973 6.161207325955129e-05 -0.09382016893982198 0.17469386554417035 0.009869432300997339 0.1985386019206476 2.1940805738422453
27.716999999980754 3.883237751548127 -0.6355706893204017 6.145307191516813e-05 -0.09430565501022366 0.1745339288447237 0.009564800399697983 0.19861302649012846 2.1932467257715453
27.717499999980753 3.883008809780117 -0.6476102263464272 6.129334130592929e-05 -0.09479100436832845 0.17437607481127196 0.009260407226654303 0.19869097895411922 2.1924503268833964
27.71799999998075 3.882819344413406 -0.6596335017761406 6.113288218123386e-05 -0.09527619486191323 0.17422032387257452 0.00895626832549142 0.19877245608974153 2.1916920307149823
27.71849999998075 3.882669672678991 -0.6716398618181063 6.0971687947191485e-05 -0.09576120441278277 0.17406669945846093 0.0086523989064341 0.19885745683223696 2.1909723179076064
27.71899999998075 3.8825599559974466 -0.6836286543565202 6.0809763096596404e-05 -0.09624600860501135 0.1739152175013889 0.008348814490951019 0.19894597194805339 2.190291670861421
27.719499999980748 3.8824904540964953 -0.6955992448666664 6.064710369685181e-05 -0.09673058600433738 0.17376589824405986 0.008045530711756182 0.19903799693963284 2.189650612640968
27.719999999980747 3.882461362066625 -0.7075509545224217 6.048371355055461e-05 -0.09721491134202884 0.173618759651706 0.007742563441425302 0.19913352299118267 2.189049619460162
27.720499999980746 3.8824729218370324 -0.7194831391697488 6.031959206047104e-05 -0.0976989618366908 0.17347382144774348 0.007439927869449519 0.19923254352227038 2.1884892291492757
27.720999999980744 3.88252527795137 -0.7313951415718196 6.015474324276187e-05 -0.09818271282717436 0.17333109878156922 0.007137639950800553 0.1993350466099646 2.1879698609259286
27.721499999980743 3.8826186720137468 -0.7432862838272283 5.9989164868307074e-05 -0.0986661408219871 0.17319061158226254 0.006835716416585314 0.1994410246260039 2.187492050054141
27.721999999980742 3.8827532543197933 -0.7551558917012873 5.982286203790468e-05 -0.09914922026024345 0.17305237559256986 0.006534173305254819 0.19955046478830674 2.187056198558353
27.72249999998074 3.8829292174866783 -0.7670032797452448 5.965583537753506e-05 -0.0996319262947191 0.17291640859225246 0.0062330273032298635 0.19966335599453885 2.1866628088280855
27.72299999998074 3.883146704346529 -0.7788277789611122 5.948808715031539e-05 -0.1001142342678837 0.17278272567845246 0.00593229514551712 0.1997796844566874 2.186312293514241
27.72349999998074 3.883405890121425 -0.7906287350817125 5.931962482878891e-05 -0.10059611911037555 0.17265134378535735 0.0056319916885713495 0.19989943727119058 2.1860051141080135
27.723999999980737 3.883706893464299 -0.8024053947710842 5.915044720118734e-05 -0.10107755320897084 0.17252227764500322 0.0053321364516517545 0.20002259803749908 2.185741689171673
27.724499999980736 3.884049846620555 -0.814157129469028 5.8980561916720586e-05 -0.10155851237898958 0.17239554172669902 0.005032744258930524 0.20014915128136615 2.185522386535099
27.724999999980735 3.8844348922266003 -0.8258831867869065 5.8809970869456666e-05 -0.10203896873159066 0.1722711520700338 0.0047338340314868384 0.20027908068488057 2.18534767514453
27.725499999980734 3.884862143920209 -0.8375829016212131 5.86386793136951e-05 -0.10251889702140003 0.17214912250632666 0.004435422160055069 0.20041236886959 2.1852178942282574
27.725999999980733 3.8853316827919886 -0.8492555573020859 5.846669287935569e-05 -0.10299826951098558 0.17202946586185755 0.004137526401010659 0.2005489959378822 2.185133419651294
27.72649999998073 3.8858436376863352 -0.8609004453546405 5.829401663700754e-05 -0.10347705937900194 0.1719121971925163 0.0038401641900141703 0.20068894394632297 2.1850946620636558
27.72699999998073 3.8863980641613196 -0.8725168612767843 5.812065874409777e-05 -0.10395523898627405 0.17179732798108813 0.003543353142545287 0.20083219105917186 2.1851019428765857
27.72749999998073 3.886995053362492 -0.8841040899425581 5.794662161719514e-05 -0.10443278119360568 0.1716848714291893 0.003247111252193598 0.20097871677611265 2.1851556146321465
27.727999999980728 3.8876346738083853 -0.8956614105088652 5.777191704231974e-05 -0.10490965733473091 0.171574840021544 0.0029514560845676258 0.20112849878505085 2.1852559958203717
27.728499999980727 3.888316945472496 -0.9071881080538553 5.7596549554424085e-05 -0.10538583964784608 0.1714672434335665 0.0026564062892065463 0.20128151247285683 2.1854033737460767
27.728999999980726 3.8890419973819683 -0.9186835063448571 5.742052460055005e-05 -0.10586130256182164 0.17136209636190236 0.0023619784736765284 0.20143773825165323 2.1855981399447235
27.729499999980725 3.8898097487539007 -0.9301468133227729 5.724385470068121e-05 -0.10633601296957913 0.17125940486980595 0.0020681926955053993 0.20159714489955544 2.1858404441091785
27.729999999980723 3.8906203127705004 -0.9415773360251435 5.706654268660812e-05 -0.10680994506749153 0.1711591828262368 0.001775066665779792 0.2017597112724284 2.1861305594851785
27.730499999980722 3.8914736154531573 -0.9529743068949577 5.6888604697989274e-05 -0.1072830666478785 0.17106143648743632 0.0014826198032916018 0.2019254060389615 2.186468881262827
27.73099999998072 3.8923697262321055 -0.9643370147671437 5.671004492470216e-05 -0.1077553503838862 0.17096617793068886 0.0011908701752720722 0.2020942050241827 2.1868556019737913
27.73149999998072 3.8933086148193565 -0.9756647016911211 5.6530873574140017e-05 -0.10822676558955228 0.17087341510191345 0.0008998372740734997 0.20226607843552644 2.1872909307016974
27.73199999998072 3.8942902731335955 -0.9869566487360328 5.635110121472015e-05 -0.10869728328749603 0.17078315661088642 0.0006095394289389803 0.20244099761257883 2.187775069493595
27.732499999980718 3.8953146891991954 -0.9982121036056926 5.6170735953822914e-05 -0.1091668734022913 0.17069541117241757 0.00031999607853061204 0.20261893307695325 2.188308285029473
27.732999999980716 3.8963817394454985 -1.0094303184993767 5.598979425148762e-05 -0.1096355037830422 0.17061018235021488 3.122617290725804e-05 0.2027998495719583 2.1888906110984756
27.733499999980715 3.8974914317906912 -1.0206105361402977 5.5808282629224174e-05 -0.1101031448764642 0.17052747971007287 -0.0002567502630132683 0.20298371798904102 2.1895223060461606
27.733999999980714 3.898643677096565 -1.0317520379176346 5.5626214559982234e-05 -0.1105697662028928 0.17044730810668926 -0.0005439151638054426 0.20317050446037793 2.19020349722231
27.734499999980713 3.899838430202081 -1.0428540342625663 5.5443600751893474e-05 -0.1110353361693036 0.17036967499432665 -0.0008302474429066689 0.20336017640314732 2.190934312079975
27.73499999998071 3.901075140172452 -1.0539159194647703 5.526048441453127e-05 -0.1114998167417601 0.17029456323982184 -0.0011157364346235446 0.2035526768929343 2.191714658334433
27.73549999998071 3.902354369816173 -1.0649367582272005 5.507683341320313e-05 -0.11196318713802389 0.17022200898539894 -0.001400350679451142 0.2037480026875229 2.192544918300594
27.73599999998071 3.9036761156701387 -1.0759157264505548 5.4892641569567094e-05 -0.11242541852272889 0.17015202101686722 -0.001684064952101476 0.20394612293666697 2.1934252698005783
27.73649999998071 3.9050397262007204 -1.0868522630312323 5.4707976373171024e-05 -0.11288646899086793 0.1700845781697649 -0.0019668733881703206 0.20414697451428995 2.194355392582608
27.736999999980707 3.9064453201847127 -1.0977455563370673 5.452282849859162e-05 -0.11334631194488068 0.17001969497400152 -0.0022487511767963642 0.2043505321559351 2.1953355527182303
27.737499999980706 3.907892712456615 -1.1085948109220425 5.433721473464352e-05 -0.11380491273823284 0.1699573725388688 -0.0025296778161673092 0.2045567547492046 2.1963657137982464
27.737999999980705 3.9093818007081937 -1.1193992922115963 5.415114811050135e-05 -0.11426224086387063 0.1698976149901711 -0.0028096337311137444 0.2047656057747116 2.1974459487739053
27.738499999980704 3.9109123842521387 -1.13015822808652 5.396464415974594e-05 -0.11471826291607694 0.16984042222716114 -0.0030885982861299705 0.20497704336865533 2.1985761759706404
27.738999999980702 3.9124842457787423 -1.1408708772112446 5.3777720913181626e-05 -0.11517294606862588 0.1697857931021896 -0.0033665519346068 0.20519102494357433 2.1997563764094084
27.7394999999807 3.9140972478531086 -1.1515364635138392 5.359039050613218e-05 -0.11562625786476023 0.16973373050120383 -0.0036434739006251052 0.20540751125440337 2.200986470046862
27.7399999999807 3.915751240263102 -1.162154208377105 5.340266799097674e-05 -0.11607816545560135 0.1696842368038834 -0.003919343290307312 0.20562646222478667 2.202266448628313
27.7404999999807 3.9174459379670474 -1.1727233841251399 5.3214572199337414e-05 -0.11652863581452576 0.1696373073756401 -0.004194140546744547 0.20584783174320204 2.203596167253983
27.740999999980698 3.9191811248003248 -1.1832431544444737 5.302612182726212e-05 -0.11697763246984354 0.16959294224256813 -0.004467843507351857 0.2060715753866773 2.2049754880137713
27.741499999980697 3.9209565878581416 -1.1937128709617253 5.2837329869637786e-05 -0.11742512684067964 0.16955113914707853 -0.004740434619640389 0.2062976512711785 2.206404205101356
27.741999999980695 3.922772190924746 -1.2041317269511385 5.2648209357181346e-05 -0.11787108594944315 0.16951190120262594 -0.005011891516744199 0.20652601920534233 2.2078824237914914
27.742499999980694 3.9246275205881345 -1.2144989408993312 5.245879082345266e-05 -0.11831547140711857 0.1694752187436098 -0.005282194167336267 0.2067566253296482 2.2094098494670456
27.742999999980693 3.926522410563123 -1.2248137452077663 5.226908306852018e-05 -0.11875825162403883 0.1694410929012272 -0.0055513209544498935 0.20698942836942213 2.2109862850166544
27.743499999980692 3.9284565086331003 -1.2350753889855701 5.2079110537089404e-05 -0.11919939118577262 0.1694095162281723 -0.005819252044874157 0.20722437776980773 2.212611502109305
27.74399999998069 3.930430014626129 -1.2452829674902532 5.188884113284868e-05 -0.11963886684254214 0.16938050657344575 -0.006085954598608837 0.20746145017766784 2.214285523386955
27.74449999998069 3.9324418360349442 -1.2554358979898004 5.169836932872907e-05 -0.12007662622179131 0.16935402278350578 -0.006351424163475923 0.20770055798352674 2.2160076144635883
27.74499999998069 3.934492101765076 -1.2655333963816884 5.150768164906252e-05 -0.12051264556693354 0.16933007912562326 -0.0066156350433050504 0.20794167467166697 2.217777836141897
27.745499999980687 3.9365805139389902 -1.2755746490423943 5.131679452178472e-05 -0.12094688874496115 0.1693086712596487 -0.006878564905017936 0.20818475140112053 2.219595834391405
27.745999999980686 3.938706640965546 -1.2855589776944474 5.112573341155818e-05 -0.12137932239014085 0.16928978690868227 -0.007140195242723998 0.20842973454759525 2.2214612616553007
27.746499999980685 3.9408701119399234 -1.2954856135919957 5.093452165455084e-05 -0.1218099105149379 0.16927341787022285 -0.007400505215454109 0.20867657217466512 2.223373783088028
27.746999999980684 3.9430706813814647 -1.3053537928786412 5.07431786292774e-05 -0.12223861957792959 0.169259561694565 -0.007659473762510628 0.20892521839086978 2.2253330904878785
27.747499999980683 3.945307877618503 -1.315162775780304 5.0551723901729865e-05 -0.1226654143306019 0.16924820461600226 -0.007917079758121861 0.2091756171032725 2.2273388249641264
27.74799999998068 3.9475814191317324 -1.324911815223018 5.0360176631431255e-05 -0.12309026150518773 0.16923934226843482 -0.008173302433198967 0.20942772099589027 2.229390640589413
27.74849999998068 3.9498909193170952 -1.3346001425320506 5.016855826393078e-05 -0.12351312524556486 0.1692329655159659 -0.00842812060738889 0.20968147734653958 2.231488141802931
27.74899999998068 3.9522358914165308 -1.3442270546015052 4.9976898754311815e-05 -0.12393396986284848 0.16922905996242196 -0.008681515379918986 0.20993682938213154 2.2336307914463447
27.749499999980678 3.9546160211854353 -1.3537917941833755 4.978521046719403e-05 -0.12435276287347442 0.1692276192371336 -0.008933464144431465 0.21019372856618407 2.235818228011701
27.749999999980677 3.9570309015791167 -1.3632936364704797 4.9593516018260413e-05 -0.12476946963114663 0.1692286327734678 -0.009183946973272744 0.21045212183397613 2.2380500448891096
27.750499999980676 3.959480086700692 -1.372731845921159 4.94018408385371e-05 -0.125184054671227 0.16923208825294117 -0.00943294330586632 0.21071195423561453 2.2403256763925574
27.750999999980674 3.9619631287148676 -1.3821056900656052 4.921020628615776e-05 -0.12559648299851092 0.16923797305337984 -0.009680432462897017 0.21097317089497536 2.242644651050842
27.751499999980673 3.964479659860536 -1.391414410864311 4.9018634395117165e-05 -0.12600671954418982 0.1692462787699786 -0.009926393309566468 0.21123572030295829 2.2450064863435815
27.751999999980672 3.9670289816590376 -1.4006572506367745 4.8827164523467134e-05 -0.12641472392878828 0.16925698147209517 -0.010170804537244952 0.2114995353847657 2.2474104665312025
27.75249999998067 3.9696108979301448 -1.4098336292808546 4.8635796311893125e-05 -0.12682047188404774 0.16927007828928223 -0.010413648855760516 0.21176457582760003 2.2498562847742196
27.75299999998067 3.9722248909539664 -1.418942753779867 4.844456026488391e-05 -0.12722392472576466 0.169285554081911 -0.01065490408485522 0.21203078272860315 2.2523433164661917
27.75349999998067 3.9748704239248855 -1.427983955227604 4.825348734830075e-05 -0.12762504752552356 0.16930339163166308 -0.010894551895013269 0.21229809804816802 2.254870880080302
27.753999999980667 3.977547050622496 -1.4369565074395747 4.806259360548444e-05 -0.12802380690214865 0.16932357783726287 -0.011132570379231457 0.2125664678837629 2.2574384661394196
27.754499999980666 3.980254248457018 -1.4458596820309384 4.787190742058795e-05 -0.12842016640577825 0.16934609666627842 -0.011368939126136988 0.2128358343245942 2.260045380342384
27.754999999980665 3.982991459278311 -1.4546927969013626 4.7681445460285405e-05 -0.12881409273450933 0.16937092913968266 -0.011603637339600632 0.2131061391048206 2.2626910278410404
27.755499999980664 3.98575826205719 -1.4634551606691093 4.749123905185948e-05 -0.12920555156700597 0.16939806387816572 -0.0118366463658713 0.21337732962664063 2.2653747407863314
27.755999999980663 3.9885541094780064 -1.4721461265474316 4.730131167986419e-05 -0.12959450997754313 0.16942748238612343 -0.012067947306884014 0.21364934859769974 2.268095858833538
27.75649999998066 3.9913784903552347 -1.4807649526398863 4.7111689190916606e-05 -0.12998093154405463 0.16945916913705933 -0.012297519018034072 0.2139221389750991 2.270853724557326
27.75699999998066 3.9942308104203477 -1.4893110300745518 4.6922394199862134e-05 -0.13036478398097184 0.169493102973527 -0.012525343730985036 0.21419564209754455 2.2736476014905453
27.75749999998066 3.997110523656366 -1.4977837331911161 4.67334514487557e-05 -0.13074603541611013 0.1695292651367169 -0.012751402799452456 0.21446980157630552 2.2764767444428116
27.757999999980658 4.000016996606993 -1.5061822204468125 4.654489928417118e-05 -0.131124642790198 0.1695676357909799 -0.012975673100211279 0.21474455324175973 2.2793404679748708
27.758499999980657 4.0029497596914085 -1.5145059507285084 4.635675486991666e-05 -0.13150057859710254 0.16960819879366895 -0.013198138517614394 0.21501984589738596 2.282237992031008
27.758999999980656 4.005908163626399 -1.5227542682038953 4.616904599364788e-05 -0.13187380822174985 0.1696509308255521 -0.013418779477276467 0.2152956183194235 2.285168553798444
27.759499999980655 4.008891736954075 -1.530926484360601 4.598179388608894e-05 -0.13224429846014527 0.16969581741121975 -0.013637575838505552 0.21557181726011634 2.2881314585449877
27.759999999980653 4.011899762676236 -1.5390219878030897 4.579502995553637e-05 -0.1326120147545578 0.16974283166529602 -0.01385450973309731 0.21584837919002442 2.2911258302354263
27.760499999980652 4.014931718627246 -1.547040166781767 4.560878362012052e-05 -0.13297692469717798 0.16979195621462134 -0.01406956429392154 0.21612524965058486 2.2941509172717858
27.76099999998065 4.017986970782794 -1.5549803735787158 4.542307456258706e-05 -0.1333389953443601 0.16984316797165727 -0.014282719219041258 0.2164023693363403 2.2972059507845
27.76149999998065 4.021064897266793 -1.5628419854770716 4.5237932699159125e-05 -0.13369819308195052 0.16989644472468013 -0.014493956457610839 0.21667967956700493 2.3002900313127252
27.76199999998065 4.024164851215645 -1.5706243785103147 4.505338644235205e-05 -0.13405448394782613 0.1699517630182949 -0.01470325790437013 0.2169571206772137 2.3034023693947594
27.762499999980648 4.027286247530163 -1.5783269732363294 4.4869460156918395e-05 -0.1344078373569596 0.17000910163585187 -0.014910606005122841 0.21723463709418975 2.306542131875621
27.762999999980646 4.030428457170928 -1.585949162382942 4.468618077373766e-05 -0.13475822041544086 0.17006843772121125 -0.015115983043669344 0.21751217074418286 2.309708475132508
27.763499999980645 4.03359077814219 -1.5934903481345075 4.450357972041742e-05 -0.13510559925304796 0.17012974485172358 -0.015319371523057018 0.21778966039897124 2.3129005427084977
27.763999999980644 4.036772665204376 -1.6009499518118753 4.4321676977445644e-05 -0.13544994437606325 0.17019300358651754 -0.015520753589926184 0.21806705320446326 2.3161174698720086
27.764499999980643 4.039973382893144 -1.6083274429356353 4.4140503702349776e-05 -0.13579122375482483 0.17025818516049157 -0.015720113873671223 0.21834428786478094 2.3193584031433216
27.764999999980642 4.043192295015663 -1.6156222326826277 4.396008586391564e-05 -0.13612940589156608 0.17032526594946296 -0.01591743419869676 0.2186213074716549 2.3226223634592635
27.76549999998064 4.046428759328332 -1.6228337190996407 4.3780450319247865e-05 -0.13646445786406267 0.1703942223722194 -0.01611269702630679 0.21889805454463832 2.325908582404317
27.76599999998064 4.049682126783809 -1.6299613614904387 4.360162487511394e-05 -0.1367963490412691 0.17046502978978723 -0.016305886260389608 0.21917447255323905 2.32921614390363
27.76649999998064 4.052951836505219 -1.6370045780194298 4.3423620348027505e-05 -0.13712505219819598 0.17053766718169497 -0.01649698127521019 0.21945050981787936 2.3325441902825492
27.766999999980637 4.0562369773501326 -1.6439629358261065 4.324649319231074e-05 -0.1374505313272239 0.17061209779755618 -0.016685974110383285 0.2197260981518386 2.33589169144873
27.767499999980636 4.0595369970428905 -1.6508358276635071 4.30702545497403e-05 -0.13777275798686836 0.1706883013966171 -0.016872843863991398 0.22000118621732298 2.339257836353288
27.767999999980635 4.062851206272552 -1.6576227561376078 4.289493349792126e-05 -0.13809170260172393 0.17076625089172387 -0.017057575563591165 0.22027571735251658 2.3426416680823934
27.768499999980634 4.066178926037986 -1.6643232218033068 4.2720555979818795e-05 -0.13840733607621764 0.1708459195816556 -0.017240153882068815 0.22054963573602657 2.34604228215039
27.768999999980633 4.069519533839118 -1.6709367578543974 4.254714279556651e-05 -0.13871963141490462 0.17092728305942653 -0.01742056462006049 0.2208228889985049 2.3494588570253314
27.76949999998063 4.072872231640354 -1.6774628113201009 4.23747252785466e-05 -0.13902855640383155 0.1710103093646999 -0.017598789907105176 0.22109541562623627 2.3528903288751377
27.76999999998063 4.0762363099247745 -1.6839010106404142 4.22033357257696e-05 -0.13933408411508852 0.17109496943828092 -0.017774820317245976 0.22136716061915604 2.3563358722968433
27.77049999998063 4.079611084883295 -1.690250694808668 4.203299908609378e-05 -0.13963618045252707 0.17118123794730872 -0.017948634529747216 0.22163806667182934 2.3597944566582414
27.770999999980628 4.082995927687863 -1.696511480602324 4.186373653712196e-05 -0.13993482165005378 0.17126908911881825 -0.018120220502769402 0.2219080836492692 2.3632652293667054
27.771499999980627 4.086390111701513 -1.7026828955226319 4.169557574994788e-05 -0.14022997888472752 0.17135849361235028 -0.01828956356953953 0.22217715554635506 2.3667472477861313
27.771999999980626 4.08979294530101 -1.708764503083078 4.152854215511029e-05 -0.1405216254426431 0.1714494233255222 -0.018456649920177006 0.2224452289935043 2.3702395676458305
27.772499999980624 4.093203693016983 -1.7147558514466512 4.136266190006851e-05 -0.14080973318424395 0.17154184823439697 -0.018621465520661063 0.22271224850292368 2.373741274710164
27.772999999980623 4.0966216827898965 -1.7206565071468667 4.119795888401478e-05 -0.141094275931816 0.1716357410550399 -0.01878399654401889 0.22297816223657835 2.3772514570828673
27.773499999980622 4.100046248107254 -1.7264660357312347 4.103445894450893e-05 -0.14137522708846717 0.1717310749005891 -0.018944229613238828 0.2232429187151667 2.3807691792514865
27.77399999998062 4.103476764976454 -1.732184138174162 4.0872181461636994e-05 -0.14165256684599442 0.17182782305135832 -0.019102154165519282 0.22350647141054122 2.384293621223001
27.77449999998062 4.106912310468827 -1.7378102077274427 4.07111609791249e-05 -0.14192625773038048 0.17192594851509807 -0.019257752274116795 0.22376875436221605 2.3878236784732754
27.77499999998062 4.1103523205834955 -1.7433439901332057 4.055141101081197e-05 -0.14219628322455063 0.17202542666273682 -0.01941101408671202 0.22402972536975488 2.391358539453652
27.775499999980617 4.113796122470616 -1.7487849948302314 4.039295433839261e-05 -0.1424626155978454 0.17212623061643068 -0.019561923505029968 0.22428933314006883 2.394897303645258
27.775999999980616 4.117243015653269 -1.7541328619513958 4.0235814393221395e-05 -0.142725230731081 0.17222833093583384 -0.01971046915927217 0.22454752739378367 2.398439076542715
27.776499999980615 4.12069216366625 -1.7593872806144235 4.0080028416347274e-05 -0.1429841021698913 0.17233169174353957 -0.019856642806727824 0.2248042519973193 2.4019828745415044
27.776999999980614 4.124142949394419 -1.7645478679355722 3.9925612792374205e-05 -0.1432392077867027 0.17243628732498767 -0.020000430836417133 0.22505946118177347 2.405527850158496
27.777499999980613 4.127594792618275 -1.7696144024876201 3.97725863338739e-05 -0.1434905311412728 0.17254209217432176 -0.020141825142653672 0.22531311373103421 2.4090731354099466
27.77799999998061 4.131046961349644 -1.7745866030274904 3.962097378553889e-05 -0.1437380500522164 0.1726490745140265 -0.020280817047141603 0.2255651602164283 2.412617946382545
27.77849999998061 4.134498591716374 -1.7794637991250142 3.947079938531924e-05 -0.14398172802263207 0.17275720019258137 -0.020417384437597344 0.22581553934580204 2.416161155242037
27.77899999998061 4.137949133392372 -1.7842458249974094 3.9322085170996836e-05 -0.14422154998300477 0.172866444782586 -0.020551521899282423 0.22606421269994922 2.4197020423447206
27.779499999980608 4.141397840314899 -1.7889323497332887 3.9174850130714565e-05 -0.14445749344796333 0.17297677588549487 -0.02068321761185648 0.22631113074656425 2.423239698882954
27.779999999980607 4.144843955514617 -1.793523042534474 3.902911973213376e-05 -0.144689534670823 0.17308816096758745 -0.020812460610011838 0.22655624340777733 2.4267731990690553
27.780499999980606 4.14828690260409 -1.7980177902962442 3.8884910906466476e-05 -0.14491766078681348 0.17320057348485196 -0.020939246743233494 0.22679951304528312 2.4303018210068816
27.780999999980605 4.151725740510331 -1.802416302132333 3.874224957751682e-05 -0.14514184614281608 0.1733139717358046 -0.021063566624970352 0.2270408820885541 2.4338247118261185
27.781499999980603 4.155160185492927 -1.8067180296557326 3.860114224942282e-05 -0.1453620700550339 0.17342834718840675 -0.021185399726557766 0.22728032070718565 2.4373409708020697
27.781999999980602 4.158589379738709 -1.810922834998871 3.846161923716526e-05 -0.14557831277162295 0.1735436606369205 -0.021304742249726984 0.22751777807244516 2.440849789931588
27.7824999999806 4.162012744661212 -1.8150304880326862 3.832369553182533e-05 -0.1457905582434956 0.1736598865112705 -0.02142158536054188 0.22775321594966869 2.444350369353435
27.7829999999806 4.165429548799414 -1.819040686076244 3.8187392280128864e-05 -0.14599878448789524 0.17377699295893592 -0.021535918667822 0.22798658764642274 2.4478418950975835
27.7834999999806 4.168839096611406 -1.8229532252813825 3.8052727907171985e-05 -0.1462029741530942 0.17389494865111968 -0.021647734398417662 0.22821785035831513 2.4513235319401865
27.783999999980598 4.172240767001817 -1.8267678536490293 3.79197179511459e-05 -0.14640311011959636 0.17401372608562538 -0.021757022457270143 0.22844696440333775 2.4547944577683007
27.784499999980596 4.1756338716070935 -1.8304843599800553 3.77883855906914e-05 -0.14659917319219584 0.17413329477673908 -0.02186377652668298 0.22867388712847575 2.458253934872307
27.784999999980595 4.17901777529878 -1.8341025717947819 3.765874694919598e-05 -0.14679114850974345 0.17425362579235168 -0.021967989379601056 0.22889858003048588 2.4617012106988163
27.785499999980594 4.18239187026052 -1.8376222035274536 3.753081611334806e-05 -0.14697901774732927 0.17437469268422923 -0.02206965009218703 0.2291210041918477 2.4651354476899634
27.785999999980593 4.185755336631129 -1.8410431023048481 3.740462416614574e-05 -0.14716276098209988 0.1744964582830223 -0.022168754938616256 0.2293411124694428 2.468555931732544
27.78649999998059 4.189107713523186 -1.8443650482385259 3.728017153182548e-05 -0.1473423666822596 0.17461890178680034 -0.02226529298397198 0.22955887513319928 2.4719619174071936
27.78699999998059 4.192448278079515 -1.8475878929484186 3.715747872511715e-05 -0.14751781872311356 0.17474198998718168 -0.02235925842476165 0.22977425082635125 2.4753526966283017
27.78749999998059 4.195776539731407 -1.8507116060624997 3.703656072532125e-05 -0.14768910834592608 0.1748656995765876 -0.022450649743852087 0.22998721113650036 2.478727618546136
27.78799999998059 4.199091428651861 -1.8537361005769115 3.691744499460677e-05 -0.14785621572342875 0.17498998011567654 -0.0225394632177688 0.23019769996914202 2.4820858980266762
27.788499999980587 4.202392697549977 -1.856660891525984 3.680013437143216e-05 -0.14801912293876518 0.17511482420256086 -0.022625680193641133 0.2304056939732176 2.485426767335034
27.788999999980586 4.205679747198744 -1.8594859461373505 3.668464328880551e-05 -0.14817781969452315 0.1752402032269623 -0.022709298822410913 0.23061116046162036 2.488749630117168
27.789499999980585 4.208951805605141 -1.8622111663766183 3.6570993806166996e-05 -0.14833229111745 0.17536608100228937 -0.022790314473137393 0.23081405803814886 2.4920537173966526
27.789999999980584 4.212208360352097 -1.864836395013384 3.6459197454842405e-05 -0.14848252452973879 0.17549243428700906 -0.02286872081808273 0.23101435664166 2.495338423025132
27.790499999980582 4.215448790272255 -1.8673615530902583 3.634926669903025e-05 -0.14862850898170674 0.1756192336081928 -0.022944513096830675 0.23121202299297697 2.498603092372961
27.79099999998058 4.218672460707359 -1.8697865486499834 3.6241218104564093e-05 -0.14877023192398556 0.17574644926271754 -0.023017687088381384 0.23140702291431875 2.501847065796311
27.79149999998058 4.221878584337801 -1.8721114437909199 3.613507492867895e-05 -0.14890768289365736 0.17587404286333036 -0.02308824412654211 0.2315993177768393 2.5050696922690454
27.79199999998058 4.225066812616411 -1.8743359500621755 3.6030835535800655e-05 -0.14904084956980118 0.17600199965590616 -0.02315617170909067 0.23178888457298072 2.5082703622769094
27.792499999980578 4.2282366671773515 -1.8764600626346881 3.592850960123507e-05 -0.14916972564718564 0.17613029625780247 -0.02322146753918264 0.23197569886561656 2.5114485524272467
27.792999999980577 4.231387387225994 -1.8784835426575475 3.582811704926306e-05 -0.14929429116536033 0.17625889862861133 -0.023284123158253876 0.23215971896861698 2.5146035179568162
27.793499999980575 4.234518399362395 -1.8804065452282182 3.5729675852356044e-05 -0.1494145426862997 0.17638777744701042 -0.023344142415696753 0.23234091887563948 2.517734722116713
27.793999999980574 4.237629191695214 -1.882228959835781 3.563319092891325e-05 -0.1495304706552151 0.17651690852065055 -0.02340151900048662 0.23251927175954254 2.5208416170731924
27.794499999980573 4.240719182806856 -1.8839507715298942 3.553867607353007e-05 -0.14964206625165577 0.1766462637874411 -0.02345625094590138 0.23269474899654324 2.5239236285645834
27.794999999980572 4.243787813317299 -1.8855719423456714 3.544614376732539e-05 -0.14974932056556703 0.17677581636248582 -0.023508335145170017 0.23286732291536721 2.526980202150117
27.79549999998057 4.246834407566551 -1.8870924445382609 3.53556098949219e-05 -0.14985222298636774 0.17690553380354246 -0.023557769091069203 0.2330369608212837 2.5300107141302934
27.79599999998057 4.249858394837796 -1.8885123048329986 3.52670890500443e-05 -0.1499507657366194 0.17703538824427542 -0.0236045527344133 0.23320363578982112 2.533014642033739
27.79649999998057 4.252859484505812 -1.8898315081816806 3.5180575896626996e-05 -0.1500449472274646 0.177165364648843 -0.02364868164612622 0.23336733439633311 2.5359916279576704
27.796999999980567 4.255837082801726 -1.8910502322342595 3.5096093688561694e-05 -0.15013476309267834 0.17729543290667596 -0.023690161924768454 0.23352803127351124 2.5389411399044772
27.797499999980566 4.2587906142819545 -1.8921682574684957 3.5013645086882917e-05 -0.15022020021086208 0.17742556661879755 -0.023728982433021847 0.2336856967139827 2.5418626129060113
27.797999999980565 4.261719522256011 -1.8931857722993155 3.493324629728612e-05 -0.15030125652143472 0.17755573691484117 -0.02376514827193562 0.23384030810722412 2.544755555895581
27.798499999980564 4.264623339426684 -1.8941027303647626 3.485490200508214e-05 -0.15037792495250113 0.17768592115894496 -0.023798655659782397 0.23399184366626066 2.5476195587546755
27.798999999980563 4.267501547974243 -1.8949191633432452 3.477862434750356e-05 -0.15045019947351956 0.17781609375414775 -0.023829503892617242 0.23414028054859323 2.5504541193457375
27.79949999998056 4.270353635886501 -1.8956351248178225 3.470442059774812e-05 -0.15051807580232301 0.1779462288825151 -0.023857692162191555 0.23428559706488192 2.5532587933482676
27.79999999998056 4.273179066537949 -1.8962506865613926 3.463230104513388e-05 -0.15058154925707545 0.17807629953321766 -0.023883220871459925 0.234427770691316 2.556033130308771
27.80049999998056 4.275977317033654 -1.8967659812208246 3.4562281509638204e-05 -0.15064061633410392 0.17820627904925812 -0.02390609333136553 0.23456678042823692 2.5587767077458423
27.800999999980558 4.2787478118994295 -1.8971810618703944 3.4494368847122135e-05 -0.15069527183614995 0.17833613853163194 -0.02392630867158341 0.23470260225824602 2.561489077364806
27.801499999980557 4.281490274845842 -1.897496018553623 3.4428566298988486e-05 -0.15074551620192567 0.17846586309106488 -0.023943867633754484 0.23483522678909674 2.564169915011542
27.801999999980556 4.2842041812849265 -1.8977109380367878 3.436488357669071e-05 -0.15079134557298127 0.17859542610276752 -0.02395877091832574 0.2349646331439184 2.5668188167342474
27.802499999980554 4.286889080038484 -1.897825984291985 3.430332957215437e-05 -0.1508327596373558 0.17872480368252214 -0.023971021963509788 0.23509080527564555 2.5694354339978425
27.802999999980553 4.289544490773809 -1.8978411333299139 3.424391544352475e-05 -0.15086975069424566 0.17885397274485745 -0.023980618827051152 0.23521372264493917 2.5720193442320793
27.803499999980552 4.292169921155196 -1.8977566281378913 3.418664411748506e-05 -0.1509023222373198 0.17898290607103917 -0.023987565748642713 0.23533336956920453 2.574570205641953
27.80399999998055 4.294764949881897 -1.8975725840076114 3.413152687701099e-05 -0.15093047226247447 0.179111581904683 -0.02399186513927824 0.23544973098866104 2.577087665853008
27.80449999998055 4.29732918415513 -1.8972891065750415 3.4078564115471656e-05 -0.15095420066158655 0.1792399793764546 -0.023993517465271223 0.23556279371880162 2.579571411543539
27.80499999998055 4.299862163716009 -1.8969065238791571 3.402777102223959e-05 -0.15097351126344657 0.17936807284509898 -0.023992532772969897 0.23567254462121973 2.582021160677736
27.805499999980547 4.302363492565596 -1.8964248830699635 3.3979151534294865e-05 -0.15098840158297788 0.17949584205442246 -0.023988909863272196 0.23577896963859388 2.584436572878559
27.805999999980546 4.304832679529651 -1.895844223435814 3.3932706615242e-05 -0.15099886826527803 0.1796232619776706 -0.02398264646867611 0.23588205059422213 2.5868172899388453
27.806499999980545 4.307269350069865 -1.8951647898385848 3.3888446014812836e-05 -0.15100491444516767 0.17975031171561123 -0.023973749189638384 0.23598177768348874 2.5891630611956247
27.806999999980544 4.3096731074787815 -1.8943867407304262 3.3846375236379194e-05 -0.1510065408853745 0.17987696993986213 -0.023962220991661457 0.23607813905519834 2.591473611926679
27.807499999980543 4.312043574966109 -1.8935103135518727 3.380650156594003e-05 -0.15100375101006583 0.1800032155386231 -0.023948067675075332 0.23617112517986605 2.5937486837369166
27.80799999998054 4.314380360740024 -1.8925356242182612 3.376882455124892e-05 -0.15099654548321653 0.18012902748569154 -0.02393128962410835 0.23626072444204316 2.5959880084623093
27.80849999998054 4.316682738110473 -1.8914629463444714 3.373336380397412e-05 -0.15098492239582534 0.18025436791831237 -0.023911894661419304 0.23634691165911717 2.598191202600737
27.80899999998054 4.318950911088625 -1.8902924128165797 3.370009892182897e-05 -0.15096889367313754 0.18037924364728056 -0.023889882818835032 0.23642970392223095 2.6003582931285267
27.809499999980538 4.32118429602778 -1.8890242765308696 3.3669048115119133e-05 -0.1509484588800027 0.1805036239220261 -0.02386526129472427 0.23650908266681336 2.602488906807899
27.809999999980537 4.323382509772305 -1.8876587350967255 3.364021222140911e-05 -0.1509236211274195 0.1806274873774725 -0.023838033585234533 0.23658503852890322 2.604582875757724
27.810499999980536 4.325545298179009 -1.8861959853551225 3.361359292446876e-05 -0.15089438478912548 0.1807508190869732 -0.023808203926396317 0.23665756809301758 2.606640001946783
27.810999999980535 4.327672102398978 -1.8846364307015542 3.358920677679298e-05 -0.1508607550695454 0.18087358783333624 -0.023775784375620817 0.23672665696649584 2.608660016096663
27.811499999980533 4.3297628360359335 -1.8829800992764498 3.356703615174341e-05 -0.15082273653227798 0.18099578744621084 -0.023740770590286193 0.23679230797595488 2.610642822916434
27.811999999980532 4.331817300293512 -1.881227406522295 3.354708726120539e-05 -0.15078034096810172 0.18111740361376527 -0.02370317459936006 0.23685452412891825 2.6125883298836348
27.81249999998053 4.333834871260586 -1.8793784048517082 3.3529364476792894e-05 -0.15073356305734478 0.1812384049631415 -0.023662994937601396 0.23691328328095737 2.6144961956166277
27.81299999998053 4.335815394873052 -1.8774334220410183 3.351386785756023e-05 -0.1506824133189526 0.18135877991086732 -0.023620239868489774 0.23696858961859707 2.616366353951557
27.81349999998053 4.337758559310027 -1.8753927106129065 3.350059871880268e-05 -0.15062689751188854 0.1814785100796268 -0.02357491500949812 0.23702043897622677 2.6181986482759925
27.813999999980528 4.3396640740682955 -1.8732565413964066 3.348955926465839e-05 -0.15056702225224572 0.18159757794795514 -0.023527026569718737 0.23706882858293318 2.6199929318550588
27.814499999980526 4.341531691666373 -1.8710251803223767 3.348074498385815e-05 -0.15050279564512467 0.1817159677753177 -0.023476579819453742 0.23711375801825088 2.6217491220765163
27.814999999980525 4.343361135485095 -1.868698954297043 3.347416226267439e-05 -0.15043422554597957 0.1818336623807988 -0.02342358360339135 0.2371552260846428 2.623467085767137
27.815499999980524 4.345152445662912 -1.8662784345763386 3.346980352638711e-05 -0.150361334365815 0.1819506567054446 -0.023368053687949912 0.237193250917841 2.625146972997796
27.815999999980523 4.346904918408937 -1.8637633987091533 3.346767017903109e-05 -0.15028410736278536 0.18206691818450105 -0.023309978508575368 0.23722780343185165 2.6267882973263994
27.816499999980522 4.3486184710903455 -1.8611542331132467 3.346776657204424e-05 -0.1502025566011946 0.18218243850485105 -0.023249369833577255 0.23725889257679544 2.6283911041252797
27.81699999998052 4.3502928750437695 -1.858451315007066 3.3470081523409235e-05 -0.15011669592557714 0.1822972011816992 -0.0231862348641254 0.23728652182850057 2.629955324943416
27.81749999998052 4.351927904037508 -1.8556549214951672 3.3474616548397485e-05 -0.1500265329555499 0.1824111917761788 -0.023120580284943248 0.2373106923604183 2.631480874382662
27.81799999998052 4.353523309337924 -1.8527653559811084 3.348136994284132e-05 -0.14993207666462763 0.1825243942453714 -0.02305241286134164 0.23733140509915096 2.6329676722507833
27.818499999980517 4.3550789294564325 -1.849782919814143 3.349033845360578e-05 -0.14983333702304036 0.18263679682980546 -0.02298173962475852 0.2373486650392031 2.6344156771103773
27.818999999980516 4.356594538836117 -1.8467079338267387 3.3501518801445404e-05 -0.14973032434194739 0.18274838429537515 -0.022908567580525726 0.23736247483270476 2.6358248733334166
27.819499999980515 4.358069920213994 -1.843540707568907 3.351490860789511e-05 -0.14962304813821733 0.18285914211098395 -0.022832903876996907 0.23737283729861028 2.6371951635255213
27.819999999980514 4.359504728660735 -1.840281605086675 3.353051293833611e-05 -0.1495115170485715 0.1829690492718748 -0.022754757956430435 0.23737975004468004 2.6385264817142566
27.820499999980512 4.3608991088555 -1.8369308887910696 3.354831257023195e-05 -0.14939574652875875 0.18307810845933462 -0.022674133898397165 0.23738323282400436 2.63981892902609
27.82099999998051 4.362252743171092 -1.8334889096947475 3.356831007865564e-05 -0.14927574549442463 0.1831863000391202 -0.022591040541429016 0.2373832846425445 2.6410724371244907
27.82149999998051 4.363565493162163 -1.8299560061694589 3.359050119632993e-05 -0.14915152589662156 0.18329361286897847 -0.02250548575761588 0.237379912977151 2.642286985888565
27.82199999998051 4.364837171143505 -1.8263325231712948 3.361488222390471e-05 -0.14902309917945725 0.1834000333866567 -0.0224174775952354 0.23737312324062726 2.6434625780614183
27.822499999980508 4.366067660545201 -1.8226187887916991 3.36414475150116e-05 -0.14889047753886467 0.18350555154526704 -0.02232702335102632 0.23736292406650433 2.644599206544729
27.822999999980507 4.36725681725161 -1.8188151871487779 3.3670199115865277e-05 -0.1487536730499608 0.18361015586718774 -0.022234133622721457 0.23734932332193542 2.645696898774882
27.823499999980505 4.368404461054029 -1.814922045540686 3.3701124290303935e-05 -0.14861269847489364 0.18371383278295567 -0.022138814291237374 0.23733232734293772 2.6467556426684142
27.823999999980504 4.369510524060303 -1.8109396875183994 3.373421939780411e-05 -0.14846756596799504 0.18381657482803765 -0.02204107307050361 0.2373119470824674 2.6477754856963114
27.824499999980503 4.370574856325581 -1.8068685098573112 3.3769480420832465e-05 -0.1483182893767606 0.18391836969919623 -0.02194091962826713 0.23728819108963847 2.6487564355077726
27.824999999980502 4.371597436372711 -1.8027088879009594 3.380688874168765e-05 -0.14816488614528986 0.18401921072606522 -0.021838360834517814 0.23726107436035374 2.649698573265421
27.8254999999805 4.3725780818235425 -1.7984611233521266 3.384645017582355e-05 -0.14800736442706755 0.18411908568391208 -0.021733405157667696 0.2372306020256954 2.650601898611847
27.8259999999805 4.373516657521761 -1.7941256354577007 3.3888164852124334e-05 -0.14784573815763968 0.1842179830183134 -0.021626063761959566 0.23719678368930153 2.651466436689917
27.8264999999805 4.374413101588448 -1.789702794541732 3.393202118424766e-05 -0.14768002272710518 0.18431589460006925 -0.021516344561398663 0.23715963231162882 2.652292248879023
27.826999999980497 4.37526733350418 -1.78519296637505 3.397801329709412e-05 -0.1475102321463862 0.1844128117506531 -0.02140425607025997 0.23711915971423278 2.6530793858110835
27.827499999980496 4.376079232656154 -1.7805965330139735 3.4026137381304835e-05 -0.14733637993251414 0.18450872380179725 -0.021289807829285117 0.23707537604735324 2.6538279030388017
27.827999999980495 4.376848739277561 -1.775913831160835 3.407638946240777e-05 -0.14715847870949786 0.18460362364120947 -0.021173008127834753 0.23702829365023154 2.6545378555614807
27.828499999980494 4.377575801759611 -1.771145332834891 3.412875635331014e-05 -0.1469765482828262 0.18469750232222734 -0.021053867268487413 0.2369779281624392 2.655209314241387
27.828999999980493 4.378260362428751 -1.7662913795568158 3.418323520502219e-05 -0.14679060122199378 0.18479035280980272 -0.020932394013271495 0.23692429216484454 2.6558423468715713
27.82949999998049 4.378902360711282 -1.7613524023408886 3.4239822696813006e-05 -0.14660065344579412 0.1848821669034312 -0.020808599572717214 0.23686739971093468 2.6564370526621044
27.82999999998049 4.379501731701426 -1.7563287650243984 3.4298507045885844e-05 -0.1464067203260667 0.18497293635297832 -0.020682491375819533 0.23680726422385975 2.656993475828366
27.83049999998049 4.380058445811477 -1.751220876010552 3.435928314640048e-05 -0.14620881773203673 0.1850626546092282 -0.020554079725985285 0.23674390109778243 2.657511712411754
27.830999999980488 4.380572447871148 -1.7460291477297127 3.44221451051677e-05 -0.14600696151807271 0.18515131378269034 -0.02042337482306798 0.23667732474058378 2.657991848703052
27.831499999980487 4.381043756351103 -1.7407539155572025 3.4487081727147704e-05 -0.1458011669824466 0.18523891006183987 -0.020290383516570493 0.23660755219897608 2.658433974490203
27.831999999980486 4.3814722321027 -1.735395645104538 3.4554090308986256e-05 -0.1455914500934263 0.18532543109901095 -0.020155118137281585 0.23653459480479525 2.658838147945416
27.832499999980485 4.38185796132946 -1.7299547494312797 3.462316687410145e-05 -0.1453778282474303 0.18541087599608444 -0.020017589498320294 0.23645847367539616 2.6592045067912835
27.832999999980483 4.382200913131447 -1.724431660569167 3.469429959782084e-05 -0.14516031934567858 0.18549523751515717 -0.019877807518095324 0.23637920527210174 2.659533154637802
27.833499999980482 4.382501061621108 -1.7188267927451149 3.476748278209942e-05 -0.14493893974454297 0.18557850918493998 -0.019735782514474862 0.23629680581217294 2.659824186883266
27.83399999998048 4.382758401381677 -1.713140569453866 3.4842711354440335e-05 -0.1447137062682945 0.18566068547066122 -0.019591525148388057 0.23621129263644858 2.6600777072736292
27.83449999998048 4.382972949111488 -1.7073733818365504 3.491997594673293e-05 -0.1444846356138448 0.18574176203698017 -0.019445044592627532 0.23612268390029142 2.6602938258864235
27.83499999998048 4.38314471555921 -1.7015256864423365 3.499926833755358e-05 -0.1442517464891244 0.18582173363658475 -0.01929635218692259 0.23603099852474932 2.6604726645479286
27.835499999980478 4.383273719615463 -1.6955978989367504 3.50805812000719e-05 -0.14401505626089114 0.18590059584105337 -0.019145457966496388 0.235936255214482 2.660614335171763
27.835999999980476 4.3833599693634655 -1.6895904460635034 3.516391066621841e-05 -0.14377458164013146 0.185978343878652 -0.018992373204320366 0.23583847217443796 2.660718944772143
27.836499999980475 4.3834035666113405 -1.6835037936460973 3.524924086221358e-05 -0.14353034435250284 0.1860549763688041 -0.01883710837845299 0.23573767334392243 2.660786672952833
27.836999999980474 4.383404219751909 -1.6773382259783953 3.533657734856252e-05 -0.14328235082128132 0.18613047597270346 -0.0186796708459108 0.23563386056679003 2.6608174285155033
27.837499999980473 4.383362106614795 -1.6710942561918272 3.542591283053417e-05 -0.14303062357444354 0.18620484505304308 -0.018520074405911763 0.23552706162418463 2.6608114275832144
27.83799999998047 4.383277498922053 -1.664772441528088 3.55172260307045e-05 -0.14277519075981276 0.1862780891773879 -0.018358331805150715 0.23541731021899773 2.660768940667915
27.83849999998047 4.383150333531611 -1.6583731464288034 3.561051388213088e-05 -0.14251606589126953 0.1863502008329756 -0.018194452307866107 0.23530462061421198 2.660690033871058
27.83899999998047 4.382980683481876 -1.6518968192194006 3.570576844397358e-05 -0.14225326836978125 0.18642117788818077 -0.018028446938717108 0.235189015105136 2.660574825685476
27.839499999980468 4.382768580566063 -1.6453439125584213 3.58029818373061e-05 -0.14198681696876764 0.18649101619589317 -0.017860327057112733 0.23507051409584795 2.660423454835481
27.839999999980467 4.382514105138146 -1.6387148865676646 3.590214644459113e-05 -0.141716731373944 0.1865597139129344 -0.017690104308971354 0.2349491404475718 2.6602360645223326
27.840499999980466 4.382217316720674 -1.6320101674448293 3.600325498077629e-05 -0.14144302976345596 0.18662726856081244 -0.017517789323081616 0.23482491559011232 2.6600127726542424
27.840999999980465 4.3818782925240995 -1.6252302236653247 3.610630115481048e-05 -0.1411657317888604 0.18669367814245894 -0.017343394262475855 0.23469786239842108 2.659753724838409
27.841499999980464 4.381497266073895 -1.6183754628460192 3.6211267163613575e-05 -0.14088485909805218 0.18675894827291067 -0.017166927943584077 0.23456801081584408 2.6594591322709396
27.841999999980462 4.3810741066669525 -1.6114463783155952 3.631815624478242e-05 -0.14060042802455353 0.18682306706876328 -0.016988404093370622 0.23443537408698997 2.6591290199423456
27.84249999998046 4.38060898241158 -1.6044434519016162 3.642695866823762e-05 -0.14031246041124185 0.18688603663489586 -0.016807835059744227 0.2342999798445393 2.6587635900081903
27.84299999998046 4.380101998184518 -1.5973670991935123 3.653766225372058e-05 -0.14002097553380333 0.1869478565776052 -0.01662523046834367 0.23416185205221696 2.658362990851784
27.84349999998046 4.379553247955281 -1.5902178375916334 3.665025808813983e-05 -0.1397259957889603 0.1870085249624035 -0.01644060325603445 0.23402101560170355 2.6579273488128994
27.843999999980458 4.378962842762792 -1.5829960647310322 3.6764741208378124e-05 -0.13942753829864418 0.18706804237619207 -0.01625396400683817 0.23387749412976075 2.65745683068452
27.844499999980457 4.3783309201309475 -1.575702256476599 3.68811016835371e-05 -0.13912562449336346 0.1871264094793977 -0.01606532462126444 0.23373131405634592 2.6569515920760747
27.844999999980455 4.377657568553359 -1.5683369065121893 3.699933176211765e-05 -0.13882027553349222 0.18718362445168987 -0.015874697636094042 0.23358249974495818 2.656411765764245
27.845499999980454 4.376942938097692 -1.5609004409755423 3.711942186277917e-05 -0.13851151108281015 0.18723968915399283 -0.015682093637430658 0.23343107753206394 2.6558375236732727
27.845999999980453 4.376187125237321 -1.5533933446970867 3.724136615136713e-05 -0.13819935160754057 0.18729460242445817 -0.01548752540053381 0.2332770720090439 2.6552289893465337
27.846499999980452 4.375390258896817 -1.5458160816617412 3.736515675977085e-05 -0.13788381771848307 0.1873483647358019 -0.015291004655342852 0.23312050913888432 2.6545863205809894
27.84699999998045 4.374552644129174 -1.5381691058306444 3.7490777095905984e-05 -0.13756493328137992 0.18740098482566755 -0.01509254217508846 0.23296142344097964 2.6539097582252085
27.84749999998045 4.373674156818282 -1.5304529197822012 3.761823237780113e-05 -0.13724271467005333 0.18745245119282816 -0.014892152367983937 0.232799829017026 2.653199322575934
27.84799999998045 4.372755133331193 -1.522667962000124 3.77475031743621e-05 -0.13691718612742873 0.18750277413513264 -0.014689845169793655 0.23263576190374521 2.652455266910726
27.848499999980447 4.371795919828889 -1.5148152003938153 3.787859694238951e-05 -0.13658838550467198 0.1875519601859341 -0.014485651359995614 0.2324692644623853 2.651677930272644
27.848999999980446 4.370796307416431 -1.5068943617980586 3.801148626856567e-05 -0.13625630739009284 0.1876000002110396 -0.014279555317999333 0.2323003381031662 2.6508671585519448
27.849499999980445 4.369756670175543 -1.4989062799318673 3.814617123451246e-05 -0.135920986673765 0.187646903169627 -0.014071582549901254 0.23212902516268807 2.6500232683589506
27.849999999980444 4.368677053763619 -1.490851240740347 3.8282638364168835e-05 -0.13558243760154304 0.18769266717342817 -0.013861738349145005 0.2319553458894874 2.6491463376221414
27.850499999980443 4.367557686539445 -1.482729788547892 3.842087989680223e-05 -0.13524068473470705 0.1877372967575466 -0.013650037393209916 0.23177933238789772 2.6482365676819595
27.85099999998044 4.366398746826167 -1.4745423919042535 3.8560885356971015e-05 -0.1348957502121443 0.18778079456659447 -0.013436490965672367 0.23160101364810426 2.647294102142442
27.85149999998044 4.365200423939099 -1.4662895267666565 3.870264991543845e-05 -0.13454765476906755 0.18782316427531182 -0.013221112525513633 0.23142041884557044 2.646319126598497
27.85199999998044 4.363962878346494 -1.4579716774977673 3.884616776830935e-05 -0.1341964198225928 0.1878644078195018 -0.013003914809069091 0.2312375761396387 2.645311774417263
27.852499999980438 4.362686028476098 -1.449588913683766 3.899141891137795e-05 -0.13384205189125328 0.18790451906157093 -0.012784894750853766 0.23105249765369693 2.644272014913386
27.852999999980437 4.361369960514524 -1.4411415571210673 3.913838931633205e-05 -0.13348456749641396 0.18794349756017614 -0.0125640582511439 0.23086520654831202 2.6431999225418594
27.853499999980436 4.360015645825398 -1.4326310147148509 3.928709039863847e-05 -0.13312402617120433 0.18798137607451987 -0.012341453073774093 0.2306757801739787 2.642096217797134
27.853999999980434 4.358623231881003 -1.4240573261008584 3.943749328678731e-05 -0.13276043793518244 0.18801815942087743 -0.012117074332679759 0.23048424163733972 2.640960962901565
27.854499999980433 4.357192489631782 -1.4154210393544255 3.9589611704772905e-05 -0.13239381807353004 0.18805383100330159 -0.011890938778360038 0.23029060085929687 2.6397940976167416
27.854999999980432 4.35572382896438 -1.406722608362731 3.974342731144395e-05 -0.13202419196599163 0.18808840466375298 -0.011663057390543546 0.2300948981201535 2.638595884595765
27.85549999998043 4.35421742265728 -1.397962775775248 3.9898952163446975e-05 -0.13165158647258204 0.18812188132918276 -0.011433454496397637 0.22989716470043745 2.637366510843319
27.85599999998043 4.352673578536017 -1.389141585204736 4.0056143023688884e-05 -0.13127601670299172 0.18815427271695115 -0.011202123038402482 0.22969743242713117 2.636106121232948
27.85649999998043 4.351092563310955 -1.3802596765360786 4.0215004110895334e-05 -0.1308975087835637 0.18818558492833612 -0.010969082801469628 0.2294957362524817 2.634814922017939
27.856999999980427 4.349474516721223 -1.3713178319708224 4.037554526399839e-05 -0.13051609056024907 0.18821581686268157 -0.010734359447814172 0.2292921064606728 2.633493082208359
27.857499999980426 4.3478197686440465 -1.3623160939898078 4.053773189161477e-05 -0.1301317758700643 0.1882449817740152 -0.010497947241518086 0.2290865756662351 2.6321407416110603
27.857999999980425 4.346128556550457 -1.353255079364035 4.070156353053811e-05 -0.12974459043708092 0.18827308438293033 -0.010259864551656223 0.22887917745257258 2.630758091223747
27.858499999980424 4.344401164612569 -1.3441352578863242 4.08670265934657e-05 -0.1293545578062 0.1883001325424957 -0.010020123269999459 0.2286699464536277 2.6293453168191294
27.858999999980423 4.342638111516134 -1.3349570794367032 4.103410252990988e-05 -0.12896170515216462 0.18832614530523323 -0.009778733833993813 0.2284589285553921 2.6279027104358663
27.85949999998042 4.340839490964562 -1.3257210095374279 4.120278881523316e-05 -0.12856605119474177 0.18835112201358145 -0.00953570962405573 0.22824614879909436 2.6264303655429977
27.85999999998042 4.339005366930916 -1.3164275886986887 4.137308954447263e-05 -0.12816761629629012 0.18837505992397777 -0.009291066544202474 0.2280316315469502 2.6249283528836402
27.86049999998042 4.33713614152853 -1.307077252310015 4.154498791598623e-05 -0.12776642484516082 0.18839797285655416 -0.009044815240049537 0.22781541689907572 2.623396902608776
27.860999999980418 4.3352320609165504 -1.2976707244539596 4.171848419567214e-05 -0.1273625066295662 0.18841986475342068 -0.008796977171070251 0.2275975402679299 2.621836204050201
27.861499999980417 4.3332935026408 -1.2882081349956338 4.189355217969955e-05 -0.12695587667362998 0.18844075101444488 -0.008547552032375774 0.22737803744118323 2.6202464342789993
27.861999999980416 4.331320769587274 -1.2786900550471094 4.207018657305253e-05 -0.12654656092966673 0.1884606397598372 -0.008296556070786654 0.22715694500597752 2.618627798483003
27.862499999980415 4.329314137419173 -1.2691169917065404 4.224838004971387e-05 -0.12613458306172282 0.18847953840310663 -0.008044003268120405 0.22693429760479206 2.6169804566040256
27.862999999980413 4.327273878004576 -1.2594894018100768 4.242812685181983e-05 -0.1257199646725535 0.18849745475129437 -0.007789906225549918 0.22671012902820914 2.6153045692558266
27.863499999980412 4.325200368410517 -1.2498077648268864 4.260941086645759e-05 -0.12530273134461709 0.18851440099384098 -0.007534276933792187 0.22648447892383936 2.613600352471889
27.86399999998041 4.323093884759366 -1.2400725428268131 4.279222145623117e-05 -0.12488290571088104 0.18853038487888865 -0.0072771275533155145 0.22625738164047138 2.611867972889688
27.86449999998041 4.32095483584149 -1.2302842294815644 4.297655157266728e-05 -0.12446051280726318 0.18854542034374022 -0.007018471696618439 0.22602887807933048 2.61010764666203
27.86499999998041 4.3187835653491815 -1.2204433014691451 4.3162386754997946e-05 -0.12403557731956857 0.18855951805760424 -0.006758321561782864 0.22579900620119459 2.608319554975921
27.865499999980408 4.316580346705012 -1.210550192018218 4.334971940907602e-05 -0.12360812026962786 0.18857268616991493 -0.006496688930476205 0.22556779985846248 2.606503864914399
27.865999999980406 4.314345870029273 -1.2006053495820563 4.35385200061118e-05 -0.12317817260911199 0.18858495166031045 -0.006233583404195005 0.22533531405906815 2.604660937056397
27.866499999980405 4.312079958245734 -1.1906093667519064 4.3728813042972654e-05 -0.12274574947016698 0.1885963007780661 -0.005969025608238204 0.2251015614047925 2.6027906898850457
27.866999999980404 4.309783187855121 -1.1805626414542445 4.392057156191713e-05 -0.12231087782891722 0.18860675573307623 -0.005703024104682978 0.22486659073187193 2.600893424924352
27.867499999980403 4.307455882907169 -1.170465627142065 4.4113786124608236e-05 -0.1218735804366383 0.1886163267742958 -0.005435591076411084 0.22463043868679872 2.598969312393992
27.867999999980402 4.305098433337909 -1.1603188374713393 4.4308446506447196e-05 -0.12143388321307119 0.18862502666338782 -0.005166740520676054 0.2243931458034705 2.5970185562041666
27.8684999999804 4.302711190787801 -1.1501227453967862 4.450454180473978e-05 -0.12099181028068345 0.18863286668481546 -0.004896485002440063 0.22415475037149532 2.5950413523886575
27.8689999999804 4.3002946674619205 -1.1398777726940232 4.470205725848705e-05 -0.12054738616967081 0.18863986648248798 -0.004624835873985421 0.2239152979269883 2.593037897011299
27.8694999999804 4.297849072471848 -1.1295844457277406 4.49009902840973e-05 -0.12010063373833141 0.18864603018822235 -0.004351808189652205 0.22367482013996134 2.5910083716342016
27.869999999980397 4.295374838976581 -1.119243186986632 4.510132500821411e-05 -0.11965157711177803 0.1886513734387349 -0.0040774125024057965 0.22343335896497538 2.5889529597442134
27.870499999980396 4.292872382689263 -1.1088544877862034 4.530305045874958e-05 -0.11920024160694413 0.18865591051981045 -0.0038016624739243866 0.22319095593410193 2.5868718760432676
27.870999999980395 4.290342091184201 -1.098418812676112 4.550615693147354e-05 -0.11874665113338097 0.18865965469827106 -0.003524570891385394 0.22294765095473007 2.584765308543959
27.871499999980394 4.287784250526404 -1.0879366550217937 4.5710641918090414e-05 -0.11829082790401597 0.1886626144012513 -0.0032461524888166213 0.22270347896903947 2.582633402752412
27.871999999980392 4.285199401850326 -1.0774084793151646 4.591648415211357e-05 -0.11783280005247367 0.18866480969912736 -0.002966418382768384 0.22245848786916583 2.580476417089987
27.87249999998039 4.282587958744118 -1.0668347138630399 4.612366970307022e-05 -0.1173725910861562 0.18866625534334142 -0.0026853799639267244 0.22221271860338596 2.578294553693235
27.87299999998039 4.279950322898033 -1.0562158789593874 4.633219598540528e-05 -0.11691022580751514 0.18866696506662178 -0.0024030528535821712 0.22196621199820293 2.5760880078983313
27.87349999998039 4.277286936005213 -1.0455523916429525 4.654204435485481e-05 -0.1164457285980459 0.1886669548419296 -0.0021194473585830374 0.22171901049563222 2.5738569851438706
27.873999999980388 4.274598230629392 -1.034844722950921 4.675320640176598e-05 -0.11597912386689982 0.18866624016254946 -0.0018345768988799335 0.22147115618609206 2.571601689002777
27.874499999980387 4.27188463147984 -1.0240933770208058 4.696566971641319e-05 -0.11551043777801992 0.1886648355683474 -0.001548455337805588 0.22122269126297725 2.5693223170285306
27.874999999980385 4.269146129172635 -1.013298869708377 4.7179456003309186e-05 -0.11503968470786846 0.1886627363952006 -0.001261101915999321 0.22097363539538664 2.5670188665913707
27.875499999980384 4.266383836234152 -1.002461542682021 4.7394503709380054e-05 -0.11456690356139126 0.18865998944750437 -0.0009725182893338007 0.22072406484522858 2.564691860329101
27.875999999980383 4.26359775545826 -0.991581840016702 4.761082083181455e-05 -0.11409210876323489 0.18865659063197926 -0.0006827193865477097 0.22047399977476886 2.562341297509062
27.876499999980382 4.260788435371612 -0.9806603877339495 4.782841451760807e-05 -0.11361532866992607 0.18865256040403325 -0.00039172647519427825 0.22022348854153617 2.559967431202039
27.87699999998038 4.2579565829805865 -0.9696975621853698 4.8047237432466757e-05 -0.11313659553554871 0.18864792628305613 -9.954376307658988e-05 0.2199725874949706 2.557570582192639
27.87749999998038 4.255102528222156 -0.9586938024083864 4.8267298528017875e-05 -0.11265592736680767 0.1886427003020759 0.0001938127274484086 0.2197213323997185 2.5551509126279774
27.87799999998038 4.252226791354597 -0.9476495795456417 4.848857711949481e-05 -0.11217335174252702 0.1886369016311086 0.0004883309698581048 0.21946977004880047 2.552708656608346
27.878499999980377 4.249329854323605 -0.9365653612789515 4.871106312239869e-05 -0.11168889410131422 0.18863054804571758 0.0007839980316640513 0.21921794491901433 2.5502440377440156
27.878999999980376 4.246412169362007 -0.925441596733449 4.8934745879524136e-05 -0.11120257830677462 0.18862365625081018 0.0010808008281542997 0.21896589974223907 2.5477572492839347
27.879499999980375 4.243474223503811 -0.9142787744189351 4.915961298718423e-05 -0.11071443079994403 0.18861624400807797 0.0013787258202808067 0.21871367944405745 2.545248518747175
27.879999999980374 4.240516522335758 -0.9030773236191625 4.938565132630088e-05 -0.11022447589384145 0.18860833068881758 0.0016777608176321776 0.21846132923850753 2.5427180832810596
27.880499999980373 4.237539541128902 -0.8918377400935212 4.961285059841531e-05 -0.10973273970361216 0.18859993351560947 0.0019778916850132387 0.21820889335788002 2.5401661430755995
27.88099999998037 4.234543793490661 -0.8805604559700991 4.984119581536074e-05 -0.10923924723764833 0.1885910721076565 0.002279106603049313 0.2179564175303664 2.5375929414777305
27.88149999998037 4.231529784655891 -0.8692459569255757 5.007067633218326e-05 -0.10874402449866176 0.1885817652917733 0.002581391441836018 0.21770394724603184 2.5349987036832538
27.88199999998037 4.228498010503489 -0.8578946809919654 5.030127842542154e-05 -0.10824709609135588 0.18857203186242513 0.0028847338267937945 0.21745152724730668 2.532383645560069
27.882499999980368 4.225448984437442 -0.8465070940645464 5.0532991400301646e-05 -0.10774848767045844 0.18856189119494615 0.0031891205420480576 0.21719920325847736 2.5297480148003713
27.882999999980367 4.2223832254821305 -0.8350836502934998 5.0765801591330354e-05 -0.10724822449474376 0.1885513631025963 0.0034945383706755677 0.21694702114467068 2.5270920363815366
27.883499999980366 4.21930126779621 -0.8236248209795045 5.0999694867890675e-05 -0.10674633339818929 0.1885404676911736 0.0038009745299656663 0.21669502776607796 2.52441595804798
27.883999999980364 4.2162036131356615 -0.8121310635445214 5.1234660181989016e-05 -0.10624283910961772 0.1885292240310088 0.004108415398556088 0.2164432679777625 2.521719997341971
27.884499999980363 4.213090793776336 -0.8006028329104659 5.147068494828085e-05 -0.10573776696603418 0.18851765258888745 0.0044168476367294675 0.2161917881040672 2.519004405989194
27.884999999980362 4.2099633349357015 -0.7890406065014677 5.1707757541108766e-05 -0.10523114349401289 0.18850577312219202 0.00472625792596746 0.21594063437768174 2.5162694180221683
27.88549999998036 4.206821658449609 -0.777444832197904 5.1945873608430786e-05 -0.10472299042759645 0.18849360139624938 0.005036631489366966 0.21568984711429112 2.513515223930524
27.88599999998036 4.203666467109675 -0.7658159879372045 5.218500753376626e-05 -0.1042133389442394 0.18848116507463064 0.005347956567357793 0.2154394816212744 2.5107421564197274
27.88649999998036 4.200498263879698 -0.7541544997617631 5.242514849812966e-05 -0.10370221276595766 0.18846848358123144 0.005660220602699249 0.2151895823064771 2.5079504356010545
27.886999999980358 4.197317531744758 -0.7424607473553207 5.2666280174906936e-05 -0.1031896351987034 0.1884555754413478 0.005973413989431324 0.21494019261659777 2.5051402784543044
27.887499999980356 4.194124906522383 -0.7307353207357807 5.2908394110905575e-05 -0.10267563626258434 0.188442465146057 0.006287517445259237 0.21469136412038997 2.502311988046437
27.887999999980355 4.190920887777818 -0.7189786284131607 5.315147753056663e-05 -0.10216023962079698 0.18842917193505163 0.006602519579469113 0.21444314085627728 2.499465797256125
27.888499999980354 4.187706043122819 -0.7071911853401291 5.339551264453161e-05 -0.10164347434358978 0.18841571704259513 0.006918406155902331 0.21419557103042372 2.496601961604581
27.888999999980353 4.184480917807717 -0.695373381776322 5.364049435574607e-05 -0.10112536194998817 0.18840212277911447 0.007235164108954581 0.2139487001523406 2.4937207661214464
27.88949999998035 4.181246100125474 -0.6835257079491551 5.388640263739016e-05 -0.10060593122117076 0.18838841151236346 0.007552780209069283 0.2137025771438357 2.490822450110504
27.88999999998035 4.17800182096911 -0.6716486130622522 5.4133251543611995e-05 -0.10008519857295496 0.18837459067714196 0.007871237571789954 0.21345723170480818 2.48790712531352
27.89049999998035 4.174749151606411 -0.6597425718014918 5.438098809525256e-05 -0.09956320439140456 0.1883607043845231 0.008190527590257471 0.2132127373472914 2.484975329294418
27.890999999980348 4.171488487934045 -0.6478080421419854 5.462961287810815e-05 -0.09903996987184958 0.18834676726000787 0.008510634793830067 0.21296913220959138 2.482027239617933
27.891499999980347 4.168220379631161 -0.6358454857829856 5.4879109679908575e-05 -0.09851552130147007 0.18833280036456035 0.008831545867622831 0.21272646246499205 2.4790631304167525
27.891999999980346 4.164945418290661 -0.62385535339785 5.5129468318917534e-05 -0.09798988405981496 0.18831882732786148 0.009153246829393547 0.21248477599987414 2.4760832809599576
27.892499999980345 4.161664171686143 -0.6118381266343286 5.53806741007363e-05 -0.0974630852386688 0.18830486991563594 0.009475723641825121 0.21224411972236318 2.473087971471344
27.892999999980344 4.158377220658005 -0.5997942569341664 5.563271087283671e-05 -0.09693515118326965 0.1882909508839354 0.009798963242487402 0.2120045409898749 2.470077488974726
27.893499999980342 4.155085154441933 -0.5877242221741613 5.5885568660679476e-05 -0.09640610811435953 0.1882770934114134 0.010122950705075292 0.21176608726655236 2.4670521219701045
27.89399999998034 4.151788522336279 -0.5756284799299396 5.6139234132714e-05 -0.09587598158652219 0.18826331880399189 0.010447672270888613 0.21152880396804716 2.464012143959696
27.89449999998034 4.148487935995479 -0.5635074943557211 5.639368897959534e-05 -0.09534479913586583 0.18824965102199046 0.01077311470334237 0.21129273965891768 2.4609578676451465
27.89499999998034 4.145183982268128 -0.5513617409672124 5.664892031553778e-05 -0.09481258751420718 0.18823611299056128 0.011099263734037437 0.2110579414292963 2.457889580498418
27.895499999980338 4.141877227002647 -0.5391916637922006 5.690491423571453e-05 -0.09427937187716184 0.18822272700464135 0.011426105767280542 0.21082445497527322 2.4548075855478872
27.895999999980337 4.138568275164321 -0.5269977446921981 5.7161657370156496e-05 -0.09374517955745472 0.18820951671550545 0.011753626430436112 0.21059232798658595 2.4517121879413892
27.896499999980335 4.135257713706562 -0.5147804379897964 5.741913461633678e-05 -0.09321003641255227 0.1881965053264962 0.012081811736932152 0.21036160695331718 2.448603686763211
27.896999999980334 4.131946127166539 -0.5025402058600232 5.767732995464503e-05 -0.09267396939487904 0.18818371554319122 0.012410648516609342 0.2101323382910077 2.445482391702316
27.897499999980333 4.1286341097608465 -0.49027753951452263 5.793623112428649e-05 -0.09213700533593398 0.1881711706599373 0.012740121272654172 0.20990456857783515 2.442348613014656
27.897999999980332 4.125322259462292 -0.47799289835719605 5.819582293788611e-05 -0.09159917043502949 0.188158894287771 0.01307021587533958 0.20967834429671114 2.439202675348583
27.89849999998033 4.1220111719001356 -0.46568675351816347 5.8456089109141456e-05 -0.09106049218192311 0.18814690959224828 0.013400918912408749 0.20945371195857257 2.4360448931446093
27.89899999998033 4.118701441553357 -0.45335956835158403 5.8717017350913126e-05 -0.09052099641849519 0.18813524012200872 0.01373221575082496 0.2092307174336271 2.432875594195596
27.89949999998033 4.115393563778664 -0.4410117668086959 5.897859415513352e-05 -0.08998070637037864 0.18812390505711807 0.014064093123866729 0.20900940143507582 2.4296950342413344
27.899999999980327 4.112088326612997 -0.42864388140687326 5.9240796141459306e-05 -0.08943965506689577 0.18811293596007825 0.014396535995045803 0.2087898197294649 2.42650364494222
27.900499999980326 4.108786297632653 -0.4162564466715264 5.950361224965896e-05 -0.08889786999905663 0.1881023544068624 0.014729526972520555 0.2085720163123717 2.4233017692583068
27.900999999980325 4.105488026680759 -0.4038498021079169 5.9767026647979076e-05 -0.0883553732014421 0.18809218288439944 0.015063056634686855 0.2083560340162105 2.4200896692874863
27.901499999980324 4.102194062625528 -0.39142448615500314 6.003102374512703e-05 -0.08781219327508417 0.1880824416663158 0.015397108619556992 0.20814191578052282 2.4168677016987856
27.901999999980323 4.098905025411137 -0.3789809594972582 6.0295592943884575e-05 -0.08726835596087776 0.18807315568431038 0.015731668027725142 0.20792970740157327 2.4136362099049173
27.90249999998032 4.095621525393176 -0.3665197156062961 6.056071347386346e-05 -0.08672388978178214 0.1880643485145384 0.016066720416620515 0.20771945442357176 2.410395546028811
27.90299999998032 4.092344199011843 -0.3540412019903611 6.08263652859037e-05 -0.08617882212745309 0.18805604543574939 0.016402252970744238 0.20751120333785383 2.407146077991259
27.90349999998032 4.089073582815474 -0.3415459293421547 6.109254048287271e-05 -0.08563317880637554 0.18804826697392116 0.016738248780038354 0.20730499510769695 2.4038881240556202
27.903999999980318 4.085810305584429 -0.32903435639762546 6.135921944022593e-05 -0.08508698703129555 0.1880410380536659 0.017074694117377318 0.20710087526026075 2.400622068753082
27.904499999980317 4.082554927089047 -0.3165069826448003 6.162638533043662e-05 -0.08454027452948919 0.1880343798448698 0.017411574298795626 0.20689888578899754 2.3973482454620862
27.904999999980316 4.079308077010328 -0.3039642884699911 6.189402577895425e-05 -0.08399306774622058 0.18802831755275218 0.017748873465172028 0.20669907145515312 2.3940670190204734
27.905499999980314 4.076070322690476 -0.2914067379277648 6.216212144050795e-05 -0.08344539362142121 0.18802287293948552 0.018086578307939753 0.20650147403817987 2.3907787609430065
27.905999999980313 4.072842278545538 -0.27883482928831593 6.243065392298691e-05 -0.08289728023726556 0.18801806992174586 0.018424673548849992 0.2063061372892623 2.3874838461849226
27.906499999980312 4.06962456058468 -0.266249037695056 6.269960681226866e-05 -0.08234875480279125 0.18801393276976114 0.018763144620018688 0.20611310470019667 2.3841826432816546
27.90699999998031 4.066417729142299 -0.2536498586452808 6.296896350484955e-05 -0.08179984440759165 0.18801048281846028 0.019101976393108126 0.20592241669342268 2.380875524077308
27.90749999998031 4.063222459333191 -0.2410377632402459 6.323870406566557e-05 -0.0812505772613734 0.18800774710755894 0.01944115453686496 0.20573411911370584 2.3775629160186043
27.90799999998031 4.060039254775901 -0.22841325537684343 6.350881433265577e-05 -0.08070097955263707 0.18800574430322137 0.01978066329514052 0.2055482489153316 2.3742451343669293
27.908499999980307 4.056868724261598 -0.21577682146828622 6.377927568770335e-05 -0.08015107918082769 0.18800449804870736 0.02012048815451061 0.20536484807282263 2.370922588673841
27.908999999980306 4.053711440685122 -0.20312895182189067 6.405007258896525e-05 -0.07960090276053451 0.1880040305014151 0.02046061354347819 0.20518395627252306 2.3675956686564135
27.909499999980305 4.050568012875486 -0.19047014802742618 6.432118525406378e-05 -0.07905047886069513 0.18800436508648977 0.02080102454830439 0.2050056148546632 2.364264770350347
27.909999999980304 4.047439024581302 -0.1778008873978365 6.45925955220973e-05 -0.07849983416238591 0.18800552453293967 0.021141706278239525 0.20482986345448562 2.360930277495034
27.910499999980303 4.044325059719079 -0.16512167652074028 6.486428580741725e-05 -0.07794899660221485 0.18800753111506097 0.02148264327108944 0.20465674137243955 2.3575925970451133
27.9109999999803 4.0412266992532 -0.15243292735106123 6.513623342891371e-05 -0.0773979912128258 0.18801040792031956 0.02182382327796292 0.20448628754176496 2.354252123458593
27.9114999999803 4.038144462984794 -0.13973515497385464 6.540842601560479e-05 -0.0768468453787037 0.18801417405365053 0.022165230991934213 0.20431853747191075 2.3509092133180602
27.9119999999803 4.035078996677161 -0.12702894863332131 6.568084844544875e-05 -0.0762955889207155 0.18801885448414812 0.022506846044124125 0.20415353205160075 2.3475643133177724
27.912499999980298 4.032030857002052 -0.11431480970100913 6.595347726596782e-05 -0.0757442508517788 0.1880244697503754 0.02284865492344944 0.2039913081330131 2.344217866737562
27.912999999980297 4.029000704871128 -0.1015931743682296 6.62262798075183e-05 -0.07519285991558669 0.18803104596175574 0.023190645922867764 0.20383190742883403 2.3408703170193945
27.913499999980296 4.025988959518333 -0.0888646143871294 6.649925957327332e-05 -0.07464144015047287 0.188038597933382 0.023532798220515752 0.2036753580887394 2.3375219991826115
27.913999999980295 4.022996262628738 -0.0761296190638701 6.677238993936026e-05 -0.07409002095546638 0.18804715056664242 0.02387509787007214 0.20352169992342453 2.3341733659036796
27.914499999980293 4.020023141950853 -0.06338872691707285 6.704565152754648e-05 -0.0735386308591745 0.1880567230136428 0.024217528681027906 0.20337096644970812 2.3308248407435626
27.914999999980292 4.017070211268736 -0.05064238640915374 6.731902514077267e-05 -0.07298729577629891 0.18806733972812265 0.024560076321594168 0.2032231949509518 2.3274768556092087
27.91549999998029 4.014137963192896 -0.037891160567174585 6.759249171222713e-05 -0.07243604473090443 0.1880790179361936 0.024902724015454847 0.20307841644914051 2.32412981429163
27.91599999998029 4.011226984355639 -0.025135549942135495 6.786603042086768e-05 -0.07188490544924815 0.18809178005612365 0.025245456246209153 0.20293666602466842 2.320784184818759
27.91649999998029 4.008337816365641 -0.01237609583344429 6.813962737138693e-05 -0.07133390572285751 0.18810564620491152 0.02558825579677758 0.20279797601200605 2.3174403750661594
27.916999999980288 4.005471019378052 0.0003867201114587937 6.841325715319384e-05 -0.07078307325280309 0.1881206374757461 0.02593110867958535 0.20266237958917102 2.3140988220231176
27.917499999980286 4.002627164295798 0.01315237059485986 6.868689434904618e-05 -0.07023243763519219 0.18813677495976316 0.026273999668110587 0.202529910005909 2.3107600164893
27.917999999980285 3.9998067477207906 0.025920312665865478 6.896052874574363e-05 -0.06968202493569034 0.18815407689065608 0.026616910322211307 0.20240059576200295 2.307424353331053
27.918499999980284 3.9970103037876212 0.03869000567540212 6.923413870349778e-05 -0.06913186410342868 0.18817256262931006 0.026959824595171655 0.20227446725451775 2.3040922626105
27.918999999980283 3.9942383404508397 0.0514609360464139 6.950770597052313e-05 -0.06858198212364955 0.18819225069855267 0.027302726659325212 0.2021515529943545 2.3007642402494373
27.91949999998028 3.991491446881784 0.06423256569898318 6.978120477868935e-05 -0.06803240868632607 0.18821316309887864 0.027645600177601634 0.2020318851184837 2.2974407291293613
27.91999999998028 3.988770082158519 0.07700436244105219 7.005461815571587e-05 -0.0674831709322783 0.18823531578446828 0.02798842919577737 0.20191548884719226 2.2941221572448036
27.92049999998028 3.986074815389081 0.0897757899308198 7.03279241130127e-05 -0.06693429760510229 0.1882587299597236 0.02833119702219775 0.20180239425400065 2.2908090071771436
27.92099999998028 3.9834061097854354 0.10254628697876204 7.060110631220169e-05 -0.06638581633258281 0.18828342161858241 0.02867388602884184 0.20169262556310605 2.287501745777526
27.921499999980277 3.9807644574378074 0.11531532979510843 7.08741424416841e-05 -0.06583775478082599 0.1883094082766461 0.02901648052398243 0.2015862082139535 2.284200791140821
27.921999999980276 3.978150421505796 0.12808236754302194 7.114701054001492e-05 -0.06529014222781405 0.18833671064467944 0.029358963518784097 0.20148317048201123 2.280906653772781
27.922499999980275 3.975564478909037 0.14084683580703858 7.141968920330294e-05 -0.06474300740562151 0.18836534509490796 0.029701317957599924 0.20138353589374325 2.27761980165489
27.922999999980274 3.9730070599792944 0.15360819942222753 7.169216229969493e-05 -0.06419637658114778 0.1883953263017648 0.030043527128785705 0.20128732513706635 2.2743406709623972
27.923499999980272 3.9704787512065365 0.16636590506113275 7.196439894940669e-05 -0.06365028083438673 0.18842667564014381 0.030385575090951918 0.20119456632001803 2.2710697841648932
27.92399999998027 3.9679799659018995 0.17911937723955343 7.223638908507906e-05 -0.06310474668405067 0.18845940683559417 0.030727443169053945 0.20110527800778785 2.267807583976605
27.92449999998027 3.9655111861922694 0.19186807094420874 7.250810694350953e-05 -0.06255980254852635 0.18849353656436793 0.031069114970193983 0.20101948195755664 2.2645545588285647
27.92499999998027 3.9630728762445724 0.20461140166869993 7.277953110702539e-05 -0.06201547775137192 0.18852908035414265 0.031410572938129336 0.20093719842829305 2.261311190893248
27.925499999980268 3.9606655083604854 0.21734883295379348 7.30506415854645e-05 -0.06147179962171428 0.18856605470824048 0.031751800601397755 0.20085844761521549 2.258077962972558
27.925999999980267 3.9582895069433315 0.23007975997633623 7.332141643684356e-05 -0.06092879729181911 0.18860447310490958 0.03209277930417132 0.20078324655726232 2.2548553595266405
27.926499999980265 3.9559450568384475 0.242804031796621 7.359182446792317e-05 -0.06038648357700532 0.1886443414441083 0.03243350777542867 0.20071160251539033 2.2516436744758663
27.926999999980264 3.9536331503876045 0.2555207119731429 7.386184686302558e-05 -0.059844903860976045 0.18868569808420876 0.032773953506588675 0.20064355760429162 2.248443540618259
27.927499999980263 3.9513539139066367 0.26822906986135353 7.413147358146423e-05 -0.05930408858156053 0.18872854025269054 0.0331140952034071 0.2005791118973791 2.2452556081983497
27.927999999980262 3.9491079319633577 0.28092852234234106 7.44006774130466e-05 -0.058764067978111276 0.18877288947590068 0.03345391444090133 0.20051828813810435 2.2420803436128507
27.92849999998026 3.946895593301017 0.2936185614842244 7.466943273980409e-05 -0.05822486871954401 0.18881875813144428 0.03379339718158138 0.20046109959985028 2.238918236472872
27.92899999998026 3.9447171945235815 0.30629870437803913 7.49377188949497e-05 -0.057686513886758904 0.18886615476168744 0.03413252880907158 0.20040755430316243 2.2357697090872533
27.92949999998026 3.9425731177961736 0.31896826108193754 7.520552614741013e-05 -0.05714903307258433 0.18891509044620608 0.03447128663613232 0.2003576626480254 2.2326352434189123
27.929999999980257 3.9404638290390235 0.33162665392494545 7.547282069945727e-05 -0.056612457214889125 0.1889655802156895 0.03480965481089792 0.20031143972877263 2.2295154050744186
27.930499999980256 3.9383895854187885 0.34427338176156397 7.573958542312078e-05 -0.05607680880615753 0.18901763077659353 0.0351476176171194 0.2002688898816744 2.226410620507877
27.930999999980255 3.936350921555512 0.3569077231403518 7.600579629719889e-05 -0.05554212313734973 0.1890712594041557 0.03548515336508211 0.2002300294277096 2.2233214834294572
27.931499999980254 3.934348122899695 0.3695291133308394 7.627143153598406e-05 -0.055008426170492744 0.18912647322592888 0.03582224508151266 0.2001948627395631 2.22024844114326
27.931999999980253 3.9323816309138038 0.38213695129071534 7.65364661740296e-05 -0.054475747658944564 0.18918328632317746 0.036158874840440176 0.20016340109212016 2.2171920647238763
27.93249999998025 3.9304517362116664 0.39473071144530086 7.680087664510417e-05 -0.05394411299941132 0.1892417062505283 0.03649502774556512 0.20013564840391146 2.2141528236831274
27.93299999998025 3.928558811263236 0.40730965693387033 7.706464650871743e-05 -0.05341355402917873 0.1893017428323652 0.03683068010464649 0.20011161033375782 2.2111312537059122
27.93349999998025 3.926703122625297 0.4198731902069666 7.732776000617242e-05 -0.05288409660929298 0.1893634021449662 0.03716581314560004 0.2000912876985674 2.208127848179276
27.933999999980248 3.924884982532584 0.4324207829538124 7.759018817709243e-05 -0.05235576755133226 0.18942669246846808 0.03750041276547259 0.2000746839882886 2.205143058209253
27.934499999980247 3.9231048739352907 0.4449517083344326 7.785190037948485e-05 -0.051828601598029 0.18949162851149404 0.03783445693499239 0.20006180882694993 2.202177549714274
27.934999999980246 3.9213630439853633 0.45746539304085254 7.811287887434688e-05 -0.05130262409930543 0.18955821549433705 0.038167928212825726 0.20005266067946104 2.1992317734839313
27.935499999980244 3.9196598161458525 0.46996120382031464 7.837309779435775e-05 -0.05077786473252572 0.18962646132985267 0.0385008083555815 0.20004724098899743 2.1963062972831238
27.935999999980243 3.917995429396835 0.4824384932512033 7.86325378976931e-05 -0.05025435140782209 0.18969637004337953 0.038833077760411464 0.20004554624235404 2.193401595862029
27.936499999980242 3.9163702183569296 0.49489661734708457 7.88911776138468e-05 -0.049732113300840125 0.1897679502629481 0.039164716815881316 0.20004757705015203 2.1905182283579627
27.93699999998024 3.914784442294084 0.5073349515965241 7.914899206790699e-05 -0.04921117832778643 0.189841207074432 0.03949570690333047 0.20005332998898157 2.1876567329520515
27.93749999998024 3.9132383298930944 0.519752831429786 7.940596272514307e-05 -0.04869157515194017 0.1899161436978339 0.03982602844592246 0.2000627993146371 2.184817565306221
27.93799999998024 3.91173217012492 0.5321496343917662 7.966206715678562e-05 -0.0481733311758071 0.18999276690346045 0.040155661973586596 0.20007598181876704 2.182001317948537
27.938499999980237 3.91026621192943 0.5445247009374736 7.991727746865562e-05 -0.04765647668812106 0.190071080505549 0.04048458926847817 0.20009287189480213 2.179208491380935
27.938999999980236 3.908840804264047 0.5568776618493478 8.017156700703665e-05 -0.0471410325046153 0.19015109654293152 0.04081280050657862 0.20011347067918805 2.1764395012565108
27.939499999980235 3.907455988493196 0.5692074643156679 8.042492104764215e-05 -0.046627036917659105 0.1902328052829301 0.04114026236914135 0.2001377574705376 2.173695049415585
27.939999999980234 3.906112088712366 0.5815135648965831 8.067731330918746e-05 -0.04611451647962648 0.19031621563759596 0.04146695964575139 0.2001657296018178 2.170975636821461
27.940499999980233 3.904808908609936 0.5937954002524974 8.0928740082968e-05 -0.045603488793849796 0.19040131193603307 0.0417928750815554 0.20019735808625408 2.1682814910095427
27.94099999998023 3.9035471717472547 0.6060522149400986 8.117915014175834e-05 -0.04509399526464247 0.19048811943949906 0.04211798742184134 0.20023265697930204 2.1656135632021103
27.94149999998023 3.902326919485448 0.618283355441466 8.142852326880235e-05 -0.04458606218109788 0.1905766321783371 0.04244227800057595 0.2002716071617045 2.162972243015026
27.94199999998023 3.901148308443288 0.6304881410191664 8.167685134347855e-05 -0.044079715353328164 0.1906668504816023 0.042765724610921436 0.20031419415433668 2.1603580303222127
27.942499999980228 3.90001160849247 0.6426658651732758 8.192409725982938e-05 -0.04357498824364724 0.19075877822021906 0.04308830852774813 0.20036040876452396 2.157771529620183
27.942999999980227 3.898916791089225 0.6548159226958473 8.217024878883322e-05 -0.043071902452216454 0.19085240725556826 0.04341001100597069 0.20041022726307417 2.1552131750277557
27.943499999980226 3.8978640913252542 0.6669376380613888 8.241527909890457e-05 -0.04257048804377776 0.19094774070643883 0.04373081276390242 0.20046363789518115 2.1526834989017236
27.943999999980225 3.8968535728508984 0.6790303156048999 8.265916760880959e-05 -0.042070772316351826 0.1910447735011505 0.04405069320877329 0.20052061973167168 2.1501830296543454
27.944499999980223 3.8958854174069724 0.69109328340954 8.290189143705259e-05 -0.04157278392400562 0.191143506349914 0.04436963286429695 0.20058115739880497 2.1477122968762923
27.944999999980222 3.8949597479986457 0.7031258509350677 8.314342311731655e-05 -0.04107655214390383 0.19124393672651274 0.04468761239759167 0.20064523211998497 2.145271828606138
27.94549999998022 3.8940766358031684 0.7151273662307263 8.338374255453096e-05 -0.040582102888700886 0.19134606036037155 0.04500461267173777 0.20071282234086887 2.1428621150014604
27.94599999998022 3.8932361574362044 0.7270971196004457 8.362282756652619e-05 -0.04008946440218812 0.1914498725720714 0.0453206128910988 0.20078390577120844 2.140483693591496
27.94649999998022 3.892438403861939 0.7390344141753504 8.386065832983538e-05 -0.03959866471962515 0.19155536953085917 0.045635592850834225 0.20085846055998838 2.1381370255651886
27.946999999980218 3.8916834980103614 0.7509386087366593 8.409720780000159e-05 -0.03910973077683657 0.19166254934894625 0.04594953408123617 0.2009364664431436 2.1358226990016806
27.947499999980217 3.890971424446187 0.7628089584774549 8.433245938351807e-05 -0.03862269043483492 0.19177140264705553 0.04626241479612907 0.20101789500542802 2.13354116932801
27.947999999980215 3.8903022596882897 0.7746448117698908 8.456638442396501e-05 -0.038137571298101025 0.19188192490644043 0.046574217327195 0.2011027229302462 2.131292945345595
27.948499999980214 3.8896760252084794 0.7864454505492156 8.479896516525289e-05 -0.03765440042426592 0.19199410894772034 0.0468849201548269 0.2011909229559439 2.1290785270681862
27.948999999980213 3.889092962769094 0.7982099455480575 8.503017842000058e-05 -0.03717321591360319 0.19210795566782438 0.04719449529380741 0.20128247563627427 2.1268985586318703
27.949499999980212 3.888552787773495 0.8099379511010205 8.525999945307075e-05 -0.03669402994828103 0.19222344637106037 0.04750293573361001 0.2013773424989136 2.124753310692504
27.94999999998021 3.8880553972285563 0.8216287733522596 8.548841494355993e-05 -0.03621686608465784 0.1923405684312911 0.047810220291803984 0.20147548937232299 2.1226431128815664
27.95049999998021 3.887601066133909 0.8332815881491198 8.571539095973925e-05 -0.03574176232394681 0.19245932450571773 0.048116326911268395 0.20157689867306403 2.1205687985461177
27.95099999998021 3.887189635610456 0.8448958132328456 8.594091275662272e-05 -0.03526873783501026 0.19257970034849684 0.04842123826618124 0.20168153403329173 2.118530617066148
27.951499999980207 3.8868210974756954 0.8564706591778719 8.616496097352803e-05 -0.03479782283258588 0.19270168621176087 0.04872493161825265 0.2017893637037081 2.1165291505999417
27.951999999980206 3.886495484226103 0.8680054258967207 8.638751082208675e-05 -0.03432904518484776 0.19282527515847522 0.04902738730446922 0.20190035856616853 2.1145648862998656
27.952499999980205 3.886212567864633 0.8794994214811774 8.660854479072151e-05 -0.03386242833854152 0.19295044800661854 0.04932858591515883 0.20201447677660844 2.1126381833651093
27.952999999980204 3.885972311583898 0.8909519345967755 8.68280435620913e-05 -0.03339799898211303 0.19307719453445382 0.049628507064663915 0.20213168504411164 2.1107495414036666
27.953499999980203 3.8857749603775185 0.9023622335056674 8.704597371070268e-05 -0.03293579038994805 0.19320551737587457 0.049927130819315484 0.20225196321652605 2.108899561529066
27.9539999999802 3.885620114867879 0.9137296867777084 8.726233007133644e-05 -0.032475819790744404 0.1933353902046734 0.050224438576903 0.2023752608572484 2.1070884879521143
27.9544999999802 3.88550777672243 0.9250535879657911 8.747707848577708e-05 -0.03201811689747795 0.1934668039653272 0.05052041231412742 0.2025015459363418 2.105316866775679
27.9549999999802 3.8854378254990722 0.9363332508759642 8.769020272333634e-05 -0.03156270602826858 0.19359974476892264 0.05081503233149281 0.20263078023160633 2.1035850736080617
27.955499999980198 3.885410144314405 0.9475679719924375 8.790168519968502e-05 -0.031109612603315254 0.19373419866485214 0.051108278771687714 0.20276292532819037 2.101893546037201
27.955999999980197 3.8854246009498543 0.9587570510995991 8.811150541979706e-05 -0.030658862079978196 0.19387015081197373 0.05140013223032743 0.20289794181605614 2.10024267552503
27.956499999980196 3.8854810056007976 0.9698998735434874 8.831963953523698e-05 -0.030210476849199818 0.19400758433907417 0.05169057665412164 0.20303578848906081 2.0986328568084023
27.956999999980194 3.885579006611864 0.9809960514366103 8.852606424681539e-05 -0.02976446992118527 0.19414647676994862 0.05197960426976989 0.203176419330382 2.097064314695732
27.957499999980193 3.8857188922509027 0.9920442960112186 8.873077010730488e-05 -0.029320889939824554 0.1942868281902373 0.05226717369330348 0.2033198063174664 2.0955377820907612
27.957999999980192 3.885900276692272 1.003044123126346 8.893373577879939e-05 -0.028879752368723775 0.1944286135392227 0.05255327380231768 0.20346589996115955 2.0940534809925424
27.95849999998019 3.8861231738708395 1.0139947692535152 8.913493058899366e-05 -0.02844108767208888 0.1945718241100799 0.052837883485669625 0.20361466581938667 2.0926119828728247
27.95899999998019 3.8863870592972702 1.024895670836313 8.933435643685817e-05 -0.028004909602754022 0.19471642819846435 0.05312098740738451 0.2037660464242305 2.0912133407350866
27.95949999998019 3.8866919488825062 1.0357461602111186 8.953197782860097e-05 -0.027571246704531056 0.19486241781369268 0.05340256891219107 0.20392000855105308 2.089858013374494
27.959999999980187 3.8870374857205094 1.0465455238472416 8.972778907962448e-05 -0.02714012008081876 0.19500976764685976 0.05368260716934911 0.20407650013703718 2.0885463321075566
27.960499999980186 3.8874235510595767 1.0572930940605805 8.992176640365073e-05 -0.0267115550949995 0.19515846367663447 0.053961084726928246 0.2042354812101075 2.0872786629036844
27.960999999980185 3.8878492895577677 1.0679876043914742 9.011391529104038e-05 -0.026285583286106376 0.19530845092644325 0.05423796252406707 0.20439686756587008 2.086055396358828
27.961499999980184 3.888315661702792 1.078628938788778 9.030417534350864e-05 -0.025862230206638318 0.19545977237746517 0.054513242256391405 0.20456067840720432 2.0848769841452826
27.961999999980183 3.8888215782518665 1.0892166311083193 9.049255670656931e-05 -0.025441498343957168 0.1956123699703137 0.054786912966045424 0.2047268300827654 2.083743293710154
27.96249999998018 3.889366945636723 1.0997498371919365 9.067903692643246e-05 -0.02502341913545035 0.195766229070812 0.05505895113700778 0.20489528069270282 2.0826547823492145
27.96299999998018 3.8899515237873827 1.1102278862562076 9.086360204302706e-05 -0.024608015006750417 0.1959213301604759 0.05532933822001944 0.20506598372789173 2.081611738547737
27.96349999998018 3.8905750465549054 1.1206501172794954 9.104623107451447e-05 -0.024195309113602008 0.19607765212176462 0.055598057319910014 0.2052388915932711 2.0806144236338455
27.963999999980178 3.8912372083124467 1.1310158079433743 9.122690466870588e-05 -0.02378532565277144 0.1962351714221463 0.055865089425400125 0.2054139538492833 2.079663222490931
27.964499999980177 3.8919376496009854 1.1413244199415256 9.140562224112719e-05 -0.02337807990111502 0.1963938645231357 0.05613041965020994 0.20559112007162025 2.078758110842004
27.964999999980176 3.892676134753102 1.1515752259278147 9.158236247989323e-05 -0.022973597509143368 0.19655371113626094 0.05639402881621288 0.20577034293131913 2.0778994892908456
27.965499999980175 3.893452185536921 1.1617676603520348 9.175711439228564e-05 -0.022571894454934044 0.19671468124026473 0.05665590276777225 0.2059515660371994 2.077087433018643
27.965999999980173 3.8942656040308847 1.1719009794842772 9.192985927798528e-05 -0.02217299761290062 0.19687675614091837 0.05691602204565959 0.2061347435470652 2.076322250126808
27.966499999980172 3.89511576530116 1.1819744186865502 9.210059310987888e-05 -0.021776926177149068 0.1970398971135896 0.05717436503125037 0.20631980899803498 2.075604113166491
27.96699999998017 3.896002686208596 1.1919875047358692 9.226928744167643e-05 -0.021383702861091942 0.19720409801011948 0.05743092214034685 0.206506730732746 2.074933223542363
27.96749999998017 3.896925924354564 1.2019395858098947 9.243594052301115e-05 -0.020993345014656543 0.19736933035038348 0.05768567474202669 0.20669545270350315 2.0743097016991583
27.96799999998017 3.897885386219657 1.2118295313976981 9.260053823632419e-05 -0.020605893027963937 0.19753557671419641 0.05793858951296478 0.2068859276268976 2.0737339857595956
27.968499999980168 3.8988801478282484 1.2216575693012515 9.27630664275128e-05 -0.0202213316135347 0.19770279341871225 0.05818968070539478 0.20707809087004436 2.0732057007243583
27.968999999980166 3.8999100956681727 1.2314226930479435 9.292351221746968e-05 -0.01983969636523855 0.19787096351823463 0.05843891881617902 0.20727189628095596 2.0727252051796077
27.969499999980165 3.9009748463131215 1.24112434053932 9.308186651011706e-05 -0.019461004446629127 0.19804006163155186 0.058686289848892834 0.20746729217235385 2.072292590013152
27.969999999980164 3.9020739407296974 1.2507618620961003 9.323812012425821e-05 -0.019085275175932444 0.19821005774169276 0.05893177730491212 0.20766422199026485 2.071907919867023
27.970499999980163 3.9032070356915853 1.2603346824334496 9.339225865837127e-05 -0.01871252711356394 0.19838092811332275 0.0591753668009294 0.2078626357624278 2.071571309799535
27.97099999998016 3.9043736688122217 1.2698421997481675 9.354427291313172e-05 -0.018342778232867625 0.19855264300087216 0.05941704381788754 0.20806247776086087 2.0712827692755247
27.97149999998016 3.9055734434352303 1.2792837772550611 9.369415693305887e-05 -0.01797604720466562 0.19872517585277824 0.05965679103102099 0.20826369464441205 2.071042384218772
27.97199999998016 3.9068059802961104 1.2886588688503853 9.384189789288468e-05 -0.01761235164864055 0.19889850135587211 0.05989459590888321 0.20846623561453698 2.0708501924759646
27.97249999998016 3.9080707679820668 1.2979668588808144 9.398748936221657e-05 -0.01725170846373434 0.19907258751007031 0.06013044255985513 0.20867004256796498 2.0707062011289104
27.972999999980157 3.909367362793387 1.3072072013391165 9.413092478133232e-05 -0.016894133463905146 0.1992474062000677 0.060364317711326124 0.20887506188079258 2.0706103801666624
27.973499999980156 3.910695404569904 1.3163793078026085 9.427219248994359e-05 -0.016539645750846155 0.19942293269835923 0.060596207203535986 0.20908124328842045 2.0705627293384268
27.973999999980155 3.9120543824560885 1.3254825838403808 9.441128762776686e-05 -0.01618826141490146 0.19959913526661818 0.060826095816204434 0.20928852940154416 2.0705632853335714
27.974499999980154 3.913443730587378 1.3345167497915966 9.454819664480378e-05 -0.015839987086405626 0.1997759822466784 0.06105398046575321 0.20949686585778612 2.0706118015614026
27.974999999980152 3.914863177551199 1.3434808383439623 9.468292335961591e-05 -0.015494853214389145 0.19995345003665518 0.06127983227734741 0.20970620043679314 2.070708464389629
27.97549999998015 3.916312202650462 1.352374439918468 9.481545898784618e-05 -0.015152870612245222 0.2001315080463277 0.06150364312751465 0.20991647891160298 2.0708531175198415
27.97599999998015 3.9177902798310074 1.3611970276459595 9.494579681270355e-05 -0.014814053602412194 0.20031012431497877 0.06172540081970225 0.2101276450007716 2.071045637675143
27.97649999998015 3.919296979226715 1.3699480501490267 9.507393263202456e-05 -0.014478418132150075 0.20048927145724926 0.061945091725262316 0.21033964664304045 2.0712859617528823
27.976999999980148 3.9208318328013885 1.3786269542598109 9.519986011206873e-05 -0.014145980240400534 0.2006689200226457 0.06216270273695272 0.21055243012508673 2.07157398802054
27.977499999980147 3.922394361653134 1.3872332859666805 9.53235687876947e-05 -0.013816752296964094 0.20084904116655472 0.062378223840808426 0.21076594314806663 2.071909412266015
27.977999999980145 3.9239841094002337 1.3957664518683748 9.544506189724169e-05 -0.01349075123067151 0.20102960578738802 0.06259164005271835 0.2109801321837901 2.0722923269782845
27.978499999980144 3.925600447112536 1.4042259415448437 9.556434088014355e-05 -0.013167988652419835 0.20121057736286257 0.06280293951581144 0.2111949373912013 2.0727224430741202
27.978999999980143 3.9272429743619335 1.412611250168806 9.568139712646367e-05 -0.012848480051484616 0.20139193021660676 0.06301211056338449 0.21141030976197966 2.0731996529214953
27.979499999980142 3.9289111466542477 1.4209218728558857 9.57962323832951e-05 -0.012532237959535557 0.20157363201388437 0.06321914131079971 0.21162619388822868 2.073723731319308
27.97999999998014 3.9306044552869777 1.4291573381426093 9.590884287816209e-05 -0.01221927495775952 0.20175565226068287 0.06342402129452596 0.21184253675028394 2.0742944787291453
27.98049999998014 3.932322371015177 1.437317155238968 9.60192265244027e-05 -0.01190960381851048 0.20193795936772188 0.06362673937358823 0.21205928430518692 2.0749116596880413
27.98099999998014 3.934064434084292 1.4454008384834474 9.612738218435035e-05 -0.01160323790857179 0.2021205251889086 0.06382728429530793 0.21227638599975557 2.0755750853627544
27.981499999980137 3.935830074607658 1.453407927359045 9.623330876458055e-05 -0.011300188550756304 0.20230331645653643 0.06402564618266773 0.2124937869202399 2.076284432750449
27.981999999980136 3.93761895465301 1.4613376771819149 9.633700726476038e-05 -0.011000479017498396 0.20248630832893713 0.06422180460982385 0.21271143783689256 2.0770396375300844
27.982499999980135 3.939430374275583 1.469189878489813 9.643847774492301e-05 -0.010704110241016288 0.20266946394148502 0.06441575799848731 0.21292928278867707 2.0778402771393547
27.982999999980134 3.941263709120771 1.4769642724946541 9.653772136521661e-05 -0.01041108598108231 0.2028527495071856 0.06460750317606868 0.21314726871479306 2.078685903521093
27.983499999980133 3.9431184769257817 1.484660319654223 9.663474101501734e-05 -0.01012142057367291 0.20303613542093776 0.06479702677292676 0.21336534423310158 2.0795762800539874
27.98399999998013 3.9449942698150124 1.492277468173071 9.672953086179434e-05 -0.009835131112870876 0.2032195951475892 0.06498431600270964 0.21358346139693832 2.080511198209209
27.98449999998013 3.9468905173149182 1.4998153535320635 9.682209677910013e-05 -0.009552224912999584 0.20340309663372622 0.06516936344567281 0.21380156840606127 2.08149027698117
27.98499999998013 3.9488066742177534 1.507273555116158 9.69124388633403e-05 -0.009272712307669708 0.20358660824306452 0.06535216055063331 0.21401961390978066 2.082513157293737
27.985499999980128 3.9507422038491944 1.514651656428831 9.700055880615185e-05 -0.008996603358745131 0.20377009883203534 0.06553269861628745 0.2142375472179076 2.083579510286142
27.985999999980127 3.9526965364265845 1.5219492644237331 9.708646260114157e-05 -0.00872390617243051 0.20395353615190812 0.0657109691841159 0.2144553168352067 2.0846888930878844
27.986499999980126 3.954669214771725 1.5291659807951885 9.717014734231843e-05 -0.008454631957082431 0.204136892911441 0.06588696459545511 0.21467287661153098 2.0858410093677446
27.986999999980124 3.956659622211189 1.5363014077863189 9.725162189790353e-05 -0.008188788158071468 0.20432013461497142 0.06606067624586939 0.21489017335988023 2.087035405204065
27.987499999980123 3.9586672334513224 1.543355153178889 9.733089169453997e-05 -0.007926383596267988 0.20450323114111138 0.0662320956672111 0.21510715841305844 2.088271657240203
27.987999999980122 3.9606915108699403 1.5503268551776554 9.74079576644223e-05 -0.007667427003339236 0.20468615175191954 0.06640121660641028 0.21532378345801187 2.0895493524388375
27.98849999998012 3.962731966834977 1.5572161676794571 9.748282210984481e-05 -0.0074119264556102415 0.20486886852603112 0.0665680322759399 0.21554000293683345 2.0908680992705673
27.98899999998012 3.9647879838992015 1.5640227376096616 9.755549269635568e-05 -0.007159888363415279 0.20505134727979532 0.06673253595815773 0.21575576557311882 2.0922273596350895
27.98949999998012 3.9668591145344614 1.5707462630689564 9.7625970630012e-05 -0.006911319637821699 0.2052335625861327 0.06689472206137265 0.21597102905389992 2.093626812806275
27.989999999980117 3.968944753654113 1.5773863392918988 9.769426467330479e-05 -0.006666229021749966 0.20541548015593525 0.06705458264865208 0.21618574224783826 2.0950657933654036
27.990499999980116 3.971044321473345 1.5839427167102533 9.776038358718168e-05 -0.006424619184565765 0.20559706895462548 0.06721211349418586 0.21639985835197545 2.0965438685867452
27.990999999980115 3.9731573357659595 1.590414859002295 9.782433251851754e-05 -0.0061865051205991246 0.20577829919850146 0.06736730225877333 0.21661332987667245 2.098060625084595
27.991499999980114 3.9752832440748707 1.596802648228652 9.788611632510817e-05 -0.005951886234232333 0.20595914230650045 0.06752014972090796 0.21682611435827645 2.0996155436006636
27.991999999980113 3.977421476386271 1.6031057565181894 9.794574258232787e-05 -0.005720768694039819 0.20613956662980468 0.06767064985483462 0.21703816479262356 2.101208087770721
27.99249999998011 3.9795714774189452 1.6093238540761448 9.800321808527867e-05 -0.005493159052908954 0.20631954123782248 0.06781879667471377 0.21724943515547343 2.1028377177735154
27.99299999998011 3.981732827148006 1.6154566842065927 9.805854926386244e-05 -0.005269063268032673 0.20649904247927878 0.0679645864020709 0.21745988728357715 2.1045039657061766
27.99349999998011 3.983904827014488 1.6215040414684645 9.811174754075648e-05 -0.00504848141081508 0.20667803384671254 0.06810801712983901 0.217669471531165 2.106206156059667
27.993999999980108 3.9860869830339842 1.6274655372409756 9.816282048822505e-05 -0.004831422043098521 0.20685648698655654 0.06824907992498049 0.2178781442870862 2.107943793805352
27.994499999980107 3.988278705595029 1.6333409753376835 9.821178128506194e-05 -0.004617885846285533 0.20703437100820415 0.0683877724369986 0.2180858616860496 2.1097162657503112
27.994999999980106 3.990479516793611 1.6391300333030787 9.825863224475103e-05 -0.004407881021458248 0.20721165844290063 0.06852408959960114 0.21829258270772922 2.111523088568108
27.995499999980105 3.9926888598262007 1.6448324749772554 9.830338557861924e-05 -0.004201410118106827 0.2073883195526941 0.06865802774869373 0.21849826477162532 2.1133636499684405
27.995999999980103 3.994906236541551 1.6504480661753678 9.83460486663997e-05 -0.003998477136101681 0.2075643271511409 0.06878958380439178 0.21870286821414853 2.1152373906952513
27.996499999980102 3.997131059939545 1.6559764426528634 9.838663203385372e-05 -0.003799088961495851 0.20773964852641244 0.06891875038009836 0.2189063471002361 2.117143762975975
27.9969999999801 3.9993628695123293 1.6614175601415795 9.842514590982752e-05 -0.0036032432225070483 0.2079142605010388 0.06904553011759562 0.21910866781264993 2.119082086396272
27.9974999999801 4.001601075702714 1.6667711608419746 9.846160099980147e-05 -0.00341094292352046 0.20808813145110117 0.06916991876925505 0.21930978693387948 2.121051743783042
27.9979999999801 4.003845181355921 1.672037018857483 9.84960098125108e-05 -0.003222191041148615 0.20826123457991064 0.0692919129374558 0.21950966617073195 2.1230521466515277
27.998499999980098 4.0060945649985165 1.6772150114091047 9.85283893978768e-05 -0.0030369848835397626 0.20843353839108922 0.06941151231502202 0.21970826394396492 2.1250825919976783
27.998999999980096 4.008348807245531 1.6823048411168382 9.855873849489154e-05 -0.0028553330710582433 0.20860501840580922 0.06952871289124998 0.2199055446034696 2.127142559178524
27.999499999980095 4.010607387843658 1.687306395509123 9.85870733233444e-05 -0.00267723386098785 0.20877564811075197 0.06964351439502856 0.22010147187718102 2.129231285768306
27.999999999980094 4.012869757598844 1.692219509209967 9.861340457441624e-05 -0.002502687649954799 0.20894539879030044 0.06975591559560687 0.22029600741205535 2.131348269835104
