#time drag lift perp forcex forcey forcez forces dp
26.000499999984754 4.447544978643632 -1.7712684449569238 7.548421860817157e-07 -0.14806569197542502 0.1880748672376792 -0.021125156772460026 0.24029539545170878 2.6939639190105837
26.000999999984753 4.4475305009915544 -1.7650979888499618 7.572784454297514e-07 -0.14781728735547203 0.1881497851970359 -0.020967654339966422 0.24018729075315634 2.694036978693032
26.001499999984752 4.4474713959199 -1.7588466255918191 7.597804817205325e-07 -0.1475650091522272 0.1882235166402525 -0.02080793756618625 0.24007601797821998 2.6940722402098665
26.00199999998475 4.447367680078064 -1.752514802489756 7.623481515349273e-07 -0.14730887589145458 0.18829605670507357 -0.020646017326315103 0.23996159675773696 2.6940697863001883
26.00249999998475 4.447219433320028 -1.7461029678567055 7.649812318971591e-07 -0.1470489072053422 0.18836740352113512 -0.020481904541451927 0.23984404981826138 2.694029797011588
26.00299999998475 4.4470267541164885 -1.7396115559344376 7.67679434738603e-07 -0.14678512257952991 0.18843755620131142 -0.020315609752909473 0.23972340060461875 2.693952412544534
26.003499999984747 4.446789673735302 -1.7330410207062923 7.704426335418144e-07 -0.14651754096458555 0.18850651057297532 -0.02014714404494253 0.2395996697657906 2.693837746704454
26.003999999984746 4.446508284574833 -1.7263918260668638 7.732705511314725e-07 -0.14624618287707056 0.1885742651189823 -0.019976518758310496 0.2394728810804658 2.6936859776802944
26.004499999984745 4.446182672914935 -1.7196643995583347 7.76162906498638e-07 -0.1459710676817934 0.18864081843743252 -0.01980374383426297 0.23934305766150854 2.6934972467001495
26.004999999984744 4.445812917129903 -1.7128592120407142 7.7911953582051e-07 -0.14569221542823174 0.18870616843852778 -0.019628831206823946 0.23921022272821513 2.6932716599955606
26.005499999984742 4.445399085746069 -1.7059766952387654 7.821401941475374e-07 -0.14540964516936195 0.18877031287217994 -0.01945179113408515 0.2390743986889113 2.6930093939028947
26.00599999998474 4.44494130678117 -1.699017322041367 7.8522463739766e-07 -0.14512337813789813 0.1888332519407394 -0.019272635306681322 0.23893561139422995 2.6927105950049826
26.00649999998474 4.4444397200792105 -1.6919815410187902 7.883725543110724e-07 -0.1448334351735877 0.18889498656729464 -0.019091374450500364 0.23879388700896317 2.692375442713984
26.00699999998474 4.443894368954082 -1.68486982982648 7.915838357639772e-07 -0.14453983598875259 0.18895551298932836 -0.0189080206787553 0.23864924747986108 2.6920040314815354
26.007499999984738 4.443305406598134 -1.677682626785941 7.948581235994745e-07 -0.1442426014755893 0.18901483285351867 -0.018722584243545604 0.23850171965804762 2.6915965521238587
26.007999999984737 4.442672936627469 -1.6704204027384466 7.981952023365661e-07 -0.14394175233345607 0.18907294524021165 -0.018535076847346434 0.2383513284216623 2.691153148486996
26.008499999984735 4.441997118999444 -1.6630836025482236 8.01594786352814e-07 -0.143637309432574 0.1891298521859669 -0.018345509220482684 0.2381981010786474 2.690673990260371
26.008999999984734 4.441278077008597 -1.655672695770141 8.050566486232404e-07 -0.14332929375467449 0.1891855537445348 -0.01815389300604064 0.23804206356254518 2.6901592189123598
26.009499999984733 4.4405159449193 -1.6481881563496055 8.085805128806314e-07 -0.14301772688224024 0.18924005036558017 -0.017960239735075295 0.23788324252933782 2.6896090011773532
26.009999999984732 4.439710858278679 -1.6406304296693572 8.121661457389273e-07 -0.1427026290046487 0.18929334302045475 -0.017764560491214436 0.2377216642339187 2.6890234816133587
26.01049999998473 4.438863011217006 -1.6329999898801193 8.158132151858806e-07 -0.1423840228024218 0.18934543496115583 -0.017566866640887198 0.23755735832343433 2.6884028322940545
26.01099999998473 4.437972505200745 -1.6252972958363334 8.195215161633567e-07 -0.1420619283261209 0.18939632544350302 -0.01736716980415903 0.23739034975803824 2.687747207796919
26.01149999998473 4.437039547886128 -1.6175228203732297 8.232907198860338e-07 -0.14173636844537207 0.18944601838234976 -0.01716548123739821 0.2372206689289939 2.687056778689266
26.011999999984727 4.43606429172635 -1.6096770394466091 8.271206311554994e-07 -0.14140736453898578 0.18949451529702724 -0.01696181305237606 0.23704834354101836 2.686331676717776
26.012499999984726 4.435046921994142 -1.6017604176381854 8.310109004281581e-07 -0.14107493875179444 0.18954181917367044 -0.01675617650226048 0.23687340291907372 2.6855721122743494
26.012999999984725 4.433987622812799 -1.5937734017267329 8.349612491531128e-07 -0.14073911230849778 0.18958793324304937 -0.016548582443108216 0.23669587606384537 2.684778220528659
26.013499999984724 4.432886537233346 -1.5857164866513127 8.389714583222116e-07 -0.1403999072858399 0.18963285831736706 -0.016339043424774814 0.23651579071919007 2.6839501365070504
26.013999999984723 4.431743900693954 -1.5775901339764804 8.43041187171701e-07 -0.14005734633256617 0.18967659989125255 -0.016127570742272716 0.23633317868228682 2.683088074445693
26.01449999998472 4.430559890481556 -1.569394798574587 8.471701857896911e-07 -0.13971145073515434 0.18971916083362841 -0.015914175595849706 0.2361480688865212 2.682192152936387
26.01499999998472 4.429334718921442 -1.5611309673245493 8.513581383476157e-07 -0.1393622436423601 0.18976054526589617 -0.01569887007332189 0.23596049248597067 2.6812625606230824
26.01549999998472 4.428068598445453 -1.5527991046417855 8.556047692255325e-07 -0.13900974719080972 0.18980075766988147 -0.0154816657621892 0.23577048034240003 2.6802994718351654
26.015999999984718 4.426761731693195 -1.5443996965394242 8.5990978096479e-07 -0.13865398426796843 0.1898398017582781 -0.015262574795025968 0.23557806322826014 2.6793030299678593
26.016499999984717 4.42541435670066 -1.53593319454609 8.642728664965938e-07 -0.13829497708181823 0.18987768332870714 -0.01504160822169485 0.23538327317426863 2.6782734180684447
26.016999999984716 4.424026655682441 -1.5274000786656163 8.686937885156683e-07 -0.1379327477794088 0.18991440525756284 -0.014818778151686574 0.23518613994073018 2.677210762803763
26.017499999984715 4.422598919592875 -1.5188008153638108 8.731721426630544e-07 -0.13756732010091635 0.189949975675966 -0.014594096049032444 0.23498669847150164 2.676115275464647
26.017999999984713 4.421131358679247 -1.5101358905736637 8.77707675137191e-07 -0.1371987168915106 0.1899843987248619 -0.014367574138563528 0.23478498006080223 2.67498711591227
26.018499999984712 4.41962420129695 -1.5014057571384853 8.823001127563987e-07 -0.13682695993564775 0.19001767984942408 -0.01413922388099309 0.23458101643685159 2.6738264221068784
26.01899999998471 4.418077697569753 -1.492610912481205 8.869491220154666e-07 -0.13645207342981852 0.19004982488258784 -0.013909057575536676 0.23437484114946824 2.6726333793385937
26.01949999998471 4.416492109677579 -1.4837518165986698 8.916543973959032e-07 -0.1360740800060853 0.19008084080145318 -0.013677086857361345 0.2341664877692658 2.6714081542426342
26.01999999998471 4.414867730178289 -1.4748289408432678 8.964155769982732e-07 -0.13569300359164574 0.19011073576363047 -0.013443323226783646 0.233955991621696 2.670150917649378
26.020499999984708 4.413204776822514 -1.4658427510271608 9.012324062670743e-07 -0.13530886618067908 0.19013951462217554 -0.013207778656561607 0.23374338430188382 2.668861829342001
26.020999999984706 4.411503535846724 -1.4567937389032752 9.061045696722181e-07 -0.13492169195101522 0.19016718512382452 -0.012970465682247377 0.23352870109872564 2.667541051151897
26.021499999984705 4.40976428093146 -1.4476823618409187 9.1103172186876e-07 -0.13453150398588803 0.1901937547292236 -0.01273139545390183 0.2333119764026457 2.666188764483896
26.021999999984704 4.4079872932839965 -1.438509105577347 9.160135304011635e-07 -0.13413832593026712 0.19021923111092032 -0.012490580735118861 0.2330932452365465 2.6648051361131104
26.022499999984703 4.406172868059079 -1.4292744176745251 9.210496827699771e-07 -0.13374218091332304 0.19024362286656624 -0.012248032150992181 0.23287254301102148 2.663390318398706
26.0229999999847 4.404321286758874 -1.4199788105277769 9.261398552702223e-07 -0.13334309352669574 0.19026693737117878 -0.01200376326843425 0.23264990518047027 2.661944495433961
26.0234999999847 4.402432831733266 -1.4106227232275055 9.312837697536685e-07 -0.13294108585113398 0.1902891828869367 -0.011757785150782456 0.23242536639254455 2.660467826969212
26.0239999999847 4.4005078747066575 -1.4012066522194813 9.364809630729428e-07 -0.13253618411755042 0.19031037104458548 -0.011510110000350769 0.23219896653471392 2.658960505168613
26.024499999984698 4.3985466386210845 -1.3917310418670104 9.417312383418496e-07 -0.13212840913151552 0.19033050737209284 -0.011260749670619161 0.23197073742023538 2.657422664308955
26.024999999984697 4.396549491091722 -1.3821963835667304 9.470341699464097e-07 -0.13171778687120872 0.19034960341834725 -0.01100971613302691 0.23174071879818847 2.655854496155988
26.025499999984696 4.3945167317017955 -1.3726031612419174 9.523894735590508e-07 -0.1313043409204202 0.19036766783532166 -0.010757022314014085 0.23150894676160896 2.654256165786377
26.025999999984695 4.39244867112719 -1.3629518263351459 9.57796816556853e-07 -0.13088809445908164 0.19038471005509197 -0.010502679479590474 0.23127545777739134 2.652627834137495
26.026499999984694 4.390345666676158 -1.3532428650715 9.63255817807793e-07 -0.1304690725939047 0.19040074134821156 -0.010246700063293708 0.23104029101360055 2.65096967822881
26.026999999984692 4.388208021136525 -1.343476749415924 9.687661651353494e-07 -0.13004729871558607 0.1904157706284878 -0.009989096480299537 0.23080348276348536 2.6492818779512657
26.02749999998469 4.386036112595685 -1.3336539397933893 9.743274942107091e-07 -0.12962279729132054 0.19042981047028446 -0.009729880333670449 0.23056507295052905 2.64756460273124
26.02799999998469 4.3838302595440455 -1.3237749228484672 9.799394468379543e-07 -0.12919559272028897 0.19044287033719406 -0.00946906426171272 0.23032509897666067 2.645818011328208
26.02849999998469 4.381590826019596 -1.3138401479798474 9.856016928163557e-07 -0.12876570868842988 0.19045496230698283 -0.009206659715319719 0.2300835999903112 2.644042288883937
26.028999999984688 4.3793181810488555 -1.303850114013527 9.913138493720424e-07 -0.1283331707646317 0.1904660981299378 -0.008942679741730096 0.22984061602839123 2.642237613656932
26.029499999984687 4.377012655579769 -1.2938052748930682 9.970756064024573e-07 -0.12789800200928975 0.19047628835392597 -0.008677136333450387 0.22959618472005477 2.640404140125556
26.029999999984685 4.374674645212234 -1.2837061041890074 1.0028865441782817e-06 -0.1274602277063294 0.19048554621425523 -0.008410041546396841 0.22935034720336622 2.6385420709737315
26.030499999984684 4.372304516624186 -1.2735530762663896 1.008746316557249e-06 -0.12701987251070607 0.1904938836519286 -0.008141407594643275 0.22910314323258998 2.636651570548856
26.030999999984683 4.369902640010982 -1.2633466486980915 1.0146545882496132e-06 -0.12657696013855693 0.1905013130978556 -0.007871246705168937 0.22885461248272596 2.63473280920861
26.031499999984682 4.3674693914049305 -1.2530873141746834 1.0206110055099888e-06 -0.12613151589086513 0.19050784673438848 -0.007599571862367805 0.22860479535826037 2.632785959223816
26.03199999998468 4.365005182485834 -1.2427755113569086 1.026615143606952e-06 -0.1256835638420528 0.19051349908576856 -0.007326394368314839 0.2283537335109338 2.630811213228398
26.03249999998468 4.362510388667352 -1.2324117463933286 1.0326666549925285e-06 -0.12523312983131812 0.19051828217825517 -0.0070517275234757955 0.22810146758091318 2.628808746559171
26.03299999998468 4.359985444889273 -1.2219964552814286 1.0387651081637067e-06 -0.12478023812181066 0.19052221166435734 -0.006775582614288525 0.22784804033165834 2.626778754388874
26.033499999984677 4.357430728546452 -1.2115301236960545 1.0449102173545973e-06 -0.12432491337891675 0.19052530004965743 -0.006497972800889561 0.22759349220970324 2.6247213946527777
26.033999999984676 4.35484662121855 -1.201013224128809 1.0511015583747785e-06 -0.12386718019202315 0.19052756012047786 -0.006218910800626967 0.22733786386286733 2.622636852133365
26.034499999984675 4.352233574545924 -1.1904462223849603 1.0573387739084021e-06 -0.12340706424310584 0.1905290079550718 -0.005938408424977927 0.22708119929238466 2.620525319095899
26.034999999984674 4.349592016103671 -1.1798295887404289 1.0636214133912826e-06 -0.12294459057670978 0.19052965859933207 -0.005656478561811168 0.22682354134386726 2.6183869974204668
26.035499999984673 4.346922321093235 -1.1691637636903298 1.0699491586315646e-06 -0.12247978248560928 0.19052952487374328 -0.005373132702256787 0.22656493003413522 2.616222030039274
26.03599999998467 4.344224978878964 -1.1584492674445674 1.076321570250806e-06 -0.12201266781915603 0.190528624229173 -0.005088385036727688 0.22630541182501826 2.614030650573957
26.03649999998467 4.341500385399338 -1.1476865197668233 1.082738289781593e-06 -0.12154326927655851 0.19052697075717223 -0.004802246765635629 0.22604502751959935 2.6118130161003323
26.03699999998467 4.338748997662271 -1.1368760151636748 1.0891988565901458e-06 -0.12107161367213935 0.19052458051940047 -0.004514730854276636 0.22578382186054835 2.6095693354266567
26.037499999984668 4.33597125192211 -1.1260182170591926 1.0957029344797806e-06 -0.12059772562645502 0.1905214691623284 -0.004225850071233292 0.22552183807088466 2.6072997972449468
26.037999999984667 4.33316764723623 -1.1151135776682914 1.1022500366456596e-06 -0.12012163084784803 0.19051765527032918 -0.003935616448253572 0.2252591224436392 2.605004611212941
26.038499999984666 4.330338543551374 -1.1041625666741934 1.1088398666545412e-06 -0.11964335301521661 0.19051315079269282 -0.003644042947299971 0.22499571461404508 2.602683941262874
26.038999999984664 4.327484488254177 -1.0931656660040747 1.1154719151307175e-06 -0.11916291975743121 0.19050797627536759 -0.0033511423263547237 0.22473166360026683 2.6003379992159106
26.039499999984663 4.324605890898438 -1.0821233429348245 1.1221458076643102e-06 -0.11868035544754427 0.19050214605456128 -0.0030569276180545135 0.22446701144491338 2.5979669958180653
26.039999999984662 4.321703254417555 -1.0710360358522655 1.1288611241726487e-06 -0.11819568517897291 0.1904956791243799 -0.002761410463235166 0.224201804514888 2.5955711189908497
26.04049999998466 4.318777022829034 -1.059904245319013 1.1356174518333958e-06 -0.11770893514242359 0.19048859109319097 -0.002464604837510498 0.2239360869222227 2.593150570209711
26.04099999998466 4.315827702071006 -1.0487284187947223 1.142414337309501e-06 -0.11722013076389781 0.1904809009873989 -0.0021665228119628938 0.22366990525855576 2.590705559185179
26.04149999998466 4.312855754650436 -1.0375090240166707 1.149251403269892e-06 -0.11672929710957972 0.19047262571637316 -0.0018671775378692104 0.22340330414509102 2.5882362939046986
26.041999999984657 4.309861706571099 -1.026246520349324 1.156128160395965e-06 -0.11623646055784974 0.19046378514056259 -0.0015665812451632131 0.22313633139828362 2.585742989370771
26.042499999984656 4.306846006416264 -1.014941388726411 1.163044207108006e-06 -0.1157416464934055 0.1904543953195133 -0.0012647474940375096 0.2228690310827181 2.5832258344788936
26.042999999984655 4.3038091586851825 -1.0035940691640903 1.1699991061991651e-06 -0.11524487984051744 0.19044447539076265 -0.0009616883997461648 0.222601449637904 2.5806850615798256
26.043499999984654 4.30075169594777 -0.9922050564637201 1.1769923779724344e-06 -0.11474618802509473 0.19043404523257557 -0.0006574176962250357 0.2223336354399854 2.57812088758296
26.043999999984653 4.2976740936421 -0.9807748074693041 1.1840236250230436e-06 -0.1142455958593651 0.19042312251539198 -0.0003519483219950499 0.22206563360726198 2.575533528788
26.04449999998465 4.294576865564451 -0.9693037762866792 1.1910924066069653e-06 -0.11374312903629408 0.1904117266291583 -4.529264617219144e-05 0.2217974911767222 2.5729231867223565
26.04499999998465 4.29146053221141 -0.9577924214913105 1.1981982256209173e-06 -0.11323881332737666 0.19039987732793454 0.0002625363803558712 0.22152925552990962 2.5702901084520224
26.04549999998465 4.288325624052245 -0.9462412493542502 1.2053406291812676e-06 -0.11273267634845663 0.1903875943120794 0.0005715244982635761 0.2212609749252654 2.567634504813854
26.045999999984648 4.28517265570525 -0.934650679998069 1.2125192015635178e-06 -0.1122247422315416 0.19037489749456857 0.000881659953284205 0.22099269600888774 2.5649566079002994
26.046499999984647 4.282002137072933 -0.9230212061663134 1.2197334449166105e-06 -0.11171503785279172 0.190361805746822 0.0011929287905360839 0.22072446590430514 2.562256644836402
26.046999999984646 4.27881464290757 -0.9113532655560488 1.226982880253345e-06 -0.11120358881629885 0.19034834168832576 0.0015053185111576339 0.22045633429987924 2.5595348536778237
26.047499999984645 4.275610661177807 -0.8996473452296763 1.2342670706634398e-06 -0.11069042140815616 0.19033452321906105 0.0018188154172614954 0.22018834712596522 2.5567914629554234
26.047999999984643 4.272390755262375 -0.8879039172743002 1.2415855366230418e-06 -0.11017556238712792 0.1903203720223729 0.002133406074190497 0.21992055378143202 2.5540267155705134
26.048499999984642 4.269155468363759 -0.8761234382350181 1.248937772811235e-06 -0.10965903767925658 0.19030590896685085 0.00244907745244263 0.2196530025126176 2.5512408394581074
26.04899999998464 4.265905341101643 -0.8643063558516534 1.2563233296518088e-06 -0.10914087280717696 0.19029115497300075 0.002765816870538745 0.21938574138041042 2.548434104631095
26.04949999998464 4.26264090920029 -0.8524531694000735 1.2637417032229105e-06 -0.10862109492475255 0.19027613013801878 0.003083609726085927 0.21911881847959835 2.5456067219131144
26.04999999998464 4.259362769138905 -0.8405643136099961 1.271192395356035e-06 -0.10809973007287452 0.19026085809739976 0.00340244386835904 0.21885228440677643 2.542758976559335
26.050499999984638 4.256071452949955 -0.8286402736093308 1.2786749263840437e-06 -0.10757680472179165 0.1902453590217823 0.0037223050223202853 0.218586186887819 2.5398910862660182
26.050999999984636 4.252767519480226 -0.8166815096754954 1.2861887917740822e-06 -0.10705234520063193 0.19022965447796744 0.004043180113501942 0.21832057475463085 2.5370033280469406
26.051499999984635 4.249451549094804 -0.8046884878624503 1.293733493495817e-06 -0.10652637804261332 0.19021376713387994 0.004365055465412809 0.21805549783336306 2.534095956618503
26.051999999984634 4.246124104796487 -0.7926616953362865 1.3013085260021974e-06 -0.10599893054416987 0.19019771847246122 0.004687917115805061 0.21779100522179978 2.53116923045366
26.052499999984633 4.242785751965669 -0.780601566064443 1.3089133542142382e-06 -0.10547002796862973 0.19018153079787073 0.005011752369197324 0.21752714570401355 2.5282234016318763
26.052999999984632 4.2394370700318875 -0.7685085801202507 1.3165475076596884e-06 -0.10493969723466803 0.19016522654690932 0.0053365470879638095 0.21726396889075553 2.525258770303303
26.05349999998463 4.236078640425147 -0.7563832201647679 1.3242104445766792e-06 -0.10440796576779879 0.190148828186109 0.005662287357380351 0.2170015245901231 2.5222755545872158
26.05399999998463 4.232711017630622 -0.7442259349798946 1.3319016280802954e-06 -0.10387485914048933 0.1901323573205899 0.0059889599455940894 0.2167398609000451 2.5192740726886393
26.05449999998463 4.22933484208239 -0.7320372023077077 1.339620551937375e-06 -0.10334040505847025 0.19011583932218043 0.0063165506967424795 0.21647903014271463 2.5162545840070925
26.054999999984627 4.22595064316923 -0.7198175008605961 1.347366664329628e-06 -0.10280463007990537 0.19009929425980104 0.006645045780698737 0.21621907935556517 2.5132173648239706
26.055499999984626 4.222559045235339 -0.7075673021291888 1.355139459784646e-06 -0.10226756132704941 0.19008274683066165 0.006974431048078367 0.21596005980485286 2.5101627058577547
26.055999999984625 4.219160619122228 -0.6952870487129783 1.3629384243142532e-06 -0.10172922426305364 0.1900662195686682 0.007304693358463451 0.21570202000757674 2.5070908729345884
26.056499999984624 4.215755979687715 -0.6829772373076415 1.3707629267173607e-06 -0.10118964746970135 0.19004973626708088 0.007635818361090206 0.215445010924535 2.5040021850187575
26.056999999984622 4.212345706454006 -0.670638335492939 1.3786124999574517e-06 -0.1006488570219703 0.19003331968946513 0.007967791737374136 0.2151890813150092 2.5008969079608265
26.05749999998462 4.208930429559684 -0.6582708268692322 1.3864865305011274e-06 -0.100106881063973 0.19001699461602162 0.008300599329301113 0.2149342825807163 2.497775363360723
26.05799999998462 4.205510719148139 -0.6458751519464722 1.3943845148891918e-06 -0.09956374477048605 0.1900007835420785 0.008634227827168339 0.21468066263522131 2.4946378093303956
26.05849999998462 4.202087185161749 -0.6334518178688655 1.4023058744177364e-06 -0.09901947668748545 0.1899847100792932 0.008968662237398147 0.21442827175935802 2.491484579515218
26.058999999984618 4.198660478537805 -0.6210012753118938 1.4102500277917649e-06 -0.09847410372328344 0.18996880042983066 0.0093038890285232 0.2141771616954242 2.488315978792267
26.059499999984617 4.1952311449110375 -0.6085240272675974 1.41821640710994e-06 -0.09792765307852676 0.18995307521162003 0.009639892968992802 0.21392737916469062 2.485132319619826
26.059999999984615 4.191799817685921 -0.5960205329270716 1.4262044853278634e-06 -0.09738015175072182 0.18993755974626508 0.009976660461675417 0.21367897489300905 2.4819338927257886
26.060499999984614 4.188367130548183 -0.5834912625684832 1.4342136462008937e-06 -0.09683162685963329 0.18992227923346586 0.01031417692980633 0.21343199937042517 2.478721037926282
26.060999999984613 4.184933668508133 -0.5709367235770988 1.4422433163727376e-06 -0.09628210665205612 0.18990725607856718 0.010652427452517637 0.21318650094056038 2.4754940526742426
26.061499999984612 4.181500069469327 -0.5583573675408015 1.4502929192135494e-06 -0.09573161763952229 0.1898925158906513 0.010991398142157258 0.21294252990015958 2.472253280523704
26.06199999998461 4.178066944655242 -0.5457536908937657 1.4583618701254801e-06 -0.09518018772911382 0.18987808253813998 0.011331073948032563 0.21270013540504817 2.468999021563248
26.06249999998461 4.174634882496814 -0.5331261660404751 1.4664495696800308e-06 -0.09462784379594315 0.18986397897648036 0.011671440715672977 0.21245936520339662 2.465731617083552
26.06299999998461 4.171204585987204 -0.5204752814896505 1.474555367881737e-06 -0.09407461478706886 0.18985023351600655 0.012012483479900079 0.21222027253015316 2.4624514190379947
26.063499999984607 4.167776564903952 -0.5078015236338308 1.4826787648712999e-06 -0.09352052643003707 0.18983686531703406 0.012354187210838072 0.21198290081699853 2.4591587349408153
26.063999999984606 4.164351510957285 -0.4951053906845183 1.4908191149692652e-06 -0.09296560806531022 0.18982390199008606 0.012696536952461335 0.21174730246281745 2.4558539167719777
26.064499999984605 4.160930042554039 -0.4823873360975353 1.4989757904732303e-06 -0.09240988610107796 0.18981136820686098 0.013039518739066903 0.21151352580561186 2.4525373175540626
26.064999999984604 4.157512776589693 -0.4696478566752709 1.5071481565474286e-06 -0.09185338859633174 0.1897992880278998 0.01338311746506828 0.2112816190907534 2.449209253916487
26.065499999984603 4.154100315397659 -0.45688746449341777 1.5153356822683987e-06 -0.09129614349035745 0.18978768477786234 0.013727317208727262 0.21105162957746193 2.44587011131013
26.0659999999846 4.1506933170367795 -0.4441066323497165 1.5235376491692016e-06 -0.090738178810296 0.18977658472199826 0.014072103667114432 0.2108236070846267 2.442520225518013
26.0664999999846 4.14729240189876 -0.4313058566682 1.5317534909236335e-06 -0.09017952233923132 0.18976601214147296 0.014417461512242064 0.21059759925000704 2.439159959310081
26.0669999999846 4.143898155806615 -0.41848564982459946 1.53998260668285e-06 -0.08962020192320548 0.18975598958372017 0.01476337477692229 0.21037365189219137 2.435789654262952
26.067499999984598 4.140511243774069 -0.4056464664973808 1.5482242905900051e-06 -0.08906024497823706 0.1897465437792721 0.015109829682399113 0.21015181432667657 2.4324097037756016
26.067999999984597 4.137132302225535 -0.39278884095253774 1.556477928510249e-06 -0.08849968096802444 0.18973769941464608 0.015456809733260824 0.20993213445715003 2.4290204593111864
26.068499999984596 4.1337619089435025 -0.37991322788295756 1.564742909125387e-06 -0.08793853557378846 0.18972947919013897 0.015804300727273277 0.2097146566983384 2.4256222927730473
26.068999999984594 4.130400737002724 -0.3670201790037323 1.5730185382025787e-06 -0.08737683956611945 0.18972190927996252 0.016152285634828924 0.20949943027279766 2.422215587124171
26.069499999984593 4.127049385281359 -0.3541101750248372 1.5813042278362936e-06 -0.08681462001434503 0.1897150130847972 0.016500749756963348 0.20928650023482598 2.4188006987132242
26.069999999984592 4.123708458309365 -0.3411837300871329 1.5895993302938521e-06 -0.08625190484831917 0.18970881400760628 0.01684967663489353 0.20907591158437294 2.4153780370849067
26.07049999998459 4.120378627296276 -0.32824134178355724 1.5979031429741338e-06 -0.08568872310264669 0.18970333867066597 0.017199051153091408 0.20886771251279146 2.411947976770608
26.07099999998459 4.117060483763225 -0.3152834929569943 1.6062150510088545e-06 -0.08512510172548915 0.18969861011793454 0.01754885835516716 0.20866194682792724 2.4085109144503765
26.07149999998459 4.11375466587309 -0.302310727096473 1.614534367130455e-06 -0.08456107040192264 0.18969465295292584 0.01789908108152605 0.20845866038620928 2.4050672235636097
26.071999999984588 4.110461770620102 -0.2893235438729133 1.6228604241528896e-06 -0.0839966572209278 0.18969149021327772 0.018249704328213788 0.208257896829127 2.4016172906784847
26.072499999984586 4.107182427277757 -0.27632245810231004 1.631192592783534e-06 -0.08343189019930547 0.1896891465264167 0.018600711268994298 0.20805970073962388 2.398161538496443
26.072999999984585 4.103917266598399 -0.2633079577850771 1.6395301622559713e-06 -0.08286679749205578 0.1896876466371706 0.018952087149352415 0.20786411672208874 2.3947003827065005
26.073499999984584 4.100666899845735 -0.25028060861788426 1.6478724805450585e-06 -0.0823014092818764 0.18968701360771925 0.01930381435207212 0.20767118805876097 2.3912342118900485
26.073999999984583 4.097431950375558 -0.23724090174560342 1.6562188413044353e-06 -0.0817357531433423 0.1896872719523687 0.019655877264222386 0.20748095814716938 2.3877634241044845
26.07449999998458 4.094213011441857 -0.22418935549584879 1.6645686129823947e-06 -0.08116985745319118 0.1896884442977446 0.020008259931908617 0.2072934686008528 2.3842884609661983
26.07499999998458 4.091010679610175 -0.2111265289602975 1.672921084688002e-06 -0.08060375193594693 0.18969055312893038 0.020360944763582828 0.20710876090638197 2.3808097105756367
26.07549999998458 4.087825609308854 -0.19805290627563432 1.6812755684529263e-06 -0.08003746462059258 0.1896936244031779 0.020713916758754378 0.20692687894421824 2.3773276062880795
26.075999999984578 4.08465838095399 -0.18496902538405668 1.6896314143373767e-06 -0.07947102404743762 0.18969768002138399 0.02106715888189197 0.20674786250889915 2.373842571706013
26.076499999984577 4.081509605072666 -0.17187543442363615 1.6979878941535108e-06 -0.07890445987588968 0.18970274319640235 0.021420653989631635 0.20657175262336713 2.370355033300636
26.076999999984576 4.078379868719479 -0.15877264377839043 1.706344307994972e-06 -0.07833779998321702 0.18970883636287098 0.02177438605955595 0.20639858863043528 2.3668654225102035
26.077499999984575 4.075269785525366 -0.14566122696151218 1.7147000052723236e-06 -0.07777107499241596 0.18971598259144482 0.022128337440520653 0.2062284109282592 2.3633741765977976
26.077999999984574 4.072179910071561 -0.13254168516684867 1.7230543055167577e-06 -0.07720431151014276 0.18972420298298706 0.02248249177498066 0.20606125630427694 2.3598817326843204
26.078499999984572 4.0691109128911505 -0.11941458540485492 1.7314064247399503e-06 -0.0766375412354995 0.1897335232885425 0.022836831906884947 0.20589716724047008 2.3563885087066776
26.07899999998457 4.066063321085137 -0.10628043414910242 1.7397557280670742e-06 -0.07607079082692698 0.18974396311533293 0.023191341833866373 0.20573617837366898 2.352894971751503
26.07949999998457 4.063037770400149 -0.0931398134064152 1.7481014540902533e-06 -0.07550409142303556 0.18975554652846294 0.023546003154975372 0.20557832941365167 2.3494015851103107
26.07999999998457 4.060034803848045 -0.07999326971585799 1.7564429597596796e-06 -0.0749374713692911 0.1897682934957176 0.02390079865829551 0.2054236549378005 2.3459087949234005
26.080499999984568 4.057054997077227 -0.06684134913258583 1.7647795229711744e-06 -0.07437095971861624 0.18978222553170412 0.024255711254346734 0.2052721907752945 2.342417026712624
26.080999999984567 4.054098958672733 -0.0536846057457866 1.7731104149945894e-06 -0.07380458645091448 0.1897973655361999 0.024610723866822327 0.20512397391558446 2.3389267431447456
26.081499999984565 4.051167220646981 -0.04052360216568165 1.7814349300552806e-06 -0.07323838029496874 0.1898137328382929 0.024965818522979938 0.20497903701783668 2.335438433283252
26.081999999984564 4.048260387526499 -0.02735888527634173 1.7897523795034117e-06 -0.07267237069266222 0.18983135025574793 0.025320978163969294 0.20483741586241605 2.331952536204068
26.082499999984563 4.045378983113432 -0.014191043283177125 1.7980620509931412e-06 -0.07210658740912511 0.18985023635544926 0.02567618436091604 0.20469914175527334 2.3284695363170775
26.082999999984562 4.042523597946843 -0.001020613740397823 1.806363203625549e-06 -0.07154105929452596 0.18987041344081237 0.026031420099005585 0.20456424882549445 2.324989909875746
26.08349999998456 4.039694813010123 0.012151827839991646 1.8146550995090738e-06 -0.07097581665012806 0.18989190287422333 0.026386667522353746 0.20443277024313228 2.3215141429658805
26.08399999998456 4.0368930973624355 0.025325687852868033 1.8229370727159416e-06 -0.07041088866722701 0.18991472047784608 0.02674190822991621 0.20430473306525307 2.3180426596458927
26.08449999998456 4.034119083972269 0.038500422987737884 1.8312083764506463e-06 -0.06984630477757674 0.18993889056012037 0.02709712469536059 0.20418017191942864 2.314576002638564
26.084999999984557 4.031373234024424 0.05167544768213227 1.8394683112438712e-06 -0.06928209404282842 0.18996442862522367 0.02745229901481336 0.20405911256071302 2.3111146012041517
26.085499999984556 4.028656117509517 0.06485013756694519 1.8477161738012995e-06 -0.0687182880914872 0.18999135497099448 0.02780741160917492 0.2039415853187896 2.3076589715020384
26.085999999984555 4.025968242201855 0.07802396810648758 1.8559512386625306e-06 -0.06815491399669762 0.19001968810084238 0.028162445712564613 0.20382761715810696 2.304209599824345
26.086499999984554 4.023310184473049 0.09119632500382632 1.8641727391468547e-06 -0.06759200354854042 0.19004944865313955 0.028517382461668073 0.20371723780655696 2.30076700414748
26.086999999984553 4.020682429483282 0.10436662397601175 1.8723799464330242e-06 -0.06702958577141176 0.19008065330151028 0.028872203460447256 0.20361047188412845 2.2973316480620007
26.08749999998455 4.018085450085692 0.11753425890530489 1.8805722351587363e-06 -0.06646769029974084 0.19011331793938635 0.029226889963707193 0.20350734288633202 2.293904039508909
26.08799999998455 4.015519785446148 0.13069863980642288 1.8887488505541455e-06 -0.06590634707559656 0.19014746173189465 0.029581423268596276 0.20340787691367113 2.2904846946489785
26.08849999998455 4.012985954394372 0.14385916593156428 1.8969090136302475e-06 -0.06534558668656516 0.19018310268598207 0.02993578502593221 0.20331209868524064 2.287074079057555
26.088999999984548 4.010484407320315 0.1570152479015846 1.9050520645881642e-06 -0.06478543752424956 0.19022025582957494 0.03028995643717091 0.2032200287964823 2.2836727531389163
26.089499999984547 4.008015688361631 0.170166255103468 1.9131772347013077e-06 -0.06422593150784339 0.19025894003585256 0.03064391816444524 0.20313169191951697 2.2802812203954343
26.089999999984546 4.005580223264495 0.1833115910138456 1.921283852914972e-06 -0.06366709709995416 0.1902991690352136 0.030997651393812723 0.20304710630925063 2.2768999856975265
26.090499999984544 4.0031784975940115 0.1964506550784456 1.9293712064692737e-06 -0.06310896428059129 0.19034095917396693 0.03135113783592118 0.20296629265826782 2.2735295396930706
26.090999999984543 4.00081099461175 0.20958280662916262 1.9374385269547756e-06 -0.0625515641617332 0.19038432638654496 0.031704357396041286 0.20288927076273358 2.2701704240627216
26.091499999984542 3.9984781560363785 0.22270745898530153 1.9454851034870966e-06 -0.06199492533183225 0.19042928519397556 0.032057291835742435 0.20281605800880237 2.2668231910275307
26.09199999998454 3.9961804182917477 0.23582395651358987 1.95351027013609e-06 -0.06143907867206039 0.19047584908475082 0.032409920762400395 0.20274667059277068 2.263488296303146
26.09249999998454 3.993918272290291 0.2489316936475723 1.961513293897742e-06 -0.060884054332857825 0.19052403464341244 0.03276222555644919 0.20268112707458052 2.2601663130377627
26.09299999998454 3.9916921343244622 0.2620300487253153 1.9694934510986218e-06 -0.06032988185001811 0.19057385473959837 0.03311418693772552 0.20261944164095733 2.2568577765255755
26.093499999984537 3.9895024121410723 0.27511835532824264 1.9774500321214558e-06 -0.05977659221945758 0.190625321358091 0.03346578426022436 0.20256162725550625 2.253563214661572
26.093999999984536 3.9873495096412173 0.28819601186564225 1.985382369638401e-06 -0.059224214076546565 0.19067844694864222 0.033816999036730896 0.20250769636628888 2.250283110329096
26.094499999984535 3.9852339034646063 0.30126237672185413 1.9932896961519403e-06 -0.058672778692768726 0.1907332470091242 0.03416781147663817 0.20245766425422698 2.2470180822729406
26.094999999984534 3.9831559673716477 0.3143167983164892 2.0011713016332626e-06 -0.05812231611946036 0.1907897319558861 0.03451820150811646 0.20241154039788414 2.243768629708913
26.095499999984533 3.981116072813884 0.3273586284284917 2.0090265612552473e-06 -0.05757285600370127 0.19084791230175474 0.03486814906572478 0.2023693336393407 2.2405352871093447
26.09599999998453 3.9791146135055637 0.34038723472948124 2.0168547421498436e-06 -0.05702442830955302 0.190907799519841 0.035217635050417605 0.20233105337560903 2.2373185814835113
26.09649999998453 3.977151996637086 0.35340195822273185 2.024655141843422e-06 -0.056477063528196 0.19096940568254187 0.0355666387592027 0.20229670883170284 2.2341190856752204
26.09699999998453 3.97522854535306 0.3664021328578146 2.032427104221192e-06 -0.055930791795168196 0.19103273853025687 0.03591514025961361 0.2022663045617625 2.230937333843367
26.097499999984528 3.9733446609189684 0.3793871371789436 2.0401698508956625e-06 -0.055385642553532864 0.1910978101592745 0.03626312026067356 0.2022398485456758 2.227773848873511
26.097999999984527 3.9715007012135284 0.39235628110821763 2.0478827661945383e-06 -0.05484164700570374 0.19116462977188664 0.03661055786876949 0.20221734561996216 2.224629253322565
26.098499999984526 3.96969697993074 0.4053089123037837 2.0555651684797236e-06 -0.05429883427575042 0.1912332049331974 0.036957432895059816 0.2021987980155187 2.2215040042631102
26.098999999984525 3.967933836450715 0.41824435584773395 2.063216322482353e-06 -0.053757235052827604 0.1913035440707623 0.03730372493404029 0.2021842085537681 2.21839871359329
26.099499999984523 3.966211599782397 0.4311619540326753 2.0708356036782813e-06 -0.053216878994472 0.19137565535330053 0.037649414016206376 0.20217357900472868 2.2153139265998116
26.099999999984522 3.964530583278318 0.4440610407772738 2.0784223455963666e-06 -0.05267779586263831 0.19144954610619017 0.037994479846021736 0.20216690970577206 2.2122501618701813
26.10049999998452 3.962891036200922 0.45694091992817965 2.085975918353057e-06 -0.05214001549767644 0.19152522030978938 0.03833890118462578 0.20216419706480127 2.2092079579057025
26.10099999998452 3.961293356153683 0.4698009442275465 2.093495523422441e-06 -0.051603568737963706 0.19160268932705835 0.038682658689439584 0.20216544449321366 2.2061879739995156
26.10149999998452 3.9597377802733607 0.4826403981961719 2.100980605049732e-06 -0.051068485737149595 0.19168195637016763 0.03902573048260414 0.20217064641802268 2.2031906736605436
26.101999999984518 3.9582245477571814 0.49545862746001734 2.1084305319545137e-06 -0.050534794689693546 0.19176302533430364 0.03936809659660432 0.20217979718392692 2.200216650747972
26.102499999984516 3.9567539402967706 0.5082549218238526 2.115844607917235e-06 -0.050002527057881205 0.19184590136073426 0.03970973610045647 0.2021928923633435 2.1972664199613483
26.102999999984515 3.9553262678215977 0.5210286249502237 2.123222187280985e-06 -0.04947171209927367 0.1919305917053862 0.040050628915165074 0.20220992855671885 2.194340563947965
26.103499999984514 3.953941661474084 0.5337790057410412 2.1305627559490107e-06 -0.04894237921568096 0.19201709424872912 0.04039075306609082 0.20223089254676882 2.191439645361167
26.103999999984513 3.9526004923459492 0.5465054177350658 2.137865441195895e-06 -0.04841455889528642 0.19210541906199546 0.04073008916491774 0.20225578288244864 2.1885642183818454
26.10449999998451 3.951302857923249 0.5592071149907729 2.1451298458913266e-06 -0.047888280573372834 0.19219556225184792 0.041068615030799595 0.2022845834613356 2.1857148282669674
26.10499999998451 3.9500489691737877 0.5718834473797286 2.152355305240572e-06 -0.04736357188316354 0.19228752635682755 0.04140631077688118 0.2023172837552712 2.1828919942618423
26.10549999998451 3.948839157156088 0.584533671107911 2.1595411201237082e-06 -0.04684046634439127 0.19238131843482775 0.04174315465505539 0.202353877972819 2.1800963542963974
26.10599999998451 3.947673485442615 0.5971571048752023 2.1666867470097233e-06 -0.04631899064704155 0.19247693363423632 0.04207912617502015 0.2023943470936187 2.177328394396821
26.106499999984507 3.946552187641749 0.609753058035759 2.1737915688115204e-06 -0.0457991745533807 0.1925743750388044 0.04241420481459897 0.20243867980554475 2.1745886734138318
26.106999999984506 3.9454754100616682 0.6223208015527184 2.180855015029174e-06 -0.04528104765957076 0.1926736411984011 0.04274836858491976 0.20248685958963036 2.171877789698306
26.107499999984505 3.9444433206941376 0.6348596480236551 2.1878764907096263e-06 -0.04476463897515158 0.19277473197333336 0.043081597549294026 0.2025388709294231 2.169196243942845
26.107999999984504 3.9434560171768105 0.6473688533783453 2.1948554432542956e-06 -0.044249978098676965 0.19287764343847943 0.0434138695117387 0.2025946938251268 2.1665445593859016
26.108499999984502 3.9425137016123535 0.659847703280549 2.2017912503206465e-06 -0.04373709522960707 0.19298237681426483 0.04374516332305275 0.20265431299177222 2.1639233549039836
26.1089999999845 3.941616471209425 0.6722955433390292 2.2086833372325e-06 -0.04322601718134554 0.19308892898307584 0.04407546000716861 0.202717708234966 2.1613331301839884
26.1094999999845 3.9407644041626493 0.6847116038306778 2.2155312524947296e-06 -0.04271677361656889 0.1931972948423139 0.04440473613874293 0.2027848566193949 2.1587744244427656
26.1099999999845 3.939957623105287 0.697095176943619 2.2223343373569624e-06 -0.04220939418038751 0.1933074717419616 0.044732971705554875 0.202855737769368 2.156247767748931
26.110499999984498 3.9391962175652484 0.7094455556562623 2.229092162673943e-06 -0.04170390661810162 0.1934194557743052 0.045060145480674954 0.20293032895548005 2.153753715591974
26.110999999984497 3.938480256293545 0.7217620183300122 2.235804114651044e-06 -0.04120033991485868 0.19353324161395657 0.04538623661985464 0.20300860595851453 2.1512927906722754
26.111499999984495 3.9378097833079067 0.7340438183116705 2.2424697166488365e-06 -0.040698723065933494 0.1936488226264173 0.045711223184693645 0.20309054258836393 2.148865513490981
26.111999999984494 3.937184909215916 0.7462902866303944 2.2490883947194675e-06 -0.040199083404525916 0.1937661961380982 0.046035085605912365 0.2031761161631348 2.1464724568400406
26.112499999984493 3.9366056030135734 0.7585006422334022 2.2556597087546198e-06 -0.03970145031962259 0.19388535149236907 0.04635780129147078 0.20326529566401752 2.144114080349743
26.112999999984492 3.9360719071838997 0.770674180375681 2.262183183234734e-06 -0.03920585132300332 0.19400628238684406 0.04667934968678981 0.20335805386241018 2.1417909046549557
26.11349999998449 3.9355838704156825 0.7828101913071184 2.268658249271356e-06 -0.03871231459234023 0.19412898264484746 0.046999710299450465 0.20345436336449527 2.139503466833378
26.11399999998449 3.935141522155722 0.794907943261912 2.2750844375868e-06 -0.03822086851886858 0.1942534450689134 0.0473188618573261 0.2035541952379039 2.1372523437740423
26.11449999998449 3.9347447596853864 0.8069667006165111 2.281461374982554e-06 -0.037731539770856685 0.1943796559957998 0.047636783307812375 0.2036575136901182 2.1350379285045133
26.114999999984487 3.9343936429347974 0.818985735230954 2.2877884776082873e-06 -0.03724435737407056 0.19450760963527455 0.04795345358862823 0.20376429047630637 2.132860759421538
26.115499999984486 3.9340880964609584 0.8309643117536816 2.294065402070849e-06 -0.03675934823835205 0.1946372936713669 0.04826885155795352 0.20387449031535582 2.1307213178645186
26.115999999984485 3.9338280680076103 0.8429017309764002 2.300291694601724e-06 -0.03627653871417201 0.19476869720151557 0.04858295739317012 0.20398807911180267 2.1286201056187313
26.116499999984484 3.933613604870282 0.8547972533818905 2.306466803127368e-06 -0.03579595790371765 0.19490181373388685 0.04889574955150171 0.20410502669754763 2.126557668859041
26.116999999984483 3.9334445173827532 0.8666501189428517 2.312590471664161e-06 -0.03531763211695653 0.19503662513523048 0.04920720661543518 0.2042252909543361 2.1245343816866824
26.11749999998448 3.933320798211368 0.878459652708793 2.318662177060354e-06 -0.03484158751354416 0.19517312295963962 0.049517309301014556 0.20434883916160354 2.1225507759459594
26.11799999998448 3.933242327047322 0.8902250887652686 2.3246815689721304e-06 -0.03436785179549657 0.19531129228706698 0.04982603598024151 0.20447563178380362 2.120607304914196
26.11849999998448 3.933209004277943 0.9019457246426364 2.3306482224109507e-06 -0.03389645067203837 0.19545111994425066 0.05013336666779057 0.20460563068760088 2.1187044385571614
26.118999999984478 3.9332207085964015 0.9136207962955373 2.3365618503449437e-06 -0.033427411557334974 0.19559259109129373 0.05043927967392756 0.204738795706271 2.1168425724004556
26.119499999984477 3.933277401023589 0.9252496565592955 2.3424218758348234e-06 -0.032960759542090476 0.19573569588988182 0.050743756939793785 0.20487509166185303 2.115022240091119
26.119999999984476 3.933378817436952 0.9368314878864854 2.348228132777429e-06 -0.032496522009066775 0.19588041204286627 0.05104677561815058 0.20501447038143097 2.1132437969999724
26.120499999984474 3.9335248776394742 0.9483656342913878 2.3539802047931367e-06 -0.032034723114502034 0.19602672779448502 0.05134831701034487 0.2051568939973278 2.1115077148737873
26.120999999984473 3.933715419988451 0.9598513616246156 2.359677718067887e-06 -0.031575389149245556 0.196174626574382 0.05164836067611531 0.20530231969477258 2.1098144134535977
26.121499999984472 3.9339502627767486 0.9712879108351723 2.3653204151109694e-06 -0.031118546637213952 0.19632409062420786 0.05194688540674687 0.20545070310830366 2.1081643030563404
26.12199999998447 3.934229229045455 0.9826746021243206 2.37090790400221e-06 -0.030664219794166163 0.1964751031519089 0.05224387258497485 0.20560200085800054 2.106557765952247
26.12249999998447 3.9345521227826863 0.9940106960178668 2.3764399337596036e-06 -0.030212434027667406 0.1966276459962576 0.05253930125768767 0.2057561676270041 2.1049952378159262
26.12299999998447 3.9349187221771995 1.0052955021114691 2.381916201433234e-06 -0.029763213269214505 0.19678170014329843 0.052833152725252595 0.20591315742877053 2.1034770465589365
26.123499999984467 3.9353288572628964 1.016528284564743 2.387336375266794e-06 -0.02931658352275372 0.196937248586569 0.05312540639074199 0.2060729258162657 2.1020036052950126
26.123999999984466 3.935782263033314 1.027708349755459 2.3927001832295314e-06 -0.028872568087314504 0.19709427023189524 0.05341604335749918 0.2062354242950764 2.100575267558009
26.124499999984465 3.936278732352119 1.0388349651120117 2.3980074105058753e-06 -0.028431192339567205 0.19725274633453654 0.053705043511633285 0.20640060642583616 2.099192421152356
26.124999999984464 3.9368179877697114 1.0499074241903952 2.403257805378109e-06 -0.02799247957164826 0.1974126551154305 0.05399238721358919 0.20656842253673527 2.0978553928026757
26.125499999984463 3.9373997906080094 1.0609250514712367 2.4084510339201438e-06 -0.027556453379273742 0.19757397679293104 0.05427805670269959 0.20673882525553638 2.096564487930335
26.12599999998446 3.938023845938938 1.0718871265820773 2.413586955813771e-06 -0.027123136911022687 0.19773668867397598 0.05456203170126513 0.20691176357813212 2.0953200954124434
26.12649999998446 3.9386898835641864 1.0827929495693824 2.4186653363090796e-06 -0.02669255385455516 0.19790076930309752 0.0548442935300758 0.2070871880509494 2.0941224595922128
26.12699999998446 3.9393976397479453 1.0936418100398657 2.4236859531343745e-06 -0.026264728180253147 0.19806619737863662 0.055124822996769164 0.2072650491540741 2.092971954866859
26.127499999984458 3.94014679525264 1.1044330339873545 2.4286485920379585e-06 -0.025839681762153156 0.19823294943042838 0.05540360200580949 0.2074452952194247 2.091868765547207
26.127999999984457 3.9409370362848417 1.1151659257354218 2.433553044375159e-06 -0.025417437254675407 0.19840100195372118 0.055680611721800576 0.20762787436794164 2.0908132977354548
26.128499999984456 3.9417680530453216 1.1258398263081042 2.4383991891430585e-06 -0.02499801595180922 0.19857033211102557 0.05595583455752829 0.20781273545487863 2.0898057744192142
26.128999999984455 3.9426394890096725 1.136453997229718 2.4431868214351497e-06 -0.024581441801004605 0.19874091379574654 0.056229250892603964 0.20799982392619457 2.0888463968752333
26.129499999984453 3.9435510503497135 1.1470078080736004 2.4479157836476995e-06 -0.024167735317309296 0.19891272527573475 0.056500843890394364 0.20818908969327418 2.0879354938250865
26.129999999984452 3.9445023268122408 1.157500543999279 2.4525859842029796e-06 -0.02375691864443221 0.19908573817974734 0.05677059473367117 0.20838047594836664 2.0870732304201227
26.13049999998445 3.945493009650241 1.1679315639635572 2.4571972119524162e-06 -0.02334901256792521 0.19925992984906965 0.05703848625204183 0.20857393160526475 2.086259819941161
26.13099999998445 3.946522723901577 1.17830019965496 2.4617493786421957e-06 -0.022944038086939185 0.19943527414769316 0.057304501047075955 0.20876940220816548 2.085495536126012
26.13149999998445 3.947591061477038 1.188605763944792 2.4662424099053946e-06 -0.022542016179878034 0.19961174325325864 0.05756862087829327 0.20896683145391137 2.0847805008268265
26.131999999984448 3.9486976373356093 1.198847612446038 2.4706762053223717e-06 -0.022142966896763004 0.19978931067852926 0.05783082914117675 0.20916616467189192 2.0841148864378147
26.132499999984447 3.9498421143310356 1.2090250942311638 2.4750505817735423e-06 -0.021746911312571088 0.19996795229193814 0.05809110890274317 0.20936734948176147 2.0834989474799106
26.132999999984445 3.9510240567609722 1.21913757485643 2.479365495684478e-06 -0.02135386828577321 0.20014763942870584 0.058349443818398065 0.20957032913455517 2.0829327827355337
26.133499999984444 3.952242980304912 1.2291843729292116 2.483620981456461e-06 -0.020963857400714027 0.2003283406151855 0.05860581599818973 0.20977504389122395 2.0824164021875733
26.133999999984443 3.953498615871443 1.2391648859712143 2.487816771611091e-06 -0.020576899096339436 0.20051003544833182 0.05886020996288642 0.20998144539169952 2.0819501937696825
26.134499999984442 3.9547903767616575 1.2490784515123885 2.4919530295923367e-06 -0.020193011080338767 0.20069268772945997 0.05911260906886761 0.21018946965891033 2.0815340047634674
26.13499999998444 3.956117937701546 1.2589244586851958 2.4960295719183134e-06 -0.019812212999107404 0.20087627431678245 0.059362997381637445 0.21039906564774838 2.0811681087514784
26.13549999998444 3.9574808040028486 1.2687022911602444 2.500046481568619e-06 -0.019434522237231015 0.20106076390952263 0.059611359547143014 0.2106101745536739 2.080852473910784
26.13599999998444 3.958878514331268 1.2784113019825831 2.504003670975226e-06 -0.019059957932111245 0.2012461264431379 0.059857678942305 0.21082273865288195 2.080587219375081
26.136499999984437 3.9603106617770774 1.2880509031050968 2.5079010780278657e-06 -0.01868853795344876 0.20143233506858338 0.060101940948043296 0.21103670384021264 2.0803724039882106
26.136999999984436 3.9617767280986427 1.2976204892505194 2.5117388181134194e-06 -0.018320278864979306 0.20161935755818433 0.060344130470374784 0.21125201074094233 2.080207996978195
26.137499999984435 3.963276265709006 1.3071194460303843 2.5155168679218935e-06 -0.017955198691426554 0.20180716484729574 0.06058423190980727 0.21146860310659243 2.080094039637423
26.137999999984434 3.964808748938844 1.3165471987834108 2.5192352474403678e-06 -0.017593313150958658 0.20199572458777798 0.060822231297922656 0.2116864219533864 2.080030523317138
26.138499999984433 3.966373830530923 1.3259031337459037 2.522893829032766e-06 -0.017234642109003908 0.20218501244226175 0.06105811332705615 0.21190541604206964 2.080017575812463
26.13899999998443 3.9679708550854476 1.3351866636678493 2.5264929316023338e-06 -0.016879198991083682 0.20237498994739597 0.061291863312183066 0.2121255204426581 2.0800549963167945
26.13949999998443 3.969599380087494 1.3443972450698871 2.530032483637876e-06 -0.01652699985496924 0.20256562900481512 0.06152346832387111 0.2123466810028377 2.0801427649110362
26.13999999998443 3.971258947462778 1.3535342950456797 2.533512464058201e-06 -0.016178061795204774 0.20275690034256072 0.06175291417152486 0.21256884232795803 2.0802809556960633
26.140499999984428 3.972949005286041 1.362597253692897 2.536932997348124e-06 -0.015832399327700426 0.20294877057285476 0.06198018724395297 0.21279194523360248 2.0804693202814533
26.140999999984427 3.9746690281028663 1.3715855599227302 2.540294205079951e-06 -0.015490027472424098 0.20314120756626225 0.06220527397676078 0.21301593197012184 2.0807078431077346
26.141499999984426 3.9764184651911787 1.380498677740384 2.5435961412832927e-06 -0.015150960257026894 0.20333417819118477 0.0624281617115773 0.2132407442119853 2.0809963985046283
26.141999999984424 3.9781969230659047 1.3893360673175013 2.546838796099405e-06 -0.014815214213063393 0.20352765675315324 0.0626488377044477 0.2134663310719668 2.0813349265873997
26.142499999984423 3.9800036758386788 1.3980971900859709 2.550022500478114e-06 -0.014482800154384867 0.20372160190047978 0.06286728893153087 0.21369262644932321 2.0817231965575114
26.142999999984422 3.9818383703175506 1.4067814996486545 2.5531471166400863e-06 -0.014153735863717957 0.20391598972039518 0.06308350267818866 0.2139195816485654 2.0821611291608493
26.14349999998442 3.9837003443203796 1.4153885041922745 2.5562129329281458e-06 -0.013828031679639096 0.20411078233346955 0.06329746756879301 0.21414713475911015 2.082648540217694
26.14399999998442 3.9855891521827735 1.4239176819469492 2.5592199458478713e-06 -0.01350570291457959 0.20430595176878644 0.0635091716452031 0.21437523369649406 2.0831852608815984
26.14449999998442 3.9875041273821745 1.4323685241581774 2.5621684803922125e-06 -0.013186760114154237 0.20450145985033413 0.06371860269832207 0.21460381649228116 2.0837710327204184
26.144999999984417 3.9894448351151537 1.440740540588431 2.5650584464211334e-06 -0.012871218043814659 0.20469727931458298 0.06392575004378252 0.2148328325265577 2.0844056921571985
26.145499999984416 3.9914106549887847 1.4490332240570392 2.5678901465540197e-06 -0.01255908815151437 0.20489337419854872 0.0641306018608292 0.21506222257917873 2.085088991692736
26.145999999984415 3.993400998836034 1.4572461238035124 2.5706637565607536e-06 -0.012250380736083047 0.20508971059061165 0.06433314824838077 0.21529193013642656 2.0858206445765655
26.146499999984414 3.995415364017774 1.4653787318327476 2.5733793814339425e-06 -0.011945109575936641 0.20528625795643032 0.06453337763146297 0.21552190185004444 2.086600485977822
26.146999999984413 3.9974531529860324 1.4734306125356191 2.57603719589492e-06 -0.011643284171731074 0.20548298212924251 0.06473128038503634 0.21575208149938316 2.087428109910158
26.14749999998441 3.9995138199550366 1.4814012874738207 2.5786373895629357e-06 -0.011344916735139099 0.20567985081975715 0.06492684624575805 0.21598241486839873 2.0883033454515716
26.14799999998441 4.001596774919277 1.4892903141476734 2.5811801627513366e-06 -0.01105001694792188 0.20587683020802947 0.06512006520106652 0.21621284647968148 2.0892258476654546
26.14849999998441 4.003701442186468 1.4970972537199487 2.5836657311990246e-06 -0.010758595066184602 0.20607388707881938 0.06531092809663566 0.2164433219861866 2.0901952581375656
26.148999999984408 4.005827236718322 1.5048216616609693 2.586094253644563e-06 -0.010470661162815476 0.20627098775367816 0.06549942507517936 0.21667378664537057 2.091211253266962
26.149499999984407 4.007973607705568 1.5124631249592737 2.5884659320701957e-06 -0.01018622499457398 0.2064681004569428 0.06568554783510418 0.21690418824987237 2.0922735196211155
26.149999999984406 4.010139936926497 1.5200212161554194 2.5907810481293475e-06 -0.009905295495909634 0.20666519014693072 0.06586928732168876 0.21713447149081488 2.0933816406612378
26.150499999984405 4.012325705742281 1.5274955386360054 2.5930397323617382e-06 -0.009627881996028102 0.2068622268547578 0.06605063509012751 0.21736458636780717 2.094535234324454
26.150999999984403 4.014530256448696 1.534885685406122 2.5952422875583988e-06 -0.00935399226742452 0.2070591738615638 0.0662295829378679 0.2175944767398664 2.0957339699684323
26.151499999984402 4.016753069392609 1.5421912672014493 2.5973889012213113e-06 -0.009083635464483803 0.2072560012116842 0.06640612296619866 0.2178240933388939 2.0969774166224036
26.1519999999844 4.018993538288923 1.5494119016720176 2.5994798005909057e-06 -0.00881681935533902 0.2074526748709719 0.06658024770222651 0.21805338336920088 2.098265143092882
26.1524999999844 4.021251057106204 1.556547207040564 2.6015152796799083e-06 -0.008553551285022252 0.20764916090872293 0.06675194935215972 0.21828229430715518 2.0995967071363277
26.1529999999844 4.023525048851636 1.563596811786361 2.6034955632153486e-06 -0.00829383903651774 0.2078454268522302 0.06692122074371343 0.2185107755127382 2.100971646099845
26.153499999984398 4.025814931896759 1.5705603834930462 2.6054209184240488e-06 -0.008037688692417604 0.20804144047720619 0.0670880556999838 0.2187387771131385 2.1023895093863207
26.153999999984396 4.028120108187329 1.5774375455055227 2.607291566302156e-06 -0.0077851079846743875 0.20823716821377167 0.06725244697155963 0.21896624798284808 2.1038498286625686
26.154499999984395 4.030440000459747 1.5842279871794072 2.609107812823474e-06 -0.0075361020545008815 0.20843257832956777 0.06741438885832718 0.21919313941916385 2.1053521223037843
26.154999999984394 4.032774033105644 1.5909313285399382 2.610869851097424e-06 -0.007290679321149874 0.20862763822773098 0.06757387426499012 0.2194194018782877 2.1068959445074493
26.155499999984393 4.035121634756846 1.5975473013863293 2.6125779925349432e-06 -0.0070488434058791 0.20882231699554188 0.06773089867488308 0.21964498834267643 2.108480729825259
26.15599999998439 4.037482172526182 1.6040755578344759 2.614232556769355e-06 -0.0068106004042047166 0.20901657975829502 0.06788545584879098 0.21986984788169478 2.110105928994949
26.15649999998439 4.039855121848172 1.6105158004846953 2.6158337011793806e-06 -0.006575956242633097 0.20921039734322697 0.06803754073048482 0.22009393564037225 2.1117711099630556
26.15699999998439 4.042239832649058 1.616867740914472 2.6173818437899446e-06 -0.006344914235271849 0.20940373485384137 0.06818714858336233 0.22031720164190627 2.113475635612195
26.15749999998439 4.0446357711580685 1.6231310946341404 2.618877202207775e-06 -0.0061174794992257826 0.20959656285729053 0.06833427469592669 0.22053960146701987 2.1152189643620107
26.157999999984387 4.047042372949253 1.629305564484043 2.620319993100801e-06 -0.005893657563803022 0.2097888502724007 0.06847891439896105 0.22076108945046308 2.117000661037313
26.158499999984386 4.04945903933947 1.63539088871689 2.621710577983914e-06 -0.005673451495116728 0.20998056495661818 0.06862106360186179 0.22098161932889068 2.118820019744937
26.158999999984385 4.051885128090107 1.6413867882468114 2.6230493196832104e-06 -0.005456864551262538 0.210171672426602 0.06876071794782662 0.22120114284068762 2.120676436864458
26.159499999984384 4.05432015025008 1.6472930405404114 2.6243364016764183e-06 -0.005243900260199597 0.2103621461210722 0.06889787440999302 0.22141961997261542 2.122569408366812
26.159999999984382 4.056763508326745 1.6531093919121154 2.625572135159427e-06 -0.005034562080596917 0.21055195390722867 0.0690325299056186 0.22163700569775177 2.124498300775879
26.16049999998438 4.059214649199523 1.658835599176608 2.6267568020180797e-06 -0.004828853205261907 0.2107410659591059 0.06916468086695328 0.22185325732178396 2.1264624890420474
26.16099999998438 4.0616729764095165 1.6644714354273242 2.627890750447499e-06 -0.004626775573658022 0.21092945061828028 0.069294324320942 0.22206833086560188 2.128461421385518
26.16149999998438 4.06413793392331 1.6700166949974875 2.62897428972171e-06 -0.004428331242975854 0.21111707831815718 0.06942145826728231 0.2222821849432573 2.1304943541272783
26.161999999984378 4.066608953998522 1.6754711420428083 2.630007667388023e-06 -0.004233523017147292 0.21130391861721323 0.06954607935539853 0.22249477722821714 2.13256079574192
26.162499999984377 4.069085498312954 1.6808346185898706 2.630991182282555e-06 -0.00404235138730471 0.21148994339810404 0.06966818683005141 0.22270606866329135 2.1346599613712205
26.162999999984375 4.07156696945626 1.6861068909152257 2.6319252109137066e-06 -0.0038548185491230607 0.2116751208514311 0.06978777765783284 0.2229160163019556 2.136791327533508
26.163499999984374 4.074052870811441 1.6912878032665706 2.632809974731776e-06 -0.0036709257743184377 0.21185942477444614 0.06990485129232796 0.22312458357608703 2.138954136687599
26.163999999984373 4.076542606781045 1.6963771727792327 2.6336458725965975e-06 -0.003490673169174319 0.21204282411532605 0.0700194058887339 0.22333172918102873 2.1411478076487502
26.164499999984372 4.079035684734041 1.701374827324364 2.6344330636991443e-06 -0.003314062855267831 0.21222529264582118 0.07013144049597152 0.22353741699602125 2.143371681983244
26.16499999998437 4.081531481303022 1.706280622173204 2.6351720562127383e-06 -0.0031410929138391977 0.21240679849684516 0.07024095439818283 0.22374160584732639 2.145625000997043
26.16549999998437 4.08402949246864 1.7110944052295642 2.635863043321764e-06 -0.0029717643609670943 0.21258731516937174 0.07034794704115432 0.22394426004531565 2.1479071579710127
26.16599999998437 4.086529216531685 1.715816033553054 2.636506311983605e-06 -0.0028060776891722867 0.2127668164368186 0.0704524181317951 0.22414534451840354 2.1502174664673506
26.166499999984367 4.089030053451161 1.7204453818069523 2.637102268170108e-06 -0.0026440308235943354 0.21294527170555905 0.07055436751949326 0.22434482034766529 2.152555186821038
26.166999999984366 4.091531526177427 1.7249823285976094 2.6376511392200253e-06 -0.0024856240887817386 0.21312265610254383 0.0706537957282114 0.22454265457172656 2.1549196873023453
26.167499999984365 4.094033110480118 1.7294267546196278 2.638153253066091e-06 -0.002330856502375004 0.21329894271357955 0.07075070285357106 0.2247388124224204 2.1573102931283397
26.167999999984364 4.096534272439744 1.733778557014124 2.638608967721679e-06 -0.002179726345429989 0.21347410427983007 0.07084508959928265 0.22493325926893762 2.1597262734591074
26.168499999984363 4.0990344555045715 1.7380376261449262 2.639018576349629e-06 -0.00203223213379202 0.2136481123782711 0.07093695669286222 0.22512595966500396 2.1621668771251255
26.16899999998436 4.101533189616508 1.7422038968893543 2.6393823815911113e-06 -0.0018883716064299803 0.21382094326267825 0.07102630566454135 0.2253168831255623 2.164631433908359
26.16949999998436 4.104029977071269 1.7462772717588215 2.639700715202483e-06 -0.0017481435645727717 0.2139925714763731 0.07111313756770472 0.22550599767570773 2.1671193129559114
26.16999999998436 4.106524304938049 1.7502576728670851 2.6399738359626608e-06 -0.0016115458929747155 0.2141629710096501 0.07119745383734571 0.22569327119957824 2.1696297178871693
26.170499999984358 4.109015620772278 1.754145044534861 2.6402021529417443e-06 -0.0014785746958392253 0.21433211439278277 0.07127925642827442 0.22587867061805503 2.1721619059005817
26.170999999984357 4.111503499734807 1.7579393372027896 2.6403859207917047e-06 -0.0013492281643347136 0.2144999801296802 0.07135854773197373 0.22606216894183997 2.1747152889345625
26.171499999984356 4.1139874038929705 1.7616404829854413 2.6405254664902646e-06 -0.0012235032025218083 0.2146665412384661 0.07143532930298734 0.22624373396847677 2.1772890569227643
26.171999999984354 4.116466878390184 1.7652484628245504 2.6406210828765213e-06 -0.0011013961256934755 0.2148317752445517 0.07150960408064108 0.22642333847004664 2.179882554875313
26.172499999984353 4.118941427865709 1.7687632407841374 2.640673117783247e-06 -0.000982903493998447 0.21499565753131217 0.07158137493435006 0.22660095342714642 2.1824950041583246
26.172999999984352 4.121410557221472 1.7721847809364897 2.640681860042133e-06 -0.0008680216559980717 0.2151581635119298 0.07165064426148748 0.22677654995723837 2.1851257167032294
26.17349999998435 4.123873820435593 1.7755130527719742 2.6406476328824997e-06 -0.000756747477630874 0.21531927100891185 0.07171741476578251 0.22695010181808997 2.1877740032738893
26.17399999998435 4.126330722457169 1.7787480771809496 2.640570758764877e-06 -0.0006490752778192426 0.21547895608776224 0.07178169068554219 0.22712158183022346 2.1904390925998047
26.17449999998435 4.128780846293273 1.781889847584257 2.6404515015008274e-06 -0.0005450015087778011 0.2156371982569127 0.07184347529510353 0.22729096603519858 2.1931203312723584
26.174999999984347 4.131223707097965 1.7849383601313789 2.6402902092512362e-06 -0.00044452144082264864 0.21579397378514495 0.07190277207231774 0.2274582277100102 2.1958170098012326
26.175499999984346 4.13365884826357 1.7878936195753905 2.640087183172972e-06 -0.00034763053000685956 0.21594926043060558 0.07195958470102896 0.2276233418563559 2.198528354749613
26.175999999984345 4.1360857904124755 1.7907556528147992 2.6398427736658515e-06 -0.00025432291667585964 0.21610303511056417 0.07201391744811322 0.2277862831040696 2.201253643792763
26.176499999984344 4.13850417734404 1.7935244913482595 2.639557163462967e-06 -0.00016459461162052398 0.2162552806271988 0.0720657746153965 0.2279470319206894 2.2039923041987555
26.176999999984343 4.140913502034805 1.7962001837665427 2.6392308004862833e-06 -7.843843292303722e-05 0.2164059729108327 0.07211516117168404 0.22810556270045185 2.2067434821694216
26.17749999998434 4.143313344765304 1.798782746406212 2.6388638958183256e-06 4.149869942181284e-06 0.21655509152900798 0.07216208118280937 0.2282618532409496 2.209506518375435
26.17799999998434 4.14570328067911 1.8012722385072717 2.6384567957793392e-06 8.317686298694516e-05 0.2167026164362003 0.07220653943989253 0.22841588216796624 2.212280730067708
26.17849999998434 4.148082931083278 1.8036687262513178 2.638009727538344e-06 0.00015864799278685827 0.2168485297718392 0.07224854156077251 0.22856763067208907 2.215065415179361
26.178999999984338 4.150451821641896 1.80597225960734 2.637523088154038e-06 0.00023057017374507164 0.21699280906141452 0.07228809223341484 0.22871707550096737 2.217859860185561
26.179499999984337 4.152809568237609 1.8081829146373851 2.6369971162584764e-06 0.00029894952952284887 0.21713543629213083 0.07232519708814802 0.2288641981578479 2.2206634292964313
26.179999999984336 4.155155771502968 1.810300775394995 2.63643211112102e-06 0.0003637929308561279 0.2172763929206181 0.07235986183933299 0.2290089798922713 2.223475344676098
26.180499999984335 4.157489997327319 1.8123259036569288 2.635828400443467e-06 0.00042510687740685775 0.2174156584585103 0.0723920916959683 0.22915140016792893 2.226294970134793
26.180999999984333 4.159811908977799 1.8142584036924148 2.635186190971996e-06 0.0004828979148364857 0.2175532175201377 0.07242189293639216 0.22929144384440242 2.2291216392670052
26.181499999984332 4.1621210936067286 1.8160983750223427 2.63450583814644e-06 0.0005371738213313422 0.21768905111747963 0.0724492717007592 0.22942909253648155 2.231954653063106
26.18199999998433 4.16441715155385 1.8178459062216925 2.6337876220301843e-06 0.0005879416505789327 0.2178231407047574 0.07247423376908585 0.2295643283750442 2.2347933303883205
26.18249999998433 4.166699705008069 1.8195011173731261 2.633031838361123e-06 0.0006352092534003545 0.217955469215694 0.07249678594540848 0.22969713542890197 2.237637004762621
26.18299999998433 4.168968389156809 1.821064123660504 2.632238730732346e-06 0.000678984142959675 0.21808602005834526 0.07251693470944434 0.22982749831995558 2.2404850531838862
26.183499999984328 4.171222883397114 1.8225350392796382 2.6314085659853386e-06 0.0007192732109264867 0.21821477878654927 0.07253468654156009 0.22995540390801206 2.243336797552249
26.183999999984326 4.1734627726936395 1.8239139976407326 2.630541678339337e-06 0.0007560855281494626 0.21834172672419228 0.07255004848307708 0.2300808354233889 2.2461915506609103
26.184499999984325 4.1756876884260565 1.8252011348270567 2.629638346994439e-06 0.0007894294966691508 0.21846684738742203 0.07256302763565678 0.23020377839206385 2.249048678309261
26.184999999984324 4.177897305776951 1.8263965758099199 2.6286988278887426e-06 0.0008193126293297678 0.21859012629410876 0.07257363053893515 0.230324220254972 2.251907560920897
26.185499999984323 4.180091280459635 1.8275004778638626 2.6277233566948244e-06 0.0008457434855529374 0.21871154829524833 0.07258186515472008 0.2304421484648285 2.2547675388808455
26.185999999984322 4.182269243322966 1.8285129873370751 2.6267122707104256e-06 0.0008687313533559553 0.21883109715143106 0.07258773840217546 0.23055754930386907 2.257627995295738
26.18649999998432 4.1844309027284945 1.829434260605434 2.6256658025298593e-06 0.0008882841430720386 0.21894876025400622 0.07259125805067866 0.23067041295074092 2.260488303669117
26.18699999998432 4.186575922888142 1.830264462371094 2.624584216220967e-06 0.0009044110173806452 0.21906452307247326 0.07259243175851332 0.230780727914774 2.2633478256571595
26.18749999998432 4.188703946374962 1.8310037612031682 2.6234678176574953e-06 0.0009171216750713399 0.21917837011402455 0.07259126731896869 0.2308884820188768 2.26620596818318
26.187999999984317 4.190814684586634 1.8316523304556327 2.6223168301524385e-06 0.0009264247069465524 0.21929028913405518 0.07258777284088966 0.23099366644398667 2.269062124621679
26.188499999984316 4.192907853812938 1.8322103458108232 2.6211314995352497e-06 0.0009323289722468846 0.21940026818906713 0.07258195623555763 0.2310962727733346 2.271915698764752
26.188999999984315 4.194983068930883 1.832677987808276 2.619912172762463e-06 0.000934845111560012 0.21950829066748112 0.07257382560451396 0.23119628840017392 2.274766039476545
26.189499999984314 4.19704006602566 1.833055436287626 2.6186590518590644e-06 0.00093398189827438 0.21961434564386442 0.07256338878126405 0.23129370619666662 2.2776126315955882
26.189999999984312 4.199078557658758 1.8333429068609273 2.617372394870854e-06 0.0009297495063233273 0.21971842142755643 0.07255065516705486 0.23138851897605184 2.280454848003037
26.19049999998431 4.201098236673237 1.833540592750043 2.616052473203154e-06 0.0009221580662041865 0.21982050526316813 0.07253563284147742 0.2314807182928358 2.283292165073738
26.19099999998431 4.203098826595769 1.8336486773747511 2.614699536421673e-06 0.0009112165033550842 0.21992058563554856 0.07251833012817269 0.23157029711596708 2.2861239300743676
26.19149999998431 4.205080023552801 1.8336674004199138 2.6133138387146396e-06 0.0008969365500490036 0.22001865048124308 0.07249875648459887 0.23165724842226582 2.2889496595688366
26.191999999984308 4.2070415740058165 1.833596951253863 2.611895644186731e-06 0.0008793273088501775 0.22011468949951893 0.07247692006769907 0.23174156660488285 2.291768789693143
26.192499999984307 4.208983184339986 1.833437558634909 2.6104452066028913e-06 0.0008583997833048176 0.2202086909438544 0.07245283028060236 0.23182324523883216 2.2945806962781323
26.192999999984306 4.210904597142483 1.8331894457526576 2.6089627618805838e-06 0.0008341644261412569 0.2203006447592742 0.07242649609581261 0.23190227952385142 2.297384897768222
26.193499999984304 4.212805562285463 1.8328528234164763 2.607448540340473e-06 0.0008066310532154151 0.22039054104708952 0.07239792622585044 0.2319786648778041 2.3001808864811353
26.193999999984303 4.214685783596038 1.8324279458528818 2.605902857992403e-06 0.0007758119621014141 0.22047836833065712 0.07236713056792829 0.23205239574842795 2.3029680918123256
26.194499999984302 4.216545036508528 1.8319150334727652 2.604325888051794e-06 0.000741716902848279 0.22056411802739914 0.07233411802580036 0.23212346916186405 2.305745974047454
26.1949999999843 4.218383077731904 1.8313143343885603 2.6027179099345545e-06 0.0007043571538731914 0.2206477810670724 0.0722988982884086 0.23219188207717464 2.3085141035693177
26.1954999999843 4.220199629266997 1.830626079192399 2.6010791929068333e-06 0.0006637439052812225 0.22072934653190437 0.07226148041128655 0.2322576296434717 2.3112718687418377
26.1959999999843 4.221994477502645 1.8298505192471983 2.599409941795107e-06 0.0006198880264013792 0.22080880678270917 0.07222187411331768 0.23232071047241779 2.314018839251437
26.196499999984297 4.223767390392365 1.82898792292441 2.5977104085810584e-06 0.0005728013471036634 0.22088615350621113 0.07218008963969458 0.23238112284036122 2.316754525555349
26.196999999984296 4.225518115477268 1.8280385202498213 2.595980854278174e-06 0.0005224948284268747 0.22096137702839858 0.07213613581591002 0.23243886342344572 2.319478385599427
26.197499999984295 4.227246451138754 1.8270025842146096 2.59422147951313e-06 0.00046897995083484446 0.22103447052308783 0.07209002298958303 0.23249393221384226 2.3221900056813225
26.197999999984294 4.228952176306029 1.8258803845106695 2.5924325529283094e-06 0.0004122686870684062 0.2211054262880279 0.07204176116036247 0.23254632839623074 2.324888893995115
26.198499999984293 4.230635058746796 1.8246721733389086 2.590614305518638e-06 0.0003523723349161844 0.22117423581262938 0.07199135998562906 0.23259605040959624 2.3275745516679627
26.19899999998429 4.232294901468298 1.8233782237201115 2.588766955932081e-06 0.00028930261116597 0.2212408925617537 0.07193882945967595 0.2326430988049089 2.33024660003695
26.19949999998429 4.233931478044116 1.8219988177770143 2.5868908030546907e-06 0.00022307208190498968 0.2213053887253267 0.07188417997303374 0.23268747317038188 2.332904501684161
26.19999999998429 4.235544598329838 1.8205342186429991 2.5849860085454247e-06 0.00015369189458623307 0.2213677179484628 0.0718274212158332 0.2327291743839293 2.335547905335036
26.200499999984288 4.237134036468059 1.8189847134948376 2.5830528877612554e-06 8.11749168917375e-05 0.22142787254032104 0.07176856360508192 0.2327682024010936 2.338176277869071
26.200999999984287 4.238699636220801 1.8173505812297748 2.5810916044605316e-06 5.532433848122508e-06 0.22148584794060427 0.0717076172630286 0.23280456018325177 2.3407892715375667
26.201499999984286 4.24024120535384 1.8156321170608614 2.579102397705879e-06 -7.322309492929714e-05 0.22154163810426564 0.07164459292302938 0.23283824958681 2.3433864366209054
26.201999999984285 4.241758527668363 1.813829607673748 2.5770855420941034e-06 -0.0001550788387220997 0.22159523579993604 0.07157950070491226 0.23286927126574689 2.3459673470698794
26.202499999984283 4.243251447529299 1.8119433435257353 2.5750412318812273e-06 -0.0002400229801544024 0.2216466366845867 0.0715123510018553 0.23289762882097517 2.348531638963479
26.202999999984282 4.244719756988177 1.8099736094066636 2.572969752848438e-06 -0.000328042934901444 0.22169583387962824 0.07144315401106853 0.23292332349251785 2.351078846438977
26.20349999998428 4.246163325563307 1.8079207221701759 2.570871266739146e-06 -0.00041912630086449014 0.22174282453607716 0.07137192083954207 0.2329463607451712 2.353608631032798
26.20399999998428 4.2475819616478 1.8057849635139394 2.5687460227070344e-06 -0.0005132607542646438 0.22178760254405344 0.07129866135991496 0.23296674267061537 2.3561205963382985
26.20449999998428 4.248975483974457 1.8035666515935014 2.566594294491726e-06 -0.0006104328133223287 0.22183016272059453 0.07122338663525232 0.23298447271150854 2.3586143807058177
26.204999999984278 4.250343759203084 1.801266086610303 2.564416271423092e-06 -0.000710630446708439 0.2218705019110671 0.0711461071157147 0.23299955616185491 2.361089568072375
26.205499999984276 4.251686614856394 1.7988835781765433 2.5622121914550232e-06 -0.000813840676072083 0.22190861523886804 0.07106683359106118 0.23301199688114255 2.363545841175674
26.205999999984275 4.253003884859837 1.7964194354601368 2.5599823156078435e-06 -0.0009200504207823438 0.22194449813853115 0.07098557664899205 0.23302179906380252 2.3659827796012207
26.206499999984274 4.2542954245202145 1.7938739633467096 2.557726842722215e-06 -0.0010292471576799035 0.22197814702716498 0.070902346672047 0.23302896787937846 2.368400106834907
26.206999999984273 4.2555611220951945 1.7912475014570142 2.555445988963665e-06 -0.0011414176951313063 0.22200956024635743 0.0708171553277229 0.2330335108173213 2.3707974381086823
26.20749999998427 4.256800793928855 1.7885403342125896 2.553140010797271e-06 -0.001256549374280498 0.22203873218880368 0.07073001212252433 0.23303543104685548 2.373174439648797
26.20799999998427 4.258014309728794 1.785752805715238 2.550809137710503e-06 -0.001374628599872278 0.22206566033788738 0.07064092893941266 0.23303473549347253 2.3755307703219906
26.20849999998427 4.259201563790419 1.782885229923377 2.5484535620456785e-06 -0.0014956428808991396 0.22209034312486897 0.0705499161580783 0.23303143162857046 2.377866151759286
26.208999999984268 4.260362390182312 1.77993792759165 2.546073560121864e-06 -0.0016195785745737486 0.22211277614893452 0.0704569845741816 0.2330255244359132 2.380180215316799
26.209499999984267 4.261496682145581 1.7769112232976936 2.543669310513942e-06 -0.001746422930010345 0.22213295787130005 0.07036214504727453 0.23301702174166788 2.3824726935510716
26.209999999984266 4.262604305193914 1.7738054568710029 2.5412410894666074e-06 -0.0018761619764913636 0.22215088565780472 0.07026540881821448 0.23300593052259394 2.384743218271857
26.210499999984265 4.26368511889334 1.7706209397075154 2.538789126627422e-06 -0.0020087826861311915 0.22216655625520085 0.07016678613866091 0.2329922569597625 2.3869915482680346
26.210999999984264 4.264739050076258 1.7673580153767547 2.5363136133564966e-06 -0.0021442720981166515 0.2221799699223044 0.07006628850310086 0.2329760110442846 2.3892173414779854
26.211499999984262 4.265765955735183 1.7640170135708557 2.5338147975231097e-06 -0.002282616333433726 0.22219112353308718 0.06996392654381352 0.2329571993556958 2.3914203981414843
26.21199999998426 4.266765756488834 1.7605982697738585 2.5312928820432563e-06 -0.0024238025381883585 0.2222000169831629 0.06985971142444448 0.2329358316068369 2.3936003612252916
26.21249999998426 4.267738319105821 1.7571021131696911 2.5287481260999193e-06 -0.002567816989099127 0.22220664759669995 0.0697536538124261 0.2329119149816885 2.395756950410205
26.21299999998426 4.2686835397156075 1.753528884681449 2.526180763195405e-06 -0.0027146459134809752 0.22221101425195153 0.06964576459316747 0.2328854582903009 2.3978899500685875
26.213499999984258 4.269601342417585 1.7498789189517057 2.523590985571988e-06 -0.002864276487089805 0.22221311700417448 0.06953605480284294 0.23285647160010264 2.3999990875823185
26.213999999984257 4.270491614350796 1.7461525631078616 2.520979051529017e-06 -0.0030166945251983075 0.22221295438654834 0.06942453551329283 0.23282496359774874 2.4020840777932264
26.214499999984255 4.271354247105831 1.742350160036688 2.518345206390242e-06 -0.0031718860855678437 0.22221052509338599 0.06931121766134515 0.23279094315998744 2.404144675422402
26.214999999984254 4.272189197940424 1.7384720346945026 2.5156896321563513e-06 -0.0033298389796857864 0.22220583067906896 0.06919611172060885 0.2327544218541437 2.406180685566039
26.215499999984253 4.272996339859535 1.734518546361357 2.5130125968349444e-06 -0.0034905383595453814 0.22219886914829276 0.06907922912951375 0.23271540818335912 2.408191794391521
26.215999999984252 4.273775611168177 1.730490038494286 2.51031431483223e-06 -0.0036539709110671196 0.22218964141097872 0.06896058075199012 0.2326739133452867 2.410177833168739
26.21649999998425 4.274526913184732 1.7263868417342334 2.507595038377955e-06 -0.0038201230957201526 0.22217814652972076 0.06884017694337252 0.23262994669096962 2.4121385379483185
26.21699999998425 4.2752502160841255 1.7222093302545107 2.5048549508839104e-06 -0.003988981103088934 0.22216438724988097 0.06871802962058034 0.23258352161597956 2.414073726078248
26.21749999998425 4.275945391583896 1.717957825216213 2.502094336515745e-06 -0.004160531186782473 0.22214836111579359 0.06859414879689707 0.23253464605378718 2.415983119460978
26.217999999984247 4.276612398548219 1.7136326828763282 2.4993133978825843e-06 -0.0043347598193505844 0.22213007019811615 0.06846854561966648 0.23248333266749213 2.417866549012772
26.218499999984246 4.277251157751035 1.7092342464539145 2.496512390111736e-06 -0.0045116531083102054 0.2221095146463979 0.06834123060974175 0.23242959215960876 2.419723814330758
26.218999999984245 4.277861625486393 1.7047628816420215 2.493691515178376e-06 -0.004691197215328961 0.2220866964764225 0.06821221531236064 0.23237343738246757 2.4215546878900502
26.219499999984244 4.27844374302895 1.7002189224958428 2.4908510091650374e-06 -0.004873378937096122 0.2220616167062853 0.06808151000457027 0.23231487993879363 2.4233590190191627
26.219999999984243 4.278997421684695 1.6956027326362841 2.4879911376780474e-06 -0.0050581835239914665 0.22203427525917632 0.06794912588141135 0.23225393068466665 2.425136540769795
26.22049999998424 4.279522638938877 1.6909146534030817 2.4851120988937068e-06 -0.0052455980142967875 0.22200467496682616 0.06781507332087773 0.23219060311556483 2.4268871593861143
26.22099999998424 4.280019345215672 1.6861550508476084 2.482214138220854e-06 -0.005435608213122052 0.221972817631039 0.06767936365243958 0.23212491005514296 2.4286106409414714
26.22149999998424 4.280487477438825 1.6813242663144121 2.479297494384368e-06 -0.005628200436639403 0.22193870415184927 0.06754200718770988 0.23205686323765928 2.430306827130294
26.221999999984238 4.280927012138565 1.6764226375771483 2.4763623827231534e-06 -0.005823361796568834 0.22190233729372238 0.06740301420311681 0.2319864762495785 2.4319755426577525
26.222499999984237 4.281337863449402 1.6714505498793195 2.4734090942033913e-06 -0.006021076512733597 0.22186371744157263 0.067262396205148 0.2319137607444295 2.433616625534424
26.222999999984236 4.281720042295728 1.6664083366919027 2.4704377989303134e-06 -0.00622133252355132 0.22182284884729642 0.06712016349116551 0.23183873187235107 2.435229924611918
26.223499999984234 4.282073500227569 1.6612963565144458 2.4674487570028757e-06 -0.006424115545222705 0.2217797334014989 0.06697632667952819 0.2317614026184282 2.4368152753781454
26.223999999984233 4.282398203586279 1.6561149686509082 2.4644421952906216e-06 -0.006629411635469229 0.22173437360214276 0.06683089656468548 0.23168178666223813 2.4383725222494386
26.224499999984232 4.282694123249776 1.6508645242670974 2.461418374850789e-06 -0.006837207075961471 0.22168677216201618 0.06668388359365719 0.23159989784830579 2.4399015448462285
26.22499999998423 4.282961249751141 1.645545377676655 2.458377486689859e-06 -0.007047488454723508 0.22163693268218823 0.06653529831997536 0.2315157509648456 2.4414021733405566
26.22549999998423 4.28319951571029 1.6401578565819115 2.455319880044577e-06 -0.007260241938312928 0.22158485587777346 0.06638515017640245 0.23142935775592513 2.4428742819854143
26.22599999998423 4.283408951560523 1.634702365517049 2.4522456691278786e-06 -0.007475453177587627 0.22153054774848221 0.06623345142044243 0.23134073587031093 2.4443177408765058
26.226499999984227 4.2835895256545236 1.6291792282939113 2.4491551143974387e-06 -0.007693109320669168 0.22147401056083832 0.066080211580862 0.23124989869726123 2.4457324133771032
26.226999999984226 4.283741220717653 1.623588806423863 2.4460484720171436e-06 -0.007913196206390421 0.22141524773839993 0.0659254410908007 0.23115686100194924 2.4471182027740097
26.227499999984225 4.283864012020531 1.6179314625806587 2.4429259984226428e-06 -0.008135699644790722 0.2213542623326735 0.0657691505899064 0.2310616372980813 2.448474960012053
26.227999999984224 4.283957926473258 1.6122075452657088 2.4397879010141505e-06 -0.008360606727057402 0.22129105967761548 0.0656113502050946 0.2309642442323531 2.449802576106694
26.228499999984223 4.284022942320235 1.606417401030893 2.4366344249708764e-06 -0.008587903860159174 0.22122564277505996 0.06545205002063408 0.23086469623104647 2.4511009731952718
26.22899999998422 4.284059075397807 1.6005614003152306 2.4334658044976375e-06 -0.008817577058890741 0.22115801672366306 0.06529126072907752 0.2307630099342741 2.452370006200387
26.22949999998422 4.284066313899292 1.5946398877287213 2.4302822979809623e-06 -0.009049612716409415 0.22108818504839117 0.06512899208551072 0.2306592002682381 2.4536095828942783
26.22999999998422 4.284044643858056 1.5886531739552434 2.427084202125561e-06 -0.009283998164655262 0.22101615083840193 0.06496525259491127 0.23055328147320994 2.4548196277068897
26.230499999984218 4.283994117126759 1.5826016868328616 2.4238716313371758e-06 -0.009520718604957366 0.2209419213349549 0.06480005536527936 0.23044527302871598 2.456000022110138
26.230999999984217 4.28391470367022 1.576485752774381 2.420644889620272e-06 -0.009759760490772868 0.2208654990636722 0.0646334092780518 0.23033518879317244 2.457150670334397
26.231499999984216 4.283806467229603 1.5703057153109654 2.41740416862949e-06 -0.010001111511792561 0.22078689109982028 0.06446532412777062 0.23022304734299243 2.458271540447904
26.231999999984215 4.283669374913623 1.5640619324794935 2.4141497632856505e-06 -0.010244757036370216 0.22070610013731914 0.0642958098709992 0.2301088630442693 2.459362483749298
26.232499999984213 4.283503471119436 1.5577547528308369 2.410881882069691e-06 -0.010490684261528813 0.22062313237338066 0.06412487645888133 0.22999265374221003 2.460423450611946
26.232999999984212 4.2833087972297985 1.5513845370386734 2.4076007445333544e-06 -0.010738879732776596 0.2205379940482239 0.06395253399907773 0.22987443738187305 2.461454387291863
26.23349999998421 4.2830853489748355 1.5449516283606974 2.4043066342256116e-06 -0.01098932971532555 0.22045068907537813 0.06377879191250879 0.22975422951323504 2.462455199462489
26.23399999998421 4.282833166697287 1.5384563809532636 2.4009997660028695e-06 -0.011242021094186368 0.2203612235334675 0.06360366027342958 0.22963204801513834 2.46342581129311
26.23449999998421 4.282552307453183 1.5318991456813547 2.397680348254724e-06 -0.01149694084927769 0.2202696043105761 0.06342714867523058 0.22950791145644492 2.4643662046306583
26.234999999984208 4.282242795027243 1.5252802716693337 2.3943486531478533e-06 -0.011754075472732993 0.2201758367446053 0.06324926673475487 0.22938183694200803 2.465276295449329
26.235499999984206 4.281904655518344 1.5186001047756603 2.3910049221305434e-06 -0.012013411684782262 0.22007992617050512 0.06307002400779528 0.22925384160765316 2.4661560149520994
26.235999999984205 4.281537956340608 1.5118589930637687 2.387649348923535e-06 -0.01227493671747163 0.21998187995396237 0.06288942996421737 0.22912394458179539 2.4670053324885686
26.236499999984204 4.281142717406177 1.5050572981066002 2.3842822233934093e-06 -0.012538636492823958 0.21988170337524945 0.06270749456877477 0.22899216309601794 2.467824193387152
26.236999999984203 4.280719003821404 1.4981953292633206 2.3809037913119743e-06 -0.012804499237621628 0.21977940334408502 0.06252422578492349 0.22885851556149786 2.4686125601762745
26.237499999984202 4.280266878316805 1.4912734742509666 2.3775142210509663e-06 -0.01307251111072777 0.21967498732004698 0.062339634796129806 0.2287230217256622 2.4693703898369677
26.2379999999842 4.279786391462919 1.4842920636207846 2.3741137608086977e-06 -0.013342659281527796 0.2195684617709378 0.062153730092529856 0.228585699739887 2.4700976527849763
26.2384999999842 4.279277590058868 1.4772514358446311 2.370702677594139e-06 -0.013614930885189107 0.21945983298036978 0.06196652088552585 0.2284465678127745 2.470794303963322
26.2389999999842 4.278740562302406 1.4701519545053732 2.367281170285626e-06 -0.013889312715165223 0.21934910952531816 0.0617780168989758 0.22830564651190693 2.471460320932996
26.239499999984197 4.27817535475929 1.4629939447231697 2.3638494961682607e-06 -0.01416579223270914 0.21923629756772947 0.06158822670270487 0.22816295384915158 2.472095688907588
26.239999999984196 4.277582055992022 1.4557777556448845 2.3604078738073024e-06 -0.014444356733496679 0.21912140553932177 0.061397159622501626 0.22801851025011843 2.4727003671220813
26.240499999984195 4.276960722756992 1.44850372461016 2.3569565287005406e-06 -0.014724993391716337 0.21900444020557785 0.061204824516503026 0.22787233444242536 2.4732743633655003
26.240999999984194 4.276311448978167 1.4411721997838478 2.3534956874915685e-06 -0.015007689528687314 0.21888541026148156 0.061011230589477605 0.22772444714691698 2.4738176381998915
26.241499999984192 4.275634281466428 1.4337835370804206 2.350025582490223e-06 -0.015292431515741872 0.21876432221908756 0.060816387289208226 0.2275748670230335 2.4743301918845795
26.24199999998419 4.274929324791157 1.4263380420558596 2.346546470040268e-06 -0.01557920813685945 0.21864118485339426 0.06062030231607007 0.2274236146339237 2.4748120118570007
26.24249999998419 4.274196679090354 1.4188360898943717 2.343058527977977e-06 -0.015868005974683925 0.21851600738954685 0.06042298576385027 0.22727071150436334 2.4752631064932156
26.24299999998419 4.273436412781716 1.411277991837589 2.3395620209664895e-06 -0.016158812938716436 0.2183887969821933 0.06022444529518901 0.22711617664541484 2.475683457040457
26.243499999984188 4.272648639370144 1.4036640884623068 2.3360571467401214e-06 -0.016451616918832325 0.21825956315690295 0.0600246898395054 0.22696003172147944 2.476073086345931
26.243999999984187 4.2718334264112325 1.3959947173833114 2.3325441538824026e-06 -0.016746404933561138 0.2181283132647306 0.05982372793102221 0.2268022961732976 2.4764319864881137
26.244499999984185 4.270990914296245 1.388270211873498 2.3290232374633164e-06 -0.017043165471232517 0.21799505806016567 0.05962156819800295 0.22664299288158885 2.476760186943569
26.244999999984184 4.27012117136985 1.380490906862546 2.325494644179939e-06 -0.01734188566621857 0.21785980490067114 0.05941821910700386 0.2264821413526166 2.4770576660291743
26.245499999984183 4.269224323906532 1.3726571385372957 2.3219585713046834e-06 -0.017642553627407083 0.21772256391149414 0.059213689276396794 0.22631976390145925 2.477324473127819
26.245999999984182 4.268300501727782 1.3647692343268525 2.318415202554872e-06 -0.017945157628190444 0.21758334529507706 0.05900798675635724 0.2261558828178824 2.47756063654034
26.24649999998418 4.267349785622438 1.3568275448172078 2.3148648141664213e-06 -0.018249684447837262 0.21744215719633014 0.05880112061909043 0.2259905185946968 2.4777661364747976
26.24699999998418 4.266372312937995 1.348832384247502 2.3113075500422922e-06 -0.01855612302983127 0.2172990100310361 0.058593098505641344 0.22582369374106506 2.4779410514287594
26.24749999998418 4.265368201207475 1.3407840699000588 2.3077436627310565e-06 -0.01886446174841263 0.21715391334212647 0.05838392825134324 0.22565542996993246 2.478085376799453
26.247999999984177 4.264337564329536 1.3326829525856305 2.3041733928793273e-06 -0.019174687712469423 0.2170068768826536 0.05817361863729984 0.22548574936920493 2.4781991579136227
26.248499999984176 4.263280548330607 1.3245293421289959 2.300596915706813e-06 -0.019486790108324693 0.2168579114345617 0.05796217723531547 0.22531467491120996 2.4782824239437558
26.248999999984175 4.262197292261342 1.3163235689803232 2.297014416011849e-06 -0.019800757214758637 0.21670702769244393 0.057749612162892316 0.2251422295850691 2.4783352428514984
26.249499999984174 4.261087901479081 1.3080659724284305 2.293426139309677e-06 -0.02011657625621646 0.21655423490753756 0.05753593164013356 0.22496843495557162 2.47835763285596
26.249999999984173 4.259952554749674 1.2997568612831134 2.289832243839667e-06 -0.0204342368984486 0.2163995454212381 0.05732114312198502 0.22479331561448063 2.4783496607112117
26.25049999998417 4.258791383600881 1.2913965587951803 2.2862329500031435e-06 -0.020753727532474613 0.21624296950239852 0.05710525456862573 0.22461689421113232 2.478311364069908
26.25099999998417 4.257604515677984 1.2829853907802464 2.2826284805620686e-06 -0.021075036077707138 0.21608451733371178 0.056888273579750875 0.22443919320810354 2.4782428151996316
26.25149999998417 4.2563921117826755 1.2745236776499844 2.279018981611944e-06 -0.0213981515418402 0.21592420052941513 0.05667020794194276 0.22426023662668704 2.478144044610336
26.251999999984168 4.25515433685327 1.2660117432292477 2.2754046893091952e-06 -0.021723062560724437 0.2157620309844706 0.05645106540895771 0.22408004874902904 2.4780151377412043
26.252499999984167 4.253891359184312 1.2574499039428553 2.2717857578730893e-06 -0.022049758233184544 0.2155980206773552 0.05623085345464317 0.22389865394497735 2.4778561600804094
26.252999999984166 4.252603313828977 1.2488384804054604 2.268162389639901e-06 -0.022378226937331946 0.21543218002002928 0.05600957969954144 0.22371607507544092 2.477667173586113
26.253499999984165 4.251290403967799 1.240177810265009 2.2645347271479758e-06 -0.0227084576109508 0.2152645228414031 0.05578725238516557 0.22353233853268628 2.4774482529695265
26.253999999984163 4.249952762626275 1.2314681719990688 2.26090302162449e-06 -0.023040439622633302 0.21509505916796298 0.055563877298377 0.22334746651104598 2.4771994816864735
26.254499999984162 4.248590571663924 1.2227098988554976 2.257267429662553e-06 -0.02337416161916924 0.21492380177486275 0.0553394623965314 0.223161484354036 2.476920926933709
26.25499999998416 4.247204029355335 1.2139033062696238 2.2536281091558046e-06 -0.023709613135982847 0.21475076404412866 0.055114015114668055 0.22297441798254536 2.4766126878018184
26.25549999998416 4.245793293853136 1.2050487005168276 2.249985262820114e-06 -0.024046783220176098 0.21457595737725838 0.05488754240353788 0.22278629127193916 2.4762748407335193
26.25599999998416 4.244358576042005 1.1961463988466123 2.246339033276792e-06 -0.024385661394968876 0.21439939582763884 0.05466005153103658 0.2225971308132749 2.475907474626255
26.256499999984158 4.24290005240627 1.1871967139088444 2.2426896059613295e-06 -0.0247262368162287 0.21422109173032766 0.05443154969928336 0.2224069615184993 2.4755106960881226
26.256999999984156 4.241417911093989 1.1781999661437914 2.239037133736475e-06 -0.02506849838114366 0.21404105809742946 0.05420204404902863 0.2222158089372703 2.475084591996854
26.257499999984155 4.239912348030462 1.1691564404796329 2.235381817383243e-06 -0.02541243651010604 0.21385930791752222 0.053971540972773555 0.22202369861642593 2.474629267995155
26.257999999984154 4.2383835806421475 1.1600664468710873 2.2317237504573433e-06 -0.025758040997690364 0.21367585546027645 0.053740047267361896 0.22183065740113098 2.4741448322968305
26.258499999984153 4.236831800979266 1.1509303364518633 2.2280631046516507e-06 -0.02610529982966536 0.2134907142187067 0.05350757125572461 0.22163671157661735 2.47363138747372
26.25899999998415 4.235257237288553 1.1417483687595695 2.224400048994682e-06 -0.026454204759125226 0.213303898456077 0.053274118418230564 0.2214418879508522 2.4730890504396674
26.25949999998415 4.233660077905979 1.1325208666655575 2.2207347411256365e-06 -0.02680474444272139 0.21311542125042135 0.05303969577446636 0.22124621223250826 2.472517942112129
26.25999999998415 4.232040548635323 1.1232481314389653 2.2170673200964156e-06 -0.02715690909079147 0.21292529718073883 0.05280430997697851 0.2210497117008215 2.471918173477424
26.260499999984148 4.230398868481184 1.113930469439053 2.2133979302311855e-06 -0.0275106884361296 0.21273354061177488 0.05256796757115699 0.22085241337602285 2.471289872955916
26.260999999984147 4.2287352685770765 1.104568183477595 2.209726702638017e-06 -0.027866072790274657 0.21254016640389936 0.05233067533496071 0.22065434491249697 2.4706331628151186
26.261499999984146 4.227049968715221 1.0951615624434472 2.2060537805225672e-06 -0.02822305241084657 0.21234518874379604 0.052092439138995444 0.22045553312510371 2.469948185407737
26.261999999984145 4.2253432150380545 1.085710945454641 2.2023792635911766e-06 -0.028581616737753033 0.21214862354923597 0.051853267084172164 0.2202560069475558 2.4692350643063254
26.262499999984144 4.22361523960002 1.0762165936280088 2.198703319803574e-06 -0.028941756927300073 0.21195048540862427 0.05161316387487816 0.2200557934801204 2.468493942000642
26.262999999984142 4.221866281630428 1.0666788291255502 2.1950260644136878e-06 -0.029303462585345153 0.21175078976773062 0.05137213667939454 0.21985492105876267 2.4677249626479405
26.26349999998414 4.220096584736246 1.0570979382881263 2.1913476076513058e-06 -0.029666724665740385 0.21154955188599744 0.05113019155558136 0.2196534177837204 2.4669282701371693
26.26399999998414 4.218306398173764 1.047474223349122 2.187668070064122e-06 -0.030031533476771344 0.21134678754035888 0.05088733485891026 0.21945131226684178 2.466104017047448
26.26449999998414 4.216495981436353 1.0378079960362354 2.183987563970105e-06 -0.030397879129472862 0.21114251308769416 0.05064357319893835 0.21924863373556827 2.46525235672549
26.264999999984138 4.214665565638963 1.0280995268319868 2.180306194781316e-06 -0.030765752656628235 0.21093674308702212 0.050398911706787966 0.21904540949747797 2.464373442428411
26.265499999984137 4.212815443561801 1.0183491381666188 2.1766240838215464e-06 -0.03113514447603434 0.2107294955564873 0.050153357664854015 0.21884167062991888 2.463467441957926
26.265999999984135 4.210945855286931 1.0085570955425183 2.172941322476066e-06 -0.03150604603377788 0.21052078541580793 0.04990691615655472 0.21863744489228867 2.46253450602055
26.266499999984134 4.209057106533314 0.9987237206160924 2.169257983309141e-06 -0.031878447645421366 0.21031063134072558 0.04965959386391797 0.21843276389302438 2.4615748356650444
26.266999999984133 4.207149437304586 0.9888492952299978 2.165574173674145e-06 -0.03225234037327633 0.21009904839373647 0.04941139669740612 0.21822765571552963 2.460588576411268
26.267499999984132 4.2052231263955715 0.9789341096186112 2.1618900177784518e-06 -0.03262771500041096 0.20988605371571678 0.04916233013998614 0.21802215033179034 2.459575910194558
26.26799999998413 4.203278474537252 0.9689784695585603 2.1582055330176666e-06 -0.0330045625886016 0.20967166548216074 0.048912400584129344 0.2178162789798558 2.4585370210575506
26.26849999998413 4.201315759942334 0.9589826624215148 2.1545208355138696e-06 -0.033382874376396754 0.20945590069550332 0.048661613898929854 0.21761007169945826 2.457472104291268
26.26899999998413 4.199335257784489 0.9489469684843599 2.1508360010808678e-06 -0.03376264170282965 0.2092387761191743 0.04840997548103858 0.2174035582337105 2.4563813336535687
26.269499999984127 4.1973372665296385 0.9388716980429335 2.1471511109655933e-06 -0.03414385499105295 0.20902031004150456 0.0481574914123428 0.21719676982548938 2.455264895147403
26.269999999984126 4.195322101078563 0.9287571144988039 2.143466220894321e-06 -0.03452650698140049 0.20880052087103765 0.04790416684599625 0.21698973800980167 2.4541230143217545
26.270499999984125 4.1932900185289625 0.918603525696307 2.139781414668105e-06 -0.03491058762713189 0.20857942487062758 0.047650007837291994 0.21678249203920372 2.452955864281872
26.270999999984124 4.191241380858744 0.908411221872719 2.1360966900526188e-06 -0.03529608951332076 0.20835704298866808 0.047395020374882926 0.21657506609545246 2.451763664344676
26.271499999984123 4.189176463909515 0.898180483068264 2.1324121557165956e-06 -0.03568300361967584 0.2081333921171437 0.04713920942474404 0.2163674899949167 2.4505466241039917
26.27199999998412 4.187095566383511 0.8879116149445733 2.1287278536284893e-06 -0.03607132082039733 0.20790849040968712 0.046882581206791014 0.21615979503777835 2.4493049518817696
26.27249999998412 4.184999051460493 0.8776048860055724 2.125043794638916e-06 -0.03646103427768115 0.207682358682823 0.046625140789632605 0.21595201523095833 2.4480388642602
26.27299999998412 4.18288720591491 0.8672605957479098 2.121360023821177e-06 -0.03685213478246059 0.207455014471647 0.046366894032214834 0.21574418121852218 2.44674858428191
26.273499999984118 4.180760374748292 0.8568790346707188 2.1176766064408905e-06 -0.03724461391080699 0.20722647813560094 0.04610784607373366 0.21553632634757622 2.4454343394877904
26.273999999984117 4.178618854801627 0.8464604838528207 2.113993559576535e-06 -0.03763846369824996 0.20699676734473327 0.04584800275876933 0.21532848162215382 2.444096362426606
26.274499999984116 4.176463004579219 0.8360052417018056 2.1103109175982573e-06 -0.03803367552833964 0.20676590321827096 0.04558736922923183 0.2151206811097081 2.4427348710256727
26.274999999984114 4.174293164527431 0.8255135608688102 2.1066286763418707e-06 -0.03843024293980022 0.20653390526188564 0.04532595020822758 0.21491295763033078 2.4413501349067217
26.275499999984113 4.172109657610269 0.8149857681654826 2.102946892317929e-06 -0.03882815603343016 0.2063007931266821 0.04506375211588031 0.21470534390279153 2.4399423496614725
26.275999999984112 4.169912814445268 0.8044221190907525 2.099265540407678e-06 -0.039227407903505894 0.20606658591764834 0.04480077941481653 0.2144978722476254 2.4385117856565754
26.27649999998411 4.167703022721857 0.793822918384353 2.095584647724625e-06 -0.03962799049292651 0.20583130608993372 0.04453703796641101 0.2142905782996933 2.4370587058456588
26.27699999998411 4.1654806163533955 0.7831884514894067 2.0919041934485015e-06 -0.040029895677243216 0.205594973318878 0.044272532878119004 0.21408349485508044 2.435583343808253
26.27749999998411 4.163245941668424 0.7725189973214939 2.0882241912047752e-06 -0.040433115788917694 0.20535760780689385 0.04400726923967853 0.2138766553004409 2.4340859847371594
26.277999999984107 4.160999379357289 0.7618148552209881 2.084544625390935e-06 -0.04083764304120072 0.20511923152405948 0.04374125287388683 0.2136700948498843 2.432566857693915
26.278499999984106 4.1587412723030335 0.7510762942420258 2.0808654992413673e-06 -0.04124346982950173 0.20487986448168385 0.043474488186366636 0.21346384657987566 2.431026250157447
26.278999999984105 4.156472007525421 0.740303621203971 2.0771867465038107e-06 -0.041650588264684756 0.2046395290205112 0.043206981180832014 0.2132579460730402 2.429464436481937
26.279499999984104 4.154191940362379 0.7294970956104423 2.073508379353211e-06 -0.04205899135815974 0.2043982456044196 0.04293873614341224 0.21305242693248996 2.427881684989275
26.279999999984103 4.151901441384625 0.7186570302019374 2.0698303987868106e-06 -0.04246867034764933 0.20415603598494897 0.04266975885827086 0.21284732394655112 2.4262782744462266
26.2804999999841 4.149600899324832 0.7077836870248755 2.066152736555185e-06 -0.04287961887228763 0.20391292215328877 0.04240005380657735 0.2126426723367784 2.424654488105367
26.2809999999841 4.147290688823576 0.6968773657181249 2.062475379578658e-06 -0.0432918289347166 0.20366892590021043 0.04212962664956454 0.21243850703554162 2.4230106220777072
26.2814999999841 4.144971210355034 0.685938348467931 2.058798264941689e-06 -0.043705293413810235 0.20342407002891663 0.041858482214652125 0.21223486394282906 2.4213469773380067
26.281999999984098 4.1426428330929195 0.6749669414913084 2.0551213466597723e-06 -0.044120003804647825 0.2031783761699224 0.041586626001457384 0.21203177766776782 2.4196638258978145
26.282499999984097 4.140305958948992 0.6639634086717489 2.0514445806849632e-06 -0.04453595385377552 0.20293186697798837 0.041314062602358495 0.21182928406985937 2.417961484144018
26.282999999984096 4.13796099019974 0.6529280451849564 2.047767910363886e-06 -0.044953135984458416 0.2026845654947405 0.04104079724423608 0.21162741921374806 2.416240267226143
26.283499999984095 4.135608323832684 0.6418611436426478 2.0440912608428957e-06 -0.04537154269292267 0.20243649451950335 0.0407668350908307 0.21142621891100358 2.4145004767587386
26.283999999984093 4.1332483477084 0.6307629754499642 2.04041458838608e-06 -0.0457911671209112 0.2021876761427721 0.04049218077657199 0.2112257183071046 2.412742411064188
26.284499999984092 4.130881495006341 0.6196338719040926 2.0367377809869418e-06 -0.046212000830733 0.2019381353149887 0.04021684045342713 0.2110259552077203 2.410966425191837
26.28499999998409 4.128508159160668 0.6084740826602353 2.033060784206845e-06 -0.04663403788716445 0.20168789412654553 0.03994081815630963 0.21082696478832474 2.4091728140722415
26.28549999998409 4.126128749757013 0.5972839179055929 2.029383553848343e-06 -0.04705727000346653 0.20143697626122642 0.03966411921934574 0.2106287834530018 2.407361928916048
26.28599999998409 4.123743701339558 0.5860636493745475 2.025705943632782e-06 -0.047481691243933775 0.2011854059639333 0.03938674836485723 0.21043144851236825 2.405534080308801
26.286499999984088 4.121353431890336 0.57481359517251 2.022027889726161e-06 -0.04790729338464288 0.20093320732962636 0.0391087114352771 0.21023499679487387 2.403689621389713
26.286999999984086 4.118958326116165 0.5635340199796552 2.018349314124372e-06 -0.04833406953903043 0.20068040231298062 0.03883001243340478 0.21003946299750903 2.4018288971567507
26.287499999984085 4.11655888118512 0.552225227505101 2.0146700786398636e-06 -0.048762013453414244 0.20042701853045417 0.03855065701771304 0.2098448876421232 2.399952243995873
26.287999999984084 4.114155461948734 0.5408875224190155 2.010990093157864e-06 -0.04919111665312331 0.20017307737819365 0.0382706505567323 0.20965130469108223 2.398060008674294
26.288499999984083 4.1117485216092 0.5295211966639289 2.007309263051921e-06 -0.04962137212814036 0.1999186043854762 0.03798999769836926 0.20945875220777488 2.3961525729119937
26.28899999998408 4.109338505395087 0.5181265402030589 2.0036274574561172e-06 -0.05005277322366824 0.19966362463067455 0.03770870345582458 0.20926726792395936 2.394230253565886
26.28949999998408 4.106925865184658 0.506703873240036 1.9999445365295577e-06 -0.05048531245085284 0.19940816373822048 0.03742677397937189 0.2090768900409899 2.3922934614452207
26.28999999998408 4.104511006297776 0.4952534333172476 1.9962604446438894e-06 -0.050918983819825035 0.19915224445153004 0.03714421201103289 0.20888765370228596 2.3903425380618506
26.29049999998408 4.102094417324246 0.48377558217628336 1.9925749518317924e-06 -0.05135377913394655 0.1988958945566804 0.03686102505071097 0.2086995991146831 2.388377867420254
26.290999999984077 4.099676498403343 0.4722705802013152 1.9888880178325e-06 -0.051789691701402706 0.19863913673322142 0.03657721686110723 0.20851276124484622 2.3863998182651525
26.291499999984076 4.097257744447096 0.4607387591098143 1.9851994577231176e-06 -0.05222671393136069 0.19838199892725203 0.0362927933774088 0.20832718016998092 2.3844087845256743
26.291999999984075 4.094838588336965 0.44918039608627536 1.9815091201091068e-06 -0.05266483941693455 0.1981245054313766 0.03600775912597094 0.20814289245735254 2.3824051600916616
26.292499999984074 4.092419481580583 0.4375958211992559 1.9778168814057306e-06 -0.05310406005470543 0.19786668207837652 0.0357221202502348 0.20795993591596273 2.3803893153332494
26.292999999984072 4.090000915700711 0.42598530799036505 1.974122564902846e-06 -0.05354437018434377 0.19760855601481442 0.035435880793467815 0.20777834977761026 2.3783616670675958
26.29349999998407 4.087583301469564 0.4143491801660798 1.9704260504546577e-06 -0.05398576125800382 0.19735015109944848 0.03514904655583579 0.20759816962431446 2.3763226090719796
26.29399999998407 4.085167159228894 0.4026877559933257 1.9667271301868878e-06 -0.05442822666611429 0.1970914962440783 0.03486162321480619 0.20741943622264178 2.3742725646151923
26.29449999998407 4.08275291951017 0.39100131891037015 1.963025651029157e-06 -0.054871759617661366 0.19683261579262168 0.034573615301618295 0.2072421856628822 2.372211931424445
26.294999999984068 4.080341039736633 0.37929021663526863 1.9593214974843868e-06 -0.055316351146332356 0.19657353612847972 0.03428502908123554 0.20706645558684836 2.3701411147297264
26.295499999984067 4.077932046249263 0.3675547160411305 1.9556144110086938e-06 -0.055761996603253886 0.1963142859488022 0.03399586853611897 0.20689228649298277 2.368060549464065
26.295999999984065 4.075526376355751 0.3557951661600077 1.9519042869925007e-06 -0.05620868694592617 0.19605489058764042 0.03370614036830272 0.20671971485575463 2.3659706537193235
26.296499999984064 4.073124504165366 0.34401188249914694 1.948190899446354e-06 -0.05665641488967196 0.19579537684010273 0.033415849915570235 0.20654877865939658 2.36387186568132
26.296999999984063 4.070726921424353 0.33220516298466035 1.9444740597509428e-06 -0.05710517391037052 0.19553577214538098 0.0331250019520808 0.20637951649848726 2.3617646361725817
26.297499999984062 4.068334119937262 0.3203753306934423 1.940753576793556e-06 -0.05755495662641034 0.19527610418254088 0.032833602067897184 0.20621196697023078 2.3596493802947958
26.29799999998406 4.065946555021077 0.3085227157646841 1.9370293125936886e-06 -0.05800575482462974 0.19501639904929827 0.03254165613046513 0.20604616685258584 2.3575265450969933
26.29849999998406 4.063564717822315 0.2966476393688972 1.933300978546674e-06 -0.05845756159430924 0.19475668427037732 0.0322491699550117 0.20588215449215388 2.355396582959644
26.29899999998406 4.0611891357272665 0.28475044382653447 1.9295684100174917e-06 -0.05891036903949516 0.19449698959978784 0.031956149323910055 0.20571996991872601 2.35325997817392
26.299499999984057 4.058820237901811 0.2728314262880933 1.9258314361459996e-06 -0.05936416981883198 0.19423733944057223 0.031662599103343236 0.20555964796917275 2.3511171240827737
26.299999999984056 4.056458562430157 0.2608909301386417 1.9220898062307575e-06 -0.05981895660475909 0.1939777639407639 0.03136852548520414 0.20540122897357913 2.3489685480251077
26.300499999984055 4.054104586488987 0.24892930625980206 1.9183433167839107e-06 -0.060274720763867674 0.1937182904500065 0.03107393481102492 0.205244750097719 2.346814684811665
26.300999999984054 4.051758790351471 0.23694685096704082 1.914591771571827e-06 -0.060731455641351434 0.19345894585825055 0.03077883173918365 0.20509024823265473 2.3446560106207803
26.301499999984053 4.0494216973544 0.22494393234820054 1.9108349188994425e-06 -0.06118915281298435 0.19319975985577081 0.03048322322139172 0.2049377625726002 2.3424930158692647
26.30199999998405 4.047093766570669 0.21292086642660213 1.9070725664907776e-06 -0.06164780462622951 0.19294075856021745 0.030187114536736646 0.20478732874150185 2.3403261740411874
26.30249999998405 4.044775546837843 0.20087801772041308 1.9033044372927824e-06 -0.06210740300625516 0.19268197292184674 0.02989051225400135 0.20463898680369605 2.33815597576294
26.30299999998405 4.042467508632895 0.18881570568255915 1.8995303785484766e-06 -0.06256794022142262 0.1924234296090303 0.0295934217385957 0.20449277252815404 2.3359829010233355
26.303499999984048 4.040170143549374 0.1767343036480754 1.895750090299344e-06 -0.06302940733703731 0.19216515689059757 0.02929585011097492 0.2043487228875455 2.3338074956464205
26.303999999984047 4.037883985920951 0.16463415583803026 1.8919633605050192e-06 -0.06349179662962524 0.19190718477718186 0.02899780330687246 0.2042068764879997 2.3316301921487352
26.304499999984046 4.035609512842039 0.15251559229845185 1.8881699461554191e-06 -0.06395510038306054 0.19164954040336815 0.028699287124672193 0.20406726901513128 2.3294515467840693
26.304999999984044 4.033347250225505 0.1403789904771961 1.8843696089278702e-06 -0.06441930949014224 0.1913922537989938 0.028400308309511426 0.20392993836492104 2.3272720441745394
26.305499999984043 4.031097686395581 0.12822468383004654 1.8805621032787218e-06 -0.06488441635092347 0.19113535262158074 0.028100872895945338 0.2037949203598806 2.3250922006943284
26.305999999984042 4.028861341596485 0.11605307591618863 1.8767472007414171e-06 -0.06535041077379325 0.1908788669337735 0.027800988357876796 0.20366225223123585 2.322912570647321
26.30649999998404 4.026638710252598 0.10386449033232617 1.872924632245971e-06 -0.0658172855473113 0.1906228245933694 0.027500660280554944 0.20353196959848172 2.320733604080504
26.30699999998404 4.024430316599763 0.09165930889051713 1.8690941010772377e-06 -0.06628503163930455 0.19036725557871803 0.027199895702580825 0.20340410945265544 2.3185559287003863
26.30749999998404 4.022236650302913 0.07943790301890179 1.8652554464987446e-06 -0.06675363959286297 0.19011218814665543 0.026898701372246592 0.2032787067459759 2.3163799982385505
26.307999999984037 4.020058249932835 0.06720063396616537 1.861408355114981e-06 -0.06722310155456836 0.18985765267878948 0.02659708399613669 0.20315579868764075 2.314206394309434
26.308499999984036 4.017895598235252 0.05494789222410854 1.8575525642911037e-06 -0.06769340729216712 0.18960367733397926 0.026295050558333186 0.20303541940571906 2.312035668082516
26.308999999984035 4.015749217240739 0.04268004848848038 1.8536878090875424e-06 -0.06816454839953512 0.18935029175416138 0.02599260826318702 0.20291760478140405 2.3098683235475423
26.309499999984034 4.013619603913395 0.030397489191108743 1.8498138583194764e-06 -0.0686365148789505 0.18909752482481063 0.02568976390274126 0.20280238913527832 2.3077049365057825
26.309999999984033 4.011507265531678 0.018100605563917058 1.8459304556032052e-06 -0.06910929710877435 0.18884540580449793 0.025386524941199327 0.2026898070671648 2.3055460497397746
26.31049999998403 4.009412747546903 0.005789782102442274 1.842037292732279e-06 -0.06958288641533777 0.188593965648184 0.025082898711663117 0.2025798947787706 2.303392247278939
26.31099999998403 4.007336520696023 -0.006534598304501066 1.8381341362723609e-06 -0.07005727257746201 0.1883432319559115 0.024778891923526277 0.20247268445286362 2.301244070436624
26.31149999998403 4.005279111831354 -0.018872119885099074 1.8342206903654897e-06 -0.07053244541477706 0.18809323518530388 0.02447451272359567 0.20236821082304401 2.299102115761076
26.311999999984028 4.003241020924575 -0.031222395180268755 1.8302967065843064e-06 -0.07100839527676525 0.18784400424126302 0.02416976839482561 0.20226650694920423 2.296966934445938
26.312499999984027 4.001222766404849 -0.04358500991358637 1.8263619260773377e-06 -0.07148511171631777 0.187595569257834 0.023864666861112875 0.20216760652156202 2.294839088827076
26.312999999984026 3.9992248465307325 -0.05595958747502145 1.8224160328355038e-06 -0.0719625855099438 0.18734795893977213 0.023559214947545613 0.20207154188831036 2.292719196203469
26.313499999984025 3.9972477734584873 -0.06834567208783164 1.8184588080142968e-06 -0.07244080456958363 0.18710120358837662 0.023253421902964713 0.20197834582228127 2.29060784141892
26.313999999984024 3.9952920475239977 -0.08074285536762435 1.814489940663819e-06 -0.07291975848789034 0.18685533242109847 0.02294729538456828 0.2018880501604741 2.2885055621017742
26.314499999984022 3.9933581687664637 -0.09315074861163648 1.8105091880464447e-06 -0.0733994374557309 0.1866103743700847 0.022640842594173382 0.20180068630888018 2.28641296962613
26.31499999998402 3.9914466915793967 -0.1055688991759661 1.8065162045653004e-06 -0.07387983052203458 0.18636636165752396 0.022334072859147815 0.20171628820178425 2.2843307204460843
26.31549999998402 3.9895580244057283 -0.11799689067714161 1.8025108648174386e-06 -0.0743609249375939 0.18612331937187995 0.022026993637162283 0.20163488195318013 2.2822593439047
26.31599999998402 3.98769274856402 -0.1304342957797782 1.798492724812682e-06 -0.07484271145439764 0.18588128059549003 0.02171961378359958 0.20155650214412396 2.2801994719357137
26.316499999984018 3.9858513207547897 -0.14288065290188146 1.7944616160031618e-06 -0.07532517653560947 0.18564027320127402 0.021411942203232916 0.20148117659791195 2.278151680140777
26.316999999984017 3.9840342822671646 -0.15533554721787754 1.790417240590255e-06 -0.07580831025918287 0.18540032837152323 0.02110398704029648 0.20140893707484328 2.2761166556577352
26.317499999984015 3.982242088393251 -0.1677985345705995 1.7863592636370417e-06 -0.07629210058525158 0.1851614735026721 0.02079575741790489 0.20133981078757185 2.274094955190967
26.317999999984014 3.9804752466051943 -0.18026914049154164 1.7822875256495693e-06 -0.07677653404216095 0.18492373908903276 0.020487262400603525 0.20127382685999423 2.2720871656886694
26.318499999984013 3.9787342435118154 -0.19274695349068713 1.7782016877829512e-06 -0.07726160026047807 0.1846871536391268 0.020178510182987462 0.20121101328539961 2.2700939420604334
26.318999999984012 3.977019571030407 -0.2052314636853172 1.774101505278952e-06 -0.07774728467933215 0.18445174719088128 0.01986951120328835 0.2011513976889932 2.268115911959945
26.31949999998401 3.9753317052576214 -0.21772225745161455 1.7699867224908595e-06 -0.07823357637435721 0.18421754788031208 0.019560273528631027 0.2010950067004955 2.2661537136141523
26.31999999998401 3.973671154110914 -0.2302188334383973 1.7658570260683078e-06 -0.07872046175265976 0.18398458630414333 0.019250807739803748 0.2010418680143358 2.264207919676843
26.32049999998401 3.972038376717001 -0.24272074080737976 1.7617121805437625e-06 -0.07920792778968692 0.18375289034436929 0.01894112234582692 0.20099200643400136 2.262279181836701
26.320999999984007 3.9704338747554315 -0.255227500197777 1.757551952780693e-06 -0.07969596165853719 0.18352249004138765 0.018631227609861908 0.20094544856234176 2.2603681841640624
26.321499999984006 3.96885810324757 -0.267738599631877 1.753376023923229e-06 -0.0801845483290135 0.18329341370926353 0.018321133980282782 0.2009022181317235 2.2584754797067195
26.321999999984005 3.9673115392583886 -0.2802536140805109 1.749184153758237e-06 -0.08067367656672238 0.1830656896521294 0.01801085002740578 0.20086233976858775 2.2566017391008337
26.322499999984004 3.9657946661266608 -0.29277199911749496 1.7449760881194654e-06 -0.08116333045878728 0.1828393478799531 0.01770038723523198 0.20082583761211098 2.2547476200185734
26.322999999984003 3.9643079142827515 -0.30529329447574083 1.7407516160526841e-06 -0.0816534965766426 0.18261441496073838 0.01738975494791837 0.20079273301539868 2.25291371854931
26.323499999984 3.9628518248034412 -0.3178169788934688 1.7365103550162124e-06 -0.08214416095295338 0.1823909233664433 0.017078963963527295 0.20076305216646803 2.251100728340508
26.323999999984 3.9614267798246416 -0.33034254521705325 1.7322521901591396e-06 -0.08263530767061157 0.1821688978664865 0.01676802517689041 0.20073681299661966 2.2493092621187523
26.324499999984 3.960033238056011 -0.34286950001530214 1.7279768499062156e-06 -0.08312692242952109 0.18194836676942144 0.01645694864395729 0.20071403678201824 2.2475399115381416
26.324999999983998 3.958671703871663 -0.3553973089917914 1.7236840470823671e-06 -0.08361899047575035 0.181729360891614 0.01614574613278497 0.2006947465591525 2.2457934249312084
26.325499999983997 3.95734259845343 -0.3679254770687526 1.7193735377671648e-06 -0.08411149668148134 0.18151190684095178 0.01583442748591806 0.2006789607628164 2.2440704049218154
26.325999999983996 3.956046354202329 -0.38045346498152055 1.7150451420991915e-06 -0.08460442474198114 0.1812960321530198 0.01552300446998944 0.2006666978552387 2.242371424065076
26.326499999983994 3.9547834069952392 -0.3929807407182234 1.7106985832230306e-06 -0.08509775879426798 0.18108176439257054 0.015211488497711768 0.20065797599310586 2.2406972519818598
26.326999999983993 3.9535542259017706 -0.40550677547971514 1.7063336195863663e-06 -0.08559148352339374 0.1808691327993481 0.014899890929058053 0.20065281458534648 2.2390484320519106
26.327499999983992 3.952359190034257 -0.41803100830412643 1.7019500955282058e-06 -0.08608558074623272 0.18065816266374407 0.014588223766131413 0.20065122781111178 2.2374256398801338
26.32799999998399 3.951198768381256 -0.4305529219781004 1.697547690526724e-06 -0.08658003583610281 0.1804488829868869 0.014276498163315979 0.2006532341538586 2.2358295640808405
26.32849999998399 3.950073356035104 -0.4430719500214485 1.6931262681806966e-06 -0.0870748307025489 0.1802413199263004 0.013964726436803795 0.20065884763724548 2.234260813452666
26.32899999998399 3.948983373956474 -0.45558754605721674 1.6886855751273485e-06 -0.08756994879255868 0.1800355005278792 0.013652920561941853 0.20066808321635515 2.2327200189962744
26.329499999983987 3.947929258409017 -0.4680991425517283 1.6842254038537641e-06 -0.08806537264532333 0.1798314529327657 0.013341092778153141 0.20068095594645863 2.2312078413525156
26.329999999983986 3.946911335582361 -0.48060617024439567 1.6797455951444544e-06 -0.08856108332479644 0.17962919998603777 0.013029255715665078 0.20069747500103152 2.229724932764676
26.330499999983985 3.945930077521465 -0.4931080658362298 1.6752459307955215e-06 -0.08905706423006783 0.17942877143682612 0.012717421763272983 0.20071765623609744 2.228271905619988
26.330999999983984 3.944985836214082 -0.5056042608403579 1.6707262086540159e-06 -0.08955329690678583 0.17923019134824933 0.012405603517419254 0.20074150910122301 2.2268493547750645
26.331499999983983 3.944079022918509 -0.5180941513665274 1.6661862382786032e-06 -0.09004976218482513 0.1790334870837535 0.012093814302915569 0.20076904520195712 2.2254580478440507
26.33199999998398 3.9432099756274135 -0.530577175946281 1.6616258941030039e-06 -0.09054644162035386 0.1788386819968784 0.011782066701498659 0.20080027232114828 2.2240984765512763
26.33249999998398 3.942379114828035 -0.5430527135783142 1.6570449675410073e-06 -0.0910433155593677 0.1786458040540512 0.01147037450361131 0.20083520136025498 2.2227713393317248
26.33299999998398 3.941586761673413 -0.5555201915091372 1.6524432890098926e-06 -0.09154036490273429 0.17845487595458298 0.011158750453381355 0.20087383819246393 2.221477284604376
26.333499999983978 3.940833305596602 -0.5679789843084753 1.6478206777952806e-06 -0.09203756981130311 0.1782659241349692 0.010847209161211527 0.200916191261561 2.2202168951620207
26.333999999983977 3.940119092796126 -0.5804285029501557 1.6431770399160782e-06 -0.09253491042147911 0.1780789728316682 0.010535763340019065 0.20096226641001558 2.2189907944712566
26.334499999983976 3.9394444693386825 -0.5928681435870129 1.6385121518394742e-06 -0.09303236718349679 0.17789404613982512 0.01022442697969778 0.20101206904767277 2.21779962684397
26.334999999983975 3.9388097767215773 -0.6052972674442846 1.633825933988248e-06 -0.09352991857665706 0.1777111685577155 0.009913214644748468 0.20106560353202566 2.21664398026476
26.335499999983973 3.9382153308016408 -0.6177152494823188 1.629118245340575e-06 -0.09402754343974981 0.17753036309868683 0.009602140615223518 0.2011228725223965 2.215524462509938
26.335999999983972 3.937661467436861 -0.6301214730439237 1.6243889693987856e-06 -0.09452522101415031 0.17735165376620696 0.009291218719883265 0.2011838791918558 2.2144416603846806
26.33649999998397 3.9371485161327087 -0.6425153067879812 1.6196379359058437e-06 -0.09502293056800987 0.17717506415246081 0.008980464010309004 0.20124862589593473 2.213396229061048
26.33699999998397 3.936676740458341 -0.6548961023060239 1.6148650992413435e-06 -0.09552064902044136 0.1770006151979017 0.008669891265298695 0.20131711100717226 2.2123886999914673
26.33749999998397 3.9362464738506158 -0.6672632206467943 1.6100703270682381e-06 -0.09601835477878837 0.17682833096584455 0.00835951497840547 0.20138933580819443 2.2114196845339094
26.337999999983968 3.9358580232166074 -0.6796160154974419 1.605253530452911e-06 -0.09651602602101635 0.1766582343048137 0.008049350530238947 0.20146529991674153 2.210489767436926
26.338499999983966 3.935511612628726 -0.691953814270406 1.6004146446140658e-06 -0.09701363833046327 0.17649034447923714 0.007739413518856179 0.20154499804790388 2.209599510926393
26.338999999983965 3.9352075788602137 -0.7042759888016835 1.5955535837486978e-06 -0.09751117082861584 0.17632468550717553 0.007429718642430928 0.20162843022420607 2.2087494919529105
26.339499999983964 3.9349461326546136 -0.7165818617342838 1.590670299139288e-06 -0.0980085987285428 0.17616127617509617 0.0071202816516571215 0.2017155895293419 2.207940258204239
26.339999999983963 3.9347276037919543 -0.7288707434942276 1.5857646512949842e-06 -0.09850589891047656 0.17600014081835003 0.006811119025761844 0.2018064742039342 2.207172397979774
26.34049999998396 3.934552182042093 -0.7411419925585971 1.5808366586391047e-06 -0.09900304767100188 0.17584129671795173 0.0065022457954318855 0.20190107548000238 2.206446404190004
26.34099999998396 3.9344201224687487 -0.7533949149232462 1.5758862929408245e-06 -0.0995000203809161 0.17568476490463358 0.006193678470693973 0.2019993869505485 2.2057628521645776
26.34149999998396 3.934331646233713 -0.7656288236517279 1.5709135238841678e-06 -0.09999679230328436 0.1755305645729195 0.005885433518762287 0.20210140003952923 2.205122178554309
26.34199999998396 3.934286988290943 -0.7778430515899515 1.5659182799868387e-06 -0.10049333943766539 0.17537871544345987 0.005577526445454134 0.2022071064606327 2.204525052286223
26.342499999983957 3.934286342508943 -0.7900368822119856 1.5609006651637526e-06 -0.10098963545476258 0.175229235873134 0.005269974807747538 0.20231649514669475 2.203971844996355
26.342999999983956 3.934329907175054 -0.8022096142985048 1.555860578595328e-06 -0.10148565472198759 0.1750821441715971 0.004962795230298474 0.20242955480505376 2.203463132345367
26.343499999983955 3.9344179253208584 -0.8143605677396409 1.5507980119829855e-06 -0.10198137313636976 0.17493746053789155 0.004656004123416367 0.20254627604728534 2.20299942689447
26.343999999983954 3.934550548736519 -0.826489033909737 1.5457130282991444e-06 -0.10247676414846088 0.17479520118056813 0.004349618818896908 0.2026666443447571 2.2025811235294834
26.344499999983952 3.934727900601016 -0.8385943004641365 1.5406056778011622e-06 -0.1029718004060689 0.17465538102336942 0.004043656359046383 0.20279064316687714 2.2022087129604895
26.34499999998395 3.934950210397503 -0.8506756482238255 1.5354759613840611e-06 -0.10346645616997398 0.1745180200961732 0.003738134318048882 0.202918260732841 2.201882680029647
26.34549999998395 3.9352175828875753 -0.8627323477933825 1.5303239936575185e-06 -0.10396070312117442 0.1743831326506112 0.0034330703160946555 0.20304947849793872 2.201603456226132
26.34599999998395 3.9355301708491908 -0.8747637122292056 1.5251497878037795e-06 -0.10445451589488647 0.1742507346712192 0.0031284814015216057 0.20318428044554626 2.201371432980591
26.346499999983948 3.935888109280996 -0.8867689703948723 1.5199534508803082e-06 -0.10494786492334002 0.17412084229875013 0.0028243862035834517 0.20332264810448647 2.2011870624997236
26.346999999983947 3.9362915507111316 -0.8987474140907894 1.5147349871525706e-06 -0.10544072421747704 0.1739934716612036 0.002520802591151882 0.2034645643593195 2.2010508532749293
26.347499999983945 3.936740549153172 -0.9106983124263242 1.5094945702613227e-06 -0.10593306448066055 0.17386863469091932 0.0022177481148230476 0.20361000635098694 2.2009630318980573
26.347999999983944 3.937235221730606 -0.9226209108522353 1.5042323167272412e-06 -0.1064248570413987 0.17374634648026419 0.0019152416636115661 0.20375895382081297 2.2009240338164555
26.348499999983943 3.9377756459354565 -0.9345144778302577 1.4989483070256994e-06 -0.10691607353929303 0.17362661988365874 0.0016133014091003462 0.20391138431858247 2.200934270571882
26.348999999983942 3.938361925111706 -0.9463782665151637 1.4936426869120383e-06 -0.10740668521041015 0.17350946926893834 0.0013119458576272038 0.20406727605329117 2.2009940647131327
26.34949999998394 3.9389941044862 -0.9582115301461634 1.4883155673906004e-06 -0.10789666262971857 0.17339490618075776 0.0010111936295455087 0.20422660406671195 2.2011038209714355
26.34999999998394 3.9396722244970577 -0.9700135055615289 1.482967168991685e-06 -0.10838597566198288 0.17328294215919154 0.0007110641041641087 0.2043893426177253 2.2012636820846665
26.35049999998394 3.9403963217834317 -0.9817834496962272 1.4775976054133973e-06 -0.10887459465203937 0.17317358832555602 0.0004115754673577445 0.20455546545756328 2.2014740892242903
26.350999999983937 3.941166472696947 -0.9935205971343766 1.472207070173757e-06 -0.10936249009009419 0.17306685788768716 0.00011274734966710675 0.20472494779529854 2.201735347172174
26.351499999983936 3.9419826250726113 -1.0052241640091113 1.4667957857049228e-06 -0.109849629486614 0.17296275824138038 -0.00018540065344822138 0.20489775794335788 2.2020476409724337
26.351999999983935 3.94284487873811 -1.0168934362649344 1.4613638351347048e-06 -0.11033598577199223 0.17286130307015188 -0.0004828504475354045 0.20507387205576152 2.2024113949982613
26.352499999983934 3.9437531355934814 -1.0285275937987302 1.4559115943497554e-06 -0.11082152430378973 0.17276249801160246 -0.0007795811373959849 0.20525325506547804 2.2028266334416706
26.352999999983933 3.944707441679128 -1.0401259074108782 1.4504391740551411e-06 -0.11130621667036833 0.17266635437274333 -0.0010755741374966605 0.20543587968407565 2.2032938215976436
26.35349999998393 3.945707722205851 -1.0516875644105355 1.4449468667628155e-06 -0.11179002887789156 0.17257287883567923 -0.0013708089928624288 0.20562171136202706 2.2038129646714695
26.35399999998393 3.946753934044284 -1.063211817933 1.439434942775907e-06 -0.11227293040641101 0.17248207864554932 -0.0016652663682729138 0.2058107175732342 2.204384330911787
26.35449999998393 3.9478460644497915 -1.0746978740481845 1.4339035849356995e-06 -0.11275488942439063 0.17239396308942292 -0.001958925851648994 0.20600286645888238 2.2050081054833095
26.354999999983928 3.948984033904153 -1.086144969167628 1.42835312716431e-06 -0.1132358738132384 0.17230853800933624 -0.002251768105184208 0.2061981228061062 2.2056844405751583
26.355499999983927 3.9501677362255885 -1.0975523105895526 1.4227838934324682e-06 -0.11371585047847146 0.17222580818421637 -0.0025437722972364 0.20639644965998993 2.206413402215813
26.355999999983926 3.951397120827793 -1.1089191098780151 1.4171960957641888e-06 -0.11419478699841965 0.17214578106405137 -0.002834918463565083 0.20659781237578922 2.2071952986031294
26.356499999983924 3.952672032279473 -1.1202445926900182 1.4115901328659529e-06 -0.11467265011876582 0.17206845894703174 -0.003125186283757011 0.20680217126272007 2.2080299890505724
26.356999999983923 3.9539924138268 -1.1315279623426147 1.4059662472043118e-06 -0.11514940734954501 0.1719938489281148 -0.0034145549928844853 0.20700949076759276 2.208917713347275
26.357499999983922 3.9553581039889494 -1.1427684344507343 1.400324846021404e-06 -0.11562502468216086 0.1719219531793703 -0.0037030043610401246 0.20721973013942901 2.2098584657949543
26.35799999998392 3.9567689810551503 -1.1539652132755025 1.394666237652453e-06 -0.1160994687465366 0.17185277577472133 -0.003990513480470856 0.20743285029749384 2.210852350754713
26.35849999998392 3.9582248917432516 -1.1651175408924488 1.3889907927659831e-06 -0.11657270681884874 0.17178631888522652 -0.004277062729625215 0.2076488107281213 2.2118993602270844
26.35899999998392 3.9597256135703947 -1.1762245691975222 1.3832989614863611e-06 -0.11704470199901436 0.17172258237682958 -0.004562629472592907 0.20786756637799286 2.212999436724835
26.359499999983917 3.9612710555837243 -1.1872855379836913 1.3775910013581599e-06 -0.11751542264441045 0.17166157136304583 -0.004847193988831371 0.2080890793186655 2.2141526233412003
26.359999999983916 3.9628609435454107 -1.198299670854544 1.3718674262298544e-06 -0.11798483364955298 0.17160328244570444 -0.005130735690341901 0.20831330242252186 2.2153588531818436
26.360499999983915 3.964495157344073 -1.2092661293965385 1.3661285948584195e-06 -0.11845289982282844 0.1715477203020778 -0.00541323263962146 0.20854019493826031 2.216618083907911
26.360999999983914 3.9661734680095986 -1.2201841427713045 1.360374881496549e-06 -0.11891958737881382 0.1714948834580948 -0.0056946641722126585 0.20876971167936964 2.2179303401028596
26.361499999983913 3.967895593925096 -1.2310529234628593 1.354606851764922e-06 -0.11938486071015467 0.1714447683489554 -0.0059750091938259664 0.209001804527799 2.2192952606524767
26.36199999998391 3.9696613406144743 -1.2418716588688898 1.3488248559387488e-06 -0.11984868461159967 0.1713973756853723 -0.006254246426657308 0.2092364289346592 2.2207129682275673
26.36249999998391 3.971470420048695 -1.2526395921743068 1.3430294090127419e-06 -0.12031102473161522 0.17135270116906617 -0.006532355547296191 0.2094735366076176 2.2221832546125633
26.36299999998391 3.973322595564674 -1.2633558764870736 1.3372209736645954e-06 -0.12077184402369598 0.1713107439239954 -0.006809313898935932 0.20971308029889532 2.223705848006153
26.363499999983908 3.9752176058432056 -1.274019758620561 1.3313999706167372e-06 -0.12123110895343457 0.1712715007274514 -0.007085101110624001 0.209955012793838 2.225280693234645
26.363999999983907 3.977155098307474 -1.2846304212191697 1.3255670496003114e-06 -0.12168878148999118 0.17123496498044208 -0.007359695434874629 0.21019928137190708 2.226907470041736
26.364499999983906 3.979134865622678 -1.2951871101092163 1.3197225310293939e-06 -0.1221448290757544 0.17120113596754827 -0.007633076426313903 0.21044584120921506 2.2285860677601566
26.364999999983905 3.9811565235739876 -1.3056889845457098 1.3138670559235453e-06 -0.12259921250945627 0.17117000577395947 -0.00790522147220254 0.21069463759460208 2.230316175554484
26.365499999983903 3.9832197765677124 -1.3161352857986026 1.3080010939748266e-06 -0.12305189770240374 0.17114156958606502 -0.008176109760931326 0.21094562128512545 2.2320975872679254
26.365999999983902 3.985324249551997 -1.3265252189363679 1.3021252793176743e-06 -0.12350284726884896 0.17111581937350254 -0.008445720013882722 0.21119873841936337 2.2339299100378427
26.3664999999839 3.9874696607958575 -1.336857994633096 1.2962400630786247e-06 -0.12395202617822977 0.1710927512949776 -0.008714030568591533 0.21145393982644062 2.2358129050804045
26.3669999999839 3.989655578528816 -1.3471328331442998 1.2903461015625675e-06 -0.12439939688427877 0.17107235441873486 -0.008981020436415825 0.21171116909511614 2.237746200156751
26.3674999999839 3.9918816493893248 -1.3573489551185183 1.2844439151237474e-06 -0.12484492381192046 0.17105462134783034 -0.009246667884902521 0.21197037376253203 2.2397294659059295
26.367999999983898 3.994147515441912 -1.3675055744932743 1.2785341056634037e-06 -0.12528857046614097 0.17103954470587368 -0.00951095159610239 0.21223150082611475 2.2417623282372423
26.368499999983896 3.99645277067094 -1.3776018962938514 1.2726172669963035e-06 -0.12573029952834253 0.17102711478340202 -0.009773849727184888 0.21249449486777602 2.2438443763067664
26.368999999983895 3.998796990178354 -1.387637157752787 1.2666940143890143e-06 -0.12617007454110427 0.17101732071867723 -0.010035341424442035 0.2127593000858196 2.2459752192258566
26.369499999983894 4.001179761449773 -1.3976106042202296 1.2607649691332048e-06 -0.12660785978810987 0.1710101520046742 -0.010295405656767133 0.2130258614028467 2.2481544250732113
26.369999999983893 4.003600649928583 -1.4075214294492002 1.2548307818129483e-06 -0.12704361705775571 0.17100559776595262 -0.010554020213056287 0.2132941219186925 2.2503814322733806
26.370499999983892 4.0060592364024314 -1.4173688912419344 1.2488920481370385e-06 -0.12747731105428015 0.17100364699941245 -0.010811164407814492 0.21356402645713102 2.2526559807784823
26.37099999998389 4.008555030344906 -1.4271522189037449 1.2429494360246393e-06 -0.1279089041591381 0.17100428575169113 -0.011066816936686916 0.21383551609998688 2.2549773173848617
26.37149999998389 4.011087569594032 -1.4368706610463424 1.2370036346524987e-06 -0.12833835989697784 0.171007501095321 -0.01132095688775466 0.2141085334982397 2.2573450830438784
26.37199999998389 4.0136564245638455 -1.4465234392299395 1.231055243297974e-06 -0.1287656415314015 0.17101328196530996 -0.011573562498717719 0.21438302264044073 2.2597587049118477
26.372499999983887 4.0162610595221455 -1.4561098110510406 1.2251050350414933e-06 -0.12919071172751015 0.1710216118970294 -0.01182461309418915 0.21465892296232655 2.262217577091769
26.372999999983886 4.018901020697607 -1.465629028263 1.2191535768729565e-06 -0.1296135347616445 0.17103247819087447 -0.012074087528672225 0.21493617792072608 2.264721256506415
26.373499999983885 4.021575752583823 -1.4750803337201552 1.2132016800434486e-06 -0.13003407242038886 0.17104586362815397 -0.01232196467722689 0.2152147259553556 2.2672690198391865
26.373999999983884 4.024284799705308 -1.4844629922953154 1.207249962439679e-06 -0.1304522893576815 0.17106175530268125 -0.01256822373183958 0.2154945107738669 2.2698602828678958
26.374499999983883 4.027027562905797 -1.4937762844455205 1.2012992559612805e-06 -0.13086814821827392 0.1710801334039901 -0.012812844443276964 0.21577546951943996 2.272494446065691
26.37499999998388 4.02980355070431 -1.503019445156783 1.19535009769278e-06 -0.13128161224528911 0.17110098361367276 -0.013055805147118207 0.21605754408334898 2.275170827314528
26.37549999998388 4.032612244780715 -1.5121917665797686 1.1894033230135346e-06 -0.1316926458726133 0.1711242897625565 -0.013297085618139907 0.21634067580925478 2.2778888055169997
26.37599999998388 4.03545301694484 -1.5212925345802528 1.183459654050402e-06 -0.13210121186823742 0.17115003049008376 -0.013536665651219098 0.21662480105187967 2.280647635094236
26.376499999983878 4.038325357164039 -1.5303209959892305 1.1775198039267806e-06 -0.1325072732343515 0.1711781905202641 -0.013774523944673664 0.21690986118592512 2.2834466721142888
26.376999999983877 4.04122867991139 -1.5392764798230707 1.1715845438295602e-06 -0.132910795125331 0.17120874998145819 -0.01401064111892673 0.21719579552934382 2.286285180657705
26.377499999983876 4.04416233427134 -1.5481582488461796 1.1656547109561972e-06 -0.13331173904122923 0.17124168669696505 -0.014244996086874736 0.21748253939692128 2.289162318451914
26.377999999983874 4.047125837749025 -1.5569656120184088 1.159730915640446e-06 -0.1337100709519281 0.17127698586109488 -0.014477569255633897 0.217770036899439 2.2920775241628495
26.378499999983873 4.050118512445025 -1.5656978672731419 1.1538140206997918e-06 -0.13410575355727067 0.17131462352784946 -0.014708340066227335 0.21805822304869862 2.295029871482801
26.378999999983872 4.053139807794123 -1.5743543426895388 1.1479047307009433e-06 -0.13449875238838888 0.1713545814716394 -0.01493728944600314 0.21834703936932034 2.298018749175477
26.37949999998387 4.056189023874363 -1.582934322097071 1.1420039375950839e-06 -0.1348890291363332 0.17139683489095742 -0.015164396606421087 0.21863641992224786 2.3010431934740327
26.37999999998387 4.059265647416112 -1.5914371617709104 1.136112226957338e-06 -0.13527655157526106 0.1714413668219966 -0.015389642711768963 0.21892630898703005 2.3041025674484237
26.38049999998387 4.062368926913188 -1.599862168785887 1.1302306023472609e-06 -0.1356612811228357 0.17148814980149035 -0.015613007848291234 0.2192166388126099 2.3071959115424394
26.380999999983867 4.065498291970835 -1.6082086802864302 1.1243597602502348e-06 -0.13604318376318614 0.17153716440191183 -0.01583447266912765 0.21950735100260746 2.31032241063056
26.381499999983866 4.068653054687081 -1.6164760480049636 1.1185005130226872e-06 -0.13642222400730153 0.17158838556862635 -0.01605401839813756 0.21979838209566893 2.3134812320119433
26.381999999983865 4.071832625467284 -1.624663620212175 1.1126536162144785e-06 -0.13679836794404016 0.17164179276884248 -0.01627162585801826 0.22008967332684784 2.316671592147947
26.382499999983864 4.075036240198229 -1.632770735720043 1.1068199697363324e-06 -0.13717157858727133 0.17169735745415127 -0.016487275562597454 0.2203811579612458 2.3198924933682443
26.382999999983863 4.078263318943708 -1.6407967643364565 1.1010002888243836e-06 -0.13754182293451886 0.17175505932202534 -0.016700949127538296 0.22067277847669295 2.323143183726687
26.38349999998386 4.081513132935863 -1.6487410919804424 1.0951954278567884e-06 -0.13790906638906267 0.17181487085709604 -0.01691262832835638 0.22096447098327054 2.3264227087210525
26.38399999998386 4.084785049219401 -1.6566030748160199 1.0894061948586402e-06 -0.13827327447014381 0.1718767694807082 -0.01712229443937502 0.2212561757029369 2.3297301766702954
26.38449999998386 4.0880783502532125 -1.6643821184834158 1.0836333980834155e-06 -0.13863441381891 0.17194072783970446 -0.0173299294449488 0.22154783013951415 2.3330646560904684
26.384999999983858 4.0913923284062355 -1.6720775996305726 1.0778778959217004e-06 -0.13899244953808546 0.17200671958107921 -0.017535515221230393 0.22183937185205707 2.336425236910457
26.385499999983857 4.094726308942734 -1.6796889126947965 1.0721404556754274e-06 -0.13934734846841665 0.17207471947051062 -0.017739033545777688 0.2221307405947486 2.339811038472525
26.385999999983856 4.098079577812079 -1.687215490110579 1.0664219199033933e-06 -0.13969907802533016 0.1721447001316349 -0.017940467472654858 0.22242187517794912 2.343221065232974
26.386499999983855 4.101451404880572 -1.69465672875224 1.060723166737536e-06 -0.1400476039753104 0.172216633766316 -0.01813979904958427 0.22271271323071365 2.346654413801472
26.386999999983853 4.104841126553659 -1.7020120625411668 1.0550449552665166e-06 -0.1403928947206794 0.17229049528709942 -0.018337011330055646 0.223003196476742 2.3501101214379707
26.387499999983852 4.1082479602521325 -1.7092809042247692 1.0493881514577224e-06 -0.14073491603016428 0.172366254140495 -0.0185320866226981 0.22329326096197863 2.3535872227499834
26.38799999998385 4.111671221869845 -1.716462717392762 1.0437535574709178e-06 -0.14107363720405874 0.172443883888442 -0.018725008579783937 0.2235828485166647 2.357084759642019
26.38849999998385 4.115110249023512 -1.7235569447613237 1.0381419264315731e-06 -0.14140902698721455 0.17252335935886592 -0.018915760510562093 0.22387190184038752 2.3606018401209536
26.38899999998385 4.118564169308899 -1.730563047484641 1.032554264908898e-06 -0.14174105145076976 0.17260464517196233 -0.019104325983169045 0.22416035437289075 2.3641373817162434
26.389499999983848 4.122032350972703 -1.7374804684733913 1.0269912805694007e-06 -0.14206967991783892 0.17268771759318044 -0.019290688286726834 0.2244481508368356 2.3676904692520617
26.389999999983846 4.125514067118562 -1.7443087067172445 1.021453758504759e-06 -0.14239488258601787 0.1727725475894465 -0.019474831838509437 0.2247352328015605 2.3712601541231466
26.390499999983845 4.129008463510472 -1.7510472562658554 1.0159426609932654e-06 -0.1427166269909599 0.17285910032966953 -0.01965674135072963 0.22502153600708763 2.3748454108683505
26.390999999983844 4.132514901367642 -1.757695577218862 1.0104587137058804e-06 -0.1430348831886183 0.17294735138965772 -0.019836400226479103 0.2253070059616977 2.378445251080623
26.391499999983843 4.136032623485303 -1.7642532094750192 1.0050027208767992e-06 -0.14334962241650911 0.17303726987703472 -0.020013794096309954 0.2255915844343112 2.382058759134404
26.39199999998384 4.1395608658040945 -1.770719636029422 9.99575540811073e-07 -0.14366081333759118 0.17312882527817602 -0.020188907297793872 0.2258752120284524 2.3856849218926195
26.39249999998384 4.143098911741111 -1.7770943721901706 9.941779516631107e-07 -0.14396842686754643 0.17322198878025763 -0.02036172477118988 0.2261578324254136 2.389322727161472
26.39299999998384 4.146645940632199 -1.7833769688456518 9.888108519449142e-07 -0.14427243363027895 0.17331672639197418 -0.02053223234831009 0.2264393855274269 2.392971215351334
26.393499999983838 4.150201240179359 -1.789566959434342 9.834749970450116e-07 -0.14457280515434104 0.17341300932649412 -0.020700415749573466 0.22671981608600292 2.3966293764784625
26.393999999983837 4.153764099257713 -1.7956638880565539 9.781711393739244e-07 -0.14486951387009317 0.17351080869567087 -0.020866260330895114 0.22699906960906138 2.4002962910395267
26.394499999983836 4.157333634552186 -1.8016673245259354 9.729002444055938e-07 -0.14516252968046303 0.17361008729725427 -0.021029752994380823 0.22727708407491554 2.403970930649888
26.394999999983835 4.160909232550084 -1.8075768266583594 9.676629491754297e-07 -0.14545182713858612 0.1737108206554311 -0.021190879506584024 0.22755381035042907 2.407652300415417
26.395499999983834 4.16449011901861 -1.813391944947439 9.624600654633533e-07 -0.14573737759961036 0.17381297683992877 -0.021349625815156287 0.22782919187412357 2.4113395014223142
26.395999999983832 4.1680754476075075 -1.819112323656401 9.572924606801792e-07 -0.146019154767681 0.17391651943564632 -0.021505980532863716 0.22810317071526523 2.4150314596284965
26.39649999998383 4.1716645299473605 -1.8247375169701363 9.521608989183668e-07 -0.14629713161274208 0.17402142046955815 -0.021659929475608485 0.22837569495295917 2.418727305838088
26.39699999998383 4.1752566172350996 -1.8302671395518357 9.47066126615513e-07 -0.14657128246445755 0.17412764844057288 -0.021811460301952478 0.22864671131512737 2.4224259952320812
26.39749999998383 4.178850919748026 -1.8357008004841113 9.420089997584867e-07 -0.14684158068874575 0.17423516995225752 -0.021960560407238826 0.22891616474347432 2.4261266034820337
26.397999999983828 4.182446722601188 -1.841038156334796 9.369901721946283e-07 -0.14710800286708456 0.17434395455118062 -0.02210721863004712 0.22918400492103064 2.4298282367295747
26.398499999983827 4.18604322099709 -1.846278802472841 9.320104999810356e-07 -0.14737052160714453 0.17445396827777412 -0.02225142203123533 0.22945017644150248 2.433529833933713
26.398999999983825 4.189639704705681 -1.851422430954198 9.270707290183922e-07 -0.14762911480647395 0.17456518051133152 -0.022393160262191684 0.22971463038305814 2.4372305004311725
26.399499999983824 4.193235458992611 -1.85646866229749 9.221715180967274e-07 -0.1478837578472687 0.17467756114571087 -0.022532420917157216 0.22997731669717147 2.440929334806711
26.399999999983823 4.196829637112472 -1.861417161222162 9.173137725436326e-07 -0.14813442508373154 0.1747910734856269 -0.02266919322164669 0.23023818012324943 2.4446253529878232
26.400499999983822 4.200421553461558 -1.8662676171581971 9.124981390302626e-07 -0.14838109483912357 0.17490568803955933 -0.022803466814786538 0.23049717376363144 2.4483176165024254
26.40099999998382 4.2040104835244865 -1.871019714509453 9.077253462724351e-07 -0.1486237447558931 0.17502137343692045 -0.02293523084526241 0.2307542491026683 2.4520053285620227
26.40149999998382 4.207595685800142 -1.875673147561778 9.029960851285057e-07 -0.14886235232694178 0.17513809757097715 -0.0230644752941172 0.2310093573465902 2.4556874720562263
26.40199999998382 4.211176369973736 -1.880227624191815 8.983111774621655e-07 -0.14909689475064564 0.1752558257480269 -0.023191190226931162 0.23126244785319033 2.4593631669501064
26.402499999983817 4.214751796568245 -1.8846828508634288 8.936713325872451e-07 -0.14932734999200423 0.17537452576424753 -0.023315365907865235 0.23151347267510566 2.463031491813683
26.402999999983816 4.218321299130198 -1.8890385663090201 8.890771351115945e-07 -0.1495536988821203 0.17549416832081005 -0.023436993003536178 0.23176238824491027 2.4666916434180997
26.403499999983815 4.221884103328683 -1.8932945011394597 8.845293937625376e-07 -0.1497759196243285 0.17561471928591446 -0.02355606237789968 0.23200914594889432 2.470342687522072
26.403999999983814 4.225439499956689 -1.8974503874294188 8.800287337803164e-07 -0.14999399188234167 0.17573614748974095 -0.023672564839898907 0.23225370064099127 2.473983813052617
26.404499999983813 4.228986761040428 -1.901506021834594 8.755758719426585e-07 -0.15020789736646228 0.1758584201219088 -0.02378649285843712 0.23249600771095388 2.477614068895216
26.40499999998381 4.232525189669523 -1.905461120982118 8.711714125871576e-07 -0.1504176152906289 0.1759815067839292 -0.0238978369268721 0.23273602284443448 2.481232764376206
26.40549999998381 4.2360540416380035 -1.9093154984867131 8.668160948055709e-07 -0.15062312779519654 0.1761053736864841 -0.024006589896368037 0.23297370157705938 2.484838968137632
26.40599999998381 4.239572592353821 -1.913068928213712 8.625105727574256e-07 -0.150824415784559 0.17622998845869442 -0.024112743796274844 0.23320899991700553 2.488431819296159
26.406499999983808 4.243080204072394 -1.9167212001637013 8.582554031314477e-07 -0.15102146229881946 0.17635532258856199 -0.024216290994796448 0.23344187848313372 2.4920106269552607
26.406999999983807 4.246576085897732 -1.9202721209938853 8.540513657345958e-07 -0.1512142482646416 0.17648134018465433 -0.02431722441560533 0.23367229128608996 2.4955744581684156
26.407499999983806 4.250059644683391 -1.923721508960886 8.498989118129827e-07 -0.15140275884277707 0.17660801447433092 -0.02441553695984354 0.2339002022376361 2.499122633699719
26.407999999983804 4.253530122687186 -1.927069192784305 8.457987696415892e-07 -0.1515869763237942 0.17673531084528607 -0.024511222227226195 0.23412556781702187 2.5026543469241354
26.408499999983803 4.256986843509141 -1.930315018597518 8.417515417270783e-07 -0.1517668852779463 0.17686319832315742 -0.024604274062413202 0.23434834902384988 2.5061687717985177
26.408999999983802 4.2604291380559385 -1.9334588215033026 8.37757783843978e-07 -0.15194246984520898 0.17699164637753853 -0.024694686295468803 0.23456850718143196 2.509665247680513
26.4094999999838 4.263856315040738 -1.9365004580420042 8.338181391683232e-07 -0.15211371470046547 0.1771206232032874 -0.024782453035530883 0.23478600329311328 2.513143003073035
26.4099999999838 4.267267699892725 -1.9394397947340105 8.299331603962033e-07 -0.1522806052279831 0.17725009762731683 -0.024867568799206225 0.23500079960603845 2.516601207565028
26.4104999999838 4.270662667771979 -1.942276703590751 8.261034074065354e-07 -0.15244312774920066 0.17738004079135147 -0.0249500282125191 0.2352128609938371 2.520039295085919
26.410999999983797 4.27404054827505 -1.9450110823676954 8.223294254019033e-07 -0.15260126894314163 0.17751042130733852 -0.025029826595327626 0.23542215098660116 2.5234565275741776
26.411499999983796 4.277400655074529 -1.9476428207385874 8.186118142967954e-07 -0.1527550148045551 0.17764120721338186 -0.025106959108159202 0.23562863247879343 2.5268521344392627
26.411999999983795 4.280742407922252 -1.9501718148387033 8.149510263073364e-07 -0.1529043532782495 0.17777237146320152 -0.02518142126183209 0.23583227362652484 2.530225550633179
26.412499999983794 4.284065142476505 -1.9525979807795464 8.113476294506023e-07 -0.15304927190180403 0.17790388276295716 -0.025253208707063143 0.23603303938603773 2.5335760591794947
26.412999999983793 4.287368199909275 -1.9549212450431361 8.078021669911699e-07 -0.1531897584594035 0.17803570998955673 -0.025322317776934066 0.23623089532474784 2.536902990581379
26.41349999998379 4.290650963260724 -1.9571415538784316 8.043151510843504e-07 -0.15332580229923032 0.1781678237513668 -0.02538874512832638 0.23642580961094725 2.540205650710845
26.41399999998379 4.29391282985539 -1.9592588314513548 8.008870406065855e-07 -0.1534573921527248 0.178300195583027 -0.02545248696584825 0.2366177509064092 2.543483522339936
26.41449999998379 4.297153176428393 -1.9612730477303133 7.975183210023935e-07 -0.1535845182475526 0.17843279550211924 -0.025513540583546636 0.23680668805830254 2.546735994778298
26.414999999983788 4.300371405503062 -1.9631841480654166 7.942094885795095e-07 -0.15370717007746076 0.17856559508201722 -0.025571902803856402 0.23699259079816454 2.5499623807732457
26.415499999983787 4.303566954432006 -1.9649921014075078 7.90960955899524e-07 -0.15382533881963825 0.1786985671792964 -0.025627570928751415 0.23717543120360973 2.553162207374971
26.415999999983786 4.306739200609922 -1.9666968981464734 7.877732165045877e-07 -0.15393901545955962 0.17883168161663135 -0.025680542833151146 0.23735517923714253 2.5563347975867723
26.416499999983785 4.309887549671017 -1.9682985279135834 7.846467350123562e-07 -0.15404819113322202 0.1789649096107001 -0.025730816768847222 0.2375318062807079 2.5594796504340236
26.416999999983783 4.313011438230117 -1.9697969789106344 7.815819161782487e-07 -0.15415285783989757 0.1790982237443139 -0.025778390453786024 0.2377052854754472 2.5625962046317516
26.417499999983782 4.316110278925508 -1.9711922717183106 7.785791759521001e-07 -0.15425300823359547 0.17923159514987513 -0.025823262791563988 0.2378755896477917 2.5656839506769025
26.41799999998378 4.319183558407465 -1.9724844167225886 7.756389112905529e-07 -0.15434863580684013 0.1793649985780415 -0.02586543221574063 0.23804269506548711 2.5687423313799194
26.41849999998378 4.32223069626345 -1.9736734302105292 7.727615404168718e-07 -0.1544397330571016 0.1794984055462241 -0.0259048976303591 0.23820657518554125 2.571770881870533
26.41899999998378 4.3252511186730525 -1.974759357428624 7.699474919455817e-07 -0.15452629383753183 0.17963178753605363 -0.025941658474420672 0.2383672045919166 2.574769045335829
26.419499999983778 4.328244364536518 -1.9757422470232684 7.671970186777776e-07 -0.15460831409407466 0.17976512126061345 -0.025975714316072984 0.23852456339564976 2.5777364509326315
26.419999999983776 4.3312098313567615 -1.976622131929886 7.645106364516998e-07 -0.15468578647670247 0.17989837705717568 -0.026007064441337924 0.23867862494697267 2.5806725352865074
26.420499999983775 4.334147042180137 -1.9773990586241075 7.618885929247163e-07 -0.15475870662862673 0.1800315309370224 -0.02603570837531808 0.23882936904723007 2.5835769069578083
26.420999999983774 4.337055464673709 -1.9780731353724699 7.593312562682182e-07 -0.15482707140312135 0.18016455557856056 -0.026061647430612327 0.23897677417038884 2.5864490779058142
26.421499999983773 4.339934585842171 -1.9786444130618235 7.568389825361973e-07 -0.1548908758271959 0.18029742528750275 -0.026084881289892503 0.2391208188588485 2.5892886696664608
26.421999999983772 4.342783942590563 -1.979112982596799 7.544120865341902e-07 -0.1549501171859347 0.18043011628140412 -0.026105410816194847 0.23926148488868454 2.5920952447425263
26.42249999998377 4.3456030312360445 -1.979478925173891 7.520508281592984e-07 -0.15500479204645484 0.18056260286263892 -0.026123236461979955 0.2393987522798402 2.5948684281377625
26.42299999998377 4.348391379935284 -1.9797423572747186 7.497555563682043e-07 -0.15505489835226915 0.18069486057484127 -0.026138359945723486 0.23953260321268596 2.597607847342984
26.42349999998377 4.351148469362672 -1.9799033942730169 7.475265928497636e-07 -0.1551004335844022 0.18082686261336475 -0.026150782674269516 0.23966301795466718 2.600313046364513
26.423999999983767 4.353873892197543 -1.9799621334318847 7.453641379768426e-07 -0.1551413963263294 0.18095858773809775 -0.026160505679168305 0.23978998183335312 2.6029837448309348
26.424499999983766 4.356567179558847 -1.9799187097195126 7.432685157853087e-07 -0.15517778537974908 0.18109001138328518 -0.02616753109884374 0.23991347811653013 2.6056195626954226
26.424999999983765 4.359227860747908 -1.9797732557485073 7.412399585400923e-07 -0.15520959982186178 0.1812211088265094 -0.02617186074722603 0.24003349028030282 2.6082201626360826
26.425499999983764 4.361855522313919 -1.9795259042622413 7.392787257015697e-07 -0.15523683913368702 0.1813518581915366 -0.02617349693971916 0.24015000444679344 2.61078522732258
26.425999999983762 4.364449692992242 -1.9791768118340236 7.373850884383087e-07 -0.15525950319535722 0.18148223448972953 -0.02617244217241678 0.24026300484494656 2.6133144396607815
26.42649999998376 4.3670099800898665 -1.978726137835762 7.355592356571138e-07 -0.1552775931312189 0.18161221642612455 -0.026168699217345454 0.24037247950329454 2.615807493090128
26.42699999998376 4.369536023187224 -1.9781740316847183 7.338013170298548e-07 -0.15529111031040044 0.18174178437569533 -0.026162270496579067 0.2404784180067618 2.618264153881812
26.42749999998376 4.372027351502767 -1.9775206732235526 7.321116323174243e-07 -0.15530005513832199 0.18187091317259085 -0.026153159550618373 0.24058080542445198 2.620684093799314
26.427999999983758 4.37448357373217 -1.9767662355638387 7.304903443575268e-07 -0.15530442942306283 0.18199958143264236 -0.026141369436022986 0.24067963070453377 2.6230670633765234
26.428499999983757 4.37690430407973 -1.9759109027457542 7.289376804697077e-07 -0.15530423526796816 0.18212776795030738 -0.02612690356746927 0.2407748833262167 2.625412781790356
26.428999999983755 4.379289151782256 -1.9749548772919903 7.274537883668598e-07 -0.15529947544431305 0.18225545106085062 -0.026109766078829557 0.24086655309395721 2.627721052787748
26.429499999983754 4.381637742611578 -1.97389835852062 7.26038850048322e-07 -0.15529015293091403 0.18238260989625044 -0.02608996076328305 0.24095463067246534 2.629991580805497
26.429999999983753 4.3839498038551135 -1.9727415256927758 7.246929230520996e-07 -0.15527627163580818 0.18250922864143374 -0.026067490910171992 0.24103911125533203 2.6322242590241274
26.430499999983752 4.386224829895843 -1.9714846254493046 7.234163293516172e-07 -0.15525783393757003 0.18263527972494506 -0.02604236192535819 0.24111998053634282 2.634418766763339
26.43099999998375 4.388462609533614 -1.9701278486092328 7.222090461299533e-07 -0.15523484530630527 0.18276075008124068 -0.026014577311299313 0.24119723713221886 2.6365749844337674
26.43149999998375 4.3906627209598685 -1.9686714412605193 7.210712833132147e-07 -0.15520730962187584 0.18288561609953766 -0.025984142348301004 0.2412708709930502 2.638692666350429
26.43199999998375 4.39282486121712 -1.967115627814517 7.200031514061813e-07 -0.15517523189039226 0.18300986002332922 -0.02595106164797096 0.24134087730563247 2.6407716663721423
26.432499999983747 4.394948682213879 -1.9654606342251077 7.19004790976612e-07 -0.1551386165295732 0.18313346194970828 -0.025915339800486836 0.24140724939688515 2.642811801121389
26.432999999983746 4.397033929770301 -1.9637067299450766 7.180762122862616e-07 -0.15509747102268662 0.18325640593194106 -0.025876982866519797 0.2414699858678085 2.6448129598492356
26.433499999983745 4.399080240340637 -1.9618541439379364 7.172175887668529e-07 -0.15505179973962693 0.18337867129786597 -0.02583599533329256 0.24152907970745482 2.6467749311282502
26.433999999983744 4.401087345604971 -1.9599031451844509 7.164289715672474e-07 -0.1550016098386677 0.18350024144164853 -0.02579238326491008 0.24158452909117728 2.6486976313952546
26.434499999983743 4.403054959448825 -1.957853984762147 7.157104261989692e-07 -0.15494690772042854 0.18362109911939353 -0.025746151964093453 0.24163633128090514 2.6505809201939288
26.43499999998374 4.40498278196693 -1.9557069514499348 7.15062039056669e-07 -0.15488770092342288 0.18374122598596962 -0.025697307827474914 0.24168448368430864 2.6524246547073047
26.43549999998374 4.40687053716559 -1.9534623024734923 7.144838697930229e-07 -0.1548239961708385 0.1838606052259556 -0.025645856414860373 0.24172898439288187 2.654228743636044
26.43599999998374 4.408717975961832 -1.9511203269131603 7.139759525855911e-07 -0.15475580182485046 0.18397922091999622 -0.025591804171851116 0.2417698334564334 2.6559930745391602
26.436499999983738 4.410524868157768 -1.9486813037267325 7.135383030404904e-07 -0.15468312622066907 0.18409705815610952 -0.02553515719997358 0.24180703176781435 2.6577176109688345
26.436999999983737 4.412290884873319 -1.9461455299182613 7.131710297960446e-07 -0.15460597677812676 0.18421409713294476 -0.025475922084913994 0.24184057609115409 2.6594021641111567
26.437499999983736 4.414015867677478 -1.9435132991965691 7.128740662109291e-07 -0.1545243634245155 0.18433032622116718 -0.025414105575255662 0.241870471159139 2.661046763084753
26.437999999983735 4.415699548159187 -1.9407849149767984 7.126474757146172e-07 -0.15443829480867127 0.18444572841748083 -0.02534971439640532 0.2418967169162171 2.6626513050910647
26.438499999983733 4.417341689819388 -1.9379606846171078 7.124912759584317e-07 -0.15434778020015832 0.1845602882156105 -0.025282755505485165 0.2419193149893074 2.6642157228054613
26.438999999983732 4.418942100242732 -1.9350409207447996 7.124054302739252e-07 -0.15425282986733935 0.18467399210289082 -0.02521323592332026 0.24193826928996975 2.665739967888424
26.43949999998373 4.420500572048736 -1.9320259417894041 7.12389934278834e-07 -0.1541534539198934 0.18478682583750983 -0.025141162962413376 0.24195358322132268 2.667224020221117
26.43999999998373 4.422016880502242 -1.9289160766229796 7.124448045079728e-07 -0.15404966259077343 0.1848987742456028 -0.02506654421059102 0.24196525969758353 2.6686678399959716
26.44049999998373 4.423490863085747 -1.9257116256083755 7.125699690637831e-07 -0.15394146625368135 0.18500982538881142 -0.02498938626327935 0.2419733042063673 2.6700713909827063
26.440999999983728 4.424922289947433 -1.922412954527672 7.127654643028624e-07 -0.15382887633382625 0.18511996342826237 -0.024909697833909342 0.2419777202553687 2.671434645022698
26.441499999983726 4.426311017156053 -1.9190203844060536 7.130312022223302e-07 -0.153711904180066 0.1852291771112583 -0.02482748624878649 0.241978514776435 2.6727576162682096
26.441999999983725 4.427656876586338 -1.9155342547796446 7.133671322334792e-07 -0.15359056149847744 0.18533745379002353 -0.024742759217279094 0.24197569401175592 2.674040282895233
26.442499999983724 4.428959689615911 -1.911954906802351 7.137732324034322e-07 -0.1534648596908529 0.1854447803766196 -0.024655524715028812 0.24196926380811107 2.6752826427249956
26.442999999983723 4.430219292304377 -1.9082827040624741 7.142494453553073e-07 -0.15333481133670424 0.18555114417112673 -0.024565791278302485 0.24195923121882756 2.676484711481703
26.44349999998372 4.431435583638298 -1.9045179934678358 7.147956571583722e-07 -0.15320042948814705 0.18565653565020845 -0.024473566856350423 0.24194560607637017 2.6776465140587318
26.44399999998372 4.4326083871173 -1.9006611317686628 7.154118348995515e-07 -0.15306172621863648 0.18576094163933612 -0.024378859827264662 0.24192839493998858 2.6787680748781586
26.44449999998372 4.4337375599254845 -1.8967124782556997 7.160978933709745e-07 -0.15291871438360474 0.18586435050339506 -0.024281678504518435 0.24190760613874912 2.6798493781266592
26.444999999983718 4.434822973621904 -1.8926724127085959 7.168537897057898e-07 -0.15277140757426808 0.185966751108763 -0.02418203197113053 0.24188324902817168 2.68089048753262
26.445499999983717 4.435864521813987 -1.8885412992667419 7.176793825313998e-07 -0.15261981951515946 0.18606813346971168 -0.024079928621898103 0.2418553339585009 2.6818914368786677
26.445999999983716 4.436862119141042 -1.8843195055188866 7.185745657579505e-07 -0.1524639640687126 0.18616848866202199 -0.0239753772410379 0.24182387232053243 2.6828522760964555
26.446499999983715 4.437815644095485 -1.8800074123050992 7.195392330606995e-07 -0.15230385534142216 0.18626780578604 -0.023868386614786734 0.2417888742349401 2.683773080766292
26.446999999983714 4.438724964253741 -1.8756054168268692 7.205733484968403e-07 -0.15213950750056807 0.18636607336622316 -0.02375896633952597 0.24175034958812905 2.684653828378268
26.447499999983712 4.439590005918969 -1.8711138770712852 7.216767636783026e-07 -0.15197093449759028 0.1864632830877515 -0.02364712467553371 0.24170831052604308 2.685494630380848
26.44799999998371 4.440410703178089 -1.8665332031818243 7.228493424746014e-07 -0.15179815217697795 0.1865594264437582 -0.023532871541717543 0.24166277049303223 2.6862955497211742
26.44849999998371 4.4411869732417975 -1.8618637835101837 7.240909596104477e-07 -0.15162117541605627 0.18665449435140194 -0.023416216092295654 0.24161374189438217 2.6870566650343193
26.44899999998371 4.441918757078097 -1.8571060003773676 7.254014876934203e-07 -0.15144001922910244 0.18674847895978938 -0.02329716729024423 0.24156123824333953 2.6877780438561705
26.449499999983708 4.442606009734168 -1.8522602676940747 7.267807471714969e-07 -0.151254700089905 0.18684137267631248 -0.02317573502906293 0.24150527434611677 2.6884597667230405
26.449999999983707 4.443248605088749 -1.8473269759031596 7.282286878829037e-07 -0.15106523212227782 0.18693316443981198 -0.0230519286169439 0.2414458608810682 2.689101891702622
26.450499999983705 4.443846539003626 -1.842306537954038 7.297451052154581e-07 -0.1508716324594669 0.18702384857796675 -0.02292575782841621 0.24138301470879406 2.68970451789908
26.450999999983704 4.44439979854468 -1.8371993621683949 7.31329829812304e-07 -0.15067391771745414 0.1871134191946463 -0.022797232539044417 0.2413167522872725 2.6902677657945695
26.451499999983703 4.444908312237523 -1.8320058498957694 7.329827276340256e-07 -0.15047210349666018 0.18720186762462593 -0.02266636220585422 0.24124708733683098 2.690791716379796
26.451999999983702 4.445372015792989 -1.8267264260376512 7.347037007738156e-07 -0.15026620612978508 0.18728918535186403 -0.022533157186969688 0.24117403431384696 2.6912764143125663
26.4524999999837 4.445790952263095 -1.8213614979974522 7.364924889822733e-07 -0.15005624335662313 0.18737536905746413 -0.02239762710025034 0.2410976125959045 2.691722037984409
26.4529999999837 4.446165068944589 -1.8159114991225977 7.383489773160582e-07 -0.14984223211807646 0.18746041066100286 -0.022259782419488065 0.24101783752386935 2.6921286510196656
26.4534999999837 4.446494382755092 -1.8103768298284977 7.402729638142024e-07 -0.14962418933672517 0.18754430575368028 -0.022119632652006775 0.24093472726853182 2.692496380815749
26.453999999983697 4.4467788694947545 -1.8047579278149206 7.422642972800276e-07 -0.14940213253553805 0.18762704757667675 -0.021977188495213143 0.2408482987331676 2.6928253319975557
26.454499999983696 4.447018524214568 -1.7990552255936425 7.443227736205373e-07 -0.14917607959736012 0.187708630280227 -0.021832460273332077 0.24075856978995264 2.6931156282057582
26.454999999983695 4.447213386947721 -1.7932691329063932 7.464482097335472e-07 -0.14894604807787457 0.18778905048853947 -0.021685457757502063 0.24066556006116901 2.6933673741299824
26.455499999983694 4.447363463781434 -1.7874001169032148 7.48640446145446e-07 -0.14871205694036768 0.18786830259836534 -0.02153619263863196 0.24056928855112492 2.6935807153035354
26.455999999983693 4.447468751985804 -1.7814485698432767 7.50899259868618e-07 -0.14847412281499073 0.18794638129973937 -0.021384673861332325 0.2404697728728156 2.693755744323685
26.45649999998369 4.447529338911879 -1.7754149687069845 7.532244204016771e-07 -0.1482322663837359 0.18802328473351934 -0.02123091333234262 0.24036703617627433 2.6938926274031765
26.45699999998369 4.447545199147003 -1.769299717659591 7.556158027709183e-07 -0.1479865039369651 0.18809900651503184 -0.0210749206918964 0.2402610952309947 2.693991455567846
26.45749999998369 4.447516424541778 -1.7631032867022363 7.580731398416361e-07 -0.1477368561222206 0.18817354505241746 -0.020916707543633083 0.24015197348541145 2.6940524078106276
26.457999999983688 4.447442985119362 -1.7568260934227575 7.605962771626203e-07 -0.14748334001143515 0.1882468934721478 -0.020756283499429533 0.24003968794253885 2.6940755317236693
26.458499999983687 4.447325015050641 -1.750468574683418 7.631849081220268e-07 -0.1472259756624402 0.188319052609103 -0.020593659297969538 0.23992426365132058 2.69406105501898
26.458999999983686 4.447162543793538 -1.7440311834403763 7.658388561705927e-07 -0.14696478215918163 0.18839001810720116 -0.02042884584596804 0.23980572107463494 2.6940090814140847
26.459499999983684 4.446955608495207 -1.7375143640009654 7.685579348942697e-07 -0.1466997782347606 0.18845978612113612 -0.020261854032654954 0.23968408092276994 2.6939197170498375
26.459999999983683 4.44670430825215 -1.7309185741835353 7.713419237590252e-07 -0.14643098399544188 0.18852835566419376 -0.020092695269828303 0.23955936710244558 2.6937931492027616
26.460499999983682 4.446408754192354 -1.7242442494132777 7.741904909594375e-07 -0.14615841969497975 0.18859572629519977 -0.01992137949977372 0.23943160398268595 2.6936295120820377
26.46099999998368 4.446068952665407 -1.7174918603103795 7.771035100024754e-07 -0.14588210427003168 0.18866189252464013 -0.019747918680348024 0.23930081138482776 2.6934289303158123
26.46149999998368 4.445685060592815 -1.71066183423016 7.800806847885135e-07 -0.14560205806270687 0.18872685633364575 -0.019572322804259017 0.23916701577272428 2.69319157888751
26.46199999998368 4.445257147683711 -1.7037546367009082 7.831217913439328e-07 -0.1453183011392923 0.1887906152093157 -0.019394603386196432 0.23903024009030702 2.692917596659675
26.462499999983677 4.444785330505897 -1.6967707299888142 7.862265894378421e-07 -0.14503085415709163 0.18885316891729373 -0.0192147718308474 0.23889050948949603 2.6926071406180663
26.462999999983676 4.444269690698624 -1.6897105729076747 7.893948533724189e-07 -0.14473973726113284 0.18891451556536382 -0.019032839243228142 0.23874784753663525 2.692260336705119
26.463499999983675 4.443710336908456 -1.682574614792225 7.926263812860979e-07 -0.1444449703842312 0.18897465475353084 -0.018848816738843678 0.2386022789098464 2.691877348181937
26.463999999983674 4.443107439009472 -1.6753633145548568 7.959207873145275e-07 -0.1441465754221182 0.18903358866311185 -0.018662715217907966 0.2384538315651139 2.6914583498527005
26.464499999983673 4.44246106262265 -1.6680771355373505 7.992779265739814e-07 -0.1438445721126076 0.1890913147326887 -0.018474546184995545 0.2383025285017711 2.6910034671617815
26.46499999998367 4.441771377507948 -1.6607165441614993 8.026975121212689e-07 -0.14353898220539574 0.189147835205926 -0.018284321055104684 0.23814839779451635 2.6905128811318715
26.46549999998367 4.441038498946902 -1.6532819901108728 8.06179277839815e-07 -0.14322982589466 0.18920314995985826 -0.018092050936971353 0.23799146473698 2.6899867208379176
26.46599999998367 4.440262579944893 -1.6457739268589031 8.097229641114579e-07 -0.14291712441413115 0.18925726055218584 -0.017897746525108046 0.2378317566121043 2.6894251663112385
26.466499999983668 4.439443777373767 -1.6381928550326883 8.13328310009032e-07 -0.1426009001628053 0.18931016838940823 -0.017701420774746172 0.23766930151013 2.688828384414757
26.466999999983667 4.43858225059772 -1.630539202546897 8.169950295317681e-07 -0.14228117361877524 0.1893618755883431 -0.017503083579927116 0.23750412675883573 2.688196521871327
26.467499999983666 4.437678101494781 -1.6228134714664306 8.207229153002209e-07 -0.14195796657105259 0.1894123808749603 -0.01730274760709504 0.23733625803164576 2.687529698246898
26.467999999983665 4.436731577758324 -1.6150160825454525 8.245115837175067e-07 -0.14163130037175242 0.18946169074328134 -0.017100423024205547 0.23716572680702228 2.68682815091967
26.468499999983663 4.43574281841402 -1.6071475397915282 8.283608505552388e-07 -0.1413011974349171 0.18950980568358283 -0.016896122447227054 0.2369925606438363 2.6860920009776192
26.468999999983662 4.434711983080797 -1.5992083131352235 8.322704200438985e-07 -0.14096767948034195 0.18955672748029967 -0.01668985747772219 0.23681678769407308 2.685321401134396
26.46949999998366 4.433639270477297 -1.5911988479897896 8.362399830471308e-07 -0.14063076795559737 0.1896024600567121 -0.016481638943894747 0.23663843765883658 2.684516534031486
26.46999999998366 4.432524853487844 -1.5831196204175506 8.402692935267533e-07 -0.14029048473276107 0.1896470058612589 -0.016271478836255973 0.2364575394488663 2.6836775509109994
26.47049999998366 4.431368940425273 -1.5749711068752117 8.443580397350987e-07 -0.13994685272038423 0.18969036888882018 -0.016059388651975405 0.2362741238464187 2.6828046170771804
26.470999999983658 4.430171713628187 -1.5667537660154376 8.485059694902438e-07 -0.1395998932132988 0.18973255225942645 -0.01584538000310536 0.23608822003539953 2.681897898269736
26.471499999983656 4.428933401719801 -1.5584680806417508 8.527127524539948e-07 -0.13924962960006668 0.18977356091231354 -0.01562946468038893 0.2358998599645427 2.6809575501394702
26.471999999983655 4.427654184525104 -1.5501145291704796 8.569781399322352e-07 -0.1388960840142777 0.18981339756833931 -0.015411654657993865 0.23570907311818737 2.6799837409471223
26.472499999983654 4.426334299659408 -1.5416935651498482 8.613018094773659e-07 -0.1385392786393777 0.18985206802804555 -0.015191961227240232 0.23551589149434216 2.6789766465076656
26.472999999983653 4.424973971543372 -1.5332056620202246 8.656834808013004e-07 -0.1381792361031122 0.1898895772261579 -0.014970396259807029 0.23532034674745883 2.677936422969605
26.47349999998365 4.423573429356402 -1.5246512946370814 8.701228057114179e-07 -0.1378159795684229 0.18992593022021909 -0.014746971302724487 0.23512247097421987 2.676863246061146
26.47399999998365 4.422132915955679 -1.5160309406640138 8.746195130882477e-07 -0.13744953205344382 0.18996113282417665 -0.014521698369150158 0.23492229687511515 2.6757572739239732
26.47449999998365 4.420652616286404 -1.507345062820401 8.791733338640111e-07 -0.13707991510587517 0.18999518825902087 -0.014294589177043352 0.2347198542236152 2.674618654472738
26.47499999998365 4.419132827628811 -1.498594143669435 8.837839284286163e-07 -0.1367071529804399 0.1900281048094208 -0.014065655690673418 0.23451517853539072 2.673447578233332
26.475499999983647 4.417573788887682 -1.4897786545006126 8.884510008215838e-07 -0.13633126844131732 0.19005988819898678 -0.013834909780277679 0.23430830242579603 2.672244202256832
26.475999999983646 4.415975745205958 -1.4808990575131324 8.931742138904312e-07 -0.1359522842266601 0.19009054444926565 -0.013602362865582005 0.23409925875788623 2.67100871581257
26.476499999983645 4.414338967615433 -1.4719558459240114 8.979532617550075e-07 -0.13557022439092625 0.1901200805610712 -0.013368027432977945 0.23388808206362963 2.669741247759922
26.476999999983644 4.412663705955781 -1.4629494693558205 9.027878705877383e-07 -0.13518511103980232 0.1901485030354794 -0.013131914690014727 0.23367480531050672 2.668441974084373
26.477499999983642 4.410950244347801 -1.4538804164298167 9.07677696040571e-07 -0.1347969682221553 0.19017581956846147 -0.012894037155263148 0.23345946368605852 2.667111082855813
26.47799999998364 4.409198868099134 -1.4447491564516077 9.126224023478537e-07 -0.1344058193684275 0.19020203809105352 -0.01265440664471498 0.23324209221668962 2.6657487307480405
26.47849999998364 4.4074098444633005 -1.4355561660232585 9.17621676550615e-07 -0.1340116879097062 0.1902271656298617 -0.01241303515646151 0.23302272524750645 2.6643550889041077
26.47899999998364 4.405583492352088 -1.426301892803814 9.22675143151307e-07 -0.13361459726680702 0.1902512119448846 -0.012169933580944113 0.23280139933564192 2.662930325609169
26.479499999983638 4.403720062396377 -1.4169868555802259 9.277825846291862e-07 -0.13321457152893695 0.1902741829496046 -0.011925115768819458 0.23257814848105918 2.6614745958305353
26.479999999983637 4.4018198576805085 -1.4076114872750953 9.329436323024874e-07 -0.13281163322442593 0.19029608783608065 -0.011678592337059097 0.23235300833953493 2.659988076091113
26.480499999983635 4.399883261696695 -1.3981762785462946 9.381578361705081e-07 -0.13240580834472762 0.1903169389574701 -0.011430375565900605 0.23212601927216103 2.658470958165954
26.480999999983634 4.397910470864492 -1.388681694749646 9.434250420262979e-07 -0.13199711816267176 0.1903367403080484 -0.011180477686861829 0.23189721213427772 2.656923377544988
26.481499999983633 4.3959018812532955 -1.3791282188693557 9.487447920398972e-07 -0.1315855885439774 0.19035550491521486 -0.01092891080201404 0.2316666278411927 2.655345524890333
26.481999999983632 4.393857767132151 -1.3695163170739286 9.541168233670558e-07 -0.1311712422172391 0.1903732404183556 -0.010675687052999096 0.23143430114451966 2.653737555404123
26.48249999998363 4.39177848770938 -1.3598464619171131 9.595407328031624e-07 -0.1307541039013701 0.19038995832044797 -0.010420818431117817 0.23120027113540875 2.652099668738483
26.48299999998363 4.389664333589559 -1.3501191367963672 9.650162381416348e-07 -0.13033419735237145 0.19040566677044807 -0.010164317400699393 0.23096457366013512 2.650431979979021
26.48349999998363 4.387515672686132 -1.3403347857542347 9.705429673820027e-07 -0.12991154622747392 0.19042037806727027 -0.00990619522634224 0.23072724791484348 2.648734719517188
26.483999999983627 4.3853328524110795 -1.3304939159532596 9.761205406047165e-07 -0.1294861761740574 0.19043410279679585 -0.009646465074111791 0.23048833292951226 2.6470080261194426
26.484499999983626 4.3831162047618335 -1.3205969770348567 9.81748654355884e-07 -0.12905811031620387 0.19044685153148913 -0.009385138490648669 0.2302478662683656 2.645252082238754
26.484999999983625 4.380866083327502 -1.3106444524319034 9.87426946176519e-07 -0.1286273733335563 0.19045863545988811 -0.009122228154505215 0.23000588696473723 2.643467053945807
26.485499999983624 4.378582854810884 -1.3006368027829294 9.93155033854757e-07 -0.1281939894786201 0.19046946665307393 -0.008857745849191655 0.22976243454289882 2.6416531476143126
26.485999999983623 4.376266868016801 -1.2905745014611374 9.989326115616063e-07 -0.12775798291216378 0.19047935623775736 -0.008591703916796018 0.22951754775338876 2.6398104764408004
26.48649999998362 4.373918515067866 -1.2804580208985739 1.0047592494635972e-06 -0.1273193786831633 0.19048831737425892 -0.00832411463163395 0.22927126756038077 2.6379392722406005
26.48699999998362 4.371538174666136 -1.2702878126744062 1.0106345987273148e-06 -0.12687820082849127 0.19049636279160967 -0.008054989466549223 0.2290236340153866 2.6360396930346734
26.48749999998362 4.369126208126357 -1.2600643821950996 1.016558347295593e-06 -0.12643447452622086 0.1905035040116213 -0.007784342221415599 0.228774686915418 2.6341119163976314
26.487999999983618 4.366683009142578 -1.2497881893423441 1.0225300674421322e-06 -0.12598822447774388 0.19050975435591658 -0.007512184659922088 0.2285244672462247 2.632156118987937
26.488499999983617 4.364208935536936 -1.239459687250191 1.0285494491964751e-06 -0.125539474216601 0.1905151256514415 -0.007238528566707113 0.228273014139596 2.630172449155271
26.488999999983616 4.361704439014527 -1.2290793522730639 1.0346160538245033e-06 -0.12508824972114668 0.19051963391219845 -0.006963386453531899 0.22802037162332514 2.6281611371723965
26.489499999983614 4.359169889587806 -1.2186476523468615 1.0407295029216383e-06 -0.12463457516768377 0.19052329141481542 -0.006686770862620251 0.22776657964533092 2.6261223518128807
26.489999999983613 4.3566057122621 -1.208165057522049 1.0468894655695268e-06 -0.12417847565703762 0.1905261130050343 -0.0064086941506012645 0.22751168082986098 2.624056263244768
26.490499999983612 4.354012302556756 -1.1976320576133728 1.053095552652845e-06 -0.12371997678365755 0.19052811190005275 -0.0061291691926312 0.22725571674776343 2.6219630668601788
26.49099999998361 4.351390070582667 -1.1870490878486115 1.0593473615991652e-06 -0.12325910193605702 0.19052930270758917 -0.005848207873281589 0.22699872892959677 2.6198429176547378
26.49149999998361 4.3487394456051565 -1.176416643047054 1.06564450705706e-06 -0.12279587751866869 0.19052970017821075 -0.00556582299393288 0.22674076071844373 2.617696035825646
26.49199999998361 4.346060827872399 -1.165735183465509 1.0719866135573226e-06 -0.12233032781435671 0.190529318104249 -0.005282026915375633 0.22648185350878078 2.6155225813032676
26.492499999983607 4.343354721012657 -1.1550051515056716 1.078373255092825e-06 -0.12186247799748068 0.19052817551794637 -0.004996831541978679 0.22622205360075476 2.613322765951276
26.492999999983606 4.340621493036283 -1.144227054055911 1.0848040735580095e-06 -0.12139235365254292 0.19052628414211303 -0.004710250503372846 0.22596140142535354 2.611096763742028
26.493499999983605 4.337861611021582 -1.1334013327716237 1.091278629003303e-06 -0.12091997947360497 0.1905236612563953 -0.0044222956184902795 0.225699941588331 2.6088447839417563
26.493999999983604 4.335075541196037 -1.1225284700213245 1.0977965217174292e-06 -0.12044538156708506 0.1905203235969524 -0.004132979880828887 0.22543771904236326 2.6065670057059425
26.494499999983603 4.332263687420683 -1.1116089247975434 1.1043573949199028e-06 -0.11996858420686266 0.19051628521892142 -0.0038423156066605935 0.2251747754954753 2.6042636186012666
26.4949999999836 4.329426550453548 -1.1006431779772214 1.1109607684148674e-06 -0.11948961396438343 0.19051156454496837 -0.0035503159470577253 0.224911157602403 2.6019348341920474
26.4954999999836 4.326564576687041 -1.089631654366621 1.1176062807002618e-06 -0.11900849425902336 0.19050617812365067 -0.0032569925144945193 0.22464690874641385 2.599580844387257
26.4959999999836 4.323678223043585 -1.0785748658131238 1.124293495200529e-06 -0.11852525233453966 0.19050014189029627 -0.002962359014200106 0.22438207386535655 2.597201842681754
26.496499999983598 4.320767968088386 -1.0674732552996866 1.1310220143518616e-06 -0.11803991274605476 0.1904934737761458 -0.0026664277062907254 0.22411669814878196 2.5947980367460755
26.496999999983597 4.3178342862950565 -1.0563272941175677 1.137791389296406e-06 -0.1175525013296121 0.19048619099823785 -0.0023692113657155785 0.22385082687441885 2.592369622121441
26.497499999983596 4.31487768029521 -1.0451374417854287 1.1446011791250898e-06 -0.11706304368918466 0.190478312457685 -0.002070722724459087 0.22358450663475105 2.5899168200920553
26.497999999983595 4.311898576343593 -1.0339041904170012 1.1514510116995482e-06 -0.11657156537770724 0.1904698529631011 -0.001770975469133197 0.22331778052028614 2.5874398268943075
26.498499999983594 4.308897525850432 -1.0226279802871847 1.158340418485038e-06 -0.11607809230515091 0.19046083384842682 -0.0014699813788549595 0.22305069735083852 2.5849388485163756
26.498999999983592 4.305874999641688 -1.0113092687424297 1.165268961879023e-06 -0.11558264950362214 0.19045127247236399 -0.001167753167866675 0.22278330211234604 2.5824141171648174
26.49949999998359 4.302831501367048 -0.9999485325139486 1.1722362008808488e-06 -0.1150852630144959 0.19044118756503386 -0.0008643043397365891 0.22251564148681277 2.5798658025841625
26.49999999998359 4.29976752373428 -0.9885462615151406 1.1792417173041269e-06 -0.11458595954315548 0.19043059714534902 -0.0005596482605558376 0.22224776187789927 2.5772941897485966
26.50049999998359 4.296683566389085 -0.9771028861998954 1.186285029755962e-06 -0.11408476352078002 0.19041952026512304 -0.00025379701159669024 0.22197970938469802 2.5746994300683457
26.500999999983588 4.293580170994567 -0.9656188749158725 1.1933657287853445e-06 -0.11358170125370351 0.19040797759028816 5.3236280265262295e-05 0.22171153245560044 2.572081784766889
26.501499999983587 4.290457837872221 -0.9540947264875324 1.2004833166446965e-06 -0.11307679981735996 0.19039598741780178 0.00036143765595134927 0.2214432778815247 2.5694414577292335
26.501999999983585 4.287317089915711 -0.9425308642411866 1.2076373693351426e-06 -0.11257008356075873 0.1903835700531763 0.0006707952011114284 0.22117499276652125 2.5667786918718143
26.502499999983584 4.284158428633815 -0.9309277745000812 1.214827413256731e-06 -0.11206157909025014 0.1903707439666913 0.0009812953711492581 0.22090672377100104 2.564093695538163
26.502999999983583 4.280982409592863 -0.9192859299641967 1.2220529841736969e-06 -0.11155131305949714 0.19035753047803472 0.0012929247191416455 0.22063852000347361 2.561386706271588
26.503499999983582 4.277789553081625 -0.9076057826871045 1.2293136476355804e-06 -0.1110393105969862 0.19034394952669076 0.0016056701210244084 0.22037042858743758 2.5586579662726017
26.50399999998358 4.274580409251113 -0.8958877894200211 1.2366088591101458e-06 -0.1105255981595554 0.19033002218341516 0.0019195190265523516 0.22010249827332745 2.5559077080157473
26.50449999998358 4.271355532213098 -0.8841324241965196 1.2439381812308702e-06 -0.11001020243109097 0.19031576970342207 0.002234458036778018 0.21983477804809165 2.5531361658358662
26.50499999998358 4.268115435706982 -0.8723401552875445 1.2513011656347865e-06 -0.10949314895464515 0.19030121153305793 0.0025504733888651538 0.21956731472024946 2.550343578166444
26.505499999983577 4.264860658762731 -0.8605114509030616 1.2586972803147661e-06 -0.10897446417450168 0.19028636818028893 0.002867551839315618 0.21930015643157985 2.547530195830749
26.505999999983576 4.261591795803871 -0.8486467816891141 1.2661260468381102e-06 -0.1084541751881765 0.19027126287152488 0.0031856799240863555 0.2190333539601933 2.544696262910529
26.506499999983575 4.2583093439682065 -0.8367466022995378 1.2735870186902746e-06 -0.10793230700843272 0.1902559143455749 0.003504844560860301 0.2187669531145623 2.5418420217998623
26.506999999983574 4.255013902148694 -0.8248113904241948 1.2810796607538411e-06 -0.10740888698617951 0.19024034599192796 0.00382503183492206 0.21850100483813914 2.538967744260212
26.507499999983573 4.2517060681082235 -0.8128415933924236 1.288603454839837e-06 -0.10688394162382087 0.19022458138348486 0.004146229131164217 0.21823555978706702 2.5360736704519575
26.50799999998357 4.248386362769301 -0.8008376962691938 1.2961579335424066e-06 -0.10635749721173009 0.19020864015979483 0.004468422172262695 0.21797066500171774 2.5331600643365677
26.50849999998357 4.245055369396853 -0.788800161223694 1.3037425499946534e-06 -0.10582958041325134 0.19019254503681848 0.004791597594302452 0.2177063703375094 2.530227196239654
26.50899999998357 4.2417136238308 -0.7767294525148648 1.3113568519485436e-06 -0.10530021689101675 0.1901763166263524 0.005115741669093396 0.2174427232530137 2.5272753059499684
26.509499999983568 4.2383617518018974 -0.7646260398768779 1.3190002851799577e-06 -0.10476943429160043 0.1901599796238264 0.005440840926068701 0.21717977567512778 2.524304685858505
26.509999999983567 4.235000330248998 -0.752490386693955 1.3266723150918906e-06 -0.1042372591203305 0.19014355649251577 0.005766881839008419 0.21691757695190714 2.521315606184694
26.510499999983566 4.2316299088752505 -0.7403229899549726 1.3343724574453695e-06 -0.10370371844493341 0.19012706814441915 0.006093849632698454 0.21665617522665853 2.5183083156550747
26.510999999983564 4.228251079644978 -0.7281242825137207 1.3421001460632032e-06 -0.10316883791670552 0.19011053808014922 0.006421731658754886 0.21639562020453273 2.51528311015661
26.511499999983563 4.224864462042999 -0.7158947585166021 1.3498548812873675e-06 -0.10263264566262098 0.19009399053821996 0.006750513444700729 0.21613596328751272 2.512240267212463
26.511999999983562 4.221470595301438 -0.7036348777756873 1.3576361465624968e-06 -0.10209516719337997 0.19007744631784002 0.00708018114476304 0.21587725152965567 2.5091800721596353
26.51249999998356 4.218070118339795 -0.6913450960175569 1.36544333509096e-06 -0.10155642998208632 0.19006093085287148 0.007410721761750908 0.2156195369264958 2.5061028041434317
26.51299999998356 4.214663597887144 -0.679025904092893 1.3732759214818352e-06 -0.10101646091337695 0.19004446595724556 0.0077421203131314625 0.21536286783793876 2.5030087651648665
26.51349999998356 4.211251647905094 -0.6666777738572366 1.381133412985258e-06 -0.10047528707144172 0.19002807588966147 0.008074362790954774 0.21510729479237917 2.4998982338456384
26.513999999983557 4.207834884770001 -0.6543012071006633 1.3890151929119421e-06 -0.09993293709057227 0.19001178454785328 0.00840743452033391 0.21485286858178504 2.4967715298045077
26.514499999983556 4.204413885420519 -0.6418966135536017 1.3969207155901594e-06 -0.09938943506178406 0.18999561512244612 0.008741322882258278 0.21459963721635028 2.4936289198579633
26.514999999983555 4.200989280718039 -0.6294644946154043 1.4048494240107783e-06 -0.09884480963044066 0.18997959229199046 0.00907601314972978 0.21434765194189334 2.490470735881563
26.515499999983554 4.19756165724427 -0.6170053443176184 1.4128007794076535e-06 -0.09829908832110609 0.1899637386997321 0.009411490555059729 0.21409696153847838 2.487297282828136
26.515999999983553 4.194131615058126 -0.604519640378381 1.4207741765346247e-06 -0.09775229827621469 0.18994807783316559 0.009747740635567713 0.21384761522704593 2.4841088439667844
26.51649999998355 4.190699793909913 -0.5920078205182364 1.4287690565013357e-06 -0.09720446554033114 0.18993263561449636 0.010084749971226756 0.21359966379756462 2.480905765090173
26.51699999998355 4.187266797135165 -0.5794703991994522 1.4367848751343907e-06 -0.09665561868920101 0.1899174352174618 0.010422503277274592 0.21335315652301895 2.4776883571831956
26.51749999998355 4.183833213516745 -0.566907855444438 1.4448209839711526e-06 -0.09610578484551588 0.18990249962511593 0.01076098603517033 0.21310814171469114 2.474456897092594
26.517999999983548 4.18039971121381 -0.5543206514188085 1.4528768448146242e-06 -0.09555499152091407 0.18988785568924746 0.01110018444631191 0.2128646711823373 2.4712117735517354
26.518499999983547 4.176966854405411 -0.5417092779419864 1.4609518679827438e-06 -0.09500326563893699 0.18987352511453337 0.01144008343399413 0.21262279165333733 2.4679532645936906
26.518999999983546 4.173535314125369 -0.5290742129210226 1.469045420229157e-06 -0.0944506353252547 0.18985953481843873 0.011780668404124717 0.21238255489297173 2.4646817360672078
26.519499999983545 4.170105658034898 -0.5164159560470349 1.4771569372695606e-06 -0.09389712799766944 0.18984590646596025 0.012121924323954784 0.21214400745109097 2.4613974939456433
26.519999999983543 4.166678537813659 -0.5037349713530574 1.485285824000109e-06 -0.0933427707892803 0.18983266622455502 0.012463836804054136 0.21190719962384838 2.4581008856455124
26.520499999983542 4.1632545633769755 -0.4910317532263432 1.4934314765004044e-06 -0.09278759161226531 0.18981983788835272 0.012806390945643337 0.2116721797077209 2.454792263792729
26.52099999998354 4.1598343640405835 -0.47830677763031293 1.5015932607707795e-06 -0.09223161784967203 0.18980744635385877 0.013149572121985765 0.21143899656764412 2.4514719360896944
26.52149999998354 4.156418550591484 -0.46556054491473375 1.5097705658673365e-06 -0.091674877454547 0.1897955154153893 0.013493364965439436 0.2112076980751176 2.448140286675299
26.52199999998354 4.153007801233589 -0.4527935491277484 1.5179627812644245e-06 -0.0911173991063548 0.18978407216519688 0.013837754307329045 0.21097833517160336 2.4447976586501747
26.522499999983538 4.149602674601744 -0.4400062831313861 1.526169269495555e-06 -0.09055920998065488 0.1897731378683878 0.014182725252051834 0.21075095270083513 2.4414444063216534
26.522999999983536 4.146203814199561 -0.42719922363400115 1.5343894184703907e-06 -0.0900003373858695 0.1897627382481187 0.014528262782761182 0.2105255993376561 2.4380808933490408
26.523499999983535 4.142811881370755 -0.4143728714313043 1.5426226209235359e-06 -0.08944081013961719 0.18975289941628037 0.014874351741831845 0.21030232451177472 2.4347074614672612
26.523999999983534 4.139427418081505 -0.4015277271202667 1.5508682323858278e-06 -0.0888806550589374 0.1897436418836833 0.01522097642019725 0.21008117146039879 2.431324480027819
26.524499999983533 4.136051158355812 -0.38866428072504944 1.5591255532290202e-06 -0.08831990184663441 0.1897349953739807 0.01556812202019012 0.20986219277182622 2.4279323333212917
26.52499999998353 4.132683649437877 -0.37578304049264677 1.5673940217548226e-06 -0.08775857750654667 0.18972698057298407 0.01591577265705878 0.20964543138972816 2.424531382908275
26.52549999998353 4.129325559484775 -0.3628844982807039 1.5756729415828629e-06 -0.08719671040933293 0.18971962412842325 0.016263912831129226 0.20943093598181198 2.421122023839011
26.52599999998353 4.125977479312716 -0.3499691653890106 1.5839617393677853e-06 -0.0866343285789893 0.18971294871194405 0.016612526943637566 0.20921875118823857 2.4177046033855047
26.52649999998353 4.122640055366106 -0.3370375446156689 1.5922596919497513e-06 -0.0860714606704764 0.1897069797729932 0.016961599375149797 0.20900892413938524 2.4142795240405004
26.526999999983527 4.119313882375128 -0.3240901641553026 1.6005661877322102e-06 -0.08550813532937097 0.18970173996232345 0.01731111381671629 0.2088014990698446 2.410847175026636
26.527499999983526 4.115999637750971 -0.31112747177751593 1.6088805098633814e-06 -0.0849443794987803 0.1896972568418321 0.017661056113443884 0.20859652385596228 2.407407937644399
26.527999999983525 4.112697869455694 -0.298150039184374 1.617202061471923e-06 -0.08438022277684892 0.18969355035669294 0.018011408765803007 0.20839403995442551 2.4039622091316923
26.528499999983524 4.109409288458797 -0.2851583343759091 1.6255301385828396e-06 -0.08381569320442941 0.18969064947651504 0.01836215689253101 0.20819409629455649 2.4005103937793857
26.528999999983522 4.106134393957428 -0.2721528988423967 1.6338641431924971e-06 -0.08325081842446576 0.1896885721686366 0.01871328366691496 0.20799673114094328 2.397052857357171
26.52949999998352 4.102873926940196 -0.25913421401583586 1.6422032992146114e-06 -0.0826856278827516 0.18968734852990993 0.01906477429460238 0.20780199438305813 2.393590044346215
26.52999999998352 4.099628445856009 -0.2461028527360766 1.650546960305481e-06 -0.08212015112660512 0.18968699908090614 0.019416610768689554 0.207609926581363 2.390122352800211
26.53049999998352 4.096398534532627 -0.23305930220047594 1.6588945165747977e-06 -0.08155441493438766 0.18968754644291747 0.019768777695351094 0.2074205689954409 2.38665017989515
26.530999999983518 4.09318485438673 -0.22000409101497698 1.6672452264843458e-06 -0.0809884492122131 0.18968901642277156 0.02012125881125143 0.20723396660148904 2.3831739563410475
26.531499999983517 4.089987995920064 -0.20693772542413227 1.6755984133610666e-06 -0.08042228156380979 0.18969143178977732 0.020474038026583413 0.20705016034646875 2.3796940683457364
26.531999999983515 4.086808571187231 -0.19386077175981586 1.6839534178574093e-06 -0.07985594242030941 0.18969481552085715 0.020827098009569795 0.20686919197122616 2.3762109778370952
26.532499999983514 4.083647191895505 -0.18077371997045552 1.6923095165143952e-06 -0.07928945905726788 0.1896991915952192 0.02118042296461658 0.2066911026784508 2.3727251022015867
26.532999999983513 4.080504443074257 -0.1676771213235551 1.700666065516236e-06 -0.07872286085500613 0.18970458194404585 0.021533995876296376 0.20651593209765248 2.369236847561979
26.533499999983512 4.077380943528531 -0.1545715039724615 1.7090223530048564e-06 -0.07815617676382239 0.18971101036133636 0.02188780012474274 0.20634372104078574 2.3657466742906395
26.53399999998351 4.07427727917252 -0.14145741679375728 1.7173776578649568e-06 -0.07758943607119802 0.18971849883197273 0.02224181851612047 0.20617450831712392 2.362254986091222
26.53449999998351 4.071194041008951 -0.12833539221188592 1.7257313305738458e-06 -0.07702266746526451 0.18972706978193637 0.022596034454788534 0.20600833256105555 2.3587622417451772
26.53499999998351 4.068131838557397 -0.1152059730124371 1.7340826293641581e-06 -0.07645590035770808 0.18973674639383048 0.022950430887801597 0.2058452329046274 2.3552688916109945
26.535499999983507 4.065091263231785 -0.10206969317468083 1.7424308310525067e-06 -0.07588916361375342 0.18974755106619645 0.0233049911076081 0.20568524716211312 2.351775366404153
26.535999999983506 4.06207286230904 -0.08892711869698114 1.7507753077793708e-06 -0.07532248609210877 0.1897595038221203 0.02365969701557619 0.20552841035920577 2.348282111995804
26.536499999983505 4.059077254676244 -0.0757787882754029 1.7591153211282658e-06 -0.07475589749073908 0.18977262822851051 0.024014532119738613 0.20537476083329304 2.344789572719491
26.536999999983504 4.056105026910653 -0.06262526748357139 1.7674501339943416e-06 -0.07418942773299274 0.18978694613005545 0.02436947870379106 0.2052243348168439 2.3412982687692985
26.537499999983503 4.0531566606014096 -0.04946709971758999 1.7757790855887032e-06 -0.07362310396935039 0.18980247460870964 0.024724519322326905 0.20507716270075457 2.337808551053281
26.5379999999835 4.050232863390276 -0.03630483555098438 1.784101404168226e-06 -0.07305695745424082 0.1898192414187773 0.02507963682765742 0.2049332857997402 2.3343209436040397
26.5384999999835 4.0473341356217425 -0.023139063462234866 1.7924164144087637e-06 -0.07249101781195105 0.18983726388544178 0.025434813162481286 0.20479273459655203 2.3308359510125682
26.5389999999835 4.044461027725236 -0.009970320475652956 1.8007234019289692e-06 -0.07192531306168617 0.18985656248819918 0.02579003105149015 0.20465554153380228 2.3273539844119386
26.539499999983498 4.0416141081386145 0.0032008177036557846 1.8090216868541773e-06 -0.07135987319447946 0.18987715802132013 0.026145272638535957 0.20452173948489913 2.3238755327718135
26.539999999983497 4.0387939118877565 0.016373770695682043 1.817310492692242e-06 -0.0707947279528195 0.18989906960688402 0.02650051967687408 0.20439135912904513 2.3204010658083583
26.540499999983496 4.036001036027331 0.029547998684443157 1.8255891119686194e-06 -0.07022990641858524 0.1899223197947547 0.026855755278938562 0.20426443377001918 2.3169310920770663
26.540999999983494 4.033235961776108 0.04272286287503469 1.8338568794087123e-06 -0.06966543943796609 0.18994692456541415 0.027210959459065587 0.204140990295009 2.3134660595309775
26.541499999983493 4.030499242779815 0.05589783954967313 1.842113042637008e-06 -0.06910135487526406 0.1899729045291177 0.027566115655151827 0.20402105879820262 2.310006442605417
26.541999999983492 4.027791482619998 0.06907232958447643 1.8503568281459275e-06 -0.06853768448302029 0.1900002818049944 0.027921205577589425 0.2039046713569293 2.30655278768863
26.54249999998349 4.025113094796776 0.08224574628181497 1.8585876479781728e-06 -0.06797445572811088 0.1900290697759931 0.028276210330384074 0.203791849842211 2.303105518192508
26.54299999998349 4.022464678235008 0.09541751102513192 1.86680464716251e-06 -0.06741169958538029 0.1900592905493188 0.02863111203079509 0.20368262503517545 2.2996651829355903
26.54349999998349 4.019846727779216 0.10858701373533118 1.8750071682708722e-06 -0.06684944623648684 0.1900909608991902 0.028985891886188955 0.20357702180290446 2.2962322713395484
26.543999999983487 4.01725974706939 0.12175368177427753 1.883194482061942e-06 -0.06628772437393497 0.19012409865215585 0.029340531578724963 0.20347506501852167 2.292807248679595
26.544499999983486 4.014704209936904 0.1349168802998935 1.8913659087237365e-06 -0.06572656479337838 0.19015871930064174 0.029695011518572654 0.20337677732397716 2.289390654844029
26.544999999983485 4.012180702067031 0.14807605671807622 1.8995206577534426e-06 -0.06516599719869082 0.19019484460944486 0.030049314633083097 0.2032821866687504 2.285982975737105
26.545499999983484 4.009689624393549 0.16123057308028038 1.9076580510568494e-06 -0.06460605108865579 0.19023248666633538 0.030403420701113563 0.20319131086455536 2.282584719566433
26.545999999983483 4.0072315095306665 0.17437983787369188 1.915777367110116e-06 -0.06404675679069402 0.19027166422382427 0.030757311670676857 0.20310417396773803 2.2791964516813996
26.54649999998348 4.004806825900901 0.1875232299695044 1.923877850347444e-06 -0.06348814433192705 0.19031239278003648 0.031110967833882522 0.20302079606763282 2.275818596994867
26.54699999998348 4.002415987909108 0.2006601378617323 1.9319588863082696e-06 -0.06293024279168605 0.1903546852092245 0.03146437047017304 0.20294119406371838 2.272451723724156
26.54749999998348 4.000059544870057 0.2137899593706833 1.9400196555078974e-06 -0.062373083104412974 0.19039856099043342 0.031817500870348035 0.2028653910473948 2.269096365766871
26.547999999983478 3.99773793771352 0.22691207181280315 1.9480594266748303e-06 -0.061816695223469185 0.19044403414022873 0.0321703397768257 0.20279340400839543 2.26575302633545
26.548499999983477 3.9954515460373 0.24002582907588624 1.956077582530339e-06 -0.06126110864170373 0.19049111562860482 0.032522866864868716 0.20272524616966456 2.2624222285622184
26.548999999983476 3.993200865873164 0.2531306186696574 1.964073367117796e-06 -0.060706353945028636 0.19053982217103274 0.03287506341225593 0.2026609361387333 2.2591044771365105
26.549499999983475 3.9909863619033614 0.26622581596503314 1.9720460373553337e-06 -0.0601524615549977 0.1905901689057327 0.033226910117853864 0.20260049030202548 2.2558003690155135
26.549999999983473 3.9888083863353687 0.27931079260787445 1.979994949124457e-06 -0.05959946007469824 0.19064216558397404 0.03357838737382365 0.20254391878891226 2.2525103762955214
26.550499999983472 3.986667420296124 0.2923849025782526 1.9879193020156663e-06 -0.059047381192865324 0.1906958278265565 0.033929475427406465 0.2024912375362702 2.2492350710012987
26.55099999998347 3.984563840257364 0.3054475076495402 1.9958184677188737e-06 -0.058496254382521824 0.19075116641145873 0.03428015465797289 0.2024424566821181 2.2459749677395173
26.55149999998347 3.9824980380498176 0.3184979520601813 2.003691742293432e-06 -0.05794610991858873 0.1908081926426408 0.0346304046454066 0.2023975863496225 2.242730619977808
26.55199999998347 3.9804704245632516 0.33153562568034833 2.0115383905502015e-06 -0.057396977051319256 0.19086691917696022 0.03498020671350092 0.2023566373323425 2.2395025440939063
26.552499999983468 3.978481365449686 0.34455984448086163 2.0193577534219703e-06 -0.05684888698656464 0.19092735569973066 0.03532954010307173 0.20231961721493352 2.23629125971613
26.552999999983466 3.97653127869185 0.357569980747831 2.0271491091383232e-06 -0.05630186941803531 0.19098951501700043 0.03567838527072844 0.20228653569113558 2.2330974061022544
26.553499999983465 3.974620492020521 0.3705653659429184 2.0349117356141888e-06 -0.055755954604299524 0.19105340516568856 0.03602672191629152 0.20225739737096207 2.2299214729555508
26.553999999983464 3.972749346572268 0.3835453684069714 2.042645023204374e-06 -0.05521117106198682 0.19111903526523247 0.03637453040886886 0.20223220691377242 2.2267639868113167
26.554499999983463 3.9709182301529147 0.3965092824548733 2.0503482448559977e-06 -0.054667551361773814 0.19118641573084136 0.036721789528216545 0.20221097041964095 2.2236255125573563
26.554999999983462 3.9691274721003467 0.4094564750780758 2.058020707238219e-06 -0.054125124352230776 0.19125555501558889 0.03706847991937213 0.20219369083628275 2.2205065994375577
26.55549999998346 3.967377395194673 0.4223862722794546 2.065661736263473e-06 -0.05358392014351249 0.19132646086225122 0.03741458097238027 0.20218036995059552 2.217407805601998
26.55599999998346 3.965668336075472 0.43529801602812324 2.073270672650389e-06 -0.05304396850095868 0.19139914180219528 0.03776007256918654 0.20217100968580481 2.214329696121247
26.55649999998346 3.964000591521646 0.4481910219067612 2.0808468223552984e-06 -0.052505299849290865 0.19147360409250125 0.038104934113303006 0.20216560929152866 2.211272795174616
26.556999999983457 3.9623744357680195 0.46106461289410877 2.0883895449861843e-06 -0.05196794372832113 0.19154985307437505 0.03844914496735846 0.20216416630274905 2.2082376667944517
26.557499999983456 3.960790197581163 0.473918107262009 2.0958982266186494e-06 -0.051431930736019996 0.19162789663041913 0.038792684603858436 0.20216668035313778 2.2052248339202607
26.557999999983455 3.959248161386129 0.48675083652253737 2.1033721049872615e-06 -0.05089729031936337 0.19170774061749324 0.039135532361568366 0.2021731482362111 2.2022349901478444
26.558499999983454 3.957748580733359 0.49956211139918083 2.1108106020552997e-06 -0.050364052684452994 0.19178938910911963 0.03947766817202685 0.20218356476714996 2.1992685057200174
26.558999999983453 3.95629169646023 0.5123512533773341 2.118213033365178e-06 -0.04983224666252546 0.1918728458822023 0.039819070806958776 0.2021979233184647 2.196326033350321
26.55949999998345 3.9548777811108984 0.5251175501355019 2.125578842482292e-06 -0.04930190345255149 0.1919581156434725 0.04015971941202691 0.2022162182137976 2.193408102366511
26.55999999998345 3.9535070930998195 0.537860321772005 2.132907299250515e-06 -0.048773052644874006 0.1920452028731697 0.04049959326309578 0.2022384426002454 2.1905152953085087
26.56049999998345 3.9521798410693694 0.5505788927665519 2.140197815741576e-06 -0.04824572293476856 0.19213410971971537 0.040838672085631925 0.20226458671009082 2.1876481396616843
26.560999999983448 3.9508962105330383 0.5632725390352848 2.1474498069264707e-06 -0.04771994434527678 0.19222483665800041 0.04117693410108434 0.20229463863008404 2.184807197876693
26.561499999983447 3.949656458065425 0.5759405643312556 2.154662597665804e-06 -0.04719574745747816 0.19231738776155513 0.04151435882430667 0.20232858968047915 2.1819930699462136
26.561999999983446 3.9484607603329396 0.5885822882336571 2.1618356076834915e-06 -0.04667316054578214 0.19241176359098502 0.0418509257217733 0.20236642672957106 2.1792062336116618
26.562499999983444 3.9473092975878554 0.6011969921462976 2.168968213952778e-06 -0.046152213490128505 0.1925079644186564 0.042186613193897174 0.20240813597141932 2.1764472530496395
26.562999999983443 3.946202221209156 0.6137839781926098 2.176059871119676e-06 -0.04563293523391268 0.19260598926253633 0.042521400854692484 0.2024537018888718 2.1737166990473566
26.563499999983442 3.9451397740692054 0.6263425467741374 2.183109912653769e-06 -0.04511535604568066 0.1927058415470789 0.0428552678195857 0.20250311280912406 2.171015148526247
26.56399999998344 3.944122004716775 0.6388719581087463 2.1901178484669175e-06 -0.04459950450240724 0.1928075150188203 0.043188191986974975 0.20255634667098601 2.16834311394311
26.56449999998344 3.943149132082826 0.6513715321908737 2.197083002675842e-06 -0.044085410003200154 0.19291101211929704 0.04352015328372257 0.20261338976948323 2.1657011630357594
26.56499999998344 3.9422212325187775 0.6638405200875153 2.2040048571365846e-06 -0.04357310211969591 0.19301632771431426 0.04385112972777788 0.20267422029221036 2.163089805225407
26.565499999983437 3.9413384627900143 0.6762782479676781 2.2108828840914017e-06 -0.043062608865976924 0.19312346138796038 0.04418110138472123 0.20273882050652792 2.1605096266608745
26.565999999983436 3.9405008811108018 0.6886839606750433 2.2177165019673743e-06 -0.04255395981669377 0.19323240709138564 0.04451004588340152 0.20280716661635576 2.1579611089798467
26.566499999983435 3.939708646453707 0.7010569862015097 2.2245051227323716e-06 -0.042047183422089705 0.19334316438034954 0.044837943929413586 0.20287924009655336 2.1554448702429414
26.566999999983434 3.9389617913759256 0.7133965729135101 2.2312482988239598e-06 -0.04154230832200867 0.19345572610976505 0.0451647730198544 0.20295501488584172 2.152961369406317
26.567499999983433 3.9382604283023745 0.7257020002071648 2.23794543133959e-06 -0.0410393638849905 0.19357008913782683 0.04549051210587279 0.20303446872037628 2.1505111819265554
26.56799999998343 3.937604566383265 0.7379725558086272 2.2445960581504555e-06 -0.040538377684852016 0.19368624540841714 0.04581514078447733 0.20311757395860847 2.1480948133628996
26.56849999998343 3.9369942656441554 0.7502075281477989 2.2511996091269168e-06 -0.04003937761933361 0.19380418944804859 0.04613863784645672 0.2032043048512634 2.145712800231943
26.56899999998343 3.9364295690455755 0.7624061619907143 2.257755667306953e-06 -0.039542393406104576 0.1939239143592634 0.04646098185778247 0.2032946341443651 2.1433656523804134
26.569499999983428 3.935910559107813 0.7745677753662232 2.2642636179135684e-06 -0.03904745223060549 0.19404541601817257 0.04678215239015447 0.20338853651477687 2.141053927547583
26.569999999983427 3.9354371260696395 0.7866915941836337 2.2707231224666003e-06 -0.03855458221206014 0.19416868003999166 0.04710212755196623 0.20348597626849094 2.138778034881743
26.570499999983426 3.93500937823396 0.7987769230261843 2.277133589243385e-06 -0.03806381182034431 0.19429370324341344 0.04742088718508794 0.20358692844029802 2.1365385701632817
26.570999999983425 3.9346272442334618 0.8108230179513108 2.2834945971727117e-06 -0.03757516835765157 0.19442047347550037 0.04773840965451721 0.20369135853021872 2.134336051740708
26.571499999983423 3.9342907466093955 0.8228291720922065 2.289805649266667e-06 -0.03708867939590156 0.19454898338975957 0.048054674610987974 0.20379923657680576 2.1321709211546858
26.571999999983422 3.9339998350387324 0.8347946454760271 2.2960663662168448e-06 -0.03660437263430523 0.19467922175396316 0.048369661025041644 0.2039105283852633 2.1300437290856933
26.57249999998342 3.933754399108817 0.8467187094432471 2.302276319640039e-06 -0.03612227430673352 0.19481117468652817 0.048683347756749394 0.20402519656317084 2.127954857799861
26.57299999998342 3.9335544866227155 0.8586006482817321 2.3084349870511817e-06 -0.03564241290675933 0.19494483583937733 0.04899571444122073 0.20414321113341816 2.1259049408308583
26.57349999998342 3.933399961526577 0.8704396968724005 2.3145420257546427e-06 -0.035164815940178236 0.19508018961495638 0.04930673955612351 0.20426453247191334 2.123894325923313
26.573999999983418 3.933290747375376 0.8822351661856771 2.320597002754773e-06 -0.03468950874915294 0.1952172240787717 0.04961640323604349 0.20438912413423713 2.121923566188503
26.574499999983416 3.933226746905967 0.8939863384908863 2.3265995599838653e-06 -0.034216517583797325 0.19535592610608604 0.04992468516568566 0.20451694826889458 2.1199930137870355
26.574999999983415 3.9332078824427286 0.905692458400875 2.332549249363948e-06 -0.03374587047400301 0.19549628284709997 0.05023156386923479 0.2046479669819139 2.1181032258459416
26.575499999983414 3.933234028903275 0.9173527966851936 2.338445698865489e-06 -0.03327759398849362 0.19563827956804763 0.05053701908958006 0.20478214031616424 2.116254660819854
26.575999999983413 3.9333050317531497 0.9289666467098158 2.344288604512951e-06 -0.03281171284022813 0.19578190048643734 0.05084103057035755 0.20491942671949595 2.1144476977065425
26.57649999998341 3.9334207695790644 0.9405332779636905 2.3500775282202484e-06 -0.032348253736418905 0.19592713097490186 0.05114357791022987 0.2050597857535988 2.112682777772706
26.57699999998341 3.933581096866247 0.9520519897011739 2.355812159331025e-06 -0.031887241773297686 0.19607395561792498 0.05144464161549298 0.20520317592697063 2.110960355371423
26.57749999998341 3.933785879176029 0.9635220277169896 2.3614921328247213e-06 -0.031428704215455884 0.19622235888620396 0.051744200619001104 0.20534955532756402 2.1092808557420435
26.57799999998341 3.9340348666441844 0.9749426833526152 2.3671171578534857e-06 -0.03097266480467646 0.19637232035255708 0.05204223506448777 0.20549887687346993 2.1076446619683815
26.578499999983407 3.9343279260712833 0.9863132309414818 2.372686926192137e-06 -0.030519149674369223 0.19652382495239146 0.05233872470110717 0.20565109864550454 2.106052188906536
26.578999999983406 3.9346648755136284 0.9976329820588989 2.378201096067581e-06 -0.030068183002634793 0.19667685563671183 0.052633650432465075 0.20580617660816414 2.1045038011797454
26.579499999983405 3.9350454523171576 1.0089011821566147 2.3836594028329972e-06 -0.029619790422602904 0.19683139067248157 0.05292699168718403 0.20596406188409963 2.102999931822683
26.579999999983404 3.935469475962769 1.020117153188589 2.38906154370466e-06 -0.029173995590633408 0.19698741324698615 0.05321872955394875 0.20612471024066362 2.101540909806683
26.580499999983402 3.9359367164287695 1.031280149325317 2.3944072538890312e-06 -0.02873082414687151 0.19714490340136026 0.05350884351113699 0.20628807412739464 2.1001271485649964
26.5809999999834 3.9364468956443366 1.0423894948967007 2.399696310670756e-06 -0.028290298365671426 0.19730383960162776 0.05379731508501428 0.2064541043755727 2.098758892267998
26.5814999999834 3.9369998099064496 1.0534444548927206 2.4049284205719334e-06 -0.02785244413644248 0.1974642031622719 0.05408412437099955 0.2066227545162013 2.0974366235292865
26.5819999999834 3.9375952233057108 1.0644443603720615 2.4101032823689e-06 -0.027417284111452354 0.19762597470576998 0.05436925286212457 0.2067939771928558 2.0961606336871252
26.582499999983398 3.9382327124318355 1.0753884699569298 2.415220833139647e-06 -0.02698484089974615 0.1977891250244681 0.054652680620429175 0.20696771515221382 2.094931138863328
26.582999999983397 3.938912190725476 1.0862761121946947 2.4202806870368725e-06 -0.026555139776018616 0.19795364173582214 0.05493438937889341 0.20714392788935423 2.093748586894677
26.583499999983395 3.939633218261857 1.0971065857667126 2.425282778562684e-06 -0.026128201439371845 0.19811949535009796 0.0552143600687382 0.2073225576391391 2.0926131842066913
26.583999999983394 3.9403955976081257 1.107879193880487 2.430226739589834e-06 -0.025704050804990306 0.19828666780344137 0.05549257412537004 0.20750355813681248 2.0915253447110005
26.584499999983393 3.941198921692513 1.1185932496897828 2.4351125635662595e-06 -0.02528270845890975 0.19845513140784535 0.055769013008837874 0.20768687329993515 2.090485133705575
26.584999999983392 3.942042938213236 1.1292480741397648 2.439939954176487e-06 -0.024864197802740278 0.1986248656541245 0.05604365876338724 0.20787245434660118 2.08949302648653
26.58549999998339 3.942927284478878 1.139842989709273 2.4447088012000553e-06 -0.024448539967700397 0.1987958449594041 0.05631649317361157 0.2080602472435547 2.088549190496343
26.58599999998339 3.9438516072016268 1.1503772865564583 2.4494189437375535e-06 -0.024035757654106024 0.19896804382811392 0.05658749721917908 0.20825019796466887 2.0876538409931187
26.58649999998339 3.94481554213346 1.1608503278272817 2.4540702670091905e-06 -0.023625870905123934 0.1991414369355867 0.05685665444556791 0.2084422529995743 2.0868071826458023
26.586999999983387 3.9458187941618084 1.1712614302544522 2.4586625819049933e-06 -0.02321890223840873 0.19931600182996437 0.057123946483437674 0.20863636132870464 2.0860095210516647
26.587499999983386 3.9468609253720626 1.1816099292023912 2.4631957932973245e-06 -0.02281487160596887 0.19949170939243166 0.05738935601959006 0.20883246554847382 2.085260986364906
26.587999999983385 3.9479415393239248 1.1918951283509873 2.4676698767763265e-06 -0.022413800438010112 0.19966853220431477 0.057652864610414446 0.20903050973598855 2.0845618009629785
26.588499999983384 3.949060344943522 1.2021164305213066 2.4720845746863645e-06 -0.02201570875227414 0.19984644882770147 0.05791445707030531 0.2092304444354509 2.0839121058053305
26.588999999983383 3.9502168406111684 1.2122731406146277 2.476439929827644e-06 -0.021620616276637857 0.20002542684871505 0.05817411496357894 0.20943220880749927 2.0833120702376284
26.58949999998338 3.951410672043358 1.2223646320524955 2.4807358194476817e-06 -0.021228543035484184 0.20020544153077524 0.058431822351913215 0.20963575010314345 2.082761842184025
26.58999999998338 3.952641448328108 1.2323902608889044 2.4849721518347232e-06 -0.02083950888386529 0.2003864662051062 0.05868756255650279 0.20984101354957826 2.0822615826646356
26.59049999998338 3.9539086583377276 1.2423493870967843 2.489148928332362e-06 -0.02045353159461674 0.20056846866046962 0.05894131885023545 0.21004793891705506 2.081811306632844
26.590999999983378 3.9552119862652226 1.252241375112414 2.4932660282217324e-06 -0.02007063233008098 0.2007514257353331 0.059193075447784925 0.2102564752816555 2.0814112766440553
26.591499999983377 3.9565508787895762 1.262065597175139 2.4973235096426603e-06 -0.01969082770276342 0.20093530333040724 0.059442816039555896 0.2104665607615974 2.0810614512360353
26.591999999983376 3.9579249757303203 1.2718214410023 2.5013212189789505e-06 -0.019314137339308448 0.2011200765261777 0.05969052532686078 0.21067814290251813 2.0807619745084907
26.592499999983374 3.9593337834082427 1.2815082727142295 2.5052592375107234e-06 -0.018940578960115827 0.20130571396027727 0.05993618691819727 0.2108911627041172 2.080512877540538
26.592999999983373 3.960776840683116 1.2911255021182462 2.5091375600101726e-06 -0.018570169787211648 0.20149218614738193 0.06017978639073151 0.21110556357995672 2.080314205473595
26.593499999983372 3.9622536967707904 1.3006725194560436 2.512956140057747e-06 -0.01820292777686964 0.20167946394266856 0.06042130838724034 0.21132128918563337 2.080165980472088
26.59399999998337 3.9637638690618178 1.3101487262215847 2.5167150232776197e-06 -0.017838869824999833 0.20186751688415655 0.060660737880286794 0.21153828204320224 2.0800682235908132
26.59449999998337 3.965306849597371 1.3195535047972184 2.520414261124267e-06 -0.017478013388812285 0.20205631292696716 0.06089805966312877 0.21175648329246963 2.0800209061136288
26.59499999998337 3.9668822192173354 1.328886323001102 2.5240537836770566e-06 -0.01712037406671233 0.2022458253258357 0.06113326061924074 0.21197583971729567 2.080024096028426
26.595499999983367 3.9684893922405347 1.3381465225843465 2.5276337924821645e-06 -0.016765969437218663 0.2024360179984258 0.06136632439819772 0.21219628857351291 2.0800776796772102
26.595999999983366 3.9701279123193034 1.3473336017246056 2.531154236973109e-06 -0.016414813601682322 0.2026268626952516 0.06159723903592754 0.21241777573486528 2.080181563662794
26.596499999983365 3.971797309742639 1.356446966427817 2.5346151567754207e-06 -0.01606692364455772 0.20281832953387266 0.06182598985964751 0.21264024513820481 2.0803358393373896
26.596999999983364 3.973497010608529 1.365486068321681 2.538016671268011e-06 -0.01572231358894051 0.20301038416403608 0.06205256389446815 0.212863636887317 2.0805402890950413
26.597499999983363 3.975226516260701 1.3744503269144535 2.541358890694818e-06 -0.01538099963316824 0.20320299547213255 0.06227694711119404 0.21308789421281893 2.080794877463622
26.59799999998336 3.9769853214820405 1.383339233485956 2.5446417990712866e-06 -0.01504299536779902 0.20339613284811559 0.06249912731440009 0.2133129613555292 2.081099451280255
26.59849999998336 3.978772918209124 1.3921522460087943 2.54786553812003e-06 -0.014708315593428731 0.20358976513663612 0.06271909189575592 0.2135387822017697 2.0814539559721283
26.59899999998336 3.980588671528472 1.400888798126201 2.551030308642867e-06 -0.014376973774107779 0.2037838549404453 0.06293682710752037 0.21376529446019002 2.081858167368291
26.599499999983358 3.982432175999488 1.40954840084274 2.554136065132921e-06 -0.014048984592798797 0.20397837655721224 0.06315232181221707 0.2139924480473047 2.0823119759700885
26.599999999983357 3.9843027932967696 1.4181305132559496 2.5571830491402124e-06 -0.013724360681656327 0.20417329267063217 0.06336556329529959 0.21422018142046848 2.0828151858101656
26.600499999983356 3.9862000636398824 1.4266346295886372 2.560171276527584e-06 -0.013403116325316588 0.20436857483037998 0.063576539785037 0.21444844209382585 2.083367683029282
26.600999999983355 3.988123350035941 1.4350602610007845 2.5631010101957664e-06 -0.013085262290588366 0.20456418642219354 0.06378524019326914 0.21467717000720055 2.083969135428417
26.601499999983353 3.9900721494794915 1.4434069114976509 2.5659723169971103e-06 -0.01277081177896636 0.204760097043576 0.06399165302903825 0.21490631128977408 2.0846193964561186
26.601999999983352 3.9920459011249196 1.4516740838651647 2.56878537696441e-06 -0.012459777527374772 0.2049562734973826 0.06419576751933603 0.2151358098257057 2.085318219778001
26.60249999998335 3.994044001312489 1.459861295544348 2.5715403765733945e-06 -0.012152170313550273 0.2051526808485094 0.06439757219760893 0.21536560776411387 2.0860653726795406
26.60299999998335 3.9960659432725922 1.4679680865789297 2.574237459906228e-06 -0.01184800223256108 0.20534928890500567 0.06459705722269778 0.21559565258262225 2.086860548758097
26.60349999998335 3.9981111091980646 1.4759939878089452 2.576876822775181e-06 -0.011547283706382007 0.2055460621572603 0.06479421202090489 0.21582588663263255 2.087703469899205
26.603999999983348 4.000179005612241 1.4839385405525527 2.5794585507691345e-06 -0.011250026971585756 0.205742971031107 0.06498902658152658 0.21605625844113543 2.0885939064778856
26.604499999983346 4.0022689558699245 1.491801298960681 2.5819829861062187e-06 -0.010956240652973731 0.2059399775309174 0.06518149130913911 0.2162867087085196 2.089531447181145
26.604999999983345 4.004380474484575 1.4995818430591372 2.5844502046910804e-06 -0.010665935640008365 0.20613705294763873 0.0653715972241582 0.21651718755020807 2.09051583225502
26.605499999983344 4.006512926892932 1.507279705041645 2.5868604886697434e-06 -0.010379122161917016 0.20633416095968415 0.06555933418896318 0.21674763771512945 2.0915466903812283
26.605999999983343 4.0086657688561 1.5148945023471694 2.5892140183017533e-06 -0.010095808579388047 0.2065312705744519 0.0657446941850657 0.21697800784747037 2.0926237054343533
26.606499999983342 4.010838377953027 1.5224257840155158 2.591511047325146e-06 -0.009816004885892234 0.20672834618183245 0.06592766776071368 0.21720824211655151 2.093746438374216
26.60699999998334 4.013030198906717 1.5298731849222929 2.5937517502023063e-06 -0.00953971883523923 0.20692535643520224 0.06610824764516281 0.2174382895858158 2.094914522733828
26.60749999998334 4.015240693980125 1.5372362751719528 2.5959363259585617e-06 -0.00926696086470851 0.2071222700300999 0.06628642483692418 0.21766809923310043 2.096127649283493
26.60799999998334 4.017469206866426 1.5445146576996258 2.598065096026204e-06 -0.008997738116901799 0.20731905048631413 0.06646219110825692 0.2178976154818535 2.0973853094180184
26.608499999983337 4.019715197271098 1.5517079975178891 2.6001382142980487e-06 -0.008732057638823648 0.20751566745667022 0.06663554025810836 0.21812678949657938 2.098687099742108
26.608999999983336 4.021978076606736 1.5588158671809964 2.6021559352237194e-06 -0.008469929104094253 0.20771208722298337 0.06680646359687996 0.21835556886848084 2.1000326475772
26.609499999983335 4.024257212888765 1.5658379461463094 2.604118617241245e-06 -0.00821135718518657 0.2079082753780944 0.06697495521617565 0.21858390147429654 2.1014213692800565
26.609999999983334 4.026552054917406 1.5727738573753969 2.6060264075607785e-06 -0.007956350199380407 0.2081042005712808 0.0671410075042706 0.2188117380137445 2.1028528904624277
26.610499999983332 4.028862006509349 1.579623267954421 2.6078795932571546e-06 -0.007704914218036634 0.20829982988169563 0.06730461456223669 0.21903902842466655 2.1043267312925305
26.61099999998333 4.03118653974397 1.5863858237717532 2.6096783910960563e-06 -0.007457057041216428 0.20849513333895894 0.06746576965881543 0.21926572555099114 2.1058424058425946
26.61149999998333 4.033524960378714 1.593061211879434 2.6114231773722708e-06 -0.007212782246886779 0.20869007362813932 0.06762446723338333 0.2194917757622325 2.107399376437305
26.61199999998333 4.035876770865365 1.599649100296503 2.613114097862883e-06 -0.006972097555090995 0.20888462244424602 0.06778070141598853 0.21971713433966933 2.108997195450688
26.612499999983328 4.038241356653273 1.6061491854888175 2.6147515000470893e-06 -0.006735007382916365 0.20907874636577664 0.06793446688260849 0.21994175205484956 2.1106352957272017
26.612999999983327 4.040618129983838 1.6125611660929233 2.616335635769656e-06 -0.006501516836047916 0.20927241319318454 0.06808575865275593 0.22016558127052854 2.112313139961053
26.613499999983325 4.043006476638571 1.6188847451568997 2.617866858387666e-06 -0.006271629951546879 0.20946558964902623 0.06823457146833743 0.22038857350763683 2.1140301478387276
26.613999999983324 4.045405924697554 1.6251196290998613 2.619345298833653e-06 -0.006045353741652305 0.20965824901420257 0.06838090095860644 0.22061068717873536 2.1157858487212517
26.614499999983323 4.047815796547236 1.6312655572393666 2.6207713347307454e-06 -0.00582268990077324 0.20985035542044594 0.06852474280313611 0.22083187216523797 2.117579644913766
26.614999999983322 4.050235556996218 1.6373222507937557 2.6221452768577257e-06 -0.005603643402237027 0.21004187944624514 0.06866609279361997 0.22105208490360917 2.119410972137225
26.61549999998332 4.052664603730328 1.6432894469320067 2.6234673728213125e-06 -0.005388217740284186 0.2102327886801369 0.06880494705065998 0.22127127935023094 2.1212792199965564
26.61599999998332 4.055102342392315 1.6491669208494597 2.6247380049189438e-06 -0.005176414778981371 0.21042305156246524 0.06894130275246257 0.2214894108620786 2.123183706293802
26.61649999998332 4.057548242029489 1.6549544042284774 2.6259573544089975e-06 -0.004968239252559832 0.21061263897335536 0.0690751557071565 0.2217064370571128 2.125123968709132
26.616999999983317 4.060001746349293 1.6606516692155704 2.627125753445117e-06 -0.004763693956187019 0.21080152108898226 0.06920650323144266 0.22192231560404313 2.127099355935313
26.617499999983316 4.062462284775097 1.6662585051596661 2.628243470675462e-06 -0.004562780760506266 0.21098966765343213 0.06933534280073386 0.22213700408997478 2.129109314890542
26.617999999983315 4.064929242506098 1.6717746817713013 2.629310902105922e-06 -0.0043655015319153875 0.2111770460422583 0.06946167161661417 0.22235045806683998 2.131153047004418
26.618499999983314 4.067402103044401 1.677199999472795 2.63032823616465e-06 -0.004171858670600865 0.21136362865881098 0.0695854874611865 0.22256263835109016 2.1332300320051494
26.618999999983313 4.069880274423899 1.6825342596950832 2.6312958985862856e-06 -0.003981853118051965 0.211549384422574 0.0697067884110891 0.2227735028103928 2.1353395811000806
26.61949999998331 4.072363231442405 1.6877772704871754 2.63221409899806e-06 -0.003795486872837133 0.21173428535611669 0.06982557258089145 0.22298301258642253 2.137481110224709
26.61999999998331 4.074850417109037 1.692928864626491 2.6330831708349305e-06 -0.0036127605089019063 0.21191830231286582 0.06994183905416565 0.22319112828233267 2.1396538578123105
26.62049999998331 4.077341274580823 1.6979888659063211 2.633903431558539e-06 -0.0034336747677625283 0.21210140611085626 0.0700555863835791 0.22339781059840372 2.141857268860024
26.620999999983308 4.079835267773374 1.702957086342107 2.63467518071839e-06 -0.003258231204711042 0.2122835683778448 0.07016681285900057 0.22360302122423226 2.144090648962538
26.621499999983307 4.0823318483924655 1.7078334038627707 2.6353987145695865e-06 -0.0030864287833426065 0.21246476092939146 0.07027551866905221 0.22380672287405137 2.146353277238049
26.621999999983306 4.084830471766949 1.7126176770744463 2.6360743602865015e-06 -0.002918267209103294 0.21264495551152485 0.0703817035272747 0.22400887834950492 2.148644560098709
26.622499999983305 4.087330599249482 1.717309738402608 2.636702455929901e-06 -0.002753747084757293 0.21282412395860284 0.07048536618163315 0.22420945053122196 2.1509637107243775
26.622999999983303 4.089831704555894 1.7219094937909913 2.63728326815403e-06 -0.002592866851150407 0.21300223939425514 0.07058650783071369 0.2244084045511905 2.153310090267093
26.623499999983302 4.092333267002288 1.7264167993185082 2.6378171460524505e-06 -0.0024356264030060124 0.2131792747823096 0.07068512782178554 0.224605705109796 2.1556830529315962
26.6239999999833 4.094834761521385 1.7308315466016924 2.6383043542970995e-06 -0.002282024769629621 0.2133552031287969 0.0707812269785412 0.224801317682453 2.1580818412883134
26.6244999999833 4.097335673344496 1.7351536435001602 2.638745256863596e-06 -0.0021320600709663403 0.21352999828935582 0.07087480628542482 0.22499520887253355 2.1605057736741258
26.6249999999833 4.099835456532289 1.739382984820377 2.639140138319536e-06 -0.0019857306119424383 0.21370363237877146 0.07096586628763053 0.22518734377379684 2.162954177319641
26.625499999983298 4.102333626471123 1.7435194874993414 2.6394893419351837e-06 -0.0018430347165522794 0.21387608078456088 0.07105440829994375 0.22537769110447808 2.165426265896038
26.625999999983296 4.104829647814327 1.7475630719589201 2.639793172383828e-06 -0.0017039700237569829 0.21404731641328067 0.07114043385602348 0.22556621756546835 2.1679214203769632
26.626499999983295 4.107323086881584 1.7515136665507167 2.6400518812910386e-06 -0.0015685351613815824 0.2142173171600878 0.07122394433927746 0.22575289482321734 2.1704389112775693
26.626999999983294 4.1098133706558695 1.7553712157743726 2.6402658748864903e-06 -0.001436726160366632 0.21438605450963555 0.07130494202766634 0.2259376889937515 2.172977995662386
26.627499999983293 4.112300017511778 1.7591356572806804 2.6404354359062288e-06 -0.0013085404985752865 0.2145535042344847 0.07138342846967433 0.22612057031066093 2.175537964336827
26.62799999998329 4.1147825405972345 1.7628069486705 2.6405609070709538e-06 -0.001183975131014715 0.21471964198740912 0.07145940641330327 0.22630150953374936 2.1781181083038024
26.62849999998329 4.117260503597592 1.7663850573728737 2.640642479912366e-06 -0.0010630273278342548 0.21488444598986312 0.07153287833883662 0.22648048003947033 2.1807177832499867
26.62899999998329 4.119733356068048 1.7698699534058373 2.6406806175686165e-06 -0.0009456921886184002 0.21504788917978399 0.07160384700992026 0.2266574505305668 2.1833361417530215
26.629499999983288 4.122200661128172 1.7732616106661845 2.6406755694914487e-06 -0.0008319667857717015 0.21520994978751906 0.07167231536133511 0.22683239505311797 2.18597255614127
26.629999999983287 4.124661947987189 1.7765600056112216 2.6406276252117103e-06 -0.0007218474101269102 0.2153706045320696 0.07173828622692456 0.22700528643837523 2.188626325414361
26.630499999983286 4.127116734020401 1.7797651312982237 2.6405371155331077e-06 -0.0006153295094048082 0.21552982976765184 0.07180176297165175 0.22717609758932691 2.1912967020617673
26.630999999983285 4.129564549185741 1.7828770112490002 2.6404044071321835e-06 -0.0005124075082158233 0.21568760286364225 0.07186274982839125 0.22734480289511055 2.19398289557079
26.631499999983284 4.132004993867203 1.7858956315644658 2.6402296764826515e-06 -0.0004130786591920218 0.2158439039474308 0.07192125000069954 0.22751137929103576 2.1966843463694454
26.631999999983282 4.134437535209557 1.7888210104401712 2.6400133908578265e-06 -0.00031733624166893214 0.2159987074250863 0.07197726725825372 0.2276757986997397 2.1994002476311554
26.63249999998328 4.1368618070516705 1.7916531810229048 2.6397557114397546e-06 -0.000225176466395548 0.21615199553114978 0.07203080643868155 0.22783804105712027 2.202129927025149
26.63299999998328 4.1392773174442405 1.794392163481554 2.6394570428552323e-06 -0.00013659325020632242 0.216303744615723 0.07208187134567079 0.2279980806261179 2.2048726320572594
26.63349999998328 4.141683653649533 1.7970379940607946 2.6391176251409862e-06 -5.158158842835366e-05 0.21645393482682126 0.07213046652971793 0.2281558957477733 2.20762771402762
26.633999999983278 4.1440803860673645 1.7995907335497965 2.638737791995988e-06 2.9864806655734177e-05 0.21660254586530386 0.07217659734600348 0.22831146482751333 2.2103944178036175
26.634499999983277 4.146467063789187 1.8020504133093183 2.6383178675153953e-06 0.0001077517098140089 0.21674955611729732 0.07222026788802346 0.22846476485728442 2.2131720539832798
26.634999999983275 4.148843304219411 1.8044171053989522 2.6378580959598958e-06 0.00018208498513694782 0.21689494761024566 0.07226148379547005 0.22861577700175464 2.215959981722135
26.635499999983274 4.151208678922106 1.8066908672844408 2.637358794769665e-06 0.000252870869329741 0.21703870006389733 0.07230025016604576 0.2287644802917965 2.2187574188444876
26.635999999983273 4.15356278651533 1.8088717650142927 2.636820251787291e-06 0.0003201155660087764 0.21718079457770006 0.07233657220496834 0.22891085532525834 2.2215637378435047
26.636499999983272 4.155905189894725 1.810959890151107 2.63624281841346e-06 0.00038382690851358834 0.21732121095282214 0.07237045577901302 0.2290548819011697 2.2243782050270897
26.63699999998327 4.158235522134085 1.8129553323416538 2.6356267258357184e-06 0.00044401127673611315 0.21745993216767662 0.0724019068927911 0.22919654309368798 2.2272001648056916
26.63749999998327 4.160553375094262 1.814858162898155 2.6349722983098314e-06 0.0005006752180819421 0.21759693909642597 0.07243093094765894 0.22933582000584266 2.2300289186500937
26.63799999998327 4.162858371950361 1.8166684987714246 2.634279796595667e-06 0.0005538264744367856 0.2177322146461277 0.07245753451555818 0.22947269625501096 2.2328638226739086
26.638499999983267 4.165150177231829 1.8183864250682424 2.6335494550727197e-06 0.000603470805194042 0.21786574321749166 0.07248172351789704 0.22960715687636482 2.2357042029809686
26.638999999983266 4.167428316679037 1.8200120754298246 2.6327817061655034e-06 0.0006496184821875472 0.21799750343024157 0.07250350478623001 0.22973918192654352 2.2385493247030053
26.639499999983265 4.169692517033818 1.8215455589325296 2.6319766736718927e-06 0.0006922751913408908 0.21812748292971051 0.07252288468162008 0.22986876007133997 2.2413986503312673
26.639999999983264 4.171942330369686 1.8229869843032858 2.631134758810768e-06 0.0007314496186610123 0.21825566115932968 0.07253986968144696 0.22999587244131595 2.2442513949747833
26.640499999983263 4.174177470412163 1.8243365087487564 2.6302561502763818e-06 0.0007671496118112979 0.218382025824163 0.07255446743810713 0.23012050857500652 2.2471069704941504
26.64099999998326 4.176397532617646 1.8255942391528446 2.6293411612160596e-06 0.0007993831379224231 0.21850655839695582 0.07256668413639981 0.23024265183157416 2.249964767014635
26.64149999998326 4.1786022057756 1.8267603232003538 2.6283900477622387e-06 0.0008281582149156255 0.2186292452780302 0.0725765271827331 0.2303622908263764 2.2528240834069266
26.64199999998326 4.180791031750265 1.8278349194350154 2.627403193560626e-06 0.0008534856716940404 0.21875006603401853 0.0725840041573903 0.2304794079461315 2.255684269258725
26.642499999983258 4.182963826413021 1.8288181629533122 2.6263807247121903e-06 0.0008753709872011859 0.21886901297366387 0.07258912210228263 0.2305939976712559 2.258544738969031
26.642999999983257 4.185120181440943 1.8297102380770465 2.625322980704151e-06 0.0008938252659942876 0.21898606836421294 0.07259188918828016 0.23070604551494836 2.2614048613260676
26.643499999983256 4.187259806705404 1.830511291348345 2.6242301899720397e-06 0.0009088561199736828 0.2191012195508818 0.07259231280095388 0.23081554173391802 2.2642640344417813
26.643999999983254 4.189382320944365 1.8312214939995621 2.623102673414819e-06 0.0009204736701649833 0.21921444994523437 0.07259040085476215 0.23092247320870307 2.2671215898699812
26.644499999983253 4.191487447771658 1.8318410228588946 2.6219406849835175e-06 0.0009286867104368202 0.21932574798863516 0.07258616131898589 0.23102683178541467 2.2699769548748807
26.644999999983252 4.193574908459948 1.8323700520255362 2.620744406041341e-06 0.0009335038092571427 0.21943510193282675 0.07257960206863806 0.23112860927646714 2.2728295950213924
26.64549999998325 4.195644307367093 1.8328087692445971 2.6195142253347926e-06 0.0009349360457972995 0.21954249474471188 0.07257073152687243 0.23122779283314318 2.275678775981801
26.64599999998325 4.1976953941203625 1.833157361949099 2.618250348587147e-06 0.0009329923293826732 0.2196479162416703 0.072559557686129 0.2313243761379271 2.278524023546535
26.64649999998325 4.199727914935545 1.8334160306027691 2.6169529767700777e-06 0.000927681668316823 0.21975135611774876 0.07254608952515194 0.23141835323556065 2.2813647635735674
26.646999999983247 4.201741492619174 1.8335849763523926 2.615622458343963e-06 0.000919015636881797 0.21985279842156352 0.07253033536254465 0.23150971277969457 2.284200338667681
26.647499999983246 4.203735892523878 1.833664396603627 2.6142589952632084e-06 0.0009070030881064123 0.21995223381467094 0.07251230375995277 0.23159844993272552 2.287030256337341
26.647999999983245 4.205710830041367 1.8336545176431551 2.6128628593398356e-06 0.0008916549446879677 0.22004965094404424 0.07249200393529419 0.2316845583194763 2.289853888919132
26.648499999983244 4.2076660275053746 1.8335555408786148 2.6114342952689792e-06 0.000872980986341403 0.22014503851475148 0.0724694444532665 0.23176803156999243 2.2926707617499087
26.648999999983243 4.209601191285661 1.8333676861284929 2.6099735696299957e-06 0.0008509920765140038 0.22023838469864304 0.07244463425311083 0.23184886308595254 2.295480278154195
26.64949999998324 4.211516085633417 1.8330911925074607 2.608480900365646e-06 0.0008256987972764176 0.22032968061184213 0.07241758291885186 0.23192704942034895 2.298281934896921
26.64999999998324 4.213410418261457 1.8327262598880487 2.6069565930422925e-06 0.000797111469588785 0.22041891432930044 0.07238829864393052 0.23200258395407003 2.3010751253835826
26.65049999998324 4.215283957991333 1.832273137023059 2.605400840291753e-06 0.0007652409055619979 0.22050607726646565 0.07235679131077541 0.2320754639204222 2.3038594170397366
26.650999999983238 4.217136416767666 1.8317320615996175 2.6038139402273217e-06 0.0007300986491909568 0.22059115812685934 0.07232307032506836 0.23214568397674637 2.3066342132380053
26.651499999983237 4.218967612556361 1.8311032706693087 2.6021960450352296e-06 0.000691694494032726 0.2206741505628707 0.07228714496818925 0.23221324358349937 2.3093990915235167
26.651999999983236 4.220777217624998 1.8303870080778593 2.6005475479070695e-06 0.0006500411046147111 0.22075504150730457 0.07224902467301583 0.23227813601484645 2.3121534301504427
26.652499999983235 4.222565083944785 1.8295835385608545 2.598868534383159e-06 0.0006051485832323593 0.2208338265380994 0.07220871962680935 0.2323403631279127 2.3148968566415746
26.652999999983233 4.224330911664887 1.8286930913349013 2.5971593527123257e-06 0.0005570286766439152 0.22091049371752228 0.07216623870509985 0.2323999193724204 2.317628779186125
26.653499999983232 4.226074489159826 1.8277159248436639 2.5954202062168307e-06 0.0005056924815971782 0.22098503559557908 0.0721215918188314 0.23245680391966894 2.3203488007372304
26.65399999998323 4.227795591319525 1.8266523149136766 2.593651364312505e-06 0.00045115222390163814 0.2210574443340399 0.07207478919648161 0.2325110158068721 2.3230563851958004
26.65449999998323 4.229494021356037 1.8255025217501735 2.591853000766556e-06 0.0003934188663804771 0.22112771317216048 0.07202584071554007 0.23256255511568075 2.3257510663868426
26.65499999998323 4.231169559642042 1.8242667957775935 2.590025384152724e-06 0.0003325036403288384 0.22119583424554165 0.07197475584347725 0.23261142088250983 2.328432438267173
26.655499999983228 4.232821918500072 1.8229454365567794 2.588168846466024e-06 0.0002684208165151423 0.22126179708406873 0.07192154528027347 0.23265761017879638 2.33109995217211
26.655999999983226 4.2344510155593875 1.8215386912482252 2.586283456531594e-06 0.0002011790273562916 0.221325600173158 0.07186621855077122 0.23270112834663448 2.3337532979558313
26.656499999983225 4.2360565798114544 1.8200468491992474 2.5843695370296285e-06 0.00013079198007045177 0.22138723371707608 0.0718087859791669 0.2327419732305351 2.3363919081487126
26.656999999983224 4.237638387682962 1.818470195558612 2.5824273780920954e-06 5.7272327438191934e-05 0.2214466900923029 0.07174925798897364 0.23278014488981708 2.3390153903469377
26.657499999983223 4.239196334413634 1.8168090050708308 2.580457087801561e-06 -1.9369662439898492e-05 0.22150396710680723 0.07168764460515138 0.2328156485468102 2.3416233800323565
26.657999999983222 4.240730128561062 1.8150635720460209 2.5784590321502382e-06 -9.911971480369036e-05 0.22155905408580706 0.07162395629950641 0.232848481610057 2.34421537687218
26.65849999998322 4.242239667227329 1.813234186937157 2.5764333327386888e-06 -0.00018196694507093838 0.22161194913333934 0.07155820350800324 0.23287864994442856 2.3467910175507933
26.65899999998322 4.243724712762613 1.8113211371648297 2.5743802958208533e-06 -0.00026789821507393883 0.22166264400871027 0.07149039650506588 0.23290615344133223 2.3493498644408595
26.65949999998322 4.245185132806443 1.8093247240424035 2.572300107224054e-06 -0.00035690155482294016 0.22171113560436806 0.07142054587085332 0.23293099708323275 2.35189154035651
26.659999999983217 4.246620711466394 1.8072452450558338 2.5701930378657333e-06 -0.0004489638127590577 0.2217574168283666 0.07134866213121246 0.23295318215214192 2.354415644493215
26.660499999983216 4.24803129994793 1.805082996913876 2.5680593101219164e-06 -0.0005440728075100433 0.2218014837799928 0.07127475564018773 0.232972713024068 2.3569218071560227
26.660999999983215 4.249416757329377 1.802838286323127 2.565899107566469e-06 -0.0006422162578819434 0.22184333298868247 0.07119883714365514 0.23298959471156233 2.359409700509996
26.661499999983214 4.250776893069969 1.800511426429161 2.563712726313776e-06 -0.0007433806018036452 0.22188295880894077 0.07112091745149596 0.23300383027682559 2.3618788384127587
26.661999999983212 4.252111572000562 1.7981027156964111 2.561500349845892e-06 -0.0008475537994591556 0.2219203579881729 0.07104100687369111 0.2330154250144604 2.3643289661914855
26.66249999998321 4.253420631208137 1.7956124786088778 2.559262221239042e-06 -0.0009547224546217607 0.22195552626892934 0.07095911665736503 0.23302438364488015 2.3667596640598263
26.66299999998321 4.254703905686213 1.7930410176338039 2.556998583879418e-06 -0.0010648736130920453 0.2219884591067668 0.07087525693793631 0.23303071037617987 2.369170626699905
26.66349999998321 4.255961257335637 1.7903886541439928 2.5547096761235413e-06 -0.00117799430369605 0.22201915339763814 0.07078943880849772 0.23303441117741722 2.371561468530504
26.663999999983208 4.257192566637618 1.78765570031328 2.5523957002710937e-06 -0.0012940720098703275 0.22204760685476413 0.07070167277980323 0.23303549271764804 2.373931885857271
26.664499999983207 4.258397682939875 1.7848424788510067 2.5500568762559863e-06 -0.001413093484959917 0.2220738157712283 0.07061196986990274 0.23303396055789538 2.3762815440751255
26.664999999983205 4.25957647510837 1.7819493210201633 2.5476934472193365e-06 -0.001535045248165496 0.222097777573132 0.0705203411289021 0.2330298214387486 2.37861011909647
26.665499999983204 4.260728809567639 1.7789765342661559 2.5453056546159916e-06 -0.0016599145768455945 0.22211948925945177 0.07042679682031232 0.233023081551274 2.3809172851407623
26.665999999983203 4.2618545603137665 1.7759244573202337 2.5428937112108917e-06 -0.001787687858545319 0.22213894854109165 0.07033134822323084 0.2330137481560234 2.3832027618801095
26.666499999983202 4.262953597059697 1.7727934135679626 2.540457871897453e-06 -0.0019183519115960768 0.22215615276984912 0.07023400622071896 0.23300182814168918 2.3854661930767525
26.6669999999832 4.264025814904092 1.769583734521956 2.5379983219285817e-06 -0.0020518934969658243 0.22217110061141393 0.07013478153925505 0.232987329688481 2.3877073269660634
26.6674999999832 4.265071106968881 1.7662957553005667 2.535515305988049e-06 -0.0021882993193574913 0.22218379065862442 0.07003368535624699 0.23297026112773353 2.3899258937052936
26.6679999999832 4.266089336817172 1.7629297965021369 2.533009060268813e-06 -0.0023275560173238413 0.2221942199659774 0.06993072814598186 0.23295062919496515 2.392121562220857
26.668499999983197 4.267080406537378 1.7594862019388915 2.5304798110141966e-06 -0.0024696500259626247 0.2222023876913546 0.06982592116535262 0.23292844294671236 2.3942940689198924
26.668999999983196 4.268044234132454 1.755965316390213 2.527927772371748e-06 -0.002614567918015637 0.22220829373982584 0.069719275614047 0.23290371221668 2.396443152165703
26.669499999983195 4.268980674551818 1.7523674524650457 2.525353197164908e-06 -0.0027622963580178337 0.2222119346929746 0.06961080158772395 0.2328764434176411 2.3985685117768147
26.669999999983194 4.269889671789938 1.7486929716625488 2.5227562933937326e-06 -0.0029128217443233533 0.22221331189602 0.06950051084424426 0.23284664807963842 2.4006699368602575
26.670499999983193 4.2707710882549454 1.7449421985471771 2.5201373158835864e-06 -0.0030661302601836674 0.2222124224649719 0.06938841363398482 0.23281433331984638 2.402747156990581
26.67099999998319 4.271624868848227 1.741115493442863 2.5174964735579388e-06 -0.003222208380909092 0.22220926776013086 0.06927452172471649 0.23277951083704027 2.404799895401108
26.67149999998319 4.272450906175589 1.7372131778531368 2.514834005461543e-06 -0.003381042776115478 0.22220384629824116 0.06915884516293579 0.23274218917991046 2.4068279472640324
26.67199999998319 4.273249116671182 1.7332356129410034 2.5121501450225062e-06 -0.0035426193169257793 0.22219615814772425 0.06904139557670391 0.23270237891008347 2.4088310392082786
26.672499999983188 4.27401943965773 1.729183125529422 2.5094451011761423e-06 -0.0037069252761545595 0.22218620407148243 0.0689221832795542 0.23266009095398782 2.4108090004964318
26.672999999983187 4.274761783404495 1.7250560781391915 2.506719118709188e-06 -0.0038739461048486784 0.22217398380806933 0.06880121962651929 0.23261533561153716 2.4127615373511673
26.673499999983186 4.27547606293182 1.7208548098233245 2.503972445412904e-06 -0.004043668280748387 0.22215949713252806 0.06867851539512207 0.23256812313002076 2.4146884560091286
26.673999999983184 4.276162225894785 1.7165796662270572 2.501205281997204e-06 -0.004216078410824486 0.22214274545887733 0.06855408129731952 0.2325184653735984 2.4165895738672196
26.674499999983183 4.276820184065388 1.7122309931272044 2.4984178929174034e-06 -0.004391162595660754 0.2221237284861258 0.06842792825745525 0.23246637268888398 2.4184646397638803
26.674999999983182 4.277449883588634 1.7078091541981064 2.495610484742426e-06 -0.004568906689496101 0.22210244779483163 0.06830006742597144 0.23241185734636147 2.420313472231012
26.67549999998318 4.27805127437458 1.7033144862609584 2.4927832982042017e-06 -0.004749297665079923 0.22207890480477005 0.06817050940537832 0.23235493138770785 2.4221358397691373
26.67599999998318 4.278624281186328 1.6987473354625506 2.489936561386082e-06 -0.004932321563102683 0.22205309988820926 0.06803926469705891 0.23229560586993747 2.4239315998864552
26.67649999998318 4.2791688542792565 1.6941080701471531 2.487070514898744e-06 -0.00511796417643242 0.22202503486111777 0.06790634477890081 0.23223389357202529 2.4257005450484814
26.676999999983178 4.2796849403156525 1.6893970262945999 2.4841853854244487e-06 -0.0053062122222137485 0.2219947110216338 0.06777175985693669 0.23216980648618407 2.4274424788222873
26.677499999983176 4.280172486300174 1.6846145695579142 2.4812814166289006e-06 -0.005497051420892367 0.22196213000950157 0.06763552117414474 0.23210335727252418 2.4291572323745214
26.677999999983175 4.280631443432272 1.6797610467943538 2.4783588475600626e-06 -0.005690468091756682 0.22192729351674317 0.06749763919583406 0.23203455848597418 2.430844613952895
26.678499999983174 4.281061795909 1.6748367934949187 2.475417874606897e-06 -0.005886449535509102 0.22189020459769726 0.06735812407804578 0.23196342397855627 2.4325045034352377
26.678999999983173 4.2814634768145545 1.669842191368411 2.4724587675305345e-06 -0.00608498054639963 0.22185086446094687 0.06721698741987298 0.23188996625150224 2.434136711308555
26.67949999998317 4.281836457055742 1.6647775827103035 2.4694817569492323e-06 -0.006286047894571412 0.2218092756509937 0.06707423955068037 0.23181419881934198 2.435741060970092
26.67999999998317 4.282180693803305 1.6596433259226697 2.4664870868573125e-06 -0.006489637441997849 0.22176544027594147 0.06692989114277435 0.23173613491057965 2.437317414584129
26.68049999998317 4.282496180409882 1.6544397660699546 2.463474967180997e-06 -0.006695736144316922 0.221719361986179 0.06678395250021121 0.23165578920809007 2.438865641098479
26.680999999983168 4.282782866483076 1.6491672622598532 2.460445656262946e-06 -0.006904329753487573 0.22167104253853442 0.0666364343943076 0.23157317473803501 2.4403855726845842
26.681499999983167 4.2830407410566576 1.643826157225237 2.4573994003815916e-06 -0.007115405021838564 0.22162048540029713 0.066487346866943 0.23148830603530132 2.441877070525833
26.681999999983166 4.283269784795013 1.6384168242968122 2.454336416729766e-06 -0.007328947624097746 0.22156769395981704 0.06633670098841124 0.23140119787497598 2.4433400226665656
26.682499999983165 4.2834699525608935 1.632939607226688 2.4512569638593446e-06 -0.007544943839459191 0.22151267004838765 0.06618450693833375 0.23131186335373463 2.4447742609207648
26.682999999983164 4.283641270509077 1.6273948650802366 2.448161232100755e-06 -0.007763380523886923 0.22145541906963642 0.06603077531238181 0.23122031917809735 2.446179697933352
26.683499999983162 4.283783716169386 1.621782968591707 2.4450494818194173e-06 -0.007984243225411355 0.221395944262022 0.06587551700326091 0.23112658007248277 2.4475561911943426
26.68399999998316 4.283897260664674 1.616104242730862 2.441921971037785e-06 -0.008207518826331939 0.2213342481039785 0.06571874119800601 0.23103065963998934 2.4489036273752025
26.68449999998316 4.283981922891518 1.6103590618162578 2.438778902124949e-06 -0.00843319360414034 0.2212703357761758 0.06556045911139108 0.23093257467876394 2.4502218947099452
26.68499999998316 4.284037678603135 1.604547775580797 2.435620540042265e-06 -0.008661253573757193 0.22120421028056003 0.0654006806393862 0.23083233956144475 2.451510895509397
26.685499999983158 4.284064527459862 1.5986707345423645 2.4324471337549e-06 -0.008891685194508264 0.22113587570933194 0.0652394158630865 0.2307299698207584 2.4527704773258643
26.685999999983157 4.284062533353519 1.5927282915179017 2.4292589001090836e-06 -0.009124475884175337 0.22106533924351665 0.06507667500885175 0.23062548407584907 2.4540006245709645
26.686499999983155 4.284031602494279 1.5867207919825288 2.426056169167715e-06 -0.009359610472177914 0.22099260057346926 0.06491246756301083 0.23051889350232174 2.4552011532316325
26.686999999983154 4.28397181228981 1.5806486032221523 2.422839033965268e-06 -0.00959707660741005 0.22091766751603092 0.06474680460418829 0.23041021766967068 2.4563720301557135
26.687499999983153 4.283883142950656 1.5745120760556117 2.4196078037397674e-06 -0.009836860047155315 0.2208405433296416 0.0645796958286757 0.23029947135641216 2.4575131431855883
26.687999999983152 4.2837656657081 1.5683115731388249 2.4163626517636243e-06 -0.01007894799632524 0.2207612356233999 0.06441115169783496 0.2301866738317499 2.4586244280594514
26.68849999998315 4.283619344947789 1.5620474403348261 2.4131038919779174e-06 -0.010323326170888549 0.22067974688841868 0.06424118176397998 0.23007183918159085 2.4597057843679835
26.68899999998315 4.283444215175686 1.5557200196394279 2.4098317419486105e-06 -0.010569981784848219 0.22059608275836567 0.06406979571372379 0.22995498465148792 2.460757124688652
26.68949999998315 4.28324030935146 1.5493296701338997 2.406546425923412e-06 -0.010818901276996843 0.22051024908033004 0.06389700355440256 0.22983612779008858 2.4617784066944504
26.689999999983147 4.283007650483013 1.5428767422619651 2.403248201724896e-06 -0.011070071097201092 0.2204222511246514 0.06372281492908721 0.22971528553285844 2.4627695495208535
26.690499999983146 4.282746290686042 1.5363615944781857 2.399937273013072e-06 -0.011323478225981095 0.22033209556805122 0.06354724011938163 0.22959247640838207 2.463730506483258
26.690999999983145 4.282456232106241 1.5297845662919345 2.396613910698513e-06 -0.01157910906918701 0.22023978659777413 0.0633702882837793 0.22946771625794882 2.4646611800721163
26.691499999983144 4.282137539142606 1.5231460092103544 2.3932783265640616e-06 -0.011836950737308494 0.22014533146778434 0.06319196911414048 0.22934102408932552 2.465561544025432
26.691999999983143 4.281790232749912 1.5164462758461308 2.3899307819521e-06 -0.012096989621388115 0.22004873536853398 0.06301229240200645 0.22921241696065905 2.4664315202771636
26.69249999998314 4.281414385528081 1.5096857138968545 2.386571478929562e-06 -0.012359212991097383 0.21995000592051794 0.06283126756774342 0.22908191424546057 2.467271085932916
26.69299999998314 4.281010012061462 1.5028646583845238 2.3832007027136495e-06 -0.012623607533038306 0.2198491478797356 0.06264890359905995 0.22894953245804708 2.4680801712917084
26.69349999998314 4.280577194755707 1.49598346829594 2.379818667969337e-06 -0.012890160315345772 0.21974616942300387 0.0624652104035259 0.228815291708827 2.4688587572661715
26.693999999983138 4.280115973296716 1.4890424774136781 2.3764255769915663e-06 -0.013158858588022869 0.21964107644553804 0.062280196904685434 0.228679209697735 2.4696068042142967
26.694499999983137 4.279626400762269 1.4820420572250173 2.3730216956362497e-06 -0.013429688455189107 0.21953387590277892 0.06209387340390879 0.22854130549027854 2.47032424370909
26.694999999983136 4.279108560328977 1.4749825289068996 2.36960723837995e-06 -0.013702638049780983 0.2194245756689552 0.06190624823286177 0.2284015986531028 2.471011088371025
26.695499999983134 4.278562477383695 1.4678642490285854 2.3661824670448423e-06 -0.013977693387602269 0.21931318125618865 0.06171733090132272 0.22826010671760197 2.4716672797995303
26.695999999983133 4.27798826367526 1.4606875515254425 2.3627475733211372e-06 -0.014254842765608454 0.21919970200120165 0.061527130366556965 0.22811685091380496 2.472292818820655
26.696499999983132 4.277385974716278 1.4534527940758943 2.359302802309959e-06 -0.014534072544824785 0.2190841448709222 0.06133565607125652 0.22797185024527244 2.472887670651585
26.69699999998313 4.276755660888457 1.4461602997434193 2.3558484045849654e-06 -0.014815370312438892 0.2189665161824169 0.06114291650650487 0.22782512294626497 2.473451805647517
26.69749999998313 4.2760974465841715 1.4388104303167877 2.3523845579554162e-06 -0.015098723510308849 0.21884682619132714 0.06094892138587082 0.22767669139320953 2.4739852473208233
26.69799999998313 4.275411362948787 1.4314035100108358 2.348911551507104e-06 -0.015384119147054825 0.2187250803626189 0.060753678992473706 0.2275265729814551 2.4744879476394734
26.698499999983127 4.274697522472096 1.4239398882103358 2.345429580265606e-06 -0.015671544782467458 0.21860128829120096 0.06055719848945777 0.22737478938381278 2.474959923388606
26.698999999983126 4.273956012237828 1.4164198951260942 2.3419388756020863e-06 -0.01596098808037729 0.2184754581779393 0.060359488274940074 0.22722136077265068 2.475401164311828
26.699499999983125 4.27318692635562 1.408843878853393 2.3384396541408633e-06 -0.016252436486877676 0.2183475986656524 0.060160557697262564 0.22706630801874253 2.475811675525312
26.699999999983124 4.272390338970087 1.4012121559244726 2.3349321671457322e-06 -0.01654587766407739 0.21821771727368028 0.05996041436365841 0.22690965050096942 2.4761914479342373
26.700499999983123 4.2715663948298745 1.39352508312456 2.33141657798441e-06 -0.01684129962568742 0.2180858251080693 0.05975906795927326 0.22675141165935572 2.4765405136570955
26.70099999998312 4.27071512697241 1.3857829890440323 2.327893191341426e-06 -0.017138688870626986 0.21795192790634305 0.0595565264074668 0.22659160922686258 2.476858863501712
26.70149999998312 4.269836689111798 1.3779861882093698 2.3243621766019793e-06 -0.017438034827102152 0.21781603678000333 0.059352797818211414 0.2264302664089509 2.4771465149293483
26.70199999998312 4.268931198198127 1.3701350436329873 2.3208237285517877e-06 -0.017739324420320203 0.21767816172906146 0.05914789149657087 0.22626740550314117 2.4774035051483616
26.702499999983118 4.267998735215358 1.3622298603153926 2.317278092829227e-06 -0.018042546016607854 0.21753831039943164 0.05894181495927567 0.22610304621763583 2.477629836190035
26.702999999983117 4.2670394202945925 1.3542709886901374 2.3137254930878534e-06 -0.018347686998035025 0.2173964927675693 0.05873457718417292 0.22593721084146642 2.4778255284475708
26.703499999983116 4.26605339530704 1.3462587571592164 2.3101660755241976e-06 -0.018654735855035486 0.21725271964122195 0.05852618623652163 0.2257699223473325 2.4779906324621654
26.703999999983115 4.2650407574663785 1.3381934854784794 2.306600146014146e-06 -0.018963680454825996 0.21710699967334332 0.05831664999387482 0.22560120157051902 2.478125161601537
26.704499999983113 4.264001662657592 1.3300755132411184 2.3030278475073055e-06 -0.019274509111865606 0.21695934441724649 0.0581059769080369 0.22543107235672302 2.4782291582008673
26.704999999983112 4.262936226173251 1.3219051511625728 2.2994494084647784e-06 -0.019587210412317597 0.21680976323440776 0.0578941745444976 0.2252595562716155 2.4783026690203096
26.70549999998311 4.261844587434419 1.3136827394601658 2.295865032485386e-06 -0.01990177222509238 0.21665826696618207 0.05768125129159687 0.2250866764894209 2.478345731206963
26.70599999998311 4.260726854648712 1.3054085871339765 2.2922749361478756e-06 -0.02021818299190155 0.21650486463485918 0.057467214481808956 0.22491245424464815 2.4783583769855375
26.70649999998311 4.259583210836154 1.2970830282302013 2.2886792951999597e-06 -0.020536431541943713 0.2163495690805037 0.0572520723999034 0.224736914760082 2.4783406843707705
26.706999999983108 4.2584137903272214 1.2887063917607944 2.2850783258222005e-06 -0.020856505960324487 0.2161923907854752 0.057035832986192254 0.22456008086666138 2.4782926827975933
26.707499999983106 4.257218722605154 1.2802789951044566 2.2814722209740787e-06 -0.02117839465098388 0.21603333989348664 0.05681850370010727 0.2243819750074561 2.4782144360051497
26.707999999983105 4.2559981776403335 1.2718011498568413 2.2778611620727103e-06 -0.02150208702630331 0.21587242835637585 0.056600092121567636 0.22420262152601 2.4781060105856287
26.708499999983104 4.254752315527652 1.2632731880337333 2.2742453452837546e-06 -0.0218275713567179 0.21570966794315866 0.05638060612098371 0.22402204458947758 2.477967459346365
26.708999999983103 4.253481270381438 1.2546954247663025 2.270624988587877e-06 -0.022154836118458705 0.2155450690405709 0.056160053060453644 0.22384026695591036 2.4777988505749473
26.7094999999831 4.252185241799531 1.2460681870405224 2.267000223280924e-06 -0.022483870623097164 0.2153786451483611 0.05593844089509453 0.2236573146443322 2.4776002641650527
26.7099999999831 4.25086437750163 1.2373917884913594 2.26337125729586e-06 -0.022814663573238598 0.2152104072483969 0.05571577690071878 0.22347321105141793 2.4773717708364633
26.7104999999831 4.249518852870021 1.228666524238137 2.2597382769456137e-06 -0.0231472046846511 0.21504036747469307 0.055492067657618084 0.2232879806467017 2.477113442831533
26.7109999999831 4.248148848921472 1.2198927293106991 2.2561014623360526e-06 -0.02348148236795745 0.21486853863816527 0.05526732102334232 0.2231016487697807 2.4768253713575774
26.711499999983097 4.246754527592927 1.211070717038649 2.252461008430902e-06 -0.023817485645067894 0.21469493238172022 0.05504154437347429 0.2229142396076607 2.4765076278861917
26.711999999983096 4.245336097103602 1.2022007975362685 2.248817037314927e-06 -0.024155204384288927 0.21451956246870235 0.054814744885544144 0.22272577946317204 2.476160315666532
26.712499999983095 4.243893716315215 1.1932832729504064 2.2451697817194737e-06 -0.02449462750898014 0.21434244040897943 0.05458692906938812 0.2225362922368102 2.4757835114835434
26.712999999983094 4.242427588765513 1.1843184769498936 2.241519354506329e-06 -0.02483574408084534 0.21416358000097374 0.05435810493365804 0.2223458044462753 2.4753773134196964
26.713499999983092 4.240937935527659 1.175306690468291 2.237865947589317e-06 -0.02517854486800289 0.21398299539810184 0.05412827852413439 0.22215434269264325 2.4749418383621324
26.71399999998309 4.239424920015026 1.166248243712048 2.2342097238441526e-06 -0.025523018099354193 0.21380069852940695 0.053897457351907735 0.2219619315413412 2.474477179772172
26.71449999998309 4.237888753106862 1.1571434374045368 2.230550829080483e-06 -0.025869153805780545 0.21361670326692306 0.053665648081182946 0.2217685974551608 2.473983433212082
26.71499999998309 4.236329646968935 1.147992587948678 2.226889393816408e-06 -0.026216941706668894 0.21343102366149608 0.05343285813201008 0.22157436724901303 2.473460709728294
26.715499999983088 4.234747810849332 1.138795994145321 2.2232255983995303e-06 -0.02656637149841782 0.21324367353130794 0.05319909369901349 0.22137926724541168 2.4729091464694353
26.715999999983087 4.233143450550533 1.1295539647700494 2.2195596155767117e-06 -0.026917432799181015 0.21305466664063066 0.052964361700613166 0.22118332391073714 2.472328836996456
26.716499999983085 4.231516809614154 1.1202668060592773 2.215891523951899e-06 -0.027270115913084245 0.21286401844346003 0.052728668785850814 0.22098656538744318 2.4717199134205576
26.716999999983084 4.229868084471347 1.1109348016738065 2.212221519082862e-06 -0.027624411125107343 0.21267174197808597 0.05249202104217132 0.22078901738785445 2.4710824937121068
26.717499999983083 4.228197497364513 1.1015582797380128 2.2085497439980744e-06 -0.02798030746168262 0.21247785197843364 0.052254425719039446 0.22059070740683084 2.4704167029624626
26.717999999983082 4.226505303258871 1.0921375372861175 2.2048762941817204e-06 -0.02833779576913189 0.21228236434835462 0.05201588931317187 0.22039166414231906 2.4697226932898184
26.71849999998308 4.224791722645384 1.0826728631053304 2.201201309770577e-06 -0.028696866402230296 0.21208529332684953 0.05177641778448462 0.22019191453238413 2.4690005827425505
26.71899999998308 4.223056998330427 1.073164564334307 2.1975249315105674e-06 -0.029057509503871974 0.21188665441991344 0.051536017833310487 0.21999148691244108 2.468250521551934
26.71949999998308 4.221301357767022 1.0636129434889128 2.193847284056786e-06 -0.029419714975908243 0.21168646234046998 0.05129469571994512 0.21979040874544242 2.4674726426345175
26.719999999983077 4.219525060289619 1.0540182988707865 2.1901684820681027e-06 -0.02978347346244664 0.21148473330501563 0.05105245772421326 0.21958870907281283 2.4666671000017137
26.720499999983076 4.217728364423176 1.0443809237025081 2.1864886114311716e-06 -0.03014877601938397 0.21128148329263366 0.05080931025281929 0.21938641682239507 2.4658340476942033
26.720999999983075 4.215911504924334 1.0347011253840024 2.1828078217746345e-06 -0.030515612302442728 0.2110767275097057 0.05056525952743695 0.21918355997080757 2.464973631014824
26.721499999983074 4.2140747492576205 1.0249791919747002 2.1791262036464275e-06 -0.030883973471098478 0.21087048244000578 0.050320311496464015 0.21898016789413938 2.464086016716439
26.721999999983073 4.212218378289936 1.015215415035786 2.1754438599683437e-06 -0.03125385068257874 0.21066276517473562 0.0500744721848473 0.2187762706011458 2.463171374709094
26.72249999998307 4.2103426100446 1.0054101001620894 2.1717609118936967e-06 -0.0316252335451476 0.21045359007279568 0.049827747858616794 0.21857189532960394 2.462229851754156
26.72299999998307 4.208447764769009 0.9955635342731046 2.1680774077721315e-06 -0.03199811418868754 0.21024297603347042 0.04958014457010002 0.2183670740259042 2.461261634888176
26.72349999998307 4.206534099193348 0.9856760179393309 2.1643934710977896e-06 -0.032372482740808534 0.21003093924835922 0.04933166815542934 0.21816183571685793 2.460266892540708
26.723999999983068 4.204601878208157 0.9757478361823856 2.160709209133786e-06 -0.03274833038271988 0.20981749602287456 0.049082324462850296 0.21795620971846905 2.459245795768047
26.724499999983067 4.202651391356171 0.9657792863684622 2.1570246734325245e-06 -0.03312564796628182 0.2096026640038245 0.04883211923051149 0.21775022658823814 2.458198557494506
26.724999999983066 4.200682954578959 0.9557706620807018 2.153339904522466e-06 -0.03350442762390944 0.20938646189856439 0.04858105911247348 0.21754391832752848 2.4571253338814927
26.725499999983064 4.198696818451191 0.945722256601212 2.1496550454711437e-06 -0.03388465908257415 0.20916890568123453 0.04832914898061212 0.2173373135617022 2.456026310479036
26.725999999983063 4.196693280577454 0.935634347307433 2.14597014907805e-06 -0.034266334592294515 0.20895001303219046 0.04807639475160945 0.21713044320144567 2.454901697837833
26.726499999983062 4.194672657653337 0.9255072373034556 2.1422852775253926e-06 -0.0346494451824341 0.20872980297776608 0.04782280237307901 0.216923339291562 2.4537516937184893
26.72699999998306 4.192635262783469 0.9153412094593936 2.138600461492424e-06 -0.035033982714965745 0.2085082941201121 0.047568377294944494 0.21671603350981183 2.4525765030295155
26.72749999998306 4.190581349271239 0.9051365695404341 2.1349158196952285e-06 -0.03541993714506515 0.2082855025300032 0.04731312557871911 0.21650855494313376 2.4513763159668276
26.72799999998306 4.188511282201794 0.894893572584873 2.13123135308003e-06 -0.03580730221259048 0.20806144891635148 0.04705705195917415 0.2163009374829516 2.450151351608807
26.728499999983057 4.1864253496735016 0.8846125300898517 2.1275471324747936e-06 -0.03619606805495721 0.20783615112080825 0.046800162385033546 0.21609321195867315 2.448901827554782
26.728999999983056 4.184323885399769 0.8742937380315706 2.123863161333311e-06 -0.036586226757860434 0.2076096287242817 0.04654246320508036 0.21588541129174973 2.4476279747646545
26.729499999983055 4.182207202917131 0.8639374697863536 2.120179486921249e-06 -0.03697777017397558 0.20738190036898568 0.046283959119935374 0.2156775671216344 2.446329988024136
26.729999999983054 4.180075613306445 0.8535440192780612 2.1164961913642265e-06 -0.03737068931961095 0.2071529847753566 0.04602465549593769 0.21546971117788632 2.4450081115519797
26.730499999983053 4.177929478881165 0.8431136836410685 2.112813269065662e-06 -0.037764976560203015 0.20692290297845317 0.04576455855707234 0.21526187784079823 2.4436625575565074
26.73099999998305 4.175769109157216 0.832646731755703 2.1091307622262017e-06 -0.038160623798294976 0.20669167331506227 0.045503672806944055 0.2150540984621703 2.4422935975725704
26.73149999998305 4.1735948235545015 0.8221434361811994 2.105448678944972e-06 -0.03855762315241521 0.20645931467416265 0.04524200302138132 0.21484640503456243 2.440901440182159
26.73199999998305 4.171407029946125 0.8116041311474906 2.1017670010483135e-06 -0.038955966266253576 0.2062258506653208 0.044979556473974586 0.21463883453599011 2.439486337486935
26.732499999983048 4.16920600188465 0.8010290534940288 2.098085791738525e-06 -0.03935564562301434 0.205991297572765 0.044716336677524365 0.2144314162709686 2.4380485390291113
26.732999999983047 4.1669921230366604 0.7904185206536983 2.094405042203049e-06 -0.03975665278752875 0.20575567780192333 0.04445234993311034 0.21422418585018055 2.436588285403167
26.733499999983046 4.164765744246014 0.7797728044055143 2.0907247401122447e-06 -0.04015898040512709 0.2055190116418018 0.044187601042439066 0.21401717673889686 2.435105840740509
26.733999999983045 4.162527231376302 0.7690922106281733 2.0870448853462634e-06 -0.04056262012186357 0.2052813205264761 0.04392209586924313 0.21381042353868393 2.4336014723520893
26.734499999983043 4.160276921101679 0.7583769994653218 2.083365468965603e-06 -0.04096756478171145 0.20504262395795056 0.04365583884355473 0.21360395892595171 2.432075435686344
26.734999999983042 4.1580151943422115 0.7476274717760409 2.0796864471596274e-06 -0.041373806531412316 0.20480294399070204 0.043388835699830694 0.21339781816491066 2.4305280015604582
26.73549999998304 4.155742426185987 0.7368439202821166 2.0760078284399376e-06 -0.041781337372948354 0.20456230236810183 0.04312109161530456 0.21319203607289447 2.4289594467285727
26.73599999998304 4.153458964675435 0.7260266166803377 2.0723296148009693e-06 -0.04219014991753231 0.20432071931689316 0.04285261140949009 0.21298664605286702 2.427370043124533
26.73649999998304 4.151165217480098 0.7151758475389026 2.0686517129909667e-06 -0.042600237127688845 0.20407821798170173 0.04258340016329225 0.2127816844265252 2.4257600718620096
26.736999999983038 4.148861540664711 0.7042919150921829 2.064974165297134e-06 -0.04301159046918846 0.20383481934900857 0.042313463513329375 0.21257718524861977 2.4241298284387236
26.737499999983037 4.146548301950129 0.6933750914459537 2.0612969042785847e-06 -0.0434242027436785 0.20359054452459155 0.04204280601573043 0.21237318272658656 2.4224795747424643
26.737999999983035 4.144225944681331 0.6824256563774265 2.0576198394676415e-06 -0.04383806778865917 0.20334541833539616 0.04177143270299 0.21216971493476813 2.4208096442703106
26.738499999983034 4.141894793994043 0.6714439241322846 2.0539429805804264e-06 -0.044253176122960675 0.20309946036235715 0.041499349400202994 0.21196681437689863 2.419120311803704
26.738999999983033 4.13955530403863 0.6604301651927226 2.0502662454500912e-06 -0.044669521979176494 0.20285269586409746 0.04122656076161425 0.21176451951498207 2.4174118974050525
26.739499999983032 4.137207813445532 0.6493846401285621 2.0465895800976086e-06 -0.045087098081498064 0.20260514448440956 0.04095307090480765 0.21156286300174068 2.4156846929564484
26.73999999998303 4.134852755869965 0.6383076984820077 2.042912937316688e-06 -0.045505895233355485 0.20235683140734656 0.04067888658784634 0.21136188287446075 2.4139389970049487
26.74049999998303 4.132490525977947 0.6271995959902694 2.0392362118167313e-06 -0.04592590761081459 0.2021077787934508 0.04040401229641789 0.21116161452392004 2.412175163549372
26.74099999998303 4.130121553939684 0.6160606175454576 2.035559367617692e-06 -0.046347128132482936 0.20185801100604842 0.04012845263859441 0.2109620951844541 2.410393503811806
26.741499999983027 4.127746228356405 0.6048910541533464 2.031882297402292e-06 -0.04676954931235265 0.20160755038630143 0.039852212737935294 0.2107633601358531 2.408594327856705
26.741999999983026 4.125364976121121 0.5936911999406381 2.028204949947909e-06 -0.04719316379981761 0.20135642120700312 0.03957529758902593 0.21056544647683398 2.4067779653212735
26.742499999983025 4.122978196858595 0.5824613499462608 2.0245272263631435e-06 -0.04761796426752661 0.2011046463364656 0.03929771267651537 0.21036839002260843 2.4049447623396585
26.742999999983024 4.120586340298004 0.5712018094527064 2.02084899939117e-06 -0.04804394323540697 0.20085225126860096 0.03901946302688453 0.21017222893660006 2.4030950450720927
26.743499999983023 4.118189801660648 0.5599128352974442 2.017170234123863e-06 -0.04847109471562332 0.20059925826147298 0.03874055320477009 0.20997699850363535 2.4012291795362786
26.74399999998302 4.1157890194321585 0.5485947696247853 2.013490778000802e-06 -0.04889940971188928 0.2003456926946819 0.038460989225582734 0.20978273652446597 2.3993474859187147
26.74449999998302 4.113384431847342 0.5372478521955565 2.009810521930846e-06 -0.049328883317816444 0.20009157868325636 0.03818077473381914 0.20958948005235178 2.397450344559947
26.74499999998302 4.110976448591167 0.5258724120960536 2.0061293901915347e-06 -0.0497595067678113 0.1998369400973239 0.03789991580470062 0.20939726540535497 2.395538088608164
26.745499999983018 4.108565555400366 0.5144687379144413 2.002447244746512e-06 -0.050191273850692684 0.1995818038917755 0.03761841717369991 0.2092061321426905 2.3936111097597026
26.745999999983017 4.106152156518867 0.5030371313040922 1.998763947967797e-06 -0.05062417700840352 0.19932619331592802 0.03733628431504703 0.2090161160438374 2.391669730414356
26.746499999983016 4.1037366894964125 0.4915778906762098 1.9950794361823197e-06 -0.05105820861149372 0.1990701332294746 0.03705352194097822 0.2088272542051112 2.3897143646083374
26.746999999983014 4.101319619687379 0.4800912954640432 1.9913935124637945e-06 -0.05149336300256921 0.19881364947489966 0.03677013501841058 0.20863958512256195 2.387745358879312
26.747499999983013 4.098901383494134 0.46857766970335946 1.987706068404942e-06 -0.05192963180340752 0.1985567671224525 0.036486129167288474 0.20845314593684924 2.3857631059216406
26.747999999983012 4.096482445380617 0.4570373161801634 1.984016954737063e-06 -0.05236700799172986 0.19829951233060739 0.036201509496696295 0.20826797498992014 2.3837679833532404
26.74849999998301 4.094063262084411 0.4454705125808932 1.980326021556834e-06 -0.05280548568253059 0.19804191053470235 0.035916280830840086 0.2080841100976304 2.381760411414816
26.74899999998301 4.091644282924029 0.43387759055709324 1.9766331277240415e-06 -0.05324505630203162 0.197783987565214 0.03563044876760277 0.20790158882794527 2.3797407315748633
26.74949999998301 4.08922595318769 0.42225883615416987 1.97293814068017e-06 -0.053685713296769674 0.1975257684155567 0.03534401816619265 0.20772044824829172 2.3777093896521184
26.749999999983007 4.086808793542548 0.4106145743916083 1.969240837243664e-06 -0.05412744981457412 0.19726728218148246 0.03505699482433497 0.2075407293251407 2.375666782047682
26.750499999983006 4.0843931880965805 0.398945089574839 1.965541141971546e-06 -0.054570258100373234 0.19700855101336365 0.03476938316569664 0.2073624658593003 2.373613275924072
26.750999999983005 4.081979659409591 0.3872507285901475 1.9618388347043274e-06 -0.05501413056178758 0.19674960430588087 0.034481189689896455 0.20718569882697196 2.3715493350516916
26.751499999983004 4.079568673970099 0.37553175229111435 1.958133737668486e-06 -0.055459061831310476 0.1964904678082115 0.03419241833588061 0.20701046579908655 2.369475362463783
26.751999999983003 4.077160665380753 0.36378852318543364 1.9544257046360285e-06 -0.05590504203175698 0.19623116697188145 0.033903075645204256 0.2068368031901561 2.3673917481100792
26.752499999983 4.0747561545086155 0.35202132921027396 1.9507145545581603e-06 -0.05635206574390052 0.1959717304158837 0.03361316658272066 0.20666475123619513 2.3652989556013173
26.752999999983 4.072355624436537 0.3402304914473502 1.9470000768637708e-06 -0.05680012560184336 0.19571218538947777 0.033322696706630114 0.20649434833455504 2.3631974200169457
26.753499999983 4.069959497205925 0.3284163280359109 1.9432820997697307e-06 -0.057249213140087234 0.1954525562948425 0.03303167111279815 0.20632562968243132 2.361087573670812
26.753999999982998 4.06756834059259 0.3165791633637368 1.939560417365499e-06 -0.05769932231737254 0.19519287439637445 0.03274009583523308 0.20615863767085554 2.3589698439010247
26.754499999982997 4.065182539208456 0.3047193192380283 1.935834865484231e-06 -0.05815044414720981 0.1949331623042615 0.03244797630777575 0.20599340544524064 2.35684467660841
26.754999999982996 4.062802651107591 0.2928371036469944 1.9321052326841223e-06 -0.05860257279986288 0.1946734507335419 0.032155317692606974 0.20582997453038873 2.3547125176682995
26.755499999982995 4.060429172896729 0.2809328942787289 1.928371252650925e-06 -0.0590556990690469 0.19441376820397027 0.03186212711440681 0.2056683835791382 2.352573868452909
26.755999999982993 4.058062539577096 0.26900696362308585 1.924632803780634e-06 -0.05950981653155406 0.1941541391592012 0.031568408752599225 0.2055086675725403 2.3504291380708358
26.756499999982992 4.055703278118909 0.25705965086833193 1.9208896372532985e-06 -0.05996491781374038 0.19389459319145502 0.031274168637808394 0.20535086622966692 2.3482788140187467
26.75699999998299 4.053351886989262 0.24509130764131964 1.9171415405731916e-06 -0.06042099436427972 0.19363515872941173 0.030979412811828907 0.20519501766441237 2.346123360627419
26.75749999998299 4.051008795977211 0.2331022720514142 1.9133883349625826e-06 -0.06087803748685952 0.19337586063596182 0.030684147515957123 0.2050411564387292 2.3439632301564
26.75799999998299 4.048674599399923 0.22109284582432276 1.9096297401930403e-06 -0.06133604221345615 0.19311673127813606 0.030388377695842635 0.2048893249365322 2.3417989675458077
26.758499999982988 4.046349706078903 0.20906341202149104 1.9058655748795214e-06 -0.0617949975042288 0.19285779517716156 0.03009211031941432 0.20473955646288639 2.3396309982203443
26.758999999982986 4.04403471895792 0.1970142943114122 1.9020955706974262e-06 -0.0622548978145736 0.19259908530519226 0.029795351172509775 0.2045918935681297 2.3374598476437085
26.759499999982985 4.041730033998271 0.18494583038635506 1.898319527184632e-06 -0.06271573366232058 0.1923406250526054 0.029498105939818286 0.20444636839148503 2.335285942423231
26.759999999982984 4.039436217960932 0.1728583652985333 1.894537208292021e-06 -0.06317749804489933 0.1920824459373511 0.0292003809054358 0.20430302137146972 2.333109880035855
26.760499999982983 4.037153736183555 0.1607522753745364 1.8907483670310257e-06 -0.06364018110675454 0.1918245750695016 0.028902182846406284 0.20416188778805525 2.330932085478536
26.76099999998298 4.0348831341716505 0.1486278976878051 1.8869527335246133e-06 -0.06410377600447369 0.1915670428706701 0.02860351792452089 0.2040230066681287 2.3287531047094654
26.76149999998298 4.032624892648275 0.13648558378854617 1.8831501303172132e-06 -0.06456827379706909 0.19130987695433294 0.028304392119710413 0.2038864135117434 2.3265734555765007
26.76199999998298 4.030379503384064 0.1243257023558551 1.879340279951103e-06 -0.06503366559690557 0.1910531055752924 0.028004812316685987 0.20375214434166522 2.324393600856199
26.76249999998298 4.028147497235209 0.11214859966556467 1.8755229511383912e-06 -0.06549994360340142 0.19079675861209408 0.027704784511166092 0.2036202366999425 2.322214124595374
26.762999999982977 4.025929381343139 0.09995465946929338 1.8716978678088464e-06 -0.06596709840651224 0.19054086525827096 0.027404315778482763 0.20349072688658773 2.3200355402868094
26.763499999982976 4.023725654701147 0.08774423788197337 1.8678647575286895e-06 -0.0664351218203282 0.19028545392410595 0.027103412858382265 0.203363650574425 2.3178583665914823
26.763999999982975 4.021536826114062 0.07551769928580199 1.8640234117271534e-06 -0.06690400481233667 0.19003055371811223 0.026802081994514136 0.20323904350685712 2.315683135803289
26.764499999982974 4.019363431518289 0.06327543452996462 1.8601735581729912e-06 -0.06737373823409232 0.18977619527146053 0.026500330643209745 0.2031169427190823 2.3135103855718633
26.764999999982972 4.01720590714341 0.05101781565706329 1.8563149547733554e-06 -0.0678443121148003 0.18952240430390976 0.02619816564711007 0.20299738003909923 2.3113406470937408
26.76549999998297 4.015064857170218 0.038745211547427674 1.85244726192795e-06 -0.06831571893519905 0.18926921440471178 0.025895593448947214 0.20288039514719758 2.3091745276416686
26.76599999998297 4.012940722939193 0.026458020883331525 1.8485703187984925e-06 -0.06878794788240948 0.1890166518319336 0.025592622017911307 0.20276601970098238 2.307012508369601
26.76649999998297 4.010834032920892 0.01415662250265572 1.8446838041620056e-06 -0.0692609898345 0.18876474679040853 0.02528925789434948 0.2026542891442189 2.3048552192520204
26.766999999982968 4.008745325819236 0.0018414123502693072 1.8407874625599496e-06 -0.06973483561085327 0.18851353006612223 0.02498550890894765 0.20254523931976925 2.302703152517518
26.767499999982967 4.006675059154944 -0.010487230179031092 1.8368810575260265e-06 -0.07020947503028241 0.18826302851074164 0.024681381816480975 0.20243890163808706 2.300556890914932
26.767999999982965 4.0046238033042005 -0.022828876236442204 1.8329642499006767e-06 -0.07068489802934115 0.18801327484985714 0.024376884982755885 0.2023353129106454 2.298417026026322
26.768499999982964 4.002592005909445 -0.03518314816496894 1.8290368586749178e-06 -0.07116109443196286 0.1877642954243637 0.02407202539357036 0.20223450349411487 2.2962841592230503
26.768999999982963 4.000580217396091 -0.04754964228463775 1.8250985499727854e-06 -0.07163805477049964 0.18751612172904936 0.023766810641943803 0.20213650854730517 2.2941587954506506
26.769499999982962 3.998588917761685 -0.059927950216696856 1.8211490474816741e-06 -0.07211576846318635 0.1872687819554823 0.023461248680248865 0.20204135949295718 2.2920415686430244
26.76999999998296 3.99661864086589 -0.07231764103892982 1.8171881151876965e-06 -0.07259422441666344 0.18702230717779195 0.023155347685727606 0.20194908993904429 2.2899330460606535
26.77049999998296 3.9946698638589435 -0.08471830783025576 1.813215447898519e-06 -0.07307341219308797 0.18677672546020585 0.022849115612732448 0.20185973057413423 2.2878338252147796
26.77099999998296 3.9927431161884366 -0.09712952077668209 1.809230807935461e-06 -0.07355332077315085 0.18653206762798916 0.022542560729033004 0.201773314128883 2.285744492766238
26.771499999982957 3.9908388740128142 -0.1095508824569037 1.805233909795218e-06 -0.0740339399357802 0.18628836159638434 0.022235690654675008 0.2016898705130487 2.2836656732611593
26.771999999982956 3.9889576656421566 -0.12198194189081156 1.8012244722071473e-06 -0.07451525779946121 0.18604563846384034 0.021928514003984455 0.20160943173066356 2.2815979044690655
26.772499999982955 3.987099984497677 -0.13442225319255308 1.7972022056151776e-06 -0.07499726271345607 0.18580392743217827 0.021621039973629685 0.20153202781015878 2.2795418739812576
26.772999999982954 3.9852663103770114 -0.14687140159074552 1.793166876989059e-06 -0.07547994355860466 0.18556325685806696 0.021313276445115274 0.2014576876870401 2.277498094410235
26.773499999982953 3.983457183944049 -0.15932893556044395 1.789118169301508e-06 -0.07596328914563454 0.18532365830125702 0.02100523267682401 0.20138644299900593 2.2754672308162824
26.77399999998295 3.9816730549253143 -0.17179440486783876 1.7850558351725483e-06 -0.07644728623945102 0.18508515918091356 0.020696916990720002 0.201318320317157 2.273449944022655
26.77449999998295 3.9799144525079315 -0.1842673785273784 1.7809795977907129e-06 -0.0769319243223938 0.18484779026589918 0.02038833829909691 0.20125334999629396 2.2714467714820423
26.77499999998295 3.9781818102870425 -0.19674737509356455 1.7768892089851359e-06 -0.07741718915559238 0.18461157848649482 0.020079506336108284 0.20119155713580483 2.269458325955898
26.775499999982948 3.9764756801614816 -0.2092339624115031 1.7727843663677523e-06 -0.07790307025477321 0.1843765557418459 0.019770429640298605 0.2011329723106287 2.2674852923473856
26.775999999982947 3.974796515641723 -0.22172665734984237 1.7686648323367884e-06 -0.07838955344608681 0.18414274998297808 0.019461117808953352 0.20107762075165014 2.2655282818463505
26.776499999982946 3.973144822677953 -0.23422498820818538 1.7645303240705753e-06 -0.0788766261975274 0.18391019138902454 0.019151580664028094 0.20102552996816817 2.26358788976504
26.776999999982944 3.971521039822869 -0.24672850539098645 1.760380559265428e-06 -0.07936427564923063 0.18367890671346343 0.01884182711241987 0.2009767237013147 2.2616647487442383
26.777499999982943 3.9699257097137752 -0.25923671678895993 1.756215312222982e-06 -0.07985248877284526 0.18344892824008555 0.018531867358269997 0.20093123038352687 2.259759542234798
26.777999999982942 3.9683592389333096 -0.271749126479058 1.7520343121718571e-06 -0.08034125040444791 0.1832202817427449 0.01822171148384428 0.20088907120060434 2.257872870790174
26.77849999998294 3.966822150038719 -0.28426527959044223 1.7478372776951754e-06 -0.08083054897900908 0.18299299799606153 0.017911368987902812 0.20085027284735107 2.2560053535785674
26.77899999998294 3.965314878411136 -0.2967846458912177 1.743623994100522e-06 -0.08132036830075576 0.18276710465433335 0.017600850860102317 0.2008148570083851 2.254157663521462
26.77949999998294 3.9638379095874834 -0.30930675124850737 1.7393941755748116e-06 -0.08181069543587136 0.18254263096874676 0.01729016695028873 0.20078284757882536 2.252330369684531
26.779999999982937 3.962391699260628 -0.32183109490482287 1.735147529114527e-06 -0.08230151575100614 0.18231960516389695 0.01697932743819108 0.20075426641116673 2.2505242273831305
26.780499999982936 3.9609767157417735 -0.3343571719711683 1.7308838852990968e-06 -0.08279281462028774 0.182098056120008 0.01666834296255414 0.2007291355348103 2.2487397567929808
26.780999999982935 3.959593389783309 -0.3468844570145039 1.7266029649159243e-06 -0.08328457641802206 0.181878011107812 0.01635722482998835 0.2007074746933993 2.246977693934409
26.781499999982934 3.9582421873211784 -0.35941243927725014 1.7223045149720174e-06 -0.0837767863774987 0.1816594989023164 0.016045983771894375 0.20068930482810898 2.245238625484119
26.781999999982933 3.956923579761087 -0.37194060233527587 1.7179882783799895e-06 -0.08426942970068912 0.1814425486834931 0.015734630774842773 0.2006746467804585 2.243523240549251
26.78249999998293 3.9556379489093576 -0.38446841090076833 1.7136540962722247e-06 -0.08476248910691625 0.18122718557498463 0.015423176982301414 0.20066351621372883 2.2418321536660413
26.78299999998293 3.9543857855919007 -0.3969953477255306 1.709301668040948e-06 -0.08525595020446168 0.18101343966955027 0.015111633495095709 0.20065593400933268 2.2401660367130547
26.78349999998293 3.9531674982251004 -0.4095208582700422 1.7049307598773096e-06 -0.08574979589477637 0.18080133749731805 0.014800012507314515 0.20065191628048704 2.2385254822857847
26.783999999982928 3.951983510959664 -0.4220444132189667 1.7005412214039093e-06 -0.08624400980326417 0.18059090619553025 0.014488325107561258 0.20065147941615263 2.2369112017652717
26.784499999982927 3.9508342496337456 -0.4345654675034008 1.6961327601957031e-06 -0.08673857557241091 0.1803821729859244 0.014176583232018695 0.20065463945692646 2.2353238030319775
26.784999999982926 3.9497201602511 -0.4470834574525781 1.6917051823340448e-06 -0.08723347622605115 0.18017516640103068 0.013864799331293882 0.20066141288901854 2.2337639404842955
26.785499999982925 3.948641618399487 -0.45959783360545103 1.6872582802403314e-06 -0.08772869398406598 0.17996991148971486 0.013552984941847526 0.20067181214759497 2.2322322303231164
26.785999999982923 3.9475990381774446 -0.4721080294717893 1.6827918416010077e-06 -0.0882242115475642 0.17976643514570037 0.013241152897092528 0.20068585111618317 2.230729361486768
26.786499999982922 3.9465928458210153 -0.48461346291972396 1.6783056892812324e-06 -0.08872001071055935 0.1795647652698115 0.012929315817548064 0.20070354365181042 2.229255963362882
26.78699999998292 3.9456234039270033 -0.49711360271722593 1.673799609843819e-06 -0.08921607456789626 0.17936492599527293 0.012617485276085236 0.20072490023234882 2.2278126283196773
26.78749999998292 3.9446910986386206 -0.5096078389429305 1.6692734347371358e-06 -0.08971238339279418 0.17916694349679918 0.012305674864808162 0.2007499315314436 2.2264000357159226
26.78799999998292 3.9437963594304644 -0.5220956020282419 1.6647269483131746e-06 -0.09020891990996388 0.17897084554666565 0.01199389735266541 0.2007786501616071 2.225018824367174
26.788499999982918 3.9429395293271927 -0.5345762725379497 1.660160013802201e-06 -0.09070566334032064 0.178776656456793 0.011682166582914771 0.2008110636193851 2.223669590398982
26.788999999982916 3.9421209583541037 -0.5470493043098147 1.6555724619740843e-06 -0.0912025958597941 0.17858440000281484 0.011370494388977612 0.20084717961320758 2.2223529852169
26.789499999982915 3.9413410286337043 -0.5595140706099028 1.6509640847938885e-06 -0.09169969753916474 0.17839410229699068 0.011058895393884872 0.2008870066242622 2.221069661672625
26.789999999982914 3.940600127727225 -0.5719699618047954 1.6463347288814305e-06 -0.09219694846303686 0.1782057896938237 0.01074738292967773 0.200930552744306 2.2198202019791236
26.790499999982913 3.939898545321035 -0.5844163778252954 1.6416843148978735e-06 -0.09269432815029953 0.17801948368812376 0.010435970906380643 0.20097782099669703 2.2186052032140244
26.790999999982912 3.9392367015819225 -0.5968527067407032 1.637012593026447e-06 -0.09319181746814756 0.17783521210082343 0.010124673012342347 0.20102882009694092 2.217425338644223
26.79149999998291 3.9386148607556395 -0.6092783284533403 1.6323195415330417e-06 -0.09368939436007963 0.17765299555558958 0.009813503245044194 0.20108355052408772 2.2162812185146183
26.79199999998291 3.9380333852520693 -0.6216926119146091 1.6276049346282882e-06 -0.09418703857999626 0.17747285924507075 0.009502476479109836 0.20114201715287244 2.2151733990883633
26.79249999998291 3.937492610837761 -0.6340949405384223 1.6228686812364723e-06 -0.09468472922001134 0.17729482718321238 0.00919160641857731 0.20120422292274592 2.2141025182063476
26.792999999982907 3.936992792480705 -0.6464846630501847 1.6181106928044023e-06 -0.09518244342295142 0.17711891977031585 0.008880908441910017 0.20127016622271798 2.213069154340218
26.793499999982906 3.9365343129941044 -0.6588611445715158 1.6133308293222683e-06 -0.0956801605243021 0.17694516336942556 0.008570396994081303 0.20133985115328032 2.2120739018260993
26.793999999982905 3.93611741161617 -0.6712237390723335 1.6085290227748522e-06 -0.09617785745165305 0.17677357766196655 0.00826008711562616 0.20141327429581088 2.211117369977569
26.794499999982904 3.9357423812157815 -0.6835718063386746 1.6037051564533425e-06 -0.0966755122634466 0.17660418473200823 0.0079499937269979 0.20149043435487554 2.2102001005297547
26.794999999982902 3.9354095532033337 -0.6959046719751528 1.5988591500306426e-06 -0.09717310204594318 0.17643700896997946 0.007640132523797203 0.20157133109766648 2.2093226786963807
26.7954999999829 3.9351191298747774 -0.7082216924660455 1.5939909538187497e-06 -0.0976706033677226 0.1762720682603302 0.007330518597175715 0.2016559577941922 2.20848567212027
26.7959999999829 3.93487141501917 -0.7205221872307427 1.5891005292521006e-06 -0.09816799272541074 0.17610938574166693 0.0070211679832865755 0.2017443117956317 2.207689646147567
26.7964999999829 3.934666662442576 -0.7328055091888314 1.5841877347224393e-06 -0.09866524757538991 0.17594898168637466 0.0067120960180775 0.20183638787032698 2.2069351251737968
26.796999999982898 3.934505103318526 -0.7450709457814642 1.5792526001638681e-06 -0.09916234185637171 0.17579087625918027 0.006403319374106001 0.20193217850906564 2.206222651424932
26.797499999982897 3.9343869996875602 -0.7573178451270777 1.5742950268869353e-06 -0.0996592529447432 0.17563509015231046 0.006094853630676465 0.20203167779111747 2.2055528046078
26.797999999982896 3.9343125398847127 -0.7695455272794243 1.56931507670519e-06 -0.10015595559511913 0.1754816411000163 0.0057867148915955 0.2021348754509301 2.2049260640786454
26.798499999982894 3.9342819771452953 -0.7817532749253262 1.5643126646071644e-06 -0.10065242451047413 0.17533055014776566 0.005478920505733143 0.20224176360203894 2.2043429643887387
26.798999999982893 3.934295483244019 -0.7939404275092747 1.559287813166313e-06 -0.10114863506649067 0.17518183396612186 0.005171486084189985 0.20235233034454278 2.203803949005959
26.799499999982892 3.9343532998422353 -0.8061062641469632 1.554240498866175e-06 -0.10164456151327317 0.1750355131709105 0.004864429063927592 0.20246656619389666 2.203309614500794
26.79999999998289 3.934455560489207 -0.8182500896155555 1.5491707708239475e-06 -0.10214017732287739 0.17489160300171278 0.004557765998014764 0.20258445610399184 2.2028603741926283
26.80049999998289 3.934602490175693 -0.8303711978296011 1.54407863772979e-06 -0.10263545720825115 0.17475012308425839 0.004251514179633517 0.20270598897696593 2.2024567252846667
26.80099999998289 3.934794233899522 -0.8424688722801527 1.538964088718452e-06 -0.103130374415259 0.17461108931545863 0.003945691204586363 0.2028311492795042 2.2020991180796363
26.801499999982887 3.935030973754291 -0.854542400345142 1.5338272612795443e-06 -0.103624902124412 0.1744745195690796 0.003640313953515449 0.20295992265675328 2.2017880753234054
26.801999999982886 3.9353128355527796 -0.8665910620928229 1.5286681205717498e-06 -0.10411901337170631 0.17434042880421682 0.0033354003168000555 0.20309229172080623 2.201523961759214
26.802499999982885 3.9356399414519396 -0.878614143006315 1.5234868169532764e-06 -0.10461268066840768 0.17420883199012407 0.0030309676261924073 0.20322823835467488 2.2013071466223044
26.802999999982884 3.936012473819778 -0.8906108748251247 1.5182833524539869e-06 -0.10510587573669294 0.17407974743695276 0.0027270347980660565 0.20336774646162617 2.201138222950844
26.803499999982883 3.936430484327924 -0.902580574846154 1.5130578816181007e-06 -0.10559857144036885 0.17395318630583761 0.00242361851877092 0.2035107939223978 2.2010174100597344
26.80399999998288 3.936894101751693 -0.9145224831427344 1.5078104676189477e-06 -0.10609073907628157 0.1738291642926781 0.0021207376747367484 0.2036573612829342 2.2009451789559784
26.80449999998288 3.937403423195274 -0.9264358603386004 1.5025412235848688e-06 -0.10658235029315899 0.1737076952900077 0.0018184107890896694 0.2038074272806997 2.200921950973799
26.80499999998288 3.937958539430663 -0.9383199631824933 1.4972502879202732e-06 -0.10707337601525183 0.17358879310051772 0.0015166558698959647 0.2039609697624169 2.2009479862389205
26.805499999982878 3.93855951643655 -0.9501740547790758 1.4919377377143072e-06 -0.10756378773761624 0.1734724700707501 0.0012154915103125552 0.2041179652174739 2.2010237728469715
26.805999999982877 3.9392064267986395 -0.9619973649227698 1.4866037739111113e-06 -0.10805355545100954 0.173358739345598 0.0009149371534762428 0.20427838961352274 2.201149521652588
26.806499999982876 3.939899284856694 -0.973789163852971 1.481248578166183e-06 -0.1085426495339951 0.17324761090066193 0.0006150105994536612 0.2044422160139248 2.201325592963008
26.806999999982875 3.9406381461147593 -0.9855486791764483 1.475872250885614e-06 -0.10903104013162457 0.17313909698246355 0.0003157316894936745 0.2046094188999778 2.201552303963836
26.807499999982873 3.9414230317499883 -0.9972751481450449 1.4704750658820688e-06 -0.10951869640080052 0.1730332082719027 1.71193204226254e-05 0.20477997050314636 2.2018298835952144
26.807999999982872 3.942253970887762 -1.008967812577719 1.4650571324878525e-06 -0.1100055886324337 0.1729299555749983 -0.00028080704224675655 0.20495384338463646 2.202158634744393
26.80849999998287 3.943130962843051 -1.020625909980281 1.4596186751922837e-06 -0.11049168598189411 0.1728293484847735 -0.000578028264863373 0.20513100810327958 2.202538863162338
26.80899999998287 3.9440539510747548 -1.0322486684213765 1.4541599674622413e-06 -0.11097695637815136 0.1727313940428015 -0.0008745248839978695 0.2053114320458079 2.202970700043026
26.80949999998287 3.9450230226705685 -1.0438352997554783 1.4486810871463854e-06 -0.11146136984729663 0.17263610611839203 -0.0011702766557292752 0.20549508911749573 2.203454545618112
26.809999999982868 3.94603801859706 -1.055385067926645 1.4431824753298942e-06 -0.11194489401667185 0.17254348653130538 -0.001465264892209557 0.20568194145813334 2.2039903956147446
26.810499999982866 3.947098972296267 -1.0668971694262193 1.4376642838363755e-06 -0.11242749742431322 0.17245354686129824 -0.001759468916631291 0.20587195955983062 2.204578547225655
26.810999999982865 3.9482057957407597 -1.0783708247305193 1.4321267813009272e-06 -0.11290914766181501 0.17236629256655253 -0.002052868519599537 0.206065107934397 2.205219112452065
26.811499999982864 3.9493583965838837 -1.0898052553466877 1.4265703055781629e-06 -0.11338981167754847 0.17228172915080348 -0.002345444210501556 0.20626135047556848 2.2059122564781632
26.811999999982863 3.950556780752822 -1.101199695086486 1.4209950499492363e-06 -0.11386945928074307 0.17219986632539291 -0.002637175850503375 0.20646065585442294 2.2066582569721755
26.81249999998286 3.9518007535072934 -1.1125533404354806 1.415401432839115e-06 -0.11434805527155614 0.17212070491506193 -0.0029280426474293667 0.2066629822648213 2.2074569922212226
26.81299999998286 3.953090243076442 -1.1238654110457351 1.4097896917539957e-06 -0.11482556734610977 0.17204425119826644 -0.0032180246240938195 0.20686829377458854 2.208308710333845
26.81349999998286 3.9544251821133196 -1.1351351225446624 1.4041601190390164e-06 -0.11530196349423981 0.17197051166740138 -0.00350710098303132 0.20707655450600876 2.20921347888485
26.813999999982858 3.9558053538767126 -1.1463616751569117 1.3985131824287994e-06 -0.11577720808887856 0.17189948609466119 -0.003795251243402219 0.20728772072765103 2.210171189457391
26.814499999982857 3.957230673162282 -1.1575442871826371 1.3928491550383462e-06 -0.11625126899222221 0.17183118002376882 -0.004082454711946241 0.2075017551904994 2.21118212143473
26.814999999982856 3.958700972636095 -1.1686821837429855 1.387168418634044e-06 -0.11672411258318312 0.17176559522046994 -0.004368691372962518 0.20771861646007111 2.212246119579493
26.815499999982855 3.96021604186903 -1.1797745359232108 1.3814713554945774e-06 -0.1171957029203886 0.1717027318639386 -0.0046539392253487 0.2079382602188852 2.2133632135864048
26.815999999982854 3.9617757489608643 -1.1908205876115834 1.3757583699075565e-06 -0.11766600779915454 0.17164259310250135 -0.004938178412977669 0.2081606465314228 2.214533406238059
26.816499999982852 3.9633798994518585 -1.201819522216773 1.37002981699297e-06 -0.11813499185552197 0.17158517975912924 -0.005221387528355462 0.20838573152065426 2.215756701838882
26.81699999998285 3.9650282579854657 -1.2127705389695977 1.364286170998073e-06 -0.11860261992275865 0.17153049052188185 -0.00550354499531198 0.2086134694566369 2.2170329150175876
26.81749999998285 3.966720633548813 -1.2236728686232397 1.3585278388599813e-06 -0.11906885824413402 0.1714785259085647 -0.005784630899896644 0.2088438167769973 2.2183620160865214
26.81799999998285 3.968456759254667 -1.2345256884487283 1.3527552614745134e-06 -0.11953367043820243 0.17142928327709747 -0.006064623066596308 0.20907672559677226 2.219743928516621
26.818499999982848 3.9702364167700672 -1.2453282309115856 1.3469689380217867e-06 -0.11999702260261469 0.17138276178187714 -0.006343501095730805 0.20931215080741872 2.2211784786426367
26.818999999982847 3.972059339571314 -1.256079692376294 1.3411692715554192e-06 -0.12045887900762367 0.17133895862747214 -0.0066212435858846695 0.20955004448089137 2.2226654680933238
26.819499999982845 3.9739252747728884 -1.2667792622205285 1.3353567695940366e-06 -0.12091920369863404 0.1712978717488918 -0.006897828823948612 0.20979035900464071 2.2242048358749766
26.819999999982844 3.9758339182380205 -1.2774261915023335 1.329531902414601e-06 -0.12137796260364464 0.17125949587291645 -0.0071732365299894685 0.21003304514950122 2.225796367485252
26.820499999982843 3.9777850099623584 -1.2880196449554704 1.3236951507546946e-06 -0.12183511875288973 0.1712238288760567 -0.007447444374763967 0.21027805440469313 2.2274398266189097
26.820999999982842 3.979778225688082 -1.29855884810059 1.3178470920547385e-06 -0.12229063653893825 0.17119086492325633 -0.007720431452378237 0.21052533595765183 2.229134974695691
26.82149999998284 3.981813252483719 -1.3090429970315771 1.3119881941254727e-06 -0.12274447970249229 0.17116059886518653 -0.00799217592873215 0.2107748390520098 2.2308815430548288
26.82199999998284 3.9838897657773478 -1.319471329253957 1.306119017357551e-06 -0.12319661305170608 0.17113302472740413 -0.008262657386999122 0.21102651285290444 2.2326792753754856
26.82249999998284 3.9860073886157776 -1.3298430216452382 1.3002401278391554e-06 -0.12364699872266635 0.17110813453919693 -0.008531853130669776 0.2112803031909276 2.234527878337628
26.822999999982837 3.9881658111212803 -1.3401573116868364 1.2943520510781554e-06 -0.12409560181162975 0.1710859229466442 -0.008799742685816328 0.21153615977140225 2.2364270304047627
26.823499999982836 3.990364657068999 -1.3504134250278694 1.288455375884969e-06 -0.12454238620934481 0.17106638148255773 -0.009066304795722277 0.2117940289972843 2.2383763724606407
26.823999999982835 3.9926035411325445 -1.360610544984173 1.2825506668568617e-06 -0.12498731403231664 0.17104950177658904 -0.009331517192634179 0.21205385622560297 2.240375619710177
26.824499999982834 3.9948820723773864 -1.370747927188585 1.27663854040221e-06 -0.12543035020168392 0.1710352742724189 -0.009595359206180527 0.21231558754706228 2.242424261824327
26.824999999982833 3.997199857588928 -1.3808247708808674 1.2707195842394237e-06 -0.12587145720631032 0.1710236900315443 -0.009857809103642267 0.21257916805644342 2.244522039333658
26.82549999998283 3.9995564761135616 -1.390840306624156 1.2647944209272044e-06 -0.1263105984752942 0.17101473842147094 -0.010118845698668364 0.21284454205552134 2.246668428189781
26.82599999998283 4.001951504523932 -1.4007937637830619 1.2588636656044327e-06 -0.12674773757768681 0.17100840858737826 -0.010378447480427848 0.21311165374224347 2.2488629679456764
26.82649999998283 4.004384514456118 -1.4106843651807228 1.252927945896443e-06 -0.1271828375321034 0.1710046895796265 -0.010636593036270507 0.21338044693073702 2.2511052915747776
26.826999999982828 4.006855086222934 -1.4205113655758697 1.246987875902192e-06 -0.12761586278574652 0.17100357048856996 -0.010893261757112891 0.21365086638274786 2.2533948646651316
26.827499999982827 4.009362694883173 -1.4302739757014802 1.2410441965064966e-06 -0.12804677437507428 0.1710050359223778 -0.011148431802045663 0.2139228512111779 2.2557311278501357
26.827999999982826 4.0119069620879895 -1.4399714420479914 1.235097464387418e-06 -0.12847553741758283 0.17100907689221906 -0.011402081936822836 0.21419634816392094 2.258113675099258
26.828499999982824 4.014487308303847 -1.4496030308128005 1.229148432924678e-06 -0.12890211427687373 0.1710156747437032 -0.01165419179942517 0.2144712947216715 2.260541851786605
26.828999999982823 4.017103337773861 -1.459167964181864 1.2231977332619946e-06 -0.12932646871985246 0.1710248199897583 -0.011904739530576585 0.2147476365117136 2.2630151814281305
26.829499999982822 4.019754490196556 -1.4686654981697016 1.2172460660113778e-06 -0.1297485632170191 0.17103649492643877 -0.012153704344880339 0.21502531195862798 2.2655329883916764
26.82999999998282 4.022440266111808 -1.4780948852740108 1.2112941782311176e-06 -0.13016836100475984 0.17105068480768307 -0.012401065168941528 0.21530426237575317 2.2680947826091735
26.83049999998282 4.025160200223295 -1.4874553839085456 1.2053426552699828e-06 -0.13058582634643437 0.17106737633581207 -0.012646801118916206 0.21558443094885327 2.270699896912862
26.83099999998282 4.027913645377314 -1.496746285939515 1.1993923847570639e-06 -0.1310009214363821 0.17108654734986298 -0.012890892398496433 0.2158657527448661 2.273347604281429
26.831499999982817 4.030700190634345 -1.5059668115607754 1.1934439157468946e-06 -0.13141361023833387 0.1711081874519833 -0.01313331666060093 0.21614817319487897 2.276037433499208
26.831999999982816 4.033519197925645 -1.51511628843557 1.1874980851121309e-06 -0.13182385686110415 0.17113227437054718 -0.01337405464221281 0.21643162871111515 2.2787685454776514
26.832499999982815 4.036370165685662 -1.5241939550098285 1.181555535032836e-06 -0.13223162424620755 0.17115879330167835 -0.013613084836580766 0.2167160609046889 2.2815403273805863
26.832999999982814 4.039252486113606 -1.533199114117756 1.1756171147552036e-06 -0.13263687574122943 0.17118772372824054 -0.01385038759433013 0.2170014073644775 2.2843520502797556
26.833499999982813 4.042165600123156 -1.5421310466526053 1.1696834937911293e-06 -0.13303957543917358 0.17121904752301753 -0.014085942014771145 0.21728760809159914 2.2872030691026963
26.83399999998281 4.0451089134999965 -1.5509890416276264 1.1637554634759668e-06 -0.13343968648920018 0.17125274490338632 -0.014319728058277338 0.21757460141051244 2.2900925226957756
26.83449999998281 4.048081805371356 -1.5597724148420755 1.1578338390124514e-06 -0.1338371729541801 0.17128879449310624 -0.014551725987326266 0.21786232513327983 2.2930197015429346
26.83499999998281 4.051083735065527 -1.568480455633274 1.15191927747139e-06 -0.1342319995481927 0.17132717881920537 -0.014781915069930512 0.21815072064512786 2.295983866735393
26.835499999982808 4.054114050520007 -1.577112484566269 1.1460126030307632e-06 -0.13462412984571945 0.1713678750167407 -0.015010276009730249 0.21843972466188166 2.2989842156094267
26.835999999982807 4.057172130313965 -1.5856678141233471 1.1401146367259704e-06 -0.135013527854925 0.1714108616241182 -0.015236788842878452 0.21872927540866055 2.3020199681654674
26.836499999982806 4.0602573454507205 -1.5941457899249487 1.1342261054747173e-06 -0.13540015898575308 0.1714561163772404 -0.01546143445710678 0.21901931159604268 2.305090298351483
26.836999999982805 4.063369047163815 -1.602545708853767 1.1283478483375394e-06 -0.1357839860982358 0.1715036167155287 -0.015684192640269615 0.2193097702474971 2.3081943180476263
26.837499999982803 4.066506640350086 -1.6108669309237775 1.122480598794088e-06 -0.13616497572283234 0.17155334178281187 -0.01590504453501264 0.21960059228542742 2.3113313483756444
26.837999999982802 4.06966941204895 -1.619108786642483 1.1166252692047066e-06 -0.13654309085247548 0.1716052656400136 -0.016123970953054446 0.2198917126547109 2.314500340186902
26.8384999999828 4.072856757021022 -1.6272706480198504 1.1107825171457765e-06 -0.13691829871052855 0.17165936665536477 -0.016340953058296567 0.22018307253092806 2.3177006012423975
26.8389999999828 4.076067978062814 -1.6353518383204046 1.104953241659524e-06 -0.13729056232128983 0.17171561968102847 -0.01655597140963041 0.22047460791268478 2.3209311592713413
26.8394999999828 4.0793024036797965 -1.6433517623253646 1.0991382578185646e-06 -0.13765984885248347 0.17177399964371776 -0.016769008079462234 0.22076625777427494 2.324191134374147
26.839999999982798 4.082559378896085 -1.6512697719546439 1.0933383172719943e-06 -0.13802612349287607 0.17183448291884534 -0.016980044195987323 0.2210579611490057 2.327479714466939
26.840499999982796 4.085838205723245 -1.6591052336289165 1.0875542622927675e-06 -0.1383893512819895 0.1718970436548632 -0.01718906111061895 0.2213496554941896 2.330795911571923
26.840999999982795 4.0891382181842975 -1.6668575580429956 1.0817868999226706e-06 -0.1387494995788472 0.17196165700401003 -0.017396041272890937 0.22164128082312065 2.334138871874243
26.841499999982794 4.092458672149393 -1.6745261289529123 1.0760371048521866e-06 -0.1391065334761525 0.1720282946967884 -0.01760096634448408 0.2219327732632039 2.3375076492412736
26.841999999982793 4.095798927590164 -1.682110357341673 1.0703056235989674e-06 -0.13946042078130483 0.17209693300508525 -0.017803818847811206 0.22222407448298906 2.3409013368700413
26.842499999982792 4.099158207255792 -1.6896096433813388 1.0645933810787374e-06 -0.13981112671950638 0.17216754194388392 -0.018004580791420487 0.22251511989761885 2.3443189176724566
26.84299999998279 4.102535853295435 -1.6970234152471653 1.058901107065274e-06 -0.1401586196521582 0.1722400966736467 -0.0182032350116533 0.22280585120197133 2.3477595260199124
26.84349999998279 4.105931128044736 -1.7043510781578477 1.0532296651201517e-06 -0.14050286547368326 0.17231456899397096 -0.01839976395568669 0.22309620617016082 2.3512221681032885
26.84399999998279 4.109343331506708 -1.7115921064827444 1.0475798620889788e-06 -0.14084383376807197 0.1723909315124755 -0.018594151388918997 0.22338612589886003 2.3547059471605216
26.844499999982787 4.112771725574474 -1.718745906857153 1.0419525424282172e-06 -0.1411814906190361 0.17246915594825296 -0.01878637966869134 0.2236755487485657 2.3582098829657845
26.844999999982786 4.116215600428944 -1.7258119531217988 1.0363485278132356e-06 -0.14151580532053193 0.17254921445980934 -0.018976432684313836 0.2239644158424241 2.3617329619505694
26.845499999982785 4.119674177540801 -1.7327896810407073 1.0307686430821353e-06 -0.14184674455340357 0.1726310764286283 -0.019164293553996743 0.22425266472603886 2.365274252049752
26.845999999982784 4.1231467577200185 -1.7396785773760537 1.0252137546907554e-06 -0.14217427807544936 0.17271471442018668 -0.019349946637550054 0.22454023772677775 2.3688327269644214
26.846499999982782 4.126632582494208 -1.7464781345832583 1.0196846675531817e-06 -0.14249837541411495 0.17280009796794843 -0.019533376086015006 0.22482707495920573 2.3724075031331973
26.84699999998278 4.130130982779741 -1.753187806876849 1.0141821013653701e-06 -0.1428190057602406 0.17288720140058308 -0.019714565495411503 0.22511312024656024 2.3759975848395767
26.84749999998278 4.13364112384751 -1.7598071238856146 1.0087070238492699e-06 -0.1431361384423503 0.17297599030957433 -0.01989350029202654 0.22539831123066223 2.3796019309374508
26.84799999998278 4.137162267703008 -1.7663355755543575 1.003260204335599e-06 -0.14344974299296975 0.17306643526501583 -0.020070164911106414 0.22568258971318103 2.383219564326515
26.848499999982778 4.140693737645921 -1.77277266722683 9.97842436034349e-07 -0.1437597905871628 0.17315850954788292 -0.020244543911362316 0.225965900915798 2.386849566937499
26.848999999982777 4.144234731680103 -1.7791179350938924 9.92454514026739e-07 -0.14406625162823708 0.17325218013622784 -0.020416622927181202 0.22624818512402958 2.3904908915098777
26.849499999982775 4.1477845093139205 -1.785370891679798 9.870973348471089e-07 -0.14436909629535583 0.17334741724158512 -0.020586386887666626 0.22652938518998947 2.3941425766693047
26.849999999982774 4.151342287106274 -1.7915311195063464 9.817716894549568e-07 -0.1446682970469317 0.17344418815036594 -0.020753822652859907 0.22680944364885952 2.397803705110396
26.850499999982773 4.15490737637037 -1.7975981159568855 9.764782844618753e-07 -0.14496382473311406 0.1735424655883747 -0.020918914614476612 0.2270883062431727 2.401473149413304
26.850999999982772 4.158478968479799 -1.8035714983988913 9.71218026485757e-07 -0.14525565264689508 0.17364221523824983 -0.02108165040959526 0.2273659154814426 2.4051500766837
26.85149999998277 4.162056339271246 -1.8094507945562284 9.659916855657197e-07 -0.1455437519231616 0.17374340784994668 -0.021242015567417765 0.22764221647258256 2.408833402201978
26.85199999998277 4.165638727504766 -1.8152356048860074 9.60800013880291e-07 -0.14582809638249283 0.17384601147434978 -0.021399997074029568 0.22791715441109264 2.4125222832722235
26.85249999998277 4.169225325594632 -1.8209255211140216 9.556439304654333e-07 -0.14610865811044088 0.17394999216677462 -0.02155558214848593 0.22819067218318714 2.4162155357028654
26.852999999982767 4.172815473237741 -1.826520113838423 9.505240378167512e-07 -0.14638541149254353 0.17405532302105403 -0.021708757029999328 0.2284627197194157 2.4199124245245387
26.853499999982766 4.176408354419226 -1.8320190415080084 9.454412481405424e-07 -0.14665833112443274 0.17416196888761246 -0.02185951066825506 0.2287332413569768 2.4236118593484997
26.853999999982765 4.1800032333804635 -1.837421875581281 9.403962587691873e-07 -0.14692739011043998 0.1742698993211525 -0.022007829369775318 0.22900218411106738 2.4273129063148877
26.854499999982764 4.18359933829186 -1.8427282688994584 9.353899066117585e-07 -0.14719256359482694 0.17437908128378954 -0.022153701976008577 0.2292694948706379 2.431014597751759
26.854999999982763 4.187195896550497 -1.8479378687101213 9.304229866387397e-07 -0.14745382685207417 0.17448948173209314 -0.02229711683292052 0.22953512085847963 2.4347159818251427
26.85549999998276 4.190792208925855 -1.853050306717027 9.254961413613704e-07 -0.1477111559523187 0.17460107115336507 -0.022438061821019966 0.22979901274582662 2.4384161715183468
26.85599999998276 4.194387522073915 -1.8580652593983045 9.206101702999667e-07 -0.14796452725833073 0.17471381710420267 -0.022576526467235757 0.23006111962091266 2.442114184465256
26.85649999998276 4.197981096041369 -1.8629823711344757 9.157657992085396e-07 -0.14821391654459048 0.17482768804694412 -0.022712499043159078 0.23032139105630625 2.44580912679763
26.856999999982758 4.201572139344801 -1.867801338275873 9.109637938511794e-07 -0.14845930058779777 0.17494264942192223 -0.022845969440894783 0.2305797754302705 2.449500057054505
26.857499999982757 4.205159945809595 -1.872521850222639 9.06204869700645e-07 -0.14870065734455534 0.1750586707457115 -0.022976927188708085 0.23083622523554115 2.4531860669994554
26.857999999982756 4.208743773114863 -1.8771435828117604 9.014897901858208e-07 -0.14893796353415012 0.17517572008628093 -0.023105361615342716 0.23109069134178173 2.4568662129606325
26.858499999982755 4.212322879490096 -1.8816662886148816 8.968191948615106e-07 -0.1491711991905238 0.17529376440710642 -0.02323126393889587 0.23134312639919022 2.460539683859525
26.858999999982753 4.215896483081004 -1.8860896539966499 8.92193909735446e-07 -0.1494003406483288 0.17541276979634302 -0.0233546238826312 0.23159348015468978 2.4642054804554947
26.859499999982752 4.219463914905573 -1.890413425260091 8.876145484474189e-07 -0.14962536885945535 0.1755327067591729 -0.023475432416482023 0.23184170909409435 2.4678628218705754
26.85999999998275 4.223024416972047 -1.8946373224971857 8.830818113204196e-07 -0.14984626208568821 0.17565354203869715 -0.023593680147071083 0.23208776537050677 2.4715107677502433
26.86049999998275 4.226577291733831 -1.8987611022696649 8.785963967416917e-07 -0.15006300111590964 0.17577524472539918 -0.02370935827943247 0.23233160489311386 2.4751485010355676
26.86099999998275 4.230121786659495 -1.9027845417982356 8.741589654558045e-07 -0.15027556649481918 0.17589778106948584 -0.023822459030544207 0.23257318165422589 2.4787751601858377
26.861499999982748 4.233657210173575 -1.9067073895173035 8.697702211377858e-07 -0.15048393854248027 0.17602112058217856 -0.02393297369611126 0.23281245215881727 2.4823899062064987
26.861999999982746 4.237182853363171 -1.9105294324078945 8.654307650264051e-07 -0.15068809924435023 0.1761452314118277 -0.024040894345566922 0.23304937331805076 2.485991922338821
26.862499999982745 4.240697981567764 -1.9142504570264247 8.611413165666887e-07 -0.1508880295994515 0.17627008059833235 -0.024146213485400442 0.23328390089380377 2.489580364195879
26.862999999982744 4.24420189512911 -1.9178702673266557 8.56902490453141e-07 -0.15108371225143155 0.176395636510758 -0.024248923750465425 0.23351599300854045 2.4931544467659035
26.863499999982743 4.247693920935522 -1.9213886774308229 8.527148792553549e-07 -0.1512751305240569 0.17652186872832382 -0.024349018246438234 0.23374560946459597 2.4967133740594427
26.86399999998274 4.251173361897125 -1.9248054881228565 8.485791343994336e-07 -0.15146226698820228 0.176648745767396 -0.024446489378795514 0.23397270897552802 2.5002563540472433
26.86449999998274 4.254639463355458 -1.9281205424904821 8.444959390585877e-07 -0.15164510446460425 0.17677623306386897 -0.02454133139059551 0.23419724855504834 2.5037825685729516
26.86499999998274 4.258091661604494 -1.9313336824766278 8.404657202780626e-07 -0.15182362952158618 0.1769043048928386 -0.024633537753835248 0.2344191945063285 2.5072913425753542
26.865499999982738 4.261529164974424 -1.9344447622582306 8.364892738419986e-07 -0.15199782473696324 0.17703292482293576 -0.024723102860087668 0.23463850283182913 2.510781893182772
26.865999999982737 4.264951372983388 -1.9374536164442002 8.325670752375457e-07 -0.15216767558148314 0.1771620655450045 -0.024810020249919493 0.23485513846804668 2.514253471144074
26.866499999982736 4.2683575957857 -1.9403601497577294 8.286997068597293e-07 -0.15233316854014012 0.17729169469719636 -0.024894285573891218 0.23506906368196787 2.5177053474481776
26.866999999982735 4.271747149430992 -1.9431642137525835 8.248877756533105e-07 -0.1524942884051115 0.17742178085649596 -0.024975892639017384 0.2352802404189258 2.5211367811481633
26.867499999982734 4.275119397751191 -1.9458657071478331 8.211317964852439e-07 -0.15265102215158344 0.17755229432068767 -0.02505483721968091 0.23548863380334947 2.5245471791651894
26.867999999982732 4.278473708142507 -1.948464523231812 8.174323085141108e-07 -0.15280335703691236 0.17768320555108794 -0.025131114230646855 0.23569420943063937 2.527935751025809
26.86849999998273 4.281809387291325 -1.9509605688681289 8.137899299921046e-07 -0.1529512793515914 0.17781448207858505 -0.02520471960855515 0.2358969304223984 2.531301861503949
26.86899999998273 4.2851258887882215 -1.9533537768915066 8.102050348171123e-07 -0.1530947793914615 0.17794609792651267 -0.025275649429607548 0.2360967676574178 2.534644857305465
26.86949999998273 4.288422492373208 -1.955644055924364 8.066782738279348e-07 -0.15323384314362287 0.17807801933493936 -0.02534389956313166 0.23629368358017014 2.537964075174063
26.869999999982728 4.291698680853189 -1.957831332621325 8.032100159970864e-07 -0.15336846096479087 0.17821022180837967 -0.0254094660946097 0.23648765071968045 2.541258947345727
26.870499999982727 4.294953713125479 -1.9599155878062688 7.998008874967174e-07 -0.15349862141810722 0.17834266970809143 -0.025472346762335812 0.23667863246488788 2.5445287223421262
26.870999999982725 4.298187028804662 -1.961896757943356 7.964513246417314e-07 -0.15362431437372007 0.1784753364113288 -0.02553253804698689 0.23686659995249096 2.547772874730511
26.871499999982724 4.301398065410978 -1.963774802365203 7.93161760757616e-07 -0.15374553055622792 0.1786081949691308 -0.02559003707982264 0.23705152493475706 2.5509908287328886
26.871999999982723 4.304586184903868 -1.9655497055424445 7.899326823278561e-07 -0.15386226051766957 0.1787412144848503 -0.025644841560355573 0.2372333763739458 2.5541819546726767
26.872499999982722 4.307750828044508 -1.9672214373180066 7.867645507687199e-07 -0.1539744952633827 0.17887436807497265 -0.025696949037783665 0.23741212676627263 2.557345738244045
26.87299999998272 4.310891377188833 -1.9687900018815319 7.836577956415236e-07 -0.15408222648520925 0.1790076255882342 -0.02574635780241721 0.2375877469009436 2.560481564747306
26.87349999998272 4.314007313557104 -1.9702553917814614 7.806128032979785e-07 -0.15418544685674157 0.17914096173320818 -0.025793065923791686 0.23776021206850592 2.5635889578140745
26.87399999998272 4.317098029880809 -1.9716176185495249 7.776300659327665e-07 -0.1542841482844937 0.17927434682362958 -0.02583707198676039 0.23792949403081515 2.5666673306682313
26.874499999982717 4.320162994142888 -1.9728767121930892 7.747098817101564e-07 -0.1543783249475963 0.17940775440658552 -0.02587837498163578 0.2380955687251014 2.569716217673931
26.874999999982716 4.323201634715014 -1.974032685469386 7.718527606572904e-07 -0.1544679691271651 0.17954115655339148 -0.02591697372075123 0.23825840994525746 2.5727350703588803
26.875499999982715 4.326213396174654 -1.975085583236 7.690590631250814e-07 -0.15455307502520138 0.17967452557795213 -0.025952867705227818 0.23841799320423104 2.575723429747768
26.875999999982714 4.329197797057879 -1.976035443566895 7.663291006770873e-07 -0.15463363782840892 0.1798078373742504 -0.025986056117684685 0.23857429752972945 2.5786808369557175
26.876499999982713 4.332154273092844 -1.9768823285057313 7.63663266124827e-07 -0.15470965212628462 0.17994106368625237 -0.026016539022809516 0.23872729874126525 2.5816068201804523
26.87699999998271 4.335082306969103 -1.9776262946095045 7.610619358137273e-07 -0.15478111300310302 0.18007417855414964 -0.02604431632971613 0.23887697490028925 2.58450092817087
26.87749999998271 4.33798140899227 -1.9782674077621012 7.585254126468513e-07 -0.15484801659298297 0.1802071571680624 -0.026069388004368498 0.23902330582664483 2.5873627215961923
26.87799999998271 4.340851057826212 -1.9788057599797924 7.560540299468271e-07 -0.15491035924098956 0.1803399729486856 -0.026091755100109554 0.23916627046368638 2.5901917778928647
26.878499999982708 4.34369077324132 -1.979241429037737 7.536481178381548e-07 -0.15496813755282762 0.1804726014216334 -0.026111417976602904 0.23930584963438048 2.5929877059811215
26.878999999982707 4.346500021984658 -1.979574514230966 7.513080354697542e-07 -0.15502134803382825 0.1806050153782906 -0.026128377747266125 0.2394420223137988 2.595750081000521
26.879499999982706 4.349278410489973 -1.9798051123275582 7.490339723230652e-07 -0.15506998952121417 0.18073719418022371 -0.026142635326671233 0.2395747741146231 2.5984785473348415
26.879999999982704 4.352025393565733 -1.9799333528506522 7.468263034042749e-07 -0.15511405942394135 0.1808691097135605 -0.026154192701567918 0.2397040843945316 2.601172712039831
26.880499999982703 4.354740592103907 -1.979959332350015 7.446852081163387e-07 -0.15515355680894377 0.18100074202743224 -0.02616305077578218 0.2398299398132839 2.6038323122183122
26.880999999982702 4.357423471190994 -1.9798831916569313 7.426110553318057e-07 -0.15518847961437313 0.18113206339012042 -0.02616921192822621 0.2399523207762903 2.606456882710525
26.8814999999827 4.360073611592915 -1.9797050699740184 7.406040544498345e-07 -0.15521882783212956 0.18126305147978697 -0.026172678321797767 0.24007121325948366 2.6090461185402525
26.8819999999827 4.362690540086215 -1.9794251044945688 7.3866452891941e-07 -0.15524460033658782 0.18139368149108404 -0.026173452084146526 0.24018660081810736 2.6115997032382334
26.8824999999827 4.365273969892259 -1.9790434225631202 7.367925051700348e-07 -0.15526579902923954 0.1815239374589659 -0.02617153494227457 0.24029847577550187 2.6141174113520718
26.882999999982697 4.367823322059852 -1.9785602304335845 7.349883964901617e-07 -0.15528242353562458 0.18165378882230945 -0.026166931172292695 0.24040681841323222 2.616598829721179
26.883499999982696 4.370338252531567 -1.9779756562416317 7.332523742365829e-07 -0.15529447464363338 0.181783216957859 -0.026159642532746254 0.2405116186794958 2.6190437121884935
26.883999999982695 4.372818358942187 -1.977289883331257 7.315845918622666e-07 -0.15530195423817658 0.1819121998625951 -0.026149672601732232 0.24061286504720236 2.621451833976292
26.884499999982694 4.375263259342463 -1.9765030896538205 7.29985272576068e-07 -0.15530486437492816 0.18204071654940962 -0.026137024461668 0.24071054698132185 2.623822908490814
26.884999999982693 4.377672544977001 -1.975615462896141 7.284546064914025e-07 -0.15530320685200977 0.18216874470002353 -0.026121701920184502 0.24080465301839052 2.626156656430478
26.88549999998269 4.380045791206341 -1.9746272122345538 7.269928267592525e-07 -0.15529698408987122 0.18229626098866225 -0.026103709199544193 0.24089517154113022 2.628452827745626
26.88599999998269 4.382382739146023 -1.9735385163257113 7.255999599559738e-07 -0.1552862004071508 0.18242325017715044 -0.02608304931826232 0.24098209830571218 2.630711277874419
26.88649999998269 4.384682961212826 -1.9723495888924034 7.24276248655751e-07 -0.15527085825635 0.18254968878312472 -0.02605972673153036 0.24106542194143327 2.6329317349034493
26.886999999982688 4.386946107062837 -1.9710606545060694 7.230218322329013e-07 -0.15525096190975252 0.18267555680808634 -0.02603374607500223 0.2411451350613267 2.6351140018344306
26.887499999982687 4.389171833262153 -1.9696719246424226 7.218368296618651e-07 -0.15522651530877987 0.18280083471314146 -0.026005111584938786 0.24122123052350355 2.63725787666385
26.887999999982686 4.391359793739269 -1.9681836366142789 7.207213960585399e-07 -0.1551975231812638 0.18292550259155968 -0.02597382831973801 0.24129370165331057 2.6393631727892792
26.888499999982685 4.393509699885075 -1.966596014011113 7.196755986662851e-07 -0.15516399092844646 0.18304954332864445 -0.02593990069310722 0.24136254440496055 2.641429751147046
26.888999999982683 4.395621192417475 -1.9649092905819678 7.186995848584355e-07 -0.15512592298938788 0.18317293642413068 -0.025903333650056943 0.24142775175139725 2.6434574120332837
26.889499999982682 4.3976939841986065 -1.9631237304626248 7.177934366258615e-07 -0.15508332609787334 0.18329566444422257 -0.025864132993764194 0.24148932070207055 2.6454460135641176
26.88999999998268 4.399727765240681 -1.9612395797467375 7.169572342024568e-07 -0.15503620609404137 0.18341770904796384 -0.025822303883962058 0.2415472470766605 2.647395419334904
26.89049999998268 4.401722261211108 -1.9592570908965858 7.161910449647061e-07 -0.1549845695866212 0.18353905351875502 -0.025777851660281837 0.24160152858111256 2.64930551318598
26.89099999998268 4.403677151530166 -1.9571765334099225 7.154949815834787e-07 -0.15492842293909329 0.1836596787956351 -0.02573078232653652 0.241652161192169 2.6511761254893136
26.891499999982678 4.405592158882371 -1.9549981849936011 7.148690975592503e-07 -0.15486777372392335 0.1837795677194951 -0.025681101887526512 0.24169914324119215 2.6530071630227514
26.891999999982676 4.407467023992563 -1.9527223043091286 7.143134349082337e-07 -0.1548026289765701 0.18389870425269525 -0.025628815977377803 0.2417424736621188 2.654798514284587
26.892499999982675 4.409301514140668 -1.9503491965414121 7.138280120018468e-07 -0.15473299795338258 0.1840170730513997 -0.025573931453356707 0.24178215360118424 2.6565501237535365
26.892999999982674 4.411095294428243 -1.947879138476455 7.134129617412795e-07 -0.1546588870415333 0.18413465432728485 -0.025516454534721733 0.24181817904611094 2.6582618127221016
26.893499999982673 4.4128482101285655 -1.9453124151950185 7.130681871257062e-07 -0.15458030627066494 0.18425143660101553 -0.025456391283709405 0.24185055475119327 2.6599336024718365
26.89399999998267 4.41455995485546 -1.942649338112072 7.127938144273075e-07 -0.15449726365995797 0.1843674010789862 -0.02539374900899842 0.24187927887226374 2.661565360234232
26.89449999998267 4.416230374611142 -1.9398902096595247 7.125897451121136e-07 -0.15440976989317984 0.18448253612390964 -0.025328534282276636 0.24190435676536054 2.6631570581523425
26.89499999998267 4.4178591601322585 -1.9370353220354826 7.124561024316417e-07 -0.15431783228307305 0.1845968230313912 -0.02526075381441907 0.24192578638314294 2.664708597642548
26.89549999998267 4.419446169106437 -1.9340850036176054 7.123927842816608e-07 -0.15422146258814093 0.18471025044830958 -0.02519041500204722 0.24194357431326413 2.666219992358803
26.895999999982667 4.420991122706536 -1.9310395801277078 7.123998699011963e-07 -0.15412066998611484 0.18482280068316387 -0.02511752537380888 0.24195772079072278 2.667691133481162
26.896499999982666 4.422493885724734 -1.927899365761068 7.124772801815261e-07 -0.15401546573985558 0.18493446293386004 -0.02504209196144461 0.24196823270319046 2.669122037458541
26.896999999982665 4.423954242861393 -1.9246646911885468 7.126249933481485e-07 -0.1539058603325193 0.18504522243810081 -0.024964122445793872 0.2419751135992041 2.6705126777140737
26.897499999982664 4.425372023553929 -1.9213358837745764 7.128429719110181e-07 -0.15379186486205862 0.18515506662546252 -0.024883624328746988 0.24197836918733742 2.671863028315377
26.897999999982662 4.426747065738223 -1.9179132851996563 7.131311713143542e-07 -0.15367349107366207 0.1852639831356356 -0.024800605533960334 0.24197800590322063 2.6731731154032516
26.89849999998266 4.428079123385763 -1.9143972483583527 7.134896313886741e-07 -0.15355074981107425 0.1853719555052164 -0.024715074231703278 0.2419740266013062 2.67444284408155
26.89899999998266 4.42936811312977 -1.9107880974212148 7.139181924739901e-07 -0.15342365363297136 0.1854789752877898 -0.024627037725770632 0.24196644138195084 2.6756722931921826
26.89949999998266 4.430613822880441 -1.9070862132284359 7.144168774471427e-07 -0.15329221478812505 0.1855850273633145 -0.024536505202087222 0.2419552553337557 2.6768614254997596
26.899999999982658 4.431816190630146 -1.903291929294777 7.14985525194068e-07 -0.15315644651013705 0.18569010419326945 -0.024443484202744063 0.24194047991787054 2.6780103370581814
26.900499999982657 4.432975022193267 -1.8994056158514256 7.156241202854963e-07 -0.15301636111254732 0.1857941916200223 -0.024347983447928864 0.24192212115853248 2.679118990598022
26.900999999982655 4.434090189927852 -1.895427623931793 7.163325520397295e-07 -0.1528719713808439 0.1858972788079719 -0.02425001106353358 0.2419001879673844 2.680187421463475
26.901499999982654 4.43516156490957 -1.891358337333665 7.171107924321425e-07 -0.15272329104067742 0.18599935457565467 -0.024149576218697573 0.24187468978873802 2.6812156533992884
26.901999999982653 4.436189060973455 -1.8871981197298373 7.179586680385644e-07 -0.1525703341493141 0.18610040988467863 -0.024046687296623584 0.24184563794209799 2.6822037489462645
26.902499999982652 4.437172488757401 -1.8829473489578064 7.188762072895144e-07 -0.15241311326648085 0.18620043076971665 -0.023941353252263077 0.24181303916447272 2.683151714897612
26.90299999998265 4.438111880885695 -1.8786063980056817 7.198631091306457e-07 -0.15225164465644359 0.18629941374369477 -0.02383358289263235 0.24177691067456442 2.6840596921402113
26.90349999998265 4.439007011853534 -1.8741756589880554 7.209194628435976e-07 -0.15208594079589777 0.18639734298097207 -0.023723385531448957 0.241737257945922 2.6849276398665687
26.90399999998265 4.439857860708291 -1.869655513497658 7.220450348529138e-07 -0.15191601740347116 0.18649421237524305 -0.023610770161702755 0.24169409604047584 2.6857556628753585
26.904499999982647 4.440664340807382 -1.8650463519550817 7.232397359900873e-07 -0.15174188933165633 0.18659001264728484 -0.023495745944091543 0.24164743713750378 2.686543823836281
26.904999999982646 4.4414263723038445 -1.8603485649078875 7.245034443252198e-07 -0.15156357148314428 0.18668473487783893 -0.023378322235885884 0.2415972938335612 2.687292200785185
26.905499999982645 4.4421438882597455 -1.8555625526963397 7.258360136071966e-07 -0.15138107944582394 0.18677837059903374 -0.02325850853690438 0.241543679605106 2.6880008529587007
26.905999999982644 4.442816799008066 -1.8506887167981236 7.272373445689749e-07 -0.1511944283557186 0.18687091032076636 -0.02313631449256691 0.2414866069541402 2.688669864526168
26.906499999982643 4.443445107045538 -1.8457274536060888 7.287072298334961e-07 -0.15100363485802992 0.18696234889397095 -0.023011749375078307 0.24142609273562285 2.6892993283014333
26.90699999998264 4.444028716572724 -1.8406791721895774 7.302455685350596e-07 -0.15080871437042873 0.18705267644303075 -0.022884822939141125 0.24136214950882118 2.6898893199849954
26.90749999998264 4.444567623170961 -1.835544279186818 7.318521693925288e-07 -0.15060968368737207 0.1871418874200237 -0.022755544892182056 0.2412947941230378 2.6904399512908084
26.90799999998264 4.445061793395622 -1.83032319539749 7.335268901580955e-07 -0.15040655953677812 0.18722997481689163 -0.022623925465998337 0.24122404238615042 2.690951312784678
26.908499999982638 4.445511160830062 -1.8250163177005319 7.352696065372601e-07 -0.15019935737472234 0.18731693027649535 -0.02248997402659698 0.24114990826393856 2.691423486160915
26.908999999982637 4.445915750714528 -1.8196240756585957 7.370800973203198e-07 -0.1499880953631054 0.18740274943543742 -0.02235370092186433 0.24107241068093524 2.6918566052897686
26.909499999982636 4.4462754886720415 -1.8141468969591994 7.389582458628639e-07 -0.14977278997016077 0.18748742320636322 -0.022215116398018642 0.24099156390335608 2.6922507377345575
26.909999999982634 4.446590449121416 -1.8085851894603053 7.409038221352525e-07 -0.14955345915825938 0.18757094987866219 -0.02207423033771324 0.24090738890616697 2.692606039663728
26.910499999982633 4.446860551046072 -1.8029393846883695 7.429167011918824e-07 -0.14933011950861158 0.1876533200032207 -0.021931053049792933 0.2408198999014828 2.6929225764698326
26.910999999982632 4.44708585875286 -1.797209904449488 7.449966532609374e-07 -0.14910278950297198 0.18773453119349381 -0.021785594608969543 0.24072911783262704 2.6932005009208884
26.91149999998263 4.4472663621838 -1.7913971835763016 7.471435236707857e-07 -0.14887148671736933 0.1878145774343647 -0.021637865711174546 0.2406350603856879 2.693439927389596
26.91199999998263 4.447402091994428 -1.7855016734035891 7.493571137291774e-07 -0.14863623016218655 0.1878934543984773 -0.021487877308121073 0.24053774754459648 2.6936409890674806
26.91249999998263 4.447493039219688 -1.779523794260966 7.516372342560978e-07 -0.14839703717346242 0.1879711562274552 -0.021335639387875346 0.24043719704620958 2.693803765401424
26.912999999982627 4.447539278244239 -1.7734639621862143 7.53983638672998e-07 -0.14815392625055318 0.1880476810757528 -0.021181161801228688 0.24033343054321887 2.693928432866691
26.913499999982626 4.44754082347523 -1.7673226447081407 7.56396179102134e-07 -0.14790691645490697 0.18812302377203483 -0.02102445627381541 0.2402264676715328 2.6940151044929306
26.913999999982625 4.447497729589729 -1.7611002836961729 7.588746450276311e-07 -0.14765602686414728 0.18819718126830248 -0.020865533420063552 0.24011632970613198 2.6940639128917176
26.914499999982624 4.447410035070389 -1.7547973034709197 7.614187668387642e-07 -0.14740127589105542 0.18827014988507518 -0.020704403253718882 0.24000303703526818 2.6940749980333614
26.914999999982623 4.447277784008047 -1.7484141352710338 7.640283777708309e-07 -0.14714268190934382 0.18834192623715762 -0.020541076179830975 0.2398866103575247 2.6940484711276307
26.91549999998262 4.447101050970708 -1.7419512407524067 7.667032207836718e-07 -0.14688026501645535 0.1884125080238648 -0.020375563540206976 0.2397670724280715 2.693984493311895
26.91599999998262 4.4468799017215295 -1.7354090650666247 7.694431039798336e-07 -0.1466140445604423 0.18848189272977978 -0.020207876021984914 0.2396444453825114 2.69388320909637
26.91649999998262 4.446614414791826 -1.7287880627270695 7.722478233999363e-07 -0.1463440402040545 0.18855007839737706 -0.02003802490969898 0.23951875210343068 2.693744735987109
26.916999999982618 4.446304653116328 -1.7220886664144452 7.751170872899018e-07 -0.14607027112221121 0.18861706242458653 -0.01986602038788729 0.23939001464022808 2.6935692346732556
26.917499999982617 4.445950733974228 -1.715311345686771 7.780506671750698e-07 -0.14579275820985924 0.1886828445283079 -0.019691874087712863 0.23925825810370357 2.6933568804468497
26.917999999982616 4.445552723157571 -1.7084565376647123 7.810483530272569e-07 -0.14551152059546243 0.18874742227946195 -0.01951559641170348 0.23912350479710212 2.6931077648671717
26.918499999982615 4.445110711752983 -1.701524710100081 7.841099172863522e-07 -0.14522657871633593 0.18881079418445473 -0.019337198979132664 0.23898577872035653 2.692822061080123
26.918999999982614 4.44462481759125 -1.6945163179596745 7.872351185288219e-07 -0.14493795297942377 0.18887296013549884 -0.019156692979103645 0.23884510497413808 2.692499920468493
26.919499999982612 4.44409518714838 -1.6874318116504794 7.904236381444958e-07 -0.14464566436603424 0.18893392140249402 -0.018974089251961323 0.23870151013212423 2.6921415380574616
26.91999999998261 4.44352187221818 -1.680271662282252 7.936753357249973e-07 -0.14434973283742006 0.18899367459175198 -0.01878939929849241 0.23855501657254197 2.691746990743672
26.92049999998261 4.442904993604256 -1.6730363060810196 7.969899168392085e-07 -0.14405017830662753 0.18905221994328708 -0.018602633731982805 0.23840564950819115 2.6913164557174145
26.92099999998261 4.442244740711592 -1.6657262345437127 8.003670662625497e-07 -0.14374702377895132 0.18910956034238408 -0.01841380470755427 0.2382534383004874 2.69085012528778
26.921499999982608 4.441541208720289 -1.658341879248785 8.038066099072028e-07 -0.14344028841208117 0.1891656949407028 -0.018222922649338266 0.23809840694978165 2.6903481332745027
26.921999999982607 4.440794519001638 -1.6508837184987135 8.073082537059215e-07 -0.14312999370706575 0.18922062354957286 -0.018029999349899004 0.2379405815568904 2.6898106076012835
26.922499999982605 4.440004842226354 -1.6433522117408979 8.108717271672846e-07 -0.14281616111190004 0.18927434857064904 -0.01783504607342952 0.23777999026416227 2.689237744541795
26.922999999982604 4.4391723275986985 -1.6357478142960666 8.144967694565975e-07 -0.14249881161408937 0.18932687145096788 -0.017638073939797584 0.23761666022639238 2.6886296977989828
26.923499999982603 4.438297120670562 -1.628071015168073 8.181831153601835e-07 -0.1421779673954973 0.189378193066761 -0.017439095051561666 0.23745061898879924 2.687986617106055
26.923999999982602 4.437379391622602 -1.620322260704453 8.219304641857738e-07 -0.14185364959302016 0.18942831591099632 -0.017238120132782295 0.2372818947105906 2.6873086496581857
26.9244999999826 4.436419282456971 -1.6125020275940036 8.257386476084535e-07 -0.14152587918925003 0.18947724107028419 -0.017035161631635543 0.23711051451952259 2.6865959763696097
26.9249999999826 4.435417020280622 -1.6046107886053254 8.296072747060937e-07 -0.14119467972654626 0.18952497330717077 -0.01683023044516952 0.23693650994940244 2.6858487717717274
26.9254999999826 4.434372745301034 -1.5966489874039604 8.335360853498123e-07 -0.14086007129963093 0.1895715138810971 -0.016623337838346013 0.23675990776015246 2.6850671845364245
26.925999999982597 4.433286645127365 -1.5886171123674586 8.375248368599843e-07 -0.14052207674898307 0.18961686570842762 -0.01641449572045707 0.23658073777189018 2.6842513622911985
26.926499999982596 4.432158887324384 -1.5805156384989238 8.415732608553761e-07 -0.14018071785219074 0.1896610309789318 -0.01620371610396023 0.23639902864674503 2.683401459144958
26.926999999982595 4.430989723966323 -1.572345014301566 8.456809900747799e-07 -0.1398360172339872 0.18970401609356025 -0.015991009666243096 0.23621481288868318 2.682517692648047
26.927499999982594 4.429779298898133 -1.5641057203130688 8.498478156215727e-07 -0.13948799636450307 0.18974582209716517 -0.015776388640757314 0.23602811818013736 2.6816001700857677
26.927999999982593 4.428527866471884 -1.5557982291671006 8.540733976091547e-07 -0.1391366784797612 0.18978645528624796 -0.015559864749179135 0.23583897748148455 2.6806490970161243
26.92849999998259 4.42723559125299 -1.5474230185443028 8.583574978681373e-07 -0.13878208555699778 0.1898259176991206 -0.015341449807863044 0.23564741964229174 2.6796646028436166
26.92899999998259 4.42590274818323 -1.5389805512480101 8.626997592260912e-07 -0.13842424081268415 0.1898642167258814 -0.015121155236798307 0.2354534785752714 2.678646876298768
26.92949999998259 4.424529497656496 -1.5304713006903559 8.670999405837011e-07 -0.13806316574374455 0.18990135433362226 -0.014898993115652584 0.23525718290583372 2.677596075266527
26.929999999982588 4.423116111115958 -1.5218957352889728 8.715577072602303e-07 -0.1376988839460123 0.18993733762876988 -0.014674974648272068 0.23505856663055297 2.6765123612631423
26.930499999982587 4.4216628115895045 -1.5132543255711128 8.760727558173719e-07 -0.13733141784082592 0.189972171588748 -0.0144491118270547 0.23485766143966216 2.675395904202398
26.930999999982586 4.420169850485369 -1.5045475531936556 8.806447941899886e-07 -0.1369607908018211 0.19000586235875297 -0.01422141672484875 0.23465450057779713 2.6742468816613796
26.931499999982584 4.418637436640481 -1.4957758886418504 8.852735344067026e-07 -0.13658702519846286 0.19003841417415246 -0.013991901060436194 0.2344491151821164 2.6730654167023684
26.931999999982583 4.417065853098348 -1.4869398025664626 8.899586482436908e-07 -0.13621014451355198 0.19006983482478948 -0.013760576620335857 0.23424153997028282 2.6718517232158154
26.932499999982582 4.415455375168781 -1.4780397697362422 8.946997846105927e-07 -0.13583017228121325 0.19010013170736725 -0.013527455370693192 0.23403180943177052 2.6706059731125653
26.93299999998258 4.4138062352082725 -1.46907626450577 8.994966735824241e-07 -0.1354471313697841 0.1901293101434208 -0.013292549054393999 0.23381995601804417 2.669328292468212
26.93349999998258 4.4121187158536825 -1.4600497419527458 9.043489977609069e-07 -0.1350610445179256 0.1901573781691042 -0.013055869229581284 0.23360601434843392 2.6680188842531436
26.93399999998258 4.410393076375359 -1.4509606964429476 9.092564448491396e-07 -0.13467193567947994 0.1901843421771904 -0.01281742839939212 0.23339001850936594 2.666677891382449
26.934499999982577 4.408629600025745 -1.4418096029543614 9.1421867696789e-07 -0.13427982836825986 0.19021021000771757 -0.012577238709544077 0.23317200353247 2.6653054854720177
26.934999999982576 4.406828565723771 -1.4325969276554182 9.192353692701136e-07 -0.13388474593206565 0.19023498933567912 -0.012335311696637596 0.2329520042315432 2.663901853462108
26.935499999982575 4.404990312503888 -1.4233231231732955 9.2430616563591e-07 -0.13348671213819 0.1902586908047443 -0.012091658488563306 0.23273005811283454 2.662467139761053
26.935999999982574 4.403115059124652 -1.4139886984862506 9.294308118212277e-07 -0.13308575029665135 0.19028131895344785 -0.011846292739902932 0.2325061976085065 2.661001529496273
26.936499999982573 4.40120315057832 -1.4045941110935893 9.346089560178741e-07 -0.13268188451039248 0.19030288469092968 -0.011599225621393344 0.2322804607235279 2.6595051766459106
26.93699999998257 4.399254912744147 -1.3951398207887902 9.398401853884135e-07 -0.13227513852149858 0.1903233980101831 -0.011350468812754935 0.2320528845830052 2.657978277957187
26.93749999998257 4.397270638428166 -1.3856262999017679 9.451242370423775e-07 -0.13186553578238522 0.19034286731322497 -0.011100034301669056 0.2318235049033935 2.65642099368819
26.93799999998257 4.395250614156141 -1.3760540551388507 9.504607935104726e-07 -0.131453100788417 0.19036130029646478 -0.010847935420106782 0.2315923575171024 2.6548334549666204
26.938499999982568 4.3931951913255425 -1.366423534532502 9.55849495389252e-07 -0.13103785720447642 0.1903787083758514 -0.010594183370516232 0.2313594807758834 2.6532158778632375
26.938999999982567 4.3911047059121175 -1.3567352029058066 9.61289968241646e-07 -0.13061982905585123 0.19039510201924348 -0.01033878992797801 0.23112491253145515 2.651568418964961
26.939499999982566 4.3889794443812225 -1.3469895552127855 9.667819487125863e-07 -0.13019904022541767 0.19041048916686953 -0.010081768199333556 0.2308886885718128 2.6498912363228286
26.939999999982565 4.386819807696488 -1.3371870405980526 9.723250008391295e-07 -0.12977551525455633 0.19042488353335257 -0.009823129441850636 0.2306508497714843 2.6481845225082763
26.940499999982563 4.384626100815942 -1.3273281410013205 9.779188147791088e-07 -0.12934927814632394 0.19043829400828682 -0.00956288605928537 0.23041143281431292 2.646448439783679
26.940999999982562 4.382398681190059 -1.3174133385172322 9.835630615830375e-07 -0.1289203535421514 0.19045073201683904 -0.009301050657812691 0.23017047687860046 2.6446831509177775
26.94149999998256 4.3801379298298855 -1.307443091811035 9.89257312307245e-07 -0.12848876581709523 0.19046221030111246 -0.009037635102817042 0.22992802209003843 2.642888858995179
26.94199999998256 4.377844158929623 -1.2974178745259313 9.95001310638875e-07 -0.12805453870972436 0.1904727382245797 -0.008772651472827119 0.22968410546834375 2.6410657015820007
26.94249999998256 4.375517768615953 -1.2873381587151422 1.0007946349414808e-06 -0.12761769710981002 0.19048232940573562 -0.008506112378262785 0.22943876825688814 2.639213883988363
26.942999999982558 4.373159120072659 -1.2772044098467359 1.0066369286752137e-06 -0.12717826539178606 0.19049099554777782 -0.008238029608955555 0.22919204982870828 2.6373335650538388
26.943499999982556 4.370768580517369 -1.2670170924735389 1.0125278508054278e-06 -0.1267362676995988 0.1904987487783045 -0.00796841530836995 0.2289439898295009 2.6354249197976864
26.943999999982555 4.368346558098981 -1.2567767092462498 1.0184670202489064e-06 -0.12629173007052386 0.19050560278630121 -0.007697282968768135 0.22869463033110182 2.6334881353275135
26.944499999982554 4.36589340069631 -1.24648369878042 1.024454088331978e-06 -0.12584467561488144 0.19051156900554073 -0.007424643728542693 0.22844400985813446 2.631523375750869
26.944999999982553 4.363409571905153 -1.2361385208260487 1.0304885861621528e-06 -0.12539512993211427 0.19051666416276117 -0.007150509600143565 0.22819217278850712 2.6295308596083737
26.94549999998255 4.36089538975532 -1.2257416868854802 1.036570260430741e-06 -0.12494311775013835 0.19052089765814875 -0.00687489446490535 0.22793915699478953 2.627510719045798
26.94599999998255 4.358351311081632 -1.215293629291575 1.0426986507533866e-06 -0.12448866373859681 0.19052428614688935 -0.006597809256461373 0.22768500630956762 2.6254631668593635
26.94649999998255 4.355777712313693 -1.2047948307384202 1.0488734549380546e-06 -0.12403179241814995 0.19052684215303567 -0.0063192671465592525 0.2274297611319512 2.623388359180684
26.94699999998255 4.3531750199467725 -1.1942457415098164 1.0550942189305714e-06 -0.12357252850567002 0.19052858074239795 -0.006039279840538807 0.2271734640797411 2.621286498646362
26.947499999982547 4.350543633442156 -1.183646885206012 1.0613606176420705e-06 -0.12311089857825827 0.1905295150197025 -0.005757861443032118 0.22691615722725958 2.6191577704149585
26.947999999982546 4.347884013264377 -1.1729986754166124 1.0676722069198377e-06 -0.12264692642823893 0.19052966212850536 -0.0054750226560125155 0.22665788445624413 2.617002357149858
26.948499999982545 4.345196541580356 -1.1623015754664194 1.0740286141365515e-06 -0.12218063609424404 0.19052903506184518 -0.005190776082166459 0.2263986863794203 2.614820433024348
26.948999999982544 4.342481676075341 -1.1515561086588801 1.0804294699628498e-06 -0.12171205499705251 0.19052764966445074 -0.004905135902046512 0.22613860788570084 2.6126121970017833
26.949499999982542 4.339739858496714 -1.1407626992657558 1.0868743473797657e-06 -0.12124120692052193 0.19052552217637544 -0.004618113283287505 0.2258776921841168 2.6103778493932417
26.94999999998254 4.33697154812278 -1.129921820144696 1.0933628380134662e-06 -0.12076811766583379 0.190522669043266 -0.0043297207521696005 0.22561598379926526 2.6081175835471013
26.95049999998254 4.33417715225156 -1.119033935917297 1.0998945520922882e-06 -0.12029281141520062 0.1905191045566852 -0.00403997138839845 0.22535352459651756 2.605831575668299
26.95099999998254 4.331357160671645 -1.1080995233063233 1.1064690974388043e-06 -0.11981531470420381 0.1905148465461407 -0.003748877556341689 0.2250903606889895 2.603520029963644
26.951499999982538 4.328512001378578 -1.0971190669785646 1.113086016247595e-06 -0.1193356531131351 0.19050990996327596 -0.003456452610647159 0.22482653527287136 2.601183145326581
26.951999999982537 4.3256421672640855 -1.0860929923837828 1.1197449344312306e-06 -0.11885385088286485 0.19050431353231534 -0.003162708018488974 0.22456209400990898 2.5988211077073538
26.952499999982535 4.322748088475284 -1.0750217832537383 1.126445455279337e-06 -0.11836993343896485 0.19049807234136346 -0.0028676571224300848 0.22429708015373748 2.59643414299718
26.952999999982534 4.319830296613259 -1.0639059042081753 1.1331870804566096e-06 -0.11788392734967192 0.19049120643368658 -0.002571312435755405 0.22403154176049941 2.594022427920507
26.953499999982533 4.316889191623842 -1.0527458314253186 1.1399694782585834e-06 -0.11739585717112025 0.1904837296045721 -0.002273687123734443 0.223765520530189 2.5915861685918617
26.953999999982532 4.313925333511918 -1.0415420111602067 1.1467921348170774e-06 -0.11690574905262559 0.1904756635242675 -0.0019747934252085475 0.22349906569298605 2.5891255981780206
26.95449999998253 4.310939152267238 -1.030294935120495 1.153654694006918e-06 -0.11641362863530955 0.19046702321100673 -0.0016746448912151129 0.22323222056507347 2.5866408846686895
26.95499999998253 4.307931170256196 -1.0190050562883377 1.1605566938187877e-06 -0.11591952159909606 0.19045782854846355 -0.0013732540777018323 0.22296503261704773 2.5841322833541147
26.95549999998253 4.304901857672153 -1.0076728362602756 1.1674977119781165e-06 -0.11542345319905145 0.19044809673633578 -0.0010706336368991518 0.2226975468101766 2.581599959794972
26.955999999982527 4.301851741644775 -0.9962987415251002 1.1744772407694078e-06 -0.11492544976710568 0.19043784772934702 -0.0007667965396574031 0.22242981101662324 2.5790441743470294
26.956499999982526 4.298781296551521 -0.9848832404239198 1.1814949075814484e-06 -0.11442553664421998 0.1904270989472768 -0.0004617558007721078 0.2221618704193256 2.5764651090454413
26.956999999982525 4.295691058396686 -0.9734268021910346 1.18855027877277e-06 -0.11392374001324995 0.19041587083098202 -0.00015552476329332892 0.2218937732134 2.5738629944076576
26.957499999982524 4.292581536698198 -0.961929864971562 1.1956428267919726e-06 -0.11342008515445381 0.19040418268999063 0.00015188473225190811 0.22162556614988888 2.5712380461939777
26.957999999982523 4.2894532306141695 -0.9503929394931041 1.202772170153207e-06 -0.11291459916332107 0.19039205273477544 0.00046045816756484087 0.22135729595045892 2.568590508676765
26.95849999998252 4.286306689052781 -0.9388164629026913 1.2099377947461726e-06 -0.11240730726058151 0.1903795023526055 0.0007701829440774559 0.22108901108686485 2.565920591762283
26.95899999998252 4.283142403857271 -0.9272008934920464 1.2171392921228865e-06 -0.11189823496624643 0.1903665498805192 0.0010810466407752736 0.22082075754741226 2.5632285223197235
26.95949999998252 4.279960943772824 -0.9155467164202098 1.2243761549899056e-06 -0.11138740953322485 0.19035321711636993 0.0013930352600067474 0.2205525851499135 2.560514541800984
26.959999999982518 4.276762826094537 -0.9038543785594131 1.231647912336106e-06 -0.11087485624013932 0.19033952382118702 0.0017061362548024374 0.22028454093664343 2.5577788745774788
26.960499999982517 4.273548556762811 -0.8921243626873604 1.238954149751222e-06 -0.11036060111388218 0.19032548886750306 0.0020203356317996 0.22001667152044765 2.5550217597846854
26.960999999982516 4.270318741355922 -0.8803571281982772 1.2462942944318662e-06 -0.10984467165760983 0.19031113592875598 0.0023356209110113003 0.21974902838261084 2.5522434446393194
26.961499999982514 4.267073879887681 -0.8685531383274664 1.2536679455524379e-06 -0.10932709270062793 0.19029648399534874 0.002651978133551402 0.21948165756478275 2.5494441740114175
26.961999999982513 4.263814528641069 -0.8567128593124347 1.2610745766789246e-06 -0.10880789104865113 0.190281554341893 0.002969394407397431 0.21921460804510404 2.5466241718685247
26.962499999982512 4.260541255243105 -0.8448367536190435 1.268513721545683e-06 -0.10828709299606354 0.19026636905422878 0.0032878563537542898 0.21894792920240425 2.543783707738383
26.96299999998251 4.25725458515916 -0.8329252910439771 1.27598489893565e-06 -0.10776472448986187 0.19025094805543574 0.00360735034821938 0.2186816683147052 2.5409230254130724
26.96349999998251 4.253955116219386 -0.8209789532712408 1.283487572331884e-06 -0.10724081316919873 0.19023531460392257 0.003927862536725373 0.2184158763362952 2.538042377679811
26.96399999998251 4.2506434110452895 -0.8089981768945351 1.2910212727156633e-06 -0.10671538437124976 0.19021949079251943 0.0042493803906232894 0.21815060204494777 2.5351420104474998
26.964499999982507 4.247320019259301 -0.7969834499804241 1.2985854765423279e-06 -0.10618846512879203 0.19020349749877874 0.004571889706371247 0.21788589390473134 2.532222198089929
26.964999999982506 4.243985499318943 -0.7849352273001655 1.3061796704820135e-06 -0.10566008122622349 0.19018735644252194 0.004895377062442639 0.2176218004518631 2.5292832042405706
26.965499999982505 4.240640472923584 -0.7728539939887813 1.313803327849925e-06 -0.10513026091404018 0.19017109195599444 0.005219828753339731 0.21735837363166768 2.5263252858967515
26.965999999982504 4.237285471989867 -0.7607401930473359 1.3214559891776439e-06 -0.10459902881168387 0.19015472470085182 0.005545231374137816 0.21709566035597522 2.523348725953688
26.966499999982503 4.233921086499574 -0.7485943125143293 1.329137101742264e-06 -0.10406641268263984 0.19013827747949774 0.005871570851871883 0.21683371083798877 2.5203537665973843
26.9669999999825 4.230547905747729 -0.7364168317437852 1.3368461461763499e-06 -0.10353243978590966 0.19012177319624712 0.0061988332144505606 0.21657257505171057 2.5173407046696803
26.9674999999825 4.22716652990053 -0.7242081993232131 1.3445825423138234e-06 -0.1029971362315107 0.19010523564289947 0.0065270049828675975 0.21631230312855784 2.5143098103729953
26.9679999999825 4.223777531345375 -0.7119688672936159 1.352345825063202e-06 -0.10246052791908847 0.19008868727278228 0.006856072991081916 0.21605294385267462 2.511261388134118
26.968499999982498 4.220381488763401 -0.699699376974619 1.3601354301077912e-06 -0.10192264433557466 0.1900721497424553 0.007186021476532139 0.21579454682807808 2.508195695918629
26.968999999982497 4.216978995180222 -0.6874001119129236 1.367950847173671e-06 -0.10138350864433457 0.19005564739790645 0.0075168384148100766 0.21553716104799092 2.5051130173231515
26.969499999982496 4.21357067303568 -0.6750716043964562 1.3757914778434846e-06 -0.10084315101970284 0.19003920397058982 0.007848508774011699 0.2152808380774605 2.5020136644986266
26.969999999982495 4.210157131675512 -0.662714307601554 1.383656795580634e-06 -0.10030159760150696 0.19002284374779393 0.008181018720217608 0.21502562799516176 2.4988979077244515
26.970499999982493 4.206738940587135 -0.6503286969587789 1.3915462472561386e-06 -0.0997588748546108 0.19000658883949692 0.008514353774238214 0.21477157897373764 2.4957660822655177
26.970999999982492 4.203316703402051 -0.6379152273646895 1.3994592894019823e-06 -0.09921500955533957 0.18999046304202344 0.008848500928268988 0.214518740758625 2.492618446747481
26.97149999998249 4.199891064323221 -0.6254744018810652 1.407395309354062e-06 -0.09867003035016188 0.18997449168482344 0.009183444890090065 0.2142671651006244 2.4894553201493514
26.97199999998249 4.1964626065553015 -0.613006676419213 1.4153537661411075e-06 -0.0981239631391474 0.18995869775588603 0.009519171739610663 0.21401690032764473 2.4862770375181165
26.97249999998249 4.193031927461001 -0.6005125677356844 1.4233341297649426e-06 -0.09757683640698472 0.18994310419209892 0.009855666034368132 0.21376799570166485 2.483083875010543
26.972999999982488 4.189599656830935 -0.587992496800505 1.4313357956736702e-06 -0.09702867597163123 0.1899277364512035 0.010192915454001143 0.2135205014974863 2.479876165388196
26.973499999982486 4.186166423352667 -0.5754469652748346 1.4393581452450134e-06 -0.09647950989582861 0.18991261922856018 0.01053090428461065 0.2132744680383543 2.4766542236707947
26.973999999982485 4.1827327890790995 -0.5628764571825571 1.447400663022756e-06 -0.09592936510445943 0.1898977740969467 0.010869618284157438 0.21302994225686436 2.473418354607173
26.974499999982484 4.179299410106056 -0.5502814701544567 1.4554627472039576e-06 -0.09537827016435613 0.18988322702736252 0.011209042282295405 0.2127869755289456 2.4701689094439128
26.974999999982483 4.175866912530364 -0.5376624401329673 1.4635437588159758e-06 -0.09482625108687144 0.1898690032089768 0.01154916300070976 0.21254561731726623 2.466906172903041
26.975499999982482 4.172435893273041 -0.5250198920455516 1.471643169058635e-06 -0.09427333645386958 0.18985512552377276 0.01188996447578509 0.21230591585970335 2.4636305261312446
26.97599999998248 4.169006983831017 -0.5123543000827588 1.479760309087091e-06 -0.09371955389620874 0.18984161893038493 0.012231432455085442 0.21206792072474606 2.4603422849824894
26.97649999998248 4.165580804958955 -0.499666130572446 1.4878946415921448e-06 -0.09316492997141784 0.18982850816590366 0.012573552325887772 0.21183168060317037 2.457041798838555
26.97699999998248 4.1621579682563 -0.4869558825014983 1.4960455360034497e-06 -0.0926094928880872 0.1898158169884285 0.012916309132611445 0.21159724382321818 2.453729374448141
26.977499999982477 4.1587391265514775 -0.4742240459908541 1.5042123383926836e-06 -0.09205327095353619 0.18980357128618505 0.013259687870310552 0.21136466045357047 2.450405401326208
26.977999999982476 4.155324856622239 -0.4614711161941384 1.5123944907197777e-06 -0.09149629130380768 0.1897917932876293 0.013603673285955478 0.21113397653754468 2.4470701818651217
26.978499999982475 4.15191583344229 -0.448697566455344 1.520591360518248e-06 -0.09093858183746516 0.18978051016046055 0.013948250784581284 0.21090524271180075 2.443724123856076
26.978999999982474 4.148512656418497 -0.43590389440954735 1.5288022864244208e-06 -0.09038017053613803 0.1897697450714027 0.01429340533329092 0.21067850580120487 2.4403675293223133
26.979499999982473 4.145115946548969 -0.42309061005939363 1.537026681782811e-06 -0.08982108554284543 0.18975952228989063 0.014639120921710743 0.21045381338703065 2.43700078693956
26.97999999998247 4.141726344558795 -0.4102581672531158 1.5452639145477313e-06 -0.08926135360589278 0.18974986746811864 0.014985383617351874 0.21023121360512576 2.4336242758367104
26.98049999998247 4.1383444518524515 -0.3974071096353393 1.5535133434218536e-06 -0.08870100413157617 0.18974080349439518 0.015332176686733912 0.2100107527880461 2.4302383085996033
26.98099999998247 4.134970937602312 -0.3845378995223915 1.561774313654789e-06 -0.08814006475280879 0.18973235726500398 0.01567948611289538 0.20979248006715806 2.426843317065207
26.981499999982468 4.131606383908842 -0.3716510638856906 1.570046214457865e-06 -0.0875785634026455 0.18972455103182723 0.01602729493620339 0.2095764400281474 2.423439634883022
26.981999999982467 4.128251440768455 -0.35874707650337034 1.5783283599700552e-06 -0.08701652818915723 0.18971741057065902 0.016375589163502367 0.20936268046665388 2.420027651758179
26.982499999982466 4.12490668083647 -0.34582647970498537 1.5866201792691604e-06 -0.0864539873950541 0.189710957540116 0.016724351411054748 0.20915124498174117 2.416607734679747
26.982999999982464 4.121572803909311 -0.33288975173939306 1.5949209109415114e-06 -0.08589097010514536 0.18970522002323276 0.01707356746167779 0.2089421832841195 2.413180274770359
26.983499999982463 4.118250388581044 -0.31993740374938545 1.6032299908361843e-06 -0.08532750345587563 0.1897002202920974 0.01742322074542765 0.20873553853147922 2.4097456837898763
26.983999999982462 4.114940062374679 -0.3069699401523359 1.611546748669136e-06 -0.08476361606908109 0.18969598279004224 0.01777329602153735 0.20853135626868152 2.40630431735378
26.98449999998246 4.111642474857877 -0.29398785458072463 1.6198704251420999e-06 -0.08419933627590859 0.18969253317856938 0.018123777790269684 0.208329682701235 2.4028565799839385
26.98499999998246 4.108358191038902 -0.28099169714517397 1.6282004861151903e-06 -0.08363469278832757 0.1896898925312883 0.01847464892469747 0.20813055955149992 2.3994028803483
26.98549999998246 4.1050878591867495 -0.2679819650426073 1.6365362133906057e-06 -0.08306971403843114 0.18968808641788584 0.018825893938349506 0.20793403233209334 2.395943619254438
26.985999999982457 4.101832114161642 -0.25495916594687 1.6448768940976364e-06 -0.08250442858923959 0.1896871396605746 0.019177496962727837 0.20774014556460363 2.392479196363638
26.986499999982456 4.098591556991417 -0.2419238414956621 1.6532218904753385e-06 -0.08193886546036713 0.18968707511388752 0.019529441001890205 0.20754894170782962 2.389010021878714
26.986999999982455 4.095366800121315 -0.22887649211757635 1.661570509790671e-06 -0.08137305281179186 0.1896879165552741 0.019881710660565762 0.2073604635165097 2.3855365085136953
26.987499999982454 4.092158447260478 -0.21581765100032108 1.6699220779070594e-06 -0.08080701938003355 0.18968968704079012 0.020234289044507445 0.20717475281475464 2.382059061588483
26.987999999982453 4.088967117438667 -0.20274783624048315 1.6782759274373495e-06 -0.08024079377109597 0.18969241056879893 0.0205871599646326 0.20699185193583516 2.378578125869259
26.98849999998245 4.085793399459732 -0.18966758110674084 1.6866313622822366e-06 -0.07967440487038127 0.18969610938942733 0.0209403069438489 0.20681180131665025 2.375094085862267
26.98899999998245 4.082637919392537 -0.17657741095742557 1.694987689026624e-06 -0.07910788156462904 0.1897008077242433 0.021293713393258102 0.20663464280451116 2.371607382090063
26.98949999998245 4.079501270974427 -0.1634778742551452 1.7033442364905814e-06 -0.07854125292294432 0.1897065280036168 0.021647361844705313 0.2064604161884998 2.368118486717588
26.989999999982448 4.076384076404479 -0.15036947840755854 1.7117002470896794e-06 -0.07797454760408819 0.18971329436235557 0.022001236717104588 0.2062891624612453 2.364627779408928
26.990499999982447 4.073286897715503 -0.13725279392090017 1.720055120905649e-06 -0.07740779506840947 0.18972112743147626 0.022355320176918915 0.20612091905344274 2.361135717790506
26.990999999982446 4.070210324449075 -0.1241283406154828 1.7284081026547575e-06 -0.07684102356355889 0.18973004973147875 0.022709595717696065 0.20595572439499224 2.357642713281774
26.991499999982445 4.0671549704241166 -0.1109966565484919 1.7367585146360547e-06 -0.07627426229525652 0.18974008468199322 0.023064046506166332 0.20579361764897897 2.3541492473595937
26.991999999982443 4.06412143968339 -0.09785830806560404 1.7451056117756136e-06 -0.07570754173507309 0.1897512548747301 0.023418655157643322 0.20563463718813335 2.3506557556609726
26.992499999982442 4.061110296641262 -0.08471381339018261 1.7534487026627557e-06 -0.07514088936011057 0.18976358168814375 0.0237734049444869 0.20547881879063773 2.3471626765843867
26.99299999998244 4.0581221017391576 -0.07156377362650192 1.7617871405994558e-06 -0.0745743358346323 0.1897770852882764 0.024128277138101673 0.2053261976060125 2.343670496783364
26.99349999998244 4.055157466493848 -0.058408704421872536 1.7701201512098276e-06 -0.07400790984098866 0.1897917891851981 0.02448325572346045 0.20517681099961307 2.3401796314623526
26.99399999998244 4.052216927586315 -0.0452491513729555 1.7784470454061723e-06 -0.07344163952843487 0.18980771310187738 0.02483832327501944 0.20503069202610505 2.336690549029643
26.994499999982438 4.049301105714481 -0.03208570115857283 1.7867670905980457e-06 -0.07287555616872948 0.18982488016040655 0.025193461607619472 0.20488787744175826 2.333203756394486
26.994999999982436 4.046410516747845 -0.018918926913501534 1.795079618644238e-06 -0.07230968876386651 0.18984330875225905 0.02554865273810649 0.20474839834261258 2.329719677223749
26.995499999982435 4.043545734699253 -0.005749353526036151 1.8033838911650783e-06 -0.07174406559608626 0.18986302048034562 0.025903880221729857 0.2046122882544384 2.326238764581155
26.995999999982434 4.040707336555339 0.007422436226129352 1.8116791978017681e-06 -0.07117871689215713 0.18988403651170305 0.026259125673624126 0.20447958025566956 2.3227615667441825
26.996499999982433 4.037895848488466 0.020595861141826117 1.8199648286846064e-06 -0.07061367235799144 0.18990637551339587 0.02661437113231825 0.20435030446584967 2.3192884693900164
26.99699999998243 4.035111797364085 0.033770332306710706 1.828240069260588e-06 -0.07004896166428348 0.1899300561950905 0.026969597932627362 0.20422449042453766 2.315820028668439
26.99749999998243 4.032355769873553 0.0469453136947106 1.8365041632467575e-06 -0.06948461368417877 0.18995510063349524 0.02732478924509585 0.20410217025502148 2.31235668960922
26.99799999998243 4.029628274731354 0.060120196255948805 1.844756458301935e-06 -0.0689206587004606 0.18998152637645085 0.02767992621262667 0.2039833715653507 2.3088989213521787
26.998499999982428 4.026929878670317 0.07329441243697857 1.8529961467005459e-06 -0.06835712645530151 0.1900093541988879 0.028034990908766915 0.2038681243734762 2.3054472593115176
26.998999999982427 4.024261046351125 0.08646736059471247 1.8612226022613045e-06 -0.06779404613204765 0.19003859966555636 0.02838996448677143 0.20375645299562894 2.3020021811446068
26.999499999982426 4.02162227937343 0.09963844671540407 1.8694351184147408e-06 -0.06723144760152248 0.19006928007320412 0.02874482870021178 0.20364838312922323 2.298564124665821
26.999999999982425 4.019014233444192 0.1128071268361633 1.8776327898095084e-06 -0.06666936110541817 0.19010142065684685 0.02909956617922726 0.2035439475832561 2.295133702248129
27.000499999982424 4.016437293688448 0.12597274824837845 1.8858150760242906e-06 -0.06610781657260899 0.19013503263933537 0.029454156832845187 0.20344316504491539 2.291711333171773
27.000999999982422 4.013891937004954 0.1391347209480805 1.893981266844418e-06 -0.0655468430061347 0.19017013221118653 0.02980858201910989 0.2033460581749276 2.2882975167354056
27.00149999998242 4.011378771226757 0.1522924691622609 1.9021305431346565e-06 -0.06498647135619888 0.19020674189907077 0.030162824019118725 0.2032526557661624 2.2848928194100306
27.00199999998242 4.0088982095292245 0.1654453740854156 1.910262205339382e-06 -0.06442673079332067 0.1902448745422901 0.03051686339159673 0.2031629761585218 2.28149771499832
27.00249999998242 4.006450743692472 0.178592805668086 1.9183755653524545e-06 -0.06386765218562951 0.1902845465988779 0.030870680636586198 0.2030770410287957 2.278112706293432
27.002999999982418 4.004036879243337 0.1917341886141856 1.926469879120482e-06 -0.06330926461433115 0.19032577578995133 0.031224257721594418 0.20299487231533403 2.274738332465492
27.003499999982417 4.001657013697562 0.2048689009700748 1.934544500451909e-06 -0.06275159720737507 0.19036857411114358 0.03157757538816732 0.20291648584721253 2.271375098536135
27.003999999982415 3.999311668140898 0.21799631963735577 1.942598656454979e-06 -0.062194681246817214 0.19041295940169878 0.031930614465527765 0.2028419030270924 2.268023509120301
27.004499999982414 3.9970013004864273 0.23111581917405563 1.95063156680745e-06 -0.06163854705205933 0.19045894652816908 0.032283355404376914 0.20277114151543907 2.2646841302257132
27.004999999982413 3.9947263344641346 0.24422677210097585 1.958642604085915e-06 -0.061083224299896655 0.19050654863969993 0.03263577884046427 0.2027042165965117 2.2613574825856686
27.005499999982412 3.992487193177122 0.2573285658406153 1.9666310920522616e-06 -0.060528742118378095 0.19055577912720925 0.03298786564417442 0.20264114306075404 2.258044013705879
27.00599999998241 3.9902843477704684 0.27042054914421765 1.974596187958168e-06 -0.05997513225750587 0.19060665302422794 0.03333959579573811 0.20258193728520552 2.2547444074121947
27.00649999998241 3.9881181823114717 0.2835021084361268 1.982537305138645e-06 -0.05942242319732557 0.19065918179709812 0.03369095026637659 0.2025266108738119 2.251459044111963
27.00699999998241 3.985989141954472 0.2965726025471002 1.99045370036296e-06 -0.058870646027706496 0.19071337939001765 0.03404190973955084 0.20247517788804645 2.248188555337627
27.007499999982407 3.9838976485276287 0.3096313803554169 1.998344599724346e-06 -0.05831983112605801 0.1907692586476768 0.03439245346842641 0.2024276502929726 2.2449334426684966
27.007999999982406 3.9818440349905364 0.32267781123025274 2.006209444966308e-06 -0.057770007039248596 0.19082682833326708 0.03474256226097986 0.2023840353326 2.241694236271388
27.008499999982405 3.9798287461166364 0.3357112365617432 2.0140474115565064e-06 -0.05722120559126481 0.19088610208424941 0.03509221619568011 0.20234434505505866 2.238471504328523
27.008999999982404 3.9778521171777337 0.34873100902563947 2.021857882875377e-06 -0.056673455661680236 0.19094708868099713 0.03544139493818114 0.2023085854024716 2.2352657761714094
27.009499999982403 3.9759145555090973 0.3617364778327621 2.0296401181754833e-06 -0.05612678826345708 0.1910098000319495 0.035790079088204904 0.20227676542340756 2.2320775830853017
27.0099999999824 3.974016445071263 0.37472702528629226 2.0373934342006594e-06 -0.055581232032816855 0.19107424753700677 0.03613824917732033 0.2022488924066613 2.2289074767543795
27.0104999999824 3.972158139432382 0.3877019337147369 2.04511711692842e-06 -0.055036819437045664 0.1911404398095068 0.03648588361840066 0.20222497107858153 2.225756043400396
27.0109999999824 3.9703398942753316 0.4006605577795466 2.0528105649563593e-06 -0.05449357850880141 0.1912083817303034 0.03683296268732546 0.2022050011323712 2.2226237551407984
27.011499999982398 3.968562148845086 0.4136022561615147 2.0604730303242686e-06 -0.053951539917868295 0.19127808690014494 0.037179466586165374 0.20218899060859008 2.2195112552900973
27.011999999982397 3.9668251909003276 0.4265263423637412 2.0681038404954894e-06 -0.053410733873236235 0.1913495612537566 0.03752537451315644 0.20217693938042358 2.216419031023289
27.012499999982396 3.965129327904926 0.4394321523557623 2.075702351574999e-06 -0.052871190104656435 0.191422811746438 0.037870666461583546 0.20216884769479068 2.2133476566764645
27.012999999982394 3.9634748754844793 0.4523190071351344 2.083267868408265e-06 -0.052332938807775155 0.19149784576585296 0.03821532155682939 0.20216471556360327 2.2102976657064106
27.013499999982393 3.9618621442569655 0.46518622734296194 2.0907997492676702e-06 -0.051796010326410985 0.1915746702253154 0.03855931938981458 0.20216454206778633 2.2072696442257937
27.013999999982392 3.9602914036806243 0.4780331498646849 2.0982972990510646e-06 -0.05126043386016457 0.19165329039295406 0.03890263988414315 0.2021683238985119 2.204264122985251
27.01449999998239 3.958762945397603 0.4908590811774526 2.105759911138894e-06 -0.050726239712239864 0.1917337122282216 0.03924526191834652 0.20217605788816276 2.2012816768814316
27.01499999998239 3.9572770069116814 0.5036633231224178 2.113186955270439e-06 -0.05019345781864197 0.1918159389990432 0.03958716447323589 0.20218773764228998 2.19832285021025
27.01549999998239 3.9558338631186842 0.5164452138488507 2.120577737594588e-06 -0.049662117552986204 0.19189997616560042 0.039928327724002365 0.2022033583475803 2.195388156686969
27.015999999982387 3.9544337577770605 0.5292040494357585 2.1279316643341046e-06 -0.04913224891654748 0.1919858272591451 0.04026873023734977 0.20222291261601472 2.19247821820126
27.016499999982386 3.9530769784935993 0.5419391506484939 2.135247997530241e-06 -0.04860388222090698 0.1920734980623726 0.04060835183671288 0.2022463949338883 2.1895935797111887
27.016999999982385 3.9517636684495367 0.5546498091410029 2.1425262429329775e-06 -0.048077046130313855 0.19216298727610148 0.04094717106497936 0.20227379183106284 2.1867347886720707
27.017499999982384 3.95049410409134 0.5673353233659195 2.1497657119683988e-06 -0.047551771693816185 0.19225429989615195 0.04128516730325778 0.20230509597891583 2.183902373020352
27.017999999982383 3.9492684398427356 0.5799950021687297 2.1569658358709363e-06 -0.04702808707493037 0.19234743531331966 0.04162231945085829 0.20234029337234888 2.1810968967271522
27.01849999998238 3.9480868937883864 0.5926281401587254 2.1641259830162326e-06 -0.04650602244306145 0.19244239573076832 0.04195860662002062 0.20237937263359085 2.1783189016727826
27.01899999998238 3.946949660050005 0.6052340388646167 2.1712454954338075e-06 -0.04598560754631162 0.19253918215439736 0.04229400828232139 0.20242232066319335 2.175569020657674
27.01949999998238 3.9458568876088678 0.6178119846016189 2.1783238692219845e-06 -0.04546687127416857 0.19263779349907773 0.042628502865022566 0.20246912140908888 2.172847722698535
27.019999999982378 3.944808696929944 0.6303612884528877 2.185360493570099e-06 -0.04494984165026703 0.19273822745963234 0.042962069799760604 0.20251975713530906 2.1701555386034146
27.020499999982377 3.9438053256871712 0.6428812135899624 2.1923547566921057e-06 -0.04443455044212136 0.19284048670551063 0.04329468757923316 0.20257421493959948 2.1674931116896605
27.020999999982376 3.94284683547796 0.6553710557780303 2.1993061326986273e-06 -0.04392102542908219 0.19294456595753395 0.04362633548546649 0.20263247310136084 2.1648608805487166
27.021499999982375 3.9419333946204 0.6678301054160657 2.2062139847455072e-06 -0.04340929592005563 0.19305046493854514 0.043956992155177343 0.20269451434262775 2.1622594767030185
27.021999999982373 3.9410650798920113 0.6802576487854594 2.213077838784496e-06 -0.04289939050419467 0.193158178920424 0.044286636975446415 0.20276031664031524 2.15968938054261
27.022499999982372 3.940242056845963 0.6926529793901506 2.21989707839131e-06 -0.04239133850466268 0.19326770750961197 0.044615248922716545 0.20282986166408973 2.157151164389882
27.02299999998237 3.9394643578100115 0.7050153422726402 2.2266711874112633e-06 -0.041885169197698045 0.1933790433847452 0.04494280590234233 0.20290312373518202 2.154645357782697
27.02349999998237 3.9387320360548586 0.7173440568491468 2.2333997142869444e-06 -0.04138090913182102 0.19349218113722372 0.04526928778652291 0.2029800783784341 2.1521724558599895
27.02399999998237 3.9380452658504272 0.7296384099149661 2.2400819697778673e-06 -0.04087858874608316 0.1936071204908155 0.04559467413440175 0.203060706272875 2.149733060390847
27.024499999982368 3.9374039746576575 0.7418976474972223 2.2467175977656223e-06 -0.040378235289203146 0.19372384926650804 0.04591894265833234 0.203144975213669 2.1473276213319994
27.024999999982366 3.936808303770208 0.754121039340909 2.2533059827649944e-06 -0.03987987886607303 0.1938423655495392 0.04624207196125596 0.20323286308932376 2.144956735568426
27.025499999982365 3.936258270104187 0.7663078938678752 2.259846625042519e-06 -0.03938354659635446 0.19396266186101555 0.04656404239999317 0.20332434183674672 2.142620894480602
27.025999999982364 3.9357538486243966 0.7784574624173912 2.266339135529555e-06 -0.0388892662263478 0.1940847282874933 0.04688483177170592 0.20341938017877012 2.140320596324039
27.026499999982363 3.9352950585347326 0.7905690176596487 2.2727829737643617e-06 -0.03839706634341537 0.194208557040091 0.04720441941912586 0.20351794894817424 2.13805632859211
27.026999999982362 3.9348819306132237 0.8026418658919116 2.279177625816212e-06 -0.03790697398441869 0.19433414132971838 0.04752278509885344 0.20362001931678073 2.135828653953605
27.02749999998236 3.934514445489083 0.8146752435948844 2.2855226469624774e-06 -0.0374190182608416 0.19446147117300758 0.04783990702653017 0.20372555903146444 2.133638069126613
27.02799999998236 3.934192548537352 0.8266684393984526 2.2918176578560376e-06 -0.03693322544814421 0.1945905355396174 0.048155764577002304 0.20383453418298433 2.1314850439012503
27.02849999998236 3.9339161906930773 0.8386207163060905 2.298062171019355e-06 -0.03644962309633351 0.19472132336999737 0.04847033637747083 0.20394691051195904 2.1293700486715363
27.028999999982357 3.9336853863592154 0.8505313661619128 2.304255690278899e-06 -0.035968239327189615 0.19485382670146725 0.04878360290892141 0.20406265688086772 2.127293643637173
27.029499999982356 3.9334999969159585 0.8623996162302896 2.3103978983764894e-06 -0.03548910090452697 0.1949880299475369 0.049095541120356294 0.20418173342327622 2.1252562306241893
27.029999999982355 3.933360029801917 0.8742248005164417 2.3164882784831165e-06 -0.035012234330287245 0.19512392533250858 0.04940613268345268 0.2043041084675006 2.123258354782695
27.030499999982354 3.93326532952539 0.8860061490614792 2.3225264770700293e-06 -0.03453766681894634 0.19526149626875813 0.0497153556332664 0.20442974084059526 2.1213004247299367
27.030999999982352 3.9332157855605496 0.8977429599647607 2.32851215093876e-06 -0.034065423826020555 0.19540072907188205 0.05002319015506445 0.20455859203553195 2.119382920395607
27.03149999998235 3.933211365831636 0.9094344850764753 2.3344448016450476e-06 -0.03359553376686135 0.1955416132555934 0.050329614813202625 0.20469062638754548 2.11750630719
27.03199999998235 3.9332519184214174 0.9210800101361136 2.340324128144386e-06 -0.03312802206814524 0.1956841330064048 0.050634609708048575 0.20482580271270084 2.115670994385428
27.03249999998235 3.9333372584247916 0.9326787975906746 2.3461497811457514e-06 -0.03266291446631299 0.19582827062086597 0.05093815400224371 0.20496407755738344 2.113877422071805
27.032999999982348 3.9334673058820186 0.9442301589126096 2.3519213449958226e-06 -0.032200236433642615 0.19597401398962122 0.051240228195799875 0.20510541282751263 2.112126102907018
27.033499999982347 3.9336418888935065 0.9557333463404405 2.3576385118956833e-06 -0.03174001467495103 0.19612134587034843 0.051540811769776894 0.2052497652019376 2.1104173949307063
27.033999999982345 3.9338608699687376 0.9671876264321879 2.3633008875069003e-06 -0.03128227551625065 0.1962702508852098 0.051839883985020686 0.20539709276325752 2.1087517506004616
27.034499999982344 3.9341240136952296 0.9785922924842659 2.368908249794111e-06 -0.030827042935226326 0.19642070925861532 0.05213742541333129 0.20554734912063075 2.1071295244362065
27.034999999982343 3.9344311564968355 0.9899466561023408 2.374460204671012e-06 -0.03037434114450868 0.19657270490661716 0.05243341644692267 0.2057004911869765 2.1055511593282183
27.035499999982342 3.934782083678219 1.001249943270864 2.3799565423885694e-06 -0.02992419707384461 0.19672621820232042 0.0527278360177225 0.205856472304888 2.104016978839262
27.03599999998234 3.9351766294267767 1.0125014976920335 2.385396849787835e-06 -0.029476634194338734 0.19688123321838868 0.05302066603969189 0.20601524939749716 2.102527438452943
27.03649999998234 3.935614508638402 1.0237005639488488 2.3907809720649294e-06 -0.029031677226094895 0.19703772729177152 0.05331188540622506 0.20617677217483338 2.1010828495915645
27.03699999998234 3.9360955608349393 1.0348464581399548 2.396108524218815e-06 -0.028589350960533562 0.19719568437105756 0.053601475629735267 0.2063409971687629 2.099683659455383
27.037499999982337 3.9366194532047496 1.0459384371696532 2.401379359128048e-06 -0.028149679197586493 0.19735507961270607 0.053889416266691845 0.20650787169846427 2.0983301159229977
27.037999999982336 3.937186002797597 1.0569758370388778 2.40659316523243e-06 -0.027712685188366164 0.19751589619379928 0.05417568897311609 0.20667735106997331 2.097022622301386
27.038499999982335 3.937794924467302 1.0679579271375323 2.411749695478512e-06 -0.027278393663239163 0.19767811153208115 0.054460274327591346 0.2068493848663154 2.095761459531378
27.038999999982334 3.938445945905238 1.0788840246209892 2.416848716878387e-06 -0.02684682707147853 0.19784170436947032 0.05474315335027211 0.2070239236183929 2.094547025559971
27.039499999982333 3.9391387742854294 1.0897534305158492 2.421890078676642e-06 -0.02641800852884288 0.19800665221892103 0.05502430736013744 0.2072009167403408 2.093379555505099
27.03999999998233 3.9398730898326977 1.100565424606903 2.4268735641479223e-06 -0.02599196153229731 0.19817293101869182 0.055303716827552196 0.20738031186151132 2.0922593660362994
27.04049999998233 3.940648590911553 1.111319343730479 2.431798969755318e-06 -0.025568707815454318 0.19834051819597212 0.05558136402507436 0.20756205820064189 2.0911867292615383
27.04099999998233 3.9414650072611463 1.1220144893042725 2.436666061030462e-06 -0.025148270991400275 0.19850939231303566 0.05585723026781716 0.20774610596480397 2.090161952037892
27.041499999982328 3.9423220095567717 1.1326501881171172 2.44147467083668e-06 -0.02473067255880841 0.19867952939472158 0.05613129736159604 0.20793240273996488 2.089185283139482
27.041999999982327 3.9432191480198204 1.14322573496926 2.4462247823170494e-06 -0.024315933567769933 0.19885089937017425 0.05640354673107727 0.20812089008421086 2.088256923629485
27.042499999982326 3.9441562299426414 1.1537404823524497 2.4509160635709104e-06 -0.023904076921260387 0.19902348505142745 0.05667396096659118 0.2083115223580203 2.087377157059544
27.042999999982325 3.945132808948144 1.1641937425705844 2.4555484686605253e-06 -0.023495123408243623 0.19919725658733167 0.0569425223971006 0.20850424147444135 2.0865461953476068
27.043499999982323 3.946148556831127 1.174584861643758 2.4601218451118332e-06 -0.023089093745154787 0.19937219036642687 0.0572092132618841 0.20869899526237073 2.0857642695249847
27.043999999982322 3.947203079164682 1.1849131241464288 2.4646361371102644e-06 -0.02268601032033038 0.19954825876998683 0.05747401481624476 0.20889572762860825 2.0850315318062416
27.04449999998232 3.948295960330208 1.195177918234943 2.4690912342080435e-06 -0.022285891445921656 0.19972543437890244 0.05773691118659407 0.20909438301577907 2.0843481655275586
27.04499999998232 3.9494269057456726 1.2053786041073444 2.4734869007496085e-06 -0.021888758580190397 0.19990369507256447 0.05799788588800122 0.20929491112620086 2.0837143769052577
27.04549999998232 3.950595426196905 1.2155144889190832 2.4778231666358805e-06 -0.021494631682897683 0.20008300907292056 0.05825692070714068 0.20949725182239484 2.083130289576149
27.045999999982318 3.9518011161337037 1.2255849365245115 2.482100020301182e-06 -0.021103529979526945 0.200263349151455 0.05851399918524369 0.2097013497610472 2.0825960472397993
27.046499999982316 3.953043636743681 1.2355893240365847 2.4863172230959143e-06 -0.020715473732296867 0.2004446913001538 0.058769105411031065 0.20990715298240864 2.08211182686248
27.046999999982315 3.9543224346395656 1.2455269941584395 2.4904749258318716e-06 -0.020330480590460036 0.20062700105321618 0.059022222417755024 0.21011459904484797 2.081677626653132
27.047499999982314 3.9556372204309564 1.255397336006903 2.4945728882823857e-06 -0.019948571162762278 0.20081025689958854 0.059273334695241466 0.2103236386462745 2.0812936891150207
27.047999999982313 3.9569874520052233 1.2651997138592495 2.4986112325793178e-06 -0.01956976255257708 0.20099442510987223 0.05952242598978051 0.210534210349105 2.0809599907097236
27.04849999998231 3.958372739425127 1.2749335077540591 2.502589790644871e-06 -0.019194074256589935 0.20117947926704666 0.05976948074146966 0.21074626021078632 2.080676664167167
27.04899999998231 3.95979255711872 1.2845980938700894 2.5065087040557075e-06 -0.01882152321173784 0.20136538657765896 0.06001448308529902 0.21095972797568655 2.0804437200335535
27.04949999998231 3.9612465148632263 1.2941928841161787 2.5103678587356433e-06 -0.01845212761080749 0.2015521210076488 0.06025741835807573 0.21117456040732652 2.0802611941635054
27.049999999982308 3.962734101750126 1.303717268421944 2.5141672806626206e-06 -0.018085904401116574 0.20173965053324547 0.06049827119904696 0.21139069836053756 2.0801291991791033
27.050499999982307 3.964254836578956 1.3131706507283922 2.5179070577938792e-06 -0.017722870437438858 0.20192794476005654 0.060737026856497796 0.21160808454057142 2.0800475699647034
27.050999999982306 3.9658082144304716 1.3225524285047328 2.521587202855531e-06 -0.017363042809913406 0.2021169719790381 0.060973670588449984 0.21182666055674618 2.0800164234612764
27.051499999982305 3.96739383144805 1.3318620249578954 2.5252076564446447e-06 -0.017006438773994915 0.20230670571290274 0.06120818775086715 0.21204637319210642 2.0800357783304393
27.051999999982304 3.969011132029702 1.3410988639351173 2.528768533577815e-06 -0.01665307360926631 0.20249711210141652 0.061440564552738774 0.21226716242181348 2.0801054891345863
27.052499999982302 3.9706596093608253 1.350262384224282 2.532269885923094e-06 -0.016302962603800403 0.20268815996649564 0.06167078717670819 0.21248897094028074 2.0802255662303306
27.0529999999823 3.9723387405625603 1.3593520076216226 2.535711789975274e-06 -0.015956121848215526 0.202879816957559 0.06189884202334334 0.21271174061860937 2.0803958558074744
27.0534999999823 3.974048075280225 1.3683671811465967 2.5390942899992497e-06 -0.015612566910419446 0.20307205464401473 0.062124715230239165 0.21293541712292097 2.080616412878429
27.0539999999823 3.975787015067764 1.3773073563364024 2.5424175061718767e-06 -0.015272311548106324 0.20326483750861712 0.062348393916529306 0.2131599396964581 2.080887025008864
27.054499999982298 3.977555133080002 1.3861720014965933 2.5456813924965014e-06 -0.014935371649212836 0.20345813831293752 0.06256986562210527 0.21338525594809693 2.081207660831501
27.054999999982297 3.9793517908920304 1.3949605528484244 2.5488862527199576e-06 -0.014601760282152126 0.203651919596533 0.06278911664521235 0.21361130337081008 2.081578086773561
27.055499999982295 3.9811765065105913 1.4036725129763665 2.5520320914561466e-06 -0.01427149114234907 0.20384615192484684 0.06300613549468344 0.21383802801178348 2.0819982033997273
27.055999999982294 3.9830287859565345 1.412307335289122 2.5551189485939505e-06 -0.013944579548177575 0.20404080473584918 0.06322090924312201 0.21406537473761483 2.08246791373861
27.056499999982293 3.9849079951762723 1.4208645079200806 2.558147102035704e-06 -0.013621037078410024 0.20423584129855663 0.06343342611592036 0.2142932828411207 2.0829869204756806
27.056999999982292 3.9868136590212155 1.4293435315412721 2.561116566944708e-06 -0.013300877626759258 0.20443123245461634 0.06364367459847509 0.2145216992869299 2.08355511628661
27.05749999998229 3.988745172196765 1.437743903049904 2.5640275878996538e-06 -0.012984112837734875 0.20462694297313733 0.06385164301001997 0.21475056528864753 2.0841722126597704
27.05799999998229 3.9907020243477214 1.446065121085223 2.5668802034240935e-06 -0.01267075651955141 0.20482294195275444 0.06405732030998718 0.21497982674254687 2.084838098108401
27.05849999998229 3.992683614709777 1.4543067270422008 2.5696746767992283e-06 -0.012360818426681424 0.2050191948984834 0.06426069572558578 0.21520942619721847 2.0855524359609445
27.058999999982287 3.9946894294480266 1.4624682087664613 2.5724110773650098e-06 -0.012054312678609253 0.2052156706342266 0.06446175794731362 0.21543930970384004 2.086314967398355
27.059499999982286 3.996718914488398 1.4705491228673897 2.5750895921783738e-06 -0.011751249738532477 0.2054123369929817 0.06466049723402287 0.21566942287187285 2.087125540468979
27.059999999982285 3.998771386218869 1.4785490035657904 2.57771048444397e-06 -0.011451638809626331 0.20560915538272295 0.06485690309685209 0.21589970515944973 2.0879836674952927
27.060499999982284 4.000846421268197 1.4864673931019092 2.58027385060457e-06 -0.011155493191741986 0.20580609958330578 0.06505096573764421 0.21613010849357556 2.088889225742124
27.060999999982283 4.002943334336818 1.4943038512227924 2.5827799311182503e-06 -0.010862821248047907 0.20600313121388916 0.06524267548981763 0.2163605732578455 2.089841822876541
27.06149999998228 4.0050616383647055 1.5020579421433968 2.5852289087062494e-06 -0.010573634392434094 0.2062002213302979 0.06543202320085528 0.21659104940206086 2.090841133869417
27.06199999998228 4.007200665224001 1.5097292411544105 2.587620997258615e-06 -0.010287940565074764 0.20639733254096987 0.06561899945498649 0.2168214788497019 2.0918868178086103
27.06249999998228 4.009359929482013 1.5173173053555074 2.589956352778801e-06 -0.01000575191666882 0.20659443580495776 0.06580359543221188 0.21705181212971467 2.0929785456401038
27.062999999982278 4.011538779295385 1.524821752209522 2.5922352777301957e-06 -0.009727074816249607 0.20679149506474298 0.06598580285604932 0.21728199325795486 2.094115866615848
27.063499999982277 4.013736673018632 1.5322421706633238 2.5944579451252217e-06 -0.009451919035007991 0.20698847907046883 0.06616561329444091 0.2175119712199302 2.0952984518459874
27.063999999982276 4.0159529827046825 1.5395781575721132 2.5966246217317866e-06 -0.009180292798236178 0.20718535247202044 0.06634301882822036 0.21774169146504374 2.0965258803612947
27.064499999982274 4.018187156101987 1.5468293253558765 2.5987355518843474e-06 -0.00891220434145745 0.2073820839288011 0.0665180111819882 0.21797110343456835 2.0977977460612065
27.064999999982273 4.020438615168697 1.5539952979297678 2.6007908725755547e-06 -0.008647661991017104 0.20757864068891121 0.06669058336839404 0.21820015590778963 2.099113582654941
27.065499999982272 4.022706778528488 1.561075737730686 2.6027909243905025e-06 -0.008386671685483958 0.20777499057744098 0.06686072880590002 0.2184287985314022 2.1004730279828148
27.06599999998227 4.024990999700166 1.5680702304691865 2.604735999017228e-06 -0.008129241564579587 0.20797109735587577 0.06702843897643966 0.2186569768734598 2.101875531970438
27.06649999998227 4.027290773665665 1.5749784457638838 2.606626233433156e-06 -0.007875379273350323 0.20816693233336162 0.0671937081357392 0.2188846447990639 2.1033207060141392
27.06699999998227 4.029605423094046 1.5818000644472006 2.6084619974605943e-06 -0.007625088606151145 0.20836245899898354 0.06735653017254892 0.21911174877956738 2.1048079592741837
27.067499999982267 4.031934495454566 1.5885347132171421 2.6102434283282316e-06 -0.00737837959872134 0.20855765064435822 0.06751689820372354 0.2193382448886855 2.1063369996717847
27.067999999982266 4.034277270046821 1.595182092862806 2.6119709220424646e-06 -0.007135254750558236 0.20875246893703284 0.06767480684349024 0.2195640786398493 2.1079071059589554
27.068499999982265 4.036633232465766 1.6017418807892096 2.6136446593790305e-06 -0.006895721198116213 0.20894688484559637 0.06783025059293263 0.21978920481457023 2.1095178356949367
27.068999999982264 4.03900180288465 1.60821376541034 2.61526497007117e-06 -0.006659784248533308 0.2091408665276539 0.06798322399675452 0.22001357577015074 2.1111687049497503
27.069499999982263 4.041382354079244 1.6145974380951111 2.6168321109196032e-06 -0.006427448518304617 0.2093343798079713 0.06813372159377412 0.2202371419226588 2.112859156911549
27.06999999998226 4.043774321630236 1.6208926212945296 2.6183463836287536e-06 -0.006198718343757889 0.20952739397339729 0.06828173895393516 0.22045985759081363 2.114588670741036
27.07049999998226 4.046177137314861 1.6270990362737645 2.6198080577748134e-06 -0.005973598303044861 0.20971987797726518 0.06842727185150052 0.22068167714725273 2.116356595958745
27.07099999998226 4.048590257649471 1.6332163844302274 2.621217344081708e-06 -0.0057520941062450225 0.2099118017706705 0.06857031534002994 0.22090255601746106 2.118162523755883
27.071499999982258 4.051013039456056 1.6392444222123808 2.6225746485593704e-06 -0.005534207439884295 0.21010313132666383 0.06871086587543832 0.22112244647391519 2.120005691845048
27.071999999982257 4.053444939195058 1.6451829007724288 2.623880212103535e-06 -0.005319942057447236 0.21029383713466387 0.06884891991354454 0.22134130543930747 2.1218855845303404
27.072499999982256 4.055885378549421 1.6510315466327343 2.6251343331572e-06 -0.005109302301509458 0.2104838877674646 0.06898447358055844 0.22155908822456735 2.1238016910117268
27.072999999982255 4.058333804323483 1.6567901535353164 2.6263373053546902e-06 -0.004902289944339265 0.2106732538673709 0.06911752431917728 0.2217757527543896 2.125753284204585
27.073499999982253 4.06078959895339 1.6624584466298225 2.6274894355775915e-06 -0.004698908548619882 0.21086190217123954 0.06924806787461216 0.22199125305558456 2.1277398012212303
27.073999999982252 4.063252216344989 1.6680362455988873 2.6285910499513253e-06 -0.0044991592895616515 0.2110498038655997 0.06937610290658246 0.22220554853676736 2.1297606310283115
27.07449999998225 4.065721147257806 1.673523322861582 2.6296423897812953e-06 -0.004303045642386835 0.21123693141950806 0.06950162648826633 0.2224185996760273 2.131815077040576
27.07499999998225 4.068195751220338 1.6789194889858372 2.630643803332566e-06 -0.004110567540056347 0.21142325148514843 0.06962463672454268 0.22263036197490724 2.1339025855572618
27.07549999998225 4.070675526488248 1.6842245307790655 2.63159555919367e-06 -0.003921728226058838 0.21160873695815666 0.0697451314880958 0.2228407971525797 2.1360224668171925
27.075999999982248 4.073159919713093 1.6894382660770402 2.632497960856699e-06 -0.0037365287179918693 0.2117933587619747 0.06986310910380883 0.22304986544759356 2.1381740278349763
27.076499999982246 4.0756483164763395 1.69456050736791 2.6333513822919618e-06 -0.0035549692401749457 0.21197708480026983 0.06997856783631459 0.2232575244938926 2.1403567221595914
27.076999999982245 4.078140269385698 1.6995911175124636 2.6341560109533047e-06 -0.003377050987320802 0.2121598914817067 0.07009150743186937 0.22346374077458814 2.1425698191870772
27.077499999982244 4.080635128069235 1.7045299154463465 2.6349123041086783e-06 -0.0032027734469002684 0.21234174515803864 0.07020192659533801 0.22366847116259103 2.144812619628441
27.077999999982243 4.083132452537139 1.7093767476038355 2.635620424675039e-06 -0.0030321384950615276 0.21252262231793137 0.07030982451420327 0.22387168263083518 2.147084557227513
27.07849999998224 4.085631594242175 1.714131468853294 2.6362808244870884e-06 -0.0028651441814062963 0.21270248984557982 0.0704152007054658 0.22407333337119853 2.1493847880647134
27.07899999998224 4.088132096928231 1.718793970192033 2.6368937254569337e-06 -0.002701790335560837 0.2128813241071993 0.07051805557291857 0.22427339116898595 2.151712761090317
27.07949999998224 4.090633426980877 1.7233641060241276 2.637459436695126e-06 -0.0025420772077626276 0.21305909729140074 0.0706183889605788 0.22447181995641322 2.154067754815645
27.07999999998224 4.093135004635521 1.7278417558818906 2.6379783396508113e-06 -0.0023860029278674703 0.2132357797957857 0.07071620092697312 0.22466858229096617 2.1564490771979763
27.080499999982237 4.095636357458571 1.73222681952668 2.638450709461451e-06 -0.0022335667669718252 0.213411347348774 0.07081149225022375 0.22486364631132594 2.1588560088559747
27.080999999982236 4.098136961180735 1.7365192059951595 2.6388768230451e-06 -0.002084767026011022 0.2135857731995814 0.07090426421352156 0.22505697823101742 2.16128783363083
27.081499999982235 4.100636271015416 1.740718805842105 2.639257040698157e-06 -0.0019396020840942655 0.21375902956728438 0.07099451730757173 0.22524854331499433 2.1637438730418586
27.081999999982234 4.10313381734566 1.744825530056004 2.639591659889693e-06 -0.0017980706029146589 0.21393109246473443 0.0710822524142276 0.22543831082876703 2.166223463270275
27.082499999982232 4.105629079327025 1.748839323374617 2.639880981640286e-06 -0.0016601695212491243 0.21410193578930697 0.07116747174613303 0.22562624870857656 2.1687258739599473
27.08299999998223 4.108121514799858 1.752760103113928 2.6401253792240675e-06 -0.001525896295343272 0.2142715321489705 0.07125017668640724 0.22581232368233511 2.171250298613513
27.08349999998223 4.110610737108197 1.7565878178273875 2.6403250256552964e-06 -0.0013952497463682297 0.2144398618753398 0.07133036932422161 0.22599651030690587 2.1737962175420886
27.08399999998223 4.1130960915444295 1.760322409249619 2.6404804468088114e-06 -0.0012682244055198656 0.2146068926199743 0.07140805160939324 0.226178771302246 2.176362702607889
27.084499999982228 4.115577223722424 1.763963850080579 2.640591802451419e-06 -0.0011448186815571034 0.21477260652539218 0.07148322632652368 0.22635908369131905 2.1789491696301218
27.084999999982227 4.118053614527518 1.7675120852137622 2.6406594174428496e-06 -0.0010250294727847443 0.21493697756456379 0.07155589569861628 0.22653741681947626 2.18155494277495
27.085499999982225 4.120524753884634 1.770967086709026 2.6406836580599994e-06 -0.0009088523927822745 0.21509998063978997 0.07162606226310392 0.22671374126688468 2.1841791723077915
27.085999999982224 4.122990166273187 1.7743288580864711 2.640664822527126e-06 -0.0007962828080146008 0.21526159250909033 0.07169372986119811 0.22688803004405156 2.1868212210258777
27.086499999982223 4.125449395476778 1.777597372106225 2.6406032549415427e-06 -0.0006873172591039307 0.21542179057183683 0.07175890127026231 0.22706025669347388 2.1894803436138375
27.086999999982222 4.127901997336477 1.7807726142850409 2.6404991836216566e-06 -0.000581952353868994 0.21558055283962785 0.07182157978881533 0.2272303957540516 2.1921558867921225
27.08749999998222 4.130347504202287 1.7838545969916475 2.640352964853008e-06 -0.0004801827234390965 0.21573785670717388 0.07188176895845676 0.22739842149990824 2.194847073286813
27.08799999998222 4.132785480004867 1.7868433387801677 2.6401648814162486e-06 -0.00038200379639322275 0.21589368099935516 0.07193947310091905 0.22756431005847477 2.1975532391807895
27.08849999998222 4.135215433364513 1.7897388496222275 2.639935270465776e-06 -0.00028741023122976075 0.21604800185488487 0.07199469602846892 0.2277280350908974 2.2002736432681713
27.088999999982217 4.13763692218482 1.7925411293869735 2.6396644365607833e-06 -0.0001963976778981828 0.21620079769427444 0.0720474410653991 0.22788957251212838 2.203007562993836
27.089499999982216 4.140049546019334 1.7952502632309741 2.639352665624499e-06 -0.00010895947837944169 0.21635204985108328 0.07209771425752795 0.2280489020979792 2.205754309946885
27.089999999982215 4.1424528427150085 1.7978662583846925 2.63900028360302e-06 -2.5090749926655787e-05 0.21650173585203136 0.07214551923803543 0.2282059994886511 2.2085131580071042
27.090499999982214 4.144846400009879 1.800389155793364 2.6386075526788375e-06 5.521369721723401e-05 0.21664983593718393 0.07219086073895148 0.22836084347889363 2.2112834707111784
27.090999999982213 4.147229791537893 1.8028190351029738 2.6381748341609367e-06 0.00013196113879608576 0.2167963302754669 0.0722337442653766 0.22851341327206004 2.2140644858007494
27.09149999998221 4.149602590109295 1.8051559324372646 2.637702353859843e-06 0.00020515669741581204 0.2169411983205253 0.0722741744329939 0.22866368734013456 2.216855520166051
27.09199999998221 4.151964394781981 1.8073999279751818 2.6371904589824738e-06 0.0002748072546252444 0.21708442141403464 0.07231215681206542 0.22881164647479402 2.2196558763292433
27.09249999998221 4.154314782333798 1.8095510884004196 2.636639439055898e-06 0.0003409191839509048 0.2172259795914108 0.0723476968590454 0.22895727041556538 2.222464869196495
27.092999999982208 4.156653370527731 1.8116094933543558 2.636049566197984e-06 0.00040349893123368903 0.2173658550766346 0.07238080009272557 0.22910054121858187 2.2252818252281603
27.093499999982207 4.158979748522501 1.8135752479405234 2.6354211674720934e-06 0.00046255437442245105 0.21750402902066485 0.0724114728361005 0.22924144039650604 2.2281060376868767
27.093999999982206 4.161293543783708 1.8154484291640285 2.634754467803244e-06 0.0005180915794517218 0.21764048401873268 0.07243972059486259 0.22937995078614584 2.2309368416110402
27.094499999982204 4.163594334974577 1.8172291262142966 2.6340498220308686e-06 0.0005701179780634283 0.21777520051637667 0.07246554934908048 0.22951605354946525 2.2337735445153024
27.094999999982203 4.165881798451751 1.8189174739171676 2.6333074733032113e-06 0.0006186412861687806 0.21790816419478126 0.07248896603234034 0.22964973532799574 2.23661554191642
27.095499999982202 4.16815552352852 1.8205135682246996 2.6325277214265182e-06 0.0006636688475422173 0.21803935605268346 0.07250997690332406 0.22978097831354244 2.2394620809826447
27.0959999999822 4.170415144527543 1.8220175337090605 2.631710843471971e-06 0.0007052087375635657 0.21816875965211957 0.0725285885269254 0.22990976743326047 2.242312577091075
27.0964999999822 4.172660302405466 1.8234294979624357 2.6308571279541717e-06 0.0007432688160291368 0.2182963588532585 0.07254480793184903 0.23003608824484986 2.245166317214207
27.0969999999822 4.174890638989918 1.8247495773422013 2.62996683728889e-06 0.0007778567432793842 0.21842213747776187 0.07255864142053192 0.23015992623882356 2.2480226703942487
27.097499999982197 4.177105793173693 1.8259779283874855 2.629040281707066e-06 0.0008089814942566209 0.21854607964541925 0.07257009688619752 0.23028126789105552 2.250880984046508
27.097999999982196 4.179305416496225 1.8271146773021927 2.6280776735246066e-06 0.0008366508732205959 0.2186681697163834 0.0725791808876588 0.23040009967471847 2.2537406726274747
27.098499999982195 4.181489163381782 1.828159976959685 2.627079350012131e-06 0.0008608737901895998 0.21878839257541347 0.07258590089397676 0.23051640904284035 2.256601015474187
27.098999999982194 4.183656703511821 1.8291139870120443 2.626045586368396e-06 0.0008816590416717929 0.2189067338622041 0.07259026462665431 0.23063018443267852 2.259461431493296
27.099499999982193 4.18580775290556 1.8299768722808698 2.6249765515240593e-06 0.0008990147559606832 0.2190231814518903 0.07259227986587585 0.2307414166051789 2.262321325078319
27.09999999998219 4.187941936181056 1.8307487892252114 2.6238726004465995e-06 0.0009129505613637844 0.21913771886490074 0.07259195404022223 0.23085009226642625 2.2651800499103647
27.10049999998219 4.190058917243039 1.8314299097633375 2.622734003578495e-06 0.0009234758261711482 0.21925033162844965 0.07258929513708963 0.23095620038285652 2.268036993900073
27.10099999998219 4.192158397268512 1.8320204081539444 2.6215610049153847e-06 0.0009305995544901108 0.2193610070891307 0.0725843110299401 0.23105973178894573 2.2708915187975673
27.101499999982188 4.194240084940474 1.8325204821468755 2.620353858864107e-06 0.0009343313895352381 0.2194697331694064 0.07257701048231305 0.231160678323857 2.2737430752685888
27.101999999982187 4.196303666620917 1.8329302836612225 2.6191128147877162e-06 0.0009346798636407283 0.2195764963102434 0.07256740052717991 0.2312590300455357 2.2765911240256673
27.102499999982186 4.198348828457394 1.8332500400579232 2.6178381943976477e-06 0.0009316563344827498 0.21968128379385002 0.0725554905800146 0.23135477874067403 2.279434975429108
27.102999999982185 4.200375294713802 1.8334799293577198 2.6165301833100134e-06 0.000925269396928641 0.2197840840298847 0.07254128876607836 0.23144791701839937 2.2822740909469346
27.103499999982184 4.2023827894325 1.8336201676577764 2.615189032259515e-06 0.0009155293887789873 0.21988488600139464 0.07252480403027387 0.23153843846225117 2.285107959934666
27.103999999982182 4.204370985038169 1.8336709470331438 2.613815075809312e-06 0.0009024467392438945 0.21998367593277893 0.07250604457391753 0.23162633396652027 2.2879359129602754
27.10449999998218 4.206339606797355 1.83363249262949 2.612408543766759e-06 0.0008860319960340299 0.22008044293862875 0.07248501968887819 0.23171159767274938 2.2907574390488854
27.10499999998218 4.208288414899053 1.8335050071663184 2.610969640428384e-06 0.0008662945221932023 0.22017517753113178 0.07246173777856638 0.23179422492580415 2.2935720081828355
27.10549999998218 4.210217120795677 1.8332887162865432 2.609498636438986e-06 0.000843245049651448 0.22026786812572574 0.07243620834853658 0.2318742095852371 2.2963790688401824
27.105999999982178 4.2121254382902915 1.8329838497810895 2.6079958367581987e-06 0.000816895109674288 0.22035850348191138 0.07240844016733389 0.23195154576306262 2.2991780412866967
27.106499999982177 4.214013144350443 1.8325906298108594 2.606461392622522e-06 0.0007872541970321625 0.220447075057008 0.07237844252505465 0.2320262304411152 2.3019684528847737
27.106999999982175 4.215879943561976 1.8321092929766531 2.6048956463034927e-06 0.0007543340894329329 0.22053357121763092 0.07234622470699409 0.23209825782042237 2.3047497516807836
27.107499999982174 4.217725631198071 1.831540085313175 2.6032987791037006e-06 0.0007181451861933406 0.22061798462505677 0.07231179640457125 0.23216762645077457 2.3075214133222373
27.107999999982173 4.219549929005413 1.830883229904502 2.601671052896646e-06 0.0006786984487026245 0.22070030428225745 0.07227516636239749 0.23223433125741236 2.310282996091378
27.108499999982172 4.221352599091825 1.8301389930848782 2.600012731953676e-06 0.0006360056688030742 0.2207805215617094 0.07223634488834045 0.23229837004830328 2.3130338865838955
27.10899999998217 4.223133419612106 1.829307611354385 2.598324045376081e-06 0.0005900773925301549 0.22085862829322886 0.07219534117447218 0.23235974085498168 2.315773683562621
27.10949999998217 4.2248921509381905 1.8283893465553556 2.5966052107806585e-06 0.0005409253335413324 0.22093461570425738 0.07215216516945713 0.23241844151281324 2.3185018583552957
27.10999999998217 4.22662853480494 1.827384453407338 2.5948565484245624e-06 0.0004885615130800792 0.22100847418145378 0.0721068264780909 0.23247446908662442 2.321217903614551
27.110499999982167 4.228342398048418 1.8262931940661424 2.5930782059476573e-06 0.0004329965427256429 0.22108019809880475 0.07205933508406451 0.2325278246794784 2.3239214075778123
27.110999999982166 4.230033498906149 1.8251158282943327 2.5912704590191037e-06 0.0003742423252757161 0.22114977863202806 0.07200970071892596 0.2325785064100772 2.326611878883557
27.111499999982165 4.23170165424341 1.8238526309701957 2.5894335235508326e-06 0.0003123103665855731 0.22121720991148758 0.07195793355635571 0.23262651547166574 2.3292888698168994
27.111999999982164 4.233346590447547 1.8225038700718732 2.5875676998115476e-06 0.00024721341147174213 0.22128248172048942 0.0719040435151238 0.2326718489733435 2.33195190804312
27.112499999982163 4.234968154637034 1.8210698275128847 2.585673163476756e-06 0.0001789627195244621 0.22134558968892792 0.07184804095881299 0.23271450984417255 2.334600545931534
27.11299999998216 4.2365661236287515 1.8195507685075787 2.5837501743342854e-06 0.00010757028479454816 0.22140652597843324 0.07178993553223195 0.23275449761696726 2.3372343651088148
27.11349999998216 4.238140323239769 1.8179469908131216 2.5817989488657126e-06 3.3048322298293454e-05 0.2214652854087788 0.07172973808094929 0.23279181484439063 2.33985292275983
27.11399999998216 4.239690524765595 1.8162587734797 2.57981976289849e-06 -4.4590539369716376e-05 0.2215218600624303 0.07166745863684448 0.2328264613425608 2.342455844011471
27.114499999982158 4.241216576337187 1.8144864010655826 2.57781281087371e-06 -0.0001253348190676587 0.2215762456518117 0.07160310752637469 0.23285844058870284 2.3450426470067947
27.114999999982157 4.242718285893157 1.8126301731428882 2.575778319318133e-06 -0.00020917178407710508 0.22162843622525638 0.07153669541038205 0.23288775469467166 2.34761293817499
27.115499999982156 4.244195445686106 1.8106903769190312 2.5737165732088354e-06 -0.00029608861291892884 0.22167842499702362 0.07146823232829332 0.23291440489965115 2.350166330270462
27.115999999982154 4.245647922889976 1.8086672999458444 2.571627737969915e-06 -0.0003860740081392069 0.2217262086206799 0.07139772864519586 0.23293839592934018 2.3527024379223525
27.116499999982153 4.2470755289698126 1.8065612663086879 2.5695120778734004e-06 -0.00047911426671006126 0.22177178160138786 0.0713251957040074 0.2329597308707005 2.355220838321868
27.116999999982152 4.248478073025393 1.8043725552516747 2.5673698557237975e-06 -0.0005751970402515377 0.22181513790179552 0.07125064316548903 0.23297841188728952 2.357721172167663
27.11749999998215 4.249855441657545 1.8021014918536915 2.5652012429645347e-06 -0.0006743098305496725 0.2218562755558621 0.07117408238006108 0.23299444564175753 2.360203072313544
27.11799999998215 4.251207432285675 1.799748365623231 2.5630064957870484e-06 -0.000776439893201672 0.22189518802919117 0.07109552350164614 0.23300783418458482 2.3626661774508264
27.11849999998215 4.2525338980477105 1.797313491263521 2.5607858634513535e-06 -0.0008815742323589186 0.22193187174147166 0.0710149772616039 0.23301858265654762 2.3651100982675053
27.118999999982147 4.2538347086529 1.794797188509441 2.5585395341644428e-06 -0.0009897001094532451 0.22196632394797355 0.07093245461446661 0.23302669716347257 2.3675345196297166
27.119499999982146 4.2551096998963835 1.7921997639671428 2.5562677685478655e-06 -0.0011008045740138071 0.22199854014128131 0.07084796608945568 0.23303218210063376 2.369939055646828
27.119999999982145 4.256358722834995 1.7895215353850615 2.5539708022680302e-06 -0.0012148744589142513 0.22202851671189208 0.07076152241215047 0.2330350428740689 2.3723233989852894
27.120499999982144 4.2575816525126875 1.7867628240117646 2.5516488256201135e-06 -0.0013318970058499296 0.22205625116232613 0.07067313455439678 0.23303528612131713 2.3746871947927035
27.120999999982143 4.258778350346065 1.783923943307149 2.5493020876054523e-06 -0.0014518592792316907 0.2220817403203836 0.07058281308011158 0.2330329178064742 2.377030137441361
27.12149999998214 4.259948686184777 1.781005227567555 2.5469308166080207e-06 -0.0015747477455387894 0.22210498166769027 0.07049056914981773 0.2330279447858826 2.3793519028428944
27.12199999998214 4.261092489874408 1.7780069957388842 2.5445352925989222e-06 -0.0017005487224440233 0.22212597060965805 0.07039641344474137 0.23302037188006341 2.381652127553039
27.12249999998214 4.262209703732138 1.77492957072117 2.5421156396647805e-06 -0.0018292502870389039 0.22214470788532792 0.0703003567192059 0.23301020911736445 2.383930577731401
27.122999999982138 4.263300164653854 1.7717732945936004 2.539672167131418e-06 -0.0019608379302927 0.2221611895445872 0.0702024103149465 0.23299746230223836 2.386186901521197
27.123499999982137 4.264363768282912 1.7685384851020092 2.5372050773034874e-06 -0.002095298948906781 0.22217541411965544 0.07010258464485274 0.23298213942449414 2.3884208434282397
27.123999999982136 4.265400408573562 1.7652254778380967 2.5347145710391737e-06 -0.0022326201130703016 0.22218738022133794 0.07000089086508406 0.2329642488539735 2.390632114823799
27.124499999982135 4.266409938103908 1.761834608489716 2.532200944254322e-06 -0.0023727871932375123 0.2221970846138787 0.06989733984949253 0.23294379718723357 2.392820376788071
27.124999999982133 4.267392288592954 1.7583661978098208 2.5296643619956587e-06 -0.0025157880426440113 0.22220452751578668 0.06979194222795083 0.23292079434421292 2.394985394508794
27.125499999982132 4.268347347196678 1.7548206070178414 2.5271050818620864e-06 -0.0026616079689935155 0.2222097076616342 0.06968470946720096 0.2328952491348369 2.397126910003834
27.12599999998213 4.269274992883685 1.751198147330004 2.524523332238866e-06 -0.0028102342568220515 0.2222126226779612 0.06957565188964385 0.2328671690682589 2.399244634375614
27.12649999998213 4.27017515553028 1.7474991825879647 2.5219193318864715e-06 -0.0029616528827103713 0.22221327330336002 0.06946478116070164 0.2328365650873926 2.4013383150803733
27.12699999998213 4.2710477249342755 1.7437240398279898 2.519293328269746e-06 -0.0031158504073132854 0.22221165796983489 0.06935210769216923 0.23280344564204772 2.403407712964021
27.127499999982128 4.2718926271434885 1.7398730662605226 2.5166455244223426e-06 -0.003272813389375436 0.22220777700123592 0.06923764267143988 0.23276782129411847 2.405452572209694
27.127999999982126 4.27270975723191 1.7359465909231353 2.5139761737236218e-06 -0.0034325282910369253 0.22220162913610947 0.06912139645851981 0.23272970091843836 2.4074726284978145
27.128499999982125 4.273499033231898 1.7319449741735942 2.5112855071355113e-06 -0.0035949810378747686 0.22219321448589885 0.0690033806514819 0.23268909513248068 2.409467686202343
27.128999999982124 4.274260401191813 1.7278685575274197 2.5085737245357958e-06 -0.0037601584906174637 0.22218253431635845 0.06888360600771865 0.23264601549079017 2.4114375463221873
27.129499999982123 4.274993756089652 1.7237176851122489 2.505841096740731e-06 -0.0039280465298988055 0.22216958752641475 0.06876208334991986 0.23260047136198936 2.413381882590912
27.12999999998212 4.27569904844824 1.7194926961945611 2.5030878096728224e-06 -0.004098632191758693 0.22215437555975204 0.06863882336479124 0.2325524745924878 2.415300578356379
27.13049999998212 4.276376160742606 1.7151939530427207 2.500314161321782e-06 -0.004271900375427511 0.22213689696489008 0.06851383730131586 0.23250203445939768 2.4171933400059116
27.13099999998212 4.277025089187253 1.7108218003353564 2.4975203098771324e-06 -0.004447838602881506 0.2221171554188713 0.06838713598262855 0.23244916512544164 2.4190600223179506
27.13149999998212 4.277645694313653 1.7063765698582067 2.4947065674163546e-06 -0.004626432423377027 0.22209514809662712 0.0682587295909667 0.23239387438227263 2.4209003875215287
27.131999999982117 4.278238005035092 1.7018586432336458 2.4918730759441432e-06 -0.004807668582748101 0.22207088064168376 0.06812863014586173 0.23233617874047538 2.422714271519749
27.132499999982116 4.27880190303193 1.6972683398014659 2.489020124199432e-06 -0.004991533317930533 0.2220443510980806 0.06799684731134012 0.23227608680988537 2.424501448835828
27.132999999982115 4.279337358953925 1.6926060328008516 2.486147924383564e-06 -0.00517801252373222 0.22201556231416605 0.06786339261177084 0.23221361239201854 2.426261762762787
27.133499999982114 4.279844298106951 1.6878720710520518 2.4832567442257163e-06 -0.0053670921624915414 0.22198451471981268 0.06772827677592207 0.23214876680419244 2.427995000376966
27.133999999982112 4.280322695828086 1.6830667933424184 2.480346774774548e-06 -0.005558759270527127 0.22195121101970622 0.06759150999964574 0.23208156346804898 2.429701022038143
27.13449999998211 4.280772489895311 1.6781905633665095 2.477418279339546e-06 -0.005752999440315707 0.22191565240403432 0.06745310344365185 0.23201201466443166 2.431379612427847
27.13499999998211 4.2811936596929945 1.6732437257929647 2.4744714651718587e-06 -0.0059497995289000015 0.2218778418510358 0.06731306749560367 0.23194013424712645 2.4330306443217555
27.13549999998211 4.281586131942885 1.6682266463837394 2.471506615250422e-06 -0.006149144766373439 0.2218377800816785 0.06717141325432582 0.23186593413330128 2.434653925141176
27.135999999982108 4.2819499079610415 1.6631396784280017 2.4685239156659176e-06 -0.006351021948971014 0.2217954712148138 0.06702815123619803 0.23178942941674507 2.43624933686986
27.136499999982107 4.282284936834928 1.6579831656329573 2.465523622998521e-06 -0.0065554174505492455 0.22175091678375344 0.06688329183845033 0.23171063272869769 2.437816688448623
27.136999999982105 4.282591187775728 1.6527574798130953 2.4625059821108186e-06 -0.006762316831199693 0.22170411961730957 0.06673684615970782 0.23162955817329609 2.4393558427170046
27.137499999982104 4.282868646785499 1.647462951336801 2.4594712019202724e-06 -0.00697170741105241 0.22165508286052477 0.06658882397915891 0.23154621988073748 2.4408666772421252
27.137999999982103 4.283117279918787 1.6420999377864687 2.456419569540669e-06 -0.007183574904390333 0.2216038091158662 0.06643923565695406 0.23146063163689096 2.4423490501261598
27.138499999982102 4.283337087876161 1.6366688115688182 2.45335126320021e-06 -0.007397905620271015 0.22155030263879916 0.06628809256670078 0.23137280916962005 2.4438028125314593
27.1389999999821 4.283528011293949 1.631169914858985 2.4502665638821027e-06 -0.007614685474278523 0.22149456460792943 0.06613540459978541 0.2312827648730137 2.4452278397125964
27.1394999999821 4.28369008103475 1.6256036151607687 2.447165667282239e-06 -0.007833901105280918 0.2214366007421579 0.06598118265474744 0.2311905158506471 2.446624010443614
27.1399999999821 4.283823258727385 1.6199702578039765 2.4440488465209466e-06 -0.008055538660790952 0.22137641325991014 0.06582543676876632 0.23109607564114298 2.4479912025156665
27.140499999982097 4.283927536472004 1.6142701933631167 2.440916332553276e-06 -0.008279584550523512 0.22131400587921982 0.06566817704112314 0.23099945929491025 2.449329286025191
27.140999999982096 4.284002926256128 1.6085037974929306 2.437768348956761e-06 -0.008506024730196118 0.22124938354339313 0.06550941452747101 0.2309006833397732 2.4506381799998964
27.141499999982095 4.284049436014498 1.6026713923997775 2.434605125345127e-06 -0.008734846830298371 0.22118255038995543 0.06534915844768283 0.23079976311940684 2.4519177739737357
27.141999999982094 4.284067035584927 1.5967733529996264 2.431426926063263e-06 -0.008966035961767541 0.221113509408157 0.0651874195791238 0.23069671327317076 2.453167949163641
27.142499999982093 4.284055752579783 1.5908100113857282 2.428234069037397e-06 -0.009199579249377027 0.22104226595293908 0.06502420710198215 0.230591550376888 2.4543885975499595
27.14299999998209 4.284015566932813 1.5847817503569401 2.4250266761430413e-06 -0.009435462258274373 0.22096882334926252 0.06485953244951952 0.23048428968143397 2.4555796411129833
27.14349999998209 4.283946532691995 1.578688902725841 2.421804981270541e-06 -0.009673672794460356 0.22089318812871267 0.06469340503389946 0.23037494907624242 2.456740993374429
27.14399999998209 4.283848645549456 1.5725318397111612 2.4185692561963468e-06 -0.009914196301526916 0.220815364472916 0.0645258353398231 0.23026354444834274 2.4578725524806155
27.144499999982088 4.283721892605518 1.5663108981558025 2.415319758647225e-06 -0.01015701946046903 0.2207353557496781 0.0643568329249272 0.23015009073729317 2.4589742404760946
27.144999999982087 4.28356635041728 1.5600264482008281 2.4120566598968116e-06 -0.010402129116364914 0.22065316995204987 0.06418640823966229 0.23003460761970213 2.460045994265896
27.145499999982086 4.283381987462524 1.5536788159135808 2.4087802674755127e-06 -0.010649511740847441 0.2205688094932318 0.06401457021984536 0.22991710902412535 2.461087717867798
27.145999999982084 4.2831688851478 1.5472683854773042 2.4054907715179206e-06 -0.010899153844247549 0.22048228273813253 0.06384132993978466 0.22979761522787576 2.4620993499571786
27.146499999982083 4.282927020730854 1.5407954728426119 2.4021884470052797e-06 -0.01115104232627963 0.22039359241966072 0.0636666958484309 0.22967614043444437 2.463080821304517
27.146999999982082 4.282656442478122 1.5342604595604281 2.3988735226981583e-06 -0.011405163078246471 0.2203027453476763 0.06349067871739954 0.2295527033963237 2.464032058836587
27.14749999998208 4.28235720054969 1.5276636638290308 2.395546219659125e-06 -0.011661504227774582 0.22020974769668225 0.06331328729350305 0.22942732184593995 2.464953032152749
27.14799999998208 4.282029347188861 1.5210054658877203 2.3922067645893563e-06 -0.011920051632010254 0.22011460645825973 0.063134532121618 0.2293000147261224 2.465843672019669
27.14849999998208 4.28167289698144 1.5142861999066894 2.388855415122348e-06 -0.01218079221428074 0.22001732633485627 0.06295442236415189 0.22917079849254385 2.466703911146229
27.148999999982077 4.28128789476574 1.507506213341586 2.385492413246797e-06 -0.012443712748825119 0.2199179136281231 0.06277296740216678 0.22903969122838813 2.46753371756406
27.149499999982076 4.2808743906868845 1.5006658380979991 2.3821180373944486e-06 -0.012708800456153978 0.2198163748092989 0.06259017599587209 0.22890671107359598 2.4683330141082833
27.149999999982075 4.280432464964775 1.4937654489973435 2.378732417245332e-06 -0.01297604221827744 0.21971271798971503 0.06240605884802007 0.22877187829587164 2.469101822596514
27.150499999982074 4.279962148155378 1.4868053787248954 2.375335850423968e-06 -0.013245424885630267 0.21960694871611092 0.06222062471497022 0.22863521020333374 2.4698400562061793
27.150999999982073 4.279463520603656 1.4797859751601665 2.3719285394976263e-06 -0.013516935710161894 0.2194990750058175 0.0620338828586038 0.22849672667659185 2.4705477130391813
27.15149999998207 4.278936608156313 1.472707584241484 2.368510757910759e-06 -0.013790561198369017 0.21938910223283248 0.06184584265389237 0.2283564450815089 2.471224721148793
27.15199999998207 4.278381503234799 1.4655705384589865 2.365082716357961e-06 -0.01406628929312716 0.21927703882099342 0.06165651288518493 0.22821438567658783 2.4718710970630378
27.15249999998207 4.2777982920006 1.4583752042253797 2.3616446317529163e-06 -0.014344106632317838 0.2191628932896248 0.06146590338715773 0.22807056905562842 2.472486802039161
27.152999999982068 4.277187011244723 1.4511219005853118 2.358196732656937e-06 -0.014624000795294405 0.21904667121608834 0.06127402252112455 0.22792501268186682 2.473071812098875
27.153499999982067 4.276547760259332 1.4438109795304233 2.3547392856104246e-06 -0.014905958930144568 0.21892838166797235 0.06108087955969215 0.22777773762852713 2.4736261175973406
27.153999999982066 4.2758805870879995 1.4364427884333097 2.3512724913430052e-06 -0.015189967793656056 0.21880803106576083 0.06088648369451335 0.227628762411804 2.474149700414413
27.154499999982065 4.275185604770216 1.429017662912945 2.3477965841758907e-06 -0.015476015345419111 0.21868562890475354 0.06069084365312827 0.2274781084934717 2.474642558089524
27.154999999982063 4.274462894473425 1.4215359425272747 2.344311781154088e-06 -0.015764088965140505 0.21856118315193307 0.060493968268392165 0.22732579589331903 2.4751046803393026
27.155499999982062 4.273712525394121 1.4139979493494303 2.340818331387216e-06 -0.01605417636850435 0.21843470109279534 0.06029586573690623 0.22717184386568004 2.4755360724228885
27.15599999998206 4.272934618735861 1.406404048915495 2.3373164342858183e-06 -0.01634626459240275 0.2183061928995155 0.060096545666217166 0.2270162748029688 2.4759367301749533
27.15649999998206 4.272129250609311 1.3987545538003778 2.3338063267383136e-06 -0.016640341873762295 0.21817566600275218 0.05989601607111555 0.22685910815881186 2.476306664739618
27.15699999998206 4.271296527315119 1.391049808857101 2.3302882275892606e-06 -0.016936395454770003 0.2180431297571163 0.05969428551061222 0.22670036534576093 2.4766458789844554
27.157499999982058 4.270436549060271 1.383290129231215 2.32676236447788e-06 -0.017234413845717753 0.21790859276461907 0.05949136209282195 0.2265400670630282 2.4769543950408175
27.157999999982056 4.269549430398853 1.3754758808192125 2.3232289428765963e-06 -0.017534383906195636 0.21777206491303258 0.05928725534376314 0.22637823552994776 2.477232218414308
27.158499999982055 4.268635271307761 1.3676073873048575 2.3196881758067256e-06 -0.01783629362406018 0.21763355497114784 0.059081973284584734 0.22621489161154643 2.477479373250887
27.158999999982054 4.267694196082505 1.3596849577253067 2.316140285916307e-06 -0.018140131889715895 0.21749307266065504 0.05887552357656871 0.22605005710409445 2.477695883700023
27.159499999982053 4.266726318188906 1.3517089505697815 2.312585476004437e-06 -0.018445885651749476 0.2173506278008849 0.05866791527858383 0.22588375414369957 2.477881769447632
27.159999999982052 4.265731751694766 1.3436796888392428 2.309023935919006e-06 -0.018753543285706446 0.21720622973117648 0.05845915656859674 0.22571600432072422 2.4780370774346476
27.16049999998205 4.264710633368136 1.335597494332722 2.3054559318378754e-06 -0.01906309311725218 0.21705988903820628 0.058249255224641465 0.225546830353922 2.4781618174760607
27.16099999998205 4.263663066639428 1.327462689774253 2.30188165699958e-06 -0.01937452318243509 0.21691161461543346 0.05803821913666343 0.2253762533723915 2.478256038666972
27.16149999998205 4.262589213551923 1.319275609667499 2.2983012968377657e-06 -0.019687821953178246 0.21676141832568316 0.0578260565686871 0.22520429753027996 2.4783197806379964
27.161999999982047 4.261489186962953 1.311036583470028 2.2947150720351094e-06 -0.02000297735159947 0.2166093095902132 0.057612775696723205 0.22503098459447396 2.478353089035035
27.162499999982046 4.260363153614849 1.302745921036731 2.2911231528344982e-06 -0.020319978675553445 0.216455300222801 0.05739838382464374 0.2248563385666479 2.4783560199242936
27.162999999982045 4.259211231172586 1.2944039686760778 2.287525788324716e-06 -0.020638813196827817 0.21629940012787754 0.0571828895636612 0.22468038179757285 2.4783285977386917
27.163499999982044 4.258033567548517 1.2860110237905604 2.2839231529337145e-06 -0.020959470428702776 0.21614162007099774 0.056966299897400034 0.224503137286693 2.4782708995195657
27.163999999982043 4.256830319438443 1.2775674160328931 2.28031544314467e-06 -0.02128193871516687 0.21598197162379862 0.05674862267715562 0.22432462895931346 2.478182971197316
27.16449999998204 4.2556016439983 1.2690734812452913 2.2767028411383863e-06 -0.021606206362068434 0.2158204663941312 0.05652986614584547 0.22414488090163423 2.4780648783055175
27.16499999998204 4.2543476910233835 1.2605295285879459 2.2730855599141697e-06 -0.02193226225369816 0.21565711545767968 0.05631003743128074 0.22396391649237654 2.477916687631372
27.16549999998204 4.253068628049664 1.2519358713545057 2.269463765095379e-06 -0.022260095680444694 0.21549193065771446 0.05608914408542996 0.2237817600309013 2.4777384682673924
27.165999999982038 4.251764619677746 1.2432928394973075 2.265837611083113e-06 -0.022589695186021965 0.21532492391337488 0.05586719398273531 0.2235984359301349 2.477530290647399
27.166499999982037 4.2504358435126175 1.2346007459308486 2.2622073408240844e-06 -0.022921049642413163 0.21515610772478644 0.055644194088641324 0.22341396899872726 2.477292228229925
27.166999999982036 4.249082432558602 1.2258598878967355 2.258573125304186e-06 -0.023254148375341437 0.21498549212808543 0.05542015140653002 0.22322838176213208 2.4770243612446086
27.167499999982034 4.2477046333627 1.217070612466218 2.2549351180835292e-06 -0.023588980344845033 0.21481309319552935 0.05519507415448113 0.22304170285589944 2.4767267681404315
27.167999999982033 4.2463025484541355 1.2082332120945871 2.251293531650718e-06 -0.023925534302224667 0.2146389195219503 0.05496896888036819 0.22285395330791885 2.4763995321375787
27.168499999982032 4.24487641115109 1.1993479993241585 2.247648500997664e-06 -0.02426380028252702 0.21446298616738083 0.05474184272278222 0.22266516068901832 2.4760427502587756
27.16899999998203 4.243426417326592 1.19041528776053 2.2440001995376825e-06 -0.024603767720752893 0.21428530640638213 0.05451370293189028 0.22247535084831357 2.475656521017452
27.16949999998203 4.241952741868317 1.181435404395702 2.240348792367745e-06 -0.024945425173229306 0.21410589265610963 0.05428455699428629 0.2222845487999754 2.4752409439168614
27.16999999998203 4.2404555604303455 1.1724086211890659 2.236694473184332e-06 -0.02528876311915426 0.2139247568200773 0.0540544107265026 0.222092778900205 2.4747960944125396
27.170499999982027 4.238935110667562 1.1633352953252796 2.2330373682741825e-06 -0.02563377003099149 0.21374191463788972 0.053823272580809586 0.22190006964933748 2.474322099927621
27.170999999982026 4.237391565737717 1.154215689155581 2.2293776518880947e-06 -0.025980436622509703 0.21355737779077788 0.0535911479128679 0.22170644517151086 2.473819058034936
27.171499999982025 4.235825144151709 1.1450501545043759 2.2257154393108902e-06 -0.02632875145404057 0.21337116098973 0.053358045212237824 0.2215119330512583 2.47328707999357
27.171999999982024 4.234236072809793 1.1358389646687004 2.2220509257984294e-06 -0.02667870534849288 0.2131832786887027 0.05312396987859437 0.22131656017387988 2.4727262865776076
27.172499999982023 4.232624548942519 1.126582438719578 2.218384244950951e-06 -0.027030287497494046 0.21299374427382864 0.05288892912222956 0.22112035267174868 2.4721367943547183
27.17299999998202 4.230990802251215 1.1172808690694418 2.214715532015005e-06 -0.027383488535101034 0.21280257240861528 0.05265292938652672 0.22092333792756827 2.471518722777899
27.17349999998202 4.229335044829339 1.1079345696663518 2.2110449552107636e-06 -0.027738297674020685 0.21260977725598101 0.052415977308527574 0.22072554274460063 2.470872195529574
27.17399999998202 4.227657509930392 1.0985438288922504 2.207372631348619e-06 -0.028094705921726987 0.21241537353057915 0.05217807941059676 0.22052699468305992 2.470197352646
27.174499999982018 4.225958435744127 1.0891089837913295 2.2036986615819844e-06 -0.028452702107121367 0.21221937688151005 0.05193924292884912 0.2203277221259163 2.469494318033292
27.174999999982017 4.2242380469251 1.0796302941986988 2.2000232207649284e-06 -0.028812277727071355 0.21202180142489627 0.05169947311913002 0.22012775188075603 2.4687632296202686
27.175499999982016 4.222496590564096 1.0701080639286151 2.196346435182742e-06 -0.02917342295094934 0.2118226628448508 0.05145877632269979 0.2199271123849626 2.468004241417514
27.175999999982015 4.220734316652598 1.060542632135313 2.1926683860864173e-06 -0.029536127142553305 0.21162197722023962 0.05121716042784974 0.21972583273588198 2.4672174869329746
27.176499999982013 4.218951458907851 1.0509342741962042 2.1889892294174046e-06 -0.029900381065506867 0.21141975938268037 0.05097463066454193 0.21952394041807707 2.4664031030879072
27.176999999982012 4.217148272697338 1.0412832729010386 2.18530904659742e-06 -0.03026617607322609 0.2112160250789558 0.05073119304952828 0.21932146409432457 2.4655612646091356
27.17749999998201 4.215325009682056 1.031589935161936 2.1816279812242174e-06 -0.0306335021910482 0.21101079025406633 0.05048685394667703 0.2191184325463461 2.4646921222647658
27.17799999998201 4.213481927914652 1.0218545463833804 2.1779461344116883e-06 -0.03100235055770768 0.21080407090871214 0.05024161927833032 0.2189148746876215 2.4637958222591783
27.17849999998201 4.211619306529233 1.012077424493603 2.1742635823949388e-06 -0.031372711264754626 0.21059588438875532 0.04999549565214023 0.2187108207635983 2.4628725458126564
27.178999999982008 4.209737396579387 1.0022588589355077 2.170580448393954e-06 -0.03174457515887524 0.21038624639393044 0.04974848911890967 0.2185062994363306 2.4619224445759684
27.179499999982006 4.20783649434518 0.9923991451615728 2.1668967967506586e-06 -0.03211793332108419 0.2101751748961729 0.049500605468018204 0.2183013415560126 2.460945712750012
27.179999999982005 4.205916849048637 0.9824985630765013 2.1632127346053115e-06 -0.032492776928665874 0.20996268534561652 0.0492518504548622 0.21809597557797006 2.459942507656545
27.180499999982004 4.203978756752233 0.9725574116294067 2.159528361891912e-06 -0.03286909688818734 0.2097487957790532 0.049002230017444665 0.21789023247426803 2.458913014118826
27.180999999982003 4.202022462019768 0.962575980466141 2.155843767482957e-06 -0.03324688387412682 0.2095335215661708 0.04875175002131651 0.2176841406198476 2.4578574160860063
27.181499999982 4.200048327051787 0.9525545828197101 2.1521589631639164e-06 -0.0336261295242902 0.20931688393979508 0.04850041702060625 0.2174777343550891 2.456775904439584
27.181999999982 4.198056592852142 0.9424934757052822 2.1484740705796183e-06 -0.034006825350184094 0.20909889786223348 0.048248235577226385 0.21727104154468954 2.4556686642790284
27.182499999982 4.19604753131517 0.9323929742900403 2.144789185919019e-06 -0.034388961214406856 0.20887958037353943 0.047995211960570314 0.2170640921976087 2.454535893369478
27.182999999982 4.19402150540998 0.9222533678378178 2.1411043249055546e-06 -0.03477252997484943 0.2086589523929337 0.04774135250234875 0.21685692055667002 2.4533777943131256
27.183499999981997 4.1919787881196084 0.912074929677628 2.1374195506363564e-06 -0.03515752282907215 0.20843703060378796 0.04748666184241645 0.21664955617618326 2.452194563181985
27.183999999981996 4.1899196629443205 0.901857954988785 2.1337349661869546e-06 -0.03554393059700448 0.20821383238661056 0.04723114576295345 0.21644202948938912 2.4509864196867444
27.184499999981995 4.18784446912645 0.8916027389165865 2.1300505832116334e-06 -0.035931745171315345 0.2079893776843417 0.04697481018109534 0.21623437361373887 2.4497535572455567
27.184999999981994 4.185753534793327 0.8813095751937159 2.126366435249025e-06 -0.03632095824232289 0.20776368593842642 0.04671766089406776 0.21602662114141108 2.4484962169880053
27.185499999981992 4.1836471707447505 0.8709787398742654 2.1226825410255606e-06 -0.03671156182831844 0.2075367755711473 0.04645970303356663 0.21581880361152594 2.4472146009218028
27.18599999998199 4.181525664833182 0.8606105264782171 2.1189989927070075e-06 -0.037103546741683646 0.20730866416164248 0.04620094213233821 0.2156109516495223 2.445908936429421
27.18649999998199 4.17938938255404 0.8502052173674141 2.1153158130040424e-06 -0.037496905555928564 0.2070793728309675 0.04594138353536782 0.2154030995586666 2.4445794431333026
27.18699999998199 4.177238636816363 0.8397631194716803 2.1116330125987775e-06 -0.037891629207113364 0.20684892046507541 0.045681033283375236 0.21519527937055982 2.4432263684848143
27.187499999981988 4.175073775117578 0.8292844894540079 2.1079506461835926e-06 -0.03828771054705399 0.20661732709486327 0.045419895509039104 0.21498752415620012 2.4418499410265153
27.187999999981987 4.172895122055684 0.8187696162516799 2.1042686991460433e-06 -0.03868514184293487 0.2063846118260558 0.04515797635758676 0.21477986643703847 2.4404503998565503
27.188499999981985 4.170703042635885 0.8082188084709058 2.100587164300737e-06 -0.039083914189824334 0.20615079618239604 0.044895281143764884 0.21457234067794254 2.4390279938019623
27.188999999981984 4.1684978600368545 0.7976323473825552 2.0969061101409032e-06 -0.03948401955913574 0.20591589925596457 0.04463181526515892 0.21436497918457212 2.437582970151357
27.189499999981983 4.166279941171098 0.7870105085758434 2.0932255103206186e-06 -0.03988545073795266 0.20567994212119708 0.04436758366649732 0.21415781622894894 2.4361155817334232
27.189999999981982 4.164049621158807 0.7763535866858653 2.0895453521667434e-06 -0.04028819948390015 0.20544294459255732 0.04410259203300267 0.2139508848416958 2.4346260875874
27.19049999998198 4.161807295998192 0.765661860252659 2.0858656178807473e-06 -0.040692258704911416 0.20520492923972683 0.04383684516353984 0.21374422073282098 2.433114741361741
27.19099999998198 4.15955329485632 0.7549356174353251 2.0821863374763273e-06 -0.04109762013017713 0.2049659155281253 0.04357034844403167 0.21353785653176643 2.4315818227753647
27.19149999998198 4.157287986950339 0.744175161721921 2.0785074578524945e-06 -0.04150427543006763 0.20472592502443288 0.0433031073640284 0.2133318268882194 2.430027589014261
27.191999999981977 4.155011748690361 0.7333807452322704 2.0748289675908315e-06 -0.04191221843878316 0.2044849790514329 0.043035126285883865 0.213126166405177 2.4284523168754752
27.192499999981976 4.152724956975336 0.7225526989868375 2.071150836412065e-06 -0.04232144006063704 0.2042430998004766 0.04276641177801974 0.2129209103899396 2.426856285622076
27.192999999981975 4.1504279751022715 0.7116912697790303 2.0674730646561187e-06 -0.04273193364555466 0.20400030799815227 0.04249696739917083 0.21271609260832916 2.4252397890226645
27.193499999981974 4.148121192383778 0.7007967622447454 2.0637956042211757e-06 -0.043143691364482005 0.20375662614350593 0.04222679905078609 0.21251174875760068 2.4236031042274586
27.193999999981973 4.1458049848344825 0.6898694571218567 2.0601184139386092e-06 -0.04355670578684711 0.2035120758701644 0.04195591156723902 0.21230791355817027 2.421946516281169
27.19449999998197 4.1434797727107595 0.678909632591467 2.056441428235987e-06 -0.043970970485538614 0.2032666808425706 0.041684310022410215 0.21210462391998902 2.4202703338513447
27.19499999998197 4.141145900993372 0.6679176083049226 2.0527646208059845e-06 -0.04438647601279876 0.20302046172278765 0.04141200020943119 0.2119019133757753 2.4185748560792426
27.19549999998197 4.138803802456814 0.6568936401138169 2.0490879190614687e-06 -0.044803216762077075 0.20277344254561155 0.0411389862911039 0.2116998191475083 2.416860383218865
27.195999999981968 4.136453839068522 0.6458380134220641 2.0454112715559194e-06 -0.045221184966019075 0.20252564434718165 0.04086527324088079 0.2114983752775039 2.4151272194596407
27.196499999981967 4.134096447636972 0.6347510534531637 2.041734610776474e-06 -0.04564037259496294 0.20227709214566222 0.04059086736825753 0.21129761979544218 2.4133756742086114
27.196999999981966 4.131732017155063 0.6236330194756392 2.0380578448417064e-06 -0.04606077320209423 0.20202780796868666 0.04031577272016949 0.21109758774233225 2.4116060775431905
27.197499999981964 4.129360963351598 0.6124842060841073 2.0343809254914596e-06 -0.04648237935445717 0.20177781553596885 0.04003999444295676 0.21089831575408835 2.409818766990952
27.197999999981963 4.126983687064777 0.6013049093866268 2.0307037928248556e-06 -0.04690518335927085 0.20152713787173734 0.03976353770184969 0.21069983971353057 2.408014050386135
27.198499999981962 4.124600611917409 0.5900954265556029 2.027026336665165e-06 -0.047329178019439526 0.2012757990633699 0.03948640781424369 0.21050219662195124 2.406192257315494
27.19899999998196 4.122212165821581 0.5788560177455453 2.023348462850646e-06 -0.04775435751989979 0.20102382297460802 0.03920860903816781 0.21030542334465094 2.4043537322295947
27.19949999998196 4.119818757850967 0.5675870213523887 2.019670072374504e-06 -0.048180712661878906 0.2007712335193038 0.03893014755093561 0.21010955635050724 2.402498791335256
27.19999999998196 4.11742081358485 0.556288687529579 2.015991103396117e-06 -0.04860823795994093 0.20051805437788242 0.038651027394592474 0.2099146322858871 2.400627827874289
27.200499999981957 4.1150187533778695 0.5449613238273819 2.0123113870715587e-06 -0.049036925705393475 0.2002643095883525 0.03837125391533295 0.20972068783162698 2.3987411382297497
27.200999999981956 4.112613037086963 0.5336052387937466 2.0086308743471998e-06 -0.049466768404376985 0.20001002519808864 0.038090832423372585 0.20952776157544797 2.396839113151523
27.201499999981955 4.110204090910068 0.522220724323206 2.0049494061305108e-06 -0.049897759216392654 0.19975522532352102 0.03780976813155838 0.20933589034140793 2.394922110667317
27.201999999981954 4.107792334461332 0.5108080657605626 2.0012669293526334e-06 -0.0503298908926191 0.19949993382060435 0.037528065604462806 0.20914511043699138 2.3929904622080977
27.202499999981953 4.1053782218476425 0.4993675624655458 1.9975832536950095e-06 -0.05076315668666417 0.1992441762369097 0.03724573014028317 0.20895545997844217 2.391044568069358
27.20299999998195 4.102962206248966 0.4878995273700082 1.9938982859162323e-06 -0.05119754908310148 0.19898797829191855 0.036962767376226044 0.20876697705559336 2.3890847868049576
27.20349999998195 4.100544700144958 0.4764042449018142 1.9902118994544426e-06 -0.051633060854184884 0.19873136346555964 0.036679181747665913 0.20857969741020013 2.387111487098328
27.20399999998195 4.098126202453884 0.4648820256352776 1.9865239290689733e-06 -0.05206968531471525 0.19847435964057197 0.036394978738215775 0.2083936612300474 2.385125074995684
27.204499999981948 4.095707135812087 0.45333315312401284 1.9828342574863705e-06 -0.052507415629745535 0.19821699073851745 0.03611016309350665 0.2082089046899484 2.3831259372813545
27.204999999981947 4.093287954461048 0.441757944933073 1.9791427083737335e-06 -0.052946244160615795 0.1979592825212107 0.03582474038644874 0.20802546558242457 2.381114423241997
27.205499999981946 4.090869139915338 0.430156706607224 1.975449173753266e-06 -0.05338616393312604 0.19770126209915379 0.03553871579511093 0.20784338299656924 2.379090967442038
27.205999999981945 4.0884511523087 0.41852975662990466 1.9717534502078414e-06 -0.05382716752091684 0.19744295547500193 0.03525209506744745 0.20766269486037398 2.377055966002788
27.206499999981943 4.086034430019812 0.4068773606640403 1.968055394600429e-06 -0.054269248718906385 0.19718438721874224 0.034964881995664464 0.20748343763374494 2.3750098290180097
27.206999999981942 4.083619434258987 0.39519988266880535 1.964354887615873e-06 -0.05471239843328262 0.19692558397958876 0.03467708389095385 0.20730564950141755 2.3729529301937453
27.20749999998194 4.081206671886105 0.3834975884085944 1.9606516820916273e-06 -0.0551566114366514 0.19666657355680695 0.034388704256076236 0.20712937000860254 2.370885733748578
27.20799999998194 4.078796584115593 0.3717708124233067 1.956945682128954e-06 -0.05560187933406464 0.1964073813295139 0.03409974947787215 0.20695463594867985 2.36880861208369
27.20849999998194 4.076389651168954 0.36001985099030104 1.953236671868206e-06 -0.05604819544697673 0.19614803420663562 0.0338102241038121 0.20678148560724677 2.3667220293321742
27.208999999981938 4.073986357252755 0.3482450632858801 1.949524453349952e-06 -0.056495551314554054 0.1958885598131424 0.03352013525607338 0.20660995777451757 2.3646263703937707
27.209499999981936 4.071587185738174 0.33644670643357494 1.945808904955657e-06 -0.05694394158076616 0.19562898480308272 0.03322948641409781 0.20644009045043354 2.362522135472456
27.209999999981935 4.069192607902244 0.3246251518201897 1.942089758111001e-06 -0.05739335686002266 0.19536933643751647 0.032938284417964 0.20627192153101231 2.3604096982445864
27.210499999981934 4.066803103800899 0.312780682303352 1.938366866062434e-06 -0.057843791313049495 0.19510964132568018 0.03264653414480805 0.20610548882397894 2.3582895323444006
27.210999999981933 4.0644191604578 0.3009136281796551 1.934640013113414e-06 -0.05829523706683012 0.19484992710699475 0.03235424108701472 0.20594083051836945 2.356162083967625
27.211499999981932 4.0620412691973 0.2890243278335878 1.9309089996567772e-06 -0.058747686275301615 0.1945902216286428 0.032061411397443854 0.20577798496676397 2.3540278081480137
27.21199999998193 4.059669934245299 0.27711311188761084 1.9271736083539407e-06 -0.05920113139965679 0.1943305532457897 0.03176805074312925 0.20561699086367397 2.3518871405716446
27.21249999998193 4.057305601782468 0.2651802946371917 1.923433682274908e-06 -0.059655564732930697 0.1940709474641268 0.03147416452871646 0.2054578839714102 2.34974057022243
27.21299999998193 4.054948807653051 0.25322621092242004 1.9196889566985555e-06 -0.0601109792033839 0.1938114341752088 0.031179758652686636 0.20530070430342107 2.3475885506133976
27.213499999981927 4.0526000033179574 0.2412511977759279 1.915939259056464e-06 -0.06056736619998266 0.19355203942484883 0.03088483893957851 0.20514548761853074 2.3454315421125496
27.213999999981926 4.0502597366498385 0.22925558611252336 1.9121843312598563e-06 -0.0610247189210061 0.19329279362842877 0.030589411130638854 0.2049922741504894 2.3432700495521646
27.214499999981925 4.047928463156279 0.21723971659123498 1.9084239812883515e-06 -0.06148302887621773 0.19303372298637655 0.030293481393243272 0.20484109954962104 2.341104521794424
27.214999999981924 4.045606695790529 0.20520392857439065 1.9046579747107127e-06 -0.06194228832890608 0.19277485645870562 0.029997055572157018 0.20469200206430874 2.3389354905827657
27.215499999981922 4.0432949325074485 0.19314857110117353 1.9008860484700909e-06 -0.062402489043341426 0.19251622238322658 0.02970013981479 0.20454501906556016 2.3367633863465818
27.21599999998192 4.040993698583412 0.18107397162242944 1.897107995480702e-06 -0.06286362407796166 0.19225785004782445 0.02940273998550552 0.20440018898201215 2.3345887592200096
27.21649999998192 4.0387034487087865 0.16898051004509848 1.89332364540727e-06 -0.0633256831621954 0.19199976619637335 0.02910486299876832 0.2042575467824821 2.3324120889248054
27.21699999998192 4.0364247236255375 0.15686852333876175 1.8895326716231055e-06 -0.06378865925648727 0.1917420010027316 0.028806514664604006 0.2041171312883703 2.330233845978392
27.217499999981918 4.034158017871095 0.14473836469774964 1.8857348433762684e-06 -0.06425254395759497 0.1914845826795321 0.02850770140213385 0.203978978937072 2.3280546114414005
27.217999999981917 4.0319038501740065 0.13259038704332254 1.8819299322409903e-06 -0.06471732916188591 0.1912275406272999 0.028208429549362833 0.20384312714893013 2.32587482013791
27.218499999981915 4.029662709105874 0.12042493228547627 1.8781176789231275e-06 -0.06518300675630821 0.19097090257836033 0.027908705065675506 0.2037096115057642 2.3236950643264955
27.218999999981914 4.027435084391293 0.10824240147708664 1.8742979147381403e-06 -0.06564956621716644 0.19071469721754522 0.02760853552577261 0.20357846770510854 2.3215157891345672
27.219499999981913 4.02522151052904 0.09604312273205962 1.8704702664331346e-06 -0.06611700082989243 0.19045895428564444 0.02730792647126149 0.20344973313937037 2.319337575298661
27.219999999981912 4.023022499708771 0.08382751030071613 1.8666345729288041e-06 -0.06658530001554165 0.19020370363108752 0.027006886055287407 0.2033234441660517 2.317160966749776
27.22049999998191 4.020838573574676 0.07159590927155593 1.8627905198665551e-06 -0.06705445601961585 0.18994897461999655 0.026705420183592926 0.2031996370529656 2.3149864627614107
27.22099999998191 4.0186701975639805 0.05934866290850296 1.858937895862135e-06 -0.06752446034897014 0.18969479407835466 0.026403534945456178 0.20307834523519475 2.312814615977366
27.22149999998191 4.016517923824668 0.04708620014686764 1.8550763772425784e-06 -0.06799530260064494 0.18944119379642466 0.02610123865652994 0.20295960618352837 2.310646019854002
27.221999999981907 4.014382219530866 0.034808876686969435 1.8512057806906473e-06 -0.06846697376553224 0.18918820074934617 0.02579853779250425 0.20284345281920305 2.308481143847929
27.222499999981906 4.012263638848098 0.022517092234481464 1.8473257840583508e-06 -0.06893946445074578 0.18893584661331655 0.02549543966462453 0.20272992215738364 2.3063206037605424
27.222999999981905 4.010162662230561 0.010211228328237294 1.8434361335889898e-06 -0.06941276511602813 0.18868415925433 0.0251919515918656 0.20261904732668434 2.3041648898289218
27.223499999981904 4.008079791245528 -0.00210833015446563 1.839536619186854e-06 -0.06988686600132481 0.18843316767140386 0.024888080578669553 0.20251086211128744 2.3020146258514727
27.223999999981903 4.006015568017073 -0.014441184129709746 1.8356269036439537e-06 -0.07036175774588979 0.18818290287586087 0.02458383414853118 0.20240540207543734 2.2998703842074697
27.2244999999819 4.003970490912098 -0.026786929750375957 1.8317067433037074e-06 -0.070837430008041 0.1879333939312227 0.024279219966744592 0.20230270034491832 2.297732679757866
27.2249999999819 4.001945051655456 -0.039145160398072996 1.827775854042965e-06 -0.07131387229133428 0.1876846695917804 0.02397424571564575 0.20220278939370415 2.2956021501898336
27.2254999999819 3.999939754384887 -0.05151549955633321 1.823834011893184e-06 -0.07179107536987729 0.18743675884671862 0.023668918387618983 0.20210570196648614 2.2934793344148034
27.225999999981898 3.9979551550895125 -0.06389748906227914 1.8198808760819877e-06 -0.07226902795660058 0.18718969403953767 0.023363247292967647 0.2020114731407105 2.291364830863267
27.226499999981897 3.9959917167291286 -0.07629072898854444 1.8159162101376755e-06 -0.07274771916039921 0.18694350257716227 0.023057239740213356 0.20192013298157135 2.2892592377175953
27.226999999981896 3.9940499357585058 -0.08869483069764482 1.8119397638018083e-06 -0.07322713930663595 0.18669821320588065 0.022750903106685025 0.2018317129131884 2.2871631135379187
27.227499999981895 3.992130364582671 -0.10110934954064787 1.8079511876041303e-06 -0.0737072774292735 0.18645385797863592 0.0224442461079711 0.20174624676684422 2.2850771103054557
27.227999999981893 3.990233448562112 -0.11353385831398455 1.8039502811908297e-06 -0.07418812147345201 0.18621046377189868 0.022137277077313063 0.20166376278921058 2.28300172251838
27.228499999981892 3.988359703604154 -0.1259679312945144 1.7999367979043304e-06 -0.07466966042463546 0.18596806071908584 0.021830004178532952 0.20158429224020094 2.280937664477774
27.22899999998189 3.986509664952445 -0.13841111841116613 1.7959103987768754e-06 -0.07515188301081409 0.18572668014528596 0.021522436472953377 0.20150786711588398 2.2788854672303973
27.22949999998189 3.984683824388604 -0.15086301110976896 1.7918708047163046e-06 -0.07563477880315102 0.18548635079271159 0.021214581926313786 0.20143451685673616 2.276845809137504
27.22999999998189 3.9828826504980426 -0.16332312795773635 1.7878177213376628e-06 -0.07611833410791734 0.18524710125412275 0.02090645021415297 0.20136426935029111 2.2748192248186507
27.230499999981888 3.9811066301777096 -0.17579105673344703 1.7837509798375914e-06 -0.07660253798097988 0.18500896019438928 0.020598049292819855 0.20129715301515325 2.2728063611477807
27.230999999981886 3.979356297600103 -0.1882663377076449 1.7796702404457133e-06 -0.07708737851989157 0.18477195902389945 0.020289388173652226 0.20123319815840465 2.270807835092991
27.231499999981885 3.977632114466678 -0.20074849608653342 1.7755752436427717e-06 -0.07757284236018126 0.18453612589087798 0.019980476675585737 0.2011724312097339 2.268824300632868
27.231999999981884 3.9759345598567144 -0.21323708713195255 1.771465734847862e-06 -0.07805891738619712 0.18430148940461358 0.019671323666412544 0.20111487899967223 2.266856299649747
27.232499999981883 3.97426414171743 -0.2257316502978688 1.7673414047644045e-06 -0.07854559145569488 0.18406807976358813 0.019361938458574424 0.20106056944575978 2.2649045582693654
27.23299999998188 3.972621341981177 -0.23823168598384825 1.7632020532626101e-06 -0.07903285002676326 0.18383592645599628 0.0190523310469971 0.20100952852442516 2.262969642500964
27.23349999998188 3.971006636568004 -0.2507367582419324 1.759047359149245e-06 -0.07952068170769588 0.18360505775096417 0.01874251044069187 0.20096178181089808 2.261052195202919
27.23399999998188 3.9694204893701945 -0.26324636196435053 1.754877105617574e-06 -0.08000907164328352 0.18337550240533196 0.018432486900446028 0.20091735365807278 2.2591528288204206
27.234499999981878 3.967863390876329 -0.2757600288278978 1.7506909993955929e-06 -0.08049800714984644 0.18314728980850753 0.018122270044558297 0.20087626935719927 2.2572722219997017
27.234999999981877 3.9663358157023554 -0.2882772571599138 1.7464887668861835e-06 -0.08098747402356195 0.18292044902228183 0.017811870418399885 0.20083855293999756 2.2554109893012297
27.235499999981876 3.9648382063675154 -0.3007975670460825 1.7422701877999224e-06 -0.08147745814319494 0.18269500746046377 0.01750129769544492 0.20080422644326884 2.2535697744845704
27.235999999981875 3.9633710549295076 -0.31332044846420165 1.7380349794022956e-06 -0.08196794524193761 0.18247099512368933 0.017190562641010668 0.20077331384556377 2.251749183212387
27.236499999981874 3.961934784863777 -0.3258453945764623 1.7337829464271051e-06 -0.08245891990185607 0.18224843877427852 0.01687967574547063 0.20074583522532885 2.249949899351761
27.236999999981872 3.960529902081667 -0.3383719184364847 1.7295137766928256e-06 -0.08295036906987062 0.18202736880701004 0.016568647244578585 0.2007218144476237 2.2481725513310784
27.23749999998187 3.9591568473497314 -0.35089948074558086 1.7252272669823827e-06 -0.08344227644365332 0.18180781319201336 0.016257488645327833 0.20070127147782113 2.246417782011252
27.23799999998187 3.957816034963849 -0.3634275761634631 1.720923125852968e-06 -0.08393462673609459 0.1815897982207056 0.015946210388550656 0.20068422461399407 2.2446862695136343
27.23849999998187 3.9565079287640836 -0.3759556827921496 1.7166011956607397e-06 -0.0844274047577677 0.18137335271225746 0.01563482385944124 0.20067069408693597 2.2429785813992744
27.238999999981868 3.9552329744568526 -0.3884832758125503 1.7122611844021716e-06 -0.08492059482665917 0.18115850476531367 0.015323339869170984 0.20066069874109357 2.2412954269012095
27.239499999981867 3.9539916242439554 -0.40100981453810813 1.7079028675935057e-06 -0.08541418112172998 0.18094528276315186 0.01501177045943034 0.200654257226851 2.2396374507164842
27.239999999981865 3.952784269500937 -0.41353475429491804 1.7035260299514562e-06 -0.0859081461909791 0.1807337125195144 0.014700126886240707 0.20065138462898455 2.2380052364651513
27.240499999981864 3.951611372535662 -0.4260575717808524 1.6991304343002446e-06 -0.08640247506638495 0.1805238227279129 0.014388420725488071 0.20065209921869706 2.2363994953257884
27.240999999981863 3.9504733405948094 -0.4385776959871368 1.6947158723404425e-06 -0.08689714966648047 0.18031564019668972 0.01407666419276253 0.20065641578204413 2.2348208484513625
27.241499999981862 3.94937061072116 -0.4510945935575861 1.6902821078509892e-06 -0.0873921542376409 0.18010919255597968 0.013764869082603588 0.20066435031246532 2.233269943890267
27.24199999998186 3.9483035457534794 -0.46360769182136674 1.6858289723696254e-06 -0.0878874700066881 0.17990450456313362 0.013453047757335138 0.20067591444975205 2.2317474153009393
27.24249999998186 3.947272586981774 -0.47611641666982096 1.6813562233250508e-06 -0.08838307953180662 0.17970160453481332 0.013141212848675124 0.20069112310973367 2.2302539098839276
27.24299999998186 3.946278132893962 -0.4886202332587388 1.6768637140102155e-06 -0.08887896614706763 0.17950051844333434 0.012829375956785051 0.20070998887010566 2.228790068697146
27.243499999981857 3.9453205559113504 -0.501118529577269 1.6723512126509462e-06 -0.08937511006524335 0.17930127183633618 0.012517550894099764 0.20073252218235207 2.227356542143926
27.243999999981856 3.944400254676501 -0.5136107582453091 1.6678185490456733e-06 -0.08987149421593633 0.17910389073756017 0.01220574966621454 0.20075873449205459 2.225953922354437
27.244499999981855 3.9435176046755513 -0.5260963093027657 1.6632655429172591e-06 -0.09036809861174944 0.17890840094410065 0.011893985666717725 0.20078863531116006 2.2245828806968664
27.244999999981854 3.9426729861560132 -0.538574618983525 1.658692011047649e-06 -0.09086490536780992 0.17871482777353043 0.011582271454886928 0.20082223409194108 2.223244047615206
27.245499999981853 3.941866780003976 -0.5510450434611869 1.6540977919251498e-06 -0.091361893704202 0.17852319758768867 0.0112706219770361 0.2008595395242658 2.2219380538573783
27.24599999998185 3.9410993280183186 -0.5635070324656164 1.6494826941389195e-06 -0.09185904556907337 0.17833353375264516 0.010959049197971665 0.20090055816968375 2.2206654919742523
27.24649999998185 3.940370992366164 -0.5759599589335322 1.6448466337088243e-06 -0.0923563401556634 0.17814586163767004 0.010647567297026799 0.20094529672256875 2.219427007427175
27.24699999998185 3.9396821057441604 -0.5884032106038272 1.6401893924490734e-06 -0.09285375721651794 0.17796020484757882 0.010336190244183445 0.20099376002100222 2.2182232307937144
27.247499999981848 3.9390330403494622 -0.6008361760136558 1.6355108478063605e-06 -0.09335127680011537 0.17777658901333365 0.010024931856926364 0.20104595429941763 2.217054760079313
27.247999999981847 3.9384241011815684 -0.613258236302292 1.6308108883297252e-06 -0.0938488778101807 0.17759503654282435 0.009713806315671678 0.20110188190073142 2.215922207984582
27.248499999981846 3.937855621996416 -0.6256687549809965 1.6260893863447676e-06 -0.09434653887285999 0.17741557150961057 0.009402828210764394 0.20116154600154318 2.2148261600948906
27.248999999981844 3.9373279411473 -0.6380671044703661 1.6213461903554564e-06 -0.0948442391282111 0.17723821802945092 0.00909201197019143 0.20122494951603434 2.2137672240290858
27.249499999981843 3.9368413456221596 -0.6504526602660988 1.6165811792470993e-06 -0.09534195704934197 0.17706299778303883 0.00878137193433008 0.2012920923706742 2.2127460161659998
27.249999999981842 3.936396160308713 -0.6628247592760304 1.6117942856717595e-06 -0.0958396700500483 0.17688993471197229 0.008470923509089111 0.20136297550146795 2.2117631152364994
27.25049999998184 3.9359926540386567 -0.6751827714107673 1.606985402843967e-06 -0.09633735611707195 0.17671904967515764 0.008160681219176097 0.20143759683753026 2.2108191119570355
27.25099999998184 3.935631137217893 -0.687526032336294 1.6021544312789623e-06 -0.09683499269503947 0.17655036589110934 0.007850660788878475 0.20151595564955882 2.2099145563710776
27.25149999998184 3.935311836422368 -0.6998539028440589 1.597301367842481e-06 -0.09733255652266447 0.1763839024183145 0.007540876884014332 0.20159804665653638 2.209049995502716
27.251999999981837 3.935035072341928 -0.7121656862885667 1.5924260722656015e-06 -0.09783002397834004 0.1762196833271743 0.00723134600714612 0.20168386834005156 2.208226075919895
27.252499999981836 3.9348010923402437 -0.7244607568748227 1.5875284708064753e-06 -0.09832737301744034 0.1760577283858928 0.006922082821416633 0.20177341559159423 2.207443254961039
27.252999999981835 3.9346101700176024 -0.7367384071299077 1.5826085118382183e-06 -0.0988245786079078 0.175898059657121 0.006613103933682155 0.2018666834121181 2.2067021822583603
27.253499999981834 3.934462508315085 -0.7489979955580977 1.5776661883561815e-06 -0.09932161755813568 0.17574069495812247 0.0063044247527624265 0.20196366344021308 2.206003336125867
27.253999999981833 3.9343583696321387 -0.7612387957721587 1.5727014601672458e-06 -0.09981846397973759 0.17558565600165355 0.005996062460986661 0.202064348933307 2.2053472131282317
27.25449999998183 3.934297949700732 -0.7734601687734487 1.5677143027036678e-06 -0.10031509464692383 0.1754329603023789 0.005688032278443967 0.2021687302370917 2.20473438696556
27.25499999998183 3.9342814949492206 -0.7856614114968388 1.5627047007711117e-06 -0.1008114843690978 0.17528262850022178 0.005380350901856114 0.20227679899206116 2.2041653698659744
27.25549999998183 3.934309182244383 -0.7978417899214507 1.5576726439476817e-06 -0.1013076059553412 0.17513467833432433 0.005073036066018576 0.20238854284419625 2.20364062688724
27.255999999981828 3.934381204419349 -0.8100006642939683 1.5526181521187112e-06 -0.1018034359900622 0.1749891271465012 0.004766103049747731 0.20250395042358524 2.2031606719048673
27.256499999981827 3.934497798394796 -0.8221372739876732 1.5475412199221094e-06 -0.1022989470599467 0.1748459958336448 0.004459570204877134 0.2026230110205772 2.2027260381050686
27.256999999981826 3.9346590629578753 -0.8342509467007833 1.542441929459242e-06 -0.10279411330374948 0.17470529761813836 0.0041534540427309525 0.20274570754082924 2.202337085378035
27.257499999981825 3.9348652040317638 -0.846340968942446 1.5373202323560035e-06 -0.10328890882644362 0.17456705136322942 0.003847771763726481 0.20287202728753784 2.2019943469548404
27.257999999981823 3.9351163796744397 -0.8584065992764041 1.5321762510787078e-06 -0.10378330564995245 0.17443127394881808 0.0035425414255475856 0.2030019543324418 2.201698249393697
27.258499999981822 3.9354127394868206 -0.8704471337572252 1.527010008202312e-06 -0.10427727740126744 0.17429798149445067 0.003237780118030277 0.20313547242014002 2.2014492901691534
27.25899999998182 3.935754410381148 -0.8824618495657227 1.521821548432026e-06 -0.10477079678479913 0.17416718907962614 0.0029335057129200037 0.20327256348702755 2.201247786875026
27.25949999998182 3.9361414614134334 -0.8944500106253062 1.5166110778831232e-06 -0.10526383456073686 0.1740389094530385 0.0026297360561147124 0.2034132060161236 2.2010941915604776
27.25999999998182 3.9365740970139735 -0.9064108939381522 1.5113785228918804e-06 -0.10575636497721505 0.1739131613256655 0.0023264892795000214 0.2035573849504078 2.2009889508801646
27.260499999981818 3.9370523598635323 -0.9183437219428436 1.5061241028994938e-06 -0.10624835686663064 0.17378995657881935 0.0020237844587540454 0.20370507614701777 2.2009324192738644
27.260999999981816 3.9375763517663565 -0.9302478042018135 1.5008478730462544e-06 -0.1067397837982879 0.17366930884117335 0.0017216385550414496 0.20385625896202034 2.2009249240650237
27.261499999981815 3.938146149726853 -0.9421223658485417 1.4955499905912063e-06 -0.10723061566175517 0.17355123148475768 0.001420071023386607 0.2040109102150825 2.200966869765449
27.261999999981814 3.938761846854166 -0.953966668651704 1.4902305771335415e-06 -0.10772082401251133 0.17343573828345024 0.0011191002412812238 0.20416900750410166 2.201058616654779
27.262499999981813 3.9394234494275637 -0.9657799780627574 1.4848898244571709e-06 -0.10821037919280801 0.17332283875692678 0.0008187445605515467 0.20433052376594732 2.201200449787427
27.262999999981812 3.940131057595086 -0.9775615161917752 1.4795278176157953e-06 -0.1086992514573991 0.173212547452239 0.0005190234932245684 0.2044954357624628 2.20139273542136
27.26349999998181 3.9408846778193674 -0.9893105160423649 1.4741447868427989e-06 -0.10918740988580763 0.17310487433067878 0.0002199563150086974 0.2046637153366272 2.2016356732068254
27.26399999998181 3.9416843233166734 -1.0010262447365001 1.468740911963425e-06 -0.10967482507502019 0.17299982929230479 -7.843860292364516e-05 0.20483533470331067 2.201929644628862
27.26449999998181 3.9425300153174274 -1.0127078932013671 1.4633163906015696e-06 -0.11016146494375513 0.17289742336036737 -0.000376140574651785 0.20501026521845242 2.2022748774013556
27.264999999981807 3.943421753401152 -1.0243547638451747 1.4578713962315113e-06 -0.11064730126347688 0.17279766543651803 -0.0006731322158485403 0.20518847814675523 2.202671645808879
27.265499999981806 3.9443595263280917 -1.035966023301618 1.4524061950928623e-06 -0.11113230052057996 0.17270056529992536 -0.000969392030943741 0.2053699422866451 2.203120103791482
27.265999999981805 3.9453432968802327 -1.0475409325217042 1.4469210223677843e-06 -0.11161643230508142 0.17260613052120058 -0.0012649014072848323 0.20555462590169726 2.20362055280404
27.266499999981804 3.9463730377881885 -1.0590787057472906 1.4414160818167637e-06 -0.11209966487234874 0.17251436956842428 -0.001559640119632787 0.20574249694554245 2.204173212624678
27.266999999981802 3.9474487111336174 -1.070578569850151 1.435891657562798e-06 -0.11258196636467524 0.17242529038561502 -0.0018535886521506683 0.20593352254062938 2.2047781431077946
27.2674999999818 3.9485701851180783 -1.0820397354697977 1.430348067469233e-06 -0.11306330340990808 0.17233889651169557 -0.00214672635830377 0.206127664962487 2.205435529107427
27.2679999999818 3.949737491054304 -1.0934614416667645 1.4247855328829947e-06 -0.11354364587889954 0.17225519897311567 -0.0024390338599625974 0.20632489422973335 2.206145587607709
27.2684999999818 3.9509505073024913 -1.1048428908115127 1.4192043242520926e-06 -0.11402296019150292 0.17217420187563895 -0.002730490482899046 0.20652517236555823 2.2069085183002155
27.268999999981798 3.9522090747532657 -1.1161832850704554 1.4136048870942637e-06 -0.11450121171555669 0.17209590769205663 -0.003021075707432179 0.20672845916107838 2.2077242160080415
27.269499999981797 3.953513142499556 -1.1274818708299803 1.4079873950213876e-06 -0.11497837003449149 0.17202032325428243 -0.003310769680639222 0.20693472010316322 2.2085929096801173
27.269999999981795 3.95486258659447 -1.1387378443478426 1.4023522581253172e-06 -0.11545440082128602 0.1719474528212186 -0.003599551816624337 0.20714391609214095 2.2095146260816807
27.270499999981794 3.9562572335717414 -1.149950410015713 1.3966998028195167e-06 -0.11592927000920936 0.1718772979097707 -0.003887401074496556 0.20735600562497877 2.2104894041228462
27.270999999981793 3.957696989595854 -1.1611187681750414 1.391030331968331e-06 -0.11640294418143776 0.1718098640213727 -0.004174296841937606 0.20757095062477818 2.2115173388469778
27.271499999981792 3.959181656885276 -1.1722421524466742 1.3853443156498132e-06 -0.11687538982892598 0.17174515127983964 -0.004460218737902387 0.2077887082759512 2.2125983527533366
27.27199999998179 3.9607110727908763 -1.1833197538388305 1.3796421136222908e-06 -0.11734657229770301 0.17168316198085778 -0.004745145602355578 0.20800923668085763 2.2137324917394867
27.27249999998179 3.9622850408653134 -1.1943507882465785 1.37392408967271e-06 -0.11781645736806401 0.17162389648455179 -0.005029056974849879 0.20823249238617222 2.214919719612506
27.27299999998179 3.963903383900113 -1.205334444604668 1.36819067207082e-06 -0.11828501032786573 0.1715673563811119 -0.0053119311188634935 0.20845843244176598 2.216159950693225
27.273499999981787 3.965565850342001 -1.2162699450634138 1.3624422885264218e-06 -0.11875219650673877 0.17151353933132235 -0.005593747420004871 0.20868701051893712 2.2174530886638593
27.273999999981786 3.967272287191986 -1.2271564935860204 1.3566793042597638e-06 -0.11921798189388319 0.17146244787499718 -0.00587448504224386 0.20891818449490682 2.2187991712894553
27.274499999981785 3.969022382896008 -1.2379932995462348 1.350902307117906e-06 -0.11968233026124185 0.17141407704122863 -0.006154122856160848 0.2091519046358076 2.2201979399553036
27.274999999981784 3.970815931008644 -1.2487795614496515 1.3451116445844154e-06 -0.12014520695571353 0.1713684267949565 -0.0064326394576944305 0.20938812599333873 2.221649307230294
27.275499999981783 3.9726526773647173 -1.2595144672605405 1.3393078179136927e-06 -0.12060657610934607 0.17132549505055186 -0.006710012924152103 0.2096268010741433 2.2231531507629363
27.27599999998178 3.97453233785513 -1.2701972713681207 1.333491260411869e-06 -0.12106640374341171 0.17128527751141312 -0.006986223619818073 0.20986788160171313 2.2247092618340316
27.27649999998178 3.9764546181660276 -1.2808271342231368 1.327662547409623e-06 -0.12152465235771231 0.17124777048041173 -0.007261248643570631 0.2101113175367723 2.2263174369482126
27.27699999998178 3.978419246430387 -1.2914032817837229 1.3218221361732746e-06 -0.12198128712292094 0.17121297050521925 -0.007535067420392928 0.21035706053854103 2.2279774860297312
27.277499999981778 3.9804258927448193 -1.3019249318911064 1.3159705324888098e-06 -0.12243627223497482 0.17118087155515857 -0.007807658825315235 0.21060505948697694 2.22968915244423
27.277999999981777 3.982474246059138 -1.3123912779156623 1.3101082732383098e-06 -0.12288957127754903 0.17115146862444078 -0.00807900084818772 0.2108552636188809 2.2314521298105254
27.278499999981776 3.984563978296051 -1.3228015451690192 1.304235929422354e-06 -0.12334114865241648 0.17112475568003657 -0.008349072562352773 0.21110762177169526 2.233266198284232
27.278999999981774 3.9866947083366258 -1.3331549252320618 1.298354040233769e-06 -0.12379096675164172 0.17110072444033894 -0.008617852087676334 0.21136207968299311 2.2351310524264094
27.279499999981773 3.988866142284952 -1.3434506567132538 1.2924631418497986e-06 -0.12423899121762294 0.17107937019915664 -0.008885318557623744 0.21161858787068571 2.2370463570234786
27.279999999981772 3.991077826856204 -1.353687949570205 1.286563853871025e-06 -0.12468518406570148 0.17106068107820668 -0.009151450465609315 0.2118770888559268 2.239011675389398
27.28049999998177 3.9933294668742225 -1.36386600936176 1.2806566943060492e-06 -0.12512950983133658 0.17104465265710728 -0.009416225869429598 0.21213753261232474 2.2410267933898993
27.28099999998177 3.995620633772827 -1.3739840778942787 1.2747423146147933e-06 -0.12557193186902127 0.17103127387897785 -0.009679624341380347 0.21239986310111947 2.2430912655209676
27.28149999998177 3.9979508986715295 -1.384041354003377 1.2688213081138057e-06 -0.12601241265542729 0.17102053400398043 -0.009941623405591599 0.21266402392080078 2.2452046502448466
27.281999999981768 4.000319894940475 -1.3940370714211459 1.262894230582852e-06 -0.12645091643651632 0.17101242487492443 -0.01020220224693082 0.2129299618652194 2.2473665031714267
27.282499999981766 4.002727139036344 -1.4039704718742463 1.2569618495906407e-06 -0.12688740603215073 0.17100693277556164 -0.010461339759198338 0.21319761841172316 2.24957642888341
27.282999999981765 4.005172228815167 -1.4138407741851875 1.2510246719068964e-06 -0.12732184489159526 0.17100404801937405 -0.010719014479114974 0.21346693865096605 2.251833915473717
27.283499999981764 4.007654708977233 -1.4236472153517616 1.2450833925359453e-06 -0.127754196391224 0.17100375811647933 -0.010975204930040599 0.21373786540709908 2.25413848923473
27.283999999981763 4.010174106379642 -1.4333890395308913 1.2391386679775841e-06 -0.1281844235982724 0.1710060497849887 -0.011229890398203591 0.2140103407656813 2.2564896673274406
27.28449999998176 4.012730029936169 -1.4430654765925943 1.2331910832190375e-06 -0.1286124907013137 0.17101091361763754 -0.011483049267607516 0.21428431058109898 2.2588869390308286
27.28499999998176 4.015321876221358 -1.452675781218013 1.2272414394347222e-06 -0.1290383592571618 0.17101833000296057 -0.011734660769310845 0.2145597110833082 2.261329672529463
27.28549999998176 4.017949202843226 -1.4622191810324405 1.2212903602285067e-06 -0.12946199264485583 0.1710282871355103 -0.011984703128994734 0.21483648584254353 2.2638173266491157
27.285999999981758 4.020611494361635 -1.4716949636162364 1.2153385712005197e-06 -0.1298833552266576 0.17104076902810253 -0.012233156231411508 0.21511457585677676 2.2663492477471343
27.286499999981757 4.02330828152135 -1.481102347226189 1.2093867127333034e-06 -0.13030240929269438 0.17105576279902301 -0.012479998527779198 0.2153939233532131 2.2689249991526435
27.286999999981756 4.026038998410387 -1.4904406288748846 1.2034355358911947e-06 -0.13071911904829636 0.17107324998193144 -0.012725209825977926 0.21567446744864874 2.27154381718362
27.287499999981755 4.028803142413981 -1.499709059732465 1.1974857263742576e-06 -0.13113344760741721 0.17109321560641694 -0.012968769233695651 0.21595614944564084 2.274205176333333
27.287999999981754 4.031600143099579 -1.5089068944242565 1.1915380057450837e-06 -0.13154535778254245 0.17111564135602064 -0.013210655106872648 0.21623890787546104 2.2769082409193393
27.288499999981752 4.0344294639248295 -1.518033427937314 1.1855931456848659e-06 -0.131954813549767 0.17114051024196436 -0.01345084794990115 0.2165226832814637 2.2796524977140042
27.28899999998175 4.03729052407735 -1.5270879324402944 1.1796518543505325e-06 -0.13236177823306822 0.1711678032468909 -0.013689326668565413 0.2168074142413607 2.2824371478833942
27.28949999998175 4.040182772352952 -1.536069710104056 1.1737148928171792e-06 -0.13276621613964382 0.1711975024727169 -0.013926071588180119 0.21709304104649152 2.2852615635084073
27.28999999998175 4.043105622498905 -1.544978016795345 1.1677829975450114e-06 -0.13316808984723164 0.17122958888555523 -0.014161061186372843 0.2173795020635589 2.288124921885021
27.290499999981748 4.046058478367563 -1.553812187115213 1.1618569513134389e-06 -0.13356736411595438 0.17126404205402174 -0.014394276824756934 0.2176667362342565 2.2910265638609255
27.290999999981747 4.049040767102612 -1.562571474319792 1.1559374651035397e-06 -0.13396400180595366 0.1713008434985915 -0.014625696680425524 0.21795468282783534 2.2939657222974965
27.291499999981745 4.052051850247373 -1.5712552289248376 1.1500253602638869e-06 -0.13435796792563823 0.17133997057975672 -0.014855302116092343 0.21824327953991873 2.2969415710563523
27.291999999981744 4.055091135288228 -1.5798627585486953 1.1441213951095254e-06 -0.1347492268433205 0.17138140325562895 -0.015083073041347107 0.21853246580110644 2.299953348776861
27.292499999981743 4.058157976073675 -1.588393368595885 1.1382263430993916e-06 -0.135137741889851 0.17142511898049267 -0.015308989531189395 0.21882217863148637 2.303000259783457
27.292999999981742 4.061251757902581 -1.5968463928252463 1.1323410372177527e-06 -0.1355234779764346 0.17147109638296723 -0.015533032171262397 0.21911235717329924 2.306081455578472
27.29349999998174 4.064371823378341 -1.6052211674108086 1.1264662275254968e-06 -0.1359063996192078 0.1715193119615921 -0.015755181705569374 0.21940293886775827 2.309196155928568
27.29399999998174 4.067517572338343 -1.6135170223657278 1.1206026869390103e-06 -0.1362864720423273 0.17156974500151131 -0.015975418467016302 0.2196938639489596 2.312343542221151
27.29449999998174 4.070688273933564 -1.6217333159429352 1.1147512974653596e-06 -0.136663659152492 0.17162236831592123 -0.016193723962804798 0.21998506707296692 2.3155226249783807
27.294999999981737 4.0738833120143445 -1.6298693857738067 1.1089128480394005e-06 -0.1370379263063285 0.17167716029627206 -0.016410078574150524 0.22027648828810667 2.3187326240967683
27.295499999981736 4.077102075229305 -1.6379246013832645 1.1030880131787965e-06 -0.13740924018794276 0.17173409914094018 -0.01662446385886598 0.22056806862139577 2.3219727655185034
27.295999999981735 4.080343796052041 -1.6458983361500756 1.09727777269715e-06 -0.13777756490005877 0.17179315570490586 -0.016836861240374236 0.22085974199312006 2.3252419855123536
27.296499999981734 4.083607860453796 -1.6537899571775994 1.0914828094744548e-06 -0.1381428669431305 0.17185430809813002 -0.017047252268042625 0.22115144971047496 2.3285395400899906
27.296999999981733 4.086893557580514 -1.6615988467221687 1.0857040215709545e-06 -0.1385051117530848 0.17191752968759505 -0.01725561857523108 0.2214431289700213 2.3318644382355256
27.29749999998173 4.090200191672859 -1.6693243956093562 1.07994222304042e-06 -0.13886426546933034 0.17198279441436154 -0.017461942105500835 0.2217347181228169 2.3352157912059814
27.29799999998173 4.093527076746325 -1.6769660046904864 1.0741981898640013e-06 -0.13922029486962606 0.1720500764996729 -0.017666204990165954 0.22202615640028425 2.3385926313220975
27.29849999998173 4.096873489402297 -1.6845230672594558 1.0684727824586622e-06 -0.1395731657419684 0.1721193485819449 -0.017868389175803 0.22231738142404878 2.3419940566243276
27.298999999981728 4.100238737156215 -1.6919950120419869 1.0627668182995756e-06 -0.13992284575492497 0.17219058424644762 -0.018068477537926644 0.22260833306017108 2.345419134742598
27.299499999981727 4.103622099860315 -1.699381253163548 1.0570811691302027e-06 -0.14026930144526958 0.17226375599693078 -0.018266452670744445 0.22289894986582273 2.3488669159865583
27.299999999981726 4.107022876641105 -1.706681206380415 1.051416595343839e-06 -0.14061250013421156 0.17233883712489137 -0.018462296921292334 0.22318917174263506 2.35233641141986
27.300499999981724 4.110440368068305 -1.7138943361206151 1.0457738683540861e-06 -0.14095241090675675 0.17241580041621524 -0.018655994075538772 0.22347893969799013 2.355826797786503
27.300999999981723 4.113873780934957 -1.7210200692939595 1.0401539507106444e-06 -0.1412889996168826 0.17249461474961497 -0.01884752698170033 0.22376818988337788 2.3593369183290767
27.301499999981722 4.117322463908683 -1.7280578711609993 1.0345575825063975e-06 -0.14162223630284687 0.172575255110802 -0.019036879201103005 0.22405686613379017 2.3628659663144695
27.30199999998172 4.120785609311323 -1.7350072024798227 1.0289856139524297e-06 -0.14195208804688142 0.17265768928518144 -0.019224034675924602 0.2243449051781408 2.366412861005917
27.30249999998172 4.124262526049481 -1.7418675261473107 1.0234388771728776e-06 -0.14227852405082136 0.1727418903672922 -0.019408976857505537 0.2246322494131262 2.3699767154394573
27.30299999998172 4.127752470325449 -1.7486383218209667 1.017918189107172e-06 -0.1426015132110048 0.1728278288940364 -0.019591690029994155 0.22491883942552715 2.3735564953460093
27.303499999981717 4.131254710728118 -1.7553190905045546 1.0124243515611286e-06 -0.14292102584733477 0.17291547557566983 -0.019772158462721845 0.225204617122051 2.3771512510542454
27.303999999981716 4.134768442066142 -1.761909341436763 1.0069582485757927e-06 -0.14323703087822365 0.1730047976476755 -0.019950367371646033 0.22548952122479213 2.3807599314895835
27.304499999981715 4.138292984417492 -1.7684085593257424 1.0015206579180928e-06 -0.14354949854055346 0.1730957685282811 -0.020126300913440337 0.2257734962348304 2.384381648009665
27.304999999981714 4.1418275980731085 -1.7748162793970566 9.961123475556416e-07 -0.14385840030745284 0.17318835809918529 -0.020299944463664 0.22605648512117238 2.388015397039802
27.305499999981713 4.145371475388444 -1.781132015037502 9.9073423158216e-07 -0.1441637052215864 0.17328253342032462 -0.020471283226126714 0.22633842742386162 2.3916601385423704
27.30599999998171 4.148923909886405 -1.7873552927835132 9.853870401862292e-07 -0.14446538499963618 0.1733782660841276 -0.020640302325974268 0.2266192681427139 2.3953149632727824
27.30649999998171 4.15248409309253 -1.7934856916373514 9.800716712188822e-07 -0.14476341140693386 0.17347552220680057 -0.02080698844675204 0.2268989485548988 2.3989788469990065
27.30699999998171 4.156051334267107 -1.7995227328669259 9.747888169531277e-07 -0.14505775607938526 0.17357427421700972 -0.020971326847144058 0.22717741485120801 2.402650797633501
27.307499999981708 4.1596248945743 -1.8054659996644946 9.695392964642592e-07 -0.1453483923135908 0.17367449140644062 -0.021133304029041202 0.22745461229136507 2.406329884477766
27.307999999981707 4.163203950748206 -1.8113150626123105 9.643239984816598e-07 -0.14563529116672436 0.17377613940685635 -0.02129290677983394 0.22773048223613468 2.410015094024638
27.308499999981706 4.166787780259483 -1.8170695092043423 9.59143643508376e-07 -0.14591842653993176 0.17387918820356807 -0.021450121754431613 0.2280049714754072 2.413705471492064
27.308999999981705 4.170375593142698 -1.8227289153657837 9.539990839214345e-07 -0.14619777039039297 0.17398360486041403 -0.02160493567482939 0.22827802363096686 2.4173999997847075
27.309499999981703 4.173966700724555 -1.828292895384465 9.488909817845115e-07 -0.14647329811666204 0.1740893606431095 -0.021757336109045834 0.22854958810914797 2.421097835242891
27.309999999981702 4.177560267810405 -1.8337610576491903 9.438202627676128e-07 -0.14674498213825493 0.174196420086981 -0.021907310608135958 0.22881960757758077 2.424797825967575
27.3104999999817 4.18115564269348 -1.8391330348862414 9.387875377614718e-07 -0.1470127994777083 0.174304755943537 -0.022054846866619335 0.2290880342250963 2.428499232508482
27.3109999999817 4.184751950724653 -1.844408447849255 9.337937803183899e-07 -0.1472767220813778 0.17441433077083712 -0.022199933151307274 0.22935480957938703 2.4322009085920224
27.3114999999817 4.18834852644295 -1.849586942878338 9.288396033963406e-07 -0.14753672729701275 0.17452511647301555 -0.022342557509657933 0.22961988602363065 2.4359020175155104
27.311999999981698 4.191944611185353 -1.8546681786327925 9.2392575415058e-07 -0.14779279083694608 0.17463708052433446 -0.022482709003490704 0.2298832119176427 2.439601626859246
27.312499999981696 4.195539480224426 -1.8596518072212223 9.190529854714524e-07 -0.14804488905201693 0.17475019204052125 -0.02262037593422804 0.23014473750235712 2.4432988032076426
27.312999999981695 4.199132282380202 -1.8645375016335852 9.142221583744141e-07 -0.14829299654718944 0.17486441397238323 -0.022755547869630233 0.23040440763513356 2.446992482791986
27.313499999981694 4.202722375840951 -1.8693249470409745 9.094338904594297e-07 -0.14853709240055335 0.1749797188927191 -0.022888214020382422 0.23066217761832639 2.4506819316855273
27.313999999981693 4.206309005417192 -1.8740138276970761 9.046889118922506e-07 -0.14877715344534204 0.17509607411676542 -0.023018364061957515 0.23091799765824117 2.4543661970871335
27.31449999998169 4.209891359802868 -1.8786038666311327 8.999880606593156e-07 -0.1490131571716997 0.17521344380950338 -0.023145988419011377 0.2311718163655697 2.458044288148881
27.31499999998169 4.213468768373485 -1.8830947654640764 8.95331942710133e-07 -0.1492450827582723 0.17533179897447473 -0.023271076938344206 0.23142358886038283 2.4617153919451686
27.31549999998169 4.217040501207896 -1.8874862417954517 8.907212629701708e-07 -0.14947290874287408 0.1754511077192891 -0.023393620180445295 0.23167326801581592 2.4653785684344074
27.31599999998169 4.2206057950183755 -1.8917780180194468 8.861567603328398e-07 -0.14969661346884483 0.1755713364489264 -0.023513608591102082 0.23192080556836292 2.4690329789478853
27.316499999981687 4.224163911328164 -1.8959698594803986 8.816391354073328e-07 -0.14991617731834275 0.17569245220096524 -0.0236310338098747 0.23216615545995647 2.4726777328454164
27.316999999981686 4.227714201135832 -1.9000615090552584 8.771689990789125e-07 -0.15013158124338938 0.17581442658805813 -0.02374588696430881 0.2324092756988194 2.47631207928338
27.317499999981685 4.231255859186359 -1.904052731831529 8.72747143013653e-07 -0.15034280448666548 0.17593722352231878 -0.023858159660012326 0.23265011769612481 2.479934957848781
27.317999999981684 4.234788247257033 -1.9079432995066625 8.683740619460772e-07 -0.15054982945984313 0.1760608146448938 -0.023967843859043485 0.23288864107779708 2.483545738739608
27.318499999981682 4.2383105850110585 -1.9117329886784833 8.640505847553061e-07 -0.1507526360703706 0.17618516499785528 -0.02407493155871303 0.23312479914638812 2.487143492486824
27.31899999998168 4.24182221026218 -1.9154216027651039 8.597772515249205e-07 -0.15095120749876176 0.1763102447521197 -0.024179415576056552 0.23335855156279622 2.4907274234266765
27.31949999998168 4.245322403930856 -1.9190089293810295 8.555547610682484e-07 -0.15114552531950481 0.17643602160051908 -0.024281288085594994 0.23358985528790321 2.4942967491691497
27.31999999998168 4.24881046484914 -1.922494797075658 8.513837235011639e-07 -0.15133557298756864 0.17656246357316946 -0.024380542538752912 0.23381866916263647 2.4978506490188432
27.320499999981678 4.252285692657311 -1.9258790172431108 8.472647498176472e-07 -0.15152133338358464 0.1766895389524507 -0.024477171843456907 0.23404495206481835 2.5013883419743985
27.320999999981677 4.2557474277717855 -1.9291614269114392 8.43198455767989e-07 -0.15170279076936094 0.17681721769462516 -0.024571169820869994 0.2342686653969049 2.5049090581080264
27.321499999981675 4.259194965609794 -1.9323418696497139 8.391854610405998e-07 -0.1518799291081019 0.176945467503077 -0.02466253033682215 0.23448976894180099 2.50841205063291
27.321999999981674 4.262627657657894 -1.9354202023049718 8.352262929520782e-07 -0.15205273398910404 0.1770742585185905 -0.02475124745459289 0.23470822566332936 2.5118966014715784
27.322499999981673 4.266044782368549 -1.9383962879822612 8.313216436033828e-07 -0.15222118962259823 0.17720355744641064 -0.024837315677994038 0.23492399535141295 2.515361913870707
27.322999999981672 4.269445738022812 -1.9412699813057124 8.274719809684628e-07 -0.15238528210703314 0.1773333367256611 -0.024920729307311592 0.23513704358587373 2.518807318498509
27.32349999998167 4.272829815773096 -1.9440411867511243 8.236779124176346e-07 -0.1525449978112485 0.1774635630655425 -0.025001483674837007 0.23534733216906184 2.5222321075919725
27.32399999998167 4.276196416139445 -1.946709776204306 8.199399623505305e-07 -0.15270032338373735 0.17759420885189156 -0.02507957356504289 0.23555482756554075 2.5256355946057125
27.32449999998167 4.279544820963067 -1.949275674435922 8.162587331562039e-07 -0.1528512456375359 0.17772524013043342 -0.025154995146436918 0.23575949196836982 2.529017024985748
27.324999999981667 4.282874428321596 -1.951738766044908 8.126347054641722e-07 -0.15299775193495196 0.17785662896480442 -0.025227743312834998 0.2359612925810746 2.532375798444777
27.325499999981666 4.286184629325494 -1.9540989900985677 8.090683737522015e-07 -0.15313983148213786 0.17798834638489508 -0.025297814552466463 0.23616019744304492 2.5357112817009453
27.325999999981665 4.289474753057071 -1.9563562691544556 8.055602939544492e-07 -0.15327747168948924 0.17812036081844948 -0.025365205137894947 0.23635617169285913 2.5390227561006693
27.326499999981664 4.292744191230474 -1.9585105396984201 8.021109928418245e-07 -0.15341066164119949 0.178252643351748 -0.02542991142441445 0.23654918381201326 2.542309620791368
27.326999999981663 4.295992355814799 -1.9605617617618778 7.987208729407579e-07 -0.15353939185742477 0.17838516575102709 -0.02549193045096643 0.2367392040412533 2.5455712772889383
27.32749999998166 4.299218586324601 -1.9625098862216603 7.953904986477361e-07 -0.15366365096346174 0.17851789659083778 -0.02555125926597588 0.23692619922818745 2.5488071025605636
27.32799999998166 4.302422334825707 -1.9643548731823741 7.921202928031254e-07 -0.1537834299989186 0.17865080953534612 -0.025607894895325875 0.2371101418557141 2.5520164799808707
27.32849999998166 4.305603012091908 -1.9660967014057296 7.889106659561471e-07 -0.15389872015021425 0.17878387607704224 -0.025661834925173373 0.23729100316011142 2.555198936008809
27.328999999981658 4.3087599773531124 -1.967735380244481 7.857621743717149e-07 -0.15400951257234893 0.17891706502110996 -0.025713077955724705 0.23746875267389975 2.558353784311226
27.329499999981657 4.311892735188262 -1.9692708743587528 7.826751347099069e-07 -0.15411579939324305 0.1790503524488308 -0.02576162124857529 0.23764336612668974 2.561480603321844
27.329999999981656 4.315000630478659 -1.9707032051103193 7.796500738057714e-07 -0.15421757208232675 0.17918370631651392 -0.025807463749449797 0.23781481310774047 2.5645787383509866
27.330499999981654 4.3180831610219546 -1.9720323790144074 7.766873217302381e-07 -0.15431482440489813 0.17931710187198838 -0.025850603615894245 0.23798307032684002 2.567647695604033
27.330999999981653 4.321139721503604 -1.9732584179729031 7.737873523582151e-07 -0.15440754851390934 0.17945050945375426 -0.025891040033470918 0.23814811008131476 2.570686984194355
27.331499999981652 4.32416979749074 -1.9743813522837983 7.709505240244928e-07 -0.15449573870742409 0.17958390347415362 -0.025928772001244712 0.2383099093266147 2.573696140289058
27.33199999998165 4.327172875832406 -1.9754012133961243 7.681771784619512e-07 -0.15457938934480212 0.17971725846012285 -0.025963798619104497 0.23846844537038425 2.5766746577089767
27.33249999998165 4.330148388083497 -1.9763180727949181 7.65467721895452e-07 -0.15465849527466538 0.1798505458312403 -0.025996120214478367 0.23862369384163085 2.5796220502806677
27.33299999998165 4.333095806694708 -1.9771319654556876 7.628225312040209e-07 -0.15473305076610805 0.1799837393399999 -0.02602573589425956 0.23877563182836256 2.5825378440234257
27.333499999981647 4.336014623053172 -1.9778429655026142 7.602419264078998e-07 -0.15480305168449585 0.18011681325992596 -0.026052646238148226 0.2389242382131914 2.5854216309407345
27.333999999981646 4.33890434382139 -1.9784511206383415 7.577262304639938e-07 -0.15486849340720046 0.1802497428276796 -0.026076850686018494 0.23906949236856137 2.5882729952436625
27.334499999981645 4.341764437988841 -1.9789565633016415 7.552758248760972e-07 -0.15492937363991305 0.18038250051109597 -0.026098351277162014 0.23921137357257383 2.5910914726012058
27.334999999981644 4.344594425729259 -1.9793593455694953 7.528909953061517e-07 -0.15498568807603894 0.18051506217844493 -0.02611714774683123 0.23934986231063698 2.593876663485833
27.335499999981643 4.3473938556424185 -1.9796595702147375 7.505720078873548e-07 -0.1550374347308388 0.18064740440524812 -0.026133241266270424 0.23948494145844212 2.5966282327418684
27.33599999998164 4.350162234097964 -1.9798573559847412 7.48319187097358e-07 -0.15508461155945913 0.18077950160563935 -0.026146633363800485 0.239616592454681 2.5993457498954937
27.33649999998164 4.3528990665225855 -1.9799528050878088 7.461328396278719e-07 -0.1551272157273772 0.18091132838085058 -0.02615732538105959 0.23974479653778263 2.6020288921673567
27.33699999998164 4.35560394980688 -1.9799460439615388 7.44013178903246e-07 -0.1551652470874744 0.18104286329924318 -0.026165318951022098 0.2398695398984918 2.6046772676190915
27.337499999981638 4.358276406084143 -1.9798372047595592 7.419605097842433e-07 -0.1551987041991568 0.18117408141438301 -0.026170616210926232 0.23999080547867338 2.6072905684383887
27.337999999981637 4.36091597419138 -1.9796264210266714 7.399750780426739e-07 -0.1552275861324983 0.1813049584778665 -0.026173219205915945 0.24010857724951018 2.609868438822098
27.338499999981636 4.36352220001599 -1.9793138404921793 7.380571601646621e-07 -0.15525189257096314 0.1814354704648041 -0.026173130318173702 0.240222839963861 2.612410540522644
27.338999999981635 4.366094733543437 -1.9788996166755113 7.362069023272871e-07 -0.15527162517443308 0.1815655981512124 -0.026170352085144438 0.24033358347217645 2.6149166246654496
27.339499999981633 4.3686330961250714 -1.9783839052402563 7.344246033630185e-07 -0.15528678341466323 0.18169531628708646 -0.026164887272813627 0.24044079185931816 2.6173863772203267
27.339999999981632 4.371136907696113 -1.9777668763284812 7.327104353841749e-07 -0.15529736907780728 0.18182460406074205 -0.026156738910666288 0.24054445425903104 2.6198195025072692
27.34049999998163 4.373605784067963 -1.9770487166044428 7.310645602650159e-07 -0.15530338454493392 0.1819534402706691 -0.026145910480338055 0.2406445601136444 2.622215784574292
27.34099999998163 4.376039313168098 -1.9762295854549055 7.294872200938278e-07 -0.15530483047812785 0.18208180275555363 -0.026132404864626955 0.2407410971325028 2.624574921535512
27.34149999998163 4.37843708432605 -1.9753096922454474 7.279786132536616e-07 -0.15530170969241144 0.18220966881299971 -0.026116226128711555 0.24083405429784027 2.6268966570545342
27.341999999981628 4.380798762178654 -1.9742892211216225 7.265388692413102e-07 -0.15529402506130446 0.18233701965848378 -0.026097377942774364 0.24092342371211514 2.6291807916690875
27.342499999981627 4.3831239600871985 -1.9731683832678426 7.251681721057664e-07 -0.15528177983153088 0.18246383367653715 -0.026075864423097644 0.24100919578513766 2.631427054666837
27.342999999981625 4.385412331497802 -1.9719473807845826 7.238666592993709e-07 -0.15526497756547025 0.18259009129847642 -0.026051689467112206 0.2410913628126955 2.633635301053259
27.343499999981624 4.387663513332275 -1.9706264401271745 7.226344971116273e-07 -0.15524362226717892 0.18271577191434069 -0.026024857891567037 0.2411699168411437 2.6358052727582457
27.343999999981623 4.38987717498059 -1.9692057789851527 7.214717640303158e-07 -0.15521771848566454 0.1828408565191297 -0.025995373981865803 0.2412448515782276 2.6379368173439177
27.344499999981622 4.3920529814598 -1.9676856214744243 7.203786312465101e-07 -0.15518727055879922 0.18296532586691122 -0.02596324242912094 0.24131616060783884 2.6400297147300638
27.34499999998162 4.394190623513003 -1.9660662139877327 7.19355176191491e-07 -0.1551522843153882 0.18308916164645148 -0.025928468461966243 0.24138383938753372 2.642083849749442
27.34549999998162 4.396289734579087 -1.964347787304153 7.184015578471064e-07 -0.1551127640638114 0.18321234302441017 -0.025891056778080977 0.24144788057279684 2.6440989894748546
27.34599999998162 4.398350073844223 -1.9625306018027384 7.175177909348663e-07 -0.1550687172067233 0.18333485478020095 -0.025851013073825736 0.24150828331624405 2.646075072308333
27.346499999981617 4.40037127590332 -1.9606149049873807 7.167040534234744e-07 -0.1550201485710299 0.18345667597674423 -0.025808342634941448 0.2415650408750878 2.648011875267853
27.346999999981616 4.402353098539024 -1.9586009576972943 7.159603397244479e-07 -0.15496706567573124 0.18357779131880553 -0.02576305107252104 0.24161815269180964 2.6499093127331026
27.347499999981615 4.404295230400638 -1.9564890310120786 7.152867723001141e-07 -0.154909475140392 0.1836981821376903 -0.025715144303924672 0.24166761523947602 2.651767253027267
27.347999999981614 4.406197403641048 -1.954279391742231 7.146833822282195e-07 -0.1548473842449682 0.1838178318655939 -0.025664628135318772 0.24171342713345648 2.653585592059941
27.348499999981613 4.408059348028282 -1.9519723311229096 7.141502357459079e-07 -0.1547808010760199 0.18393672355824392 -0.025611509042887656 0.24175558742360062 2.6553642079297664
27.34899999998161 4.409880823628024 -1.9495681233120699 7.136873553901104e-07 -0.15470973358331055 0.18405484192083507 -0.025555793076627996 0.24179409641200494 2.6571030354052114
27.34949999998161 4.411661552336842 -1.947067045557317 7.132948100078642e-07 -0.15463418926765596 0.18417216978320622 -0.02549748624170705 0.24182895281120792 2.6588019575069284
27.34999999998161 4.413401289830128 -1.9444694117850594 7.129725988530276e-07 -0.15455417749073935 0.18428869118811572 -0.025436595806599453 0.2418601577066714 2.6604609125566214
27.350499999981608 4.415099820448448 -1.9417755134245116 7.127207541363921e-07 -0.1544697072193585 0.184404391788293 -0.02537312821532088 0.24188771319493618 2.6620798382445985
27.350999999981607 4.416756925444191 -1.9389856600198403 7.125392454979679e-07 -0.15438078823474805 0.1845192568560614 -0.02530709039198712 0.24191162177705205 2.6636586869554852
27.351499999981606 4.418372338036146 -1.9361001594183638 7.124281504223673e-07 -0.15428742918793792 0.1846332694767828 -0.02523848940619634 0.24193188369997026 2.6651973592429097
27.351999999981604 4.419945891936584 -1.9331193299026974 7.123873855472963e-07 -0.15418964114064715 0.18474641726704627 -0.025167332290960777 0.2419485043201027 2.666695857781055
27.352499999981603 4.421477360865276 -1.9300434849654977 7.124170081711579e-07 -0.1540874334278171 0.1848586852629599 -0.025093626493176504 0.2419614860842549 2.6681541167247347
27.352999999981602 4.422966541665435 -1.9268729567243825 7.125169626897047e-07 -0.15398081709706066 0.18497005914614564 -0.025017379353200534 0.2419708331268647 2.6695721054569788
27.3534999999816 4.424413254538516 -1.9236080742286754 7.126872264311305e-07 -0.15386980304535255 0.1850805259022935 -0.024938598557551313 0.24197655063146062 2.6709498227132404
27.3539999999816 4.425817366632517 -1.9202491724707904 7.129277010857078e-07 -0.15375440336358612 0.18519007460789766 -0.024857291757075836 0.24197864624893545 2.672287278886042
27.3544999999816 4.427178624420145 -1.9167965946575616 7.132384584496499e-07 -0.15363462826934707 0.18529868860502913 -0.024773466975245042 0.2419771221999666 2.673584397937246
27.354999999981597 4.428496914015955 -1.913250670499137 7.136193657110619e-07 -0.15351049006737633 0.1854063579109813 -0.024687131625043574 0.24197198718532106 2.67484124391739
27.355499999981596 4.429772062227087 -1.9096117746449204 7.140703905830287e-07 -0.1533820014434686 0.18551306930055908 -0.024598294717579093 0.2419632479347455 2.6760577806837986
27.355999999981595 4.431003901094112 -1.9058802339123349 7.145915081993598e-07 -0.15324917353996048 0.1856188103541007 -0.0245069636669583 0.24195091075696767 2.6772340236820193
27.356499999981594 4.432192345553858 -1.9020564116260745 7.151825540229133e-07 -0.1531120203910687 0.18572357206209303 -0.024413146845332113 0.24193498661134205 2.6783700377741013
27.356999999981593 4.433337171365821 -1.8981406769749742 7.158435773662288e-07 -0.15297055361836595 0.1858273389021608 -0.02431685306027349 0.24191548007625066 2.6794657793551266
27.35749999998159 4.4344383136549546 -1.8941333860997112 7.165743969781843e-07 -0.15282478727156604 0.18593010293718543 -0.0242180905440318 0.24189240313087698 2.6805213133480104
27.35799999998159 4.435495651804063 -1.8900349191961912 7.173749446828524e-07 -0.15267473514577728 0.18603185339037892 -0.024116868363414878 0.24186576559602427 2.6815366936143143
27.35849999998159 4.436509043543337 -1.8858456364873804 7.182451448600647e-07 -0.1525204102000076 0.18613257866614352 -0.024013194762285885 0.24183557614870926 2.6825119361860517
27.358999999981588 4.4374783673491685 -1.8815659199676793 7.191849204867031e-07 -0.15236182630794007 0.18623226791194658 -0.023907078849417163 0.24180184479575462 2.683447084337135
27.359499999981587 4.438403548751396 -1.8771961571769602 7.201941481079148e-07 -0.15219899836884673 0.1863309124653154 -0.023798529839435575 0.24176458398027564 2.684342186719717
27.359999999981586 4.439284520907885 -1.8727367202209662 7.212726664831746e-07 -0.15203194089202082 0.18642850418698517 -0.023687556524094124 0.24172380635525706 2.6851973580954502
27.360499999981585 4.440121166459771 -1.8681880019272534 7.224204014346444e-07 -0.15186066845564336 0.18652503227621972 -0.02357416797874769 0.2416795226851664 2.686012593195218
27.360999999981583 4.440913405839549 -1.8635503987451785 7.236372362728571e-07 -0.1516851960482273 0.18662048777888066 -0.023458373900536428 0.24163174556558967 2.686787995566257
27.361499999981582 4.441661182303801 -1.8588242876245769 7.24923016624162e-07 -0.1515055385890806 0.18671486299275558 -0.023340183081636656 0.24158048851646774 2.687523650332422
27.36199999998158 4.442364395114732 -1.854010085979287 7.262776575089754e-07 -0.15132171167721054 0.18680814766908083 -0.02321960551706659 0.24152576372064768 2.6882195679617515
27.36249999998158 4.443023029647072 -1.849108185375949 7.277009499351557e-07 -0.15113373151725082 0.18690033592004726 -0.02309665038882274 0.24146758711789554 2.6888758986447643
27.36299999998158 4.443637020919423 -1.8441189891892498 7.291927895170991e-07 -0.15094161372045148 0.18699141939389713 -0.022971327325270623 0.24140597249977688 2.689492701757854
27.363499999981578 4.444206328240921 -1.8390429073735317 7.307530060408914e-07 -0.15074537452615344 0.18708139083235134 -0.022843646311492542 0.2413409350143523 2.690070088637247
27.363999999981576 4.444730893163878 -1.833880345422729 7.323814663471161e-07 -0.15054502994556354 0.18717024212796896 -0.02271361681436778 0.2412724890416292 2.690608129961901
27.364499999981575 4.445210679095633 -1.8286317210959564 7.340780220929325e-07 -0.150340596564065 0.18725796613096718 -0.022581248962559978 0.24120065020528972 2.6911068987726665
27.364999999981574 4.445645697399573 -1.8232974402848057 7.358424845735201e-07 -0.15013209141158199 0.18734455808700257 -0.022446552400970078 0.24112543630052677 2.691566542741402
27.365499999981573 4.446035904301871 -1.817877937485297 7.376746810256324e-07 -0.14991953176519 0.18743001026503348 -0.022309537575518772 0.24104686311893347 2.6919871420765915
27.36599999998157 4.446381315382549 -1.8123736177058496 7.395744477123838e-07 -0.14970293455724 0.18751431818425152 -0.022170214209107215 0.24096494877311866 2.6923688224884446
27.36649999998157 4.446681891487073 -1.8067849073178186 7.415416213388224e-07 -0.14948231675722473 0.1875974744837848 -0.022028592602011454 0.24087970929039862 2.692711688739487
27.36699999998157 4.446937643154471 -1.8011122410901483 7.435760124926966e-07 -0.1492576964933375 0.18767947403651747 -0.021884683173162462 0.24079116324049515 2.693015862387706
27.36749999998157 4.447148576600747 -1.7953560382487954 7.456774314426283e-07 -0.14902909118343197 0.18776031173281788 -0.021738496000940764 0.24069932880950776 2.693281419094795
27.367999999981567 4.447314738470256 -1.7895167391520714 7.478456990590974e-07 -0.14879651954708156 0.18783998417594094 -0.021590041823005852 0.24060422646009755 2.6935085330113493
27.368499999981566 4.447436127445105 -1.7835947749530001 7.500806049162677e-07 -0.14855999938462547 0.18791848575599815 -0.021439331071184474 0.24050587440386367 2.6936973284396997
27.368999999981565 4.447512753499467 -1.7775905891877686 7.523819949968541e-07 -0.1483195490267908 0.1879958112937399 -0.021286374477417675 0.24040429161288887 2.693847888758153
27.369499999981564 4.4475446363976765 -1.7715045971496828 7.547496370070989e-07 -0.14807518628239483 0.18807195629320855 -0.021131181668242932 0.24029949724295466 2.693960335954076
27.369999999981562 4.447531866438559 -1.7653372629665298 7.5718336546319e-07 -0.14782693090476995 0.18814691935533923 -0.0209737646920952 0.24019151435674727 2.6940348630414315
27.37049999998156 4.447474489038278 -1.7590890119793348 7.596828571180555e-07 -0.14757480189953845 0.18822069695166282 -0.020814133088351887 0.24008036373863928 2.6940715790588223
27.37099999998156 4.447372499540215 -1.752760280034378 7.622479942594367e-07 -0.14731881697335333 0.1882932833854231 -0.020652297471903697 0.2399660638368676 2.694070587843827
27.37149999998156 4.447225988866959 -1.7463515157170828 7.648785347004784e-07 -0.14705899591133773 0.18836467728325207 -0.0204882688323717 0.23984863786609686 2.6940320450339987
27.371999999981558 4.4470350149224895 -1.739863157525098 7.675742415542892e-07 -0.1467953577086707 0.18843487581166626 -0.02032205779280986 0.2397281074465591 2.693956097145861
27.372499999981557 4.446799624615693 -1.7332956749160862 7.70334953729298e-07 -0.146527922182538 0.1885038753270258 -0.020153675878608328 0.2396044942063041 2.693842858882279
27.372999999981555 4.44651994078955 -1.7266495017336758 7.731603866894587e-07 -0.14625670915712619 0.1885716761565328 -0.019983133616130234 0.23947782287944036 2.6936925091686437
27.373499999981554 4.446196034483646 -1.7199250771913932 7.760502665092162e-07 -0.14598173823550714 0.1886382759775601 -0.01981044121159513 0.23934811602150607 2.693505196507815
27.373999999981553 4.445827967719405 -1.713122873010302 7.790044255766049e-07 -0.14570302928594858 0.1887036719343864 -0.019635610623890774 0.23921539613744675 2.6932810278756962
27.374499999981552 4.445415849145519 -1.706243330676462 7.820226127837515e-07 -0.14542060227187978 0.1887678635897478 -0.01945865243219262 0.23907968764374515 2.693020179849202
27.37499999998155 4.444959765386267 -1.69928691380021 7.851045922785124e-07 -0.14513447752226102 0.18883084923880103 -0.019279577995766416 0.23894101430604445 2.6927227804645235
27.37549999998155 4.444459842129865 -1.692254069357294 7.882501026769915e-07 -0.1448446754532974 0.1888926292158384 -0.01909839807697044 0.2387994015661465 2.692389017153598
27.37599999998155 4.443916190265844 -1.685145278765988 7.914589182311955e-07 -0.14455121713130256 0.18895320286903544 -0.01891512489241265 0.23865487465858184 2.6920190116484823
27.376499999981547 4.443328906896344 -1.6779609775857849 7.947307810501473e-07 -0.14425412238032542 0.18901256924962712 -0.018729768547045392 0.23850745771964635 2.6916129327717253
27.376999999981546 4.442698106059424 -1.6707016276529316 7.980654559713589e-07 -0.14395341180934923 0.1890707280041139 -0.018542340408315584 0.23835717599303685 2.6911708879405007
27.377499999981545 4.442023967482412 -1.6633676879928703 8.01462620701089e-07 -0.1436491070215662 0.18912768196861776 -0.01835285182879174 0.23820405791078703 2.690693120049744
27.377999999981544 4.4413065654191755 -1.6559596385887758 8.049221232039312e-07 -0.14334122855139406 0.189183428768397 -0.018161314714716152 0.23804812722505736 2.6901797043741134
27.378499999981543 4.440546105456101 -1.648477918006914 8.084435851885888e-07 -0.14302979803578614 0.18923797258598266 -0.01796773939675959 0.2378894134963571 2.689630851879366
27.37899999998154 4.4397426794305215 -1.6409230017060912 8.12026832267407e-07 -0.14271483589937475 0.18929131201358174 -0.017772138004058326 0.23772794130863945 2.6890466866467895
27.37949999998154 4.438896458784422 -1.6332953520121407 8.156715509340456e-07 -0.1423963640420971 0.18934344936821654 -0.017574521543358094 0.2375637390649966 2.6884273888498442
27.37999999998154 4.438007598391406 -1.6255954530899233 8.193775059950487e-07 -0.142074404392858 0.18939438611179907 -0.01737490218494707 0.23739683464651978 2.6877731083490577
27.380499999981538 4.437076274153348 -1.617823732425327 8.231443711246013e-07 -0.14174897760464641 0.1894441251829246 -0.01717328999682891 0.23722725624936386 2.68708400708962
27.380999999981537 4.436102656408048 -1.609980680452786 8.269719227660885e-07 -0.14142010587238668 0.18949266879375742 -0.016969697571765842 0.23705503265532016 2.686360264155243
27.381499999981536 4.4350869086608595 -1.6020667779635278 8.308598750499145e-07 -0.14108781148691257 0.1895400187339394 -0.016764136618407612 0.23688019235130092 2.685602016101269
27.381999999981534 4.4340291938179455 -1.5940824797143356 8.348079414775533e-07 -0.14075211565859583 0.1895861771362456 -0.01655661827098229 0.23670276346523217 2.684809425250095
27.382499999981533 4.432929731978948 -1.586028245541253 8.388158291071991e-07 -0.14041304060141535 0.18963114880593196 -0.01634715381476405 0.236522776929064 2.6839826712121884
27.382999999981532 4.431788681903365 -1.577904554734393 8.428832911599803e-07 -0.14007060813217898 0.1896749354737884 -0.01613575532186219 0.2363402610841226 2.6831219047763684
27.38349999998153 4.430606263290745 -1.569711870812211 8.470100056265006e-07 -0.13972484077476277 0.1897175418358562 -0.015922434017932148 0.23615524706181748 2.682227286560174
27.38399999998153 4.4293826865795785 -1.5614506780539592 8.511956690712432e-07 -0.1393757614158182 0.1897589720334048 -0.015707202086532986 0.2359677658808524 2.681299003023933
27.38449999998153 4.4281181371356135 -1.553121427891743 8.554400525697382e-07 -0.13902339123443994 0.18979922938950505 -0.015490070710924068 0.2357778468766808 2.6803371916867125
27.384999999981527 4.426812841608661 -1.5447246028491084 8.597428158991963e-07 -0.13866775336250015 0.18983831879567373 -0.015271052016269292 0.23558552191392115 2.679342043721228
27.385499999981526 4.425467021767412 -1.5362606681890565 8.64103665119813e-07 -0.13830887044948498 0.1898762450844131 -0.015050157179331095 0.23539082251330679 2.678313699967804
27.385999999981525 4.424080870700481 -1.5277301261781706 8.685223738420357e-07 -0.13794676536363698 0.18991301146764236 -0.014827399272676317 0.23519377918684528 2.6772523190709983
27.386499999981524 4.422654681551701 -1.519133405394799 8.729984985080068e-07 -0.13758146083933295 0.18994862651256011 -0.014602788286598119 0.23499442654334626 2.676158107710706
27.386999999981523 4.42118865801041 -1.5104709915740937 8.775318379069603e-07 -0.13721297925790168 0.1899830941383391 -0.014376336772608054 0.23479279544782847 2.675031201645412
27.38749999998152 4.419682987919936 -1.5017433752983131 8.821221220217231e-07 -0.13684134330661965 0.19001641740587105 -0.014148057171040763 0.23458891628428952 2.6738717406791084
27.38799999998152 4.41813801811905 -1.49295101122205 8.867689278419151e-07 -0.13646657724682398 0.19004860718276548 -0.01391796042288481 0.23438282663178517 2.672679954746873
27.38849999998152 4.41655394809614 -1.4840943740652999 8.91472036608726e-07 -0.13608870305827117 0.1900796673772495 -0.013686058761090041 0.23417455723186523 2.671455967033795
27.388999999981518 4.414931042423604 -1.4751739490199542 8.962310761458005e-07 -0.1357077448198553 0.19010960463354926 -0.013452364070916722 0.23396414228918044 2.670199951015011
27.389499999981517 4.413269563847196 -1.466190202685801 9.010457774073009e-07 -0.13532372527597308 0.1901384259151985 -0.013216888270224398 0.2337516155401371 2.668912090817639
27.389999999981516 4.411569793660907 -1.457143600593449 9.059158053395609e-07 -0.13493666754631609 0.19016613903686388 -0.012979643215188684 0.233537011676279 2.667592532573968
27.390499999981515 4.409831999256095 -1.448034608542419 9.108408320118969e-07 -0.13454659492830323 0.19019275107525843 -0.012740640268072997 0.23332036491231659 2.6662414566983985
27.390999999981513 4.408056461491995 -1.4388637305007856 9.158205551568227e-07 -0.13415353181602538 0.19021826945335787 -0.012499892509718682 0.233101710515599 2.6648590352444703
27.391499999981512 4.406243467300814 -1.4296314027292754 9.208546281237893e-07 -0.1337575005804582 0.19024270255277953 -0.012257410656868875 0.23288108328528478 2.6634454151540563
27.39199999998151 4.404393322360679 -1.4203381332997007 9.259427070814426e-07 -0.1333585263382262 0.19026605888488196 -0.012013207737872005 0.23265851987589453 2.6620007951872715
27.39249999998151 4.402506288689457 -1.4109843749880198 9.31084545511753e-07 -0.13295663109585798 0.19028834563300412 -0.011767295513319566 0.23243405404502046 2.6605253032923066
27.39299999998151 4.400582713409126 -1.4015705908555895 9.362797252517099e-07 -0.1325518394437616 0.19030957367120654 -0.011519685176677154 0.23220772406922835 2.659019148320419
27.393499999981508 4.398622893798619 -1.3920972676355268 9.415279349259208e-07 -0.13214417533014416 0.19032975146831982 -0.011270389423265234 0.23197956600836273 2.657482495957259
27.393999999981506 4.3966271031477095 -1.382564885416151 9.468288624137608e-07 -0.13173366230104275 0.19034888631700547 -0.011019420479981792 0.23174961474204026 2.655915480766502
27.394499999981505 4.394595721609436 -1.3729738973141183 9.521821490052113e-07 -0.1313203244395205 0.1903669909979569 -0.010766789937233961 0.23151790997257565 2.6543183131251853
27.394999999981504 4.3925290204001435 -1.3633248000734461 9.575874842829148e-07 -0.13090418581320898 0.19038407257764098 -0.010512510609528685 0.23128448679922972 2.6526911290348716
27.395499999981503 4.390427347409847 -1.3536180571079368 9.630445032289684e-07 -0.1304852705052574 0.19040014214174694 -0.010256594293760737 0.23104938362379251 2.651034130873227
27.395999999981502 4.388291044309812 -1.3438541215453865 9.685528776172553e-07 -0.13006360194610977 0.19041521065498204 -0.009999052647496676 0.23081263841875013 2.6493474688798697
27.3964999999815 4.386120436581618 -1.3340334886119214 9.741122566490207e-07 -0.12963920499189385 0.19042928779894513 -0.009739898452221264 0.23057428899251395 2.64763132406974
27.3969999999815 4.383915905587736 -1.3241566248002192 9.797222365765663e-07 -0.12921210440281267 0.1904423862130032 -0.009479143597663617 0.23033437553706818 2.645885862011488
27.3974999999815 4.381677729889751 -1.3142240028714016 9.853825932690981e-07 -0.12878232302302334 0.19045451376026504 -0.009216800581469077 0.23009293328527905 2.6441112403969793
27.397999999981497 4.379406379130989 -1.3042360812600613 9.910928150159888e-07 -0.12834988695768434 0.19046568730708963 -0.008952880837099053 0.22985000674069095 2.6423076946000696
27.398499999981496 4.377102096583526 -1.294193345315122 9.968526619386803e-07 -0.12791481891681628 0.1904759128976956 -0.008687397414002726 0.22960562964910344 2.6404753226080624
27.398999999981495 4.374765340307295 -1.284096270713482 1.0026617189507953e-06 -0.1274771451119528 0.19048520677963418 -0.008420362472055345 0.2293598461630428 2.6386143581800496
27.399499999981494 4.372396435452454 -1.2739452960418007 1.0085196185018064e-06 -0.12703688828550416 0.19049357927519645 -0.008151787260501588 0.22911269359395975 2.6367249395980252
27.399999999981492 4.369995775866054 -1.2637409275893787 1.0144260369190947e-06 -0.1265940743142011 0.19050104339970328 -0.007881685335189856 0.22886421334836962 2.63480726005968
27.40049999998149 4.367563721347024 -1.2534836204744622 1.0203806065609503e-06 -0.12614872692368406 0.19050761101300415 -0.00761006859982976 0.22861444464959432 2.632861495793442
27.40099999998149 4.365100718005505 -1.2431738432951724 1.0263828854516813e-06 -0.1257008720306286 0.19051329781706058 -0.007336948891351617 0.22836343116494548 2.6308878281237087
27.40149999998149 4.36260708964744 -1.2328120475113944 1.0324325855418245e-06 -0.1252505321719517 0.1905181141725486 -0.0070623385446803525 0.22811121029651535 2.6288864253413977
27.401999999981488 4.360083308728438 -1.2223987488630463 1.0385292392707272e-06 -0.12479773535177963 0.19052207655068198 -0.00678625088516191 0.22785782761009796 2.6268574907389786
27.402499999981487 4.357529707812833 -1.2119343806497012 1.044672563680848e-06 -0.12434250369496994 0.19052519586944763 -0.006508697504841896 0.22760332077857418 2.6248011804525477
27.402999999981486 4.35494672670436 -1.2014194182921372 1.0508621533752415e-06 -0.12388486283629145 0.19052748766959313 -0.006229690995157437 0.22734773332397412 2.622717675200686
27.403499999981484 4.352334790868822 -1.190854342022784 1.0570975826495437e-06 -0.12342483838428926 0.19052896666192726 -0.005949244118327327 0.22709110808886632 2.6206071778696884
27.403999999981483 4.349694323098695 -1.180239603026658 1.0633784853690028e-06 -0.12296245479106346 0.19052964783991896 -0.005667368709468656 0.22683348752407995 2.6184698858789286
27.404499999981482 4.347025708636616 -1.1695756677369091 1.0697044998518085e-06 -0.12249773622285708 0.1905295442768592 -0.005384077458960525 0.22657491236268062 2.616305950959202
27.40499999998148 4.3443294122649885 -1.1588630254739596 1.076075197268835e-06 -0.12203070944752059 0.19052867246710992 -0.005099383052102153 0.22631542763995677 2.6141155729966457
27.40549999998148 4.341605880902736 -1.1481021329535357 1.0824902036976747e-06 -0.12156139900637264 0.19052704859195277 -0.00481329814487425 0.2260550769449302 2.6118989585792693
27.40599999998148 4.3388555279758805 -1.1372934671944015 1.0889490849881669e-06 -0.12108983032625488 0.19052468688193447 -0.0045258353040557 0.22579390271904998 2.609656286363868
27.406499999981477 4.336078784213038 -1.1264374806182205 1.095451497374613e-06 -0.12061602762609899 0.19052160279182426 -0.004237006881457412 0.2255319477989295 2.6073877325629917
27.406999999981476 4.333276152399719 -1.1155346367103958 1.1019969628942724e-06 -0.12014001705923887 0.19051781498825304 -0.003946825242665407 0.22526925879131524 2.605093521551355
27.407499999981475 4.330448030418426 -1.104585406993412 1.1085851482904952e-06 -0.11966182319801927 0.1905133371050399 -0.003655303095640111 0.22500587722700396 2.6027738324348633
27.407999999981474 4.327594908039679 -1.0935902611690425 1.1152155923369552e-06 -0.11918147197224692 0.19050818722682877 -0.0033624533364917837 0.22474184913888204 2.6004288661241457
27.408499999981473 4.324717258743547 -1.0825496773229017 1.1218878788230072e-06 -0.11869898945117412 0.19050238248737392 -0.003068288848397936 0.2244772198387909 2.5980588236341204
27.40899999998147 4.321815526081519 -1.071464116751147 1.1286015974942916e-06 -0.11821440040011094 0.19049593889059896 -0.0027728224068803114 0.22421203299526246 2.5956638938494105
27.40949999998147 4.318890209650196 -1.0603340145593525 1.1353563438713876e-06 -0.11772772960622772 0.19048887535672726 -0.0024760657195334363 0.22394633476428072 2.5932442996549785
27.40999999998147 4.315941781263911 -1.0491598675554084 1.1421516825809965e-06 -0.11723900380824939 0.190481208779285 -0.0021780322974058225 0.2236801706380269 2.5908002249363435
27.410499999981468 4.312970694360451 -1.0379421555599908 1.1489871932041222e-06 -0.116748248387821 0.19047295544487583 -0.0018787357563709059 0.22341358487247875 2.5883318915216833
27.410999999981467 4.309977474757226 -1.0266812986205567 1.1558624377209263e-06 -0.1162554880639272 0.19046413572303578 -0.0015781873275374364 0.22314662483879455 2.585839501913981
27.411499999981466 4.306962605801348 -1.0153777933960353 1.1627769667895245e-06 -0.11576074956060092 0.1904547670721605 -0.0012764007852273348 0.22287933649916405 2.5833232688916006
27.411999999981465 4.303926572985115 -1.0040321067689761 1.1697303746332612e-06 -0.11526405842535654 0.1904448675080486 -0.0009733890937018669 0.22261176566203755 2.5807834082949457
27.412499999981463 4.300869881595889 -0.9926446927648394 1.1767222022130213e-06 -0.11476544005466843 0.19043445601730036 -0.0006691649105989763 0.22234395888178382 2.5782201324082137
27.412999999981462 4.297793042179708 -0.9812160165540286 1.18375199385508e-06 -0.11426492035139463 0.19042355180771903 -0.0003637411969028021 0.22207596316043735 2.575633648346677
27.41349999998146 4.294696577844781 -0.9697465457524614 1.190819312951478e-06 -0.11376252550585123 0.19041217463118007 -5.713090154543538e-05 0.2218078261044555 2.5730242041092968
27.41399999998146 4.291580963512519 -0.9582367391563802 1.1979237217661739e-06 -0.11325828047935436 0.19040034206978607 0.00025065297265708733 0.22153959281434174 2.570391993130606
27.41449999998146 4.288446772715574 -0.9466870935037002 1.205064730252054e-06 -0.11275221333904376 0.19038807592848023 0.0005595966074385676 0.2212713135880136 2.5677372576377104
27.414999999981458 4.285294487445501 -0.9350980305230732 1.2122419098134082e-06 -0.11224434784877847 0.19037539456644625 0.0008696881824713735 0.2210030335490045 2.5650602102118234
27.415499999981456 4.282124626165712 -0.9234700441986996 1.2194547923954543e-06 -0.11173471094052678 0.19036231726165842 0.0011809136653745315 0.22073480019986977 2.5623610953055005
27.415999999981455 4.278937769995984 -0.9118035838029198 1.2267028868043812e-06 -0.11122332875855505 0.1903488668244734 0.0014932602007908628 0.220466663664877 2.559640143662027
27.416499999981454 4.275734426410151 -0.9000991298274102 1.2339857522119835e-06 -0.11071022772151351 0.1903350621021546 0.0018067144268906336 0.22019867076029492 2.556897574886322
27.416999999981453 4.272515106805957 -0.8883571336441662 1.2413029104896503e-06 -0.1101954329164976 0.19032092258174008 0.002121263254799851 0.21993086815136975 2.554133638867095
27.41749999998145 4.269280399877586 -0.8765780733714292 1.248653856572529e-06 -0.10967897192991863 0.19030647101960024 0.002436893350024698 0.21966330655058716 2.551348582585472
27.41799999998145 4.266030859047731 -0.8647623905414936 1.2560381208060646e-06 -0.10916087010917508 0.19029172904346778 0.00275359197279977 0.2193960345450606 2.5485426418580883
27.41849999998145 4.262766975202638 -0.8529105789481068 1.2634552208068436e-06 -0.10864115372391703 0.19027671467286147 0.0030713446718951256 0.21912909799306637 2.5457160654351485
27.418999999981448 4.259489344211346 -0.8410230919411278 1.2709046893467996e-06 -0.10811984950288961 0.1902614513197241 0.0033901388628372513 0.2188625476328112 2.5428690789544954
27.419499999981447 4.256198512930769 -0.8291004062800824 1.2783860123610313e-06 -0.10759698379568934 0.19024595993301385 0.0037099603930830045 0.2185964318072964 2.5400019697013527
27.419999999981446 4.252895062196062 -0.817142972717973 1.2858986803168552e-06 -0.10707258302440932 0.19023026322059836 0.004030796620596116 0.21833080039676897 2.5371149786352736
27.420499999981445 4.249579547672292 -0.8051512649317245 1.2934422071099242e-06 -0.10654667369387959 0.1902143825836348 0.004352633748154731 0.21806570211165494 2.534208352104608
27.420999999981444 4.246252552270105 -0.7931257486316988 1.3010160569886246e-06 -0.10601928239787617 0.1901983407522812 0.004675458060884506 0.21780118680383856 2.5312823741762926
27.421499999981442 4.242914594249842 -0.7810668956054592 1.3086197644969703e-06 -0.10549043519810662 0.1901821572752381 0.004999256102146071 0.21753730122837367 2.528337274741666
27.42199999998144 4.23956629110699 -0.7689751669258714 1.3162527885187345e-06 -0.10496015884393849 0.1901658567133279 0.005324014028186151 0.21727409677508977 2.5253733414528705
27.42249999998144 4.236208211179735 -0.7568510523609467 1.3239146414651592e-06 -0.1044284808548624 0.19014946079026587 0.005649717919773268 0.217011622649701 2.522390839158666
27.42299999998144 4.232840951495606 -0.7446949895448605 1.3316047216852066e-06 -0.10389542708379312 0.19013299318320506 0.005976354822147405 0.2167499289104582 2.5193900653656085
27.423499999981438 4.2294650764942014 -0.732507473156941 1.339322607477059e-06 -0.10336102476216821 0.19011647554569844 0.006303910274101274 0.21648906438558882 2.5163712619640273
27.423999999981437 4.226081188776965 -0.720288944736492 1.3470676778293644e-06 -0.10282529974669698 0.1900999319023115 0.0066323708181835195 0.21622907926532786 2.5133347276544806
27.424499999981435 4.222689867650592 -0.7080399080968591 1.3548394788576865e-06 -0.10228828019719916 0.19008338432490057 0.006961722199100569 0.21597002300802312 2.5102807261118474
27.424999999981434 4.219291687482462 -0.6957608130652317 1.362637405803019e-06 -0.10174999192015101 0.19006685539772278 0.007291950828901016 0.21571194432256358 2.507209565346672
27.425499999981433 4.2158872734794635 -0.6834521236045298 1.3704609503818357e-06 -0.10121046188374604 0.19005036998609942 0.007623042895269779 0.21545489437364287 2.5041215053886945
27.425999999981432 4.212477216520047 -0.6711143369249248 1.378309560894838e-06 -0.10066971801463266 0.19003395084086522 0.007954983821533847 0.21519892277828648 2.5010168633827474
27.42649999998143 4.209062090866916 -0.6587479284385739 1.3861826959157667e-06 -0.10012778698074766 0.19001762026852403 0.008287759362547224 0.21494407806084462 2.497895926766576
27.42699999998143 4.205642570475518 -0.6463533193627922 1.3940797534268591e-06 -0.09958469509225047 0.1900014059205222 0.00862135697702756 0.21469041325712915 2.4947590058335036
27.42749999998143 4.202219183500678 -0.6339310349043932 1.4020002057183427e-06 -0.09904046994088536 0.18998532732019627 0.008955760679247683 0.21443797455772026 2.4916063744351273
27.427999999981427 4.198792560080959 -0.621481544934057 1.4099434860120177e-06 -0.09849513914277802 0.18996940943830717 0.009290956820220424 0.2141868129361133 2.4884383726230954
27.428499999981426 4.195363323283693 -0.6090053149157294 1.4179090383690897e-06 -0.09794872949993182 0.18995367704509125 0.009626931149529257 0.21393697865717234 2.485255268202379
27.428999999981425 4.191932080519146 -0.5965028127378663 1.4258962715230976e-06 -0.09740126805645735 0.18993815405881784 0.009963669754784818 0.2136885212201617 2.482057413029163
27.429499999981424 4.188499417222819 -0.5839745433769028 1.4339046485259423e-06 -0.09685278250252054 0.18992286303244854 0.010301157243389336 0.21344148898814352 2.478845101901443
27.429999999981423 4.185065993823745 -0.5714209560033536 1.4419335169381808e-06 -0.09630329998132935 0.18990783060788552 0.010639380124201753 0.21319593364535475 2.4756186694642075
27.43049999998142 4.18163237825504 -0.5588425431615942 1.4499823752174429e-06 -0.09575284735243698 0.18989307865514723 0.01097832330303076 0.212951902268505 2.4723784053913764
27.43099999998142 4.178199211628237 -0.5462398074919386 1.4580505780948905e-06 -0.09520145367940978 0.1898786322600415 0.01131797206184644 0.21270944563702296 2.469124656702089
27.43149999998142 4.174767119360123 -0.5336131947718065 1.4661375459621114e-06 -0.09464914484965183 0.18986451657736012 0.011658312351672695 0.21246861302981715 2.465857768142593
27.431999999981418 4.17133672046892 -0.5209631989710127 1.474242696403655e-06 -0.09409594883376302 0.18985075585180872 0.011999329263816336 0.21222945362793239 2.4625780572093565
27.432499999981417 4.167908615987544 -0.5082903206280884 1.4823654214917317e-06 -0.0935418936747377 0.1898373733131218 0.012341007732047708 0.2119920155348403 2.4592858462134326
27.432999999981416 4.16448343689821 -0.4955950128610773 1.4905051161435656e-06 -0.09298700578769611 0.18982439428102507 0.01268333366378618 0.21175634786788808 2.4559814964333344
27.433499999981414 4.161061806972683 -0.482877808065144 1.4986611758873416e-06 -0.09243131464231759 0.18981184275917373 0.013026290989963779 0.21152249959542274 2.452665327399891
27.433999999981413 4.157644360198123 -0.4701391539492039 1.5068329799039582e-06 -0.09187484658557192 0.18979974423104276 0.013369865861713346 0.21129051956595649 2.449337708193956
27.434499999981412 4.154231727732729 -0.45737955102284855 1.5150198898474297e-06 -0.09131763004525631 0.18978812340713236 0.013714043078107963 0.21106045655458863 2.445998984597238
27.43499999998141 4.150824485513817 -0.4445995034256727 1.5232213484052485e-06 -0.09075969232176023 0.18977700243660842 0.0140588069070387 0.21083235628293506 2.442649497479717
27.43549999998141 4.147423315981473 -0.43179949810897483 1.531436685189207e-06 -0.09020106221936718 0.1897664085734367 0.01440414266843219 0.21060626955144335 2.4392896152861243
27.43599999998141 4.144028807366104 -0.41898002085217717 1.5396652775926372e-06 -0.08964176673580333 0.18975636472679763 0.014750035238906438 0.21038224221020796 2.4359196998074024
27.436499999981407 4.140641642991642 -0.4061415543531621 1.5479064441443407e-06 -0.08908183430005112 0.18974689828253669 0.015096469712491692 0.21016032453316508 2.4325401353957314
27.436999999981406 4.137262344210944 -0.39328463002788927 1.5561596603038318e-06 -0.08852129251713324 0.1897380284692991 0.01544342976647497 0.20994055872858983 2.429151230554946
27.437499999981405 4.133891606909226 -0.3804097093208346 1.564424196813978e-06 -0.0879601693302179 0.18972978349150926 0.015790901129593398 0.20972299514078133 2.4257533997748983
27.437999999981404 4.130530078394822 -0.3675173253643521 1.57269946617382e-06 -0.08739849422479529 0.18972218854589795 0.01613886731314318 0.20950768161945296 2.4223470156963725
27.438499999981403 4.127178320314361 -0.35460795789508315 1.5809847737882778e-06 -0.08683629371744118 0.18971526524738297 0.016487313322036568 0.2092946613629827 2.4189324292940677
27.4389999999814 4.123837004169143 -0.34168213917068524 1.5892795105847833e-06 -0.08627359756283731 0.18970903999345237 0.01683622258264613 0.2090839828454684 2.41551006255151
27.4394999999814 4.120506727874078 -0.328740350548311 1.597583013712577e-06 -0.08571043304210249 0.18970353606927023 0.017185580410100664 0.20887569055177696 2.4120802780514357
27.4399999999814 4.117188124824941 -0.3157830858720011 1.6058946061057795e-06 -0.08514682798259109 0.18969877842957328 0.017535371179548318 0.20866983034347306 2.408643482462068
27.440499999981398 4.1138817987226695 -0.30281088689468927 1.614213661536506e-06 -0.08458281171918056 0.1896947900270864 0.017885578234703575 0.2084664464860771 2.405200025406096
27.440999999981397 4.1105884015454315 -0.28982423660055545 1.6225394798156746e-06 -0.08401841220605938 0.18969159677051126 0.018236186556765652 0.208265585191377 2.401750338887869
27.441499999981396 4.107308543681693 -0.27682368120612344 1.6308714090930907e-06 -0.08345365888488111 0.18968922190885712 0.01858717907276281 0.20806729035469437 2.398294821165102
27.441999999981395 4.104042805148932 -0.26380971184024027 1.6392087936984955e-06 -0.0828885787139161 0.18968768787558063 0.018938540273252015 0.2078716039301144 2.3948338483280573
27.442499999981393 4.10079185333997 -0.2507828297969674 1.6475509414428023e-06 -0.08232320057277574 0.18968702103218618 0.01929025468960242 0.20767857190042557 2.3913678602998676
27.442999999981392 4.097556319256154 -0.23774359088705044 1.655897138518083e-06 -0.08175755465748655 0.18968724555424915 0.01964230498494067 0.2074882382561752 2.387897265735665
27.44349999998139 4.094336759783968 -0.22469250615566094 1.6642467837838696e-06 -0.08119166834858729 0.18968838244552985 0.01999467519975108 0.2073006427398915 2.3844224375719247
27.44399999998139 4.091133773855178 -0.21163009451319842 1.6725991823333702e-06 -0.08062557006114765 0.18969045472231386 0.02034734915952026 0.20711582696226444 2.380943833731938
27.44449999998139 4.08794802062867 -0.19855688213373462 1.6809536172092862e-06 -0.08005928914284301 0.18969348814007622 0.020700310149828094 0.20693383498380746 2.3774618257751152
27.444999999981388 4.084780084666637 -0.18547338127638344 1.6893094103521532e-06 -0.07949285362260697 0.18969750503891325 0.02105354229749963 0.20675470693149006 2.3739769148665215
27.445499999981386 4.081630563360755 -0.17238015440067522 1.6976659030200357e-06 -0.07892629319044446 0.18970252787981082 0.02140702783657763 0.20657848310405033 2.3704894530328886
27.445999999981385 4.07850011558518 -0.15927771691641818 1.7060223257113735e-06 -0.07835963733886155 0.1897085824354541 0.021760750952273235 0.20640520656115788 2.366999919613564
27.446499999981384 4.075389235786285 -0.14616660854458324 1.7143780829546997e-06 -0.07779291328278853 0.18971568647379355 0.022114694495563244 0.20623491160295407 2.363508721474712
27.446999999981383 4.072298602082302 -0.13304738559304305 1.722732395046582e-06 -0.077226152049235 0.18972386634431787 0.022468841077623085 0.2060676414198494 2.3600163259215505
27.447499999981382 4.06922879160117 -0.11992054613376935 1.7310846377671352e-06 -0.07665938072951219 0.18973314417277481 0.022823175020590766 0.20590343360308438 2.356523135760148
27.44799999998138 4.066180364118685 -0.10678666528874081 1.7394340414227215e-06 -0.07609262927523106 0.18974354038253483 0.02317767830215891 0.2057423245673936 2.3530296081701567
27.44849999998138 4.063153942066339 -0.09364629023719026 1.7477799300361711e-06 -0.07552592739697739 0.18975507873804637 0.023532333880693108 0.205584353378189 2.349536206066959
27.44899999998138 4.060150072177035 -0.0804999657249626 1.7561216301857962e-06 -0.07495930345473531 0.18976777938043426 0.023887124538318046 0.20542955479703834 2.3460433492756465
27.449499999981377 4.05716938188524 -0.06734823617031148 1.764458387490836e-06 -0.07439278725398332 0.18978166632250654 0.024242033244038355 0.20527796726236525 2.3425515434026742
27.449999999981376 4.054212400776186 -0.05419167486114031 1.772789513091417e-06 -0.07382640806556956 0.1897967585487594 0.024597042061687384 0.20512962380325395 2.3390612000293305
27.450499999981375 4.051279742469724 -0.041030835218232066 1.7811142696542963e-06 -0.07326019582368357 0.18981307929269098 0.024952133738977506 0.20498456122553638 2.335572820447485
27.450999999981374 4.048371918582062 -0.02786624024254839 1.7894320247440103e-06 -0.07269417720741903 0.1898306473437762 0.025307291285708647 0.20484281062082818 2.332086823780627
27.451499999981372 4.045489566976238 -0.014698510726704386 1.7977419737464917e-06 -0.0721283854171835 0.18984948619560052 0.025662495914482473 0.20470440905897486 2.3286037205551535
27.45199999998137 4.0426331636408825 -0.0015281582488752866 1.8060434697049957e-06 -0.07156284642066282 0.1898696130379938 0.026017731225541317 0.20456938500457342 2.3251239465248648
27.45249999998137 4.0398033217680105 0.011644209485049909 1.8143357481738952e-06 -0.07099759214191316 0.18989105041099533 0.02637297832559771 0.20443777317781336 2.3216480068420413
27.45299999998137 4.037000568717226 0.0248180306903557 1.8226181130947725e-06 -0.07043265157266487 0.1899138172784281 0.026728219841377975 0.20430960363308823 2.3181763471510552
27.453499999981368 4.034225452373413 0.03799274769170063 1.8308898699704108e-06 -0.06986805328722076 0.1899379337398931 0.027083437738251104 0.20418490674691817 2.3147094843395855
27.453999999981367 4.031478488659469 0.051167758132343644 1.83915026393268e-06 -0.06930382778444126 0.18996341770417785 0.027438613519189196 0.2040637109416637 2.31124786379305
27.454499999981365 4.028760281456176 0.06434248434597016 1.8473986023679862e-06 -0.06874000560552972 0.1899902916074356 0.027793729207244003 0.20394604840244462 2.3077920139273496
27.454999999981364 4.026071273434802 0.07751635859399143 1.8556341450578203e-06 -0.06817661443749316 0.1900185703581473 0.02814876665361129 0.20383194278923075 2.30434239529246
27.455499999981363 4.023412055336773 0.09068877416393178 1.8638561658642931e-06 -0.0676136859699518 0.19004827533681393 0.028503707318806318 0.20372142454797645 2.3008995288568572
27.455999999981362 4.020783086816758 0.10385916634549305 1.8720639947048194e-06 -0.06705124789730871 0.1900794223488215 0.028858533187722683 0.20361451712192552 2.2974638611646716
27.45649999998136 4.018184912380026 0.11702690723281615 1.8802568817587744e-06 -0.06648933198198476 0.19011203033797758 0.02921322495164227 0.20351124749928182 2.294035952850149
27.45699999998136 4.0156180690882195 0.1301914268249622 1.88843405046328e-06 -0.06592796757441449 0.1901461185734693 0.029567764655396588 0.2034116418098183 2.29061629587654
27.45749999998136 4.013082992069816 0.1433521152702354 1.8965948827556907e-06 -0.06536718378063816 0.19018170111330346 0.029922133296260124 0.20331572053031408 2.2872053476001404
27.457999999981357 4.01058019963986 0.15650836950694624 1.90473859898866e-06 -0.06480701110292711 0.19021879591756066 0.03027631222563734 0.20322350772094697 2.2838036478541657
27.458499999981356 4.008110197177672 0.16965960509842076 1.912864473330959e-06 -0.06424747885232684 0.19025742057518 0.03063028306946055 0.2031350261863187 2.2804117238936397
27.458999999981355 4.005673448439338 0.18280516088466467 1.9209718397663123e-06 -0.06368861843782835 0.1902975899591083 0.030984025185112625 0.20305029593535662 2.277030082675723
27.459499999981354 4.003270413935457 0.19594447844994328 1.929059911812083e-06 -0.06313045803663622 0.1903393196643307 0.03133752141531392 0.20296933657735353 2.2736592094915924
27.459999999981353 4.000901575408475 0.20907690309401952 1.9371280426597712e-06 -0.06257302902310963 0.19038262541985246 0.03169075132835456 0.20289216777056324 2.270299663668513
27.46049999998135 3.9985674000722193 0.22220186399623387 1.9451754255396347e-06 -0.06201636019343438 0.19042752303999788 0.03204369745166951 0.20281880832202137 2.2669519261530313
27.46099999998135 3.9962683007288065 0.23531868157931007 1.953201439953451e-06 -0.061460482615707634 0.19047402472890926 0.032396338314802944 0.20274927313307933 2.2636165633724916
27.46149999998135 3.9940048014835887 0.24842677756949705 1.9612053080812e-06 -0.06090542616502648 0.19052214889701652 0.03274865633149381 0.20268358258181324 2.260294098085911
27.461999999981348 3.9917772404189886 0.26152550763255594 1.9691863701263316e-06 -0.06035121970256256 0.1905719044807586 0.0331006311918135 0.20262174681486392 2.2569850193378214
27.462499999981347 3.9895861067552967 0.2746142022973572 1.977143883665956e-06 -0.05979789595258128 0.19062330725005344 0.03345224271150738 0.20256378296658464 2.253689906916915
27.462999999981346 3.987431801688479 0.28769229250809336 1.9850771552348705e-06 -0.059245482095236286 0.19067636994579953 0.03380347295812212 0.2025097034426619 2.2504092468866412
27.463499999981345 3.9853147372642432 0.3007590924032112 1.9929854651252215e-06 -0.05869400999129822 0.190731104483059 0.03415430082937073 0.20245952013014687 2.2471436327073477
27.463999999981343 3.98323531695282 0.3138139865098307 2.0008681002143223e-06 -0.05814350906664546 0.19078752308459765 0.034504707682925004 0.20241324428906096 2.2438935340026895
27.464499999981342 3.9811939570741526 0.3268563248793097 2.008724384939607e-06 -0.05759400941761345 0.190845638390518 0.03485467290470514 0.20237088683102242 2.2406595788185597
27.46499999998134 3.979191031386259 0.3398854435068336 2.0165536077764724e-06 -0.05704554204511027 0.1909054605939115 0.03520417674074419 0.2023324561502368 2.237442222693671
27.46549999998134 3.977226917094861 0.3529007209208008 2.024355078290694e-06 -0.0564981356718172 0.1909670006595445 0.03555319969667767 0.20229796015769752 2.2342420622075037
27.46599999998134 3.97530193942238 0.36590146299648285 2.0321281431766145e-06 -0.05595182124071329 0.19103026626180683 0.035901720643613244 0.20226740338814259 2.2310595864230445
27.466499999981338 3.9734165337118825 0.3788870633367017 2.0398720260712665e-06 -0.05540662838505776 0.19109527115950117 0.036249721127231 0.20224079561336084 2.2278954329800484
27.466999999981336 3.9715710062006937 0.39185682227263063 2.0475861180380618e-06 -0.0548625878069734 0.19116202205591012 0.036597179805817816 0.20221813911497033 2.224750057538992
27.467499999981335 3.9697657520604572 0.4048101025863091 2.0552696727243997e-06 -0.05431972938292459 0.19123053054236827 0.03694407695677446 0.2021994402414059 2.2216240822101643
27.467999999981334 3.9680010390626426 0.41774623338288985 2.0629220566743366e-06 -0.05377808238126189 0.19130080169506755 0.03729039225104973 0.20218469830335456 2.218518003678235
27.468499999981333 3.9662771896149507 0.4306645301232077 2.070542631333677e-06 -0.0532376772405988 0.19137284312873323 0.03763610472535484 0.20217391459841397 2.2154323936022955
27.46899999998133 3.9645945804659593 0.44356433550504976 2.0781306283156754e-06 -0.052698544790016635 0.1914466651818557 0.03798119470908903 0.2021670927321474 2.212367805152301
27.46949999998133 3.962953446608875 0.45644496386400335 2.085685462054052e-06 -0.05216071414409766 0.19152227128388288 0.03832564121935195 0.2021642284694154 2.209324787200957
27.46999999998133 3.9613541479461283 0.4693057645708766 2.0932064098264386e-06 -0.0516242154199393 0.1915996710096989 0.03866942462665549 0.20216532331165438 2.2063039451171598
27.470499999981328 3.95979693552336 0.48214603048230265 2.1006928318104983e-06 -0.051089078882715966 0.19167886834287112 0.03901252332809497 0.2021703725245449 2.203305747458331
27.470999999981327 3.9582820714458684 0.4949650844322698 2.1081441193537017e-06 -0.05055533406018039 0.19175986792117547 0.03935491700953248 0.20217937144998321 2.200330811187172
27.471499999981326 3.9568097945369436 0.507762246408991 2.1155596010931e-06 -0.050023010219728686 0.19184267332120103 0.03969658502224503 0.2021923137038015 2.197379614631582
27.471999999981325 3.9553804632528937 0.5205368218307654 2.12293859756873e-06 -0.04949213919350825 0.1919272935552619 0.04003750674598535 0.20220919810886964 2.194452844481459
27.472499999981324 3.9539942272725668 0.5332881266678412 2.1302805624349224e-06 -0.04896274873111837 0.19201372796144275 0.040377661207355364 0.20223001264286553 2.1915509572480594
27.472999999981322 3.9526513561894423 0.5460154617087855 2.1375847434455333e-06 -0.048434869708452295 0.192101981217543 0.04071702772401328 0.20225475059453624 2.188674538335172
27.47349999998132 3.9513520495962577 0.5587181460701356 2.1448506303815725e-06 -0.047908530736518275 0.1921920549980772 0.04105558580296226 0.20228340131444358 2.1858241168288948
27.47399999998132 3.9500964772970333 0.5713954608005507 2.1520776025441513e-06 -0.04738376150036086 0.19228394907723062 0.041393313843321386 0.2023159518119859 2.1830002736712935
27.47449999998132 3.948884954765223 0.5840466894338938 2.1592649610190414e-06 -0.0468605940696588 0.19237767012303214 0.04173019057795708 0.20235239569671554 2.180203555310793
27.474999999981318 3.947717575943581 0.5966711804735219 2.166412164320238e-06 -0.04633905437934607 0.19247321508495846 0.04206619627400667 0.20239271566653758 2.177434524607458
27.475499999981317 3.946594567444019 0.6092682104204726 2.173518574357933e-06 -0.04581917362586864 0.19257058630379137 0.04240130982757178 0.20243689993733155 2.1746937151968844
27.475999999981315 3.9455160464165093 0.6218370556103179 2.1805836372390426e-06 -0.04530098080123414 0.19266978096098156 0.04273550947794994 0.20248493061817302 2.1719816802983876
27.476499999981314 3.94448223021858 0.6343770066685539 2.1876067394592206e-06 -0.044784506059387275 0.19277080113918715 0.04306877407147364 0.20253679432351784 2.169298996038426
27.476999999981313 3.943493254063485 0.6468873867362963 2.194587301742757e-06 -0.04426977748686566 0.1928736453170618 0.04340108391207466 0.2025924735555872 2.166646198993079
27.477499999981312 3.942549169510723 0.6593674194686112 2.201524804770451e-06 -0.043756825074365735 0.19297830695467516 0.043732415836337996 0.2026519451931411 2.1640237855218327
27.47799999998131 3.9416501891563733 0.6718164648132584 2.208418594344952e-06 -0.04324567670869918 0.1930847885774819 0.04406275101250867 0.20271519469638813 2.161432359025756
27.47849999998131 3.940796423908015 0.6842337662163512 2.2152681791044486e-06 -0.042736362713561474 0.19319308669770913 0.04439206720914857 0.20278220108499465 2.158872457823059
27.47899999998131 3.9399878912610564 0.6966185917430195 2.222073009104975e-06 -0.04222891127233465 0.19330319352702527 0.04472034285780354 0.2028529384561949 2.15634453589922
27.479499999981307 3.9392246988785633 0.7089702753397525 2.2288326113984265e-06 -0.04172334921141878 0.19341510640859677 0.04504755824783009 0.2029273854376448 2.1538492137931033
27.479999999981306 3.938506999504466 0.7212880596916502 2.235546330518775e-06 -0.0412197081102576 0.19352882361699575 0.04537369150507919 0.20300552157040258 2.151387000737501
27.480499999981305 3.9378347879372155 0.7335712130892069 2.242213704633082e-06 -0.04071801580484641 0.19364433630342087 0.04569872128942072 0.2030873184641627 2.148958425424814
27.480999999981304 3.937208125082836 0.7458190478007575 2.248834235787263e-06 -0.04021829911612143 0.19376163933666857 0.04602262701728915 0.20317275078070768 2.1465640263784356
27.481499999981303 3.9366270712998985 0.7580308047482369 2.255407393536089e-06 -0.039720588381833344 0.1938807265752574 0.04634538710801379 0.20326179224079574 2.144204301630256
27.4819999999813 3.936091627887792 0.7702057791338468 2.261932711336768e-06 -0.039224910560740664 0.19400158968234152 0.04666698108775665 0.20335441360250517 2.14187978236672
27.4824999999813 3.9356018373904886 0.7823432622300898 2.2684096473406353e-06 -0.03873129338541069 0.19412422236766808 0.046987388098959595 0.2034505872135071 2.1395909752314077
27.4829999999813 3.9351577180986337 0.794442477480026 2.274837742563954e-06 -0.038239767068682554 0.1942486162507848 0.0473065860900888 0.20355028319388488 2.1373384064323497
27.483499999981298 3.9347592200427455 0.8065027617552555 2.2812165322021373e-06 -0.03775035620892516 0.19437476108095975 0.04762455560378047 0.2036534689997656 2.1351225800085842
27.483999999981297 3.9344063109948717 0.8185233346045055 2.2875456086453247e-06 -0.03726309028776547 0.194502646070419 0.047941274393810025 0.20376011144650324 2.1329439381199666
27.484499999981296 3.934099036985059 0.8305035011101183 2.2938244528559795e-06 -0.03677799665098745 0.19463226514960866 0.04825672221871597 0.20387018152300235 2.130803070084122
27.484999999981294 3.9338372787224696 0.8424425208241121 2.300052669075996e-06 -0.036295102184130255 0.19476360373932916 0.04857087819730183 0.20398364148368373 2.128700374635886
27.485499999981293 3.933621035967021 0.8543396617167913 2.3062297981266928e-06 -0.03581443498717443 0.19489665317694232 0.04888372121772484 0.20410045902230628 2.126636420119305
27.485999999981292 3.933450187632392 0.8661941863591647 2.3123554697503545e-06 -0.03533602148193338 0.1950313988684272 0.0491952301198951 0.20422059549736074 2.124611615150209
27.48649999998129 3.9333247375198126 0.8780053996120161 2.318429148499888e-06 -0.03485988891743253 0.19516783260641768 0.04950538527211155 0.20434401853385042 2.1226265283631216
27.48699999998129 3.933244519643857 0.8897725466409321 2.3244505820283545e-06 -0.03438606361640138 0.19530593756470582 0.04981416520121086 0.20447068658796425 2.120681431453123
27.48749999998129 3.933209442755455 0.9014949050225629 2.3304192975856676e-06 -0.03391457249137951 0.1954457005842879 0.05012154969342984 0.20460056169968624 2.118776983571429
27.487999999981287 3.9332194686734367 0.9131717753162877 2.3363348949027856e-06 -0.0334454417291704 0.19558711156468125 0.050427518550145045 0.20473360840321167 2.1169135788048354
27.488499999981286 3.933274390421939 0.9248024023797521 2.3421970401866535e-06 -0.03297869764324351 0.19573015150964565 0.05073205079167128 0.20486978226610686 2.1150916160713913
27.488999999981285 3.9333740903505063 0.9363860723583626 2.3480053971728652e-06 -0.032514366020563096 0.19587480624438164 0.051035126297790265 0.20500904330108125 2.113311569420778
27.489499999981284 3.9335184255642206 0.9479220784612796 2.3537595720197885e-06 -0.032052472120312814 0.1960210604192057 0.05133672509336677 0.20515135008136123 2.111573843837229
27.489999999981283 3.9337072669836814 0.9594096738034442 2.3594591793436144e-06 -0.031593043421390674 0.19616889883220257 0.05163682671688328 0.20529666128569707 2.109878884435452
27.49049999998128 3.9339404086387493 0.9708481316280937 2.3651039775281652e-06 -0.03113610452160504 0.19631830299686445 0.0519354103821869 0.20544493166762512 2.1082271132256545
27.49099999998128 3.934217666264137 0.9822367554008147 2.3706936235778512e-06 -0.030681680133106858 0.1964692556065276 0.05223245712727568 0.20559611735615546 2.1066188654474804
27.49149999998128 3.9345388775339627 0.9935748334990285 2.376227767088804e-06 -0.03022979531989684 0.19662174037222555 0.0525279467760973 0.20575017498072326 2.105054626677087
27.491999999981278 3.9349037813888788 1.0048616122536294 2.3817062178965213e-06 -0.02978047553220546 0.19677573573201 0.052821858796669785 0.20590705588331218 2.10353470420532
27.492499999981277 3.9353122614543965 1.0160964173701792 2.3871285159709308e-06 -0.029333745789459756 0.19693122783486935 0.053114174703838786 0.2060667190330835 2.1020595624000515
27.492999999981276 3.9357640067807296 1.0272785140433025 2.3924945481792556e-06 -0.02888962957367453 0.19708819306864975 0.053404873946987744 0.20622911313697476 2.10062948654622
27.493499999981275 3.9362588109202177 1.0384071998723468 2.397803957228926e-06 -0.02844815154895947 0.19724661299652957 0.053693937384892934 0.2063941922076493 2.0992448653332128
27.493999999981273 3.936796393876672 1.0494817690710798 2.403056560008631e-06 -0.028009335022461855 0.19740646568698555 0.05398134571517892 0.20656190652840417 2.0979060406475747
27.494499999981272 3.9373765843396997 1.0605015169960874 2.4082519765551066e-06 -0.0275732053517501 0.19756773433799 0.05426707982209827 0.20673221146506018 2.0966133702311733
27.49499999998127 3.937998984907998 1.0714657555316451 2.413390165158834e-06 -0.02713978294090698 0.19773039171574167 0.05455112052616426 0.20690505159807066 2.0953671512377086
27.49549999998127 3.9386634180020854 1.0823737522351766 2.4184707529794636e-06 -0.02670909467279047 0.19789442026548543 0.054833448735118195 0.20708038152041222 2.094167717969038
27.49599999998127 3.939369602614216 1.0932248278476167 2.423493549459553e-06 -0.02628116265965255 0.19805979834326012 0.05511404560094929 0.20725815123420235 2.0930153795893167
27.496499999981268 3.9401171754226407 1.1040182897655866 2.4284584056786287e-06 -0.025856008615769838 0.1982265001824645 0.055392892388518314 0.2074383066921183 2.0919104236035286
27.496999999981266 3.940905822271033 1.1147534429434598 2.4333651455845492e-06 -0.0254336553566337 0.19839450226631947 0.05566997065004224 0.20762079613198006 2.0908530854510397
27.497499999981265 3.9417352537083294 1.1254296204526586 2.4382135459648253e-06 -0.02501412493962021 0.1985637825463876 0.05594526250416153 0.2078055691801439 2.0898436621991676
27.497999999981264 3.942605166335207 1.136046107759025 2.443003406469904e-06 -0.02459744108532827 0.1987343178186525 0.05621874888311108 0.2079925741769972 2.088882502239761
27.498499999981263 3.9435151698832382 1.1466022529524154 2.447734659034596e-06 -0.024183623533385396 0.1989060814714861 0.056490412355354326 0.20818175612100104 2.0879696619536983
27.49899999998126 3.9444649008308326 1.1570973619698246 2.452407162526006e-06 -0.023772694270103503 0.19907904765944667 0.056760234458344 0.20837306070031758 2.0871054722918156
27.49949999998126 3.9454541208282414 1.1675307760675715 2.457020583341262e-06 -0.023364676601597734 0.19925319665129307 0.057028198350975806 0.20856644000321423 2.086290256317097
27.49999999998126 3.9464823162714033 1.1779018268019326 2.461575081015253e-06 -0.02295958832457836 0.19942849602480112 0.05729428566761877 0.20876183294105974 2.0855240624158173
27.50049999998126 3.9475491621386087 1.1882098229971882 2.4660703854134495e-06 -0.02255745259719311 0.1996049216078901 0.05755847863353705 0.20895918706860894 2.0848071165472017
27.500999999981257 3.94865432218418 1.1984541471265984 2.470506418745309e-06 -0.022158288915105226 0.19978244970761488 0.05782076112076294 0.20915845045181722 2.084139613915094
27.501499999981256 3.9497973185326467 1.2086341189825236 2.4748831198375323e-06 -0.021762117165540967 0.1999610491119776 0.05808111536603671 0.2093595635925245 2.083521753225718
27.501999999981255 3.950977820215147 1.2187491088157993 2.4792003335955456e-06 -0.021368957769319245 0.2001406961987962 0.05833952515666875 0.20956247475774706 2.0829536402181987
27.502499999981254 3.952195341645204 1.2287984476341762 2.4834580829410572e-06 -0.020978830065690277 0.20032135949807658 0.058595973251677196 0.2097671243626942 2.0824354127641707
27.502999999981252 3.953449511560711 1.2387815297313851 2.487656263648305e-06 -0.020591752688750936 0.20050301382773106 0.05885044390707052 0.20997345922963034 2.081967171993839
27.50349999998125 3.9547399585547742 1.2486977011753895 2.491794737952064e-06 -0.02020774658374813 0.20068563322869948 0.059102920509971776 0.21018142548571012 2.0815491485385103
27.50399999998125 3.9560661211817316 1.258546320071373 2.4958736252452656e-06 -0.019826828788199056 0.20086918302783507 0.05935338660151618 0.21039096066878804 2.0811812623842942
27.50449999998125 3.9574276380489284 1.2683267795642696 2.4998928053314326e-06 -0.019449018427702663 0.20105363835779097 0.05960182673024018 0.2106020122512795 2.080863717408784
27.504999999981248 3.95882402675437 1.2780384649353913 2.5038522665576265e-06 -0.01907433322022132 0.20123896847615252 0.059848225558987084 0.21081452208920842 2.0805965030697497
27.505499999981247 3.960254858118194 1.2876807485432076 2.5077520099382912e-06 -0.018702791814641982 0.20142514517154825 0.06009256699129365 0.2110284344268427 2.080379721482423
27.505999999981245 3.9617195882250638 1.2972530310313466 2.5115920852277483e-06 -0.01833441043947897 0.20161213492156596 0.060334836255755454 0.21124368870999155 2.0802133803682574
27.506499999981244 3.9632178802018214 1.3067547300666638 2.5153723677821705e-06 -0.017969207733760116 0.20179991427959562 0.0605750186914301 0.21146023436877742 2.080097487956278
27.506999999981243 3.9647490978230837 1.3161852308698887 2.519093057242038e-06 -0.017607198982268715 0.20198844527877036 0.060813099223172844 0.2116780066971141 2.080032052191991
27.507499999981242 3.966312911682464 1.3255439400553257 2.522754000277664e-06 -0.01724840346841367 0.20217770465210677 0.061049062957430913 0.21189695554345292 2.0800171253435225
27.50799999998124 3.967908726276716 1.3348302895158004 2.5263553610771294e-06 -0.01689283516960443 0.20236765693798173 0.06128289583706484 0.21211701906450747 2.08005260495646
27.50849999998124 3.969536085577711 1.344043681568225 2.5298971560896296e-06 -0.016540511845425557 0.20255827277653712 0.06151458350252016 0.21233814161805978 2.0801384805878245
27.50899999998124 3.9711944474558374 1.3531835798259675 2.533379445032241e-06 -0.01619144743190511 0.20274951945197492 0.06174411301929471 0.21256026463214225 2.0802746901106683
27.509499999981237 3.972883322831252 1.3622494041843374 2.5368022642197396e-06 -0.01584565818020537 0.20294136639192153 0.061971470023790706 0.21278333152080697 2.080461111204926
27.509999999981236 3.9746021988723035 1.3712406017910257 2.5401657838909833e-06 -0.015503159013054428 0.20313378212614475 0.06219664139637041 0.21300728527739324 2.0806977133834383
27.510499999981235 3.976350544333495 1.3801566219904895 2.5434699695716923e-06 -0.01516396488200374 0.2033267342305159 0.06241961394726658 0.21323206815372606 2.0809843715762435
27.510999999981234 3.978127842969987 1.3889969396467698 2.5467149488446173e-06 -0.01482808983169334 0.20352019140070068 0.06264037546638401 0.21345762388447073 2.0813209425734716
27.511499999981233 3.979933561515228 1.3977610115838646 2.5499008757577805e-06 -0.01449554782384224 0.20371412135999262 0.06285891261328853 0.21368389514212843 2.0817073331776488
27.51199999998123 3.981767182908614 1.4064482969561276 2.553027775156725e-06 -0.014166353860004598 0.2039084924984657 0.06307521298331516 0.2139108257839567 2.0821433735301405
27.51249999998123 3.9836281330623793 1.415058287815125 2.5560958399135985e-06 -0.013840520390161749 0.20410327090282832 0.06328926480363013 0.21413835769727904 2.0826288624673883
27.51299999998123 3.985515881970251 1.4235904717092265 2.5591051604903777e-06 -0.013518060651818658 0.20429842476918436 0.06350105593999188 0.2143664349483153 2.083163660639376
27.513499999981228 3.9874298711174743 1.4320443387732429 2.5620559173184374e-06 -0.013198987622469384 0.20449392090283458 0.0637105748982 0.21459500067413503 2.08374752158795
27.513999999981227 3.9893695740607886 1.4404194019158212 2.5649481709378415e-06 -0.012883313787792214 0.20468972789633336 0.06391781033956022 0.21482399996051116 2.084380296780125
27.514499999981226 3.991334423294032 1.4487151472340787 2.5677821255517484e-06 -0.012571052129296014 0.2048858120945498 0.06412275070035876 0.21505337594806787 2.085061774007654
27.514999999981224 3.9933238517696292 1.456931126500277 2.5705579705965545e-06 -0.012262213108193674 0.20508214065626357 0.06432538612451859 0.21528307315377732 2.0857915643162195
27.515499999981223 3.9953373009592053 1.4650668527780546 2.573275822878082e-06 -0.011956808620514365 0.20527868066432975 0.06452570526012495 0.21551303590964513 2.0865695439935967
27.515999999981222 3.997374199156357 1.4731218410273943 2.5759358725085474e-06 -0.011654850728662763 0.20547539854543936 0.06472369761845924 0.21574320843614128 2.087395363227867
27.51649999998122 3.999434009222562 1.481095651219055 2.5785382520315937e-06 -0.01135635016826161 0.20567226292675736 0.06491935359298001 0.21597353749357293 2.0882687688480925
27.51699999998122 4.001516118843426 1.488987831839411 2.5810832276720105e-06 -0.01106131666491122 0.20586923878591096 0.06511266318415238 0.21620396645664192 2.08918945180065
27.51749999998122 4.0036199422160275 1.4967979421831776 2.583571007771739e-06 -0.010769760300930945 0.20606629243209162 0.06530361700264789 0.21643444043699778 2.090157051367284
27.517999999981217 4.005744929965164 1.5045255381722011 2.586001722014582e-06 -0.010481691888740239 0.20626339184929998 0.06549220546969792 0.21666490638613692 2.0911712470305686
27.518499999981216 4.007890505614414 1.5121702066333782 2.5883756217355736e-06 -0.0101971204275252 0.20646050412320838 0.06567841987081292 0.21689531084039043 2.0922316947218427
27.518999999981215 4.010056147787143 1.519731519645124 2.5906928311991827e-06 -0.009916056660147448 0.20665759870857353 0.06586225124466571 0.21712560287238475 2.0933381151601758
27.519499999981214 4.012241110723874 1.527209083897711 2.5929537672792533e-06 -0.00963850605160401 0.20685463498670525 0.06604369138631368 0.21735572223044997 2.0944899519905693
27.519999999981213 4.014444971244901 1.5346024835534655 2.595158439168215e-06 -0.009364480860026867 0.2070515871119778 0.06622273210607034 0.21758562331863543 2.095686972233843
27.52049999998121 4.016667098017203 1.5419113283013286 2.5973072037706277e-06 -0.009093987939287673 0.20724841996906948 0.06639936493868306 0.21781525167117227 2.0969286753828027
27.52099999998121 4.018906866374958 1.549135238102374 2.5994002896759896e-06 -0.008827034885856521 0.20744509863147778 0.06657358273096234 0.2180445537240863 2.098214681401655
27.52149999998121 4.021163734549496 1.5562738389244446 2.601437910593581e-06 -0.008563629875101545 0.20764159232572915 0.06674537792903797 0.21827348005447694 2.099544533702348
27.521999999981208 4.023437104451956 1.5633267580210986 2.6034202946436502e-06 -0.008303780361667682 0.20783786751597683 0.06691474324766368 0.21850197895164314 2.1009178383319647
27.522499999981207 4.025726393224387 1.5702936507843002 2.6053477539076693e-06 -0.008047492732404397 0.20803389179190274 0.06708167213323074 0.2187300002504308 2.1023340548034115
27.522999999981206 4.028030994226258 1.577174143999992 2.6072204969872356e-06 -0.007794774608758779 0.20822963123039473 0.06724615757298615 0.21895749254565008 2.1037927776106207
27.523499999981205 4.030350350070878 1.5839679317400577 2.6090388215389108e-06 -0.007545631224928248 0.20842505509299214 0.06740819395457048 0.2191844080981045 2.105293475771786
27.523999999981204 4.032683858977757 1.5906746455865328 2.610802915588528e-06 -0.007300070141152681 0.2086201296793475 0.06756777441676352 0.2194106963462086 2.106835724734408
27.524499999981202 4.035030942042513 1.5972939841915592 2.612513149745177e-06 -0.00705809600214883 0.208814823364946 0.06772489354035091 0.21963630934151349 2.1084189157795747
27.5249999999812 4.037390988001689 1.6038256295306916 2.6141697590144237e-06 -0.006819714327389398 0.20900910257929667 0.06787954599455158 0.2198611976428233 2.1100425812772534
27.5254999999812 4.039763448036352 1.610269278395666 2.6157730186836557e-06 -0.006584930586930749 0.20920293701790035 0.06803172646327364 0.22008531521508645 2.111706193004512
27.5259999999812 4.042147729407745 1.6166246177670796 2.6173231750511225e-06 -0.006353750255756947 0.20939629410506444 0.06818142959543222 0.22030861415052308 2.1134092406068596
27.526499999981198 4.04454324753593 1.622891382611712 2.61882052618761e-06 -0.006126176902996022 0.209589142289245 0.06832865130347761 0.2205310481495529 2.115151119633539
27.526999999981197 4.046949432905673 1.629069283744168 2.620265389941856e-06 -0.0059022152064785015 0.2097814503922561 0.06847338682517803 0.22075257139234564 2.1169313046545635
27.527499999981195 4.049365720342567 1.635158054751644 2.6216579814750777e-06 -0.005681869408695413 0.20997318773659088 0.06861563219194163 0.220973139067496 2.1187491937686715
27.527999999981194 4.051791481352557 1.641157407738087 2.622998671335867e-06 -0.005465143282648598 0.21016432035821045 0.06875538282149744 0.22119270333729152 2.120604239181267
27.528499999981193 4.054226164660927 1.647067121027726 2.624287739465614e-06 -0.0052520393308027324 0.2103548187950563 0.0688926358542799 0.221411221446393 2.122495812882425
27.528999999981192 4.056669218998011 1.6528869339606553 2.6255254405354943e-06 -0.0050425616924936285 0.2105446530588155 0.06902738751571011 0.22162865019514874 2.1244233138204525
27.52949999998119 4.0591200551353035 1.6586166109261338 2.6267120854572765e-06 -0.004836712955059684 0.21073379166193623 0.069159634789476 0.22184494545659517 2.126386176906391
27.52999999998119 4.06157813101453 1.6642559444431053 2.627847987404089e-06 -0.004634495156826205 0.21092220575979664 0.06928937523120496 0.22206006608093082 2.1283837505986263
27.53049999998119 4.06404282689831 1.6698046833719995 2.628933451522014e-06 -0.004435911121004861 0.21110986221017924 0.069416605491371 0.22227396686930964 2.130415416935048
27.530999999981187 4.066513652158202 1.6752626519332496 2.629968739658893e-06 -0.004240962590016661 0.21129673495121062 0.06954132409220178 0.2224866102066116 2.1324805542495024
27.531499999981186 4.06898996654431 1.6806296346340768 2.6309542189699523e-06 -0.004049650242183815 0.21148279042709103 0.06966352813457825 0.2226979511941457 2.134578501061382
27.531999999981185 4.071471294771922 1.6859054228448844 2.631890100454944e-06 -0.0038619779719064515 0.21166800275786649 0.06978321606203389 0.2229079529970166 2.136708631092649
27.532499999981184 4.073956987906226 1.6910898506647865 2.632776813719913e-06 -0.0036779443631592052 0.21185233853009502 0.06990038640825758 0.22311657185299394 2.1388702239849517
27.532999999981183 4.076446599071278 1.6961827508281386 2.633614562299979e-06 -0.0034975517655989868 0.21203577385177866 0.07001503816338418 0.223323773544815 2.1410626850558954
27.53349999998118 4.078939533921211 1.7011839520215384 2.6344036752221255e-06 -0.003320800195849882 0.21221827778772065 0.07012717004374731 0.2235295173337776 2.1432853964424137
27.53399999998118 4.081435248564314 1.7060932846615304 2.6351444875947964e-06 -0.0031476904828734624 0.21239982176878214 0.0702367810703725 0.22373376512702284 2.14553760577264
27.53449999998118 4.083933217517467 1.7109106195451453 2.6358372724090957e-06 -0.002978222083607253 0.21258037865712137 0.07034387102301888 0.22393648069773603 2.1478187190059383
27.534999999981178 4.086432860073054 1.7156357979030454 2.6364824131130274e-06 -0.002812394694288298 0.21275991835134792 0.07044843907648596 0.2241376251081064 2.1501278968110453
27.535499999981177 4.088933686780367 1.720268708501538 2.6370801566192007e-06 -0.002650207836259483 0.21293841556486467 0.07055048576066118 0.22433716470062562 2.1524646312011178
27.535999999981176 4.091435139574805 1.7248092201571465 2.637630856300209e-06 -0.002491660658365997 0.21311584150639565 0.07065001118408136 0.22453506263861425 2.15482809213409
27.536499999981174 4.09393673257337 1.729257206901766 2.638134763436805e-06 -0.002336753156869519 0.21329217099341294 0.0707470152671045 0.22473128574278073 2.15721771469742
27.536999999981173 4.096437884493201 1.7336125816325219 2.6385922830143277e-06 -0.0021854822396994034 0.21346737471750285 0.07084149912886661 0.22492579754271858 2.1596326829235486
27.537499999981172 4.098938136067792 1.7378752244537248 2.6390036389513547e-06 -0.0020378483842080873 0.2136414287210172 0.07093346330089048 0.22511856677727243 2.1620723627310596
27.53799999998117 4.10143692393696 1.7420450786012585 2.639369238475809e-06 -0.0018938473468206529 0.21381430502333057 0.07102290935326103 0.22530955892590185 2.1645360309765707
27.53849999998117 4.103933807230558 1.74612203069236 2.639689271861094e-06 -0.0017534798405944088 0.21398598050706807 0.07110983820220224 0.22549874419664973 2.167022997499176
27.53899999998117 4.106428241845766 1.7501060212611157 2.6399641583127973e-06 -0.0016167421615466936 0.21415642805412818 0.0711942516388209 0.22568608951047836 2.1695325669525665
27.539499999981167 4.10891966305103 1.7539969812622267 2.6401942097394303e-06 -0.0014836308050549802 0.21432561939367956 0.071276151035279 0.22587156083768933 2.1720639376287116
27.539999999981166 4.111407689015997 1.7577948501462521 2.6403796690084792e-06 -0.001354145165342782 0.21449353495156084 0.07135553868745705 0.22605513297981633 2.174616524892133
27.540499999981165 4.113891754594948 1.7614995976196148 2.6405209168494275e-06 -0.0012282802587315223 0.2146601468832181 0.07143241725823088 0.22623677324359265 2.17718950355677
27.540999999981164 4.116371416672167 1.765111161671037 2.640618223311563e-06 -0.0011060342668753216 0.2148254327590945 0.07150678851807377 0.22641645407544977 2.179782251070655
27.541499999981163 4.118846163918308 1.768629532396938 2.6406719169574388e-06 -0.0009874023484090716 0.21498936754965714 0.07157865573492819 0.22659414617244328 2.182393955115306
27.54199999998116 4.121315528408811 1.772054658157588 2.6406823000638414e-06 -0.0008723820318002533 0.21515192772082667 0.07164802120067562 0.22676982161295117 2.1850240323098298
27.54249999998116 4.123779019370362 1.7753865364900903 2.6406497549368985e-06 -0.0007609682964875053 0.21531308936934276 0.07171488829857675 0.2269434527149796 2.18767158541033
27.54299999998116 4.126236187073647 1.7786251530635575 2.640574488263507e-06 -0.0006531576434503052 0.21547283021865815 0.07177926023398903 0.22711501354398525 2.1903360614794227
27.543499999981158 4.12868656612445 1.7817705124416388 2.6404568712029113e-06 -0.0005489452050506488 0.21563112766583128 0.07184114062316385 0.227284478232266 2.193016731052234
27.543999999981157 4.131129694419922 1.7848226082693832 2.6402972250122476e-06 -0.00044832681399911993 0.2157879590209461 0.07190053297994019 0.2274518210482324 2.195712798696441
27.544499999981156 4.133565134950657 1.787781462407162 2.6400957994471936e-06 -0.00035129747897867766 0.21594330316719695 0.0719574412138706 0.22761701812194604 2.1984235789653344
27.544999999981155 4.135992421374991 1.7906470994061037 2.6398529688437397e-06 -0.0002578517874013902 0.21609713758177557 0.07201186983530433 0.22778004468293073 2.201148373292157
27.545499999981153 4.138411156041582 1.7934195223381866 2.63956893100249e-06 -0.00016798606124065462 0.21624944281834663 0.0720638221564828 0.22794087874350955 2.2038865118149076
27.545999999981152 4.140820822282689 1.7960987964447934 2.6392441385276963e-06 -8.16923726268524e-05 0.2164001945104877 0.07211330365270474 0.2280994945665769 2.2066372107358165
27.54649999998115 4.14322104835199 1.7986849511322207 2.638878772057575e-06 1.033359798128955e-06 0.21654937466211469 0.07216031864011029 0.22825587233160727 2.209399811760024
27.54699999998115 4.145611379402415 1.801178038430005 2.638473213206358e-06 8.019771029002526e-05 0.21669696173037917 0.07220487200692083 0.228409989265763 2.21217361923904
27.54749999998115 4.147991410560225 1.8035781065789713 2.638027727978917e-06 0.00015580613516853222 0.21684293643390995 0.07224696855747031 0.22856182494584823 2.2149579245157245
27.547999999981148 4.150360730066777 1.8058852215996533 2.6375425814321278e-06 0.00022786481461657313 0.21698727935619835 0.07228661365758113 0.2287113592256821 2.21775199245518
27.548499999981146 4.152718949251804 1.8080994524555092 2.637018078908015e-06 0.000296379898615714 0.21712997225171454 0.0723238126232747 0.22885857327930972 2.2205552363368164
27.548999999981145 4.15506558921641 1.810220883264459 2.636454588183597e-06 0.00036135951886442485 0.2172709928216297 0.07235857118681396 0.2290034447919851 2.223366826331788
27.549499999981144 4.15740030615478 1.812249579092799 2.6358523405764313e-06 0.0004228087829932736 0.21741032485695674 0.07239089469406974 0.22914595732039947 2.226186219154067
27.549999999981143 4.15972267533994 1.8141856554216484 2.6352116500981054e-06 0.00048073625117551507 0.21754794898564328 0.07242078958189384 0.22928609198742994 2.229012606165108
27.55049999998114 4.1620323616175465 1.8160291854663209 2.6345327419380975e-06 0.0005351471918485841 0.21768384953142395 0.07244826143441459 0.2294238333613268 2.231845380229256
27.55099999998114 4.164328917100299 1.817780272448982 2.6338159867403397e-06 0.0005860501000746608 0.21781800585210295 0.07247331644160102 0.2295591617081553 2.2346838315792086
27.55149999998114 4.166612013392743 1.8194390431157756 2.6330616420687234e-06 0.0006334523729773426 0.21795040332507304 0.07249596146931371 0.22969206342586385 2.2375273631061803
27.55199999998114 4.168881247152545 1.8210056046834688 2.6322699843393046e-06 0.0006773618176454247 0.218081023455322 0.0725162028132019 0.22982252126542807 2.2403752454184573
27.552499999981137 4.171136269913677 1.8224800598219448 2.63144125440983e-06 0.0007177851558488726 0.21820985026897866 0.07253404673793717 0.22995052056066603 2.2432268384012697
27.552999999981136 4.1733767296109825 1.823862560881472 2.63057576477728e-06 0.0007547313677193465 0.2183368683485734 0.07254950061573351 0.2300760477305102 2.2460814903935327
27.553499999981135 4.175602228310873 1.825153233514511 2.6296738314474384e-06 0.0007882088496759428 0.21846205970061247 0.07256257141628789 0.23019908681914564 2.2489385697561
27.553999999981134 4.177812450384383 1.826352205314491 2.6287356902480197e-06 0.0008182249740338722 0.21858541025221595 0.07257326584766637 0.23031962570096745 2.251797360849236
27.554499999981132 4.180007043071608 1.8274596332507338 2.627761596857499e-06 0.0008447885843231731 0.21870690451695593 0.07258159166934786 0.23043765143829475 2.2546573314997334
27.55499999998113 4.182185610971356 1.8284756671513671 2.6267519085836765e-06 0.0008679095696371214 0.2188265250586025 0.07258755582434574 0.23055314917995973 2.2575177716592068
27.55549999998113 4.184347915645792 1.8294004468128495 2.625706782557127e-06 0.0008875941265779484 0.21894426152580088 0.07259116585828039 0.23066611116303193 2.2603780915624223
27.55599999998113 4.186493571052223 1.830234153668878 2.6246265442230763e-06 0.0009038529328744565 0.21906009723557443 0.07259242984403848 0.23077652398293297 2.263237655592704
27.556499999981128 4.188622253728331 1.8309769577805726 2.6235115029221177e-06 0.0009166953429048171 0.21917401834760036 0.07259135551103992 0.23088437700268105 2.2660958521084806
27.556999999981127 4.1907336751378015 1.8316290223987017 2.622361821235237e-06 0.000926129448273643 0.21928601247490004 0.07258795066580664 0.23098966116421435 2.2689521231484626
27.557499999981125 4.19282749442289 1.8321905159954641 2.6211778509393577e-06 0.0009321647361023851 0.21939606490101016 0.07258222321462042 0.23109236541244818 2.2718057633316144
27.557999999981124 4.1949034472869515 1.832661638978303 2.619959770684284e-06 0.0009348106072066681 0.21950416490369423 0.07257418169466669 0.23119248285701252 2.2746562758049285
27.558499999981123 4.196961135047107 1.8330425566137074 2.6187079665002703e-06 0.0009340776193326255 0.219610295097677 0.07256383349404023 0.23129000009779607 2.2775030021862293
27.558999999981122 4.199000372994214 1.8333334883600596 2.6174225607243125e-06 0.0009299743165723116 0.21971444865713408 0.0725511881467214 0.23138491459565566 2.280345467635907
27.55949999998112 4.201020763366366 1.8335346320480714 2.616103943335214e-06 0.0009225125112096047 0.21981660860060673 0.07253625392382775 0.23147721395270784 2.283182935829518
27.55999999998112 4.203022079613 1.833646175801282 2.614752295266677e-06 0.0009117005401912822 0.2199167658490879 0.07251903913699462 0.23156689343848463 2.2860149466565303
27.56049999998112 4.205004041588863 1.833668331460737 2.6133678400742315e-06 0.0008975485719082707 0.22001490906963916 0.07249955264269786 0.23165394652315305 2.2888408938718037
27.560999999981117 4.206966363180027 1.8336013171200019 2.6119508811815295e-06 0.0008800673491626338 0.22011102680615277 0.07247780336343596 0.23173836674272746 2.291660290196953
27.561499999981116 4.208908740901472 1.8334453474561754 2.610501694809285e-06 0.0008592676319480739 0.2202051066989441 0.07245380018600334 0.23182014692116382 2.294472479498178
27.561999999981115 4.210830945910498 1.833200641418295 2.6090204557853644e-06 0.0008351590748043341 0.220297139929362 0.07242755210272371 0.23189928342996208 2.297277003998536
27.562499999981114 4.2127326983416875 1.832867435000292 2.607507475284938e-06 0.0008077530319907546 0.22038711555053267 0.0723990685323897 0.23197577091153765 2.3000733072201855
27.562999999981113 4.21461372239836 1.832445950995475 2.605962987573642e-06 0.000777060219765118 0.22047502263238888 0.07236835840619524 0.23204960401979802 2.3028608520256917
27.56349999998111 4.216473787734067 1.8319364263854805 2.604387229175435e-06 0.0007430912077939034 0.2205608525516709 0.07233543112336836 0.23212077989414603 2.305639105261842
27.56399999998111 4.21831264535878 1.8313391031745632 2.6027804488338363e-06 0.0007058571063439426 0.22064459588921903 0.0723002961269468 0.23218929507928557 2.3084076267256393
27.56449999998111 4.220130023571535 1.8306542226316727 2.601142923058054e-06 0.0006653693171150421 0.22072624214413666 0.07226296293997875 0.23225514526112218 2.3111657951516094
27.564999999981108 4.2219257091155304 1.829882022593185 2.5994748455574133e-06 0.0006216381950089115 0.2208057835035763 0.07222344087541123 0.232318328752937 2.3139131879874615
27.565499999981107 4.223699486600903 1.8290227684813458 2.5977764440338496e-06 0.0005746752989211853 0.22088321245751547 0.0721817399077058 0.2323788445047328 2.316649325198387
27.565999999981106 4.225451080763997 1.828076711131145 2.5960480335923787e-06 0.0005244926711535892 0.22095851847588335 0.07213786963658184 0.2324366886171885 2.3193736744217492
27.566499999981104 4.22718027869496 1.8270441084056768 2.5942898205363186e-06 0.0004711014160116276 0.22103169401984624 0.07209183997909065 0.23249186026482285 2.322085734429285
27.566999999981103 4.228886874386703 1.8259252256769545 2.5925020215088277e-06 0.0004145130807549376 0.2211027320457724 0.07204366070589249 0.23254435918143554 2.3247851225333314
27.567499999981102 4.230570627177402 1.8247203204031406 2.5906849200247185e-06 0.00035473937988498845 0.2211716237226428 0.0719933416514774 0.23259418355213504 2.327471306937121
27.5679999999811 4.232231355581214 1.8234296669000432 2.5888387032597947e-06 0.0002917917708256646 0.22123836325916307 0.07194089287096175 0.23264133464864345 2.3301438706890285
27.5684999999811 4.233868820766091 1.8220535461013334 2.5869636574767366e-06 0.00022568290477550804 0.22130294222024963 0.07188632474646334 0.23268581145756748 2.3328023197294874
27.5689999999811 4.235482885872862 1.8205922278585804 2.58505992233773e-06 0.00015642330301067118 0.22136535683799505 0.07182964726566193 0.2327276174040632 2.3354463240987
27.569499999981097 4.237073237010336 1.8190459889681756 2.583127889233668e-06 8.402702508905667e-05 0.22142559519303232 0.07177087031366383 0.23276674825393404 2.338075290258378
27.569999999981096 4.238639764723732 1.8174151178878821 2.581167674034356e-06 8.504828880847096e-06 0.22148365500873596 0.07171000444797918 0.2328032092697394 2.340688864777608
27.570499999981095 4.2401822484921805 1.8156999015254973 2.5791795614921673e-06 -7.013055986614613e-05 0.22153952883831024 0.07164706005846641 0.23283700086373174 2.3432866629566016
27.570999999981094 4.241700507473522 1.8139006238027235 2.5771637715344626e-06 -0.00015186711908929005 0.22159321105239743 0.07158204731695618 0.23286812522589082 2.3458681970532202
27.571499999981093 4.24319437318529 1.8120175749352738 2.575120517436198e-06 -0.0002366928047471638 0.2216446967064896 0.07151497658241547 0.23289658537037208 2.3484331278867967
27.57199999998109 4.244663657270458 1.8100510588709282 2.573050043501889e-06 -0.00032459458267141707 0.22169398008175983 0.0714458584492336 0.23292238375837293 2.3509810301442924
27.57249999998109 4.246108150174192 1.8080013614875052 2.570952627245224e-06 -0.00041555986448277684 0.22174105425770863 0.07137470319275939 0.2329455217195118 2.353511474490948
27.57299999998109 4.247527757063057 1.8058687929425246 2.5688284219133323e-06 -0.0005095770125569824 0.22178591797420175 0.07130152172973925 0.23296600627852887 2.3560241591240763
27.573499999981088 4.248922256395781 1.8036536603406852 2.566677699933862e-06 -0.0006066322191309076 0.22182856403443932 0.07122632457054871 0.23298383878728537 2.3585186164986167
27.573999999981087 4.250291507624806 1.8013562501442864 2.564500664525707e-06 -0.0007067138930860356 0.22186898876615885 0.07114912185685483 0.23299902394998606 2.360994551239125
27.574499999981086 4.251635336357584 1.7989768988961619 2.5622976192993118e-06 -0.0008098078479122047 0.22190718758242595 0.07106992510019913 0.23301156611473267 2.3634515218464305
27.574999999981085 4.252953593008252 1.7965158975404862 2.5600687265502175e-06 -0.0009159021564862314 0.2219431564303117 0.07098874439152161 0.23302146981189278 2.3658892555912074
27.575499999981083 4.2542461565635445 1.793973560746118 2.5578142008080133e-06 -0.0010249843265091798 0.2219768929392604 0.07090559054212794 0.23302874149333033 2.3683073327457285
27.575999999981082 4.2555128480642175 1.7913501993290937 2.5555343256605203e-06 -0.0011370409288917085 0.22200839198964473 0.07082047410050822 0.23303338500678927 2.3707054451068394
27.57649999998108 4.256753524627067 1.7886461392015962 2.5532293103292156e-06 -0.001252058657022519 0.22203765034364095 0.07073340604743202 0.23303540621990573 2.373083252070056
27.57699999998108 4.257968040074386 1.7858617002701547 2.5508994074151555e-06 -0.0013700243182159094 0.22206466451866705 0.07064439726941316 0.2330348108330155 2.3754403566164672
27.57749999998108 4.259156307335007 1.7829972051168541 2.5485447780923476e-06 -0.0014909257009541024 0.22208943382086258 0.07055345877672514 0.23303160734045525 2.377776551203656
27.577999999981078 4.260318148310235 1.7800529666948772 2.546165717011409e-06 -0.0016147490178933497 0.2221119532849912 0.07046060081052305 0.23302580001588832 2.3800914615698554
27.578499999981076 4.261453470400412 1.7770293189033484 2.5437624074837793e-06 -0.0017414815239611618 0.22213222209121372 0.07036583474214904 0.23301739752224088 2.3823847491416252
27.578999999981075 4.262562120316399 1.7739265979789973 2.541335099031264e-06 -0.0018711090756230277 0.22215023667557096 0.0702691715658509 0.23300640587060276 2.384656152037316
27.579499999981074 4.2636439652912115 1.7707451032194905 2.538884053538802e-06 -0.002003619121572514 0.22216599403338874 0.0701706211753738 0.2329928313716237 2.3869053093209347
27.579999999981073 4.264698926267778 1.7674852019037777 2.536409452795708e-06 -0.002138997816947157 0.22217949441018123 0.07007019581442381 0.23297668421860662 2.389132000266979
27.580499999981072 4.265726890990771 1.764147208009421 2.533911514607988e-06 -0.0022772323930530013 0.22219073593144642 0.06996790571390792 0.23295797207032867 2.391335927362758
27.58099999998107 4.266727737460558 1.760731439690589 2.5313904762898235e-06 -0.002418309819225961 0.22219971629774593 0.06986376134064877 0.23293670233315245 2.3935167699838424
27.58149999998107 4.267701341109045 1.7572382630511951 2.528846613456385e-06 -0.0025622152341411362 0.22220643367181364 0.06975777461889256 0.23291288335305196 2.3956742789928414
27.58199999998107 4.26864762910386 1.7536680007432426 2.5262801022863974e-06 -0.0027089360633372377 0.22221088818293433 0.0696499558448957 0.23288652496621548 2.397808207909565
27.582499999981067 4.26956648335164 1.7500209851460196 2.5236911924544513e-06 -0.0028584588320413546 0.22221307785935646 0.06954031598748506 0.23285763527585296 2.399918253016746
27.582999999981066 4.27045781671726 1.7462975652191277 2.521080111539619e-06 -0.003010769705680057 0.22221300249243753 0.06942886613498088 0.23282622417527152 2.4020042069128755
27.583499999981065 4.271321520561863 1.7424980891919515 2.518447107696038e-06 -0.0031658546201116257 0.22221066078580518 0.06931561751331036 0.23279230063211154 2.4040657284998326
27.583999999981064 4.272157527337469 1.7386228746601335 2.515792369552121e-06 -0.0033237012427936243 0.2222060530488173 0.0692005803052546 0.23275587493352162 2.4061026954144467
27.584499999981063 4.272965756669466 1.734672284832476 2.513116145082262e-06 -0.003484295219682884 0.22219917957066299 0.06908376597039292 0.23271695777425774 2.4081147747819873
27.58499999998106 4.273746079418338 1.7306466537664058 2.5104187058145367e-06 -0.003647622519822826 0.2221900379606292 0.06896518512249798 0.23267555711327603 2.4101017580543744
27.58549999998106 4.274498483725123 1.726546339695837 2.5077002104043717e-06 -0.00381367018757074 0.22217863164825719 0.06884484915116239 0.23263168678414775 2.4120634589422303
27.58599999998106 4.275222847570941 1.722371677472897 2.50496094164758e-06 -0.0039824241510788795 0.22216495860515822 0.06872276857782159 0.23258535520352863 2.4139996040480494
27.586499999981058 4.275919116978067 1.7181230110423007 2.502201096590387e-06 -0.004153871101327764 0.22214902016220028 0.06859895410920885 0.232536574131962 2.415910021314337
27.586999999981057 4.276587213588005 1.7138007066806784 2.4994209392920303e-06 -0.0043279965505708265 0.22213081672636434 0.06847341729228576 0.23248535474164156 2.4177944611872846
27.587499999981056 4.277227063543369 1.7094050896847814 2.4966207038482105e-06 -0.004504787380300115 0.22211034848934658 0.06834616811793283 0.23243170763001644 2.4196527137271646
27.587999999981054 4.27783862388662 1.7049365316858287 2.4938005863824146e-06 -0.0046842295680488335 0.22208761756455123 0.068217218310164 0.23237564578957304 2.421484614052578
27.588499999981053 4.278421834614214 1.700395357728648 2.490960829909285e-06 -0.004866310073753104 0.2220626248474341 0.06808657770034464 0.2323171805760634 2.4232899694043994
27.588999999981052 4.27897662497235 1.695781952088315 2.4881016820816475e-06 -0.005051013859291129 0.22203537130514744 0.0679542583310743 0.23225632408386176 2.4250685504089575
27.58949999998105 4.279502927321623 1.691096631519919 2.485223394040932e-06 -0.0052383279803193215 0.22200585737636697 0.0678202696850543 0.23219308725627186 2.4268201932188402
27.58999999998105 4.280000731388968 1.6863397760725574 2.482326155474396e-06 -0.0054282384616133675 0.22197408687053324 0.06768462357283672 0.2321274849796977 2.428544732975166
27.59049999998105 4.280469968971963 1.681511722948138 2.479410226731423e-06 -0.0056207316771016095 0.221940060414137 0.06754733021792424 0.23205952870068933 2.4302419743231325
27.590999999981047 4.280910604615523 1.6766128277619994 2.4764758247674185e-06 -0.0058157938670292415 0.22190378038813344 0.06740840035941652 0.23198923174980365 2.4319117610148204
27.591499999981046 4.281322554218223 1.6716434438893033 2.4735232338268532e-06 -0.006013410546820761 0.2218652468660154 0.06726784470827119 0.23191660528090405 2.4335539003307085
27.591999999981045 4.281705842596723 1.6666039276405638 2.470552629909903e-06 -0.006213568899867848 0.22182446509779746 0.0671256740616632 0.23184166552332652 2.435168276895243
27.592499999981044 4.282060413964938 1.66149463469924 2.4675642589826586e-06 -0.006416254693646979 0.2217814365279604 0.06698189900653029 0.23176442502511144 2.4367547062523527
27.592999999981043 4.282386233517145 1.6563159097908622 2.4645583656015392e-06 -0.0066214545089348185 0.22173616347381775 0.06683652995676581 0.2316848971956592 2.4383130444045684
27.59349999998104 4.282683259390543 1.6510681163355854 2.461535199399158e-06 -0.006829153967097446 0.22168864815077904 0.06668957765431993 0.2316030954683849 2.439843152082892
27.59399999998104 4.282951476810672 1.645751614729458 2.458494990511531e-06 -0.007039339371965244 0.22163889399734077 0.06654105295484768 0.23151903455115305 2.4413448730787346
27.59449999998104 4.283190865197629 1.6403667219259237 2.455438011753591e-06 -0.007251997941000772 0.2215869038427739 0.06639096474424978 0.2314327280840703 2.4428180876373977
27.594999999981038 4.283401413761629 1.6349138409467385 2.4523644349657742e-06 -0.007467114862008701 0.22153268166612564 0.06623932550092086 0.23134419182975902 2.4442626578749165
27.595499999981037 4.2835830995775375 1.6293933036005779 2.4492745073852454e-06 -0.00768467703729639 0.22147623027150035 0.0660861448420849 0.23125343970745868 2.4456784416907946
27.595999999981036 4.283735904071107 1.6238054703096083 2.446168487263368e-06 -0.007904670383409546 0.22141755299602991 0.06593143324883484 0.23116048641336961 2.4470653439278958
27.596499999981035 4.283859808551233 1.618150697981515 2.443046621844214e-06 -0.00812708098491648 0.22135665311798908 0.06577520113950178 0.23106534662271416 2.4484232038445946
27.596999999981033 4.283954847094986 1.6124293387790547 2.439909113508948e-06 -0.008351895926617257 0.2212935363501501 0.06561745876218988 0.23096803737818775 2.44975195824997
27.597499999981032 4.284020982979339 1.6066417418951184 2.436756210529534e-06 -0.008579101231383366 0.22122820502563992 0.0654582161887526 0.23086857244635609 2.451051489467575
27.59799999998103 4.284058200154674 1.6007882661717587 2.4335881937784416e-06 -0.008808682838986859 0.22116066259858222 0.06529748384020302 0.23076696680908074 2.452321638935634
27.59849999998103 4.284066575468574 1.5948692741037336 2.430405237890933e-06 -0.009040628024241066 0.22109091697316535 0.06513527213858042 0.2306632398100632 2.4535623660319716
27.59899999998103 4.28404602036749 1.588885075433824 2.4272077010779335e-06 -0.00927492292867844 0.22101896769291152 0.06497158951434884 0.23055740222208054 2.4547735406276487
27.599499999981028 4.2839965932751705 1.5828360712401564 2.4239956966845505e-06 -0.009511553651417495 0.22094482205650373 0.06480644803749804 0.23044947332046742 2.455955075567948
27.599999999981026 4.28391830675775 1.576722608216123 2.42076947624215e-06 -0.009750506764101675 0.22086848479584023 0.06463985738670379 0.2303394693081073 2.4571068934633873
27.600499999981025 4.283811161327723 1.5705450332184878 2.417529316691312e-06 -0.00999176870695357 0.22078996004879795 0.06447182739373203 0.23022740590062302 2.4582288889854405
27.600999999981024 4.283675186996167 1.5643037108546978 2.414275428893087e-06 -0.010235325888539747 0.22070925350610154 0.06430236849120051 0.2301133005126895 2.459320994268981
27.601499999981023 4.2835103932903165 1.557998964786501 2.4110080609075622e-06 -0.010481165475959047 0.2206263695350422 0.06413148938685406 0.22999716888458344 2.4603831351463072
27.60199999998102 4.283316817822371 1.5516311689498568 2.407727441375007e-06 -0.010729273718878066 0.2205413142621117 0.06395920096415592 0.22987902905434285 2.4614152096251147
27.60249999998102 4.2830944852775374 1.5452006754948677 2.4044338172971993e-06 -0.010979637040750938 0.2204540930734301 0.0637855128884545 0.22975889805798252 2.462417181809624
27.60299999998102 4.282843421659249 1.5387078178108047 2.401127419081841e-06 -0.01123224269729496 0.22036471118552164 0.0636104344040142 0.22963679273356152 2.4633889755217675
27.603499999981018 4.282563669596814 1.5321529656646706 2.3978084782877923e-06 -0.011487076811365023 0.22027317500279922 0.06343397578930816 0.2295127313329754 2.464330531969944
27.603999999981017 4.2822552572262715 1.5255364550151538 2.394477253400022e-06 -0.01174412647075974 0.22017948988064148 0.06325614631298868 0.2293867309088103 2.465241787545512
27.604499999981016 4.2819182160498555 1.5188586435705265 2.391133983113031e-06 -0.012003377998969 0.22008366159270548 0.06307695580231518 0.2292588090711584 2.466122674063351
27.604999999981015 4.281552610067739 1.512119884072523 2.3877788761056397e-06 -0.012264818495628806 0.21998569735299245 0.06289641403852197 0.22912898487864491 2.4669731624224527
27.605499999981014 4.281158486716511 1.5053205122774604 2.384412170362216e-06 -0.012528435176607757 0.2198856034821354 0.06271453001502197 0.22899727636302233 2.46779320390545
27.605999999981012 4.280735861832331 1.4984608669894817 2.3810341835582326e-06 -0.012794214429412355 0.21978338487426652 0.06253131268369573 0.22886370017021457 2.4685827393433524
27.60649999998101 4.28028482133781 1.4915413019153339 2.3776450378124635e-06 -0.013062143980321626 0.21967904971672214 0.06234677208765489 0.22872827651944286 2.4693417505182382
27.60699999998101 4.279805430998937 1.4845621776272262 2.3742449905363243e-06 -0.013332210227262397 0.21957260552370195 0.06216091777795477 0.2285910248128933 2.4700701992151055
27.60749999998101 4.279297722927743 1.4775238333407084 2.3708343152803627e-06 -0.013604399995689872 0.21946405791139684 0.06197375890158288 0.22845196257981937 2.4707680198190363
27.607999999981008 4.278761775723709 1.4704266145997953 2.3674132085271933e-06 -0.013878700593931826 0.21935341476932138 0.06178530463845034 0.2283111096079296 2.471435222770862
27.608499999981007 4.278197647678392 1.4632708483092818 2.3639819289978817e-06 -0.014155099620441751 0.21924068285584344 0.061595563662096287 0.228168484517938 2.472071765215266
27.608999999981005 4.277605432575292 1.4560568907323495 2.360540679168032e-06 -0.014433584202063785 0.21912587091951852 0.06140454548151917 0.22802410807839488 2.472677630093232
27.609499999981004 4.276985175050296 1.4487850882960585 2.3570897072582357e-06 -0.014714140964824315 0.21900898524931578 0.06121225923702712 0.22787799859830427 2.4732528115239205
27.609999999981003 4.276336978772216 1.441455778306463 2.353629231852326e-06 -0.01499675778984888 0.21889003490815784 0.061018713811922386 0.22773017709904686 2.4737972722072605
27.610499999981002 4.275660882161617 1.4340692997647595 2.350159477924683e-06 -0.01528142160614587 0.2187690257609844 0.06082391822647745 0.22758066154033443 2.4743110060051703
27.610999999981 4.274956986485013 1.4266259918625304 2.3466807169748543e-06 -0.015568119764706055 0.21864596687155127 0.06062788099156921 0.22742947288276338 2.4747940027891637
27.611499999981 4.274225416271911 1.4191262129850588 2.3431931004169734e-06 -0.015856839990306824 0.2185208683837877 0.06043061188620392 0.22727663352536676 2.4752462835287488
27.611999999981 4.273466221250492 1.4115702723044368 2.339696906367222e-06 -0.016147569915644446 0.21839373656031985 0.060232118428546734 0.22712216156366047 2.475667827666642
27.612499999980997 4.27267948495068 1.403958507774835 2.33619237547369e-06 -0.01644029699896602 0.218264579497006 0.06003240945084641 0.22696607722938056 2.476058632037669
27.612999999980996 4.271865347874341 1.396291261973387 2.3326796753203104e-06 -0.016735009360745665 0.2181334080115912 0.05983149374694258 0.22680840344450642 2.4764187279037895
27.613499999980995 4.271023892606702 1.3885688915455285 2.329159053729038e-06 -0.017031693625853415 0.2180002304211339 0.059629380523608014 0.2266491607596676 2.4767481050785753
27.613999999980994 4.27015518478849 1.3807916855619704 2.32563076310302e-06 -0.017330338599759743 0.21786505342884097 0.05942607695202826 0.22648836783252785 2.4770467708033808
27.614499999980993 4.26925939199301 1.372960005018688 2.322094955934472e-06 -0.017630932079914292 0.2177278893904848 0.05922159227588368 0.22632604926550706 2.4773147670817472
27.61499999998099 4.268336603663889 1.3650741984649302 2.3185518706231035e-06 -0.0179334610241877 0.21758874682938834 0.05901593536220276 0.22616222584190623 2.4775521032660794
27.61549999998099 4.267386920181278 1.3571345619792492 2.315001743478673e-06 -0.018237914376026575 0.21744763423785324 0.05880911340600617 0.2259969180675413 2.477758791585422
27.61599999998099 4.266410471349616 1.3491414474233383 2.311444754515034e-06 -0.018544279730320787 0.2173045620632151 0.058601135459737705 0.22583014874319288 2.477934878992354
27.616499999980988 4.265407375104541 1.341095185523136 2.30788113294954e-06 -0.01885254494811986 0.21715954001350407 0.058392009640595335 0.2256619397677972 2.4780803752441924
27.616999999980987 4.264377772532056 1.3329960920017758 2.3043110839362846e-06 -0.019162698875649586 0.2170125787268108 0.05818174369528001 0.22549231395611322 2.478195341844462
27.617499999980986 4.263321763666065 1.3248444991576023 2.30073484250592e-06 -0.01947472897523179 0.21686368711739867 0.05797034567569955 0.22532129246161317 2.478279783989766
27.617999999980984 4.262239518786412 1.3166407347246298 2.297152564347804e-06 -0.01978862430496838 0.2167128772768727 0.057757823872300135 0.2251488997263094 2.4783337763718207
27.618499999980983 4.2611311449633416 1.3083851296296645 2.293564498017843e-06 -0.020104372433407354 0.21656015844144808 0.05754418628391383 0.2249751572734288 2.4783573370614
27.618999999980982 4.259996777554495 1.3000779876834114 2.2899708344494323e-06 -0.020421962329021263 0.21640554088734207 0.05732943994410114 0.22480008753649394 2.478350524988116
27.61949999998098 4.258836590042647 1.2917196579176493 2.286371756879149e-06 -0.020741382262474843 0.21624903712000149 0.057113593782200794 0.2246237155515956 2.478313393824658
27.61999999998098 4.257650719521665 1.283310443313461 2.282767473722596e-06 -0.021062621159470215 0.21609065750939632 0.05689665473190088 0.22444606388313368 2.478246004717148
27.62049999998098 4.256439306026902 1.274850672710629 2.279158168069492e-06 -0.02138566739190762 0.21593041277007086 0.05667863090150168 0.2242671557088089 2.47814840659722
27.620999999980977 4.25520250409189 1.2663406600659415 2.2755440503173705e-06 -0.02171050967943592 0.21576831424006693 0.0564595294814409 0.224087014638972 2.478020665150784
27.621499999980976 4.2539404870280375 1.2577807492663644 2.271925299143774e-06 -0.022037136275319395 0.21560437441055938 0.05623935895838304 0.22390566570820744 2.4778628387368187
27.621999999980975 4.252653409381895 1.2491712270941793 2.2683021024320793e-06 -0.022365537025409075 0.2154386042672346 0.05601812584480697 0.22372313219292655 2.477675007833072
27.622499999980974 4.251341448986646 1.2405124493264634 2.2646745955058446e-06 -0.02269569985656197 0.21527101662605275 0.05579583891217207 0.22353943954279407 2.477457246054013
27.622999999980973 4.250004761657158 1.231804691091428 2.261043044153814e-06 -0.02302761472868553 0.21510162251769527 0.05557250410407984 0.22335461101628462 2.477209619508689
27.62349999998097 4.248643523615233 1.2230482917119172 2.257407596315915e-06 -0.02336126984879171 0.21493043454154825 0.05534812933594559 0.22316867173094745 2.4769322178440487
27.62399999998097 4.2472579115634455 1.2142435520924515 2.253768416440503e-06 -0.023696654951882216 0.21475746491698494 0.055122721585477985 0.222981646393753 2.4766251134109822
27.62449999998097 4.245848106047127 1.2053907912921193 2.2501256906064736e-06 -0.024033759027858228 0.21458272623383107 0.05489628826658006 0.2227935601322442 2.476288406840462
27.624999999980968 4.244414298560347 1.1964903280628045 2.2464796038798934e-06 -0.024372571134274972 0.21440623166966796 0.05466883663080702 0.22260443863734722 2.475922172672993
27.625499999980967 4.2429566982097 1.187542456534328 2.2428302836580953e-06 -0.02471308177243238 0.21422799485080185 0.05444037344593147 0.2224143081040844 2.4755265352167877
27.625999999980966 4.241475460519672 1.1785475114807868 2.2391779356856073e-06 -0.025055278714480468 0.2140480274234911 0.05421090624353994 0.22222319273895283 2.475101555545437
27.626499999980965 4.2399707998390985 1.169505775287834 2.2355227090931454e-06 -0.02539915279110574 0.2138663432290319 0.05398044125782115 0.2220311189159148 2.47464735607537
27.626999999980963 4.238442921635645 1.1604175862516426 2.2318647538236444e-06 -0.025744692494648485 0.21368295627183304 0.053748986168565376 0.22183811328728603 2.4741640348295966
27.627499999980962 4.236892025768092 1.1512832369542025 2.2282042085348803e-06 -0.026091888191625334 0.21349787977139675 0.05351654764157953 0.22164420174631122 2.47365170994979
27.62799999998096 4.235318329005081 1.142103026651619 2.224541245998862e-06 -0.026440729910178373 0.21331112787930265 0.05328313219334772 0.221449411043825 2.4731104865870766
27.62849999998096 4.233722031568399 1.13287727430887 2.2208760265135343e-06 -0.026791206628803667 0.21312271424187784 0.05304874674253095 0.22125376744680655 2.4725404815228744
27.62899999998096 4.232103361475364 1.123606280579807 2.2172086771353946e-06 -0.027143308750376842 0.21293265346710477 0.05281339808565822 0.221057298318365 2.4719418152257697
27.629499999980958 4.230462533691481 1.114290346227276 2.2135393556283267e-06 -0.027497026038569777 0.2127409597052192 0.052577092479227434 0.22086003040575883 2.471314609465338
27.629999999980956 4.228799772240466 1.104929771942027 2.2098682083198177e-06 -0.027852348715387436 0.21254764744981652 0.05233983659945267 0.22066199097414227 2.4706589880111074
27.630499999980955 4.227115315424293 1.0955248582972619 2.206195340102741e-06 -0.02820926716544972 0.2123527318482854 0.05210163694815034 0.22046320792848495 2.4699751054397163
27.630999999980954 4.225409384358912 1.0860759312741697 2.2025208863235253e-06 -0.0285677705264586 0.21215622758558317 0.051862500744215924 0.22026370876665533 2.4692630608457913
27.631499999980953 4.22368221717665 1.0765832559631605 2.1988449983839566e-06 -0.028927850189156352 0.21195814949649183 0.051622433176417806 0.22006352096973542 2.4685230169133603
27.631999999980952 4.221934055598345 1.0670471580841046 2.195167792822093e-06 -0.02928949564288933 0.21175851320060823 0.051381441487773176 0.21986267304230717 2.467755106593171
27.63249999998095 4.22016516573439 1.0574679302503416 2.191489362260567e-06 -0.029652697922475546 0.21155733511960426 0.05113953185254487 0.21966119424032907 2.46695948208711
27.63299999998095 4.218375759324875 1.0478458648599314 2.1878098701018422e-06 -0.030017446991542 0.21135462915542733 0.05089671022700153 0.21945911122860587 2.4661362906943083
27.63349999998095 4.2165661107760695 1.0381812631802465 2.184129409409222e-06 -0.030383733701941164 0.2111504122181375 0.05065298306298716 0.2192564538314417 2.4652856779678913
27.633999999980947 4.214736475967287 1.0284744127753334 2.1804480680683477e-06 -0.0307515489826255 0.21094470020015083 0.050408356182471636 0.21905325078706606 2.464407815840638
27.634499999980946 4.212887094049623 1.0187256307339234 2.176765991309269e-06 -0.0311208823950545 0.21073750857379092 0.05016283636863579 0.21884953048494746 2.4635028533560086
27.634999999980945 4.2110182593622465 1.008935184392251 2.1730832364099595e-06 -0.031491726108065304 0.2105288548746311 0.049916428683052586 0.21864532329907987 2.462570960840039
27.635499999980944 4.209130232083933 0.9991033937980099 2.1693999312880223e-06 -0.03186407003533203 0.21031875554009996 0.04966914018485758 0.2184406587104514 2.461612307509451
27.635999999980942 4.207223294094004 0.9892305515871638 2.1657161398654306e-06 -0.03223790534871822 0.21010722776318527 0.04942097685270255 0.21823556688285092 2.4606270675058406
27.63649999998094 4.205297701408504 0.9793169351109128 2.162031978094132e-06 -0.03261322300839604 0.20989428742279184 0.04917194381553108 0.21803007651770126 2.4596154215680066
27.63699999998094 4.203353748030916 0.9693628389970655 2.1583475178907043e-06 -0.032990014283058804 0.20967995232416076 0.04892204712999951 0.21782421845251423 2.4585775420342992
27.63749999998094 4.201391719497107 0.9593685769128929 2.15466282694017e-06 -0.03336826966361025 0.20946424007085024 0.04867129345930829 0.2176180233707776 2.4575136207522563
27.637999999980938 4.1994119062435225 0.9493344209701532 2.150977998309569e-06 -0.03374798084116487 0.20924716809115376 0.04841968778674508 0.21741152161371083 2.4564238427526517
27.638499999980937 4.197414572868095 0.939260656022286 2.1472931134066157e-06 -0.034129138961690966 0.20902875269970814 0.048167235825418216 0.21720474255532177 2.455308392092035
27.638999999980935 4.19540005557233 0.929147582215135 2.1436082231914108e-06 -0.03451173560801981 0.20880901378883943 0.04791394362792688 0.2169977191772433 2.454167481360084
27.639499999980934 4.193368639362057 0.918995499209549 2.1399233815104996e-06 -0.034895761482197245 0.20858796882369296 0.04765981700284104 0.21679048195010914 2.453001310913219
27.639999999980933 4.19132062620581 0.9088046912735641 2.1362386777221727e-06 -0.03528120814596651 0.20836563592630192 0.04740486148816311 0.21658306207070566 2.451810070972911
27.640499999980932 4.189256336218648 0.8985754275921614 2.1325541301576387e-06 -0.0356680681315692 0.20814203384945257 0.04714908219580787 0.21637549142897855 2.4505939783931163
27.64099999998093 4.187176060244021 0.8883080138320932 2.128869810995741e-06 -0.03605633196825385 0.20791718041643875 0.04689248511813798 0.21616780090448637 2.4493532555451267
27.64149999998093 4.185080123591858 0.8780027478851039 2.1251857478882556e-06 -0.036445991147469166 0.20769109501408833 0.04663507613512558 0.2159600230250993 2.448088106277794
27.64199999998093 4.18296887550493 0.8676599025968791 2.1215019625815657e-06 -0.03683703843248594 0.20746379782079563 0.046376860427306404 0.21575219115874184 2.446798754153644
27.642499999980927 4.1808425958194215 0.857279767507475 2.1178185357131995e-06 -0.03722946449591716 0.20723530605006826 0.04611784312663013 0.21554433547409843 2.4454854304908173
27.642999999980926 4.178701632510888 0.846862640518351 2.114135476091594e-06 -0.037623261343962176 0.20700564007193242 0.04585803034790168 0.2153364896229517 2.4441483513361724
27.643499999980925 4.176546348403251 0.8364087986366524 2.110452807583792e-06 -0.03801842151062908 0.2067748208645208 0.04559742701449186 0.2151286876919404 2.4427877701551894
27.643999999980924 4.174377028988748 0.8259185246774612 2.1067705729279757e-06 -0.0384149362519325 0.20654286577657716 0.045336038299986066 0.214920960120643 2.4414039110284684
27.644499999980923 4.172194035089786 0.8153921125581347 2.103088755362091e-06 -0.03881279780142817 0.20630979576753095 0.045073870000575854 0.21471334113101515 2.4399970080705082
27.64499999998092 4.169997708553829 0.8048298367915657 2.099407382293526e-06 -0.03921199849028723 0.20607563076898688 0.04481092697759307 0.21450586378705191 2.4385673373254235
27.64549999998092 4.167788418350223 0.7942320050265459 2.0957264651276346e-06 -0.039612529934044884 0.20584039237800594 0.044547215179380525 0.2142985628564622 2.4371151142990937
27.64599999998092 4.165566485316268 0.7835988982933006 2.092046015143228e-06 -0.04001438392107622 0.205604099599 0.04428273960067236 0.2140914704490577 2.435640608545987
27.646499999980918 4.1633322650959395 0.7729307908421721 2.088366003876561e-06 -0.0404175531432696 0.20536677298610426 0.04401750515555576 0.2138846203188403 2.4341440882060263
27.646999999980917 4.161086164420799 0.7622279516216719 2.084686414297702e-06 -0.040822031416872614 0.2051284354338993 0.04375151691741176 0.2136780487208129 2.4326257853400586
27.647499999980916 4.158828485322825 0.7514907262884685 2.081007270173951e-06 -0.04122780759903006 0.20488910584788675 0.043484781409202936 0.21347178743050646 2.4310860040221005
27.647999999980915 4.156559651283674 0.7407193721062878 2.077328488335612e-06 -0.04163487622821902 0.20464880776743932 0.04321730324532696 0.21326587335758151 2.429525009584339
27.648499999980913 4.15427998558757 0.7299141398075142 2.073650100159048e-06 -0.04204323005623964 0.20440756002082688 0.04294908635692054 0.21306033841643088 2.427943051338322
27.648999999980912 4.151989882811039 0.7190753438554996 2.069972128725432e-06 -0.042452860658533695 0.20416538556995956 0.04268013670565363 0.21285521866338258 2.4263404379893028
27.64949999998091 4.149689734541274 0.7082032925863349 2.0662944602761906e-06 -0.04286376006517737 0.20392230701200179 0.04241046007568755 0.21265054984140927 2.424717433370047
27.64999999998091 4.147379881505651 0.6972982489922397 2.062617080358098e-06 -0.04327592103285817 0.20367834411625232 0.042140060887340215 0.2124463648424454 2.4230743347245047
27.65049999998091 4.145060753305004 0.6863604796340822 2.058939953893027e-06 -0.043689337589972864 0.203433520880703 0.04186894383309164 0.21224270092200725 2.421411437374929
27.650999999980908 4.142732718710047 0.6753903119523174 2.0552630263545747e-06 -0.044104000395833176 0.20318785917984414 0.04159711493095355 0.21203959285846308 2.4197290405808705
27.651499999980906 4.140396159330864 0.6643880130460494 2.0515862544824165e-06 -0.044519902701244535 0.20294138073463722 0.04132457874002436 0.2118370755062714 2.418027434803328
27.651999999980905 4.138051485469269 0.6533538625180003 2.0479095985242878e-06 -0.04493703756693736 0.20269410883785513 0.041051340016910076 0.21163518521278205 2.416306927841025
27.652499999980904 4.135699118549738 0.6422881680606223 2.044232940199934e-06 -0.04535539755643373 0.2024460675268381 0.04077740463151046 0.21143395912924012 2.414567848000414
27.652999999980903 4.133339416599762 0.6311912086301021 2.0405562759966565e-06 -0.04577497480946256 0.20219727762891732 0.040502777121985835 0.2112334309571893 2.412810495839702
27.6534999999809 4.130972826443163 0.6200632965493712 2.0368794449178224e-06 -0.04619576198957075 0.20194776448925783 0.04022746324018786 0.21103363904066688 2.4110351861153765
27.6539999999809 4.1285997181059075 0.6089046818905703 2.0332024820188153e-06 -0.04661775255933223 0.20169754918260474 0.03995146693832838 0.2108346174385903 2.4092422521540238
27.6544999999809 4.126220541839932 0.5977156791819314 2.0295252557801195e-06 -0.047040939082555876 0.20144665719976362 0.039674794038605396 0.21063640456657431 2.407432031507053
27.654999999980898 4.123835704369343 0.5864965638926257 2.0258476686670108e-06 -0.0474653146765962 0.20119511166979726 0.039397448922760835 0.2104390363948477 2.405604838818201
27.655499999980897 4.121445624682004 0.5752476432639064 2.0221696274625214e-06 -0.04789087176446109 0.2009429365264087 0.0391194373512658 0.21024254972982037 2.4037610151091093
27.655999999980896 4.119050697349265 0.5639692069049972 2.0184910978714724e-06 -0.04831760247345548 0.20069015451539052 0.03884076391619517 0.21004697991113272 2.4019009020615267
27.656499999980895 4.11665141895409 0.5526615416515239 2.0148118665428416e-06 -0.04874550150126433 0.20043679298038375 0.03856143400372225 0.20985236736642834 2.40002486068208
27.656999999980894 4.114248138727677 0.5413249462348395 2.0111319235204276e-06 -0.04917455999901537 0.2001828725752023 0.03828145255045631 0.20965874518590746 2.3981332104533486
27.657499999980892 4.111841334331529 0.5299597137282148 2.0074511223674846e-06 -0.04960477135130052 0.19992842000866895 0.0380008241944903 0.20946615265344923 2.39622634868111
27.65799999998089 4.109431433582041 0.5185661568156185 2.0037693423821323e-06 -0.050036128147930195 0.1996734596845334 0.03771955510147174 0.20927462688888024 2.3943046135333006
27.65849999998089 4.107018878439192 0.50714454294415 2.000086488597508e-06 -0.050468624155309644 0.19941801629182165 0.037437649268167374 0.20908420511511974 2.3923683675212883
27.65899999998089 4.104604104968789 0.49569517295362603 1.996402419781803e-06 -0.05090225213215501 0.19916211459756034 0.03715511191140637 0.20889492455358116 2.3904179742141216
27.659499999980888 4.102187554232261 0.48421837083694214 1.992717004195111e-06 -0.05133700397326467 0.19890577986281044 0.036871948855803666 0.20870682272558508 2.388453815732061
27.659999999980887 4.099769704547819 0.4727144115823927 1.9890301144718127e-06 -0.051772873934164715 0.19864903857716112 0.0365881645478873 0.20851993858625759 2.386476293645259
27.660499999980885 4.0973509556904295 0.4611836327807533 1.985341627052446e-06 -0.0522098527746665 0.19839191418712174 0.03630376516887298 0.2083343075612351 2.3844857382914615
27.660999999980884 4.094931803371832 0.44962627234865743 1.981651358486337e-06 -0.05264793640989226 0.19813443360593408 0.0360187539825112 0.2081499690776269 2.38248258489227
27.661499999980883 4.092512701381616 0.438042699405205 1.9779591997622927e-06 -0.053087115151580724 0.1978766232077171 0.035733138064901804 0.20796696122983424 2.380467220305947
27.661999999980882 4.09009408868565 0.42643318908426586 1.974264974454753e-06 -0.0535273827670238 0.19761850763348338 0.03544692181424334 0.20778532077911008 2.3784400108512322
27.66249999998088 4.087676442569616 0.41479804544989907 1.970568526319633e-06 -0.05396873245875214 0.19736011362106462 0.03516011049956711 0.20760508640701864 2.376401393260704
27.66299999998088 4.08526022309543 0.4031375787012669 1.9668697149737243e-06 -0.054411156885849216 0.19710146720430818 0.034872709495416376 0.20742629591085884 2.3743517530869935
27.66349999998088 4.08284590673461 0.39145210715465567 1.963168333427549e-06 -0.054854648618682264 0.19684259529280576 0.034584724192663466 0.20724898780010728 2.372291511369743
27.663999999980877 4.080433937726849 0.3797419424562823 1.9594642922624838e-06 -0.05529919981601161 0.19658352326027248 0.0342961598531385 0.2070731988896325 2.3702210941947333
27.664499999980876 4.078024818949354 0.36800737885169943 1.9557573238225684e-06 -0.05574480473182442 0.19632427889622905 0.03400702157258905 0.20689896871408542 2.368140895464541
27.664999999980875 4.075619002328516 0.3562487483434551 1.952047302501752e-06 -0.056191454922580965 0.19606488814401635 0.033717315157737716 0.2067263343425029 2.3660513476348553
27.665499999980874 4.073216976073161 0.34446637713585704 1.9483340474372985e-06 -0.0566391428570568 0.19580537855489127 0.03342704634112477 0.2065553344789189 2.363952903732425
27.665999999980873 4.070819218458691 0.3326605480274361 1.9446173563527048e-06 -0.05708786253300281 0.19554577674989054 0.03313621961691458 0.20638600704458007 2.3618459863715677
27.66649999998087 4.068426225276476 0.3208316037996978 1.9408970130854178e-06 -0.05753760591733274 0.19528611081253364 0.03284484109691844 0.20621839092977443 2.359731027677747
27.66699999998087 4.066038446666378 0.3089798647926098 1.9371728935838108e-06 -0.05798836496971726 0.19502640650198083 0.032552916244474636 0.2060525225784843 2.3576084854925132
27.66749999998087 4.063656380742642 0.29710565030175207 1.933444743591137e-06 -0.05844013276325362 0.19476669171829256 0.03226045066927209 0.20588844066061518 2.3554787869555973
27.667999999980868 4.061280547886031 0.28520928973287374 1.929712330115387e-06 -0.058892902201097296 0.1945069955803141 0.031967450178350364 0.20572618484347988 2.3533424207169182
27.668499999980867 4.058911394608677 0.27329112578051784 1.925975519686192e-06 -0.05934666434686909 0.19424734394322524 0.031673920825559546 0.20556579107079417 2.351199807524228
27.668999999980866 4.056549427988525 0.26135143889232804 1.922234079845417e-06 -0.059801413734269705 0.19398776471465518 0.03137986701271038 0.20540729781909187 2.349051437677783
27.669499999980864 4.054195147755432 0.24939061936824014 1.9184877853749734e-06 -0.060257140460809246 0.19372828682022347 0.031085295968196737 0.20525074352177838 2.346897768744725
27.669999999980863 4.051849013523425 0.23740896338134854 1.9147364339643817e-06 -0.060713837750369426 0.19346893612264385 0.030790212553279298 0.20509616409841006 2.34473927438504
27.670499999980862 4.049511574884013 0.2254068186440949 1.9109797895836293e-06 -0.0611714983516779 0.19320974335145724 0.030494623247916845 0.2049436000063376 2.342576442261632
27.67099999998086 4.047183287710112 0.21338452477541056 1.9072176531434562e-06 -0.06163011355247658 0.19295073470294513 0.03019853381864645 0.20479308670873975 2.3404097241136435
27.67149999998086 4.044864689907761 0.20134243717987635 1.9034497512525099e-06 -0.06208967541554553 0.1926919405524429 0.029901950487507475 0.2046446637223442 2.3382396787035735
27.67199999998086 4.042556257242215 0.18928086631429675 1.8996759257768736e-06 -0.0625501768146509 0.19243338769517904 0.02960487863076341 0.2044983671282717 2.3360666898947797
27.672499999980857 4.040258470437779 0.1772001916138587 1.8958958765324985e-06 -0.06301160834655202 0.19217510393302362 0.029307325422367393 0.2043542333339347 2.3338913598211826
27.672999999980856 4.03797187430928 0.16510076047461272 1.8921093903439657e-06 -0.06347396232079063 0.191917119835002 0.02900929688555702 0.20421230150081082 2.3317141265753136
27.673499999980855 4.035696941760266 0.15298290551975557 1.8883162522046506e-06 -0.06393723061458893 0.1916594624169994 0.028710798631143456 0.2040726070561025 2.32953551749606
27.673999999980854 4.033434184146493 0.1408469938582785 1.8845161946728144e-06 -0.06440140484410137 0.1914021607535592 0.028411837781773076 0.2039351872854779 2.327356038093206
27.674499999980853 4.031184129504863 0.1286933677527405 1.8807089621608428e-06 -0.06486647712020673 0.1911452446298478 0.028112419857971443 0.20380007985489487 2.325176197348576
27.67499999998085 4.028947275216307 0.11652241761028861 1.8768943331615553e-06 -0.06533243778249245 0.19088874279187557 0.027812552489983586 0.20366732096061502 2.32299654162108
27.67549999998085 4.02672410151611 0.10433446821010214 1.8730720592216601e-06 -0.0657992791357805 0.19063268250483278 0.027512241016204565 0.20353694549027326 2.320817572040409
27.67599999998085 4.024515154195488 0.0921299265890474 1.8692418636841076e-06 -0.06626699158451073 0.1903770949963175 0.027211493381851533 0.20340899155388648 2.3186398126155146
27.676499999980848 4.022320903280549 0.07990913333240847 1.8654035280086519e-06 -0.06673556660842034 0.19012200728153278 0.026910315333428768 0.20328349311897087 2.3164637999169733
27.676999999980847 4.020141896478116 0.0676724676409436 1.8615567597129623e-06 -0.06720499569537645 0.18986745036579494 0.02660871401499686 0.2031604878325386 2.314290113390889
27.677499999980846 4.017978638153791 0.05542033049972749 1.857701311903748e-06 -0.0676752687870156 0.18961345346144098 0.02630669713249987 0.20304001096579447 2.3121192393678296
27.677999999980845 4.015831615827147 0.04315305579331064 1.853836893968869e-06 -0.06814637788502534 0.18936004435933676 0.026004270053197564 0.20292209657801755 2.309951755744323
27.678499999980843 4.013701346854225 0.030871058464911443 1.8499633192354086e-06 -0.06861831270228247 0.18910725305858522 0.025701441228814764 0.20280678015961456 2.3077882215977383
27.678999999980842 4.011588331691906 0.018574714109305945 1.8460802618889838e-06 -0.06909106392929319 0.18885510835871488 0.02539821721524918 0.20269409588287618 2.305629140830223
27.67949999998084 4.009493116961202 0.0062644205965466625 1.842187491551778e-06 -0.0695646222455814 0.18860364149985356 0.025094605718993756 0.20258408005410367 2.3034751154862874
27.67999999998084 4.007416186832405 -0.006059443015246097 1.8382847103949982e-06 -0.07003897804039626 0.18835288056205063 0.024790613550103053 0.202476765534112 2.3013267536301614
27.68049999998084 4.005358039198139 -0.018396464010045892 1.8343716838478326e-06 -0.07051412059311075 0.18810285466459647 0.02448624861994112 0.20237218560728062 2.2991845299903764
27.680999999980838 4.003319189818974 -0.0307462581973633 1.830448126100291e-06 -0.07099004069845137 0.18785359341725671 0.024181518120517137 0.20227037414499602 2.2970490624336275
27.681499999980836 4.001300175598773 -0.0431084109176926 1.826513736761559e-06 -0.071466728279472 0.1876051278201026 0.023876430040057232 0.20217136579354322 2.2949209603443532
27.681999999980835 3.9993014493827452 -0.0554825285134759 1.8225683154824942e-06 -0.07194417259672298 0.1873574846289119 0.023570991716730737 0.2020751906286623 2.2928007397408448
27.682499999980834 3.997323577452003 -0.06786818226098203 1.8186114847897913e-06 -0.07242236359051225 0.18711069638665084 0.023265211489467398 0.2019818841282144 2.2906890330337073
27.682999999980833 3.9953670120307825 -0.08026494947509684 1.8146430906695484e-06 -0.07290128935387817 0.18686479019730134 0.022959097522895155 0.20189147570911736 2.288586402827595
27.68349999998083 3.993432291614518 -0.09267243865561864 1.8106627794283398e-06 -0.07338094090661293 0.1866197968264823 0.02265265728265494 0.20180399881534253 2.286493451110954
27.68399999998083 3.9915199214006485 -0.10509019505690427 1.8066702996439398e-06 -0.07386130590299132 0.1863757462861001 0.022345899582987078 0.2017194847841154 2.2844107718969626
27.68449999998083 3.989630377284236 -0.11751781535042798 1.8026654156831635e-06 -0.07434237373111272 0.1861326665781063 0.022038832153310317 0.2016379632463458 2.2823389524482707
27.68499999998083 3.9877641749444868 -0.1299548684766777 1.7986477952387317e-06 -0.0748241336444184 0.18589058779782355 0.02173146368130186 0.20155946547158204 2.280278642218518
27.685499999980827 3.9859218321197982 -0.14240087702135004 1.794617193717063e-06 -0.07530657260968618 0.1856495408630151 0.021423803623961377 0.20148402235061796 2.278230361248911
27.685999999980826 3.984103820522053 -0.15485545888179125 1.790573342627617e-06 -0.07578968076971934 0.18540955329557432 0.0211158590340509 0.20141166219260068 2.2761948270071692
27.686499999980825 3.982310683174836 -0.1673181350697661 1.7865159082491533e-06 -0.07627344595096558 0.18517065708820923 0.020807639931520124 0.20134241650291632 2.2741725992477844
27.686999999980824 3.9805428492989714 -0.17978847059485714 1.7824447033844858e-06 -0.07675785532163013 0.1849328785013549 0.02049915455153308 0.2012763106818605 2.2721642745038606
27.687499999980822 3.9788008482087154 -0.19226599158763027 1.7783593965512354e-06 -0.07724289661887 0.18469624882428934 0.020190412644717534 0.201213374730909 2.270170465723903
27.68799999998082 3.9770851583414886 -0.20475027413143942 1.7742597754624076e-06 -0.07772855840229717 0.1844607964321801 0.0198814224648371 0.20115363573875278 2.2681918615430376
27.68849999998082 3.975396238546993 -0.21724082624493116 1.7701455575279097e-06 -0.07821482647137619 0.18422654957860823 0.01957219405176796 0.2010971193965417 2.2662290120747226
27.68899999998082 3.9737346250177352 -0.22973720140887355 1.7660164434889254e-06 -0.07870168961136906 0.1839935396006774 0.019262736386316426 0.20104385485649406 2.2642825706619885
27.689499999980818 3.972100765198372 -0.24223890381466223 1.7618721964685638e-06 -0.07918913326973478 0.18376179423895783 0.018953059695434676 0.20099386637843356 2.2623531874120464
27.689999999980817 3.9704951651764464 -0.2547454825260692 1.757712553611344e-06 -0.07967714532115303 0.18353134355656459 0.018643172743276253 0.2009471807320061 2.260441463436242
27.690499999980815 3.968918279755669 -0.26725643899203116 1.7535372197821467e-06 -0.08016571168529277 0.1833022155396768 0.018333086320554467 0.2009038217799764 2.2585480666432773
27.690999999980814 3.9673705710973772 -0.2797712952964927 1.7493459905338689e-06 -0.08065481836130697 0.18307443858757905 0.01802280977287659 0.20086381321970856 2.2566735839148064
27.691499999980813 3.9658525546103665 -0.29228955757350233 1.7451385521503652e-06 -0.08114445238207543 0.18284804347329908 0.017712353830178596 0.2008271810104544 2.2548186794446927
27.691999999980812 3.964364669723844 -0.3048107434492792 1.7409146804356202e-06 -0.08163459938905233 0.18262305751052715 0.017401728089231266 0.20079394685198035 2.252984017926778
27.69249999998081 3.962907360807618 -0.31733434646269976 1.7366741112837923e-06 -0.08212524439312702 0.1823995084427148 0.017090943005848132 0.20076413220394718 2.2511701971687463
27.69299999998081 3.9614810903733897 -0.32985986536696377 1.7324166267413428e-06 -0.08261637300990653 0.1821774248002282 0.01678000922589344 0.2007377590434243 2.249377871296974
27.69349999998081 3.9600863602451963 -0.3423867679497793 1.7281419125264678e-06 -0.08310797035090328 0.18195683726166334 0.01646893814261422 0.20071485068539227 2.2476076879762625
27.693999999980807 3.9587236008078284 -0.3549145516774937 1.7238497532085462e-06 -0.08360002133587781 0.1817377728981601 0.016157740184188196 0.20069542653783162 2.2458603387382516
27.694499999980806 3.957393197071868 -0.3674427274789737 1.7195399691131071e-06 -0.08409251075360127 0.18152025649498937 0.015846425499244244 0.20067950339771717 2.2441363485085093
27.694999999980805 3.956095702931377 -0.3799707212155913 1.7152122412603501e-06 -0.0845854228785213 0.1813043216863897 0.015535006651193388 0.2006671055687822 2.2424364824242606
27.695499999980804 3.9548314514713083 -0.3924980264161129 1.7108664116663289e-06 -0.08507874105093095 0.18108999098776565 0.015223494272464276 0.20065824626120943 2.2407612965306636
27.695999999980803 3.953600961162369 -0.40502410975536896 1.70650215992266e-06 -0.08557245072320906 0.18087729591618973 0.014911899946689258 0.20065294730142635 2.2391114829609275
27.6964999999808 3.9524046305668517 -0.41754843572333894 1.7021193306683812e-06 -0.08606653485903377 0.1806662624591366 0.014600234850906627 0.20065122394666954 2.23748770892492
27.6969999999808 3.951242827968163 -0.43007045073417216 1.697717687781718e-06 -0.08656097588332803 0.1804569152790369 0.014288511179331782 0.2006530896089604 2.235890567821634
27.6974999999808 3.950116055549625 -0.4425895965158666 1.6932970114508373e-06 -0.08705575776738644 0.1802492854529662 0.013976741116736347 0.2006585636323629 2.2343207351313197
27.697999999980798 3.9490247239308838 -0.4551053500760502 1.6888570252648919e-06 -0.08755086468283996 0.18004339931134217 0.013664935881262535 0.20066766061061103 2.232778873537169
27.698499999980797 3.9479691996422064 -0.4676171039371551 1.6843976304495204e-06 -0.08804627652356346 0.17983928211537623 0.013353108962551975 0.2006803919679336 2.2312655682886056
27.698999999980796 3.9469498716858635 -0.48012431604053496 1.6799186084650507e-06 -0.08854197631521382 0.17963695940803515 0.013041272115401572 0.20069677011241588 2.229781505753144
27.699499999980794 3.9459671957123255 -0.4926264206647615 1.6754197036799198e-06 -0.0890379471905398 0.17943646017107856 0.01272943774984537 0.20071681011828485 2.2283272958393487
27.699999999980793 3.945021523803558 -0.5051228511510388 1.670900752419063e-06 -0.08953417069649916 0.17923780848167914 0.01241761843660277 0.20074052146804341 2.226903611482739
27.700499999980792 3.9441132512891057 -0.5176129888153039 1.6663615880652243e-06 -0.09003062708696288 0.17904103102402683 0.01210582828796862 0.20076791497237823 2.225511033781575
27.70099999998079 3.9432427474728944 -0.5300962883696353 1.6618020153184735e-06 -0.09052729854862875 0.1788461525875173 0.011794078607031556 0.20079899991797498 2.224150261722823
27.70149999998079 3.9424104188426705 -0.5425721280122314 1.657221861666728e-06 -0.09102416557155515 0.1786532004027341 0.011482383852377959 0.2008337866771194 2.222821901423472
27.70199999998079 3.9416165827527765 -0.5550399290938164 1.652620974587412e-06 -0.09152120880458789 0.17846219700465624 0.011170757035862348 0.20087228089892337 2.2215265458837647
27.702499999980787 3.9408616267861927 -0.5674990732237676 1.6479991848919945e-06 -0.09201840843649421 0.178273168787974 0.010859212267359362 0.2009144909954444 2.2202648528973716
27.702999999980786 3.940145892377789 -0.5799489691198741 1.6433563464419238e-06 -0.09251574453487824 0.17808613966240183 0.010547762322268981 0.20096042251325613 2.21903741531491
27.703499999980785 3.939469725489225 -0.5923889886359229 1.6386923104088742e-06 -0.09301319635383572 0.17790113416859152 0.010236421682118284 0.20101008075040053 2.2178448751352793
27.703999999980784 3.9388334897371005 -0.6048185211279125 1.6340069097864404e-06 -0.09351074434406546 0.17771817731264603 0.00992520471034641 0.20106347143042305 2.216687843679654
27.704499999980783 3.938237478347855 -0.6172369557887423 1.629300069924839e-06 -0.0940083669276928 0.17753729107487298 0.009614124594108332 0.20112059607689844 2.2155669218807192
27.70499999998078 3.9376820665789873 -0.6296436395464242 1.6245715826981486e-06 -0.09450604324846357 0.17735850153747099 0.009303196916003568 0.20118145975948057 2.2144827142147876
27.70549999998078 3.937167500484085 -0.6420379570797388 1.6198214363503667e-06 -0.09500375105709996 0.1771818284065833 0.00899243543540115 0.20124606065083414 2.213435796009346
27.70599999998078 3.9366941615160256 -0.6544192743891015 1.6150494239241953e-06 -0.0955014703159035 0.17700729780189373 0.008681855218054133 0.20131440315500265 2.2124268414863684
27.706499999980778 3.9362622749178233 -0.6667869249277345 1.610255512330053e-06 -0.09599917649570944 0.17683492914199486 0.008371471286266585 0.20138648312139892 2.211456287513618
27.706999999980777 3.935872194769603 -0.67914028585017 1.605439554303131e-06 -0.09649684939191036 0.17666474713104474 0.008061298314969862 0.20146230255798217 2.2105248680981093
27.707499999980776 3.9355241847081013 -0.6914786852573017 1.600601513584384e-06 -0.09699446520176892 0.17649677293549207 0.007751352004125271 0.201541858169244 2.2096330710674303
27.707999999980775 3.9352185072145467 -0.7038014549864469 1.595741314576851e-06 -0.09749200031166685 0.17633102760098301 0.007441647925430457 0.20162514610889867 2.208781489966186
27.708499999980774 3.9349554292931304 -0.7161079702726854 1.590858850856949e-06 -0.09798943302798435 0.17616753180957595 0.007132200660376889 0.20171216258640345 2.2079706947284246
27.708999999980772 3.934735214082991 -0.7283975297814207 1.5859541116721374e-06 -0.09848673855897751 0.17600630698659417 0.006823026996283851 0.2018029025272819 2.207201195788528
27.70949999998077 3.9345581369925027 -0.7406694842645302 1.5810269880911787e-06 -0.09898389423002173 0.17584737459871402 0.006514141925393039 0.20189736133794506 2.2064735738640726
27.70999999998077 3.934424389918795 -0.7529231065789814 1.5760774973603863e-06 -0.09948087318445487 0.17569075295802575 0.006205562931268917 0.20199552919753835 2.2057883710688864
27.71049999998077 3.9343342252911224 -0.7651577603311128 1.5711055773189616e-06 -0.09997765330499656 0.175536462145482 0.005897305345691257 0.20209739957076794 2.2051460813607573
27.710999999980768 3.9342878820227307 -0.7773727618534856 1.5661112094591622e-06 -0.10047420964094661 0.17538452242923966 0.005589384739885063 0.2022029642029904 2.204547221890469
27.711499999980767 3.934285550714438 -0.78956739596339 1.561094439549039e-06 -0.1009705163041435 0.17523495180794404 0.005281819089070512 0.20231221196642443 2.203992333491051
27.711999999980765 3.934327429246814 -0.8017409523452145 1.5560551858018395e-06 -0.10146654705085162 0.17508776875013687 0.004974624948178472 0.20242513141825827 2.203481938231988
27.712499999980764 3.9344137117395195 -0.8138927712540257 1.5509934920205572e-06 -0.10196227778380941 0.17494299090560045 0.004667818248248828 0.20254171097593304 2.2030164400629655
27.712999999980763 3.93454459369434 -0.8260220992632754 1.5459093821250443e-06 -0.10245768096004551 0.17480063709896881 0.00436141752395381 0.20266193791813528 2.202596334945923
27.713499999980762 3.9347202458312958 -0.8381282798287428 1.5408028945379538e-06 -0.10295273193648297 0.17466072387353132 0.004055438149764645 0.20278579845688857 2.202222179069703
27.71399999998076 3.9349407958847014 -0.8502105497088246 1.5356740710368303e-06 -0.10344740189511074 0.17452326690860379 0.0037498990747964625 0.20291327554985522 2.2018943676189435
27.71449999998076 3.9352064474336546 -0.8622682181429852 1.5305229233073313e-06 -0.10394166567740346 0.1743882846311495 0.003444816967146858 0.20304435585439223 2.2016133447333432
27.71499999998076 3.9355173080311574 -0.8743005685948295 1.525349560582971e-06 -0.10443549581612732 0.1742557912794535 0.0031402095162114847 0.20317902080823827 2.2013795087992936
27.715499999980757 3.935873482723555 -0.8863068546781057 1.5201540837666909e-06 -0.10492886340086341 0.17412580130871566 0.002836094818452139 0.20331725084168 2.2011933003411346
27.715999999980756 3.936275161500371 -0.8982863415103173 1.514936504817692e-06 -0.1054217416744908 0.17399833296000564 0.00253249113690729 0.203459030278586 2.2010551843673065
27.716499999980755 3.936722414936944 -0.9102383024400195 1.5096968993462925e-06 -0.10591410232655911 0.1738733987890514 0.002229416399373179 0.20360433732015418 2.2009655430363075
27.716999999980754 3.9372153046661262 -0.9221620180373229 1.504435507645911e-06 -0.106405916623449 0.17375101098157275 0.00192688807692469 0.20375314919592286 2.20092462870916
27.717499999980753 3.9377539750897923 -0.9340567118528255 1.4991523382712198e-06 -0.1068971558186108 0.173631186000769 0.0016249258634199802 0.2039054463671915 2.200932986441263
27.71799999998075 3.9383384942748694 -0.9459216711145217 1.4938475162632851e-06 -0.10738779184215619 0.17351393615754795 0.0013235471390821056 0.20406120565812913 2.2009908820014887
27.71849999998075 3.938968877118423 -0.9577561352460624 1.4885212579045098e-06 -0.10787779421339887 0.17339927175900477 0.0010227710714704572 0.20422040052738674 2.2010986001915325
27.71899999998075 3.939645225105643 -0.9695593190750667 1.483173675523833e-06 -0.10836713281733895 0.1732872074985837 0.0007226173028463101 0.2043830079372411 2.2012565853989674
27.719499999980748 3.940367583521235 -0.9813305111931003 1.4778048907103085e-06 -0.10885577982030627 0.17317775439171773 0.000423103884856826 0.2045490025234601 2.2014650658200687
27.719999999980747 3.941135931687436 -0.9930689292569977 1.4724151685192243e-06 -0.10934370292913893 0.17307092147094205 0.00012425003285386222 0.20471835449496814 2.2017243231713324
27.720499999980746 3.9419503373255447 -1.0047738148988632 1.467004661027145e-06 -0.10983087287950546 0.17296672133921775 -0.00017392476410484428 0.20489103830606223 2.202034671841494
27.720999999980744 3.9428108012441494 -1.016444410448894 1.461573541357809e-06 -0.11031725917304058 0.17286516363569582 -0.00047140148121932717 0.2050670248713922 2.2023964058830283
27.721499999980743 3.943717292314259 -1.0280799432250656 1.4561220642262807e-06 -0.11080283022020013 0.17276625650952862 -0.0007681604544257205 0.2052462828983913 2.2028097174636274
27.721999999980742 3.9446698087923373 -1.0396796422157983 1.4506504387800283e-06 -0.11128755506773261 0.1726700095578889 -0.0010641820461130725 0.2054287822996143 2.2032748386263266
27.72249999998074 3.945668311401178 -1.0512427243384355 1.4451588821081285e-06 -0.11177140167508717 0.17257643073139195 -0.0013594463802906825 0.20561449066362392 2.2037919777248143
27.72299999998074 3.9467127909009325 -1.0627684488783782 1.4396476886498317e-06 -0.11225434007893842 0.17248552886467683 -0.0016539344344953617 0.2058033771185469 2.2043613622196405
27.72349999998074 3.9478031276178607 -1.0742559907711633 1.4341171138760278e-06 -0.1127363354590685 0.17239730858622818 -0.0019476251424578447 0.2059954042793439 2.204983045941759
27.723999999980737 3.9489393419015206 -1.0857046037532307 1.4285673546949862e-06 -0.11321735846108097 0.17231178008863957 -0.002240499078108535 0.20619054209720578 2.2056573957802836
27.724499999980736 3.9501212516553035 -1.0971134761403705 1.4229988760973418e-06 -0.11369737327266766 0.17222894502893554 -0.002532535762412512 0.20638874952931013 2.2063843184694214
27.724999999980735 3.9513489044342176 -1.1084818644776004 1.4174117658752218e-06 -0.11417635145291241 0.17214881477945088 -0.0028237155961803274 0.20658999741235481 2.2071641831941338
27.725499999980734 3.9526220707428266 -1.1198089476650117 1.4118064579192342e-06 -0.11465425648749725 0.17207138869458907 -0.003114017470613485 0.20679424180279402 2.207996850319619
27.725999999980733 3.9539406860933624 -1.131093960158225 1.4061832895335757e-06 -0.11513105682027534 0.17199667329185248 -0.0034034214013960243 0.20700144720569755 2.2088824885173444
27.72649999998073 3.9553046546049475 -1.1423361034793127 1.4005425223685244e-06 -0.11560671925370322 0.17192467385803056 -0.003691906630193332 0.20721157591302858 2.2098212674255384
27.72699999998073 3.956713786365105 -1.1535345813181592 1.3948846166453121e-06 -0.11608120890225888 0.17185539137450467 -0.003979452494861986 0.20742458544457285 2.210813108485625
27.72749999998073 3.9581679272964183 -1.1646886182897715 1.389209833281111e-06 -0.11655449290886195 0.1717888280126849 -0.0042660384786209465 0.20764043520353848 2.2118580076189294
27.727999999980728 3.95966694978366 -1.1757974271102225 1.3835185785949964e-06 -0.11702653773122734 0.1717249875818342 -0.004551644170289014 0.2078590853390643 2.212956068798616
27.728499999980727 3.961210674185179 -1.1868601752383907 1.377811247083333e-06 -0.1174973078974325 0.17166387170292158 -0.004836247183960623 0.20808049283391641 2.2141071507742747
27.728999999980726 3.962798873357241 -1.197876121588146 1.3720882402671056e-06 -0.11796676999227257 0.17160547895526812 -0.005119828713565203 0.20830461318927376 2.215311423929279
27.729499999980725 3.9644313764174344 -1.2088444297857317 1.3663500152580069e-06 -0.11843488834348602 0.17154981146159531 -0.005402366325170177 0.20853140327383365 2.216568602501493
27.729999999980723 3.966107965594952 -1.2197643416797495 1.3605968833888556e-06 -0.11890163004457 0.17149686816032716 -0.005683839576171088 0.20876081875769714 2.2178787281568892
27.730499999980722 3.9678284382733753 -1.2306350276909734 1.354829357998107e-06 -0.1193669587124239 0.17144664971057738 -0.005964226787833461 0.20899281454253793 2.219241713233883
27.73099999998072 3.9695924665399467 -1.2414557160056254 1.3490479270757409e-06 -0.11983083884664421 0.17139915007349957 -0.006243507329954573 0.2092273403940977 2.2206573392193274
27.73149999998072 3.971399896986995 -1.2522256099841511 1.3432529944955993e-06 -0.12029323658392224 0.17135437177088786 -0.006521659976803741 0.20946435386882462 2.2221255814926346
27.73199999998072 3.9732504166135345 -1.2629439021841493 1.3374450439058434e-06 -0.12075411523403616 0.17131230982872558 -0.006798663182394259 0.20970380460515206 2.223646176749309
27.732499999980718 3.9751437839334347 -1.2736098112327978 1.3316245155943935e-06 -0.12121344056282932 0.17127296229018724 -0.007074495613801714 0.20994564599658683 2.2252190004233454
27.732999999980716 3.9770796468838827 -1.284222558397783 1.3257920187445129e-06 -0.12167117596568154 0.17123632213551904 -0.007349136783405078 0.21018982584994994 2.2268438275172118
27.733499999980715 3.9790577989402265 -1.2947813268368527 1.3199479314981138e-06 -0.1221272862559026 0.17120238951721242 -0.007622564710529179 0.21043629847866244 2.228520436598054
27.733999999980714 3.981077861439713 -1.3052853323906544 1.3140928607961286e-06 -0.12258173488293889 0.1711711559776266 -0.007894757841055719 0.21068501030447562 2.230248566766564
27.734499999980713 3.983139488226347 -1.3157337840975423 1.3082273389612177e-06 -0.12303448537553213 0.17114261479778936 -0.00816569490696995 0.21093590914009935 2.2320279743160283
27.73499999998071 3.985242394089265 -1.3261259130738567 1.3023518658775986e-06 -0.12348550309010832 0.17111676178816862 -0.008435355083252782 0.21118894586049372 2.233858360547148
27.73549999998071 3.9873862324095173 -1.3364608992117204 1.2964670082254827e-06 -0.12393475061291485 0.17109359048434503 -0.008703715934198662 0.21144406774694197 2.2357394016031513
27.73599999998071 3.9895705944238866 -1.3467379848963046 1.2905733763000173e-06 -0.12438219175869474 0.17107309072585536 -0.008970756928195215 0.21170121982893297 2.237670741965388
27.73649999998071 3.9917951153380193 -1.356956377104401 1.2846715188843443e-06 -0.12482778990308405 0.1710552548184829 -0.009236456404773467 0.2119603487919896 2.2396520738319543
27.736999999980707 3.994059464498113 -1.3671153101525584 1.278761958347567e-06 -0.12527151013610394 0.17104007630079424 -0.00950079322581123 0.21222140331427727 2.2416830479878564
27.737499999980706 3.9963631985371295 -1.3772139689029437 1.272845414067423e-06 -0.12571331347592513 0.17102754411543408 -0.009763745165254313 0.21248432589465277 2.243763225542269
27.737999999980705 3.9987059409170205 -1.3872516021587702 1.2669223688632258e-06 -0.12615316493924308 0.1710176493913077 -0.010025291572851678 0.2127490632144753 2.245892226160569
27.738499999980704 4.0010872294147655 -1.3972274494079693 1.26099353388117e-06 -0.1265910277075668 0.17101037941216876 -0.010285411241321901 0.2130155577584768 2.248069559931292
27.738999999980702 4.003506675100582 -1.40714069364984 1.2550595278372028e-06 -0.127026863740957 0.1710057255699898 -0.010544081839817612 0.21328375454175383 2.2502947707072636
27.7394999999807 4.005963799390104 -1.4169906177357983 1.2491209778976108e-06 -0.12746063787541959 0.17100367379413425 -0.010801283257341587 0.2135535960331852 2.2525674531198403
27.7399999999807 4.008458162102523 -1.4267764257233804 1.2431784975385703e-06 -0.12789231234883863 0.17100421276109917 -0.011056993517049146 0.21382502530249411 2.2548869961290103
27.7404999999807 4.010989303893842 -1.436497381616567 1.2372328101438008e-06 -0.1283218511345533 0.17100732957066214 -0.011311192275984408 0.2140979853155835 2.2572529669934727
27.740999999980698 4.013556777670245 -1.446152705946837 1.2312845200065727e-06 -0.12874921749228332 0.17101301224667728 -0.01156385732162955 0.2143724193050787 2.2596648560735066
27.741499999980697 4.016160039608464 -1.4557416476523632 1.225334350073613e-06 -0.12917437350229277 0.17102124406397823 -0.011814968098640329 0.2146482661520296 2.262122013604767
27.741999999980695 4.018798668188151 -1.4652634618525326 1.2193829038167094e-06 -0.12959728392130834 0.1710320138775873 -0.012064503586071203 0.21492547084415506 2.2646239734880163
27.742499999980694 4.021472058336703 -1.474717405388089 1.2134310241464647e-06 -0.13001791043282096 0.17104530190396527 -0.012312442854758226 0.21520396972590297 2.2671700392750003
27.742999999980693 4.024179764220493 -1.4841027287937196 1.2074793195559091e-06 -0.1304362172711685 0.1710610958631301 -0.012558764737582962 0.2154837067289321 2.269759657346484
27.743499999980692 4.0269212853928735 -1.4934186953629336 1.2015284779710175e-06 -0.13085216801169533 0.17107938083622823 -0.012803448717744154 0.21576462342037458 2.272392183592236
27.74399999998069 4.029695985691016 -1.5026645815783768 1.1955792978898308e-06 -0.13126572503831727 0.17110013517466066 -0.013046473977506585 0.21604665540079074 2.275066914932846
27.74449999998069 4.032503423090113 -1.5118396416745021 1.1896323989033435e-06 -0.13167685275999563 0.1711233467576903 -0.013287819474728828 0.21632974715633368 2.2777833255417135
27.74499999998069 4.035342980270772 -1.5209431743050947 1.1836885860282448e-06 -0.13208551442929164 0.17114899458537636 -0.013527465300019003 0.21661383563170433 2.280540553621244
27.745499999980687 4.038214088620882 -1.5299744436221572 1.17774862707934e-06 -0.1324916728230165 0.17117706042711547 -0.013765390542961853 0.21689885974967654 2.2833380484593464
27.745999999980686 4.041116229923253 -1.5389327494592588 1.1718131742598353e-06 -0.13289529321479973 0.1712075278808352 -0.01400157499028784 0.21718476158313504 2.286175002998214
27.746499999980685 4.04404873986293 -1.5478173775542943 1.1658830712240667e-06 -0.1332963376912077 0.17124037388196534 -0.014235998326801173 0.21747147614683732 2.2890507461559744
27.746999999980684 4.047011090482762 -1.5566276183773708 1.1599590578635096e-06 -0.13369477045940595 0.171275581803709 -0.014468640617711827 0.21775894500965226 2.2919644891249535
27.747499999980683 4.050002671068374 -1.56536278334539 1.1540418710763569e-06 -0.13409055624299374 0.17131313060433953 -0.014699481282077981 0.21804710670168756 2.2949154666610045
27.74799999998068 4.05302288349478 -1.5740221857625945 1.1481322670808204e-06 -0.13448365904563186 0.171353000019027 -0.014928501096892427 0.21833590018781235 2.2979029551971326
27.74849999998068 4.056071079673598 -1.5826051185419328 1.1422310539588198e-06 -0.13487404192635594 0.17139516752793094 -0.015155679367519966 0.21862526216009667 2.300926078659495
27.74899999998068 4.05914661037711 -1.5911109561699495 1.1363390612830462e-06 -0.13526167084334761 0.17143960962978003 -0.015380997808730975 0.21891513068524446 2.303984024682598
27.749499999980678 4.06224885782669 -1.599538968919997 1.1304570639215952e-06 -0.13564650798240827 0.17148630560149655 -0.015604435846170793 0.21920544371604617 2.3070760581474485
27.749999999980677 4.065377231828727 -1.6078885205223852 1.1245857745544284e-06 -0.13602852041474314 0.1715352346955548 -0.015825974311250376 0.219496142497274 2.3102013117365288
27.750499999980676 4.068531043081551 -1.6161589526761326 1.1187260529391948e-06 -0.13640767199878037 0.17158637192174458 -0.016045594340445467 0.2197871631991556 2.313358948611082
27.750999999980674 4.0717096279846245 -1.624349600771384 1.1128786952428707e-06 -0.13678392712192028 0.1716396934765785 -0.016263276533678976 0.22007844342242958 2.316548111885438
27.751499999980673 4.074912357440523 -1.6324598433896076 1.1070445092113097e-06 -0.1371572524680804 0.17169517665699321 -0.01647900240174173 0.22036992333806685 2.319767882166743
27.751999999980672 4.078138529060701 -1.640489009497101 1.1012242845457481e-06 -0.13752761157944993 0.17175279587607944 -0.016692752466357878 0.22066153906583122 2.3230173872010886
27.75249999998067 4.081387502443773 -1.6484364836278775 1.0954188187303694e-06 -0.13789497114436344 0.17181252783771975 -0.01690450852673731 0.22095323079199947 2.3262958355939665
27.75299999998067 4.084658568269946 -1.6563016462036895 1.0896289776302976e-06 -0.1382592965269221 0.17187434600207094 -0.017114252314623254 0.22124493558508307 2.329602196512182
27.75349999998067 4.087951057367429 -1.6640839076048857 1.0838555451270222e-06 -0.13862055500000772 0.17193822534585423 -0.017321966364003533 0.2215365931901716 2.332935668521169
27.753999999980667 4.091264258607764 -1.67178261718688 1.0780993320037153e-06 -0.13897871102551726 0.17200413954338667 -0.017527631322549912 0.2218281406813714 2.3362953027948925
27.754499999980666 4.094597452786977 -1.6793972028529305 1.0723612187610697e-06 -0.1393337316543526 0.17207206100290526 -0.017731230142998385 0.22211951619994733 2.339680104450861
27.754999999980665 4.097950013739303 -1.686927037722759 1.0666419200841645e-06 -0.13968558356690441 0.17214196711737054 -0.017932744257960355 0.22241066165111312 2.3430892426982597
27.755499999980664 4.10132112630094 -1.6943715724535138 1.0609424043899153e-06 -0.14003423317501465 0.17221382545405217 -0.0181321571798256 0.22270151158541115 2.346521678816641
27.755999999980663 4.104710150411467 -1.7017302200683893 1.055263409098e-06 -0.14037964866468744 0.17228761225312117 -0.01832945112154645 0.22299200854183107 2.3499765098920586
27.75649999998066 4.108116360954996 -1.7090024131198316 1.0496057464134816e-06 -0.14072179718465422 0.1723632995130055 -0.018524609360311826 0.2232820914758753 2.353452829389889
27.75699999998066 4.111539010903217 -1.7161875923382266 1.04397026882358e-06 -0.14106064635654386 0.17244085805374823 -0.018717614654448506 0.22357169895850257 2.3569496037429767
27.75749999998066 4.114977432659275 -1.7232852075670593 1.0383577725732901e-06 -0.1413961649760369 0.17252026234573886 -0.018908450558014312 0.2238607734559096 2.360465939690461
27.757999999980658 4.11843077892714 -1.7302947086418485 1.0327691540804184e-06 -0.14172831924715293 0.1726014783498855 -0.019097100414806722 0.22414924949560305 2.3640007721556144
27.758499999980657 4.121898445125524 -1.737215568312977 1.02720518540717e-06 -0.1420570799368285 0.172684483304751 -0.019283548219097748 0.2244370735113198 2.3675532228831733
27.758999999980656 4.125379634456548 -1.7440472517943628 1.0216666891545527e-06 -0.1423824147988423 0.17276924523686685 -0.01946777758179257 0.22472418318383175 2.371122319328985
27.759499999980655 4.128873586250239 -1.7507892586081435 1.0161545106356523e-06 -0.1427042933691321 0.17285573363483867 -0.019649773084345023 0.22501051881787185 2.3747069876257743
27.759999999980653 4.132379584195783 -1.7574410771085018 1.0106694986175984e-06 -0.14302268514555042 0.1729439201626745 -0.01982951926037972 0.22529602264925708 2.3783062842539433
27.760499999980652 4.135896888579736 -1.7640022015029466 1.005212408762897e-06 -0.14333756002463915 0.17303377526301034 -0.020007000436711348 0.22558063649626836 2.3819192790066865
27.76099999998065 4.139424721412893 -1.7704721468574494 9.99784141044162e-07 -0.1436488876614291 0.17312526735603606 -0.02018220173173102 0.22586430083172757 2.3855449609199
27.76149999998065 4.142962392932006 -1.7768504262777411 9.943854154927884e-07 -0.14395663948283627 0.17321836896503853 -0.020355107921235915 0.22614696066183307 2.3891823046658827
27.76199999998065 4.146509093386199 -1.7831365927516858 9.890171135747723e-07 -0.14426078612974064 0.1733130465458454 -0.0205257052373871 0.22642855626723685 2.392830439437963
27.762499999980648 4.1500640952683465 -1.7893301576878893 9.836800133717003e-07 -0.1445612984426162 0.17340927082458954 -0.020693978226546745 0.2267090314702345 2.3964882582069245
27.762999999980646 4.153626651113925 -1.7954306889166838 9.78374953808831e-07 -0.14485814862715535 0.1735070110334989 -0.020859913474575397 0.22698833029834928 2.4001548362898966
27.763499999980645 4.157195999780049 -1.8014377123283196 9.731027025892881e-07 -0.14515130732902048 0.1736062361705095 -0.021023496352016516 0.22726639579022176 2.4038291971199475
27.763999999980644 4.160771370375002 -1.8073508454603902 9.67864104668953e-07 -0.14544074856736036 0.17370691362272736 -0.02118471440359084 0.22754317240587446 2.4075103401186
27.764499999980643 4.164352033590324 -1.8131696332859246 9.626599036982356e-07 -0.14572644438456253 0.17380901368892987 -0.02134355328691676 0.22781860569189047 2.4111972935227084
27.764999999980642 4.167937224576793 -1.8188936558875837 9.574909387471897e-07 -0.14600836709512535 0.17391250456225646 -0.021500000081900596 0.22809264018907643 2.4148891473473793
27.76549999998064 4.171526195514412 -1.8245225140311527 9.523579360504729e-07 -0.14628649081410094 0.17401735485830938 -0.02165404170021686 0.22836522219580974 2.4185848504789655
27.76599999998064 4.1751181605330725 -1.83005583444554 9.472617815453852e-07 -0.14656078951025592 0.17412353123544472 -0.02180566610502137 0.22863629682544745 2.422283440368053
27.76649999998064 4.178712406243278 -1.835493208802341 9.422031351260753e-07 -0.1468312373003291 0.1742310040697243 -0.021954860369210523 0.2289058123336351 2.4259840181954497
27.766999999980637 4.182308128588058 -1.8408342751161169 9.371828678857202e-07 -0.14709780839904102 0.1743397389439274 -0.022101612697642943 0.22917371379517842 2.429685561033369
27.767499999980636 4.185904629414232 -1.8460786730252097 9.322016508289666e-07 -0.14736047901116095 0.17444970639911708 -0.02224591136759072 0.22943995164249764 2.433387185117821
27.767999999980635 4.18950110743234 -1.8512260396126843 9.272603424655809e-07 -0.14761922339551095 0.17456087215818297 -0.022387744555465453 0.2297044716822031 2.437087892603304
27.768499999980634 4.193096878126648 -1.8562760218576209 9.223595955055986e-07 -0.14787401822057886 0.17467320728931518 -0.0225271007948833 0.22996722566413458 2.4407868293792374
27.768999999980633 4.196691160892675 -1.8612282959421886 9.175001985406197e-07 -0.14812483971231938 0.1747866779877388 -0.02266396928598597 0.23022816171264956 2.4444829841125224
27.76949999998063 4.20028319798589 -1.8660825309995848 9.12682900844551e-07 -0.1483716641635406 0.1749012516244831 -0.02279833912691884 0.23048722917640196 2.4481754401825224
27.76999999998063 4.203872260516666 -1.8708384278947667 9.079084328517275e-07 -0.14861446962317051 0.17501689650509036 -0.022930200151887778 0.23074437961227875 2.451863298948827
27.77049999998063 4.207457601069055 -1.875495667227665 9.031775176147748e-07 -0.14885323295021283 0.17513358033146798 -0.023059541879191663 0.2309995636167464 2.455545698180801
27.770999999980628 4.211038477402579 -1.880053955704359 8.984908667957295e-07 -0.14908793223739975 0.17525127070664792 -0.023186354341209664 0.231252732850348 2.4592216488186867
27.771499999980627 4.214614140521355 -1.8845130175863196 8.938492584102216e-07 -0.14931854592768737 0.17536993475435847 -0.023310628151995375 0.23150383918749043 2.4628903250425793
27.771999999980626 4.218183866833926 -1.8888725722020712 8.892533374396354e-07 -0.14954505301801777 0.17548954077486534 -0.023432353676159947 0.23175283601789973 2.4665507765992363
27.772499999980624 4.221746945209276 -1.8931323590425952 8.847037695081883e-07 -0.14976743342681148 0.17561005739398733 -0.023551521778896297 0.23199967791200865 2.4702021728643846
27.772999999980623 4.225302635179934 -1.897292111403952 8.802012955503042e-07 -0.14998566603296476 0.17573145206285942 -0.023668123496818474 0.23224431818525454 2.473843681882338
27.773499999980622 4.228850261351446 -1.90135159868505 8.757465284992214e-07 -0.15019973252448152 0.17585369471465848 -0.023782150485487992 0.23248671419445993 2.477474445494091
27.77399999998062 4.232388998664184 -1.9053105868096196 8.713402634419234e-07 -0.15040961181629592 0.17597674837276062 -0.02389359451922334 0.23272681657606153 2.481093535365216
27.77449999998062 4.235918218821492 -1.9091688438405212 8.66983041591447e-07 -0.15061528627051302 0.17610058520084282 -0.024002447357441472 0.23296458538922743 2.484700220397166
27.77499999998062 4.239437182900785 -1.9129261615129227 8.626755556198177e-07 -0.15081673730541195 0.17622517193469922 -0.02410870135431674 0.23319997632044384 2.4882936228148007
27.775499999980617 4.242945245807842 -1.9165823260481045 8.584184636730717e-07 -0.1510139473686725 0.1763504798673057 -0.024212348945352968 0.2334329494539036 2.4918729822084007
27.775999999980616 4.246441616087368 -1.920137167929274 8.542123820932775e-07 -0.15120689885270266 0.17647647263173247 -0.024313383416977592 0.23366345941625327 2.495437432967986
27.776499999980615 4.2499256307922595 -1.9235904726755426 8.500579896544341e-07 -0.15139557389451602 0.17660312070947248 -0.024411797167759722 0.2338914660267326 2.4989862137962833
27.776999999980614 4.253396618595203 -1.9269420803681738 8.459558175300493e-07 -0.1515799570726979 0.17673039335416882 -0.02450758385684755 0.23411693016050886 2.5025185604072084
27.777499999980613 4.256853891532949 -1.9301918347636113 8.419065369588482e-07 -0.15176003245483163 0.1768582590727874 -0.02460073736679238 0.23433981209333304 2.5060336781881203
27.77799999998061 4.260296732213135 -1.933339560349793 8.379107296386937e-07 -0.15193578315228126 0.17698668518980004 -0.024691251103571732 0.23456007080837532 2.5095308200685364
27.77849999998061 4.263724541251593 -1.936385142698469 8.339689432457504e-07 -0.15210719643230533 0.1771156438633325 -0.024779119978985492 0.23477767205284175 2.5130093317531332
27.77899999998061 4.2671365613217604 -1.9393284226023033 8.300818221358163e-07 -0.15227425521946944 0.17724510037716273 -0.024864337979945163 0.2349925737412473 2.516468349375649
27.779499999980608 4.2705321557537275 -1.9421692852284438 8.262499613233713e-07 -0.15243694615469533 0.17737502513379336 -0.024946899983397754 0.23520474041346395 2.5199072017210637
27.779999999980607 4.2739107220536185 -1.9449076212396497 8.22473794069896e-07 -0.15259525689338438 0.17750539002788415 -0.02502680107631699 0.23541413867357838 2.5233252300783136
27.780499999980606 4.277271531582779 -1.9475433095870924 8.18754004073365e-07 -0.15274917211937641 0.17763616123843445 -0.02510403628022017 0.23562072913952323 2.5267217033050837
27.780999999980605 4.280614004081653 -1.9500762594780547 8.150910237350291e-07 -0.15289868047237773 0.17776731155228168 -0.02517860125240356 0.2358244802978431 2.530096002326804
27.781499999980603 4.283937471175221 -1.95250639877674 8.114853998070505e-07 -0.1530437698414055 0.17789880933989716 -0.025250492093147562 0.23602535711818823 2.533447379389364
27.781999999980602 4.287241264986639 -1.9548336418570949 8.07937726356853e-07 -0.15318442732482754 0.17803062320556065 -0.025319704768753674 0.23622332446939384 2.5367751999331465
27.7824999999806 4.290524855803182 -1.957057907516896 8.044484145829039e-07 -0.15332064266261278 0.178162728218737 -0.025386235235357074 0.23641835405112907 2.5400788523530236
27.7829999999806 4.293787528154821 -1.9591791642518177 8.010180348219303e-07 -0.15345240448062505 0.17829509004573185 -0.02545008082116533 0.23661041014525297 2.5433577214841634
27.7834999999806 4.297028729088921 -1.961197336595758 7.976470103385351e-07 -0.1535797023573443 0.1784276825642231 -0.02551123765719032 0.2367994639525421 2.546611152728424
27.783999999980598 4.300247827077438 -1.963112416688109 7.943358617406967e-07 -0.15370252710187338 0.17856047516149315 -0.02556970374091323 0.236985484527636 2.5498385656464415
27.784499999980596 4.303444257303502 -1.9649243431743835 7.910850066866953e-07 -0.15382086859867877 0.17869344101474394 -0.025625475700931523 0.23716844326984313 2.5530393952675663
27.784999999980595 4.306617378191086 -1.966633115331919 7.878949477680444e-07 -0.15393471794810792 0.178826548881781 -0.02567855154845225 0.23734830941963347 2.5562130391976527
27.785499999980594 4.309766671173577 -1.968238717508926 7.847660726922496e-07 -0.15404406734435974 0.17895977362924453 -0.025728929374101532 0.23752505776898905 2.5593589862104666
27.785999999980593 4.312891516669362 -1.9697411555253577 7.816988420404504e-07 -0.1541489084767912 0.1790930850005354 -0.025776607460162804 0.23769865917112462 2.5624766522638263
27.78649999998059 4.3159913254271185 -1.9711404226884812 7.786937553112894e-07 -0.15424923277065733 0.17922645438689935 -0.025821583925054063 0.23786908575692292 2.565565484426513
27.78699999998059 4.31906559177527 -1.9724365381620004 7.757510802464196e-07 -0.154345034422349 0.17935985673587862 -0.02586385749400869 0.23803631442202552 2.5686250099080725
27.78749999998059 4.322113755495441 -1.973629528659421 7.728712606092494e-07 -0.15443630674564768 0.17949326439995245 -0.025903427086972422 0.2382003197752621 2.5716547185888823
27.78799999998059 4.325135240236655 -1.9747194237331287 7.700547340144544e-07 -0.15452304266552247 0.17962664897709354 -0.02594029210237553 0.2383610758737832 2.5746540828380495
27.788499999980587 4.3281295367175945 -1.9757062764816187 7.673018422124189e-07 -0.1546052375597881 0.17975998484655387 -0.025974452016260054 0.23851856068343358 2.5776226735337096
27.788999999980586 4.331096081312527 -1.9765901254930853 7.646129592574628e-07 -0.15468288512149903 0.1798932440693072 -0.02600590634066665 0.23867274954608814 2.580559979429461
27.789499999980585 4.334034397857092 -1.9773710318796123 7.619884103920443e-07 -0.15475598144052982 0.18002640252011673 -0.026034654905640702 0.23882362247485592 2.5834655792878034
27.789999999980584 4.336943917480232 -1.9780490623427678 7.594286098511698e-07 -0.15482452113205966 0.18015943171314375 -0.026060697962550113 0.23897115549218437 2.586338997005153
27.790499999980582 4.339824221974478 -1.9786242987916425 7.56933781949007e-07 -0.15488850210338645 0.1802923099845077 -0.026084035937612344 0.2391153321185725 2.589179869348368
27.79099999998058 4.342674711805705 -1.979096824159949 7.545043733618245e-07 -0.15494791893863358 0.1804250072563762 -0.026104669729441365 0.2392561276301194 2.591987722080827
27.79149999998058 4.345494975623064 -1.9794667256775482 7.521405855795699e-07 -0.15500277001085344 0.1805575021060572 -0.0261225997469461 0.23939352642741935 2.594762218655734
27.79199999998058 4.34828447410719 -1.9797341122056173 7.498428193382102e-07 -0.15505305188553417 0.1806897669638887 -0.026137827525481966 0.23952750742291457 2.5975028887323677
27.792499999980578 4.351042817846412 -1.9798990835244656 7.476112378704156e-07 -0.15509876370505932 0.18082178133333734 -0.026150353967980294 0.23965805665583154 2.6002094462766787
27.792999999980577 4.353769459270551 -1.979961764316628 7.454462375215738e-07 -0.15513990254068258 0.18095351708471968 -0.026160181040186893 0.2397851533721756 2.602881468469983
27.793499999980575 4.356464016293019 -1.9799222757905448 7.433479840265222e-07 -0.15517646838994403 0.1810849538319871 -0.02616731030725607 0.23990878469748544 2.605518671708647
27.793999999980574 4.359125939445217 -1.9797807472208868 7.413168861362269e-07 -0.1552084584457055 0.18121606329200782 -0.026171743842330637 0.24002893022278343 2.608120598690741
27.794499999980573 4.361754866026308 -1.9795373218653765 7.393530693495165e-07 -0.15523587393938468 0.18134682573172117 -0.026173483781656293 0.24014557879329032 2.610687041155579
27.794999999980572 4.364350355270521 -1.9791921453807455 7.374568028137681e-07 -0.15525871457629772 0.18147721779031858 -0.026172532588102947 0.24025871574382962 2.6132176519836046
27.79549999998057 4.36691198504776 -1.9787453819913212 7.35628296590321e-07 -0.1552769812736044 0.1816072167129227 -0.026168893081207484 0.2403683278652856 2.615712133978283
27.79599999998057 4.369439308142059 -1.9781971874285849 7.338678046682131e-07 -0.1552906740182839 0.18173679874736112 -0.026162568073147402 0.24047440076684634 2.618170153096986
27.79649999998057 4.371931994206343 -1.9775477257957346 7.321754716471101e-07 -0.1552997951896992 0.1818659454810618 -0.02615356034316934 0.2405769258060857 2.620591524894874
27.796999999980567 4.374389556256559 -1.976797174993048 7.305515913681531e-07 -0.1553043449885545 0.18199463100027552 -0.02614187326814644 0.24067588749855734 2.6229758987655973
27.797499999980566 4.376811679768915 -1.9759457290028308 7.28996235742269e-07 -0.15530432726659124 0.18212283730794326 -0.026127510532232345 0.24077127890061129 2.625323092168043
27.797999999980565 4.379197929978365 -1.974993580684736 7.275096862498468e-07 -0.1552997435620683 0.1822505407996678 -0.02611047590628497 0.2408630875087925 2.6276327901980183
27.798499999980564 4.381547941326402 -1.9739409256556333 7.260920662499909e-07 -0.15529059689750113 0.18237772106811484 -0.026090773201309276 0.24095130436049406 2.6299048093227118
27.798999999980563 4.383861392449376 -1.9727879637761614 7.24743496035983e-07 -0.15527689113687282 0.18250435973173704 -0.02606840624516778 0.24103592273017446 2.632138931465328
27.79949999998056 4.386137869625429 -1.971534913660853 7.234642158443297e-07 -0.1552586291777378 0.1826304338977295 -0.02604337954761057 0.24111693208500343 2.6343349318037976
27.79999999998056 4.388377057935917 -1.9701819836046695 7.222542957253473e-07 -0.15523581536832895 0.18275592541759283 -0.02601569724771765 0.24119432653276812 2.6364925876590233
27.80049999998056 4.3905786433421055 -1.968729413324767 7.211138241764523e-07 -0.15520845518627044 0.1828808158178165 -0.025985364384954236 0.24126810091207146 2.6386117808693195
27.800999999980558 4.392742267509426 -1.9671774204533463 7.200429966428342e-07 -0.1551765524193297 0.18300508482369915 -0.02595238536953575 0.24133824769076118 2.6406922940686908
27.801499999980557 4.394867558746649 -1.9655262438804868 7.190419593966909e-07 -0.15514011158815108 0.18312871126139837 -0.025916765199615867 0.2414047593363822 2.6427339096485674
27.801999999980556 4.396954274185406 -1.9637761440697195 7.181107283101387e-07 -0.1550991400106066 0.18325167983607393 -0.025878509657618454 0.2414676348020002 2.6447365483927303
27.802499999980554 4.399002097481777 -1.9619273528499528 7.172493991213525e-07 -0.15505364296320936 0.1833739720502589 -0.025837623366327632 0.24152686931865727 2.6467000537788135
27.802999999980553 4.401010749397781 -1.959980140692952 7.164580432745276e-07 -0.155003627599154 0.1834955707413943 -0.025794112236746908 0.24158246061477467 2.648624289819776
27.803499999980552 4.402979891429392 -1.9579347645740866 7.15736796875488e-07 -0.15494909953171215 0.18361645615721772 -0.025747981886491668 0.24163440357004423 2.650509087272301
27.80399999998055 4.404909224034643 -1.9557915010979148 7.150857454157536e-07 -0.15489006574003014 0.18373661014874737 -0.025699238531302057 0.24168269535693362 2.652354337054175
27.80449999998055 4.406798532468644 -1.9535506025489224 7.145048586149387e-07 -0.15482653406364769 0.18385601876840946 -0.02564788726223676 0.24172733690782264 2.6541599459811964
27.80499999998055 4.408647550129484 -1.9512123695034012 7.139942094533631e-07 -0.15475851285776088 0.18397466517377098 -0.02559393499289593 0.24176832761171896 2.6559258348312147
27.805499999980547 4.4104559833072265 -1.9487770863996285 7.135538795238832e-07 -0.15468600953463219 0.18409253141042 -0.02553738809606137 0.2418056654787345 2.657651879202046
27.805999999980546 4.41222359036402 -1.9462450348326656 7.131838780710476e-07 -0.15460903246394025 0.18420960196555197 -0.025478252623677353 0.24183935108352145 2.6593379947243694
27.806499999980545 4.41395015939412 -1.943616512473699 7.128842073942578e-07 -0.1545275908555478 0.18432586260309602 -0.02541653536683485 0.24186938671532737 2.660984142374274
27.806999999980544 4.415635424566327 -1.9408918252050464 7.126549328713766e-07 -0.1544416934234869 0.18444129647314197 -0.025352243212701825 0.24189577248915237 2.6625902068293468
27.807499999980543 4.4172791789244386 -1.9380712846484085 7.124959973619792e-07 -0.15435135021540716 0.18455588934178122 -0.025285383184013646 0.24191851150091317 2.6641561864228605
27.80799999998054 4.418881214423226 -1.9351551987234972 7.124074298984227e-07 -0.15425657095629922 0.18466962705313325 -0.025215962166077015 0.24193760680617665 2.6656819761404074
27.80849999998054 4.4204413003680685 -1.9321438816637557 7.12389226475766e-07 -0.15415736519668377 0.18478249433205643 -0.025143987467737192 0.2419530606579258 2.667167594942221
27.80899999998054 4.421959240770892 -1.929037668511341 7.124413718631545e-07 -0.15405374398055902 0.18489447724860436 -0.025069466693383925 0.24196487743421147 2.668612962107667
27.809499999980538 4.423434832790419 -1.9258368572157323 7.125638639724362e-07 -0.15394571675836677 0.185005562030997 -0.02499240652295367 0.2419730606378754 2.670018040817317
27.809999999980537 4.424867917130265 -1.9225418047546716 7.127566303753958e-07 -0.15383329598579015 0.1851157362360364 -0.024912815260677016 0.2419776169819724 2.6713828586891095
27.810499999980536 4.426258303429291 -1.919152843302954 7.130196479810558e-07 -0.1537164925463947 0.18522498631133533 -0.02483070065408438 0.24197855138373922 2.6727073926705933
27.810999999980535 4.427605801529565 -1.9156703116374234 7.133528977049639e-07 -0.15359531773370114 0.1853332985881731 -0.02474607039729004 0.2419758690353176 2.6739915836969086
27.811499999980533 4.428910279553129 -1.9120945547132089 7.13756293604195e-07 -0.15346978392357055 0.18544066209719917 -0.024658932526782182 0.24196957802574157 2.6752355036573263
27.811999999980532 4.430171566461486 -1.9084259297992228 7.14229790589156e-07 -0.15333990333982872 0.18554706391023365 -0.024569295393882647 0.2419596849851814 2.6764391378211414
27.81249999998053 4.43138950969079 -1.9046647716850629 7.147733200242214e-07 -0.15320568775010177 0.18565249219537672 -0.0244771666138677 0.24194619712402823 2.6776024869668724
27.81299999998053 4.432563980094805 -1.9008114522743382 7.153868250985393e-07 -0.15306715042789912 0.185756935879987 -0.02438255511056923 0.24192912342535086 2.6787255833670027
27.81349999998053 4.43369483055214 -1.8968663373266381 7.16070201211757e-07 -0.15292430456750913 0.18586038299084945 -0.024285469215832155 0.24190847217076683 2.679808435523184
27.813999999980528 4.434781981865553 -1.8928297816640964 7.168233371800342e-07 -0.15277716370025013 0.18596282500596711 -0.0241859172826858 0.2418842546080623 2.6808511294302573
27.814499999980526 4.435825205615381 -1.8887021696434279 7.176462803941934e-07 -0.1526257399934347 0.18606424603484717 -0.024083908506205367 0.24185647564205295 2.681853602524109
27.814999999980525 4.436824505081914 -1.8844838645789952 7.185387684692015e-07 -0.15247004891733237 0.18616464127619922 -0.02397945131661416 0.24182515080899988 2.6828160055530903
27.815499999980524 4.43777971378442 -1.88017524349354 7.195007751044047e-07 -0.152310103589506 0.1862639977989768 -0.023872554436029193 0.2417902880324279 2.6837383291969052
27.815999999980523 4.438690734931934 -1.8757766993671257 7.205322291748711e-07 -0.1521459184580346 0.18636230589818126 -0.02376322755176742 0.24175189874498043 2.68462062939545
27.816499999980522 4.439557495476922 -1.8712886059760383 7.216329594871785e-07 -0.1519775083218965 0.18645955703068273 -0.023651479079484745 0.24170999546245053 2.6854629706338597
27.81699999998052 4.440379892023267 -1.8667113659237955 7.22802889375997e-07 -0.1518048879446319 0.18655574106026815 -0.023537318924370804 0.24166458968697835 2.6862654249893874
27.81749999998052 4.441157895030489 -1.8620453515006394 7.240418292627745e-07 -0.15162807261538677 0.18665085157197814 -0.02342075562229351 0.24161569607854705 2.687028070066847
27.81799999998052 4.441891376620916 -1.857290964872909 7.253497187036822e-07 -0.15144707687385817 0.18674487725373526 -0.023301798832451825 0.24156332524407964 2.687750973141356
27.818499999980517 4.442580332580971 -1.852448618505735 7.267263538265354e-07 -0.1512619177517914 0.18683781247288372 -0.023180458429865283 0.24150749384774975 2.688434221735306
27.818999999980516 4.443224659157882 -1.8475186896950855 7.281716352482004e-07 -0.15107260947944046 0.18692964728752903 -0.02305674309896409 0.24144821343778702 2.6890778620888804
27.819499999980515 4.443824347210405 -1.8425016008905133 7.296853750225871e-07 -0.1508791692219495 0.18702037579101197 -0.022930663207444347 0.2413855007684808 2.6896820381844018
27.819999999980514 4.444379307993957 -1.8373977643328576 7.312675027917932e-07 -0.15068161251597298 0.1871099884252329 -0.022802228635864754 0.2413193687826712 2.6902467967060426
27.820499999980512 4.444889521591032 -1.8322075688991446 7.329178068834192e-07 -0.1504799553994604 0.18719847909680315 -0.022671448485557653 0.2412498334291925 2.6907722312995626
27.82099999998051 4.445354976807922 -1.826931445607958 7.346361234707172e-07 -0.1502742154058037 0.18728584168854293 -0.02253833318091876 0.24117691177927866 2.6912584681427894
27.82149999998051 4.445775624112827 -1.8215698086187095 7.364223213241356e-07 -0.15006440888842978 0.18737206847414745 -0.02240289259347371 0.24110061894542942 2.6917055838372486
27.82199999998051 4.446151476227705 -1.816123081949979 7.382761916106957e-07 -0.14985055358400223 0.18745715454415085 -0.022265136913160906 0.24102097319732027 2.692113682790674
27.822499999980508 4.446482523642496 -1.810591664616288 7.401975716485192e-07 -0.14963266580736645 0.18754109430261678 -0.022125075756072966 0.24093799141284045 2.6924829364960376
27.822999999980507 4.446768754233224 -1.8049760040894083 7.421862885451001e-07 -0.14941076379506263 0.18762388139743044 -0.021982719900421922 0.240851691259749 2.6928134006934545
27.823499999980505 4.447010111101436 -1.7992765193867108 7.442422187639024e-07 -0.14918486393987637 0.18770550771395214 -0.02183807938494528 0.24076208789204157 2.6931051457759816
27.823999999980504 4.447206710500156 -1.7934936305580493 7.463650678929066e-07 -0.1489549855037441 0.1877859733511061 -0.021691164294405523 0.24066920472359948 2.6933583935146816
27.824499999980503 4.447358515288805 -1.7876278013439106 7.485547289656855e-07 -0.14872114669643285 0.18786527066252967 -0.021541986064541663 0.24057305867326945 2.6935732066327986
27.824999999980502 4.447465547067404 -1.7816794252480266 7.508109567417778e-07 -0.1484833643799683 0.18794339554896103 -0.021390553982483795 0.2404736684706773 2.693749730459775
27.8254999999805 4.447527827093841 -1.7756489757969696 7.531336080474627e-07 -0.14824165815694654 0.1880203430205011 -0.021236879594193972 0.24037105411751677 2.6938880561503638
27.8259999999805 4.4475454159060055 -1.769536872826614 7.555224260688534e-07 -0.14799604637481167 0.18809611054861922 -0.021080973035238555 0.24026523670769817 2.6939883523347015
27.8264999999805 4.447518362802374 -1.7633435521973182 7.579772353546083e-07 -0.1477465476577744 0.18817069495642705 -0.02092284486936169 0.2401562371095181 2.694050761406068
27.826999999980497 4.447446654973731 -1.7570694617893428 7.604978177210837e-07 -0.14749318038427167 0.18824408985653537 -0.020762505860586516 0.24004407361023009 2.694075355419903
27.827499999980496 4.447330399802706 -1.750715030145401 7.63083930741945e-07 -0.14723596398739844 0.1883162948725603 -0.020599966213822443 0.239928769875224 2.6940623258018013
27.827999999980495 4.447169612040732 -1.744280711891143 7.657353998914079e-07 -0.1469749172621202 0.18838730496247552 -0.020435237081638212 0.23981034566885268 2.6940117767400307
27.828499999980494 4.446964406592183 -1.7377669478223645 7.684519503190203e-07 -0.14671006022278976 0.18845711997108452 -0.02026832908851299 0.2396888253599041 2.6939238559125953
27.828999999980493 4.446714811577764 -1.7311741943613381 7.712334475853924e-07 -0.14644141166555405 0.1885257355720693 -0.02009925369022041 0.23956422943021755 2.693798712205929
27.82949999998049 4.446420953159481 -1.7245028879986635 7.740795406530662e-07 -0.14616899212752144 0.188593152056483 -0.019928020890505393 0.23943658300014967 2.6936365010142946
27.82999999998049 4.446082867190901 -1.7177534940047603 7.769900643206433e-07 -0.14589282099848427 0.1886593653321258 -0.019754642275643268 0.23930590723560277 2.693437349135843
27.83049999998049 4.445700668190387 -1.7109264556801382 7.799647814618266e-07 -0.14561291827070538 0.18872437525395988 -0.01957912858971317 0.23917222677108876 2.693201407225809
27.830999999980488 4.445274445313775 -1.7040222348486118 7.830034395620507e-07 -0.14532930425456375 0.18878818024828994 -0.01940149117833275 0.23903556542179932 2.692928822976402
27.831499999980487 4.444804312294538 -1.6970412683996234 7.861057882424897e-07 -0.14504199874058063 0.1888507802221424 -0.019221740601774583 0.2388959478537391 2.692619765787093
27.831999999980486 4.444290371263934 -1.6899840366059038 7.892715939665772e-07 -0.14475102294126507 0.18891217401747434 -0.01903988862192516 0.23875339891462588 2.6922743787374515
27.832499999980485 4.443732697190692 -1.6828509937137377 7.925006886137285e-07 -0.14445639631769164 0.18897235959578704 -0.018855946632734013 0.23860794171969624 2.6918927751739625
27.832999999980483 4.443131452603526 -1.675642583531711 7.957927086824157e-07 -0.14415814023504758 0.1890313389526759 -0.018669924858171084 0.23845960369940825 2.6914751441096882
27.833499999980482 4.4424867706428905 -1.6683592869467099 7.991474131174785e-07 -0.14385627618914357 0.18908911250012655 -0.018481835382092932 0.23830841131647756 2.6910216592643765
27.83399999998048 4.441798755445269 -1.661001552131351 8.025645889243801e-07 -0.1435508240191307 0.18914567961583548 -0.01829168928890078 0.2381543891910233 2.6905324419777417
27.83449999998048 4.441067539585846 -1.6535698293712149 8.06043971386894e-07 -0.14324180447699958 0.1892010409423228 -0.018099497305591003 0.2379975635299668 2.690007653845296
27.83499999998048 4.440293300787161 -1.6460645887516967 8.09585238174275e-07 -0.1429292395826997 0.1892551990831005 -0.0179052710495042 0.23783796298957194 2.689447477404199
27.835499999980478 4.439476132261505 -1.6384863286004527 8.131882350552648e-07 -0.1426131506819038 0.1893081524135823 -0.017709023157703837 0.2376756125875425 2.6888520315873397
27.835999999980476 4.438616242082078 -1.6308354733227994 8.168525954156051e-07 -0.14229355893609663 0.1893599054123459 -0.017510763511184586 0.23751054193702145 2.688221517229416
27.836499999980475 4.437713741523127 -1.6231124985858472 8.2057811070309e-07 -0.14197048525751865 0.18941045755966182 -0.0173105040669231 0.23734277673497195 2.6875560468067112
27.836999999980474 4.436768851194771 -1.6153178613660275 8.243644532317497e-07 -0.14164395196277854 0.18945981364353848 -0.017108255849955473 0.2371723477383183 2.68685583200249
27.837499999980473 4.435781692393767 -1.6074520615715393 8.282114098413146e-07 -0.14131398093924868 0.18950797336943934 -0.016904031615412565 0.2369992815692599 2.686121000272693
27.83799999998047 4.434752488941457 -1.5995155376430623 8.321186510893264e-07 -0.14098059392533868 0.18955494190601432 -0.016697841794050435 0.2368236090112488 2.685351736667478
27.83849999998047 4.433681381614478 -1.5915087755650081 8.360859112100436e-07 -0.14064381291558242 0.1896007199449717 -0.016489698415778756 0.23664535759006192 2.684548187572854
27.83899999998047 4.432568558512799 -1.5834322385516495 8.401129328852592e-07 -0.14030365947872842 0.18964531082859887 -0.01627961320165136 0.23646455672762937 2.683710506454541
27.839499999980468 4.431414226826922 -1.5752863758786813 8.441994114458922e-07 -0.13996015547866136 0.18968871882597493 -0.016067596882681667 0.23628123675195878 2.6828388681347626
27.839999999980467 4.430218591231545 -1.5670716878329827 8.483450585574993e-07 -0.13961332423860448 0.1897309475934477 -0.01585366213085288 0.23609542855087334 2.6819334471185723
27.840499999980466 4.42898185309863 -1.558788632675776 8.525495849872349e-07 -0.1392631876127083 0.18977200110823905 -0.015637820249255377 0.23590716235592743 2.680994394051172
27.840999999980465 4.427704228213096 -1.5504376762131746 8.568126932779521e-07 -0.13890976799007249 0.18981188392110052 -0.015420082702787738 0.23571646924068312 2.6800218843349586
27.841499999980464 4.426385915715858 -1.542019296557156 8.61134121803563e-07 -0.138553087760527 0.18985059974480328 -0.015200461519760858 0.2355233796926571 2.6790160673948034
27.841999999980462 4.4250271513850885 -1.5335339676845627 8.655135473611068e-07 -0.1381931698832513 0.18988815399899237 -0.014978968506260685 0.23532792594385765 2.6779771260219594
27.84249999998046 4.423628151551477 -1.5249821501799556 8.699506586885333e-07 -0.13783003671570593 0.18992455131289265 -0.014755614815723319 0.2351301392443054 2.6769052081724207
27.84299999998046 4.422189164008889 -1.5163643237150346 8.744451693236715e-07 -0.13746371125169243 0.1899597977606806 -0.01453041280925509 0.23493005251090102 2.675800495183049
27.84349999998046 4.4207103955739555 -1.5076809686548227 8.789968024455319e-07 -0.13709421630514546 0.1899938973330451 -0.014303374304401017 0.23472769688431208 2.674663138447714
27.843999999980458 4.419192122771182 -1.4989325539804037 8.836052168525505e-07 -0.1367215751880375 0.19002685752686127 -0.014074511091585421 0.23452310667799747 2.6734932973773207
27.844499999980457 4.417634579324219 -1.490119538340751 8.882701244358582e-07 -0.13634581009485053 0.1900586839451862 -0.013843834691421314 0.23431631405508374 2.672291171029977
27.844999999980455 4.416038028206185 -1.4812424054001905 8.929911879762986e-07 -0.1359669448877149 0.19008938321282504 -0.01361135702728586 0.23410735305080743 2.6710569001173434
27.845499999980454 4.414402747336025 -1.4723016362344301 8.977680840498882e-07 -0.1355850033255918 0.19011896278233306 -0.013377090218001774 0.23389625836881497 2.6697906718314814
27.845999999980453 4.412728965548187 -1.463297685578108 9.026005494167904e-07 -0.13520000721428901 0.19014742813139968 -0.013141045847269894 0.23368306199142816 2.6684926192374205
27.846499999980452 4.411016983460881 -1.4542310459042087 9.074882329957638e-07 -0.1348119811386475 0.1901747876549608 -0.012903236342498646 0.23346779997731348 2.6671629530353798
27.84699999998045 4.409267046702464 -1.4451021589730304 9.124308465087058e-07 -0.13442094689620426 0.19020104774911584 -0.012663672667255042 0.23325050511147233 2.665801810810678
27.84749999998045 4.407479479491301 -1.4359115469825894 9.174280199331262e-07 -0.13402693045177358 0.19022621759536987 -0.012422368229203114 0.23303121503220867 2.6644093695065605
27.84799999998045 4.405654553064242 -1.4266596293297815 9.224794274741141e-07 -0.13362995328750893 0.1902503050778126 -0.012179333274715369 0.23280996361161002 2.6629858017392256
27.848499999980447 4.403792548086316 -1.4173469150817983 9.275847778518882e-07 -0.1332300400558223 0.19027331749250634 -0.011934580887665384 0.23258678626234203 2.66153125574786
27.848999999980446 4.401893781978206 -1.4079738727855542 9.327437388079708e-07 -0.13282721431541156 0.19029526449295084 -0.0116881233113801 0.2323617196910378 2.6600459472876974
27.849499999980445 4.3999585579811455 -1.3985409605236632 9.379559357197563e-07 -0.13242149977193127 0.1903161548907346 -0.011439971545885521 0.23213479998313988 2.6585299768741315
27.849999999980444 4.39798716068615 -1.3890486570249916 9.432210978921886e-07 -0.13201291960797623 0.190335996740143 -0.011190138360998117 0.231906062436979 2.6569835809313975
27.850499999980443 4.395979934455266 -1.3794974365103547 9.485388378895774e-07 -0.1316014985252641 0.19035480071850683 -0.01093863552620534 0.23167554535999846 2.655406884882141
27.85099999998044 4.393937183703195 -1.3698877765813402 9.53908850358844e-07 -0.131187260366332 0.1903725757063265 -0.010685475277874175 0.2314432851594508 2.6538000748362114
27.85149999998044 4.391859251097424 -1.3602201475598767 9.59330784567901e-07 -0.13077022915916744 0.19038933252696608 -0.010430669902386473 0.2312093199873599 2.6521633282411994
27.85199999998044 4.38974645264392 -1.3504950236182633 9.648042887950522e-07 -0.1303504290495527 0.19040508056623973 -0.010174231290725776 0.23097368690220083 2.6504967971015416
27.852499999980438 4.387599098991972 -1.3407128702658664 9.70329064173349e-07 -0.12992788323480414 0.1904198292413044 -0.009916171725054324 0.23073642250811896 2.6488006602464784
27.852999999980437 4.3854175997715465 -1.330874165146574 9.75904680266774e-07 -0.12950261753026948 0.1904335923647355 -0.009656503150449778 0.23049756853646886 2.647075113319394
27.853499999980436 4.383202226619898 -1.3209793769041887 9.81530870277587e-07 -0.12907465466298434 0.19044637744506654 -0.009395237877241452 0.23025715983023715 2.645320281921321
27.853999999980434 4.380953392712082 -1.3110289868155023 9.872072199689696e-07 -0.12864402024217797 0.19045819852788382 -0.009132388461360899 0.23001523829860904 2.643536378382044
27.854499999980433 4.378671436838745 -1.3010234522413564 9.929334003260792e-07 -0.12821073802585456 0.19046906639082986 -0.008867966396604513 0.2297718421063381 2.6417235713163976
27.854999999980432 4.376356720125003 -1.2909632487510159 9.987090555409061e-07 -0.12777483241701357 0.19047899269657326 -0.008601984255396518 0.22952701059140557 2.639882023720677
27.85549999998043 4.374009612111091 -1.2808488342082691 1.0045338171570971e-06 -0.1273363274251021 0.19048798975541298 -0.00833445395762714 0.22928078342055389 2.638011908345274
27.85599999998043 4.3716304740049825 -1.2706807057101832 1.0104073092025417e-06 -0.12689524847125916 0.19049606894994414 -0.008065388455980574 0.22903320034639155 2.636113411364952
27.85649999998043 4.369219720024874 -1.2604593138275875 1.0163291913978777e-06 -0.12645161989320552 0.1905032448273808 -0.007794799417044264 0.22878430313578918 2.6341867165625352
27.856999999980427 4.366777713776958 -1.2501851450507155 1.0222990990590282e-06 -0.12600546648501018 0.19050952911137353 -0.007522699845266593 0.22853413154123015 2.632231991411369
27.857499999980426 4.364304848228632 -1.2398586415005874 1.028316609338999e-06 -0.1255568123531615 0.19051493530540853 -0.0072491008816849695 0.22828272638617195 2.630249415774358
27.857999999980425 4.361801515145578 -1.2294802959968731 1.0343813883590768e-06 -0.1251056826323558 0.1905194765233975 -0.006974016033242659 0.2280301288454863 2.628239164086022
27.858499999980424 4.359268121916979 -1.2190505633017623 1.0404930586800741e-06 -0.12465210198660684 0.19052316685624077 -0.0066974568279737825 0.2277763806161055 2.6262014305696484
27.858999999980423 4.356705064315344 -1.2085699372678025 1.0466512400365967e-06 -0.1241960958479261 0.19052601953758597 -0.006419436665133438 0.2275215231836353 2.6241363844871333
27.85949999998042 4.354112762763228 -1.1980388693176762 1.0528555660833356e-06 -0.12373768863937766 0.19052804940798362 -0.0061399673732130955 0.2272655988053862 2.6220442125264904
27.85999999998042 4.351491645617975 -1.1874578081718723 1.0591056039068562e-06 -0.12327690489369872 0.19052927171290363 -0.005859060782381705 0.22700865017190675 2.619925118235073
27.86049999998042 4.34884210279248 -1.1768272582627883 1.0654010101913063e-06 -0.12281377038854918 0.19052969930363037 -0.0055767304327452175 0.22675071871132535 2.6177792541340965
27.860999999980418 4.346164565086557 -1.1661476774966646 1.071741400880172e-06 -0.12234830988363599 0.19052934746237538 -0.005292988474379667 0.22649184732084887 2.6156068314001097
27.861499999980417 4.343459501538184 -1.1554195118220405 1.0781263278074708e-06 -0.12188054818518512 0.1905282334862201 -0.005007846977132613 0.22623208064429592 2.613408021353669
27.861999999980416 4.340727318864045 -1.1446432661278518 1.0845554403784205e-06 -0.12141051153341623 0.19052637097450847 -0.004721319252602101 0.22597146103658047 2.6111830253697823
27.862499999980415 4.337968454281074 -1.1338193692628709 1.0910283182308947e-06 -0.12093822353794872 0.19052377591601882 -0.004433416938393829 0.2257100314287379 2.6089320451426
27.862999999980413 4.3351833810722065 -1.1229483167380836 1.0975445635698923e-06 -0.12046371082739063 0.19052046528252634 -0.004144153502015613 0.2254478372618016 2.606655263564945
27.863499999980412 4.332372506403443 -1.1120305564896584 1.1041037854015938e-06 -0.11998699737553879 0.1905164534044095 -0.0038535409517541945 0.22518492030964005 2.6043528477964095
27.86399999998041 4.329536339969175 -1.1010665685900318 1.1107055355437923e-06 -0.11950811001003045 0.19051175908300233 -0.0035615920954227384 0.2249213276799771 2.602025038164597
27.86449999998041 4.326675306276394 -1.0900568146707066 1.1173494325822674e-06 -0.11902707310148292 0.19050639742142594 -0.003268319805453598 0.2246571020554364 2.5996720188699975
27.86499999998041 4.3237898868063365 -1.0790017490669674 1.1240350492700323e-06 -0.11854391208313704 0.19050038623485505 -0.002973736164749668 0.2243922889815535 2.597293967569226
27.865499999980408 4.32088054873017 -1.0679018673214034 1.1307619753372032e-06 -0.11805865334799064 0.1904937422122992 -0.0026778548733374587 0.22412693358699567 2.5948911173360525
27.865999999980406 4.317947755837785 -1.056757608284633 1.1375297820372664e-06 -0.11757132123768718 0.19048648256879566 -0.0023806879475443067 0.22386108034696678 2.5924636503697136
27.866499999980405 4.314992013206536 -1.0455694455927025 1.1443380301754994e-06 -0.11708194200181796 0.19047862605617508 -0.0020822483751068766 0.22359477606925632 2.590011779860879
27.866999999980404 4.312013784856457 -1.034337849257823 1.1511863381434707e-06 -0.11659054115114975 0.19047018954222314 -0.001782548901212878 0.22332806556891494 2.5875357172296822
27.867499999980403 4.3090135730996355 -1.0230632792797987 1.1580742137186475e-06 -0.1160971442138383 0.19046119182739316 -0.001481602527968037 0.22306099531960022 2.585035671373423
27.867999999980402 4.3059918623154 -1.0117462056491635 1.1650012501710803e-06 -0.11560177708535481 0.19045165077665627 -0.0011794219569167322 0.22279361118532542 2.5825118258043807
27.8684999999804 4.302949162566289 -1.0003870928499972 1.1719670088991284e-06 -0.11510446551516382 0.1904415855152083 -0.0008760202296638766 0.2225259600283093 2.5799644471784777
27.8689999999804 4.299885946764465 -0.9889864026566078 1.1789710675930283e-06 -0.11460523477288878 0.190431013507807 -0.0005714100893259733 0.22225808703498218 2.577393713565379
27.8694999999804 4.296802759947368 -0.9775446058240123 1.1860129390468155e-06 -0.1141041113730625 0.19041995547560367 -0.0002656048433097671 0.2219900408160238 2.5747998451249607
27.869999999980397 4.293700102655075 -0.9660621561472267 1.1930922064825292e-06 -0.11360112072652664 0.1904084302676734 4.138308128178022e-05 0.22172186779810812 2.572183077980728
27.870499999980396 4.290578501158786 -0.9545395380663901 1.2002083683436974e-06 -0.11309628958329 0.19039645760943513 0.0003495399056970467 0.22145361583382306 2.5695436250199277
27.870999999980395 4.2874384384729805 -0.9429772104395708 1.2073610278303136e-06 -0.11258964304665109 0.19038405547447343 0.0006588527836020727 0.22118533040703703 2.5668817213248465
27.871499999980394 4.28428047875269 -0.9313756072850947 1.2145496861699826e-06 -0.11208120666160168 0.19037124597767036 0.0009693095664284617 0.22091706077812756 2.5641975808959656
27.871999999980392 4.281105123841734 -0.9197352406150285 1.2217739004646315e-06 -0.11157100790450653 0.19035804735935422 0.0012808959417823767 0.2206488538236881 2.561491429653271
27.87249999998039 4.277912908759988 -0.9080565548914404 1.2290331991248152e-06 -0.11105907175645355 0.19034448034900275 0.0015935987766351315 0.22038075727204018 2.5587635231261543
27.87299999998039 4.2747043749331395 -0.8963400229997919 1.2363271107307364e-06 -0.11054542498928038 0.1903305655046526 0.0019074050508849174 0.22011281958443404 2.556014081961886
27.87349999998039 4.2714800742437005 -0.8845860938145355 1.2436551406467899e-06 -0.11003009340168689 0.19031632418343308 0.0022223020366563075 0.21984508939482741 2.5532433502850878
27.873999999980388 4.2682405510634185 -0.8727952382951548 1.2510168227517754e-06 -0.10951310332721709 0.19030177725066655 0.002538276187751733 0.21957761514126467 2.5504515742631986
27.874499999980387 4.264986347525391 -0.86096793414667 1.2584116627357708e-06 -0.10899448138052499 0.1902869452832919 0.0028553137997437772 0.2193104451081871 2.5476389883013333
27.874999999980385 4.261718008859072 -0.8491046332447216 1.265839195428145e-06 -0.10847425324231057 0.19027184939761072 0.00317340194069791 0.2190436275483521 2.5448058435381427
27.875499999980384 4.2584360820440175 -0.837205819803284 1.2732989273651362e-06 -0.10795244579262889 0.19025651035090801 0.003492526636806031 0.21877721093803268 2.5419523829190735
27.875999999980383 4.255141140622332 -0.82527193502816 1.2807903426753794e-06 -0.10742908488737786 0.1902409506575057 0.0038126753858809216 0.21851124474591477 2.539078864757749
27.876499999980382 4.251833762617472 -0.8133034754700372 1.2883129614369554e-06 -0.10690419803165876 0.19022519257554607 0.004133833498434764 0.21824577894334746 2.5361855557221737
27.87699999998038 4.2485145015839185 -0.8013008776693529 1.2958662609278418e-06 -0.10637781063849755 0.19020925767266747 0.004455988587176606 0.21798086185469653 2.533272703664108
27.87749999998038 4.245183921600838 -0.7892646287433831 1.303449740813388e-06 -0.10584994978150133 0.19019316758675148 0.004779126357637936 0.21771654258271408 2.5303405676304513
27.87799999998038 4.24184261082037 -0.777195193087785 1.3110628766375448e-06 -0.10532064229662019 0.1901769453021716 0.005103233467928232 0.217452871238956 2.527389416983008
27.878499999980377 4.2384910886175415 -0.7650930462119947 1.3187052217503824e-06 -0.10478991379226006 0.1901606105369482 0.005428295552210794 0.21718989438962472 2.5244194872651313
27.878999999980376 4.235130032222582 -0.7529586096469785 1.3263761611744438e-06 -0.10425779136174557 0.19014419083663914 0.0057543010692151795 0.21692766616857492 2.5214311201227737
27.879499999980375 4.231759936223563 -0.7407924304892686 1.3340752316178255e-06 -0.10372430282211943 0.1901277040301372 0.006081233386210628 0.21666623233721435 2.5184245285705664
27.879999999980374 4.228381433005058 -0.7285949252456556 1.3418018711240525e-06 -0.103189473674696 0.19011117574726452 0.006409080186632525 0.21640564440445345 2.515400020952242
27.880499999980373 4.224995093400115 -0.7163665684969822 1.3495555707206122e-06 -0.10265333089694406 0.19009462803896443 0.00673782789190704 0.21614595133430256 2.5123578385274894
27.88099999998037 4.221601509180029 -0.704107859969969 1.3573358088664664e-06 -0.10211590220826064 0.19007808377649354 0.007067461493191313 0.2158872030202543 2.5092983179057873
27.88149999998037 4.218201260937311 -0.6918192087240665 1.3651420107776688e-06 -0.1015772122579781 0.19006156622589596 0.007397969033935842 0.21562944824900435 2.506221692551637
27.88199999998037 4.214794985240599 -0.6795011615591149 1.372973623309743e-06 -0.10103729120438867 0.19004509983441703 0.007729334147978311 0.21537273920198227 2.503128305432864
27.882499999980368 4.211383244621182 -0.6671541358992108 1.380830160747992e-06 -0.10049616345588513 0.19002870698394653 0.00806154451277896 0.21511712355661997 2.500018407841125
27.882999999980367 4.207966639823488 -0.6547786329939453 1.3887110087456e-06 -0.09995385719622377 0.19001241088873141 0.008394585178705106 0.2148626512925728 2.496892306051386
27.883499999980366 4.204545787057631 -0.6423751115036967 1.3966156456885844e-06 -0.09941039899615461 0.18999623606756164 0.008728442340096508 0.21460937270794966 2.49375030754864
27.883999999980364 4.201121299955927 -0.6299440553610679 1.4045434757086135e-06 -0.09886581659832264 0.18998020653692999 0.009063101648460416 0.21435733805717516 2.4905927125197085
27.884499999980363 4.19769377646554 -0.6174859532958752 1.412493970476302e-06 -0.09832013748020119 0.1899643455786589 0.009398548502346867 0.21410659667372411 2.4874198404033296
27.884999999980362 4.194263841174577 -0.6050012444841318 1.420466527456635e-06 -0.0977733876883177 0.18994867827902745 0.009734769533125034 0.2138571987515562 2.4842319867313165
27.88549999998036 4.19083207671762 -0.5924904338442236 1.4284605913711519e-06 -0.09722559506846548 0.18993322701545876 0.010071749567142315 0.2136091926867059 2.481029468306721
27.88599999998036 4.187399101312888 -0.5799540037310625 1.436475593511231e-06 -0.09667678719181921 0.18991801609131453 0.01040947413004042 0.2133626283336824 2.4778125894022933
27.88649999998036 4.183965533530806 -0.5673923938130048 1.4445109534619118e-06 -0.09612699002391722 0.18990307032679724 0.01074792988588666 0.21311755518359984 2.4745816695195155
27.886999999980358 4.180532001848531 -0.554806139540457 1.4525660702632102e-06 -0.09557623315672355 0.18988841394234376 0.01108710060549517 0.2128740235298888 2.4713370730974527
27.887499999980356 4.177099135321097 -0.5421956908731311 1.460640347477732e-06 -0.095024543237252 0.18987407208853266 0.011426972840417491 0.2126320831324034 2.468079079491674
27.887999999980355 4.173667507127277 -0.5295615354235612 1.4687332053695004e-06 -0.09447194710441838 0.18986006691588886 0.01176753151210642 0.21239178090711097 2.4648080355435544
27.888499999980354 4.170237765843726 -0.516904162049322 1.4768440365498172e-06 -0.09391847302510524 0.18984642410761388 0.012108761909829274 0.2121531673975299 2.4615242698635904
27.888999999980353 4.1668105319653055 -0.5042240396132716 1.4849722920244367e-06 -0.09336414760749115 0.18983316836323721 0.012450649270054874 0.21191629134293682 2.4582281446430914
27.88949999998035 4.163386417086137 -0.4915216682894813 1.493117303869157e-06 -0.092808999429103 0.18982032334150806 0.01279317894459647 0.2116812012343429 2.4549199647968774
27.88999999998035 4.159966061333144 -0.4787975194376181 1.501278484338863e-06 -0.09225305574637346 0.1898079145470724 0.013136336427834391 0.2114479464407197 2.451600096410423
27.89049999998035 4.156550095363373 -0.46605210230494304 1.5094551846106004e-06 -0.09169634517333652 0.1897959666666922 0.013480106028957137 0.21121657591118115 2.448268869283644
27.890999999980348 4.153139122327071 -0.45328589452242285 1.5176468318516427e-06 -0.09113889437278777 0.18978450337817213 0.013824472705746002 0.21098713665905208 2.444926664177676
27.891499999980347 4.149733761113229 -0.44049939840722746 1.5258527930407402e-06 -0.09058073190226638 0.18977354876400593 0.014169421537072024 0.21075967666783424 2.441573814191688
27.891999999980346 4.146334662124432 -0.42769309301249603 1.5340724262702238e-06 -0.09002188541521854 0.18976312874185802 0.014514937594428763 0.21053424495074402 2.4382106866620097
27.892499999980345 4.142942431073228 -0.414867476901625 1.5423051393821382e-06 -0.08946238261531472 0.1897532668864691 0.014861005470544475 0.2103108881653351 2.4348376338855475
27.892999999980344 4.139557716859947 -0.4020230343211335 1.5505502466983297e-06 -0.08890225152386853 0.18974398895290778 0.015207610216966818 0.21008965485783818 2.431455024898161
27.893499999980342 4.136181090285726 -0.38916029625394377 1.5588071674471422e-06 -0.08834152060399812 0.1897353164623892 0.01555473560583887 0.2098705895914841 2.428063201757987
27.89399999998034 4.132813243480614 -0.3762797234868681 1.5670752043396052e-06 -0.08778021753858521 0.18972727749733082 0.01590236722829726 0.20965374239715862 2.424662601058393
27.89449999998034 4.129454779487805 -0.36338184479552804 1.5753537537713265e-06 -0.0872183711362972 0.1897198951642541 0.016250488815099898 0.2094391588780239 2.4212535486028846
27.89499999998034 4.126106295232357 -0.35046715403157425 1.5836421647662002e-06 -0.08665600871092145 0.18971319268970194 0.016599084796253345 0.20922688388995445 2.4178364339977136
27.895499999980338 4.122768455838165 -0.33753614608006366 1.591939776099266e-06 -0.08609315882903523 0.18970719645153183 0.01694813992298319 0.2090169654107307 2.4144116413195444
27.895999999980337 4.119441848152594 -0.32458935784609094 1.6002459333845271e-06 -0.08552985058554669 0.18970192865630453 0.017297637793142747 0.20880944746426192 2.4109795723468546
27.896499999980335 4.116127109503058 -0.3116272434748895 1.6085599970143684e-06 -0.08496611034787453 0.18969741488827271 0.01764756399281584 0.2086043758836837 2.407540586466334
27.896999999980334 4.112824868909849 -0.2986503765112498 1.6168812894655631e-06 -0.08440196908280202 0.18969367891226477 0.017997900930937557 0.20840179615887075 2.4040951002014737
27.897499999980333 4.109535752056074 -0.2856592126078758 1.6252091341706405e-06 -0.08383745310326955 0.18969074576245104 0.018348634077437465 0.2082017529783682 2.4006435077990718
27.897999999980332 4.106260340641299 -0.2726542783857195 1.6335428955870014e-06 -0.08327259086898485 0.18968863750055368 0.018699747194807707 0.20800428873463045 2.3971861821514504
27.89849999998033 4.10299930086543 -0.2596361128305622 1.6418818565416582e-06 -0.08270741260280395 0.18968738005221494 0.019051223588782865 0.20780944966664458 2.393723574380611
27.89899999998033 4.099753214843614 -0.24660522846034166 1.6502253773075246e-06 -0.08214194581219869 0.18968699577700482 0.01940304682922526 0.20761727735180602 2.390256065774296
27.89949999998033 4.096522704532931 -0.23356213587174435 1.658572779410914e-06 -0.08157621924554671 0.1896875087538737 0.019755201420297422 0.20742781517145895 2.3867840531265934
27.899999999980327 4.093308379432584 -0.22050736750447705 1.6669234044915682e-06 -0.08101026176517967 0.18968894233841585 0.020107670612244694 0.20724110541632496 2.3833079645736936
27.900499999980326 4.090110867818124 -0.20744142782467362 1.6752764839070836e-06 -0.08044410194000014 0.18969132099442654 0.02046043878250072 0.20705719101909056 2.379828228926604
27.900999999980325 4.086930758803172 -0.19436485270979648 1.6836314420334197e-06 -0.07987776797552337 0.18969466717977665 0.020813488643080615 0.20687611240231055 2.3763452670746763
27.901499999980324 4.083768667102673 -0.18127818029315512 1.6919875396225255e-06 -0.07931128954146752 0.18969900431044215 0.021166803762674883 0.20669791113272343 2.372859469675702
27.901999999980323 4.08062519676135 -0.1681819386285159 1.700344058377997e-06 -0.07874469525839994 0.1897043555440782 0.021520367317292385 0.2065226277026406 2.3693713047462284
27.90249999998032 4.077500923692606 -0.1550766774339612 1.7087003713791199e-06 -0.07817801441127387 0.1897107423118197 0.021874162547636414 0.20635030087923648 2.365881188843147
27.90299999998032 4.074396502569809 -0.14196290682497037 1.7170557517439564e-06 -0.07761127560061111 0.18971819041168148 0.022228173025901535 0.20618097281152414 2.362389564424579
27.90349999998032 4.071312451682104 -0.12884118533945588 1.7254094713181394e-06 -0.07704450766394999 0.18972671845395123 0.022582381462835668 0.20601467862513667 2.358896840316217
27.903999999980318 4.068249453105893 -0.11571203371373517 1.7337608372284538e-06 -0.0764777401154623 0.1897363533230217 0.022936771445202897 0.20585146098538187 2.3554035176529533
27.904499999980317 4.065208002472971 -0.10257601234155467 1.7421092218079709e-06 -0.075911001125428 0.18974711264255928 0.023291325353725648 0.20569135296551946 2.351909975166567
27.904999999980316 4.0621887546428805 -0.08943365666466893 1.7504538390539039e-06 -0.0753443207103831 0.18975902174178608 0.02364602655176005 0.20553439509579716 2.3484167056318395
27.905499999980314 4.059192264672536 -0.07628554878194488 1.7587940200767468e-06 -0.07477772868701084 0.1897721007849454 0.02400085669369228 0.20538062242078933 2.344924144757913
27.905999999980313 4.056219112289732 -0.06313221221505913 1.7671290618870318e-06 -0.07421125336722526 0.1897863717517034 0.024355799434309107 0.2052300708841045 2.3414327572504146
27.906499999980312 4.053269821139191 -0.04997421119641733 1.7754582549795436e-06 -0.07364492339801013 0.18980185346529244 0.024710836776276945 0.2050827729853069 2.3379429685025186
27.90699999998031 4.050345089164357 -0.036812101094722896 1.7837808185986844e-06 -0.07307877020579598 0.18981857314072734 0.02506595156587296 0.2049387696163805 2.3344553055858244
27.90749999998031 4.047445369650429 -0.023646440659744923 1.7920961418856937e-06 -0.07251282121710567 0.18983654628124916 0.02542112621193427 0.20479808886495957 2.330970203673136
27.90799999998031 4.044571261837864 -0.010477804752150235 1.8004034703132758e-06 -0.07194710697632975 0.1898557951820266 0.0257763428338166 0.20466076569862998 2.3274880971346428
27.908499999980307 4.0417233233325085 0.00269324392511653 1.8087020768816682e-06 -0.07138165663535372 0.18987634030559497 0.026131583508454546 0.2045268323925078 2.324009514297874
27.908999999980306 4.038902093109047 0.015866146368070985 1.8169912532427493e-06 -0.07081649932810652 0.18989820117294742 0.026486831004662627 0.20439631993379548 2.3205348701295954
27.909499999980305 4.036108120066515 0.029040308631827876 1.8252703139775704e-06 -0.07025166509872424 0.1899213975111293 0.026842066432789732 0.20426925909716812 2.3170647258496753
27.909999999980304 4.033342005413078 0.04221518394244733 1.8335384971339778e-06 -0.06968718364440163 0.18994595195319197 0.027197272940984035 0.20414568298918118 2.313599484460274
27.910499999980303 4.0306041862814075 0.05539016226328222 1.8417951131211878e-06 -0.0691230841845672 0.18997187858203993 0.02755243141144742 0.2040256157835545 2.310139652014864
27.9109999999803 4.027895258926638 0.06856466815614568 1.8500394230031398e-06 -0.06855939701677663 0.1899991995786934 0.02790752367685483 0.20390908914911662 2.3066857485308994
27.9114999999803 4.025215751375796 0.08173815036513954 1.8582707293875255e-06 -0.06799615061917168 0.1900279340299247 0.028262532497182042 0.2037961308608698 2.3032382387043846
27.9119999999803 4.02256616879477 0.0949099782544042 1.8664882788288235e-06 -0.0674333760480678 0.19005809903973622 0.028617438109897496 0.20368676682546688 2.299797615479614
27.912499999980298 4.019947042842773 0.10807959685100142 1.8746913774654126e-06 -0.06687110217654939 0.19008971381803408 0.02897222345482516 0.2035810240116817 2.296364413631412
27.912999999980297 4.017358834157065 0.12124636912754672 1.8828792966515264e-06 -0.06630935951751811 0.19012279331662602 0.029326868445841443 0.20347892497990952 2.292939058110634
27.913499999980296 4.014802103505654 0.1344097321750403 1.8910513301310608e-06 -0.06574817754025766 0.1901573579947553 0.02968135563219871 0.20338049690561735 2.2895221325091235
27.913999999980295 4.01227734704352 0.1475690665987579 1.899206736009666e-06 -0.0651875867842457 0.1901934246656334 0.03003566564539445 0.20328576307148877 2.2861141147516397
27.914499999980293 4.009785020641844 0.1607237830356889 1.9073448097015372e-06 -0.06462761589838983 0.19023100857176098 0.03038977982227959 0.20319474421496694 2.2827154887913275
27.914999999980292 4.00732560933884 0.17387324757241948 1.9154648421246704e-06 -0.06406829609064343 0.19027012569700813 0.030743678898182903 0.20310746192325926 2.2793268130612994
27.91549999998029 4.004899607520371 0.18701688330792696 1.9235660977986e-06 -0.06350965623308066 0.190310793256752 0.031097344673388178 0.20302393777728225 2.27594855184407
27.91599999998029 4.00250749987042 0.2001540545430747 1.931647848847851e-06 -0.06295172743607673 0.190353027196454 0.03145075756466641 0.2029441920859808 2.2725812700763695
27.91649999998029 4.000149708878493 0.21328416084185262 1.9397094336259494e-06 -0.06239453841315772 0.190396841006555 0.03180389891194678 0.20286824166208897 2.269225435174091
27.916999999980288 3.9978267211366383 0.22640656207491658 1.94775006036639e-06 -0.06183812032827779 0.19044225074057866 0.032156748635796005 0.20279610567192302 2.265881605570693
27.917499999980286 3.995538989446848 0.23952067455932036 1.955769014896955e-06 -0.06128250208525666 0.19048927139734878 0.03250928887568928 0.20272780135572255 2.2625503261906936
27.917999999980285 3.9932869447321813 0.2526258128697709 1.963765676956078e-06 -0.06072771542605461 0.1905379158821361 0.03286149837305916 0.20266334371291322 2.25923207139532
27.918499999980284 3.991071005878694 0.26572139137505196 1.9717392772641724e-06 -0.06017378857265654 0.1905881976351044 0.033213358694196476 0.20260274703155864 2.255927432878885
27.918999999980283 3.9888916596160096 0.27880677829351164 1.9796890567365574e-06 -0.05962075294027119 0.19064013263827592 0.03356485087906538 0.20254602827021365 2.252636895016193
27.91949999998028 3.9867492396172723 0.29188131112064003 1.987614388216239e-06 -0.05906863794139985 0.1906937294180084 0.03391595412102332 0.20249319586479972 2.2493610168718585
27.91999999998028 3.984644200037944 0.30494437399706636 1.995514582279991e-06 -0.058517473349552616 0.1907490027096411 0.034266649301960585 0.20244426387606496 2.2461003031186886
27.92049999998028 3.9825769435822798 0.3179952995455135 2.0033888484989655e-06 -0.057967290748878166 0.19080596410648695 0.0346169163906177 0.20239924316994368 2.2428553216881117
27.92099999998028 3.980547837516753 0.3310334702464452 2.011236555441352e-06 -0.05741811829670993 0.19086462418243777 0.034966735796118475 0.2023581421274512 2.2396266146919346
27.921499999980277 3.9785573098826887 0.3440582197261698 2.019056953503717e-06 -0.056869987881265 0.19092499577155872 0.03531608760198203 0.20232097166506444 2.2364146989354854
27.921999999980276 3.976605684460291 0.3570689201551919 2.02684940268565e-06 -0.05632292768172202 0.19098708717492496 0.035664952266694264 0.2022877368265028 2.233220161969771
27.922499999980275 3.9746933660092623 0.37006488469378956 2.034613190203031e-06 -0.05577696952346015 0.19105090994757593 0.03601330871682365 0.20225844587000816 2.2300434922937575
27.922999999980274 3.972820697411455 0.3830454862486968 2.042347609876175e-06 -0.055232142300135074 0.19111647327424536 0.036361137856975374 0.20223310373453124 2.2268852899229437
27.923499999980272 3.970988049507356 0.3960100331358586 2.050051974295881e-06 -0.05468847757333721 0.1911837869036132 0.036708418676995744 0.2022117156740954 2.2237460914014595
27.92399999998027 3.9691957443304204 0.40895788374870795 2.0577256102942933e-06 -0.05414600419162409 0.19125285898409572 0.037055131301193485 0.20219428427939912 2.220626409803206
27.92449999998027 3.9674440843141223 0.42188836721436135 2.065367895807054e-06 -0.05360475191961371 0.19132369623745155 0.037401255472813415 0.20218081036850805 2.217526832877807
27.92499999998027 3.9657334421231627 0.43480082159768346 2.072978046720612e-06 -0.05306475154660463 0.19139630878556954 0.03774677109362479 0.20217129766967037 2.2144479104653714
27.925499999980268 3.964064072425027 0.44769455495662214 2.0805555064080177e-06 -0.05252603261382137 0.1914707009607026 0.03809165697269225 0.20216574328865977 2.2113901885456357
27.925999999980267 3.962436326758997 0.46056890416813817 2.088099547285778e-06 -0.05198862567356104 0.19154688182596352 0.03843589321879107 0.20216414871139143 2.208354202422624
27.926499999980265 3.960850483685951 0.47342318519147547 2.0956094911476303e-06 -0.051452560809871185 0.1916248567906275 0.03877945919168804 0.20216651109697123 2.205340550413141
27.926999999980264 3.9593068148874155 0.486256744830486 2.1030847558569556e-06 -0.05091786634963584 0.19170463143205735 0.03912233470314388 0.20217282680599077 2.2023497500500593
27.927499999980263 3.9578055710536644 0.4990688473395226 2.110524631580579e-06 -0.050384574056350294 0.19178620914890754 0.03946449775679881 0.2021830900588492 2.1993823718790013
27.927999999980262 3.9563470456898955 0.5118588523787742 2.1179284747712665e-06 -0.04985271256834008 0.1918695965378562 0.039805929039111454 0.20219729724377633 2.196438973919399
27.92849999998026 3.9549314722619333 0.5246260398504422 2.1252956719696082e-06 -0.049322312541537086 0.19195479648699632 0.04014660687036835 0.20221544068644498 2.193520075776785
27.92899999998026 3.953559121706501 0.537369739641892 2.132625598427649e-06 -0.048793403433026614 0.19204181408014626 0.04048651124221033 0.2022375142408974 2.1906262825016367
27.92949999998026 3.952230174163387 0.5500892474518322 2.139917621797103e-06 -0.048266014602940596 0.19213064982118766 0.04082562090857863 0.20226350656738373 2.1877581300995783
27.929999999980257 3.950944887717274 0.562783871368675 2.1471710490014923e-06 -0.047740176183645885 0.19222130794770795 0.041163915055714206 0.202293409566123 2.1849162208089186
27.930499999980256 3.949703432828535 0.5754529152288578 2.1543853599341e-06 -0.04721591689750837 0.19231378860548237 0.04150137279465989 0.20232721033046422 2.182100988505595
27.930999999980255 3.9485060352927452 0.5880956530875996 2.1615599279536005e-06 -0.04669326783309137 0.19240809402781278 0.04183797275047578 0.2023648978262238 2.179313106016068
27.931499999980254 3.94735282433206 0.6007114177786339 2.1686941430833808e-06 -0.04617225613170918 0.19250422268611844 0.04217369468265878 0.20240645620005543 2.176553030703238
27.931999999980253 3.9462440638812026 0.613299479698637 2.175787383204734e-06 -0.04565291356018493 0.19260217862554968 0.04250851712272059 0.20245187516003524 2.173821391787696
27.93249999998025 3.945179853283899 0.6258591418445831 2.1828390379670682e-06 -0.045135268375981086 0.19270195836968557 0.04284241960215224 0.20250113611595058 2.1711186865476164
27.93299999998025 3.9441604228813807 0.6383896965882601 2.1898485392311995e-06 -0.04461935055336165 0.19280356474877863 0.04317538073735042 0.2025542261357571 2.1684455477528934
27.93349999998025 3.9431857999057978 0.6508904346659035 2.1968153940868328e-06 -0.04410518747232221 0.19290699077606996 0.04350737962911417 0.20261112194161326 2.1658024062338574
27.933999999980248 3.9422561471622974 0.6633606164117606 2.203738939704289e-06 -0.04359280976882661 0.19301223552736918 0.043838394350549786 0.20267180599690737 2.1631898663086044
27.934499999980247 3.941371629858214 0.6757995515887488 2.2106186845614233e-06 -0.04308224631818215 0.19311929878999398 0.044168404824640344 0.20273626093452746 2.1606084555134784
27.934999999980246 3.9405323335354976 0.6882065208303225 2.2174539767961193e-06 -0.04257352587753449 0.1932281761643088 0.04449738964693281 0.20280446458305895 2.1580587551806323
27.935499999980244 3.939738328649997 0.7005808166717757 2.2242444034804155e-06 -0.042066676346405 0.19333886274326917 0.04482532819586515 0.2028763937809446 2.155541219958604
27.935999999980243 3.9389897506700033 0.7129217090513135 2.230989276984897e-06 -0.04156172800152386 0.19345135630133964 0.04515219920215929 0.20295202778511967 2.1530564697726904
27.936499999980242 3.9382866018852605 0.7252284596590918 2.2376882353618613e-06 -0.04105870831836491 0.19356564846338403 0.04547798047522772 0.20303133871875081 2.1506049669603473
27.93699999998024 3.937628991852688 0.7375003874613162 2.2443406346329226e-06 -0.04055764570523007 0.1936817361953992 0.04580265274339978 0.20311430417168466 2.1481872939161426
27.93749999998024 3.9370169204967946 0.7497367244258225 2.2509460687905402e-06 -0.04005856902490773 0.1937996106027557 0.046126193276676705 0.20320089499876806 2.1458039365966886
27.93799999998024 3.936450489457016 0.761936783128611 2.257503926521683e-06 -0.03956150655368194 0.1939192682472577 0.0464485823453983 0.20329108736057797 2.1434554515318687
27.938499999980237 3.9359297034805225 0.774099828948791 2.2640137459036563e-06 -0.039066486208028176 0.1940407007791316 0.046769798302209634 0.20338485178775706 2.141142355202645
27.938999999980236 3.9354545458961403 0.7862251072213018 2.27047509257541e-06 -0.038573536740383045 0.19416389842666443 0.047089819577049934 0.20348215719492668 2.138865077360514
27.939499999980235 3.935025013788685 0.7983119416952889 2.2768874940162833e-06 -0.03808268413626765 0.19428885300568985 0.04740862664020014 0.20358297353462343 2.136624214229598
27.939999999980234 3.934641164743964 0.8103595706019028 2.283250366328751e-06 -0.03759395857071703 0.1944155581951507 0.047726197388528124 0.20368727232332795 2.134420266574301
27.940499999980233 3.9343028846365167 0.8223672820889606 2.289563378426572e-06 -0.03710738555068259 0.1945440001364956 0.04804251140511994 0.20379501699901026 2.132253683906595
27.94099999998023 3.9340101764047013 0.8343343301735379 2.2958260750351984e-06 -0.036622993679276274 0.19467417011010169 0.04835754715275115 0.20390617582780488 2.1301249649204426
27.94149999998023 3.9337630018892096 0.8462600128261694 2.302037974013563e-06 -0.03614080971219053 0.19480605786308663 0.04867128476087486 0.20402071528911764 2.1280346404643224
27.94199999998023 3.9335613241268987 0.8581435772165663 2.3081986516116544e-06 -0.035660861929959896 0.19493965267261976 0.048983702563864764 0.20413860089305613 2.1259832024095977
27.942499999980228 3.9334050589162466 0.8699842977423653 2.314307678495284e-06 -0.03518317699616267 0.1950749418951353 0.04929477975423036 0.2042597958726871 2.123971069238134
27.942999999980227 3.933294094725903 0.8817814641695855 2.320364663913049e-06 -0.034707780744063124 0.1952119116643402 0.04960449625294577 0.20438426198788556 2.1219987489084255
27.943499999980226 3.9332283328928064 0.8935343403038493 2.3263692693200523e-06 -0.03423470014121576 0.19535054847699018 0.04991283137608356 0.20451196106828862 2.120066613823791
27.943999999980225 3.9332077597599873 0.9052422108741943 2.332320996069068e-06 -0.03376396265613625 0.195490843078099 0.05021976465694272 0.20464285881464225 2.1181752864611996
27.944499999980223 3.9332322210170507 0.9169043327063515 2.3382194303810186e-06 -0.0332955948893503 0.19563277915963118 0.05052527519894509 0.20477691362721015 2.1163251826693044
27.944999999980222 3.933301435272689 0.9285199844553048 2.344064478697928e-06 -0.03282961996514648 0.19577633479975046 0.050829342524805476 0.2049140777891649 2.114516514813317
27.94549999998022 3.9334154823652416 0.9400884677910893 2.349855453685848e-06 -0.03236606705094549 0.19592150515057108 0.05113194749602115 0.20505432092874173 2.112750010247015
27.94599999998022 3.9335741113047904 0.9516090246592 2.3555921919588672e-06 -0.03190496107397206 0.19606826929451746 0.05143306831752221 0.20519759570188437 2.111025925181625
27.94649999998022 3.9337771521447746 0.9630809557296728 2.3612742714015153e-06 -0.03144632702180663 0.1962166106156264 0.051732685659587455 0.2053438592463881 2.1093447767845706
27.946999999980218 3.9340244315957102 0.9745035146085935 2.3669014690732407e-06 -0.030990190964934324 0.19636651193139756 0.05203077860077181 0.2054930676834363 2.107706884807149
27.947499999980217 3.9343158307171966 0.9858760221026376 2.372473316719696e-06 -0.030536578290746526 0.19651795915482173 0.052327328817206364 0.2056451804084577 2.1061127238089874
27.947999999980215 3.9346510753502555 0.9971977362256976 2.3779896414176045e-06 -0.03008551302148107 0.19667093041534503 0.05262231502351672 0.20580014820849238 2.104562663756518
27.948499999980214 3.9350300001706455 1.008467946263931 2.383450088651194e-06 -0.02963702079013634 0.19682540914667654 0.052915717969049404 0.2059579274882411 2.103057065708973
27.948999999980213 3.9354523377313795 1.0196859195727703 2.388854419774068e-06 -0.029191125933374196 0.1969813737724563 0.053207517208977595 0.2061184691726724 2.1015962927768816
27.949499999980212 3.935917899801705 1.0308509854916492 2.3942023422170777e-06 -0.02874785214485601 0.19713880704868292 0.05349769466102902 0.2062817286663194 2.100180782786464
27.94999999998021 3.936426458058906 1.0419624137585815 2.399493553463613e-06 -0.02830722440259983 0.19729768931286043 0.0537862299817357 0.20644765849294905 2.0988107799015374
27.95049999998021 3.9369777388258846 1.053019478349291 2.404727833507264e-06 -0.027869267070862378 0.19745799862294894 0.054073103478960625 0.20661620891666255 2.097486756658579
27.95099999998021 3.9375714749832853 1.0640215084217677 2.4099049524824223e-06 -0.027434002535612817 0.19761971405676332 0.054358296967284905 0.2067873311597798 2.096208902620188
27.951499999980207 3.9382074024298324 1.0749677940317983 2.4150246804973984e-06 -0.02700145444923971 0.19778281441367163 0.054641790818855715 0.206960975847281 2.0949776850600808
27.951999999980206 3.938885223050491 1.0858576288416306 2.4200867942777308e-06 -0.026571646315687765 0.19794727680799937 0.054923566176798125 0.2071370920554932 2.0937932663903656
27.952499999980205 3.939604686151328 1.0966903181753416 2.4250910789318048e-06 -0.026144601608956496 0.19811308079882817 0.05520360417700821 0.20731563108223622 2.0926560830853442
27.952999999980204 3.9403654591429693 1.1074651695825237 2.4300373168792857e-06 -0.025720342799779843 0.1982802020143884 0.05548188632048198 0.20749654034292656 2.091566352670504
27.953499999980203 3.9411672269046516 1.11818149577383 2.4349253594009815e-06 -0.025298892086876582 0.19844861702110647 0.055758394044165376 0.20767976801989554 2.090524368303729
27.9539999999802 3.942009649976691 1.1288386139158493 2.4397550464056895e-06 -0.02488027141081772 0.19861830123063423 0.056033109196601365 0.2078652612041203 2.089530344570761
27.9544999999802 3.9428924547470827 1.139435830343882 2.4445261277929733e-06 -0.024464504120882455 0.1987892330921892 0.056306013127830616 0.20805296986491886 2.088584632207632
27.9549999999802 3.943815264274846 1.1499724979384638 2.4492385073754865e-06 -0.02405161017949696 0.19896138664784174 0.056577088745952374 0.20824283973290852 2.087687448625402
27.955499999980198 3.944777665355846 1.1604478922319053 2.453892114013332e-06 -0.023641611877078306 0.19913473333874265 0.05684631677309463 0.2084348137061215 2.086838925711131
27.955999999980197 3.945779404845796 1.1708613924105535 2.458486690186956e-06 -0.02323453052349717 0.19930925329774174 0.05711368114666012 0.20862884372222615 2.08603937784947
27.956499999980196 3.9468200503627857 1.1812123190640476 2.463022222295556e-06 -0.022830386157845203 0.19948491762207515 0.05737916362580876 0.20882487234331013 2.0852889141033537
27.956999999980194 3.9478991804090793 1.1914999708673708 2.4674985708566224e-06 -0.02242920039438129 0.19966169759602037 0.05764274575454497 0.20902284242488695 2.084587823727977
27.957499999980193 3.949016537912042 1.2017237505194809 2.4719155588639447e-06 -0.02203099354228547 0.19983957340381195 0.057904412321945695 0.2092227060837988 2.083936227322751
27.957999999980192 3.9501715879452233 1.2118829612586135 2.4762731945411946e-06 -0.02163578525017224 0.20001851097150186 0.05816414520537779 0.2094244009711396 2.083334259779608
27.95849999998019 3.951363990744854 1.221976985463932 2.48057140155678e-06 -0.02124359496537184 0.2001984864251199 0.05842192824839833 0.2096278750410419 2.082782125077978
27.95899999998019 3.952593330733773 1.232005166130273 2.4848100233917806e-06 -0.020854442975147047 0.200379471750975 0.0586777445766485 0.20983307222553324 2.0822799084678403
27.95949999998019 3.9538591819035274 1.2419668708505558 2.4889890753073477e-06 -0.020468347992386907 0.2005614388441264 0.05893157779612519 0.2100399363985441 2.0818277492723256
27.959999999980187 3.955161118493277 1.2518614495522684 2.493108462875619e-06 -0.020085330044411515 0.20074435919328612 0.05918341158862342 0.21024841126197463 2.0814257735583817
27.960499999980186 3.9564986369321984 1.2616883021121759 2.4971682511031742e-06 -0.019705405296632013 0.2009282013927009 0.05943323029841436 0.21045843764628364 2.0810740094850346
27.960999999980185 3.957871381841342 1.2714467817996467 2.5011682786554546e-06 -0.019328594793052014 0.20111294035603763 0.059681017705903595 0.21066996280850656 2.0807725878495633
27.961499999980184 3.9592788467360176 1.281136283851311 2.5051086036925108e-06 -0.018954915312665365 0.20129854433953445 0.059926758643253024 0.2108829276380915 2.080521523743257
27.961999999980183 3.9607206330581124 1.2907562121443723 2.5089891796797527e-06 -0.018584385006460858 0.20148498686786853 0.06017043812321529 0.21109727834141587 2.0803209291467457
27.96249999998018 3.9621961879428897 1.3003059392485432 2.5128100776151068e-06 -0.018217020780177284 0.20167223374277887 0.060412040294687636 0.21131295351083995 2.0801707566450536
27.96299999998018 3.9637050472284274 1.3097848749063656 2.5165713164041646e-06 -0.017852839438247874 0.2018602554835357 0.06065155022823064 0.21152989662214122 2.0800710503174744
27.96349999998018 3.9652468045155747 1.3191924379010516 2.5202727860929953e-06 -0.017491859146341136 0.20204902520218962 0.060888954104579236 0.21174805419058765 2.080021808471055
27.963999999980178 3.9668208781945635 1.328528028195021 2.5239146868206087e-06 -0.01713409506790527 0.20223850773646468 0.06112423680551114 0.21196736435197824 2.0800229956335206
27.964499999980177 3.9684268798035642 1.3377910437717895 2.527496948233436e-06 -0.016779565846092952 0.2024286769872428 0.06135738324917876 0.21218777433201813 2.0800746589843992
27.964999999980176 3.9700641843872777 1.3469809526918857 2.531019703965427e-06 -0.016428284170252185 0.2026194963736139 0.06158838096833811 0.21240922179080796 2.0801766338424126
27.965499999980175 3.9717323848081443 1.356097165159871 2.5344829174619788e-06 -0.016080268044096686 0.2028109389721979 0.061817215450278754 0.2126316536012001 2.080328947047625
27.965999999980173 3.9734309567020176 1.3651391375639075 2.5378867076648404e-06 -0.015735531840130348 0.20300297288930008 0.06204387361593641 0.21285501219716663 2.080531474240426
27.966499999980172 3.975159317253815 1.3741063000494205 2.541231199465423e-06 -0.015394090108703233 0.20319556317042126 0.06226834167774728 0.21307923708732443 2.080784091310859
27.96699999998017 3.9769170112556056 1.3829981080182034 2.5445164072437395e-06 -0.015055958640907984 0.2033886811043341 0.062490606754580284 0.21330427427623866 2.0810868160172205
27.96749999998017 3.9787034854819545 1.3918140515558814 2.5477424265886046e-06 -0.014721150314734172 0.20358229375944828 0.06271065688285922 0.21353006599921004 2.0814393719574595
27.96799999998017 3.980518203011256 1.400553571881762 2.5509094394253825e-06 -0.014389679697575958 0.20377636858401818 0.06292847844338265 0.21375655469315494 2.0818416597233513
27.968499999980168 3.982360640412377 1.4092161436676822 2.554017469561682e-06 -0.014061561230901267 0.20397087369242028 0.06314405963591077 0.2139836841593375 2.0822935779236658
27.968999999980166 3.9842302405888335 1.4178012549589418 2.5570666743600344e-06 -0.013736807583019945 0.2041657760692146 0.06335738821442896 0.21421139708678308 2.082794903051557
27.969499999980165 3.986126446528905 1.426308391541874 2.560057243556227e-06 -0.013415431655167204 0.2043610426023748 0.06356845226387305 0.21443963640905667 2.0833454657187427
27.969999999980164 3.988048764925784 1.4347370530540684 2.5629891863727167e-06 -0.01309744739950662 0.2045566431630937 0.06377724062450514 0.2146683484173019 2.0839450453303447
27.970499999980163 3.9899965583400023 1.4430867586139948 2.565862812118789e-06 -0.012782864787297617 0.20475254136116403 0.06398374188212413 0.21489747334778928 2.084593398167618
27.97099999998016 3.9919693527424185 1.4513569906916968 2.5686780958208634e-06 -0.01247169898897984 0.20494870775503732 0.06418794469189479 0.21512695863117937 2.085290380927081
27.97149999998016 3.9939665510113853 1.4595472972094445 2.571435315675995e-06 -0.012163959827821133 0.2051451080851649 0.06438983885826356 0.21535674737086827 2.0860356781200715
27.97199999998016 3.9959875741160955 1.467657195165026 2.574134637734795e-06 -0.01185965872392104 0.20534170853821723 0.06458941324712184 0.21558678316179197 2.086829019177964
27.97249999998016 3.9980318904113306 1.4756862233828103 2.5767761737309533e-06 -0.01155880764358774 0.20553847767567496 0.06478665810916384 0.21581701255538008 2.0876701281607946
27.972999999980157 4.000098872562557 1.4836339189299272 2.579360160484916e-06 -0.011261416635472832 0.20573537959965887 0.06498156315531693 0.21604737784514275 2.088558681417219
27.973499999980156 4.002188020192983 1.491499843030129 2.5818867734792093e-06 -0.010967496707308717 0.20593238478847758 0.06517411868011029 0.2162778278844679 2.089494421964469
27.973999999980155 4.004298708371777 1.4992835515730583 2.5843561821976677e-06 -0.010677057705436558 0.20612945751698766 0.06536431537394455 0.21650830594182138 2.090477044451894
27.974499999980154 4.006430360907807 1.5069846185288471 2.5867686885203182e-06 -0.01039010893577614 0.206326564854088 0.06555214405865548 0.2167387582295151 2.091506100448337
27.974999999980152 4.008582421828166 1.5146026168603473 2.5891244030124675e-06 -0.010106660527858807 0.2065236746425352 0.06573759562460896 0.21696913202892645 2.092581325968361
27.97549999998015 4.010754296545127 1.522137131091277 2.5914235885610152e-06 -0.009826721404488386 0.20672075304028922 0.06592066146585572 0.2171993733858402 2.09370233067397
27.97599999998015 4.01294540421682 1.5295877555756479 2.593666425429485e-06 -0.009550300588575906 0.20691776699093145 0.06610133333528563 0.21742942948586352 2.0948686885166734
27.97649999998015 4.0151551779788575 1.5369541098973767 2.595853189936783e-06 -0.00927740595430788 0.20711468443591174 0.06627960346874893 0.21765924884140103 2.096080078347107
27.976999999980148 4.017383016281374 1.5442357741522483 2.597984082299417e-06 -0.009008046582897916 0.20731147115837603 0.06645546303421968 0.21788877792163225 2.0973360142269764
27.977499999980147 4.01962831622921 1.5514323849308553 2.6000593741660393e-06 -0.008742229558588378 0.20750809355825114 0.0666289051990267 0.21811796459222668 2.0986361059357317
27.977999999980145 4.02189054674687 1.5585435677429067 2.60207925511671e-06 -0.00847996335362245 0.20770452128039024 0.06679992252258009 0.21834675996638364 2.0999799325368733
27.978499999980144 4.024169089834999 1.5655689515027635 2.6040440005633336e-06 -0.008221254839858595 0.20790071994351347 0.06696850756347682 0.2185751115508181 2.1013670612253126
27.978999999980143 4.026463332629044 1.5725081859342593 2.605953915747733e-06 -0.0079661104591616 0.2080966556037063 0.067134653955291 0.21880296787519082 2.1027969647376916
27.979499999980142 4.028772746264895 1.5793609273061215 2.6078091549985144e-06 -0.0077145377299617166 0.20829229836752058 0.06729835521044242 0.21903028161795826 2.104269203663109
27.97999999998014 4.031096696592859 1.586126848452249 2.6096100845478335e-06 -0.007466541458714036 0.208487613639189 0.06745960514695364 0.21925700127681516 2.105783234571896
27.98049999998014 4.033434603018005 1.5928055949455555 2.611356921999292e-06 -0.0072221289849980636 0.20868256891188228 0.06761839738486006 0.2194830776612067 2.1073386665719167
27.98099999998014 4.035785931743183 1.5993968724236018 2.6130498891452177e-06 -0.0069813058706112326 0.20887713462421392 0.06777472701650994 0.21970846506824324 2.1089349125553145
27.981499999980137 4.038149984509919 1.6059003390987026 2.6146894247568226e-06 -0.0067440764082644395 0.20907127300624664 0.06792858740622945 0.21993310971761115 2.1105713865293865
27.981999999980136 4.040526318338589 1.6123157170536602 2.616275585464803e-06 -0.006510447496604744 0.20926495893284885 0.06807997448545516 0.22015697102229853 2.1122477303113127
27.982499999980135 4.042914268168552 1.6186426981499615 2.6178087798907936e-06 -0.0062804227742724855 0.20945815655119754 0.06822888271977222 0.22037999794273075 2.1139633037825254
27.982999999980134 4.045313281436028 1.6248810293869311 2.6192892970430133e-06 -0.006054006007859443 0.20965083588711506 0.06837530856958546 0.22060214595260688 2.1157174749148018
27.983499999980133 4.047722740978578 1.6310303817684386 2.6207173527736926e-06 -0.005831202965454134 0.20984296305173364 0.06851924619697142 0.22082336644874506 2.117509845489032
27.98399999998013 4.0501421159100435 1.637090518435333 2.6220933225103763e-06 -0.005612016716285237 0.21003450940555915 0.06866069222579282 0.22104361680397566 2.1193396876878774
27.98449999998013 4.052570813878982 1.6430611676741407 2.6234174323540008e-06 -0.005396451465650031 0.21022544282711755 0.068799642797903 0.22126285126382567 2.1212065091863814
27.98499999998013 4.05500825167821 1.6489421056008615 2.6246899962509223e-06 -0.005184509136365861 0.21041573229696597 0.06893609481195494 0.22148102560033522 2.1231096500438538
27.985499999980128 4.05745384786946 1.6547330568841319 2.6259113182250917e-06 -0.004976194063464928 0.21060534625687197 0.06907004432301272 0.2216980951702498 2.125048546015965
27.985999999980127 4.05990708133246 1.6604338050004501 2.627081654879792e-06 -0.004771508804129224 0.21079425672611596 0.06920148830446213 0.22191401926993296 2.1270226323992456
27.986499999980126 4.0623673453275915 1.6660441170480764 2.628201322775846e-06 -0.00457045591650007 0.21098243138127343 0.06933042426865473 0.22212875353747 2.1290311977290015
27.986999999980124 4.06483405661558 1.6715637953986984 2.629270687275781e-06 -0.004373036224517571 0.21116983954660817 0.06945684986584784 0.22234225548295608 2.131073650157045
27.987499999980123 4.067306690985077 1.6769926205625272 2.6302900009363155e-06 -0.004179252919746804 0.2113564529881762 0.06958076274225501 0.22255448528058097 2.13314937743882
27.987999999980122 4.069784681573349 1.6823304004881527 2.631259531861231e-06 -0.003989107150271275 0.2115422418830345 0.06970216078747302 0.22276540192588112 2.1352577153473655
27.98849999998012 4.072267469848394 1.6875769322229837 2.6321796244753487e-06 -0.0038026008374485547 0.21172717652620995 0.06982104221653891 0.2229749649379803 2.137397971313547
27.98899999998012 4.074754504107961 1.6927320465829332 2.6330506003306408e-06 -0.0036197343187341227 0.21191122809920543 0.06993740546601153 0.22318313501330916 2.1395695618443398
27.98949999998012 4.077245253845426 1.6977955763498322 2.633872698662682e-06 -0.0034405088994877986 0.2120943686532809 0.07005124985425554 0.22338987426037157 2.1417718184514247
27.989999999980117 4.079739121434827 1.7027673446641143 2.6346463325959615e-06 -0.00326492432479634 0.21227656716248605 0.07016257358059054 0.22359514178216816 2.1440040527995494
27.990499999980116 4.082235620897576 1.7076472102105722 2.635371701084052e-06 -0.003092981639832468 0.212457798024241 0.07027137668832807 0.22379890271939767 2.1462655877841863
27.990999999980115 4.084734160372639 1.7124350222934712 2.636049212078487e-06 -0.0029246799145170345 0.212638030763827 0.07037765841986282 0.22400111759628233 2.1485557059601823
27.991499999980114 4.087234222670112 1.7171306467253746 2.6366791526241933e-06 -0.0027600189145118217 0.2128172385347646 0.07048141846445509 0.22420175081995455 2.150873790625337
27.991999999980113 4.089735310081561 1.7217339577376105 2.637261780469491e-06 -0.002598998713770961 0.21299539548883156 0.07058265715617046 0.2244007682361704 2.153219174415795
27.99249999998011 4.092236876201457 1.7262448269399242 2.6377974392464587e-06 -0.0024416182998103822 0.21317247350601434 0.07068137432281463 0.224598133644864 2.155591120665448
27.99299999998011 4.094738379813019 1.7306631495751545 2.6382864501117867e-06 -0.002287876148858202 0.2133484449416037 0.07077757078722215 0.22479381188727873 2.1579889518828628
27.99349999998011 4.097239320558028 1.7349888159460143 2.638729115603057e-06 -0.0021377713638346023 0.21352328407412244 0.07087124703284323 0.22498776981025595 2.160411946517221
27.993999999980108 4.0997391601535655 1.7392217288329204 2.63912577781387e-06 -0.0019913020221718454 0.21369696352252127 0.07096240394570844 0.22517997307985269 2.1628593772281777
27.994499999980107 4.1022374021123955 1.7433618139492864 2.6394767121727216e-06 -0.0018484661332887323 0.21386945812558825 0.07105104313564611 0.22537038997313313 2.165330592899283
27.994999999980106 4.104733530780466 1.7474089760384413 2.6397822880550993e-06 -0.0017092618631849902 0.2140407416511564 0.07113716543254582 0.22555898778029534 2.167824852366495
27.995499999980105 4.107227060223481 1.7513631634581996 2.640042743768155e-06 -0.0015736866200909564 0.21421078968018809 0.07122077309390136 0.22574573622790975 2.170341496504099
27.995999999980103 4.109717475233221 1.7552242983383923 2.6402584481536306e-06 -0.0014417379250571882 0.21437957620104134 0.07130186743914645 0.2259306035062365 2.17287975617693
27.996499999980102 4.112204273019305 1.7589923256701114 2.6404297254888997e-06 -0.0013134128386163985 0.2145470760340296 0.07138045057607487 0.22611355910798403 2.1754389492316175
27.9969999999801 4.1146869604504035 1.7626672112805934 2.6405568564892987e-06 -0.0011887079056535437 0.21471326464735893 0.07145652525487807 0.22629457360598107 2.1780183108146582
27.9974999999801 4.117165097921594 1.7662489165657382 2.640640159848195e-06 -0.001067620328476616 0.21487812010799293 0.07153009384070305 0.226473620183832 2.1806172475622305
27.9979999999801 4.11963817998263 1.769737387019059 2.6406799295593864e-06 -0.0009501472113204075 0.21504161704614239 0.0716011585294579 0.22665066896945946 2.1832349059494374
27.998499999980098 4.122105693403138 1.7731326429246956 2.640676551286566e-06 -0.000836282273657932 0.2152037307738364 0.07166972320883414 0.22682569151630508 2.185870665963985
27.998999999980096 4.124567216383057 1.7764346339089832 2.640630265440786e-06 -0.0007260238821668006 0.21536443992938895 0.07173579034968508 0.2269986623614131 2.1885237457237037
27.999499999980095 4.12702226470878 1.7796433589293326 2.6405413977621887e-06 -0.000619367144940645 0.21552372089712157 0.0717993633250632 0.2271695544277116 2.191193481993224
27.999999999980094 4.129470371142258 1.7827588295324381 2.6404102780433723e-06 -0.0005163070134238337 0.21568155099179492 0.07186044597269754 0.22733834191916094 2.1938791240569557
