#time drag lift perp forcex forcey forcez forces dp
26.000499999984754 4.311315711669847 -1.8466535043661214 5.597482545072435e-05 -0.14901398359168744 0.18056576250264172 -0.02286412725482217 0.23522740105937662 2.603007977446606
26.000999999984753 4.313186453041979 -1.8445835061350813 5.59902427979994e-05 -0.14895623596642524 0.18068237561394535 -0.02281805010978563 0.23527589018341186 2.6048433381777274
26.001499999984752 4.315021254766108 -1.8424184685657319 5.600668962411156e-05 -0.14889420712625223 0.18079839234886472 -0.022769389187175165 0.23532103321982584 2.6066416054408745
26.00199999998475 4.316820252086617 -1.840158671063018 5.6024165349640085e-05 -0.14882791017780006 0.18091381551998392 -0.022718151448966176 0.23536284732121224 2.6084028656388654
26.00249999998475 4.31858306690285 -1.8378045565126193 5.604266449390383e-05 -0.14875735831231324 0.18102862101810716 -0.0226643465537153 0.23540132940253825 2.610126938359708
26.00299999998475 4.3203096154916745 -1.8353559586287191 5.606218313438624e-05 -0.1486825460920827 0.18114280584812684 -0.022607967283308043 0.2354364793476992 2.611813758449487
26.003499999984747 4.3219995906198125 -1.8328134679801056 5.608270539149569e-05 -0.14860349531233683 0.18125634701736257 -0.0225490260375264 0.23546830089921514 2.613463221959341
26.003999999984746 4.3236528117421145 -1.8301773061846316 5.610424929611301e-05 -0.1485202081440362 0.18136923408574837 -0.022487531582467843 0.23549679483311722 2.615075266656456
26.004499999984745 4.325269030469382 -1.8274477697110056 5.6126802505123936e-05 -0.14843269582309918 0.18148145039115354 -0.022423488161508104 0.23552196255703778 2.616649775198031
26.004999999984744 4.3268481734397355 -1.8246251420653907 5.615036328594448e-05 -0.14834096884406228 0.1815929885941783 -0.02235690246980257 0.23554381255342857 2.6181867850757676
26.005499999984742 4.328389853877103 -1.8217097291375073 5.617493202823441e-05 -0.14824503390778718 0.18170382617125175 -0.02228778144387717 0.23556233936112003 2.619686071619534
26.00599999998474 4.329894023087659 -1.8187018574183644 5.6200513580379204e-05 -0.1481449012392566 0.1818139571742857 -0.022216135103856827 0.23557755293218177 2.6211476652661787
26.00649999998474 4.3313603094231645 -1.8156018305044146 5.6227113446015984e-05 -0.14804057752570127 0.18192335981783034 -0.022141970478572373 0.23558944861394981 2.6225714221437313
26.00699999998474 4.332788570752513 -1.8124099660241897 5.625472324036864e-05 -0.14793207464808517 0.18203202280392183 -0.022065294161221962 0.23559803318830022 2.6239573083426873
26.007499999984738 4.3341791275713275 -1.809126789458291 5.628334966622898e-05 -0.14781941571936308 0.18213995561898735 -0.02198612203296768 0.23560333753694815 2.625305574458328
26.007999999984737 4.335531020664125 -1.80575230539366 5.6312992524406574e-05 -0.1477025883581465 0.1822471115517441 -0.021904451533944082 0.23560532522346103 2.6266157063050866
26.008499999984735 4.336844313697961 -1.802286959273172 5.6343651302683334e-05 -0.1475816106349223 0.18235348818423566 -0.021820294537457142 0.23560401461829417 2.6278878360240228
26.008999999984734 4.338118862633065 -1.7987310837473667 5.637532858986648e-05 -0.14745649306108152 0.1824590745303851 -0.02173365972508028 0.2355994125404454 2.6291219236054806
26.009499999984733 4.339353983127463 -1.795085134669826 5.640804199917252e-05 -0.1473272391232352 0.18256383334426213 -0.021644562125981214 0.23559150176237662 2.6303177294271483
26.009999999984732 4.340550260430888 -1.7913492887395592 5.644176807522752e-05 -0.1471938702826552 0.18266778865501862 -0.02155300132289826 0.23558032245271787 2.6314755551384854
26.01049999998473 4.341707297959261 -1.7875239828291685 5.647651515104497e-05 -0.14705639566107784 0.18277091662106 -0.021458990224450428 0.23556587131582324 2.6325953035406693
26.01099999998473 4.342824904654118 -1.7836095853338088 5.651229187256097e-05 -0.146914824975473 0.1828732040712842 -0.021362539798274457 0.23554815361514572 2.6336769056323286
26.01149999998473 4.343902911438638 -1.779606416988273 5.6549111940935095e-05 -0.14676916505666304 0.18297463982318604 -0.02126366109428935 0.23552717446822874 2.6347203560492547
26.011999999984727 4.344941156083824 -1.7755150015798848 5.6586967259335774e-05 -0.14661943566006952 0.1830752091488549 -0.021162366095108347 0.23550294447610973 2.635725658427494
26.012499999984726 4.345939461383731 -1.7713352793021244 5.662587169978364e-05 -0.1464656296277813 0.18317490476540815 -0.021058654744445005 0.23547546228370483 2.636692775779334
26.012999999984725 4.346897765536439 -1.7670679759687544 5.6665810151329825e-05 -0.14630777709665835 0.1832737140183476 -0.020952543588729403 0.23544474717411332 2.637621747730707
26.013499999984724 4.34781608605248 -1.7627133721822466 5.67067821844203e-05 -0.14614588941349138 0.18337163415565663 -0.020844039783806695 0.23541081368510952 2.6385127398251162
26.013999999984723 4.348693945828888 -1.7582719373692512 5.6748826603560685e-05 -0.14597996882420888 0.1834686392868997 -0.020733163321462265 0.23537365392290177 2.6393654858002975
26.01449999998472 4.349531507761227 -1.7537444428260187 5.679192775676442e-05 -0.14581005023394175 0.18356472707533272 -0.020619932783926483 0.2353332985437455 2.6401802786476782
26.01499999998472 4.350328376598115 -1.7491306707899514 5.683608203475999e-05 -0.14563612204033427 0.18365988026788135 -0.02050433882802244 0.23528973537690503 2.6409568449857064
26.01549999998472 4.351084482021413 -1.7444312330395775 5.688129671095411e-05 -0.14545820461732686 0.1837540887334891 -0.020386399832407396 0.23524298016072212 2.641695283160286
26.015999999984718 4.351799831073551 -1.7396464526903617 5.6927556797379815e-05 -0.14527631441783706 0.18384734768988437 -0.020266120783877732 0.23519304929156007 2.6423956953652445
26.016499999984717 4.35247416808142 -1.7347768273816544 5.6974894407965266e-05 -0.1450904592644398 0.18393964112639946 -0.02014352159777656 0.235139946435383 2.643058048984103
26.016999999984716 4.353107427638766 -1.7298227299687876 5.7023295405003064e-05 -0.14490065599725732 0.18403096035804717 -0.020018609000446646 0.23508368549317368 2.6436823817192994
26.017499999984715 4.353699474698306 -1.7247845989478552 5.7072777099645726e-05 -0.14470691551623058 0.18412129478704456 -0.019891398148373658 0.23502427600691886 2.6442687212738174
26.017999999984713 4.35425026743614 -1.7196628224497623 5.7123335750922834e-05 -0.1445092530458091 0.18421063743828522 -0.019761898536087903 0.23496173261837275 2.644817145096958
26.018499999984712 4.354759786160655 -1.7144580209276237 5.7174970962148904e-05 -0.14430769222516934 0.18429897992128122 -0.019630126640905864 0.23489607469542148 2.6453277339334793
26.01899999998471 4.355227767415938 -1.709170492127 5.722769236514734e-05 -0.144102238646176 0.18438630658578548 -0.019496091967563006 0.23482730429231266 2.6458004375167326
26.01949999998471 4.355654182966923 -1.7038005808759402 5.7281501636293874e-05 -0.14389290488448853 0.18447261196917114 -0.019359803909436698 0.23475543582681252 2.6462353349473022
26.01999999998471 4.356040476706783 -1.6983504852565157 5.733640124841825e-05 -0.1436797915517774 0.1845579407174512 -0.019221328987408443 0.23468058179208315 2.646633643920255
26.020499999984708 4.356384269853799 -1.6928181404661626 5.7392404627799727e-05 -0.1434627875228995 0.1846422021836231 -0.019080604417858915 0.23460260803326416 2.6469936995890544
26.020999999984706 4.356686301493781 -1.6872047608720642 5.744949829373833e-05 -0.1432419519284882 0.18472541693652894 -0.01893766259464723 0.2345215800714435 2.647316132619068
26.021499999984705 4.356946483364456 -1.6815108293679053 5.750769104993069e-05 -0.14301729983849462 0.1848075755887543 -0.018792518395389115 0.2344375114944877 2.6476010256041387
26.021999999984704 4.357164869892042 -1.6757368654930704 5.756698120757224e-05 -0.14278885218613557 0.18488867450247007 -0.01864518571684141 0.2343504239772779 2.6478485071509583
26.022499999984703 4.357341287532124 -1.6698830947615368 5.762737238887069e-05 -0.14255661455312688 0.184968702745193 -0.01849567082655758 0.23426032354500992 2.648058571412859
26.0229999999847 4.357476069706811 -1.663950380720892 5.76888891533421e-05 -0.14232061737137203 0.1850476682902595 -0.018344004716902357 0.23416724830275507 2.6482315799728005
26.0234999999847 4.357569535738784 -1.6579386772534976 5.775147016079488e-05 -0.14208088025079488 0.18512558207964952 -0.018190170454618727 0.23407122842061956 2.6483676430648098
26.0239999999847 4.357620531235029 -1.651848796100266 5.7815173498494056e-05 -0.14183740297641606 0.18520238335021968 -0.018034202251587566 0.23397222940457513 2.648466354087879
26.024499999984698 4.357629502777262 -1.6456810850439778 5.7879977149658516e-05 -0.14159021060819438 0.18527808784907196 -0.0178761051864636 0.23387029036138554 2.6485280318307347
26.024999999984697 4.357596431589697 -1.6394360347798929 5.7945887889362316e-05 -0.14133932006723804 0.18535268932945334 -0.017715893944191746 0.23376542887469878 2.648552772781037
26.025499999984696 4.357521322242696 -1.6331141050992473 5.8012904079699775e-05 -0.14108474946330787 0.18542618243315862 -0.017553580510514914 0.23365766379812689 2.648540688477995
26.025999999984695 4.357404167207392 -1.6267157763426512 5.808102891167154e-05 -0.14082651614195835 0.18549856140421708 -0.017389178753497915 0.2335470134029473 2.648491869288855
26.026499999984694 4.357244986349514 -1.6202415272595825 5.815025614805094e-05 -0.14056464027842241 0.1855698210531023 -0.017222700156327434 0.23343349798809396 2.6484064331361683
26.026999999984692 4.357043155873405 -1.6136911846648299 5.822056544508474e-05 -0.1402991124744024 0.18563993155328148 -0.017054133053207115 0.23331709882134344 2.648284071870116
26.02749999998469 4.356799856839258 -1.6070661360724707 5.829197860178577e-05 -0.14002999541398908 0.18570893551708434 -0.016883524074476432 0.2331979025027966 2.6481256778897304
26.02799999998469 4.3565145180782086 -1.6003666178077571 5.8364495610646285e-05 -0.13975729051058933 0.18577680257579662 -0.01671087810835272 0.2330758976670475 2.6479309518838843
26.02849999998469 4.356187241848727 -1.5935931239954015 5.8438104141872296e-05 -0.13948102049414815 0.185843531100023 -0.01653620674647511 0.23295110916966325 2.6477000904365076
26.028999999984688 4.355818516285278 -1.586745957801141 5.8512819325938805e-05 -0.13920120295343258 0.18590914147814483 -0.016359518565370046 0.2328235762042029 2.6474332895581867
26.029499999984687 4.355407769133044 -1.5798258447282587 5.858862658933331e-05 -0.13891785750553634 0.18597359736206667 -0.01618083389537682 0.2326932947793433 2.647130573315107
26.029999999984685 4.35495532435006 -1.5728331968282285 5.8665530498826415e-05 -0.1386310045844221 0.18603690958389452 -0.016000163762655978 0.23256029841751583 2.6467921240233867
26.030499999984684 4.354461258626322 -1.5657686097641452 5.8743512152329935e-05 -0.13834067189618912 0.186099073675681 -0.015817521143794776 0.23242461293668962 2.6464181094900616
26.030999999984683 4.353925619200684 -1.5586324248141503 5.8822580442454253e-05 -0.138046871421744 0.18616008845682755 -0.015632916799780173 0.23228625730174876 2.6460086296955083
26.031499999984682 4.353348527521653 -1.5514252406244435 5.8902738569323985e-05 -0.1377496266651068 0.18621995306905445 -0.015446368239590015 0.23214525810192668 2.6455638627635665
26.03199999998468 4.352730046131827 -1.5441474508890807 5.8983968996558314e-05 -0.13744895797075765 0.18627866464282086 -0.015257882260379753 0.23200163775161423 2.6450839478669086
26.03249999998468 4.352070338556771 -1.5367996626941027 5.906626848342323e-05 -0.13714489089959153 0.18633622388528917 -0.01506747556754217 0.23185542532291098 2.6445690522583956
26.03299999998468 4.351369497012286 -1.52938229830597 5.9149633237222464e-05 -0.1368374438746786 0.18639263001217315 -0.014875158867856349 0.23170664410058392 2.644019324768245
26.033499999984677 4.3506276460800475 -1.5218958875830266 5.923406881733947e-05 -0.13652663739368492 0.18644788329175266 -0.014680948187128262 0.23155531983021874 2.6434349289834795
26.033999999984676 4.34984489925769 -1.5143409418305487 5.931956724707444e-05 -0.13621249447008862 0.18650198265300297 -0.014484855897749699 0.23140147846036663 2.6428160256187447
26.034499999984675 4.349021309487135 -1.5067179464961502 5.9406125107276433e-05 -0.13589503450967938 0.18655492496107315 -0.014286895272307672 0.23124514223684886 2.6421627243858623
26.034999999984674 4.348157166616068 -1.4990273937918297 5.949372967832939e-05 -0.13557428385922268 0.1866067174126025 -0.014087076932083376 0.23108634568909175 2.6414752803418855
26.035499999984673 4.3472525914047075 -1.4912697779538362 5.9582376228101556e-05 -0.13525026385547437 0.18665735985231707 -0.013885413860520786 0.23092511465427654 2.6407538373813058
26.03599999998467 4.346307797483979 -1.4834452417873891 5.967199820031572e-05 -0.1349229991533766 0.18670685605789783 -0.013681895339291992 0.23076147871696867 2.6399985834480035
26.03649999998467 4.345322874540431 -1.4755546547767227 5.976266646858204e-05 -0.134592506913174 0.18675520547618618 -0.013476561161990565 0.23059546264048256 2.6392096529829434
26.03699999998467 4.344299498385639 -1.4675981815668913 5.985431028427894e-05 -0.13425883399948224 0.186802481820219 -0.01326940260565994 0.2304271658607224 2.6383879606165066
26.037499999984668 4.343235502568014 -1.4595768372617224 5.99470051895553e-05 -0.13392196935734038 0.18684857469459906 -0.013060462177200631 0.23025650786510612 2.637532539182847
26.037999999984667 4.342131884067727 -1.4514909260467213 6.004071089818927e-05 -0.13358194855237351 0.18689352568846854 -0.01284974052485627 0.23008355602882913 2.6366439711872625
26.038499999984666 4.340988878310158 -1.443340914875657 6.01354164130521e-05 -0.13323879528840718 0.1869373399359193 -0.012637248361878064 0.22990834190690715 2.6357224602655576
26.038999999984664 4.33980667160857 -1.4351273490406447 6.0231136261464656e-05 -0.13289252920552785 0.18698002123996232 -0.01242300436707702 0.22973089408924358 2.634768188617603
26.039499999984663 4.338585460284749 -1.426850679432948 6.0327841834412144e-05 -0.1325431769438108 0.1870215718609582 -0.012207015091989754 0.22955124332740598 2.633781330239326
26.039999999984662 4.337325453358027 -1.418511416393495 6.042553917432366e-05 -0.13219075929270138 0.18706199647480537 -0.011989296307105407 0.229369419481893 2.6327620725595633
26.04049999998466 4.336026897491555 -1.4101100532129496 6.052421975291371e-05 -0.13183530026617019 0.18710130074467438 -0.011769860340069936 0.2291854549247074 2.631710614675974
26.04099999998466 4.334689981524331 -1.4016471097584544 6.062387537448345e-05 -0.1314768241746223 0.18713948723352003 -0.0115487200096332 0.22899937971734827 2.6306271258036245
26.04149999998466 4.33331485179682 -1.3931229763173287 6.0724502876824326e-05 -0.13111534837709982 0.18717655855075274 -0.011325886102618537 0.2288112198887133 2.62951180007712
26.041999999984657 4.331901859855505 -1.3845383620437262 6.082609208013275e-05 -0.13075090866033878 0.1872125220593724 -0.011101374558309908 0.22862101620021535 2.6283647951558993
26.042499999984656 4.330451443821098 -1.3758926583785611 6.092848258985734e-05 -0.13038352511766535 0.18724739507905144 -0.010875135750992835 0.22842880545938546 2.627186477253837
26.042999999984655 4.328963545944841 -1.367187719692976 6.1031905119830816e-05 -0.13001321134121407 0.18728117008285813 -0.010647271995010279 0.2282346077872402 2.625976850440374
26.043499999984654 4.327438512575736 -1.3584235729041938 6.113627176102992e-05 -0.12963999467550438 0.18731385713070267 -0.010417764854593156 0.22803845973258915 2.6247361607610182
26.043999999984653 4.325876628259441 -1.3496007112638322 6.124159076253021e-05 -0.1292638954247069 0.18734546500477353 -0.010186630714796144 0.22784039449479543 2.623464622486065
26.04449999998465 4.324278462994502 -1.3407193151092167 6.134779940281785e-05 -0.12888494429999445 0.18737601447626395 -0.009953860534579731 0.22764045995332993 2.622162534676349
26.04499999998465 4.322643715374361 -1.3317803338801872 6.14549530364916e-05 -0.12850315859332503 0.1874054844247797 -0.009719493825506539 0.22743866408588415 2.6208298639341288
26.04549999998465 4.320972880060869 -1.3227840709147713 6.156302622579652e-05 -0.12811856303921382 0.18743389341207858 -0.009483533854750703 0.22723505013359546 2.619466899172135
26.045999999984648 4.319266226095645 -1.3137310177656816 6.167201435567732e-05 -0.1277311812573362 0.18746124844455195 -0.009245993465065694 0.2270296516513659 2.6180738311305163
26.046499999984647 4.317524026638236 -1.3046216154369388 6.178190669262483e-05 -0.1273410359963321 0.18748755704595943 -0.009006883418387684 0.2268225020684532 2.616650851486088
26.046999999984646 4.315746639591431 -1.2954564167483098 6.189269816027807e-05 -0.12694815431297723 0.18751282981958564 -0.008766218520700812 0.22661363996364614 2.615198198313913
26.047499999984645 4.313935224000987 -1.2862355657788662 6.200433960980405e-05 -0.12655257024265223 0.1875371174066666 -0.008523993100697673 0.2264031402136552 2.6137164957558525
26.047999999984643 4.312088616130482 -1.2769599190315308 6.211689989140381e-05 -0.12615428267483214 0.18756035912780233 -0.008280245159088923 0.2261909675766171 2.6122052009513377
26.048499999984642 4.310207627493121 -1.2676298000855082 6.223033981170222e-05 -0.12575332442663703 0.18758258769968134 -0.008034976539466464 0.22597718172516765 2.6106647755206374
26.04899999998464 4.308292597583237 -1.2582456657972074 6.234467381751308e-05 -0.12534971447898688 0.1876038152645533 -0.007788203111968267 0.22576181813914736 2.6090954294731015
26.04949999998464 4.306344007777403 -1.2488081315282522 6.245986320220488e-05 -0.12494349173195156 0.1876240553913388 -0.007539934710678941 0.22554492435678025 2.6074974588543602
26.04999999998464 4.304362148677663 -1.2393176240852997 6.257590992431893e-05 -0.12453467594379461 0.1876433174350761 -0.007290184074811523 0.22532653388873514 2.6058710547137647
26.050499999984638 4.302348204253955 -1.2297734931676625 6.2692741565581e-05 -0.12412327800104322 0.1876616604815593 -0.007038917069829969 0.22510671538169677 2.604216727074674
26.050999999984636 4.300300847278283 -1.2201777111251708 6.281048429620708e-05 -0.12370932115667209 0.18767900770949883 -0.006786217467181089 0.22488543488491786 2.6025339946492507
26.051499999984635 4.298221041107198 -1.210530226583706 6.292908469236082e-05 -0.12329283067834018 0.18769540219313227 -0.006532072410215221 0.22466275630618404 2.6008233235660265
26.051999999984634 4.296109208064744 -1.2008311923750452 6.304847876319987e-05 -0.12287383364723849 0.18771085806780796 -0.006276472824323625 0.22443872068526066 2.599084963066052
26.052499999984633 4.293965778588463 -1.1910806973692762 6.316858854168029e-05 -0.1224523585962808 0.1877253894470694 -0.006019404205543979 0.2242133697972441 2.597319140654378
26.052999999984632 4.291790809880709 -1.1812802823114612 6.32896205128691e-05 -0.12202841386012514 0.1877389967282158 -0.005760956249701085 0.22398672571973094 2.595525937910046
26.05349999998463 4.289584991301392 -1.1714298757518875 6.341147130921624e-05 -0.12160203182882294 0.1877517064634639 -0.005501104550139858 0.22375884245346003 2.593705715173002
26.05399999998463 4.287348154091469 -1.1615297860219185 6.353415461434878e-05 -0.12117321825135266 0.1877635082245374 -0.005239860895483556 0.22352972953139788 2.591858375761363
26.05449999998463 4.285080938218764 -1.1515807884096632 6.365769320654942e-05 -0.12074200571724812 0.1877744257438112 -0.004977253063975025 0.22329944011596825 2.5899843088702825
26.054999999984627 4.282783687576047 -1.141583176859113 6.37820260338351e-05 -0.12030842479984108 0.18778446802986354 -0.0047132765282604586 0.2230680131410815 2.5880836980536746
26.055499999984626 4.280456867157279 -1.1315374397631963 6.390718061956716e-05 -0.1198724939069713 0.18779365399643252 -0.004447951599136153 0.22283548988039797 2.5861568022193975
26.055999999984625 4.278100812518626 -1.1214440227990583 6.403314104502245e-05 -0.11943423824648211 0.18780199374932588 -0.004181287943492584 0.2226019076526652 2.5842038004960486
26.056499999984624 4.275715881923128 -1.1113033504876637 6.415991041748377e-05 -0.11899367813356229 0.1878095000870085 -0.0039132986833173705 0.22236730349867248 2.582224881101485
26.056999999984622 4.27330253205623 -1.1011158307020097 6.428746414187641e-05 -0.11855084120347742 0.1878161887483512 -0.0036439906581066253 0.22213172077378945 2.5802202977325743
26.05749999998462 4.270861052916386 -1.0908819318236198 6.441582299896271e-05 -0.11810574421048546 0.1878220700301728 -0.0033733820414381067 0.22189519263005505 2.578190194725906
26.05799999998462 4.268391879306569 -1.0806021197396223 6.454497478148669e-05 -0.11765841362966672 0.1878271588580293 -0.003101484016808278 0.22165776121226985 2.576134804733873
26.05849999998462 4.265895416071379 -1.0702767975505916 6.467491280624536e-05 -0.11720887195627483 0.18783146983302684 -0.002828307129709276 0.22141946627638154 2.5740543438143635
26.058999999984618 4.263372075729258 -1.0599063862371723 6.480563255246181e-05 -0.11675714190443996 0.18783501787281984 -0.002553862890893825 0.22118034799828298 2.5719490277215153
26.059499999984617 4.260822228755537 -1.0494913360417772 6.493713092612539e-05 -0.11630324633591284 0.18783781566929422 -0.0022781639232054883 0.22094044476859542 2.569819030492595
26.059999999984615 4.2582476245221965 -1.039031058408029 6.506929330188892e-05 -0.11584721659598456 0.18783994579829966 -0.002001169312759341 0.22069985842578932 2.5676651717652685
26.060499999984614 4.255646537874957 -1.0285276515662285 6.520228958735105e-05 -0.1153890644372386 0.18784131417306216 -0.0017229757678634086 0.2204585315823837 2.5654866850378397
26.060999999984613 4.253020187565984 -1.0179809538442428 6.533604909375696e-05 -0.11492881859039596 0.1878419762716939 -0.0014435641799990747 0.2202165417714608 2.563284161305807
26.061499999984612 4.250368978669371 -1.0073914261667836 6.54705889694853e-05 -0.11446649794531141 0.1878419477672416 -0.0011629519691222626 0.21997392788723302 2.5610577962700933
26.06199999998461 4.247693348791365 -0.9967595099333854 6.560588811191685e-05 -0.1140021302988128 0.18784124340499067 -0.0008811477055148116 0.21973073262035828 2.5588078037228255
26.06249999998461 4.244993964522287 -0.9860848406464835 6.574176965923803e-05 -0.11353575432747828 0.18783988683146255 -0.0005981029220873675 0.21948701174026577 2.556534507910211
26.06299999998461 4.242270939873736 -0.9753689546752589 6.587846133521511e-05 -0.11306737403832981 0.18783788273578247 -0.0003139117335159397 0.21924278734581348 2.5542379772034782
26.063499999984607 4.239524868097409 -0.9646119312560597 6.601588339619545e-05 -0.11259701998482777 0.18783525325545727 -2.8559828364916912e-05 0.21899810978789125 2.551918492262115
26.063999999984606 4.236756143011196 -0.9538142539720149 6.615403805568319e-05 -0.11212471541306744 0.187832012198156 0.0002579380522310965 0.21875301859610619 2.549576252531428
26.064499999984605 4.233965230220976 -0.942976324346507 6.629291349733054e-05 -0.11165048469372335 0.18782817682467604 0.0005455722158490962 0.2185075568273734 2.547211475320484
26.064999999984604 4.231152603859737 -0.9320985472103227 6.643249735106732e-05 -0.11117435285748611 0.18782376463215789 0.0008343333663213609 0.2182617680814559 2.5448243945750937
26.065499999984603 4.228318747750855 -0.9211814705782921 6.657278964898936e-05 -0.11069634703226514 0.18781879297727053 0.0011242048842674966 0.21801569686228625 2.5424152374693874
26.0659999999846 4.2254641046891415 -0.9102254779762676 6.671379145546007e-05 -0.11021648771348855 0.1878132790861926 0.0014151750504397625 0.21776938417837582 2.539984223695611
26.0664999999846 4.222589160892744 -0.8992309661782723 6.685548268166568e-05 -0.10973480130810268 0.18780724067984825 0.0017072359991223095 0.21752287448602714 2.537531568764282
26.0669999999846 4.219694404878416 -0.8881983837090013 6.699786122734349e-05 -0.10925131221200392 0.18780069622593365 0.002000374861815952 0.2172762118193751 2.535057513433757
26.067499999984598 4.216780312758609 -0.8771281673627153 6.714091938678962e-05 -0.10876604516689677 0.18779366340183137 0.00229457985836538 0.21702943968930616 2.5325622936601566
26.067999999984597 4.213847430188664 -0.8660207420718401 6.728464542398333e-05 -0.10827902672013054 0.18778616301733003 0.002589840744736307 0.21678260521387108 2.5300461486835837
26.068499999984596 4.210896225812107 -0.8548765565775875 6.742903020583398e-05 -0.1077902823518447 0.18777821215081444 0.002886145756245107 0.2165357517025144 2.527509306500352
26.068999999984594 4.207927160726611 -0.8436960278796407 6.757406826093258e-05 -0.10729983563626849 0.18776982809669635 0.0031834835862586766 0.21628892167371197 2.524951976438704
26.069499999984593 4.204940752352987 -0.8324796364001817 6.771976157691985e-05 -0.10680771130068231 0.18776103070987007 0.0034818391836996133 0.21604216035446375 2.52237438977367
26.069999999984592 4.201937542360729 -0.8212277479062375 6.786608839779877e-05 -0.10631393592114353 0.18775184061290986 0.003781205885955638 0.21579551464878158 2.5197768191335026
26.07049999998459 4.1989180165936055 -0.8099408209307324 6.801303723315017e-05 -0.10581853626090956 0.18774227539824043 0.0040815723364857935 0.21554902880980037 2.517159473045174
26.07099999998459 4.195882876591093 -0.7986192764555018 6.81605989148969e-05 -0.10532153986517691 0.18773236369318613 0.004382927038585584 0.215302757034898 2.5145227090683937
26.07149999998459 4.192833258936259 -0.787262486016105 6.830858123646268e-05 -0.10482298657707763 0.18772215357794475 0.004685329469429626 0.21505677801714776 2.5118670196617794
26.071999999984588 4.18976838918963 -0.7758725686759588 6.845726580445676e-05 -0.10432287577146294 0.18771160452121757 0.004988656921759972 0.21481106949838757 2.50919204224491
26.072499999984586 4.186689328855955 -0.7644493602820318 6.860653915896238e-05 -0.10382124386924985 0.18770076150331297 0.005292937629705467 0.21456570493961466 2.5064982651167824
26.072999999984585 4.1835965941587085 -0.7529932831292105 6.875638758639485e-05 -0.10331811734024654 0.1876896438420897 0.0055981616532855966 0.2143207297258008 2.5037859372717755
26.073499999984584 4.18049073137078 -0.7415047947985964 6.89068143209026e-05 -0.10281352009200681 0.187678273167121 0.005904314114623619 0.2140761898433969 2.5010553044882897
26.073999999984583 4.177372331816124 -0.7299842520462094 6.905778793809259e-05 -0.10230748122636098 0.1876666719367234 0.006211390443825363 0.21383213472706486 2.49830664364248
26.07449999998458 4.174241883297137 -0.7184321442251795 6.920930957730087e-05 -0.1018000258538741 0.18765485839886784 0.00651937573953421 0.2135886078529981 2.495540166884059
26.07499999998458 4.171099971067314 -0.7068488653233612 6.936136022255615e-05 -0.10129118157128209 0.1876428551266662 0.006828261934973554 0.21334565780733875 2.492756143970414
26.07549999998458 4.167947080146033 -0.6952348481733251 6.951394410666162e-05 -0.10078096995150251 0.1876306812444191 0.007138034184306056 0.2131033270050629 2.4899547969715585
26.075999999984578 4.164783873653951 -0.6835905194869198 6.966704179347948e-05 -0.10026942128345002 0.18761836263162487 0.0074486837903074135 0.21286166806472662 2.4871364231107718
26.076499999984577 4.1616108699328835 -0.6719163550520288 6.982066514856472e-05 -0.09975655770010741 0.18760591999456563 0.007760193407772755 0.21262072481982622 2.484301264800097
26.076999999984576 4.158428735446151 -0.660212489693285 6.997472095150614e-05 -0.09924241589271104 0.18759337750641183 0.008072578097417689 0.21238055210782336 2.4814496290041435
26.077499999984575 4.155237912065949 -0.6484796798235162 7.012928344933152e-05 -0.09872701258171183 0.18758075346199474 0.008385799201103388 0.21214118815289115 2.4785817095870786
26.077999999984574 4.152039057076592 -0.6367181570860513 7.028432066618158e-05 -0.09821037327153721 0.1875680748501265 0.008699855703993151 0.21190268429254885 2.4756978031152834
26.078499999984572 4.148832700694552 -0.6249284918149114 7.043982070347785e-05 -0.09769252946846634 0.18755536021224134 0.009014732664997652 0.21166508654785782 2.472798161636879
26.07899999998457 4.145619484646341 -0.6131110899744474 7.059578248717543e-05 -0.09717350561643592 0.18754263599972337 0.009330417495602176 0.21142844463826166 2.469883057948915
26.07949999998457 4.142399922593889 -0.601266328812802 7.075218360882017e-05 -0.0966533282548074 0.18752992142912087 0.009646902965941836 0.21119280298054216 2.4669527590508227
26.07999999998457 4.139174630815258 -0.5893946267872243 7.090901513727814e-05 -0.09613202397542546 0.18751724101265538 0.009964177916175418 0.2109582104402558 2.4640075226807623
26.080499999984568 4.13594418174783 -0.5774964224397244 7.106627707525307e-05 -0.09560961727663723 0.18750461757775805 0.01028222874859832 0.21072471320850064 2.4610476217560975
26.080999999984567 4.132709167944853 -0.5655721342746798 7.122395183640254e-05 -0.09508613611206328 0.18749207401644555 0.010601045756651205 0.2104923591744953 2.4580733300494693
26.081499999984565 4.129470199695534 -0.5536222077435411 7.138205082858706e-05 -0.09456160279383646 0.1874796357745223 0.010920612244722195 0.21026119548049382 2.455084923237399
26.081999999984564 4.126227983788614 -0.5416469332169762 7.154053264417429e-05 -0.09403604851757004 0.1874673307830367 0.011240928050744704 0.2100312762308445 2.4520827357671573
26.082499999984563 4.122982852436386 -0.5296469171532313 7.169941582979469e-05 -0.09350949560153571 0.1874551699339776 0.011561970205356563 0.20980263501124002 2.4490669158009983
26.082999999984562 4.119735510110748 -0.5176224835565473 7.185867224857473e-05 -0.09298197301128865 0.1874431816664751 0.011883734365672556 0.209575324885343 2.446037789583675
26.08349999998456 4.11648654036318 -0.5055740886642842 7.20183143382933e-05 -0.09245350259440803 0.18743139017876356 0.01220620295360395 0.2093493911069786 2.4429956315968995
26.08399999998456 4.113236898031395 -0.49350222034346747 7.217833700117066e-05 -0.0919241155612109 0.1874198363233727 0.012529359637399018 0.2091248979010246 2.4399408443587784
26.08449999998456 4.109986732011791 -0.4814071660361791 7.233871138586258e-05 -0.09139383317203983 0.18740852184782927 0.012853203414527654 0.2089018708415082 2.4368735317368175
26.084999999984557 4.10673672772449 -0.4692894032404237 7.249944929433321e-05 -0.09086268021146049 0.1873974753247212 0.013177716716299585 0.20868035995547035 2.43379404054345
26.085499999984556 4.10348750849436 -0.45714934456881506 7.266054303973461e-05 -0.09033068239274183 0.18738672191446723 0.01350288752651878 0.20846041279567232 2.4307026471456297
26.085999999984555 4.1002396200888285 -0.44498739917357205 7.282197999005147e-05 -0.08979786587648157 0.18737628256202976 0.013828705820721293 0.20824207328830607 2.427599629237612
26.086499999984554 4.096993716511284 -0.4328040007621831 7.298375766110538e-05 -0.08926425651697455 0.1873661839739931 0.014155158110204274 0.20802539001196307 2.4244852906769716
26.086999999984553 4.093750357533471 -0.4205995947314018 7.314587436546945e-05 -0.0887298789063917 0.18735644827809544 0.014482230287242917 0.20781040666005715 2.421359915476858
26.08749999998455 4.090510011418281 -0.4083745808701734 7.330834517694152e-05 -0.08819475143764921 0.1873470948146254 0.014809906798499205 0.2075971614835068 2.4182237429452913
26.08799999998455 4.087273774993023 -0.39612936743564303 7.347110494641498e-05 -0.08765891900090467 0.18733816745518458 0.015138186735364158 0.2073857270004585 2.4150773493171482
26.08849999998455 4.08404179526972 -0.38386445721385565 7.363421856860979e-05 -0.08712238773441001 0.18732967250056193 0.015467041584492334 0.20717612318770973 2.411920730914639
26.088999999984548 4.0808146326882095 -0.3715803427487676 7.379765238193599e-05 -0.08658519154260519 0.18732162927004523 0.015796462653986567 0.20696839473512058 2.4087542187743782
26.089499999984547 4.077593036464661 -0.3592774285053174 7.396140599115142e-05 -0.08604735609451575 0.18731406948556728 0.016126436800664324 0.20676259352693888 2.405578161954492
26.089999999984546 4.074377585051692 -0.34695609249996046 7.412547931373237e-05 -0.08550890342793951 0.18730701704096053 0.01645695141310525 0.20655876269973317 2.402392882988157
26.090499999984544 4.071168851280435 -0.33461679999069105 7.428987850990079e-05 -0.08496985733201388 0.18730049497141826 0.016787990255386707 0.20635694485133285 2.399198671830383
26.090999999984543 4.067967497313608 -0.322259828498107 7.445454788146341e-05 -0.08443025071407616 0.1872945283544834 0.017119555706137404 0.20615718948109882 2.395995863133663
26.091499999984542 4.064774000909528 -0.3098858922890834 7.461954093895888e-05 -0.08389010399165032 0.18728913618714035 0.017451614358416242 0.20595953225128957 2.392784703768284
26.09199999998454 4.061589027733724 -0.29749525731710336 7.478482946563934e-05 -0.08334944284702628 0.18728434584390596 0.01778416254247151 0.20576402080642409 2.389565569916643
26.09249999998454 4.058412887826288 -0.28508827668827075 7.49504277654114e-05 -0.08280828136663533 0.187280169521331 0.0181171859968896 0.20557068319018695 2.3863386321358657
26.09299999998454 4.05524658020528 -0.27266560590824623 7.511633020561165e-05 -0.08226665896979309 0.18727664787563825 0.018450664421039327 0.20537958280989335 2.3831044322851564
26.093499999984537 4.052090525861377 -0.2602276039365452 7.528253604842589e-05 -0.08172459502579947 0.1872737973204406 0.01878458632002118 0.20519075339342832 2.3798632042931853
26.093999999984536 4.048945225206831 -0.2477746621457374 7.544904934068562e-05 -0.08118210984623168 0.18727163816379913 0.0191189377670108 0.2050042321538201 2.3766152371643923
26.094499999984535 4.045811412658143 -0.23530730028034624 7.561585468020859e-05 -0.08063923660865097 0.18727019907334835 0.019453705154842467 0.20482006880686537 2.3733609395911355
26.094999999984534 4.042689589514525 -0.22282598059659442 7.578295317849642e-05 -0.08009599898124518 0.18726949937379844 0.01978887322242252 0.20463830030551425 2.3701006097809674
26.095499999984533 4.039580347738422 -0.21033114277542855 7.595035117057522e-05 -0.07955242004449668 0.18726956329176564 0.020124426231030286 0.20445896752540063 2.3668346186975526
26.09599999998453 4.0364842850409035 -0.19782325295248654 7.611804691233974e-05 -0.079008525577322 0.187270414554281 0.02046034910386627 0.20428211171487015 2.363563299308783
26.09649999998453 4.033401992877066 -0.18530265776046914 7.628600588587345e-05 -0.07846434479350431 0.18727207556827458 0.02079663746332815 0.20410777501434033 2.3602870178241795
26.09699999998453 4.030333969896405 -0.17277002734766073 7.645427805447522e-05 -0.07791989720391818 0.18727456668906137 0.021133259206880892 0.20393599082444983 2.3570060893454112
26.097499999984528 4.027280850473354 -0.16022574179782217 7.662283891921276e-05 -0.07737521148406164 0.18727791270195449 0.0214702067206756 0.20376680228838234 2.3537209081179253
26.097999999984527 4.024243157632622 -0.14767030169412854 7.679169781071015e-05 -0.07683031119149479 0.18728213408108627 0.021807461881420253 0.20360024522936485 2.3504318210529003
26.098499999984526 4.0212214749457384 -0.13510414179183527 7.696084060652957e-05 -0.07628522359927115 0.18728725333081345 0.02214501306371984 0.20343635909881846 2.347139206447834
26.098999999984525 4.018216335660505 -0.12252780750684795 7.713028460851543e-05 -0.07573997179892328 0.18729329157390828 0.022482838636838483 0.20327517907964276 2.343843419843374
26.099499999984523 4.015228398931284 -0.10994170302405984 7.729999662193398e-05 -0.07519458772325296 0.18730027391595036 0.02282093206064269 0.2031167486249632 2.3405449038013453
26.099999999984522 4.012258076540272 -0.09734636128398798 7.746999830672967e-05 -0.0746490914595416 0.1873082160012802 0.02315927158265891 0.20296109601979537 2.337243944597495
26.10049999998452 4.009305933520074 -0.08474231765724008 7.764029165134914e-05 -0.07410351056914688 0.18731713918482767 0.02349783973049746 0.20280825767966132 2.3339409678243297
26.10099999998452 4.006372654624312 -0.07213006011956864 7.78108767909719e-05 -0.07355787112624658 0.1873270716556322 0.023836618988433707 0.20265827539111156 2.3306364075680737
26.10149999998452 4.003458117228177 -0.059509484417593565 7.798171364723497e-05 -0.07301217789441934 0.18733800591770916 0.02417562132398706 0.20251115339287065 2.327330237936586
26.101999999984518 4.000563757822991 -0.04688192584822712 7.815282534725829e-05 -0.07246649344894787 0.1873499982492354 0.02451479831406391 0.20236696828572134 2.3240234783460014
26.102499999984516 3.9976897732284904 -0.0342476131505395 7.832420290361994e-05 -0.07192083101468895 0.1873630552036831 0.024854144063871958 0.2022257373982094 2.320716278516098
26.102999999984515 3.994836759005013 -0.021607049109980417 7.849584257655398e-05 -0.0713752180754255 0.18737719980614706 0.025193642618199924 0.20208749686925437 2.317409127855199
26.103499999984514 3.992005239564077 -0.008960724197690256 7.866772804699419e-05 -0.07082968330335236 0.18739245100516497 0.02553328096197298 0.20195227943070956 2.3141024052581467
26.103999999984513 3.989195709810953 0.003690800523224486 7.88398763661013e-05 -0.07028424993904628 0.18740882781931292 0.025873037087642742 0.2018201144144006 2.3107965553886536
26.10449999998451 3.9864086736218027 0.016347056791867473 7.901226925105001e-05 -0.06973894592625562 0.18742634835730163 0.02621289888657083 0.20169103278404663 2.307491967939912
26.10499999998451 3.9836446337894666 0.029007437364569365 7.918491269885159e-05 -0.06919379887734814 0.18744503070605992 0.02655284542130787 0.20156506378696315 2.3041890846024367
26.10549999998451 3.9809041561691965 0.041671425169414966 7.9357806079135e-05 -0.06864883541670229 0.18746489661049298 0.026892859369356127 0.20144223973713227 2.300888352375535
26.10599999998451 3.978187658325446 0.05433851322437053 7.953093334405998e-05 -0.06810408304935947 0.1874859597058726 0.02723292709070245 0.201322585749224 2.297590229730635
26.106499999984507 3.975495723000262 0.06700815470558569 7.970429450098779e-05 -0.06755956933454339 0.18750824233089683 0.02757303017922301 0.20120613396205309 2.2942951309769253
26.106999999984506 3.9728288180745825 0.07967982386102263 7.987788139224644e-05 -0.06701532122187578 0.18753176096195157 0.027913152325419004 0.20109291066744192 2.2910035443300485
26.107499999984505 3.9701875266537066 0.09235279993916651 8.00516711055821e-05 -0.06647137898061063 0.18755653404712955 0.028253276051995842 0.20098294777176076 2.2877159606998845
26.107999999984504 3.9675719820276907 0.10502633872127749 8.022572006078499e-05 -0.06592775727071784 0.18758256417562724 0.028593364901808704 0.20087625065661194 2.2844327161179354
26.108499999984502 3.964982470248496 0.11770062147375981 8.039996522079668e-05 -0.06538446780504374 0.18760986299338575 0.02893343576123111 0.20077283936701962 2.2811540889921784
26.1089999999845 3.9624201670310244 0.1303745055760278 8.057442891875821e-05 -0.06484156335090828 0.187638476157743 0.029273447485738964 0.20067277045052742 2.2778809858384204
26.1094999999845 3.9598852489712466 0.14304768394289244 8.074906948915057e-05 -0.0642990662187741 0.18766840627400244 0.02961339738700368 0.2005760552379843 2.274613714677095
26.1099999999845 3.9573781640888783 0.1557195045638401 8.092389192758712e-05 -0.0637570048267069 0.18769966829718546 0.029953263114092413 0.200482715251286 2.271352774783091
26.110499999984498 3.9548993966357133 0.16838940092285024 8.109890283833782e-05 -0.06321540415026368 0.18773228006822804 0.030293023899132125 0.20039277331892527 2.2680986540447203
26.110999999984497 3.952449392862245 0.1810568329351818 8.127407199289645e-05 -0.06267429677437113 0.18776625520407475 0.03063266824208358 0.20030625160776494 2.2648518566022253
26.111499999984495 3.9500285748988557 0.1937212099569477 8.144939805136434e-05 -0.0621337094305207 0.1878016077888205 0.030972176299196554 0.2002231690898205 2.2616128647903064
26.111999999984494 3.9476373793241826 0.20638190564893658 8.16249037663921e-05 -0.06159366489834143 0.18783835383637607 0.03131152229512353 0.2001435438779048 2.258382178667217
26.112499999984493 3.9452765220004378 0.21903845044024606 8.180050456161094e-05 -0.0610542091970643 0.18787651692776774 0.031650707409763376 0.20006741202186612 2.255160483212993
26.112999999984492 3.9429459976554253 0.2316901845233625 8.197625487660405e-05 -0.06051535311415322 0.1879160936857216 0.03198969915780868 0.1999947676336525 2.251948027731469
26.11349999998449 3.9406463505642373 0.24433644928808843 8.215214027024026e-05 -0.05997713014603871 0.18795710241826735 0.032328477905958684 0.19992563360845444 2.248745411524474
26.11399999998449 3.938377978285031 0.25697670766342445 8.232813479625917e-05 -0.05943957079327866 0.18799955480413683 0.032667031009105015 0.19986002626236357 2.245553160681609
26.11449999998449 3.9361412838380208 0.26961037494544327 8.250422475036346e-05 -0.058902703990830585 0.18804346321439264 0.03300534126776769 0.19979796081866263 2.2423717910407186
26.114999999984487 3.9339370104575924 0.28223723352904867 8.268037301562104e-05 -0.05836655035022269 0.1880888606132221 0.03334340253906622 0.19973947075990608 2.239201655919249
26.115499999984486 3.931765296689914 0.2948561834466863 8.285660882076409e-05 -0.057831150802601844 0.1881357415730963 0.03368117960383001 0.19968455403440097 2.236043631125058
26.115999999984485 3.9296265266490527 0.3074665168130618 8.303290145960502e-05 -0.057296541442476666 0.18818411535908944 0.03401865462754538 0.19963322318046348 2.232898165956913
26.116499999984484 3.9275208438015863 0.3200679896319346 8.320923875151013e-05 -0.05676273457531171 0.18823398579121062 0.034355820199645316 0.19958547999517232 2.229765656871907
26.116999999984483 3.9254487267118647 0.3326597353155187 8.338564045736173e-05 -0.056229762501480055 0.18828536812101732 0.034692643581840134 0.1995413379681926 2.226646707926842
26.11749999998448 3.923410443763275 0.34524116726388165 8.356209067849138e-05 -0.055697653663685114 0.18833826775505083 0.03502910901414701 0.19950080251201507 2.223541823178426
26.11799999998448 3.9214064660421433 0.357811726698397 8.373855967430136e-05 -0.05516643902015289 0.18839270000318725 0.03536520171536429 0.19946388871428222 2.220451603521541
26.11849999998448 3.9194370306825457 0.3703707312446076 8.391504474780256e-05 -0.054636146786522434 0.18844866873851535 0.03570090025325242 0.19943059836416727 2.2173765578287634
26.118999999984478 3.9175025009952993 0.3829175641395038 8.409153888793683e-05 -0.05410680462433577 0.1885061845899749 0.03603618488794711 0.19940093920692561 2.214317249203429
26.119499999984477 3.9156031724749054 0.3954516107172363 8.426802128873967e-05 -0.053578442344019664 0.18856525394689833 0.03637103884429782 0.19937491554025324 2.21127422326874
26.119999999984476 3.913739354797696 0.4079721989022388 8.444448802846522e-05 -0.05305108829233453 0.1886258844409749 0.036705440386512515 0.19935253096990996 2.208248041298106
26.120499999984474 3.911911367677146 0.42047868020907186 8.462093519182138e-05 -0.052524769743070944 0.18868808447185836 0.037039367998121374 0.19933378900708737 2.205239259163645
26.120999999984473 3.9101194463545412 0.4329703295351534 8.479737423459148e-05 -0.05199951208039553 0.18875185861777702 0.03737279497297325 0.19931868751413243 2.202248415483849
26.121499999984472 3.9083639162166497 0.4454467181218818 8.49737294288605e-05 -0.05147535162103157 0.1888172129310511 0.03770572166025482 0.19930723310878443 2.199276077803302
26.12199999998447 3.906645048008791 0.45790705492890466 8.515002518057108e-05 -0.050952313590573575 0.18888415385494434 0.038038116582057975 0.19929942335802345 2.1963228175790634
26.12249999998447 3.9049631056654217 0.47035068882247355 8.53262481079797e-05 -0.05043042662974153 0.1889526864875089 0.03836996015725475 0.1992952571020542 2.1933891716249367
26.12299999998447 3.903318325443474 0.48277698750114295 8.550238191567887e-05 -0.04990971912318491 0.18902281452522468 0.03870123415787689 0.19929473148915783 2.190475716998069
26.123499999984467 3.901710961811489 0.4951852993253217 8.56784118869219e-05 -0.04939022022577905 0.18909454239133902 0.03903191963950719 0.19929784385909902 2.187583012533581
26.123999999984466 3.9001413146333612 0.5075748976362708 8.585434765401766e-05 -0.04887195582117655 0.18916787783420946 0.03936198919757769 0.19930459167735112 2.184711608068809
26.124499999984465 3.8986089859327095 0.5199452387502378 8.603016277950704e-05 -0.04835494737032384 0.1892427935120176 0.039691433754978946 0.19931494109811435 2.18186170294336
26.124999999984464 3.897115116233112 0.5322955727408918 8.62058288983467e-05 -0.0478392385873516 0.18931933583685848 0.0400202277325553 0.19932892990755843 2.1790345315617135
26.125499999984463 3.8956595843824364 0.5446252297058857 8.638132967405044e-05 -0.047324855249372605 0.189397490469105 0.04034835344088386 0.19934653482255285 2.1762303557954947
26.12599999998446 3.894242601506453 0.5569335136651437 8.655667703345876e-05 -0.046811820974052204 0.18947726119617828 0.040675784859357016 0.19936774705863577 2.1734497562612862
26.12649999998446 3.8928646693258298 0.5692202373817195 8.673181934000476e-05 -0.04630015957180544 0.18955866732322768 0.04100252406057931 0.1993925778785939 2.170693144063192
26.12699999998446 3.8915253531641976 0.5814842950159377 8.690681257205814e-05 -0.04578989030598644 0.1896416798382494 0.041328523818411324 0.19942098101031483 2.167961124961456
26.127499999984458 3.8902252337991428 0.5937249203799828 8.70815793673821e-05 -0.0452810654751914 0.1897263131687894 0.0416537748407657 0.1994529662794598 2.1652544121699586
26.127999999984457 3.8889643718184095 0.6059414929559532 8.725613206527041e-05 -0.044773703148499495 0.1898125649143151 0.041978252629277076 0.199488515927079 2.1625735234520187
26.128499999984456 3.887742880103098 0.618133368716657 8.743044932980392e-05 -0.04426783118818305 0.18990043240286933 0.04230193962511511 0.199527615133718 2.159918962494161
26.128999999984455 3.8865609353094746 0.6302998015594774 8.76045278837188e-05 -0.04376347792015693 0.18998991618356575 0.04262481146473981 0.19957025029675896 2.1572913122664117
26.129499999984453 3.885418851321043 0.6424400800134368 8.777834607156135e-05 -0.043260676180624576 0.19008102262623328 0.042946847737395426 0.19961641464774008 2.15469122986248
26.129999999984452 3.8843164760852407 0.6545535873862619 8.795188890845212e-05 -0.04275944752211905 0.19017373711124727 0.04326803072776115 0.19966607904777697 2.1521190875520566
26.13049999998445 3.883254007379364 0.6666396239950928 8.8125137960216e-05 -0.04225982233433491 0.1902680606035354 0.043588340484659815 0.1997192301601596 2.1495755232684925
26.13099999998445 3.882231066933825 0.6786964966143959 8.829819680940521e-05 -0.04176183033183128 0.19036396405244974 0.04390770253463694 0.19977581341167702 2.1470608195240475
26.13149999998445 3.881248429495543 0.6907251288406525 8.84708697018785e-05 -0.041265492037169005 0.19046148187884954 0.04422618110792308 0.19983586266720949 2.144575798137741
26.131999999984448 3.8803059127266475 0.7027241810681095 8.864320956450201e-05 -0.04077084020267949 0.1905605944153043 0.04454372416895606 0.19989933696134804 2.1421209310906106
26.132499999984447 3.8794035017527455 0.7146930931912685 8.881520449345416e-05 -0.040277893329454945 0.1906612950776851 0.04486031224181158 0.1999662115113248 2.139696650315831
26.132999999984445 3.878541557470351 0.7266310457815907 8.898682454988825e-05 -0.039786692187756156 0.19076359025065934 0.04517592539345845 0.2000364778627139 2.137303673501683
26.133499999984444 3.8777200495981843 0.7385373577660743 8.91580503387145e-05 -0.03929726302677984 0.19086747026871104 0.045490544248443184 0.20011010895052947 2.1349424600222813
26.133999999984443 3.876938977162039 0.7504113731104044 8.932888026378215e-05 -0.03880962777238546 0.1909729282519203 0.04580414684905271 0.2001870785078642 2.132613488799581
26.134499999984442 3.8761983687474926 0.7622522898158228 8.949933005175545e-05 -0.038323809450034836 0.19107995848903428 0.0461167025787097 0.20026735920680339 2.1303173035825504
26.13499999998444 3.8754981073208667 0.7740595528250043 8.966932592569528e-05 -0.03783984322383741 0.19118854413899736 0.046428209735893816 0.2003509216461808 2.128054422145085
26.13549999998444 3.8748382579360783 0.7858326242541949 8.9838851254683e-05 -0.03735774514018056 0.1912986835767306 0.04673864725312708 0.20043774247182347 2.1258249649730603
26.13599999998444 3.8742190204172204 0.7975704892004142 9.000791856338916e-05 -0.03687755630328608 0.19141037457784124 0.04704798521268331 0.2005277999866961 2.1236299815817423
26.136499999984437 3.8736404203911867 0.8092725626319455 9.01764838090366e-05 -0.03639930359080299 0.19152361013598082 0.04735621023703833 0.2006210686578785 2.121469860920981
26.136999999984436 3.8731020342463864 0.8209382033068056 9.03445777802337e-05 -0.035922995080854406 0.19163836556288194 0.047663294752059854 0.20071749898255906 2.1193447213364784
26.137499999984435 3.872604259900569 0.832566609855604 9.051214610845084e-05 -0.03544867604453165 0.1917546476996536 0.047969223338563155 0.2008170807860561 2.11725547418779
26.137999999984434 3.8721469228054675 0.8441571831677412 9.06791540158705e-05 -0.03497637203028999 0.19187243958247038 0.048273983419400375 0.2009197778888543 2.1152024453304072
26.138499999984433 3.8717303494489235 0.8557094643600426 9.084560311569506e-05 -0.034506101011850566 0.19199175278603398 0.04857755732465884 0.201025578523043 2.1131860853667597
26.13899999998443 3.8713545875447286 0.8672228332963587 9.101145945429652e-05 -0.03403789302130453 0.19211258064179462 0.04887993202279051 0.20113445641344604 2.111206875423879
26.13949999998443 3.871019542963708 0.8786954775276161 9.117675029538474e-05 -0.03357180300088936 0.19223490091220197 0.04918104386556678 0.20124636185819966 2.1092657401370802
26.13999999998443 3.870724487468491 0.8901277142807901 9.134142090609941e-05 -0.03310781973065406 0.19235867895004222 0.04948091319977363 0.20136124221360582 2.107362453667023
26.140499999984428 3.87046843720946 0.9015203128054273 9.150540413808315e-05 -0.03264591520482243 0.1924838717961217 0.04977957646258982 0.2014790383984922 2.1054966948586484
26.140999999984427 3.8702531878664463 0.9128700933473609 9.166874687566336e-05 -0.03218621620343358 0.19261053442531031 0.05007692255369351 0.2015997734560891 2.1036703935839727
26.141499999984426 3.870077938134639 0.9241771203144432 9.183142813789784e-05 -0.0317287116132781 0.19273862816736034 0.05037295644962331 0.20172338652211402 2.1018834550017407
26.141999999984424 3.8699426153718104 0.9354407591869773 9.199341022417883e-05 -0.031273430411874276 0.19286814032044203 0.050667665253960596 0.2018498434546816 2.1001362666587045
26.142499999984423 3.8698470897134776 0.9466604133212861 9.215465329560664e-05 -0.030820399451615403 0.1929990557769979 0.050961037211493185 0.20197910750085288 2.0984292789666172
26.142999999984422 3.8697912917841712 0.9578352413056285 9.231517650161213e-05 -0.030369641771246486 0.19313136368712971 0.051253041088715555 0.2021111402219229 2.0967628989342155
26.14349999998442 3.869775019831093 0.9689646305361637 9.247494169579409e-05 -0.029921183467248997 0.19326504544670528 0.05154366444489717 0.20224590071496132 2.095137479144955
26.14399999998442 3.8697981781176543 0.9800478910577237 9.263393537691547e-05 -0.02947504928750863 0.19340008833750377 0.05183288747561945 0.20238335139906038 2.093553428838157
26.14449999998442 3.869860767149296 0.9910841253914436 9.279213561572589e-05 -0.029031274713214268 0.19353648145548824 0.05212068566590114 0.2025234565178274 2.0920111932669174
26.144999999984417 3.8699632985226806 1.002072319521611 9.294952181757469e-05 -0.02858990504965882 0.19367423752951687 0.052407028449100265 0.20266620237289945 2.090511669116924
26.145499999984416 3.8701044295988805 1.0130126432614002 9.310606234661732e-05 -0.02815092293108368 0.19381329158646643 0.05269192992379931 0.20281150346207447 2.0890542918177735
26.145999999984415 3.870284380631803 1.0239041119181578 9.326174304239741e-05 -0.027714367867960794 0.19395364296335307 0.05297536056921543 0.20295933245976858 2.0876397317698485
26.146499999984414 3.8705030133046985 1.0347459574426483 9.341656247606113e-05 -0.027280264062801436 0.1940952767953207 0.05325729596683908 0.20310964737128523 2.086268352207473
26.146999999984413 3.870760073139854 1.0455375657319173 9.357048960541391e-05 -0.026848635972392836 0.1942381722510435 0.05353772289483319 0.20326240327657266 2.084940479060405
26.14749999998441 3.871055343033913 1.0562782277856306 9.3723512667671e-05 -0.026419507086396017 0.19438231067518247 0.05381662107135133 0.20341755519533877 2.0836563963820116
26.14799999998441 3.8713886534824296 1.0669672300131867 9.387562102310698e-05 -0.025992901610294918 0.1945276756686165 0.05409396985174783 0.2035750601362523 2.0824164452081764
26.14849999998441 3.871759902188794 1.077603961031947 9.40267997903766e-05 -0.025568841070882392 0.19467425511192102 0.05436975154690996 0.2037348794889134 2.0812209153920334
26.148999999984408 3.872168723109052 1.0881878187586158 9.41770054741843e-05 -0.02514735236238322 0.19482202168967666 0.05464395798612175 0.2038969632203475 2.080070049679185
26.149499999984407 3.872615010675718 1.098718044829778 9.432621700234005e-05 -0.02472846484214059 0.19497096074829906 0.054916569555534506 0.20406127050548228 2.078964203397053
26.149999999984406 3.873098878841547 1.1091937972379606 9.447440691139544e-05 -0.024312215392519727 0.19512106684122046 0.055187565124448716 0.20422776962723158 2.0779038740260996
26.150499999984405 3.8736193676952095 1.1196147031491095 9.46216083714384e-05 -0.02389859409495248 0.19527229263595408 0.05545692563192025 0.20439638370470578 2.0768887569373247
26.150999999984403 3.874176718345667 1.1299798918252248 9.476776137809631e-05 -0.023487643877631213 0.19542463744085145 0.05572463160865459 0.2045670865553179 2.0759195143415115
26.151499999984402 3.8747699498918893 1.1402880698637679 9.491297898504378e-05 -0.023079377059321587 0.19557804603975323 0.05599062747969296 0.20473978632338152 2.0749959656237444
26.1519999999844 3.8753995836200534 1.1505398820374604 9.505710587747251e-05 -0.022673809877031263 0.1957325407465097 0.056254960512601246 0.20491449373750545 2.0741187161759624
26.1524999999844 3.8760650317796803 1.1607341803091282 9.520013978403306e-05 -0.02227097576920009 0.19588808055111231 0.056517597514463926 0.20509113899073822 2.0732877847574622
26.1529999999844 3.8767660407107 1.1708702941425342 9.53420852566244e-05 -0.021870892842217833 0.19604464642204852 0.056778516345191744 0.20526967448413563 2.0725034288087287
26.153499999984398 3.87750248794726 1.1809473466877694 9.548293733433168e-05 -0.02147359139116376 0.19620222265854642 0.05703769135455134 0.2054500560682463 2.0717659173070055
26.153999999984396 3.8782738532444756 1.190965056677986 9.562267081136476e-05 -0.021079079499177426 0.19636077942177926 0.05729511951207659 0.20563222998247244 2.071075250689823
26.154499999984395 3.879079881657888 1.2009226659863101 9.576127206167274e-05 -0.02068738293414243 0.19652029544031072 0.05755078030959488 0.2058161476824744 2.0704316313781623
26.154999999984394 3.879920883888843 1.2108197032945165 9.589869138182418e-05 -0.02029853418522441 0.19668077707816153 0.05780466926504458 0.20600179210623237 2.0698353950576154
26.155499999984393 3.880795740815936 1.2206552898399738 9.603496835335767e-05 -0.01991253860024237 0.1968421639137814 0.05805675216875078 0.2061890713887375 2.0692864254497536
26.15599999998439 3.881704536920351 1.2304290556481843 9.617007788858021e-05 -0.019529415968797557 0.1970044542545359 0.05830702246441625 0.2063779589803034 2.068784980554636
26.15649999998439 3.8826466929222554 1.2401402741995413 9.630401412913718e-05 -0.019149185080753597 0.1971676119438483 0.058555460065088216 0.2065683915615626 2.068331019612301
26.15699999998439 3.8836218213221407 1.2497883935832954 9.643675742501374e-05 -0.018771864153418017 0.19733161101001792 0.058802052486325564 0.2067603176729229 2.0679246435562053
26.15749999998439 3.8846295329562777 1.2593728732222953 9.656830228987437e-05 -0.018397468263272678 0.19749642644006052 0.0590467852322124 0.2069536859815533 2.067565847032648
26.157999999984387 3.8856696232823733 1.26889300263468 9.669863248090452e-05 -0.0180260237856051 0.19766203936601828 0.059289640706903735 0.20714845120108016 2.0672548971923277
26.158499999984386 3.8867416445564995 1.2783481888905859 9.682774578768522e-05 -0.017657545614380307 0.19782842176840768 0.05953060183674408 0.20734455848067937 2.0669916337881786
26.158999999984385 3.8878453415181182 1.287737934319949 9.695562102324715e-05 -0.01729205251017835 0.1979955544387075 0.059769658023863206 0.20754196365505342 2.0667762483174736
26.159499999984384 3.888980163548025 1.2970616036468674 9.708225492186762e-05 -0.0169295605347928 0.19816340363051238 0.060006792347674295 0.20774060673394473 2.0666086015089995
26.159999999984382 3.890145812133416 1.3063186577238635 9.720763152959479e-05 -0.016570088124315308 0.1983319479862298 0.06024199202793668 0.20794044103048864 2.0664887638162286
26.16049999998438 3.8913418821110035 1.3155084936497683 9.733173975610953e-05 -0.01621365409073538 0.19850116053843805 0.060475242412855984 0.20814141408901418 2.0664167132911304
26.16099999998438 3.892567964152944 1.324630547277645 9.745458077177265e-05 -0.01586027249620878 0.19867101547347407 0.06070652693719653 0.20834347372954098 2.066392385781621
26.16149999998438 3.8938236962914803 1.3336842843810879 9.757614078521724e-05 -0.015509960787934781 0.1988414884546606 0.06093583336929974 0.20854657082512593 2.0664157984906844
26.161999999984378 3.8951086206046464 1.3426691506437023 9.769641623924471e-05 -0.015162733372096029 0.19901255109198476 0.061163146778361335 0.20875065149427555 2.0664868568818635
26.162499999984377 3.896422175257259 1.3515847938031589 9.781541167112277e-05 -0.014818594025040663 0.19918417273318142 0.06138845679500389 0.20895566042572974 2.0666053730207397
26.162999999984375 3.8977641738852196 1.3604303568367144 9.793311816207168e-05 -0.014477573413998288 0.1993563342208562 0.061611740589322485 0.20916155168764025 2.0667714221882774
26.163499999984374 3.8991344715423777 1.369204893996197 9.804951942403007e-05 -0.014139707962529065 0.19952901673959467 0.061832973671151675 0.20936827958253942 2.0669851723660964
26.163999999984373 3.9005320069258116 1.3779088746218697 9.816458060421318e-05 -0.013804974021720332 0.1997021722109397 0.062052180814750404 0.209575781132684 2.0672459791450732
26.164499999984372 3.9019566786761475 1.3865413203843449 9.827831568343997e-05 -0.01347340276277663 0.19987578554108024 0.06226932989522179 0.20978401195818489 2.0675539504654137
26.16499999998437 3.903408102747216 1.395101813822829 9.839070468639257e-05 -0.013145008856894125 0.20004983219661734 0.062484414112792826 0.20999292518263935 2.0679089550600462
26.16549999998437 3.904885639078723 1.4035897746436152 9.850178113719793e-05 -0.012819797038599168 0.20022427715649133 0.06269741090869334 0.21020245881912006 2.068310758527447
26.16599999998437 3.9063889146698476 1.4120047851199136 9.861148658347346e-05 -0.012497791459828128 0.20039909357458596 0.06290832182769676 0.21041256723890348 2.06875919384601
26.166499999984367 3.9079175594560183 1.420346315425943 9.871982560389038e-05 -0.012179005613692794 0.2005742579586678 0.06311713150483854 0.210623202479707 2.069254158465467
26.166999999984366 3.909471014414782 1.42861385381474 9.882680817517186e-05 -0.01186344841224411 0.20074973828168585 0.06332382449013844 0.21083430834770037 2.069795351383076
26.167499999984365 3.911048902379406 1.4368069990612482 9.893241253013505e-05 -0.011551134988810387 0.20092551018571106 0.0635283951197884 0.2110458394506131 2.070382648679257
26.167999999984364 3.912650935964135 1.4449253943385871 9.903661988756916e-05 -0.011242074849707979 0.20110155584265962 0.06373083407491266 0.21125775541065667 2.071015642442438
26.168499999984363 3.914275539884626 1.4529701204241796 9.91393918321751e-05 -0.010936220945451406 0.20127780720587007 0.06393118988993114 0.21146998284133273 2.0716933625543623
26.16899999998436 3.915923573186383 1.4609382370758421 9.924079157015478e-05 -0.010633678449727358 0.20145427690656498 0.06412936158821277 0.21168248822004834 2.0724168092080677
26.16949999998436 3.9175942210663206 1.4688300960387588 9.93407894145096e-05 -0.010334431032481836 0.20163092735889215 0.06432536871704911 0.21189522031644858 2.073185418409247
26.16999999998436 3.91928689577365 1.4766452829175587 9.943937965011355e-05 -0.010038487782434172 0.20180772509414605 0.06451920245172853 0.2121081248553191 2.0739987894863563
26.170499999984358 3.921001200986147 1.4843833809827958 9.953655222441019e-05 -0.009745861921752084 0.20198464535937743 0.06471085491870306 0.212321156576213 2.074856704819508
26.170999999984357 3.9227367396956074 1.4920439005728259 9.963230179223093e-05 -0.009456567726399832 0.2021616630038099 0.06490031457711387 0.21253426898699965 2.07575891439744
26.171499999984356 3.9244930065457053 1.4996263198004292 9.97266171810975e-05 -0.009170621365319348 0.20233874678357844 0.06508757133007144 0.2127474105314146 2.0767050462721546
26.171999999984354 3.926269423669633 1.5071304618474102 9.981949851584678e-05 -0.008888022050700072 0.20251586664337154 0.06527262208961593 0.2129605324297049 2.0776947635649003
26.172499999984353 3.928065593224562 1.514555831741491 9.991093676861976e-05 -0.008608785519333643 0.2026929970341183 0.06545545649487797 0.21317358893573998 2.078727708162574
26.172999999984352 3.929880978931306 1.5219021823556087 0.00010000092118126039 -0.008332917290851241 0.20287010826099905 0.06563607222696415 0.21338653264390633 2.0798035376201587
26.17349999998435 3.931715008847179 1.5291687914197123 0.0001000894776129716 -0.00806043096399017 0.2030471662842906 0.06581444531487353 0.21359930593405516 2.0809218052455742
26.17399999998435 3.933567315457722 1.536355593982476 0.00010017656064689748 -0.007791335893781144 0.20322414910037587 0.06599058609812758 0.2138118732581423 2.082082180705342
26.17449999998435 3.9354375061774123 1.543462094046256 0.00010026217235747135 -0.007525646294539471 0.20340103197063036 0.06616448279298305 0.21402419008637988 2.0832842717453683
26.174999999984347 3.9373249830503743 1.5504877596295574 0.00010034634188884291 -0.0072633664203574306 0.2035777821461194 0.06633611488259551 0.21423620145299005 2.0845277411892393
26.175499999984346 3.9392293192937746 1.5574323948165467 0.0001004290078180169 -0.007004514477086386 0.20375437200718186 0.06650549351595814 0.21444786779751837 2.0858121504161833
26.175999999984345 3.9411500024628525 1.5642956245028645 0.00010051017915247141 -0.006749096316894564 0.20393077299414392 0.0666726084932892 0.21465914189333563 2.0871370778830944
26.176499999984344 3.9430864511185426 1.571077427315173 0.00010058980353054399 -0.0064971190380782 0.20410695269732093 0.06683747403568066 0.21486998075732136 2.0885019802531404
26.176999999984343 3.9450383622387952 1.5777768825730751 0.0001006679556392548 -0.006248596579325756 0.2042828909550197 0.06700005023129008 0.21508033668177812 2.08990658446393
26.17749999998434 3.947005197030469 1.5843939669157583 0.00010074459337243114 -0.006003532977566517 0.20445855847887948 0.06716034756866451 0.21529016890935343 2.0913503728077405
26.17799999998434 3.948986446250704 1.5909282015977755 0.00010081972296925487 -0.005761939275148715 0.2046339253420087 0.06731835420447309 0.21549942959991378 2.09283287669734
26.17849999998434 3.950981675758856 1.5973793399440983 0.00010089333238431928 -0.00552382305728747 0.20480896663676995 0.06747406851699868 0.21570807902864092 2.0943536708362043
26.178999999984338 3.9529903299350755 1.6037470903250142 0.00010096542182787816 -0.005289189231003651 0.2049836519118529 0.06762748559570086 0.21591607138385452 2.095912159952263
26.179499999984337 3.9550120759566494 1.610030997611772 0.0001010359806630298 -0.005058053940404982 0.2051579588171133 0.0677785966528069 0.21612336787097386 2.0975080194509976
26.179999999984336 3.957046362561118 1.6162308475602563 0.00010110500293785459 -0.00483042111359417 0.2053318575354487 0.06792740087292498 0.21632992505994983 2.099140688846597
26.180499999984335 3.959092711845014 1.6223463850204543 0.00010117248720060423 -0.004606295164904585 0.20550532179596234 0.0680738938595791 0.21653570206045353 2.1008096458288454
26.180999999984333 3.9611505856360663 1.6283772284773574 0.00010123842305907776 -0.004385685923585492 0.2056783205607032 0.06821806876421903 0.21674065307553966 2.1025144785174987
26.181499999984332 3.9632196454096897 1.6343232118325877 0.00010130278445322502 -0.004168605995008987 0.2058508324774692 0.06835993281901662 0.21694474624343676 2.1042545385988367
26.18199999998433 3.965299381453198 1.6401839637017037 0.0001013656287874623 -0.003955048777092948 0.2060228328988554 0.06849946461615854 0.21714793745094435 2.106029343072561
26.18249999998433 3.967389221259192 1.645959154713028 0.00010142692155754008 -0.0037450291382081146 0.20619428754420457 0.06863666613308955 0.21735018149744745 2.107838296339567
26.18299999998433 3.969488783881273 1.6516485323111916 0.0001014866631178515 -0.003538553119917697 0.20636517474091642 0.06877153325243167 0.21755144331840634 2.1096809519847315
26.183499999984328 3.9715974738502884 1.6572518157779845 0.00010154484082318946 -0.003335627631773312 0.20653546135294595 0.06890406426151664 0.21775167801816658 2.111556527957031
26.183999999984326 3.9737148557125495 1.6627692223629353 0.00010160148612059372 -0.0031362354731043103 0.20670513022937057 0.06903426408709262 0.2179508578880346 2.113464696032891
26.184499999984325 3.975840348559616 1.6682006775681313 0.00010165655061338784 -0.0029403813248828213 0.2068741494953353 0.06916214137565649 0.2181489430903124 2.115404737103277
26.184999999984324 3.977973759688072 1.673544949255312 0.00010171005868053897 -0.0027481074060615174 0.20704249628006224 0.0692876610107273 0.2183458891954055 2.1173761234012227
26.185499999984323 3.9801144367967254 1.678802162518268 0.00010176203555049661 -0.0025593948711941216 0.2072101423330924 0.06941082385326452 0.21854165748386742 2.1193782540366852
26.185999999984322 3.982261966190232 1.6839721212135963 0.0001018124633788948 -0.002374252227048447 0.20737706364526234 0.06953163212023847 0.2187362143429227 2.12141056039985
26.18649999998432 3.9844152922923333 1.689054527599677 0.00010186140227602235 -0.002192663954734536 0.20754320980803892 0.06965006898027065 0.21892949509282325 2.123472127838852
26.18699999998432 3.986574512241379 1.6940495419115469 0.00010190874637464346 -0.002014653165032796 0.20770857915349314 0.0697661651025786 0.21912149706146716 2.1255626690910097
26.18749999998432 3.9887392527802303 1.6989568023418937 0.00010195453987371208 -0.0018402197620476022 0.20787315226774483 0.06987990381513251 0.21931218570730135 2.127681670594003
26.187999999984317 3.9909087368502565 1.7037760818668415 0.00010199878813696791 -0.0016693627406237353 0.20803688897511813 0.06999128213171717 0.21950151143180552 2.129828326582983
26.188499999984316 3.9930827142989638 1.7085069778861648 0.00010204149485158257 -0.0015020948914112743 0.20819977248134902 0.07010029090373872 0.21968944520649392 2.1320021393973834
26.188999999984315 3.9952605298889736 1.713149449476258 0.00010208267439974741 -0.001338408105597681 0.20836177114377052 0.07020693053086839 0.219875947081513 2.1342024150107872
26.189499999984314 3.9974418040131967 1.7177032933032397 0.000102122315786358 -0.0011783090697294642 0.20852286319344646 0.07031120053811758 0.2200609865645612 2.136428554266194
26.189999999984312 3.9996259886939542 1.72216851298734 0.00010216040829871588 -0.0010217956301936475 0.20868302087240256 0.07041310799311337 0.2202445301113999 2.138679874932277
26.19049999998431 4.0018126083829415 1.7265447208989684 0.00010219699304162415 -0.0008688678901213037 0.20884221935177844 0.07051263641493928 0.22042653971192364 2.1409557349273585
26.19099999998431 4.004001119263582 1.7308318836393612 0.00010223205859987108 -0.0007195248878050419 0.20900043071905688 0.0706097914499894 0.22060698176945004 2.143255424889162
26.19149999998431 4.006190971885662 1.7350299093774413 0.00010226564065748179 -0.0005737564215167474 0.20915762945741587 0.07070456682154079 0.22078582138828265 2.145578272083794
26.191999999984308 4.008381850877304 1.7391385683496412 0.00010229770567635394 -0.00043157738820186507 0.20931379477807718 0.07079696717680645 0.22096303198697023 2.147923726764898
26.192499999984307 4.010573220134434 1.74315783377726 0.00010232828388099824 -0.0002929765255489892 0.20946890222354164 0.0708869889939498 0.22113858108120465 2.150291104585476
26.192999999984306 4.012764395479675 1.7470877408814438 0.00010235737332797785 -0.0001579465275263144 0.20962291840619882 0.07097463875521365 0.2213124312248874 2.152679513566712
26.193499999984304 4.01495497933077 1.7509280516287276 0.00010238497267376505 -2.6492872735541838e-05 0.20977582121641036 0.07105991299601729 0.2214845527432855 2.1550885797244974
26.193999999984303 4.017144953565255 1.754678652027235 0.00010241108680539324 0.00010137905537311235 0.20992760809767705 0.07114281060657297 0.2216549354747768 2.157517570580305
26.194499999984302 4.019333184446931 1.7583394100269623 0.0001024357321727941 0.00022568066239110092 0.2100782233894237 0.07122333011131149 0.22182351910102505 2.1599656574757935
26.1949999999843 4.0215193778355625 1.761910295492408 0.00010245892306871912 0.0003464161005717055 0.21022765316673447 0.07130147095593148 0.2219902833922852 2.162432192711799
26.1954999999843 4.023703081404544 1.7653912477560032 0.00010248068029654361 0.00046359235419018714 0.21037587602994068 0.07137723009911145 0.22215520050149024 2.164916546113836
26.1959999999843 4.025883776484906 1.7687822131429862 0.00010250099013585953 0.0005772076459774109 0.21052286458557443 0.07145061433672217 0.2223182403022246 2.1674180188743124
26.196499999984297 4.028060909764603 1.7720833387583779 0.0001025198472374759 0.0006872713978184005 0.21066859296439783 0.07152163307735372 0.22247937522751407 2.1699359097272466
26.196999999984296 4.030233972166323 1.775294248494251 0.00010253729788829404 0.0007937858544096951 0.21081303538019555 0.07159026876762843 0.22263856935494244 2.172469465884984
26.197499999984295 4.0324025383692765 1.778415058042345 0.00010255333937919466 0.0008967572519543954 0.2109561716891459 0.07165653018950567 0.2227958008269206 2.1750180408441935
26.197999999984294 4.034566086115427 1.7814454333370489 0.00010256798718637283 0.0009961813208546676 0.21109797350919388 0.07172040870519479 0.22295103458327462 2.1775809601782066
26.198499999984293 4.0367241574411965 1.7843857913934955 0.00010258124573914049 0.0010920792965737067 0.21123842348961708 0.07178191820529456 0.2231042536053502 2.1801575286567645
26.19899999998429 4.0388762060831604 1.7872360080140706 0.00010259312345431045 0.0011844522642509956 0.21137749366199798 0.0718410588344306 0.22325542655990785 2.182746996737596
26.19949999998429 4.041021845700883 1.7899961691897726 0.00010260362648093087 0.0012733090638404397 0.2115151667270907 0.07189783432693214 0.22340453364348722 2.1853486865620617
26.19999999998429 4.043160345851897 1.7926666532792717 0.0001026127643013214 0.0013586721553851455 0.2116514118043757 0.07195225942074196 0.22355154605719232 2.1879613232306663
26.200499999984288 4.045291325534008 1.795246636657416 0.00010262059178158743 0.0014405278378611037 0.21178620443507581 0.07200430100795835 0.22369642570481998 2.1905849591551765
26.200999999984287 4.047414523652457 1.7977365866819088 0.00010262706496205753 0.0015188831749654028 0.21191953357982862 0.07205398668912089 0.22383916707445842 2.1932188365088026
26.201499999984286 4.049529314047168 1.800136425227603 0.00010263221083011025 0.0015937478327828329 0.2120513696162617 0.07210131267439704 0.22397973720329722 2.1958621655857464
26.201999999984285 4.051635342305613 1.8024462770837346 0.00010263603935162128 0.0016651310942160842 0.212181697033037 0.07214628407378391 0.2241181195776806 2.198514387356979
26.202499999984283 4.053732031407293 1.8046662245509753 0.00010263855692684651 0.0017330428438568641 0.21231048889168513 0.07218890622897987 0.22425428716852094 2.201174704417838
26.202999999984282 4.05581928675432 1.806796318464095 0.00010263979253138486 0.001797491184011242 0.21243774289034037 0.072229176810073 0.22438823400873706 2.2038429940068562
26.20349999998428 4.057896646095616 1.8088367370354754 0.00010263973528673575 0.001858481021565722 0.21256343663487445 0.07226710997640359 0.224519940606792 2.2065189938045
26.20399999998428 4.059963184841314 1.8107872135021608 0.00010263839035686667 0.001916018910906587 0.2126875240376472 0.07230269798526948 0.22464935821337392 2.2092004099911278
26.20449999998428 4.062018616901816 1.812647893731154 0.00010263578931773342 0.001970115700730012 0.21280999340402304 0.07233594454698075 0.2247764745741833 2.2118872465376307
26.204999999984278 4.064062701953159 1.8144191077926615 0.00010263189875608968 0.002020777337013196 0.21293083438001614 0.07236686916792112 0.22490128395361078 2.2145789616942775
26.205499999984276 4.066094853783401 1.8161007598530867 0.00010262677037651448 0.0020680191713161955 0.21305002110777055 0.07239546123930095 0.225023756535539 2.2172745979375645
26.205999999984275 4.068114841131273 1.8176929892945592 0.00010262040110790182 0.0021118443865469285 0.2131675427542955 0.07242173064134867 0.22514388341615113 2.2199739858591196
26.206499999984274 4.070122149242241 1.8191958260141883 0.00010261280511223742 0.0021522629402945244 0.21328337557947896 0.07244567844991766 0.22526164089877823 2.222676268801301
26.206999999984273 4.07211643651746 1.8206094192224955 0.00010260399227383585 0.002189284852323806 0.21339750498197793 0.07246731059890293 0.22537701570066052 2.2253808473293133
26.20749999998427 4.074097393152506 1.821933917787548 0.0001025939611370588 0.0022229169827850757 0.21350991710665887 0.07248663537675076 0.22548999616623064 2.2280871150671095
26.20799999998427 4.076064545118256 1.8231694002439036 0.00010258272327126834 0.0022531690939571283 0.21362059033594455 0.07250365651501359 0.22560056204382667 2.230794382850914
26.20849999998427 4.078017613070988 1.8243160359586885 0.00010257027310255399 0.002280047454847194 0.21372951219616704 0.07251838371056923 0.22570870381091027 2.233502090250057
26.208999999984268 4.079956208889639 1.8253739135259637 0.00010255663307978143 0.002303563596491668 0.21383666610496013 0.0725308184211883 0.22581440564537655 2.236209592459418
26.209499999984267 4.08187998353483 1.8263430992387018 0.0001025418158874255 0.0023237254640972914 0.21394203643481485 0.07254096341173162 0.22591765319826232 2.2389162688106294
26.209999999984266 4.08378863254932 1.8272238260351488 0.00010252580018439091 0.00234053822814204 0.21404560911488454 0.07254883371744929 0.22601843768666627 2.241621550624016
26.210499999984265 4.085681786556154 1.828016193508539 0.00010250863274152784 0.002354019430620099 0.2141473703194903 0.07255442569075876 0.2261167448676645 2.244324833390208
26.210999999984264 4.087559207981663 1.8287203666605873 0.00010249030510817365 0.002364174035150698 0.21424730938610378 0.07255774937537665 0.22621256793660544 2.2470255811755133
26.211499999984262 4.089420489833847 1.8293364786187059 0.0001024708249557903 0.0023710120025241953 0.21434540828291376 0.07255881071343805 0.22630589201793583 2.2497231206695734
26.21199999998426 4.091265397931157 1.829864695719713 0.00010245019933488101 0.0023745419172118594 0.21444165759314632 0.0725576164953144 0.22639671082437113 2.252416960800549
26.21249999998426 4.093093696748821 1.83030519905208 0.00010242843263465345 0.0023747724038838828 0.21453604785621117 0.07255417429957567 0.22648501844940203 2.255106578239299
26.21299999998426 4.0949050342522195 1.8306580971562232 0.00010240553437813454 0.0023717122092444362 0.2146285635343062 0.07254848898688596 0.22657080252734135 2.257791332067983
26.213499999984258 4.096699150159528 1.8309236377321318 0.00010238150995011875 0.002365373075238415 0.21471919480451326 0.07254056975578366 0.2266540576909606 2.2604707351119613
26.213999999984257 4.098475847946796 1.8311020281032904 0.0001023563794281847 0.002355767963583565 0.21480793557893585 0.07253042123583214 0.2267347808233879 2.2631442975034415
26.214499999984255 4.100234827460977 1.8311933419767077 0.00010233011403041688 0.0023428939555843113 0.21489476948907987 0.07251805617697449 0.22681296166123027 2.2658114239529676
26.214999999984254 4.101975835020598 1.831197865089891 0.00010230272234756524 0.002326765212820046 0.21497968782925392 0.0725034838693791 0.22688859642722545 2.268471581156201
26.215499999984253 4.103698477065985 1.8311154898513082 0.00010227424669998243 0.0023073907964892676 0.21506267295528378 0.0724866958790086 0.22696166731502251 2.2711241785832437
26.215999999984252 4.105402848224235 1.8309468045410058 0.0001022446562840318 0.0022847817822199356 0.21514373341146253 0.07246771815260651 0.2270321924931802 2.273768928685911
26.21649999998425 4.107088560418038 1.8306918732050248 0.00010221396609559247 0.0022589470274871374 0.2152228518405632 0.07244655318319837 0.22710015822139798 2.276405173537887
26.21699999998425 4.108755429482807 1.8303509617398828 0.00010218217663397666 0.0022298967054738858 0.2153000219013442 0.07242321171940796 0.22716556399637372 2.279032498368527
26.21749999998425 4.110403261252226 1.82992418887065 0.00010214929819091673 0.002197638153308964 0.2153752359007545 0.07239769806032681 0.2272284060965811 2.2816504055358284
26.217999999984247 4.112031990254949 1.8294120150971436 0.0001021153130676951 0.0021621824933783437 0.2154484941274479 0.07237003271186963 0.22728869371272453 2.2842584251579616
26.218499999984246 4.11364120886426 1.8288143536689456 0.00010208024344276428 0.0021235355636516186 0.21551977710179263 0.07234021149721226 0.22734640952686688 2.2868560558890687
26.218999999984245 4.115230840869965 1.8281314555605757 0.00010204410374442442 0.0020817087994726632 0.21558908454250436 0.07230824165417747 0.22740155825437922 2.289442902293276
26.219499999984244 4.116800611675945 1.827363775485438 0.00010200690298225398 0.002036722738725754 0.21565640863577676 0.07227413719047243 0.22745413984322818 2.2920184746241623
26.219999999984243 4.118350128792202 1.8265110281381207 0.00010196862581628925 0.001988565593338032 0.21572172534924014 0.07223789846463431 0.22750413436981495 2.294582147558822
26.22049999998424 4.119879909424931 1.8255743458971432 0.00010192925024546379 0.001937265591285134 0.21578507058705476 0.07219956298962266 0.22755159103404193 2.297133867794348
26.22099999998424 4.121389302480543 1.8245532074462885 0.00010188881374405937 0.0018828195491833954 0.21584640960868803 0.07215911154015535 0.22759647389333804 2.299672899773227
26.22149999998424 4.12287823231045 1.82344816613759 0.00010184729074756998 0.0018252403633281361 0.21590574261085801 0.07211656878731079 0.22763879433959608 2.302198858244868
26.221999999984238 4.124346566418157 1.8222593168508625 0.00010180472247768798 0.0017645409714556676 0.2159630667099922 0.07207193158596566 0.2276785521522759 2.3047113935044363
26.222499999984237 4.125794237689026 1.820987041633405 0.00010176107224541182 0.0017007254138245436 0.2160183799220558 0.07202522183809842 0.2277157559588492 2.307210119704526
26.222999999984236 4.127220924564206 1.8196315093378859 0.00010171637519201538 0.0016338106764872025 0.21607167073666733 0.07197644004914966 0.22775039880186865 2.3096945161730655
26.223499999984234 4.1286265756572025 1.8181928485152232 0.00010167061983374712 0.001563797321847821 0.21612293682346714 0.07192559536568313 0.22778248517384336 2.3121642195583405
26.223999999984233 4.13001107830529 1.8166715556296986 0.00010162379888718304 0.0014907012566132618 0.21617217739599112 0.07187270650752653 0.22781202428993377 2.314618920970762
26.224499999984232 4.131374237824789 1.815067835255435 0.0001015759303325024 0.0014145349865162275 0.21621938623437575 0.0718177784548248 0.22783901596299203 2.31705818454404
26.22499999998423 4.132715858494811 1.8133819009296785 0.00010152702185992312 0.0013353087680482484 0.21626455643188086 0.0717608188740624 0.22786346030827365 2.3194815342968025
26.22549999998423 4.1340359271287666 1.8116140610089173 0.00010147708687495785 0.0012530354948790102 0.2163076913563091 0.07170183618446069 0.22788536756463967 2.3218887000872748
26.22599999998423 4.135334307288288 1.8097646208974845 0.00010142610330378862 0.0011677208744665605 0.21634878585033784 0.07164084694597728 0.22790474251777418 2.3242793243637343
26.226499999984227 4.136610867146469 1.807833904328629 0.00010137405410980356 0.0010793725823823935 0.21638783556983526 0.07157786703610634 0.22792159063416564 2.32665303478766
26.226999999984226 4.137865428269276 1.8058220282403001 0.00010132098155827318 0.0009880055399448036 0.21642483584331706 0.07151289350847062 0.2279359113055851 2.3290094333900493
26.227499999984225 4.139097903542983 1.803729423172192 0.00010126687488697217 0.000893632247622034 0.2164597861354825 0.07144594391919268 0.2279477143884475 2.331348136474193
26.227999999984224 4.140308196299747 1.8015563554847338 0.00010121173254401471 0.0007962615133100105 0.21649268424087417 0.07137702888726516 0.22795700606691147 2.3336688823166303
26.228499999984223 4.141496175412377 1.799303114596813 0.00010115556121935878 0.0006959054913477376 0.21652352717888418 0.07130615811419057 0.2279637916236783 2.3359712626221256
26.22899999998422 4.142661766366568 1.7969699680127333 0.00010109836217568938 0.000592573423428297 0.216552314017389 0.07123334165003242 0.2279680784938502 2.338255015628131
26.22949999998422 4.143804943125632 1.7945575488445962 0.00010104013764095315 0.0004862876664352869 0.21657905041197983 0.07115859939865948 0.22796988358427597 2.340519902024617
26.22999999998422 4.144925379848219 1.7920657705398313 0.00010098088205075802 0.00037704599563619513 0.21660371884324467 0.07108193390662401 0.22796919640230318 2.342765376700603
26.230499999984218 4.146023108884924 1.7894949905892852 0.00010092061559142089 0.00026486467146934916 0.21662632601312132 0.07100335277960246 0.2279660312002251 2.3449912073813826
26.230999999984217 4.147097953789245 1.7868456250159162 0.0001008593087715873 0.00014975221311943287 0.21664686550992104 0.07092287746244665 0.22796039416651387 2.3471970718076567
26.231499999984216 4.14815012196531 1.7841178554836152 0.00010079702017448489 3.172390091622997e-05 0.21666535285579627 0.07084050269977188 0.22795230412805434 2.3493831504482783
26.231999999984215 4.149179097328722 1.7813120623842664 0.0001007337096546303 -8.920848867470875e-05 0.21668176499592234 0.07075625032029771 0.2279417517684972 2.351548389027492
26.232499999984213 4.150184872241518 1.7784285662892827 0.00010066940514353524 -0.00021302989350540285 0.21669610621255586 0.07067012700558258 0.22792874913095976 2.3536927775578613
26.232999999984212 4.151167421972727 1.7754676159279412 0.00010060409747888088 -0.00033973407460212614 0.2167083771723042 0.07058214388776196 0.22791330630677936 2.3558159831803915
26.23349999998421 4.152126690618513 1.7724295735546454 0.00010053779278514751 -0.000469307629970104 0.2167185791855471 0.07049231278219592 0.22789543430098977 2.3579177856579054
26.23399999998421 4.153062553947518 1.7693147797338566 0.00010047048891026204 -0.0006017385400833926 0.21672670958379806 0.07040064652799274 0.22787514074126194 2.3599978595450333
26.23449999998421 4.153974892208715 1.7661235029835858 0.00010040219862595739 -0.0007370141083582929 0.2167327661100004 0.07030715264581991 0.22785243208851355 2.3620559324337265
26.234999999984208 4.15486355824065 1.7628560204517836 0.00010033290927171532 -0.0008751266819644618 0.2167367435364584 0.07021184430797114 0.22782731382919125 2.3640916804614056
26.235499999984206 4.155728559061172 1.7595127786498255 0.00010026264851984148 -0.0010160550033174289 0.2167386488073372 0.0701147304870888 0.22779980176873973 2.3661049229589124
26.235999999984205 4.1565697825265175 1.756094060503742 0.00010019138223766478 -0.0011597970013876452 0.21673847685372574 0.0700158293409226 0.22776990327138183 2.3680953672073213
26.236499999984204 4.157387160392403 1.752600077349344 0.00010011918421035188 -0.001306327898716131 0.21673623167125422 0.06991513309459649 0.22773762633185954 2.3700627659962947
26.236999999984203 4.15818058813321 1.7490311954053128 0.00010004602072344883 -0.001455642539388389 0.2167319095299413 0.06981266206873882 0.22770298041268822 2.372006880994763
26.237499999984202 4.158949986538052 1.7453877423885542 9.997190750338225e-05 -0.0016077255705165402 0.21672551107627977 0.06970842453682302 0.2276659754644745 2.373927421287867
26.2379999999842 4.159695309271826 1.7416700292673093 9.989684438213425e-05 -0.001762566653982712 0.21671703713708002 0.06960243178365806 0.22762662264524997 2.375824215459178
26.2384999999842 4.160416466570897 1.737878391352952 9.982085822899142e-05 -0.0019201473322798255 0.21670648873544746 0.06949468979261314 0.22758493169626984 2.3776970098351997
26.2389999999842 4.161113336983246 1.7340131396227072 9.974393393169084e-05 -0.0020804590060043136 0.21669386222966147 0.06938521225208767 0.22754091042480784 2.379545594396765
26.239499999984197 4.1617864702923875 1.7300748138180206 9.966608519560885e-05 -0.002243491257632753 0.21667919004918687 0.06927401761619323 0.2274946025075834 2.381369839668902
26.239999999984196 4.162434870689097 1.7260633431264505 9.95873347587663e-05 -0.002409225042306699 0.21666242542646078 0.06916109741105206 0.22744596798378772 2.3831693004393335
26.240499999984195 4.163059010297134 1.7219793635933156 9.950764874847117e-05 -0.0025776543034541303 0.21664359523799137 0.0690464801534248 0.22739504849694514 2.384943961497341
26.240999999984194 4.163658667775891 1.7178230216301986 9.942704612420467e-05 -0.0027487673565993313 0.21662269150742688 0.06893016814005141 0.22734184453751205 2.3866935355619368
26.241499999984192 4.164233758992882 1.7135946320086988 9.934554903885643e-05 -0.0029225477896383596 0.21659971492818514 0.06881216780101367 0.22728636613318592 2.3884178123172473
26.24199999998419 4.164784260768547 1.7092945041578864 9.926316811439539e-05 -0.003098982743954387 0.21657466826010832 0.06869248772422332 0.22722862604822897 2.3901166139837215
26.24249999998419 4.165310153858531 1.7049230350815554 9.917990344299975e-05 -0.0032780587762874245 0.21654755465983486 0.06857114130809759 0.2271686389420645 2.3917897872473866
26.24299999998419 4.1658115380210425 1.7004807971095928 9.909575245506376e-05 -0.003459757997520472 0.21651838485601566 0.06844814708539229 0.22710642823461122 2.3934372257329413
26.243499999984188 4.166288294706373 1.695967722121058 9.90107308519246e-05 -0.0036440792300003206 0.2164871531013634 0.06832350204336775 0.22704199546083487 2.3950587390396385
26.243999999984187 4.166740233995355 1.6913842316306538 9.892484758396055e-05 -0.003831003594262588 0.21645385527347888 0.06819721864960208 0.2269753481830858 2.396654033404355
26.244499999984185 4.167167424271907 1.6867307696080918 9.883808280936976e-05 -0.004020521753202926 0.2164184979038539 0.06806931564256101 0.2269065062138479 2.3982230283659427
26.244999999984184 4.167569735338259 1.6820075620421564 9.87504754175135e-05 -0.004212616005437387 0.21638107964842224 0.06793979344328756 0.226835476274199 2.3997655174054207
26.245499999984183 4.167947232341659 1.677214845562565 9.866204683643084e-05 -0.004407274104927 0.21634160757268692 0.06780865536236799 0.22676227414237762 2.4012813554606938
26.245999999984182 4.1682998633125035 1.6723529879961816 9.857279141374726e-05 -0.0046044847876975095 0.21630008248967178 0.06767591535487327 0.22668691290923465 2.4027704345136947
26.24649999998418 4.168627631343803 1.667422296951122 9.848272618905477e-05 -0.004804233990194241 0.21625650888008635 0.06754158036746616 0.22660940707695762 2.404232600706249
26.24699999998418 4.168930518262275 1.6624230957589226 9.839183319502018e-05 -0.0050065151417631355 0.21621088787872728 0.06740566541101271 0.22652977058363363 2.405667718039481
26.24749999998418 4.169208455458684 1.657355714856341 9.830015058812593e-05 -0.0052113072471840945 0.2161632222975803 0.06726817346419409 0.22644801513483526 2.4070756324593967
26.247999999984177 4.169461430601189 1.6522204550901147 9.820767340287578e-05 -0.00541860144635224 0.21611351423615152 0.06712911598358161 0.2263641546046344 2.408456210970014
26.248499999984176 4.169689437130349 1.6470176471729416 9.811441436378545e-05 -0.005628383720191605 0.21606176764817558 0.06698850144983644 0.22627820369856808 2.409809359418936
26.248999999984175 4.16989243529681 1.6417475173633904 9.802037686329834e-05 -0.005840645564382774 0.21600798309944863 0.06684633736337879 0.2261901737967392 2.4111349141377225
26.249499999984174 4.170070446747215 1.636410528389054 9.792558163175679e-05 -0.006055366443257996 0.21595216797038266 0.06670263412967939 0.22610008340048965 2.4124327852886864
26.249999999984173 4.170223595020348 1.6310069904941005 9.783001972333759e-05 -0.006272540064216405 0.21589433072598943 0.06655740404087206 0.22600795302630391 2.413702945808659
26.25049999998417 4.170351651721883 1.625537139065257 9.773371628239052e-05 -0.006492149304600726 0.21583446456886377 0.06641065002689182 0.22591378562477246 2.4149451712564844
26.25099999998417 4.170454766343361 1.6200014633337863 9.763664165057887e-05 -0.006714186811985397 0.21577257967019817 0.06626239430168733 0.22581760635670226 2.416159441907496
26.25149999998417 4.170532846294234 1.6144001177681915 9.753885103567142e-05 -0.006938633310296475 0.2157086769886766 0.06611263073548367 0.22571942296396735 2.4173456083467815
26.251999999984168 4.170585851079236 1.6087333826578079 9.744038233436504e-05 -0.0071654699483218775 0.2156427601049747 0.06596136073447856 0.22561924797147956 2.4185035648382716
26.252499999984167 4.170613884733592 1.6030017478506675 9.734118177659057e-05 -0.007394694081549886 0.2155748353794589 0.0658086115183279 0.22551710467148764 2.4196332516839556
26.252999999984166 4.170616948926808 1.5972054838055627 9.724128210971146e-05 -0.0076262889373961106 0.21550490796676963 0.06565438506362282 0.22541300743037204 2.420734628456067
26.253499999984165 4.170595015437308 1.5913448773220693 9.714070990099699e-05 -0.007860238149898545 0.2154329813393399 0.06549868529197242 0.22530696963810584 2.4218075724132273
26.253999999984163 4.170548108352356 1.585420328692742 9.703943928615975e-05 -0.00809653449389119 0.2153590590142204 0.06534153071163468 0.22519900933627734 2.422852014719302
26.254499999984162 4.170476251275198 1.579432167588374 9.693749408094664e-05 -0.008335161359612436 0.21528314724562314 0.06518292685887896 0.22508914313391792 2.4238679142068027
26.25499999998416 4.170379437261223 1.5733806997108917 9.683487968241807e-05 -0.008576107069358995 0.21520524921323464 0.06502288278001143 0.22497738594449587 2.4248551800556877
26.25549999998416 4.170257728536759 1.5672662727568973 9.673160340248972e-05 -0.008819358889770954 0.21512537204909285 0.06486140814678373 0.2248637566556044 2.4258137768167956
26.25599999998416 4.17011097475099 1.5610892293512424 9.662767621269059e-05 -0.009064900366786295 0.21504351290885798 0.06469851192583097 0.2247482643053308 2.4267435361211627
26.256499999984158 4.16993947562781 1.5548498874358094 9.652308749455927e-05 -0.009312727261291615 0.21495968868941778 0.06453420628039867 0.22463093827595446 2.4276446115467896
26.256999999984156 4.169743084740745 1.5485486145184626 9.641787257440239e-05 -0.009562816308955125 0.21487389878664578 0.06436849544037417 0.2245117882000631 2.428516809413544
26.257499999984155 4.1695218710847595 1.5421856932690137 9.631205247954643e-05 -0.009815153828944436 0.2147861509177769 0.06420138399056236 0.22439083220368763 2.4293601431573792
26.257999999984154 4.169275849317856 1.5357615464506753 9.620559775737366e-05 -0.010069732325614486 0.21469644815225786 0.06403289173189375 0.22426808863913988 2.430174560862229
26.258499999984153 4.1690050658152735 1.529276507055041 9.609852606021911e-05 -0.01032653663705079 0.21460479747665379 0.06386302537939738 0.2241435755704845 2.4309600251735666
26.25899999998415 4.16870960845901 1.5227309504426874 9.599083672396894e-05 -0.010585555062219209 0.21451120702911042 0.06369179679604467 0.2240173138312523 2.4317165618128396
26.25949999998415 4.168389422080704 1.5161251770542614 9.588256099341309e-05 -0.010846768924798312 0.214415679520279 0.06351920895593659 0.22388931624050062 2.4324440692003213
26.25999999998415 4.168044558658367 1.5094595574801384 9.577369080130341e-05 -0.01111016788152852 0.21431822079372237 0.06334527521642888 0.22375960199908204 2.4331425223817753
26.260499999984148 4.167675080716223 1.5027344422498445 9.566424002059671e-05 -0.01137573722814563 0.21421883853402998 0.06317000348007082 0.22362819035180873 2.4338119441081063
26.260999999984147 4.1672810284301125 1.495950191434183 9.555421419589111e-05 -0.011643463543339096 0.21411753887858584 0.0629934038622693 0.22349509978713794 2.4344523031329244
26.261499999984146 4.1668624366298825 1.4891071373770535 9.54436227262333e-05 -0.011913333367614621 0.2140143276758045 0.06281548466550652 0.22336034803925478 2.4350635880790135
26.261999999984145 4.166419373509039 1.4822057383429903 9.533246717773107e-05 -0.012185330952000861 0.21390921324157114 0.0626362595724703 0.22322395662936276 2.4356457860332097
26.262499999984144 4.165951746938049 1.4752459685296546 9.5220777487763e-05 -0.012459449423998362 0.2138021927833361 0.0624557223253902 0.22308593135851984 2.4361988275183855
26.262999999984142 4.165459792285031 1.468228609138876 9.51085342945618e-05 -0.012735668209752004 0.2136932847726479 0.06227389994287803 0.22294630702428886 2.4367228204223843
26.26349999998414 4.164943526823384 1.4611539001502054 9.499575386316607e-05 -0.013013975333604575 0.21358249370057658 0.062090796568254315 0.22280509910641824 2.437217738250581
26.26399999998414 4.16440296707333 1.4540221734086778 9.488244158422176e-05 -0.013294357911817531 0.21346982428726588 0.06190642125386912 0.22266232466671404 2.437683565850279
26.26449999998414 4.163838180496774 1.446833744086212 9.476861888470386e-05 -0.013576800594792007 0.21335528460946693 0.06172077907444677 0.22251800276547073 2.43812032474886
26.264999999984138 4.163249206881302 1.4395889767705405 9.465427661120113e-05 -0.013861293122221075 0.21323887982786166 0.06153388314818081 0.22237215224158652 2.4385280222444683
26.265499999984137 4.162636100954044 1.4322882807802875 9.453943494780843e-05 -0.014147816528551849 0.2131206184601688 0.06134574125547551 0.22222479316123608 2.4389066582130847
26.265999999984135 4.16199901204793 1.424932023007461 9.442409133885415e-05 -0.014436360374520167 0.21300051141819695 0.06115636495691383 0.22207594948580026 2.439256310573734
26.266499999984134 4.161337947496822 1.417520494138699 9.430826853588197e-05 -0.014726908789891021 0.2128785637804062 0.06096575810738412 0.22192563714299057 2.439576959106767
26.266999999984133 4.160652945683657 1.410054073770219 9.419198371631056e-05 -0.015019444537702374 0.21275478270858852 0.060773928386995586 0.22177387504209667 2.43986862449822
26.267499999984132 4.159944062719692 1.402533054019377 9.407524080976389e-05 -0.015313957080376521 0.21262917424507002 0.06058088401888557 0.22162068163894277 2.4401313177266597
26.26799999998413 4.1592114660131205 1.3949578458389844 9.395803485488132e-05 -0.015610434696991861 0.21250175060315146 0.06038663768095513 0.22146608248498004 2.4403651385224627
26.26849999998413 4.158455174304204 1.3873287783569324 9.384038030998276e-05 -0.015908862447452342 0.21237251721296702 0.06019119640560232 0.22131009488155237 2.440570080623541
26.26899999998413 4.157675354682809 1.3796462284196012 9.37222723393488e-05 -0.016209229933842145 0.21224148586213945 0.05999457204904446 0.2211527438929142 2.4407462430795746
26.269499999984127 4.156871977972869 1.3719104859721434 9.360374046503723e-05 -0.01651151904596851 0.21210866039803122 0.05979676684521155 0.22099404381610224 2.44089358611592
26.269999999984126 4.156045184893285 1.3641219268866527 9.348478377876624e-05 -0.016815718321905884 0.21197405154518723 0.05959779201122491 0.22083401849302248 2.441012224395407
26.270499999984125 4.15519507770416 1.356280864283064 9.336542066816801e-05 -0.017121813184771816 0.2118376689703777 0.0593976525921562 0.22067268887426017 2.4411021813344695
26.270999999984124 4.1543217002650055 1.348387644200063 9.324566156474387e-05 -0.017429789090544556 0.21169951925825842 0.05919635654173358 0.22051007376021314 2.441163512442119
26.271499999984123 4.153425176842714 1.3404425701820384 9.312551350384359e-05 -0.017739634970150662 0.21155961212907587 0.058993911061119536 0.22034619505534125 2.441196262105093
26.27199999998412 4.152505591249115 1.3324460146798196 9.30049923457221e-05 -0.018051334226973886 0.21141795690099804 0.05879032333419201 0.22018107385809757 2.441200510807076
26.27249999998412 4.151563065036812 1.3243982941012589 9.288409702259163e-05 -0.018364877044419973 0.2112745627632472 0.05858560254959229 0.2200147322470855 2.441176317224144
26.27299999998412 4.1505976276285175 1.3162997252783495 9.276284212909514e-05 -0.018680248749075597 0.21112943560368294 0.058379754939597725 0.21984718797033664 2.4411236943759143
26.273499999984118 4.149609494160035 1.3081506444255009 9.26412399544811e-05 -0.01899743664856851 0.21098259035059969 0.05817278694870114 0.21967846770142108 2.4410427902602563
26.273999999984117 4.148598680101957 1.299951366225351 9.251930361997854e-05 -0.019316426285235482 0.21083403210241167 0.05796470500968813 0.21950858854234803 2.440933618032168
26.274499999984116 4.1475653877322145 1.2917022180945759 9.23970327534384e-05 -0.019637208014029413 0.21068377418451148 0.05775551796932045 0.21933757657802502 2.4407963042891763
26.274999999984114 4.14650965437774 1.2834034695860177 9.227443037817021e-05 -0.01995977178906099 0.21053182153172584 0.057545233156095985 0.2191654494356428 2.4406308751400756
26.275499999984113 4.145431661512542 1.2750554484686552 9.215153133949533e-05 -0.020284099277391877 0.2103781889680783 0.05733385185982356 0.21899223193087866 2.4404374461165705
26.275999999984112 4.144331544211036 1.2666583978424415 9.202837960090359e-05 -0.020610172405529783 0.21022288883747806 0.05712137087951377 0.2188179453539295 2.4402161228740704
26.27649999998411 4.14320939766062 1.2582127436552684 9.190495059305512e-05 -0.020937982554646156 0.21006592863001455 0.056907807785957956 0.21864261266197074 2.4399669677312232
26.27699999998411 4.142065402624842 1.2497187711793396 9.178124245342684e-05 -0.02126752168836973 0.20990732011345845 0.05669317051803455 0.2184662584917088 2.4396900859637327
26.27749999998411 4.1408996784142245 1.2411767880136226 9.165727804542927e-05 -0.02159877435031129 0.20974707404282686 0.0564774625820608 0.21828890467147163 2.4393855713797215
26.277999999984107 4.139712371997993 1.2325870733495912 9.15330614616688e-05 -0.021931730930934923 0.20958520086204394 0.05626069064271327 0.21811057414441262 2.4390535231662653
26.278499999984106 4.138503627714923 1.223949967901741 9.140860245117779e-05 -0.022266378043012944 0.20942171203271961 0.05604286175583248 0.21793129058410374 2.4386940310908534
26.278999999984105 4.137273605391551 1.215265753455563 9.128391441181986e-05 -0.022602703927278502 0.20925661930490752 0.055823980554632766 0.21775107750068018 2.438307224789998
26.279499999984104 4.136022450582516 1.206534731248722 9.115900613020843e-05 -0.02294069670091395 0.20908993370424778 0.05560405296486571 0.21756995805416163 2.437893188898849
26.279999999984103 4.134750328513451 1.1977572043028055 9.103388327637926e-05 -0.023280345765115996 0.20892166695600772 0.05538308596222611 0.2173879565047698 2.437452038108218
26.2804999999841 4.133457359184614 1.1889334704152015 9.090856316326905e-05 -0.02362163715280632 0.2087518293987706 0.055161083722501836 0.21720509472973493 2.4369838481821215
26.2809999999841 4.132143822661875 1.1800637941134111 9.078303655990448e-05 -0.023964566547263925 0.20858043681223204 0.05493805481104104 0.21702140202523967 2.436488828700754
26.2814999999841 4.130809764837449 1.1711484983841807 9.065734510937846e-05 -0.024309112031247335 0.2084074980316012 0.05471399876153175 0.21683689682343382 2.4359669925938396
26.281999999984098 4.1294553728315195 1.1621878459633903 9.053148011129683e-05 -0.024655267896665646 0.2082330244203911 0.0544889240775561 0.21665160405925737 2.4354184791034195
26.282499999984097 4.128079338107646 1.1531808486974273 9.040557094594808e-05 -0.025003019663617086 0.20805695122872203 0.054262773758571844 0.2164654581286908 2.4348428397630055
26.282999999984096 4.12668408043869 1.1441296121675852 9.027946079518106e-05 -0.025352362355421043 0.20787940710383548 0.05403564131775589 0.21627861823921454 2.4342410883632946
26.283499999984095 4.125269147934123 1.1350339388528463 9.015319537691433e-05 -0.0257032838073913 0.20770037168415365 0.05380750929448845 0.21609107166353572 2.4336130966901504
26.283999999984093 4.123834608409005 1.1258940438926066 9.002679484625177e-05 -0.0260557725032716 0.20751985174476578 0.05357837960823501 0.21590283673531468 2.432958980739051
26.284499999984092 4.12238063727784 1.1167102616712916 8.990025170022216e-05 -0.02640981703096061 0.20733785972596136 0.05334826015058452 0.21571393875326111 2.432278771265997
26.28499999998409 4.120907543414227 1.107482822348422 8.977359013078538e-05 -0.026765409388134487 0.2071544141180649 0.053117153600663644 0.2155244079795828 2.4315727535756864
26.28549999998409 4.119415576511435 1.0982122379020152 8.964680631012311e-05 -0.027122533133960045 0.2069695327728611 0.052885073298375974 0.21533427566830549 2.4308410167937873
26.28599999998409 4.11790485143783 1.0888983464862716 8.951996719326727e-05 -0.02748117901591588 0.20678322418434786 0.052651998937970894 0.21514355671584304 2.4300836906734182
26.286499999984088 4.116375644678722 1.0795417982712534 8.939297682360943e-05 -0.027841348976183067 0.2065955021957235 0.052417968822126466 0.2149522870214556 2.429300941819611
26.286999999984086 4.114828168941206 1.0701427512206552 8.926590670135662e-05 -0.028203021967265804 0.20640638401488748 0.05218297045443775 0.2147604903506136 2.4284929136450186
26.287499999984085 4.113262669645738 1.0607015242655757 8.913873737496717e-05 -0.028566193443151137 0.20621588368398944 0.05194701604983472 0.2145681956112834 2.4276597571335885
26.287999999984084 4.111679345629581 1.0512183666818338 8.901148057027944e-05 -0.028930853084067943 0.2060240145079256 0.05171010881309102 0.21437542808725904 2.4268016180083527
26.288499999984083 4.110078362062896 1.0416937672323667 8.888413426053918e-05 -0.029296984872920172 0.20583078985869285 0.05147226212067809 0.21418221481793787 2.425918599003548
26.28899999998408 4.108460163230516 1.0321280467934553 8.875667335841314e-05 -0.02966458794870858 0.20563623304434958 0.05123348878108092 0.2139885943024017 2.4250109754942093
26.28949999998408 4.1068241168928505 1.0225209035904121 8.8629181517315e-05 -0.03003364303782312 0.2054403163725036 0.05099376095319306 0.2137945438066864 2.424078516005782
26.28999999998408 4.10517164344738 1.0128731767044614 8.850159004584122e-05 -0.030404154813742885 0.20524311279636379 0.050753115117795476 0.21360015607306834 2.4231219248296387
26.29049999998408 4.103502579240913 1.00318498909693 8.837393098303252e-05 -0.03077610748195173 0.2050446182503975 0.050511546580117084 0.21340543714513746 2.4221411845227765
26.290999999984077 4.101817173421176 0.9934566754525004 8.824619893232112e-05 -0.0311494924409014 0.20484484817815843 0.05026906471298048 0.21321041618921055 2.421136455456481
26.291499999984076 4.100115689729604 0.983688491446188 8.811840201606265e-05 -0.03152430064506877 0.20464381888132832 0.05002567323441941 0.21301512181075666 2.4201079164842016
26.291999999984075 4.098398384283985 0.9738807495665849 8.799054098738282e-05 -0.03190052280678545 0.20444154637979817 0.0497813792723936 0.21281958313033905 2.4190557428627613
26.292499999984074 4.096665549037091 0.9640337137403977 8.78626351053836e-05 -0.03227814741253094 0.20423804917827637 0.0495361845019463 0.21262383005567365 2.417980125298251
26.292999999984072 4.094915087908121 0.9541458700776919 8.773483219669758e-05 -0.03265716261587549 0.20403322037410035 0.04929001206707411 0.2124277537797692 2.4168802307978994
26.29349999998407 4.093150798005654 0.944220258756963 8.760689032289318e-05 -0.03303756837848763 0.20382725936433532 0.04904299893903092 0.21223159126122826 2.415757763547558
26.29399999998407 4.091371773393982 0.9342562482103854 8.74788891160054e-05 -0.03341935413483376 0.20362012141801036 0.04879510821849005 0.2120353028698968 2.4146123821482406
26.29449999998407 4.089578288261004 0.9242541570117003 8.735083306040872e-05 -0.033802509407278504 0.20341182382971248 0.04854634598029064 0.2118389185772936 2.413444285775475
26.294999999984068 4.087770629223146 0.9142142099380007 8.722274939126944e-05 -0.03418702200826787 0.2032023850215379 0.04829671083779794 0.21164246745392332 2.4122536653786772
26.295499999984067 4.0859489291526625 0.9041366787444096 8.709458588954428e-05 -0.03457289599628106 0.20299181063672547 0.048046221559611475 0.21144597354714786 2.4110406272049447
26.295999999984065 4.084113720729078 0.8940220514758292 8.696637527840249e-05 -0.03496010967373838 0.2027801347376909 0.04779488041376958 0.2112494802512007 2.4098055077020906
26.296499999984064 4.082264945111545 0.8838704698515889 8.683811381607939e-05 -0.03534865722507909 0.20256735584364235 0.04754269165169617 0.2110529998616206 2.408548292910041
26.296999999984063 4.080403276960376 0.8736823380382657 8.6709802879805e-05 -0.03573853135080993 0.20235351119840636 0.047289663952795685 0.21085658262004706 2.4072694330933695
26.297499999984062 4.078528908582625 0.863457949390187 8.658143948652874e-05 -0.03612972275261784 0.20213861342202114 0.047035803962397905 0.21066025433561847 2.405969061777569
26.29799999998406 4.076642147896445 0.8531976343285543 8.645301962268018e-05 -0.0365222233740264 0.20192268087603304 0.04678112029594322 0.21046404697356286 2.4046473967584125
26.29849999998406 4.074743310905856 0.8429017113908176 8.632454212498071e-05 -0.03691602427910337 0.20170573253865573 0.04652561979419837 0.2102679925351583 2.403304652074935
26.29899999998406 4.072832685939436 0.8325704170933225 8.619600978142468e-05 -0.037311118764528334 0.2014877853072563 0.04626930666734297 0.2100721208322522 2.401941028299739
26.299499999984057 4.070910608972798 0.8222041778696144 8.606741368649898e-05 -0.03770749588838405 0.20126885981429368 0.046012192241848444 0.20987646607473437 2.4005567753397736
26.299999999984056 4.068977502608215 0.8118032571684102 8.59387528620462e-05 -0.03810515065325334 0.20104897942079694 0.04575428211662372 0.20968106486866847 2.399152169767049
26.300499999984055 4.067033542126261 0.8013679344276624 8.58100606677407e-05 -0.038504065536711964 0.20082815836831366 0.04549557481232151 0.20948594125613162 2.397727356907718
26.300999999984054 4.0650790846122735 0.7908985812677523 8.568130663317005e-05 -0.03890423736548441 0.20060641606917723 0.04523608508261712 0.20929113035843533 2.3962825938018373
26.301499999984053 4.063114584755396 0.780395876596316 8.555247239350802e-05 -0.03930565017426088 0.20038378094951229 0.04497583397143922 0.20909667487712463 2.39481814140146
26.30199999998405 4.0611402228335525 0.7698596211143011 8.542359354154405e-05 -0.03970830342124185 0.20016026227166334 0.04471480536559839 0.2089025939813525 2.3933342158114628
26.30249999998405 4.059156335299375 0.7592903840212023 8.5294637636768e-05 -0.040112187043837365 0.19993588050908112 0.04445302045306893 0.20870892384318962 2.391831036958761
26.30299999998405 4.0571633231442465 0.7486883091994688 8.516563982408337e-05 -0.04051729098836597 0.19971065934580992 0.04419047290299225 0.20851569778020107 2.3903088962270864
26.303499999984048 4.055161357977037 0.7380541095512215 8.503655848809009e-05 -0.04092359945289576 0.19948461235169365 0.043927189919239155 0.20832294537925353 2.388767917663481
26.303999999984047 4.053150975826704 0.7273876008994712 8.490745300843936e-05 -0.041331110858013984 0.19925776776427526 0.043663150279585915 0.20813070276030154 2.387208520188577
26.304499999984046 4.0511324566821365 0.716689285780422 8.477828846856104e-05 -0.04173981692923306 0.19903014250071208 0.043398373380034994 0.20793900248191194 2.3856308911605435
26.304999999984044 4.049106185641456 0.7059594462367075 8.464906604685582e-05 -0.042149710574727446 0.19880175859580063 0.04313286440069255 0.20774787920391585 2.3840353311992466
26.305499999984043 4.047072473981189 0.6951984451413363 8.451980187351536e-05 -0.04256077693542114 0.19857263656046129 0.04286662743095197 0.20755736429051072 2.3824220750603935
26.305999999984042 4.045031676785083 0.6844065747491899 8.439049245613704e-05 -0.042973009152988594 0.1983427967930306 0.042599668881374 0.20736749104945784 2.3807914040416907
26.30649999998404 4.042984165526879 0.6735841544465091 8.426114012164527e-05 -0.04338639829030528 0.19811226118917355 0.042331994787175455 0.20717829368144186 2.3791435790068634
26.30699999998404 4.040930297795794 0.6627315176648206 8.41317465594063e-05 -0.04380093447231063 0.19788105115547425 0.042063611228838574 0.20698980568292233 2.3774789013903046
26.30749999998404 4.038870519229313 0.6518490537747162 8.400231097834011e-05 -0.044216608194563474 0.19764919269318804 0.04179452716064121 0.20680206554355807 2.375797657522094
26.307999999984037 4.036805036071327 0.640936926960799 8.387286727861023e-05 -0.04463340578946565 0.19741670034269762 0.04152473659653448 0.2066150968249347 2.374100095060591
26.308499999984036 4.034734449598931 0.6299955540879243 8.374335118070656e-05 -0.04505133385784287 0.19718360338186383 0.04125426250355096 0.20642894733960857 2.3723866397462956
26.308999999984035 4.0326587548936015 0.6190251730273629 8.361382620828016e-05 -0.045470366263727025 0.1969499091850424 0.040983095303301395 0.2062436302938673 2.3706573547022995
26.309499999984034 4.030578603282913 0.6080260898503371 8.348425688729703e-05 -0.04589050742163444 0.19671565024574722 0.04071124836443007 0.20605919408367232 2.3689126882320983
26.309999999984033 4.0284943164323375 0.5969986949382456 8.335465857265027e-05 -0.04631174172338487 0.1964808478473156 0.040438726582652074 0.20587567024755493 2.367152933289608
26.31049999998403 4.026406277182283 0.5859433215873528 8.322502235188943e-05 -0.04673406214864152 0.19624552388625802 0.040165538176252534 0.20569309338743721 2.365378407948797
26.31099999998403 4.024314876868547 0.5748602437610096 8.309536343394736e-05 -0.047157458488787815 0.19600970164256004 0.039891684838297234 0.2055114973629582 2.363589425965092
26.31149999998403 4.022219046889337 0.5637486143295768 8.296582280609012e-05 -0.04758191035111477 0.19577333073348585 0.03961710901866136 0.205330831942358 2.361785647694882
26.311999999984028 4.02012128190623 0.5526104185502442 8.283620531488032e-05 -0.04800742516474803 0.19553653970878904 0.03934190606853832 0.20515125348225735 2.3599683512246736
26.312499999984027 4.018021322916452 0.5414454150878335 8.270657625186699e-05 -0.048433990199375714 0.19529931844509277 0.039066052063092375 0.20497275822788555 2.3581375759733922
26.312999999984026 4.015919587771607 0.5302540063238053 8.257692619540914e-05 -0.04886159667381562 0.19506169119860892 0.03878955761806242 0.20479538271890088 2.356293656414975
26.313499999984025 4.013816479665222 0.519036325883414 8.244726155169288e-05 -0.049290241335884694 0.19482367974816728 0.03851242148156414 0.20461916012421671 2.3544369514068526
26.313999999984024 4.011712547358346 0.507792822556115 8.231758101564397e-05 -0.049719913782120456 0.1945853157501556 0.03823465368274704 0.20444413338202896 2.3525678854507666
26.314499999984022 4.009607918600161 0.49652379121444884 8.218791120540099e-05 -0.05015059633120631 0.19434661092909478 0.03795625414156462 0.20427032266205386 2.350686635182341
26.31499999998402 4.007503003211104 0.48522969498313756 8.205824819864578e-05 -0.050582277317930927 0.19410759003018138 0.03767723485244777 0.20409776410367544 2.3487935674249685
26.31549999998402 4.005397737443564 0.4739103723752376 8.192861713968822e-05 -0.05101495203355451 0.19386825074459557 0.03739758093166809 0.20392646477908627 2.346888807794139
26.31599999998402 4.003293434801595 0.4625665955422663 8.179897071547543e-05 -0.05144862027592033 0.19362866174606008 0.03711732135082312 0.2037565084166056 2.3449731706057135
26.316499999984018 4.001189982904187 0.451199218750247 8.16692705430168e-05 -0.05188325599955749 0.19338882484430453 0.036836486662821986 0.20358790872111482 2.3430467062667333
26.316999999984017 3.9990881490246695 0.4398076065884384 8.153960287390395e-05 -0.052318870488526646 0.19314877640568512 0.036555035590846524 0.20342070854083816 2.341110040381926
26.317499999984015 3.996988169749842 0.42839237907596417 8.140996249619156e-05 -0.05275544464182859 0.19290853431210983 0.03627298544838419 0.20325493603635358 2.339163444207157
26.317999999984014 3.994890558975415 0.41695379179666947 8.128033792890158e-05 -0.05319297303550829 0.19266812679586084 0.03599033893629385 0.20309062991711738 2.3372073027374296
26.318499999984013 3.992795574625803 0.40549257737475075 8.115071427297826e-05 -0.05363143909834157 0.19242757228271445 0.03570712306708658 0.20292782084304378 2.335241935609821
26.318999999984012 3.990703905032424 0.3940084981038428 8.102110987243684e-05 -0.054070850539266926 0.19218690404603309 0.035423318351770025 0.20276655160033105 2.3332679103286433
26.31949999998401 3.9886159020653347 0.3825020480110516 8.089151407813855e-05 -0.05451119567289694 0.19194614382631256 0.03513893964378624 0.20260685492541947 2.3312855609471432
26.31999999998401 3.9865321643698866 0.37097366771386375 8.07619260993143e-05 -0.05495246281851021 0.19170532619282168 0.03485399389549515 0.2024487741404801 2.3292953915608914
26.32049999998401 3.984452800138498 0.3594234928708562 8.063236877558082e-05 -0.05539464401842588 0.1914644589911569 0.03456848081879743 0.2022923268659098 2.3272976184806966
26.320999999984007 3.9823783456229345 0.3478517380353159 8.050283440632432e-05 -0.05583773644458881 0.1912235709014887 0.03428240224530445 0.20213755213537363 2.32529273297944
26.321499999984006 3.9803092815379975 0.33625948092032076 8.037330109951049e-05 -0.05628171123124926 0.19098269563904116 0.03399579239123239 0.20198449186256884 2.3232810468449605
26.321999999984005 3.978246123966429 0.3246461754237409 8.02438094647944e-05 -0.056726582736564175 0.1907418554761622 0.033708620935843876 0.20183317800811099 2.3212631848397094
26.322499999984004 3.9761892727705366 0.3130124618427499 8.011433209375675e-05 -0.057172336560741555 0.19050107549626186 0.03342090845208175 0.2016836457296664 2.3192395272265127
26.322999999984003 3.974139090195476 0.30135862568766536 7.998488283027111e-05 -0.05761896249694458 0.1902603774999136 0.03313265747244098 0.20153592502782236 2.3172104857363744
26.323499999984 3.9720961594302024 0.28968501114908274 7.98554559613316e-05 -0.05806645600261383 0.19001979315968892 0.032843876280980955 0.20139005763521403 2.3151764659175678
26.323999999984 3.9700609125935085 0.2779919506846986 7.972606246129325e-05 -0.05851480557536778 0.18977934830163845 0.03255456810205029 0.2012460767757442 2.3131379651087047
26.324499999984 3.9680337774937993 0.26627979276909874 7.959667155405052e-05 -0.05896400965872002 0.18953906560109668 0.032264746278745676 0.2011040170568512 2.3110953886264975
26.324999999983998 3.9660151897064946 0.25454922809071895 7.946729602825225e-05 -0.05941404410669669 0.18929897496048326 0.03197442534765014 0.20096391326433366 2.3090491038846284
26.325499999983997 3.964005667372192 0.2428000437054663 7.9337947171334e-05 -0.05986491840851517 0.18905910029618228 0.031683591705097124 0.2008257997474313 2.3069997093921324
26.325999999983996 3.9620056546432973 0.23103278266277816 7.9208615940465e-05 -0.06031661898387741 0.18881946875329186 0.031392259874104544 0.20068971146006692 2.3049476244162674
26.326499999983994 3.960015615306612 0.21924772169994616 7.907931934438117e-05 -0.06076913588813428 0.1885801073682192 0.03110043054152332 0.20055568192267137 2.302893338350588
26.326999999983993 3.958035992598683 0.2074452640657518 7.895002892529488e-05 -0.0612224651404483 0.18834104036359894 0.030808118050980514 0.20042374575124416 2.300837274750618
26.327499999983992 3.956067328390029 0.195625694381723 7.882072734160896e-05 -0.061676605985567345 0.18810229610500118 0.030515330882509708 0.20029394135804887 2.2987799912993943
26.32799999998399 3.9541099901349726 0.1837894492662058 7.869144808822106e-05 -0.06213153695559176 0.18786390006216067 0.03022207049702974 0.20016629680382506 2.296721866391893
26.32849999998399 3.952164489835554 0.17193683627297468 7.856218565901306e-05 -0.06258725335141861 0.18762588024758103 0.02992834363948798 0.20004084826294244 2.2946634529976317
26.32899999998399 3.9502312797788086 0.16006824401679198 7.843292365278239e-05 -0.06304374873006709 0.1873882620806555 0.029634161256331146 0.19991762936998453 2.292605214518054
26.329499999983987 3.9483108241163234 0.1481839901707795 7.830366311165704e-05 -0.06350101580120972 0.1871510718355665 0.029339529121987146 0.19979667331086068 2.290547644104489
26.329999999983986 3.9464036010166383 0.13628447761335977 7.817439978959095e-05 -0.06395904513736048 0.1869143372094122 0.02904445591693376 0.19967801413482525 2.2884912506203743
26.330499999983985 3.9445100796534245 0.12437007622966284 7.804513494713986e-05 -0.06441782710065094 0.1866780854358726 0.028748948311848016 0.19956168484809306 2.2864365250579906
26.330999999983984 3.9426307326560113 0.11244151011598744 7.791583561683785e-05 -0.06487734815484594 0.18644234525726722 0.02845303196167371 0.19944772106105188 2.2843839157696118
26.331499999983983 3.940766026779754 0.1004986001454912 7.778654669840897e-05 -0.06533760796885227 0.18620714086132736 0.02815668718268128 0.19933615165329396 2.2823340344948226
26.33199999998398 3.938916380211997 0.08854191758368685 7.76572501431605e-05 -0.06579859396491534 0.18597249779855735 0.02785993142863447 0.19922700791911327 2.2802873262399417
26.33249999998398 3.937082282389854 0.07657186609693424 7.752792980546643e-05 -0.06626029965825682 0.18573844347766877 0.027562775992343212 0.19912032371587093 2.2782443517557955
26.33299999998398 3.935264261586352 0.06458881121820448 7.739859899258496e-05 -0.06672271375395425 0.18550500872983405 0.027265225010405993 0.1990161332390316 2.2762056256302303
26.333499999983978 3.933462739943337 0.05259318125657883 7.726923869308894e-05 -0.06718582878185306 0.18527221775502242 0.026967291354465583 0.19891446670356974 2.274171650074967
26.333999999983977 3.9316778692206307 0.04058505816244444 7.713989063781344e-05 -0.06764963158525707 0.18504008220564158 0.02666896479720784 0.19881533733504142 2.2721428364801497
26.334499999983976 3.9299101099178086 0.02856485717338971 7.701055297082429e-05 -0.06811411197242977 0.184808629080565 0.02637025459337963 0.19871877606243005 2.270119678581594
26.334999999983975 3.9281605701487514 0.016533482343068978 7.688116180187836e-05 -0.0685792656170754 0.1845779176402074 0.026071196578129376 0.19862484900935237 2.268103056551956
26.335499999983973 3.9264293866566686 0.004491136891988811 7.675173599182172e-05 -0.0690450804979105 0.18434795849229624 0.025771789550633212 0.1985335691460828 2.266093319676822
26.335999999983972 3.9247171026928838 -0.007561707095344604 7.662225534069744e-05 -0.0695115497026436 0.1841187819984854 0.02547204801487392 0.1984449713566482 2.2640910481726024
26.33649999998397 3.9230238280396392 -0.01962382177997485 7.649265998712205e-05 -0.0699786418402062 0.18389040333151846 0.025172017412960566 0.1983590714130987 2.262096570496861
26.33699999998397 3.921350399466015 -0.031696073924909446 7.636307978415403e-05 -0.0704463675813745 0.18366286269984428 0.024871640317999228 0.1982759096123881 2.2601107103302533
26.33749999998397 3.9196972228064086 -0.04377765880113488 7.62334593434714e-05 -0.07091471426768124 0.18343618509221385 0.024570948677059945 0.19819551513528888 2.258133981600059
26.337999999983968 3.918064723176386 -0.05586815075530567 7.610379231677679e-05 -0.07138367187806959 0.18321039564298067 0.02426995294499379 0.19811791513743934 2.2561669068757317
26.338499999983966 3.916453395247494 -0.06796709737056318 7.597407359142748e-05 -0.07185322932292448 0.18298552343057098 0.023968663094826193 0.19804313964347792 2.2542100791636654
26.338999999983965 3.9148638252986396 -0.08007400139818231 7.58442907267484e-05 -0.07232337449168019 0.18276160262787008 0.023667089421268665 0.19797122269321277 2.252264170826133
26.339499999983964 3.913296229779322 -0.09218855245572824 7.571446151326768e-05 -0.07279409756484802 0.18253864742161074 0.023365238877430024 0.19790217995411546 2.250329569561661
26.339999999983963 3.9117511395533855 -0.10431025321925859 7.558458335740481e-05 -0.07326538558082771 0.18231668941867835 0.023063121972731134 0.19783604211574607 2.2484068791695426
26.34049999998396 3.9102289761854414 -0.11643864326506331 7.545464696204507e-05 -0.0737372278147362 0.18209575378749362 0.022760750533408126 0.19777283453012914 2.2464966943549953
26.34099999998396 3.9087301944877515 -0.12857327475159044 7.532464870520785e-05 -0.0742096135605385 0.18187586746551865 0.02245813537126092 0.19771258370547196 2.2445996064079394
26.34149999998396 3.907255234951476 -0.14071372760416523 7.519461156042064e-05 -0.0746825259962615 0.18165705842309665 0.022155280115564648 0.1976553136172002 2.2427161402036875
26.34199999998396 3.905804525733946 -0.15285955219066982 7.506452489270397e-05 -0.07515595568489872 0.1814393518477434 0.021852197155216118 0.1976010490719878 2.2408469066907273
26.342499999983957 3.9043783338804294 -0.1650106760762925 7.49344346219252e-05 -0.0756298907990188 0.18122276510123184 0.021548875312126983 0.1975498038481065 2.2389923980413955
26.342999999983956 3.902977354364632 -0.17716598739933692 7.480425783733077e-05 -0.07610431830231885 0.18100733851608133 0.021245361244345166 0.19750161831068286 2.23715335105601
26.343499999983955 3.9016019316468205 -0.18932530314603083 7.467404389243963e-05 -0.07657922282079835 0.18079309459715975 0.020941646494733984 0.19745650908431822 2.2353302874033982
26.343999999983954 3.9002524928233075 -0.20148810259398547 7.454379462057929e-05 -0.07705458905023778 0.18058006022445286 0.020637742567391683 0.19741449861306026 2.2335237982772673
26.344499999983952 3.898929378616542 -0.21365385849317015 7.441350861277936e-05 -0.07753040096937618 0.1803682580338893 0.020333661730208036 0.19737560482493893 2.2317344358720166
26.34499999998395 3.89763311216792 -0.22582215120578855 7.428317634144636e-05 -0.07800665137721073 0.18015771746974713 0.020029415424994205 0.19733985483237265 2.2299628350080605
26.34549999998395 3.8963641005580247 -0.23799247948797997 7.415280809968689e-05 -0.0784833233714456 0.17994846485117635 0.01972501256595035 0.19730726841768614 2.228209633783049
26.34599999998395 3.8951227287607626 -0.25016432143294637 7.402239911639489e-05 -0.07896040252292194 0.17974052467806692 0.019420466195321836 0.19727786466142694 2.226475332898547
26.346499999983948 3.8939094309932205 -0.2623372199736267 7.389195893968969e-05 -0.07943787443189157 0.17953392387817077 0.019115784466009665 0.19725166395521415 2.224760622717261
26.346999999983947 3.8927245671385835 -0.2745106749948036 7.376149422506375e-05 -0.07991572274808133 0.17932868620735698 0.018810977727845492 0.19722868280826297 2.223066041309731
26.347499999983945 3.8915685790380627 -0.2866841480346017 7.363100131304454e-05 -0.08039393300590099 0.1791248391017023 0.018506059031190125 0.19720894165385586 2.2213921991364227
26.347999999983944 3.890441841557923 -0.29885717833144776 7.350048603797808e-05 -0.08087249068511154 0.17892240649186233 0.018201037596083307 0.1971924569146262 2.2197397103763463
26.348499999983943 3.8893447225645166 -0.3110292536053865 7.336995017071066e-05 -0.08135138152902381 0.17872141197796512 0.017895926287252378 0.19717924473371204 2.218109149504739
26.348999999983942 3.888277674786827 -0.3231998108951506 7.323939629197146e-05 -0.08183058720719677 0.17852188467514543 0.017590735930018513 0.19716932393554584 2.216501174001772
26.34949999998394 3.8872410509189317 -0.3353683227230073 7.310882135314613e-05 -0.08231009345313264 0.17832384733793008 0.017285480611633045 0.19716270908475558 2.21491635848029
26.34999999998394 3.88623519384336 -0.3475343058769159 7.297824680216622e-05 -0.08278988046760204 0.1781273238573457 0.016980166554760017 0.19715941232578002 2.2133552609713787
26.35049999998394 3.8852605412975345 -0.35969724070359005 7.284767225552274e-05 -0.08326993408459983 0.17793234137449968 0.016674806033648275 0.19715945117017566 2.211818594654284
26.350999999983937 3.884317413473183 -0.3718565826149462 7.271710754246864e-05 -0.08375023529499459 0.17773892241463715 0.016369410370160813 0.1971628363788422 2.21030685010882
26.351499999983936 3.883406182328132 -0.38401180995544315 7.258655215094576e-05 -0.08423076867942796 0.17754709106551805 0.016063991748495755 0.19716958124683026 2.208820671503731
26.351999999983935 3.8825272301438223 -0.3961622763760839 7.245601319345605e-05 -0.08471151252093485 0.17735687390173588 0.015758564125784517 0.19717969828835627 2.207360716560533
26.352499999983934 3.8816808034976984 -0.40830764954025045 7.232551072986577e-05 -0.08519245277300215 0.17716828804843848 0.015453131324928452 0.19719319351143982 2.2059274748006796
26.352999999983933 3.880867323911999 -0.42044722812293966 7.219504792136495e-05 -0.08567356723778033 0.1769813622887097 0.015147709906066259 0.19721008046297311 2.204521595095321
26.35349999998393 3.8800871705370725 -0.4325805081023976 7.206461663796096e-05 -0.08615484381363595 0.17679612015632432 0.014842313911119778 0.19723037163965818 2.2031436874578842
26.35399999998393 3.879340671230805 -0.4447069236611849 7.193423688255743e-05 -0.08663625984256149 0.1766125856178731 0.014536952474283738 0.19725407449626478 2.201794388852844
26.35449999998393 3.8786281341214113 -0.45682590031186954 7.180390717852856e-05 -0.08711779780987597 0.17643078016405309 0.014231640332045752 0.19728119644578285 2.200474228732386
26.354999999983928 3.8779498743721676 -0.46893685042340094 7.167362772800005e-05 -0.08759943904020145 0.17625072597010846 0.013926391583086286 0.1973117444747618 2.1991837904404172
26.355499999983927 3.8773062606233735 -0.4810392417530382 7.154340651078004e-05 -0.08808116621132962 0.17607244755696502 0.013621217593478462 0.1973457275913947 2.1979237594457675
26.355999999983926 3.8766975533730137 -0.49313247045014164 7.141326000311679e-05 -0.08856295595178124 0.17589596569423221 0.013316130300744279 0.19738314831973386 2.1966946122810658
26.356499999983924 3.8761240628860527 -0.5052159907166247 7.128318990070368e-05 -0.08904479073935917 0.17572130193975466 0.01301114238080777 0.19742401206355914 2.1954969996731886
26.356999999983923 3.8755861088337755 -0.5172891756578599 7.115318920389238e-05 -0.08952665275070504 0.17554847849454283 0.012706271330769233 0.19746832451212376 2.1943314905123907
26.357499999983922 3.8750839673356774 -0.5293514859001605 7.102329618600153e-05 -0.09000851589552702 0.17537751772704155 0.012401522416964697 0.19751608647417201 2.1931986371132393
26.35799999998392 3.874618030163744 -0.5414022493535212 7.089349311018158e-05 -0.09049036390682812 0.17520844506928904 0.012096916128845205 0.1975673064133248 2.1920991451815848
26.35849999998392 3.8741884036590424 -0.5534409474522991 7.076379946311906e-05 -0.0909721737953795 0.17504127319839674 0.011792461770444638 0.19762197722566158 2.1910333759279164
26.35899999998392 3.8737954573313624 -0.5654669579448921 7.06342234960128e-05 -0.09145392484461548 0.17487602772676228 0.011488173149165535 0.19768010412097903 2.190002040023517
26.359499999983917 3.873439225918652 -0.5774786045180209 7.050466056057517e-05 -0.09193558011297366 0.17471272193827742 0.011184120187046261 0.19774167654328498 2.189005467649676
26.359999999983916 3.8731203064349478 -0.5894769527916586 7.03752852683281e-05 -0.092417144224567 0.17455138545857263 0.01088023098942646 0.19780670903312378 2.188044504701357
26.360499999983915 3.8728388468763644 -0.6014607884906873 7.02460498173847e-05 -0.0928985852872784 0.17439203586853932 0.010576549466384508 0.19787519481068497 2.1871196454189734
26.360999999983914 3.872595045098584 -0.6134294906462758 7.01169592857123e-05 -0.0933798807528095 0.17423469044722045 0.01027309023425841 0.19794712897036135 2.1862313564344173
26.361499999983913 3.8723891987804038 -0.6253824095936931 6.998800955719616e-05 -0.09386101150533747 0.17407937065286944 0.009969871622532787 0.19802251161894188 2.185380258501944
26.36199999998391 3.8722216613014044 -0.6373191608329318 6.985919363876588e-05 -0.09434196412854454 0.17392609901164613 0.00966689939987219 0.19810134541958005 2.1845668294503913
26.36249999998391 3.8720924696229013 -0.6492387939698545 6.973055374843201e-05 -0.09482269958472321 0.1737748895353816 0.009364196114948126 0.19818361374858404 2.18379169360349
26.36299999998391 3.872001865449418 -0.6611407636880229 6.960208571668516e-05 -0.09530319956862013 0.17362576051966952 0.00906177511946686 0.1982693126340172 2.1830552617066825
26.363499999983908 3.8719502261823595 -0.67302454994636 6.947379390453717e-05 -0.09578344871766033 0.17347873645808332 0.008759648629922897 0.19835844447731865 2.1823582209518375
26.363999999983907 3.8719374639081083 -0.6848893313559478 6.934569628842929e-05 -0.0962634107341613 0.1733338239173686 0.008457835676063561 0.1984509857479032 2.1817008409337633
26.364499999983906 3.8719639800181693 -0.6967344173220491 6.92177799817262e-05 -0.09674306780514448 0.17319104939674496 0.008156356575129553 0.19854693881316124 2.1810837987732894
26.364999999983905 3.8720297784749045 -0.7085591589904666 6.909009519224042e-05 -0.09722238333533487 0.17305042440001195 0.007855217369289631 0.1986462827398133 2.1805074879578665
26.365499999983903 3.8721351174597136 -0.7203629488242392 6.896259069718242e-05 -0.0977013505589898 0.17291196453025892 0.0075544462845403585 0.1987490151860636 2.1799723932743573
26.365999999983902 3.872280137121209 -0.7321452211345711 6.88353092810305e-05 -0.09817993931449946 0.17277568641953767 0.007254048231322288 0.19885512192871363 2.1794789479183883
26.3664999999839 3.872465024476387 -0.7439052488489467 6.870825002373977e-05 -0.09865812517479694 0.1726416073957275 0.006954043067255558 0.19896459228256586 2.179027708269339
26.3669999999839 3.8726898569278316 -0.7556424434141413 6.858142036578675e-05 -0.09913588496294144 0.17250973870837794 0.006654444761635689 0.19907741024964143 2.178619023311148
26.3674999999839 3.8729548424591744 -0.7673560063691083 6.845482247757433e-05 -0.09961319102970653 0.17238009973738885 0.006355274445727678 0.19919356446901956 2.178253414735078
26.367999999983898 3.8732600840861267 -0.7790453163268873 6.832847060000746e-05 -0.10009001796391521 0.17225270376521937 0.006056545712097244 0.19931303870145578 2.1779312864290072
26.368499999983896 3.8736056962511487 -0.7907096866274189 6.820236716995967e-05 -0.10056634096729405 0.17212756444468305 0.005758276735977949 0.19943581706447985 2.1776530674269803
26.368999999983895 3.8739917915642295 -0.8023484088272549 6.807651025636444e-05 -0.10104213522053852 0.1720046953919558 0.0054604869099174865 0.1995618832445176 2.177419154512874
26.369499999983894 3.874418461714464 -0.8139608209440117 6.795092122529123e-05 -0.10151737201009854 0.17188411022951952 0.005163189720325303 0.19969121837807097 2.1772299546876086
26.369999999983893 3.8748858023697004 -0.8255462386205799 6.782560321176321e-05 -0.10199202606097996 0.17176582184131234 0.004866402867874192 0.1998238044120808 2.177085855841865
26.370499999983892 3.8753939202305694 -0.8371039421628589 6.770056189292578e-05 -0.10246607065168406 0.17164984407388534 0.004570145124657229 0.1999596230038592 2.176987230247136
26.37099999998389 3.875942847803 -0.8486332419943807 6.757579628047575e-05 -0.10293948029927417 0.17153618654700364 0.00427443528658725 0.20009865241023567 2.1769344554716854
26.37149999998389 3.876532638667929 -0.8601334483282057 6.745133499759932e-05 -0.10341222287119611 0.17142486199144694 0.003979285932333078 0.20024086961577006 2.1769278129867953
26.37199999998389 3.877163383403568 -0.871603844153048 6.732716937277666e-05 -0.10388427515506363 0.17131588236917872 0.0036847191008395333 0.2003862553452091 2.176967726422838
26.372499999983887 3.8778350893845652 -0.8830437001661793 6.720329451921297e-05 -0.10435561086490634 0.17120925626701144 0.0033907558497992384 0.2005347854506143 2.1770544576464284
26.372999999983886 3.878547820509234 -0.8944523471307047 6.70797322771498e-05 -0.10482620037104337 0.1711049961801222 0.0030974095856939375 0.20068643688144774 2.1771883587409895
26.373499999983885 3.8793015012981296 -0.9058290535863912 6.695648756584707e-05 -0.10529601366549092 0.17100310752387396 0.0028046996210472743 0.20084118008174806 2.177369672190677
26.373999999983884 3.8800964370411 -0.9171732604643312 6.683355805764332e-05 -0.10576503548795232 0.17090361083656014 0.002512641817119663 0.2009990057130715 2.177598506800043
26.374499999983883 3.8809323838574077 -0.928483932571792 6.671094840387005e-05 -0.10623322326098271 0.17080650680698742 0.002221265604238489 0.20115987301872065 2.1778755741357654
26.37499999998388 3.881809373284905 -0.9397605013512561 6.658867596346831e-05 -0.1067005503010571 0.17071180528713883 0.001930581150082152 0.20132375677629175 2.1782008894182376
26.37549999998388 3.882727359946525 -0.9510022900166483 6.646674626431306e-05 -0.10716698991618509 0.17061951221104202 0.0016406069670943152 0.20149062823379682 2.1785746595798816
26.37599999998388 3.883686336788583 -0.9622085079021386 6.634516764866495e-05 -0.10763251030591006 0.17052963707019353 0.0013513631875927273 0.2016604586340826 2.1789971074298813
26.376499999983878 3.8846863242661334 -0.9733784126324188 6.622396215149131e-05 -0.10809707878283235 0.1704421910331855 0.001062865668686415 0.2018332197855557 2.1794684900473174
26.376999999983877 3.8857270741202092 -0.9845113470886289 6.610311672834059e-05 -0.10856067073479381 0.1703571688894433 0.0007751367510940463 0.20200887371449186 2.1799888309244215
26.377499999983876 3.886808730337145 -0.9956065216054593 6.598262521348026e-05 -0.10902325911714977 0.17027458654890942 0.000488198588347821 0.2021873986943521 2.180558437732891
26.377999999983874 3.88793115480405 -1.0066632102804542 6.586250500238664e-05 -0.10948481140291433 0.17019444690764798 0.00020206873783290915 0.2023687587497308 2.1811774239148383
26.378499999983873 3.8890942729149924 -1.0176806781937637 6.574276093333575e-05 -0.10994529760436557 0.17011675535337673 -8.32333657562489e-05 0.20255292109734266 2.1818459462876785
26.378999999983872 3.8902979238033506 -1.0286578896911174 6.562336792852641e-05 -0.1104046831325427 0.17004151427462807 -0.0003676723177518409 0.20273984763074807 2.1825640330996148
26.37949999998387 3.8915419564846783 -1.0395947394554692 6.550441326566957e-05 -0.1108629413993131 0.1699687239378995 -0.0006512636614575693 0.20292950262872608 2.1833319145663936
26.37999999998387 3.89282643761302 -1.0504901445796002 6.538586185025429e-05 -0.11132004026827214 0.16989839785516647 -0.0009339703145596486 0.203121858153254 2.1841494888504824
26.38049999998387 3.8941511998389062 -1.061343406079816 6.526772434179134e-05 -0.1117759491192855 0.16983053680083016 -0.0012157740996658248 0.2033168761766633 2.185016961274945
26.380999999983867 3.895516090048022 -1.0721538451364556 6.51500146716483e-05 -0.11223063724210758 0.16976514231346967 -0.001496658484327454 0.20351451905724285 2.185934348740372
26.381499999983866 3.896920948359928 -1.0829206322237854 6.503273079039948e-05 -0.11268407174410944 0.16970221626788665 -0.0017765994703400224 0.20371474796082434 2.186901654690323
26.381999999983865 3.8983656392535493 -1.0936431052496218 6.491588706010999e-05 -0.11313622289832274 0.16964176079407361 -0.002055580791782967 0.20391752585151726 2.1879189715279947
26.382499999983864 3.8998499914816964 -1.1043204159670215 6.479947451628107e-05 -0.11358705860035988 0.16958377696774576 -0.0023335763654272175 0.20412281320514128 2.1889862228048003
26.382999999983863 3.901373764159949 -1.1149518212455252 6.468351972979512e-05 -0.11403654212894328 0.16952826347528172 -0.0026105697104726166 0.20433056582871792 2.1901034125323546
26.38349999998386 3.9029368698765325 -1.125536626228132 6.456803469248698e-05 -0.1144846427428941 0.16947522536165532 -0.0028865441633832882 0.20454074795150015 2.191270462922602
26.38399999998386 3.9045390659064036 -1.1360741003588108 6.445301374946111e-05 -0.11493133142469662 0.16942465896945152 -0.003161477000686138 0.20475331730351592 2.1924873443287622
26.38449999998386 3.906180004541333 -1.1465634986676925 6.433846861549273e-05 -0.11537657321565939 0.16937655694707032 -0.0034353483868684856 0.20496822511982615 2.1937538094647886
26.384999999983858 3.907859574154691 -1.1570040972166673 6.422439525292886e-05 -0.1158203371393982 0.16933092308451725 -0.0037081396277994652 0.20518543395484443 2.19506952363985
26.385499999983857 3.9095776353739584 -1.1673950506939499 6.411082242686718e-05 -0.11626258766734822 0.1692877611498951 -0.003979828450651063 0.2054049035460166 2.1964349336424176
26.385999999983856 3.9113339348781113 -1.1777355355043604 6.399775604823257e-05 -0.1167032872561999 0.1692470695071848 -0.004250394045915266 0.20562658787889881 2.197849787305409
26.386499999983855 3.913128239139792 -1.1880250377910304 6.388519061921338e-05 -0.11714241468923547 0.16920884252429236 -0.0045198197214618855 0.20585044687333107 2.199313722891671
26.386999999983853 3.9149601966270597 -1.19826265309579 6.377315708956877e-05 -0.11757992440981538 0.16917307593097827 -0.004788085421497464 0.20607642758493752 2.2008266577998494
26.387499999983852 3.916829597362237 -1.2084476409427303 6.366161445833741e-05 -0.1180157955451333 0.1691397653684316 -0.00505516079537101 0.20630449068720208 2.2023884143119914
26.38799999998385 3.918736134728214 -1.2185793140979104 6.355061523594479e-05 -0.11844998565134124 0.16910890783413646 -0.00532103684291333 0.2065345860691159 2.2039986922055608
26.38849999998385 3.9206795707459525 -1.2286569010605213 6.344014322941905e-05 -0.11888246619724407 0.16908049980567544 -0.005585687857644195 0.2067666706520152 2.205657284950248
26.38899999998385 3.9226597051012457 -1.2386794673321124 6.333021864344212e-05 -0.11931319369812139 0.1690545442922917 -0.005849092130426533 0.2070006981028568 2.2073641933095933
26.389499999983848 3.924676074718572 -1.2486465380011038 6.322084315664191e-05 -0.11974214495699745 0.16903102422185068 -0.00611123395034167 0.2072366174419624 2.2091186391427726
26.389999999983846 3.9267283703455664 -1.2585573002342032 6.311202760034395e-05 -0.12016928272190422 0.16900993499246197 -0.006372091907444123 0.20747437960222964 2.2109205281872453
26.390499999983845 3.9288164078481644 -1.2684109033311843 6.300377279368569e-05 -0.12059457291638259 0.16899127749196774 -0.006631640892683842 0.2077139416268958 2.2127696796117204
26.390999999983844 3.930939673087093 -1.2782067681032587 6.289609769155839e-05 -0.1210179821003449 0.16897503524618923 -0.006889867549692317 0.20795524711567773 2.21466559432685
26.391499999983843 3.933097866104189 -1.2879441002332157 6.278900889182208e-05 -0.12143947420736743 0.16896120368789758 -0.007146750552040828 0.20819824756918145 2.216607948724351
26.39199999998384 3.93529063522172 -1.2976221748474575 6.268251465225544e-05 -0.12185901698677488 0.16894977443768733 -0.00740226846909586 0.20844289357523582 2.2185963931827235
26.39249999998384 3.9375176420781512 -1.307240234584626 6.257661678944521e-05 -0.12227657616730245 0.1689407403881192 -0.0076564001267002794 0.20868913557007263 2.2206305433563447
26.39299999998384 3.939778433981963 -1.3167975998260162 6.247132179256096e-05 -0.12269211910729617 0.16893408801570528 -0.007909125860940038 0.20893691980265525 2.222709933762978
26.393499999983838 3.942072703104854 -1.3262934926683256 6.236663982911277e-05 -0.1231056101117673 0.16892981220020367 -0.00816042474478263 0.20918619749639747 2.224834158756787
26.393999999983837 3.9444000656720046 -1.3357271961174715 6.226257387507251e-05 -0.12351701656955824 0.1689279029951153 -0.008410275809630018 0.20943691778615742 2.22700280228828
26.394499999983836 3.946760053455008 -1.345097982861544 6.215914085551078e-05 -0.1239263012506889 0.16892834738203644 -0.008658660486050355 0.20968902473023035 2.2292153575697258
26.394999999983835 3.9491521803592047 -1.3544051257922287 6.205634405733933e-05 -0.12433342932717467 0.16893113073712662 -0.008905557447353718 0.20994246243632522 2.2314712015910443
26.395499999983834 3.951576224473251 -1.363647918504267 6.195418414495023e-05 -0.12473837145800847 0.1689362505087913 -0.009150945855973251 0.21019718804024032 2.2337700560841594
26.395999999983832 3.9540316065655605 -1.3728256736932014 6.185267226661572e-05 -0.12514109150392322 0.16894368755726305 -0.009394806777483616 0.21045314144157043 2.236111283850552
26.39649999998383 3.956517957109109 -1.3819376486988606 6.175181800561501e-05 -0.12554155454568322 0.16895343334545676 -0.009637119920286114 0.2107102717888296 2.2384943351429016
26.39699999998383 3.9590342214158936 -1.3909828233339208 6.165165290022628e-05 -0.12593970258159565 0.16896545092360987 -0.009877858200232058 0.21096849142652435 2.2409182170049524
26.39749999998383 3.9615809895836347 -1.399960843589432 6.155213868959775e-05 -0.12633553624417365 0.1689797705039689 -0.010117007829552573 0.21122780215942252 2.2433831321944537
26.397999999983828 3.9641573032328625 -1.4088710588521944 6.145328748061513e-05 -0.12672901662648667 0.1689963541108888 -0.010354548701840886 0.21148812741311995 2.2458880315851433
26.398499999983827 3.966762747186237 -1.4177128575115328 6.13551401776447e-05 -0.12712010570315507 0.1690151917015945 -0.010590470897589369 0.21174941410483464 2.2484324850715995
26.398999999983825 3.969396833980297 -1.4264856788664044 6.125771690353732e-05 -0.12750877128571195 0.16903626771297026 -0.010824761041795571 0.21201160819336032 2.2510157666206685
26.399499999983824 3.9720590717638564 -1.4351883865407367 6.116096464048564e-05 -0.12789497722946785 0.16905956760357377 -0.01105737352679177 0.2122746525333263 2.253637275569993
26.399999999983823 3.9747489950808412 -1.4438205094936722 6.106491441632868e-05 -0.1282786926459252 0.16908507650040347 -0.011288299781270807 0.21253849485221937 2.256296446775151
26.400499999983822 3.977466059832347 -1.4523813941146972 6.096957435119739e-05 -0.12865988350972118 0.16911277643804432 -0.011517521349581304 0.21280307816701582 2.258992455360119
26.40099999998382 3.980209769368677 -1.460870481198298 6.087494970866703e-05 -0.12903852102975114 0.16914265027906616 -0.011745021976618879 0.21306834958342186 2.261724714231482
26.40149999998382 3.982979657392029 -1.4692868580262015 6.0781039797093355e-05 -0.1294145654770328 0.16917468590595286 -0.01197077339704673 0.21333425305072426 2.26449251422939
26.40199999998382 3.985775291528663 -1.4776300031914444 6.068783883924837e-05 -0.12978799307422934 0.16920886800376195 -0.012194757762709013 0.21360074034104348 2.267295208229722
26.402499999983817 3.98859593350821 -1.4858992032455254 6.059537416063425e-05 -0.13015876050668312 0.16924517123394855 -0.012416958766466583 0.2138677436820541 2.2701318956147354
26.402999999983816 3.991441154119472 -1.4940938148985543 6.0503640761519974e-05 -0.13052683952898542 0.16928358183398975 -0.01263735508378212 0.21413521349718315 2.273001958290109
26.403499999983815 3.9943104597316097 -1.5022131872925795 6.041262337378415e-05 -0.1308921995263895 0.1693240833441598 -0.012855926342338724 0.21440309685103842 2.2759047422386507
26.403999999983814 3.997203140612543 -1.5102566380638338 6.0322350642825494e-05 -0.13125480392654734 0.16936664990820377 -0.013072651981786743 0.21467132990868007 2.278839238389201
26.404499999983813 4.00011882111074 -1.5182236543102456 6.0232840316996185e-05 -0.1316146223859864 0.16941127115217883 -0.013287521643927205 0.21493986566163265 2.2818047899347498
26.40499999998381 4.003056866460307 -1.5261135281169653 6.014407018396221e-05 -0.1319716259491475 0.16945792281490224 -0.013500507597968395 0.21520864612232907 2.284800599485709
26.40549999998381 4.006016712140962 -1.5339257008782363 6.005605935517821e-05 -0.13232578146301616 0.1695065854526257 -0.01371159630245745 0.21547761560024692 2.287825886915292
26.40599999998381 4.008997805301116 -1.5416595134742876 5.996880656370356e-05 -0.13267705742355246 0.16955723984035018 -0.013920766620959603 0.21574671930800218 2.2908798133513084
26.406499999983808 4.011999585922697 -1.5493144213649375 5.988233363027592e-05 -0.13302542095241424 0.1696098666646529 -0.014128005610354115 0.21601590226669548 2.2939616138460988
26.406999999983807 4.015021460695334 -1.5568897718131272 5.9796621602145734e-05 -0.13337084458289603 0.16966444337316514 -0.014333288204752761 0.2162851097062428 2.29707043395571
26.407499999983806 4.0180627228128065 -1.5643849244482777 5.971167505080811e-05 -0.13371329382135166 0.16972094348302147 -0.014536594902760144 0.2165542800147091 2.300205345893403
26.407999999983804 4.0211229262047725 -1.5717994133919222 5.962750822215954e-05 -0.13405274226852987 0.1697793517352086 -0.014737913468390621 0.2168233660811084 2.3033656620327765
26.408499999983803 4.024201499555838 -1.5791326067572078 5.954411447796171e-05 -0.134389160456087 0.1698396472697243 -0.014937222185752361 0.2170923140956925 2.3065504886489903
26.408999999983802 4.027297791615289 -1.58638393076873 5.946151270312812e-05 -0.13472251374322494 0.16990180653051734 -0.015134506659534513 0.21736106565678748 2.309758962744649
26.4094999999838 4.030411217009809 -1.593552713349635 5.937971502634119e-05 -0.13505276662538296 0.16996580974759545 -0.0153297481558397 0.21762956470766429 2.3129902249819043
26.4099999999838 4.033541152783576 -1.6006385581175178 5.9298703380397e-05 -0.13537990049889342 0.17003162996089513 -0.015522928831340767 0.21789776035047248 2.316243399285207
26.4104999999838 4.036686971171065 -1.6076409131090936 5.921849274793379e-05 -0.13570388305171077 0.1700992442054873 -0.015714033837314494 0.21816559677004685 2.319517595623398
26.410999999983797 4.039848041866191 -1.6145592165161062 5.913908315104339e-05 -0.13602468497317702 0.17016862840053387 -0.015903044943464097 0.21843301914372942 2.3228119403037977
26.411499999983796 4.0430237280113275 -1.6213929490781047 5.906048279489066e-05 -0.1363422767788228 0.17023975821126155 -0.016089946477859284 0.2186999727725687 2.326125502791241
26.411999999983795 4.046213431340399 -1.6281415920171403 5.8982692283763246e-05 -0.13665663115888727 0.17031261059822275 -0.016274721573847174 0.21896640548445842 2.329457476508777
26.412499999983794 4.049416488329834 -1.6348046260827767 5.890571957169721e-05 -0.13696771822682277 0.17038715995012457 -0.016457354466610837 0.21923226183244868 2.332806854272017
26.412999999983793 4.052632299460318 -1.6413815722534706 5.882956978475261e-05 -0.1372755111617561 0.17046338301325317 -0.016637830322833263 0.2194974904432756 2.3361728307585676
26.41349999998379 4.055860247234521 -1.647871771198882 5.8754230729887006e-05 -0.13757998026690277 0.17054125649227228 -0.016816125166348575 0.21976203767214814 2.3395544911235
26.41399999998379 4.059099633614808 -1.6542747865473675 5.867973807547353e-05 -0.1378810920438306 0.17062075403897747 -0.016992231620671806 0.2200258466350694 2.3429509764623924
26.41449999998379 4.062350408928699 -1.6605899445173917 5.860596745189086e-05 -0.13817885080887107 0.1707018717883525 -0.01716610148462425 0.22028889868326956 2.34636160024899
26.414999999983788 4.065610975139892 -1.6668173466402796 5.853311436128249e-05 -0.1384731916341192 0.17078454559777 -0.01733777677264075 0.2205510923114964 2.3497849191784836
26.415499999983787 4.068880961854011 -1.6729563414189708 5.846110832524061e-05 -0.13876410293303387 0.1708687596552114 -0.017507221039389904 0.22081239113202428 2.353220254955819
26.415999999983786 4.0721598569074064 -1.6790063213439763 5.8389946370563715e-05 -0.13905155616911063 0.17095449578743055 -0.017674414119979793 0.22107274779463543 2.3566667248663222
26.416499999983785 4.075446930751353 -1.684966926247196 5.831963962315175e-05 -0.1393355259289246 0.17104172346216823 -0.017839345203985443 0.22133210835327485 2.3601233929728913
26.416999999983783 4.078741509718673 -1.690837680922061 5.825019415067098e-05 -0.13961598462814984 0.17113041575733748 -0.018001999232029386 0.22159042022911762 2.3635894281324594
26.417499999983782 4.082043038822306 -1.6966189647936092 5.818170829346552e-05 -0.1398929147355228 0.17122054869869133 -0.018162407128312064 0.22184764349114855 2.3670639032202363
26.41799999998378 4.085350862244315 -1.7023091293351698 5.8114048002738374e-05 -0.14016627902392295 0.17131209941030626 -0.018320489447610114 0.22210371791885625 2.3705459067925543
26.41849999998378 4.088664096898553 -1.7079082392375413 5.804726733245261e-05 -0.14043605571972148 0.1714050281802405 -0.01847625623197845 0.22235858759205024 2.3740343976041087
26.41899999998378 4.091982055086005 -1.7134161615548038 5.7981378427535415e-05 -0.14070222815227282 0.17149930379821965 -0.01862970407473448 0.2226122056047252 2.3775286720832076
26.419499999983778 4.09530428267275 -1.7188321054061118 5.791637219433955e-05 -0.1409647629596435 0.1715949127687181 -0.018780806086729496 0.22286452647660143 2.3810276903560004
26.419999999983776 4.098629987714249 -1.7241558031700321 5.78522576671387e-05 -0.14122363821193387 0.17169182016999263 -0.018929553271158837 0.22311549719852702 2.3845305285671317
26.420499999983775 4.101958540432164 -1.7293868913141963 5.778905557798512e-05 -0.14147882722951063 0.1717900009725766 -0.019075937341326843 0.2233650697263245 2.3880363708724115
26.420999999983774 4.105289260457749 -1.7345250413391389 5.772675981159977e-05 -0.14173031079849294 0.17188942534885185 -0.01921994451603686 0.22361319686681164 2.3915442615906466
26.421499999983773 4.1086214683014735 -1.7395698564991329 5.766538675079896e-05 -0.14197806145408776 0.17199006591272256 -0.019361564390796164 0.22385982864860393 2.395053354432547
26.421999999983772 4.111954454850251 -1.7445211312187645 5.760492266656342e-05 -0.14222206561850292 0.1720918895463847 -0.019500785444264437 0.22410491969026933 2.3985627493079478
26.42249999998377 4.1152875908317395 -1.7493782889678342 5.754538708468044e-05 -0.14246228936777658 0.17219487351557208 -0.0196375926335041 0.22434841965432123 2.402071574749094
26.42299999998377 4.118620914067382 -1.7541406567231301 5.74866548011171e-05 -0.14269873927148355 0.1722990177905817 -0.01977193720142064 0.22459031862920306 2.40557932668054
26.42349999998377 4.121952678202712 -1.7588086120452031 5.7428932955058036e-05 -0.14293135593080714 0.17240424865260556 -0.019903871352706406 0.2248305174048079 2.40908461079113
26.423999999983767 4.1252823461425105 -1.7633819266028385 5.73721681833961e-05 -0.14316013710148656 0.17251053854109605 -0.020033373960861856 0.22506898239186837 2.4125866318082103
26.424499999983766 4.128609555947072 -1.7678598195816497 5.731634769570139e-05 -0.14338505198320634 0.1726178777040811 -0.020160418414468313 0.22530567526348358 2.416084610664277
26.424999999983765 4.131933523063516 -1.7722421543640023 5.7261486749075385e-05 -0.1436060825245417 0.17272623046808855 -0.02028500035632432 0.2255405481708706 2.4195776940619744
26.425499999983764 4.135253577346726 -1.7765284970222766 5.720760505046937e-05 -0.1438231991710949 0.17283557054531648 -0.02040710923144018 0.22577355286374318 2.4230650914955527
26.425999999983762 4.138569096844215 -1.780718502840542 5.7154710446870694e-05 -0.14403637960832877 0.17294587200366965 -0.020526734111891657 0.2260046462068525 2.4265460209741025
26.42649999998376 4.141879312118711 -1.7848123412415235 5.7102804381033606e-05 -0.14424561949750936 0.17305709558892152 -0.02064387718583541 0.22623378780181627 2.4300194982186656
26.42699999998376 4.145183599893769 -1.788809545061925 5.7051883748495967e-05 -0.14445089463862837 0.17316921593888834 -0.020758521751614648 0.22646093379676266 2.433484769183541
26.42749999998376 4.1484813257432105 -1.792709945352796 5.700195973181788e-05 -0.1446521880851978 0.17328220475339404 -0.020870662641302856 0.22668604403694484 2.436941065917094
26.427999999983758 4.151771783142793 -1.7965132005181301 5.695304771970065e-05 -0.14484947438259574 0.1733960325638481 -0.0209802907155908 0.226909071956826 2.4403875431057713
26.428499999983757 4.155054175315164 -1.8002194545594798 5.690514264701086e-05 -0.14504274960633742 0.17351065854835976 -0.021087406307568883 0.22712997721135947 2.443823492047632
26.428999999983755 4.158328078722048 -1.803828013761113 5.685825376692557e-05 -0.14523198129344314 0.1736260704011849 -0.02119198857125375 0.22734872133570574 2.447247987563345
26.429499999983754 4.161592784386698 -1.80733890757499 5.681238717862035e-05 -0.14541715991319765 0.17374223348176873 -0.021294037277727638 0.22756526561854554 2.4506603808854623
26.429999999983753 4.164847598321914 -1.8107518396941695 5.676755948956763e-05 -0.14559826180393343 0.17385911858774702 -0.021393544308131767 0.2277795660161355 2.454059806363456
26.430499999983752 4.168091853591925 -1.8140666655222448 5.672376747168604e-05 -0.14577527390527198 0.17397669455917839 -0.021490502144834382 0.22799158408663214 2.457445551900272
26.43099999998375 4.171324953742528 -1.8172831832116334 5.668101368229775e-05 -0.14594818055183345 0.1740949346264445 -0.02158490324221634 0.22820128333765435 2.460816887966615
26.43149999998375 4.174546236838267 -1.8204012727560226 5.663931133447716e-05 -0.14611696592530907 0.17421380872065548 -0.021676743981162656 0.228408625296419 2.4641730626316285
26.43199999998375 4.177755054996192 -1.8234210561396813 5.659870933504474e-05 -0.1462816146113346 0.1743332872891558 -0.021766036042489674 0.22861357386503828 2.4675133823250106
26.432499999983747 4.180950823021714 -1.8263423707143058 5.655917512274211e-05 -0.14644212091846923 0.17445334121996778 -0.02185276513989432 0.22881609730560795 2.4708371565372027
26.432999999983746 4.184132092786504 -1.8291652221989854 5.6520702164782136e-05 -0.14659846506494578 0.17457390003264792 -0.02193692844910095 0.2290161246763818 2.474143699326092
26.433499999983745 4.187299333943158 -1.8318889025993736 5.648329840034875e-05 -0.14675062886698115 0.17469499418424242 -0.02201850383627627 0.22921366141021143 2.477432290970955
26.433999999983744 4.190451684286376 -1.8345133725082452 5.644696686852273e-05 -0.14689859907169633 0.17481658221213017 -0.022097487734820134 0.2294086632839919 2.4807022040172155
26.434499999983743 4.193588484244247 -1.8370386034547348 5.6411718241789204e-05 -0.14704236363885262 0.17493863291624026 -0.022173879208669086 0.22960109518524574 2.4839528311120214
26.43499999998374 4.196709352869342 -1.839464653093993 5.637756467606974e-05 -0.147181917676593 0.1750611275768082 -0.02224768010529984 0.2297909366130237 2.4871836411551786
26.43549999998374 4.199813434720459 -1.8417905326459771 5.6344422138674705e-05 -0.14731723437205296 0.17518402945624834 -0.022318839093829493 0.2299781343911945 2.490393650019369
26.43599999998374 4.202900172003674 -1.8440172859402402 5.631241368463319e-05 -0.14744831487217896 0.17530730841454623 -0.022387412928909372 0.23016266899705426 2.493582474252798
26.436499999983738 4.205968966511168 -1.8461445467090987 5.628150608208272e-05 -0.14757514623257587 0.17543093691985867 -0.022453380655323953 0.2303445065917537 2.496749509399295
26.436999999983737 4.2090192747337 -1.8481721284055626 5.625171288995006e-05 -0.14769771204670298 0.1755548912522638 -0.022516736871520567 0.23052361576586086 2.499894075837241
26.437499999983736 4.212050484484429 -1.850100019697557 5.62230155768877e-05 -0.14781600864345565 0.17567914019409694 -0.0225774747512881 0.23069996765661754 2.503015605643849
26.437999999983735 4.215062040648787 -1.8519281620074923 5.6195416365199046e-05 -0.14793002643506992 0.17580365730284053 -0.022635590691240763 0.23087353379735076 2.5061135178731293
26.438499999983733 4.218053400566105 -1.8536565291442433 5.6168938321235084e-05 -0.14803975223453622 0.1759284178319404 -0.022691086555870026 0.23104428547704586 2.5091872641665844
26.438999999983732 4.221023903520755 -1.855284392200951 5.614360465215877e-05 -0.14814514561825595 0.17605339937504985 -0.02274394397499392 0.23121217655932985 2.5122362938741922
26.43949999998373 4.223972848942134 -1.8568127039120892 5.6119374336392134e-05 -0.14824624228685868 0.17617855387469175 -0.022794178269829136 0.23137719369148813 2.5152598387020757
26.43999999998373 4.226900095513794 -1.8582412414185245 5.609626006574575e-05 -0.14834302985348524 0.17630387744601664 -0.022841784452667505 0.23153932457704499 2.5182576705550144
26.44049999998373 4.229804986611486 -1.859570007601048 5.607426237667402e-05 -0.14843550032423344 0.17642933786970677 -0.022886759768280068 0.23169853860208012 2.5212291665971978
26.440999999983728 4.232686997665541 -1.860799013870824 5.6053392285862316e-05 -0.1485236448986868 0.17655491002553106 -0.022929104783701443 0.23185481059123303 2.524173870933644
26.441499999983726 4.235545525426294 -1.8619285100479486 5.603368203972931e-05 -0.1486074575881172 0.1766805638343086 -0.022968831187692502 0.23200811471528743 2.5270911925769552
26.441999999983725 4.238379589406971 -1.8629585836041298 5.601508098126501e-05 -0.14868693987982273 0.17680624685541407 -0.023005928603867364 0.23215841093712258 2.529980753208843
26.442499999983724 4.241189643670828 -1.8638885836497558 5.599758759950025e-05 -0.14876207608364495 0.176931987877215 -0.023040376211510918 0.23230570925155303 2.5328421017083396
26.442999999983723 4.243974763722442 -1.8647189854040602 5.598121032733965e-05 -0.14883287006775195 0.17705773686197396 -0.02307218615835494 0.2324499756279061 2.535674680516993
26.44349999998372 4.246734621585167 -1.8654496720661742 5.5965952759004534e-05 -0.14889931283019908 0.17718347904596418 -0.02310135409179224 0.23259119323184074 2.538478133192905
26.44399999998372 4.249468676608269 -1.8660807424038828 5.5951810013661146e-05 -0.14896140268641092 0.17730918631324202 -0.023127879249416197 0.23272934030745376 2.5412520259320854
26.44449999998372 4.2521764006682 -1.86661249457417 5.593877514675595e-05 -0.14901914605989014 0.17743482880560368 -0.023151766110718317 0.2328643996830305 2.543995871395908
26.444999999983718 4.254857303386591 -1.8670444651367193 5.592685691324424e-05 -0.14907251827490073 0.17756038799409668 -0.02317300032787648 0.2329963412451589 2.5467092592088787
26.445499999983717 4.257511151336785 -1.8673771444787668 5.591604248390432e-05 -0.1491215370807987 0.1776858459185832 -0.02319159279159166 0.23312516517389006 2.5493919490123336
26.445999999983716 4.260137111352327 -1.8676107338903127 5.590634444933312e-05 -0.14916619670198897 0.1778111602818757 -0.023207548633819824 0.2332508376681946 2.552043438577506
26.446499999983715 4.2627350119899114 -1.8677438938080593 5.589769579850506e-05 -0.1492064636887179 0.17793633232945685 -0.02322080980625386 0.2333733343323736 2.55466308989916
26.446999999983714 4.2653046379113775 -1.8677782590392098 5.5890194539523815e-05 -0.14924237005914998 0.17806134045280703 -0.0232314484153716 0.23349266836498053 2.5572510811827627
26.447499999983712 4.267845446650183 -1.8677137523224379 5.5883778861954735e-05 -0.14927392186726185 0.17818615409208793 -0.023239444470001692 0.23360882055058838 2.559806867409734
26.44799999998371 4.270357063351859 -1.8675502972335 5.587845754173826e-05 -0.14930111010220043 0.17831075610540445 -0.023244795550024542 0.23372177421197374 2.5623301210088174
26.44849999998371 4.272839026528162 -1.867288092768728 5.587423130100439e-05 -0.14932393627976978 0.1784351215084934 -0.023247505472388946 0.23383151422450377 2.564820522161334
26.44899999998371 4.275291021029483 -1.8669272404595085 5.587109934748466e-05 -0.14934240088146328 0.17855923336410434 -0.02324757502327789 0.23393803082243658 2.567277774355963
26.449499999983708 4.277712729230921 -1.8664673272199912 5.586901762634183e-05 -0.149356496495361 0.17868307708762018 -0.023244979199902992 0.2340413086206645 2.569701510607471
26.449999999983707 4.280103663772968 -1.8659093046166904 5.586803668269356e-05 -0.14936623889846337 0.17880662186789273 -0.023239756685328076 0.2341413411537434 2.572091564781657
26.450499999983705 4.28246348613056 -1.8652530945376085 5.586815642350398e-05 -0.14937162169672796 0.1789298516263456 -0.023231902542202247 0.23423811488967128 2.5744475936091096
26.450999999983704 4.2847919131815635 -1.8644987866838811 5.586933720946983e-05 -0.14937265459991747 0.17905274834182 -0.02322140901248176 0.23433162498371904 2.57676938978378
26.451499999983703 4.287088503139414 -1.8636465835980638 5.587159445030091e-05 -0.14936933623858106 0.17917528891681964 -0.02320828303329401 0.23442185727472928 2.579056620779842
26.451999999983702 4.2893530243956794 -1.862696620171793 5.5874914337169604e-05 -0.1493616723552207 0.17929745924823157 -0.023192523856931525 0.23450880841553456 2.581309140674411
26.4524999999837 4.291585078134061 -1.8616491275307387 5.5879299202281764e-05 -0.14934966601168195 0.17941923716755495 -0.02317413695337239 0.23459246796758404 2.5835266695884327
26.4529999999837 4.293784451138136 -1.8605040573978726 5.588474971669913e-05 -0.1493333132102731 0.17954061244440925 -0.023153119472384128 0.2346728294723818 2.585709060377952
26.4534999999837 4.29595077792108 -1.8592618687323967 5.5891253046738156e-05 -0.14931262954703833 0.1796615608334239 -0.023129479870826163 0.23474988950465586 2.587856027825123
26.453999999983697 4.298083850057939 -1.857922785308277 5.5898811112017896e-05 -0.14928762052475333 0.1797820693984653 -0.023103223720643593 0.23482364673393405 2.589967494341482
26.454499999983696 4.3001832648041365 -1.8564868555485106 5.590741465595822e-05 -0.14925828576456085 0.17990211695281075 -0.023074347988306244 0.23489408908817513 2.5920431535837514
26.454999999983695 4.302248771976093 -1.8549543139297384 5.591705662990113e-05 -0.14922463272696945 0.1800216877968249 -0.023042856455816857 0.23496121450860732 2.594082850663985
26.455499999983694 4.304280007012488 -1.8533248217157934 5.592771987560881e-05 -0.14918664928011385 0.18014076630921502 -0.023008732775912377 0.23502500674152155 2.596086264047157
26.455999999983693 4.306276487194535 -1.8515995622446482 5.593943942836662e-05 -0.14914436362142902 0.180259318127355 -0.02297201834464866 0.2350854665831278 2.5980532841366006
26.45649999998369 4.3082381707384245 -1.8497783995563555 5.5952194551312014e-05 -0.149097776582396 0.18037734059985536 -0.022932702662828458 0.23514259681119454 2.5999838654876832
26.45699999998369 4.310165001434213 -1.847861539903747 5.5965980748065656e-05 -0.1490468967923363 0.18049482789360038 -0.022890789534228267 0.23519640427792704 2.6018779269482977
26.45749999998369 4.312057163015306 -1.845849420919234 5.598076748366988e-05 -0.14899175123956987 0.18061178114941354 -0.022846283610848315 0.2352469130556761 2.6037355943411704
26.457999999983688 4.3139136349323515 -1.843741795360649 5.5996600974515375e-05 -0.14893230589487 0.18072815690503768 -0.02279918560766322 0.2352940740899093 2.605556272045556
26.458499999983687 4.315734367237995 -1.8415393817957955 5.601345383064045e-05 -0.14886859421864024 0.18084394214779248 -0.02274950857308847 0.2353379057791271 2.607339974841022
26.458999999983686 4.317519127472044 -1.8392423880287025 5.603133059964133e-05 -0.14880062020100376 0.1809591231605085 -0.022697258065516455 0.23537840672184887 2.609086601966129
26.459499999983684 4.3192676772604885 -1.836851108538598 5.605024351175524e-05 -0.14872838925657583 0.1810736855309821 -0.022642443665423683 0.23541557641279903 2.610796007908808
26.459999999983683 4.320979832132403 -1.8343653984178832 5.607014756534182e-05 -0.14865190531323136 0.18118761819068072 -0.022585049320268287 0.2354494136575089 2.612468106195492
26.460499999983682 4.322655364995361 -1.8317859754808388 5.609107234995513e-05 -0.14857118487689375 0.1813009038661763 -0.0225251016197444 0.23547992466746812 2.614102846163652
26.46099999998368 4.3242940272610895 -1.8291129835364661 5.6113016694448e-05 -0.14848623103201727 0.18141352833267438 -0.02246260244295514 0.23550710727431118 2.6157001015744425
26.46149999998368 4.325895611838978 -1.826346736800237 5.613596720994725e-05 -0.14839705641239925 0.1815254766512166 -0.022397556597382514 0.2355309651974643 2.617259808304373
26.46199999998368 4.327460085249769 -1.8234875003930946 5.615992122981574e-05 -0.14830367171150305 0.18163674352055484 -0.02232996995903883 0.23555150858832696 2.6187820201005376
26.462499999983677 4.328987036016113 -1.8205356301747286 5.618488827526426e-05 -0.14820608246459507 0.18174730546796392 -0.022259853325809226 0.2355687309352714 2.6202664713525987
26.462999999983676 4.330476274644711 -1.8174914063838774 5.6210873287785895e-05 -0.14810429639994385 0.1818571499238816 -0.022187214007191536 0.23558263530226603 2.6217131515447454
26.463499999983675 4.331927606411689 -1.8143551543558796 5.623786948848593e-05 -0.14799832521815864 0.18196626286931947 -0.02211205845446393 0.23559322617405568 2.6231219957758647
26.463999999983674 4.333341146121113 -1.8111273062994482 5.626587348885731e-05 -0.14788818794929237 0.18207464428785178 -0.022034397511110908 0.2356005239831835 2.624493127494176
26.464499999983673 4.33471637156671 -1.8078080870186375 5.629490832860815e-05 -0.14777388078013037 0.18218226768978668 -0.021954240802101954 0.2356045143680612 2.625826305495648
26.46499999998367 4.336053084518388 -1.804397761664343 5.632495118550723e-05 -0.14765541701342802 0.18228911844511864 -0.021871589541597344 0.23560520220484082 2.6271214726335144
26.46549999998367 4.337351132493898 -1.8008967103411546 5.635601068004623e-05 -0.14753280716957046 0.18239518509652472 -0.021786455279580518 0.23560259415248028 2.6283786165633534
26.46599999998367 4.3386103533534035 -1.7973052599839816 5.6388089395966225e-05 -0.1474060611935503 0.18250045588398375 -0.0216988465942869 0.23559669611007067 2.6295977063905216
26.466499999983668 4.339829991437298 -1.7936238875967825 5.642120638002099e-05 -0.14727518206568246 0.18260488996628388 -0.021608779261866367 0.2355874878538048 2.630778462192538
26.466999999983667 4.341010815405478 -1.7898527533770523 5.645533845154496e-05 -0.14714019318919888 0.1827085204221633 -0.021516252772872186 0.2355750178180975 2.6319212814143187
26.467499999983666 4.342152350337257 -1.78599227815269 5.6490488114644444e-05 -0.14700110335139654 0.1828113194142346 -0.02142127815818785 0.23555927927048795 2.6330260039572715
26.467999999983665 4.343254366519043 -1.7820428877639103 5.652667914743829e-05 -0.1468579201475062 0.1829132723451899 -0.021323871368704925 0.23554027553738233 2.634092581862575
26.468499999983663 4.344316732211707 -1.7780049429043379 5.656390363973244e-05 -0.14671065773177547 0.18301436780906974 -0.02122403979208912 0.23551801583263182 2.6351210026251266
26.468999999983662 4.345339270512226 -1.773878720322529 5.660217194279366e-05 -0.14655932195057994 0.1831145945142679 -0.0211217924900238 0.23549250453619563 2.636111261247253
26.46949999998366 4.346321845025185 -1.7696643698062284 5.6641483008273665e-05 -0.14640391767729577 0.18321394369922697 -0.021017132112578094 0.23546374693213704 2.637063354737725
26.46999999998366 4.3472642884035295 -1.7653626515113525 5.668183186981626e-05 -0.14624447231970095 0.18331239795672383 -0.02091007827417504 0.2354317572082071 2.6379772794652725
26.47049999998366 4.348166784740573 -1.7609737745292526 5.6723227690608384e-05 -0.14608099459564136 0.18340996406817325 -0.02080063850225446 0.23539655575993856 2.638853269373212
26.470999999983658 4.349028711736356 -1.756498198369163 5.676567807484196e-05 -0.14591349188170244 0.18350660702758487 -0.02068882539819011 0.23535813015964607 2.6396909928196015
26.471499999983656 4.349850330538983 -1.7519368302470553 5.6809196791261995e-05 -0.1457419983892911 0.18360232980967497 -0.020574668119334005 0.2353165157277864 2.6404907977340115
26.471999999983655 4.350631148142624 -1.7472892715391353 5.685376949478678e-05 -0.1455664970520244 0.18369711171948114 -0.02045814950161814 0.23527169357809946 2.6412523237334433
26.472499999983654 4.351371186358816 -1.7425561677264114 5.689940372207076e-05 -0.14538701079057675 0.18379094669580678 -0.020339289141866362 0.23522368434483085 2.641975773706315
26.472999999983653 4.35207041037603 -1.737737894067193 5.6946080464175416e-05 -0.14520355829874038 0.18388382705955478 -0.020218092527316094 0.23517250362686337 2.6426612030574628
26.47349999998365 4.352728584104496 -1.7328349291600451 5.699383328557404e-05 -0.14501614657049436 0.1839757381130017 -0.020094579534680874 0.23511815563042873 2.6433085683810145
26.47399999998365 4.353345616420096 -1.7278476804250404 5.704266298093141e-05 -0.14482478985880923 0.18406667055701018 -0.019968760957947338 0.23506065255968897 2.64391793183506
26.47449999998365 4.353921415477239 -1.7227765375776425 5.709256799919494e-05 -0.14462950237168457 0.1841566150970318 -0.019840646585065593 0.2350000065897678 2.6444893269315815
26.47499999998365 4.354455889814974 -1.717621947916848 5.7143554409870665e-05 -0.14443029839009297 0.18424556243975518 -0.019710249682695996 0.23493623031441369 2.6450227864673446
26.475499999983647 4.3549491280104355 -1.7123845287656465 5.71956104355471e-05 -0.14422720580374188 0.18433350857709188 -0.019577584286379887 0.23486934896828499 2.6455184969693155
26.475999999983646 4.3554007307637805 -1.707064516084128 5.724876702747816e-05 -0.14402022085422117 0.18442043356055657 -0.019442662535069526 0.23479935574020405 2.6459762874506327
26.476499999983645 4.355811319853146 -1.7016624892358356 5.730297683201516e-05 -0.14380938571276777 0.18450635702888937 -0.019305490751265163 0.23472630269380293 2.6463966543103687
26.476999999983644 4.356180881207143 -1.6961803969257647 5.735833860124226e-05 -0.143594747619526 0.18459126336004514 -0.019166148171237584 0.2346502232866927 2.6467799855770786
26.477499999983642 4.356508253576023 -1.6906160708621119 5.741476807644256e-05 -0.1433762332217188 0.18467511440589104 -0.019024547848122512 0.23457104585712013 2.647125222147107
26.47799999998364 4.356793799374948 -1.684970905852012 5.747229473813016e-05 -0.1431538920910756 0.18475791378769843 -0.01888073703792886 0.23448881798307852 2.6474328482028944
26.47849999998364 4.357037545699522 -1.6792454119334599 5.7530921707025014e-05 -0.14292774338666867 0.18483965693624554 -0.01873473028708231 0.2344035595396198 2.6477030106946744
26.47899999998364 4.357239368300632 -1.6734399578168024 5.7590641669924934e-05 -0.1426978013650312 0.1849203328944897 -0.018586535526700185 0.23431528190689585 2.647935723165341
26.479499999983638 4.357399281626799 -1.667554773308807 5.765147726058581e-05 -0.14246406927844327 0.18499994123036037 -0.018436164245594116 0.234223998434619 2.6481310880455204
26.479999999983637 4.357518051771139 -1.6615910815441723 5.771341592738199e-05 -0.1422266070089228 0.18507850380377136 -0.018283649146616517 0.23412977627296738 2.6482896919523
26.480499999983635 4.357594639447272 -1.655548547040858 5.777643911968209e-05 -0.14198539296567067 0.18515597265669947 -0.018128973239899565 0.234032574007973 2.648410950242348
26.480999999983634 4.35762907160517 -1.6494279340132953 5.7840573710560506e-05 -0.14174044989946033 0.18523234213089312 -0.017972163897988964 0.23393241413744664 2.648495063343433
26.481499999983633 4.3576214939884546 -1.6432296909425497 5.790581394848715e-05 -0.14149179827959907 0.18530761353006672 -0.017813232305094868 0.23382932206581492 2.6485421818951815
26.481999999983632 4.357571841141905 -1.6369542994239863 5.797216112434221e-05 -0.14123945543083802 0.1853817780619629 -0.017652191551701328 0.233723313502082 2.648552398411801
26.48249999998363 4.357480163573193 -1.6306022150257675 5.80396134162209e-05 -0.14098343976011632 0.18545483268889826 -0.017489053748613367 0.2336144093485748 2.64852582213301
26.48299999998363 4.3573464597130895 -1.6241739152687362 5.8108172964105705e-05 -0.1407237690664759 0.18552677181635135 -0.01732383226399568 0.23350262826183005 2.6484625714905894
26.48349999998363 4.357170727966247 -1.617669886884698 5.817783498027534e-05 -0.1404604630674696 0.1855975892793233 -0.017156539217766262 0.2333879895567789 2.6483627452902088
26.483999999983627 4.356952211361455 -1.6110898111112582 5.824857530388857e-05 -0.14019350625230384 0.18566725015995214 -0.0169871573532342 0.23327046639516227 2.648225936581853
26.484499999983626 4.356692429177551 -1.604435347610023 5.832041958876642e-05 -0.13992297476413113 0.1857358106566189 -0.016815743157039226 0.23315016501181932 2.648053271368352
26.484999999983625 4.3563905680083375 -1.5977066012895778 5.839336483842142e-05 -0.13964886274158098 0.18580322995218831 -0.01664229630437032 0.23302706098641238 2.647844291732988
26.485499999983624 4.35604707341106 -1.5909040167268527 5.8467411410186986e-05 -0.13937119395835684 0.1858695242018523 -0.01646682877176599 0.2329011940334346 2.6475992801280173
26.485999999983623 4.355661655170678 -1.5840280852465605 5.854255754584992e-05 -0.1390899828338297 0.1859346735992954 -0.016289354043315375 0.23277256974639438 2.647318289735664
26.48649999998362 4.3552344602104585 -1.5770793316422376 5.861880029112878e-05 -0.1388052521276145 0.18599867890145863 -0.016109885955565402 0.2326412151722043 2.6470014663658423
26.48699999998362 4.35476560792892 -1.5700582289877272 5.869612814695237e-05 -0.13851702411313402 0.1860615395580673 -0.015928435352362234 0.23250715585687073 2.646648980740222
26.48749999998362 4.3542551423169495 -1.5629654186925266 5.877453606323662e-05 -0.13822532462632312 0.18612324992331344 -0.015745019187018032 0.23237041584347215 2.6462609791611484
26.487999999983618 4.353703164531957 -1.5558012035232465 5.885403728427929e-05 -0.13793016407049466 0.18618381213152804 -0.015559647983144902 0.23223101581335143 2.645837586038435
26.488499999983617 4.353109779321464 -1.5485661531874149 5.893461339395674e-05 -0.13763156969411086 0.18624322335753643 -0.015372333815209601 0.23208898265535213 2.6453789526751494
26.488999999983616 4.352475017910365 -1.54126069852452 5.90162684880745e-05 -0.13732955752449735 0.18630148036257116 -0.015183089380577164 0.23194433633589398 2.6448852302596917
26.489499999983614 4.35179909660352 -1.5338854484586564 5.909898688622638e-05 -0.13702415696398526 0.18635858546038325 -0.01499192863734642 0.23179710932354858 2.644356596844168
26.489999999983613 4.351082075480942 -1.5264408328423482 5.9182779802863216e-05 -0.1367153827696341 0.186414537291686 -0.014798865705155557 0.23164732250919756 2.643793190339338
26.490499999983612 4.35032409527197 -1.518927346721759 5.9267626531229485e-05 -0.13640326047437487 0.1864693354759374 -0.014603910072757971 0.2314950036832135 2.643195166827633
26.49099999998361 4.349525241324721 -1.5113455221382124 5.935354248251247e-05 -0.1360878079675554 0.18652297897948442 -0.014407079703700695 0.23134017617003796 2.6425627075045317
26.49149999998361 4.348685657818521 -1.5036958605285027 5.9440519628093667e-05 -0.13576904773379658 0.1865754685433189 -0.014208387326925873 0.2311828671314829 2.6418959352814864
26.49199999998361 4.3478055713531365 -1.4959788183474663 5.9528532229181324e-05 -0.13544700688202585 0.18662680783829047 -0.014007839710736299 0.2310231084774236 2.641195072728988
26.492499999983607 4.346885085812685 -1.4881949233198941 5.96175887396984e-05 -0.1351217045758416 0.18667699644506414 -0.013805453712259655 0.2308609248041618 2.6404602689567636
26.492999999983606 4.3459245183069175 -1.48034415669916 5.970759873612024e-05 -0.1347931668810138 0.18672604319928904 -0.013601208689326773 0.2306963500458692 2.6396917565576867
26.493499999983605 4.344924628860603 -1.4724275017725528 5.979864501442364e-05 -0.13446142156017946 0.18677397946458357 -0.013395151469681966 0.23052944145144824 2.6388899985245953
26.493999999983604 4.343885010143436 -1.464445472862537 5.9890717843163415e-05 -0.13412648422171922 0.1868207790866048 -0.01318729396267645 0.2303602005344307 2.6380548814966067
26.494499999983603 4.342805372391101 -1.4563986168856693 5.998380486398985e-05 -0.13378837435971444 0.18686642099206205 -0.012977648369930454 0.23018863517865348 2.637186378123131
26.4949999999836 4.341686216973938 -1.44828739665402 6.007790866062606e-05 -0.13344711608999738 0.18691092411871219 -0.012766228512633633 0.23001478852040144 2.6362848109352752
26.4954999999836 4.3405277485247975 -1.4401122749221886 6.017300727754217e-05 -0.13310273512377607 0.18695429146107048 -0.012553042647912564 0.22983869141826685 2.6353503747159617
26.4959999999836 4.339330147042059 -1.4318737892519349 6.026911819201752e-05 -0.1327552498618314 0.1869965268329087 -0.012338110020506774 0.2296603717934946 2.634383232322853
26.496499999983598 4.338093621149381 -1.423572405897405 6.0366217282111924e-05 -0.13240468676482733 0.18703763320665442 -0.012121438497043396 0.22947986095532794 2.6333835896075115
26.496999999983597 4.336818397529202 -1.4152086099449135 6.0464301396607564e-05 -0.13205106807842565 0.18707761573655846 -0.011903041145826245 0.22929718986251807 2.632351621024976
26.497499999983596 4.335504689743772 -1.4067829271068242 6.056336901720752e-05 -0.13169441695068085 0.18711647862641176 -0.011682932644926517 0.2291123893304639 2.631287515150584
26.497999999983595 4.334152719157273 -1.3982958313607616 6.066340808634623e-05 -0.13133475723401172 0.18715422631654957 -0.011461123958954877 0.22892549060396394 2.6301914748518964
26.498499999983594 4.33276262382156 -1.3897478133488659 6.0764415064051295e-05 -0.13097211125654834 0.1871908593659311 -0.011237627046721689 0.2287365209554318 2.6290636209160123
26.498999999983592 4.331334763562347 -1.3811393683046733 6.086637980267433e-05 -0.13060650378392952 0.1872263891266793 -0.011012455478385728 0.22854551798654849 2.6279042320404327
26.49949999998359 4.329869631131476 -1.3724699634915494 6.096912262536238e-05 -0.13023796614609523 0.1872608321299925 -0.010785554059257123 0.2283525240768182 2.626713584847291
26.49999999998359 4.328367086447777 -1.36374162528947 6.107291133088664e-05 -0.12986650718012938 0.18729417812400173 -0.010557039451606933 0.22815755505416574 2.6254917042250923
26.50049999998359 4.3268274737347525 -1.3549543128072907 6.1177658702301e-05 -0.1294921512700722 0.1873264378712752 -0.010326891659812645 0.22796064629107693 2.624238820289624
26.500999999983588 4.325251177456374 -1.3461084007094883 6.128333439520538e-05 -0.12911492567318206 0.18735762338682713 -0.01009511452122191 0.2277618370358565 2.622955197587537
26.501499999983587 4.323638676110027 -1.3372041664239962 6.138990703979888e-05 -0.12873485523149542 0.1873877523551759 -0.00986170931770629 0.2275611697870833 2.6216410784426096
26.501999999983585 4.321989673477867 -1.328242569873278 6.149742520596318e-05 -0.1283519597102914 0.18741680319035142 -0.009626713920500676 0.22735865345411937 2.620296443633955
26.502499999983584 4.320304698986705 -1.3192238643366803 6.160585908926678e-05 -0.12796626337754222 0.1874447964204878 -0.009390129454844702 0.2271543325563203 2.6189216003786324
26.502999999983583 4.318584004672185 -1.3101485547287277 6.171520248277066e-05 -0.12757779041544406 0.18747173801677536 -0.009151968887556818 0.22694824012720663 2.617516720688478
26.503499999983582 4.3168279041062405 -1.3010170934956542 6.182545306205399e-05 -0.12718656278311613 0.18749763781674 -0.00891224481328787 0.22674041114687282 2.6160820212698552
26.50399999998358 4.3150374150087965 -1.29182984571138 6.19365615296235e-05 -0.12679262045936887 0.18752253718615997 -0.008670958034243935 0.22653091636445552 2.614618078849987
26.50449999998358 4.313211768019002 -1.282587436392155 6.204858296917077e-05 -0.1263959628304546 0.18754639604138953 -0.008428137139160144 0.22631973750335582 2.6131245228704487
26.50499999998358 4.311351570188455 -1.2732902811622484 6.216149164261062e-05 -0.12599662012144722 0.18756923714353377 -0.008183789204146792 0.22610692472892863 2.611601720638249
26.505499999983577 4.3094571346413115 -1.2639388072849078 6.22752871660375e-05 -0.125594613193444 0.18759107067198572 -0.007937926165806769 0.22589251278182407 2.610049878789137
26.505999999983576 4.307528769847407 -1.2545335369373698 6.238995947540946e-05 -0.12518996820831355 0.18761190499413471 -0.007690561278301991 0.22567653792165038 2.608469190818095
26.506499999983575 4.305567166599179 -1.2450751708331378 6.25054774000702e-05 -0.12478272888259544 0.18763176316297397 -0.007441707998778862 0.22545905835200492 2.606860069197345
26.506999999983574 4.303572485446727 -1.2355634929717043 6.262184139211329e-05 -0.1243728896018459 0.18765065549454416 -0.007191360307807334 0.2252400937633479 2.605222570204683
26.507499999983573 4.301545422837345 -1.225998904755364 6.273903288632819e-05 -0.12396047996391776 0.18766860966265886 -0.006939525978615857 0.22501969839640296 2.6035570628365194
26.50799999998357 4.299485240330077 -1.2163826859042663 6.285710981216747e-05 -0.12354552265250815 0.18768558005682753 -0.006686254243258119 0.22479786281135927 2.6018633005529
26.50849999998357 4.29739274282647 -1.2067149801410275 6.297605416648983e-05 -0.12312803931999118 0.18770160245486675 -0.006431545459995176 0.2245746432879592 2.60014168408555
26.50899999998357 4.295268525623406 -1.196995216163006 6.309565016942106e-05 -0.12270806937211406 0.18771669652374542 -0.006175336437267675 0.22435009075757678 2.5983925233438274
26.509499999983568 4.29311255062987 -1.1872252673721535 6.321617702839799e-05 -0.12228561459453875 0.187730859506973 -0.005917742176334229 0.22412422185131278 2.5966158579688763
26.509999999983567 4.290925299817579 -1.1774051270401253 6.333753423458083e-05 -0.12186070593418154 0.18774410755734922 -0.0056587408872338625 0.22389708109243284 2.5948119428150953
26.510499999983566 4.288707375912301 -1.1675351583457025 6.345971260507291e-05 -0.12143336800117423 0.18775646495881357 -0.005398341294042792 0.22366871727326054 2.592981099569265
26.510999999983564 4.286458494266993 -1.1576156554270554 6.358272864113475e-05 -0.12100360392251165 0.18776791599557913 -0.005136554938054198 0.22343913407501065 2.591123179516017
26.511499999983563 4.284179332766 -1.1476474476948075 6.370658926861143e-05 -0.12057145240863618 0.18777848455174806 -0.004873408049449185 0.22320838806482057 2.5892385923613292
26.511999999983562 4.281870420907246 -1.1376308166198508 6.383124041236694e-05 -0.12013694452901065 0.1877881891961131 -0.004608897464277344 0.22297652651828168 2.5873276218300503
26.51249999998356 4.279532032021722 -1.1275662493141378 6.39567159177317e-05 -0.11970009456283397 0.18779704004857103 -0.004343044385566537 0.22274358110592318 2.5853904104935017
26.51299999998356 4.277164558452954 -1.1174541485957314 6.40829928560321e-05 -0.11926092841588079 0.18780504999311146 -0.004075856094842515 0.22250959182120397 2.58342717408065
26.51349999998356 4.274768384825019 -1.1072949707335022 6.421007258300445e-05 -0.11881946846042452 0.18781223257874993 -0.003807346140442564 0.2222745974601358 2.5814381190821454
26.513999999983557 4.272343900873948 -1.0970891161092324 6.4337943061279e-05 -0.11837573814101991 0.18781860132009373 -0.0035375237747595767 0.22203863730604323 2.5794234511340486
26.514499999983556 4.26989146146352 -1.0868370834938679 6.446661506431274e-05 -0.11792975858442288 0.18782416856829698 -0.003266405992351786 0.22180174856447632 2.5773833595832647
26.514999999983555 4.267411479908879 -1.0765392928448012 6.45960775374305e-05 -0.1174815540800363 0.18782894880603138 -0.0029940028349868257 0.22156397182668294 2.5753180647828016
26.515499999983554 4.264904410007022 -1.0661961759740632 6.472632139253614e-05 -0.11703114929540036 0.1878329585337523 -0.0027203253259363625 0.22132534962544062 2.5732278072883803
26.515999999983553 4.262370546149302 -1.0558080973804955 6.485735125408202e-05 -0.1165785611235123 0.18783620825618633 -0.0024453850900304913 0.2210859153223661 2.571112720679076
26.51649999998355 4.259811162085189 -1.0453749719504526 6.498908694006737e-05 -0.11612382432212644 0.1878387545163551 -0.0021691629711208 0.2208457505623481 2.568973421843152
26.51699999998355 4.257225820535559 -1.0348978510468791 6.512160288999725e-05 -0.11566695337539369 0.18784057005443736 -0.0018917056321740761 0.22060485582080983 2.566809715455016
26.51749999998355 4.254614729979371 -1.0243773348244234 6.525490050910187e-05 -0.11520797347578117 0.18784165836871308 -0.001613030742165838 0.22036326290759037 2.56462173892357
26.517999999983548 4.251978525452315 -1.013813708083568 6.538896685209812e-05 -0.11474690742230961 0.18784204603654586 -0.0013331443685535773 0.22012102193131694 2.5624097846628606
26.518499999983547 4.249317654263487 -1.0032074434636011 6.552381351242725e-05 -0.11428377653402484 0.1878417502212586 -0.001052063041245797 0.21987817431866083 2.5601740929380976
26.518999999983546 4.246632529830947 -0.9925588955726756 6.565939760000083e-05 -0.11381861022345821 0.1878407839491639 -0.0007697881479800239 0.21963476209750757 2.5579148538066003
26.519499999983545 4.243923848100149 -0.9818676595441995 6.579554037343379e-05 -0.11335144664962067 0.1878391725371236 -0.0004862694966977188 0.21939084223143068 2.555632409694341
26.519999999983543 4.241191684805269 -0.9711355136097446 6.593252288163913e-05 -0.1128822850701859 0.18783692006362193 -0.00020162026570695124 0.21914643385733146 2.5533268087187113
26.520499999983542 4.238436649105239 -0.960362415520881 6.607023066380581e-05 -0.11241116064156882 0.18783404815105428 8.418562167917046e-05 0.2189015892331896 2.550998341822454
26.52099999998354 4.235659115095393 -0.9495488183761724 6.6208670230209e-05 -0.1119380936439462 0.18783057046177346 0.0003711327010693742 0.21865634623334837 2.5486471900176335
26.52149999998354 4.232859611688621 -0.9386951397774654 6.634782101395495e-05 -0.11146311255976854 0.1878265063434981 0.0006592133432456195 0.2184107518162686 2.5462736045324754
26.52199999998354 4.230038547830226 -0.9278018170556291 6.64876906208185e-05 -0.11098623739569129 0.1878218713641237 0.00094841232220952 0.21816484533468514 2.5438777922615756
26.522499999983538 4.227196449045008 -0.9168693682492204 6.662825598571475e-05 -0.11050750061005161 0.1878166835041146 0.001238719290683101 0.2179186745532526 2.5414599994253697
26.522999999983536 4.224333755002394 -0.9058981414560758 6.676953555322454e-05 -0.11002691705206705 0.18781096149199275 0.001530119618845738 0.21767227889324173 2.539020435373823
26.523499999983535 4.221450949222363 -0.8948885749699094 6.691149790723489e-05 -0.10954451741987005 0.18780472163604872 0.0018226067827337082 0.21742570377264603 2.536559323160631
26.523999999983534 4.218548513514175 -0.8838411101631587 6.705414592631644e-05 -0.10906032453767199 0.1877979825235071 0.0021161670287476834 0.21717899251782016 2.534076894598279
26.524499999983533 4.215626937028411 -0.8727561964105224 6.71974694817948e-05 -0.10857436439652389 0.1877907621394332 0.002410788775585063 0.21693218952368232 2.5315733887415544
26.52499999998353 4.212686799624792 -0.8616342315638192 6.734145474676935e-05 -0.10808666332177166 0.18778308311336225 0.0027064626923398094 0.21668534337120948 2.52904907617872
26.52549999998353 4.209728487841171 -0.8504756713017098 6.748609840500842e-05 -0.10759724484703916 0.187774958890676 0.0030031760597795856 0.21643849322963507 2.526504127434865
26.52599999998353 4.206752543342246 -0.8392809524584259 6.763139510102083e-05 -0.10710613419278926 0.18776641043674108 0.003300916656887097 0.216191685595904 2.5239387966975175
26.52649999998353 4.203759452415624 -0.828050545523083 6.777734220713295e-05 -0.1066133563776925 0.18775745589391746 0.003599670724721746 0.2159449643571242 2.5213533088485938
26.526999999983527 4.200749744456142 -0.8167847851030583 6.79239099204657e-05 -0.10611893855959828 0.1877481150736136 0.003899434281738142 0.21569837603104072 2.5187479126463472
26.527499999983526 4.197723965085237 -0.8054841610819814 6.807110915573628e-05 -0.10562290405976225 0.18773840973095776 0.004200189955276131 0.2154519666793207 2.5161228606158166
26.527999999983525 4.194683221037004 -0.7941487331073572 6.821885455598618e-05 -0.10512529150315833 0.18772838647612067 0.004501953394165652 0.21520581215876808 2.5134786992780613
26.528499999983524 4.191627407715543 -0.7827787866650904 6.83670916499258e-05 -0.10462612322838372 0.18771803344779062 0.0048047282031253085 0.2149599291877737 2.510815316796931
26.528999999983522 4.188556888336801 -0.7713757168531352 6.851601147469014e-05 -0.10412541018354575 0.1877073663497193 0.0051084317106421225 0.21471435094651142 2.5081329077547387
26.52949999998352 4.185472364487394 -0.7599395000387532 6.866551206427933e-05 -0.10362318594838432 0.1876964121619289 0.005413085646341602 0.21446913367841244 2.5054317883858044
26.52999999998352 4.182374407809587 -0.7484706145476461 6.881559992230665e-05 -0.10311947489473064 0.18768519370877332 0.005718673959095254 0.21422432465038882 2.5027122218725166
26.53049999998352 4.179263516420092 -0.7369694380718059 6.896623358890644e-05 -0.10261430836151293 0.18767372789983036 0.006025194252702089 0.2139799696002269 2.499974443914861
26.530999999983518 4.176140315651457 -0.725436403322371 6.911742334225583e-05 -0.10210770852678103 0.18766204102749193 0.006332630383145698 0.21373611765624376 2.497218742564393
26.531499999983517 4.17300528783162 -0.7138719548946483 6.926915429343566e-05 -0.10159970265715314 0.18765015040875224 0.006640972295025684 0.21349281262251563 2.4944453291578617
26.531999999983515 4.169859003011826 -0.7022765155188067 6.942141388196471e-05 -0.10109031744251044 0.18763807810202685 0.006950209407115447 0.21325010209904383 2.491654453137354
26.532499999983514 4.166701954970443 -0.6906505074201346 6.957420479240857e-05 -0.10057957488907775 0.18762584353573045 0.0072603279984986765 0.2130080289801485 2.488846354516226
26.532999999983513 4.163534823506994 -0.678994391643969 6.972751750480716e-05 -0.10006750399427333 0.18761347387619737 0.007571315562698338 0.2127666462462772 2.486021342447917
26.533499999983512 4.160358142163384 -0.667308539252879 6.98813235003701e-05 -0.09955413320411934 0.1876009887397714 0.007883166990642615 0.21252600014107859 2.4831796501073176
26.53399999998351 4.157172525240044 -0.6555931358176394 7.003556191929404e-05 -0.0990394927237457 0.18758841151328381 0.008195889002618613 0.21228614144497807 2.480321574625866
26.53449999998351 4.1539784575600605 -0.643849017600937 7.019032004927635e-05 -0.09852359941780094 0.1875757626482898 0.008509437424312104 0.21204711009727326 2.4774473212427646
26.53499999998351 4.150776590644858 -0.6320763020475185 7.034553365097107e-05 -0.09800648221317419 0.18756306788589208 0.008823821507598795 0.2118089583010288 2.4745571855802897
26.535499999983507 4.147567446065433 -0.6202756584517417 7.050121426111419e-05 -0.09748817091094765 0.18755034575191773 0.00913901888720995 0.21157173092227327 2.4716514199488047
26.535999999983506 4.14435166509538 -0.6084474289551832 7.065735319480417e-05 -0.0969686887727386 0.1875376230497525 0.009455019632457283 0.21133547751786838 2.4687302988577327
26.536499999983505 4.141129795659496 -0.5965919953530151 7.081392616299763e-05 -0.09644806397720748 0.18752492031860962 0.00977181743186837 0.21110024443703082 2.4657940865047387
26.536999999983504 4.1379023938084245 -0.5847098048283538 7.097092609474135e-05 -0.09592632282538001 0.1875122589984942 0.010089399872951457 0.2108660775831753 2.462843033528034
26.537499999983503 4.134670073895713 -0.5728012840450001 7.112835296540915e-05 -0.0954034896902712 0.18749966415546737 0.010407753268072079 0.21063302502595316 2.4598774344704655
26.5379999999835 4.131433440758996 -0.5608668389061388 7.128619872645891e-05 -0.09487959022114437 0.18748715998456109 0.01072686657538371 0.21040113465980825 2.456897552832298
26.5384999999835 4.128193070603573 -0.5489069078751467 7.144445028188818e-05 -0.09435465182858488 0.18747476864655865 0.011046728613726926 0.21017045323698452 2.4539036570821686
26.5389999999835 4.124949681818198 -0.5369217890927798 7.160308682228338e-05 -0.09382870099991435 0.18746252008450867 0.011367334200157647 0.20994103423243446 2.450896089779162
26.539499999983498 4.121703609916803 -0.5249121110764693 7.176211959885905e-05 -0.0933017628847129 0.18745042450744018 0.011688661613009691 0.20971291189556776 2.4478749892077976
26.539999999983497 4.118455557411465 -0.5128781831225154 7.192152673588189e-05 -0.0927738641243581 0.18743851095650002 0.012010705209838535 0.2094861386674366 2.4448406946606163
26.540499999983496 4.115206220260669 -0.5008204449295364 7.208132634928874e-05 -0.09224502570288992 0.18742680980616264 0.012333446273538998 0.20926076483188283 2.441793480715659
26.540999999983494 4.111956324097329 -0.48873945661724955 7.22414834566995e-05 -0.09171528703672958 0.18741534735807702 0.012656874315740642 0.2090368454818978 2.4387337873116244
26.541499999983493 4.108706144505342 -0.4766353801967205 7.240199863873516e-05 -0.09118465823630006 0.1874041354163001 0.012980984666967873 0.20881441001934192 2.4356616255484154
26.541999999983492 4.105456382846992 -0.46450878882064234 7.25628818428236e-05 -0.09065316870899476 0.18739320197231862 0.013305757459296318 0.20859350978394628 2.4325774068779173
26.54249999998349 4.102207610444195 -0.45236004704757254 7.272410933437489e-05 -0.09012084524921485 0.18738256913405663 0.013631185443551802 0.20837419029310933 2.4294813993879854
26.54299999998349 4.098960444432892 -0.44018960375375327 7.288568075814441e-05 -0.08958771378875632 0.18737226166351506 0.013957254982435335 0.20815649850398998 2.4263738891137336
26.54349999998349 4.0957154690756505 -0.42799787391015814 7.304759114038621e-05 -0.08905379888797985 0.18736230299485315 0.014283953447492156 0.2079404794791193 2.423255168276804
26.543999999983487 4.092473266574122 -0.41578531122735546 7.320984634000673e-05 -0.08851912423734774 0.1873527167286164 0.014611265133142615 0.20772617767178786 2.4201255271927575
26.544499999983486 4.089234298486196 -0.40355225126652966 7.337244390958275e-05 -0.08798370952521023 0.1873435214156211 0.01493917971841977 0.20751363147726248 2.4169851890737775
26.544999999983485 4.085999795223426 -0.39129925810451577 7.353533761753467e-05 -0.08744760298024119 0.18733476690578352 0.01526768778597643 0.20730291953796545 2.413834817038007
26.545499999983484 4.082769613596871 -0.379026762940246 7.369858020690335e-05 -0.0869108069465259 0.18732644550686003 0.015596765837928486 0.20709404785008687 2.4106742452877956
26.545999999983483 4.079544603197042 -0.3667351604660352 7.386213548899499e-05 -0.08637335644965347 0.1873185913135126 0.01592640835267268 0.20688707508946452 2.407503959673372
26.54649999998348 4.076325344558148 -0.3544249174796274 7.402601196909855e-05 -0.08583527478448352 0.18731122794553723 0.016256598346785396 0.2066820444586358 2.404324226583011
26.54699999998348 4.073112485683695 -0.3420964576491495 7.419021551590664e-05 -0.0852965853149802 0.18730438251547793 0.016587320693423595 0.2064790022827664 2.401135398970226
26.54749999998348 4.069906597865773 -0.3297501204135849 7.435471455888252e-05 -0.08475731609053223 0.18729807673143267 0.016918570836707787 0.206277992566635 2.397937753683001
26.547999999983478 4.066708270277303 -0.31738642205249107 7.451952227523395e-05 -0.08421749156890902 0.1872923342957282 0.017250329714456766 0.20607905824551787 2.3947316366485567
26.548499999983477 4.0635180514817355 -0.30500588496353725 7.468463415845511e-05 -0.08367713963669646 0.18728717576672127 0.017582581556527765 0.205882240804412 2.3915172918611063
26.548999999983476 4.060336406315317 -0.29260869653611643 7.485003951911447e-05 -0.0831362764112022 0.18728262084539646 0.017915321903759943 0.20568757688580924 2.3882949929023063
26.549499999983475 4.057164144356541 -0.28019553247260154 7.501575829302459e-05 -0.08259493310688341 0.18727870271398422 0.018248524499750715 0.20549511943494286 2.385065198993968
26.549999999983473 4.054001814027458 -0.2677667574187228 7.518177948116653e-05 -0.08205313362680301 0.18727544312743627 0.018582179739513444 0.20530490919709443 2.3818281878512284
26.550499999983472 4.050849908030002 -0.2553228100867628 7.534811119067314e-05 -0.08151089919603427 0.1872728616779814 0.01891627183496447 0.20511698308268062 2.3785842483546453
26.55099999998347 4.047709087062776 -0.24286414818477992 7.551473595526866e-05 -0.08096825992756765 0.187270984118644 0.019250789254219025 0.2049313872869989 2.3753337602972744
26.55149999998347 4.0445799212492215 -0.23039122875837784 7.568165373291312e-05 -0.08042524062864588 0.1872698330394706 0.019585717062709455 0.20474816240852392 2.3720770480011026
26.55199999998347 4.041463006439904 -0.21790452420056852 7.584887415195137e-05 -0.07988186482827622 0.18726943274299768 0.01992103792662502 0.20456734959519116 2.368814460360921
26.552499999983468 4.038358887903344 -0.20540448706133074 7.601638715596832e-05 -0.07933815900929826 0.18726980400083937 0.02025673896455368 0.20438898805702707 2.365546317720109
26.552999999983466 4.0352681961354815 -0.19289149726382682 7.618417780919948e-05 -0.07879414952382377 0.18727097208995636 0.020592810514851477 0.20421312110537973 2.362273016032162
26.553499999983465 4.032191431863265 -0.1803661445729678 7.635227083641286e-05 -0.07824985922276032 0.1872729565254345 0.02092922870193766 0.20403978368988998 2.3589948489122303
26.553999999983464 4.029129223839681 -0.16782887163039037 7.652065738827822e-05 -0.0777053150378388 0.1872757822958468 0.021265980358653878 0.20386901809805685 2.355712203519956
26.554499999983463 4.026082086102858 -0.15528013034541527 7.66893378618788e-05 -0.07716054065044295 0.18727946937638754 0.021603050602186463 0.20370086027970172 2.3524254296887475
26.554999999983462 4.023050645010228 -0.14272041032477262 7.685830591104778e-05 -0.07661556447011406 0.18728404218493658 0.02194042493298086 0.20353535177566348 2.3491349127475267
26.55549999998346 4.020035421523637 -0.13015019524114135 7.702757360213945e-05 -0.07607040809616353 0.18728952163659218 0.02227808434593922 0.203372527507786 2.3458410105352883
26.55599999998346 4.017037002783571 -0.11756994461927936 7.719711762596738e-05 -0.07552510228578112 0.18729592941505316 0.02261601883313243 0.2032124271755713 2.3425441093896273
26.55649999998346 4.014055932960917 -0.10498013713149398 7.736694291381043e-05 -0.07497967093496127 0.1873032869719072 0.022954211570332672 0.2030550865967442 2.3392445729734033
26.556999999983457 4.011092721338292 -0.0923813063383464 7.753706368626324e-05 -0.07443413703005192 0.18731161419754397 0.023292641895731426 0.20290053902141533 2.335942770494636
26.557499999983456 4.008147889470542 -0.07977396927674664 7.77074700579159e-05 -0.07388853016218826 0.18732092953185583 0.02363129596546932 0.20274881918081472 2.3326391092864585
26.557999999983455 4.005221918323878 -0.06715833345218636 7.787815281460064e-05 -0.07334286514644958 0.18733125400109799 0.02397016675983928 0.20259995924977053 2.3293338402352086
26.558499999983454 4.002315303703673 -0.05453498371391668 7.804910023694374e-05 -0.07279717366024355 0.18734260421160376 0.024309238231812493 0.20245399207996934 2.326027418507039
26.558999999983453 3.9994289263198155 -0.04190471267534447 7.822031723213458e-05 -0.07225149533264681 0.18735501436944751 0.02464848337382963 0.2023109678683025 2.322720446308646
26.55949999998345 3.996563150621522 -0.02926787240905728 7.839179877982493e-05 -0.07170584913979963 0.18736849802515795 0.024987891245175753 0.20217091176018387 2.3194132254633804
26.55999999998345 3.993718520931864 -0.0166249772169604 7.856353517461934e-05 -0.07116026359521177 0.1873830752005401 0.025327446992018346 0.20203385745385544 2.316106178310865
26.56049999998345 3.9908956190605114 -0.003976530447565765 7.873552504029409e-05 -0.07061476523986895 0.1873987685251471 0.025667133820442927 0.20189983970568176 2.312799765318064
26.560999999983448 3.9880948859160776 0.008676930721352689 7.89077678361642e-05 -0.07006937977210581 0.18741559343115452 0.026006934407357143 0.20176888580766852 2.309494345927288
26.561499999983447 3.98531685689714 0.021334846567644117 7.908026202541155e-05 -0.06952413500091587 0.18743356970122385 0.02634683022616627 0.2016410272279318 2.3061903805465254
26.561999999983446 3.982562022314519 0.03399672851196425 7.925300102957586e-05 -0.06897905703037738 0.18745271523776502 0.026686806573649816 0.2015162931475023 2.3028883074064064
26.562499999983444 3.979830926830984 0.04666198536097799 7.942599176751434e-05 -0.06843417296146671 0.1874730505091145 0.027026842381815252 0.20139471419390437 2.299588536691643
26.562999999983443 3.9771240557803234 0.0593301428051183 7.95992166341375e-05 -0.06788951042744039 0.18749459269204286 0.027366924990909012 0.20127631877170904 2.296291557427354
26.563499999983442 3.9744419287784916 0.07200064564500025 7.977266070692291e-05 -0.06734509988627065 0.18751735992883165 0.027707039146204912 0.20116113633507865 2.292997771484493
26.56399999998344 3.971785068937777 0.08467284492485067 7.994632496789172e-05 -0.06680097151717694 0.1875413705856216 0.028047162895832894 0.20104919503265245 2.2897077211299783
26.56449999998344 3.969153900496536 0.09734633656881339 8.012020770851316e-05 -0.06625714680202159 0.18756664048953853 0.02838728371331977 0.20094051857078737 2.2864218175249906
26.56499999998344 3.9665487171413236 0.1100199902883664 8.029434541007266e-05 -0.06571366138938017 0.18759317427590955 0.028727357871767945 0.2008351199825432 2.28314043193613
26.565499999983437 3.9639696727669853 0.12269424998429695 8.046868197031907e-05 -0.0651705140671927 0.18762098060554996 0.02906740886748705 0.20073301304329585 2.27986380197562
26.565999999983436 3.9614180849500773 0.13536792851151563 8.064321789572084e-05 -0.06462776577913885 0.18765011004206922 0.029407398026359593 0.2006342616979579 2.2765929357563266
26.566499999983435 3.9588940850133048 0.1480406375083279 8.081792838960587e-05 -0.0640854377637966 0.187680563169405 0.029747317338567024 0.20053887407134777 2.2733281038104955
26.566999999983434 3.9563981006867173 0.16071176606759752 8.099283178843838e-05 -0.06354355312151792 0.1877123554642352 0.030087142440012336 0.20044686996170372 2.270069789359637
26.567499999983433 3.95393062792369 0.17338077539440921 8.116790091878965e-05 -0.06300214435116487 0.1877455031447986 0.03042686106964144 0.20035827414531662 2.2668185003852104
26.56799999998343 3.951492073960541 0.1860470675579195 8.134313305792362e-05 -0.06246123866365246 0.18778001937989264 0.03076645361033166 0.2002731052374914 2.2635747111600653
26.56849999998343 3.9490828662601323 0.19871003552862754 8.151853993788267e-05 -0.06192086052529274 0.18781591919012372 0.03110589716070236 0.2001913817016008 2.2603389264912255
26.56899999998343 3.946703478867923 0.2113691849467264 8.169408420522699e-05 -0.061381042626968876 0.18785321759255738 0.03144518265711769 0.20011312617164817 2.2571116703079612
26.569499999983428 3.944354623555819 0.22402394031436423 8.18697327986612e-05 -0.060841822779343586 0.18789194043876678 0.03178429729564319 0.20003837190783164 2.253893617480042
26.569999999983427 3.942036207376665 0.23667354980457914 8.204554749460375e-05 -0.06030321169834275 0.18793207969983133 0.032123203940768286 0.1999671076773855 2.25068497701543
26.570499999983426 3.9397488280070245 0.24931752215078265 8.222147291449466e-05 -0.059765247575857994 0.18797365518497444 0.03246189692918054 0.19989936121369675 2.2474863729306787
26.570999999983425 3.937492927857775 0.26195527525670065 8.239750308324165e-05 -0.05922795816314349 0.1880166816597916 0.03280035764789339 0.1998351497418915 2.2442983661449727
26.571499999983423 3.9352687735663343 0.27458616139488606 8.257363368589733e-05 -0.05869137054588921 0.18806116491008323 0.033138565323882006 0.1997744809419301 2.241121424680307
26.571999999983422 3.9330774242799933 0.28721011225707715 8.274980535017995e-05 -0.05815550837557231 0.1881071536525433 0.03347652145147654 0.19971740509573513 2.237955904986791
26.57249999998342 3.930918680670084 0.2998257564010148 8.292605928097191e-05 -0.05762041812302767 0.18815462290087717 0.033814183484354755 0.19966390186600438 2.2348027945528885
26.57299999998342 3.9287928797793006 0.3124326357749979 8.310238304447632e-05 -0.057086119608535914 0.1882035844589389 0.03415153515974464 0.19961398149658827 2.2316623499509163
26.57349999998342 3.9267003818383843 0.32503040610299394 8.327873479115214e-05 -0.05655263913135383 0.18825404924758876 0.034488572489989766 0.19956765690670417 2.2285351215766993
26.573999999983418 3.9246416216623157 0.33761814625457176 8.345515923159095e-05 -0.05602000433863106 0.1883060316165893 0.034825255627127225 0.19952493793704817 2.225421674156418
26.574499999983416 3.9226167665761897 0.3501953794920428 8.363161836327386e-05 -0.05548824374506957 0.18835953171244055 0.03516157722280668 0.19948582629760328 2.222322486727655
26.574999999983415 3.92062635068755 0.3627614640846173 8.38080942751868e-05 -0.0549573889627243 0.1884145679135331 0.03549751708365907 0.19945033898880243 2.219238172566161
26.575499999983414 3.9186706429394675 0.37531575009664037 8.398458417883226e-05 -0.05442746786068401 0.1884711458642911 0.03583305498088115 0.1994184793603329 2.2161692736628686
26.575999999983413 3.916749939618575 0.38785761481191033 8.416107654825466e-05 -0.05389850810198644 0.18852927266396016 0.03616817167703273 0.19939025169070088 2.213116300826833
26.57649999998341 3.914864564072229 0.40038642884322073 8.433755303874384e-05 -0.053370540068009266 0.18858895602479264 0.03650284970355225 0.19936566133151487 2.2100798470565497
26.57699999998341 3.9130148171480377 0.41290153486450265 8.451401047873344e-05 -0.05284359114261932 0.1886502033486287 0.03683706744441415 0.19934471120707364 2.207060458745893
26.57749999998341 3.9112010210389188 0.42540228772108923 8.469044973392488e-05 -0.052317687482808316 0.18871302354445282 0.037170802617064604 0.19932740465383775 2.204058681612284
26.57799999998341 3.909423395821545 0.4378879292138109 8.486687747693966e-05 -0.05179285627449712 0.18877741982326662 0.03750402819392699 0.19931373843007272 2.2010750555843317
26.578499999983407 3.9076822776636555 0.45035811383893953 8.504319858833111e-05 -0.05126913602507802 0.1888433981938487 0.03783675163804444 0.19930372079988248 2.1981101638032214
26.578999999983406 3.905977927634938 0.4628119470771083 8.521946590219004e-05 -0.050746548451599566 0.18891096557902348 0.03816893200930791 0.1992973468626231 2.195164561814664
26.579499999983405 3.9043106016180804 0.4752488315285081 8.53956565005837e-05 -0.050225122526868934 0.18898012658802976 0.038500553385101874 0.1992946155545248 2.192238815136178
26.579999999983404 3.9026805399757163 0.48766811169293645 8.55717523509543e-05 -0.04970488792602951 0.1890508847167587 0.03883159727020749 0.199295523889735 2.189333469168091
26.580499999983402 3.9010879993976344 0.5000691252346264 8.574775406985172e-05 -0.049185870333846915 0.189123245561247 0.039162040817909784 0.19930006847249543 2.186449095862999
26.5809999999834 3.8995328482448377 0.5124512464094322 8.592363724704841e-05 -0.04866809571716276 0.18919719429519655 0.03949186966955669 0.19930822772757406 2.183585939939831
26.5814999999834 3.8980158169182735 0.5248137609108461 8.609939422151461e-05 -0.048151598806733704 0.18927275863092274 0.03982105880913056 0.19932001994803336 2.1807450809261213
26.5819999999834 3.8965370342500645 0.537156030276448 8.627499838161334e-05 -0.0476364084707928 0.18934993639391695 0.04014959153204953 0.19933543469380208 2.1779268923616613
26.582499999983398 3.895096662804181 0.5494773442488635 8.645043852758608e-05 -0.04712255379217699 0.18942872718272272 0.04047744653117075 0.19935446179016608 2.1751319390627835
26.582999999983397 3.893694943474687 0.5617770494090876 8.662571311606204e-05 -0.0466100603585582 0.18950913577889666 0.04080460159487238 0.19937709442563606 2.1723607833075005
26.583499999983395 3.892332358490692 0.5740550608032097 8.680078392659223e-05 -0.04609894431037155 0.1895911828240645 0.04113105865065961 0.19940334314369604 2.1696137670554134
26.583999999983394 3.8910084199178927 0.5863099985855389 8.697569679834678e-05 -0.045589237425882424 0.18967483256473597 0.04145676536368839 0.19943315690214108 2.166891619648975
26.584499999983393 3.8897237524478436 0.5985412238758812 8.715038298382784e-05 -0.04508098513850384 0.1897601038567222 0.04178171351330512 0.19946654812494224 2.1641950191688273
26.584999999983392 3.8884783765843056 0.6107481490172616 8.732484371192382e-05 -0.044574206823293 0.18984699183935835 0.04210588255563453 0.1995034976389336 2.161524426824433
26.58549999998339 3.887272471037572 0.622930100308407 8.749906179676546e-05 -0.04406893106825411 0.18993549706998908 0.042429252704074064 0.19954399318884178 2.1588804202485172
26.58599999998339 3.886106134794767 0.6350863208935174 8.767304408892432e-05 -0.04356518322420954 0.19002561691768838 0.0427517973137634 0.19958801679425572 2.156263522917902
26.58649999998339 3.8849797483592807 0.6472161152210271 8.784675472026671e-05 -0.04306299968497836 0.19011736016640163 0.04307349927273712 0.19963556526357773 2.153674416915613
26.586999999983387 3.883893093144933 0.6593188745837002 8.802018505011586e-05 -0.04256239960418273 0.19021070941975005 0.04339434022733222 0.19968660596493742 2.1511134778404157
26.587499999983386 3.882846020248617 0.6713931685410418 8.819339523949955e-05 -0.0420634162823285 0.19030564654157645 0.043714261992386205 0.19974109941743803 2.1485811301263786
26.587999999983385 3.8818390866738497 0.6834393421232455 8.8366270260207e-05 -0.04156606988443908 0.1904021946052669 0.04403329560388317 0.19979906155404972 2.146078119567392
26.588499999983384 3.880872249509827 0.695456382984873 8.853881429048209e-05 -0.041070393501346794 0.19050034116008427 0.04435140745451715 0.19986046269250096 2.1436049272304953
26.588999999983383 3.879945619272185 0.707443602594489 8.871101570388287e-05 -0.04057641380525334 0.1906000837478114 0.044668576178537395 0.19992528349307317 2.141162107344429
26.58949999998338 3.879059061849434 0.7194004429301197 8.88828681638328e-05 -0.04008414792460905 0.19070141001271626 0.04498478315989687 0.19999349342321865 2.138750033877413
26.58999999998338 3.878213053528456 0.7313260134688846 8.905433253352568e-05 -0.039593642384970505 0.19080433061846058 0.045300007598876924 0.2000650888799094 2.1363695264648337
26.59049999998338 3.877407461961142 0.743219682937945 8.922540689783455e-05 -0.03910491596233663 0.1909088328014647 0.04561422781060304 0.20014003765562904 2.134020936975122
26.590999999983378 3.8766423364415274 0.7550807559705995 8.939607888235515e-05 -0.0386179952420801 0.19101491090429074 0.04592742292005493 0.2002183156466187 2.131704845742159
26.591499999983377 3.8759177068700117 0.7669084846773987 8.956635919300164e-05 -0.038132902907809484 0.1911225594190118 0.046239565477707786 0.20029989620221308 2.1294217233176016
26.591999999983376 3.875233240286455 0.7787023867890314 8.973617414137322e-05 -0.03764966604154651 0.19123175263940556 0.0465506541079353 0.20038473985924032 2.1271718496306233
26.592499999983374 3.874589433449214 0.7904616290142176 8.990552086497577e-05 -0.03716831980270331 0.19134250568975184 0.046860660184112966 0.20047284093731912 2.124956011203729
26.592999999983373 3.8739861527730635 0.8021855108014577 9.00743973187491e-05 -0.03668888727430188 0.19145480442128734 0.04716956192242364 0.2005641646889423 2.1227746877483877
26.593499999983372 3.8734234258805 0.8138732601441889 9.024277796191533e-05 -0.036211399784936475 0.19156864055274034 0.04747733850998076 0.2006586833147293 2.1206282585283094
26.59399999998337 3.8729010913738 0.8255243737008301 9.041065295095665e-05 -0.03573587369552078 0.19168400062494184 0.04778397455496386 0.20075636226190777 2.1185172681862645
26.59449999998337 3.8724192590499973 0.8371379149395577 9.057801628363947e-05 -0.03526234384037826 0.19180087955837638 0.04808944099197175 0.20085717469735603 2.1164422336918047
26.59499999998337 3.871977835800286 0.848713377680212 9.074480514155011e-05 -0.03479083950312318 0.19191926348715138 0.04839373316810384 0.20096108981772653 2.114403600661775
26.595499999983367 3.871577622886315 0.8602506496550766 9.091101816789684e-05 -0.03432137452018098 0.1920391903985913 0.04869684477046969 0.20106812300436921 2.112401799212981
26.595999999983366 3.87121754866052 0.8717481406568042 9.107664964329144e-05 -0.03385399107900195 0.19216059065534585 0.04899872873929212 0.20117818154823666 2.110437386397826
26.596499999983365 3.8708984726301887 0.8832047383607824 9.124170507889385e-05 -0.03338873647540211 0.19228349481258217 0.04929934480546257 0.20129127030006055 2.1085112657848986
26.596999999983364 3.8706191587930783 0.8946209207216217 9.140612310896878e-05 -0.032925589301523873 0.19240784460666194 0.049598721652971134 0.2014073143821815 2.106623002350493
26.597499999983363 3.870378825088277 0.9059972363445206 9.156983848619053e-05 -0.032464531330524696 0.19253360465061 0.0498968877108625 0.2015262616075097 2.1047724516284534
26.59799999998336 3.8701793587521065 0.917330254539359 9.173292574712426e-05 -0.03200569341739341 0.19266083344000196 0.05019371855575901 0.2016481354621934 2.1029616146414334
26.59849999998336 3.8700198491733935 0.9286202783967574 9.189533384689658e-05 -0.031549061321823564 0.19278948759433365 0.05048923287429973 0.20177287338343866 2.1011902744380206
26.59899999998336 3.8699002325366423 0.9398666707595094 9.205702391517625e-05 -0.031094664443138704 0.19291955471142613 0.05078341781055853 0.20190044148393554 2.0994588943926242
26.599499999983358 3.869820382486395 0.9510687544430572 9.221798724918007e-05 -0.030642525542406235 0.19305102111561404 0.05107625292203256 0.20203080145847493 2.097767856198521
26.599999999983357 3.8697801597734074 0.9622257527375032 9.237821513788479e-05 -0.03019267062814427 0.19318387141779989 0.05136771458130456 0.20216391279586723 2.0961175587590732
26.600499999983356 3.8697794450635046 0.973337035159421 9.253767976039572e-05 -0.029745125305299307 0.19331809144093798 0.05165778771350903 0.20229973798611003 2.0945084010749504
26.600999999983355 3.8698180736728496 0.9844019172604647 9.269636280558173e-05 -0.029299914358108085 0.19345366487612609 0.051946453882033984 0.20243823627545082 2.092940756729502
26.601499999983353 3.8698965192493495 0.9954189905639852 9.285424506830909e-05 -0.028857096664410883 0.19359059833310013 0.052233670913933904 0.20257938732262964 2.091415451811044
26.601999999983352 3.8700142502040293 1.00638866487108 9.301129548074593e-05 -0.02841665638616751 0.19372886890344382 0.05251945709402691 0.20272314712491163 2.089932360126543
26.60249999998335 3.8701707166770065 1.0173098201838318 9.316749891262262e-05 -0.027978627959196544 0.1938684370224248 0.05280378119314824 0.20286945015031438 2.0884918229363922
26.60299999998335 3.870365893311753 1.0281818214246838 9.332284901175842e-05 -0.027543033682953737 0.19400929444145187 0.053086623735451074 0.2030182618725706 2.087094222202213
26.60349999998335 3.8705997061108723 1.0390039344853632 9.347731917037162e-05 -0.02710990320567036 0.19415142808527464 0.05336796614106156 0.20316954419746547 2.0857399563297645
26.603999999983348 3.8708718586231856 1.0497755682720191 9.363089041127104e-05 -0.02667925698901747 0.19429481613243918 0.053647793883705275 0.2033232503134182 2.084429298524789
26.604499999983346 3.8711821450347266 1.060495950540389 9.378355476383827e-05 -0.026251119786126938 0.1944394401201266 0.05392608353277734 0.20347933469873042 2.0831625563970446
26.604999999983345 3.871530364144874 1.071164435581393 9.393529610416303e-05 -0.025825514333943415 0.1945852823942014 0.05420281792869108 0.20363775383374924 2.0819400699418473
26.605499999983344 3.8719164912371706 1.0817804004124274 9.408609775825347e-05 -0.025402464050597876 0.1947323344153377 0.054477979282773384 0.2037984726964928 2.080762113655595
26.605999999983343 3.872340098325794 1.0923432314453514 9.423592006432213e-05 -0.02498199508083982 0.19488056580892033 0.054751558930307025 0.2039614380551454 2.079628944056989
26.606499999983342 3.8728012875056033 1.1028520316235935 9.438471653649874e-05 -0.024564150157863486 0.19502996870333988 0.05502353768857559 0.20412661723834521 2.078541046235664
26.60699999998334 3.8732995518340303 1.1133062902188813 9.453252726366985e-05 -0.024148929387858988 0.1951805163264306 0.05529389055456548 0.20429395261899486 2.0774985017290204
26.60749999998334 3.8738345827914737 1.123705305239716 9.467931659008248e-05 -0.023736358639536825 0.19533218457445953 0.05556260117428366 0.20446339452661924 2.076501383659985
26.60799999998334 3.8744060049239764 1.1340478703614525 9.482513207652634e-05 -0.023326463304212383 0.19548494579033365 0.055829622035825796 0.2046348812338591 2.075550072360786
26.608499999983337 3.8750137510858935 1.1443341156185 9.496990474855786e-05 -0.022919256291140586 0.19563879252043898 0.05609497408927144 0.20480838744023738 2.074644811022679
26.608999999983336 3.8756575222396537 1.1545633802924122 9.511359067987946e-05 -0.02251476484568659 0.19579370076786232 0.056358644593236695 0.2049838645279636 2.0737857822344026
26.609499999983335 3.8763369935501313 1.1647348403844107 9.525619804179212e-05 -0.0221130113147469 0.1959496465166066 0.056620606815597566 0.2051612593925951 2.0729731773674955
26.609999999983334 3.877051947431331 1.1748478589067 9.53977123079714e-05 -0.021714017961345117 0.1961066114941577 0.05688084407707566 0.20534052710233971 2.072207214078859
26.610499999983332 3.877802251449568 1.1849015124588276 9.55381252892778e-05 -0.021317817201913468 0.19626457876414719 0.05713932977407756 0.20552162225603687 2.0714881825920157
26.61099999998333 3.8785872861996107 1.1948956122120165 9.567742138896386e-05 -0.020924410415015533 0.19642351537564154 0.05739606195605476 0.20570448772888786 2.070816024814593
26.61149999998333 3.8794070740776214 1.2048293187624235 9.581554820191339e-05 -0.02053383897321894 0.1965834098328278 0.05765102550695671 0.20588908739047682 2.0701910946726474
26.61199999998333 3.8802615076717673 1.2147023524762564 9.595252569462095e-05 -0.020146106302316093 0.1967442554440202 0.057904207076523315 0.20607538631900457 2.069613441814803
26.612499999983328 3.8811497028907596 1.224513626019559 9.608834336154478e-05 -0.019761240582310897 0.19690599714696608 0.058155577274622935 0.20626330141335764 2.069083137812752
26.612999999983327 3.8820718100006193 1.2342628312902868 9.62229895542889e-05 -0.019379257059429736 0.19706863810162709 0.058405128070135176 0.20645280989198092 2.068600446005813
26.613499999983325 3.8830269668555295 1.2439492398496574 9.635646124216005e-05 -0.019000169725953767 0.19723212869499657 0.0586528390189975 0.2066438350499796 2.068165216773011
26.613999999983324 3.8840149745491743 1.2535723790963273 9.648873097726731e-05 -0.018623998849946834 0.19739645232547343 0.05889870182728957 0.20683633578456587 2.0677775760476753
26.614499999983323 3.8850355033267743 1.2631315607357325 9.661979901786656e-05 -0.01825076393978323 0.1975615856770768 0.05914269584383492 0.20703026105210565 2.067437619378058
26.614999999983322 3.8860882214914834 1.2726261628108095 9.674965550810394e-05 -0.017880485777995888 0.19772750499142105 0.05938480587833129 0.20722556109465995 2.0671454622545067
26.61549999998332 3.887172732510007 1.2820556347491787 9.687827694128078e-05 -0.01751318238200791 0.19789418394024783 0.059625019443324045 0.20742218429603637 2.0669010528992646
26.61599999998332 3.8882887675026283 1.291419417618529 9.70056629568315e-05 -0.01714887015683093 0.19806160331488293 0.05986332036723062 0.20762008472377516 2.06670448233121
26.61649999998332 3.8894357705863585 1.3007169272009294 9.713180380579418e-05 -0.01678756471002391 0.19822972921214627 0.060099694496866016 0.20781920303723309 2.0665556760552573
26.616999999983317 3.890613464830348 1.3099475457218674 9.725668465372729e-05 -0.01642928764152367 0.1983985405133028 0.060334126648741486 0.2080194923767553 2.06645468585099
26.617499999983316 3.8918214084587035 1.3191107468860805 9.738029224220939e-05 -0.016074054711755513 0.19856800920607887 0.06056660483159655 0.2082208998534218 2.066401433023789
26.617999999983315 3.893059232839269 1.3282059586467145 9.750262902977632e-05 -0.015721880672722725 0.19873811142073092 0.060797111982568895 0.20842337510074826 2.0663959283272844
26.618499999983314 3.8943265070632997 1.3372326205141503 9.762368254133765e-05 -0.015372782665843503 0.19890881931949692 0.06102563491501586 0.20862686540028427 2.0664381149846243
26.618999999983313 3.8956227243452766 1.3461902924610518 9.774345545715485e-05 -0.015026768799478559 0.1990801038181804 0.061252160925597675 0.2088313164610753 2.0665278649288465
26.61949999998331 3.896947548095851 1.3550783521516072 9.786195408254962e-05 -0.014683855354303017 0.19925194226724238 0.06147667081536354 0.20903667898212303 2.06666512988174
26.61999999998331 3.8983008756396753 1.363895782348826 9.797914818476683e-05 -0.014344085510890206 0.199424316052557 0.061699141505058085 0.20924290832579023 2.0668501051036854
26.62049999998331 3.899681825944846 1.372642818272708 9.809501335238094e-05 -0.014007443780812938 0.19959718393483591 0.06191958725963021 0.20944994533871886 2.067082282608837
26.620999999983308 3.9010901300820873 1.3813186601823468 9.820955168022058e-05 -0.01367395536695867 0.19977052399653425 0.06213798463550613 0.20965774120644778 2.0673617108738105
26.621499999983307 3.9025253601486734 1.3899227904197033 9.832276240432408e-05 -0.013343633601211706 0.1999443097160361 0.062354319800816085 0.20986624488785233 2.067688215361473
26.621999999983306 3.9039871353520095 1.398454838580211 9.843462787036876e-05 -0.013016490970206235 0.20011851737326802 0.0625685867159235 0.210075410451772 2.06806166791579
26.622499999983305 3.9054749019790673 1.4069140543309409 9.854516967721789e-05 -0.01269254226746585 0.2002931133783398 0.06278076001935046 0.21028517713953868 2.0684819025786454
26.622999999983303 3.9069882189894445 1.4153001794943423 9.865433888069604e-05 -0.012371802938056252 0.20046807000345432 0.06299084434540073 0.21049549893096162 2.068948692330486
26.623499999983302 3.908526681442148 1.4236126288736393 9.876213697190055e-05 -0.01205428864203 0.20064336126956747 0.06319882340411105 0.21070632542920859 2.0694618835686596
26.6239999999833 3.910089842019764 1.4318508971832622 9.886858067162476e-05 -0.011740008069126543 0.2008189610415512 0.06340468027547226 0.2109176056760224 2.0700212866887004
26.6244999999833 3.9116772156292416 1.4400145798808768 9.897364638745013e-05 -0.011428975064316248 0.20099483973189672 0.06360840950367627 0.2111292893690001 2.070626649154737
26.6249999999833 3.9132886141779064 1.4481033879755059 9.90772942180832e-05 -0.011121201800659706 0.20117098390844418 0.06381000694623007 0.21134134210480549 2.071277556417267
26.625499999983298 3.9149221327737855 1.4561186693678292 9.917951093678956e-05 -0.01081662508396914 0.20134731319938448 0.06400952821822697 0.21155368021742893 2.0719730005182444
26.625999999983296 3.9165791604950355 1.464056786040232 9.928035685145126e-05 -0.010515380484472873 0.20152385863748182 0.06420684829570011 0.21176628200669725 2.0727142863429884
26.626499999983295 3.9182585120776716 1.471918497019746 9.937980210950139e-05 -0.010217432435826857 0.20170056918381113 0.06440200024334673 0.21197908663355944 2.073500555327507
26.626999999983294 3.919959781282265 1.4797033514936175 9.947783779679252e-05 -0.009922794785378303 0.20187741940151735 0.06459497472682885 0.2121920476373432 2.074331517222183
26.627499999983293 3.9216825240488804 1.4874109204446682 9.957444988804948e-05 -0.009631481028616945 0.20205438195731798 0.06478576389309891 0.21240511740108972 2.0752069314039177
26.62799999998329 3.923426220915614 1.4950408146284322 9.966963110737273e-05 -0.009343501147779917 0.20223142666702523 0.0649743605180917 0.21261824585442785 2.076126430257861
26.62849999998329 3.9251905159488345 1.5025923643640902 9.976338510749922e-05 -0.009058874698056897 0.20240852894390574 0.06516074608147632 0.21283138544379598 2.077089786264476
26.62899999998329 3.926974842074284 1.5100655006762953 9.985569597426521e-05 -0.008777601361860279 0.20258565923776006 0.0653449245784256 0.21304449014847976 2.0780966546647304
26.629499999983288 3.9287785741169796 1.5174598537519814 9.99465630420249e-05 -0.008499686957025 0.20276278313259666 0.06552688762964516 0.21325750609174812 2.0791464940299784
26.629999999983287 3.930601410209748 1.524774812730315 0.00010003597733817241 -0.008225153377346955 0.20293987822364054 0.06570662186241538 0.2134703901670613 2.0802391037004666
26.630499999983286 3.93244265558677 1.532010006725924 0.0001001239577625862 -0.00795400104897744 0.20311690802146223 0.06588411494327916 0.21368308557006915 2.0813739795249213
26.630999999983285 3.9343020303620775 1.5391652919967798 0.00010021046803358023 -0.0076862419033168206 0.20329385437689837 0.06605937357253071 0.2138955595116622 2.0825507805083676
26.631499999983284 3.936179130344817 1.546239867762864 0.00010029552349158006 -0.007421896664186342 0.2034706897798647 0.06623237257591466 0.21410776101445408 2.0837693042161027
26.631999999983282 3.9380733107593366 1.553233670438701 0.00010037909040652487 -0.007160968169374286 0.20364737974468225 0.06640312049313392 0.21431964248109242 2.0850289589788065
26.63249999998328 3.9399841322500615 1.5601462729038527 0.00010046116831292424 -0.006903467930089394 0.20382389789393465 0.06657160803162696 0.21453115908430517 2.086329361663692
26.63299999998328 3.941911147129194 1.566977389554024 0.00010054172530969827 -0.00664940931264166 0.20400021681977978 0.06673783649885616 0.21474226860884252 2.0876701365283195
26.63349999998328 3.943853700197673 1.5737268723598794 0.00010062077526525984 -0.00639878694881823 0.20417630392390257 0.06690180187252696 0.2149529219439295 2.0890506779979203
26.633999999983278 3.9458115395908875 1.5803938829722817 0.00010069833515766474 -0.006151626626369753 0.2043521382380887 0.06706347942375228 0.21516307579380162 2.090470783604194
26.634499999983277 3.9477841031639738 1.5869783806479987 0.00010077437606166085 -0.005907929126846344 0.2045276901814576 0.06722287597414153 0.2153726879893664 2.091929893633944
26.634999999983275 3.9497709607743543 1.5934799043027503 0.00010084890735646651 -0.005667705697050375 0.20470293395745023 0.06737997986902156 0.2155817147761061 2.0934275645353804
26.635499999983274 3.9517714748341093 1.5998982808494853 0.00010092191665949549 -0.005430958025642926 0.20487783582683364 0.06753479175403712 0.2157901087061788 2.0949632011869475
26.635999999983273 3.953785389543465 1.6062329886860875 0.00010099340535294143 -0.005197703573496241 0.20505237703722407 0.06768729893501643 0.215997833063603 2.0965365232326314
26.636499999983272 3.9558121152567645 1.6124838282421332 0.00010106335792119765 -0.004967946889134416 0.2052265255513808 0.0678375024829945 0.21620484275176424 2.0981469156843713
26.63699999998327 3.9578512194591142 1.6186504770389236 0.000101131775761909 -0.004741695533522949 0.20540025655903718 0.0679853959248895 0.21641109752070228 2.0997939468767997
26.63749999998327 3.9599021487696815 1.624732698056889 0.00010119864822397488 -0.004518953330684381 0.20557354001394695 0.06813097651110583 0.21661655350740766 2.1014771268567314
26.63799999998327 3.9619645157696444 1.6307301625212065 0.00010126395701740972 -0.004299735796370943 0.2057463511057412 0.06827424423578476 0.21682117319859034 2.1031958942167086
26.638499999983267 3.964037848830213 1.636642565143642 0.00010132773205628369 -0.004084041467093083 0.20591866563946878 0.06841518620006465 0.21702491551947162 2.1049497237326293
26.638999999983266 3.9661215811849626 1.6424696406651442 0.00010138996341714404 -0.00387187722443794 0.20609045209661975 0.06855380096472498 0.217227736500985 2.1067380326302545
26.639499999983265 3.9682153149490085 1.6482110463758517 0.00010145064562644602 -0.003663253401677646 0.2062616865725172 0.06869008299362678 0.21742959843336776 2.108560329697387
26.639999999983264 3.970318550580229 1.653866549868006 0.00010150977169452166 -0.0034581753062944164 0.2064323414542611 0.06882403053199775 0.21763046145566817 2.1104160268981595
26.640499999983263 3.9724307072795173 1.6594358500035902 0.00010156734247696665 -0.0032566485031565407 0.20660238478616882 0.06895563904349471 0.21783028098660207 2.112304536513972
26.64099999998326 3.974551286067038 1.6649198376036143 0.00010162336466753262 -0.0030586330902159647 0.20677180311472063 0.06908493592829609 0.21802903974450313 2.1142252798739247
26.64149999998326 3.97668002448183 1.6703167266886185 0.00010167781331634103 -0.002864200109004312 0.20694056074215253 0.06921187844770298 0.21822667903077422 2.1161777559094186
26.64199999998326 3.9788163573109614 1.6756267201968889 0.0001017307183813736 -0.002673328946676097 0.207108634641168 0.06933646963153615 0.2184231655561078 2.118161341809537
26.642499999983258 3.980959791875238 1.6808495899643647 0.00010178208840585525 -0.002486021322007657 0.20727599862793436 0.06945870455118615 0.21861846113068745 2.1201754204961505
26.642999999983257 3.9831095957302916 1.6859849385434977 0.00010183195492824367 -0.0023022767406079775 0.20744261470129863 0.0695785691737308 0.21881251372022903 2.1222192831897186
26.643499999983256 3.9852652538316184 1.6910331453227279 0.00010188024039257689 -0.002122095325767063 0.2076084561539301 0.06969609568610927 0.21900529698862822 2.1242922934941086
26.643999999983254 3.9874268173878216 1.6959934238055103 0.00010192697490978845 -0.001945501729627184 0.2077735182141556 0.06981125748473996 0.21919678720197677 2.126394208798196
26.644499999983253 3.9895934534514415 1.700866230241328 0.0001019721575297267 -0.0017724702474885444 0.20793776535102845 0.069924072303165 0.21938694536689243 2.1285241676940556
26.644999999983252 3.9917647983331412 1.7056506247379062 0.00010201579852198194 -0.0016030304988218027 0.2081011696451594 0.0700345146184395 0.21957572669196382 2.130681616209861
26.64549999998325 3.9939403285785797 1.710346720862061 0.00010205790425616229 -0.0014371723143180774 0.2082637070199721 0.0701425905483971 0.21976310003001392 2.13286594626829
26.64599999998325 3.996119589380486 1.7149542782467826 0.00010209847595171528 -0.0012749001016169237 0.2084253524691425 0.07024829645819333 0.21994903063535792 2.135076478411465
26.64649999998325 3.9983020802258276 1.719473155211537 0.0001021375147720009 -0.0011162144796242432 0.20858607979519872 0.07035163211931222 0.22013348396131055 2.137312618302546
26.646999999983247 4.000487252908517 1.7239033780076642 0.00010217500591333165 -0.0009611129070481697 0.20874586130080452 0.07045260551882682 0.22031642692415435 2.139573671759287
26.647499999983246 4.002674696569983 1.728244523346398 0.00010221098926029648 -0.000809598222269133 0.20890467476243382 0.07055119953221756 0.22049782389473718 2.141859010572626
26.647999999983245 4.00486385727162 1.732496551749136 0.00010224545961425672 -0.0006616681342049333 0.20906249209915004 0.07064741840231793 0.2206776407666603 2.144167955553105
26.648499999983244 4.007054119068185 1.7366594110383802 0.0001022784533662765 -0.0005173097147065023 0.20921928516542573 0.07074125675500345 0.22085584054253576 2.146499745527059
26.648999999983243 4.0092452484340315 1.7407328807725062 0.00010230993422374395 -0.0003765394391387712 0.20937503696952958 0.07083272004030296 0.221032400602828 2.1488539285787156
26.64949999998324 4.011436627935611 1.7447168356092408 0.00010233992027204676 -0.00023935143466754345 0.20952971716123428 0.07092180490496086 0.2212072830486226 2.1512296939723146
26.64999999998324 4.01362756442548 1.7486115568167326 0.000102368432134543 -0.00010572373349701088 0.20968329644184064 0.07100851968801813 0.22138045499209794 2.1536263101007656
26.65049999998324 4.015818144468776 1.752416548666608 0.00010239543380981882 2.4313847851270293e-05 0.2098357704216026 0.07109286016217392 0.22155190341233613 2.156043364533064
26.650999999983238 4.018007332073399 1.7561317343743696 0.00010242096933319148 0.00015078011211559214 0.209987090756251 0.07117482014684642 0.22172157324413008 2.158479883342043
26.651499999983237 4.020194824350934 1.7597570951967498 0.00010244504293194989 0.0002736769120237411 0.21013724236353912 0.07125440197974894 0.2218894439325508 2.1609353044853807
26.651999999983236 4.022380051900054 1.7632925269138788 0.00010246766462047417 0.00039300814511573304 0.2102861968347421 0.07133160462250338 0.2220554814739847 2.1634089263604643
26.652499999983235 4.024562699300781 1.7667380556791137 0.00010248885413221569 0.0005087819144494443 0.21043394026161447 0.07140642751616205 0.2222196660147029 2.165900151174727
26.652999999983233 4.026742005418843 1.7700935331172976 0.00010250859942736198 0.0006209964102641231 0.21058043257529935 0.07147887515715037 0.22238195478472 2.168408142808543
26.653499999983232 4.028917581762924 1.77335919898331 0.00010252689305951374 0.0007296625149162235 0.2107256569572218 0.07154895873516863 0.22254232946458807 2.1709322765136547
26.65399999998323 4.031088968004344 1.7765346158708923 0.00010254378834752148 0.0008347800612758159 0.21086958943135092 0.07161665882151037 0.22270075533202358 2.1734718765682164
26.65449999998323 4.033255619646596 1.7796197079897547 0.00010255928180218531 0.0009363504039434224 0.21101220217054853 0.07168197804350884 0.22285720134914533 2.1760261907287473
26.65499999998323 4.035417055029637 1.7826147194577437 0.00010257337376294278 0.001034386406482418 0.2111534741016479 0.07174492781222654 0.2230116459901025 2.1785945489125007
26.655499999983228 4.037572795229512 1.7855195513432989 0.00010258609020899812 0.001128895540669075 0.21129338260226851 0.07180550256631485 0.2231640610301117 2.1811762733964652
26.655999999983226 4.0397224028104715 1.7883342355192708 0.00010259742500262876 0.0012198802418991997 0.2114319057666162 0.0718637094553172 0.2233144232256083 2.1837706856275316
26.656499999983225 4.041865359384795 1.7910591591285248 0.00010260738231160116 0.0013073603892875684 0.21156902297770316 0.07191956306081533 0.22346271327849296 2.1863768415743383
26.656999999983224 4.044000938298517 1.793693983837867 0.00010261599270055458 0.0013913387319225683 0.211704697111784 0.07197305082205893 0.2236088876750963 2.188993824346478
26.657499999983223 4.046128844464269 1.796238436978611 0.00010262330159061507 0.0014718171129627683 0.2118389132448303 0.07202415891666829 0.22375292373065933 2.1916215365541984
26.657999999983222 4.048248793774583 1.7986928957299093 0.00010262925040283248 0.0015487967110401424 0.21197165728869166 0.07207291496437018 0.22389481310746795 2.1942592415969013
26.65849999998322 4.050360174505774 1.80105726436253 0.00010263387365138624 0.0016222880408960348 0.21210290063259607 0.07211931311797005 0.22403452323214912 2.1969061456939687
26.65899999998322 4.05246259401263 1.8033316520386413 0.0001026371890044268 0.0016923020639214865 0.21223262626823697 0.07216335656143849 0.22417203565387456 2.199561640942872
26.65949999998322 4.054555545995208 1.8055161602817325 0.00010263920594398108 0.001758849759014311 0.2123608112697057 0.07220504965650146 0.2243073269233535 2.2022249966598064
26.659999999983217 4.0566391415435605 1.8076110602945914 0.00010263992463131083 0.0018219346901305422 0.21248746282096845 0.07224440484137429 0.22444040485837646 2.2048969526214264
26.660499999983216 4.058712161873546 1.8096158947256893 0.00010263935463468714 0.0018815599883367652 0.21261251830392722 0.07228141008636861 0.2245712035226273 2.207574779488371
26.660999999983215 4.0607744135189865 1.8115310511636276 0.00010263751892726912 0.0019377443745971896 0.21273597351968998 0.07231607578540061 0.22469971984769213 2.2102584320240117
26.661499999983214 4.062825366186857 1.8133564478480122 0.00010263441101178039 0.0019904871437358518 0.2128578006499971 0.0723484059585302 0.22482592639943366 2.2129472261477416
26.661999999983212 4.064864876648221 1.8150923628916944 0.00010263002670569393 0.002039797557123116 0.21297799532014086 0.07237841232958353 0.22494982070677716 2.2156407052377824
26.66249999998321 4.06689223291721 1.8167387681715965 0.00010262440750334121 0.0020856932098010485 0.2130965258054309 0.07240608838549743 0.2250713688184229 2.218337768713085
26.66299999998321 4.068907272244479 1.8182957847525216 0.00010261755527385183 0.002128176090975065 0.2132133845015346 0.07243144289751544 0.2251905645987182 2.2210383829040397
26.66349999998321 4.070909445514809 1.8197633997181835 0.00010260947693455911 0.0021672537646304866 0.21332854513185182 0.0724544769446889 0.22530738200574185 2.2237416213340317
26.663999999983208 4.072898572800794 1.8211419187580553 0.00010260018429753492 0.0022029402804311163 0.21344200278151126 0.07247520019187127 0.2254218182432961 2.226446970629886
26.664499999983207 4.074874133653113 1.8224313155682548 0.00010258967751017474 0.002235239225500681 0.2135537315601526 0.07249361612329776 0.22553384875954424 2.2291537150619853
26.664999999983205 4.076835794682109 1.8236317843343828 0.00010257795777921135 0.002264160264560473 0.21366371721010774 0.07250973364924515 0.22564346200949184 2.2318612518788883
26.665499999983204 4.078783210181076 1.8247434434609584 0.00010256503634010991 0.0022897127636307157 0.2137719447301144 0.07252355743979834 0.22575064456598734 2.23456894855983
26.665999999983203 4.080715986342823 1.8257663637699053 0.00010255093613058649 0.0023119076980200456 0.2138783970278239 0.07253508851410559 0.2258553800513611 2.2372761769705214
26.666499999983202 4.082633834021249 1.8267006656432652 0.00010253563708213843 0.0023307464292610385 0.21398305967063264 0.07254433804604941 0.22595765795268488 2.2399823752188612
26.6669999999832 4.084536401519282 1.8275465567695681 0.0001025191767619555 0.002346247926548423 0.21408592023636935 0.07255130760648058 0.2260574669374938 2.242686928622873
26.6674999999832 4.086423389865064 1.82830416074746 0.00010250154996412807 0.002358417197663389 0.21418696484521743 0.07255600550155797 0.22615479649042766 2.2453892732101766
26.6679999999832 4.088294489246602 1.8289736179418 0.00010248276748884972 0.0023672638777620975 0.2142861804367018 0.07255843704976653 0.22624963613566898 2.2480888158851133
26.668499999983197 4.0901493639720385 1.829555080951615 0.00010246283489712222 0.0023727971649667957 0.2143835524861052 0.07255860901189698 0.22634197464166922 2.250784968088099
26.668999999983196 4.091987766288468 1.830048719048657 0.00010244175907110287 0.0023750260106643615 0.21447907096244892 0.07255652821338923 0.22643180522145487 2.2534772175804205
26.669499999983195 4.093809395135123 1.8304546886788513 0.00010241954479794944 0.002373959041669209 0.21457272299050523 0.07255220167888446 0.22651911862256824 2.256164999040843
26.669999999983194 4.095614001989728 1.8307731693950373 0.00010239618940808943 0.0023696032996938423 0.2146644979644731 0.07254563871448515 0.22660390862169566 2.2588477156761857
26.670499999983193 4.097401283321844 1.8310042803155115 0.00010237174486051178 0.002361977496207824 0.21475438582142128 0.07253683488075582 0.2266861653955673 2.261524862690117
26.67099999998319 4.099171032217196 1.8311483802101525 0.00010234616501741805 0.0023510846254273434 0.2148423770193581 0.0725258132830652 0.22676588842816278 2.264195961854741
26.67149999998319 4.1009229488970265 1.8312054727156815 0.00010231945530774173 0.002336927101960417 0.21492845676273373 0.07251257768456516 0.22684306618706748 2.266860398210847
26.67199999998319 4.102656712845553 1.8311756997415487 0.00010229163837983642 0.0023195181579739174 0.2150126125743455 0.07249713006566841 0.22691768903787385 2.2695176105448978
26.672499999983188 4.104372220487687 1.8310593361464478 0.0001022627181498424 0.002298868089702858 0.2150948423461258 0.07247948050469998 0.22698975988495548 2.272167209444221
26.672999999983187 4.106069252595399 1.8308566350708368 0.00010223269534022165 0.0022749871795324983 0.21517513797965332 0.07245963942555586 0.22705927621859331 2.2748086645992855
26.673499999983186 4.107747585958413 1.8305677907909357 0.0001022015715479751 0.0022478836634332276 0.21525349053486156 0.07243761554283233 0.22712623431461468 2.2774414653756105
26.673999999983184 4.109406970738548 1.8301930443230339 0.00010216935271473556 0.002217569099398001 0.21532989069679798 0.07241341771328796 0.2271906303198367 2.2800651087532255
26.674499999983183 4.111047324835134 1.8297326275795838 0.00010213604002426996 0.0021840509651452193 0.21540433667612885 0.07238705571120518 0.2272524679118767 2.282679180559372
26.674999999983182 4.112668348735041 1.8291866964805417 0.00010210162676076634 0.0021473355396629877 0.2154768149312439 0.07235853857854394 0.22731173952978334 2.2852831689041584
26.67549999998318 4.1142698727174185 1.8285554511833133 0.00010206613299325906 0.0021074350143839285 0.2155473204905576 0.07232787101579588 0.22736844455349695 2.287876606015519
26.67599999998318 4.115851702565638 1.8278390293141924 0.00010202957267553619 0.0020643584277034556 0.21561584610722104 0.07229505699060297 0.22742258008721425 2.290459037485743
26.67649999998318 4.1174136682162645 1.8270379696408667 0.00010199194690482092 0.0020181263328197447 0.21568238945020168 0.07226011415662204 0.22747415248940203 2.293030082305006
26.676999999983178 4.118955217774531 1.8261521562216267 0.00010195324215398673 0.001968734274743672 0.21574692042348173 0.07222304941636312 0.22752313828237147 2.2955889573018395
26.677499999983176 4.120477059855829 1.825182056450974 0.00010191344388292161 0.0019161875150860487 0.21580947789051777 0.07218387646106954 0.2275695817610908 2.298135800182772
26.677999999983175 4.121978412970019 1.8241278615420995 0.00010187257043850503 0.00186050490593726 0.2158700270693712 0.0721426026037738 0.22761345561254084 2.30066974578012
26.678499999983174 4.12345924483518 1.822989733450329 0.00010183064545723945 0.0018016963215441756 0.21592856939038343 0.07209923017441557 0.22765476533636642 2.3031904719697973
26.678999999983173 4.124919405168027 1.8217679703330212 0.0001017876585411464 0.0017397701554248953 0.21598509976571734 0.07205377311802737 0.22769351405243132 2.305697556768329
26.67949999998317 4.12635887159322 1.820462878534823 0.00010174358582483205 0.0016747299878472153 0.2160396183544931 0.07200624839047336 0.2277297108999126 2.3081907262452357
26.67999999998317 4.127777275589476 1.8190745037326468 0.00010169847132896373 0.0016065911956522154 0.21609211069288922 0.07195665101271263 0.22776334442561902 2.3106693488955976
26.68049999998317 4.129174638237338 1.8176032877927093 0.00010165230034040568 0.001535363931947502 0.21614258121951002 0.07190499963606511 0.22779442866606403 2.3131332329061007
26.680999999983168 4.130550747406591 1.8160495159275216 0.0001016050616952547 0.0014610569411384992 0.21619102170429985 0.07185130803026103 0.22782296420377326 2.31558189116395
26.681499999983167 4.131905403952054 1.8144133373913476 0.00010155678698341661 0.0013836839334436914 0.21623742608416505 0.07179557662152626 0.22784894962046645 2.3180148987463767
26.681999999983166 4.1332385773842395 1.812695131230328 0.00010150746395781562 0.001303254378109199 0.21628179583200813 0.07173782163761293 0.22787239572533236 2.3204319686060093
26.682499999983165 4.134550114780728 1.8108950917834767 0.00010145712317879464 0.0012197828257897562 0.2163241275236203 0.071678045010138 0.2278933043234772 2.322832662424276
26.682999999983164 4.135839887990565 1.8090135745784974 0.00010140572932095334 0.0011332736255296751 0.2163644160414856 0.07161626750940216 0.2279116816007061 2.325216631751345
26.683499999983162 4.137107801937469 1.8070508968997019 0.00010135326916686339 0.0010437345870112362 0.21640265899104028 0.07155250394424359 0.22792753458275195 2.32758356020556
26.68399999998316 4.138353675853095 1.8050071499741902 0.00010129978641812483 0.0009511800903847236 0.21643885140771768 0.07148675032259463 0.22794086209791659 2.3299330252453725
26.68449999998316 4.1395774271363335 1.8028828071145537 0.00010124527250845426 0.0008556247065001363 0.2164729936187901 0.07141902479333667 0.22795167505932118 2.3322646995154432
26.68499999998316 4.140778941205304 1.8006781220135553 0.00010118972047898513 0.0007570757413848656 0.21650508203305613 0.0713493389595549 0.22795997867999554 2.3345782384744904
26.685499999983158 4.141958097416027 1.7983933615261385 0.00010113314781632105 0.000655546892192873 0.21653511465849742 0.07127769949411014 0.22796577828057693 2.336873305917583
26.685999999983157 4.14311490601062 1.7960288439315328 0.00010107554528577833 0.0005510458061448017 0.2165630945102559 0.07120411975048387 0.22796908611647268 2.3391496812112833
26.686499999983155 4.1442490879315335 1.7935852397613976 0.00010101691074113577 0.0004435980402624898 0.21658901512364362 0.0711286228136405 0.22796990861694091 2.3414069503327593
26.686999999983154 4.145360631593514 1.7910622831726797 0.0001009572581633828 0.0003331961465968843 0.2166128735894389 0.0710512003084901 0.227968245792311 2.343644746140636
26.687499999983153 4.146449339840721 1.7884605355655594 0.00010089657131244952 0.00021985756546122768 0.21663466513065316 0.07097187471184177 0.22796410566958275 2.345862733426922
26.687999999983152 4.147515286716501 1.785780235289364 0.00010083488610520582 0.0001035963450725062 0.21665439797956537 0.07089064762394047 0.22795750221616376 2.3480608474323748
26.68849999998315 4.148558290847934 1.7830216500379537 0.00010077219728831188 -1.557773806769026e-05 0.21667206583388834 0.07080753015085631 0.2279484386466711 2.350238733459707
26.68899999998315 4.149578123503711 1.780185224825273 0.00010070849472033089 -0.00013764895635202669 0.2166876617741099 0.07072253996412596 0.2279369197197848 2.352395801377319
26.68949999998315 4.150574792546335 1.7772711589447936 0.00010064379261326695 -0.00026260898778840663 0.2167011887646785 0.07063568246998551 0.22792295587216727 2.354531885248459
26.689999999983147 4.151548161927174 1.774279786660934 0.00010057809313634839 -0.00039044495714672645 0.21671264376410296 0.07054696944250437 0.2279065539031583 2.3566466849413006
26.690499999983146 4.152498220466963 1.7712114454687413 0.00010051139650837292 -0.0005211459501009683 0.21672202963782602 0.07045641284039639 0.22788772637809265 2.3587399633083725
26.690999999983145 4.153424827323377 1.7680665171977812 0.0001004436987214533 -0.0006546989066079997 0.2167293432013719 0.07036402736689956 0.22786648104196053 2.36081139221943
26.691499999983144 4.154327849009849 1.764845174387584 0.00010037502538341088 -0.0007910911662908093 0.21673458139629068 0.07026981483869084 0.22784282186569457 2.3628606919650443
26.691999999983143 4.155207212626657 1.7615477984442551 0.00010030534137241639 -0.0009303177320573179 0.216737742134975 0.07017379616047742 0.227816759753144 2.3648876151586005
26.69249999998314 4.156062836879051 1.7581748046847219 0.00010023467679119006 -0.0010723566790479568 0.21673882792378804 0.07007597914829641 0.22778830596019845 2.3668918858231747
26.69299999998314 4.156894677767135 1.7547263514356446 0.00010016305964456692 -0.0012171965444355284 0.21673784002868487 0.06997636455463252 0.22775746851422987 2.3688732847817406
26.69349999998314 4.157702645487288 1.7512028371896495 0.00010009047182715902 -0.0013648274389047982 0.21673477691290097 0.06987497017454722 0.22772425811563599 2.370831573842052
26.693999999983138 4.158486614596727 1.7476045318123148 0.00010001693225898988 -0.0015152348104908436 0.21672963655293406 0.06977180212987802 0.2276886814695642 2.372766424559936
26.694499999983137 4.15924653981759 1.7439317834026205 9.994244621341351e-05 -0.0016684054874501356 0.21672242070242834 0.0696668713348686 0.22765075043491514 2.374677652924647
26.694999999983136 4.159982327838817 1.7401848906673434 9.986702132890766e-05 -0.001824327079463432 0.21671312836884263 0.0695601872211213 0.22761047388672775 2.376564975927073
26.695499999983134 4.160693941653522 1.7363642709053204 9.979066440522794e-05 -0.0019829837022290785 0.21670176257259197 0.06945176233595163 0.22756786552147654 2.3784282670835712
26.695999999983133 4.161381138916294 1.7324699363613973 9.971336684316609e-05 -0.002144372891423731 0.2166883113132416 0.06934159878144859 0.2275229217385562 2.3802672495913164
26.696499999983132 4.16204487229953 1.7285030068238003 9.963516049802716e-05 -0.0023084695886701296 0.21667283300966583 0.0692297337305687 0.2274757165692237 2.3820817870742634
26.69699999998313 4.162683690066368 1.7244628517327638 9.955605270883321e-05 -0.002475265985905095 0.21665525305371997 0.06911613829981927 0.22742617745315105 2.383871503111523
26.69749999998313 4.163298184874383 1.7203503776083204 9.947599693669768e-05 -0.002644754023989355 0.2166356055521408 0.069000855512362 0.22737435734538755 2.385636278318646
26.69799999998313 4.163888183882517 1.716165605988143 9.939503920519823e-05 -0.002816920297838577 0.21661388548698093 0.06888387730032705 0.22732025641736764 2.3873759294758203
26.698499999983127 4.164453582027652 1.7119088758821108 9.931319763156026e-05 -0.0029917482888165924 0.2165900925057114 0.06876521196114271 0.22726388429646524 2.3890901943129546
26.698999999983126 4.16499440450854 1.7075806147123402 9.923046707520663e-05 -0.0031692251419325056 0.21656423193303498 0.06864487467614412 0.22720525821390922 2.3907789235329915
26.699499999983125 4.165510677142472 1.7031813239885731 9.9146843679912e-05 -0.0033493349777702105 0.21653630998370796 0.06852288252412952 0.22714439683947618 2.3924419820945833
26.699999999983124 4.1660023774835855 1.698711043438641 9.906235513023454e-05 -0.0035320710310179377 0.21650632761771982 0.06839923263488337 0.22708130801393686 2.394079272257678
26.700499999983123 4.166469307199588 1.6941701836109557 9.897699338902946e-05 -0.0037174186982565018 0.21647427902775052 0.068273940894569 0.22701599874818873 2.395690422276666
26.70099999998312 4.166911513076519 1.6895591112974364 9.889074919462986e-05 -0.0039053688596480526 0.2164401695190418 0.0681470217338386 0.22694848635440099 2.3972753778708307
26.70149999998312 4.167328902550297 1.6848781106873156 9.880366605774403e-05 -0.004095900727973915 0.216404000595568 0.06801847583480268 0.22687878025815822 2.398833946068534
26.70199999998312 4.167721433324138 1.6801274750921364 9.871573310659109e-05 -0.004289006973507342 0.2163657723846118 0.06788831602310297 0.2268068925162133 2.4003659634348073
26.702499999983118 4.168089135524734 1.675307481947018 9.86269780630181e-05 -0.004484672148225779 0.21632549113487298 0.06775654576082331 0.22673283814317594 2.4018712675787284
26.702999999983117 4.168431966261379 1.670418465953224 9.853740307350434e-05 -0.0046828842681873135 0.21628315831781467 0.06762317607794051 0.22665662999318212 2.403349755219717
26.703499999983116 4.168749963932303 1.66546074207221 9.84470055141021e-05 -0.0048836343404538626 0.21623877876029188 0.06748821855522402 0.22657828441373504 2.4048012991787227
26.703999999983115 4.169043020575844 1.6604346427651542 9.835580587945384e-05 -0.005086904858485756 0.21619235216149016 0.06735168004395822 0.22649781133357733 2.4062257118991486
26.704499999983113 4.169311115185756 1.6553404792598838 9.826380886590518e-05 -0.005292684294424987 0.21614388098765605 0.06721357028820937 0.22641522436959607 2.407622872718501
26.704999999983112 4.169554251222229 1.6501785628566503 9.81710222330462e-05 -0.005500960536710274 0.21609336913167826 0.06707389821879531 0.22633053831017041 2.4089926574929614
26.70549999998311 4.16977240213556 1.6449491605238309 9.807745426454527e-05 -0.0057117227034358216 0.21604081857510227 0.06693267150163411 0.22624376583938585 2.410334931055274
26.70599999998311 4.169965552855053 1.6396526804712075 9.798311856413796e-05 -0.005924953410284586 0.21598623382747184 0.06678990046538955 0.22615492274117321 2.4116495916339993
26.70649999998311 4.170133756068416 1.6342894258354959 9.788802166794905e-05 -0.006140642000246666 0.2159296209474077 0.06664559411289309 0.2260640261105841 2.4129365587933567
26.706999999983108 4.170277036639325 1.6288597402024896 9.779216309855115e-05 -0.006358777107273346 0.21587098469734453 0.06649976371420488 0.22597109251969869 2.414195742519608
26.707499999983106 4.170395283875474 1.6233639420580839 9.76955474809869e-05 -0.0065793456648360745 0.2158103233146058 0.06635241933282084 0.22587613196141504 2.4154269558582406
26.707999999983105 4.170488514836064 1.6178023184370378 9.759819632130718e-05 -0.006802333276866656 0.2157476420575618 0.06620356600143618 0.2257791596731503 2.41663015702587
26.708499999983104 4.170556738560726 1.6121751988029813 9.750012909313439e-05 -0.0070277243872522216 0.21568294613487163 0.06605321050114155 0.22568019137928175 2.417805234697009
26.708999999983103 4.170599887683325 1.6064828262643651 9.740138037956652e-05 -0.007255501823652432 0.215616237217698 0.06590135381235769 0.2255792377257561 2.4189520507070537
26.7094999999831 4.170618076166665 1.6007256842086983 9.730190458480316e-05 -0.0074856613134775644 0.21554752266396343 0.06574802105390168 0.22547632231428696 2.420070595660879
26.7099999999831 4.170611289710694 1.5949040464595097 9.720173148396118e-05 -0.007718186482078274 0.21547680667458669 0.06559321511516392 0.2253714588992881 2.421160768646483
26.7104999999831 4.170579503736073 1.5890181908556094 9.710089174118914e-05 -0.007953060387497352 0.2154040930726756 0.06543693871582398 0.22526466085581995 2.4222224879411147
26.7109999999831 4.170522773310872 1.5830685305532444 9.699935152620263e-05 -0.008190277677714315 0.21532938644901128 0.06527921245669156 0.2251559479469987 2.423255692264793
26.711499999983097 4.170441087548772 1.577055397121436 9.689714375328304e-05 -0.008429818970767092 0.2152526920761484 0.06512003992540542 0.22504533519670086 2.4242603250631896
26.711999999983096 4.170334464088549 1.570979080227478 9.679426780305464e-05 -0.008671674918824293 0.2151740137196838 0.06495943095140713 0.22493283841108455 2.4252363043905047
26.712499999983095 4.170202920034718 1.564839939705297 9.669073023438754e-05 -0.008915831874749994 0.21509335642649516 0.06479739575915101 0.22481847462786977 2.4261835761728014
26.712999999983094 4.170046392246538 1.5586383041828515 9.658654140412932e-05 -0.009162275401927437 0.21501072130177423 0.06463394310920305 0.2247022567022719 2.4271020195975486
26.713499999983092 4.169865074208286 1.552374524986826 9.64817085442124e-05 -0.009410994065393042 0.21492612185610513 0.06446908209606936 0.22458420962239073 2.4279917124912935
26.71399999998309 4.169658898292557 1.5460489417386503 9.637624444506474e-05 -0.009661972177131845 0.2148395593129224 0.06430282099335212 0.22446434625531392 2.428852550992381
26.71449999998309 4.169427892201609 1.5396618278463026 9.627018482279772e-05 -0.009915192338214696 0.2147510403436576 0.06413516110623173 0.22434268264846383 2.429684478906823
26.71499999998309 4.169172124497371 1.533213656152825 9.616348130087121e-05 -0.010170650477322605 0.21466056984072795 0.06396612760491019 0.22421924060224083 2.4304875071197487
26.715499999983088 4.1688915775798145 1.526704726449804 9.6056169366497e-05 -0.010428327444091215 0.2145681526159144 0.0637957224469769 0.22409403457660185 2.4312615508407163
26.715999999983087 4.168586388192576 1.5201354098029145 9.594824711504887e-05 -0.01068821262891587 0.21447379901913122 0.0636239575535581 0.22396708760368467 2.432006653110618
26.716499999983085 4.1682564957162045 1.513506005620708 9.583973812101323e-05 -0.01095028929257259 0.21437751091451065 0.06345083764046577 0.22383841229505028 2.432722742287236
26.716999999983084 4.167901927707769 1.5068169117175274 9.573063622846918e-05 -0.011214545118028272 0.21427929346273922 0.0632763762981299 0.22370802718391117 2.4334097546864255
26.717499999983083 4.167522764769165 1.5000684479043853 9.562095767005152e-05 -0.011480966368718428 0.2141791549886282 0.06310058021893679 0.2235759518471719 2.4340677215305293
26.717999999983082 4.167119047466493 1.493260989946432 9.551070797288402e-05 -0.011749538816026238 0.2140771018909394 0.06292345958528095 0.2234422050164056 2.4346966391264333
26.71849999998308 4.166690798845117 1.486394867938993 9.539989913831407e-05 -0.012020248472166217 0.21397313956993677 0.0627450224112092 0.2233068039002202 2.43529645635146
26.71899999998308 4.166238099279427 1.4794705611323098 9.528851932579659e-05 -0.01229308212536909 0.21386727620973378 0.06256528572008051 0.22316977097883786 2.435867199958742
26.71949999998308 4.165760824024456 1.472487961746756 9.517661731465156e-05 -0.012568031014390463 0.21375950788492937 0.062384236934310174 0.223031109114092 2.4364087518139597
26.719999999983077 4.165259293483929 1.4654479696160165 9.506416213109236e-05 -0.012845074022704645 0.21364985766002553 0.062201908761198035 0.22289085907307712 2.4369212931692292
26.720499999983076 4.164733445533953 1.4583507452851807 9.495117081674415e-05 -0.013124200814160257 0.21353832537244796 0.06201830296750164 0.22274903131741938 2.437404761778632
26.720999999983075 4.164183332791124 1.4511966080932701 9.483767397728957e-05 -0.013405393577776861 0.21342491912349346 0.06183342288703743 0.22260564428102902 2.437859128219857
26.721499999983074 4.163608990147028 1.443985936267789 9.472362616887113e-05 -0.013688650046996285 0.2133096413882042 0.06164728983240916 0.22246071696583755 2.438284424959768
26.721999999983073 4.163010522175701 1.4367191333833815 9.460908791047197e-05 -0.01397394268770021 0.21319250585189461 0.061459902756963176 0.22231427140996735 2.4386806781964503
26.72249999998307 4.162387966777935 1.4293964913139474 9.449404655564745e-05 -0.014261264593843035 0.21307351654571752 0.061271273278770265 0.222166325193931 2.439047898285497
26.72299999998307 4.161741413499253 1.4220184136646095 9.437851540244396e-05 -0.014550599244563334 0.21295268307731902 0.06108141058883186 0.22201690000476634 2.4393861151509086
26.72349999998307 4.161070919483673 1.4145852132333778 9.426250371300678e-05 -0.014841933934977588 0.21283001218343925 0.060890322063065036 0.2218660145445375 2.4396953556920526
26.723999999983068 4.160376508012906 1.4070972430220343 9.414604254173426e-05 -0.015135248880857738 0.21270551098837162 0.06069801171456524 0.22171368651847204 2.439975603702667
26.724499999983067 4.159658251103807 1.399554833671361 9.402911596840581e-05 -0.015430536966264856 0.2125791853615924 0.06050449292201956 0.22155993587247727 2.4402268957382374
26.724999999983066 4.158916310918998 1.3919583627885166 9.391173267246075e-05 -0.0157277845031729 0.21245104781810037 0.06030977466780456 0.2214047873124436 2.4404493335428934
26.725499999983064 4.1581507411099 1.3843081853276582 9.379389760294756e-05 -0.01602697823680024 0.21232110509438318 0.06011386655137004 0.22124826022289734 2.440642932362145
26.725999999983063 4.157361617725751 1.3766046306416877 9.367562176762302e-05 -0.016328104472678653 0.21218936522319948 0.0599167757822604 0.22109037457482564 2.440807726086396
26.726499999983062 4.156549031901003 1.368848035983849 9.355692377439454e-05 -0.01663114774914478 0.21205583752392898 0.05971850826646391 0.22093115111500364 2.4409437774762086
26.72699999998306 4.155713024793779 1.3610387505134018 9.343780261273892e-05 -0.01693609595158497 0.2119205277373261 0.05951907434127085 0.22077060862576298 2.441051093473972
26.72749999998306 4.154853731190315 1.3531770938136218 9.331828228955798e-05 -0.017242933576909415 0.211783447481372 0.05931847815562911 0.22060876962653278 2.4411297599553627
26.72799999998306 4.153971219302734 1.345263423437562 9.319836944173858e-05 -0.01755164682581011 0.2116446044297351 0.05911672868501192 0.22044565430267463 2.441179832566831
26.728499999983057 4.153065614331687 1.3372980121842248 9.30780735404138e-05 -0.017862225323817635 0.21150400807851852 0.058913831962787246 0.2202812840968029 2.4412013447774434
26.728999999983056 4.152136963642547 1.3292812592091812 9.295740226246616e-05 -0.018174652615934827 0.2113616658506054 0.05870979727405979 0.2201156788709384 2.441194372102115
26.729499999983055 4.151185409000389 1.3212134579780088 9.28363671489979e-05 -0.018488917244649367 0.21121758846864072 0.05850463073179376 0.21994886123017576 2.441158973848704
26.729999999983054 4.150211006902759 1.3130949566156078 9.271497160705364e-05 -0.018805006276315508 0.21107178269517066 0.05829834165840559 0.21978085073838846 2.4410951963501533
26.730499999983053 4.149213919532225 1.3049260659211877 9.25932382418723e-05 -0.019122904970140183 0.21092426134195147 0.05809093383455663 0.2196116711627952 2.441003144879555
26.73099999998305 4.1481942376949394 1.2967070902424396 9.247116792714756e-05 -0.019442602861716087 0.21077503218485102 0.05788241559457741 0.21944134303641777 2.4408828689340982
26.73149999998305 4.147152106460333 1.288438425714532 9.234875165433599e-05 -0.019764089353061506 0.21062410592988712 0.05767280000305607 0.21926989097209088 2.4407344809236986
26.73199999998305 4.146087560790682 1.2801201575720798 9.222604415282297e-05 -0.02008734857849685 0.2104714890254669 0.05746207759804115 0.21909732911971924 2.440558004790138
26.732499999983048 4.145000858699067 1.271752819024641 9.2103022411518e-05 -0.020412369521708197 0.21031719816909383 0.05725026810317152 0.21892368961141154 2.4403535826017175
26.732999999983047 4.143892028052586 1.2633365433082453 9.197978837439843e-05 -0.020739122880401552 0.21016124343559747 0.05703735275201409 0.21874898644154342 2.4401212732254773
26.733499999983046 4.142761270541726 1.2548718262695047 9.185624076896383e-05 -0.0210676172833791 0.21000363277259484 0.05682336766097347 0.2185732494794822 2.4398611764875326
26.733999999983045 4.141608681658315 1.246358903524977 9.173242970881685e-05 -0.021397832902549933 0.2098443769662308 0.0566083081012852 0.21839649801075348 2.439573397949297
26.734499999983043 4.140434446392825 1.2377980683625174 9.160836582173791e-05 -0.021729758583790334 0.20968348891889976 0.05639217972787285 0.21821875691097886 2.4392580255397043
26.734999999983042 4.139238677377731 1.2291896480273414 9.148405160666528e-05 -0.02206338279426362 0.20952097787938412 0.056174990874140095 0.21804004822868964 2.4389151580678696
26.73549999998304 4.13802152019597 1.2205339535844622 9.135950292902089e-05 -0.022398691934001205 0.20935685542217258 0.05595674659529338 0.2178603952124953 2.4385448855769263
26.73599999998304 4.13678314844873 1.2118312524997312 9.123472657786471e-05 -0.022735676279015425 0.209191133385696 0.05573745222392139 0.21767982185648296 2.4381473321412424
26.73649999998304 4.135523727045278 1.2030818701266146 9.110973332104123e-05 -0.023074323118591436 0.20902382410107276 0.05551711423349606 0.2174983526421118 2.4377225982164488
26.736999999983038 4.134243359462928 1.1942861081804304 9.098453220227732e-05 -0.023414620113789687 0.2088549365638364 0.05529573871283778 0.21731600880274707 2.4372707827180693
26.737499999983037 4.13294226739163 1.185444246072285 9.085913035376391e-05 -0.023756557760592573 0.20868448506314835 0.05507333136470023 0.21713281688936342 2.4367920098922493
26.737999999983035 4.131620613941799 1.176556548496094 9.073354263050375e-05 -0.024100124304006897 0.20851248150852292 0.05484989561923028 0.2169488003786865 2.4362864049865953
26.738499999983034 4.130278515543565 1.167623345622614 9.060777690903177e-05 -0.024445306824412 0.20833893574811455 0.05462543872005516 0.21676398162461202 2.435754042225914
26.738999999983033 4.1289162178637575 1.158644920476822 9.048184329947191e-05 -0.02479209487644081 0.20816386361072614 0.054399965135746964 0.21657838832274545 2.4351950888895066
26.739499999983032 4.127531942386448 1.1496199456204719 9.035589932976808e-05 -0.025140473537761793 0.20798717578713133 0.054173403034173465 0.2163919275248339 2.4346088825424808
26.73999999998303 4.126128935792627 1.1405511600654792 9.02297294007346e-05 -0.025490439338670477 0.20780904394010552 0.05394587511202823 0.2162048072605734 2.4339967857001183
26.74049999998303 4.124706300492674 1.131438054800598 9.010340698995907e-05 -0.025841979787640298 0.20762942438728263 0.053717350553278954 0.21601698901059374 2.4333584911103716
26.74099999998303 4.1232640087734 1.1222808006102354 8.997695491933667e-05 -0.02619508255165718 0.20744831910393596 0.053487829042833515 0.2158284858508069 2.432694084130983
26.741499999983027 4.1218025137802385 1.113079794458153 8.985036117193377e-05 -0.02654973821889584 0.20726575453879187 0.0532573202504796 0.2156393372376403 2.432003677318022
26.741999999983026 4.120321950446225 1.1038353053460395 8.972365118244287e-05 -0.02690593547570532 0.20708174104905913 0.05302582874384646 0.2154495656846496 2.431287512490684
26.742499999983025 4.118822552392921 1.094547682611155 8.959682850609939e-05 -0.0272636617479784 0.20689629445948432 0.052793361471549546 0.21525919940490237 2.4305456671012684
26.742999999983024 4.1173045273183995 1.0852169317876614 8.946993613071742e-05 -0.027622908288913433 0.20670942799965347 0.052559907647873425 0.21506826027620773 2.429778312133539
26.743499999983023 4.115768090512706 1.0758435664532953 8.934292895014582e-05 -0.027983669319764124 0.2065211545797454 0.052325490985996384 0.2148767787465053 2.428985578380513
26.74399999998302 4.114213498583613 1.0664278927992552 8.921581161294424e-05 -0.028345934923235144 0.20633149041691445 0.052090117719191004 0.21468478364415286 2.4281676403587418
26.74449999998302 4.112640960012323 1.0569700930047843 8.908860702032417e-05 -0.028709694731203043 0.20614044931620612 0.051853786717683266 0.21449229965854066 2.427324633029691
26.74499999998302 4.111050581270298 1.047470493552463 8.896132461740353e-05 -0.029074935059410237 0.20594804083077492 0.05161650421059957 0.21429934875698128 2.4264566334106346
26.745499999983018 4.109442860723199 1.0379298540647062 8.88339194824802e-05 -0.02944164468668278 0.20575429432335166 0.05137830025148654 0.21410597799008135 2.425563932234065
26.745999999983017 4.107817331454672 1.0283476098204312 8.870646085564694e-05 -0.029809819737940096 0.2055591861116901 0.05113914226941098 0.21391216940548283 2.4246463707583223
26.746499999983016 4.106175033778013 1.0187245105858918 8.85789201542753e-05 -0.03017945304038504 0.2053627727253765 0.050899055628968494 0.21371799566529787 2.4237045136807667
26.746999999983014 4.104515993263996 1.0090607951387696 8.845130068754975e-05 -0.03055053438003145 0.20516505838911842 0.05065804548490808 0.21352347390173956 2.4227383880639524
26.747499999983013 4.102840460790251 0.9993567633424115 8.83236110662721e-05 -0.030923052765441463 0.20496605933435758 0.050416116649044704 0.21332863260556412 2.421748174344366
26.747999999983012 4.101148687676779 0.9896127002997315 8.819585448257296e-05 -0.03129699940492992 0.20476579116609617 0.05017327519474895 0.21313350029358946 2.4207340415414316
26.74849999998301 4.099440936155468 0.9798288905075607 8.806803253542619e-05 -0.031672365918008975 0.2045642699245405 0.049929527299602344 0.2129381060049287 2.419696168279035
26.74899999998301 4.0977174913620225 0.9700056242800115 8.794015865797448e-05 -0.03204914084648803 0.20436151376962122 0.04968487626263992 0.21274247969891427 2.4186347389239433
26.74949999998301 4.0959780629276406 0.9601428108934336 8.781225719890428e-05 -0.03242731623225754 0.20415750957394788 0.04943931288839449 0.21254661891533352 2.4175496994155834
26.749999999983007 4.0942217266374366 0.9502397352518241 8.768442688490924e-05 -0.03280687965376711 0.20395221216852075 0.04919279349929337 0.21235048182971986 2.4164407275450603
26.750499999983006 4.092451598929504 0.9402989522624207 8.755646390337916e-05 -0.03318782991046587 0.20374578554617362 0.04894543317479541 0.21215426606755222 2.415309204786536
26.750999999983005 4.090666851266668 0.9303199058769401 8.742844121288599e-05 -0.03357015620981346 0.20353818910640775 0.04869719833075103 0.21195793671842433 2.414154853702094
26.751499999983004 4.088867747632837 0.9203028374751715 8.730038503151838e-05 -0.0339538456911682 0.20332944028188596 0.048448088319862116 0.2117615219637738 2.4129778597135982
26.751999999983003 4.087054559480875 0.9102480772073812 8.717225597298448e-05 -0.03433889801145236 0.20311955322208902 0.048198119259861644 0.2115650526858579 2.411778402534774
26.752499999983 4.08522744725299 0.9001558691169903 8.704407934421048e-05 -0.034725300105527046 0.20290854010814194 0.047947292197115084 0.2113685524037857 2.4105566098232587
26.752999999983 4.083386922676391 0.8900266805303183 8.691584639743808e-05 -0.03511304049978909 0.20269643083147923 0.04769561768795251 0.21117206404161465 2.409312803839348
26.753499999983 4.081532976554652 0.8798606378949894 8.678756410939135e-05 -0.03550211219648041 0.20248322687485656 0.047443097304763523 0.2109756019494562 2.4080470001120853
26.753999999982998 4.079666255144022 0.8696581933693968 8.665924235877847e-05 -0.03589250339471527 0.20226896530223212 0.04718973891921023 0.2107792152552961 2.40675962929235
26.754499999982997 4.077786981938026 0.8594196083443739 8.65308482896052e-05 -0.036284214177039205 0.20205365764245037 0.04693555544274274 0.21058293171540893 2.4054508519308984
26.754999999982996 4.075895432513149 0.8491452316697523 8.640240534050334e-05 -0.03667722809699985 0.20183732299585286 0.046680549305872315 0.21038678118767246 2.4041208618085155
26.755499999982995 4.073991909964541 0.838835344439439 8.62739079190389e-05 -0.0370715388651095 0.20161997891227917 0.04642472765363417 0.21019079482253575 2.4027698664491197
26.755999999982993 4.072076723152881 0.828490221409445 8.614535329364114e-05 -0.03746713968934439 0.20140164336466285 0.046168096682741126 0.20999500388769876 2.4013980749951376
26.756499999982992 4.0701502254313136 0.8181102896966417 8.601672860890597e-05 -0.037864021383143785 0.20118233740596284 0.04591066929241916 0.20979944364632552 2.400005752101083
26.75699999998299 4.068212847539372 0.8076957726519963 8.588805272834396e-05 -0.03826217501372955 0.20096208594580528 0.04565244459568342 0.20960415005918284 2.3985931852863986
26.75749999998299 4.066264704856005 0.7972470031297494 8.575933802456234e-05 -0.038661585640826335 0.20074089936947584 0.045393427746217074 0.20940914537450364 2.397160480313753
26.75799999998299 4.064306220390168 0.7867643229768063 8.563056257294464e-05 -0.03906225004354983 0.20051880053522894 0.04513363070187113 0.2092144673938316 2.3957079274649358
26.758499999982988 4.0623378435193 0.776248512351071 8.550170116333137e-05 -0.03946415003493271 0.20029581826064174 0.04487307887727809 0.2090201596942413 2.3942357881521867
26.758999999982986 4.0603596952248475 0.7656992129594666 8.537278949725908e-05 -0.03986729029967123 0.2000719571385969 0.044611751830598706 0.20882623702614989 2.3927442537713337
26.759499999982985 4.058372164018881 0.7551169981850508 8.524382039711261e-05 -0.04027165490199969 0.19984724208638127 0.04434966484786226 0.2086327374363768 2.3912335693136297
26.759999999982984 4.056375560521977 0.7445022756711728 8.511478394344804e-05 -0.040677233831724335 0.19962169212115577 0.044086829496054164 0.20843969356273873 2.3897039589400153
26.760499999982983 4.0543702563092285 0.7338552797605701 8.498569587977238e-05 -0.041084017843829396 0.19939532923365408 0.043823246019588306 0.20824713859758734 2.3881557043850536
26.76099999998298 4.052356618721205 0.7231761974252011 8.485656674681655e-05 -0.04149200114360266 0.19916817414368337 0.04355891514011051 0.20805510529379628 2.38658908992503
26.76149999998298 4.050334996637456 0.7124654272930103 8.472738509217967e-05 -0.041901174547300475 0.19894024761743562 0.043293847895438935 0.20786362792976393 2.3850043595964836
26.76199999998298 4.048305752570357 0.7017232608326938 8.459814141159746e-05 -0.04231153286347126 0.1987115699750433 0.043028052039374896 0.2076727404295188 2.3834017943490333
26.76249999998298 4.046269212297463 0.6909500614315063 8.446885999200258e-05 -0.04272305944018905 0.19848216298053753 0.04276152992203572 0.20748247461083488 2.3817816466078616
26.762999999982977 4.044225727767713 0.6801461177280487 8.433953223304683e-05 -0.0431357487766916 0.19825204649972292 0.042494288985730475 0.20729286374657696 2.380144186586325
26.763499999982976 4.042175673428759 0.6693117462920852 8.421016324768839e-05 -0.04354959136309992 0.1980212427192201 0.042226334502477245 0.207103942023015 2.3784896941633504
26.763999999982975 4.040119426552712 0.6584473019454995 8.408075453790137e-05 -0.04396457703977602 0.1977897742041548 0.041957673457681866 0.20691574414722147 2.3768184532859733
26.764499999982974 4.038057387522715 0.647553137287656 8.395130341457696e-05 -0.044380697110035665 0.19755766430224472 0.04168831369483498 0.20672830599424483 2.3751307584085812
26.764999999982972 4.0359898371092555 0.6366294435507067 8.38218401426101e-05 -0.044797939002680406 0.19732493112995828 0.04141825091962907 0.20654165510514338 2.3734268892509247
26.76549999998297 4.033917222556638 0.6256766184195512 8.369231820716338e-05 -0.0452163035878969 0.19709159765321818 0.04114750388413466 0.20635583115469688 2.3717071737559396
26.76599999998297 4.031839694194855 0.6146949008993143 8.356278276053872e-05 -0.045635771296449225 0.1968576773874782 0.04087606686040356 0.2061708553850191 2.3699717724865415
26.76649999998297 4.029757861844619 0.6036846031882525 8.34331962624669e-05 -0.0460563463222608 0.19662320070108094 0.04060395404154973 0.2059867742703445 2.368221122448541
26.766999999982968 4.027672042169423 0.5926461396374576 8.330359086787348e-05 -0.046478007876611015 0.19638819020016646 0.04033116701974515 0.20580361877151154 2.366455515419327
26.767499999982967 4.0255826304155065 0.5815798094588014 8.317394202415674e-05 -0.04690075419621775 0.19615266682616292 0.04005771663965936 0.20562142424750626 2.3646752516546985
26.767999999982965 4.023490023290061 0.570485907466278 8.304427411279851e-05 -0.04732457212091108 0.19591665502936112 0.0397836030363033 0.2054402246758681 2.3628806698032427
26.768499999982964 4.021392794208508 0.5593633198957125 8.291475729471182e-05 -0.04774943898092998 0.19568008631717917 0.03950875491755112 0.20525994937938422 2.361071256474685
26.768999999982963 4.019294138888597 0.5482145286128762 8.278513364476224e-05 -0.04817536908721114 0.19544312399739208 0.039233295212159756 0.20508079470724086 2.3592486166842552
26.769499999982962 4.0171934251780765 0.5370390803554436 8.265549850474007e-05 -0.04860234491157207 0.1952057397886513 0.03895718758555505 0.20490273605277745 2.3574126156344475
26.76999999998296 4.01509108717202 0.5258373223880182 8.252584159852709e-05 -0.049030359993596985 0.1949679581022762 0.03868044096733187 0.20472581029537995 2.355563612025753
26.77049999998296 4.012987669018542 0.5146093775324267 8.239616380835295e-05 -0.04945941490361748 0.19472980694039038 0.03840305496823882 0.20455005760092923 2.353702029742046
26.77099999998296 4.01088335761692 0.5033558122255551 8.226648905975121e-05 -0.049889484001377785 0.19449130362118666 0.03812503845266253 0.2043755033148771 2.351828083225322
26.771499999982957 4.008778541732114 0.49207690447469676 8.213682065825e-05 -0.0503205596837616 0.194252470501058 0.03784639565842751 0.20420218090653602 2.3499421287752247
26.771999999982956 4.006673746657931 0.48077286755140036 8.200715996098336e-05 -0.050752638584332065 0.19401333580729022 0.03756712849244888 0.20403012997474748 2.348044560062772
26.772499999982955 4.004568526845082 0.4694437726264775 8.187753681293379e-05 -0.051185701858557704 0.19377388152657304 0.037287229481804934 0.20385934052443197 2.3461353314789255
26.772999999982954 4.002464616835429 0.4580904016678486 8.174789142883296e-05 -0.051619757946634516 0.19353419584686707 0.037006730143682394 0.2036899173952652 2.3442154564957796
26.773499999982953 4.000361660598367 0.44671369718784554 8.161817882153006e-05 -0.05205477541936656 0.19329426944248762 0.03672566502270395 0.2035218629892758 2.3422848624649797
26.77399999998295 3.9982605173082915 0.4353127504593826 8.148851773944694e-05 -0.05249076954927105 0.19305414215014166 0.03644397809283527 0.203355221787966 2.34034423369904
26.77449999998295 3.9961613476295152 0.4238882969734744 8.13589024308788e-05 -0.05292771661828603 0.19281382940822334 0.03616169072847612 0.20319001912946166 2.3383938370484714
26.77499999998295 3.9940647963039737 0.4124407089822635 8.122926411185063e-05 -0.053365619461726896 0.19257336373164827 0.03587881875868315 0.20302630222454918 2.336434020092256
26.775499999982948 3.991971024336502 0.4009704826170826 8.109964871860199e-05 -0.05380445739786036 0.19233275974875041 0.035595371580305214 0.20286409388156573 2.334465171071493
26.775999999982947 3.9898807517760906 0.3894775512659594 8.097005080743783e-05 -0.05424423692460791 0.19209205273650892 0.0353113393400307 0.2027034401534555 2.332487814516789
26.776499999982946 3.9877944614301537 0.37796246879442363 8.084044910701267e-05 -0.054684947267147906 0.1918512710177335 0.035026738954241556 0.202544380545349 2.3305023811347443
26.776999999982944 3.9857123261778105 0.3664254138577723 8.071087832816364e-05 -0.05512657587121196 0.1916104271686559 0.03474156742698377 0.202386935532714 2.328509138274346
26.777499999982943 3.9836348239788273 0.35486663484530273 8.05813311459713e-05 -0.05556911861478498 0.19136954721531937 0.03445582855038107 0.20223114168226825 2.326508510174126
26.777999999982942 3.981562446502816 0.3432869250400001 8.045179075522879e-05 -0.056012555500652074 0.1911286627582636 0.03416954633816516 0.20207703976066085 2.324500869249351
26.77849999998294 3.979495669250472 0.3316862368253187 8.032228096244986e-05 -0.05645688644436959 0.1908877983483781 0.03388270971720546 0.20192466318670413 2.3224867157720688
26.77899999998294 3.977434960726585 0.3200648555850408 8.019279176339739e-05 -0.056902107763109465 0.19064697940161823 0.03359532557204866 0.20177404819038924 2.3204665241022213
26.77949999998294 3.9753806436503645 0.3084231745806481 8.006332578345435e-05 -0.0573482050150431 0.19040622693499998 0.03330739965783131 0.20162522348663775 2.318440706885872
26.779999999982937 3.9733332887742705 0.29676150249680544 7.993388676330845e-05 -0.05779517410741889 0.19016557179803145 0.03301893881530841 0.20147823000976606 2.316409653221586
26.780499999982936 3.9712933069394123 0.2850801713503837 7.980447396118913e-05 -0.05824300592205924 0.1899250380323354 0.03272994876469903 0.20133310049905082 2.314373794154766
26.780999999982935 3.9692612240374965 0.27337956660372215 7.967507873282985e-05 -0.058691693302684596 0.1896846550610087 0.03244043853376091 0.20118987370295993 2.3123336425662817
26.781499999982934 3.967237395815266 0.2616599732478731 7.954570252516522e-05 -0.05914122846549924 0.18944444366191446 0.032150412992229434 0.20104857919008423 2.3102895763740117
26.781999999982933 3.965222314277852 0.2499221770872025 7.941632994175236e-05 -0.059591591318172425 0.18920443550421276 0.03185989553868725 0.20090925591927306 2.3082419811233685
26.78249999998293 3.9632164916903405 0.23816582003422798 7.928698848958395e-05 -0.06004279253744003 0.1889646537762427 0.03156886447313956 0.20077193657628745 2.306191483759555
26.78299999998293 3.961220342410705 0.22639151208373365 7.915766402441794e-05 -0.0604948170304726 0.1887251245742808 0.031277337674321164 0.2006366551383911 2.3041384688435755
26.78349999998293 3.959234364291087 0.21459954487585228 7.902837703998943e-05 -0.06094765382312368 0.18848587699637875 0.0309853152975823 0.2005034465981269 2.3020834180568723
26.783999999982928 3.9572590201755276 0.2027902882717823 7.889907372631835e-05 -0.0614013066966713 0.1882469339764609 0.030692816414106414 0.2003723473811363 2.300026826883826
26.784499999982927 3.9552947425001146 0.19096412680602196 7.876979084396658e-05 -0.06185575639454814 0.18800832369706838 0.030399840383237526 0.20024338858961022 2.2979691449131554
26.784999999982926 3.953342021619131 0.17912139981883335 7.864051739245754e-05 -0.06231099783281158 0.18777007316519495 0.030106395839294482 0.20011660575228535 2.295910854656412
26.785499999982925 3.95140129746864 0.16726244451909403 7.851125541452983e-05 -0.0627670220662438 0.18753220787565206 0.029812488486434936 0.1999920311400805 2.2938524459667056
26.785999999982923 3.949473073367754 0.15538765286236367 7.83819966644886e-05 -0.0632238216712065 0.18729475623078842 0.029518127944269123 0.19986970059415515 2.2917944229931813
26.786499999982922 3.947557761412894 0.14349731765687837 7.825273393877489e-05 -0.06368139119793838 0.18705774122304544 0.02922332075667413 0.199749644836781 2.289737247764446
26.78699999998292 3.945655885924288 0.1315918901165553 7.812347004853822e-05 -0.06413971842653547 0.1868211937892763 0.028928075466518082 0.19963189995309405 2.2876814388740603
26.78749999998292 3.943767894731036 0.11967184395710953 7.7994189859967e-05 -0.06459879387316413 0.1865851400683252 0.028632405772220135 0.1995164988778851 2.2856275013163048
26.78799999998292 3.941894254456089 0.107737604013481 7.7864896630109e-05 -0.06505860564274979 0.18634960787117166 0.02833631987645462 0.19940347425774466 2.283575901916511
26.788499999982918 3.9400354353364166 0.0957892204930208 7.77356047001338e-05 -0.06551915279552918 0.18611462185762434 0.028039812088819584 0.19929285715806955 2.2815272167820098
26.788999999982916 3.9381918384493 0.08382720918258635 7.760630755596201e-05 -0.0659804218634121 0.18588020691930443 0.027742895843408787 0.1991846772806972 2.279481906856405
26.789499999982915 3.9363640435806975 0.0718520084793429 7.747697646228682e-05 -0.06644240907685742 0.18564639436486996 0.02744558573961544 0.1990789733779132 2.2774405550740147
26.789999999982914 3.934552454319688 0.059863957213739875 7.734763221037048e-05 -0.06690510047339501 0.18541320932387584 0.027147883447769226 0.19897577298964852 2.2754036382284926
26.790499999982913 3.9327575806140147 0.04786346745271833 7.721826286619191e-05 -0.0673684890006203 0.18518068045815586 0.026849800112297484 0.19887511028593463 2.2733716994342297
26.790999999982912 3.9309791015639526 0.03585029614551416 7.708895107928605e-05 -0.06783255698995098 0.1849487959393827 0.026551307719955626 0.1987769726323 2.271344908717226
26.79149999998291 3.9292186167009753 0.023825759622148605 7.695957523453674e-05 -0.06829730593529984 0.18471763913537384 0.026252466455594328 0.19868145409365273 2.269324336624913
26.79199999998291 3.9274762488621895 0.011790007637021465 7.683017275613186e-05 -0.06876272083292957 0.18448722072221413 0.02595326911295364 0.19858856604498598 2.267310348828862
26.79249999998291 3.9257524615292723 -0.000256451709654352 7.670072043293586e-05 -0.06922879350067358 0.18425756735394222 0.0256537325897431 0.1984983399742615 2.265303480418903
26.792999999982907 3.924047720970073 -0.012313432873412522 7.657123531678092e-05 -0.06969551715665943 0.18402870523807505 0.02535385434898827 0.19841080462940075 2.263304313659244
26.793499999982906 3.9223620933151255 -0.02437921075296713 7.644160990098023e-05 -0.07016285334181882 0.18380064951815747 0.025053705509622052 0.19832597639271818 2.2613130602525784
26.793999999982905 3.9206965973667414 -0.036455187099334624 7.631200979713542e-05 -0.07063082589781085 0.1835734458363928 0.0247532042519746 0.1982439020600479 2.259330748866968
26.794499999982904 3.919051525312715 -0.04854035641028126 7.61823789302329e-05 -0.07109941386926945 0.18334711578252508 0.02445238941399348 0.1981646054833655 2.2573577607653283
26.794999999982902 3.9174273033033797 -0.06063421414476296 7.605268962165763e-05 -0.0715686090107031 0.1831216840431092 0.0241512777244414 0.19808811468191195 2.255394655798421
26.7954999999829 3.9158244694438746 -0.07273635773034695 7.59229478976445e-05 -0.0720383992298258 0.1828971822220871 0.023849874581170917 0.19801446095149888 2.2534420337758654
26.7959999999829 3.914243545297482 -0.08484631224165154 7.579314298946925e-05 -0.07250877368407177 0.18267364075751744 0.02354819112464086 0.19794367530693444 2.251500549676131
26.7964999999829 3.9126847545866323 -0.09696373558670929 7.566329449614273e-05 -0.07297972083463314 0.18245107475332287 0.023246234561701926 0.19787577353744257 2.2495705763074993
26.796999999982898 3.911148639951514 -0.10908813436727974 7.55333954022349e-05 -0.07345122845118159 0.18222951619744066 0.02294401554189345 0.1978107868234885 2.247652739041345
26.797499999982897 3.9096356386338083 -0.1212190252981214 7.540342731182634e-05 -0.07392328762784746 0.18200899053241626 0.02264154888940446 0.19774874165073705 2.245747636936761
26.797999999982896 3.9081461866844176 -0.13335601958346652 7.527341953796761e-05 -0.07439588150783086 0.181789525536272 0.022338836352010137 0.19768966181768838 2.243855828845402
26.798499999982894 3.9066807171333373 -0.14549863335911872 7.514336377070248e-05 -0.07486899852196657 0.18157114726154883 0.022035890330255756 0.19763357235096557 2.2419779093682246
26.798999999982893 3.9052397060150086 -0.15764643817768947 7.501325720907309e-05 -0.07534262854373522 0.1813538835853923 0.021732720633099084 0.19758049983108056 2.240114455404822
26.799499999982892 3.903823324482933 -0.1697994251796459 7.488315186770646e-05 -0.07581675931447697 0.18113774695864604 0.021429313075540826 0.1975304529056048 2.238265933213654
26.79999999998289 3.9024323520036392 -0.18195636914593788 7.47529583953155e-05 -0.07629137661585575 0.18092278253551305 0.021125719247848743 0.1974834762709878 2.236433101075889
26.80049999998289 3.9010671078373464 -0.19411713238725786 7.462273390637073e-05 -0.07676646439685632 0.1807090116862786 0.020821927485246555 0.19743958474638829 2.2346164955386048
26.80099999998289 3.8997279891380687 -0.20628113627931713 7.449246811586687e-05 -0.07724200755405274 0.1804964597052445 0.020517953367318206 0.1973987996607141 2.232816688979635
26.801499999982887 3.8984154221972305 -0.21844795824140587 7.43621622513556e-05 -0.07771799489248568 0.18028515218741634 0.020213806179620236 0.19736114305915325 2.2310342691697653
26.801999999982886 3.897129849015655 -0.2306171050592287 7.423181752798793e-05 -0.07819441246096993 0.18007511641025767 0.019909496672574085 0.19732663719842633 2.2292698356037715
26.802499999982885 3.8958716774962476 -0.2427880897680429 7.410142993512159e-05 -0.07867124728235902 0.17986637756088297 0.019605036533822413 0.19729530248672597 2.227524009267993
26.802999999982884 3.8946413255444368 -0.2549604167301262 7.397100901710001e-05 -0.07914848337879818 0.17965896226199465 0.019300435289158452 0.19726715880899107 2.2257973780140663
26.803499999982883 3.8934391791099614 -0.2671335818257752 7.384055803966924e-05 -0.07962610509475355 0.17945289538933734 0.018995703568111838 0.19724222425795335 2.224090521144358
26.80399999998288 3.892265643482227 -0.2793071122374184 7.37100828646302e-05 -0.08010409774887024 0.1792482025299246 0.018690850853738693 0.19722051742150493 2.2224040322931113
26.80449999998288 3.8911211160211234 -0.29148047123515264 7.35795796552347e-05 -0.08058244685270803 0.1790449088001846 0.018385890704773828 0.19720205649293776 2.2207385328656155
26.80499999998288 3.890006025411238 -0.3036532027453367 7.344905318601479e-05 -0.0810611390223807 0.1788430406255531 0.01808083239009564 0.1971868604641742 2.219094628764359
26.805499999982878 3.8889207024153687 -0.3158247211621167 7.331851134516661e-05 -0.08154015473837124 0.17864262124206642 0.017775688956991383 0.19717494282207776 2.2174728748892902
26.805999999982877 3.887865583719148 -0.3279945589272867 7.318795645468756e-05 -0.08201947962686412 0.17844367769686878 0.01747046932116146 0.19716632178581414 2.215873948970815
26.806499999982876 3.8868410479628994 -0.3401621130213816 7.305737583625203e-05 -0.08249909893178849 0.17824623431673778 0.017165191209393083 0.19716101329093802 2.2142984181630982
26.806999999982875 3.8858474418794158 -0.35232696408197367 7.292679915842218e-05 -0.08297899368759772 0.17805031490909312 0.01685985778130032 0.19715902930639337 2.2127468672702153
26.807499999982873 3.8848851635825463 -0.3644885461125646 7.279622831477965e-05 -0.08345914671848086 0.17785594545525424 0.016554481987569414 0.1971603849119697 2.211219943540116
26.807999999982872 3.883954568786593 -0.37664634107791023 7.266566741186894e-05 -0.08393954165395885 0.17766314952320308 0.016249075256108806 0.19716509274782743 2.209718223234128
26.80849999998287 3.8830560149665736 -0.38879976592716864 7.253511419335122e-05 -0.08442016143355402 0.17747195099174262 0.015943652416024447 0.19717316525746045 2.2082422977166027
26.80899999998287 3.8821898555111076 -0.4009482488546678 7.240458843880343e-05 -0.0849009836430164 0.17728237513060552 0.01563822264602868 0.19718461289620762 2.2067927913211083
26.80949999998287 3.8813563123928763 -0.41309142857052317 7.227410976876547e-05 -0.08538199271230408 0.1770944381779812 0.015332790409841831 0.19719944009771145 2.205370221689763
26.809999999982868 3.880555963473162 -0.4252285875803871 7.214365217361752e-05 -0.08586317485617871 0.1769081746140301 0.01502737861115784 0.19721766946593292 2.2039753387853303
26.810499999982866 3.8797890124121706 -0.4373592292447902 7.201323819257596e-05 -0.08634450917046005 0.17672360142685192 0.014721995649069926 0.19723930318538369 2.2026086048386344
26.810999999982865 3.879055871945871 -0.4494827914072439 7.188288083649257e-05 -0.08682597514153181 0.17654074639549783 0.01441665088452712 0.19726435288689065 2.2012707373772
26.811499999982864 3.878356791386806 -0.4615986785877567 7.175257050578969e-05 -0.08730755598680733 0.17635962771942684 0.014111361948335767 0.19729282338129092 2.1999622189342323
26.811999999982863 3.8776921436084093 -0.47370632184427325 7.162231175635123e-05 -0.08778923375713599 0.17618027036188108 0.013806141736504856 0.19732472419364747 2.1986836724071694
26.81249999998286 3.877062232725624 -0.48580516864423606 7.149211881906753e-05 -0.08827098759070615 0.17600269654104173 0.013501000419740788 0.19736006042837154 2.1974357393535215
26.81299999998286 3.8764673761095043 -0.49789463552469837 7.136200312683127e-05 -0.08875279698094843 0.1758269291375092 0.013195950491923807 0.19739883761373428 2.196218951636601
26.81349999998286 3.8759078451747038 -0.5099741602188491 7.123195738401375e-05 -0.08923464558612067 0.17565298734442697 0.012891007384193607 0.19744105957799488 2.19503390944909
26.813999999982858 3.8753839747443886 -0.5220431291937196 7.110199790065583e-05 -0.08971651067201737 0.17548089560030422 0.0125861830498319 0.1974867312292422 2.193881209769753
26.814499999982857 3.8748960686101923 -0.5341009559096724 7.097214259603899e-05 -0.0901983693951135 0.17531067673816972 0.012281488112792976 0.19753585540401788 2.192761434617054
26.814999999982856 3.8744443819077627 -0.5461470375080079 7.084237959721756e-05 -0.09068020516113794 0.17514234922842092 0.01197694068286082 0.19758843389590644 2.1916751325830033
26.815499999982855 3.874029189025137 -0.5581808087092731 7.071273205625173e-05 -0.09116199444408457 0.1749759346043244 0.011672549802270234 0.19764446701227584 2.190622879715338
26.815999999982854 3.873650597389433 -0.5702008636306976 7.058312106157915e-05 -0.0916437049397449 0.17481144846979255 0.011368371662665067 0.1977039479763883 2.1896051058785835
26.816499999982852 3.873309121624623 -0.5822077174623805 7.045366891050358e-05 -0.09212533278962892 0.1746489188004946 0.011064362329510868 0.19776688775813897 2.1886225765365035
26.81699999998285 3.873004937729258 -0.5942004228901744 7.032434887262483e-05 -0.09260685095214746 0.17448836313414123 0.010760553012753044 0.1978332813599508 2.187675789476009
26.81749999998285 3.8727382757945388 -0.606178369375434 7.01951705923789e-05 -0.09308823684038468 0.17432980045125046 0.01045695713813804 0.19790312558424442 2.186765244562337
26.81799999998285 3.872509419995149 -0.6181409086840778 7.006612978846913e-05 -0.09356947090799202 0.17417325161458075 0.010153592634687927 0.1979764200792327 2.1858915764123945
26.818499999982848 3.87231860151082 -0.6300875397297134 6.99372435994406e-05 -0.09405053289147847 0.17401873496838086 0.009850468247576249 0.1980531609994225 2.1850552660092744
26.818999999982847 3.8721661831453846 -0.6420176270744525 6.980848658912145e-05 -0.09453140344525363 0.17386627526285653 0.009547600097394793 0.19813335049589323 2.1842568192074667
26.819499999982845 3.8720521423563325 -0.6539303676027988 6.967991721076765e-05 -0.09501204787960583 0.1737158821896343 0.009245006367627021 0.19821696978295494 2.1834968485515573
26.819999999982844 3.871976941370235 -0.6658253066568052 6.955151498279165e-05 -0.09549245543710254 0.17356758323251817 0.008942698184481247 0.19830402629649974 2.182775957607029
26.820499999982843 3.8719405331124195 -0.6777016389701851 6.942330127769123e-05 -0.09597259115860099 0.17342138666013904 0.008640694127263 0.19839449891522282 2.182094444470378
26.820999999982842 3.8719431944235403 -0.6895587687505724 6.929527751546016e-05 -0.09645243573695798 0.17327731292098492 0.008339009214748748 0.1984883840616186 2.181452887236495
26.82149999998284 3.8719851913615635 -0.7013958372532392 6.91674552079714e-05 -0.0969319576470768 0.17313538569351705 0.008037663535414963 0.19858567477954228 2.180851850279869
26.82199999998284 3.8720665548363646 -0.7132124328718219 6.903983144982305e-05 -0.09741114230724775 0.17299561107334502 0.0077366687565217866 0.19868635619913882 2.180291716554783
26.82249999998284 3.872187518282835 -0.725007852578053 6.891241440812161e-05 -0.09788996442125215 0.17285800906708584 0.007436041801022497 0.19879042016832024 2.179772970338253
26.822999999982837 3.872348220633147 -0.7367814372282787 6.878521897350269e-05 -0.09836839736705025 0.1727225951777717 0.007135796828410802 0.19889785338681423 2.1792961181431645
26.823499999982836 3.8725488262076 -0.7485325246469487 6.865825214894482e-05 -0.0988464165860926 0.17258938558142908 0.006835949924878387 0.19900864377876154 2.178861566798334
26.823999999982835 3.8727894755380623 -0.7602605086404752 6.85315098903734e-05 -0.0993240023761697 0.17245839375198507 0.006536518476749379 0.19912277895141223 2.1784698219031764
26.824499999982834 3.8730702983143765 -0.7719645978627836 6.840500996524995e-05 -0.09980112222582506 0.17232963649585661 0.006237519777817809 0.19924024258494272 2.1781212759842443
26.824999999982833 3.873391434970585 -0.7836441581648248 6.827875437980595e-05 -0.10027775376824886 0.17220312809946087 0.005938970517076882 0.1993610207609491 2.1778164051590245
26.82549999998283 3.8737529895711975 -0.7952985039841507 6.815274666784841e-05 -0.10075387178461542 0.17207888181394737 0.00564088851278999 0.1994850968597477 2.177555601550381
26.82599999998283 3.8741550558223175 -0.8069269497218395 6.802699619118876e-05 -0.10122944917497964 0.1719569109383677 0.005343289922191985 0.1996124528854052 2.1773392483082388
26.82649999998283 3.8745977347458265 -0.8185288065561662 6.790151285781561e-05 -0.10170445951584094 0.17183722891655903 0.0050461919695484955 0.19974307091993146 2.1771677739648707
26.826999999982828 3.8750811451940717 -0.8301033962011529 6.777630264555618e-05 -0.10217887711754553 0.17171984996202494 0.004749611202693582 0.1998769336530846 2.1770415513835055
26.827499999982827 3.8756053196657265 -0.8416499879525914 6.765137219464357e-05 -0.10265267360361864 0.17160478454797656 0.004453566605753744 0.2000140188417812 2.176960939069354
26.827999999982826 3.876170337838951 -0.8531678968001332 6.752672125763543e-05 -0.10312582441793999 0.17149204449053743 0.004158076991791421 0.20015430694764957 2.1769262983548976
26.828499999982824 3.876776275127423 -0.8646564508081235 6.740237870046957e-05 -0.10359829812783136 0.171381643405799 0.0038631541150538993 0.20029777590171124 2.1769379776727593
26.828999999982823 3.8774231537753963 -0.876114906404976 6.727832725173163e-05 -0.10407007151679877 0.17127358974607534 0.0035688225429141656 0.20044440332511493 2.1769963030250272
26.829499999982822 3.878111037038562 -0.8875425375435576 6.715457215480852e-05 -0.10454111693792802 0.17116789542536048 0.003275101144505861 0.20059416702008914 2.1771015826216398
26.82999999998282 3.8788399068386403 -0.8989386974654857 6.703113545401141e-05 -0.10501140449399048 0.17106456870591402 0.0029820030116453652 0.20074704003372584 2.1772541285395595
26.83049999998282 3.8796098736813445 -0.9103027259062718 6.690801292090369e-05 -0.10548091121080061 0.17096362246978822 0.0026895464107353365 0.20090300270963743 2.17745406214497
26.83099999998282 3.8804208876521478 -0.9216337897533193 6.678521763458195e-05 -0.10594960419821918 0.17086506438508087 0.0023977537941828686 0.20106202545566543 2.177701945000698
26.831499999982817 3.881273023482737 -0.9329310563707824 6.666273000651871e-05 -0.10641745665731885 0.17076890672422831 0.0021066514453460866 0.20122408545080459 2.1779979750969036
26.831999999982816 3.882166175277969 -0.944194037164416 6.654059550758432e-05 -0.10688443795733868 0.17067515341850906 0.0018162431302699029 0.20138915018192025 2.1783423597575764
26.832499999982815 3.8831003122823193 -0.9554218825463269 6.64188015834703e-05 -0.10735051862410845 0.17058381201331602 0.0015265552062811733 0.2015571907441092 2.1787352844489307
26.832999999982814 3.884075498511657 -0.9666138528909916 6.629736457245494e-05 -0.10781566829164592 0.17049489528417144 0.0012376048608777346 0.20172818175189722 2.1791770347093755
26.833499999982813 3.885091487200885 -0.9777693158467409 6.617630708650699e-05 -0.10827985446615716 0.17040840039431251 0.0009494055761638685 0.20190208314702587 2.1796676351982733
26.83399999998281 3.8861483865279527 -0.9888874727707074 6.6055602639613e-05 -0.10874305462850789 0.17032434008596697 0.0006619848860916973 0.20207887316502982 2.1802073596873295
26.83449999998281 3.887246112839899 -0.9999675428202465 6.593524902794305e-05 -0.10920523917634058 0.17024271921354406 0.0003753654074829069 0.202258519246959 2.180796414523607
26.83499999998281 3.888384573659007 -1.0110088756646136 6.581527720052877e-05 -0.10966637501770804 0.1701635431621471 8.955884580417366e-05 0.20244098708464978 2.1814349040005965
26.835499999982808 3.8895636564108864 -1.02201056562671 6.56956707961436e-05 -0.11012643079293782 0.170086815811033 -0.00019540531962060966 0.20262624177328792 2.1821229248968503
26.835999999982807 3.890783305861525 -1.0329719549956766 6.557645032240823e-05 -0.11058537624307152 0.17001254366264637 -0.00047951292555914135 0.20281425091474883 2.182860674929225
26.836499999982806 3.8920432284551616 -1.0438925672411545 6.545765476482173e-05 -0.1110431806979541 0.16994072085873055 -0.0007627579160395686 0.20300497133110298 2.1836480938567084
26.836999999982805 3.8933435999253048 -1.054771469430075 6.533926505750882e-05 -0.11149981505061173 0.16987136567151884 -0.0010451115021092821 0.20319838062710865 2.1844853189734796
26.837499999982803 3.894684192386178 -1.0656079261027254 6.522130121867453e-05 -0.11195524445912745 0.16980447698563944 -0.0013265562053224652 0.20339443679126384 2.185372470578285
26.837999999982802 3.8960648590214033 -1.076401277718995 6.510375243373114e-05 -0.11240944477977967 0.16974005469137418 -0.0016070706625429475 0.20359310429983488 2.186309532482511
26.8384999999828 3.897485434386774 -1.0871506561446136 6.498663962872712e-05 -0.11286237644718702 0.1696781023944319 -0.001886634503836347 0.20379434201967664 2.1872965288739965
26.8389999999828 3.8989457721414986 -1.0978554646594343 6.48699709769385e-05 -0.11331401318344256 0.1696186205941491 -0.0021652323084747974 0.20399811339066093 2.1883335355050857
26.8394999999828 3.9004456852763942 -1.1085147779582414 6.475373368682707e-05 -0.11376432105219433 0.16956161010156795 -0.0024428344884923577 0.20420437753643053 2.1894204553363132
26.839999999982798 3.901984970994862 -1.119127908799532 6.463795954872861e-05 -0.11421326434037156 0.16950707131431797 -0.0027194277555156604 0.20441309220340642 2.190557282294224
26.840499999982796 3.903563502991866 -1.1296941528585438 6.452266004546218e-05 -0.11466081157797953 0.16945500741725167 -0.002994994984895165 0.20462421959646246 2.1917439909635097
26.840999999982795 3.9051810076138267 -1.1402127494688092 6.440782506843731e-05 -0.11510693376375598 0.16940541317834662 -0.003269511048460775 0.20483771605130743 2.1929804725047584
26.841499999982794 3.906837139599799 -1.1506830559254082 6.429346294934635e-05 -0.11555159755285024 0.16935828085007854 -0.0035429609279766855 0.20505353340444324 2.194266155571451
26.841999999982793 3.908531943607266 -1.1611041572139744 6.417958852451266e-05 -0.11599476908722729 0.16931362332730474 -0.0038153192468021856 0.20527163993297912 2.1956016206791436
26.842499999982792 3.910265083401207 -1.1714753228132204 6.406621323384602e-05 -0.11643641261679251 0.16927143408239248 -0.004086568059810606 0.20549198674859603 2.1969865210766777
26.84299999998279 3.912036396815825 -1.1817958177705672 6.395334255816487e-05 -0.11687649733031907 0.16923171419872415 -0.004356687040644048 0.20571453385896887 2.198420703798326
26.84349999998279 3.9138455690800833 -1.1920649311927092 6.384098452137432e-05 -0.11731499047330901 0.16919445736199776 -0.004625656830906172 0.20593923398150915 2.199904008726625
26.84399999998279 3.915692312314526 -1.2022819021422095 6.372913868225158e-05 -0.11775185982498175 0.1691596585792699 -0.004893454931765435 0.20616604105445333 2.2014361977728076
26.844499999982787 3.9175763822235505 -1.2124459987810376 6.361781652081697e-05 -0.11818707185385605 0.1691273154308283 -0.0051600625521608665 0.2063949103630456 2.2030170954690185
26.844999999982786 3.9194974699137077 -1.222556448986037 6.350702784300014e-05 -0.11862059125006912 0.1690974227434878 -0.005425458946196104 0.2066257937716941 2.204646425383763
26.845499999982785 3.9214553729278285 -1.2326125181572618 6.339676520072588e-05 -0.11905238864983832 0.1690699790713502 -0.005689621964320806 0.20685864947958021 2.2063239573553224
26.845999999982784 3.9234498720361692 -1.2426132300262642 6.32870574863515e-05 -0.11948241779946626 0.1690449872830716 -0.0059525294884792 0.20709342938889025 2.2080497648474235
26.846499999982782 3.9254804309628706 -1.2525581973384046 6.317790207135298e-05 -0.11991065822669172 0.16902242563227565 -0.006214167793458144 0.2073300803172127 2.2098229493082546
26.84699999998278 3.9275468062647736 -1.262446569129113 6.306930922483999e-05 -0.12033707240527687 0.16900229301732547 -0.00647451417837687 0.2075685558412757 2.211643474523063
26.84749999998278 3.929648792039581 -1.272277461361193 6.296127823039612e-05 -0.12076162498523596 0.16898458961177237 -0.006733542373522524 0.2078088116231598 2.213511114025686
26.84799999998278 3.9317858794508584 -1.2820503575697608 6.285383338929065e-05 -0.12118428314608662 0.16896929902617808 -0.006991242452782777 0.20805079179388497 2.215425358996405
26.848499999982778 3.9339577299332094 -1.2917644370070067 6.274697644349604e-05 -0.12160501193885251 0.16895641432004865 -0.007247589763888562 0.20829444645962605 2.2173859196351646
26.848999999982777 3.936164040238138 -1.3014189570275416 6.264071894020964e-05 -0.1220237768286631 0.16894593033660046 -0.007502564674265033 0.20853972754734854 2.2193924448484768
26.849499999982775 3.938404409830163 -1.311013187047811 6.253505821151627e-05 -0.1224405455082304 0.16893783614635788 -0.007756144875483018 0.20878658349974547 2.221444480731063
26.849999999982774 3.940678413204246 -1.3205464173605286 6.243000220992485e-05 -0.12285528411441163 0.16893211999105961 -0.008008310265997963 0.209034961269217 2.223541540239262
26.850499999982773 3.9429857647345252 -1.3300178988897895 6.232556694886884e-05 -0.12326795680374764 0.16892877795441605 -0.008259042425632931 0.2092848130599337 2.225683354598193
26.850999999982772 3.9453260598373503 -1.3394268925864408 6.222174617010362e-05 -0.1236785320411341 0.168927798702405 -0.008508317575815988 0.20953608741756405 2.227869346389797
26.85149999998277 3.9476987487895983 -1.348772695713232 6.211856252264731e-05 -0.12408697147190698 0.16892916526892182 -0.008756118358800254 0.20978872461654816 2.230099012093369
26.85199999998277 3.9501035136662237 -1.3580545773850172 6.201601678229492e-05 -0.12449324266318852 0.1689328710930879 -0.009002423716125491 0.21004267670479268 2.2323719037023273
26.85249999998277 3.9525399193282196 -1.3672718239445092 6.191410868119205e-05 -0.12489731322013338 0.16893890342224732 -0.009247211878315913 0.2102978907802976 2.2346874725853576
26.852999999982767 3.9550075783023524 -1.3764237293769384 6.181285621448867e-05 -0.12529914742240134 0.1689472529968557 -0.009490465241028477 0.21055431501267172 2.237045247249967
26.853499999982766 3.957505582660665 -1.3855093755945433 6.171228212789924e-05 -0.12569869473499728 0.16895788814509075 -0.009732158638762676 0.21081187048243055 2.23944434577918
26.853999999982765 3.960034146295654 -1.39452827303302 6.161236640684279e-05 -0.12609594255198303 0.16897082371718633 -0.009972275960972572 0.21107053864426284 2.2418846153359446
26.854499999982764 3.9625925619342475 -1.4034796766564692 6.151311355787928e-05 -0.12649085268423127 0.16898603453616468 -0.01021079470889957 0.211330253417794 2.244365319856335
26.854999999982763 3.965180415295923 -1.412362937656248 6.141452719058224e-05 -0.12688339486204697 0.1690035082766366 -0.010447695294501182 0.21159096398120608 2.246885875131561
26.85549999998276 3.9677971937535816 -1.4211778104905157 6.131668682022833e-05 -0.1272735338679725 0.16902322887760143 -0.010682986559432462 0.2118526151013506 2.2494456899221156
26.85599999998276 3.97044244820455 -1.4299229848576172 6.121951294951226e-05 -0.12766123429175028 0.1690451838818567 -0.010916611881076597 0.21211515115499402 2.252044139561388
26.85649999998276 3.973115652557194 -1.4385979699020668 6.11230364578231e-05 -0.12804646321934524 0.16906935586013033 -0.011148562530355179 0.21237851652282477 2.254680574243761
26.856999999982758 3.97581630945462 -1.4472020874793545 6.102726350312782e-05 -0.12842918736519846 0.1690957290788189 -0.011378818575183797 0.21264265628549112 2.2573543180294395
26.857499999982757 3.9785439499939415 -1.4557348404748904 6.093220927484141e-05 -0.12880937808586115 0.16912428777186067 -0.011607367719313949 0.21290751884932774 2.260064713385324
26.857999999982756 3.9812980381209173 -1.4641952947967674 6.083786284267306e-05 -0.12918699621539315 0.16915501603029734 -0.011834179040110818 0.2131730452775856 2.262811063395819
26.858499999982755 3.9840781596130115 -1.4725829061488418 6.074422970274026e-05 -0.12956201470688986 0.16918790048051965 -0.012059236416789814 0.21343918690547573 2.2655926992913034
26.858999999982753 3.9868836765013533 -1.480896985738473 6.065131997074821e-05 -0.12993439682408933 0.16922291904916673 -0.012282520602998007 0.2137058822819901 2.268408860950668
26.859499999982752 3.9897140683706644 -1.4891368691180964 6.055913981814775e-05 -0.13030410946544765 0.16926005468160804 -0.01250401199379073 0.213973076274435 2.271258785323883
26.85999999998275 3.992568921501695 -1.4973019782039156 6.046768856144377e-05 -0.13067112356887867 0.16929929462330814 -0.01272369446389447 0.2142407199752498 2.2741418793740342
26.86049999998275 3.99544738817963 -1.5053914390824183 6.037697025342607e-05 -0.13103539684323548 0.16934060750351868 -0.012941538843849939 0.21450874108803084 2.2770571734685694
26.86099999998275 3.998349240251013 -1.513404850689947 6.02869987466442e-05 -0.1313969074992687 0.16938398814161737 -0.013157536148223466 0.21477710189082716 2.2800040123220904
26.861499999982748 4.001273778651882 -1.5213415589876287 6.019777633646591e-05 -0.13175562167249405 0.16942941032229875 -0.01337166535816472 0.21504574015524697 2.2829815875175914
26.861999999982746 4.004220515862184 -1.5292008757310518 6.0109302294348465e-05 -0.13211150729719354 0.16947685839353496 -0.013583905131375857 0.2153146032434794 2.2859891192133093
26.862499999982745 4.0071887782188895 -1.536982256181794 6.002159001142326e-05 -0.13246453183931364 0.16952630705291583 -0.013794240603199335 0.21558363122516278 2.2890257766988955
26.862999999982744 4.0101781114713955 -1.5446850630929165 5.993464901432246e-05 -0.1328146635769444 0.1695777422312017 -0.014002653509332727 0.21585277349756532 2.2920907974701556
26.863499999982743 4.013187872128515 -1.5523086881486434 5.984847055143557e-05 -0.1331618732167045 0.16963113925348694 -0.014209122567456963 0.21612197261536037 2.2951833440850127
26.86399999998274 4.016217412521667 -1.559852496280962 5.976306235959216e-05 -0.1335061267251714 0.16968647463320277 -0.014413629010247515 0.2163911695237288 2.298302512468873
26.86449999998274 4.019266239432289 -1.5673159497317537 5.967842119877564e-05 -0.13384739856701136 0.16974373039531337 -0.014616154578236073 0.2166603149779122 2.3014475565900403
26.86499999998274 4.022333774224143 -1.574698466017936 5.959455727228526e-05 -0.13418565688873704 0.16980288598315024 -0.014816682871438462 0.21692935415517503 2.3046176272113494
26.865499999982738 4.025419396966145 -1.5819994702107367 5.951147298646031e-05 -0.1345208715360773 0.16986391818130933 -0.015015195673948503 0.21719823130002539 2.3078118791133875
26.865999999982737 4.028522479373404 -1.589218325416378 5.942919287538434e-05 -0.1348530045817665 0.16992680562686194 -0.015211677927717507 0.21746688773387055 2.3110294078012643
26.866499999982736 4.031642467754551 -1.5963545419088194 5.934770273425604e-05 -0.13518203399169676 0.1699915261221822 -0.015406110407900284 0.21773527391164993 2.314269423436036
26.866999999982735 4.034778767352093 -1.603407527405726 5.926700391768401e-05 -0.13550792956149907 0.17005805771434104 -0.015598474119752138 0.21800333566824825 2.3175309999218174
26.867499999982734 4.037930664330134 -1.6103768344598608 5.918710908035656e-05 -0.13583066238186253 0.17012637189516863 -0.01578875636641629 0.2182710152193983 2.320813241939863
26.867999999982732 4.041097581547806 -1.617261884387824 5.9108017098994554e-05 -0.13615020349737345 0.1701964472581579 -0.015976938282156846 0.21853826010231475 2.3241152796780615
26.86849999998273 4.044278878065714 -1.6240621459241786 5.9029736450717866e-05 -0.13646652277917976 0.17026825943381244 -0.016163004015217478 0.2188050152735453 2.3274362015642973
26.86899999998273 4.047473881582854 -1.6307771157238853 5.895226626591141e-05 -0.1367795928744159 0.17034178154579954 -0.016346936463346846 0.21907122562953027 2.330775096144455
26.86949999998273 4.050682042966262 -1.6374063067991371 5.887561829635444e-05 -0.13708938579755156 0.17041699334410967 -0.016528722053306015 0.21933684134570666 2.334131135527572
26.869999999982728 4.0539027208845715 -1.6439491312921568 5.879978955925759e-05 -0.13739587197065262 0.17049387026222676 -0.016708340844446452 0.21960180801929471 2.3375033818967292
26.870499999982727 4.0571352581747275 -1.6504049786897617 5.872478415398349e-05 -0.13769901945613022 0.17057238762324448 -0.016885773742207486 0.21986606999159083 2.3408910322084346
26.870999999982725 4.060379403672247 -1.6567733540023768 5.865053576228877e-05 -0.13799882251703025 0.17065253402267277 -0.017060990078581566 0.22012959766216755 2.344293287781093
26.871499999982724 4.063633918443642 -1.6630540972995813 5.857715887839339e-05 -0.13829523109267264 0.17073425972532102 -0.01723400703303563 0.22039230790874673 2.347708912979703
26.871999999982723 4.066898240359629 -1.6692467820242194 5.850464467397607e-05 -0.1385882242792281 0.17081754158178197 -0.017404807922453705 0.22065415418643483 2.3511370677030277
26.872499999982722 4.070171835551645 -1.6753507211602119 5.8432968483970855e-05 -0.13887777561313006 0.17090235974265558 -0.01757336544886701 0.22091508843458021 2.3545768830326623
26.87299999998272 4.073454040206018 -1.6813655383377357 5.836214327931679e-05 -0.13916385943459625 0.1709886871664943 -0.01773966903985562 0.221175059103184 2.35802749675617
26.87349999998272 4.076744173167674 -1.687290795525159 5.829217499725729e-05 -0.13944644916299304 0.1710764962436355 -0.017903704919603008 0.22143401364969664 2.3614879590616633
26.87399999998272 4.080041506572588 -1.693126127649034 5.8223082065977604e-05 -0.13972551811439698 0.17116575690757407 -0.018065463025408388 0.22169189814786155 2.3649574092832175
26.874499999982717 4.083345606697259 -1.698871819090336 5.8154948568224645e-05 -0.1400010490292356 0.1712564514317424 -0.018224970164009174 0.22194867745440203 2.3684349645893272
26.874999999982716 4.086655672166729 -1.7045261196348584 5.808763151668371e-05 -0.14027300265398784 0.1713485500157678 -0.01838213995317413 0.22220428424161814 2.3719196394511624
26.875499999982715 4.089970815267013 -1.7100894140219893 5.802120348267481e-05 -0.14054136357895539 0.17144201056738254 -0.018536997143177164 0.22245866610924553 2.3754105801446963
26.875999999982714 4.093290579476278 -1.7155610678007813 5.795565916289729e-05 -0.1408061040596211 0.171536817674943 -0.018689519548293117 0.22271177988476837 2.3789068059893466
26.876499999982713 4.096614236137919 -1.7209407159932417 5.789100367706741e-05 -0.14106719973366288 0.17163294050221725 -0.01883969525247061 0.2229635737589007 2.382407398122088
26.87699999998271 4.099941155475284 -1.7262279579194426 5.7827248148361004e-05 -0.1413246251112955 0.1717303537105169 -0.018987512557083648 0.2232139997435037 2.3859115382260376
26.87749999998271 4.103270639366655 -1.7314224624286567 5.776440146870618e-05 -0.14157835685723086 0.17182902772387101 -0.01913296104857407 0.22346300834234398 2.3894182888332414
26.87799999998271 4.1066020459075405 -1.7365239008832845 5.770247131320893e-05 -0.14182837283037922 0.17192893557075023 -0.019276030175293998 0.2237105530937758 2.392926786911022
26.878499999982708 4.109934648768745 -1.7415319184359008 5.7641452454883346e-05 -0.14207465154492915 0.17203004564279814 -0.01941670609302587 0.22395658438853544 2.396436100923961
26.878999999982707 4.113267766095046 -1.746446119060783 5.758135093925189e-05 -0.1423171682460195 0.17213232962365915 -0.01955497586269116 0.22420105343245894 2.3999453572144454
26.879499999982706 4.116600874939607 -1.751266094761223 5.752216705278161e-05 -0.14255590122570258 0.17223576661946374 -0.01969082537688458 0.2244439192343816 2.403453782567323
26.879999999982704 4.11993384337267 -1.7559911716317673 5.746379874064316e-05 -0.14279084907000933 0.17234035014579646 -0.019824210730733344 0.22468516238863312 2.406960749146762
26.880499999982703 4.1232648677989365 -1.7606218882295135 5.74064539088222e-05 -0.14302195779543742 0.17244600183702471 -0.019955188310447125 0.22492468406495633 2.41046486145675
26.880999999982702 4.126593641758482 -1.7651576450737196 5.7350060499912586e-05 -0.14324921786082465 0.1725527083446575 -0.02008372398929909 0.22516245589372305 2.4139653775017234
26.8814999999827 4.129919645057283 -1.7695979155002077 5.729461744045092e-05 -0.14347260452764612 0.17266044994350827 -0.020209799023326525 0.22539843655448083 2.417461540505934
26.8819999999827 4.133242158178401 -1.7739425300918399 5.724013780334508e-05 -0.14369209881651307 0.17276919452653736 -0.020333408917911463 0.22563258044410622 2.42095249217666
26.8824999999827 4.136560504359043 -1.778190781064467 5.7186655868943903e-05 -0.14390765811950565 0.17287891952749498 -0.020454537908154633 0.22586483348115693 2.4244374512652787
26.882999999982697 4.139874015094386 -1.7823430164466547 5.7134136781959774e-05 -0.1441192947585771 0.17298958590151253 -0.020573185602247357 0.22609516562260001 2.42791553322565
26.883499999982696 4.143181995277431 -1.7863988198525806 5.708262243827796e-05 -0.1443269744758094 0.17310116749470703 -0.020689346516088877 0.22632352685621163 2.4313858908114727
26.883999999982695 4.1464837647071455 -1.7903578846944221 5.703209411824165e-05 -0.14453068170473607 0.1732136332756974 -0.02080300499822349 0.22654987469332138 2.434847701562971
26.884499999982694 4.149778691262861 -1.7942200673604 5.698256938464e-05 -0.14473039913148084 0.17332695521401834 -0.020914157905634466 0.22677416924645954 2.4383002153909454
26.884999999982693 4.153066007197101 -1.797985201098483 5.6934052600990845e-05 -0.1449261093840786 0.1734410980828692 -0.021022798801651987 0.2269963650696903 2.441742646190757
26.88549999998269 4.15634519374016 -1.8016529053233368 5.6886546366116064e-05 -0.14511779157385313 0.17355604098841043 -0.021128914644433117 0.22721642508607257 2.4451741923363506
26.88599999998269 4.1596155582212795 -1.8052229806483404 5.684005783819186e-05 -0.14530542790001977 0.17367175287833328 -0.021232498268424025 0.22743430723564845 2.448593998783779
26.88649999998269 4.162876409903468 -1.8086953550292568 5.679460258477097e-05 -0.14548900314444954 0.17378820178729718 -0.021333548651998435 0.2276499712596405 2.4520013581312514
26.886999999982688 4.166127164752827 -1.8120696190443293 5.67501801862855e-05 -0.145668495093446 0.1739053640069926 -0.021432050623568063 0.2278633776786544 2.455395497410571
26.887499999982687 4.169367102432734 -1.8153457442838343 5.6706798725516915e-05 -0.14584389153405972 0.17402320515330014 -0.02152800261898551 0.22807448679409367 2.45877564210442
26.887999999982686 4.17259560579859 -1.8185234992363872 5.666445769450357e-05 -0.14601517610334463 0.1741416976270523 -0.02162139544452756 0.22828326098488058 2.46214108994725
26.888499999982685 4.175812075236044 -1.82160276413195 5.662317389352838e-05 -0.14618233312826462 0.17426081457903805 -0.0217122263877478 0.22848966451742544 2.465491111215866
26.888999999982683 4.1790158023350585 -1.824583868989884 5.6583017692860845e-05 -0.14634534865124157 0.17438052282747749 -0.021800517863168008 0.22869366058669 2.4688249808215454
26.889499999982682 4.182205806161328 -1.827466684320268 5.6543893496752785e-05 -0.14650422655707848 0.17450076936443049 -0.021886243518134257 0.22889520432547514 2.472142147127727
26.88999999998268 4.185381738299483 -1.830250237605381 5.650583728322703e-05 -0.14665891934567646 0.17462155049971279 -0.021969379719967166 0.22909425607781064 2.475441614703005
26.89049999998268 4.188543200895846 -1.8329348105659748 5.6468854538198946e-05 -0.14680943175198796 0.1747428436404943 -0.022049933431462974 0.22929079837455274 2.4787229294549005
26.89099999998268 4.191689488874038 -1.8355201825777734 5.643294879246391e-05 -0.1469557460036823 0.17486461704518774 -0.02212789612133423 0.22948479114010042 2.4819853150822975
26.891499999982678 4.194820022878015 -1.8380062999119409 5.639812851862782e-05 -0.14709785089982796 0.17498684349872487 -0.022203265518321334 0.22967620280880718 2.485228148254799
26.891999999982676 4.197934632724713 -1.8403931677589835 5.636438069906555e-05 -0.14723574920894555 0.17510951298972668 -0.0222760362932066 0.22986502382388457 2.488451111849627
26.892499999982675 4.201031719144145 -1.8426797726417878 5.633168069801122e-05 -0.1473693874139016 0.17523255793091952 -0.022346169080998613 0.23005116165400744 2.4916526369415237
26.892999999982674 4.204111492905264 -1.8448673704759635 5.6300104005191896e-05 -0.1474987972247283 0.1753559791072503 -0.022413717429725383 0.23023463970572172 2.4948329771876603
26.893499999982673 4.207173070680529 -1.846955328013005 5.626963397385461e-05 -0.1476239481078044 0.17547973950510629 -0.02247865522017163 0.2304154052406719 2.497991207827325
26.89399999998267 4.210215904464442 -1.848943641782474 5.624027341511481e-05 -0.1477448326076866 0.17560381234822844 -0.022540980569903904 0.23059343069254584 2.501126758861436
26.89449999998267 4.213239438750635 -1.8508322348947894 5.621200813062265e-05 -0.14786144446991395 0.1757281702033416 -0.02260068561253033 0.2307686884174291 2.5042390604598785
26.89499999998267 4.216243101025712 -1.8526210875870308 5.618484982373435e-05 -0.14797377303613454 0.1758527860329074 -0.022657769943027626 0.23094114921528414 2.5073275125096055
26.89549999998267 4.2192263736710025 -1.8543099207886242 5.615881932719928e-05 -0.1480817966853701 0.1759776390181595 -0.0227122278148776 0.23111078130690452 2.5103916097516477
26.895999999982667 4.222188294071191 -1.8558984520930875 5.6133926593706513e-05 -0.14818549032991016 0.17610268617395938 -0.022764050018143807 0.23127753370188917 2.513430581066503
26.896499999982666 4.225128844995929 -1.8573874731316775 5.611013456469729e-05 -0.14828489230590503 0.17622791448821093 -0.022813249627728675 0.23144142129190076 2.5164441110206037
26.896999999982665 4.228047356857036 -1.8587766929402993 5.608745663472116e-05 -0.14837998048118534 0.17635329538765554 -0.02285981849545097 0.23160240651454292 2.5194316477424894
26.897499999982664 4.230943296973712 -1.8600661428872254 5.6065901604676266e-05 -0.14847074727404058 0.1764788029917118 -0.02290375715300076 0.2317604642583007 2.5223926486857993
26.897999999982662 4.2338160840192955 -1.861256077207984 5.60455086274155e-05 -0.14855718558277853 0.17660440867709126 -0.02294507892511016 0.23191556911803204 2.5253266026437684
26.89849999998266 4.236664855266483 -1.86234643712157 5.602622577236188e-05 -0.14863929374870896 0.17673006727173904 -0.022983768703680553 0.23206768397993865 2.528233050975796
26.89899999998266 4.23948970701645 -1.863336941239086 5.600805367537075e-05 -0.14871706379900418 0.17685578621281198 -0.023019816754257478 0.23221680849014467 2.531111541121942
26.89949999998266 4.242290034115282 -1.8642276331440515 5.5990995809984396e-05 -0.14879048901005687 0.17698153553178234 -0.023053222597213378 0.23236291573991763 2.5339616328474994
26.899999999982658 4.2450652224813785 -1.8650187719287261 5.597506332355616e-05 -0.14885956888897992 0.17710728294056877 -0.023083993265643456 0.23250598199937117 2.5367827546346287
26.900499999982657 4.24781497797455 -1.8657102176559217 5.596024726517954e-05 -0.14892429715941252 0.17723301456831908 -0.023112120940617438 0.23264599259770785 2.5395746278319784
26.900999999982655 4.2505386867924555 -1.8663021457306275 5.594654108963521e-05 -0.14898467435851098 0.177358697876018 -0.02313760652415917 0.23278292407660617 2.5423367117249547
26.901499999982654 4.253235947189516 -1.8667946700576028 5.59339525535614e-05 -0.1490406981783099 0.17748431218056399 -0.023160452879808436 0.2329167605847286 2.545068651469318
26.901999999982653 4.25590620660727 -1.8671874096920014 5.592246202930073e-05 -0.14909235332032517 0.17760983294495736 -0.023180641207142628 0.23304747306954995 2.547769958680399
26.902499999982652 4.258549068693195 -1.8674810594460625 5.5912091667726994e-05 -0.14913965386284467 0.17773523466192398 -0.023198196390564734 0.23317505507758224 2.5504403901905084
26.90299999998265 4.26116406490508 -1.867674972951153 5.590280224508836e-05 -0.1491825812055558 0.17786049828881342 -0.023213086606643007 0.23329947873174678 2.553079368774279
26.90349999998265 4.263750866662489 -1.8677692791786418 5.589460828929783e-05 -0.14922113260233533 0.17798560719126166 -0.023225317427860975 0.2334207320526408 2.5556865876174566
26.90399999998265 4.266309220036122 -1.867764672789722 5.588753567605981e-05 -0.1492553234819332 0.17811054291957826 -0.023234914945569514 0.23353881553037667 2.558261959834806
26.904499999982647 4.2688385844311165 -1.8676611434051746 5.588155102207941e-05 -0.14928515539603807 0.17823527641875822 -0.0232418680531913 0.2336537091772616 2.5608049643632294
26.904999999982646 4.271338545803637 -1.8674587806764125 5.587666276584e-05 -0.14931062487133978 0.1783597867491955 -0.023246179070278757 0.2337653975036851 2.563315302269144
26.905499999982645 4.27380874630421 -1.867157696536911 5.587286821105778e-05 -0.14933173253800494 0.1784840546622452 -0.02324784866155322 0.23387386895262166 2.5657926749548503
26.905999999982644 4.276248818116939 -1.866758028546181 5.5870162683685424e-05 -0.14934848027865236 0.17860806001814233 -0.023246877872391707 0.2339791123066357 2.5682367860341504
26.906499999982643 4.278658475586063 -1.8662592121304054 5.586850171370766e-05 -0.14936085601490595 0.17873179135293835 -0.023243236706887972 0.23408111116095673 2.570647265639022
26.90699999998264 4.2810371995927685 -1.8656624801464115 5.586795451740186e-05 -0.14936888038587393 0.1788552146596138 -0.023236976941816315 0.23417986108130764 2.573023939308699
26.90749999998264 4.283384687806103 -1.864967597996934 5.586849163453083e-05 -0.14937254911490133 0.178978315166645 -0.023228082291632004 0.23427534982563009 2.5753665130762755
26.90799999998264 4.285700651555321 -1.8641746978178653 5.587009707298354e-05 -0.1493718675322069 0.17910107585452578 -0.02321655156284734 0.23436757123966215 2.5776747449770516
26.908499999982638 4.2879845929723235 -1.8632839642969588 5.5872773307351005e-05 -0.1493668363866203 0.17922347006279593 -0.02320238774549549 0.23445650946516633 2.579948289960173
26.908999999982637 4.290236378034297 -1.8622955436156303 5.587651574718435e-05 -0.14935746038937187 0.1793454891074185 -0.023185593264856686 0.23454216501982178 2.5821870690506157
26.909499999982636 4.292455577717232 -1.861209647098141 5.588131839903086e-05 -0.1493437437927986 0.17946710890751746 -0.02316617081484024 0.2346245265523069 2.5843907504252375
26.909999999982634 4.294641963722571 -1.8600262353576396 5.5887186085818225e-05 -0.14932568162852045 0.17958831867725605 -0.02314411871553773 0.23470358674350256 2.5865592174401066
26.910499999982633 4.296795215002982 -1.858745842779836 5.589411120545427e-05 -0.14930329153175248 0.1797090958913332 -0.023119448972156093 0.2347793451926127 2.5886922249319255
26.910999999982632 4.298915065667956 -1.8573685741755148 5.5902074531159586e-05 -0.14927657919017548 0.1798294246245915 -0.02309215866375104 0.23485179762412767 2.590789605559901
26.91149999998263 4.301001156481734 -1.8558945648203435 5.591109103436221e-05 -0.14924554198440618 0.1799492865754896 -0.023062252956401335 0.2349209336195305 2.5928511151306184
26.91199999998263 4.303053151157429 -1.854323945602463 5.592114448177471e-05 -0.14921018452682422 0.18006866241280517 -0.02302973044278263 0.23498674608141829 2.594876543724021
26.91249999998263 4.30507090343775 -1.852656513258633 5.5932210358533306e-05 -0.14917050484379407 0.18018754490142197 -0.02299457698850705 0.23504923191500698 2.5968656907004872
26.912999999982627 4.30705351532615 -1.8508934763880183 5.5944342858298405e-05 -0.1491265211052677 0.18030588086816043 -0.022956838951739097 0.23510837166561976 2.598818295828708
26.913499999982626 4.309001559060811 -1.8490345616656607 5.595750394155752e-05 -0.14907824226141922 0.18042369750202508 -0.022916498732780868 0.2351641955107669 2.6007345188146846
26.913999999982625 4.310914502688924 -1.8470800190514045 5.597169486437128e-05 -0.14902567036109352 0.18054096597286326 -0.022873561890783947 0.23521668872458731 2.602614100942233
26.914499999982624 4.312792909858016 -1.845030282343226 5.5986887770863234e-05 -0.14896883681372486 0.18065770594562286 -0.0228280342678205 0.2352658925720048 2.604457378847623
26.914999999982623 4.314635292557719 -1.8428853553756062 5.600311728968071e-05 -0.14890771337820288 0.1807738478172823 -0.022779920257288578 0.23531174200434493 2.6062634790631494
26.91549999998262 4.316441882143997 -1.8406456236266995 5.602037502762101e-05 -0.14884232034119874 0.18088939722130437 -0.02272922826375199 0.23535426099627899 2.6080325888325597
26.91599999998262 4.318212408153446 -1.8383114881993057 5.603865348071412e-05 -0.1487726712981012 0.1810043355722534 -0.022675966493795597 0.23539345079579746 2.6097645692756757
26.91649999998262 4.319946638219074 -1.8358829853293739 5.6057967299538396e-05 -0.14869876165701457 0.18111865180304063 -0.022620137629085154 0.23542930653518787 2.6114592988251744
26.916999999982618 4.32164439698131 -1.8333602851327342 5.6078269570553665e-05 -0.14862060743169803 0.1812323316628892 -0.022561734567357182 0.23546183312805125 2.6131166795125695
26.917499999982617 4.323305427342326 -1.8307439519325994 5.609959751455152e-05 -0.14853821728965336 0.18134535866306037 -0.02250078082661811 0.2354910321902509 2.6147366629295536
26.917999999982616 4.324929512456354 -1.8280341901055743 5.612193601189191e-05 -0.14845160035690202 0.18145771844287156 -0.022437277150824317 0.23551690520419274 2.61631913290632
26.918499999982615 4.326516479309641 -1.8252312778761823 5.614528571798845e-05 -0.14836076499929277 0.18156939911037523 -0.02237123036690817 0.23553945578736354 2.6178640591435816
26.918999999982614 4.328066173129725 -1.8223355048475407 5.616963879138114e-05 -0.1482657224168411 0.18168038888924679 -0.02230264578746567 0.2355586894170047 2.619371390778978
26.919499999982612 4.329578318998255 -1.8193472084156626 5.619500525078586e-05 -0.1481664790369244 0.1817906711743901 -0.022231534158511614 0.23557460548046272 2.620840992240632
26.91999999998261 4.331052645479659 -1.8162666868924822 5.622138958674295e-05 -0.14806304267070436 0.18190022907480533 -0.02215790267795926 0.2355872037982101 2.6222727648293835
26.92049999998261 4.332488996922306 -1.81309425935132 5.624878461271914e-05 -0.1479554250676446 0.18200905061607045 -0.022081757882176534 0.23559649051774467 2.623666691287607
26.92099999998261 4.333887617528862 -1.8098304324215289 5.6277193564265666e-05 -0.14784364831856128 0.1821171416081115 -0.02200311437601272 0.2356024928940593 2.625022967557157
26.921499999982608 4.335247649246653 -1.8064752645841688 5.6306623820344704e-05 -0.14772770157764678 0.1822244601495906 -0.021921972977825332 0.23560517946230405 2.6263411497758606
26.921999999982607 4.336569137764817 -1.8030291544055153 5.63370671494306e-05 -0.14760760288465855 0.18233100291204182 -0.02183834241528637 0.23560456755273942 2.6276213401401445
26.922499999982605 4.337851928518939 -1.7994924384666053 5.636852866699923e-05 -0.14748336201987233 0.18243675857760222 -0.02175223215578362 0.23560066331983479 2.6288634952447567
26.922999999982604 4.339095453769069 -1.7958655402469337 5.640101955282441e-05 -0.1473549846319238 0.1825416953789141 -0.021663654894896873 0.23559345489866215 2.6300674272376767
26.923499999982603 4.340299929490907 -1.7921487423189262 5.64345321375199e-05 -0.14722248689293999 0.18264581950637993 -0.02157261632098961 0.23558296586347585 2.631233300911194
26.923999999982602 4.341465315362835 -1.7883423631222863 5.646906195997044e-05 -0.14708588180620735 0.182749124712767 -0.021479123529802538 0.23556920842419235 2.632361122387711
26.9244999999826 4.3425912845070425 -1.784446828284827 5.650462139791101e-05 -0.14694517832560286 0.18285159089141279 -0.021383189822634284 0.23555218218402188 2.6334508045346787
26.9249999999826 4.343677706277526 -1.7804624411853776 5.654122083723132e-05 -0.14680038398482395 0.18295320866424875 -0.02128482507244514 0.23553189396979868 2.6345023453204215
26.9254999999826 4.344724387582697 -1.7763897195648128 5.657885456958288e-05 -0.14665151733140952 0.183053962058726 -0.02118404152495741 0.23550835266786893 2.635515739555678
26.925999999982597 4.345731186935822 -1.7722286498246422 5.66175382911394e-05 -0.14649857295072408 0.1831538451275734 -0.021080840952576774 0.2354815591864501 2.636490944768341
26.926499999982596 4.346697965155836 -1.7679799016418838 5.66572566313013e-05 -0.1463415778661734 0.1832528420953533 -0.020975238099142448 0.23545152826367788 2.6374280027689716
26.926999999982595 4.34762471046389 -1.7636437856952012 5.6698011654643564e-05 -0.146180543670866 0.18335094864068546 -0.020867241351732072 0.23541827345595048 2.638326987950016
26.927499999982594 4.348511230210965 -1.7592207158185365 5.6739827440379906e-05 -0.14601547782116409 0.1834481521400804 -0.020756866652567478 0.23538180006148607 2.6391879064614723
26.927999999982593 4.3493573268335215 -1.7547114119898746 5.678270234335539e-05 -0.1458464051442205 0.18354443449767832 -0.020644133218630754 0.23534212025243847 2.640010722727313
26.92849999998259 4.350162831237905 -1.7501159025768318 5.6826633661133094e-05 -0.14567332598862326 0.1836397865923023 -0.020529039607728852 0.23529923627472685 2.640795402253403
26.92899999998259 4.3509276029375545 -1.7454346004624592 5.687162235915163e-05 -0.14549625386085513 0.18373419676088912 -0.020411596936138515 0.23525315776072994 2.6415419174266743
26.92949999998259 4.351651566527698 -1.7406678979455763 5.6917669080846416e-05 -0.14531520295378178 0.1838276565587305 -0.020291815385074984 0.23520389728275196 2.6422503724424344
26.929999999982588 4.352334651111846 -1.7358161986881282 5.69647695166826e-05 -0.1451301889091273 0.18392015732829917 -0.02016970453298945 0.23515146817618085 2.6429208131392694
26.930499999982587 4.352976613380386 -1.730879973045827 5.70129433828678e-05 -0.1449412215395412 0.1840116831386371 -0.020045281057870692 0.23509587517771888 2.643553198344188
26.930999999982586 4.353577419740849 -1.7258596275370834 5.706219684798335e-05 -0.14474831470483962 0.184102227843352 -0.019918556906924935 0.23503713284507025 2.644147599548837
26.931499999982584 4.3541369665303336 -1.7207555431253834 5.711252698410919e-05 -0.14455148230373285 0.18419178161570973 -0.019789541351505704 0.23497525273500322 2.6447040501569594
26.931999999982583 4.354655154763617 -1.7155682186655934 5.716393929864535e-05 -0.14435074084073402 0.18428033408508482 -0.019658248810910172 0.2349102480908206 2.645222604262575
26.932499999982582 4.355132027441546 -1.710298281633483 5.721641854582763e-05 -0.144146118529756 0.18436787877226524 -0.019524692938193484 0.2348421423946518 2.645703390545429
26.93299999998258 4.355567251270016 -1.7049457906455827 5.727000392415715e-05 -0.1439376040243999 0.18445440149700557 -0.019388882818055588 0.23477092848314027 2.6461462944892684
26.93349999998258 4.355962181361244 -1.6995127505034644 5.73246694503488e-05 -0.14372529651674312 0.1845399427465876 -0.019250872752904068 0.23469671371684792 2.6465524352300935
26.93399999998258 4.356314878508744 -1.6939977131519064 5.7380441427519554e-05 -0.14350911034610467 0.18462442705805593 -0.01911062188881784 0.23461939324749612 2.6469205119559867
26.934499999982577 4.356625759923395 -1.6884014816788788 5.743730295875311e-05 -0.14328908601087859 0.18470786384254698 -0.018968149081469644 0.2345390112853013 2.6472509140019986
26.934999999982576 4.356894834925899 -1.6827245810121607 5.7495262270171324e-05 -0.1430652416483347 0.18479024791968215 -0.018823470487540045 0.2344555867009982 2.647543770140771
26.935499999982575 4.357122096152571 -1.6769675662823327 5.755431941901245e-05 -0.14283759825913175 0.18487157235913473 -0.01867660124143584 0.23436913870411247 2.6477991848846805
26.935999999982574 4.357307377645915 -1.671130735475241 5.7614475608827794e-05 -0.14260616474169824 0.18495182565747365 -0.018527549245666776 0.2342796749985357 2.648017153223532
26.936499999982573 4.357450861696001 -1.6652144527581685 5.767575249528824e-05 -0.14237095175676293 0.18503101387847137 -0.018376329985106535 0.23418721891841812 2.6481979025948847
26.93699999998257 4.35755330827482 -1.6592196218150232 5.7738108681877336e-05 -0.1421320151843475 0.18510915991539909 -0.018222959568759255 0.23409183471533776 2.6483419372156596
26.93749999998257 4.357613238273849 -1.6531462965487798 5.780157689748921e-05 -0.1418893283590411 0.18518619415156012 -0.01806744394211878 0.23399346259483558 2.6484485279177177
26.93799999998257 4.357631116871419 -1.646995044787435 5.786614654963266e-05 -0.14164292220597538 0.18526213149101362 -0.017909796925791244 0.23389214523272195 2.6485180486598177
26.938499999982568 4.357606970943453 -1.6407663440509337 5.7931822115878776e-05 -0.14139281419209604 0.18533696791204263 -0.017750032522066497 0.23378790224159274 2.648550613050377
26.938999999982567 4.357540752748402 -1.6344606824420216 5.799860502739572e-05 -0.1411390221506927 0.18541069538648638 -0.017588164045406574 0.23368075028089563 2.648546326537052
26.939499999982566 4.357432517969705 -1.6280785087866034 5.8066494855834806e-05 -0.14088156371346913 0.18548331139226998 -0.017424203997883702 0.23357071024500037 2.648505279590997
26.939999999982565 4.357282234027522 -1.6216203176012822 5.813548836546834e-05 -0.14062045847509544 0.1855548081712019 -0.01725816467750127 0.23345780009507783 2.6484275976440133
26.940499999982563 4.357089392928861 -1.6150859994629703 5.8205565727216486e-05 -0.14035570075463966 0.18562516081772668 -0.01709003663832427 0.2333420073952226 2.6483130175031677
26.940999999982562 4.356854844766536 -1.6084768264782605 5.8276752123572654e-05 -0.14008734368147388 0.18569439754262093 -0.01691986320037644 0.23322340128976718 2.64816222308123
26.94149999998256 4.356578507760998 -1.6017930358407104 5.834903068175093e-05 -0.13981539941876395 0.185762510301323 -0.016747646637065926 0.23310199444869117 2.647975253222911
26.94199999998256 4.356260114240412 -1.5950351778584562 5.84224074884048e-05 -0.13953988348809482 0.1858294803010038 -0.01657340314534377 0.23297779405906976 2.647752033486448
26.94249999998256 4.355900217486782 -1.588203577818208 5.849688781301073e-05 -0.13926081678649896 0.18589533031328967 -0.0163971409739001 0.23285084315167912 2.647492856903367
26.942999999982558 4.355498327895862 -1.5812989132528323 5.857246830874845e-05 -0.1389782165015012 0.18596002907694528 -0.016218880429966137 0.23272114033460306 2.6471977341981052
26.943499999982556 4.355054720876574 -1.574321594656286 5.8649137198457456e-05 -0.13869210600023882 0.18602358400888688 -0.016038629226796414 0.23258871791591165 2.6468668471983987
26.943999999982555 4.35456946921285 -1.5672722221989641 5.872689070971575e-05 -0.13840250938882281 0.1860859914946863 -0.015856403853895727 0.23245360048590663 2.6465003608889903
26.944499999982554 4.35404262848785 -1.560151165203347 5.880572741716299e-05 -0.13810944226123537 0.1861472497137335 -0.01567221371893096 0.23231580854635875 2.646098383100997
26.944999999982553 4.353474305562796 -1.552958995867659 5.888565783655676e-05 -0.13781292524110286 0.18620735789791484 -0.015486076986777233 0.23217536708116204 2.645661082675666
26.94549999998255 4.352864617941829 -1.5456961399097422 5.896665830021137e-05 -0.13751298193670122 0.18626631506572305 -0.015298000291274875 0.23203230193703328 2.6451886141291965
26.94599999998255 4.352213625102258 -1.5383631425059217 5.904873240646339e-05 -0.13720963292909966 0.18632411801790852 -0.015107999568110717 0.23188663604149293 2.644681114589938
26.94649999998255 4.35152150170892 -1.5309604693088676 5.913186762649921e-05 -0.1369029010610275 0.18638076892535077 -0.014916085371392638 0.23173839765333917 2.6441387605258324
26.94699999998255 4.350788325606423 -1.5234886732366693 5.921608185838828e-05 -0.13659280426207118 0.18643626636187977 -0.01472227681048951 0.23158760982750987 2.643561698137159
26.947499999982547 4.350014241045429 -1.5159482039908243 5.930135496201316e-05 -0.1362793665053894 0.18649061061611408 -0.014526582002443614 0.23143429989471104 2.642950098867771
26.947999999982546 4.349199286966975 -1.508339593666275 5.938768648725276e-05 -0.1359626082801278 0.18654379746260696 -0.014329015925782023 0.23127848996287334 2.6423040737095618
26.948499999982545 4.348343738948937 -1.500663324896987 5.9475072263404674e-05 -0.13564255306730713 0.18659583421517456 -0.014129590995873286 0.2311202130727315 2.6416238591583423
26.948999999982544 4.347447713689005 -1.4929198822108827 5.956349727308645e-05 -0.13531922433828938 0.1866467198824887 -0.0139283176068267 0.2309594954743475 2.6409096017243376
26.949499999982542 4.346511385018962 -1.4851096918271844 5.965294831521581e-05 -0.13499264389227475 0.1866964569423541 -0.013725204808206824 0.2307963651942595 2.640161483064368
26.94999999998254 4.345535018816572 -1.4772328495425397 5.9743358826722296e-05 -0.13466283563928555 0.18674505218837825 -0.013520240365246282 0.23063085378757847 2.6393797035538302
26.95049999998254 4.344519955178231 -1.4692902566784305 5.983478821659108e-05 -0.13432983787609873 0.1867925641917442 -0.013313464632012934 0.23046304632555237 2.638565034245028
26.95099999998254 4.34346437695524 -1.4612826827461525 5.992727029646736e-05 -0.13399364535489044 0.1868388991512037 -0.013104904432023414 0.23029287820446875 2.6377166576050235
26.951499999982538 4.34236913941438 -1.4532104172635334 6.0020761686662105e-05 -0.13365429178989535 0.18688409179850948 -0.012894559195662734 0.23012041008581283 2.636835093829668
26.951999999982537 4.341234476970394 -1.445073960482965 6.011525841540498e-05 -0.13331180036770232 0.18692814734636395 -0.012682442195308858 0.22994567342670186 2.6359205632168665
26.952499999982535 4.340060539862092 -1.4368738189340255 6.0210758140599536e-05 -0.13296619308000543 0.1869710670337079 -0.01246856690674233 0.229768695802149 2.634973207959782
26.952999999982534 4.338847591676359 -1.4286104823916934 6.030725771402492e-05 -0.1326174925656355 0.1870128578169433 -0.012252947076451831 0.229589509854686 2.633993247505491
26.953499999982533 4.337595794002464 -1.4202844496138924 6.0404745701395225e-05 -0.13226572280782206 0.18705352092443828 -0.012035594061750766 0.22940814424192557 2.632980841070654
26.953999999982532 4.336305383951548 -1.4118962088489875 6.050321756635228e-05 -0.13191090664128852 0.18709306189127847 -0.01181652083890981 0.22922463057777384 2.631936191442648
26.95449999998253 4.334976574522079 -1.4034462879977978 6.06026681520623e-05 -0.13155306816761161 0.18713148460357992 -0.011595741281697852 0.22903899993259708 2.6308594744825085
26.95499999998253 4.333609541885761 -1.3949350754757706 6.07030907104048e-05 -0.1311922259916312 0.1871687928057845 -0.011373265257622715 0.2288512799257067 2.6297508946872736
26.95549999998253 4.332204552712835 -1.3863632436201967 6.080447643383261e-05 -0.13082841291305022 0.1872049904175916 -0.0111491081166992 0.2286615067614048 2.6286105745725283
26.955999999982527 4.330762023676505 -1.3777305115165088 6.090670902551978e-05 -0.13046165049705896 0.18724009306479825 -0.010923238867193269 0.22846971757473863 2.6274388761065754
26.956499999982526 4.32928205831757 -1.3690380160912266 6.1009899423947604e-05 -0.13009195674910942 0.1872741004934643 -0.010695713292316908 0.2282759387436174 2.626235871929321
26.956999999982525 4.327764888114379 -1.36028639147165 6.111406754872098e-05 -0.12971935370679338 0.18730701822230048 -0.0104665542276585 0.22808020203173685 2.625001758166036
26.957499999982524 4.3262108051615575 -1.3514759487351973 6.121918639565806e-05 -0.12934386405120005 0.18733885475570367 -0.01023576439478994 0.22788254110751793 2.623736749167353
26.957999999982523 4.324620348644618 -1.34260687697394 6.132520228879009e-05 -0.12896551551259483 0.18736963011942276 -0.010003337851557341 0.2276830016727007 2.6224411362777404
26.95849999998252 4.322993294388489 -1.333680095393499 6.143216038438266e-05 -0.12858432836983147 0.18739932637973913 -0.009769310378549783 0.22748159586035324 2.6211149149359922
26.95899999998252 4.321330069225172 -1.324695941334134 6.15400394460624e-05 -0.12820032646190657 0.18742795878595456 -0.009533687293087359 0.2272783637590945 2.6197583494203527
26.95949999998252 4.319630996364548 -1.31565487847159 6.164883366106412e-05 -0.1278135332644964 0.18745553722878758 -0.009296480633767878 0.2270733411817907 2.6183716535808106
26.959999999982518 4.317896308212589 -1.30655738297171 6.175853477221021e-05 -0.12742397193760974 0.18748206697298142 -0.009057702314306207 0.2268665599687024 2.61695499651559
26.960499999982517 4.3161263271396235 -1.2974039489089306 6.186913876323704e-05 -0.12703166654091563 0.1875075576938691 -0.008817365748725067 0.2266580561886756 2.6155085956721003
26.960999999982516 4.314322258239712 -1.2881948505873249 6.198059207087366e-05 -0.12663665747822497 0.1875320604398392 -0.008575468251668541 0.2264479087247311 2.6140331196134037
26.961499999982514 4.312482945784682 -1.2789308206415364 6.209296433013616e-05 -0.126238939000934 0.18755551642670673 -0.0083320444659947 0.22623608117882857 2.612528011564594
26.961999999982513 4.310609231180586 -1.2696121957636142 6.220621472202184e-05 -0.1258385455754751 0.18757795942592087 -0.008087095834466915 0.22602263500361902 2.610993750989687
26.962499999982512 4.308701392171176 -1.2602394776828314 6.232036433807066e-05 -0.12543549471872342 0.18759939876458004 -0.007840641721192218 0.22580760265049293 2.609430515300464
26.96299999998251 4.3067597474359784 -1.2508131218844385 6.243538038663633e-05 -0.12502981620341297 0.1876198422726509 -0.007592687865739172 0.22559102168149373 2.607838515170876
26.96349999998251 4.304785067500768 -1.241333920852959 6.25512331637766e-05 -0.12462155778653299 0.18763931594532032 -0.007343250934732066 0.22537295509412916 2.6062182136343894
26.96399999998251 4.302778017288277 -1.2318009935823397 6.26678841182594e-05 -0.1242107059383354 0.18765785906837054 -0.007092297594865056 0.2251534415126675 2.6045698363526473
26.964499999982507 4.300737580045918 -1.222216245868198 6.278545330669385e-05 -0.12379728759701968 0.18767540999558427 -0.00683990833358351 0.2249324615954791 2.602893049463366
26.964999999982506 4.2986646289375505 -1.2125796764238852 6.290386809285955e-05 -0.12338133307538376 0.1876920055431998 -0.006586067573353163 0.22471007672636337 2.601188288401617
26.965499999982505 4.296559479214831 -1.2028917930106955 6.302314942955407e-05 -0.1229628607922138 0.1877076567584796 -0.006330794800777213 0.22448632141574706 2.59945574741684
26.965999999982504 4.294422822231889 -1.1931518211715284 6.314303817967297e-05 -0.12254191445168643 0.18772238706364366 -0.006074011422802218 0.22426125170684574 2.5976957749511245
26.966499999982503 4.292254485803886 -1.1833620415607886 6.326389490678562e-05 -0.12211848956988003 0.18773618851446144 -0.005815861789444383 0.22403487724262985 2.5959083488946035
26.9669999999825 4.290055197146051 -1.1735221881989943 6.338556906603181e-05 -0.12169262312958147 0.1877490883215528 -0.005556305737902327 0.22380725462590714 2.594093845373325
26.9674999999825 4.287824958123024 -1.1636327064011591 6.350808122012001e-05 -0.12126432680279299 0.18776108317282936 -0.005295360599870928 0.2235784026981394 2.5922522797410825
26.9679999999825 4.285564157510722 -1.153693958363518 6.363143182621606e-05 -0.12083361970867984 0.18777218778997393 -0.005033037009203955 0.22334835934224168 2.5903838528534453
26.968499999982498 4.283273151922206 -1.143706592594114 6.375560495657103e-05 -0.12040053479086825 0.18778241105343338 -0.004769350741849277 0.22311716515200367 2.5884888039084615
26.968999999982497 4.280952577885234 -1.133671021389178 6.388058104742336e-05 -0.11996510137478572 0.18779177758090523 -0.004504309704460744 0.22288487180778443 2.5865674670646106
26.969499999982496 4.278602690722507 -1.1235876699303935 6.400637293141223e-05 -0.1195273360547937 0.18780029589975675 -0.004237929028134175 0.2226515107670264 2.584619980961673
26.969999999982495 4.276223859106664 -1.1134569768169258 6.41329691933212e-05 -0.11908726312443113 0.18780797813053887 -0.003970219257557574 0.22241712058405383 2.582646544698936
26.970499999982493 4.273816499226381 -1.103279352181417 6.426035552640756e-05 -0.11864490727249885 0.18781483878861166 -0.003701189517379849 0.2221817420373141 2.580647387618516
26.970999999982492 4.271380940517578 -1.0930552489061383 6.438854632698365e-05 -0.1182002868363074 0.1878208897451391 -0.0034308560466523867 0.22194541041898996 2.5786226708597404
26.97149999998249 4.2689176058140905 -1.082785138404438 6.451753000561506e-05 -0.11775342805755229 0.1878261453787986 -0.0031592304917109413 0.22170816729309384 2.576572622677342
26.97199999998249 4.266426883369528 -1.0724694252102027 6.464730220350019e-05 -0.11730435283085612 0.1878306196065599 -0.0028863237456175873 0.22147005151851729 2.574497456128374
26.97249999998249 4.26390924023028 -1.0621085793202834 6.477785421671202e-05 -0.11685308738562077 0.18783432912779635 -0.0026121479476922714 0.22123110664493248 2.5723974087693353
26.972999999982488 4.2613649557619535 -1.051702912098738 6.490918986816996e-05 -0.11639964657951225 0.18783728428824267 -0.0023367130792711494 0.2209913648101036 2.570272611472432
26.973499999982486 4.25879573190091 -1.041252057745192 6.504119834146982e-05 -0.11594406830873562 0.1878395631792908 -0.0020599855310895216 0.22075092754449713 2.5681238706600684
26.973999999982485 4.256200067567517 -1.0307578822654788 6.517403230247588e-05 -0.11548636304365947 0.1878410838749263 -0.0017820517657708525 0.2205097470608837 2.5659505152870974
26.974499999982484 4.253579030830289 -1.020220324002227 6.530762887207997e-05 -0.11502655928662639 0.18784189400496787 -0.0015028970394552496 0.22026789412940906 2.563753069665423
26.974999999982483 4.25093305925428 -1.009639846264008 6.544200721480898e-05 -0.1145646759940185 0.18784201092502856 -0.0012225392711499722 0.220025409115044 2.5615317407896887
26.975499999982482 4.248262574002974 -0.9990168780404587 6.557714573026729e-05 -0.1141007403322939 0.18784144872115202 -0.0009409866481238066 0.2197823338166894 2.559286738417178
26.97599999998248 4.245568155733937 -0.9883513447815679 6.571292615722181e-05 -0.11363478643506437 0.1878402278293293 -0.0006582117553128595 0.21953871895825544 2.557018351841207
26.97649999998248 4.242850127357436 -0.9776440418249226 6.584942265312832e-05 -0.11316683069791783 0.1878383603181745 -0.0003742540428363602 0.21929459921147199 2.5547267401041136
26.97699999998248 4.24010891035143 -0.9668957139322378 6.5986690027202e-05 -0.11269689368402538 0.18783586217945336 -8.9147384738746e-05 0.2190500146404545 2.5524121026752575
26.977499999982477 4.237344949547581 -0.9561066083124014 6.612469009619317e-05 -0.11222500009115913 0.18783274952208476 0.00019710869852371433 0.2188050074617259 2.5500746714497735
26.977999999982476 4.234558700268956 -0.9452771765167589 6.62634150967792e-05 -0.11175117527931677 0.1878290387585598 0.00048450255656205983 0.21855962051577701 2.547714652107978
26.978499999982475 4.231750639017914 -0.9344078151520332 6.640284594912694e-05 -0.11127544531279344 0.18782474718749448 0.0007730262440880696 0.21831389776003896 2.5453322788556134
26.978999999982474 4.228921227454551 -0.9234990000651834 6.654299380105779e-05 -0.11079783198968338 0.18781989261045462 0.0010626631924842372 0.2180678813738453 2.5429277767610765
26.979499999982473 4.226070969401715 -0.912551243956901 6.668383793903718e-05 -0.11031836656961526 0.1878144922309163 0.0013534025195331306 0.21782161782735157 2.5405013857355105
26.97999999998247 4.223200291871403 -0.9015648665695006 6.682538799529766e-05 -0.10983706469027257 0.1878085638919258 0.0016452322278589517 0.21757514619093396 2.538053299438529
26.98049999998247 4.220309694337056 -0.890540315107462 6.696762071933545e-05 -0.10935395561030631 0.18780212515907097 0.0019381436762967834 0.21732851221778096 2.5355837638689676
26.98099999998247 4.217399663937963 -0.8794780447826366 6.711053636888167e-05 -0.10886906343522558 0.18779519450613752 0.0022321233839425253 0.21708175977650065 2.533093008951653
26.981499999982468 4.214470689774304 -0.8683784729830022 6.725412287072816e-05 -0.1083824134366104 0.18778779015327582 0.002527161079254716 0.21683493310837992 2.5305812552135
26.981999999982467 4.211523360854669 -0.857242033282426 6.73983673432859e-05 -0.10789403318816952 0.18777993483742667 0.0028232462023718573 0.21658808149175068 2.52804880825856
26.982499999982466 4.208558026788156 -0.8460691759151759 6.75432679633111e-05 -0.10740394515008833 0.18777164036973223 0.0031203659640919937 0.21634124212616768 2.5254957952917154
26.982999999982464 4.205575264937031 -0.8348603503299521 6.768881745694838e-05 -0.10691217583355318 0.1877629292066713 0.0034185079893252006 0.21609446342423289 2.5229224903897407
26.983499999982463 4.20257557222706 -0.8236159642164873 6.783501728377859e-05 -0.10641874723717483 0.18775382096521484 0.0037176594956115153 0.21584778906139615 2.5203291342179766
26.983999999982462 4.199559455917198 -0.8123364098732665 6.79818287282274e-05 -0.10592369046146972 0.18774433311655256 0.004017816854662402 0.21560126546621639 2.5177159562471516
26.98449999998246 4.196527603690888 -0.8010221765318205 6.812926690975853e-05 -0.10542702971409224 0.18773449451830063 0.004318961533490477 0.21535494527664253 2.515083305409967
26.98499999998246 4.193481091635032 -0.7896726948884569 6.827713932357005e-05 -0.10492880594004861 0.1877243497548201 0.0046211510813851595 0.21510890461389875 2.512431637044046
26.98549999998246 4.190419319051015 -0.7782898956797878 6.842569622482605e-05 -0.1044290217731946 0.187713866442985 0.00492427515512934 0.21486313022313666 2.509760682954874
26.985999999982457 4.187343209805432 -0.766873706028294 6.857484671970944e-05 -0.10392770970202171 0.18770308351379694 0.005228354681234769 0.21461768822063088 2.5070708666989234
26.986499999982456 4.184253328516618 -0.7554245571017768 6.872457020826674e-05 -0.10342489840875446 0.18769202216557615 0.005533380320502915 0.2143726267349347 2.504362453332094
26.986999999982455 4.181150198826099 -0.743942916677752 6.887487985672908e-05 -0.1029206100810664 0.18768070334118328 0.0058393355527516415 0.21412799029038165 2.501635678094631
26.987499999982454 4.178034414686078 -0.7324291332879674 6.902573779083129e-05 -0.10241487498505411 0.18766914931944362 0.006146217274499909 0.21388382877457857 2.498890820101671
26.987999999982453 4.174906478037191 -0.7208836761872838 6.917714361490616e-05 -0.1019077176706254 0.1876573792147152 0.006454011029924806 0.21364018618449507 2.496128096057283
26.98849999998245 4.171766955289734 -0.7093069560050415 6.932908203076861e-05 -0.10139916535596687 0.18764541474670202 0.006762707642754533 0.21339711016086862 2.4933477764525263
26.98899999998245 4.168616348984075 -0.6976994222727948 6.948155147948318e-05 -0.10088924211114506 0.1876332752253054 0.007072293398620943 0.21315464451766616 2.4905500814431023
26.98949999998245 4.165455262126093 -0.6860614959813126 6.963454472918807e-05 -0.10037797407679462 0.1876209846030765 0.007382756918399072 0.21291283813548137 2.4877352947507014
26.989999999982448 4.162284308474705 -0.6743936235304939 6.978805973499774e-05 -0.09986538674481583 0.18760856757487493 0.00769408437223593 0.21267174008672413 2.4849036797725867
26.990499999982447 4.159104054596636 -0.6626959917571352 6.994201869393205e-05 -0.09935151411859588 0.18759604390692222 0.008006286667575064 0.2124313999233372 2.4820555070592953
26.990999999982446 4.1559150192129835 -0.6509693081249268 7.009647783210052e-05 -0.09883637608628826 0.18758343493608243 0.008319329900341343 0.21219186023568481 2.4791910218167676
26.991499999982445 4.15271783047719 -0.6392138132629424 7.025141508246344e-05 -0.09831999595203304 0.187570766833172 0.008633210974044974 0.21195317054980412 2.476310485492457
26.991999999982443 4.149513010255747 -0.6274300990891634 7.040681848985235e-05 -0.09780240591041875 0.18755805745090562 0.008947914351144962 0.21171537659758904 2.473414154745316
26.992499999982442 4.146301192741174 -0.6156185394877158 7.056268307600053e-05 -0.09728362984926045 0.1875453330512127 0.00926342890398267 0.21147852775399528 2.4705023039039347
26.99299999998244 4.143082938548527 -0.6037795420873308 7.071899174073973e-05 -0.09676369492996649 0.18753261508053162 0.009579745556900575 0.21124267064297736 2.467575205748033
26.99349999998244 4.1398588025361285 -0.5919135090682266 7.087573271162015e-05 -0.0962426270068578 0.18751992507048673 0.009896854370261658 0.21100785122371227 2.4646331085674036
26.99399999998244 4.136629399709405 -0.5800209001127457 7.103290442009678e-05 -0.09572045218405727 0.18750728763140107 0.010214741164241927 0.21077411799900342 2.461676297771793
26.994499999982438 4.1333953084116235 -0.5681021000957107 7.119049299383758e-05 -0.09519719636258282 0.18749472549032092 0.01053339682379565 0.21054151783112637 2.4587050425286106
26.994999999982436 4.130157134480343 -0.5561575697178855 7.134850206148749e-05 -0.09467288403069218 0.1874822632139578 0.010852805643307603 0.21031009814283302 2.455719599858958
26.995499999982435 4.126915571122253 -0.5441876228263797 7.150690046777383e-05 -0.09414754452222197 0.18746992857760808 0.01117296453394553 0.21007991193099365 2.4527203209986372
26.995999999982434 4.123670991786851 -0.5321928235595381 7.166570269044993e-05 -0.09362120036584094 0.18745773458082363 0.011493852766569201 0.20985099490718415 2.4497073622069845
26.996499999982433 4.120424057460284 -0.5201735415527216 7.182488451563383e-05 -0.09309388034470598 0.1874457074124171 0.01181546355757361 0.20962339794034504 2.4466810207904963
26.99699999998243 4.117175392152805 -0.5081301866801328 7.198444041080585e-05 -0.09256560994768308 0.18743387234303713 0.012137785104499513 0.20939716921137103 2.4436416052374224
26.99749999998243 4.113925800340047 -0.49606318434672336 7.214438384754889e-05 -0.09203641122547083 0.1874222651511051 0.012460798875191456 0.20917236426986022 2.4405894007439786
26.99799999998243 4.110675727619667 -0.48397310924048875 7.230468411375294e-05 -0.0915063211947516 0.18741089812225045 0.01278449549178527 0.20894902459347606 2.4375248000414826
26.998499999982428 4.107425662834997 -0.47186009097188975 7.246534117178843e-05 -0.09097535040810635 0.1873997941423565 0.013108869378496186 0.2087271896108837 2.4344478644684204
26.998999999982427 4.104176197738578 -0.45972473707056494 7.262636467372872e-05 -0.09044352864119094 0.18738897532856505 0.013433900585814732 0.2085069054796724 2.431358957511085
26.999499999982426 4.100927996097503 -0.44756738742637275 7.278772775731507e-05 -0.08991088385858732 0.18737846829976745 0.013759583223038538 0.20828822230042449 2.428258383612786
26.999999999982425 4.097681611576282 -0.43538851065949813 7.294943450800566e-05 -0.08937744041228302 0.18736829495222035 0.0140859016727822 0.20807118357400847 2.4251464221850676
27.000499999982424 4.09443766112732 -0.42318851259419776 7.311147659279802e-05 -0.08884322390453138 0.18735848011714268 0.014412844473550377 0.2078558360772562 2.4220233605212558
27.000999999982422 4.0911966558123956 -0.410967863175812 7.327387870791462e-05 -0.08830825352270268 0.187349045099043 0.014740391770548459 0.2076422199103603 2.4188894765430087
27.00149999998242 4.0879594997223805 -0.39872685932082713 7.34365718585244e-05 -0.08777256833345636 0.18734002549634876 0.015068547070433577 0.20743039800289095 2.4157452203643692
27.00199999998242 4.084726547532024 -0.3864661091752764 7.35996159106546e-05 -0.08723618240382167 0.1873314360410311 0.01539727952539698 0.20722040118282511 2.412590730430649
27.00249999998242 4.081498298133378 -0.37418603480127144 7.376298055446873e-05 -0.0866991254909202 0.18732329409547085 0.015726581990547685 0.20701227077826573 2.409426287907076
27.002999999982418 4.078275493784368 -0.36188706256391323 7.392666760176654e-05 -0.08616142323300728 0.18731563104110413 0.016056439915527982 0.20680605829768484 2.4062522421634496
27.003499999982417 4.075058681838237 -0.3495695750524674 7.409066676639456e-05 -0.08562309997389476 0.18730846843331603 0.016386843050377537 0.20660180594837943 2.4030688855801428
27.003999999982415 4.071848485663448 -0.33723405661912925 7.425500024166988e-05 -0.08508417714544075 0.18730183266840608 0.016717771077891536 0.20639955811792118 2.399876543004638
27.004499999982414 4.068645501850403 -0.32488078722012725 7.441960935250367e-05 -0.08454468746941578 0.18729574542614633 0.01704922707103071 0.20619936124478314 2.3966755162375186
27.004999999982413 4.065450304821433 -0.31251042734957296 7.458453861146652e-05 -0.08400465280625993 0.1872902303457026 0.01738118073489864 0.20600125611215536 2.3934661278886376
27.005499999982412 4.0622634699241935 -0.30012329576916946 7.474976381194789e-05 -0.08346409878166663 0.18728531011721372 0.017713626529520587 0.20580528597673106 2.3902486462634336
27.00599999998241 4.059085378249535 -0.2877197260932187 7.491529670597471e-05 -0.08292304018810931 0.18728100043435064 0.018046550901322463 0.20561148245456543 2.387023319397449
27.00649999998241 4.055916962899984 -0.2753003528604072 7.508113566747466e-05 -0.08238151387614172 0.18727733924658876 0.018379933574286775 0.20541990551551234 2.3837906415574306
27.00699999998241 4.052758676819987 -0.26286556745518475 7.524727510393026e-05 -0.08183954190571602 0.18727434385643982 0.01871376296317081 0.20523059082514783 2.3805508695613113
27.007499999982407 4.049611065939461 -0.2504157464578025 7.541372631883895e-05 -0.08129714321960933 0.18727203735095124 0.01904802418175089 0.2050435775499304 2.3773043147918314
27.007999999982406 4.046474742909093 -0.23795142218439008 7.558046907456584e-05 -0.08075435065717183 0.18727044214609495 0.01938270433445038 0.2048589096890152 2.374051316580561
27.008499999982405 4.043350347778116 -0.22547301566581796 7.574750231503224e-05 -0.08021118892071101 0.18726958450940123 0.01971778957761755 0.2046766311434331 2.3707922506492074
27.008999999982404 4.040238404236848 -0.212980998270256 7.591484009563235e-05 -0.07966767943379723 0.18726948558625697 0.02005326173454272 0.20449677915385772 2.3675274354091487
27.009499999982403 4.03713948629856 -0.20047585423421746 7.608247430272183e-05 -0.07912384978200535 0.18727016733642327 0.02038910654725576 0.20431939419529577 2.3642572048070036
27.0099999999824 4.034054233992957 -0.1879578919449644 7.6250372160419e-05 -0.07857972814831571 0.1872716550094297 0.020725320449597736 0.2041445207532462 2.3609819471207496
27.0104999999824 4.03098312847609 -0.1754277851575588 7.641858192902043e-05 -0.07803533436946772 0.1872739679404233 0.021061871673375573 0.20397219152789203 2.3577019766028022
27.0109999999824 4.027926800389029 -0.1628859307070587 7.658708200449212e-05 -0.07749069701900214 0.18727713077080865 0.02139875149219307 0.2038024494447061 2.3544176688206937
27.011499999982398 4.02488579878249 -0.15033281086674286 7.675587944891925e-05 -0.07694583947768775 0.18728116536928605 0.021735942279175878 0.2036353316636571 2.351129377221511
27.011999999982397 4.0218606548534535 -0.13776889085150312 7.692496012356472e-05 -0.07640078989487577 0.18728609125525472 0.022073432250610894 0.2034708752759344 2.347837467459815
27.012499999982396 4.018851986570356 -0.12519467687204294 7.709434214149834e-05 -0.07585557088604908 0.18729193412461864 0.02241120051324437 0.20330911964551357 2.344542334027592
27.012999999982394 4.015860352183817 -0.11261058982723741 7.726399528704784e-05 -0.075310212704916 0.18729871429409117 0.022749239383110055 0.2031501031414686 2.3412443678428083
27.013499999982393 4.012886275708741 -0.10001717196559362 7.743393361556676e-05 -0.07476473922397932 0.18730645217093672 0.023087528338109505 0.20299386005703732 2.337943907937295
27.013999999982392 4.009930184782463 -0.08741492219469463 7.760416926362067e-05 -0.07421917205330404 0.1873151637032336 0.023426048756922394 0.20284041957610138 2.334641295594672
27.01449999998239 4.006992868147235 -0.07480438354114143 7.777469627835118e-05 -0.07367354284481788 0.18732488082334608 0.023764783341216695 0.20268982909372388 2.331337040902461
27.01499999998239 4.0040742645939185 -0.06218545729368991 7.794547381133728e-05 -0.07312785698995736 0.18733559905810093 0.024103743289064672 0.20254209582935181 2.328031145077082
27.01549999998239 4.001175635492803 -0.049559398304193515 7.811652878246216e-05 -0.07258217113472325 0.1873473673411143 0.024442882407171074 0.2023972878193961 2.3247245112503148
27.015999999982387 3.9982972982243066 -0.036926475373657695 7.828785047438476e-05 -0.0720365019275175 0.18736019748198357 0.024782193615852557 0.2022554284335892 2.3214173815274926
27.016499999982386 3.9954397984341434 -0.024287190181842885 7.845943466307328e-05 -0.07149087625553957 0.18737411008365223 0.025121661328386634 0.20211655148780777 2.3181101791764913
27.016999999982385 3.9926036545934203 -0.011642051860283189 7.86312673462951e-05 -0.07094532292804949 0.18738912372562458 0.02546127148113078 0.2019806893776197 2.3148033262283114
27.017499999982384 3.989789432326549 0.0010084271471423188 7.880336177746893e-05 -0.07039986501908353 0.18740526121766696 0.02580100385176787 0.20184787520934203 2.3114972701935317
27.017999999982383 3.986997596822573 0.013663722462980811 7.897570200548695e-05 -0.06985453191496738 0.1874225381656269 0.02614084491687345 0.20171813804036834 2.3081923761007053
27.01849999998238 3.984228630757904 0.02632326782863797 7.914829376692674e-05 -0.06930934916004952 0.18744097225953787 0.02648077454471156 0.20159150622751532 2.3048890989456465
27.01899999998238 3.9814831012800083 0.03898653456996536 7.932113371874878e-05 -0.06876434447537348 0.1874605849617693 0.02682077573041973 0.20146801233972111 2.3015878760766326
27.01949999998238 3.978761494981113 0.05165300817380941 7.949421339826132e-05 -0.06821954507380948 0.18748139364551303 0.027160833106261866 0.20134768473555276 2.298289154366699
27.019999999982378 3.976064302502836 0.06432215013191067 7.966752626483475e-05 -0.06767497819722028 0.18750341589706013 0.027500929740006053 0.2012305513176985 2.2949933645824014
27.020499999982377 3.973392060334835 0.07699344362333721 7.984106037376194e-05 -0.06713067256647455 0.1875266712370206 0.027841050632051802 0.2011166420880214 2.291701016341184
27.020999999982376 3.9707453028686297 0.08966616228701824 8.001480990413857e-05 -0.06658666368112098 0.1875511770154257 0.02818117425292968 0.20100598588680946 2.2884125438117078
27.021499999982375 3.9681242346568095 0.10233960969361396 8.018880978457797e-05 -0.0660429707273759 0.18757693821373886 0.028521270253754352 0.20089859280001324 2.2851283291359827
27.021999999982373 3.965529143973487 0.11501382987691905 8.036301123604977e-05 -0.06549960714993479 0.18760396605859309 0.028861348487297583 0.20079448213089615 2.281848663066441
27.022499999982372 3.9629610711379866 0.12768784305311237 8.053742475258268e-05 -0.06495662031703438 0.1876323007174737 0.02920137497238469 0.2006937046741169 2.2785743694611478
27.02299999998237 3.960420306116632 0.14036120417466175 8.071203467546645e-05 -0.0644140334018273 0.18766195049410783 0.029541337593797325 0.2005962761099403 2.2753058247115336
27.02349999998237 3.9579072976603853 0.1530333739868894 8.088681599234894e-05 -0.06387187776791346 0.18769292951290809 0.029881223721060637 0.20050221966303725 2.272043503488223
27.02399999998237 3.955422486261631 0.16570372449955556 8.106178984701207e-05 -0.063330176573097 0.1877252538515719 0.03022100774330405 0.20041155532413193 2.268787908561156
27.024499999982368 3.952966330566041 0.1783717224146594 8.123692465224421e-05 -0.06278896249234099 0.18775893778153568 0.030560678399245794 0.20032430604381815 2.2655395008516823
27.024999999982366 3.9505392945577404 0.19103679913437527 8.141221811923837e-05 -0.06224826252220945 0.18779399745269004 0.030900216993931872 0.20024049309909056 2.26229881327864
27.025499999982365 3.948141805154503 0.2036983073598311 8.158768904918113e-05 -0.0617081008869809 0.1878304479705157 0.031239597828918518 0.2001601343234836 2.259066326079375
27.025999999982364 3.9457744999104682 0.2163557541742348 8.176326744967011e-05 -0.0611685198134964 0.18786830990911604 0.03157881823917432 0.2000832612830583 2.2558427174001707
27.026499999982363 3.9434374894739017 0.22900863042294345 8.193898037470862e-05 -0.060629532902803866 0.18790758523925186 0.03191785615877776 0.2000098757367528 2.252628232287635
27.026999999982362 3.9411312436081403 0.24165606679134377 8.211484729393654e-05 -0.060091172230961803 0.18794828867330438 0.03225667848850898 0.19993999475449103 2.249423479316058
27.02749999998236 3.938856215310696 0.25429764438062935 8.229081787770191e-05 -0.059553470379263465 0.18799043421113004 0.03259528103214223 0.19987363891886134 2.24622898315861
27.02799999998236 3.93661279375686 0.2669327782826334 8.246688712979776e-05 -0.059016454307111686 0.18803403408412858 0.03293364518155073 0.19981082262449876 2.2430452789334323
27.02849999998236 3.9344015948107507 0.2795611673491696 8.264302450680226e-05 -0.05848014524531076 0.18807911436981375 0.033271761747992006 0.19975157265929414 2.2398726870952
27.028999999982357 3.932222948534972 0.2921817993932 8.281924292321065e-05 -0.05794458510848918 0.1881256794473346 0.03360959922273116 0.19969589723083658 2.236712077873497
27.029499999982356 3.930077172402571 0.30479400140274604 8.299551869869435e-05 -0.057409807677469255 0.188173735773429 0.033947140800782837 0.19964380586695007 2.233563919067002
27.029999999982355 3.9279644313600097 0.3173974233497866 8.317185040472882e-05 -0.0568758266745874 0.18822328783754724 0.034284373508998274 0.19959530057393227 2.2304285948116505
27.030499999982354 3.925885182080015 0.329991299083087 8.334823780749851e-05 -0.05634267512175577 0.18827434955329186 0.03462127168993678 0.19955039512118053 2.2273067185389426
27.030999999982352 3.9238397134909517 0.3425749492823354 8.352468272226588e-05 -0.05581038080914797 0.18832692758762032 0.03495781302628172 0.19950909491107258 2.2241988258337084
27.03149999998235 3.921828422801293 0.3551478634492186 8.370114840627776e-05 -0.055278974329134554 0.18838103350192473 0.03529398649732448 0.19947141215975717 2.221105453759209
27.03199999998235 3.9198516190528836 0.3677093682496379 8.387763124222709e-05 -0.05474848386888548 0.1884366749350821 0.03562977007228671 0.19943735222353767 2.2180271380860375
27.03249999998235 3.917909675092442 0.380258840022775 8.405412395859924e-05 -0.05421893792866192 0.18849386276484345 0.03596514423194839 0.19940692347496008 2.2149644480586232
27.032999999982348 3.9160028643667495 0.39279564333673084 8.423061105126557e-05 -0.05369036557271704 0.1885526024753403 0.036300090623096075 0.19938012898681928 2.2119179243043474
27.033499999982347 3.914131494967123 0.4053191375652579 8.440708105936349e-05 -0.05316279571490545 0.1886129014074066 0.03663458993383592 0.19935697280297263 2.208888129128911
27.033999999982345 3.912295877416594 0.41782866938353147 8.458353427753832e-05 -0.05263625461177715 0.1886747678093196 0.0369686195959894 0.1993374579508063 2.2058756096954104
27.034499999982344 3.910496288944647 0.4303235025956036 8.47599787545603e-05 -0.052110769489416106 0.18873820791134696 0.037302153220998745 0.1993215845243278 2.2028809097221593
27.034999999982343 3.9087330175796566 0.4428032024120648 8.493634763063955e-05 -0.05158637451840424 0.18880322644037398 0.03763518947536549 0.19930935712378095 2.1999046087807526
27.035499999982342 3.9070063565517446 0.4552669845675727 8.511265809973018e-05 -0.051063096345347773 0.18886983059965476 0.03796769820760756 0.19930077477596647 2.196947246619447
27.03599999998234 3.9053165575208864 0.4677142211447438 8.528889596520733e-05 -0.050540962997163964 0.1889380250245082 0.038299660881419416 0.19929583604399292 2.194009403479474
27.03649999998234 3.903663876801429 0.4801442409915035 8.546505178401167e-05 -0.05002000292942483 0.1890078144372826 0.03863105663777574 0.19929453868174352 2.191091626280157
27.03699999998234 3.902048581668091 0.49255642644931014 8.564110376186464e-05 -0.049500245740281626 0.18907920381583637 0.03896186886466381 0.19929688123351583 2.1881944778558124
27.037499999982337 3.900470909532559 0.5049500411596076 8.581706506768011e-05 -0.04898171613049066 0.18915219800496239 0.039292069360674226 0.1993028580824683 2.185318508881074
27.037999999982336 3.8989305841575037 0.5173245227160927 8.599290368373333e-05 -0.0484644390494528 0.18922677491911621 0.03962164927527535 0.19931244138277202 2.182463950773936
27.038499999982335 3.897428601539527 0.5296791552297453 8.61686006043691e-05 -0.04794845336407377 0.1893029749568007 0.039950582936687816 0.1993256621323081 2.1796319549028667
27.038999999982334 3.895964937453806 0.5420132451240591 8.634414039013888e-05 -0.04743378645807954 0.18938078830969085 0.040278851234174524 0.1993425015778005 2.1768228660854723
27.039499999982333 3.8945397605185423 0.5543261065230756 8.651952094829027e-05 -0.0469204641819254 0.18946021590218476 0.04060643131213853 0.19936294949828873 2.1740372256468303
27.03999999998233 3.8931534535206422 0.5666173351785788 8.669471136568663e-05 -0.046408512046975464 0.18954127011434513 0.04093331480049268 0.19938700892367497 2.171275522924471
27.04049999998233 3.8918059997288488 0.5788864079917659 8.686973538706428e-05 -0.045897940745201926 0.1896239468420836 0.04125947763244339 0.19941466013089787 2.1685381802111294
27.04099999998233 3.890497592194851 0.5911320376974541 8.70445485298407e-05 -0.04538880938751067 0.18970823779589116 0.04158488922750472 0.19944588869490892 2.165826083405908
27.041499999982328 3.88922838501323 0.6033537699038359 8.72191484490384e-05 -0.044881134171341576 0.1897941460963486 0.04190953255196783 0.19948068331463206 2.1631396624846095
27.041999999982327 3.88799851513976 0.6155509343357422 8.739351698339062e-05 -0.04437494381833748 0.18988167015228827 0.04223338887975971 0.19951903025769752 2.160479460488726
27.042499999982326 3.886808192996738 0.6277228299088624 8.756764332075752e-05 -0.043870267009974234 0.18997081212104988 0.042556436356808953 0.19956091816998836 2.157846072486221
27.042999999982325 3.885657557873676 0.6398687311939205 8.774151847505473e-05 -0.043367131901254866 0.19006157065542018 0.04287865214757397 0.19960633151114912 2.1552400457288057
27.043499999982323 3.884546842939497 0.6519879429064347 8.79151226711621e-05 -0.042865569287540185 0.19015394848814623 0.04320001636616255 0.19965525930967656 2.1526619970944676
27.043999999982322 3.88347589883556 0.6640798593171231 8.808843601376208e-05 -0.04236560174732187 0.19024793082042796 0.04352051291976922 0.19970767245568413 2.150112319759586
27.04449999998232 3.882444521799808 0.6761428559914563 8.826154992151445e-05 -0.04186726147057705 0.19034349696206418 0.04384007118280659 0.1997635258502076 2.1475914330723493
27.04499999998232 3.881453379775297 0.6881776601793121 8.843429247809495e-05 -0.0413705695621795 0.19044067557729408 0.04415874544673226 0.19982284589021498 2.1451000831497224
27.04549999998232 3.880502343091657 0.7001830264247835 8.860670423478561e-05 -0.04087555823927998 0.1905394498786636 0.04447648800860551 0.19988559529644992 2.1426387770154807
27.045999999982318 3.879591418174204 0.7121584044366025 8.877877449960618e-05 -0.04038224655720014 0.190639814278015 0.04479328046385371 0.19995175067919763 2.140207968377558
27.046499999982316 3.878720907074864 0.7241029583800773 8.895047433258075e-05 -0.03989067434391839 0.19074177237836862 0.045109101698171165 0.20002130057988796 2.1378083092935647
27.046999999982315 3.877890843744489 0.7360160387390192 8.912178360955528e-05 -0.039400867846544986 0.19084531781993075 0.04542393344352328 0.20009422143163685 2.1354403309103827
27.047499999982314 3.8771011771019244 0.7478969593891794 8.929270016529632e-05 -0.0389128492920032 0.19095044103784695 0.045737752772137596 0.20017048434076287 2.1331044925770732
27.047999999982313 3.876352002485097 0.7597449555795465 8.946323013747633e-05 -0.03842664401834458 0.19105713914800945 0.04605053267770942 0.20025006604202458 2.130801312791374
27.04849999998231 3.8756432025772676 0.7715594110704016 8.963332415525373e-05 -0.03794228285848474 0.19116539654036993 0.046362263556424095 0.20033293574703456 2.1285313276572615
27.04899999998231 3.87497473260705 0.7833398036747624 8.980295129364122e-05 -0.03745978492322534 0.191275204967566 0.046672929772661124 0.20041906569845705 2.126294680741915
27.04949999998231 3.874346879488522 0.7950851632053155 8.997211897096195e-05 -0.03697918991829341 0.19138656715127755 0.046982501625085826 0.20050843880474178 2.124092402141942
27.049999999982308 3.8737596793259015 0.8067949234735459 9.014079344842877e-05 -0.03650052293132834 0.19149947725631425 0.04729096511312568 0.2006010302691213 2.1219248737473126
27.050499999982307 3.8732127476562517 0.8184683138894997 9.030898993540186e-05 -0.036023800360098335 0.19161390997381206 0.04759829168151237 0.20069679135161753 2.1197922321241682
27.050999999982306 3.872706417592022 0.8301046635628795 9.047666913781996e-05 -0.03554905897103688 0.1917298714840361 0.04790446718407631 0.2007957100866488 2.117695370036961
27.051499999982305 3.8722405101248785 0.8417033263938128 9.064379425886577e-05 -0.03507632588660616 0.19184734399575365 0.04820947766650629 0.20089774954639436 2.1156346167395617
27.051999999982304 3.8718150364249686 0.8532635442636373 9.081037323916801e-05 -0.034605624077308175 0.1919663209312691 0.04851329552856303 0.2010028791652216 2.1136104793300814
27.052499999982302 3.8714309265417497 0.8647854936139567 9.097634571877104e-05 -0.03413697340742299 0.1920868454108207 0.04881593616868369 0.20111112539420745 2.1116233272455447
27.0529999999823 3.8710872414370696 0.8762667709175431 9.114175203690284e-05 -0.03367043578512867 0.19220884842813726 0.049117317105574786 0.20122239065193692 2.109674116454632
27.0534999999823 3.8707836605012242 0.8877076454232873 9.130656535987106e-05 -0.03320600014596947 0.19233231667691963 0.049417449901347534 0.20133664057681408 2.1077627100748417
27.0539999999823 3.8705192032870532 0.8991089031259424 9.147069370551449e-05 -0.0327436440391589 0.19245720570215447 0.04971637702840664 0.20145381703128692 2.105888853876825
27.054499999982298 3.870295470944918 0.9104676178371225 9.163417492115574e-05 -0.032283484538451396 0.192583563309274 0.05001399742345954 0.20157393722680372 2.104054279289705
27.054999999982297 3.8701117657300332 0.9217837613464768 9.17969995052662e-05 -0.03182551269635115 0.1927113555631868 0.05031031070824525 0.20169694391573412 2.1022589627307116
27.055499999982295 3.8699679842757244 0.9330566683822333 9.195913097120168e-05 -0.031369757543504406 0.19284056811978834 0.05060530239287034 0.20182280106909334 2.1005033254113434
27.055999999982294 3.869864044708698 0.9442857128806903 9.212052960868902e-05 -0.030916248046373284 0.19297118775253466 0.05089896029883381 0.20195147401143454 2.0987877768706773
27.056499999982293 3.8697998204165165 0.9554700867337387 9.228121086285508e-05 -0.030465005611106 0.19310320112025978 0.051191254378209136 0.2020829220260602 2.0971127494451838
27.056999999982292 3.8697751778582763 0.9666091716179469 9.244113660287652e-05 -0.030016057893624076 0.1932365926979055 0.05148217249142043 0.20221710751913644 2.0954786043536515
27.05749999998229 3.8697899858090574 0.9777022513679218 9.260029595434613e-05 -0.029569429310702104 0.1933713480198999 0.05177169321291215 0.2023539908253004 2.0938857634673083
27.05799999998229 3.869844124560791 0.9887486674763102 9.275866581002332e-05 -0.029125145258364852 0.1935074529449814 0.0520597996580867 0.20249353365481862 2.0923345619759335
27.05849999998229 3.869938271162299 0.9997468683078847 9.29162246067788e-05 -0.02868327362710649 0.19364492200810185 0.052346446011553215 0.20263572344365088 2.0908260437467145
27.058999999982287 3.870071284746711 1.010697499164772 9.307294503657081e-05 -0.028243780675204836 0.19378370580195076 0.05263165775785482 0.20278049013528407 2.089359683050167
27.059499999982286 3.8702429905276454 1.0215993668397727 9.322881067183258e-05 -0.02780670881665174 0.19392378203386829 0.05291540107807774 0.20292778509801743 2.0879360069064394
27.059999999982285 3.870453444740466 1.0324517998416776 9.338381702661121e-05 -0.02737208242861861 0.19406514604804026 0.0531976546910874 0.20307757697923828 2.0865554529080326
27.060499999982284 3.870702366305534 1.0432540996928872 9.353793536758219e-05 -0.026939927724814534 0.19420777500855518 0.0534784023581265 0.2032298184282255 2.0852183274583607
27.060999999982283 3.870989584110784 1.0540056324677536 9.369114995061785e-05 -0.026510267366368728 0.1943516529669114 0.05375762688679472 0.20338446778283475 2.0839249434362905
27.06149999998228 3.871314830013604 1.0647056277885205 9.384345453364914e-05 -0.02608312488295286 0.1944967585736452 0.05403530482717227 0.20354147652770915 2.0826755843746794
27.06199999998228 3.8716780310186687 1.07535349429374 9.399483305112816e-05 -0.025658522436183683 0.19464308103699152 0.05431142009138746 0.20370080785682748 2.081470614488685
27.06249999998228 3.8720789194834926 1.0859486217803433 9.41452446827672e-05 -0.025236486844190203 0.19479059816797892 0.054585962309856094 0.20386241606576 2.0803102749930873
27.062999999982278 3.8725172351320585 1.0964902978097828 9.429467669160294e-05 -0.02481704237095917 0.19493928882372027 0.054858912436237965 0.20402625368522218 2.079194820712223
27.063499999982277 3.8729932822354756 1.106977611083594 9.444307102810284e-05 -0.02440023836931459 0.19508915374408853 0.05513025362941036 0.20419229761748384 2.0781249157307498
27.063999999982276 3.8735059783556736 1.1174102335344758 9.459048961169449e-05 -0.023986054838067736 0.19524014217128655 0.05539996217000291 0.20436046523287407 2.077100222636955
27.064499999982274 3.87405554311939 1.1277872597982779 9.473686117838794e-05 -0.023574538248041024 0.19539225131356355 0.055668020017489384 0.20453072918184867 2.076121176689596
27.064999999982273 3.874641131509575 1.1381074838852625 9.488229470172829e-05 -0.023165699861425113 0.19554543328032897 0.055934374007273295 0.20470300516222703 2.0751879001245834
27.065499999982272 3.8752631155980954 1.1483714138482384 9.502664702802261e-05 -0.02275955656842689 0.19569970246706783 0.0561990656968501 0.20487729485252673 2.0743008133082745
27.06599999998227 3.8759209759586915 1.1585779534423248 9.516991060439871e-05 -0.02235614193548574 0.19585502129891955 0.056462064219142336 0.20505353239124258 2.0734600562525634
27.06649999998227 3.8766144719293836 1.1687264571267202 9.531208612936834e-05 -0.021955474548311323 0.1960113713967942 0.05672334932336775 0.20523167138128154 2.0726658092214785
27.06699999998227 3.877343375159108 1.1788161808099744 9.545316842674471e-05 -0.021557577963220654 0.1961687334828914 0.05698289889670587 0.20541166454365298 2.0719183057293926
27.067499999982267 3.8781074330365484 1.1888464295934964 9.559313738837842e-05 -0.02116247759205833 0.19632708649784925 0.0572406960500414 0.2055934644750693 2.0712177267975607
27.067999999982266 3.8789061048969558 1.1988168296793693 9.573198942445565e-05 -0.020770180287712305 0.19648639989275984 0.05749673124531957 0.2057770148386309 2.0705641228865397
27.068499999982265 3.879739787078443 1.2087267734180396 9.586965237534764e-05 -0.020380728402377826 0.19664668161624116 0.057750999068799 0.20596230085706274 2.069957857733544
27.068999999982264 3.880607409492508 1.2185754568222635 9.600617892419648e-05 -0.019994122891279744 0.1968078750806594 0.05800346539783374 0.20614923391105222 2.0693988296284824
27.069499999982263 3.881508868370862 1.2283623060185296 9.614153865703483e-05 -0.019610389451107407 0.19696996693752475 0.05825411907113586 0.20633777559755695 2.068887218729694
27.06999999998226 3.88244421767907 1.238086883419359 9.627571638359026e-05 -0.01922954749649349 0.19713295410648762 0.058502949366071186 0.206527896847374 2.0684232872707695
27.07049999998226 3.8834123672916276 1.2477483959880034 9.640871975595349e-05 -0.018851607630049876 0.19729677600147824 0.058749931990208865 0.20671950909304376 2.0680068207680526
27.07099999998226 3.8844131782959095 1.257346442497921 9.654051764003676e-05 -0.01847658918581285 0.19746141949825524 0.058995061318179325 0.20691257525376017 2.06763790707155
27.071499999982258 3.8854464769141686 1.2668802512982327 9.667110968313484e-05 -0.01810451743401735 0.19762686761055723 0.05923831462646464 0.20710705027319415 2.067316812940853
27.071999999982257 3.8865117480392612 1.2763492543435009 9.680047942061816e-05 -0.017735409693261074 0.1977930881343428 0.05947967951137219 0.20730287683841547 2.067043460844938
27.072499999982256 3.8876087613893917 1.285752927284881 9.692861648923856e-05 -0.017369282436960634 0.19796006381207917 0.05971914130562731 0.20750001126539452 2.066817921025045
27.072999999982255 3.888737020819921 1.295090627183336 9.705551362384247e-05 -0.01700615381238019 0.1981277631134795 0.0599566835302873 0.20769839595864095 2.0666401620185604
27.073499999982253 3.8898961549813675 1.3043618753946884 9.718115712496621e-05 -0.016646038938887532 0.19829616189628899 0.0601922954603601 0.20789798187558606 2.066510186197164
27.073999999982252 3.891085826922417 1.3135660088775103 9.730553475587408e-05 -0.016288959654866788 0.19846523582011377 0.0604259602721247 0.2080987186663571 2.0664280083991233
27.07449999998225 3.8923055740144985 1.3227024722130816 9.742864608641808e-05 -0.01593492951445159 0.19863495645884907 0.060657662345870965 0.20830055186509974 2.066393566700518
27.07499999998225 3.8935550581185687 1.3317707441988613 9.755047838293178e-05 -0.01558396549166504 0.1988053008591204 0.06088738943528864 0.20850343359852683 2.0664068696420226
27.07549999998225 3.8948338174660218 1.3407702517491207 9.767102743092914e-05 -0.015236082782991213 0.1989762401732874 0.061115126313132866 0.20870730949427263 2.0664678145527073
27.075999999982248 3.8961412969135543 1.3497006328710146 9.779029118190187e-05 -0.014891287086299353 0.19914774353432022 0.0613408634384956 0.2089121243807504 2.0665762618390975
27.076499999982246 3.897477337481234 1.3585610704926256 9.790827768617553e-05 -0.014549604022259464 0.19931979471888403 0.0615645757008941 0.20911783406781387 2.066732264400137
27.076999999982245 3.8988416991204438 1.367350628218568 9.802495682479265e-05 -0.014211071696459647 0.19949236947717347 0.06178624209205165 0.2093243888089408 2.066935930102151
27.077499999982244 3.9002334561999112 1.3760696959665062 9.814029924070885e-05 -0.013875669785815321 0.19966542574737792 0.06200588324089116 0.20953173031159195 2.067186742997058
27.077999999982243 3.90165242619754 1.3847173454269055 9.825431607899036e-05 -0.013543427152697962 0.1998389449654133 0.06222346940889116 0.20973981140739384 2.067484726242137
27.07849999998224 3.9030982406073718 1.3932931402647792 9.836698758505831e-05 -0.013214359493659475 0.2000129030391797 0.06243899329655926 0.2099485855224458 2.067829816033308
27.07899999998224 3.904570235337067 1.401796533160076 9.847834223910263e-05 -0.012888470944512684 0.20018726391110098 0.06265243424083465 0.21015799016883097 2.068221666234582
27.07949999998224 3.9060681494433753 1.4102270452200336 9.85883421329878e-05 -0.012565784681898557 0.20036200685488062 0.06286378728052444 0.21036798351184072 2.0686602849100586
27.07999999998224 3.907591420229723 1.418584169489083 9.869697841364525e-05 -0.012246313914758772 0.20053709839962208 0.06307304129609627 0.21057850929612354 2.069145354017028
27.080499999982237 3.9091396602187345 1.42686744139684 9.880424375729202e-05 -0.011930072210009504 0.20071251409071134 0.06328018521745449 0.21078952008272467 2.0696767977892225
27.080999999982236 3.9107123979340175 1.4350763939614266 9.891014020345262e-05 -0.011617070182267783 0.20088822602263018 0.0634852067597078 0.21100096481168498 2.070254328626948
27.081499999982235 3.9123092801240773 1.443210577577998 9.901465379557272e-05 -0.011307321517788987 0.20106421152547074 0.06368809550623683 0.21121279834677975 2.07087773554374
27.081999999982234 3.913929161724437 1.4512711843308508 9.911771600616237e-05 -0.011000780209748325 0.20124042498114494 0.0638889014399344 0.2114249690528928 2.071545836286272
27.082499999982232 3.9155723242794807 1.4592554501740997 9.921941242874312e-05 -0.01069753927277388 0.20141685231377301 0.06408753223002447 0.21163741996588226 2.072259696296692
27.08299999998223 3.9172382046526915 1.4671635080837135 9.931970826544085e-05 -0.010397592242857703 0.20159346617992183 0.06428399894244673 0.2118501075074462 2.0730187167487064
27.08349999998223 3.918926254997869 1.4749950034465988 9.941859578245503e-05 -0.010100947328005065 0.20177023541283748 0.06447829503442087 0.2120629801875396 2.0738226221106526
27.08399999998223 3.9206360033687613 1.4827494630798457 9.951607208712854e-05 -0.009807617043935641 0.2019471315491892 0.06467040962968985 0.21227598821981233 2.0746711177928416
27.084499999982228 3.922367089472016 1.490426459434235 9.961212369482525e-05 -0.009517615927733366 0.2021241313045014 0.06486033470059106 0.21248908792222687 2.075563971452644
27.084999999982227 3.9241190150228538 1.4980254511822033 9.97067420279391e-05 -0.009230960243730865 0.2023012037140777 0.06504805901812603 0.21270222761694743 2.076500841906244
27.085499999982225 3.9258911547594444 1.5055462558202481 9.979992964714737e-05 -0.008947648139697608 0.20247831662304214 0.06523357884130263 0.21291535622912966 2.077481279048104
27.085999999982224 3.9276832354517794 1.5129883311539953 9.98916734336204e-05 -0.008667699825000841 0.20265544957353812 0.06541688298475187 0.21312843273845442 2.0785051586869754
27.086499999982223 3.9294945378242447 1.5203514967862755 9.998196638945058e-05 -0.00839111494686634 0.2028325651465751 0.06559797077866489 0.21334140260219003 2.079571906977034
27.086999999982222 3.9313246755165876 1.5276350313113656 0.00010007082655425807 -0.008117911400956324 0.20300963768778102 0.06577681942726607 0.21355421666079336 2.080681207690949
27.08749999998222 3.933173147111739 1.5348388003045859 0.00010015821688680866 -0.007848097258932936 0.20318663855084831 0.06595343569724207 0.21376683184359774 2.0818326986016187
27.08799999998222 3.9350395947629764 1.5419623487181804 0.00010024414491820943 -0.007581684340172349 0.20336354554908675 0.0661278076604323 0.2139792058628703 2.0830259779864644
27.08849999998222 3.9369234443906875 1.549005164598467 0.00010032862671233496 -0.0073186798768145045 0.20354032631235125 0.06629991852213707 0.21419128531880033 2.084260717648741
27.088999999982217 3.9388242423476045 1.555967010010972 0.00010041160753299335 -0.007059101453387077 0.2037169519828992 0.06646977656097842 0.21440302851078963 2.0855364674226116
27.089499999982216 3.9407414945154198 1.5628475229559078 0.00010049309815623416 -0.006802954214287675 0.20389339514746316 0.06663737148307684 0.21461438919367645 2.086852840403686
27.089999999982215 3.9426746477162595 1.569646659873341 0.00010057304224169231 -0.006550247230303793 0.2040696242996335 0.0668027173821601 0.21482532520681175 2.0882093097088097
27.090499999982214 3.944623304270025 1.576363562051645 0.00010065151376042337 -0.006300991181624385 0.20424561529850935 0.06696577678014955 0.21503578566905185 2.089605533714247
27.090999999982213 3.9465870092797712 1.5829980956734784 0.00010072847771840202 -0.006055193861058296 0.20442134211919738 0.06712655546707767 0.2152457315148981 2.0910410510676636
27.09149999998221 3.948565269290776 1.5895499619163187 0.00010080392292313779 -0.0058128638850840665 0.20459677641276036 0.06728505033736822 0.21545511900147962 2.092515398853618
27.09199999998221 3.9505575879300143 1.5960187111321003 0.00010087785495047853 -0.005574011175747653 0.2047718892489086 0.06744125008867491 0.21566390157065657 2.0940281179601987
27.09249999998221 3.952563398708395 1.602404220403741 0.000100950265141032 -0.005338636339902484 0.20494665101074494 0.06759515672644345 0.21587203619589604 2.0955786116189494
27.092999999982208 3.9545824297152485 1.6087058962177267 0.0001010211507935385 -0.005106759704177638 0.2051210411439115 0.06774675563073566 0.2160794840171761 2.097166622307126
27.093499999982207 3.956614096025741 1.6149236058947656 0.00010109049857904874 -0.004878383258078019 0.20529502872543035 0.06789604974904045 0.21628620162671527 2.098791534972434
27.093999999982206 3.958657914323762 1.621057019243535 0.00010115831098381435 -0.004653513765343224 0.20546858650330108 0.06804303235089798 0.2164921464661804 2.1004528052954075
27.094499999982204 3.9607133946094226 1.6271058632823996 0.00010122457283916185 -0.00443215794146999 0.20564168685360035 0.0681876996993983 0.21669727683177673 2.102150115740133
27.094999999982203 3.9627801361752995 1.6330698636731538 0.00010128926512130857 -0.0042143303992916515 0.2058143045638442 0.0683300551097275 0.21690155595364366 2.1038827694922553
27.095499999982202 3.9648576579004575 1.6389486749002158 0.00010135243524007148 -0.004000026024242465 0.20598641606448675 0.06847007963437667 0.2171049414832015 2.105650247609083
27.0959999999822 3.966945386539532 1.6447420493138356 0.00010141405678192899 -0.0037892552056266546 0.20615798841386532 0.06860777634148793 0.21730738969576813 2.107451999355959
27.0964999999822 3.969042885166467 1.650449634249325 0.00010147412825164486 -0.0035820269631344284 0.2063289960563456 0.06874313842934086 0.2175088609962813 2.1092875120944026
27.0969999999822 3.97114970208687 1.6560711877331742 0.00010153263608082612 -0.0033783490461255276 0.20649941312367545 0.06887616510663687 0.21770931762902695 2.1111561835253774
27.097499999982197 3.973265249561763 1.6616067037050688 0.0001015896098495234 -0.0031782114516995417 0.2066692122230383 0.06900685624641106 0.2179087206101119 2.1130574709256242
27.097999999982196 3.9753891035571205 1.667056613767942 0.00010164500481531786 -0.0029815994687996954 0.20683837585102882 0.0691352321545551 0.2181070470781447 2.1149908682149983
27.098499999982195 3.9775208520863603 1.6724192951708974 0.00010169884322064432 -0.0027885694256558186 0.20700686513557404 0.06926124935267365 0.21830423494424628 2.1169556134338747
27.098999999982194 3.979660058955048 1.6776949768117544 0.00010175114869766114 -0.0025991011761480414 0.20717466361877554 0.06938491082789287 0.21850025726088126 2.1189512878284655
27.099499999982193 3.981806207608992 1.6828834681883706 0.00010180189906599938 -0.002413202732000797 0.20734174203493394 0.06950622034820718 0.2186950758581463 2.1209772440115477
27.09999999998219 3.9839583980938 1.687984329363389 0.0001018511642752014 -0.0022308632274292543 0.20750805665984465 0.06962515392083989 0.21888863010212622 2.1230327160367697
27.10049999998219 3.9861162946145443 1.6929980311166373 0.00010189883888849622 -0.002052088818593717 0.20767358841244069 0.06974175260534296 0.2190809038895998 2.1251170794071443
27.10099999998219 3.9882800019915328 1.6979237409225383 0.00010194496222970002 -0.0018769041548832336 0.20783833530623883 0.06985598589572327 0.21927187498067024 2.1272301804753946
27.101499999982188 3.9904484454293714 1.7027618539242373 0.00010198953597739623 -0.0017052820455023899 0.2080022496011069 0.06996787008931939 0.2194614924555371 2.1293709728534784
27.101999999982187 3.99262152320995 1.7075114767270803 0.00010203256974581014 -0.0015372541253550573 0.2081653164840188 0.0700773804959892 0.21964972432105911 2.1315390828258356
27.102499999982186 3.9947985644774304 1.7121727099682764 0.00010207407369142086 -0.001372807728180856 0.2083275048985711 0.07018452232129739 0.21983653261410263 2.1337338025401986
27.102999999982185 3.9969791511495973 1.7167453458633357 0.00010211403982596955 -0.0012119488068029155 0.2084887913199324 0.0702892948044926 0.22002188502526174 2.135954528004975
27.103499999982184 3.999162774295208 1.7212293116119135 0.00010215246854543537 -0.0010546753370549496 0.20864914991358396 0.07039169967732414 0.22020574807027726 2.13820058264356
27.103999999982182 4.00134890927914 1.7256244652106316 0.00010218936411378415 -0.0009009869937551915 0.20880855352993394 0.07049173622732816 0.2203880865227733 2.140471268931549
27.10449999998218 4.003537052665463 1.729930514184763 0.0001022247508364112 -0.0007508841875038912 0.2089669758534234 0.07058939458746262 0.2205688632890254 2.142765957406204
27.10499999998218 4.005726653555249 1.73414745267259 0.0001022586496402368 -0.0006043570869608148 0.20912439123039547 0.07068467411235449 0.2207480450861158 2.1450839385871157
27.10549999998218 4.007917367316318 1.7382750577132153 0.00010229103289687153 -0.0004614183928873104 0.20928077796195454 0.07077757836430033 0.2209256040625642 2.147424676397023
27.105999999982178 4.010108692887106 1.7423132888108763 0.00010232192693920937 -0.0003220588702164877 0.2094361128319315 0.07086810427607126 0.22110150900378212 2.1497874781682
27.106499999982177 4.012299911777546 1.7462621830137879 0.00010235132613649918 -0.0001862715295599342 0.20959036058569355 0.07095625926643603 0.22127572093794987 2.152171448641013
27.106999999982175 4.014490678956907 1.7501214678226762 0.00010237924488922893 -5.4060175887498245e-05 0.20974350229652317 0.07104203537847947 0.22144821170836165 2.154576209307596
27.107499999982174 4.016680884028914 1.753891089850155 0.00010240567203884484 7.456953942629628e-05 0.20989553058358806 0.07112543688711452 0.22161896825850685 2.1570010633913377
27.107999999982173 4.018869469958864 1.7575708924988207 0.00010243062842271905 0.00019962832359144843 0.210046393555511 0.07120646033112948 0.22178793314793505 2.159445111375789
27.108499999982172 4.021056123341202 1.7611608362477984 0.00010245412766015692 0.0003211199397327539 0.21019607615183464 0.0712851051121437 0.22195508500255842 2.161907797040998
27.10899999998217 4.023240338299513 1.764660818208188 0.00010247618387703228 0.00043904816180485726 0.21034455325307322 0.07136136958115682 0.22212039283915783 2.164388402698156
27.10949999998217 4.025421783982457 1.7680709021394012 0.0001024968034393141 0.0005534197774011437 0.21049180975157528 0.07143525679683281 0.22228383692831297 2.166886354420127
27.10999999998217 4.027599692150738 1.7713910780689464 0.0001025159670576717 0.0006642360808176177 0.21063780618667255 0.07150677733885177 0.22244537713805926 2.169400803331017
27.110499999982167 4.029773661769191 1.7746211108350396 0.00010253371661324048 0.0007715027169806822 0.21078252344647694 0.07157591753715754 0.22260498507039972 2.171931096446051
27.110999999982166 4.0319432518923595 1.7777610177086245 0.00010255005792880494 0.0008752245374050102 0.21092594011945093 0.0716426816154887 0.22276263614512054 2.1744765663515033
27.111499999982165 4.03410785837152 1.7808105283053655 0.00010256500038120785 0.0009753993459741933 0.21106802417263662 0.07170706425173515 0.22291829286899564 2.1770364612053834
27.111999999982164 4.036267154280947 1.7837700231885354 0.00010257854823864518 0.0010720449029680292 0.211208764081336 0.0717690782429081 0.2230719433207056 2.179610199828839
27.112499999982163 4.0384205279795315 1.786639344430576 0.00010259072080480658 0.001165164890092768 0.21134812918598558 0.07182872022537341 0.2232235524510174 2.1821970119087957
27.11299999998216 4.04056751226136 1.7894184959475965 0.00010260151509717797 0.0012547640739940706 0.21148609669840757 0.07188599365974531 0.22337309509889172 2.1847961703863796
27.11349999998216 4.042707606029049 1.7921081335791067 0.0001026109403221595 0.0013408714490431024 0.2116226498674668 0.07194092144319869 0.22352055845328364 2.1874064926028707
27.11399999998216 4.044840228092067 1.7947072417802854 0.00010261904504748904 0.001423468016618619 0.2117577520541131 0.07199346615964484 0.22366589142264295 2.1900279073516162
27.114499999982158 4.046965114756741 1.797216272850052 0.00010262580363745166 0.001502564439231549 0.211891393176434 0.07204365118661607 0.2238090880157528 2.1926596711020645
27.114999999982157 4.049081732395435 1.799635214757732 0.00010263123059144142 0.0015781686637621384 0.21202354793477413 0.07209147709542331 0.22395012070767162 2.195301068761824
27.115499999982156 4.051189646971785 1.8019641406068998 0.00010263533720962181 0.0016502893983095831 0.2121541964976268 0.07213694752933655 0.22408896837082826 2.1979514407589273
27.115999999982154 4.053288373241253 1.8042031397305807 0.00010263812884928564 0.0017189352872295114 0.21228331631956243 0.07218006799906608 0.22422560813275294 2.2006101170187145
27.116499999982153 4.055377557237575 1.806352189406486 0.00010263963882738841 0.0017841170400025442 0.21241089231266327 0.07222083314102355 0.2243600209178494 2.2032764112545413
27.116999999982152 4.057457202465569 1.8084117492551228 0.00010263985453642916 0.0018458410849799263 0.21253692698216206 0.0722592660542927 0.22449221365347385 2.2059513321833624
27.11749999998215 4.059525995529322 1.8103812374832498 0.00010263877988265713 0.0019041092639354306 0.21266135238824752 0.07229534974648202 0.22462211384156625 2.208631465331626
27.11799999998215 4.061583849352863 1.8122609285169933 0.00010263645135669488 0.00195893535610811 0.21278416817259904 0.07232909019769217 0.22474972067048316 2.211317246749683
27.11849999998215 4.063630359379315 1.814051126934243 0.00010263282626857186 0.002010323942286641 0.21290535498425645 0.07236050899487591 0.2248750205009945 2.2140079791557117
27.118999999982147 4.065665059115464 1.8157517506508716 0.0001026279619920319 0.0020582905598659925 0.2130248932643187 0.07238959447879015 0.22499798910014038 2.2167028117906855
27.119499999982146 4.067687678708427 1.8173629248648404 0.00010262185399784659 0.002102838659190662 0.21314277024465553 0.07241635594341536 0.22511861550328535 2.2194014847631593
27.119999999982145 4.069697733897873 1.81888473478065 0.00010261451667171716 0.002143979351208411 0.2132589641495379 0.07244079643828509 0.22523687847731633 2.2221032236835523
27.120499999982144 4.071694772930069 1.8203171988150837 0.00010260596020964554 0.002181719403362626 0.21337345362957152 0.0724629183031194 0.2253527571217412 2.2248073467220015
27.120999999982143 4.073678600751013 1.8216605918473765 0.00010259618815610592 0.0022160702009997903 0.21348623216641865 0.07248273191269436 0.22546624740141769 2.2275133080449168
27.12149999998214 4.07564872844801 1.8229149288461115 0.00010258520671214218 0.0022470378964562754 0.2135972762861609 0.07250024046451081 0.22557732706011605 2.2302204446921476
27.12199999998214 4.077604808327292 1.8240803817409597 0.00010257301318590793 0.002274630582087631 0.213706570508539 0.07251545323482689 0.22568598357155123 2.232928085445435
27.12249999998214 4.079546476760597 1.8251570751233315 0.00010255962219174194 0.0022988589026100106 0.21381409924981823 0.07252837431789198 0.22579220285798507 2.2356356703554203
27.122999999982138 4.081473439893192 1.8261450801517225 0.00010254505595585661 0.0023197324025747033 0.21391985027468163 0.07253900450791723 0.22589597312692716 2.238342596945895
27.123499999982137 4.08338529869879 1.8270445209099309 0.00010252928966631235 0.0023372527667596768 0.21402380347506558 0.07254735667511412 0.22599727910967302 2.2410482032275367
27.123999999982136 4.085281775173361 1.8278556073218668 0.00010251236872866916 0.002351440027857685 0.21412595057929973 0.07255343043118222 0.22609611285695674 2.243751971084907
27.124499999982135 4.087162549765305 1.8285784672602314 0.00010249428673222043 0.0023622993708737345 0.21422627671099848 0.0725572344818131 0.2261924631092374 2.246453277092501
27.124999999982133 4.089027277194494 1.8292132287889749 0.00010247505012079583 0.0023698393999037537 0.21432476663361905 0.07255877478693008 0.22628631759325848 2.2491515534398268
27.125499999982132 4.090875703822477 1.829760065761791 0.0001024546661321627 0.0023740693630166553 0.21442141012259877 0.0725580582867114 0.22637766927557568 2.251846241724943
27.12599999998213 4.0927075227135985 1.8302191424282768 0.00010243314194151274 0.0023749988397638237 0.2145161942736046 0.07255509170160346 0.22646650868715187 2.254536793565234
27.12649999998213 4.094522475187371 1.8305906001305758 0.00010241048327154255 0.002372635707311152 0.2146091081785488 0.07254988126513456 0.2265528282431645 2.257222618982218
27.12699999998213 4.096320274989764 1.8308746775222653 0.00010238667965060532 0.0023669877380696628 0.21470013946850428 0.0725424397927969 0.22663662124607956 2.2599032055163075
27.127499999982128 4.098100691933453 1.8310715041732957 0.0001023618019809296 0.002358077825712328 0.21478928321836072 0.07253275835039219 0.22671788140860366 2.262578068726648
27.127999999982126 4.099863457199544 1.8311812444646862 0.00010233577988004818 0.002345896008295721 0.21487652265247342 0.07252086136762412 0.22679660171352395 2.265246598500038
27.128499999982125 4.10160827423213 1.8312041655014009 0.00010230862006172547 0.002330455764426581 0.21496184659622564 0.07250675820352497 0.22687277602505249 2.2679082586170787
27.128999999982124 4.103334835293254 1.831140169362087 0.00010228037674337147 0.002311768233947066 0.21504524251914223 0.07249043785801661 0.22694639054924656 2.270562517012778
27.129499999982123 4.105043101869291 1.830989785364058 0.00010225102070478346 0.002289844519997634 0.21512671200416117 0.07247192462380032 0.22701745629868392 2.273208970387729
27.12999999998212 4.106732794155111 1.8307531132779635 0.00010222056310044071 0.002264692420785095 0.21520624302700136 0.07245122245645895 0.22708596501103462 2.2758470735757794
27.13049999998212 4.108403655599247 1.8304304292152063 0.00010218900414968216 0.002236323399091505 0.2152838258872011 0.0724283427406762 0.22715191318396794 2.2784762926976647
27.13099999998212 4.110055560930583 1.8300218286695662 0.00010215635838320698 0.0022047439936396275 0.21535945621307243 0.07240328796985755 0.22721529962859865 2.2810962601241034
27.13149999998212 4.111688349464337 1.8295277591165526 0.00010212260687217474 0.0021699658641835804 0.2154331294859935 0.07237607876348252 0.22727612899105437 2.2837064038156183
27.131999999982117 4.11330170223069 1.8289481745349099 0.00010208776773920817 0.002131994125519848 0.21550483066515386 0.0723467128857181 0.22733438874120304 2.28630628427038
27.132499999982116 4.114895512663909 1.8282833519131925 0.00010205185279421966 0.0020908410660883284 0.21557455813044904 0.07231519882644794 0.22739008270109473 2.288895451336836
27.132999999982115 4.116469493270161 1.8275336110130558 0.00010201487927283799 0.0020465240983962296 0.21564230244342622 0.0722815452933977 0.22744320753539535 2.291473444169874
27.133499999982114 4.118023422389398 1.8266988839235205 0.00010197682550164617 0.001999036636913961 0.215708050085703 0.07224575865276997 0.22749375521663484 2.2940397333653966
27.133999999982112 4.119557320089943 1.8257800058723284 0.00010193769007068935 0.001948405606368542 0.21577181057313813 0.07220786681015397 0.2275417468327297 2.2965940141476096
27.13449999998211 4.121071048273877 1.8247767109726707 0.00010189747374164279 0.001894623189445248 0.21583357456034538 0.0721678629564374 0.22758717439307796 2.299135744202655
27.13499999998211 4.122564338535878 1.823689447474062 0.00010185617773663962 0.0018377069456354733 0.21589333359933072 0.07212576373730507 0.22763003855848965 2.301664520941914
27.13549999998211 4.124037041662106 1.8225183373919018 0.00010181383477122942 0.001777669052731407 0.21595108372165583 0.0720815686891734 0.22767033889488256 2.3041799108406718
27.135999999982108 4.125489072651664 1.8212637117018005 0.00010177041879758778 0.0017145144653665247 0.21600682222508116 0.07203529592944799 0.2277080821298904 2.3066815857028047
27.136499999982107 4.126920251753823 1.819925812027687 0.00010172593755434386 0.001648254168416544 0.21606054325871013 0.07198695398835112 0.22774326914219362 2.3091690795239135
27.136999999982105 4.12833036590153 1.8185047387915154 0.00010168040679808788 0.0015788966373241895 0.2161122384267586 0.07193654527374548 0.22777589657015324 2.3116419231841743
27.137499999982104 4.129719367502642 1.8170009334136359 0.00010163382019854943 0.0015064549680497703 0.2161619094487277 0.07188408678994687 0.22780597541924869 2.3140998454908273
27.137999999982103 4.131087083209058 1.8154147038002388 0.00010158616455072005 0.0014309376881293297 0.2162095500856079 0.07182959326265141 0.2278335085082224 2.3165424271385358
27.138499999982102 4.132433244379379 1.8137461530837773 0.0001015374781438513 0.001352359380186922 0.2162551508750008 0.07177306255929755 0.22785849043870054 2.3189691431510386
27.1389999999821 4.133757940227339 1.8119956769300252 0.00010148774794267034 0.0012707283678669858 0.2162987191828184 0.07171451121425983 0.227880937749108 2.321379831316393
27.1394999999821 4.135060918925165 1.810163489291117 0.00010143699662959088 0.0011860593394200872 0.21634024648980876 0.0716539436244738 0.22790084823222378 2.323773989563839
27.1399999999821 4.136342078597702 1.8082499746878433 0.00010138517618955666 0.0010983543498171082 0.21637972837421782 0.07159138412711447 0.22791822988697963 2.3261512756103064
27.140499999982097 4.137601323770797 1.8062552804242646 0.00010133231853579313 0.0010076258001114296 0.2164171637412279 0.07152683274385258 0.22793308639580512 2.3285113638948776
27.140999999982096 4.13883849130748 1.8041797684685512 0.00010127843011289781 0.0009138887899052884 0.21645254882038337 0.07146030151417138 0.22794542280128602 2.3308538500753997
27.141499999982095 4.140053514716203 1.8020237371094328 0.00010122350862992591 0.000817152823027272 0.2164858832222963 0.0713918019196346 0.22795524726271654 2.3331784557321114
27.141999999982094 4.1412462252427575 1.799787466525531 0.00010116755410022697 0.0007174285105838286 0.21651716153678516 0.07132134512400806 0.22796256318508087 2.3354847518925004
27.142499999982093 4.14241653703188 1.7974712318075228 0.0001011105735817036 0.0006147270116740193 0.21654638281720803 0.07124894004371782 0.22796737761765165 2.3377724450800796
27.14299999998209 4.143564507522507 1.7950755356045145 0.00010105256251785504 0.0005090631074798056 0.21657355475045534 0.07117460423879246 0.22796970862604665 2.340041351378182
27.14349999998209 4.144689783491912 1.7926006200810993 0.00010099352660615705 0.00040044951707436205 0.21659866299505437 0.0710983471446332 0.22796955090046486 2.3422910239913133
27.14399999998209 4.145792308641903 1.7900465522007247 0.00010093347624376273 0.00028889096820900617 0.21662170605870548 0.07102017047658876 0.22796690902036515 2.3445210254207085
27.144499999982088 4.14687201953665 1.7874138364367054 0.00010087238577042454 0.00017439847068863952 0.2166426842268591 0.07094009712724156 0.22796179597526342 2.346731140070644
27.144999999982087 4.147929020813338 1.7847026487228788 0.0001008103087040164 5.6987305301118454e-05 0.21666160763002862 0.07085812302520657 0.2279542258152648 2.3489214779825183
27.145499999982086 4.148962897337335 1.7819133734940271 0.00010074721352317362 -6.333000131030677e-05 0.2166784587147087 0.07077426798666979 0.22794419380786987 2.3510911112640533
27.145999999982084 4.149973606863034 1.7790463258250264 0.0001006831205676123 -0.00018653979949783935 0.21669323953854577 0.07068854025493643 0.22793171034803414 2.3532399577224377
27.146499999982083 4.150961080647463 1.7761017618637727 0.00010061802479294572 -0.0003126340978179314 0.21670594900845663 0.07060095042655656 0.22791678366646898 2.355367662544312
27.146999999982082 4.151925294980612 1.773080039448425 0.00010055193125052996 -0.0004416002385676042 0.21671658987783116 0.07051151020570298 0.22789942608645536 2.3574740366358045
27.14749999998208 4.15286613889699 1.7699814658342405 0.00010048484363914743 -0.0005734263395551565 0.216725160129259 0.07042023034827084 0.22787964519263973 2.3595587531323763
27.14799999998208 4.153783449138675 1.7668063991508611 0.0001004167566913036 -0.0007080999988473518 0.21673165515980017 0.07032712486374412 0.22785744720222675 2.36162149289878
27.14849999998208 4.154677145473215 1.7635550229845127 0.00010034768667804684 -0.000845611158895061 0.2167360739390304 0.0702321979521491 0.22783283879618135 2.3636619876994094
27.148999999982077 4.155547177528927 1.760227839954641 0.00010027762402492164 -0.000985944584147515 0.21673841862747187 0.07013546833578316 0.22780583424166267 2.365680040559534
27.149499999982076 4.156393455426068 1.7568251107144301 0.00010020656301289962 -0.0011290925037325656 0.2167386870276084 0.07003694732646842 0.22777644148406587 2.367675342534742
27.149999999982075 4.157215895417385 1.7533470362049792 0.0001001345706315867 -0.001275031852575142 0.21673688179181566 0.06993662823970762 0.22774466756568337 2.3696476446438126
27.150499999982074 4.158014401063044 1.7497940027674637 0.00010006160999791435 -0.0014237577667316058 0.216732999551545 0.0698345328227619 0.22771052271549014 2.3715967126140955
27.150999999982073 4.158788902746094 1.7461663292392666 9.99876976388523e-05 -0.0015752550775924624 0.2167270413749269 0.06973066882174214 0.2276740171078295 2.3735222834965
27.15149999998207 4.159539330286837 1.742464335132434 9.991283519057703e-05 -0.0017295124107152304 0.21671900718236123 0.06962504745647462 0.22763516099364678 2.3754241356666856
27.15199999998207 4.160265614527113 1.7386883147493857 9.983704269793484e-05 -0.001886514657453783 0.21670889803479812 0.06951767499303729 0.22759396424652142 2.377302017189284
27.15249999998207 4.160967685114281 1.7348387220426447 9.97603200551361e-05 -0.0020462459661757205 0.21669671523603834 0.0694085667951429 0.22755043981763381 2.379155759003582
27.152999999982068 4.161645801952989 1.73091579403973 9.968266493450337e-05 -0.002208703855967947 0.21668247340551827 0.06929773291398791 0.22750461191122018 2.380985176235639
27.153499999982067 4.16229949770373 1.7269198417319975 9.960409538702805e-05 -0.0023738678441177145 0.21666615423227845 0.06918518122166488 0.22745647262503088 2.382789923341099
27.153999999982066 4.1629287225541365 1.722851127529683 9.952462663250086e-05 -0.0025417240805984355 0.21664775934232752 0.06907091639848079 0.22740603220116848 2.384569838997413
27.154499999982065 4.163533591890413 1.7187101602259716 9.944421309147642e-05 -0.0027122683209671434 0.216627296289284 0.06895496555928013 0.2273533135283752 2.3863247475862837
27.154999999982063 4.164113909145584 1.7144970346340547 9.936289693771028e-05 -0.002885485840626381 0.21660475931566595 0.06883732456575395 0.2272983172839275 2.3880544028204964
27.155499999982062 4.164669622413211 1.7102120504293563 9.928070559406391e-05 -0.0030613597849328557 0.21658015087892554 0.06871799809245503 0.2272410546981016 2.389758637564639
27.15599999998206 4.165200727370371 1.7058556672014342 9.919762846401532e-05 -0.003239877121035312 0.21655347482836967 0.06859700369968309 0.22718154234130702 2.3914372439027716
27.15649999998206 4.165707327369349 1.7014284526937673 9.911365854998262e-05 -0.0034210212213846712 0.2165247416768949 0.06847436065507122 0.22711980365341106 2.3930901587874165
27.15699999998206 4.166189312961474 1.6969303361445132 9.902882616281603e-05 -0.003604787644447271 0.21649394713381095 0.06835006268931082 0.22705584050883082 2.394717195547399
27.157499999982058 4.166646504466657 1.6923617472403765 9.89431245236705e-05 -0.0037911611511603598 0.2164610865339715 0.06822412595939627 0.22698966110654717 2.3963180532301736
27.157999999982056 4.167078933454108 1.6877230946184585 9.885654167462695e-05 -0.003980131283633348 0.21642616479854923 0.06809656654277313 0.22692128289201538 2.397892629431579
27.158499999982055 4.167486536433403 1.6830146597309559 9.876911419046164e-05 -0.00417167974988058 0.2163891842728213 0.06796738678354636 0.22685071665828338 2.3994407535222733
27.158999999982054 4.167869280473357 1.6782366370790336 9.868086163162255e-05 -0.0043657950737027735 0.21635014664662347 0.06783658947846276 0.22677797290017063 2.4009622529818424
27.159499999982053 4.168227195205072 1.6733894152763762 9.859178066523796e-05 -0.00456246569626984 0.21630905710332102 0.0677041884855878 0.22670306882935976 2.4024570181389877
27.159999999982052 4.168560218969422 1.6684732792737917 9.850189100743347e-05 -0.004761676833596526 0.2162659169393654 0.06757018952203842 0.22662601551440711 2.4039248954112846
27.16049999998205 4.16886841029506 1.6634885792007867 9.841116632739373e-05 -0.004963424093544979 0.216220730664376 0.06743461024860485 0.22654683093601255 2.4053657753428146
27.16099999998205 4.169151636744072 1.6584356280177541 9.831965246466614e-05 -0.005167684334025486 0.21617349838442126 0.06729745146629187 0.22646552351073979 2.4067794654201378
27.16149999998205 4.169409893059155 1.6533147289856136 9.822734302553999e-05 -0.005374449115960553 0.21612422244329604 0.06715872507047417 0.22638210747121976 2.4081658568070856
27.161999999982047 4.169643201743875 1.6481262185316703 9.813424885904072e-05 -0.005583705008034504 0.21607290816292343 0.06701844005858558 0.22629659898347151 2.4095248141815704
27.162499999982046 4.169851499880918 1.6428703218873388 9.804037571005858e-05 -0.005795442652157073 0.21601955511140095 0.0668766033760874 0.22620900827594054 2.4108562265547233
27.162999999982045 4.17003482050812 1.637547487715819 9.794574032247133e-05 -0.006009643173985035 0.21596417080162672 0.06673322586472931 0.22611935413720294 2.412159988239462
27.163499999982044 4.17019324432765 1.6321580303723824 9.785034007645043e-05 -0.006226298091424051 0.21590676209805212 0.06658831879794588 0.22602765518388457 2.413436034183698
27.163999999982043 4.170326624812121 1.62670222374638 9.775419166429832e-05 -0.006445391864153151 0.2158473260186556 0.06644188768622775 0.22593391880148406 2.4146841986097316
27.16449999998204 4.170435010131264 1.6211804683878797 9.765728080956953e-05 -0.006666915486954447 0.21578586792723115 0.06629394921999304 0.22583816387493424 2.4159043870602335
27.16499999998204 4.170518393320045 1.6155930016161895 9.755964091355941e-05 -0.006890853005233811 0.21572239227394074 0.06614450422109663 0.22574040361040018 2.4170965182339685
27.16549999998204 4.170576701797169 1.6099401124631305 9.746131359473528e-05 -0.0071171838552856765 0.2156569014856699 0.0659935535507309 0.2256406492072806 2.4182604376238706
27.165999999982038 4.170610038110818 1.6042222073664063 9.73622689385441e-05 -0.007345902817492583 0.21558940258597833 0.06584111683657817 0.22553892227700084 2.419396138488638
27.166499999982037 4.170618397616226 1.5984396139222015 9.726251754420624e-05 -0.0075769961058553765 0.21551989952391584 0.06568720248387291 0.2254352379973997 2.4205035259930052
27.166999999982036 4.170601756239934 1.5925926130259527 9.716208950366016e-05 -0.007810446878655633 0.2154483961283892 0.0655318135558422 0.22532960982227185 2.4215824965625075
27.167499999982034 4.170560154282533 1.586681601419103 9.706096483931636e-05 -0.008046246881983308 0.21537489707223215 0.06537496715390548 0.22522205644238008 2.4226330028056045
27.167999999982033 4.170493577996648 1.58070688030387 9.695915862669539e-05 -0.008284382185842026 0.21529940585590127 0.06521667009135254 0.22511259229085676 2.4236549507840905
27.168499999982032 4.170402058053035 1.5746688237085653 9.685668780451604e-05 -0.008524836217725389 0.21522192911231042 0.06505693056777301 0.22500123514830633 2.424648285730437
27.16899999998203 4.170285610603283 1.5685677058256895 9.67535518660716e-05 -0.008767600227060352 0.21514247033020253 0.06489575798393353 0.22488800047542087 2.425612970322329
27.16949999998203 4.170144163496079 1.5624039012042 9.664976140458546e-05 -0.009012657837635213 0.21506103074820251 0.0647331623298772 0.22477290150950988 2.426548843430375
27.16999999998203 4.169977933360995 1.556177750037146 9.654530994911803e-05 -0.009260001778389424 0.21497762386552643 0.06456915551050044 0.2246559641744299 2.4274560114588617
27.170499999982027 4.169786812062248 1.5498895736404392 9.644022923867641e-05 -0.009509611961416234 0.2148922500767823 0.0644037412348821 0.22453719902895536 2.4283343362239194
27.170999999982026 4.169570837792255 1.543539688844489 9.633453543430286e-05 -0.009761474127552626 0.21480491569068838 0.06423692615350604 0.22441662341207616 2.429183782229753
27.171499999982025 4.169330086580389 1.537128486720133 9.622821977752456e-05 -0.010015577821183999 0.21471562786114998 0.06406872449517169 0.22429425785190812 2.4300043362932096
27.171999999982024 4.169064533393793 1.5306563333927523 9.612127382493284e-05 -0.01027191201312755 0.21462438861935534 0.06389914984002204 0.22417011780546284 2.430795933769077
27.172499999982023 4.168774313128669 1.5241235849131183 9.601371167333886e-05 -0.010530462743384086 0.21453120922194285 0.06372821013839712 0.224044225864588 2.4315586059073966
27.17299999998202 4.168459365011615 1.5175305396737016 9.590556315654128e-05 -0.010791211797038175 0.21443609195238822 0.06355590872119306 0.22391659455529028 2.4322922685872346
27.17349999998202 4.168119734506023 1.5108775762760476 9.579681923944807e-05 -0.011054148547213764 0.21433904240280735 0.06338225921527517 0.2237872428926382 2.432996896708507
27.17399999998202 4.167755481145307 1.5041650466062497 9.568749033603685e-05 -0.011319259121410808 0.21424006785816188 0.06320727053973238 0.22365619005967702 2.4336724813919037
27.174499999982018 4.1673666154088185 1.4973932977231044 9.557758563054445e-05 -0.011586529265384986 0.2141391731435344 0.0630309515817444 0.2235234528909985 2.4343189848027253
27.174999999982017 4.1669532358243195 1.4905626852427665 9.546711312076555e-05 -0.011855945867531924 0.2140363673499579 0.06285331150673797 0.2233890524805166 2.434936435982948
27.175499999982016 4.166515349972338 1.4836736071683332 9.535608398639488e-05 -0.012127492277180348 0.21393165586443377 0.06267436027886898 0.22325300644380372 2.435524798330918
27.175999999982015 4.166052913830304 1.4767261641203095 9.52445022390372e-05 -0.012401163986139472 0.2138250377345846 0.06249410107378166 0.2231153251110907 2.436084018248244
27.176499999982013 4.165566119337587 1.4697210202704478 9.513237328455181e-05 -0.012676937931468953 0.21371652989982662 0.062312551855469675 0.22297603913085012 2.4366141707201447
27.176999999982012 4.165055001885543 1.4626584332604828 9.501970627994618e-05 -0.012954803679356384 0.2136061373297614 0.06212971910430925 0.22283516517662091 2.4371152407916794
27.17749999998201 4.1645195870890275 1.4555387757740124 9.490650476301943e-05 -0.013234747317771111 0.21349386551863309 0.061945613316808236 0.22269272138947194 2.437587235998751
27.17799999998201 4.16395993556122 1.4483623047166434 9.479280447447758e-05 -0.013516752106897423 0.21337972261354302 0.06176023471677171 0.22254872545674714 2.438030173158188
27.17849999998201 4.163376076161788 1.44112945479048 9.467855558676873e-05 -0.013800814877105678 0.21326371110647574 0.061573607507332595 0.22240319716147414 2.4384440241575285
27.178999999982008 4.162768082707741 1.4338406034757156 9.456382201804509e-05 -0.01408690755525282 0.2131458432099781 0.06138572885876247 0.22225615660693024 2.4388288117441372
27.179499999982006 4.162136087422821 1.426496097374614 9.444858297147994e-05 -0.014375024602607585 0.21302612747829186 0.06119661375279473 0.22210762673877674 2.4391846200649177
27.179999999982005 4.161480095197881 1.4190962480567832 9.433286173443444e-05 -0.014665149288495669 0.21290456912060401 0.06100626668356318 0.2219576237274808 2.439511414852065
27.180499999982004 4.160800152883784 1.4116414383669436 9.421667509556628e-05 -0.01495726441668574 0.21278117573368152 0.060814695395253464 0.22180616691484475 2.4398092218543774
27.180999999982003 4.160096352481388 1.4041319576265212 9.410002750396556e-05 -0.01525135982329342 0.21265595512272709 0.060621907728321336 0.22165327636252072 2.4400780686131993
27.181499999982 4.159368754368282 1.39656820847476 9.398291876787124e-05 -0.015547421849248582 0.21252891451618286 0.06042791576477478 0.22149897253770767 2.440317985361038
27.181999999982 4.158617474546063 1.3889505324221354 9.386536076924611e-05 -0.015845436596669333 0.21240006407030995 0.06023272664454777 0.22134327737034992 2.440529046092332
27.182499999982 4.157842645614768 1.3812792988021254 9.374734383496833e-05 -0.0161453948808364 0.21226941343450903 0.06003635350821687 0.221186214304265 2.440711306662121
27.182999999982 4.157044261132638 1.3735548031890272 9.36289025230417e-05 -0.01644727759096518 0.21213696792933026 0.059838797686913504 0.22102779872907236 2.440864769622342
27.183499999981997 4.156222426655773 1.365777404099235 9.351003766885795e-05 -0.01675107277930609 0.21200273660513339 0.059640069371336986 0.22086805256066588 2.4409894784175794
27.183999999981996 4.15537724286731 1.3579474540724623 9.339075784426327e-05 -0.017056766880124554 0.21186672873061588 0.0594401769723982 0.2207069973469924 2.4410855150046444
27.184499999981995 4.154508797717805 1.3500652575799357 9.327108149807593e-05 -0.017364345471647887 0.21172895315973322 0.05923912533421857 0.22054465323407524 2.4411529038673883
27.184999999981994 4.153617165319798 1.342131143518074 9.315101539364265e-05 -0.01767379607884997 0.21158941742760046 0.05903692275709052 0.22038104020948535 2.441191707773404
27.185499999981992 4.152702458918347 1.3341454813857 9.303057377732713e-05 -0.01798510290592637 0.21144813214433442 0.05883357644054242 0.22021618067401363 2.44120199580375
27.18599999998199 4.151764795785247 1.3261085831434247 9.290975424337318e-05 -0.018298256696656988 0.21130510610508021 0.05862909598379637 0.2200500964782637 2.441183828415298
27.18649999998199 4.150804194880544 1.3180207655947316 9.278857548756402e-05 -0.018613241435040718 0.21116034504521397 0.058423486458982224 0.21988280479918346 2.441137215923522
27.18699999998199 4.14982087215428 1.3098823625979534 9.266704643662161e-05 -0.018930045577826973 0.21101386360976923 0.058216755204521325 0.21971433236738122 2.4410623150560493
27.187499999981988 4.148814850262277 1.301693700808514 9.254518159408489e-05 -0.01924865379429455 0.21086566751544633 0.05800890853739958 0.21954469676885333 2.4409591250689413
27.187999999981987 4.147786326788 1.2934550912006384 9.242298156756963e-05 -0.019569056980647554 0.21071576969924344 0.05779995490986643 0.2193739236523772 2.4408277736439823
27.188499999981985 4.146735364176757 1.2851669103927374 9.230043770032966e-05 -0.019891244020594515 0.21056417672085592 0.05758990686689873 0.2192020334754145 2.4406683104175824
27.188999999981984 4.145662043908277 1.2768292348806785 9.217760923672374e-05 -0.020215198838490975 0.21041089750079026 0.05737875353219866 0.2190290423849691 2.440480793908598
27.189499999981983 4.144566636002934 1.2684425937738828 9.205448011772895e-05 -0.020540909070749784 0.21025594976968942 0.057166512904903106 0.21885498293781985 2.440265395257752
27.189999999981982 4.143449109667467 1.2600071690208394 9.193114126731608e-05 -0.020868345507642383 0.2100993405110097 0.05695317028632124 0.2186798672330177 2.4400221059815737
27.19049999998198 4.142309747858185 1.2515234201416934 9.180748900881097e-05 -0.021197519596254558 0.2099410810703089 0.056738760819253276 0.21850372842884866 2.439751097264136
27.19099999998198 4.1411486220556135 1.2429915816667014 9.16835771229841e-05 -0.0215284106860342 0.20978118123491235 0.05652327945162645 0.218326584700417 2.4394524403947315
27.19149999998198 4.139965884574193 1.2344119725637783 9.155941370728476e-05 -0.021861006488460632 0.20961965253788187 0.056306732723046385 0.21814845973495992 2.4391262202601065
27.191999999981977 4.138761650723296 1.2257848846967672 9.143500538110619e-05 -0.022195296016489813 0.20945650419202003 0.056089127284519084 0.21796937517261525 2.438772532710213
27.192499999981976 4.1375361218311815 1.2171106267267056 9.131036548356707e-05 -0.022531267026107322 0.20929175027106658 0.055870468473643485 0.217789356885943 2.438391499616132
27.192999999981975 4.1362894403295964 1.2083895009378856 9.11855031113191e-05 -0.02286890760210077 0.20912540166988514 0.055650762232686696 0.21760842790568397 2.437983229485762
27.193499999981974 4.13502175506822 1.1996218124703646 9.106042441576021e-05 -0.023208206595605373 0.2089574693904681 0.055430015407533055 0.21742661170043573 2.4375478206532284
27.193999999981973 4.133733186032 1.1908078502101123 9.093514712416232e-05 -0.023549150160772588 0.20878796374671413 0.05520823165429421 0.21724392999848818 2.4370853552366314
27.19449999998197 4.132423988468517 1.1819478872256721 9.080966291132291e-05 -0.023891733371686045 0.2086168993924625 0.054985420056520996 0.21706041107125135 2.436596004392643
27.19499999998197 4.131094270673585 1.1730422362279287 9.068400645976184e-05 -0.024235937074846108 0.20844428761141245 0.05476158097502981 0.21687607621545046 2.436079853096921
27.19549999998197 4.129744175996895 1.1640911794816102 9.05581738702634e-05 -0.024581753264210925 0.20827013817047743 0.054536722822057196 0.21669094854945417 2.4355369799613564
27.195999999981968 4.128372565726973 1.1550938633272114 9.043228759424301e-05 -0.024929166374031763 0.20809439559068235 0.05431079349369734 0.2165049724654623 2.4349670237133405
27.196499999981967 4.126981511292994 1.1460520976239215 9.030620658243783e-05 -0.025278173667744024 0.20791716950183917 0.054083874977536035 0.21631828625943508 2.434370847660422
27.196999999981966 4.125570733708707 1.1369658019116002 9.017997521303473e-05 -0.025628761578285 0.2077384490492793 0.05385595347996454 0.21613088710009196 2.433748412867863
27.197499999981964 4.124140377977898 1.1278352883226033 9.00536002802494e-05 -0.025980918784164097 0.2075582450503057 0.05362703604630645 0.21594279850076947 2.4330998242403186
27.197999999981963 4.122690462270876 1.118660772066863 8.992708707379374e-05 -0.026334634199484706 0.20737656153178485 0.05339712558136405 0.21575403646634 2.432425130797465
27.198499999981962 4.121221405136271 1.1094425594108894 8.980045097002535e-05 -0.026689899323421622 0.20719342291925696 0.053166227599591546 0.21556463760103145 2.431724574208439
27.19899999998196 4.119733439771385 1.100181123839942 8.967369220509422e-05 -0.027046698650561272 0.20700884592903246 0.052934354081923214 0.21537463184608022 2.430998286103067
27.19949999998196 4.118226670988119 1.090876369081555 8.95468654138698e-05 -0.02740502305205334 0.20682283849334085 0.052701489070259275 0.21518403463349411 2.430246372773924
27.19999999998196 4.116701352395723 1.081528859008424 8.941989865182558e-05 -0.02776487181927114 0.20663541403420257 0.05246766343486318 0.214992879292643 2.429468992480449
27.200499999981957 4.115157728213793 1.0721387582470157 8.929285685659483e-05 -0.028126225517603704 0.20644659091836953 0.05223286609909553 0.21480119125509933 2.4286663092892216
27.200999999981956 4.113596041831999 1.062706471426506 8.916570362739875e-05 -0.028489080643970027 0.20625638279943703 0.05199711559959449 0.21460900072486272 2.427838479759857
27.201499999981955 4.112016487755838 1.0532321715202484 8.903846317266249e-05 -0.028853426403095055 0.20606480288094933 0.051760410000402 0.21441633157241788 2.426985626875485
27.201999999981954 4.110419165404831 1.0437161826777464 8.891114911436108e-05 -0.029219248285448515 0.2058718605943216 0.0515227547082756 0.21422320534354725 2.426107844011319
27.202499999981953 4.108804656569511 1.03415933859259 8.878369612359558e-05 -0.029586538175348367 0.20567758875368522 0.051284186023461756 0.21402967432769793 2.4252054416872397
27.20299999998195 4.107172281912817 1.0245608979727374 8.865621755009784e-05 -0.029955285218239484 0.2054819545689022 0.05104465700685243 0.21383570743659644 2.424278186964785
27.20349999998195 4.105523367577346 1.014921789701405 8.852864151652046e-05 -0.03032549011561769 0.20528502727485123 0.050804207392829294 0.21364139407615382 2.4233267499732696
27.20399999998195 4.103857784318221 1.0052421420591138 8.840099886043003e-05 -0.030697137915901028 0.205086804349145 0.050562833228134936 0.2134467420656228 2.4223511072679162
27.204499999981948 4.1021758208050425 0.9955223039129582 8.827328130617047e-05 -0.031070220342816025 0.20488730320185533 0.05032054437162761 0.21325178262171005 2.4213514496035593
27.204999999981947 4.100477722475613 0.9857625411983937 8.81454988630976e-05 -0.03144472763541832 0.2046865394279808 0.05007734488460616 0.21305654364454468 2.420327940293087
27.205499999981946 4.098763753859542 0.9759631660404599 8.801765114306546e-05 -0.03182065066609195 0.204484529407973 0.049833241864650726 0.21286105461252042 2.4192807629831483
27.205999999981945 4.097034174985778 0.966124429232405 8.788975558749558e-05 -0.03219797850934084 0.20428128980212268 0.049588237154200764 0.21266534378541338 2.418210094005862
27.206499999981943 4.095287180321423 0.9562450257179131 8.776194844832583e-05 -0.032576698689408205 0.20407672918003036 0.049342262378775134 0.21246931907213293 2.4171152284944384
27.206999999981942 4.0935260633951644 0.9463275900836619 8.763401663069271e-05 -0.03295681169033442 0.2038710202895997 0.04909543658048551 0.212273187764595 2.415997640312126
27.20749999998194 4.091750133658836 0.9363717028165965 8.750602734112115e-05 -0.033338305396110705 0.20366413021139435 0.04884773170575496 0.21207692338923997 2.4148571028612564
27.20799999998194 4.089959689279312 0.9263776582192578 8.737798409645053e-05 -0.03372117080420745 0.20345607704159 0.048599153390594264 0.21188055681407497 2.413693803036037
27.20849999998194 4.08815501107466 0.9163456934832237 8.724990993725862e-05 -0.034105396197502115 0.20324687876261205 0.048349701501130514 0.21168411705128218 2.412507942388032
27.208999999981938 4.086336276253187 0.9062761153529528 8.712175841588864e-05 -0.03449098308472637 0.20303654407820526 0.04809939389818447 0.21148763046274022 2.411299643021649
27.209499999981936 4.084503890433195 0.8961693139379685 8.699356009796535e-05 -0.03487791327681697 0.20282509941172808 0.04784823205348999 0.211291133502017 2.410069180018863
27.209999999981935 4.082657967301665 0.8860255559279784 8.686531621744663e-05 -0.035266176657336654 0.20261255354156896 0.04759622145653478 0.21109464788478444 2.408816627644653
27.210499999981934 4.080799003253776 0.8758451348650492 8.673700742657297e-05 -0.03565577260606662 0.2023989324120409 0.04734337245900762 0.2108982144956703 2.407542339741572
27.210999999981933 4.078927304793957 0.8656284137069437 8.660865846503809e-05 -0.03604668450725215 0.20218425681248517 0.0470896878592483 0.2107018648931797 2.4062465139527722
27.211499999981932 4.077043145789177 0.8553756905124466 8.648024705603382e-05 -0.03643890905703058 0.20196854188210905 0.046835179011200156 0.21050562936953243 2.404929348352894
27.21199999998193 4.075146845141465 0.8450872876214367 8.635178242458172e-05 -0.036832435031540336 0.2017518074468818 0.04657985091170465 0.21030953993909296 2.4035910537884853
27.21249999998193 4.073238694490887 0.8347634906039407 8.622326309609918e-05 -0.037227254722200134 0.20153407086465788 0.04632370982401558 0.21011362712897064 2.402231843499442
27.21299999998193 4.0713190070897785 0.8244045898812182 8.609468846049812e-05 -0.03762336025254508 0.20131535066759104 0.04606676185101803 0.2099179225281785 2.4008519338334975
27.213499999981927 4.069388232716344 0.8140110162467216 8.596603000790376e-05 -0.03802074718534068 0.20109567151451008 0.04580902295004352 0.20972246637411296 2.3994516363550096
27.213999999981926 4.06744653150278 0.8035829500520657 8.583734780781754e-05 -0.038419395024763166 0.20087504767758793 0.04555048307133183 0.20952728032782203 2.3980310833191463
27.214499999981925 4.065494279090394 0.7931207865113359 8.570860538643029e-05 -0.03881930157352194 0.2006534992892144 0.04529115910890665 0.20933240084872456 2.3965905257131253
27.214999999981924 4.063531846567093 0.7826250189018412 8.557979793878052e-05 -0.039220453182382084 0.200431049648603 0.04503106371416946 0.20913786436296458 2.3951302227964693
27.215499999981922 4.061559579267717 0.7720959592214824 8.545091967824207e-05 -0.03962284271532131 0.2002077187528217 0.044770204436887395 0.2089437041845787 2.3936504113047006
27.21599999998192 4.059577691049014 0.7615336744512724 8.532197557891947e-05 -0.04002646797657897 0.19998351818514484 0.04450857998880258 0.20874994461558044 2.39215130280496
27.21649999998192 4.0575865591027345 0.7509385389245161 8.519299395134676e-05 -0.04043131161576424 0.1997584726315206 0.044246192056189015 0.20855662027018507 2.3906331487497177
27.21699999998192 4.0555864681684195 0.7403111728399009 8.506392248598736e-05 -0.040837365549593475 0.1995325992463641 0.043983067564668375 0.20836376561062492 2.389096135547933
27.217499999981918 4.053577850461727 0.7296514454798995 8.493482694383482e-05 -0.041244623160102446 0.19930592235888858 0.04371918549346206 0.2081714120794638 2.3875406281907194
27.217999999981917 4.051561021691538 0.7189598538698984 8.480567294752163e-05 -0.04165307674819701 0.1990784605681421 0.04345456491127412 0.2079795938942103 2.3859668405603185
27.218499999981915 4.049536369069163 0.7082366649329297 8.46764632822805e-05 -0.042062719481462715 0.19885023594637544 0.043189210261890286 0.207788345652857 2.384375060836074
27.218999999981914 4.0475041964834775 0.6974822421759141 8.45472083287075e-05 -0.042473537874352936 0.19862126822416742 0.0429231270822887 0.2075976985639847 2.3827655274631767
27.219499999981913 4.0454648823050965 0.6866968913761563 8.441790810186421e-05 -0.04288552382217771 0.1983915793658831 0.04265632110918304 0.2074076870498338 2.3811385309634083
27.219999999981912 4.04341877250984 0.6758809154289201 8.428856477390712e-05 -0.04329866873941597 0.19816118983262504 0.04238879801921345 0.2072183439466714 2.3794943235106345
27.22049999998191 4.041366222823128 0.6650346522152164 8.415917836626294e-05 -0.04371296304458266 0.1979301208531368 0.04212056447287498 0.2070297027737518 2.3778332035091907
27.22099999998191 4.039307682559967 0.6541584915647903 8.402975281714223e-05 -0.04412839614680823 0.19769839895721064 0.041851628459700384 0.2068418021132645 2.3761554499927353
27.22149999998191 4.0372433787285695 0.6432526253228177 8.390029892219226e-05 -0.044544959097144524 0.1974660383598846 0.04158198966985162 0.2066546673835782 2.3744613241307464
27.221999999981907 4.035173828748494 0.6323174260718979 8.37708068716631e-05 -0.04496264584927598 0.19723306769556112 0.041311658018996035 0.20646834043660953 2.372751209519979
27.222499999981906 4.033099208780004 0.6213531789806782 8.364128313358795e-05 -0.04538144495817103 0.1969994994658085 0.041040637691229745 0.20628284533226068 2.3710252589749805
27.222999999981905 4.031019932681986 0.6103601596247119 8.351173025739731e-05 -0.04580134929773907 0.19676535717810503 0.04076893295061079 0.20609821754894472 2.369283808066389
27.223499999981904 4.028936496033483 0.5993387168714889 8.338213340986459e-05 -0.04622235470312996 0.19653066777629416 0.04049655415956375 0.20591449766759148 2.36752723424654
27.223999999981903 4.026849221576352 0.588289257083989 8.325250587300681e-05 -0.04664444510309071 0.19629545272537352 0.04022350669324899 0.20573171731732676 2.365755811407141
27.2244999999819 4.024758498730357 0.5772120243391431 8.312285024213803e-05 -0.04706761446580416 0.19605973396888426 0.0399497941317002 0.20554991040284223 2.3639698634108717
27.2249999999819 4.022663587332246 0.5661064146362954 8.299328439430109e-05 -0.04749184367175511 0.19582347797948388 0.03967537076548592 0.20536904535178277 2.362169208443177
27.2254999999819 4.0205661841966736 0.554973836381474 8.28636848294157e-05 -0.047917132744147245 0.19558677362462484 0.03940030020732908 0.20518923286502663 2.3603547400423275
27.225999999981898 4.018466657944683 0.5438144908023188 8.27340577192044e-05 -0.048343476051691196 0.19534964163790947 0.03912458405486797 0.20501050519982267 2.3585267918501067
27.226499999981897 4.016365269216179 0.5326286579316216 8.260440910329262e-05 -0.0487708629553521 0.19511209852198588 0.038848225573370865 0.20483288967659066 2.3566856343345735
27.226999999981896 4.014262421633774 0.5214164942991407 8.247474972290151e-05 -0.04919928865526076 0.19487416660018744 0.03857122371559682 0.20465641966774437 2.3548316145449353
27.227499999981895 4.012158646508854 0.5101784591347016 8.234506974960118e-05 -0.04962874410472048 0.19463587619208997 0.03829359056104778 0.20448113756660188 2.3529651373213003
27.227999999981893 4.010054104712729 0.4989148141056838 8.221539502967035e-05 -0.05005921334639408 0.1943972402350681 0.038015324993812785 0.2043070649445481 2.3510864296291607
27.228499999981892 4.007949212465175 0.4876260235800817 8.208573389388838e-05 -0.05049068196593831 0.19415828459570356 0.03773643662144214 0.20413423792057978 2.34919583768613
27.22899999998189 4.005843934887302 0.4763119808906435 8.19561006088945e-05 -0.050923146314075726 0.19391900820774224 0.037456914530465436 0.20396266575268562 2.3472935044183707
27.22949999998189 4.003739469945812 0.4649733733741179 8.182645562346498e-05 -0.05135660572556859 0.1936794738259045 0.037176783540438726 0.2037924256873728 2.3453801790106423
27.22999999998189 4.001635874217496 0.45361072828242277 8.169678739764757e-05 -0.05179104214566718 0.1934396896322761 0.03689605858778899 0.20362353673109387 2.343456030106105
27.230499999981888 3.9995335845601856 0.44222447602692533 8.156708941643172e-05 -0.05222644503249444 0.193199681440201 0.036614750030683894 0.20345603551906927 2.341521435426446
27.230999999981886 3.997433192509212 0.4308142244374721 8.143743460813995e-05 -0.05266281842131563 0.19295947857415846 0.03633282774051194 0.20328995840254702 2.3395769199806944
27.231499999981885 3.9953350162686556 0.41938055865969515 8.130781666574638e-05 -0.05310014294258073 0.1927191033133031 0.036050305337631997 0.20312533686702552 2.3376227513857755
27.231999999981884 3.9932394323582447 0.4079241663100281 8.11781905271646e-05 -0.053538409667601296 0.19247857794058443 0.03576721190721454 0.2029622076234419 2.3356593073441196
27.232499999981883 3.99114704054635 0.39644486098442155 8.104858289034032e-05 -0.0539776229912827 0.19223793210251883 0.03548352985059697 0.20280060949982348 2.3336870983760036
27.23299999998188 3.9890581891741457 0.3849431418997258 8.091899250314372e-05 -0.054417767987961926 0.19199718834245882 0.035199271144958307 0.20264057464717564 2.331706456477903
27.23349999998188 3.986973562151338 0.3734193930649873 8.078939343178311e-05 -0.05485884281260892 0.19175638273922532 0.034914447209541795 0.20248215126257102 2.3297179314034806
27.23399999998188 3.9848932119809453 0.3618737847687252 8.065983197739414e-05 -0.05530083128730856 0.19151552267178157 0.03462905296051373 0.202325353513234 2.3277217347590424
27.234499999981878 3.982817683970791 0.3503065575878366 8.053029164783075e-05 -0.0557437322074833 0.19127463680888201 0.034343093349392805 0.2021702214164946 2.3257183414218154
27.234999999981877 3.9807474325681196 0.33871871125653846 8.0400754912796e-05 -0.05618751797673165 0.19103375712689907 0.034056599167922974 0.20201679505746342 2.3237080315055376
27.235499999981876 3.978682990753541 0.3271097817113371 8.027125849694514e-05 -0.0566322011597437 0.19079290731625187 0.033769543409990686 0.20186510781337322 2.3216914528475927
27.235999999981875 3.976624790096099 0.31548035343660885 8.014178007810405e-05 -0.05707776971524672 0.190552113409742 0.03348194505700956 0.2017151961687233 2.319668970387957
27.236499999981874 3.974573108396993 0.30383077217177035 8.0012320846033e-05 -0.057524210299861045 0.1903113937212419 0.0331938082963749 0.20156708625160177 2.3176410507898377
27.236999999981872 3.9725286180697355 0.2921613170018022 7.988289205786019e-05 -0.057971520593955876 0.1900707839294994 0.032905138495688664 0.2014208237570543 2.3156080521937152
27.23749999998187 3.9704916883563706 0.28047233522567044 7.975349138469263e-05 -0.058419689714238485 0.1898303063893469 0.03261594107280231 0.2012764392129534 2.313570458381023
27.23799999998187 3.96846280882263 0.26876421171852094 7.962409904347653e-05 -0.05886871318112807 0.18958998786701498 0.032326228153201846 0.20113397007375375 2.3115287179961945
27.23849999998187 3.966442375850467 0.25703745842665077 7.94947234003124e-05 -0.05931857382052452 0.18934985411133895 0.032036009847050045 0.20099344859722829 2.3094831967152705
27.238999999981868 3.9644308838618922 0.2452922540175851 7.93653656149733e-05 -0.05976926928236361 0.18910993143325916 0.031745287079250215 0.2008549102436475 2.307434396557842
27.239499999981867 3.962428823607084 0.23352879776712118 7.923603122318818e-05 -0.0602207952438605 0.18887024654272572 0.03145406016055865 0.20071839006303585 2.3053828540735806
27.239999999981865 3.9604366236260184 0.221747470200879 7.910672898773313e-05 -0.0606731397324235 0.1886308252842679 0.031162335138794253 0.2005839207506841 2.3033289828174084
27.240499999981864 3.95845476477898 0.2099486804818692 7.897743596965961e-05 -0.061126297600796846 0.1883916941827385 0.030870125025622086 0.2004515385686056 2.301273275372867
27.240999999981863 3.956483734914359 0.1981327031664257 7.884813230200145e-05 -0.06158026831857559 0.18815287871952727 0.03057743873088659 0.20032127938882086 2.2992161889668035
27.241499999981862 3.954523959222494 0.186299971237675 7.871885257656791e-05 -0.06203503118807687 0.18791440714759605 0.030284277328294414 0.2001931741129932 2.297158208948362
27.24199999998186 3.9525758976549024 0.1744507944056045 7.858958791262673e-05 -0.06249058145841903 0.18767630477141245 0.02999064841067705 0.20006725653078827 2.295099812764336
27.24249999998186 3.9506400511847692 0.16258556571575186 7.846032495070395e-05 -0.06294691258177836 0.18743859958877102 0.029696562424018795 0.1999435626350129 2.2930414974243543
27.24299999998186 3.9487168481618955 0.15070459009763457 7.833106469589229e-05 -0.06340401709926817 0.18720131606377036 0.029402024694718646 0.19982212384138245 2.2909837419819734
27.243499999981857 3.9468067834489577 0.1388082892167418 7.82018028891903e-05 -0.06386188501584034 0.18696448289598513 0.029107044287172312 0.19970297506415607 2.288927054698617
27.243999999981856 3.944910332591813 0.1268970169158901 7.807253800992155e-05 -0.06432050846675323 0.18672812716475468 0.028811628487717726 0.19958614987015688 2.2868719458751485
27.244499999981855 3.943027930814103 0.11497145292962292 7.79432425167737e-05 -0.06477987318729064 0.186492275852988 0.028515799890442933 0.19947168161516113 2.284818825755824
27.244999999981854 3.9411600769487016 0.10303151223235751 7.7813954501961e-05 -0.06523997767128967 0.1862569551740672 0.028219543260386712 0.19935960137171646 2.282768330631115
27.245499999981853 3.9393072278200507 0.091077727155191 7.768465939381484e-05 -0.06570081059385763 0.18602219232559156 0.027922874232883036 0.19924994217247524 2.280720939379745
27.24599999998185 3.937469773510845 0.07911046142548386 7.755534695417035e-05 -0.06616236436084516 0.1857880098657294 0.027625802119587997 0.1991427327582813 2.2786771141804847
27.24649999998185 3.935648306159183 0.06713014551449045 7.742601844584355e-05 -0.06662462842056761 0.18555444173871907 0.027328334621290452 0.1990380110288475 2.27663743840209
27.24699999998185 3.9338432472642455 0.055137142312774896 7.729666456730193e-05 -0.06708759588448115 0.18532151192031943 0.027030481226580725 0.19893580677528389 2.2746024170657106
27.247499999981848 3.9320550710972952 0.04313185428908809 7.716728448938715e-05 -0.0675512564856868 0.18508924815708389 0.026732249919820417 0.1988361516976361 2.272572578313597
27.247999999981847 3.9302833378353004 0.031113927062575236 7.703797866566168e-05 -0.0680155908508248 0.18485763289180446 0.02643360585761655 0.19873902625247958 2.2705480405511844
27.248499999981846 3.928529938884344 0.01908492362256524 7.690859372198853e-05 -0.06848060306918463 0.18462676402783446 0.026134622954285334 0.19864454059719724 2.2685299990725456
27.248999999981844 3.926794827995794 0.007044832110072506 7.677917728493974e-05 -0.06894627947177204 0.1843966430000821 0.02583528750477993 0.19855269699289924 2.266518768422076
27.249499999981843 3.9250784893636173 -0.005005764616003548 7.664970506323866e-05 -0.06941260957167214 0.18416729822864433 0.0255356187267983 0.1984635279545041 2.264514854667742
27.249999999981842 3.923381291769379 -0.017066479960304047 7.652018414338245e-05 -0.06987958008572828 0.18393875280015595 0.025235622013411847 0.1983770579301911 2.2625187959909185
27.25049999998184 3.921703470328934 -0.02913611280536057 7.639055438699732e-05 -0.07034716291538809 0.1837110274825016 0.024935342754881636 0.19829330867990486 2.2605309434693757
27.25099999998184 3.9200459700460133 -0.04121575454333955 7.626094037743687e-05 -0.07081537950185927 0.183484164870992 0.024634717530580982 0.19821232565158314 2.2585522319401896
27.25149999998184 3.918409048701963 -0.05330440821098563 7.613128680781625e-05 -0.07128420819085117 0.18325818495988763 0.024333784275411934 0.19813413070279254 2.256583081278952
27.251999999981837 3.916793185447955 -0.06540158319297133 7.600157713291006e-05 -0.07175363932660507 0.18303311560570532 0.024032556996993387 0.1980587538099686 2.25462402210601
27.252499999981836 3.915198990838673 -0.0775068251986258 7.58718072702638e-05 -0.07222366064873077 0.18280899225242644 0.023731042822612965 0.19798622982242836 2.252675776750288
27.252999999981835 3.913626681732621 -0.08961980252182392 7.574198848620443e-05 -0.07269426237974577 0.18258582912337026 0.023429250044577715 0.19791657469058835 2.250738699462491
27.253499999981834 3.9120767869100295 -0.10174001856671529 7.561212042741575e-05 -0.07316543141654967 0.1823636577312074 0.02312718891050692 0.19784981901022064 2.248813453070428
27.253999999981833 3.9105497180114805 -0.11386703659143912 7.548220018686915e-05 -0.0736371565242662 0.18214250289501796 0.022824869649919376 0.19778598751270704 2.2469005507832227
27.25449999998183 3.9090459426214523 -0.12600038057641036 7.535220897701799e-05 -0.07410942942585852 0.1819223914984634 0.02252230669795086 0.1977251080600111 2.2450006360355035
27.25499999998183 3.907565889779123 -0.13813964554488745 7.522218217504936e-05 -0.07458223105268051 0.18170335157743084 0.02221950096371564 0.1976672036184643 2.243114228763925
27.25549999998183 3.906110018404237 -0.15028436736744222 7.509210588582862e-05 -0.07505555231419839 0.18148540979828526 0.02191646555148182 0.1976123006422176 2.2412419481842445
27.255999999981828 3.9046786864321077 -0.16243419062208486 7.496199388299407e-05 -0.07552938000580588 0.1812685887924073 0.02161320438175489 0.19756041893684015 2.239384317226814
27.256499999981827 3.903272240965885 -0.17458886480530322 7.483185789749347e-05 -0.07600370543876232 0.1810529091842637 0.021309719367754575 0.19751157764556446 2.237541896386902
27.256999999981826 3.9018913585813992 -0.18674734628848538 7.470164324380183e-05 -0.07647851096142737 0.1808384117425353 0.02100604886082008 0.1974658144823631 2.235715391712451
27.257499999981825 3.9005363508686846 -0.19890946812531451 7.457141069065363e-05 -0.07695377855115973 0.18062511802813658 0.020702181451309292 0.19742314355926494 2.2339053110415144
27.257999999981823 3.8992076313847335 -0.21107463740517446 7.444113227909537e-05 -0.0774294973942178 0.18041305291366871 0.020398137338942485 0.19738358780620482 2.2321122914239484
27.258499999981822 3.897905663914678 -0.22324242877289488 7.43108082725106e-05 -0.07790565649511129 0.18020224389137537 0.02009392553736168 0.1973471708966765 2.230336891353993
27.25899999998182 3.896630821713925 -0.23541237090820982 7.418044953502207e-05 -0.07838223970456538 0.17999271531824754 0.019789554409435577 0.1973139111478551 2.228579717191854
27.25949999998182 3.8953835650055444 -0.2475839271123963 7.405004695623133e-05 -0.07885923417070219 0.17978449508529998 0.01948503821064122 0.19728383157556537 2.22684137375821
27.25999999998182 3.8941642829861283 -0.2597566496965543 7.391961310453308e-05 -0.07933662441622134 0.1795776081583011 0.019180384187210433 0.19725695035457153 2.225122476584677
27.260499999981818 3.892973379139929 -0.27193002371859 7.378915074306685e-05 -0.0798143948754083 0.17937208028736057 0.01887560362135898 0.19723328630840584 2.2234235862389746
27.260999999981816 3.891811210338184 -0.28410354359522916 7.365866604697119e-05 -0.08029252897526147 0.17916793512976054 0.018570706986276872 0.19721285542751882 2.2217452765312347
27.261499999981815 3.890678247267246 -0.2962767080444686 7.352815554272417e-05 -0.08077101433897159 0.17896520097402008 0.01826570645898527 0.19719567933771665 2.2200882084832125
27.261999999981814 3.889574805422327 -0.3084490342459146 7.339762270838133e-05 -0.08124983618886562 0.17876389879949 0.017960613407697598 0.1971817715426367 2.2184529381831952
27.262499999981813 3.888501336876628 -0.32061995475193955 7.326707229453154e-05 -0.08172897608170412 0.17856405777962195 0.0176554387932624 0.19717115098581375 2.216840117392806
27.262999999981812 3.8874582382223606 -0.33278894376904483 7.313650483444345e-05 -0.08220841921384621 0.17836570306706756 0.017350195519858145 0.19716383417053468 2.2152503428732606
27.26349999998181 3.886445844933648 -0.34495550982592416 7.300592913764701e-05 -0.08268814867130699 0.17816885734537072 0.017044893023488827 0.19715983373046703 2.2136842052483408
27.26399999998181 3.885464554348151 -0.3571191288936659 7.287535166862694e-05 -0.08316814775692667 0.17797354638682486 0.016739542255830575 0.19715916486371113 2.212142300571071
27.26449999998181 3.8845147054311524 -0.369279280230014 7.27447845828682e-05 -0.08364839778858625 0.17777979358404233 0.0164341528696175 0.19716183920810898 2.21062520963245
27.264999999981807 3.883596681708023 -0.3814354304778004 7.261422856861657e-05 -0.08412888322157808 0.17758762368251305 0.01612873762388779 0.19716787074635667 2.209133572690617
27.265499999981806 3.8827108471765004 -0.39358695701786434 7.248368238045301e-05 -0.0846095848111326 0.17739706154637663 0.015823311531661492 0.197177271699933 2.207667997097202
27.265999999981805 3.881857535479453 -0.40573340516863055 7.23531694409681e-05 -0.08509048403514462 0.17720813022605755 0.015517880604858886 0.19719005175215415 2.2062290526684127
27.266499999981804 3.8810369904348363 -0.41787429443362867 7.222270507362294e-05 -0.08557156192296213 0.17702084819307812 0.015212453154031214 0.19720621601738555 2.2048172904269663
27.266999999981802 3.8802497662976165 -0.43000895875579564 7.209226157151759e-05 -0.08605280709664198 0.17683524792635671 0.014907051586878887 0.1972257861066899 2.203433426142566
27.2674999999818 3.879496090074237 -0.4421368595908485 7.196186568195518e-05 -0.08653419570361653 0.17665134853139658 0.01460168360090319 0.1972487645791822 2.202078000140399
27.2679999999818 3.8787763337597063 -0.4542574715009285 7.183153157869234e-05 -0.0870157081377831 0.17646917539659496 0.01429635795256541 0.19727516107858567 2.2007516163098604
27.2684999999818 3.878090794307046 -0.46637018274323144 7.170124131529476e-05 -0.08749732969047301 0.17628874857862314 0.013991094355636106 0.197304982956966 2.199454849745269
27.268999999981798 3.877439796529045 -0.47847442409206525 7.157100697608796e-05 -0.08797903980507597 0.1761100913165435 0.01368590405797463 0.19733823673689935 2.1981882919083007
27.269499999981797 3.8768236651989563 -0.4905696503599567 7.14408421645169e-05 -0.08846081863427041 0.17593322661601588 0.013380797484371118 0.19737492850482666 2.1969525576925677
27.269999999981795 3.8762426868555155 -0.5026552855206317 7.131075682908376e-05 -0.08894264549058484 0.17575817579320832 0.013075786774742694 0.1974150621021575 2.1957482148619736
27.270499999981794 3.8756971615570586 -0.5147306998210529 7.118073972201032e-05 -0.08942450303454942 0.17558495983585823 0.012770890362680413 0.19745864251582326 2.1945758458004385
27.270999999981793 3.87518742981747 -0.5267953702023284 7.105082392604884e-05 -0.089906367997528 0.17541360363122396 0.012466113992955287 0.19750567420579196 2.193436061724408
27.271499999981792 3.8747137676754386 -0.538848628687285 7.092100438927903e-05 -0.09038821974121271 0.17524412794568622 0.012161475868637953 0.19755615946543723 2.1923293849162757
27.27199999998179 3.8742764203025057 -0.5508899253820116 7.079128291749261e-05 -0.09087004004908036 0.17507655120412577 0.011856989241751019 0.19761009881565098 2.1912564345509273
27.27249999998179 3.873875684750676 -0.562918688939795 7.066168162584449e-05 -0.09135180599687609 0.17491089592126752 0.011552663999252637 0.1976674935753246 2.190217767461318
27.27299999998179 3.873511628959872 -0.574933301489793 7.053210197986036e-05 -0.09183348150414214 0.17474717680068727 0.011248566661242437 0.197728334785166 2.1892137603578403
27.273499999981787 3.8731848066388848 -0.5869346388358003 7.040269979944057e-05 -0.0923150682506743 0.17458542218346684 0.010944635042522532 0.19779263510383804 2.188245240489571
27.273999999981786 3.8728953833285535 -0.5989216097493283 7.027343388249288e-05 -0.09279653739654406 0.17442564959922063 0.01064090801309912 0.1978603889469581 2.1873126655298445
27.274499999981785 3.8726435623494315 -0.6108935680239326 7.014431290935339e-05 -0.09327786508295903 0.17426787699348656 0.010337400555664835 0.19793159150701517 2.18641657430962
27.274999999981784 3.872429663465577 -0.6228498868860269 7.001533157038005e-05 -0.09375903322454021 0.17411212670734286 0.010034129958358751 0.19800624419895319 2.185557554370917
27.275499999981783 3.872253968515711 -0.6347901108758071 6.988649054725707e-05 -0.09424002479558231 0.17395841863691006 0.009731104295639968 0.19808434587048784 2.1847360930423747
27.27599999998178 3.872116648230435 -0.6467134305875782 6.975780912115921e-05 -0.09472080850474886 0.17380677130431618 0.009428342502194426 0.19816588747148906 2.18395278056897
27.27649999998178 3.872017819205232 -0.6586191776019277 6.962930517141598e-05 -0.09520135919675761 0.17365719866043874 0.009125861049770393 0.19825085820596305 2.1832081033762334
27.27699999998178 3.871957953870167 -0.6705069051668483 6.950097393505319e-05 -0.09568166565258737 0.17350972889175445 0.008823670026464987 0.19833926569108695 2.1825026958726665
27.277499999981778 3.8719369248966045 -0.6823757546082634 6.937283509580835e-05 -0.09616168967376613 0.1733643670595628 0.00852178955662991 0.19843108431927697 2.181836875135029
27.277999999981777 3.871955038753777 -0.6942251083718161 6.924488464498496e-05 -0.09664141275617641 0.17322113490541208 0.008220236318014183 0.19852631191495154 2.1812111948081236
27.278499999981776 3.8720125304657222 -0.7060541774222828 6.911714882109745e-05 -0.09712080207526852 0.1730800549086564 0.007919025134837627 0.1986249394260781 2.1806262364890183
27.278999999981774 3.8721094893940777 -0.7178624573350392 6.8989600053916e-05 -0.0975998464558833 0.1729411351396246 0.007618176056837209 0.1987269555395716 2.1800823559231137
27.279499999981773 3.87224609645358 -0.729649369219916 6.886227306725339e-05 -0.09807851798416783 0.17280439369317857 0.007317696429664421 0.1988323486022194 2.1795800677779518
27.279999999981772 3.872422487013284 -0.741414162075849 6.873516578111336e-05 -0.09855679071007574 0.1726698456770286 0.007017606922489645 0.1989411053757295 2.1791198087818824
27.28049999998177 3.8726388556576103 -0.7531562554035554 6.860829111340015e-05 -0.09903464216107555 0.17253750819670224 0.006717919921027074 0.1990532153238543 2.178702091055042
27.28099999998177 3.87289530784297 -0.7648748813141991 6.84816388814403e-05 -0.09951204745918202 0.17240739450523376 0.006418658694988863 0.19916866332092648 2.1783273099317952
27.28149999998177 3.8731920256207797 -0.7765693903057769 6.83552349641417e-05 -0.09998897829584237 0.17227952284877593 0.006119834776104454 0.19928743600973736 2.177995944261869
27.281999999981768 3.8735290471150696 -0.788239096340877 6.822907783434207e-05 -0.10046540963758784 0.17215390296419308 0.005821467147028586 0.19940951411403887 2.1777083558234733
27.282499999981766 3.8739065580168153 -0.7998833115102828 6.810316729809565e-05 -0.10094131843138275 0.17203055176132012 0.005523574603834774 0.19953488512632114 2.1774650144468564
27.282999999981765 3.8743246153000084 -0.8115013700317639 6.797752224943211e-05 -0.10141667565345454 0.17190948114091584 0.005226170950001629 0.19966352864140094 2.177266293182087
27.283499999981764 3.8747833445150297 -0.8230925690083339 6.785214625871518e-05 -0.10189145574481998 0.1717907056283321 0.004929274389931122 0.19979542797594266 2.177112619733818
27.283999999981763 3.875282812046623 -0.8346562065519814 6.772704613570943e-05 -0.10236563165469754 0.17167423706274032 0.004632902837246994 0.19993056295583864 2.1770043188551256
27.28449999998176 3.8758230646017577 -0.846191593344724 6.760222648690877e-05 -0.10283917689078895 0.17156008610399823 0.004337074025570113 0.2000689122744699 2.1769417673740077
27.28499999998176 3.8764042057629897 -0.8576980036181205 6.747769177299958e-05 -0.10331206475944237 0.17144826647340214 0.0040418070087206775 0.2002104567835798 2.176925337077742
27.28549999998176 3.877026244990483 -0.8691747868162689 6.73534662576966e-05 -0.10378426484742694 0.1713387880298827 0.00374711415872334 0.20035517157784682 2.1769553564645197
27.285999999981758 3.8776892793143407 -0.8806211737715143 6.722952786898067e-05 -0.10425575517209619 0.17123166279544277 0.0034530216957392194 0.20050303785486026 2.177032138236912
27.286499999981757 3.878393311986788 -0.8920365018495138 6.710589927826072e-05 -0.10472650535641807 0.17112690028467423 0.003159542915207426 0.20065402970446852 2.17715601617734
27.286999999981756 3.879138328659923 -0.9034200419896299 6.698258737173349e-05 -0.10519648579376581 0.17102450898558705 0.002866696293406071 0.20080812046517876 2.1773272601233664
27.287499999981755 3.8799245366413793 -0.9147712069135855 6.685959000362504e-05 -0.10566567832996453 0.17092450522750896 0.0025744983490595843 0.2009652957750407 2.1775460024983615
27.287999999981754 3.8807517155978095 -0.9260891016264536 6.673692148048943e-05 -0.10613404407855373 0.1708268897487301 0.0022829727467351835 0.20112551687504873 2.177812810936144
27.288499999981752 3.881620045538527 -0.9373728943606188 6.661456676069187e-05 -0.10660155652167395 0.1707316801654938 0.001992144134013897 0.20128876546699473 2.1781278882657755
27.28899999998175 3.88252932177799 -0.9486221018924212 6.649256459199888e-05 -0.10706818565384685 0.17063887507935677 0.0017020180638477064 0.20145500473565953 2.178491345878403
27.28949999998175 3.8834796200612667 -0.9598359388292849 6.637091094322144e-05 -0.10753390408454334 0.1705484869565177 0.0014126172905784876 0.20162421089351074 2.1789034588433167
27.28999999998175 3.8844709410447726 -0.9710135839066767 6.624962243216649e-05 -0.10799867738657726 0.170460526465934 0.0011239613190482433 0.20179635449962938 2.179364497829686
27.290499999981748 3.885503034145459 -0.9821544275667672 6.612870454607085e-05 -0.1084624778663952 0.17037498917411104 0.0008360666093744394 0.2019713966094507 2.1798744168043758
27.290999999981747 3.886576045586738 -0.9932576958348451 6.600814612430349e-05 -0.108925280676029 0.17029189050608834 0.0005489564173058766 0.20214931633729902 2.1804335694381023
27.291499999981745 3.887689812741976 -1.0043225789520978 6.588793685173536e-05 -0.10938705623284209 0.17021123114305756 0.0002626564936397749 0.20233007751433296 2.1810420815560385
27.291999999981744 3.8888443113806193 -1.0153484231668992 6.576811080176475e-05 -0.10984777135733725 0.17013302008383102 -2.282239226907251e-05 0.2025136487150451 2.1817001045901385
27.292499999981743 3.8900393752252698 -1.026334198210361 6.564864010629347e-05 -0.11030739228134114 0.17005725918250916 -0.0003074443181454395 0.20269999189586943 2.1824076639683705
27.292999999981742 3.891274860632115 -1.0372796969413192 6.552959635903972e-05 -0.11076589214527176 0.16998394917385903 -0.0005912188937805429 0.2028890716112118 2.1831649872506365
27.29349999998174 3.8925507853495276 -1.0481839495677117 6.541095881920243e-05 -0.11122323960173222 0.1699131007830405 -0.0008741146451293735 0.20308085808767118 2.183972021146357
27.29399999998174 3.8938670259232695 -1.0590462056705983 6.529273242030507e-05 -0.11167940350443469 0.1698447172166465 -0.0011561113316019321 0.2032753150948733 2.1848289117844604
27.29449999998174 3.8952234127623226 -1.0698657715609847 6.51749333946443e-05 -0.11213435191353582 0.16977879955013025 -0.0014371923539517083 0.20347240397069638 2.185735691788299
27.294999999981737 3.8966198186922347 -1.080641896209467 6.505755872541442e-05 -0.11258805575312773 0.16971535016649814 -0.001717335573860425 0.20367208847036386 2.1866924486076083
27.295499999981736 3.898056070098112 -1.0913738003525326 6.494061895197493e-05 -0.11304048094988196 0.1696543705938704 -0.0019965209417587035 0.20387432867051658 2.1876991417156892
27.295999999981735 3.8995320306018955 -1.1020607663017095 6.482411699238717e-05 -0.11349159831259925 0.16959586276885083 -0.0022747282307731447 0.20407908747439837 2.188755809932061
27.296499999981734 3.901047453898002 -1.1127019441619082 6.470806313657216e-05 -0.11394137066396777 0.1695398253014214 -0.0025519346915779356 0.20428632035133987 2.189862392877237
27.296999999981733 3.9026022496727304 -1.1232967062092758 6.459247339387771e-05 -0.11438976905720792 0.1694862624959095 -0.0028281262156900147 0.20449599198440438 2.191018901271617
27.29749999998173 3.904196169508223 -1.133844280697692 6.447735786581738e-05 -0.11483675862247929 0.1694351721653855 -0.003103282828795018 0.20470805812655957 2.192225229670682
27.29799999998173 3.9058289248300024 -1.1443439072093602 6.436271378367082e-05 -0.1152823093681299 0.1693865485919905 -0.0033773798984780426 0.2049224741021214 2.193481300252762
27.29849999998173 3.9075003126696073 -1.1547949440564365 6.424853484955627e-05 -0.11572639020859599 0.1693403907811765 -0.0036504027383003797 0.20513919854768267 2.194786412020213
27.298999999981728 3.909210251032458 -1.1651964847837328 6.413485709984564e-05 -0.11616896473161381 0.16929670577736086 -0.00392232683691243 0.20535819341262426 2.196141384333995
27.299499999981727 3.910958414376624 -1.1755476945332575 6.402168466854842e-05 -0.11660999325052009 0.16925548885459435 -0.0041931316631223 0.20557940895536775 2.19754572873535
27.299999999981726 3.912744703673881 -1.1858480952449633 6.390900926344044e-05 -0.11704945868529712 0.1692167400882974 -0.004462800972650892 0.20580281217017654 2.198999257450976
27.300499999981724 3.914568726666519 -1.1960967680316739 6.379686478932823e-05 -0.11748731382656052 0.16918045362329653 -0.00473131464895522 0.20602834789579935 2.2005018724106513
27.300999999981723 3.916430213852302 -1.2062929678518122 6.368521300479795e-05 -0.11792353595806458 0.16914662254973784 -0.004998642843583676 0.20625597369073734 2.2020532900978105
27.301499999981722 3.918328888043709 -1.2164360287967964 6.357410085884272e-05 -0.11835808519957149 0.16911524462852232 -0.00526477607435081 0.20648564154678414 2.203653281645324
27.30199999998172 3.9202644858905544 -1.2265251371591297 6.346351702390177e-05 -0.11879093020426945 0.16908631585861209 -0.005529688175287805 0.2067173063890633 2.2053016244991968
27.30249999998172 3.9222369108233806 -1.2365594185092705 6.335347917062186e-05 -0.11922203143037094 0.1690598434506537 -0.0057933590749539715 0.20695092765028922 2.2069983854434874
27.30299999998172 3.924245629631922 -1.2465383272069706 6.324398278422952e-05 -0.11965136341040393 0.16903580741113214 -0.00605576977608256 0.20718645057214244 2.2087427368707244
27.303499999981717 3.9262903281979185 -1.256461083488676 6.31350478075044e-05 -0.12007888819200335 0.16901420306362688 -0.006316901457879372 0.20742382570642434 2.2105346028839294
27.303999999981716 3.9283707856148475 -1.266326881906674 6.302667528173303e-05 -0.12050457265353091 0.16899502908684572 -0.0065767303916275215 0.2076630089089487 2.2123737399753924
27.304499999981715 3.93048663536995 -1.2761350246575072 6.291887312199323e-05 -0.12092838388764471 0.1689782765498308 -0.00683523754600906 0.20790395005323742 2.214259809394137
27.304999999981714 3.9326374628521426 -1.2858848416940343 6.281166266260742e-05 -0.12135028489435531 0.16896393520453165 -0.007092408483299135 0.20814659570080973 2.216192330281035
27.305499999981713 3.93482294356902 -1.295575529994103 6.270503843362738e-05 -0.12177024441012999 0.16895199777279568 -0.007348216456992318 0.2083908977384098 2.218171047467159
27.30599999998171 3.937042710626782 -1.3052063759229968 6.259901549220442e-05 -0.12218822641390549 0.16894245620893794 -0.007602644163948527 0.2086368049562885 2.2201955478599227
27.30649999998171 3.9392963765955984 -1.314776675355619 6.249359221943975e-05 -0.12260419988981792 0.16893529985756747 -0.007855669816753579 0.20888426680068206 2.2222653663735734
27.30699999998171 3.941583570521157 -1.3242856526816045 6.238877754609122e-05 -0.1230181289224127 0.16893052044431142 -0.008107272044589513 0.20913323179533724 2.2243801274415738
27.307499999981708 3.9439039899007855 -1.3337325927533759 6.22845795361812e-05 -0.12342998043534796 0.1689281123420526 -0.008357431615962117 0.20938365235360426 2.226539421139732
27.307999999981707 3.946257076438176 -1.3431167795576728 6.218101439498344e-05 -0.12383971698708164 0.1689280579228931 -0.008606129397986429 0.20963546865989946 2.2287426870035874
27.308499999981706 3.9486424334065164 -1.3524374767805656 6.207808229178363e-05 -0.12424730527351036 0.16893034676789764 -0.008853343546244993 0.20988862908409034 2.2309894088020865
27.308999999981705 3.951059729748562 -1.3616939897166898 6.197578962121791e-05 -0.12465271345949142 0.16893497136794175 -0.009099054509298975 0.2101430853415467 2.23327919340604
27.309499999981703 3.9535085112169304 -1.3708855697146614 6.187413608626233e-05 -0.12505590753734447 0.1689419185078543 -0.009343239575012482 0.21039878318293434 2.2356114747572615
27.309999999981702 3.955988341616816 -1.3800115521817866 6.177314171578615e-05 -0.1254568521363656 0.16895117626763514 -0.009585882595499152 0.210655668937055 2.2379857001378674
27.3104999999817 3.9584982279487892 -1.3890709103371404 6.167283403183874e-05 -0.1258554905634425 0.16896271045191485 -0.009826955936682329 0.21091365790579772 2.240400930312102
27.3109999999817 3.9610386354395235 -1.398063254371128 6.15731812170238e-05 -0.12625181953969486 0.16897654610674856 -0.010066445192569844 0.21117274537701308 2.2428572456683487
27.3114999999817 3.96360872484326 -1.4069879044265234 6.14741858982341e-05 -0.12664580242249837 0.16899265069118932 -0.01030432818732055 0.21143286035587003 2.245353712158911
27.311999999981698 3.966208004972831 -1.4158441444150318 6.13758725283122e-05 -0.1270374003057713 0.1690110105093986 -0.010540588135783114 0.21169394594108032 2.2478897952652988
27.312499999981696 3.968836057548351 -1.4246318017096826 6.127831653885797e-05 -0.12742658302269416 0.16903161289814594 -0.010775235152511263 0.21195595276467263 2.250464914268335
27.312999999981695 3.971492398314336 -1.4333494006928684 6.118141633113139e-05 -0.12781331392110448 0.16905444396286196 -0.011008202798565934 0.21221882284081586 2.2530784018990326
27.313499999981694 3.9741764776299116 -1.4419965496878722 6.10852173771243e-05 -0.1281975599960715 0.16907948504711395 -0.011239488349122854 0.21248249987020967 2.255729630583642
27.313999999981693 3.976887849458536 -1.4505725495819606 6.098972384856862e-05 -0.12857928800663168 0.16910672309016003 -0.01146907133186507 0.2127469311078301 2.2584178896124176
27.31449999998169 3.979625959457618 -1.4590769711049456 6.0894949897309556e-05 -0.1289584712022329 0.16913613730271845 -0.011696940661515451 0.2130120622343725 2.2611425350015493
27.31499999998169 3.982390313061443 -1.4675087987223372 6.0800887016430034e-05 -0.12933506726126756 0.16916771485248447 -0.011923063723281974 0.21327783480811488 2.2639028416259293
27.31549999998169 3.985180556226333 -1.4758675231368006 6.070753332308312e-05 -0.12970905303687527 0.16920144437107526 -0.012147424042137173 0.21354420415417621 2.2666982138099785
27.31599999998169 3.9879959350316248 -1.4841524481787052 6.0614914070454526e-05 -0.13008038637308197 0.1692372993206234 -0.012370004975493796 0.21381110219865176 2.269527758045993
27.316499999981687 3.990836003249283 -1.492362924701226 6.052302307092901e-05 -0.13044903881402944 0.16927526514898017 -0.012590784903900963 0.21407847856162002 2.272390825671314
27.316999999981686 3.993700332742731 -1.500498405933984 6.043185662669255e-05 -0.13081498193820476 0.16931532816920183 -0.012809748771797722 0.21434628412019163 2.275286757191276
27.317499999981685 3.9965880115519985 -1.5085578950395688 6.034142618513953e-05 -0.13117816794407358 0.16935745524546575 -0.013026863835144219 0.21461444167101826 2.278214547948617
27.317999999981684 3.999498840322965 -1.5165411739782626 6.025175465068506e-05 -0.13153857933473834 0.16940164146493417 -0.013242128971588982 0.2148829168736211 2.2811735697759508
27.318499999981682 4.002432221939779 -1.5244474414712759 6.0162824653309755e-05 -0.13189618291646982 0.1694478657381286 -0.013455514930398848 0.2151516515232544 2.284163061327631
27.31899999998168 4.005387476481218 -1.5322761465853196 6.007465329051798e-05 -0.13225094467006293 0.16949610290497183 -0.013667007884619182 0.215420584834911 2.287182150865975
27.31949999998168 4.008364112177619 -1.5400266143725956 5.998723889220155e-05 -0.1326028335584489 0.16954633674490413 -0.013876586008257547 0.21568966458917474 2.2902300467659438
27.31999999998168 4.011361552790714 -1.5476983039879224 5.990060258112043e-05 -0.13295181670233922 0.16959854713494185 -0.014084236502299034 0.21595883513435654 2.293306003705703
27.320499999981678 4.014379208032252 -1.555290566293115 5.9814726785116166e-05 -0.13329786637410007 0.16965271172872096 -0.014289934888978431 0.2162280416965551 2.296409182939019
27.320999999981677 4.017416396542022 -1.5628027758741099 5.9729619781657044e-05 -0.13364094829459308 0.1697088053336503 -0.01449366256423198 0.21649722382372188 2.299538635800314
27.321499999981675 4.020472667359758 -1.5702344050338912 5.9645286665369145e-05 -0.13398103569869077 0.16976681256160295 -0.014695403799404367 0.21676633379528248 2.3026936282018693
27.321999999981674 4.023547379387154 -1.5775848713078533 5.95617275983497e-05 -0.1343180984303388 0.16982670907575284 -0.014895139620098675 0.217035314789425 2.305873330513945
27.322499999981673 4.026639963211399 -1.5848535986447818 5.947895707186575e-05 -0.13465210407647812 0.16988847494847087 -0.01509285457329113 0.217304112505287 2.309076865416505
27.322999999981672 4.029749793222548 -1.5920399272247687 5.939699037010168e-05 -0.13498301617406652 0.16995208858387226 -0.015288530963823672 0.2175726688913395 2.3123033619357862
27.32349999998167 4.032876311563634 -1.5991434087368253 5.931580999503996e-05 -0.13531081490318103 0.17001752681803156 -0.015482149861755386 0.2178409351325523 2.31555200401976
27.32399999998167 4.03601879326047 -1.6061635078254137 5.9235429521416126e-05 -0.13563546754300107 0.17008476170637815 -0.015673696341632813 0.2181088512127228 2.3188217974695724
27.32449999998167 4.039176691309388 -1.6130996771807888 5.9155850388534925e-05 -0.13595694625007157 0.170153773104638 -0.015863152987078064 0.21837636629928828 2.3221119628464644
27.324999999981667 4.0423493251362865 -1.619951389927334 5.907707738910243e-05 -0.13627522141952575 0.17022453440165336 -0.016050503065274526 0.21864342371507273 2.3254215034299106
27.325499999981666 4.045536107773284 -1.626718105929177 5.8999115704423414e-05 -0.13659026390150694 0.17029702373046376 -0.016235730294437974 0.21890997104364884 2.328749635457502
27.325999999981665 4.04873641501787 -1.6333993328154062 5.8921967401405606e-05 -0.13690204690126132 0.1703712165909962 -0.01641881836577794 0.21917595553568303 2.3320954297278
27.326499999981664 4.05194955453366 -1.6399945703939296 5.884564379410318e-05 -0.13721053999277766 0.17044708596517646 -0.016599752888855263 0.21944132061920552 2.3354579375477975
27.326999999981663 4.055175018222837 -1.6465031838113204 5.8770129460357034e-05 -0.1375157165815177 0.1705246133482881 -0.01677851042727449 0.2197060182987021 2.3388363710059634
27.32749999998166 4.058412009886599 -1.6529247115260475 5.86954622901832e-05 -0.1378175405267999 0.17060376807014022 -0.016955082831580353 0.2199699865672862 2.3422297809655652
27.32799999998166 4.061660484116379 -1.6592585054072875 5.8621522532609595e-05 -0.1381160157639191 0.17068454656286913 -0.01712942402836385 0.22023320688173906 2.345637516266863
27.32849999998166 4.064918955873129 -1.6655045957896555 5.854848839780292e-05 -0.13841108086036438 0.1707668896019165 -0.017301569897090266 0.2204955831987375 2.349058173489597
27.328999999981658 4.068186993580627 -1.6716623799068329 5.847630261273911e-05 -0.13870272157074526 0.1708507789339933 -0.017471488724453015 0.22075707588145987 2.35249103448334
27.329499999981657 4.071464066004117 -1.6777312592627998 5.840496079190925e-05 -0.13899091008642425 0.17093619517573846 -0.01763915984374362 0.2210176370061986 2.3559352241744387
27.329999999981656 4.074749467706003 -1.683710845617522 5.833447171369958e-05 -0.13927562063576984 0.17102310919142952 -0.017804571480826977 0.22127721334696526 2.3593898039472325
27.330499999981654 4.07804253620535 -1.6896006794652687 5.826484160405638e-05 -0.13955682619445775 0.1711114944383661 -0.017967709167684635 0.2215357529590553 2.3628539359317124
27.330999999981653 4.081342531387215 -1.6954010094736005 5.819616734930236e-05 -0.13983450341469617 0.17120131910349984 -0.018128598061055868 0.22179320565714444 2.366326664332475
27.331499999981652 4.084649152172274 -1.7011104787555396 5.81283188252586e-05 -0.1401086275525138 0.1712925749515556 -0.018287171105396384 0.22204953135555444 2.36980716231007
27.33199999998165 4.0879613251035 -1.706728920202859 5.8061349862282915e-05 -0.1403791675882155 0.17138521521742517 -0.01844342935813281 0.22230466206171176 2.373294392392122
27.33249999998165 4.091278320902305 -1.7122562419114913 5.799527244545341e-05 -0.14064610689123141 0.17147920648568257 -0.018597371219717402 0.2225585492783933 2.3767875376015697
27.33299999998165 4.094599700798508 -1.7176916904075483 5.793007921890209e-05 -0.140909413811627 0.17157453553246857 -0.018748970836871243 0.22281114884888617 2.3802855830178387
27.333499999981647 4.09792471628131 -1.7230349827346902 5.786577528172396e-05 -0.14116906699557166 0.1716711695360877 -0.01889821850515425 0.22306240962779209 2.3837876999440915
27.333999999981646 4.101252725414792 -1.7282857186141778 5.780237869583733e-05 -0.14142503906601356 0.17176908305138044 -0.019045103942409387 0.2233122825804991 2.3872929597910675
27.334499999981645 4.104583032653322 -1.7334435895323757 5.77398892656069e-05 -0.14167730987867377 0.17186824573653486 -0.019189615351552617 0.22356071963641608 2.390800499683278
27.334999999981644 4.107914997082879 -1.7385082353975574 5.7678321130550556e-05 -0.1419258542306091 0.17196863153491967 -0.019331743107405756 0.22380767328814222 2.394309424950439
27.335499999981643 4.111247871137757 -1.7434793775681854 5.761766140689688e-05 -0.1421706553672191 0.17207020630769088 -0.019471473372660184 0.2240530950949308 2.3978188102895728
27.33599999998164 4.11458106149483 -1.7483564949467878 5.7557929170649315e-05 -0.14241168198666948 0.17217294837414557 -0.01960879272717746 0.22429693727364153 2.4013278393980872
27.33649999998164 4.117914465011985 -1.753138941857214 5.7499011916678384e-05 -0.14264893644382942 0.17227685159532577 -0.01974365602082094 0.22453918281053328 2.4048359443919747
27.33699999998164 4.121246529268092 -1.7578269747786015 5.74410898214302e-05 -0.14288236410590505 0.17238185101014303 -0.019876106242281276 0.2247797413681447 2.408341754524952
27.337499999981638 4.124576682254567 -1.7624204231256113 5.738412328987982e-05 -0.14311196140953547 0.17248791761968935 -0.020006126577600224 0.22501857773059555 2.4118445432345443
27.337999999981637 4.1279044867206816 -1.766918540461111 5.7328100050967074e-05 -0.1433376972397737 0.1725950378026182 -0.0201336918134388 0.22525565047324952 2.415343455259948
27.338499999981636 4.131229197963478 -1.7713211500109571 5.7273035227549934e-05 -0.14355955265408207 0.17270317824673118 -0.020258796517654113 0.22549091283487696 2.4188376540389864
27.338999999981635 4.134550142522901 -1.775628000275249 5.7218939760536506e-05 -0.14377750705784087 0.17281230973101602 -0.020381433045317216 0.22572432023004707 2.4223263238845254
27.339499999981633 4.137866663275113 -1.7798382806305566 5.716584309774432e-05 -0.14399151538038052 0.1729224115242687 -0.02050158194769388 0.2259558181841417 2.4258086874359663
27.339999999981632 4.141178092194835 -1.7839525591502479 5.71137202477976e-05 -0.14420159556824452 0.17303344281534563 -0.02061925137376693 0.2261853797754701 2.4292838550320934
27.34049999998163 4.144483694147963 -1.7879702762227623 5.706259491425948e-05 -0.14440771187300705 0.1731453758611175 -0.02073442760533025 0.2264129521882654 2.4327509411911303
27.34099999998163 4.14778283446427 -1.7918912245290917 5.701245875117636e-05 -0.14460985079205546 0.1732581813883843 -0.02084710004227407 0.22663849616577367 2.4362091758341538
27.34149999998163 4.15107487368788 -1.7957150816949605 5.6963333539323714e-05 -0.14480798705654038 0.1733718333605772 -0.020957261506826568 0.22686196800706906 2.4396577810743985
27.341999999981628 4.154359031174247 -1.799441959800632 5.691521309836903e-05 -0.1450021159841607 0.173486292025211 -0.021064911292205692 0.2270833275436338 2.4430960407287743
27.342499999981627 4.157634804905067 -1.8030712047334398 5.6868107925094546e-05 -0.1451922051273713 0.17360154094334582 -0.021170029920328966 0.22730253323375096 2.446523025398081
27.342999999981625 4.16090152007757 -1.8066027766346624 5.68220227588679e-05 -0.14537824319449316 0.17371754790683666 -0.02127261470249168 0.22751954681161343 2.449938049853028
27.343499999981624 4.164158502711464 -1.8100365567474315 5.677697597575839e-05 -0.145560212927933 0.17383428251647498 -0.021372663591945402 0.22773432792325643 2.4533403009119255
27.343999999981623 4.167405033369315 -1.8133721676651058 5.673296318898542e-05 -0.1457380922531801 0.1739517139578423 -0.021470161417782314 0.22794683185728434 2.4567290132629456
27.344499999981622 4.170640555556772 -1.8166095446258912 5.668998905946001e-05 -0.14591187083193016 0.17406981578404065 -0.021565105047829436 0.2281570261300047 2.4601034389365872
27.34499999998162 4.1738644029242336 -1.8197485146712626 5.664806414909973e-05 -0.14608153107623337 0.17418855821280724 -0.021657489342516933 0.22836487115678344 2.4634629168934703
27.34549999998162 4.177075915126575 -1.8227889229490373 5.660719648077274e-05 -0.14624705714545747 0.1743079112645417 -0.02174730864275668 0.22857032853438647 2.466806643775525
27.34599999998162 4.1802745192665896 -1.8257313842755227 5.656746966139916e-05 -0.14640844448687854 0.17442784597348937 -0.02183459651898381 0.22877337186212374 2.4701339918780634
27.346499999981617 4.183458859697949 -1.828575195260289 5.652876835333549e-05 -0.1465656746235732 0.17454829646584502 -0.021919305906036534 0.2289739302811437 2.4734442766800657
27.346999999981616 4.186629164675813 -1.8313198162128521 5.6491138061296755e-05 -0.1467187229105765 0.1746692824255101 -0.022001427563050725 0.22917199805029695 2.4767367019164648
27.347499999981615 4.189784717662601 -1.83396530752252 5.6454578317520004e-05 -0.14686758250704554 0.17479076806739105 -0.022080960584242436 0.22936753958085523 2.4800106239232727
27.347999999981614 4.192924854592658 -1.8365115817959765 5.641909962826163e-05 -0.14701223944373412 0.17491272258132276 -0.022157901884779174 0.2295605185632061 2.483265385165654
27.348499999981613 4.196049031452234 -1.8389586018206292 5.638471043729373e-05 -0.14715268349326815 0.17503512033004118 -0.022232249832279095 0.22975090541894894 2.486500319244647
27.34899999998161 4.199156843249498 -1.8413057087175624 5.6351347778631255e-05 -0.147288902288298 0.17515794372239704 -0.022303967458066242 0.22993867215133842 2.48971492944717
27.34949999998161 4.2022473158409905 -1.843553563027371 5.631910961113943e-05 -0.14742088213005605 0.17528114540467865 -0.022373094577821294 0.23012377491986374 2.4929083019979643
27.34999999998161 4.205319963018327 -1.8457019262653578 5.6287965696593795e-05 -0.14754861597647784 0.1754047018708494 -0.022439614657158883 0.23030618710954656 2.4960800086273265
27.350499999981608 4.2083742431833935 -1.847750636506301 5.625793842318807e-05 -0.14767208613839325 0.17552858991008588 -0.022503525056855923 0.23048587709504606 2.49922938156532
27.350999999981607 4.2114095366449895 -1.849699667279476 5.6229006500833746e-05 -0.1477912889832711 0.17565277788581374 -0.022564817829744958 0.23066281555991927 2.502355842557776
27.351499999981606 4.214425317295639 -1.8515489538384995 5.620117274164992e-05 -0.14790621493326364 0.17577724088843427 -0.022623489431454567 0.23083697516708748 2.505458809277748
27.351999999981604 4.217420997745936 -1.8532984886120167 5.617445665596272e-05 -0.14801685176955182 0.17590195153621346 -0.022679541265555516 0.23100832572449398 2.508537718367301
27.352499999981603 4.220396048001866 -1.854947619570837 5.614888387905588e-05 -0.14812316306687656 0.17602689300805907 -0.022732958053353607 0.23117682816593602 2.511592098953371
27.352999999981602 4.22334949821595 -1.8564970553544444 5.6124418637206125e-05 -0.14822517049376374 0.17615200745926213 -0.022783748822994238 0.2313424520278597 2.5146209983625627
27.3534999999816 4.226281421088178 -1.8579467520414426 5.6101067059638906e-05 -0.14832287301718008 0.17627729876322848 -0.022831912496335757 0.23150519853249812 2.5176243625990944
27.3539999999816 4.229191092623104 -1.859296674555809 5.607883216687041e-05 -0.14841625951433338 0.17640273210153287 -0.022877445765366648 0.2316650329805049 2.520601493184385
27.3544999999816 4.232077989771932 -1.8605467769162023 5.60577165084124e-05 -0.1485053211394764 0.17652828247392607 -0.022920345690499527 0.23182192986537156 2.5235519024995954
27.354999999981597 4.234941529847811 -1.8616974534607655 5.6037772523569073e-05 -0.14859005284414886 0.1766539205633623 -0.022960632427315733 0.23197586533106407 2.526475061058141
27.355499999981596 4.237780732843431 -1.8627486178344816 5.6018933157416645e-05 -0.1486704535559158 0.176779594792342 -0.0229982870772788 0.2321267974705964 2.529370544039208
27.355999999981595 4.240596004118301 -1.8636997725825857 5.600120356909768e-05 -0.1487465110226368 0.17690533025328312 -0.023033294570058985 0.23227473619010244 2.532237918258469
27.356499999981594 4.243386461531321 -1.8645512868694905 5.598458841064619e-05 -0.1488182264387846 0.17703108001378967 -0.023065663564457998 0.23241964772132095 2.5350766330568764
27.356999999981593 4.246151717350697 -1.865303094372701 5.596909202446598e-05 -0.14888559183766695 0.1771568258307781 -0.02309539093563421 0.23256151332015101 2.5378862992879125
27.35749999998159 4.248891247563269 -1.8659552889168123 5.595471522242566e-05 -0.14894860416050928 0.1772825408851832 -0.023122477137284346 0.23270031141585304 2.5406664678649533
27.35799999998159 4.251604583745427 -1.8665081053970423 5.5941442822609654e-05 -0.149007270264339 0.17740819832219495 -0.02314692318485845 0.23283602701575795 2.54341671541789
27.35849999998159 4.254291232432173 -1.8669611892242666 5.592929181555024e-05 -0.14906156755848798 0.17753377880858734 -0.02316871962093295 0.23296863117150235 2.5461366177723495
27.358999999981588 4.256950865161187 -1.8673149226109147 5.591824204942409e-05 -0.14911151034223413 0.17765926049063127 -0.02318787220602366 0.2330981183365989 2.54882584945891
27.359499999981587 4.25958270684011 -1.8675695412822337 5.590830923937359e-05 -0.14915709395032065 0.17778460373815028 -0.023204388150430903 0.2332244576185606 2.5514839759489436
27.359999999981586 4.262186641435144 -1.8677237555839894 5.5899431561043955e-05 -0.14919828630162016 0.17790981228304775 -0.02321821229705131 0.23334762763782377 2.5541103709560153
27.360499999981585 4.264762312040309 -1.8677792253019843 5.589169512316252e-05 -0.14923512156260774 0.17803485645132144 -0.023229413805442835 0.23346763648350374 2.5567051533410954
27.360999999981583 4.267309295017389 -1.8677356958697735 5.588504680717333e-05 -0.14926759858112248 0.1781597141333336 -0.02323797021791733 0.23358446649144946 2.5592677967336197
27.361499999981582 4.269827106823784 -1.8675931980318672 5.587949409725682e-05 -0.14929571102489575 0.17828436163114514 -0.02324388171957767 0.2336980979170516 2.561797971151947
27.36199999998158 4.272315374608724 -1.8673519240750855 5.587503600575004e-05 -0.14931946192285014 0.17840877818664025 -0.023247151635084114 0.23380851973810513 2.5642953454378556
27.36249999998158 4.27477376514846 -1.867011977342817 5.58716742218469e-05 -0.14933885088965865 0.1785329461344786 -0.023247781393401657 0.23391572110530692 2.5667596567408184
27.36299999998158 4.277201946046553 -1.8665729936254325 5.58693642946742e-05 -0.14935387216752777 0.17865684963838832 -0.023245747412986226 0.23401968683624946 2.5691905335780456
27.363499999981578 4.279599390694846 -1.8660358171148241 5.586815459383642e-05 -0.14936453772281624 0.17878045699331369 -0.023241084326529486 0.23412040691183145 2.571587730362535
27.363999999981576 4.281965859467001 -1.8654004065656857 5.5868043248878194e-05 -0.1493708442171785 0.17890375637319722 -0.02323378837583782 0.23421787307736813 2.57395101322021
27.364499999981575 4.2843009585310705 -1.8646668769028367 5.58689969630698e-05 -0.14937279930853126 0.1790267245683803 -0.02322385350664176 0.23431207534962303 2.576280084094357
27.364999999981574 4.286604334265823 -1.8638354118997194 5.5871026349242166e-05 -0.14937040317245265 0.17914934264391563 -0.023211285388171993 0.2344030035708146 2.578574658537033
27.365499999981573 4.288875658251838 -1.8629061569409187 5.587412090021162e-05 -0.14936365992424996 0.17927159190582856 -0.023196084070830784 0.23449064989171312 2.580834539894055
27.36599999998157 4.2911146612257225 -1.861879321778067 5.587828032179622e-05 -0.14935257423058892 0.17939345648015995 -0.023178254024535893 0.2345750095743972 2.5830595187463268
27.36649999998157 4.2933209494073825 -1.860755002325158 5.588350438565084e-05 -0.14933714517870794 0.17951491575207396 -0.023157795969414936 0.2346560704984249 2.5852493570209756
27.36699999998157 4.295494336287114 -1.859533303357839 5.5889786060479884e-05 -0.14931737628124056 0.17963595855281306 -0.023134709989294726 0.23473383069125403 2.5874038699871695
27.36749999998157 4.2976344751047835 -1.8582147711197694 5.589712344337431e-05 -0.14929328408123957 0.17975656128856726 -0.023109009547776855 0.23480828844044535 2.5895228926986134
27.367999999981567 4.299741038488815 -1.8567993350533158 5.5905502975243114e-05 -0.1492648656788955 0.17987670752436197 -0.023080687678689975 0.23487943328368452 2.591606143812336
27.368499999981566 4.301813749384431 -1.8552872620117227 5.5914928460838337e-05 -0.14923212686091733 0.17999638063479512 -0.023049751281697988 0.2349472616635638 2.593653462312246
27.368999999981565 4.303852282671055 -1.8536782359741215 5.592537050936175e-05 -0.14919505982743955 0.18011556576283572 -0.023016182123500473 0.23501176044300806 2.59566458528965
27.369499999981564 4.305856401444112 -1.851973275277119 5.593686250061987e-05 -0.149153690748669 0.18023424211241684 -0.02298001663133713 0.23507293901715573 2.597639429357547
27.369999999981562 4.3078252295148145 -1.850172468334025 5.59494048281987e-05 -0.14910801144770755 0.18035236586458547 -0.0229412543509641 0.23513076383586776 2.5995776666220474
27.37049999998156 4.309759488596728 -1.8482758724437685 5.596297232049667e-05 -0.1490580413479252 0.18046996882875535 -0.022899891326922325 0.2351852766699407 2.601479496832604
27.37099999998156 4.311659069712796 -1.8462839395071016 5.597754262553072e-05 -0.14900380176229128 0.18058703848404223 -0.022855934071830886 0.23523648766794028 2.603344904564935
27.37149999998156 4.313523081916282 -1.8441964937346156 5.5993160597802815e-05 -0.14894526346363585 0.18070353669889663 -0.022809385179853692 0.23528435506005135 2.6051734061730416
27.371999999981558 4.3153513899079305 -1.8420141853603784 5.600979363769756e-05 -0.1488824574566904 0.180819446736748 -0.022760254406797156 0.23532889248281647 2.6069649484581165
27.372499999981557 4.317143807730062 -1.839737171999496 5.6027455274147765e-05 -0.14881538435616604 0.1809347583481233 -0.022708548038691982 0.23537009910690182 2.6087194396390796
27.372999999981555 4.31890003910381 -1.8373659122430772 5.604614476037699e-05 -0.14874405795915385 0.18104945152151042 -0.022654277337194363 0.23540797555747 2.6104367476376606
27.373499999981554 4.32061994315829 -1.8349001651058598 5.606584437776263e-05 -0.14866847262933378 0.18116352036788125 -0.022597429672646167 0.2354425188742103 2.6121167636365774
27.373999999981553 4.322303254636863 -1.8323406055734157 5.6086550874603506e-05 -0.14858865079599795 0.18127694385954013 -0.02253802288935201 0.2354737352576521 2.613759434869288
27.374499999981552 4.323949746525162 -1.8296874231824583 5.610828019274342e-05 -0.14850459327349846 0.1813897095544935 -0.022476064238971517 0.23550162296524643 2.6153646546289204
27.37499999998155 4.325559203583035 -1.8269409252137536 5.6131017060760175e-05 -0.1484163128544865 0.1815018020540072 -0.022411557689253465 0.23552618535575098 2.6169323116295033
27.37549999998155 4.327131581217289 -1.8241013671436574 5.615475803359219e-05 -0.148323819863575 0.18161321558828103 -0.022344508814100626 0.23554743193119537 2.6184624876166245
27.37599999998155 4.3286664492859925 -1.821169110717307 5.6179512053987196e-05 -0.14822712029784002 0.18172392554606545 -0.022274928019867555 0.23556535552995173 2.6199549184221267
27.376499999981547 4.330163730901152 -1.818144448123971 5.620527988449223e-05 -0.14812622395563418 0.18183392464984605 -0.022202823138612816 0.23557996462400002 2.6214096296491523
27.376999999981546 4.331623114724936 -1.8150276779553227 5.623206362706079e-05 -0.14802113876134954 0.18194319390681082 -0.022128200680201722 0.23559125746631884 2.6228265021780244
27.377499999981545 4.333044487128871 -1.8118191360977476 5.6259856462949916e-05 -0.14791187737081166 0.18205172327164934 -0.022051068050919075 0.23559924239207874 2.6242055122225247
27.377999999981544 4.334428076558617 -1.8085193461407454 5.628866947592147e-05 -0.14779846050787898 0.18215951812418532 -0.021971441849388023 0.2356039456984443 2.625546873156988
27.378499999981543 4.335772948732109 -1.8051283002835086 5.631849700496306e-05 -0.14768087688147225 0.18226653273674254 -0.021889318174131107 0.23560533228788128 2.626850096518573
27.37899999998154 4.337079208869238 -1.8016464512218364 5.6349341179549685e-05 -0.1475591449669513 0.18237276675332265 -0.021804709502270668 0.23560342245629198 2.6281152989876575
27.37949999998154 4.3383466655540595 -1.7980741343482216 5.6381203446713165e-05 -0.14743327477940596 0.18247820684428526 -0.021717624547837322 0.23559822092131003 2.629342456671112
27.37999999998154 4.339574651060392 -1.7944118108740077 5.641410334301125e-05 -0.14730326995195056 0.18258281659433526 -0.021628078691163583 0.2355897112395383 2.6305313144920355
27.380499999981538 4.3407637781564095 -1.7906596607933933 5.644801781386128e-05 -0.14716915219815827 0.1826866213992254 -0.0215360719504669 0.23557793485817868 2.631682200935166
27.380999999981537 4.341913664380273 -1.7868181039368316 5.648295115033389e-05 -0.14703093135852363 0.18278959794447516 -0.021441615698192137 0.23556288921773466 2.6327950176812234
27.381499999981536 4.3430240738164505 -1.7828875296838775 5.651891963649024e-05 -0.14688861530807165 0.18289173126435462 -0.021344723214599706 0.23554457726957637 2.63386967083276
27.381999999981534 4.344094858345864 -1.7788682595598606 5.655592469617619e-05 -0.14674221418536326 0.18299301027147208 -0.021245402941846545 0.23552300604908968 2.6349061821043094
27.382499999981533 4.345125838567144 -1.7747607973966095 5.6593972986424576e-05 -0.14659174327763844 0.18309342069106307 -0.021143669407640526 0.23549818397081376 2.6359045347827355
27.382999999981532 4.346116881191634 -1.770565061518573 5.6633063753774366e-05 -0.14643719870218874 0.18319295656980186 -0.021039518883788844 0.23547011244612537 2.6368647032417982
27.38349999998153 4.347067870590732 -1.7662818466819596 5.667319069897112e-05 -0.1462786102916417 0.18329160249563312 -0.020932971644525556 0.23543880877234677 2.6377867317570236
27.38399999998153 4.347978887384008 -1.7619114105714309 5.671436015232095e-05 -0.14611598778850246 0.1833893595092913 -0.020824035885146804 0.23540428955136686 2.6386707983653066
27.38449999998153 4.348849385196857 -1.757454192063228 5.675659115838242e-05 -0.1459493360824879 0.1834861973236958 -0.020712726183994782 0.23536654464303627 2.639516597317729
27.384999999981527 4.349679567075776 -1.7529110420845326 5.679988478455179e-05 -0.14577868955690473 0.1835821158315706 -0.020599067228682072 0.23532560666620278 2.6403244630404297
27.385499999981526 4.350469017225598 -1.7482816601604738 5.6844232590043816e-05 -0.14560403439638364 0.18367709738584656 -0.020483046164755873 0.23528146148130868 2.6410940786504744
27.385999999981525 4.351217730372138 -1.7435666533274023 5.6889641062578656e-05 -0.14542539207358862 0.1837711349524515 -0.020364681082423997 0.23523412791739629 2.641825595887931
27.386499999981524 4.35192561976509 -1.7387663954928911 5.693609368787548e-05 -0.1452427798145525 0.18386421856474397 -0.020243978002702306 0.2351836189067096 2.6425190861094503
27.386999999981523 4.352592498226047 -1.7338813603692949 5.6983623146020766e-05 -0.14505620534415817 0.1839563358661265 -0.020120956527017935 0.23512994089587969 2.643174518687604
27.38749999998152 4.353218254882949 -1.7289119377143218 5.703222223993248e-05 -0.1448656839282063 0.18404747623860118 -0.019995625109377548 0.23507310546572574 2.643791924301164
27.38799999998152 4.353802804464896 -1.7238585509469726 5.7081899414012564e-05 -0.14467122871326663 0.18413763102182334 -0.019867996737970336 0.23501312488904838 2.644371370282143
27.38849999998152 4.354346059847192 -1.718721605906094 5.713265514927654e-05 -0.14447285391105766 0.1842267911793764 -0.019738082160193175 0.2349500116893334 2.644912876728289
27.388999999981518 4.35484806812837 -1.7135017181463554 5.718448470301864e-05 -0.14427058492119096 0.18431495129509473 -0.019605897061729532 0.23488378859344647 2.6454166030831976
27.389499999981517 4.355308467838984 -1.7081991841884545 5.723740955073684e-05 -0.1440644231508437 0.18440209182628542 -0.019471453119136794 0.23481445222614789 2.6458823994761875
27.389999999981516 4.355727524382101 -1.7028144031002657 5.729140412907342e-05 -0.14385439377676043 0.18448821889340278 -0.019334755919425038 0.23474203353000733 2.6463105594143324
27.390499999981515 4.356106144126952 -1.6973495459891819 5.734651428933028e-05 -0.1436405783250943 0.18457335473611278 -0.019195880112145527 0.2346666163590176 2.6467019790214974
27.390999999981513 4.356442337711591 -1.691802417399189 5.740271472811583e-05 -0.14342287592402614 0.18465742608104974 -0.019054750769188365 0.23458808552881116 2.6470551737110184
27.391499999981512 4.356736755680081 -1.6861743444072785 5.746000864671851e-05 -0.1432013444404739 0.18474044917699878 -0.01891140729173673 0.23450650297472023 2.64737077397484
27.39199999998151 4.356989364830449 -1.680465800694303 5.75184013956955e-05 -0.14297600026276996 0.1848224171500553 -0.018765863572220477 0.23442188500210434 2.6476488598877053
27.39249999998151 4.357200105440558 -1.6746772940538068 5.7577890051071224e-05 -0.1427468623800206 0.1849033209534113 -0.018618132984246936 0.23433424780590625 2.6478895281660955
27.39299999998151 4.35736888495352 -1.6688089431746205 5.7638487526871635e-05 -0.1425139314739082 0.18498315537058824 -0.018468220635769604 0.2342435988633637 2.648092790354998
27.393499999981508 4.357496144516643 -1.6628620033433636 5.7700200418882546e-05 -0.14227725852222792 0.18506192784774705 -0.01831616484034827 0.2341499889510662 2.6482590823069634
27.393999999981506 4.35758193560644 -1.6568360222073888 5.776298515021537e-05 -0.1420368397042884 0.1851396423318239 -0.018161940804103965 0.23405342785293526 2.6483883607284424
27.394499999981505 4.35762529653021 -1.6507319297819882 5.782688649268448e-05 -0.14179268527691866 0.18521624503777445 -0.01800558342608624 0.23395389301835942 2.648480333377511
27.394999999981504 4.3576266044193845 -1.6445501095713104 5.789189185897874e-05 -0.14154481834021557 0.18529174862157663 -0.01784710069062932 0.23385142015661917 2.6485352781406615
27.395499999981503 4.357585884401292 -1.6382910287738963 5.795800406861845e-05 -0.14129325655226022 0.18536614894254527 -0.017686505843949797 0.233746028864451 2.6485533125555687
27.395999999981502 4.357503123774967 -1.631955155134789 5.802522197287721e-05 -0.14103801783163566 0.18543943979758015 -0.017523811289763925 0.23363773725243187 2.6485345277099395
27.3964999999815 4.357378331024679 -1.625542972961853 5.809354719501558e-05 -0.14077912045546698 0.18551161596869783 -0.01735903048691668 0.23352656455953402 2.64847904599067
27.3969999999815 4.357211498419722 -1.619054959326425 5.816297534309613e-05 -0.14051658352072122 0.18558267116486143 -0.017192175453884125 0.2334125296076842 2.648386958201134
27.3974999999815 4.3570019497129655 -1.6124908766361348 5.823348391777281e-05 -0.14025039518837526 0.18565257354912268 -0.017023231884793658 0.23329561041672278 2.6482579150405376
27.397999999981497 4.3567510468437405 -1.6058522243875026 5.830509599403109e-05 -0.1399806243193751 0.18572137333915392 -0.01685225053618917 0.23317590366064397 2.6480929325177875
27.398499999981496 4.356458070597053 -1.5991391933886334 5.8377810661640884e-05 -0.13970726903402042 0.18578903340830152 -0.016679234153600397 0.23305339046597406 2.647891614882879
27.398999999981495 4.356123280546427 -1.5923522577799578 5.8451621777735425e-05 -0.1394303522450226 0.18585556035018758 -0.0165041950633034 0.2329281024156185 2.6476542077370526
27.399499999981494 4.355746851318798 -1.5854917896043819 5.8526536309999965e-05 -0.13914989058507343 0.18592095829749478 -0.01632714307818235 0.23280006526028327 2.6473808507011993
27.399999999981492 4.355328511455523 -1.5785584290812762 5.860254216060893e-05 -0.13886590522598727 0.18598520631680918 -0.016148095557143277 0.23266928803144946 2.647071620682526
27.40049999998149 4.354868484215606 -1.5715526368390473 5.867964458435243e-05 -0.13857841639033927 0.18604830997775948 -0.015967065482061362 0.23253580007160868 2.6467266858665908
27.40099999998149 4.354366839209012 -1.5644749955441786 5.8757823236400124e-05 -0.13828745163716455 0.186110264511338 -0.015784065057706166 0.23239962682097237 2.6463462012866383
27.40149999998149 4.353823637152578 -1.5573258642392995 5.8837093370324404e-05 -0.1379930222959598 0.18617106960350768 -0.01559910689973219 0.23226078768435415 2.6459302832261886
27.401999999981488 4.353239028376793 -1.5501057869110593 5.891744265943099e-05 -0.13769515392696766 0.186230725334642 -0.015412203697949897 0.23211931090813034 2.645479116303047
27.402499999981487 4.3526130390535736 -1.5428152114491256 5.899886977784686e-05 -0.13739386446435384 0.18628922762210728 -0.015223367280045889 0.23197521684833858 2.644992825560942
27.402999999981486 4.351945834008905 -1.535454720004197 5.908136338740521e-05 -0.13708918045447077 0.18634657696236231 -0.015032611930578333 0.231828534837115 2.644471579282035
27.403499999981484 4.351237524577703 -1.5280247615007647 5.9164928022073174e-05 -0.1367811197025311 0.18640277374717995 -0.014839950847653119 0.23167928890792389 2.6439155296119887
27.403999999981483 4.350488204689938 -1.520525829205683 5.924955112637517e-05 -0.13646970520049448 0.1864578159131521 -0.014645395081538014 0.23152750408905445 2.6433248315222526
27.404499999981482 4.349698019257492 -1.5129584573044041 5.933524236885899e-05 -0.13615495703461003 0.1865117048864665 -0.014448961541073087 0.23137320690686786 2.642699666411066
27.40499999998148 4.3488670335663615 -1.5053231408325694 5.9421995407007254e-05 -0.1358368957919583 0.18656443783367294 -0.014250663152593015 0.23121642053037328 2.642040132004512
27.40549999998148 4.347995517214099 -1.4976203342840864 5.9509787171956296e-05 -0.13551554869597088 0.18661602064721428 -0.014050507152454888 0.23105717874979073 2.6413464882147686
27.40599999998148 4.34708359055917 -1.4898505735893985 5.9598623457803444e-05 -0.13519093601105645 0.18666645344802663 -0.013848510069267024 0.23089550721819696 2.640618865680899
27.406499999981477 4.346131510721168 -1.4820139084642774 5.96884232144417e-05 -0.13486308315470574 0.18671574209440817 -0.013644655309757763 0.23073143730835796 2.6398574918661812
27.406999999981476 4.345139308275632 -1.4741113702189155 5.977928396575195e-05 -0.13453200596595327 0.1867638832918996 -0.013438993127917466 0.23056499141844106 2.6390624549224153
27.407499999981475 4.344108789838929 -1.4661429772784662 5.987111095317285e-05 -0.13419775337012577 0.18681095703180006 -0.013231505689028417 0.23039627475183913 2.6382347342058114
27.407999999981474 4.343037552348409 -1.4581098472221208 5.9963985888581014e-05 -0.13386031353678454 0.1868568407383483 -0.013022239221661711 0.23022519667757677 2.637373259336881
27.408499999981473 4.341926763675772 -1.4500122299257379 6.00578756996783e-05 -0.13351972065558357 0.18690158534083798 -0.012811194588010878 0.23005183136335927 2.6364786896944734
27.40899999998147 4.340776606248486 -1.4418506084775387 6.015276296881729e-05 -0.1331759996308609 0.18694519287295464 -0.01259838177333622 0.22987620851078086 2.6355512030543373
27.40949999998147 4.339587289626726 -1.4336255177890922 6.024866172678488e-05 -0.1328291703466044 0.18698766827255656 -0.012383818868392184 0.22969835774497835 2.6345909844667714
27.40999999998147 4.338358994514129 -1.4253374249370323 6.034555116089487e-05 -0.1324792578171071 0.18702901346407774 -0.01216751471433616 0.22951830873253073 2.633598206139255
27.410499999981468 4.337091961608654 -1.4169868136457417 6.044342746251408e-05 -0.13212628477500069 0.18706923420696644 -0.011949482085156563 0.22933609318493442 2.6325730789697213
27.410999999981467 4.335786390954812 -1.4085742077091512 6.054228694938298e-05 -0.13177027452354276 0.18710833394104803 -0.011729735199175645 0.22915174135504043 2.6315157710926522
27.411499999981466 4.334442521053666 -1.400100105365035 6.0642119611440896e-05 -0.13141125165240922 0.18714631773714685 -0.011508285990736302 0.2289652854689342 2.6304264810440934
27.411999999981465 4.333060462665665 -1.3915649462060617 6.074292217666232e-05 -0.13104923559634174 0.18718318570220163 -0.01128514576174651 0.22877675073065062 2.629305355298622
27.412499999981463 4.331640606431323 -1.3829692927349884 6.0844685423800144e-05 -0.1306842550209235 0.1872189495120695 -0.01106032882284277 0.2285861772733557 2.628152637976868
27.412999999981462 4.330183382241507 -1.3743126259957852 6.094723657421676e-05 -0.1303163381632611 0.18725362341315163 -0.010833783054532493 0.22839360395796662 2.626968615848413
27.41349999998146 4.328688709134771 -1.3655968731991437 6.105083080600274e-05 -0.12994549437474018 0.18728720005020058 -0.010605619154123107 0.22819904900893384 2.6257533262783523
27.41399999998146 4.327156949431536 -1.3568220102077113 6.115537369027171e-05 -0.12957175093920212 0.18731969030780815 -0.010375815688718952 0.2280025494806364 2.62450700008932
27.41449999998146 4.325588391841919 -1.3479885108485579 6.126085709525875e-05 -0.1291951316557673 0.1873511021550584 -0.010144384662489854 0.22780413969558747 2.6232298740311046
27.414999999981458 4.323983612150842 -1.3390965351943405 6.136723339476301e-05 -0.128815662547274 0.1873814580885972 -0.0099113202842651 0.2276038664493184 2.6219222274213596
27.415499999981456 4.322342276571972 -1.3301470930574282 6.147455593155429e-05 -0.12843336347754078 0.187410734480277 -0.009676662870758131 0.22740173714575118 2.620584031617392
27.415999999981455 4.320664890682168 -1.3211404615241107 6.158279627435508e-05 -0.12804825902460776 0.18743895053549436 -0.009440414425066584 0.2271977954153551 2.619215566937212
27.416499999981454 4.31895175474195 -1.312077111257827 6.1691947442121e-05 -0.12766037290325263 0.18746611486153097 -0.009202586849229007 0.22699207615199224 2.617817047632949
27.416999999981453 4.317203115074028 -1.3029575190447105 6.180200631580658e-05 -0.1272697270908379 0.187492233803995 -0.008963193414140504 0.22678461148580512 2.616388641313036
27.41749999998145 4.315419558507731 -1.2937821743643214 6.191294980513921e-05 -0.1268763539201036 0.18751732840289068 -0.00872224345216282 0.22657545137603882 2.614930719924061
27.41799999998145 4.3136016893643525 -1.2845512949412337 6.202476145091185e-05 -0.12648027436394602 0.1875414241399634 -0.008479739895288383 0.226364642911203 2.6134435927552793
27.41849999998145 4.311748781501398 -1.2752657050713165 6.213748323428767e-05 -0.12608149863269402 0.18756447985508895 -0.008235714692979224 0.22615217309873512 2.611926973352909
27.418999999981448 4.309861585823867 -1.2659257219023867 6.225108980726316e-05 -0.12568005542555574 0.18758652633884365 -0.007990172080776603 0.22593809781779803 2.610381271727751
27.419499999981447 4.30794039049072 -1.2565318076973035 6.236557727501038e-05 -0.12527596729807008 0.1876075719722967 -0.007743124394566514 0.22572245129627078 2.6088066810501127
27.419999999981446 4.305985830981928 -1.2470846804335791 6.248091577864741e-05 -0.12486927735073272 0.18762763712194908 -0.007494586077237445 0.22550528920300103 2.6072035899483836
27.420499999981445 4.3039978205638025 -1.2375844877582123 6.259712618277076e-05 -0.12445998478715409 0.18764671758715498 -0.007244565999532269 0.22528662226367038 2.6055719520746976
27.420999999981444 4.301977975885556 -1.2280307574171536 6.271411141057388e-05 -0.12404811940478187 0.18766488941710735 -0.006993029878674469 0.22506654374802618 2.6039125287081566
27.421499999981442 4.29992469077272 -1.2184255212456034 6.283200667757254e-05 -0.12363370035985229 0.1876820623989595 -0.006740065091718849 0.2248450063675804 2.6022246946049976
27.42199999998144 4.297839008605948 -1.208768699198066 6.295077027118661e-05 -0.12321675006929116 0.18769828464914795 -0.006485660760639736 0.2246220767274954 2.6005089639752317
27.42249999998144 4.295721517562628 -1.199059827431583 6.307020861437392e-05 -0.12279730660888177 0.1877135758238585 -0.006229761423335401 0.22439780521735694 2.5987656389464364
27.42299999998144 4.293572220205523 -1.1893005786543274 6.319055652685075e-05 -0.12237537556833254 0.18772793420109937 -0.005972466648527578 0.22417221099585583 2.5969947732825274
27.423499999981438 4.291391573941662 -1.179491037648527 6.331173765529435e-05 -0.12195098529999135 0.1877413754071661 -0.005713762365289039 0.22394533693689667 2.595196621413046
27.423999999981437 4.28918015576018 -1.1696315929781218 6.343374118232813e-05 -0.12152416119029656 0.18775392212861503 -0.00545365781830934 0.22371723092172052 2.593371486504415
27.424499999981435 4.286937744978967 -1.1597225268231952 6.355657963323564e-05 -0.12109490773191184 0.18776556160618624 -0.005192163515119596 0.2234878998197766 2.591519254856453
27.424999999981434 4.284664975936485 -1.1497646351651554 6.368026669344622e-05 -0.12066326018535245 0.1877763164678336 -0.004929306102234522 0.2232573972871573 2.5896403078448316
27.425499999981433 4.282362358119036 -1.1397582282930108 6.380474588016255e-05 -0.12022925121035884 0.18778620377275212 -0.004665082419749362 0.2230257701880395 2.587734921197439
27.425999999981432 4.280030189941651 -1.1297037905367964 6.393004829730995e-05 -0.11979289561010763 0.1877952347678011 -0.004399513486042046 0.22279305141557162 2.5858032587351065
27.42649999998143 4.277668856878391 -1.1196017291425766 6.40561557398701e-05 -0.11935421874277063 0.1878034221790828 -0.0041326070921654775 0.2225592805417248 2.5838455253963097
27.42699999998143 4.275278716333016 -1.109452505797288 6.418307074077316e-05 -0.11891324203041398 0.18781077837850865 -0.0038643777816774623 0.22232449487396713 2.58186191971999
27.42749999998143 4.272860223240228 -1.0992565097023295 6.431076830289286e-05 -0.11846999279225637 0.18781731913511765 -0.0035948313641884695 0.22208873760692338 2.579852677819635
27.427999999981427 4.2704136612867325 -1.0890142239774014 6.443927214549938e-05 -0.11802448732055375 0.1878230545495804 -0.0033239873703751134 0.22185204150436078 2.577817949049705
27.428499999981426 4.267939488496016 -1.0787260898146067 6.456856746840832e-05 -0.11757675227987113 0.18782800071632655 -0.0030518555508896347 0.2216144497817731 2.5757579795333183
27.428999999981425 4.265438119006149 -1.0683925379698558 6.469864703294325e-05 -0.11712681143741512 0.18783217231644897 -0.0027784471100101137 0.22137600295188975 2.573672992430118
27.429499999981424 4.262909917352036 -1.0580139616773976 6.482951025015921e-05 -0.11667468485888699 0.18783558258562094 -0.002503773590723607 0.22113673836428407 2.5715631583260596
27.429999999981423 4.260355318152007 -1.0475908198139434 6.496114627826774e-05 -0.11622039837134818 0.18783824665958462 -0.0022278464018858865 0.2208966980408087 2.5694287092084362
27.43049999998142 4.257776067373969 -1.0371224860631953 6.509344409881074e-05 -0.11576398121053469 0.18784024760160983 -0.001950624088991243 0.2206559831481659 2.5672704411834917
27.43099999998142 4.255170362741194 -1.0266111705769423 6.522657927663018e-05 -0.11530544655327848 0.1878414868101197 -0.001672208060316972 0.2204145332134075 2.5650875708135716
27.43149999998142 4.252539452192496 -1.0160566338035952 6.53604789357778e-05 -0.1148448213810022 0.18784202183375168 -0.0013925762492291325 0.22017242659614727 2.5628806927195074
27.431999999981418 4.249883772488523 -1.0054593783384074 6.549516390339815e-05 -0.11438212562886609 0.1878418696958682 -0.0011117481968754965 0.21992970390165692 2.5606500098759097
27.432499999981417 4.247203747551241 -0.9948197632987404 6.563059378883887e-05 -0.1139173885725961 0.18784104400909116 -0.0008297258378061275 0.21968640758724944 2.55839574398089
27.432999999981416 4.2445000601990035 -0.9841374300106581 6.576659573458588e-05 -0.1134506483039719 0.1878395694269119 -0.0005464617630647922 0.2194425940047594 2.556118217960824
27.433499999981414 4.24177279477899 -0.973414027949146 6.590342133096825e-05 -0.11298190675422684 0.1878374496840004 -0.0002620587136429092 0.2191982833700565 2.5538174856735782
27.433999999981413 4.239022577561555 -0.9626495729611404 6.60409761571799e-05 -0.11251119637098952 0.18783470811131872 2.350292120971789e-05 0.21895352802017823 2.5514938518118373
27.434499999981412 4.236249781137436 -0.9518445296626019 6.617926268155028e-05 -0.11203853905048407 0.18783135779631663 0.00031020857755435533 0.21870836617179587 2.549147491354121
27.43499999998141 4.23345487514519 -0.9409993106099356 6.631826453549317e-05 -0.11156396100629878 0.1878274156629848 0.000598049581899637 0.2184628415391346 2.5467786377323907
27.43549999998141 4.230638355537973 -0.930114348977208 6.645798115940992e-05 -0.1110874855101631 0.18782290086500844 0.0008870128866115227 0.21821699823381885 2.5443875226516943
27.43599999998141 4.227800678476627 -0.9191901730588902 6.659839847896555e-05 -0.11060914218410373 0.18781782858266907 0.001177085797058275 0.21797088016335067 2.5419743682835576
27.436499999981407 4.22494230792591 -0.9082271294634726 6.673952983162276e-05 -0.11012894732861908 0.18781221840346177 0.0014682547316519647 0.21772452823073563 2.5395393998874223
27.436999999981406 4.22206372216907 -0.8972256449917779 6.68813464660218e-05 -0.10964693064146312 0.18780608665457513 0.0017605131300667356 0.21747798736902257 2.5370828377689807
27.437499999981405 4.219165407082747 -0.8861861885141308 6.702384979653041e-05 -0.1091631161969672 0.18779945173310963 0.0020538465496226185 0.21723130136961968 2.5346049115560483
27.437999999981404 4.216247860288931 -0.8751091677845098 6.716703092056203e-05 -0.10867752844466025 0.18779233257457884 0.0023482445025737354 0.21698451468914787 2.532105856831532
27.438499999981403 4.213311618820717 -0.8639950142869197 6.731087601378872e-05 -0.1081901941796101 0.18778474940316298 0.0026436965478193047 0.21673767405891253 2.529585938545131
27.4389999999814 4.210357100914692 -0.852844184198689 6.745538135188401e-05 -0.10770113767734407 0.18777671709012872 0.0029401902684348187 0.21649082026024813 2.5270453352042064
27.4394999999814 4.207384858513536 -0.8416570858316101 6.760053851478676e-05 -0.10721038377003178 0.18776825726967786 0.0032377145920141617 0.21624400019882348 2.5244843103110393
27.4399999999814 4.204395344419618 -0.830434218379035 6.774635254312449e-05 -0.10671795650146325 0.18775938661896288 0.00353625370547446 0.21599725598638253 2.5219030643985105
27.440499999981398 4.201389127244893 -0.8191759015982325 6.78927876173913e-05 -0.10622388417613796 0.18775012665643429 0.0038358048974847596 0.21575063621733367 2.5193018792191255
27.440999999981397 4.198366701883079 -0.8078826569802215 6.803985457461656e-05 -0.10572819089762922 0.18774049625351516 0.004136350395247337 0.2155041848284945 2.5166809641266417
27.441499999981396 4.195328796951166 -0.7965548094900519 6.818751732733595e-05 -0.10523090754821768 0.18773052444847774 0.004437887362624654 0.2152579581742923 2.5140407050409816
27.441999999981395 4.1922764682229365 -0.7851918018305043 6.833559984676735e-05 -0.1047320713203771 0.18772025589953104 0.004740469489545755 0.2150120305681133 2.511381528795464
27.442499999981393 4.189208980955649 -0.7737958011877477 6.848439315975394e-05 -0.10423168189003677 0.18770965203900097 0.005043970849713742 0.21476638149431443 2.5087031144070178
27.442999999981392 4.186127398425837 -0.7623665808944523 6.863377172326701e-05 -0.10372977625550642 0.18769875778595208 0.00534842401720212 0.21452108473498524 2.506005948976868
27.44349999998139 4.183032224551394 -0.7509045859287368 6.878373453012795e-05 -0.1032263784560826 0.18768759250575195 0.005653815705360196 0.21427618444846774 2.503290265214746
27.44399999998139 4.179924036081562 -0.7394102135732215 6.893425298422984e-05 -0.10272151805602509 0.18767617779933585 0.005960139313057494 0.21403172953030414 2.500556328045313
27.44449999998139 4.176803415191498 -0.727883900125353 6.908532703541289e-05 -0.10221521999761565 0.18766453684901002 0.006267381903268495 0.21378776781152806 2.497804411138784
27.444999999981388 4.173670840987595 -0.716326077721668 6.923694688917911e-05 -0.10170750931118555 0.18765268745441832 0.006575532043928896 0.21354434242285897 2.4950347285965093
27.445499999981386 4.170526893243652 -0.7047371684982504 6.938909271412796e-05 -0.10119841469131693 0.18764065160975912 0.0068845809184617975 0.2133015019332813 2.4922475316338426
27.445999999981385 4.167372070317518 -0.6931176146397154 6.954177257689268e-05 -0.1006879576592125 0.18762844913072002 0.007194513047968029 0.21305928930412762 2.489443054783874
27.446499999981384 4.164207038971009 -0.6814678172247569 6.969496695312949e-05 -0.10017616734170284 0.1876161064415942 0.007505320055913002 0.2128177570803671 2.486621614134534
27.446999999981383 4.16103232610009 -0.6697882552358893 6.984867747864682e-05 -0.09966306875135642 0.18760364383494602 0.007816986993042938 0.21257695015861028 2.4837834348343604
27.447499999981382 4.157848563405107 -0.6580790492875809 7.000281833503375e-05 -0.09914869574277776 0.18759108452666304 0.00812952770009087 0.21233692114658273 2.480928817407694
27.44799999998138 4.1546562337810835 -0.6463410118955248 7.01574697960154e-05 -0.09863306609135242 0.18757844860748712 0.008442900339681326 0.21209771020621268 2.4780579673137053
27.44849999998138 4.151455979101376 -0.6345743090850786 7.031259020981846e-05 -0.0981162052290114 0.1875657623422759 0.0087571081914763 0.21185936815599593 2.4751711769702687
27.44899999998138 4.148248317401639 -0.6227795664518022 7.046817378997903e-05 -0.09759814497348784 0.18755304347847637 0.00907213334893786 0.21162194031764783 2.472268693856201
27.449499999981377 4.145033914548831 -0.6109571527122657 7.062421773101435e-05 -0.09707890891896409 0.1875403200004138 0.009387964332181043 0.21138547740338368 2.4693508157000887
27.449999999981376 4.141813258813208 -0.5991074519032054 7.078069850853854e-05 -0.09655852401943402 0.18752760969852886 0.00970459429198062 0.21115002275734504 2.4664177696750142
27.450499999981375 4.138586990409575 -0.5872308973666616 7.093760751950958e-05 -0.09603701776094979 0.1875149380482158 0.01002201165078352 0.21091562646985557 2.4634698528411274
27.450999999981374 4.135355673662209 -0.5753279132986678 7.109494631926117e-05 -0.09551441331382349 0.18750232786074486 0.010340202505545936 0.2106823340760631 2.4605073096283694
27.451499999981372 4.132119894226439 -0.5633989270522074 7.125269891118957e-05 -0.09499073868706472 0.18748980163653317 0.010659156803718548 0.21045019310465607 2.4575304346952196
27.45199999998137 4.128880271410162 -0.5514443650041894 7.141086703749239e-05 -0.09446601795365968 0.18747738478256176 0.010978860517693867 0.2102192515712984 2.454539485985618
27.45249999998137 4.12563749557201 -0.5394645470064969 7.156942329375417e-05 -0.09394027969678523 0.18746510515316978 0.011299309514768515 0.2099895621099053 2.451534802324758
27.45299999998137 4.12239192413457 -0.52746005323254 7.172837602306383e-05 -0.09341354812248748 0.1874529743632554 0.011620483788148764 0.20976115992703273 2.448516541831872
27.453499999981368 4.119144250335559 -0.5154312224139157 7.188770138919305e-05 -0.09288585147511884 0.1874410205101746 0.011942377542048459 0.20953409735771017 2.445485019326936
27.453999999981367 4.115895081540333 -0.5033785094645821 7.204741745331958e-05 -0.09235721023392762 0.18742926946018337 0.01226497177863946 0.20930842043573583 2.442440514216714
27.454499999981365 4.112645321483864 -0.4913024243971015 7.220750184024465e-05 -0.09182766082979217 0.18741775779360406 0.01258825412382762 0.20908419206563522 2.439383459205477
27.454999999981364 4.109395140519816 -0.4792031969247055 7.236794137675256e-05 -0.09129721800555568 0.1874064903469433 0.012912221157290465 0.20886143754874353 2.4363139071997084
27.455499999981363 4.106145236702143 -0.4670813419518761 7.252874804370147e-05 -0.09076590844152105 0.18739549577940495 0.013236854333124999 0.20864020774112532 2.433232224292155
27.455999999981362 4.102896201999067 -0.4549372583144907 7.268990218464319e-05 -0.090233759739319 0.18738479705119623 0.013562144741882548 0.20842054920907133 2.4301386872340283
27.45649999998136 4.099648654168083 -0.44277137327038923 7.285140124570128e-05 -0.08970079732262724 0.18737441910418443 0.013888079505692175 0.20820250893613657 2.4270335941355863
27.45699999998136 4.096403149753305 -0.4305841281271111 7.301324045871755e-05 -0.08916704638419218 0.1873643837303425 0.014214645415076593 0.20798613077753061 2.42391722582687
27.45749999998136 4.093160324874556 -0.41837594935959793 7.317542275022513e-05 -0.08863253098618587 0.18735471721518523 0.014541828037627907 0.20777146188655254 2.4207898785515227
27.457999999981357 4.0899205847297395 -0.4061471914124981 7.333795022441267e-05 -0.08809726984122042 0.1873454355113711 0.014869615762848395 0.2075585378474151 2.4176517623838576
27.458499999981356 4.08668514873376 -0.3938983721295805 7.3500768610385e-05 -0.0875613112020066 0.1873365878620739 0.015198002262739634 0.20734743703262268 2.4145035338121685
27.458999999981355 4.083454000344324 -0.38162995984287973 7.366394349391477e-05 -0.08702465728185937 0.18732817320961873 0.015526959818243945 0.2071381711183995 2.411345087829316
27.459499999981354 4.080227815005494 -0.3693423560351845 7.382743392927741e-05 -0.08648734221938659 0.1873202168311068 0.01585648407593653 0.20693079056794952 2.4081768209264736
27.459999999981353 4.077007294766398 -0.3570360728225176 7.399124580756288e-05 -0.08594939311378659 0.18731274755709718 0.01618655698262932 0.20672534484423757 2.404999069525154
27.46049999998135 4.073793022994911 -0.3447114426391046 7.415538131239625e-05 -0.08541083021857883 0.18730579003923165 0.016517167300069243 0.20652187708924713 2.4018121354096436
27.46099999998135 4.070585576384277 -0.3323688990082258 7.431982946698488e-05 -0.08487168004068965 0.1872993667407344 0.01684830300812341 0.20632043080767076 2.3986163250776924
27.46149999998135 4.0673856101862675 -0.3200087956788166 7.448455864564725e-05 -0.08433197270278607 0.18729350316426366 0.01717995948964775 0.20612105412973086 2.3954119710296995
27.461999999981348 4.064193612781645 -0.3076318070694667 7.46496062764899e-05 -0.08379173098778235 0.18728821818201788 0.017512107619869995 0.20592378387406815 2.3921993511745385
27.462499999981347 4.0610102107959 -0.29523814897829986 7.481494884004765e-05 -0.08325097707554609 0.18728353818811347 0.017844744334307616 0.20572866538391887 2.3889787798649875
27.462999999981346 4.057835825571578 -0.28282828260805853 7.498060240851251e-05 -0.08270973007568695 0.18727947966855996 0.01817785153908002 0.20553573227226546 2.385750490574724
27.463499999981345 4.054671324106746 -0.270402783469091 7.514656016496864e-05 -0.08216802510729718 0.1872760776806194 0.018511411968479184 0.205345041319574 2.3825149723555046
27.463999999981343 4.051517206907463 -0.2579620431540727 7.531282620829851e-05 -0.08162588240521038 0.18727335251969704 0.01884541164169913 0.20515662987664093 2.379272506012615
27.464499999981342 4.048373946020048 -0.24550643648057005 7.54793886567346e-05 -0.0810833253485716 0.18727132210550027 0.01917984098713066 0.2049705345483003 2.3760233505392074
27.46499999998134 4.045242264161199 -0.2330365081580934 7.564624824221896e-05 -0.08054038394701765 0.18727001543180086 0.019514682068089113 0.2047868036333849 2.3727679355033664
27.46549999998134 4.042122702412288 -0.22055268752191717 7.581340108232444e-05 -0.07999708226453466 0.18726945378561374 0.01984992138918658 0.20460547615144062 2.369506563370563
27.46599999998134 4.039015805914562 -0.2080554264044029 7.598085219365763e-05 -0.07945344374431251 0.18726965884931873 0.020185543601022097 0.20442659078221603 2.3662395558695706
27.466499999981338 4.0359222237548105 -0.1955451640672601 7.614858539678205e-05 -0.07890949704733623 0.18727065618481026 0.0205215370605751 0.20425019186155377 2.362967319863631
27.466999999981336 4.032842469630547 -0.1830223735051728 7.631661201925958e-05 -0.07836526416183048 0.18727246623040203 0.020857884103598574 0.20407631554016673 2.3596901540771458
27.467499999981335 4.029777122603633 -0.17048759044222822 7.648493798111469e-05 -0.0778207713502157 0.18727511158121088 0.021194565988971553 0.20390500116171356 2.3564084319319374
27.467999999981334 4.02672676525515 -0.15794123882658173 7.665355124729812e-05 -0.07727604514430862 0.1872786149400703 0.021531571171410812 0.20373628867760865 2.353122521602476
27.468499999981333 4.023691926311498 -0.14538380419935315 7.682246246270403e-05 -0.07673110805003171 0.18728299739738277 0.021868881347597516 0.20357021400030267 2.3498327455636776
27.46899999998133 4.020673226466581 -0.13281577392453636 7.699166437222701e-05 -0.07618598840713732 0.18728828307301937 0.02220648212668702 0.203406818112016 2.3465395265598987
27.46949999998133 4.017671181256084 -0.12023762165549251 7.716115456574764e-05 -0.07564071130846278 0.18729449157922015 0.02254435842927992 0.20324613619982207 2.343243228350529
27.46999999998133 4.014686413128602 -0.10764978862194688 7.733091841153936e-05 -0.07509530474775047 0.18730164725065163 0.022882498321117384 0.203088208883187 2.3399442275072673
27.470499999981328 4.011719360950843 -0.09505282746977753 7.750097719547512e-05 -0.07454979009528023 0.18730976677760675 0.023220879604758507 0.20293306577083603 2.3366428695437333
27.470999999981327 4.008770592452916 -0.08244725634598599 7.767131747493083e-05 -0.07400419823522475 0.1873188706682677 0.02355948876568088 0.20278074409512822 2.333339582418006
27.471499999981326 4.0058407973856065 -0.06983354587531299 7.784195159224398e-05 -0.07345855156926569 0.1873289884594563 0.02389830625868997 0.20263128523979637 2.3300347677317252
27.471999999981325 4.002929787248266 -0.05721155626413606 7.801283903335623e-05 -0.07291285252242197 0.18734010993739336 0.024237344709322182 0.2024846901196967 2.3267283963692065
27.472499999981324 4.0000391089212215 -0.04458273221262769 7.818399956693804e-05 -0.07236717031816371 0.1873522951339536 0.024576553548096926 0.20234104085953658 2.323421521898508
27.472999999981322 3.9971688984642535 -0.03194725256003363 7.835542487627666e-05 -0.07182151519739711 0.18736554831038388 0.024915928027754865 0.2022003516524761 2.3201143103152706
27.47349999998132 3.9943197400422474 -0.019305610985167 7.852711262237601e-05 -0.07127591379985979 0.18737989217004772 0.025255452269418333 0.20206265797271059 2.3168071830197263
27.47399999998132 3.9914922089388156 -0.006658282191345012 7.869904311716353e-05 -0.0707303959952728 0.18739534795155557 0.02559511460655952 0.20192799519446433 2.3135006150742785
27.47449999998132 3.98868672185647 0.005994141998867922 7.887123580118527e-05 -0.07018498400431254 0.18741193089096425 0.025934891158516007 0.20179638846958892 2.3101949487956577
27.474999999981318 3.985903823802687 0.018651182229300352 7.904367493920066e-05 -0.06963970661672773 0.18742966097653696 0.02627476947727427 0.20166787067484845 2.306890636623579
27.475499999981317 3.983144044181687 0.031312264742174724 7.921636319975724e-05 -0.06909459116328323 0.18744855781331313 0.02661472994344296 0.2015424724574814 2.3035881097945734
27.475999999981315 3.9804078685581477 0.04397684666932464 7.938930128609425e-05 -0.06854966362378226 0.18746863907945988 0.026954754205942146 0.20142022191314665 2.3002878288253954
27.476499999981314 3.977695834870356 0.05664443486916366 7.95624728850234e-05 -0.06800495304607831 0.18748992431050332 0.0272948292916213 0.20130115017757927 2.296990205908759
27.476999999981313 3.975008413214706 0.06931448548653696 7.973587307738093e-05 -0.06746048614746537 0.1875124301371058 0.02763493767743632 0.20118528382466533 2.2936957203319412
27.477499999981312 3.972346132759829 0.08198641893149416 7.990949816441113e-05 -0.06691629181726955 0.18753617568753955 0.027975060606265287 0.2010726518400896 2.290404830653257
27.47799999998131 3.96970951192936 0.09465964067295723 8.008332921731628e-05 -0.06637240393972632 0.18756117795561222 0.028315183658612887 0.20096328298088686 2.2871180109692557
27.47849999998131 3.967098762053328 0.10733324428097726 8.025741914436799e-05 -0.0658288449539248 0.1875874412517708 0.028655266138883983 0.20085718613194972 2.2838356240170112
27.47899999998131 3.964514053111352 0.12000752561064218 8.043170575790451e-05 -0.06528562048196075 0.18761497301602373 0.028995328264910428 0.20075437579965186 2.28055789611466
27.479499999981307 3.9619566978505034 0.1326813265840447 8.060620354718008e-05 -0.06474278755198228 0.18764382474977298 0.029335329786658735 0.20065491541553784 2.2772858234767046
27.479999999981306 3.959426819976608 0.14535429334433594 8.078087615997439e-05 -0.06420036838239543 0.1876739963318967 0.029675265808938395 0.2005588133203106 2.2740196824769185
27.480499999981305 3.9569248729902435 0.15802580845465802 8.095573798692473e-05 -0.06365838791275515 0.1877055040518886 0.030015112881355874 0.20046609090892384 2.270759957369438
27.480999999981304 3.9544513116673032 0.1706953140954731 8.113077447471799e-05 -0.06311687523374636 0.18773836298601732 0.030354854952093502 0.20037677034802348 2.2675071292079076
27.481499999981303 3.952006572137864 0.1833622228182381 8.130597300145939e-05 -0.06257586052477067 0.18777258692860493 0.03069447552852979 0.20029087235879614 2.2642616937777484
27.4819999999813 3.9495911236088928 0.19602597475342237 8.148133180577829e-05 -0.062035370064202185 0.18780819255901687 0.031033955519547376 0.20020841822080437 2.261024184493719
27.4824999999813 3.947205369829501 0.20868595206333818 8.165686097256361e-05 -0.06149542889209298 0.18784519347850817 0.03137327232431823 0.2001294248828404 2.2577950708328327
27.4829999999813 3.9448500350514006 0.22134170425988184 8.183248297049132e-05 -0.060956080814203846 0.18788361442670803 0.03171242611751437 0.2000539285506047 2.2545750344640916
27.483499999981298 3.942525081211308 0.23399243525832988 8.200826904089018e-05 -0.060417336924823775 0.18792345012031736 0.032051376641168854 0.19998192030982487 2.251364332202933
27.483999999981297 3.940231110028221 0.24663766819915894 8.21841683485226e-05 -0.05987923376565068 0.1879647210490022 0.03239011758718865 0.19991342804499793 2.24816356857087
27.484499999981296 3.937968490287409 0.25927677376670943 8.236017909382881e-05 -0.059341798925268925 0.188007438226645 0.032728628290777634 0.19984846518807362 2.2449732625021985
27.484999999981294 3.935737597295079 0.2719091707990679 8.253628862122231e-05 -0.058805060569874945 0.18805161278116495 0.03306689152379221 0.19978704545908402 2.2417939425605713
27.485499999981293 3.933539290413636 0.2845347073222475 8.27124457140325e-05 -0.058269041200904044 0.18809728327108727 0.033404905246777104 0.19972920875771388 2.2386259292378052
27.485999999981292 3.9313735098063463 0.2971521642982353 8.28886945074335e-05 -0.05773378134045812 0.18814443390193683 0.03374262922057635 0.19967494220073134 2.2354701387912477
27.48649999998129 3.929240759548226 0.30976088596133977 8.306499979657134e-05 -0.05719931715697757 0.1881930802310217 0.03408004738885869 0.19962426445723258 2.2323270008986746
27.48699999998129 3.9271411706630293 0.32236066138711095 8.324134281181077e-05 -0.05666566079597514 0.1882432254795346 0.03441715420408072 0.19957717694137994 2.229196918494254
27.48749999998129 3.9250752247962675 0.3349505648903004 8.341775765184387e-05 -0.05613284368205204 0.18829488528556101 0.03475391260993008 0.19953369240866298 2.226080507578166
27.487999999981287 3.923043122495955 0.3475300767716449 8.359420988883361e-05 -0.05560089517353045 0.188348061317363 0.035090312610436894 0.19949381390209883 2.2229782378889658
27.488499999981286 3.9210454107271993 0.3600985665951672 8.377068226154608e-05 -0.05506984690810904 0.18840277257664315 0.03542633472204336 0.19945755925731953 2.2198907342465826
27.488999999981285 3.919082315980997 0.37265541812826586 8.394716974393238e-05 -0.054539725060302434 0.18845902300442474 0.03576195976955528 0.1994249300563873 2.216818523637852
27.489499999981284 3.917154160045459 0.38519995689320163 8.412366295912708e-05 -0.054010559377481164 0.18851682043376183 0.0360971669185926 0.19939593167934083 2.213762139275935
27.489999999981283 3.915261266650354 0.3977316029105979 8.430014295690623e-05 -0.053482378457663265 0.18857617311240898 0.0364319401452058 0.1993705698791921 2.210722137711734
27.49049999998128 3.9134039439583184 0.4102496723068456 8.447660562422907e-05 -0.05295521103441763 0.1886370884632802 0.0367662572850015 0.19934884798851996 2.2076990754305825
27.49099999998128 3.9115824945631203 0.4227535181460156 8.465304691966758e-05 -0.05242908400354146 0.18869957408495724 0.03710009680453128 0.1993307685536788 2.2046935204854248
27.49149999998128 3.909797179044416 0.43524240537492515 8.48294836736324e-05 -0.05190402215529858 0.1887636360611329 0.03743343044743376 0.19931633031435336 2.201706002428157
27.491999999981278 3.9080483138514586 0.4477159358897458 8.50058232259458e-05 -0.05138006492286406 0.188829279089049 0.037766263568637076 0.19930554025591826 2.198737095421559
27.492499999981277 3.906336152898229 0.4601732842661302 8.518210632957256e-05 -0.050857234303199134 0.18889650965401855 0.03809855976132955 0.19929839411377306 2.195787360762812
27.492999999981276 3.904660955352908 0.47261381095227956 8.53583147448985e-05 -0.0503355598413175 0.18896533232888593 0.038430301081163104 0.19929489067182332 2.192857355236304
27.493499999981275 3.90302296156929 0.48503688304119075 8.553443124879287e-05 -0.04981507005060422 0.18903575099073022 0.03876146928654973 0.1992950271783722 2.1899476276207066
27.493999999981273 3.901422453403586 0.49744184069813646 8.571044271051726e-05 -0.049295794206933766 0.18910777146863697 0.03909204460403706 0.19929880207279374 2.1870587721336414
27.494499999981272 3.8998594329203495 0.5098279891781532 8.588636033601561e-05 -0.048777753717904486 0.18918138727109188 0.039422002199661604 0.19930619861160745 2.184191110979449
27.49499999998127 3.898334225452396 0.5221947247531021 8.606215057177256e-05 -0.04826098132183925 0.1892566055360883 0.03975132835904747 0.19931721742864628 2.1813454281904066
27.49549999998127 3.896847319020587 0.5345413471437119 8.623778665895463e-05 -0.047745511843377 0.18933344114096967 0.040080002423314214 0.19933186506356668 2.1785223881510465
27.49599999998127 3.895398800059108 0.5468671818985544 8.641325606089376e-05 -0.04723137249100473 0.18941189021308558 0.04040800472745519 0.1993501280349026 2.1757224715528984
27.496499999981268 3.8939888503996185 0.5591714954722566 8.658857297901815e-05 -0.04671858737659452 0.189491954874109 0.04073530767703701 0.19937199567647088 2.172946220983034
27.496999999981266 3.8926180495757903 0.5714541975758228 8.676367891950838e-05 -0.04620717925638075 0.18957365884821215 0.04106191744163433 0.19939748395582432 2.1701940479782165
27.497499999981265 3.8912857883110745 0.5837140672705858 8.693863899506097e-05 -0.045697167325553345 0.18965696392885606 0.041387781887224605 0.19942653674432476 2.1674665544305145
27.497999999981264 3.8899928200821283 0.5959503678075244 8.711336806952606e-05 -0.04518860670354438 0.1897418927458099 0.041712893643803796 0.19945917260108478 2.1647645172183863
27.498499999981263 3.888739119449245 0.6081625051756864 8.728787895455673e-05 -0.044681513332016795 0.1898284390426689 0.042037229317586904 0.19949536975006424 2.162088366020475
27.49899999998126 3.8875248113131193 0.6203498076211433 8.746215024986174e-05 -0.044175916248331434 0.18991660044325276 0.04236077042129244 0.1995351136291233 2.1594386724978123
27.49949999998126 3.886350057276422 0.6325115309971991 8.763618490283839e-05 -0.04367184198980654 0.19000637723205413 0.042683491296375796 0.19957838961390603 2.1568159688435764
27.49999999998126 3.885215230075824 0.6446469772519824 8.780995480936953e-05 -0.04316932520677579 0.19009777832117453 0.04300537317120932 0.19962519400879677 2.154220952603155
27.50049999998126 3.884120107618954 0.6567555304870877 8.798344573665303e-05 -0.042668386491407376 0.19019078568913583 0.04332639863650737 0.19967549420407218 2.1516539848603173
27.500999999981257 3.883064810859741 0.6688362835092057 8.815666333494653e-05 -0.042169056654113024 0.190285396154614 0.043646536060408116 0.19972927036087798 2.1491156088393586
27.501499999981256 3.882049204254923 0.6808881097966297 8.832965094385863e-05 -0.04167136263812499 0.1903815942708392 0.0439657405252058 0.19978648663299095 2.1466062641001287
27.501999999981255 3.881073874482098 0.6929114032841917 8.850226413760494e-05 -0.04117532967694327 0.1904794031107546 0.044284050212790506 0.199847161317551 2.1441267194743525
27.502499999981254 3.8801387021612332 0.7049049962368402 8.867454047402655e-05 -0.04068098821323861 0.19057880706581826 0.044601420564833245 0.19991125836489843 2.141677389480657
27.502999999981252 3.879243594281805 0.716868339781923 8.884647035341676e-05 -0.040188355229194526 0.19067979586731507 0.04491783279764491 0.1999787492491791 2.1392587303782067
27.50349999998125 3.8783890108059986 0.728800587448931 8.901801961145178e-05 -0.03969747459850017 0.1907823801585644 0.04523326657102301 0.20004963002502849 2.136871502295835
27.50399999998125 3.8775748756908426 0.7407010746798515 8.918917494074382e-05 -0.03920837001888152 0.190886548662026 0.04554770196394977 0.20012387137429244 2.1345161186298305
27.50449999998125 3.8768011446024664 0.7525691138100863 8.935993305049941e-05 -0.03872106415872626 0.19099229199712384 0.04586111623342178 0.20020144453543345 2.1321930866244743
27.504999999981248 3.8760679429423543 0.764403963623973 8.953030427884609e-05 -0.03823558067717827 0.1910996093351273 0.046173481786444676 0.2002823275729599 2.1299029458120495
27.505499999981247 3.8753749797956436 0.7762050206376225 8.970022006471611e-05 -0.03775195274511375 0.19120847532818433 0.04648479474063214 0.20036648201602203 2.127646135944995
27.505999999981245 3.874722526434546 0.7879717602581178 8.986965903528621e-05 -0.03727019963374593 0.19131889817802944 0.04679503461121338 0.20045389456196436 2.1254228624010394
27.506499999981244 3.8741106657371027 0.7997031784397306 9.003863934222034e-05 -0.03679035980352622 0.19143087032419984 0.04710417147125384 0.20054453784021847 2.1232341922453033
27.506999999981243 3.8735394355518076 0.8113985978024396 9.020711219050168e-05 -0.03631246401825992 0.1915443841992912 0.04741218968017397 0.20063838588772562 2.1210803730661034
27.507499999981242 3.873008417791372 0.8230575926233723 9.037511202083178e-05 -0.03583651237404494 0.19165941791549057 0.04771906754030376 0.20073539175181793 2.118961771770072
27.50799999998124 3.872518000516452 0.8346791363344291 9.054258779351724e-05 -0.03536255720730068 0.19177597556835932 0.04802478237126962 0.20083554212151636 2.116879071892957
27.50849999998124 3.8720680443832265 0.8462627552184205 9.070949415253966e-05 -0.03489062231071464 0.19189404258767004 0.048329327307575054 0.20093880407693826 2.114832711675102
27.50899999998124 3.8716591372378057 0.8578082180034021 9.087583067939186e-05 -0.03442072190012751 0.19201364558256814 0.048632691752138586 0.2010451812232577 2.1128230478247656
27.509499999981237 3.871290487588943 0.8693141526788377 9.104158728532123e-05 -0.033952895493366025 0.19213473053036784 0.04893483601353685 0.20115459717349796 2.1108506514180654
27.509999999981236 3.8709628388085733 0.8807794038780942 9.120676978664127e-05 -0.03348719095702852 0.19225732166741746 0.04923571943667635 0.2012670508587246 2.1089164624613073
27.510499999981235 3.870675096292145 0.8922041667001425 9.13713254739477e-05 -0.033023596155053084 0.19238136529769004 0.049535359102080234 0.2013824704838714 2.107020131026397
27.510999999981234 3.870426270286085 0.9035893256829512 9.153518492717536e-05 -0.03256207932525458 0.19250681931564087 0.04983379530681922 0.20150079813164742 2.105161366166881
27.511499999981233 3.870218294852169 0.9149313726248602 9.169840678984991e-05 -0.0321027781928591 0.19263374257047258 0.05013090435971809 0.2016220591015036 2.103342189817946
27.51199999998123 3.870050344218492 0.9262305537769995 9.186096593924158e-05 -0.03164567569878142 0.19276209693173102 0.050426697461578844 0.20174619357210213 2.1015624655917087
27.51249999998123 3.8699222610742385 0.9374862285361318 9.202281698401113e-05 -0.031190801897715136 0.1928918649670147 0.05072116371583849 0.20187316350165127 2.099822565106874
27.51299999998123 3.8698339802402155 0.9486977957325118 9.218392553771328e-05 -0.030738183351059746 0.19302303502732385 0.05101428981415819 0.2020029349591876 2.098122932488778
27.513499999981228 3.8697853881975575 0.9598644024027028 9.234431272220303e-05 -0.0302878421346491 0.19315559424018114 0.05130604345482799 0.20213546710668967 2.0964639816454875
27.513999999981227 3.8697763136894885 0.9709854365867455 9.25039401334099e-05 -0.029839805254991216 0.19328952532008895 0.05159641285791467 0.2022707205601579 2.0948460594571467
27.514499999981226 3.8698065956709353 0.9820602205434452 9.266279053679298e-05 -0.029394096689079868 0.19342481238238032 0.051885378963973064 0.2024086547447048 2.093269569763723
27.514999999981224 3.869876557970127 0.993087553737433 9.28208446548182e-05 -0.028950766678621842 0.19356145687197063 0.05217290726787341 0.2025492451984501 2.091735159467423
27.515499999981223 3.869986089550684 1.004067262726261 9.297807791849716e-05 -0.0285098228808266 0.19369945054953389 0.05245899443445461 0.20269245975359212 2.090243218877526
27.515999999981222 3.870134294019268 1.0149987469441286 9.313446299018691e-05 -0.028071280581611457 0.19383874174819277 0.05274362962001282 0.20283822386697042 2.0887936041132793
27.51649999998122 3.8703212965439144 1.0258812367911279 9.328998864087563e-05 -0.02763516974589683 0.19397932771204446 0.05302678960428228 0.20298650842417607 2.08738690334142
27.51699999998122 3.870546952875988 1.0367139878154619 9.344464726479429e-05 -0.027201514771848328 0.19412119325979832 0.05330845147016052 0.20313727151027086 2.086023411939877
27.51749999998122 3.8708109673701223 1.0474963766758567 9.359841050116084e-05 -0.026770339628847513 0.19426431554870532 0.05358860180582637 0.2032904661388581 2.084703471220712
27.517999999981217 3.8711131906106644 1.0582276810918363 9.37512663281821e-05 -0.026341669144600878 0.19440867906439904 0.053867219538352676 0.20344605026807774 2.0834274051675585
27.518499999981216 3.8714533919170213 1.0689072098519823 9.390320768517732e-05 -0.025915524968454885 0.19455426494170752 0.054144284160482024 0.20360397822402626 2.0821955151292686
27.518999999981215 3.871831524408944 1.0795343671906048 9.405421373134128e-05 -0.025491930198254884 0.19470106352362707 0.05441977950163026 0.20376421433478015 2.081008105916368
27.519499999981214 3.872247162658487 1.090108527847889 9.420424147768038e-05 -0.02507091199868067 0.19484904431437353 0.05469369707790478 0.2039267054574263 2.079865400939928
27.519999999981213 3.872700383777949 1.100628849808682 9.435325415141765e-05 -0.02465250880304115 0.19499819943686347 0.05496601771765304 0.20409141843213338 2.0787678590308074
27.52049999998121 3.8731908810984734 1.1110946994577833 9.450127664773156e-05 -0.02423673155859317 0.1951485093057809 0.05523671559993887 0.20425830360399133 2.0777157264714097
27.52099999998121 3.87371804866871 1.121505528357051 9.464829077398343e-05 -0.02382359357111639 0.1952999380724567 0.05550577691320714 0.20442729928384293 2.076708850346508
27.52149999998121 3.8742820219696616 1.1318603991143723 9.479426896478103e-05 -0.023413131267839254 0.19545248143976635 0.05577317344356696 0.20459837265406947 2.0757480069969243
27.521999999981208 3.8748818921396477 1.142158312752464 9.493929740515612e-05 -0.023005354209434982 0.1956060888902825 0.056038864721383475 0.2047714401290282 2.0748328668838574
27.522499999981207 3.8755180545076855 1.1523997264111936 9.508322026043913e-05 -0.02260028342259782 0.19576077468918546 0.056302892383705214 0.20494650377223533 2.0739640138124997
27.522999999981206 3.8761899740139545 1.1625834936638453 9.52260580794677e-05 -0.022197947425487786 0.19591650198950591 0.056565217978558076 0.20512349574505254 2.0731415473666983
27.523499999981205 3.8768974325056726 1.1727089364521814 9.536780437293901e-05 -0.021798368094161347 0.1960732525579911 0.05682582195927183 0.20530237032627063 2.072365689413729
27.523999999981204 3.8776402919395485 1.1827751978308518 9.550845437654456e-05 -0.021401574459305146 0.1962310102083288 0.05708467892642788 0.20548308281912597 2.0716367010716117
27.524499999981202 3.8784179651902786 1.1927820027409173 9.564798773768605e-05 -0.02100757249237928 0.19638974227433892 0.0573417852833792 0.20566557639062738 2.0709545669576053
27.5249999999812 3.8792303970367135 1.2027285799463021 9.578636360353204e-05 -0.020616397459909556 0.19654943504505543 0.05759712553108069 0.2058498120722934 2.070319621286394
27.5254999999812 3.880077573630321 1.2126145370242365 9.592358307098023e-05 -0.02022806251373401 0.1967100837911614 0.05785068700582204 0.2060357579771794 2.0697319432932657
27.5259999999812 3.8809585962772024 1.2224389190983131 9.605964889987911e-05 -0.01984258778604785 0.19687163509450817 0.05810244136507946 0.20622333206360208 2.0691915899321054
27.526499999981198 3.8818736027935823 1.2322013619993744 9.619454238181787e-05 -0.019459991908753107 0.19703409045626455 0.05835238030241983 0.20641251021673665 2.0686988340462835
27.526999999981197 3.8828217460020618 1.2419011216544125 9.632826796879006e-05 -0.01908028796883411 0.19719740134285063 0.05860048146365608 0.2066032161248204 2.068253509607775
27.527499999981195 3.883802824750317 1.2515376960785831 9.646078903958423e-05 -0.01870349944745871 0.1973615500501023 0.058846737548136296 0.20679540819326567 2.067855781960766
27.527999999981194 3.88481645091933 1.2611105096202413 9.659211446492777e-05 -0.018329638806973813 0.19752651234440688 0.0590911293840237 0.20698903427384427 2.0675056798877476
27.528499999981193 3.885862398766584 1.2706188737470678 9.672222289119941e-05 -0.017958733044932524 0.19769226808471727 0.05933364172486214 0.20718404859784254 2.0672034331940923
27.528999999981192 3.886940189028377 1.2800621839383706 9.685111325084873e-05 -0.01759079660688042 0.19785878772931706 0.05957425689118312 0.207380394664289 2.0669488673294536
27.52949999998119 3.8880496038074535 1.2894399428828103 9.697876261874527e-05 -0.017225848925943765 0.19802605382421962 0.05981296427374408 0.20757803005044717 2.0667421823818724
27.52999999998119 3.889190052012055 1.2987515452086398 9.710516989017006e-05 -0.016863904071176803 0.1981940311048693 0.06004974758349355 0.2077768933518861 2.0665832270011606
27.53049999998119 3.890361260246668 1.3079963921886004 9.723031799767197e-05 -0.016504983573182724 0.19836269860949565 0.060284592867788964 0.20797693819178056 2.0664720946806994
27.530999999981187 3.8915628241796862 1.3171739286973816 9.735419422352637e-05 -0.016149104545612268 0.19853202990721744 0.060517486826487894 0.20817811289494276 2.0664087295692233
27.531499999981186 3.892794362289621 1.3262835962528254 9.747680226799955e-05 -0.015796280757914862 0.19870200073745842 0.06074841260834016 0.20838036667902507 2.0663931163974443
27.531999999981185 3.8940554178526647 1.3353248425339013 9.759812825081121e-05 -0.015446529006213487 0.19887258202494748 0.060977357594182324 0.208583645760587 2.06642519149224
27.532499999981184 3.8953456153070727 1.344297106409902 9.771816911812891e-05 -0.015099865125746374 0.1990437492186985 0.061204306656816226 0.20878789999229713 2.066504910697256
27.532999999981183 3.8966643303513457 1.3532000439687843 9.783694352494396e-05 -0.01475628795952525 0.19921546986424155 0.061429246206571815 0.2089930710743363 2.0666320663945026
27.53349999998118 3.8980116183380216 1.362032603121652 9.795440870823021e-05 -0.014415847288626769 0.1993877316921315 0.061652154971586014 0.20919912144897476 2.0668068979853245
27.53399999998118 3.899386785250088 1.3707944734312807 9.807056265391708e-05 -0.014078544984379252 0.19956049780879173 0.0618730255408594 0.2094059908506674 2.0670291149400866
27.53449999998118 3.9007893205262603 1.3794854705144757 9.818538145526399e-05 -0.013744386431066636 0.19973373986492407 0.0620918591809457 0.20961363022318477 2.0672985313503354
27.534999999981178 3.9022188674122704 1.3881048518217451 9.829887420492031e-05 -0.013413391697345317 0.19990743293059857 0.0623086327043349 0.20982198771151678 2.0676150371302753
27.535499999981177 3.9036750864218255 1.3966521992903713 9.841102354456676e-05 -0.013085575758886301 0.2000815546572322 0.06252333876995841 0.21003101841856486 2.0679786039680224
27.535999999981176 3.9051573604813523 1.405126889493657 9.85218518575731e-05 -0.012760947652645266 0.20025606994597198 0.06273595572369071 0.210240660852663 2.068388919588744
27.536499999981174 3.906665307705051 1.4135285826137534 9.863130893755177e-05 -0.01243952657649007 0.20043095300824257 0.06294648550652948 0.210450870235462 2.068845841264217
27.536999999981173 3.9081984619374985 1.4218566788929765 9.873939773105899e-05 -0.01212132787186453 0.20060617473189227 0.06315491164691979 0.21066159307066387 2.069349201634756
27.537499999981172 3.9097564223861085 1.4301107073580475 9.884613246342744e-05 -0.011806360061980308 0.20078171148142593 0.06336121844317398 0.2108727810930735 2.069898831400222
27.53799999998117 3.9113386935206336 1.4382902568364062 9.895148881008313e-05 -0.011494637370289806 0.20095753301957428 0.06356540058254062 0.2110843834034309 2.0704944678451462
27.53849999998117 3.9129450680266125 1.4463949869390278 9.905543668543181e-05 -0.011186171972856273 0.20113362487769104 0.0637674509751617 0.21129636367840243 2.071135747057328
27.53899999998117 3.914573816082483 1.4544261193242236 9.915795229919652e-05 -0.010880908075331796 0.201309913606336 0.06396742137701023 0.21150864397078023 2.071821673328021
27.539499999981167 3.916226009506842 1.4623803826083581 9.925909546419318e-05 -0.010578965229547172 0.20148641852103805 0.06416520001883838 0.21172119461031863 2.0725533880531497
27.539999999981166 3.9179006586169813 1.470258319832296 9.935883983091374e-05 -0.010280317182361519 0.20166309598954094 0.06436081194895303 0.2119339598086754 2.07333010276163
27.540499999981165 3.919597323574675 1.4780595089404898 9.945717414986163e-05 -0.009984976680781014 0.2018399191246436 0.06455424895438643 0.21214689196314737 2.074151633017782
27.540999999981164 3.921315567490268 1.4857835089293063 9.955408766583686e-05 -0.009692957362668689 0.2020168609395662 0.06474550271423946 0.21235994360526217 2.075017655815164
27.541499999981163 3.923054858645094 1.4934298897647815 9.964957370938075e-05 -0.009404270078621204 0.2021938903237979 0.06493456426264603 0.2125730632417084 2.0759278399442054
27.54199999998116 3.9248148412865906 1.5009980504344111 9.974363058196911e-05 -0.009118933252161177 0.20237098306973392 0.06512141836760062 0.2127862045868481 2.0768819547352746
27.54249999998116 3.9265949212251194 1.5084878716362997 9.983624790971658e-05 -0.008836946515764943 0.20254810822567965 0.06530606621702356 0.21299931937512476 2.077879565066551
27.54299999998116 3.92839461358711 1.5158989621419163 9.992742202672472e-05 -0.008558319424718581 0.20272523755287258 0.06548849947543957 0.21321235971629032 2.078920356458119
27.543499999981158 3.9302134304418876 1.5232307824173306 0.00010001714439364197 -0.008283068356786672 0.2029023405805952 0.06566870694044472 0.21342527522699148 2.0800039348469594
27.543999999981157 3.9320507807921827 1.530482857220131 0.00010010543892509541 -0.00801119784115053 0.20307938501961784 0.06584667191439962 0.21363801186352305 2.0811298574103834
27.544499999981156 3.9339063782035835 1.5376551450834257 0.00010019225331208407 -0.0077427195482709125 0.20325635244702198 0.06602240727701629 0.21385053841111415 2.082297843311309
27.544999999981155 3.9357797705492477 1.5447468892783631 0.00010027761047651712 -0.0074776508689343504 0.20343321392746438 0.06619588853449956 0.21406280258430482 2.0835075399504044
27.545499999981153 3.9376703600233407 1.5517578452930356 0.00010036149937288976 -0.007215995666244316 0.2036099370151057 0.06636711289131873 0.2142747552052729 2.0847584856444685
27.545999999981152 3.93957770549709 1.5586876934927794 0.00010044389381424508 -0.0069577678732924255 0.20378649451950473 0.06653608005989602 0.21448635348679795 2.0860503227920444
27.54649999998115 3.9415013043789537 1.5655360751555636 0.00010052478828155142 -0.0067029764413875014 0.20396285751426826 0.06670278364870562 0.21469755118548867 2.0873825448862693
27.54699999998115 3.943440608524141 1.5723029697699273 0.00010060414030883301 -0.006451626356957547 0.20413899590130563 0.0668672353492629 0.2149083067112502 2.0887547141643985
27.54749999998115 3.9453952700309975 1.5789874467256189 0.00010068201866347273 -0.006203732962478023 0.20431488682062615 0.0670293966515127 0.2151185703156769 2.090166479166549
27.547999999981148 3.9473647483130647 1.5855894850427035 0.00010075838145379067 -0.005959299931316134 0.20449050094795992 0.0671892779587198 0.21532830121986543 2.0916173355167023
27.548499999981146 3.949348589461723 1.5921086170801644 0.00010083323449193343 -0.005718338855853855 0.20466581113016627 0.06734686766161642 0.2155374543523017 2.0931068522202465
27.548999999981145 3.951346268087107 1.5985446531550274 0.00010090656685919515 -0.005480853814861856 0.20484078875706904 0.06750216612392335 0.21574598705092943 2.0946345101833637
27.549499999981144 3.953357385802506 1.6048971094396731 0.0001009783788782395 -0.005246858611395504 0.2050154087664428 0.06765516171178315 0.2159538567916932 2.096199884823801
27.549999999981143 3.955381432687872 1.611165751179696 0.00010104865703045675 -0.005016359973390174 0.20518964260327352 0.06780585401073864 0.21616102131783 2.097802463891509
27.55049999998114 3.9574179522285164 1.6173502757609155 0.00010111740004944958 -0.0047893648243706646 0.20536346437064065 0.0679542376022876 0.21636743960642615 2.0994418016599123
27.55099999998114 3.9594664339639167 1.623450431138547 0.00010118460111708489 -0.004565877950820684 0.20553684602978448 0.06810030921805124 0.216573069500636 2.1011173478604563
27.55149999998114 3.961526377867522 1.6294658350971083 0.00010125025628982105 -0.004345910370301892 0.205709758168913 0.06824406285101463 0.21677786708350233 2.1028285861284766
27.55199999998114 3.9635974392901407 1.6353963318358802 0.00010131433925487095 -0.004129471720818784 0.20588218000370484 0.06838550321287247 0.21698180022630642 2.1045750300408383
27.552499999981137 3.965679012014103 1.641241532022809 0.00010137690090361247 -0.003916557455449372 0.20605408123928862 0.06852461134873283 0.2171848203216884 2.106356077451928
27.552999999981136 3.9677706516182316 1.6470011152555863 0.0001014379114828527 -0.0037071826274238827 0.20622543421365197 0.06866138807490038 0.21738688813268947 2.108171204170157
27.553499999981135 3.96987193225413 1.6526748507733369 0.0001014973705670216 -0.0035013520951618204 0.20639621531777616 0.06879583018447473 0.21758796707255482 2.1100198865240825
27.553999999981134 3.971982281342953 1.6582624425022678 0.00010155526446519983 -0.0032990737629519165 0.2065663922299257 0.06892793553889894 0.21778801294891212 2.111901471578166
27.554499999981132 3.9741011656769425 1.6637643483363465 0.00010161162376355199 -0.0031003194951175978 0.2067359461160758 0.06905771563766717 0.2179869984347087 2.1138155481018166
27.55499999998113 3.9762281155512196 1.6691799010434891 0.00010166640415902226 -0.002905119365009301 0.20690484306573775 0.06918516360632555 0.21818487726196 2.1157612557684926
27.55549999998113 3.978362863759153 1.6745083396776357 0.00010171963177633404 -0.0027134933871408606 0.20707306315360036 0.06931025452368106 0.21838161074668 2.11773826254619
27.55599999998113 3.9805048420218556 1.6797497008227278 0.00010177132927388679 -0.00252542956507083 0.20724058042406165 0.0694329888522061 0.21857716237050173 2.119745929218607
27.556499999981128 3.9826533867806386 1.68490364126498 0.00010182150657433772 -0.002340931182826945 0.20740735934620239 0.06955335835835057 0.21877148426770018 2.1217835714502025
27.556999999981127 3.9848077625089613 1.6899703539189561 0.00010187013401979548 -0.0021599907451153835 0.20757336394733544 0.06967137974307537 0.21896453625127466 2.123850391664369
27.557499999981125 3.986968160199365 1.6949492555279053 0.00010191719728753068 -0.0019826382500555233 0.20773859521193955 0.0697870419978057 0.21915630501052016 2.1259462635584594
27.557999999981124 3.989133724530885 1.699840669599545 0.00010196270802746439 -0.0018088492672142524 0.20790301598330121 0.06990035607823307 0.2193467478001169 2.1280703156791576
27.558499999981123 3.9913041446315676 1.7046437733916266 0.00010200667596834204 -0.0016386501644259444 0.20806660216535622 0.07001130004888154 0.2195358245151176 2.1302220113833794
27.558999999981122 3.9934788039451554 1.7093585871791972 0.00010204910468894837 -0.0014720332957290035 0.20822932397442645 0.070119877826379 0.2197234978586876 2.1324006576562757
27.55949999998112 3.9956573259312407 1.7139849338414743 0.00010209000396048246 -0.0013090001913962002 0.2083911614231442 0.07022608593497062 0.2199097378165276 2.134605716586682
27.55999999998112 3.9978391855765643 1.7185226245088328 0.00010212936697029758 -0.0011495544551354505 0.208552086103162 0.07032992433452008 0.220094507769561 2.1368365001621217
27.56049999998112 4.000023808028516 1.7229716811980054 0.00010216718150458336 -0.0009936927558514429 0.20871206917282614 0.07043140035489283 0.2202777732764856 2.139092294750002
27.560999999981117 4.002210813787011 1.7273316962062288 0.00010220348832680359 -0.0008414176543952135 0.2088710901174712 0.07053049719147232 0.22045950037275824 2.1413725361828577
27.561499999981116 4.004399644039741 1.7316026358644578 0.00010223827883148507 -0.0006927272822095979 0.20902912047902622 0.07062721987378312 0.2206396547912965 2.1436765187075286
27.561999999981115 4.006589696456796 1.73578440664513 0.00010227158915748462 -0.0005476107600868542 0.2091861322025938 0.07072156212640862 0.22081819927946403 2.146003537992395
27.562499999981114 4.008780729512161 1.7398768347426674 0.00010230338084142419 -0.0004060828331578274 0.20934210842869216 0.07081353080866533 0.22099511173378358 2.148353051262588
27.562999999981113 4.010972112449149 1.743879779886489 0.00010233368815472554 -0.00026813431823147584 0.2094970190393652 0.07090311886983668 0.22117035322995474 2.1507243158919893
27.56349999998111 4.013163186763444 1.7477934320122726 0.00010236250971393497 -0.00013375251145160565 0.20965083376186197 0.07099033686632 0.22134389062084317 2.15311652685086
27.56399999998111 4.015353718143259 1.7516174218356484 0.00010238983381043128 -2.9522489276002884e-06 0.20980353604883914 0.07107517948368884 0.22151569896048204 2.155529233624868
27.56449999998111 4.017543382164893 1.7553516682967092 0.00010241568110785181 0.0001242699502953875 0.20995511007425943 0.07115764384830728 0.22168575499422033 2.157961766278675
27.564999999981108 4.0197312685596795 1.7589960733176293 0.00010244006184569466 0.00024792257153793664 0.21010551097832 0.0712377301978201 0.2218540092330987 2.1604132285217554
27.565499999981107 4.021917027385144 1.7625505778547421 0.00010246298834029716 0.0003680087179677003 0.21025472160871828 0.07131543782122643 0.22202043838531924 2.162883069970609
27.565999999981106 4.0241002713035 1.7660151794675953 0.00010248448487035604 0.00048453773820920855 0.21040272465818258 0.07139076423820609 0.22218501870945723 2.1653706129137773
27.566499999981104 4.026280342649541 1.7693897393401596 0.00010250453270396738 0.0005975048718664271 0.21054948458298672 0.07146371580345864 0.22234771225868455 2.1678751395605116
27.566999999981103 4.028456762409154 1.7726744873807125 0.00010252313069588468 0.0007069233438332552 0.21069498054192998 0.07153430236704178 0.22250849642500772 2.1703958983462086
27.567499999981102 4.0306290443043515 1.7758690026420942 0.00010254032273101123 0.0008127922111602677 0.21083918698278517 0.07160250623160093 0.22266733549711962 2.1729322589269384
27.5679999999811 4.0327967560408675 1.7789733008915793 0.0001025561117535134 0.0009151157487065139 0.21098208279225306 0.07166833184760546 0.22282420534136133 2.1754835101188448
27.5684999999811 4.034959317954241 1.7819873471199665 0.00010257050239155387 0.001013899012242594 0.21112363942296689 0.07173178148403538 0.22297907433048367 2.1780489578519373
27.5689999999811 4.037116319256835 1.7849112958953222 0.00010258350986220807 0.0011091553821189857 0.21126383962304218 0.0717928592145404 0.22313192239599197 2.18062789817065
27.569499999981097 4.039267229774309 1.7877450905354269 0.00010259513609408689 0.0012008868564350847 0.21140265648823023 0.0718515683434278 0.2232827202739453 2.1832196487681177
27.569999999981096 4.041411696956766 1.7904890385258465 0.0001026053876123898 0.001289109058581783 0.21154007670751834 0.07190791983217716 0.2234314543437841 2.185823454080952
27.570499999981095 4.043548807631467 1.7931429853435636 0.0001026142808350652 0.001373830650525779 0.2116760553683087 0.07196191008886152 0.2235780765875335 2.1884380886154537
27.570999999981094 4.045678404016673 1.7957065554152587 0.0001026218692278243 0.001455049660525296 0.21181058346047046 0.07201352028693331 0.223722568239094 2.191063654858567
27.571499999981093 4.047800083384627 1.7981801062985128 0.00010262810031685411 0.001532769683328895 0.21194364144130445 0.07206277633786505 0.2238649152141164 2.1936992840678142
27.57199999998109 4.049913322976638 1.8005635648669058 0.0001026330032632741 0.0016069994939732128 0.2120752048151025 0.07210967406211849 0.22400508931291332 2.1963442941837195
27.57249999998109 4.0520176667415635 1.8028570320640367 0.00010263659591596924 0.0016777507414685784 0.2122052534819511 0.07215421644579133 0.22414306905143358 2.1989980171749552
27.57299999998109 4.054112637932287 1.8050605973555853 0.00010263888702995944 0.0017450328789098692 0.2123337655846772 0.07219640816280487 0.2242788320344286 2.2016597527015893
27.573499999981088 4.05619832430536 1.807174515077641 0.00010263987946988645 0.001808851303786142 0.21246074763950673 0.07223625912497478 0.22441238460242757 2.2043300792048672
27.573999999981087 4.058273612027884 1.809198413028596 0.00010263958449535052 0.0018692089930517782 0.21258614242331336 0.07227376120967352 0.22454366713866122 2.207006632789813
27.574499999981086 4.060338158064373 1.8111325901743014 0.000102638009091619 0.0019261217360981237 0.212709937219352 0.0723089242804224 0.2246726682696291 2.209689081111937
27.574999999981085 4.062391536716713 1.8129769731993481 0.00010263517523267602 0.001979593190160311 0.21283211077500824 0.07234174723126345 0.22479936512058019 2.2123768341478733
27.575499999981083 4.064433508854339 1.8147318596522277 0.00010263105806559105 0.0020296302481065307 0.21295265308573041 0.0723722466833709 0.22492375140299026 2.2150693694100054
27.575999999981082 4.0664634474990065 1.816397227690055 0.00010262570247566347 0.0020762500615010963 0.2130715367168212 0.07240041558445286 0.22504579700582514 2.2177656712053375
27.57649999998108 4.068481164937418 1.8179731849086032 0.00010261911070229094 0.0021194549722967173 0.21318875286539302 0.07242626192174696 0.22516549436722916 2.2204656579592346
27.57699999998108 4.070486100431448 1.8194597364092349 0.00010261129160449895 0.0021592535436853874 0.2133042749656006 0.07244978725078507 0.22528281729228813 2.223168389342024
27.57749999998108 4.07247801738853 1.8208571375089446 0.00010260225641040184 0.00219565865701729 0.2134180947724529 0.0724709998940631 0.22539775934753015 2.2258733311565515
27.577999999981078 4.0744564912747965 1.8221654236849223 0.00010259200535424578 0.0022286748899779407 0.21353019172830429 0.07248990485838329 0.22551030148902082 2.2285798474422984
27.578499999981076 4.076421097975887 1.8233847223728588 0.00010258054574465907 0.0022583121553223593 0.21364054688096293 0.0725065080871635 0.22562042673566082 2.2312872186468247
27.578999999981075 4.078371543355827 1.824515206853726 0.00010256787526152908 0.002284577820858321 0.21374914732889008 0.07252081870045753 0.22572812501908518 2.2339949161307158
27.579499999981074 4.080307499563166 1.8255569262638218 0.00010255402392128486 0.0023074829560528398 0.2138559794631078 0.07253283523598107 0.22583338242405093 2.2367023557438546
27.579999999981073 4.0822285223453605 1.8265099781790217 0.00010253898529432349 0.002327033427192554 0.2139610220887217 0.0725425657353889 0.2259361810363602 2.2394087981615565
27.580499999981072 4.08413438771232 1.827374629368568 0.00010252276251190387 0.002343240306980382 0.21406426711818996 0.07255002071198491 0.2260365163801935 2.2421137737034598
27.58099999998107 4.086024679127789 1.8281509261001208 0.00010250538315911969 0.00235611538529856 0.21416569650419515 0.07255519922388705 0.22613437105679846 2.2448166115521033
27.58149999998107 4.087899189461936 1.8288390626087125 0.00010248684511745491 0.002365665658622892 0.21426530181147665 0.07255811073712572 0.22622974023791073 2.2475168247158797
27.58199999998107 4.089757522135643 1.8294391607025142 0.00010246715602449769 0.002371900535542577 0.21436306536266356 0.07255876096432175 0.22632260933566858 2.250213742813536
27.582499999981067 4.091599452298368 1.8299514048650707 0.000102446322002178 0.002374828995407618 0.21445897837089833 0.07255715720531544 0.22641297285792553 2.2529068678866655
27.582999999981066 4.093424644509055 1.8303759478882995 0.00010242434908455128 0.0023744603878160494 0.2145530263544097 0.07255330618736178 0.226500819907316 2.2555956003139634
27.583499999981065 4.095232868193723 1.8307129293970683 0.00010240124462989384 0.0023708023765882016 0.21464519980483074 0.07254721375433014 0.22658614416305561 2.2582794489223654
27.583999999981064 4.097023858233598 1.8309625729945143 0.00010237702359914846 0.0023638681585067527 0.2147354890780063 0.07253888651725607 0.2266689396441531 2.260957851525209
27.584499999981063 4.098797330530952 1.831125116706657 0.00010235168235997837 0.0023536674151839495 0.2148238825595867 0.0725283352354883 0.22674919995516582 2.263630239245733
27.58499999998106 4.100553053154538 1.8312006220668309 0.0001023252111549632 0.0023402003535637024 0.21491036833655283 0.07251556802676161 0.22682691763212653 2.2662961499898215
27.58549999998106 4.102290779726919 1.8311893488653161 0.00010229761991745724 0.0023234803649982236 0.2149949378663425 0.0725005932192635 0.22690208876584658 2.268954999038481
27.58599999998106 4.104010098789156 1.8310912212845953 0.00010226894250077174 0.002303516019651154 0.21507757244194822 0.07248340496369321 0.22697469539291162 2.2716061867414905
27.586499999981058 4.105711068029815 1.830906813291191 0.00010223915180263595 0.00228031918100073 0.21515827888245787 0.07246402825676465 0.22704475377868993 2.274249431693769
27.586999999981057 4.107393360702962 1.8306361986871122 0.0001022082622248297 0.002253898123741087 0.21523704288559387 0.07244246576872972 0.2271122531558805 2.2768840694683403
27.587499999981056 4.1090568001635255 1.8302796678808708 0.00010217627366370242 0.002224263644425097 0.21531385869909136 0.07241872905982365 0.2271771938714191 2.2795097323968814
27.587999999981054 4.110701158269919 1.8298373126447196 0.0001021431961007103 0.0021914224732740334 0.21538871664451292 0.07239282191443687 0.2272395701786157 2.2821258753546285
27.588499999981053 4.112326348867682 1.829309573942242 0.00010210901079509452 0.002155385042881953 0.21546161573756645 0.07236476445501053 0.22729938995860718 2.284732031855578
27.588999999981052 4.1139319974448245 1.8286963934230904 0.00010207374582764386 0.002116159238645063 0.2155325388374351 0.07233455196578839 0.22735663798474218 2.287327716971419
27.58949999998105 4.115518028900651 1.8279980011766142 0.00010203741306306522 0.0020737551106588146 0.2156014853026987 0.07230219159646553 0.2274113186159405 2.2899125312003745
27.58999999998105 4.117084200652219 1.8272149065240206 0.00010200001502698984 0.002028193479897989 0.21566844906025928 0.07226770000913722 0.22746343432178326 2.29248603709334
27.59049999998105 4.11863003315528 1.8263467466609336 0.00010196154579679747 0.001979461931921858 0.2157334014093807 0.07223107475667742 0.2275129598807629 2.2950475014581557
27.590999999981047 4.120156172473744 1.825394753332966 0.00010192196659516925 0.0019275884721220952 0.2157963848374793 0.07219235763473988 0.22755995211615224 2.2975969809719357
27.591499999981046 4.121661867754071 1.8243583331459003 0.00010188132953132398 0.0018725708925311395 0.21585735974080578 0.07215152557738065 0.22760436928838298 2.3001336909466947
27.591999999981045 4.123147052666323 1.8232380046891261 0.00010183962158262036 0.0018144239749130118 0.2159163273314211 0.07210859929115758 0.22764622253484212 2.302657216635837
27.592499999981044 4.124611590887507 1.8220339462723896 0.00010179685982283633 0.0017531579864812354 0.21597328375374286 0.07206358321974096 0.2276855131201123 2.3051672401163668
27.592999999981043 4.126055459162645 1.8207465063633355 0.00010175301394246932 0.0016887766878001926 0.21602822921322062 0.07201649688295392 0.22772225101424226 2.307663374931781
27.59349999998104 4.127478360270817 1.8193758000457583 0.000101708124690038 0.0016212960014896386 0.21608115313382067 0.0719673380304775 0.22775642929137943 2.3101451509297775
27.59399999998104 4.128880170328838 1.8179220777352363 0.00010166217630212037 0.0015507210095129236 0.21613205079920142 0.07191612024237114 0.22778805163799332 2.312612170464237
27.59449999998104 4.130260808262933 1.8163857900720486 0.00010161516109624764 0.0014770654568305886 0.21618092239829823 0.0718628609666345 0.22781712779695173 2.3150641071576072
27.594999999981038 4.131620020570327 1.8147670534863178 0.00010156710759379983 0.0014003418182802663 0.21622775863927424 0.07180756062745833 0.22784365325072886 2.317500460942888
27.595499999981037 4.132957760392671 1.813066212631802 0.00010151800691433736 0.001320559349020555 0.21627256006174234 0.07175023373319656 0.227867637354282 2.3199209296631427
27.595999999981036 4.134273884262166 1.8112834899504402 0.00010146788478439391 0.0012377324208365662 0.2163153236900077 0.07169088391914569 0.2278890828490185 2.322325111576129
27.596499999981035 4.1355683129979255 1.809419226208731 0.00010141671089861018 0.00115186527523994 0.21635604693813712 0.07162953041715421 0.22790799781510895 2.324712690593529
27.596999999981033 4.136840849463222 1.8074737399426024 0.00010136447222412261 0.0010629672437092717 0.21639472253458392 0.07156618829380458 0.22792438471362614 2.3270832496015856
27.597499999981032 4.1380914130506055 1.8054471400696512 0.00010131121001892813 0.000971051400089403 0.2164313503490378 0.0715008543404092 0.2279382471770325 2.329436451553027
27.59799999998103 4.139319860859266 1.803339867987965 0.00010125691587478936 0.0008761319797731702 0.21646592746330548 0.07143354594067007 0.22794959277316737 2.331771911146717
27.59849999998103 4.140526081788829 1.8011521869926648 0.00010120158256005195 0.0007782165380001244 0.21649845053600955 0.07136427499504112 0.22795842702352737 2.334089318628154
27.59899999998103 4.141710012987901 1.798884380923287 0.00010114522669875307 0.0006773184311839647 0.21652892051296554 0.0712930486556676 0.22796475816535053 2.3363883522769555
27.599499999981028 4.142871548965784 1.796536733819105 0.00010108784045936362 0.0005734458063702409 0.21655733450932996 0.07121987951165255 0.2279685925901482 2.338668688641473
27.599999999981026 4.1440105515938015 1.7941098986225137 0.00010102943012454594 0.00046662409504471625 0.21658369329966298 0.0711447875335178 0.22796994261208636 2.3409300409357305
27.600499999981025 4.145126894152579 1.7916037144519321 0.000100969988217118 0.0003568454329257187 0.2166079879920578 0.07106777282612277 0.2279688051797786 2.3431720030019236
27.600999999981024 4.146220443241691 1.7890186288428636 0.00010090952704232019 0.00024412961831217663 0.21663021774804508 0.07098884785318293 0.2279651889222526 2.3453942041985343
27.601499999981023 4.14729114181175 1.7863549474866462 0.00010084804463010894 0.00012848603473071893 0.21665038260527278 0.07090802465155487 0.22795910324366894 2.347596424702197
27.60199999998102 4.148339131886382 1.783612944654521 0.00010078557348905298 9.928075532832813e-06 0.21666849414315356 0.07082530636517118 0.22795056585704893 2.349778803444074
27.60249999998102 4.149363888405303 1.7807930029757255 0.0001007220805117564 -0.00011153054803480943 0.21668452944178487 0.07074071332289986 0.22793956712230454 2.351940286744206
27.60299999998102 4.150365439335851 1.7778953756479856 0.00010065759273561518 -0.00023587796479439095 0.21669849360055768 0.07065425056987477 0.2279261193693164 2.354080810160599
27.603499999981018 4.151343754366802 1.7749203569014285 0.00010059210367926475 -0.0003631056697697051 0.21671038772885207 0.0705659298507203 0.2279102333178868 2.3562001547560967
27.603999999981017 4.152298777235291 1.7718683241279944 0.0001005256178448657 -0.0004931999256280711 0.21672021322895865 0.07047576370431084 0.2278919202996846 2.3582980335599895
27.604499999981016 4.153230367898082 1.768739606833013 0.00010045813188324488 -0.0006261492935625356 0.21672796643347556 0.07038376510844423 0.2278711870512992 2.360374095963839
27.604999999981015 4.15413837275631 1.765534423579319 0.00010038966528622485 -0.0007619407341627726 0.21673364336018827 0.07028993857905919 0.22784803747961396 2.3624281135134324
27.605499999981014 4.155022771324167 1.7622531186423624 0.000100320192734881 -0.000900569043403495 0.2167372447378873 0.07019430189399309 0.2278224841835367 2.3644598002517223
27.605999999981012 4.155883449646224 1.7588961109149421 0.00010024975535622366 -0.0010420089250663997 0.21673877235445618 0.07009686031323718 0.22779453691888701 2.366468925963675
27.60649999998101 4.156720354730865 1.755463672087 0.00010017831983132964 -0.0011862594229271996 0.21673822390718867 0.06999763155382253 0.2277642055657689 2.3684552022364027
27.60699999998101 4.157533370624689 1.7519560373212262 0.00010010593820909756 -0.0013332994003838695 0.2167355998083861 0.06989661323133872 0.22773149640048326 2.370418397839538
27.60749999998101 4.1583224177701865 1.748373562182863 0.00010003260123101252 -0.0014831186246496277 0.21673089918053567 0.0697938201517568 0.2276964198924394 2.3723581974123116
27.607999999981008 4.15908745019928 1.744716568640593 9.995831545431547e-05 -0.001635704580878092 0.21672412350786513 0.069689262142712 0.22765898729837994 2.3742744729571044
27.608499999981007 4.15982838450168 1.740985365863924 9.98830862790243e-05 -0.0017910451114074 0.21671527224882278 0.06958294941355735 0.22761920814720835 2.376166918154543
27.608999999981005 4.160545117545783 1.7371803567131094 9.980692990131486e-05 -0.0019491217157791133 0.2167043457811848 0.0694748921876456 0.22757709287272126 2.3780353144608704
27.609499999981004 4.161237502854059 1.7333016332194437 9.972983107391217e-05 -0.002109932742864035 0.21669133691565537 0.0693650971805534 0.2275326438499344 2.379879439158869
27.609999999981003 4.161906292493846 1.729350089062185 9.96518173591609e-05 -0.002273456795103758 0.2166762922558798 0.06925359262360976 0.22748592115300573 2.3816991954516182
27.610499999981002 4.162550290647925 1.7253253700506923 9.957290074824902e-05 -0.002439681913614514 0.21665915212901063 0.06914036069695338 0.22743686976039354 2.383494171119031
27.610999999981 4.163169963103405 1.7212282197800626 9.949304281477747e-05 -0.0026086006458739654 0.2166399436435269 0.06902543602355268 0.2273855333952486 2.3852642775397523
27.611499999981 4.1637651512503915 1.7170587404515723 9.941227495201743e-05 -0.0027802005669909226 0.21661866231822408 0.06890881638621951 0.22733191451153356 2.3870092605251156
27.611999999981 4.164335764318361 1.7128172359835714 9.933062204161888e-05 -0.0029544649544340873 0.21659530856714085 0.06879050744964584 0.2272760226500845 2.388728913721194
27.612499999980997 4.164881797116466 1.7085041174570765 9.924807872939352e-05 -0.003131381207741238 0.21656988603395183 0.06867052407608638 0.22721787333286841 2.3904230649380436
27.612999999980996 4.16540329637851 1.7041198285477446 9.916464502284529e-05 -0.003310935037135464 0.2165424015809426 0.06854888083173949 0.22715748509909675 2.392091608848607
27.613499999980995 4.16590017934247 1.6996645893947815 9.908034024075237e-05 -0.003493114031297677 0.21651285471270104 0.06842558194461355 0.22709486644558452 2.393734330038126
27.613999999980994 4.166372398584205 1.6951386736199408 9.899516093107238e-05 -0.003677909830322224 0.21648124560732013 0.06830063812313017 0.22703002860512445 2.3953510732073098
27.614499999980993 4.1668198340446905 1.690542438065654 9.890911135491724e-05 -0.0038653079351346838 0.21644757247196178 0.06817406079683731 0.2269629811224056 2.396941582998614
27.61499999998099 4.167242508241515 1.6858762388715935 9.882220354535628e-05 -0.004055294075418101 0.21641184088197057 0.06804585937833695 0.22689374002492416 2.3985057619246306
27.61549999998099 4.167640291874536 1.6811403642648748 9.873444158823598e-05 -0.004247856557184552 0.2163740477644992 0.06791604364224667 0.22682231331008806 2.4000434107037236
27.61599999998099 4.16801327415794 1.6763350383784106 9.864586193782332e-05 -0.004442980393321499 0.21633420224907385 0.06778461325303493 0.22674871759589324 2.4015544112907072
27.616499999980988 4.168361366007149 1.671460636965101 9.855645751840236e-05 -0.0046406537736550495 0.21629230339486985 0.06765158275824401 0.22667296447746235 2.40303857411595
27.616999999980987 4.168684630113649 1.666517436789393 9.846623678848509e-05 -0.004840866666916159 0.2162483575595635 0.06751695991790709 0.22659507058595066 2.4044958512258
27.617499999980986 4.168982983859639 1.6615058091797192 9.837520532403638e-05 -0.005043604241861328 0.21620236500913648 0.06738075616926882 0.22651504780308715 2.405926034868846
27.617999999980984 4.169256366710891 1.6564260503765247 9.828337711538553e-05 -0.005248852575802567 0.21615432684814465 0.06724297868547725 0.22643290761510926 2.407328977005034
27.618499999980983 4.169504782012772 1.6512784692564055 9.819075709277428e-05 -0.005456600462674351 0.216104246698477 0.06710363706882334 0.22634866475769153 2.408704560035541
27.618999999980982 4.16972824135858 1.6460633708666825 9.809735498276434e-05 -0.005666835745805192 0.21605212890418268 0.06696273964667225 0.226262334320999 2.4100526891845853
27.61949999998098 4.169926710269878 1.6407810697561167 9.800317660522766e-05 -0.005879546121059696 0.2159979754492017 0.06682029584304486 0.22617392952614068 2.411373227629233
27.61999999998098 4.170100169624193 1.6354319313614318 9.790824431472595e-05 -0.006094713743623321 0.2159417907714034 0.0666763130336181 0.2260834652444409 2.4126660475589423
27.62049999998098 4.1702487615503525 1.6300163128118599 9.781254474208884e-05 -0.006312331742960454 0.2158835844752692 0.06653080569638323 0.2259909637231847 2.413931129280106
27.620999999980977 4.170372279005629 1.6245344441961662 9.771610203559812e-05 -0.0065323839618491395 0.2158233505967618 0.06638377695653791 0.22589642880323088 2.4151682705984907
27.621499999980976 4.170470842852437 1.6189868030987153 9.761889302894046e-05 -0.006754861391102153 0.21576109830953916 0.06623524721271185 0.2257998841219381 2.416377431248832
27.621999999980975 4.170544372427397 1.6133735366414357 9.752097468053631e-05 -0.006979744815264571 0.21569682915243638 0.0660852097557414 0.22570133781739504 2.417558491228461
27.622499999980974 4.170592815814019 1.6076949511104244 9.742238061954129e-05 -0.007207015148622041 0.2156305462133393 0.06593366755963152 0.2256008024043344 2.418711285554936
27.622999999980973 4.170616304679559 1.601951528549095 9.732305026478061e-05 -0.007436672211223397 0.215562256543239 0.0657806491863508 0.22549830231504653 2.4198358342510042
27.62349999998097 4.1706148204669224 1.5961435329645868 9.722302412409961e-05 -0.007668697306978459 0.21549196480730406 0.0656261548060698 0.22539385086893712 2.4209320519830904
27.62399999998097 4.170588329156012 1.5902712554783085 9.712232840221521e-05 -0.007903073807721423 0.2154196742593648 0.06547018843444213 0.22528746127395216 2.4219997956923494
27.62449999998097 4.170536889861685 1.5843351052776695 9.702093285784524e-05 -0.008139795789292581 0.21534538986704108 0.06531276977058664 0.22517915335924185 2.423039056854442
27.624999999980968 4.170460484274577 1.5783353920895706 9.691886696931845e-05 -0.008378845387308312 0.21526911604538956 0.06515390260695719 0.22506894143329656 2.424049753220696
27.625499999980967 4.1703591456279705 1.5722724405227337 9.681613134833643e-05 -0.008620211946424584 0.21519085779740707 0.0649935975164187 0.22495684264256416 2.4250318007949496
27.625999999980966 4.170232895283254 1.5661465956911478 9.671273323443411e-05 -0.008863882221734032 0.21511062024979183 0.06483186409773356 0.22484287392460967 2.4259851717456464
27.626499999980965 4.170081613365999 1.5599581815924721 9.660868938078735e-05 -0.009109839586467225 0.2150284021994255 0.06466870962547434 0.22472704540031 2.42690970132291
27.626999999980963 4.169905585276813 1.5537075465865011 9.650398416575728e-05 -0.009358079571074481 0.2149442198874409 0.06450414811075045 0.22460938635723293 2.4278055120136695
27.627499999980962 4.169704665628148 1.547395032244982 9.639865404249422e-05 -0.009608579586262628 0.21485807253542652 0.06433818270163368 0.2244899059838837 2.428672461418942
27.62799999998096 4.1694789463449355 1.5410209324147277 9.6292722680157e-05 -0.009861325355202006 0.21476996924379532 0.06417081792547527 0.22436862369762495 2.4295105461673954
27.62849999998096 4.169228409736279 1.5345856761257397 9.618615067951108e-05 -0.010116310991196005 0.2146799109147262 0.06400207585933544 0.22424555650609782 2.4303196892950965
27.62899999998096 4.168953125046178 1.5280895920453463 9.607897275823598e-05 -0.010373517711741833 0.21458790682109405 0.0638319592607267 0.22412072337612476 2.4310998876163064
27.629499999980958 4.1686531678300724 1.5215330544746197 9.597117343518889e-05 -0.010632937243730217 0.214493963408514 0.06366048333202821 0.22399414463594688 2.4318511419962774
27.629999999980956 4.168328478403898 1.5149163581681675 9.586278989046998e-05 -0.010894549596941807 0.21439808355046866 0.06348764947270504 0.22386583275838015 2.432573356457504
27.630499999980955 4.167979130144516 1.5082398823140184 9.575381254363726e-05 -0.011158344884271523 0.21430027408833413 0.06331347171147388 0.22373580811986954 2.433266531413141
27.630999999980954 4.167605190796206 1.501503983477869 9.564425572571123e-05 -0.011424308047258849 0.21420054307246678 0.06313795798027119 0.22360409031325176 2.4339306674044985
27.631499999980953 4.1672066726648795 1.4947090020976572 9.553412645517462e-05 -0.011692425579999905 0.21409889520598813 0.06296111739310342 0.22347069617235427 2.4345657307013164
27.631999999980952 4.166783624411944 1.4878552869819477 9.542343333564334e-05 -0.011962683867156912 0.21399533710747434 0.06278295898501665 0.223335644374026 2.435171727612004
27.63249999998095 4.166336102580087 1.4809432958787978 9.531217475934287e-05 -0.012235067755466166 0.2138898763099086 0.06260349709683295 0.22319895591064493 2.4357486296836925
27.63299999998095 4.1658640016136514 1.4739729704400841 9.520038756743706e-05 -0.012509569831604613 0.21378250947220515 0.06242272320278516 0.2230606354013563 2.436296356247686
27.63349999998095 4.165367646056568 1.4669451498299093 9.508804592216744e-05 -0.012786170027493647 0.2136732595822839 0.06224066706063088 0.22292072277076969 2.436815074674623
27.633999999980947 4.164846927935174 1.4598600295726678 9.497516934527998e-05 -0.013064855532438838 0.21356212483189685 0.06205733108372927 0.22277922693562294 2.437304683190464
27.634499999980946 4.164301967326272 1.452717939186954 9.486177055916111e-05 -0.013345613260077613 0.2134491153979119 0.06187272253738806 0.2226361696841447 2.4377652279309805
27.634999999980945 4.163732751914905 1.4455192155806504 9.474784316439134e-05 -0.01362843256295575 0.21333423382462696 0.0616868532075405 0.22249156692852945 2.438196684594044
27.635499999980944 4.163139404936161 1.4382642879125438 9.463341083886466e-05 -0.01391329396325871 0.21321749234909484 0.06149973068302164 0.2223454421989094 2.4385991066006527
27.635999999980942 4.162521934756231 1.4309534464997626 9.45184765501195e-05 -0.014200186626245875 0.21309889464854936 0.061311363432563847 0.222197811615267 2.438972468207365
27.63649999998094 4.161880452833422 1.4235870922018687 9.4403045536628e-05 -0.014489096263870667 0.21297845078666802 0.06112176213450978 0.222048697849054 2.439316820443292
27.63699999998094 4.16121504943109 1.4161655539812559 9.4287135046392e-05 -0.014780008253330597 0.21285616983823147 0.06093093300105676 0.221898121394819 2.4396322022705395
27.63749999998094 4.160525694548923 1.4086891773638734 9.417076627765801e-05 -0.015072904485112337 0.2127320556112467 0.060738881714717245 0.22174609734143752 2.4399186021330443
27.637999999980938 4.159812482837598 1.4011582530789226 9.405394146260833e-05 -0.015367775448485676 0.21260611588360454 0.06054561682285436 0.22159264597411094 2.440176027646903
27.638499999980937 4.159075567570169 1.393573214826648 9.39366535032091e-05 -0.01566460906162888 0.21247836224083735 0.060351152359928543 0.22143779259370672 2.440404584543495
27.638999999980935 4.158314983387511 1.3859343927398895 9.381891414801468e-05 -0.015963390981550436 0.21234880073729126 0.06015549560860546 0.2212815552144205 2.4406042875242493
27.639499999980934 4.157530866836093 1.3782421338121038 9.370073016606666e-05 -0.01626410880215579 0.21221744218549543 0.05995865524965195 0.22112395696131404 2.4407751984138373
27.639999999980933 4.156723238922288 1.3704967539601833 9.358212094178834e-05 -0.016566746704770336 0.21208429235935625 0.05976063650470411 0.22096501496254173 2.4409173311423653
27.640499999980932 4.155892197093704 1.3626986092703632 9.346308787031488e-05 -0.016871292592660358 0.21194935992386707 0.059561449407301514 0.22080475072195038 2.441030737890222
27.64099999998093 4.155037827595727 1.354848027362481 9.334365182831851e-05 -0.017177730559923592 0.2118126540818957 0.05936109886397479 0.22064318460977833 2.4411154678545373
27.64149999998093 4.154160230526428 1.346945353530292 9.32238217574247e-05 -0.01748604722206609 0.21167418404892377 0.059159593018192735 0.22048033809459786 2.4411715979647517
27.64199999998093 4.153259504884341 1.3389908773622559 9.31036043743459e-05 -0.017796231994206723 0.2115339580189237 0.058956939166199145 0.2203162316857074 2.4411991529322994
27.642499999980927 4.152335743941115 1.3309849898513806 9.298301394362894e-05 -0.01810826780846293 0.21139198600918135 0.058753144890694664 0.2201508872261838 2.4411982232852707
27.642999999980926 4.151389038166469 1.3229279818741313 9.286205488728687e-05 -0.018422144181353132 0.2112482757430021 0.05854821774146131 0.21998432489914269 2.4411688479913742
27.643499999980925 4.150419445909667 1.3148202021599635 9.274073429430658e-05 -0.01873784731802012 0.211102834372437 0.058342166234731895 0.21981656435116778 2.4411110682600876
27.643999999980924 4.149427184358876 1.306661953007671 9.261907091449601e-05 -0.01905536446698486 0.210955676950944 0.05813499470248554 0.21964763181481994 2.441025015483258
27.644499999980923 4.148412269699902 1.2984535842089189 9.249707220071479e-05 -0.01937468105341757 0.21080680863912707 0.05792671158774975 0.21947754497876437 2.4409107160212553
27.64499999998092 4.147374889438495 1.2901954111845535 9.237473057986713e-05 -0.01969578957726167 0.2106562413766177 0.05771732721303696 0.2193063291804693 2.4407682799209773
27.64549999998092 4.146315075593148 1.2818876258058944 9.225208464697034e-05 -0.02001867399804223 0.21050398155029726 0.057506838595355825 0.21913400019713983 2.440597739170204
27.64599999998092 4.145233064927941 1.2735306889251252 9.212912809800219e-05 -0.02034332176611966 0.2103500451858755 0.05729525981437608 0.21896058788598602 2.4403992494591913
27.646499999980918 4.144128905668702 1.265124742339091 9.200594365845342e-05 -0.02066970816311661 0.21019444207001742 0.05708257663432632 0.21878610757515674 2.4401728277855996
27.646999999980917 4.143002787249567 1.2566702740751259 9.188245334330989e-05 -0.020997836350514523 0.21003718111462172 0.05686881977544319 0.21861058813477272 2.4399186272759397
27.647499999980916 4.141854824531842 1.2481675433026083 9.175869771814316e-05 -0.021327688156693492 0.20987827364749476 0.056653987292036245 0.2184340502473185 2.4396367086990796
27.647999999980915 4.140685182248085 1.2396168490495154 9.163468691455499e-05 -0.02165925214831317 0.20971773160718185 0.05643808518985572 0.21825651791867196 2.4393271863526738
27.648499999980913 4.139493955336764 1.2310184857536695 9.151042566910818e-05 -0.02199251715551084 0.2095555631793968 0.05622112036142356 0.21807801183283765 2.4389901280423576
27.648999999980912 4.1382813223754304 1.2223727909036337 9.138592466892379e-05 -0.022327470242797458 0.20939178148250656 0.0560030995740374 0.2178985572273491 2.438625661997958
27.64949999998091 4.13704743694342 1.2136800274522657 9.126119528239112e-05 -0.02266410071502762 0.20922639759759984 0.05578402744947438 0.2177181770807701 2.4382338804305688
27.64999999998091 4.135792458191403 1.204940519855817 9.113624798508021e-05 -0.02300239570040733 0.20905942360537808 0.05556391016056673 0.217536895533844 2.437814906407156
27.65049999998091 4.1345165164046795 1.1961545630573371 9.101108926260745e-05 -0.023342344154689696 0.2088908695096819 0.05534275430788787 0.2173547350520116 2.437368810036099
27.650999999980908 4.133219794017691 1.187322443654512 9.088572966185135e-05 -0.023683934873535515 0.20872074806027457 0.05512056493232351 0.2171717203514145 2.4368957426102242
27.651499999980906 4.1319025087918435 1.1784444380588717 9.076017714758378e-05 -0.024027158167195216 0.2085490734155622 0.054897347371153274 0.21698787777309136 2.4363958314605636
27.651999999980905 4.1305647506060765 1.1695208709217269 9.063444850353051e-05 -0.024371998756822815 0.20837585472308326 0.054673106754542344 0.2168032281982251 2.435869142675196
27.652499999980904 4.129206674125815 1.160551999689239 9.050855326376246e-05 -0.024718446284155298 0.20820110304355433 0.05444784740490087 0.21661779470367334 2.4353157858322723
27.652999999980903 4.12782682612849 1.1515366889914758 9.038262701396536e-05 -0.025066488121560287 0.20802474544773183 0.05422150684230726 0.21643150267369193 2.434735261686165
27.6534999999809 4.126427997019472 1.1424773392226315 9.025648957329493e-05 -0.025416118982139434 0.20784693016404743 0.05399419148761576 0.21624453333468108 2.4341287352047063
27.6539999999809 4.125009499085193 1.1333736169575386 9.013019693013415e-05 -0.025767326320029798 0.20766762454830995 0.053765878420569874 0.2160568607416951 2.4334959730277728
27.6544999999809 4.123571394756846 1.1242256808431785 9.000377300752245e-05 -0.026120099863947064 0.20748683470754667 0.053536567205051934 0.2158685021534184 2.432837116704298
27.654999999980898 4.1221139332603185 1.1150339418731647 8.98772061660579e-05 -0.02647442638372636 0.20730457752837153 0.05330626780794343 0.2156794874441613 2.4321521830678483
27.655499999980897 4.120637381143273 1.105798594916784 8.975052284151177e-05 -0.0268302991422588 0.20712086888817383 0.053074982452587384 0.21548984440895966 2.4314414796064066
27.655999999980896 4.119141972113874 1.0965201562862406 8.962371956517343e-05 -0.027187700773275335 0.20693572608932687 0.05284272411290473 0.21529960356936712 2.430705064899468
27.656499999980895 4.117627882062493 1.0871984608291854 8.949686221696758e-05 -0.027546623368088052 0.20674916039904895 0.05260947272225266 0.21510878272355224 2.429943103306099
27.656999999980894 4.116095323056728 1.0778341475982915 8.936986195275398e-05 -0.027907066558773497 0.20656118298616774 0.05237526456843118 0.2149174144158031 2.4291557378625606
27.657499999980892 4.114544566911862 1.0684274296654097 8.924276529324702e-05 -0.028269014201394566 0.20637181268412141 0.052140094374284275 0.2147255263721759 2.4283431362870376
27.65799999998089 4.112975802167111 1.058978521271704 8.911558039751804e-05 -0.028632458080098285 0.2061810616413296 0.05190396518500086 0.2145331429807062 2.4275054192172885
27.65849999998089 4.111389189721811 1.0494877749148661 8.898831364798274e-05 -0.028997384900112076 0.20598894212804061 0.051666884411433814 0.2143402891545567 2.426642711500164
27.65899999998089 4.10978512486906 1.039955851477968 8.886093159976189e-05 -0.029363782933431316 0.20579547824463512 0.0514288769895052 0.21414700558845415 2.42575522503082
27.659499999980888 4.108163488392662 1.0303823876568345 8.873347947935847e-05 -0.029731651768996403 0.20560066354390666 0.05118992120583623 0.21395329396778937 2.42484299350065
27.659999999980887 4.106524576177926 1.0207678707598953 8.860596442686035e-05 -0.03010097449406024 0.20540451840472904 0.05095002762440395 0.21375918731483393 2.423906198702923
27.660499999980885 4.104869074521317 1.0111127579764638 8.847835920758622e-05 -0.03047174966681892 0.20520707909345368 0.05070921366791866 0.21356473769946868 2.4229452094096704
27.660999999980884 4.1031970087771406 1.0014172507519232 8.835068691808493e-05 -0.0308439634211956 0.2050083508624941 0.05046747867921147 0.21336996135146158 2.4219600835470017
27.661499999980883 4.101508663721373 0.9916816487897205 8.822294283390128e-05 -0.03121760853090587 0.20480835060140165 0.0502248304775033 0.21317488865940448 2.42095101340264
27.661999999980882 4.099804287856854 0.9819062489813908 8.809513396683242e-05 -0.03159267463025489 0.20460709423345566 0.04998127443028857 0.21297954806653893 2.4199181616454695
27.66249999998088 4.098084130105948 0.9720913176026525 8.796726930663254e-05 -0.03196915209330375 0.20440459747210862 0.04973681460269831 0.21278396762943097 2.418861703352782
27.66299999998088 4.09634848488233 0.962237183619439 8.783934594216471e-05 -0.03234703224011278 0.20420087813262608 0.04949145919660883 0.21258817854783954 2.4177818278001384
27.66349999998088 4.094595060073649 0.9523421102373735 8.771154798460335e-05 -0.03272630011648933 0.20399581991465598 0.0492451173804946 0.21239205928609 2.4166776370426524
27.663999999980877 4.092828078486853 0.9424094859558784 8.758359603285299e-05 -0.03310695770419172 0.20378964400085503 0.04899794377855958 0.2121958721204285 2.4155509884134307
27.664499999980876 4.091046389253419 0.9324385232264061 8.745558498840167e-05 -0.033488993051162236 0.20358229319250998 0.04874989386877513 0.2119995634649249 2.4144014526532054
27.664999999980875 4.089250313482752 0.9224295082687657 8.732752718634113e-05 -0.03387239583581039 0.20337378719563523 0.04850097129161409 0.21180316507121258 2.413229243887647
27.665499999980874 4.087440094635827 0.9123827068492945 8.71994236549854e-05 -0.034257157901290705 0.20316414097917543 0.0482511814157303 0.2116067048921039 2.412034538737824
27.665999999980873 4.085615886342484 0.9022983930329669 8.70712546692324e-05 -0.03464327561180896 0.20295336357743693 0.048000535785486555 0.21141020734156815 2.410817450962323
27.66649999998087 4.0837782386434665 0.8921770369398251 8.694303257119255e-05 -0.03503073328151752 0.20274148815023899 0.04774904091537805 0.21121371688399587 2.4095783266535995
27.66699999998087 4.081927040793124 0.8820187559941397 8.681476012526671e-05 -0.0354195235280829 0.2025285109640122 0.04749669877053328 0.21101724288397666 2.408317128530492
27.66749999998087 4.080063039589004 0.8718240084413736 8.668644755744014e-05 -0.035809635890034844 0.2023144739772718 0.04724351746845966 0.21082083944921032 2.4070343358876767
27.667999999980868 4.078186392097733 0.8615930586855031 8.655806926949298e-05 -0.03620106735460603 0.20209938612077974 0.046989508181452457 0.21062453092444747 2.405730069415343
27.668499999980867 4.076297416551245 0.8513262403089452 8.642963936429676e-05 -0.03659380522708385 0.2018832676449798 0.04673467525801591 0.21042834934362933 2.404404552699637
27.668999999980866 4.074396418009126 0.8410238619396431 8.630115162398087e-05 -0.036987842145960105 0.20166613652074114 0.04647902648704128 0.21023232622268098 2.4030579986229226
27.669499999980864 4.072483684978588 0.8306861778952391 8.61726093290872e-05 -0.037383170584932957 0.2014480098501102 0.04622256652499458 0.21003649152399645 2.4016906071495105
27.669999999980863 4.070559548905505 0.8203136084672374 8.604399751846609e-05 -0.03777978134169819 0.2012289075592713 0.045965307958964696 0.20984087936216514 2.4003026108459524
27.670499999980862 4.068624462424504 0.8099064031513786 8.5915330466807e-05 -0.038177666469417136 0.2010088554155967 0.04570725231447585 0.20964552722793175 2.3988943277013175
27.67099999998086 4.0666785610442915 0.7994648482896001 8.578662971476225e-05 -0.03857681062022932 0.20078786496806414 0.04544840112217866 0.20945045762811082 2.397465858397332
27.67149999998086 4.064722232742675 0.7889893382894544 8.565786561924014e-05 -0.03897720986183541 0.20056595745327122 0.04518876942779041 0.20925570735384724 2.3960174874158353
27.67199999998086 4.062755943246678 0.778480574366462 8.552901882553506e-05 -0.03937884799014913 0.20034316197226223 0.044928379318093195 0.2090613199188837 2.394549485987848
27.672499999980857 4.06077981800431 0.7679382713167354 8.540012856739215e-05 -0.03978172600562084 0.20011948441889554 0.04466721151962908 0.20886731087704977 2.393062039615304
27.672999999980856 4.058794240587047 0.75736304117485 8.52711625372514e-05 -0.04018583259644847 0.19989494811567232 0.0444052879976062 0.2086737190586957 2.391555386287784
27.673499999980855 4.0567995833123565 0.74675504908898 8.514215277677052e-05 -0.040591157580463263 0.19966957530459736 0.04414260409723571 0.2084805767272471 2.390029808379655
27.673999999980854 4.054796067658301 0.7361150015075546 8.50130618010955e-05 -0.0409976849431162 0.19944338220552882 0.04387918573438912 0.20828791567680704 2.3884854548478542
27.674499999980853 4.052784165029102 0.7254426763008992 8.488394780880962e-05 -0.04140541376050859 0.1992163934969296 0.04361501070319804 0.20809576854237688 2.386922714330681
27.67499999998085 4.050764197811924 0.71473860347148 8.47547736803531e-05 -0.04181433610590552 0.19898862818169288 0.043350100004560084 0.20790417028048044 2.3853417973084574
27.67549999998085 4.048736552904021 0.7040030743286475 8.46255414486933e-05 -0.0422244442730732 0.19876010860122623 0.04308445871188996 0.2077131556927429 2.3837429976915203
27.67599999998085 4.046701522544122 0.6932364249477584 8.449626922158712e-05 -0.04263572359393147 0.1985308542025655 0.04281808968412205 0.20752275489925426 2.382126545975737
27.676499999980848 4.044659476365412 0.6824389705494839 8.436695140031197e-05 -0.043048167131376894 0.1983008861642877 0.042551000542080074 0.20733300218258754 2.380492734851294
27.676999999980847 4.042610790898833 0.6716110265602924 8.42375913271891e-05 -0.04346176591035063 0.198070226662386 0.04228319688050853 0.20714393190381156 2.378841835944626
27.677499999980846 4.0405558231441265 0.6607529264835246 8.410819084184356e-05 -0.04387651012181422 0.1978388970663142 0.04201468499542627 0.2069555775719761 2.3771741163252207
27.677999999980845 4.038494985173417 0.6498650467808903 8.397874762005396e-05 -0.04429239030812172 0.19760692156315085 0.04174547339522974 0.2067679758518327 2.3754898792024117
27.678499999980843 4.03642850348881 0.6389475702644332 8.384930339012235e-05 -0.04470939090011812 0.19737431637906866 0.04147555527570702 0.20658115133330165 2.3737893796139637
27.678999999980842 4.034357001214873 0.6280008986230284 8.371977638137679e-05 -0.04512752306155148 0.19714111052103306 0.041204956455257985 0.20639515312045664 2.37207305237634
27.67949999998084 4.03228046254698 0.6170252814423491 8.35902463664867e-05 -0.04554675673640254 0.19690731200535486 0.04093366485089856 0.20620999366787462 2.370340928729619
27.67999999998084 4.030199528089083 0.6060210055650006 8.346066728295475e-05 -0.04596709917871121 0.19667295189363035 0.040661695214906535 0.20602572089719687 2.3685934951293226
27.68049999998084 4.0281145175296995 0.594988489844527 8.333106738410904e-05 -0.04638853042302934 0.19643805267696662 0.04038905022324949 0.20584236607720774 2.3668310260627874
27.680999999980838 4.026025843118787 0.5839280553112415 8.320142541211792e-05 -0.04681104766930523 0.19620263651857076 0.04011574094861097 0.20565996555623658 2.365053854406555
27.681499999980836 4.023933873688897 0.572839970614717 8.307176234862859e-05 -0.0472346389164735 0.19596672606535215 0.03984176729212253 0.2054785518230602 2.363262269479149
27.681999999980835 4.021837385035813 0.561723278754559 8.294223366660758e-05 -0.04765928216162776 0.1957302632281197 0.039567065581446306 0.20529806574402293 2.361455878823267
27.682499999980834 4.01973920439403 0.5505801785637179 8.281261222676849e-05 -0.048084989367915984 0.19549339268778723 0.03929174392371623 0.20511868254174426 2.3596361201190503
27.682999999980833 4.01763889663609 0.539410339964144 8.268298082426463e-05 -0.04851174447284198 0.19525609606077074 0.039015772459836257 0.2049403886532105 2.3578029207298252
27.68349999998083 4.015536859905778 0.5282141502685873 8.255332741492242e-05 -0.048939539389695204 0.19501839636227264 0.03873916153327459 0.2047632195285304 2.355956636852433
27.68399999998083 4.0134335882584775 0.5169917266452156 8.242365751448156e-05 -0.04936837326381621 0.19478031940206061 0.03846190995441241 0.20458721275393915 2.354097663863353
27.68449999998083 4.011329491374834 0.50574355458881 8.229397838112822e-05 -0.04979823019475058 0.19454189123046575 0.03818402695383332 0.20441240443883735 2.352226347249239
27.68499999998083 4.009224755790191 0.4944699832484154 8.216431012267513e-05 -0.050229093250177305 0.1943031264152929 0.03790551581762822 0.20423881823221748 2.3503429100334254
27.685499999980827 4.007119900762097 0.48317126350301454 8.203464691520102e-05 -0.05066095938599237 0.19406405280220088 0.03762638109854296 0.2040664939437569 2.348447759576391
27.685999999980826 4.005014657533405 0.4718474274970489 8.190501944105605e-05 -0.051093813644891205 0.1938246604359856 0.03734661409814835 0.2038954299892472 2.3465409368602543
27.686499999980825 4.002910529250241 0.46049920516734844 8.17753733131564e-05 -0.051527661582769495 0.193585026265844 0.03706624351969186 0.20372571931692138 2.3446233359545943
27.686999999980824 4.0008072868964275 0.44912751022216596 8.164566767222543e-05 -0.051962473678934806 0.1933451470066854 0.036785302122591304 0.2035573702770821 2.3426949492183757
27.687499999980822 3.998705765189161 0.4377315796519777 8.151600279588924e-05 -0.05239826377297579 0.19310506169945593 0.0365037420215701 0.20339042770482188 2.340756445192021
27.68799999998082 3.996606147988922 0.42631208348460065 8.138637883821938e-05 -0.052835009116592155 0.19286478667704016 0.03622158103758234 0.20322491742203444 2.338808097938062
27.68849999998082 3.9945090351627965 0.41486928355812697 8.125674520574067e-05 -0.05327271328745794 0.19262435189896823 0.035938829358211265 0.20306088343436277 2.336850253459821
27.68899999998082 3.992414587554844 0.40340395222372827 8.112712292980865e-05 -0.05371134981678727 0.1923837737163445 0.035655508744249005 0.20289835088608815 2.3348832643034423
27.689499999980818 3.990323558238309 0.39191577760077034 8.099752232833511e-05 -0.05415093133223837 0.19214308729788188 0.03537159867230929 0.20273736545872634 2.3329076872782597
27.689999999980817 3.988236328107053 0.38040531721848736 8.086792011849787e-05 -0.05459144676722932 0.19190231573167277 0.03508711788219316 0.20257796199141892 2.3309238985140373
27.690499999980815 3.9861533279691836 0.3688729459008378 8.073834335017645e-05 -0.05503287941885757 0.19166148629445176 0.03480206755865603 0.20242017451846567 2.328932301019387
27.690999999980814 3.9840748298933164 0.3573187976726508 8.060879209027108e-05 -0.055475227349245496 0.19142061360524285 0.034516449908170765 0.2022640291221388 2.3269332053688556
27.691499999980813 3.9820013267646495 0.345743225406832 8.047925859721124e-05 -0.055918483005587605 0.1911797255055579 0.03423027203692011 0.20210956362762306 2.324927077677675
27.691999999980812 3.979933311677258 0.33414718197704263 8.03497320825881e-05 -0.05636261949702303 0.1909388557431875 0.03394356194010719 0.20195681941015475 2.322914231591141
27.69249999998081 3.977871262504706 0.3225301461181523 8.022024001877456e-05 -0.05680765250994929 0.19069802421568172 0.03365629244371453 0.20180582708265069 2.3208952551398347
27.69299999998081 3.975815569161422 0.31089275729408106 8.00907665822191e-05 -0.057253564851131096 0.19045725630994192 0.033368481829203614 0.20165662089021397 2.3188706040218756
27.69349999998081 3.973766698506017 0.29923528786247905 7.996132420649797e-05 -0.05770034978494632 0.19021657828663455 0.03308013346476212 0.20150923614173866 2.316840629060432
27.693999999980807 3.9717251228473933 0.28755809863842735 7.983190133795293e-05 -0.05814800043623399 0.18997601667887876 0.03279125608164975 0.20136370910200832 2.3148057532373407
27.694499999980806 3.969691318177117 0.2758615479731418 7.970250992048191e-05 -0.0585965052387566 0.1897355996398025 0.03250185375635725 0.201220075276973 2.3127664649322757
27.694999999980805 3.9676657101106985 0.2641459360136585 7.957312441095291e-05 -0.059045863410035655 0.18949534951321836 0.0322119377275113 0.2010783688145854 2.3107231943028887
27.695499999980804 3.9656487228362067 0.25241203662009926 7.944375089756166e-05 -0.05949604892361583 0.18925529616453385 0.03192152605615399 0.20093862443442878 2.3086762920839132
27.695999999980803 3.963640904904589 0.24065952596826531 7.931440560698351e-05 -0.05994707468252239 0.18901546405046404 0.03163060092269041 0.20080087730867782 2.3066263889110115
27.6964999999808 3.9616426620476886 0.22888900850837476 7.918507721302168e-05 -0.06039892483700059 0.18877587904115412 0.03133917911514268 0.20066516084471936 2.304573856820261
27.6969999999808 3.959654490718326 0.21710075124808634 7.905578552436465e-05 -0.060851589567905755 0.1885365697889074 0.03104726044368721 0.20053150994735605 2.3025192039351827
27.6974999999808 3.9576768430353426 0.2052951424161254 7.892649204318825e-05 -0.06130506798790646 0.18829756008085136 0.03075486092718879 0.20039995999015167 2.3004628919556653
27.697999999980798 3.955710196313747 0.19347251225225362 7.879719794060568e-05 -0.061759352152310015 0.188058877053415 0.030461986245040255 0.20027054556988036 2.2984054129911584
27.698499999980797 3.9537549794290765 0.18163327269721463 7.866791825589039e-05 -0.06221442722430324 0.1878205474209349 0.0301686415944219 0.2001432984738696 2.2963472090405013
27.698999999980796 3.9518116789959334 0.16977771450601725 7.853865755524906e-05 -0.06267028605773614 0.1875825985924239 0.02987483072191213 0.2000182530668334 2.2942887945358055
27.699499999980794 3.9498807542923315 0.15790625946078343 7.840939720815534e-05 -0.06312692167818322 0.18734505648803915 0.029580566126464376 0.19989544347841495 2.2922306403294885
27.699999999980793 3.9479626793407703 0.14601919099782537 7.828013583919733e-05 -0.06358432878756463 0.18710794735325428 0.029285853047152477 0.19977490337580622 2.290173245153881
27.700499999980792 3.946057910623024 0.1341169431365563 7.81508720899669e-05 -0.06404249558168816 0.18687129840927397 0.028990700245174222 0.19965666557919876 2.288117110064176
27.70099999998079 3.9441669326549573 0.12219987239245592 7.80216052901187e-05 -0.06450141399772591 0.18663513726784586 0.028695114837612116 0.1995407639712684 2.2860627414665657
27.70149999998079 3.9422902155870796 0.11026872097594001 7.789230394573908e-05 -0.06496106933403037 0.18639949287252822 0.028399122571812627 0.19942723393510034 2.284010590242427
27.70199999998079 3.940428224853629 0.09832328315142573 7.776301319553208e-05 -0.06542146178857249 0.18616438914785283 0.028102702512910607 0.19931610406054998 2.281961247140046
27.702499999980787 3.9385813484989147 0.0863641258750998 7.763371784845756e-05 -0.06588257846187749 0.1859298502355073 0.027805872076270888 0.19920740416788116 2.279915166362083
27.702999999980786 3.936750162591003 0.07439170221731156 7.750439071224719e-05 -0.06634441441911529 0.18569590753810197 0.027508645828390375 0.1991011727648194 2.2778729353595852
27.703499999980785 3.9349351073163645 0.06240632826456847 7.737505265394437e-05 -0.06680695716877992 0.185462587694734 0.027211024842483406 0.19899743926381652 2.275835034375363
27.703999999980784 3.9331366517813104 0.05040843573004726 7.724568844935187e-05 -0.06727019907615014 0.18522991738411068 0.02691302149733508 0.19889623602266926 2.273802000271424
27.704499999980783 3.931354567761953 0.038397860282967926 7.711637361436515e-05 -0.067734122636371 0.18499788961313735 0.02661461159530616 0.1987975555206917 2.2717740344636024
27.70499999998078 3.929590316218761 0.026375770104209956 7.698700344605105e-05 -0.06819872860959449 0.18476658065205032 0.026315847318435625 0.19870148396502466 2.2697521368696445
27.70549999998078 3.927844081991517 0.014342361863743491 7.685760695595639e-05 -0.06866400319367963 0.1845360041091578 0.026016724525087163 0.19860803634840918 2.267736721393339
27.70599999998078 3.926116303833118 0.0022981479025257242 7.672817032858986e-05 -0.06912993564100949 0.1843061860975906 0.025717258540147843 0.198517242632449 2.2657282843325164
27.706499999980778 3.924407491510033 -0.009756658288562876 7.659868663674548e-05 -0.06959652436026936 0.18407715355278387 0.02541745264939478 0.19842913486257244 2.263727440933454
27.706999999980777 3.922717738417783 -0.02182046227249707 7.64690734241082e-05 -0.0700637299333374 0.18384892328620378 0.025117368421494188 0.19834372952551121 2.2617344425634074
27.707499999980776 3.921047976058267 -0.033894449822993146 7.633948823351429e-05 -0.07053156934705689 0.1836215385039599 0.024816932712087653 0.19826106987090586 2.2597502230145
27.707999999980775 3.9193985280419197 -0.04597770001880434 7.620986161432894e-05 -0.07100002788375773 0.18339502053375675 0.02451618412167514 0.198181181750335 2.2577752066420476
27.708499999980774 3.9177698382573527 -0.058069757169712466 7.608018539536404e-05 -0.07146909520320696 0.18316939560075005 0.024215134380958576 0.19810409331206918 2.255809952684482
27.708999999980772 3.9161624108118436 -0.07017019416060458 7.595045726235304e-05 -0.07193876032511273 0.18294469323452792 0.023913791871002656 0.198029834776074 2.253855038490446
27.70949999998077 3.9145768559491834 -0.08227850746517743 7.582066280121734e-05 -0.07240901188714853 0.18272094862386923 0.023612167642349222 0.197958441419532 2.251911187169398
27.70999999998077 3.913013322628755 -0.0943943908856891 7.569082353824308e-05 -0.07287983893722982 0.18249817281184524 0.023310268267547847 0.1978899254886002 2.2499787140570993
27.71049999998077 3.911472348687801 -0.10651734929958703 7.556093668476015e-05 -0.07335122808266305 0.18227639785825347 0.023008103631673663 0.19782431779268445 2.2480582375679425
27.710999999980768 3.9099544104665873 -0.11864689555604752 7.543098176630381e-05 -0.07382317156382817 0.18205565093347495 0.02270568923551496 0.19776164699004067 2.246150393548515
27.711499999980767 3.9084599397790503 -0.13078263787657501 7.530098340459425e-05 -0.07429565309976541 0.18183595939583083 0.02240302753930196 0.19770193686924173 2.2442557326539134
27.711999999980765 3.906989365407167 -0.14292409418986926 7.517093764559154e-05 -0.0747686603832812 0.1816173493080527 0.022100130396451166 0.19764521220797085 2.2423748312051646
27.712499999980764 3.905543119799351 -0.15507084475660549 7.504084199890849e-05 -0.0752421827772124 0.18139984643007712 0.021797007059773055 0.19759149746560148 2.240508237714965
27.712999999980763 3.9041214563507203 -0.16722284093040787 7.49107477689584e-05 -0.07571620800764309 0.18118346750889922 0.021493644720427127 0.19754080544781868 2.238656507157592
27.713499999980762 3.902725083772962 -0.17937890452572133 7.478056050013777e-05 -0.07619072347163404 0.18096825351272983 0.02119009439204559 0.19749317766171687 2.2368202971733906
27.71399999998076 3.9013543597278795 -0.19153891110880158 7.465034319649375e-05 -0.07666571306743 0.18075422783276412 0.020886343114047357 0.19744863070741722 2.235000213281867
27.71449999998076 3.9000096714888546 -0.20370227428345114 7.452008397473619e-05 -0.07714116168938005 0.18054141523489908 0.020582407151026386 0.1974071855985439 2.2331968049188635
27.71499999998076 3.8986914347673802 -0.21586852557295183 7.438978923869101e-05 -0.07761705476170021 0.18032984178649408 0.020278295566718958 0.1973688635517618 2.231410645437861
27.715499999980757 3.897400102966645 -0.22803722851933717 7.425945063174334e-05 -0.07809338312155009 0.18011953391993382 0.019974019856120028 0.19733368809231755 2.2296423469887787
27.715999999980756 3.896136073034919 -0.24020786014312315 7.412907415856024e-05 -0.07857012984504488 0.17991051744240932 0.01966959048475699 0.19730167860436648 2.2278925065410906
27.716499999980755 3.89489979894352 -0.25237994532142555 7.399865922831518e-05 -0.07904728242001166 0.1797028198118439 0.019365018329300876 0.19727285733524338 2.22616176700504
27.716999999980754 3.89369163939923 -0.2645529801655045 7.386821433784401e-05 -0.07952482376277781 0.17949646491450377 0.01906031306020285 0.19724724090657766 2.224450674960656
27.717499999980753 3.8925119926754386 -0.2767264654616069 7.373774577408427e-05 -0.0800027381292069 0.17929147827157224 0.018755485087962796 0.19722484759750966 2.2227597907351835
27.71799999998075 3.891361289968454 -0.2888999144718927 7.360724642996392e-05 -0.08048101387898826 0.1790878859264929 0.018450546796631856 0.19720569757921586 2.2210898023742978
27.71849999998075 3.8902399530036647 -0.301072819957264 7.347672429643849e-05 -0.08095963474748637 0.17888571479393423 0.018145508182769502 0.19718980927774674 2.2194412934345387
27.71899999998075 3.8891482599343696 -0.31324463818444803 7.334618740848445e-05 -0.08143858284514238 0.17868498487215503 0.01784038203542411 0.19717719397982436 2.217814782750896
27.719499999980748 3.888086708684377 -0.3254148662827114 7.321563339518486e-05 -0.08191784333453093 0.17848572658178427 0.017535177911541074 0.1971678729265942 2.216210956498504
27.719999999980747 3.8870556686688214 -0.3375829529220288 7.308505543959139e-05 -0.08239740258427747 0.17828796337416555 0.017229911721158505 0.19716186166361438 2.2146304404236217
27.720499999980746 3.8860554617105225 -0.34974842135279305 7.295447877012456e-05 -0.08287723985394924 0.17809171832105058 0.0169245887674863 0.19715917104030942 2.2130737353674843
27.720999999980744 3.885086511787282 -0.36191073884529845 7.282390724740333e-05 -0.08335733927656896 0.177897018364422 0.016619220860587425 0.19715981754970638 2.2115415366785527
27.721499999980743 3.8841491642063652 -0.37406938022638164 7.269334348233827e-05 -0.08383768431116516 0.17770388654433203 0.01631381982298687 0.1971638134162461 2.210034430567763
27.721999999980742 3.883243794898363 -0.38622379049250755 7.256279033503516e-05 -0.08431825795422883 0.1775123476999993 0.016008398540726665 0.19717117191476055 2.2085529782878934
27.72249999998074 3.8823707435274484 -0.39837333888248994 7.243225626127738e-05 -0.0847990381454611 0.177322426287264 0.01570297031726397 0.19718190335723615 2.2070978466895443
27.72299999998074 3.8815302622266246 -0.41051770496774825 7.230176266947499e-05 -0.08528001068950203 0.17713413971314154 0.015397537879948063 0.19719601377279602 2.2056695198493985
27.72349999998074 3.8807228255970365 -0.42265618273476085 7.217130349027089e-05 -0.08576115652208767 0.1769475186489981 0.015092120316159795 0.19721351987042116 2.2042686733349433
27.723999999980737 3.879948785237012 -0.4347882557466386 7.204088072669891e-05 -0.08624246046494972 0.17676258604926218 0.01478673011246621 0.19723443208854316 2.202895944360626
27.724499999980736 3.879208444505325 -0.44691336066911114 7.191051238034247e-05 -0.08672389938711954 0.1765793648213212 0.014481375929926125 0.19725875659760286 2.20155190526811
27.724999999980735 3.878502100834073 -0.4590309203094623 7.178019019593136e-05 -0.08720545748971144 0.1763978753314296 0.014176074483402473 0.19728650061570713 2.2002370868023977
27.725499999980734 3.8778301393673162 -0.4711403621302915 7.164991896930279e-05 -0.08768711679866542 0.17621814320112536 0.01387083868106292 0.19731767435136463 2.1989521698803025
27.725999999980733 3.8771928545070993 -0.48324112116506657 7.151971187494592e-05 -0.08816885625792119 0.17604019021752587 0.013565679477854047 0.19735228259472584 2.1976977156320943
27.72649999998073 3.876590534920746 -0.4953326216459043 7.138957982906141e-05 -0.08865065523481268 0.17586403779806392 0.013260609158218431 0.19739032959962224 2.196474260210202
27.72699999998073 3.876023494695402 -0.5074143288224771 7.125952317127292e-05 -0.08913249722228152 0.1756897073984289 0.012955640654749497 0.19743182107147922 2.195282448141509
27.72749999998073 3.8754920348116153 -0.519485551356949 7.11295386206636e-05 -0.08961436058299943 0.1755172213682799 0.012650792199705297 0.19747676107031362 2.194122838901896
27.727999999980728 3.8749964546998514 -0.5315458205346977 7.099966348254808e-05 -0.09009622250292995 0.17534660230201723 0.012346067330925723 0.19752515188375128 2.1929959987478824
27.728499999980727 3.8745371006652505 -0.5435944250659073 7.086987766311249e-05 -0.09057806533884147 0.17517787373443255 0.012041488449971723 0.1975769997007117 2.1919026024106136
27.728999999980726 3.874114140540239 -0.5556308573918932 7.074020606902907e-05 -0.09105986580676052 0.1750110515723053 0.011737062880716586 0.19763229993666326 2.1908430728248476
27.729499999980725 3.8737278278417744 -0.5676541449341912 7.061061435946305e-05 -0.09154159922387374 0.17484615666811348 0.011432824549142639 0.19769105282547889 2.1898180013158846
27.729999999980723 3.873378417513721 -0.5796635791227677 7.048110179539382e-05 -0.09202324218908058 0.17468320954457972 0.011128791900236053 0.19775325739148897 2.1888279143056546
27.730499999980722 3.8730662848123347 -0.5916593357339403 7.03517514170601e-05 -0.09250478535713894 0.17452223261603836 0.010824939165904272 0.19781891795074222 2.187873472556589
27.73099999998072 3.8727916502874944 -0.6036404517927728 7.022254227796157e-05 -0.09298620077820907 0.1743632460094623 0.010521297172371 0.1978880309374749 2.186955222373844
27.73149999998072 3.8725547431014027 -0.6156063296468499 7.00934762734951e-05 -0.0934674684304715 0.17420626790687424 0.010217881019382757 0.19796059336486413 2.18607367110803
27.73199999998072 3.87235586417243 -0.6275563621429381 6.996455332426615e-05 -0.0939485690847269 0.17405131993665565 0.009914705977374148 0.19803660520059807 2.185229408279621
27.732499999980718 3.8721952968070865 -0.6394900242341817 6.983576578902246e-05 -0.09442948289309183 0.17389842289743823 0.009611781857587003 0.19811606465945875 2.184422886114269
27.732999999980716 3.872073070097512 -0.6514064871814907 6.970715808846678e-05 -0.09491017639967841 0.1737475887618069 0.0093091289075179 0.19819895576358829 2.1836547157565
27.733499999980715 3.871989634753966 -0.6633052488910235 6.957871956002718e-05 -0.09539063611273968 0.17359884523564456 0.009006758970431883 0.19828528496157713 2.1829255015344327
27.733999999980714 3.8719449904917997 -0.6751855834969372 6.945046503570385e-05 -0.0958708317965057 0.17345220161500416 0.008704689262223522 0.1983750343405082 2.1822355902201256
27.734499999980713 3.871939350449718 -0.6870468412741153 6.932240068366767e-05 -0.09635074009671717 0.17330767624858018 0.008402935286922611 0.19846819665957574 2.1815855096732455
27.73499999998071 3.871973018821935 -0.698888248327884 6.919452341810827e-05 -0.09683033676487428 0.1731652925611021 0.008101518214924974 0.1985647684337728 2.180975824046433
27.73549999998071 3.8720459960298936 -0.7107092253597774 6.906687259975168e-05 -0.09730959012441946 0.17302506030784523 0.007800444310685328 0.19866472952227857 2.1804070017962216
27.73599999998071 3.872158557537631 -0.7225091550693417 6.893940706938429e-05 -0.09778849102983792 0.1728869967599348 0.007499740006010227 0.1987680777356368 2.179879463701016
27.73649999998071 3.872310815347777 -0.7342874328981154 6.88121645035802e-05 -0.0982670086447159 0.17275111728708295 0.007199412382124314 0.19887479742431932 2.179393677235778
27.736999999980707 3.8725029573593828 -0.7460433481399936 6.868514869005895e-05 -0.09874511796511144 0.1726174394204556 0.006899479777418005 0.19898487765460326 2.178950124279676
27.737499999980706 3.872735093804134 -0.7577762943223045 6.855835696812714e-05 -0.09922279807524102 0.1724859754413761 0.006599958782275203 0.19909830445729765 2.178549274436043
27.737999999980705 3.8730074045223195 -0.7694854945565249 6.843180624527681e-05 -0.09970001836869863 0.17235674418526695 0.00630086699985682 0.199215064324499 2.178191543181478
27.738499999980704 3.8733199702052024 -0.7811703193565228 6.830549871458537e-05 -0.1001767555379686 0.1722297571034111 0.006002220758574887 0.19933514049471704 2.177877358249181
27.738999999980702 3.8736729610790044 -0.7928300631095655 6.817943911221558e-05 -0.10065298421151292 0.17210503093847646 0.005704037985294447 0.19945851938273956 2.177607181337153
27.7394999999807 3.8740664321493106 -0.8044640590071421 6.805363139667016e-05 -0.10112867908646686 0.17198257643631465 0.005406336024805045 0.19958518181633503 2.1773813772654145
27.7399999999807 3.8745004982414653 -0.8160716020768549 6.792809076826613e-05 -0.1016038116153049 0.17186240842428188 0.0051091306919830125 0.19971511004573692 2.177200350831478
27.7404999999807 3.8749752582824963 -0.827652030567793 6.780282293017314e-05 -0.10207835685639181 0.1717445397987892 0.004812438773823474 0.19984828609760596 2.1770644945749744
27.740999999980698 3.8754907850769094 -0.8392046145061559 6.76778324665331e-05 -0.10255228726446333 0.17162898292488213 0.004516279104052982 0.19998468986386983 2.1769741896182633
27.741499999980697 3.876047155230003 -0.8507286676697247 6.75531153674233e-05 -0.10302557903069141 0.17151574921995333 0.004220671396119078 0.20012430195287423 2.176929787375048
27.741999999980695 3.8766443911674697 -0.8622234949714089 6.742871427001979e-05 -0.10349819616538589 0.1714048509067849 0.003925625527855884 0.20026709679737908 2.1769316050217644
27.742499999980694 3.87728259665814 -0.8736884021962789 6.730460106672033e-05 -0.10397012086699857 0.1712962990424851 0.003631166749767018 0.20041305713629387 2.176980026488752
27.742999999980693 3.8779617759469707 -0.8851226231531045 6.718077994485586e-05 -0.10444132323284937 0.17119010314678335 0.0033373151535124345 0.2005621576630764 2.177075322442607
27.743499999980692 3.878681965194754 -0.896525511475629 6.705727637982788e-05 -0.10491177364220348 0.17108627426475606 0.0030440832393432817 0.2007143740077335 2.177217828899238
27.74399999998069 3.8794431933632656 -0.9078963923770555 6.693408666550845e-05 -0.10538144692478799 0.17098482170500515 0.00275148939813557 0.20086968238975825 2.1774077521529716
27.74449999998069 3.8802455411249626 -0.9192345245040651 6.681122018185122e-05 -0.10585031646668623 0.17088575793737734 0.0024595542782713422 0.20102806065118697 2.1776453768689823
27.74499999998069 3.8810889793271226 -0.9305390110815698 6.668866490801443e-05 -0.10631835017606246 0.1707890914982346 0.002168304702959033 0.2011894801033023 2.1779312100003647
27.745499999980687 3.881973415119979 -0.9418093254694037 6.656645802517729e-05 -0.10678551771064314 0.17069482689944568 0.0018777469228618763 0.20135390896744002 2.1782652977624553
27.745999999980686 3.8828988424238786 -0.9530446819160204 6.644459095475622e-05 -0.10725179149066388 0.17060297240485728 0.001587904654944977 0.20152131999498846 2.1786479014644344
27.746499999980685 3.883865336763417 -0.9642443190877971 6.632307764727681e-05 -0.10771714113601825 0.17051354137975502 0.0012987964146764586 0.2016916883773575 2.1790792859820582
27.746999999980684 3.8848727245659376 -0.9754075802798207 6.62019402287083e-05 -0.10818153401830967 0.17042653486760406 0.0010104356666113474 0.2018649773233825 2.179559561031654
27.747499999980683 3.885920917636854 -0.9865337115595996 6.608115929691208e-05 -0.10864494600868208 0.17034195583955877 0.0007228488928873232 0.20204115601282224 2.1800888470234705
27.74799999998068 3.8870099933039226 -0.9976219054274632 6.596072825590098e-05 -0.10910734836618946 0.17025981728388323 0.00043605867988336534 0.20222019927844653 2.180667405104335
27.74849999998068 3.888139821517889 -1.0086715222453426 6.584067994170733e-05 -0.10956870820014644 0.17018012254457268 0.00015007682947105333 0.2024020712566681 2.1812954131279234
27.74899999998068 3.889310333625191 -1.0196817708314092 6.572100714657096e-05 -0.11002899659690793 0.1701028770888599 -0.0001350728470801419 0.2025867397701641 2.181972956438467
27.749499999980678 3.890521388999785 -1.030651622660113 6.56016848297288e-05 -0.11048817920554317 0.17002808422372379 -0.000419355445400118 0.20277416755577007 2.182700116468054
27.749999999980677 3.891772750886144 -1.0415809944707364 6.548280472805502e-05 -0.11094622839196377 0.16995574008691544 -0.0007027875156332032 0.20296431482697908 2.183477031509567
27.750499999980676 3.8930645786855917 -1.0524687950980074 6.53643278012631e-05 -0.1114031135956573 0.16988586253095628 -0.000985331448689657 0.20315715809382076 2.1843036848151844
27.750999999980674 3.894396657139416 -1.0633143021310751 6.52462664084327e-05 -0.11185880230868736 0.16981845044908295 -0.0012669687727347913 0.20335265667488273 2.1851802460890846
27.751499999980673 3.8957688323802304 -1.074116866094221 6.512863480503581e-05 -0.11231326482350829 0.16975350498863484 -0.001547683624444057 0.20355077311531722 2.186106711632711
27.751999999980672 3.897180961914925 -1.0848756259602488 6.501142864331726e-05 -0.11276646805530764 0.16969102901057515 -0.0018274505360734992 0.20375146924574156 2.1870831393867602
27.75249999998067 3.8986328669430073 -1.0955899471631168 6.489466689558046e-05 -0.11321838136673762 0.16963102265843205 -0.0021062551504716603 0.20395470584962833 2.1881095031350926
27.75299999998067 3.9001244162824413 -1.1062589659826054 6.477833498969901e-05 -0.11366897424110091 0.16957348863244281 -0.00238406959856548 0.20416044558104804 2.189185846380976
27.75349999998067 3.9016553575613027 -1.1168819390594154 6.466246332601403e-05 -0.11411820870288869 0.16951842535056372 -0.002660878316081188 0.20436864330005153 2.190312105846644
27.753999999980667 3.9032255931359545 -1.1274581934241652 6.454706408329048e-05 -0.11456605462805314 0.16946583717644922 -0.0029366653391031078 0.20457926299179677 2.1914882627950925
27.754499999980666 3.9048348813582523 -1.1379869477797155 6.443212776665312e-05 -0.11501248199658985 0.16941572082685363 -0.0032114056740733836 0.20479226207232973 2.1927141968925756
27.754999999980665 3.9064828152921938 -1.1484675746064283 6.431766554090501e-05 -0.11545745813196456 0.16936806509643446 -0.0034850837369085723 0.2050075899118315 2.1939894565210896
27.755499999980664 3.9081694494645705 -1.1588991519992073 6.420368692565404e-05 -0.11590094840316068 0.16932288368160572 -0.00375767448914453 0.20522521506036498 2.1953143895886575
27.755999999980663 3.9098944804835387 -1.1692810049744493 6.409020362737027e-05 -0.1163429203552973 0.16928017073305732 -0.004029160900448559 0.20544509110167072 2.1966887897020064
27.75649999998066 3.9116577379336155 -1.1796122556409867 6.39772277735619e-05 -0.11678333608868907 0.16923992909805463 -0.004299520441988262 0.20566717546839927 2.1981125799357812
27.75699999998066 3.91345887595149 -1.1898923284634477 6.386476000741313e-05 -0.11722216930049065 0.16920214884751505 -0.004568735446533811 0.20589142161272758 2.199585451193017
27.75749999998066 3.9152976831643667 -1.2001204349307972 6.375281485096437e-05 -0.1176593841248994 0.16916683005163358 -0.004836786307144849 0.20611778565701186 2.2011073102000616
27.757999999980658 3.9171738431132557 -1.2102957812514754 6.364137145552462e-05 -0.11809495149140475 0.1691339652865601 -0.005103645263998063 0.20634622113402826 2.202677869762142
27.758499999980657 3.9190871406082235 -1.2204176718849893 6.353046905419786e-05 -0.11852883326186407 0.16910355502756047 -0.00536930029708054 0.20657668315436323 2.204296991364889
27.758999999980656 3.921037253460988 -1.2304853276145813 6.342009340371238e-05 -0.11896099842169759 0.169075592092311 -0.005633726198254548 0.2068091242129553 2.205964323631561
27.759499999980655 3.9230240168889177 -1.2404978182550734 6.331026920301854e-05 -0.11939140402674339 0.1690500811870161 -0.0058969014469730215 0.2070434996600693 2.207679966540465
27.759999999980653 3.9250469685227953 -1.250454685239767 6.320099493435854e-05 -0.11982002759251222 0.16902700508625365 -0.006158810941291522 0.2072797588113933 2.2094430708591917
27.760499999980652 3.927105771189467 -1.2603551164107358 6.309228222876785e-05 -0.12024683164395647 0.16900635774914846 -0.006419432874754241 0.20751785127664715 2.2112535923763894
27.76099999998065 3.929200255958089 -1.270198245110448 6.298413110468554e-05 -0.12067178179203071 0.16898814098900325 -0.006678741754782836 0.207757734650746 2.21311128882934
27.76149999998065 3.9313299072449497 -1.2799835190690232 6.287656121309643e-05 -0.12109484488193577 0.1689723381259432 -0.006936725622525535 0.20799935257372884 2.215015683661525
27.76199999998065 3.93349445076576 -1.289710110729848 6.276957805710284e-05 -0.12151598538972401 0.16895894583825533 -0.0071933609327098375 0.2082426577949829 2.216966459365117
27.762499999980648 3.935693464109339 -1.2993773247300802 6.26631951720483e-05 -0.12193516900995205 0.16894795261072737 -0.007448628973703728 0.20848759724844557 2.2189632719997876
27.762999999980646 3.937926646844636 -1.3089843914513284 6.255740647923122e-05 -0.12235236372649715 0.16893935266918247 -0.0077025062212096665 0.20873412368808134 2.221005686526439
27.763499999980645 3.940193562018299 -1.3185306267314545 6.24522225835887e-05 -0.12276753586179544 0.16893313358827564 -0.007954973945739888 0.20898218368083155 2.223093271625487
27.763999999980644 3.942493854745981 -1.3280152525372393 6.234765420922454e-05 -0.12318064906831205 0.16892928803551105 -0.008206011100258117 0.20923172627317507 2.225225584097392
27.764499999980643 3.94482721490842 -1.3374375501385543 6.224370245056077e-05 -0.1235916720192717 0.1689278094939939 -0.008455596585463241 0.2094827041227376 2.227402270545479
27.764999999980642 3.9471930804556705 -1.3467968105303845 6.21403830006806e-05 -0.1240005673116111 0.16892868009116108 -0.00870371163665535 0.20973505726796673 2.229622751833217
27.76549999998064 3.9495910593067407 -1.3560922969692677 6.203770195305405e-05 -0.12440730026174464 0.1689318900939161 -0.00895033569353755 0.20998873388385828 2.231886474573546
27.76599999998064 3.952020816922988 -1.365323300685604 6.193565699335593e-05 -0.12481184056941268 0.1689374313366838 -0.009195446878933741 0.21024368598429902 2.2341930565006285
27.76649999998064 3.9544818760695843 -1.3744891311401075 6.18342657128674e-05 -0.1252141518895856 0.1689452900704922 -0.009439027838449568 0.21049985775996616 2.2365419358927734
27.766999999980637 3.95697356142001 -1.3835889319453643 6.173354389059249e-05 -0.1256141903027688 0.16895544467535425 -0.00968105466313135 0.21075718234560226 2.238932371658159
27.767499999980636 3.959495556920354 -1.3926220261949764 6.16334881506808e-05 -0.12601192634840416 0.16896788770313312 -0.009921506983904328 0.21101561306625136 2.2413638494056745
27.767999999980635 3.9620477322211944 -1.401587748154606 6.153409732071268e-05 -0.12640733314670322 0.16898262044475312 -0.010160365656895664 0.21127511191789472 2.243836094684206
27.768499999980634 3.964629385850995 -1.4104855157649896 6.14353682733283e-05 -0.12680038043508898 0.16899961563054938 -0.010397610872270023 0.211535616087712 2.246348256633259
27.768999999980633 3.967240082825703 -1.4193149800973959 6.133737517339947e-05 -0.12719103169396892 0.16901886167756464 -0.01063324738231295 0.2117970729166232 2.2488997949887692
27.76949999998063 3.969879322425319 -1.4280749445711007 6.124005453836536e-05 -0.1275792511888901 0.16904034350919026 -0.01086722522507019 0.21205942481228077 2.2514900979799157
27.76999999998063 3.9725466416294717 -1.436764872508698 6.114342961012048e-05 -0.12796500712722472 0.16906404666506078 -0.011099532638500744 0.21232261902263186 2.2541185208995107
27.77049999998063 3.97524154486864 -1.4453840648145857 6.104750724436211e-05 -0.12834826522598686 0.16908995578169897 -0.011330149444037695 0.2125866002813945 2.2567844278013944
27.770999999980628 3.9779634752451294 -1.4539320026023579 6.095230242783136e-05 -0.12872899475657076 0.16911805116303727 -0.011559062559810235 0.2128513125340845 2.259487091799281
27.771499999980627 3.9807120127743723 -1.4624078368993785 6.085780294412265e-05 -0.12910716175451847 0.1691483213562724 -0.01178624327845072 0.21311670362637233 2.262225879658055
27.771999999980626 3.9834866693417794 -1.4708109463891714 6.0764019646856105e-05 -0.12948273389379322 0.16918075074594807 -0.012011674521534996 0.2133827198354749 2.2650001241628748
27.772499999980624 3.986286849628926 -1.4791406711488002 6.067095401580609e-05 -0.12985567825778938 0.16921531832886869 -0.012235335854155366 0.21364930277535393 2.2678090308939076
27.772999999980623 3.9891119970540547 -1.487396340078862 6.057862087410919e-05 -0.1302259588713025 0.1692520060261057 -0.012457209367888617 0.21391639482060862 2.270651834980118
27.773499999980622 3.9919616956808524 -1.4955773359272984 6.0487016184214984e-05 -0.13059354684932767 0.16929080093440615 -0.012677276406268917 0.2141839468699305 2.273527952767798
27.77399999998062 3.994835216065434 -1.503682888249542 6.039613807452086e-05 -0.13095840458431723 0.16933167644118646 -0.01289551169254161 0.2144518934387497 2.276436509494599
27.77449999998062 3.997732167296268 -1.511712490361384 6.030600493914629e-05 -0.13132050516636232 0.16937462039263393 -0.013111901751621392 0.21472018786747002 2.2793767262964826
27.77499999998062 4.000651948048414 -1.5196655116301945 6.0216627170184934e-05 -0.1316798138535039 0.16941961196188945 -0.013326429602287044 0.2149887718457765 2.282347851593634
27.775499999980617 4.003594008600131 -1.527541285152654 6.0127994313241865e-05 -0.13203630147819317 0.16946663136288725 -0.013539071357567654 0.2152575910548809 2.2853490923446307
27.775999999980616 4.006557754838768 -1.5353392493158777 6.004012112921419e-05 -0.13238993535293792 0.16951565751900258 -0.01374981257695869 0.21552658878374228 2.288379651270154
27.776499999980615 4.009542679612432 -1.5430587433939267 5.9953010516062705e-05 -0.13274068371627037 0.16956667360358801 -0.013958632726175148 0.21579571204737347 2.2914387100029003
27.776999999980614 4.012548149897439 -1.5506992158614943 5.986667522228596e-05 -0.13308851443754457 0.16961965632657555 -0.014165516919179432 0.2160649031127584 2.2945254909687764
27.777499999980613 4.015573567655139 -1.5582600086921163 5.9781103478288806e-05 -0.13343339800875764 0.16967458344955874 -0.0143704414127226 0.21633410632478017 2.2976391014301587
27.77799999998061 4.018618316658944 -1.5657405272699072 5.9696298337963226e-05 -0.13377530357709358 0.16973143215788264 -0.014573387529280146 0.21660326528837934 2.300778703586117
27.77849999998061 4.0216819415852285 -1.5731402551022489 5.961227221884994e-05 -0.13411420280167355 0.16979018729865258 -0.01477434160307687 0.21687233172040263 2.3039435634024694
27.77899999998061 4.024763777530335 -1.58045859637734 5.9529020500166965e-05 -0.1344500660010938 0.16985082315127237 -0.014973282915339121 0.2171412479795722 2.30713274105027
27.779499999980608 4.02786322357756 -1.5876949472687176 5.944656411439932e-05 -0.13478285755176225 0.16991331910921265 -0.015170196934514013 0.21740995739744695 2.3103454214119115
27.779999999980607 4.030979706086951 -1.5948486768038308 5.936491074567852e-05 -0.1351125447591871 0.1699776551382062 -0.015365064951681176 0.21767840549433395 2.313580762502737
27.780499999980606 4.034112582166688 -1.6019193425024874 5.9284043824558915e-05 -0.1354391065066079 0.1700438040287817 -0.015557868355037849 0.21794653960923463 2.3168378295591676
27.780999999980605 4.037261228297913 -1.6089064446727508 5.920397929328408e-05 -0.13576251249813587 0.1701117424072508 -0.015748593753918776 0.21821430500740166 2.320115761356342
27.781499999980603 4.040424983441462 -1.6158093903677222 5.9124716413760535e-05 -0.1360827318431217 0.17018144509601923 -0.0159372219876348 0.21848164500831535 2.3234136516037687
27.781999999980602 4.0436032794499885 -1.6226276806479492 5.9046263828679074e-05 -0.13639973676668513 0.17025289076835756 -0.01612373804314415 0.21874850841431404 2.3267306486498054
27.7824999999806 4.046795459011267 -1.6293607748892125 5.896862028729077e-05 -0.13671349874385547 0.1703260537220823 -0.016308123917730406 0.219014840184495 2.330065846297985
27.7829999999806 4.050000888503714 -1.636008180534 5.889179794421875e-05 -0.13702398828904058 0.17040090976156883 -0.016490365680042047 0.2192805864057896 2.3334183180162986
27.7834999999806 4.053218943973697 -1.64256939913056 5.8815798157742276e-05 -0.13733117841789377 0.17047743440157911 -0.016670447012301776 0.2195456945817477 2.33678722892153
27.783999999980598 4.056449054983272 -1.6490437011538956 5.874061186499999e-05 -0.13763503679570782 0.1705556076580003 -0.016848342736927965 0.2198101119382968 2.340171655698253
27.784499999980596 4.0596906054196715 -1.6554307541057627 5.866623739217774e-05 -0.13793554376266565 0.1706354032102331 -0.017024040221134986 0.22007378991436463 2.343570796844518
27.784999999980595 4.0629431518159205 -1.661730004284092 5.8592641402995174e-05 -0.13823268082553583 0.17071680347682747 -0.017197514222548935 0.2203366867614083 2.3469837642618283
27.785499999980594 4.066205451032499 -1.6679413790785742 5.851994761358338e-05 -0.13852639875322104 0.17079975818940646 -0.017368786566686976 0.22059872006857892 2.35040931678256
27.785999999980593 4.069477138328178 -1.6740641880316762 5.844809209989189e-05 -0.13881668302433584 0.17088425270314472 -0.017537821119307392 0.2208598525703664 2.3538467699197843
27.78649999998059 4.072757563323198 -1.680097927944131 5.837708564906381e-05 -0.1391035037912901 0.1709702620000377 -0.017704603432792038 0.22112003129089736 2.357295156839781
27.78699999998059 4.076046068687369 -1.686042206659609 5.8306935180275694e-05 -0.1393868363437657 0.17105775911432108 -0.017869121151141948 0.22137920541426426 2.3607536084233094
27.78749999998059 4.079341919260069 -1.6918965755516266 5.823764761047761e-05 -0.13966665340576392 0.17114671383659755 -0.018031359598606314 0.22163732009660794 2.3642212216145344
27.78799999998059 4.0826446645102275 -1.6976614638391632 5.816932680164766e-05 -0.13994293870684146 0.17123710721975602 -0.018191353278753528 0.22189434043483267 2.3676971453575657
27.788499999980587 4.08595353279856 -1.7033350751444043 5.810182753707678e-05 -0.14021565142051348 0.17132891145930745 -0.018349015031985588 0.22215019954470938 2.3711804128628775
27.788999999980586 4.089267675077457 -1.7089176349789583 5.803520985445342e-05 -0.14048477424211758 0.17142208722142235 -0.018504361549629478 0.22240484522052814 2.374670034650224
27.789499999980585 4.092586471896872 -1.7144088126201522 5.796947991483156e-05 -0.14075028568750858 0.1715166084299877 -0.018657382091774338 0.22265823091671116 2.378165236199166
27.789999999980584 4.095909377589895 -1.719807999456968 5.790463441280117e-05 -0.14101215657677632 0.17161245544856296 -0.018808056311490726 0.22291030965330988 2.381665017976473
27.790499999980582 4.099235655545101 -1.7251148616385679 5.784068486675287e-05 -0.1412703625825571 0.1717095969732366 -0.018956373961739013 0.22316102964159265 2.3851684685178256
27.79099999998058 4.102564652663218 -1.73032905493969 5.777764838467485e-05 -0.14152487844287118 0.17180800635603383 -0.019102326328827846 0.22341034250337977 2.3886747398097885
27.79149999998058 4.10589569896648 -1.7354502490952677 5.771552105036423e-05 -0.1417756843663402 0.17190765446259207 -0.01924590027196896 0.2236582013198994 2.392182927427405
27.79199999998058 4.1092281067846335 -1.7404780521148002 5.765431188072913e-05 -0.14202275478903706 0.17200851291656008 -0.019387083725108202 0.22390455647216678 2.3956921409167897
27.792499999980578 4.112561151949391 -1.7454122222733912 5.759401606979603e-05 -0.14226607235030483 0.17211054894277888 -0.0195258662165012 0.2241493605854622 2.399201479098722
27.792999999980577 4.115894251882227 -1.7502522428143175 5.75346509926553e-05 -0.14250560665019235 0.17221374120399083 -0.019662233821264172 0.22439256677763758 2.4027101024440607
27.793499999980575 4.1192274781732365 -1.7549973631854174 5.747607766050111e-05 -0.14274136499079126 0.1723180912000307 -0.019796132895800463 0.2246341663947953 2.4062175591992325
27.793999999980574 4.12255890837092 -1.759648091424668 5.741852950399458e-05 -0.14297328448099278 0.1724235170811424 -0.01992762419695455 0.2248740525806589 2.4097222833710914
27.794499999980573 4.125888178373663 -1.7642040902691967 5.7361936424952685e-05 -0.14320136418140586 0.17252999981156686 -0.02005668147689957 0.22511219871490903 2.413223648425409
27.794999999980572 4.1292148366474315 -1.7686646143370768 5.730629108933463e-05 -0.14342557348910367 0.17263752507997224 -0.02018327850186551 0.22534856318046537 2.4167208004548426
27.79549999998057 4.132538152271305 -1.7730295269106335 5.725160546974136e-05 -0.1436458949026183 0.17274605973600327 -0.020307411387711118 0.2255831005061297 2.420212927966006
27.79599999998057 4.135857443526608 -1.7772981840503306 5.719791328554415e-05 -0.14386228812074725 0.17285558023032555 -0.020429066144800282 0.22581575742991905 2.4236992353319478
27.79649999998057 4.139172014510844 -1.781470837726974 5.7145187496706525e-05 -0.14407475966062253 0.17296604787885717 -0.020548241381415474 0.22604650033558618 2.427178812534773
27.796999999980567 4.1424812212408595 -1.7855471015409088 5.709346201898285e-05 -0.14428327901780336 0.17307743804660222 -0.020664930694434345 0.22627528262165644 2.4306508864308123
27.797499999980566 4.145784368551836 -1.7895267039550544 5.7042722375486746e-05 -0.14448783091105782 0.1731897188412738 -0.020779120178784558 0.22650206142352497 2.4341146089779304
27.797999999980565 4.149080793499709 -1.7934094493516015 5.6992981393655055e-05 -0.14468839649931717 0.17330286109211446 -0.020890804339072613 0.22672679473363916 2.437569121291342
27.798499999980564 4.152369834628838 -1.7971950450056837 5.6944253531699326e-05 -0.14488495306534377 0.17341683680783454 -0.02099997537259664 0.22694943903616868 2.441013748674629
27.798999999980563 4.155650757108676 -1.8008835494707673 5.689653190303982e-05 -0.14507749482419446 0.1735316090187888 -0.02110663076807391 0.22716995552998148 2.444447708942021
27.79949999998056 4.158923011570488 -1.8044743250842699 5.6849828585939956e-05 -0.14526598895696693 0.1736471589222063 -0.021210751649618265 0.2273883007873127 2.4478700179165083
27.79999999998056 4.162185984169464 -1.8079674292533696 5.680415156673915e-05 -0.14545042780542816 0.17376345623288547 -0.02131233937740365 0.2276044408189735 2.451280129365169
27.80049999998056 4.165438916511547 -1.8113625007688492 5.6759510720958054e-05 -0.14563078603000537 0.17388046901136742 -0.02141138210443335 0.22781832811903516 2.4546771195072923
27.800999999980558 4.16868119567132 -1.814659453467908 5.6715908176589875e-05 -0.1458070522108986 0.1739981683108208 -0.02150787548277404 0.22802992732914454 2.458060288847035
27.801499999980557 4.171912185211725 -1.8178580720921402 5.667334517153583e-05 -0.14597921002310163 0.17411652551010695 -0.021601810971157792 0.22823920007727458 2.461428921523334
27.801999999980556 4.175131254397632 -1.8209582250273688 5.663183430686983e-05 -0.14614724368159168 0.17423551215459987 -0.021693184851897786 0.2284461091822771 2.4647822726455124
27.802499999980554 4.178337728040326 -1.8239602106736441 5.659144956754506e-05 -0.14631113786426686 0.17435509721201556 -0.02178201924085351 0.22865061851907773 2.468119627492205
27.802999999980553 4.181530892077921 -1.826863610158973 5.65520951660182e-05 -0.14647089036124702 0.17447524373330592 -0.021868278938144557 0.22885269066089095 2.4714403444374096
27.803499999980552 4.184709664948407 -1.8296683375768708 5.651381482580826e-05 -0.14662647220960295 0.17459590343390968 -0.02195196869652661 0.22905226647686738 2.4747436221714425
27.80399999998055 4.187874254781594 -1.8323739902610972 5.647660500513683e-05 -0.14677787489656752 0.1747170899207076 -0.022033073186344655 0.229249345437556 2.4780288780502167
27.80449999998055 4.191023810628166 -1.8349804038757824 5.644046978155936e-05 -0.14692508045854724 0.1748387637948398 -0.022111585469541582 0.22944388160296456 2.4812953359355916
27.80499999998055 4.194157715121597 -1.8374875584417687 5.640541985973708e-05 -0.14706807780563716 0.17496089580935834 -0.022187504768273605 0.22963584201883697 2.4845423633659958
27.805499999980547 4.197275684608926 -1.8398955714434275 5.637146518814774e-05 -0.14720686651561685 0.17508347095207788 -0.022260834149556895 0.2298252120351634 2.487769562754798
27.805999999980546 4.200376578101378 -1.8422032472381478 5.633851471641171e-05 -0.1473414089969061 0.17520644084079925 -0.022331514808498605 0.23001192201913415 2.4909756742799942
27.806499999980545 4.203460113541295 -1.844411901077081 5.630670446293663e-05 -0.14747171786555494 0.17532978625214868 -0.022399614290722444 0.23019596920410035 2.49416058996335
27.806999999980544 4.206525592024028 -1.846521013824586 5.627599933873141e-05 -0.14759777334532964 0.1754534764939179 -0.022465106651844848 0.23037731252703655 2.4973235677757533
27.807499999980543 4.209572444294786 -1.8485304670832874 5.624640646265499e-05 -0.14771956270499018 0.1755774853390718 -0.022527987118167468 0.23055592112834972 2.5004639853500956
27.80799999998054 4.2126001238500805 -1.850440201850362 5.621790876250255e-05 -0.1478370811136567 0.17570178539183584 -0.02258824791091778 0.23073176826299782 2.5035812585929262
27.80849999998054 4.215608045689789 -1.8522501930821547 5.619051355815222e-05 -0.14795031860670466 0.17582634873787192 -0.022645887359718425 0.2309048243338069 2.50667480695098
27.80899999998054 4.218595683322308 -1.8539603935933906 5.616423791222634e-05 -0.14805926284784843 0.17595115123723487 -0.022700905531237082 0.23107506150317197 2.509744093077651
27.809499999980538 4.221562164885009 -1.8555699520416715 5.6139113408659436e-05 -0.14816386398400536 0.17607616229049358 -0.022753281958847835 0.23124242118936114 2.5127884554319677
27.809999999980537 4.224507305837854 -1.85708015307954 5.6115083959711336e-05 -0.14826418060457705 0.17620135387379418 -0.022803039282298952 0.23140692072151764 2.5158074284804433
27.810499999980536 4.227430532012618 -1.8584905282979538 5.6092171481660866e-05 -0.14836018332701098 0.17632670463601685 -0.02285016634315454 0.23156852304778225 2.5188005209245707
27.810999999980535 4.230331289911207 -1.8598011336660603 5.607037855473461e-05 -0.1484518667265099 0.17645218696582507 -0.022894662944128372 0.2317272030015751 2.5217671803807153
27.811499999980533 4.233209009999521 -1.8610121505783965 5.604973645123099e-05 -0.14853922304639966 0.17657777305966255 -0.022936538640731696 0.23188293496235451 2.524706897733953
27.811999999980532 4.236063176682078 -1.8621234308245447 5.603021302054945e-05 -0.14862224798562557 0.17670343689140042 -0.02297578000798718 0.23203569482411393 2.52761922970034
27.81249999998053 4.238892898670532 -1.8631352967202872 5.601181315703521e-05 -0.14870093990792857 0.176829131747243 -0.023012395391996465 0.2321854467998862 2.530503687294777
27.81299999998053 4.241698452375159 -1.8640471372142877 5.5994520308187675e-05 -0.14877528571069623 0.17695487623832518 -0.02304636158853848 0.23233219459491602 2.533359828738025
27.81349999998053 4.2444790153190155 -1.864859402626229 5.597834905261101e-05 -0.14884528816715162 0.1770806260271277 -0.023077691719426204 0.23247590795353126 2.5361871374666443
27.813999999980528 4.247234199251476 -1.8655719583834123 5.596329622771715e-05 -0.14891093846085776 0.1772063631055108 -0.023106379184754416 0.23261656750413362 2.5389852414354253
27.814499999980526 4.249963500666258 -1.866184905736553 5.5949355688533466e-05 -0.1489722358275305 0.17733206106281288 -0.023132423142849013 0.23275415340805064 2.5417536920803903
27.814999999980525 4.25266638772506 -1.8666985817838075 5.5936528797272864e-05 -0.14902918606624993 0.17745768999129657 -0.02315583101792398 0.23288864838533183 2.544492045816434
27.815499999980524 4.255342384914654 -1.8671124177397318 5.5924804574195945e-05 -0.14908176563055328 0.17758323185926925 -0.023176581032222185 0.23302002272218875 2.5471998699905205
27.815999999980523 4.257991244586346 -1.8674270184769441 5.5914193016812474e-05 -0.1491299905431161 0.1777086684378304 -0.023194692651497723 0.2331482761774877 2.549876901810323
27.816499999980522 4.2606120897957585 -1.8676425410452184 5.590469638338944e-05 -0.14917385560389174 0.17783395496293478 -0.023210166990318443 0.23327337307375723 2.552522666379128
27.81699999998052 4.263204837630947 -1.8677576050594844 5.589624456094326e-05 -0.1492133277038144 0.17795909724784043 -0.023222944428325978 0.23339529259527356 2.5551365019802526
27.81749999998052 4.265769267494727 -1.8677738952509404 5.588894511883501e-05 -0.14924843818011116 0.178084073572232 -0.023233100957317007 0.23351404784161378 2.5577186932931166
27.81799999998052 4.268304806806357 -1.8676913457277402 5.5882728688166114e-05 -0.1492791951019427 0.1782088512253413 -0.02324061479620802 0.23362961910135757 2.560268574610363
27.818499999980517 4.270811028381979 -1.8675099263292758 5.587760777269151e-05 -0.14930558939871616 0.1783334102985051 -0.023245485792627096 0.2337419878073433 2.5627858597260134
27.818999999980516 4.273287586431591 -1.867229754157889 5.58735807827e-05 -0.14932762188598978 0.17845773212400837 -0.023247714974881383 0.23385114296176274 2.565270264642017
27.819499999980515 4.27573406306965 -1.8668509675739227 5.5870645793706385e-05 -0.14934529309972816 0.17858179433309035 -0.02324730384432897 0.23395707079355488 2.5677214483314503
27.819999999980514 4.2781502165599035 -1.8663730844280537 5.5868758496641554e-05 -0.1493585944059936 0.17870558672520115 -0.023244225235145934 0.23405975830226494 2.570139062548602
27.820499999980512 4.2805355229574635 -1.8657971666228597 5.586797475404482e-05 -0.149367543580915 0.17882907593225744 -0.023238522513670104 0.23415919884300937 2.572522935200457
27.82099999998051 4.282889673767801 -1.8651230902686509 5.586829084107889e-05 -0.14937213403005603 0.1789522475205821 -0.023230188503081464 0.2342553798213595 2.5748727746637146
27.82149999998051 4.285212332710119 -1.8643509563230365 5.5869668087071054e-05 -0.1493723747019461 0.17907508090681878 -0.02321921598891822 0.23434829403480265 2.5771882974350495
27.82199999998051 4.287503079042679 -1.8634809548666587 5.587211979202518e-05 -0.1493682649357059 0.17919755389135175 -0.023205610767759666 0.23443792837689875 2.579469207637186
27.822499999980508 4.289761724927571 -1.8625132188172142 5.587563367165595e-05 -0.14935981025485598 0.17931965473969172 -0.023189372939532535 0.23452428128587782 2.5817153902727323
27.822999999980507 4.291987858276808 -1.8614479787028873 5.588021193461548e-05 -0.14934701377342433 0.1794413605669144 -0.02317050757937682 0.23460734180035955 2.58392653318365
27.823499999980505 4.294181223348884 -1.8602851930429611 5.5885854815376264e-05 -0.14932987110137852 0.17956265901418375 -0.023149012014382294 0.23468710163245096 2.5861024748694086
27.823999999980504 4.296341497660752 -1.859025346926727 5.589255407202248e-05 -0.14930839843232827 0.17968352791986875 -0.023124896446243087 0.23476355953130076 2.588242992916231
27.824499999980503 4.298468500694821 -1.8576686275608945 5.5900297877860294e-05 -0.14928260353577127 0.17980395513195424 -0.023098162484759138 0.23483671584674407 2.5903479810119037
27.824999999980502 4.30056175860618 -1.8562150950328302 5.5909092829080085e-05 -0.14925248166677513 0.17992391706018276 -0.023068810801228853 0.23490655428436533 2.592417092354188
27.8254999999805 4.302621038081052 -1.8546649847130594 5.5918924073079844e-05 -0.1492180424529471 0.1800433982227469 -0.023036843471363675 0.2349730741898064 2.594450215044188
27.8259999999805 4.304646048494803 -1.853017936428742 5.592977414140273e-05 -0.14917927421207589 0.18016238675020965 -0.023002243420919787 0.23503626242852207 2.5964470509285427
27.8264999999805 4.30663606445639 -1.851275233722752 5.5941686163432434e-05 -0.14913620313447265 0.18028083612941326 -0.02296505670480742 0.23509610968780845 2.5984073788556494
27.826999999980497 4.308591503914008 -1.8494366171869348 5.595462684803958e-05 -0.14908883530821973 0.18039876627711468 -0.022925267000965963 0.23515263884322474 2.600331355439801
27.827499999980496 4.310511939818086 -1.8475023607340235 5.596860037031082e-05 -0.14903717443541487 0.1805161533821186 -0.022882881417511824 0.23520584018586094 2.6022187228553815
27.827999999980495 4.312397726958193 -1.8454728847692634 5.598357592500022e-05 -0.148981249319982 0.18063300697412948 -0.02283790429426567 0.23525574537088906 2.6040697328820737
27.828499999980494 4.3142477031185 -1.8433479814231712 5.59995912415654e-05 -0.14892102744872085 0.18074927576133173 -0.02279033548945496 0.2353023002359954 2.6058837040714957
27.828999999980493 4.316061908827064 -1.8411283248378354 5.601663123143195e-05 -0.14885653901237408 0.18086495243179976 -0.02274018948273627 0.23534552564816352 2.6076606570897867
27.82949999998049 4.317840094968691 -1.83881419058866 5.603469449899713e-05 -0.1487877916378816 0.18098002130254742 -0.022687472561071176 0.23538542109136146 2.609400508229756
27.82999999998049 4.31958202675905 -1.8364057210883318 5.6053794531266395e-05 -0.14871478482634215 0.18109446992045677 -0.022632190232449886 0.23542198346041152 2.6111031561352194
27.83049999998049 4.32128755827256 -1.8339028762925138 5.607387963037324e-05 -0.14863752867636848 0.18120828742014058 -0.02257432788384805 0.23545521578458614 2.6127684465514345
27.830999999980488 4.322956372022565 -1.8313064049471548 5.609499114450987e-05 -0.1485560366055232 0.18132145267249938 -0.0225139155850216 0.23548511971285246 2.6143963613998746
27.831499999980487 4.324588310882561 -1.828616417853427 5.6117118501294665e-05 -0.14847031403701033 0.18143395555375308 -0.022450952373819225 0.23551169746027736 2.615986804205557
27.831999999980486 4.3261831138106865 -1.8258332323488549 5.614025342026919e-05 -0.14838037179465174 0.18154577885018577 -0.022385444048773226 0.23553494997027596 2.617539654102367
27.832499999980485 4.327740784527004 -1.822957102736895 5.616439174841514e-05 -0.14828622096642644 0.18165691910394408 -0.022317396108041013 0.23555488905111677 2.619055010232475
27.832999999980483 4.329260924495253 -1.8199883980522333 5.6189542205293766e-05 -0.1481878679952829 0.1817673532322958 -0.022246819406046656 0.23557150909171262 2.6205326092422503
27.833499999980482 4.330743265239473 -1.8169274043293846 5.621571197913508e-05 -0.14808531928992344 0.18187706491681058 -0.022173721764204898 0.23558480950356003 2.6219724032250644
27.83399999998048 4.3321876768584175 -1.813774435024771 5.624289243661939e-05 -0.14797858731359248 0.18198604332497478 -0.02209810907920029 0.23559479767873132 2.623374357104084
27.83449999998048 4.333594352708573 -1.810529964065413 5.627107957474571e-05 -0.1478676939160995 0.18209429168319097 -0.022019993365554318 0.23560149845764433 2.624738644663122
27.83499999998048 4.3349625474673195 -1.8071941188353735 5.630030112829255e-05 -0.14775262744322532 0.18220177421207917 -0.021939382143683968 0.23560488520243508 2.6260648736941876
27.835499999980478 4.3362922263472745 -1.8037672627394574 5.6330529174933843e-05 -0.1476334083477975 0.18230848265662444 -0.021856278551181864 0.23560497240307793 2.627353123107954
27.835999999980476 4.337583233138834 -1.8002497300552318 5.636177400755373e-05 -0.147510045019189 0.1824144060203637 -0.021770693173391895 0.2356017656694772 2.62860334609479
27.836499999980475 4.338835349681257 -1.7966418626906753 5.6394038603712196e-05 -0.14738254702047138 0.18251952972679814 -0.021682635140039812 0.23559526855297644 2.62981550019592
27.836999999980474 4.340047861553308 -1.7929441446026384 5.642734245446355e-05 -0.14725091816131433 0.18262381483141785 -0.02159212038976077 0.2355854628491665 2.630989331604372
27.837499999980473 4.341221557027671 -1.7891567177728138 5.6461656936390297e-05 -0.14711518258471729 0.18272729523818085 -0.021499146961956442 0.23557239798433052 2.632125215622822
27.83799999998047 4.3423558780592035 -1.7852800582433335 5.649699717698481e-05 -0.1469753470937946 0.18282993933137764 -0.021403729878981557 0.23555606343711263 2.633222982713996
27.83849999998047 4.343450708107646 -1.781314483830455 5.653337674600113e-05 -0.14683141928202528 0.1829317384748658 -0.0213058800564477 0.23553646671967876 2.6342826228707024
27.83899999998047 4.344505834155277 -1.7772604668143812 5.657079044529629e-05 -0.1466834155509163 0.18303267630474127 -0.021205608586881187 0.2355136149535712 2.6353040927007263
27.839499999980468 4.345521095179751 -1.7731181559457752 5.660924946782313e-05 -0.14653133717927946 0.18313274375781532 -0.02110292095760482 0.23548751110145152 2.6362874050549547
27.839999999980467 4.346496374436945 -1.7688878854262735 5.6648749606105755e-05 -0.1463751967190451 0.1832319307425589 -0.020997824558783205 0.2354581646373438 2.6372325488363737
27.840499999980466 4.347431509473457 -1.7645702806893313 5.668928876551533e-05 -0.14621501607794216 0.18333022181878034 -0.020890335761179334 0.23542558757919854 2.638139523992474
27.840999999980465 4.3483266849502735 -1.7601655930002034 5.6730876108351726e-05 -0.14605080555053032 0.1834276232822707 -0.020780463241614037 0.23538980104812846 2.6390085943922172
27.841499999980464 4.349181267517478 -1.755674314416447 5.677351921792081e-05 -0.1458825735295104 0.18352409927055222 -0.020668220585407657 0.23535079267941203 2.639839393320469
27.841999999980462 4.349995490278437 -1.7510972792390542 5.681723169953505e-05 -0.14571035119228215 0.18361965219859763 -0.020553634731777473 0.23530859529307357 2.640632255342668
27.84249999998046 4.350768883533208 -1.746434124455182 5.686199641990826e-05 -0.145534123796172 0.18371426189159473 -0.02043668895012672 0.23526319190799314 2.6413868373400313
27.84299999998046 4.351501488951889 -1.7416854993169661 5.6907824457565e-05 -0.1453539138699227 0.18380792344974942 -0.020317403714749667 0.23521460391294152 2.64210335165992
27.84349999998046 4.352193263169873 -1.7368517694813845 5.6954693596270855e-05 -0.14516974030880003 0.18390062868077803 -0.020195783631402647 0.2351628465701933 2.6427818640668734
27.843999999980458 4.352843958301625 -1.7319334293070874 5.700264070960238e-05 -0.14498160974457996 0.183992362378069 -0.020071849748831222 0.2351079235796446 2.643422309479008
27.844499999980457 4.353453507578838 -1.7269308798465757 5.70516657310595e-05 -0.1447895367811637 0.18408311642102582 -0.01994561245187311 0.23504984826342948 2.6440247642810464
27.844999999980455 4.354021790302954 -1.7218445131096962 5.7101767270578616e-05 -0.144593535167882 0.18417288013364935 -0.019817081674705722 0.23498863145941987 2.6445892490005125
27.845499999980454 4.35454873364304 -1.7166747853527742 5.715295114855468e-05 -0.14439362009296658 0.18426164492194566 -0.019686270692428155 0.23492428688126032 2.6451158247774074
27.845999999980453 4.355034421208638 -1.71142236660581 5.720520133212189e-05 -0.14418982214590575 0.18434940571307984 -0.019553194237479105 0.23485684065430631 2.6456046409328153
27.846499999980452 4.355478451843758 -1.7060873127473712 5.725855572052936e-05 -0.14398212917076153 0.1844361450150776 -0.01941786100239921 0.23478628246658084 2.6460555488674338
27.84699999998045 4.355881682656561 -1.7006706837323748 5.731297002484966e-05 -0.1437706035614512 0.18452188857655222 -0.01928029224949471 0.23471268283053526 2.6464692219412225
27.84749999998045 4.3562435799063435 -1.6951736360025587 5.7368528325774165e-05 -0.1435552599561993 0.18460660359386538 -0.01914053973413292 0.23463603945870812 2.646845627386428
27.84799999998045 4.356563344838763 -1.689594562804034 5.742515713063203e-05 -0.14333604787723012 0.1846902638813735 -0.01899853616038478 0.23455630575593664 2.6471840083900897
27.848499999980447 4.356841277925751 -1.6839347296696838 5.748288388447371e-05 -0.14311301198910592 0.1847728713036737 -0.01885432421811651 0.23447352454407255 2.647484817096905
27.848999999980446 4.3570774068695854 -1.678194664096926 5.7541710072873306e-05 -0.1428861722609728 0.18485442109405906 -0.018707918864161555 0.23438771608094172 2.6477481626948594
27.849499999980445 4.3572716046782 -1.6723747056350589 5.760163061059287e-05 -0.14265554128055039 0.18493490265291104 -0.018559327692745205 0.23429889099544451 2.647974066071462
27.849999999980444 4.357423879055452 -1.6664750863602542 5.7662669630643075e-05 -0.1424211219744731 0.18501431528600207 -0.018408562475363127 0.23420706227102817 2.648162638692988
27.850499999980443 4.357535155625863 -1.6604970707820352 5.772480926791431e-05 -0.14218297960148574 0.18509268760145714 -0.01825565591572257 0.23411230566717411 2.6483145442141085
27.85099999998044 4.357604019267446 -1.6544402938394351 5.778803115388082e-05 -0.14194108577940714 0.18516995400049613 -0.01810058999159858 0.2340145616298841 2.648429020070545
27.85149999998044 4.357630824021342 -1.648305515041856 5.785236602371256e-05 -0.1416954667776264 0.1852461248938215 -0.017943393262929444 0.23391386759936847 2.648506392304298
27.85199999998044 4.357615593876244 -1.6420931954480698 5.7917807812628375e-05 -0.14144614208770248 0.18532119551157097 -0.017784076828025172 0.23381024358645525 2.648546787605145
27.852499999980438 4.357558280744044 -1.6358038043447596 5.79843562013692e-05 -0.14119312900997863 0.18539515796510792 -0.017622653315986815 0.23370370597496148 2.6485502960213774
27.852999999980437 4.3574589774259636 -1.629437808882888 5.805200955192709e-05 -0.14093644699515592 0.18546801112611086 -0.017459135153309196 0.23359427784728612 2.648517043289556
27.853499999980436 4.357317610469423 -1.6229956931216623 5.81207703026494e-05 -0.14067611310736847 0.1855397458598563 -0.01729353580027643 0.23348197462162393 2.6484471211493448
27.853999999980434 4.357133947919054 -1.6164776391295288 5.819062411653738e-05 -0.14041213490158772 0.1856103476682972 -0.017125855988479915 0.2333668008361643 2.64834045800618
27.854499999980433 4.356908019510019 -1.6098841458392508 5.826157237556013e-05 -0.14014453157610945 0.1856798121888329 -0.016956109571933706 0.23324877713930853 2.648197182978792
27.854999999980432 4.356640615558222 -1.6032161128630904 5.8333615633301646e-05 -0.13987334735912899 0.18574816723107013 -0.016784323845345447 0.23312796584299916 2.648017930665712
27.85549999998043 4.3563311138075225 -1.5964739171993523 5.840676040555098e-05 -0.13959858666327082 0.185815378832333 -0.016610508988670523 0.23300435493322624 2.6478023686834327
27.85599999998043 4.355980030484263 -1.5896579166974312 5.84810074814665e-05 -0.13932027148150922 0.18588146744421477 -0.01643467399224269 0.23287798628064313 2.6475508056003356
27.85649999998043 4.355586994154553 -1.5827687089579427 5.855635687385055e-05 -0.13903841774519538 0.18594640845349333 -0.016256836752242328 0.2327488628694669 2.6472632801010425
27.856999999980427 4.3551522362759485 -1.5758067424213076 5.863279518385189e-05 -0.13875304955863793 0.18601020671608995 -0.016077006190427606 0.23261701548345812 2.646939966631595
27.857499999980426 4.354675810038222 -1.568772576924259 5.871031829419914e-05 -0.13846418955841674 0.1860728580500444 -0.01589519725540378 0.23248246727176938 2.6465810147758755
27.857999999980425 4.354157772917369 -1.5616667029621434 5.8788924627233625e-05 -0.13817185755965122 0.18613435940465112 -0.015711423180570755 0.2323452405168295 2.6461865506703184
27.858499999980424 4.353598242658738 -1.5544895588996253 5.88686237820838e-05 -0.13787606985131665 0.18619471194801457 -0.015525697833643624 0.23220535887070065 2.6457567264547146
27.858999999980423 4.352997329134125 -1.5472416616539748 5.8949395924912255e-05 -0.13757685221359361 0.18625391358510882 -0.01533803144525409 0.23206284881338882 2.6452917010473085
27.85949999998042 4.3523550673578475 -1.53992346103177 5.9031244852993036e-05 -0.13727422160186598 0.18631196100269135 -0.01514843701996451 0.23191773082973716 2.644791613785962
27.85999999998042 4.351671644795646 -1.5325355403272432 5.911415558897785e-05 -0.13696820577816915 0.1863688554981124 -0.014956928060453083 0.23177003557572484 2.644256628671881
27.86049999998042 4.350947160006064 -1.5250783557795415 5.9198144421212685e-05 -0.13665881972686783 0.18642459763350447 -0.014763520697746635 0.23161978575965267 2.643686915225627
27.860999999980418 4.350181743017937 -1.5175523997525175 5.928318846448814e-05 -0.13634608950680302 0.18647918634038652 -0.014568223550189505 0.23146700887897187 2.6430826166937758
27.861499999980417 4.349375430061738 -1.5099581865685083 5.936929683951847e-05 -0.13603003283561793 0.18653261805739205 -0.014371052982453288 0.2313117260244899 2.6424438768635854
27.861999999980416 4.348528471845149 -1.5022962267384408 5.945646231810823e-05 -0.1357106742676022 0.18658489848964926 -0.01417202186435364 0.23115396959231235 2.641770893728383
27.862499999980415 4.347641018320733 -1.4945669804229957 5.9544665006662406e-05 -0.13538803811461433 0.18663602812137323 -0.013971138758477764 0.2309937673956917 2.641063840299065
27.862999999980413 4.346713215567704 -1.4867709643161815 5.9633910175534127e-05 -0.13506214494168411 0.18668600834554167 -0.013768419029539899 0.23083114623207399 2.6403228877824336
27.863499999980412 4.3457453492939155 -1.4789080872014249 5.972409883329086e-05 -0.1347330194903472 0.18673484676168042 -0.013563838339173103 0.2306661380579858 2.6395482393379224
27.86399999998041 4.3447386042096845 -1.4709794070369042 5.981531549195916e-05 -0.13440069767962454 0.18678259448610726 -0.013357446815747642 0.23049882109279204 2.6387405901202845
27.86449999998041 4.343691451686086 -1.4629856171964353 5.990758320166901e-05 -0.1340651782354998 0.18682917167611737 -0.013149266967144376 0.23032914410962782 2.6378992713879255
27.86499999998041 4.3426046023902085 -1.4549270115138113 6.000085815462036e-05 -0.13372649307454915 0.18687460600752592 -0.012939298075406195 0.2301571609904191 2.63702473292318
27.865499999980408 4.341478280549393 -1.4468041273914896 6.009514491071649e-05 -0.133384664575274 0.18691890239248707 -0.01272755626811074 0.22998290263414883 2.6361171711549183
27.865999999980406 4.340312668886105 -1.4386174320570815 6.0190425174105265e-05 -0.13303971737233214 0.18696206299715185 -0.012514050764075817 0.229806398660235 2.635176764510225
27.866499999980405 4.339107970121233 -1.4303674590964368 6.0286718258873485e-05 -0.13269166974931643 0.18700409287001807 -0.01229880098310394 0.22962767794110098 2.6342036981237476
27.866999999980404 4.337864391796734 -1.4220546714077402 6.0383996803492105e-05 -0.13234054863514721 0.18704499478104936 -0.012081814142903703 0.22944677186371182 2.633198157844798
27.867499999980403 4.336582148245148 -1.4136795796627963 6.048225834057519e-05 -0.13198637697826673 0.1870847730358453 -0.011863104106959411 0.22926371114673916 2.6321603254885337
27.867999999980402 4.335261449016085 -1.4052426920327181 6.058150524631364e-05 -0.1316291762941877 0.18712343210781365 -0.011642685876993533 0.2290785259035081 2.6310903921522812
27.8684999999804 4.333902512860128 -1.3967444379680893 6.068172154430484e-05 -0.13126896954732506 0.18716097660839667 -0.01142056841133086 0.2288912469140383 2.6299885503424774
27.8689999999804 4.33250553234676 -1.3881854081359166 6.0782903832644465e-05 -0.13090578385845533 0.18719740841697363 -0.011196766249790794 0.22870190541418825 2.6288549305919786
27.8694999999804 4.3310708236513324 -1.3795659859834297 6.08850357002691e-05 -0.1305396404098703 0.1872327377817191 -0.010971288751547277 0.22851053584560613 2.627689823196648
27.869999999980397 4.329598910936582 -1.370885651374406 6.0987942086597465e-05 -0.13017057028470935 0.18726698291047691 -0.010744082180274749 0.2283171819170336 2.626493499398318
27.870499999980396 4.328089603900741 -1.3621465519205715 6.109190394167436e-05 -0.1297985831349858 0.1873001306524472 -0.010515269208990017 0.2281218578146582 2.6252659608792692
27.870999999980395 4.326543299659566 -1.3533485445136562 6.119682312683868e-05 -0.12942370297448985 0.1873321946874353 -0.01028482458347461 0.22792460085465321 2.62400746948439
27.871499999980394 4.324960513679988 -1.3444918927152156 6.130265425723482e-05 -0.1290459582486065 0.18736319354809694 -0.010052745947270462 0.227725456060413 2.622718331129976
27.871999999980392 4.323341228867365 -1.3355772680249098 6.14094087405909e-05 -0.12866537105659712 0.18739311970700545 -0.009819054851029452 0.22752444453469922 2.62139859641968
27.87249999998039 4.32168566656961 -1.3266052396743402 6.1517093554211e-05 -0.12828196419543011 0.18742197786034626 -0.009583769119699303 0.2273215976396907 2.6200484507316495
27.87299999998039 4.319994151659747 -1.3175762008300638 6.162569498320133e-05 -0.1278957604099263 0.18744977827135245 -0.009346897192165528 0.22711695091281361 2.618668116645061
27.87349999998039 4.318266991681002 -1.3084906330055173 6.173520369783337e-05 -0.12750678421160133 0.18747652967769785 -0.009108451078824272 0.22691053981918055 2.617257794916811
27.873999999980388 4.316504467254133 -1.299349014159392 6.184561716291217e-05 -0.1271150583429145 0.18750224000028334 -0.008868443808406847 0.226702398218963 2.6158176848624257
27.874499999980387 4.314707695169046 -1.2901516609723662 6.195688528652177e-05 -0.12672062261834866 0.18752695582798995 -0.008626874606841079 0.22649260103671595 2.6143484097172442
27.874999999980385 4.312875739310148 -1.280899244263498 6.206906858246431e-05 -0.12632347426312396 0.1875506289769316 -0.008383774633199762 0.22628112218355528 2.6128495154156806
27.875499999980384 4.311009287173432 -1.2715921681531526 6.218213592136917e-05 -0.1259236457247963 0.18757328576951687 -0.008139149271150637 0.22606801595505482 2.611321416089917
27.875999999980383 4.3091086539433485 -1.2622308758697112 6.22960943994576e-05 -0.12552115641567144 0.18759493693244397 -0.007893012971902527 0.2258533168328278 2.6097643071404057
27.876499999980382 4.307174156405282 -1.2528158563206717 6.241092558462164e-05 -0.1251160336742457 0.18761559090580526 -0.0076453757571728845 0.2256370616804292 2.608178393730542
27.87699999998038 4.3052065015719 -1.2433478519070926 6.252659671680946e-05 -0.12470832323779758 0.18763527100012756 -0.007396252190041331 0.225419310074654 2.6065641023645227
27.87749999998038 4.303206349093313 -1.233826151647108 6.264307441954904e-05 -0.12429801673086335 0.1876540146171228 -0.007145614699973947 0.22520010207499866 2.6049216826758803
27.87799999998038 4.301172860013958 -1.224252437310147 6.276046067145765e-05 -0.12388513947621387 0.18767176994850746 -0.0068935337324902935 0.22497942533922397 2.603250853411085
27.878499999980377 4.299106766374059 -1.2146268144864498 6.28786943241549e-05 -0.12346972107951641 0.18768856664173303 -0.0066399991413266 0.22475733505289355 2.6015520046895917
27.878999999980376 4.29700840688588 -1.2049497770865765 6.299779455139846e-05 -0.12305178025745765 0.18770441685781522 -0.006385029486587115 0.2245338667862973 2.59982533336655
27.879499999980375 4.294878447464225 -1.1952206625056194 6.311752553051417e-05 -0.12263135875257508 0.18771934327163958 -0.006128554718799298 0.2243090750967953 2.5980711775475367
27.879999999980374 4.292716755326386 -1.1854415497224748 6.323820500090006e-05 -0.12220845553824634 0.18773333897500172 -0.00587070388939098 0.22408297198114663 2.5962895378894864
27.880499999980373 4.290523929978196 -1.175612292208659 6.335970917109765e-05 -0.12178310375238356 0.18774642564039376 -0.005611446065903757 0.22385560754034792 2.594480723470854
27.88099999998037 4.288300347620489 -1.165733344184297 6.348204265669243e-05 -0.1213553245526823 0.18775861670616517 -0.005350795735361758 0.22362701974426316 2.5926449498401696
27.88149999998037 4.286045916325093 -1.155804889086764 6.360520875686307e-05 -0.12092512300070703 0.18776990599594018 -0.005088758419789613 0.22339722118396038 2.590782146938984
27.88199999998037 4.28376127484638 -1.145827838298039 6.372922001198552e-05 -0.12049253892843273 0.18778031499848705 -0.0048253639195717036 0.22316626710886928 2.58889271888472
27.882499999980368 4.281446974284476 -1.1358024457426303 6.385401863986986e-05 -0.12005760372701348 0.18778986331170225 -0.004560607280476677 0.22293420579638995 2.5869769596869174
27.882999999980367 4.279103268475195 -1.1257291886827727 6.3979640863305e-05 -0.11962033024209923 0.18779856046421506 -0.004294510225070458 0.2227010676618627 2.5850350004198646
27.883499999980366 4.276730536794009 -1.1156084908628758 6.410606456566443e-05 -0.11918074477701031 0.18780641855676689 -0.0040270807912988794 0.22246689227033767 2.583067043359231
27.883999999980364 4.274329198340386 -1.1054407695388169 6.423328300599293e-05 -0.11873887095797794 0.1878134525730469 -0.0037583293684314064 0.22223172024583954 2.581073324063187
27.884499999980363 4.271899582474299 -1.0952264895896082 6.436130457547819e-05 -0.11829472859190805 0.18781967393005372 -0.003488271755942255 0.22199558727071175 2.579054003018825
27.884999999980362 4.269442095439025 -1.0849660981101559 6.449012104287096e-05 -0.11784834236612178 0.18782509662463612 -0.003216919163969219 0.2217585337465146 2.577009309555385
27.88549999998036 4.266957148845484 -1.074660019233207 6.461972644157456e-05 -0.11739973524972686 0.18782973543898765 -0.0029442831195702745 0.22152059984316186 2.5749394543618385
27.88599999998036 4.264445184661526 -1.0643087030431562 6.475011220551884e-05 -0.1169489324721369 0.1878336060711264 -0.002670375052057223 0.2212818277197072 2.5728446652661137
27.88649999998036 4.261906506511931 -1.0539124846381558 6.488128383509345e-05 -0.11649594978389546 0.18783671989241485 -0.002395205976658186 0.22104225086544885 2.5707250952429894
27.886999999980358 4.259342689245809 -1.043471071417312 6.50131376598411e-05 -0.11604082409169154 0.18783914858868947 -0.0021187459851851258 0.22080196485301576 2.5685814800507325
27.887499999980356 4.256752442507805 -1.032986159141427 6.514580890439709e-05 -0.11558356701813925 0.18784082097359375 -0.0018410727529963814 0.2205609315757263 2.5664132555947745
27.887999999980355 4.254136751299367 -1.0224577631481895 6.527924506944829e-05 -0.11512420605345369 0.187841780601682 -0.0015621761038883371 0.22031921784816696 2.5642209018603856
27.888499999980354 4.251496024972884 -1.011886340473851 6.541345944724187e-05 -0.11466276100307204 0.18784204311807953 -0.0012820724349915534 0.22007686301233628 2.5620046114097734
27.888999999980353 4.248830710715341 -1.0012723459745814 6.554843695111666e-05 -0.11419925873831584 0.187841624023372 -0.001000772156194049 0.21983390993435764 2.5597646210306717
27.88949999998035 4.24614121019249 -0.9906161623975436 6.568415429716903e-05 -0.11373372504653591 0.18784053682013999 -0.000718281514886515 0.2195903991848779 2.557501112752373
27.88999999998035 4.2434282745347085 -0.9799172829964238 6.582041818378772e-05 -0.11326619835653724 0.18783880963326338 -0.00043454454963650437 0.21934639026788066 2.555214465015467
27.89049999998035 4.240691926363752 -0.9691776477155407 6.595753249784883e-05 -0.11279667796051784 0.18783644372267946 -0.0001496836379217514 0.21910189993357784 2.552904683550779
27.890999999980348 4.237932744815964 -0.9583971480330455 6.609537546194183e-05 -0.1123251976555838 0.18783345957036163 0.00013633047913113574 0.21885697875218918 2.5505720683546205
27.891499999980347 4.235151184745563 -0.9475762284857752 6.623394676312177e-05 -0.11185178033105396 0.18782987427966633 0.0004234842098949482 0.21861166888804823 2.5482168191388115
27.891999999980346 4.232347709705255 -0.9367153007225539 6.63732267527058e-05 -0.11137645287413225 0.1878257042514101 0.0007117696358477942 0.2183660139499196 2.5458391670758216
27.892499999980345 4.229522786879442 -0.9258148049159929 6.651322534880565e-05 -0.11089923598480224 0.1878209679097002 0.0010011713490553785 0.21812005609897422 2.5434393393741836
27.892999999980344 4.2266769078763105 -0.914875273605561 6.665391763916683e-05 -0.11042016237786695 0.18781568135489576 0.0012916786763454051 0.217873841606011 2.5410175682222946
27.893499999980342 4.223810511528969 -0.9038970469547485 6.679532418669728e-05 -0.10993924622199641 0.1878098635014167 0.0015832769008211805 0.21762740970297423 2.538574062879023
27.89399999998034 4.2209240972649065 -0.8928805536284639 6.693741133911639e-05 -0.10945651869585894 0.18780353135078307 0.0018759603847570258 0.21738080665092457 2.536109052472181
27.89449999998034 4.21801814586765 -0.8818262357402515 6.708018360639482e-05 -0.10897200198849806 0.18779670360161535 0.0021697146415905325 0.21713407554467384 2.533622776591113
27.89499999998034 4.215093144309852 -0.8707345380436691 6.722362883003376e-05 -0.10848572256605134 0.1877893980025995 0.002464528902100385 0.21688726081899387 2.531115454975903
27.895499999980338 4.212149680432104 -0.8596058784244076 6.736773386537954e-05 -0.10799770735913988 0.18778163743669943 0.002760392986965278 0.21664041156414227 2.5285873828157626
27.895999999980337 4.209188120703361 -0.8484407084312797 6.751249615669501e-05 -0.10750797933945287 0.18777343442665625 0.0030572942468955495 0.2163935658612476 2.5260387069652426
27.896499999980335 4.206208996559926 -0.8372394650631001 6.765790996511914e-05 -0.10701656366840699 0.1877648094335943 0.003355220561981576 0.21614676973308608 2.5234696772147607
27.896999999980334 4.203212850388544 -0.826002597064779 6.780397382661875e-05 -0.10652348495887447 0.18775578368052698 0.0036541582487092904 0.21590006953629962 2.5208805526264535
27.897499999980333 4.200200177579408 -0.8147304451941367 6.795065437711383e-05 -0.10602877113740036 0.18774637494865684 0.003954104253314864 0.2156535104182516 2.518271559882496
27.897999999980332 4.197171596604299 -0.8034235387883908 6.809796326553198e-05 -0.1055324476380046 0.1877366081407662 0.004255039529393909 0.2154071421797905 2.515643005343869
27.89849999998033 4.1941282115451815 -0.7920815596950247 6.824576358788385e-05 -0.10503455183581527 0.18772653026427824 0.004557002387167906 0.21516104088605864 2.512995386115525
27.89899999998033 4.191069583997767 -0.7807057083937431 6.839415283003505e-05 -0.10453509836505588 0.18771611403398894 0.004859936773023203 0.21491520477539794 2.5103284726695003
27.89949999998033 4.187996479524148 -0.7692965618531199 6.85431802188505e-05 -0.10403410763076314 0.18770539356926888 0.0051638140901498755 0.21466968882793155 2.507642637377308
27.899999999980327 4.184909476121294 -0.7578543677577844 6.869278429666587e-05 -0.1035316120541699 0.18769438967305083 0.005468639960800533 0.21442454298026392 2.504938146979644
27.900499999980326 4.1818091002677695 -0.7463795813912553 6.884297402197214e-05 -0.10302763366331213 0.18768312349695757 0.005774398115022921 0.21417981188110763 2.5022152391014076
27.900999999980325 4.178695935927869 -0.7348725726055638 6.899371278690167e-05 -0.10252220365356239 0.18767161652011422 0.006081085356152092 0.21393554517275556 2.499474176916504
27.901499999980324 4.175570549968828 -0.7233337974391753 6.914500203650262e-05 -0.10201534638186155 0.18765989130360422 0.00638868686708349 0.2136917897846742 2.4967152439619396
27.901999999980323 4.172433436926217 -0.7117636708223758 6.929682792972267e-05 -0.10150708781942408 0.1876479661912241 0.006697193110323269 0.2134485898028844 2.4939386262601806
27.90249999998032 4.169285160085467 -0.7001626217130255 6.944918417231786e-05 -0.10099745327346463 0.18763586327887194 0.007006591919752114 0.21320599214483427 2.491144607919815
27.90299999998032 4.166126216733458 -0.6885311048845645 6.960207001543807e-05 -0.10048646706551333 0.18762360154426141 0.007316869601481105 0.2129640403930047 2.488333403810407
27.90349999998032 4.162957310197786 -0.6768695553596391 6.975547699781706e-05 -0.0999741572062238 0.18761120962169595 0.007628014149988239 0.2127227883530185 2.4855053379573215
27.903999999980318 4.159778964695563 -0.6651782323108661 6.990935036222515e-05 -0.099460554092104 0.18759870610785537 0.00794002922721494 0.21248228259734708 2.482660652715987
27.904499999980317 4.156591774513402 -0.6534576210839549 7.006369357967534e-05 -0.09894568324346704 0.18758611467804504 0.00825289887933972 0.21224257111247447 2.479799613505852
27.904999999980316 4.15339622418879 -0.6417082608427648 7.021853567568476e-05 -0.09842956460132295 0.18757345491635402 0.008566600253027854 0.2120036952903385 2.476922440215369
27.905499999980314 4.150193002460693 -0.6299304432110592 7.037383636293019e-05 -0.09791222862083114 0.1875607539955223 0.00888113281237963 0.21176570891647656 2.474029440828387
27.905999999980313 4.146982603742187 -0.6181247431501906 7.052960060696919e-05 -0.09739370215699589 0.18754802994995987 0.009196477410603525 0.2115286551621799 2.47112085967065
27.906499999980312 4.143765663020693 -0.6062915363805081 7.068582011599262e-05 -0.09687400994905267 0.18753530878641744 0.009512623706116679 0.21129258353051647 2.4681969673354907
27.90699999998031 4.140542731979687 -0.5944312069154232 7.084247137811552e-05 -0.09635318012466224 0.18752261126280975 0.009829565075683652 0.21105754050622208 2.4652580371109787
27.90749999998031 4.13731438749871 -0.5825441849567469 7.099955076120119e-05 -0.09583123755362509 0.18750996033431327 0.010147288522593816 0.21082357263834572 2.4623043134035547
27.90799999998031 4.134081257968873 -0.5706309055774195 7.115705164283009e-05 -0.0953082091225814 0.18749738105209215 0.010465782067087846 0.2105907291924859 2.4593361008578056
27.908499999980307 4.130843898665992 -0.5586917977568302 7.131497213935185e-05 -0.09478411873491491 0.18748489553228498 0.010785032163046908 0.21035905527422447 2.456353648048917
27.908999999980306 4.127602953125013 -0.5467272340584762 7.147329425785995e-05 -0.09425899387687389 0.18747252947797058 0.011105030971364093 0.21012860097669725 2.4533572506142822
27.909499999980305 4.1243590168471735 -0.5347376298233276 7.163200570253109e-05 -0.09373286127078612 0.18746030626891688 0.011425767890434705 0.20989941372078827 2.450347194043267
27.909999999980304 4.121112534926609 -0.5227235134329576 7.179110952830559e-05 -0.0932057459240517 0.18744824192031667 0.011747225751110197 0.20967153308240008 2.4473236697898453
27.910499999980303 4.117864183433516 -0.5106852114828015 7.19505836995413e-05 -0.092677675055655 0.18743636391668758 0.0120693988264876 0.20944501034892987 2.4442870042138867
27.9109999999803 4.114614717278961 -0.4986231698233764 7.211044937668209e-05 -0.09214866912475841 0.18742470590585145 0.012392266562012168 0.20921989837466004 2.4412374715510676
27.9114999999803 4.111364733575594 -0.4865379998549885 7.227067299263326e-05 -0.09161876865665215 0.1874132870558883 0.012715818184622881 0.20899624629968436 2.438175513695481
27.9119999999803 4.108114599936671 -0.474429784106183 7.243125399675117e-05 -0.09108798136565838 0.18740212476578896 0.013040050505452254 0.2087740875520418 2.435101137685317
27.912499999980298 4.104864965459068 -0.46229912759754643 7.259220207192556e-05 -0.09055633751863322 0.18739124400913623 0.013364943111764015 0.20855347108226452 2.432014750992835
27.912999999980297 4.101616443634134 -0.45014641353567597 7.27534926778604e-05 -0.09002386561974818 0.18738066859719837 0.013690488729551406 0.2083344446478055 2.428916626293738
27.913499999980296 4.098369620797234 -0.43797205722965626 7.291512645105941e-05 -0.08949058912781722 0.18737042242392637 0.014016673712637458 0.20811705332271777 2.4258070575820145
27.913999999980295 4.095125103768489 -0.42577651179511666 7.307709791613904e-05 -0.08895653472421616 0.18736052945286633 0.014343484844939155 0.2079013434889156 2.4226863228610496
27.914499999980293 4.0918834153520915 -0.413560190682428 7.323942066934575e-05 -0.08842172219729737 0.18735101141201374 0.014670906188440804 0.2076873561915375 2.419554699903558
27.914999999980292 4.088645276556815 -0.4013234627235759 7.340206362418764e-05 -0.08788618216231228 0.1873418969716153 0.014998931678859668 0.20747514387872482 2.416412540075514
27.91549999998029 4.085411512469132 -0.38906687027709697 7.356502763166943e-05 -0.08734994613595973 0.1873332199988065 0.015327543735811243 0.20726476304970293 2.413260285465551
27.91599999998029 4.082182204368328 -0.3767908671570981 7.372832450072684e-05 -0.08681302945705995 0.18732498053535587 0.015656726010119876 0.20705623266504147 2.4100979132485323
27.91649999998029 4.078958203784718 -0.36449586326080785 7.389194189034358e-05 -0.086275462367114 0.18731721423000997 0.015986467730692747 0.20684961035509647 2.406925883178723
27.916999999980288 4.075740060790071 -0.35218224482899246 7.405587412938402e-05 -0.08573726801421495 0.18730994316561908 0.01631675718786267 0.20664493824039448 2.403744469241077
27.917499999980286 4.072528428126924 -0.3398505199050467 7.422013571843086e-05 -0.08519847096837987 0.18730319431274697 0.016647575104229873 0.2064422626594649 2.4005540210429688
27.917999999980285 4.069323882070009 -0.3275009738003959 7.438468812293256e-05 -0.08465909922415954 0.18729698969452332 0.01697892019544149 0.2062416280993719 2.397354823203438
27.918499999980284 4.066126970604299 -0.3151341729336637 7.454955340170312e-05 -0.08411917584456179 0.18729135126427857 0.01731076939726968 0.20604307496320554 2.394147162113039
27.918999999980283 4.062938297368394 -0.30275060100304585 7.471471823529398e-05 -0.08357873060510926 0.18728630186123088 0.01764311043840477 0.20584664782395476 2.390931359621458
27.91949999998028 4.059758289650377 -0.2903504580771181 7.488018024450929e-05 -0.08303777742139762 0.1872818599216338 0.01797593661226431 0.2056523810508407 2.3877076603997818
27.91999999998028 4.056587796401629 -0.2779344101471778 7.504595464378554e-05 -0.0824963488214027 0.18727806028022884 0.018309222767275337 0.2054603296734659 2.384476537123766
27.92049999998028 4.053427323399333 -0.26550285205922014 7.521203045146608e-05 -0.08195446928292381 0.18727492227407525 0.018642958695355455 0.20527053236430054 2.38123823588812
27.92099999998028 4.050277392786111 -0.25305617710443334 7.537841738603683e-05 -0.0814121583851473 0.18727246756161192 0.018977129435480817 0.20508302728688763 2.3779930876347226
27.921499999980277 4.047138637923572 -0.24059489677425575 7.554509675911336e-05 -0.08086944791751696 0.18727071992659047 0.01931172200796945 0.20489785932317733 2.3747414303129504
27.921999999980276 4.044011659940032 -0.22811943409437177 7.571206635280286e-05 -0.08032636268124399 0.1872697036040331 0.019646723220769775 0.2047150706783814 2.371483625316189
27.922499999980275 4.0408970193496945 -0.21563027456497105 7.587934270711931e-05 -0.07978292431566987 0.18726944160714 0.019982113563525625 0.20453470031922594 2.3682199956660823
27.922999999980274 4.037795303300067 -0.20312785278450682 7.604690945766595e-05 -0.07923916098823504 0.18726995637897692 0.02031788239737849 0.204356789809923 2.364950892474279
27.923499999980272 4.0347071303434765 -0.1906125623228393 7.621475217524676e-05 -0.07869509905850648 0.18727127261109633 0.02065401932580147 0.20418138180431214 2.361676665909392
27.92399999998027 4.031632967034695 -0.17808500940299785 7.63828991524809e-05 -0.0781507605254285 0.18727340823330613 0.020990498960819837 0.20400850925548566 2.358397670695706
27.92449999998027 4.028573451252492 -0.16554561028543804 7.65513378292161e-05 -0.07760617270403927 0.18727638863850044 0.021327310241465836 0.20383821512509268 2.3551142465564148
27.92499999998027 4.025529138932699 -0.1529948392289928 7.672007344657595e-05 -0.07706135933583093 0.18728023593167548 0.02166443629324329 0.203670537076952 2.3518267678085554
27.925499999980268 4.0225005867600325 -0.14043316909360565 7.688909282321658e-05 -0.07651634870995616 0.18728497094994695 0.022001864453387768 0.20350551344632248 2.3485356020222756
27.925999999980267 4.019488376932626 -0.12786109812713115 7.705841283478096e-05 -0.07597116295680999 0.1872906176537593 0.02233957451609019 0.2033431819651123 2.345241114918348
27.926499999980265 4.016493084375168 -0.11527905997372612 7.722800800283094e-05 -0.07542583217964238 0.18729719728156338 0.022677557628786107 0.20318358174204765 2.341943708065175
27.926999999980264 4.013515229918768 -0.10268758223875846 7.73978853798737e-05 -0.07488038114716651 0.1873047297879892 0.02301579501730396 0.20302674725753533 2.338643744635508
27.927499999980263 4.010555303603094 -0.09008715895993952 7.756805952171705e-05 -0.0743348312803796 0.18731323450114495 0.023354267279067 0.20287271073484853 2.3353415618140545
27.927999999980262 4.007613937526317 -0.07747834004020965 7.773852634877883e-05 -0.07378921271121318 0.18732273556440737 0.02369295752883375 0.2027215119525717 2.3320376229748203
27.92849999998026 4.004691308540306 -0.0648610970320551 7.790924606143298e-05 -0.07324353567363824 0.18733323944774824 0.024031873742843893 0.20257316968333908 2.3287320182258937
27.92899999998026 4.001788417631316 -0.05223656241924383 7.80802450701495e-05 -0.07269784921259409 0.18734478386362383 0.024370973969166723 0.20242773943620176 2.325425530727595
27.92949999998026 3.9989057484249138 -0.03960504259764906 7.825151032186547e-05 -0.07215217411336901 0.18735738800609972 0.024710250315799813 0.2022852528990277 2.3221184702984057
27.929999999980257 3.9960437908394253 -0.026967071383242527 7.842303972795731e-05 -0.0716065372270735 0.18737106960647607 0.025049685870445603 0.20214574114073033 2.3188112542009978
27.930499999980256 3.9932030932578355 -0.014323126602128505 7.859481838523762e-05 -0.07106096681601966 0.18738584897731012 0.0253892676493204 0.20200923818861244 2.3155043031243334
27.930999999980255 3.99038416979292 -0.001673731841225635 7.876685852363785e-05 -0.07051548588085023 0.18740174621931432 0.025728975427028043 0.20187577470213036 2.312198030386819
27.931499999980254 3.9875875300101944 0.010980580716906533 7.893914671591116e-05 -0.06997012410902884 0.1874187792035577 0.026068794747876475 0.2017453819188725 2.308892865202003
27.931999999980253 3.9848136797608285 0.023639269812576982 7.911168579364009e-05 -0.06942490722909699 0.18743696679043437 0.026408706946368505 0.20161808962974107 2.3055891921662686
27.93249999998025 3.9820631404134947 0.036301807703893275 7.928446902491078e-05 -0.06887986302176562 0.18745632799847187 0.026748695727290907 0.20149392834445176 2.3022875004102183
27.93299999998025 3.97933641323533 0.048967625757159336 7.945750327282493e-05 -0.06833501734102158 0.18747688138121485 0.027088741033955942 0.20137292652744695 2.298988207592977
27.93349999998025 3.9766340150482637 0.06163625271455386 7.963076900247087e-05 -0.06779039858182014 0.18749864554223233 0.0274288307004692 0.20125511415526492 2.295691765067533
27.933999999980248 3.9739564535126544 0.07430712651269696 7.980425481335504e-05 -0.06724603606544875 0.1875216383473774 0.02776894791332886 0.20114051974481276 2.2923986447295635
27.934499999980247 3.9713042425753935 0.08697957809617969 7.997795868408555e-05 -0.06670196225592347 0.18754587697483288 0.02810907212251207 0.20102917120318228 2.289109319166741
27.934999999980246 3.968677732025502 0.09965310414620553 8.015189172540341e-05 -0.06615819711798074 0.1875713738100802 0.02844918382671085 0.20092108744307657 2.2858241709624005
27.935499999980244 3.9660772081487634 0.1123269873732078 8.032606314338153e-05 -0.06561476815914535 0.18759813561751437 0.028789258124544206 0.20081628338137159 2.282543573814677
27.935999999980243 3.963503202284466 0.12500114192731196 8.050043373203295e-05 -0.0650716946169459 0.18762618456418695 0.02912929841867389 0.20071478919302277 2.2792680187676746
27.936499999980242 3.960956609629234 0.1376746897970193 8.067500526122754e-05 -0.06452901983250417 0.18765555445017576 0.02946927544884822 0.2006166486412 2.27599820553941
27.93699999998024 3.9584376720832983 0.15034715899142578 8.084974851974271e-05 -0.06398677096726522 0.18768624986999105 0.029809179796705842 0.20052187523866394 2.2727345322548134
27.93749999998024 3.9559468547110175 0.163017930220354 8.102468482817135e-05 -0.06344497106603868 0.18771828822638503 0.030148986056291426 0.20043049031631166 2.2694774681067584
27.93799999998024 3.9534845990381977 0.17568648992365182 8.11997845255753e-05 -0.06290365132279223 0.18775168333241232 0.030488682928861734 0.2003425160334933 2.266227501617752
27.938499999980237 3.951051354473657 0.18835223021544348 8.137504544023395e-05 -0.06236284010834886 0.18778645020103704 0.03082825082489517 0.20025797301083595 2.262985129917162
27.938999999980236 3.9486475699453933 0.20101453902886743 8.155048198453212e-05 -0.06182256153709483 0.18782260504497694 0.03116766582454816 0.20017688046785018 2.2597508688511723
27.939499999980235 3.9462737779009007 0.21367291093103485 8.172603962856625e-05 -0.06128285354621012 0.18786016435325897 0.03150692212640409 0.20009926444512235 2.2565253073450973
27.939999999980234 3.9439303446743565 0.22632680722008658 8.190172070526881e-05 -0.06074373964749025 0.18789914032092797 0.0318460011126894 0.20002513998639088 2.253308856707373
27.940499999980233 3.9416175402090308 0.23897542365770238 8.207755962691841e-05 -0.06020524360153491 0.18793953986026987 0.032184869015830606 0.19995451431157113 2.250102001935552
27.94099999998023 3.939335865984847 0.25161830759133713 8.225350606205306e-05 -0.05966740008247691 0.18798137881698526 0.03252352092516557 0.19988741037871036 2.2469053031131607
27.94149999998023 3.9370857089838216 0.2642548562838202 8.242955465549094e-05 -0.05913023637864826 0.1880246692393325 0.03286193718656068 0.19982384245231766 2.2437192514494964
27.94199999998023 3.9348675762400473 0.2768846453412259 8.260568514376147e-05 -0.05859377612708137 0.18806943062956735 0.03320010462830923 0.19976383127455996 2.2405442979368484
27.942499999980228 3.932682071193783 0.28950703893562296 8.278188053963476e-05 -0.05805805406726515 0.18811568415376956 0.03353800529208799 0.19970740112897767 2.237381063625119
27.942999999980227 3.9305292896591744 0.3021210804771804 8.295814377151433e-05 -0.05752310859953829 0.18816342304362116 0.03387561160632637 0.19965454879904362 2.2342302251939903
27.943499999980226 3.9284095244056036 0.31472639569591354 8.31344748457178e-05 -0.056988954693181305 0.18821265815015362 0.03421290845510614 0.19960528236979483 2.2310921385583313
27.943999999980225 3.9263231380290673 0.32732237579158874 8.33108419287412e-05 -0.05645562599952001 0.18826339828509 0.03454988205645168 0.19955961312590992 2.2279673743910062
27.944499999980223 3.924270514681267 0.3399082407507128 8.348727467278686e-05 -0.0559231480261219 0.1883156557941836 0.034886500228318684 0.19951754960535542 2.224856478325483
27.944999999980222 3.9222518927445815 0.35248348431732557 8.36637388593629e-05 -0.05539155025170475 0.18836943426585268 0.03522275353437626 0.19947909657773152 2.2217599582941636
27.94549999998022 3.920267792467013 0.36504746795554 8.384021806975364e-05 -0.054860863591485384 0.18842475153468902 0.035558621613937094 0.1994442702009662 2.2186784216389555
27.94599999998022 3.9183184207597725 0.377599545172972 8.40167087249033e-05 -0.05433111503006861 0.18848161028998214 0.03589408445844256 0.19941307072763576 2.215612376328485
27.94649999998022 3.9164041238542797 0.3901390738338524 8.419320035029606e-05 -0.05380233353616905 0.18854001984117502 0.036229122065967206 0.1993855046419338 2.2125623778336263
27.946999999980218 3.9145252249396405 0.4026654436650323 8.436967361649549e-05 -0.05327454929496769 0.18859998794692207 0.03656371825173219 0.19936157741288352 2.2095290066532636
27.947499999980217 3.912682008643303 0.41517799196191885 8.454613007681646e-05 -0.05274778793640966 0.1886615217017955 0.03689784939706173 0.19934129073814524 2.206512758055558
27.947999999980215 3.9108747375840176 0.4276760251067221 8.472257022424551e-05 -0.05222207684949603 0.18872462649367241 0.03723149225177311 0.19932464466529137 2.2035142293918604
27.948499999980214 3.909103765883641 0.4401589324591015 8.489897429314283e-05 -0.05169744634033772 0.18878931165714546 0.037564630003003224 0.19931164436969914 2.2005339846796383
27.948999999980213 3.9073693195202996 0.4526261793285758 8.507528812135437e-05 -0.05117393012672672 0.18885557882158796 0.03789725547710507 0.19930228987482582 2.197572560554595
27.949499999980212 3.9056716888785683 0.46507697174697 8.525154134237712e-05 -0.050651552269232354 0.18892343577560666 0.038229335598747395 0.19929657907968265 2.1946305494018516
27.94999999998021 3.904011107210177 0.47751069887266884 8.542771699612658e-05 -0.05013034041535394 0.18899288631265673 0.038560852907006365 0.19929450941725374 2.191708450853117
27.95049999998021 3.9023878660344162 0.4899267112612634 8.560379300648291e-05 -0.04961032599034403 0.1890639361175181 0.038891790102863255 0.199296080549825 2.1888068886913152
27.95099999998021 3.9008021968868434 0.5023243113011068 8.577977629074563e-05 -0.04909153360915632 0.18913658975546382 0.03922212141055955 0.19930128716185005 2.1859263893069842
27.951499999980207 3.8992538896587883 0.5147029276100752 8.595563881855497e-05 -0.04857398801693611 0.18921082867881375 0.03955183613849064 0.19931010446818515 2.1830671821514285
27.951999999980206 3.8977438172317376 0.5270618233807097 8.613136797581416e-05 -0.048057726633798335 0.1892866872346212 0.03988090804256881 0.19932255737815033 2.1802304176149905
27.952499999980205 3.89627200772839 0.5394003087348984 8.630694412751301e-05 -0.04754277774138615 0.18936415815351498 0.040209318100894995 0.19933862990071755 2.177416424109316
27.952999999980204 3.8948386483114863 0.5517177343780384 8.648235751102938e-05 -0.047029168202479175 0.18944324299497062 0.04053704652579411 0.19935831339400661 2.1746257459074414
27.953499999980203 3.893443992292168 0.564013458682906 8.665759478939479e-05 -0.04651692602322934 0.1895239464524031 0.040864073806098127 0.19938160199369998 2.171858982296939
27.9539999999802 3.8920884018870843 0.5762874671426486 8.683264669633256e-05 -0.0460060564293211 0.18960628627621093 0.04119039814981676 0.19940850012819103 2.16911636672994
27.9544999999802 3.8907716870535944 0.5885380900915004 8.700750786456438e-05 -0.0454966180728631 0.18969023398241858 0.04151596942535153 0.19943897021820836 2.1663988877590503
27.9549999999802 3.8894941620049557 0.600764935877536 8.718215489961784e-05 -0.044988632164528634 0.1897757996377911 0.0418407769721505 0.1994730101287679 2.1637069786484227
27.955499999980198 3.888255937774709 0.6129673718504175 8.735657341246751e-05 -0.04448212454033647 0.18986298113669697 0.0421648021731421 0.19951060511169816 2.1610411725420176
27.955999999980197 3.887057228731953 0.6251446947062478 8.753074724863676e-05 -0.043977125308327605 0.18995178044164462 0.042488024192368475 0.199551744274778 2.1584020652963316
27.956499999980196 3.8858981032744095 0.6372961637813548 8.770468252319123e-05 -0.043473658686451616 0.19004219365524747 0.04281041682035318 0.19959640817714394 2.1557901520332736
27.956999999980194 3.8847789907667485 0.6494210817177297 8.787834289535584e-05 -0.042971762333446725 0.190134231765295 0.04313196335393291 0.1996445959944475 2.1532061621175407
27.957499999980193 3.8836995807708172 0.6615188195140622 8.805172039404276e-05 -0.04247145450557486 0.19022787279144432 0.04345264464564994 0.19969627027382902 2.1506504200074748
27.957999999980192 3.8826597750504703 0.6735879245674183 8.822488834190354e-05 -0.041972766961937344 0.19032310175293757 0.04377239902554773 0.19975139334620898 2.1481233519078407
27.95849999998019 3.8816601270398636 0.6856288587298053 8.839770066251186e-05 -0.04147572265042853 0.19041994067084256 0.044091267318143494 0.19980998280411932 2.1456257339617477
27.95899999998019 3.8807005963440777 0.6976405209663801 8.857018430072496e-05 -0.04098035305785951 0.1905183777560955 0.04440920902473663 0.19987200765931148 2.143158018948104
27.95949999998019 3.8797812377622187 0.709622276891108 8.87423236922244e-05 -0.04048668227831139 0.19061840835057894 0.04472620440959599 0.1999374462298195 2.14072074951481
27.959999999980187 3.8789020680968935 0.7215734624712454 8.891410748838977e-05 -0.039994735346142715 0.19072002564562476 0.04504223355225961 0.20000627450420666 2.138314386882689
27.960499999980186 3.8780634317995593 0.7334932757436946 8.908550007076216e-05 -0.039504552385576486 0.1908232353385268 0.04535727695060746 0.2000784830425842 2.1359396446027166
27.960999999980185 3.877265180138218 0.7453810676292674 8.925650203429306e-05 -0.03901615221058487 0.19092802376464865 0.045671312287594086 0.20015403857545497 2.1335969381956383
27.961499999980184 3.876507422514214 0.7572361091835647 8.942710744392056e-05 -0.0385295620007852 0.19103438824610325 0.04598431623564915 0.20023291932196224 2.131286807820278
27.961999999980183 3.8757901248544364 0.7690577248378093 8.95973019958648e-05 -0.03804480680347158 0.19114231924419328 0.04629626884624239 0.20031509688449878 2.129009742099697
27.96249999998018 3.8751130242253318 0.780845414009162 8.976703163140078e-05 -0.03756190954794415 0.1912517959518775 0.046607162893028235 0.20040053427235116 2.1267659559628878
27.96299999998018 3.87447660413023 0.7925982430935209 8.99362962377407e-05 -0.037080910664965334 0.19136283118286093 0.04691696844922478 0.2004892242055139 2.124556384435239
27.96349999998018 3.873880739058716 0.8043156149365509 9.010508200213056e-05 -0.03660183063463483 0.1914754120215943 0.04722566778517763 0.20058113349066944 2.1223814170854878
27.963999999980178 3.8733252909356226 0.8159967534948299 9.027337968982318e-05 -0.03612469501720363 0.1915895232776367 0.04753323677453739 0.20067622584178302 2.1202413391118253
27.964499999980177 3.8728103733240054 0.8276410314768513 9.044116516157097e-05 -0.03564953205769329 0.19170516220316683 0.04783965941164349 0.2007744788659581 2.1181368749579352
27.964999999980176 3.8723359072788224 0.8392477247173104 9.060841179985304e-05 -0.0351763710947503 0.19182231561293075 0.048144917383975305 0.2008758594764742 2.1160684419760636
27.965499999980175 3.8719018381345762 0.8508161602766515 9.077510599900303e-05 -0.034705236296721745 0.19194097313623662 0.04844899056844184 0.20098033556046663 2.114036483387899
27.965999999980173 3.871509073527639 0.8623463673909402 9.094120826280394e-05 -0.03423614715247011 0.19206117668468617 0.04875188500431915 0.20108793015202622 2.1120414597753867
27.966499999980172 3.8711564447403712 0.8738364921207792 9.110673439293987e-05 -0.03376914857383205 0.19218285060634968 0.04905354096902593 0.20119854210253105 2.1100839474332185
27.96699999998017 3.8708446570699424 0.8852857371842738 9.127168147096484e-05 -0.0333042765037696 0.1923060208834321 0.04935393003029991 0.20131217278370003 2.1081647308960187
27.96749999998017 3.870572032971294 0.8966952743878505 9.143595953956789e-05 -0.032841484763585865 0.19243061379131682 0.04965310819161845 0.2014287352853816 2.106282954886732
27.96799999998017 3.8703395580214375 0.9080632355197777 9.159957263390704e-05 -0.032380851392486795 0.19255665688330342 0.04995101413486951 0.20154823110133832 2.1044399240142826
27.968499999980168 3.8701473329704505 0.9193884660647816 9.176254092819965e-05 -0.031922412031226755 0.19268414435651016 0.05024760549831218 0.20167062685132375 2.102636230807368
27.968999999980166 3.8699951169719187 0.9306705996942695 9.192481920877846e-05 -0.031466185345161754 0.19281305783303726 0.050542879321570866 0.20179588385598235 2.1008721628680798
27.969499999980165 3.8698827535361957 0.9419089974154095 9.208637389886696e-05 -0.03101219820995033 0.19294338084219265 0.0508368217186344 0.20192396363750603 2.099148084627619
27.969999999980164 3.869810120684973 0.9531028976874931 9.224720935693749e-05 -0.03056047287450851 0.19307510002006587 0.05112940621143868 0.20205482654370402 2.0974644449087045
27.970499999980163 3.869777084112423 0.9642516416813195 9.240729737885861e-05 -0.0301110361829627 0.19320820004232153 0.05142061749798298 0.2021884343069091 2.09582158480787
27.97099999998016 3.8697835595550014 0.9753545289550822 9.256662163057875e-05 -0.029663914123937155 0.19334266843555598 0.051710435876949054 0.20232474988868196 2.0942199609015653
27.97149999998016 3.8698293514070823 0.9864109030704403 9.272515881232217e-05 -0.029219130695175677 0.1934784875070724 0.05199884423451428 0.20246373138992427 2.0926599061326976
27.97199999998016 3.8699149563223862 0.9974192489121851 9.288289396540108e-05 -0.028776748586106394 0.19361566391704504 0.05228579716064646 0.20260535816693095 2.091142298970793
27.97249999998016 3.8700398373475893 1.0083801528117162 9.303979124542796e-05 -0.02833674648404266 0.19375417614096518 0.05257131888841918 0.2027495882684671 2.0896669669639345
27.972999999980157 3.870203363197219 1.0192924171024311 9.319583935785064e-05 -0.027899159390260986 0.19389398018053378 0.0528553750742503 0.20289635117264207 2.088234216710281
27.973499999980156 3.870405596493669 1.0301553790076339 9.33510322754212e-05 -0.027464012024308135 0.1940350716545035 0.053137945403772965 0.20304561613138564 2.086844504321325
27.973999999980155 3.8706463979037142 1.0409683640835417 9.350533923394095e-05 -0.0270313315848717 0.19417743480336425 0.053419013838877455 0.20319734278179977 2.0854981300869353
27.974499999980154 3.8709255071544306 1.0517307138158598 9.365874642684093e-05 -0.026601140589392183 0.19432104907768327 0.05369856292781184 0.2033514850101178 2.084195448875723
27.974999999980152 3.8712426950722385 1.0624416865919264 9.381124658803576e-05 -0.02617346205117619 0.1944658953361476 0.05397656987891558 0.2035079965517997 2.0829367431643226
27.97549999998015 3.87159782212949 1.0731006597806676 9.396282073452698e-05 -0.025748319322499786 0.19461195895974198 0.05425301869138719 0.2036668371512891 2.0817223182481177
27.97599999998015 3.8719908089326704 1.0837070140359768 9.411344091585603e-05 -0.025325737904628297 0.19475922791102984 0.05452789454007656 0.20382796947398585 2.0805525232460313
27.97649999998015 3.87242120151776 1.0942600755991092 9.426308560833501e-05 -0.024905741387898427 0.19490767123712868 0.054801182923233736 0.20399133783312282 2.079427530263804
27.976999999980148 3.8728893066591725 1.1047589572064052 9.441169277815513e-05 -0.024488378706028994 0.1950572898942502 0.0550728681574299 0.2041569196466902 2.078347951049311
27.977499999980147 3.8733942219086144 1.1152032524335078 9.455932364948373e-05 -0.02407363545557355 0.1952080408240742 0.055342924071513096 0.2043246396575962 2.07731363971916
27.977999999980145 3.873935972176126 1.125592093423081 9.470591753017781e-05 -0.023661552329112358 0.19535991281940435 0.05561133257323684 0.2044944617978681 2.0763248877576768
27.978499999980144 3.8745139011692196 1.1359243515331447 9.485156396374497e-05 -0.023252143217273306 0.19551286707792492 0.055878044989766514 0.20466631200347873 2.075381852120322
27.978999999980143 3.8751282604221746 1.1462003159298708 9.499613786145666e-05 -0.022845428108452113 0.19566691069300196 0.0561430936815913 0.2048401828102621 2.074484996392519
27.979499999980142 3.875778552494386 1.1564191053373398 9.513962961542184e-05 -0.02244143325629561 0.19582200950158934 0.056406454231482155 0.20501601257171503 2.0736344157599813
27.97999999998014 3.876464504578297 1.166579975234177 9.528203713861894e-05 -0.022040180976617713 0.19597814231814006 0.05666810406963796 0.20519375200721524 2.07283027335027
27.98049999998014 3.8771858698506434 1.1766822784339475 9.542335155262167e-05 -0.02164169231073009 0.19613528963261173 0.05692802521061869 0.20537335450277294 2.072072823584807
27.98099999998014 3.877942578794139 1.1867250882050813 9.556355991642169e-05 -0.021246001702764798 0.19629343723246676 0.05718619178694297 0.20555477766275165 2.071362354831222
27.981499999980137 3.8787338924851595 1.1967082546123093 9.570265322766834e-05 -0.02085310606046111 0.19645254722509767 0.057442601950280565 0.2057379592161263 2.070698738745054
27.981999999980136 3.8795600939299506 1.206630989394433 9.584056490525385e-05 -0.020463051683100666 0.19661262035879376 0.05769724441358803 0.2059228762946403 2.070082421700336
27.982499999980135 3.880420641332219 1.2164928019162935 9.597733530821603e-05 -0.020075838875480347 0.19677362803537352 0.0579500962673159 0.20610947007391234 2.0695133780148876
27.982999999980134 3.8813149585483107 1.2262928008790557 9.61129381858788e-05 -0.01969149654360692 0.19693553112524217 0.058201136321981484 0.2062976750350764 2.068991705547484
27.983499999980133 3.882243222784179 1.236030635387227 9.624737051914147e-05 -0.01931004012587168 0.197098334162461 0.05845035387961343 0.20648746898524364 2.0685177018348115
27.98399999998013 3.8832043827144567 1.2457055557561327 9.638062653363852e-05 -0.018931482368869625 0.1972619780208324 0.05869772875878467 0.20667876610531147 2.0680911261631874
27.98449999998013 3.8841982972743194 1.255317132560079 9.651267871388033e-05 -0.018555842534596894 0.19742644941302276 0.05894325340181922 0.20687152859103802 2.067712132602577
27.98499999998013 3.885224754527818 1.2648645885470806 9.664352719266226e-05 -0.01818314533581634 0.19759172959109633 0.05918690488889571 0.20706570958860268 2.0673808828923503
27.985499999980128 3.8862832705157437 1.2743473741100533 9.677316014969425e-05 -0.01781340732185752 0.1977577881709991 0.05942867080499353 0.20726125343717394 2.0670974227408476
27.985999999980127 3.88737357411065 1.2837649454069324 9.690155668054709e-05 -0.017446647163967315 0.19792460510603951 0.05966853784703928 0.20745811435672795 2.0668617415046886
27.986499999980126 3.8884952413372593 1.2931166933446405 9.702871585193426e-05 -0.017082881258781234 0.1980921531608068 0.05990648899836409 0.20765623852920306 2.0666738412040373
27.986999999980124 3.8896478739888805 1.3024020772949019 9.715462707062183e-05 -0.016722125919777238 0.1982604064343437 0.06014251110112488 0.20785557460972023 2.066533737992804
27.987499999980123 3.8908310936337664 1.3116204657290897 9.727927606812325e-05 -0.01636440172706253 0.1984293387823576 0.06037658878898271 0.20805607082534805 2.066441436518383
27.987999999980122 3.892044504961704 1.3207713269376375 9.740265438711561e-05 -0.016009724154008767 0.1985989247310704 0.06060870868874656 0.2082576763068823 2.0663968734660276
27.98849999998012 3.893287719045016 1.3298541028741813 9.752475871758149e-05 -0.015658108739557763 0.19876913911063832 0.060838855730389906 0.20846034010973719 2.066400057326482
27.98899999998012 3.8945603122129064 1.3388682312533187 9.76455794711832e-05 -0.01530957191220213 0.19893995468410394 0.06106701577044722 0.20866400977877395 2.0664509105334647
27.98949999998012 3.895861710226426 1.347813325731562 9.776511851766883e-05 -0.014964119017034457 0.19911133967257869 0.06129317791759535 0.20886862881582524 2.0665492914212598
27.989999999980117 3.897191749440192 1.3566886144196575 9.788337920559014e-05 -0.014621775167139573 0.19928327780877855 0.061517319282923755 0.20907415357955267 2.066695215920954
27.990499999980116 3.898550179524834 1.365493175285624 9.800033593264108e-05 -0.014282576719266818 0.1994557447798584 0.061739418520743175 0.20928053402719812 2.066888837402645
27.990999999980115 3.8999361415789124 1.374227312826786 9.811595791881021e-05 -0.013946507545459381 0.1996287007929469 0.06195949341914042 0.20948771342909822 2.0671296326491273
27.991499999980114 3.901349370347954 1.3828901327536314 9.82302569053785e-05 -0.01361359416753826 0.19980212360948074 0.06217751577939945 0.20969564137939092 2.0674176352502878
27.991999999980113 3.9027895231888046 1.3914812029076582 9.834321503036258e-05 -0.013283851997336622 0.19997599062240956 0.06239347781442361 0.20990427252221464 2.067752728051041
27.99249999998011 3.9042560210555584 1.4000000105551955 9.845484660843004e-05 -0.012957288323251841 0.20015026925911297 0.06260736256816865 0.21011354895134543 2.068134686046728
27.99299999998011 3.9057484775340945 1.4084459597080692 9.856514121896976e-05 -0.01263392242957011 0.20032493336450996 0.06281915619914057 0.2103234207334594 2.068563404580062
27.99349999998011 3.9072663962052974 1.4168187019079777 9.867406389951714e-05 -0.012313768614540652 0.20049995265514997 0.06302885727844387 0.2105338375702022 2.069038644510206
27.993999999980108 3.908809399267893 1.4251176837459656 9.878161557833829e-05 -0.011996842222780807 0.20067530264600034 0.06323645091863293 0.21074475091960607 2.069560274377852
27.994499999980107 3.9103769837983835 1.433342410041034 9.888780668648048e-05 -0.011683152236248306 0.20085095422762098 0.06344192190460105 0.21095610755621833 2.0701280592305458
27.994999999980106 3.911968728725262 1.441492466684164 9.89926190065457e-05 -0.011372712137652783 0.20102688125376786 0.06364526285293684 0.2111678598925552 2.070741779487723
27.995499999980105 3.91358425662005 1.4495679468587368 9.909600224600059e-05 -0.011065519883435957 0.20120306480841843 0.0638464835311577 0.21137997179933044 2.0714007824492082
27.995999999980103 3.9152220594067293 1.4575692376702185 9.919797127952716e-05 -0.010761547411718978 0.20137943438768968 0.06404560546508375 0.21159236062861453 2.072104570745667
27.996499999980102 3.916883167686463 1.4654934706414335 9.929856255446752e-05 -0.01046090210470574 0.2015560110048574 0.0642425314848817 0.2118050020576012 2.07285404909564
27.9969999999801 3.91856658137614 1.4733412309788294 9.939775076382067e-05 -0.010163556301614722 0.20173275088949866 0.06443728808951121 0.21201784065137366 2.0736484816697396
27.9974999999801 3.9202717693099216 1.4811120623677136 9.949552880149598e-05 -0.009869521692339305 0.20190962267839122 0.06462986560651565 0.21223082414409586 2.0744875244640344
27.9979999999801 3.921998383586793 1.488805508043808 9.95918809093534e-05 -0.009578814813474244 0.20208660314981003 0.0648202558240924 0.212443908905293 2.0753710376763363
27.998499999980098 3.923745866991938 1.4964211354155013 9.96868028820874e-05 -0.009291445948145058 0.20226366010144173 0.06500844959382196 0.21265704240403455 2.0762985521392823
27.998999999980096 3.925513828992174 1.5039584833345083 9.97802948847638e-05 -0.00900742734435335 0.20244076935032876 0.0651944352657094 0.21287017929275953 2.077269824939684
27.999499999980095 3.9273017270908372 1.5114172777968156 9.987234445088994e-05 -0.008726765474253797 0.2026179005221197 0.06537820984734348 0.21308327097751598 2.0782845356474966
27.999999999980094 3.9291089830464947 1.5187972375815164 9.996294583766859e-05 -0.008449465160516794 0.20279502200788577 0.06555976891313418 0.2132962674605939 2.079342204735475
