#time drag lift perp forcex forcey forcez forces dp
26.000000000008793 4.375878714482501 -1.7815358129207666 3.40188555847357e-05 -0.14737386621513057 0.1844869453047287 -0.021309842573860385 0.23708352709875874 2.653533572020349
26.001000000008794 4.377400715608449 -1.7721465540694439 3.4120235316053134e-05 -0.14701680098188463 0.18467622429167238 -0.021075677721544176 0.23698825241137492 2.6549342159202887
26.002000000008795 4.378752874982078 -1.7624151276070312 3.4230063574413206e-05 -0.1466436568526933 0.1848614032784001 -0.02083217585160468 0.2368798853172255 2.6561811619732936
26.003000000008797 4.37993467009462 -1.75234474235164 3.434830039980753e-05 -0.14625455538023024 0.18504241637641036 -0.020579416506054878 0.23675853355606707 2.6572750182803206
26.004000000008798 4.380945783050504 -1.7419385421202438 3.4474879178635346e-05 -0.1458496237782929 0.18521920689617258 -0.02031747286195356 0.23662431629697947 2.6582164491628895
26.0050000000088 4.381785968082797 -1.731199696503746 3.460974151089586e-05 -0.14542898946788133 0.18539172192527872 -0.020046420525446283 0.23647735729230407 2.659006174867794
26.0060000000088 4.382454907118574 -1.7201315234591088 3.4752850251685615e-05 -0.14499277994136575 0.18555990478715584 -0.019766343553472402 0.23631777935063955 2.659644849458446
26.0070000000088 4.3829528202819255 -1.708737520678925 3.490413468380491e-05 -0.14454114189424472 0.18572372122225433 -0.01947732734119186 0.23614573594517807 2.6601335297955977
26.008000000008803 4.3832796702525565 -1.6970209656530555 3.506354215030269e-05 -0.14407420828320658 0.18588312780029997 -0.019179452328107655 0.23596136566154552 2.6604730304403565
26.009000000008804 4.383435530380372 -1.6849853386899725 3.523100722466286e-05 -0.14359212285499862 0.18603808366232233 -0.01887280357248846 0.23576481720867512 2.6606642636348843
26.010000000008805 4.38342083636457 -1.6726340879252124 3.540646805015454e-05 -0.14309503211771932 0.1861885662018961 -0.01855746667281361 0.23555625648749295 2.660708289406151
26.011000000008806 4.383234696653008 -1.6599702164424213 3.558990170933154e-05 -0.1425830433550187 0.18633449526458828 -0.018233516170307 0.2353357803008732 2.6606053989382934
26.012000000008808 4.38287906014525 -1.6469980033719387 3.578119087385783e-05 -0.142056361720014 0.18647590980894996 -0.017901057978522456 0.23510364250890187 2.66035758851548
26.01300000000881 4.382353948551038 -1.6337207406296899 3.598028683128041e-05 -0.14151512094102897 0.18661276971475577 -0.017560173810577076 0.23485999016397877 2.659965601670076
26.01400000000881 4.381659880157574 -1.6201420613675834 3.618713079350357e-05 -0.14095947507694354 0.1867450547053948 -0.01721095517962196 0.2346050000513274 2.6594305546645645
26.01500000000881 4.380797768447862 -1.606265471489241 3.64016501859163e-05 -0.14038958076559221 0.18687276460821173 -0.016853489258255975 0.23433886711348803 2.658753624106124
26.016000000008813 4.379768092746356 -1.5920947735752742 3.6623791267649884e-05 -0.13980559659276698 0.18699587586673772 -0.01648787363517599 0.23406177049410998 2.657935906275652
26.017000000008814 4.378571714917988 -1.5776336370839439 3.685347694384032e-05 -0.1392076862699467 0.18711438360992108 -0.01611419829222654 0.233773907562315 2.656978560788463
26.018000000008815 4.37720961182677 -1.5628856647195843 3.7090645420651934e-05 -0.13859600831595062 0.18722829057137785 -0.015732555855451538 0.2334754797085558 2.655882833566947
26.019000000008816 4.375682790417822 -1.5478546387606948 3.7335226559805395e-05 -0.13797073086412995 0.18733759827830873 -0.01534304147599814 0.23316669407443544 2.6546499429642747
26.020000000008817 4.37399233834533 -1.5325442203087627 3.758715816101557e-05 -0.13733201667294262 0.18744231423483015 -0.01494574906785735 0.2328477601016715 2.6532811149476894
26.02100000000882 4.372139419005453 -1.5169582443503056 3.7846373179956294e-05 -0.13668003625433822 0.18754244754007615 -0.014540777630084576 0.2325188941868961 2.651777633045687
26.02200000000882 4.370125770223963 -1.5011013547433014 3.811281902888732e-05 -0.1360149936149011 0.18763802723163428 -0.014128254255657564 0.23218035084768396 2.6501411420345304
26.02300000000882 4.367952151598012 -1.4849761313293508 3.838640285697812e-05 -0.13533701566653628 0.18772905496188927 -0.013708233183015627 0.23183231341512395 2.648372454298767
26.024000000008822 4.365620040261721 -1.4685864396839474 3.866704900788299e-05 -0.13464628047882887 0.18781555425742857 -0.013280812717862902 0.23147501647965274 2.646472905381331
26.025000000008824 4.363130982015945 -1.4519361937649262 3.8954688623875696e-05 -0.13394296687058993 0.18789755211517709 -0.012846094771433364 0.23110869870225198 2.644443845330348
26.026000000008825 4.360485110712017 -1.4350275509456312 3.924924119739085e-05 -0.13322717757425917 0.18797502499343527 -0.012404120080132256 0.23073351091821956 2.6422855866220774
26.027000000008826 4.3576863314505525 -1.4178664415118292 3.955064841457202e-05 -0.13249918793138488 0.18804809402080025 -0.011955063142386313 0.2303498296115511 2.6400009886686537
26.028000000008827 4.3547358313778615 -1.4004562340324713 3.985884759345875e-05 -0.13175915232524774 0.18811677518706163 -0.011499008942233725 0.22995787121753603 2.6375910182737927
26.02900000000883 4.351634957282481 -1.3828011886415716 4.017381621041711e-05 -0.13100725008427777 0.1881810851217578 -0.011036078187462349 0.22955786937939315 2.635056866059953
26.03000000000883 4.3483860740124705 -1.3649043773455762 4.049540817805361e-05 -0.1302436557370368 0.18824109562221228 -0.010566335809438207 0.22915009795598265 2.6324000073054057
26.03100000000883 4.344990887987637 -1.3467706274676419 4.0823637665648635e-05 -0.12946856538949297 0.1882968371301312 -0.010089928219242029 0.22873481359140335 2.6296218399416142
26.032000000008832 4.341451776098245 -1.328402610749802 4.1158343488234364e-05 -0.12868214287640084 0.18834838557597872 -0.009606905158648276 0.22831228804220602 2.6267237220743818
26.033000000008833 4.3377719282599685 -1.309804360139026 4.149942913798365e-05 -0.12788459629521895 0.18839584584524338 -0.009117373409826055 0.22788284533775252 2.623707613884261
26.034000000008835 4.33395182565517 -1.2909799157832955 4.1846910233759045e-05 -0.12707607893774797 0.18843919749725388 -0.008621451811174245 0.22744667599886836 2.62057404623623
26.035000000008836 4.329994467102597 -1.2719335728374968 4.220069069763903e-05 -0.12625680639270936 0.18847853327059164 -0.008119254065261393 0.227004098973776 2.6173248360715577
26.036000000008837 4.325902474358362 -1.2526682837366498 4.256066211650452e-05 -0.1254269433743336 0.18851394178883107 -0.007610851050746131 0.2265554003477024 2.613961447938981
26.037000000008838 4.321678102729777 -1.2331881536148461 4.292677079992133e-05 -0.12458668019903847 0.1885454846893142 -0.007096357681006555 0.2261008601754595 2.6104852343059184
26.03800000000884 4.317324311428176 -1.213496962882494 4.3298917676070026e-05 -0.12373621434261323 0.1885732582981956 -0.00657587141829949 0.22564079101516446 2.606897823552189
26.03900000000884 4.312843865478613 -1.193598501357045 4.367701576481381e-05 -0.12287573747198588 0.18859735056894705 -0.006049493528056423 0.22517549572024195 2.6032007271216617
26.040000000008842 4.308240096536877 -1.1734964846028835 4.40609603750153e-05 -0.12200544982772187 0.18861787697288984 -0.00551732078146739 0.22470530507762956 2.599395720997725
26.041000000008843 4.303514733089319 -1.1531947839927807 4.445073017785177e-05 -0.12112552022497855 0.18863487811120838 -0.004979465918406782 0.22423047065605226 2.595483749239153
26.042000000008844 4.298671065778271 -1.1326972691203692 4.4846217096328054e-05 -0.12023615460220627 0.18864846536454624 -0.004436029882260568 0.22375132339058992 2.5914665783120925
26.043000000008846 4.293712959665038 -1.1120073709565452 4.524730577866033e-05 -0.11933754820299826 0.188658784000468 -0.0038871045865516794 0.22326821711498698 2.5873458132820772
26.044000000008847 4.288642510859309 -1.091129124057407 4.5653949836134385e-05 -0.1184298881341779 0.18866588819374633 -0.0033328014135480363 0.2227814250261256 2.5831229277470307
26.045000000008848 4.283463179557446 -1.070066262246483 4.6066062292635354e-05 -0.11751337036095771 0.1886699017064106 -0.00277322526112737 0.22229128368392495 2.5787994159015666
26.04600000000885 4.278178570390172 -1.0488224678767635 4.648352352387995e-05 -0.11658819970144296 0.1886709530110956 -0.002208471244065384 0.2217981383262142 2.574377065079223
26.04700000000885 4.272792038693234 -1.0274014233850395 4.6906256924288405e-05 -0.11565456802777549 0.18866916149284438 -0.0016386433080514426 0.22130231981611798 2.5698574369448446
26.04800000000885 4.267307110728931 -1.0058069234767788 4.733416671442636e-05 -0.11471267682533542 0.18866465262936746 -0.0010638463858340446 0.22080416922088766 2.5652422164054185
26.049000000008853 4.261726035808392 -0.9840428158097594 4.776723871038317e-05 -0.11376269816909615 0.18865749379177016 -0.00048419733016964945 0.22030396252804718 2.5605324274342522
26.050000000008854 4.256053607320635 -0.9621125695205247 4.8205302192636003e-05 -0.11280485283999925 0.18864787120993792 0.00010021912296776783 0.219802102310619 2.555730286279127
26.051000000008855 4.250294018716481 -0.9400200319130914 4.864824223297266e-05 -0.111839356247978 0.18863594135209827 0.0006892975851041949 0.21929896284961137 2.550837758516906
26.052000000008857 4.24445086113868 -0.9177687484728314 4.9095984027895426e-05 -0.11086639645483704 0.18862183727728554 0.001282934843255193 0.2187948840410852 2.5458564617633765
26.053000000008858 4.238527929122178 -0.8953624919042574 4.954843154754241e-05 -0.10988617738556355 0.18860569793828552 0.0018810252142471373 0.2182902185876774 2.540788097000771
26.05400000000886 4.23252922051277 -0.8728049509139699 5.0005486502553215e-05 -0.10889890169051189 0.18858767344745697 0.0024834636515411175 0.21778532769090062 2.5356345010164967
26.05500000000886 4.226458745097528 -0.8500997923128197 5.046704807818352e-05 -0.10790477257534818 0.18856791438017065 0.0030901469813904496 0.21728057273164478 2.530397462737184
26.05600000000886 4.220320609054787 -0.8272507186698235 5.0933017670186e-05 -0.10690399475603607 0.18854657592104793 0.0037009695137183657 0.21677631919029244 2.5250788461205778
26.057000000008863 4.21411902843779 -0.8042613470389408 5.1403288139583464e-05 -0.1058967722866308 0.18852381924660475 0.0043158284213836605 0.21627293676975828 2.519680588822793
26.058000000008864 4.207858172049462 -0.7811354332748598 5.187776567895552e-05 -0.1048833111236749 0.18849980244454595 0.004934614510681722 0.2157707924958044 2.514204546151256
26.059000000008865 4.20154204928916 -0.7578766785094115 5.2356368621628594e-05 -0.1038638103961525 0.1884746774231372 0.0055572177066502216 0.21527024366689104 2.5086525545366665
26.060000000008866 4.195175410701802 -0.7344886585247037 5.283895382761984e-05 -0.10283848579520849 0.1884486298784049 0.006183540292038745 0.2147716844331268 2.503026841782075
26.061000000008868 4.188762426846926 -0.7109748540671692 5.332542319636906e-05 -0.10180753440720165 0.1884218207956186 0.006813482022002543 0.21427547725130355 2.4973292471768613
26.06200000000887 4.182307685744253 -0.6873393002811761 5.381567631814118e-05 -0.10077117623864382 0.18839442601477913 0.007446921624968912 0.21378200662274252 2.4915619848338464
26.06300000000887 4.17581531296618 -0.6635855531257367 5.430963336829941e-05 -0.09972960526928812 0.1883666050995427 0.008083751106598829 0.21329162926811857 2.485726986628812
26.06400000000887 4.169290114250407 -0.6397172151567265 5.480717581228178e-05 -0.09868303396082691 0.1883385477770681 0.008723866802456393 0.21280473590236587 2.4798264726981727
26.065000000008872 4.162736850690872 -0.6157380963272732 5.530815586235469e-05 -0.09763168442701005 0.18831043816307258 0.00936716055174459 0.21232171490929944 2.473862891636573
26.066000000008874 4.1561600518862 -0.5916518286758032 5.581248569270184e-05 -0.0965757594274392 0.18828245440295655 0.010013521230032763 0.2118429384058207 2.4678383786559976
26.067000000008875 4.149564343170358 -0.5674621769368784 5.632005459686045e-05 -0.09551547151168757 0.1882547765579893 0.01066283683038347 0.21136878266260103 2.461755244446323
26.068000000008876 4.14295442597677 -0.5431728161658775 5.683074866696752e-05 -0.09445103089838633 0.18822758941340426 0.011314997310904294 0.21089962498376993 2.4556158193337305
26.069000000008877 4.136334955369358 -0.5187875015563768 5.734444703862899e-05 -0.09338265123401857 0.18820107427247332 0.01196989123359102 0.2104358386894955 2.449422543551875
26.07000000000888 4.129710726614877 -0.4943098931445964 5.786103982536171e-05 -0.09231054252409857 0.18817542081993735 0.012627407880253395 0.2099778004733553 2.4431778351882487
26.07100000000888 4.123086430698816 -0.4697437799971883 5.8380409556509366e-05 -0.09123491810601546 0.18815081228404315 0.013287432291217476 0.20952587979018314 2.4368842238144657
26.07200000000888 4.116466874280631 -0.4450929236736523 5.890243559609295e-05 -0.09015599285195072 0.18812743743355795 0.013949851092646988 0.20908044888976413 2.430544264395524
26.073000000008882 4.109856685283837 -0.4203609284564397 5.9427003485636725e-05 -0.08907397182329041 0.18810547870901329 0.014614554132209634 0.2086418672491374 2.424160447811944
26.074000000008883 4.103260993656088 -0.3955519146599039 5.9953977022457994e-05 -0.08798908798458778 0.18808513617928857 0.015281416670442206 0.2082105178692871 2.417735712902669
26.075000000008885 4.096684387402478 -0.3706693135904021 6.048323491328728e-05 -0.08690154174426915 0.18806659162796535 0.015950335949862275 0.20778675140875635 2.4112725453740724
26.076000000008886 4.090131636516563 -0.3457170521301718 6.101465741872942e-05 -0.08581155091293416 0.1880500307977865 0.016621190077154915 0.2073709244631765 2.4047737873571013
26.077000000008887 4.083607629449783 -0.32069897348597565 6.154810439347748e-05 -0.0847193366879736 0.18803564465687148 0.01729386443832731 0.20696339632308586 2.398242319820236
26.07800000000889 4.077116983697638 -0.29561892992338523 6.208345717640015e-05 -0.08362511159842324 0.1880236125736306 0.017968239149202328 0.2065645075834917 2.3916809260072887
26.07900000000889 4.0706645148750065 -0.27048075820028017 6.262058397930779e-05 -0.08252909248127543 0.18801412293106992 0.018644196357784453 0.2061746046077208 2.3850925418075146
26.08000000000889 4.064255043725692 -0.24528833694888375 6.315933841411847e-05 -0.08143150038693026 0.1880073630783354 0.019321619231109324 0.20579403003160132 2.3784802149927895
26.081000000008892 4.057893411112873 -0.22004554810518873 6.369958273914001e-05 -0.08033255480549768 0.18800352182398236 0.020000388944185397 0.20542312220808442 2.3718470148618236
26.082000000008893 4.051584184077466 -0.19475631529599607 6.424118072770088e-05 -0.07923247174042461 0.18800277463260812 0.020680384180580828 0.20506220065510083 2.365195917957669
26.083000000008894 4.045332110776965 -0.16942459717549888 6.478399117596789e-05 -0.07813147253819046 0.1880053048169813 0.021361484140970194 0.20471158893676972 2.3585301274232435
26.084000000008896 4.039141857178604 -0.1440543189572296 6.532786568738687e-05 -0.07702977563732624 0.18801129217307883 0.022043567876088525 0.20437160077671102 2.351852825885959
26.085000000008897 4.03301794707029 -0.11864908118332372 6.58726540344292e-05 -0.07592758875482367 0.1880209122963869 0.02272652793713508 0.20404253788601195 2.345167074834204
26.086000000008898 4.026965174697122 -0.09321345040415716 6.641821510162365e-05 -0.07482515246440037 0.1880343448021125 0.023410220842928552 0.20372470813918273 2.338476403325054
26.0870000000089 4.020988019776565 -0.06775133575732135 6.696438580792465e-05 -0.07372268593671041 0.18805175931213622 0.024094530137764726 0.2034183988351892 2.331784104234183
26.0880000000089 4.015090961423116 -0.04226681189786085 6.751103207274627e-05 -0.07262040620488673 0.18807332598358725 0.02477932655431945 0.20312388921142935 2.3250935198319143
26.0890000000089 4.009278351989901 -0.016763978171964143 6.805799448705632e-05 -0.07151853580380156 0.18809920676399258 0.025464486119973397 0.20284144695332165 2.31840803395952
26.090000000008903 4.003554710727617 0.008752988901286844 6.860511979938955e-05 -0.07041729936781416 0.18812957142847167 0.026149879287597787 0.2025713402307264 2.3117312469747606
26.091000000008904 3.9979244449313187 0.03427995296768806 6.915223056738344e-05 -0.0693169241398389 0.18816458313152845 0.026835383125028204 0.20231382578740661 2.305066658600664
26.092000000008905 3.9923916939820687 0.0598126384876555 6.96991894807404e-05 -0.06821762933086993 0.18820439331498567 0.02752086201592972 0.2020691378233837 2.2984177627678752
26.093000000008907 3.986960659536333 0.08534682641758314 7.024582975027473e-05 -0.06711964001125524 0.18824915481823865 0.028206188677611908 0.20183750752706675 2.29178823031721
26.094000000008908 3.98163554903142 0.11087816852408916 7.079198453680167e-05 -0.06602318433990657 0.18829901986804948 0.028891230068379493 0.2016191581385891 2.2851817499504423
26.09500000000891 3.9764202873064662 0.13640228136706128 7.133749958217871e-05 -0.06492848575197503 0.18835412711393415 0.029575850656547067 0.2014142904685635 2.278601969915946
26.09600000000891 3.971318880668993 0.16191482225904774 7.188220137346261e-05 -0.06383577046035403 0.18841461867529571 0.03025991869882566 0.20122310205461907 2.272052678569092
26.09700000000891 3.9663352201963313 0.18741134565002332 7.242592146112763e-05 -0.06274526561270548 0.18848063016071998 0.03094329853940095 0.20104577594938314 2.2655376598627908
26.098000000008913 3.961473072171322 0.212887309136163 7.296849955509421e-05 -0.061657198888684345 0.18855229054050943 0.031625850753994614 0.2008824802684032 2.2590607176346413
26.099000000008914 3.9567361068343745 0.23833821193069543 7.350975942250632e-05 -0.060571796859536745 0.1886297238059178 0.032307438589735296 0.2007333700860904 2.25262578620233
26.100000000008915 3.952127310456368 0.2637604597349249 7.404950673593389e-05 -0.05948924905962907 0.18871302971377407 0.032987958583393824 0.20059856367613915 2.246236167762596
26.101000000008916 3.94765134958727 0.2891481316544987 7.458758599419732e-05 -0.05840983982584064 0.18880236669132142 0.033667223195890474 0.2004782406508159 2.239896629301625
26.102000000008918 3.9433111366472833 0.31449646048900803 7.512383206879377e-05 -0.057333795390807095 0.1888978187598983 0.034345089099661025 0.20037249105460053 2.233611188282302
26.10300000000892 3.9391095836170438 0.3398012882824644 7.565806720042989e-05 -0.05626131945059578 0.18899947709318587 0.03502143133451061 0.20028139968688435 2.2273835163334943
26.10400000000892 3.935049544392177 0.3650577630925545 7.619012659926297e-05 -0.055192638191932764 0.18910742272896963 0.03569610250750781 0.2002050358407733 2.2212175584905425
26.10500000000892 3.9311344241855246 0.3902608626691304 7.671981984831601e-05 -0.054127994641491456 0.1892217604120373 0.036368951977489364 0.20014348624244732 2.215117666513201
26.106000000008923 3.9273668418673884 0.41540599553939905 7.724695968436127e-05 -0.05306760659721796 0.18934256133161007 0.03703984462503098 0.20009679280642667 2.209087738213633
26.107000000008924 3.923749274637683 0.44048795611622216 7.77714115250262e-05 -0.052011701187732726 0.1894698861552271 0.0377086170076678 0.20006497598717196 2.2031319371733287
26.108000000008925 3.9202846711901387 0.4655019779147539 7.829295265451467e-05 -0.050960511394285875 0.18960381871471807 0.03837513212748787 0.20004807561826973 2.197254406218983
26.109000000008926 3.9169753623432584 0.49044287585477825 7.881139607418983e-05 -0.04991427048985021 0.18974440989696165 0.039039235433576826 0.20004608816199923 2.191459561589819
26.110000000008927 3.9138235337203833 0.5153055879288524 7.932658255993427e-05 -0.04887320195329969 0.18989170617484893 0.03970077408070925 0.2000589948134567 2.1857514077265017
26.11100000000893 3.9108313172145714 0.5400849233662236 7.983832855800589e-05 -0.04783753542700858 0.19004574914127706 0.04035959286778119 0.20008676442696696 2.1801342323380397
26.11200000000893 3.9080007140898863 0.564775970639761 8.0346448557503e-05 -0.046807490600578205 0.19020657668062452 0.04101554761320401 0.20012935350641722 2.1746120801977535
26.11300000000893 3.9053335409477183 0.5893734342028192 8.085075170479429e-05 -0.04578329925246441 0.1903742130653002 0.04166848355565568 0.2001866978909962 2.1691892704029754
26.114000000008932 3.9028306319442563 0.613871895442006 8.135109916516078e-05 -0.04476517724386872 0.1905486357706897 0.0423182381497913 0.20025867513755402 2.163869699336478
26.115000000008934 3.900494536056316 0.6382660206245071 8.18472398510875e-05 -0.043753372061408856 0.19072990245722643 0.04296465722177819 0.20034523959473577 2.1586582099034684
26.116000000008935 3.898326375659864 0.6625502952312236 8.233902316446985e-05 -0.042748109634747386 0.19091800270923837 0.04360757779702954 0.20044626580994998 2.153558894063273
26.117000000008936 3.8963267801111474 0.6867195035384828 8.282627698766917e-05 -0.04174959955917295 0.19111290502268977 0.044246847296012665 0.20056159907918464 2.1485756315857807
26.118000000008937 3.894496974074207 0.7107681785618745 8.330881161976519e-05 -0.04075807118885531 0.1913146031523209 0.044882306894933874 0.20069110398464815 2.143712702796773
26.11900000000894 3.892837713931736 0.7346908848568601 8.378643605582245e-05 -0.039773748461004566 0.19152306785813078 0.045513802336559044 0.2008346155212313 2.1389742948008146
26.12000000000894 3.8913496764801425 0.7584821055018933 8.425897966781083e-05 -0.03879685170015182 0.1917382667826424 0.0461411714544601 0.20099195594313024 2.1343644267313744
26.12100000000894 3.890033232046629 0.782136325075931 8.472626824592335e-05 -0.03782759928988841 0.1919601519694794 0.04676425565629096 0.2011629260556451 2.129887164355204
26.122000000008942 3.888888743524861 0.8056478289510458 8.518811833496738e-05 -0.036866217648237914 0.1921886726584812 0.04738289090761433 0.20134731747077975 2.1255465929489317
26.123000000008943 3.8879161668426896 0.8290108779328034 8.56443693136612e-05 -0.03591292666318086 0.19242375868565725 0.04799691243171131 0.20154489527449815 2.121346615744491
26.124000000008945 3.8871153240095597 0.8522207528240011 8.60947992588579e-05 -0.03496791444476116 0.19266534264203772 0.04860619184165394 0.20175542416831724 2.117290371252587
26.125000000008946 3.8864858120845946 0.8752715640446171 8.653930020110165e-05 -0.0340313993793255 0.19291333605136254 0.0492105597675022 0.201978638877511 2.1133822304681917
26.126000000008947 3.886027078074585 0.8981573414057451 8.697768485887665e-05 -0.03310360360728282 0.19316764099215655 0.049809845657553614 0.20221425969177373 2.109625843297584
26.127000000008948 3.885739178269349 0.9208725309296812 8.740976700711477e-05 -0.03218474660561819 0.19342819279670717 0.050403895299490346 0.20246203679709923 2.106025029034871
26.12800000000895 3.8856209163644624 0.9434118621787426 8.783538876415264e-05 -0.03127501784613884 0.19369487005423272 0.050992563075752076 0.20272165872357337 2.102582969162562
26.12900000000895 3.8856711998725926 0.9657696202633756 8.825439332792696e-05 -0.03037462383868848 0.1939675515706634 0.051575689714272746 0.20299280924496493 2.0993030234497274
26.130000000008952 3.885888608902967 0.9879409018990941 8.866660311102916e-05 -0.029483742856151664 0.19424610770661627 0.05215314608807594 0.20327516350715902 2.0961881741816693
26.131000000008953 3.8862722968907844 1.0099195098329983 8.9071886443047e-05 -0.02860259778636988 0.19453042512982222 0.05272475476149887 0.20356840291650966 2.0932417843562603
26.132000000008954 3.8868211673412394 1.0316996777428342 8.947006524030781e-05 -0.027731398449072554 0.19482038122940898 0.05329035611388096 0.20387219883313595 2.090467301663239
26.133000000008956 3.887532781230174 1.053276439440153 8.986102592853197e-05 -0.026870307979670067 0.1951157979186136 0.05384982027280808 0.20418616797362477 2.087866689195129
26.134000000008957 3.888405366241372 1.0746440501554957 9.02446258753875e-05 -0.026019523224808612 0.1954165209899803 0.05440298762223491 0.204509944322761 2.085442956850335
26.135000000008958 3.8894369011892014 1.095795840677449 9.062073424077663e-05 -0.025179268984190997 0.19572237456647618 0.054949669986956794 0.2048431344326524 2.08319915840493
26.13600000000896 3.890625563893754 1.1167288081471791 9.098919309838073e-05 -0.02434965748419418 0.19603322935387274 0.05548980694159837 0.20518540763154067 2.081136339647154
26.13700000000896 3.891969128858801 1.1374367833823593 9.134987622114348e-05 -0.023530894764038402 0.19634890447028489 0.056023228077880315 0.2055363651020021 2.079257210473775
26.13800000000896 3.8934649009275306 1.157914473278767 9.170267334958056e-05 -0.022723150922834626 0.1966692061099192 0.05654979348592323 0.20589559821197823 2.077563509012953
26.139000000008963 3.895110095635993 1.1781568486121639 9.204749099252879e-05 -0.021926584133022422 0.19699393931809892 0.05706937033446479 0.20626269718535545 2.076056717459138
26.140000000008964 3.8969017056858997 1.1981582639285024 9.238421481847902e-05 -0.021141373770321492 0.19732289092465988 0.057581810035654164 0.2066372324019653 2.0747385418131614
26.141000000008965 3.8988379585026345 1.217913483147646 9.271272558581039e-05 -0.020367704498801563 0.19765591096550753 0.05808697628721009 0.20701883812915683 2.073610633100876
26.142000000008967 3.9009149876450477 1.2374181726531355 9.303293978375578e-05 -0.019605696463428846 0.19799275977943548 0.05858476230986506 0.20740706505275258 2.072673395907956
26.143000000008968 3.9031298794306752 1.2566673886964372 9.334476383496626e-05 -0.018855506623940203 0.19833323627669627 0.05907504272174299 0.20780150002973763 2.07192778905613
26.14400000000897 3.9054792517456027 1.2756561304584926 9.364811673474403e-05 -0.018117286731879977 0.1986771163144214 0.05955769097786657 0.20820170791843742 2.0713744269048373
26.14500000000897 3.907959934495928 1.2943796858341328 9.394292007599905e-05 -0.017391180940808257 0.19902418938893324 0.06003258873724202 0.20860726940097926 2.07101365274023
26.14600000000897 3.910568287097828 1.3128333469638511 9.42291100753954e-05 -0.016677326430890222 0.1993742225109086 0.06049961879871543 0.20901774492492653 2.070845550181267
26.147000000008973 3.9133007615266235 1.3310125592108202 9.450662601941887e-05 -0.015975856751731986 0.1997269886506151 0.06095866935129178 0.20943270366271577 2.0708699444352967
26.148000000008974 3.916153520533217 1.3489132600151288 9.477539760753687e-05 -0.015286887491795869 0.2000822513110797 0.061409647496851294 0.20985171198869076 2.071086347125941
26.149000000008975 3.919123210373857 1.366530327264823 9.503540257348696e-05 -0.014610569193843802 0.20043978851943553 0.06185241915566719 0.21027434296483363 2.071494466280844
26.150000000008976 3.9222056892477064 1.3838597638344892 9.528659006010002e-05 -0.013947009664755036 0.20079935023796053 0.06228689324425783 0.21070015473320727 2.0720932740431097
26.151000000008978 3.9253974074762494 1.400897395049268 9.552890358963291e-05 -0.013296329914639266 0.2011607135972011 0.06271297141312102 0.21112873292756018 2.0728815051763227
26.15200000000898 3.928694128251295 1.417638958451658 9.576235405441545e-05 -0.012658641210249462 0.20152362261130644 0.06313055165447529 0.2115596327749518 2.073858179285576
26.15300000000898 3.932091824823746 1.4340805015618827 9.598690964449414e-05 -0.012034049538960478 0.20188783404077323 0.06353954327294589 0.21199242779239902 2.075021680432137
26.15400000000898 3.935586391035057 1.4502182067791847 9.620256298981992e-05 -0.011422653667841466 0.20225310277283381 0.06393985910160588 0.2124266936615715 2.0763701241840034
26.155000000008982 3.939173708856167 1.4660483109734468 9.640929819669147e-05 -0.010824552813280841 0.20261918311066396 0.06433141622447291 0.21286201028245189 2.0779015416493225
26.156000000008984 3.942850122262436 1.4815661764586554 9.660712759486845e-05 -0.01023987714827944 0.2029858438497617 0.06471409824247061 0.21329796623209477 2.0796142374784976
26.157000000008985 3.9466100420914243 1.4967702135061633 9.679606700482453e-05 -0.009668630736991278 0.20335279174747942 0.0650878948734308 0.2137341207923452 2.0815042901004954
26.158000000008986 3.950450389853996 1.511655881230737 9.697610091439618e-05 -0.009110952508240632 0.20371982342673436 0.0654526954843429 0.2141700988905626 2.083570203990865
26.159000000008987 3.9543665326032746 1.526220125070035 9.71472566364114e-05 -0.008566908517187468 0.20408667661950874 0.06580844004853545 0.21460548519727884 2.085808630994443
26.16000000000899 3.958354147451291 1.540459834779503 9.730955898042718e-05 -0.008036569313201526 0.20445310391911745 0.06615506468543293 0.215039881724347 2.0882165525725
26.16100000000899 3.962408990441497 1.554371878098466 9.746304354955228e-05 -0.007520006543858494 0.20481886185366976 0.06649250402855438 0.215472897974292 2.0907906567855967
26.16200000000899 3.9665267031315796 1.5679534537684092 9.760773969359974e-05 -0.007017281471213067 0.2051837041754962 0.06682070644684282 0.21590414889130527 2.093527392986654
26.163000000008992 3.9707030189109997 1.581201923742683 9.774368197956268e-05 -0.0065284486331217365 0.2055473917264324 0.0671396225073354 0.2163332609598493 2.096423061081109
26.164000000008993 3.9749334305070527 1.5941146299532543 9.787093765997074e-05 -0.006053558672143695 0.20590967377248331 0.06744920260033835 0.2167598538869896 2.0994734746323243
26.165000000008995 3.9792138499451553 1.6066886172585249 9.798954675965326e-05 -0.005592679755740313 0.2062703162588529 0.0677493873782637 0.21718356504696087 2.102675147578755
26.166000000008996 3.983539638046631 1.6189220097721275 9.809956422542372e-05 -0.005145835428448289 0.20662907009429202 0.06804015351272534 0.21760403194868366 2.106023487648854
26.167000000008997 3.9879070132447962 1.630813048398461 9.820106613363746e-05 -0.004713057522535704 0.20698572903181778 0.06832148209480492 0.2180209390165875 2.109514072970721
26.168000000009 3.9923107906990127 1.6423588071474735 9.829412695394789e-05 -0.004294389671520356 0.20734000885018306 0.06859330760198677 0.21843388679512532 2.1131423317127975
26.169000000009 3.996747197991465 1.6535575876400197 9.837880862280198e-05 -0.0038898629054885175 0.20769170384106797 0.06885561363265208 0.21884256991398734 2.116903777238079
26.170000000009 4.001211912452636 1.66440723018962 9.845518920684518e-05 -0.003499511885065512 0.2080405782440266 0.06910836470202822 0.21924665299915347 2.1207938840273957
26.171000000009002 4.005700793072636 1.6749063868624723 9.852335368683379e-05 -0.0031233451320961695 0.20838641409427616 0.06935155048789869 0.21964582950504863 2.124807400154557
26.172000000009003 4.010209291251574 1.6850534990469241 9.858341818967594e-05 -0.0027613674891325156 0.2087289731419807 0.0695851497082321 0.22003977467547273 2.1289392696176295
26.173000000009004 4.014733709411859 1.6948470357924954 9.863543015758637e-05 -0.0024136060564150337 0.20906805477925963 0.06980915093589857 0.22042820730970467 2.133184539989567
26.174000000009006 4.019269635136398 1.7042857483477656 9.867950751281452e-05 -0.002080057117997719 0.2094034306155682 0.07002354307064673 0.22081082395423904 2.137538180071635
26.175000000009007 4.02381312720315 1.7133681666789722 9.871574488272174e-05 -0.001760735072012904 0.20973489141301685 0.07022831081657116 0.2211873425496421 2.1419948190474214
26.176000000009008 4.028360116155164 1.7220935101546595 9.874422731494816e-05 -0.0014556290915722424 0.21006222896048762 0.0704234607064088 0.2215574930120118 2.146549048194656
26.17700000000901 4.032906779578726 1.7304612421282048 9.876508748246646e-05 -0.0011647174627758196 0.21038525170738148 0.07060900113016647 0.22192102591540577 2.1511969401546587
26.17800000000901 4.037449143887883 1.7384697000180236 9.877839168758258e-05 -0.000888024091416754 0.21070374534478417 0.0707849146239078 0.22227766650615285 2.155931279208629
26.17900000000901 4.041983351543136 1.7461185000820132 9.878425898561841e-05 -0.0006255230284305785 0.21101751765672377 0.07095121583689076 0.22262717503889295 2.1607474033265266
26.180000000009013 4.04650563189375 1.753407037877611 9.878279745472766e-05 -0.0003771983468319075 0.21132637783522845 0.07110791398089941 0.22296931555320695 2.1656397355980483
26.181000000009014 4.051012354723788 1.7603348483678705 9.87741088017089e-05 -0.00014303175353270515 0.21163014309182793 0.07125502261187518 0.22330386510441086 2.1706029711009895
26.182000000009015 4.055499868584328 1.7669015760406939 9.87583030142817e-05 7.700044632643396e-05 0.21192863123520464 0.07139255771823662 0.2236306060534824 2.1756316247442316
26.183000000009017 4.0599646353812195 1.7731070158205244 9.873548579426356e-05 0.0002829251586913638 0.21222166704241685 0.07152054009613604 0.22394933280666604 2.1807202228984934
26.184000000009018 4.064403141905572 1.7789509593738155 9.870576607844219e-05 0.0004747701353036578 0.21250907673599795 0.07163898919073003 0.22425984454230136 2.1858635059860614
26.18500000000902 4.068812130014988 1.7844335974169487 9.866924186522217e-05 0.0006525716699803193 0.2127907027774708 0.07174793801534061 0.22456196393816907 2.191056023667117
26.18600000000902 4.073188137382777 1.7895550329393202 9.862602729044132e-05 0.0008163687263290823 0.21306637758286395 0.07184741461544793 0.22485550627259487 2.1962923503662597
26.18700000000902 4.077528098547415 1.794315351063993 9.857623489329131e-05 0.0009661945187038792 0.21333595266403538 0.07193744552362939 0.22514030802898147 2.2015673548399928
26.188000000009023 4.081828746494065 1.7987149722600317 9.851996734344383e-05 0.0011020951508523102 0.21359927291108236 0.07201806925842805 0.22541620682989125 2.206875710611277
26.189000000009024 4.086086943010186 1.8027542533812977 9.845734087339824e-05 0.0012241151014779042 0.21385618947257856 0.07208932024126742 0.2256830483806019 2.2122119833857594
26.190000000009025 4.090299867009463 1.8064339073358364 9.838845454371278e-05 0.0013323064063076103 0.21410657243743014 0.07215124332949749 0.2259407030954298 2.2175714047290667
26.191000000009026 4.094464644401025 1.8097544792678808 9.83134128547552e-05 0.0014267158218264839 0.21435028750677693 0.07220387850197156 0.22618903895414927 2.22294887330827
26.192000000009028 4.098578342693439 1.8127169830632714 9.8232327710765e-05 0.001507409182335216 0.2145872031635437 0.07224727881614544 0.22642793409898176 2.22833929403521
26.19300000000903 4.102638064265876 1.815321941392853 9.814531198453256e-05 0.001574436148391689 0.2148171846272238 0.07228148024897062 0.22665726118378482 2.2337377701851873
26.19400000000903 4.106641360375545 1.81757029421 9.805246868131098e-05 0.001627851378798598 0.21504012229023256 0.07230653465554907 0.22687692489233838 2.2391395665230576
26.19500000000903 4.110585409815787 1.8194630757092511 9.79539178081021e-05 0.001667724597176267 0.21525589158281375 0.0723224906421175 0.22708681780130538 2.2445397813884016
26.196000000009033 4.11446773408917 1.8210014429923007 9.784975766784355e-05 0.0016941205983967834 0.2154643844154563 0.07232940401928745 0.22728685329758683 2.249933880066658
26.197000000009034 4.118285914915669 1.8221865068594023 9.774010805518471e-05 0.001707105782445725 0.2156654962780183 0.07232732570941063 0.22747694946800992 2.2553173378754945
26.198000000009035 4.12203731952785 1.8230196710240034 9.762508204236161e-05 0.0017067595401929862 0.21585911541613215 0.072316315920528 0.22765702335900095 2.260685450864982
26.199000000009036 4.125719840718042 1.8235021515641487 9.750478553741312e-05 0.0016931469907536815 0.21604515311468486 0.07229642855181324 0.22782701444830322 2.266033993886646
26.200000000009037 4.129331129816005 1.8236353449002318 9.737933332343701e-05 0.0016663442499082306 0.21622351145371307 0.07226772230420325 0.22798685772555097 2.271358634880569
26.20100000000904 4.132868963066724 1.8234208498954083 9.724883327162985e-05 0.0016264334039477382 0.21639410088159924 0.0722302608478323 0.22813650028901364 2.276655170606413
26.20200000000904 4.136331309741801 1.8228601954825472 9.711340245595806e-05 0.0015734935368506976 0.21655684089486052 0.07218410374361724 0.2282758989765274 2.281919605905083
26.20300000000904 4.139716154457609 1.821955000351752 9.69731508306153e-05 0.0015076057085012594 0.2167116524479293 0.07212931384382008 0.22840501548185124 2.2871479257194385
26.204000000009042 4.143021470038915 1.8207069145995871 9.682818721399257e-05 0.0014288524692820982 0.2168584562129849 0.07206595501834678 0.22852381390823243 2.292336246369228
26.205000000009044 4.146245394894871 1.819117825437294 9.667862740028599e-05 0.0013373250620270789 0.21699718431414444 0.0719940951236833 0.2286322728121869 2.297480855039564
26.206000000009045 4.149385991684709 1.8171894948868461 9.652457845107571e-05 0.001233109273064379 0.2171277630668022 0.07191380060265656 0.22873036696073254 2.3025779986480095
26.207000000009046 4.1524417119005905 1.8149238581347555 9.636614438637591e-05 0.0011162934424058695 0.21725013995338457 0.07182514041558151 0.2288180941633173 2.307624234988354
26.208000000009047 4.155410772322552 1.8123228692792905 9.620342929388051e-05 0.0009869686683319225 0.21736425095484563 0.07172818577633025 0.22889544411166668 2.312616052840253
26.20900000000905 4.158291665531571 1.8093890120109337 9.603653585307208e-05 0.0008452424906906567 0.21747005158303437 0.07162302188180679 0.22896243149014092 2.31755008742851
26.21000000000905 4.161082863447038 1.8061237865921118 9.586556916692564e-05 0.0006911888822421779 0.21756748572202136 0.07150970301182692 0.22901905206840895 2.322423264963631
26.21100000000905 4.163782884790236 1.8025295136763582 9.569063240106282e-05 0.0005249102703007876 0.21765650857748323 0.07138830827320124 0.22906532215733028 2.327232413538919
26.212000000009052 4.166390459395306 1.7986083418271166 9.551182141014558e-05 0.0003464993905300691 0.21773708330069128 0.07125891176285848 0.22910126584492427 2.3319745962416523
26.213000000009053 4.168904299082009 1.7943625597358717 9.532922910370581e-05 0.00015605426110035779 0.21780917370385341 0.07112159165940775 0.22912691090890072 2.3366469277336046
26.214000000009055 4.171323223935913 1.7897944313075678 9.514294544443204e-05 -4.632930176705504e-05 0.21787274854105665 0.07097642491323858 0.22914229115705223 2.341246658660153
26.215000000009056 4.173646120651254 1.784906295341859 9.495306978193156e-05 -0.0002605512416219819 0.2179277813503327 0.0708234882184062 0.2291474465374874 2.3457711367537675
26.216000000009057 4.175871878774318 1.7797004356329802 9.475969861108809e-05 -0.0004865141548633931 0.217974244907984 0.07066285735946268 0.22914241761278606 2.350217769521409
26.217000000009058 4.177999523054834 1.7741793177465304 9.456291872163881e-05 -0.000724116645147899 0.2180121202688416 0.07049461361449921 0.22912725607768528 2.3545840643946643
26.21800000000906 4.18002812685703 1.7683453540386664 9.436282238123134e-05 -0.0009732581148218934 0.21804139072116488 0.07031883487137201 0.22910201622125684 2.3588677432510927
26.21900000000906 4.1819571518434495 1.7622010030749915 9.415947798461954e-05 -0.0012338459031477908 0.2180620574763478 0.07013560368191901 0.229066772340202 2.3630666119576635
26.220000000009062 4.183785282445504 1.7557486906675326 9.395300423177644e-05 -0.0015057682861993721 0.21807408668322442 0.06994499406861704 0.22902156408537838 2.3671782941471853
26.221000000009063 4.1855120018333105 1.7489909823170136 9.374347540267461e-05 -0.0017889262860141147 0.21807748246980266 0.06974708884437777 0.2289664713880384 2.371200852722326
26.222000000009064 4.187136547284479 1.741930357355084 9.353098626483789e-05 -0.0020832171765415575 0.21807223719207738 0.06954196560237647 0.22890156270240797 2.3751322105985526
26.223000000009066 4.188658330954489 1.7345693723142308 9.331562119173161e-05 -0.0023885384991183915 0.21805835212890684 0.06932970427054613 0.22882691699967792 2.37897055235837
26.224000000009067 4.190076778442769 1.7269104982153625 9.309747026634872e-05 -0.002704789850252587 0.21803582869483984 0.06911038106377239 0.22874261354972625 2.382714018134159
26.225000000009068 4.191391300623293 1.718956513464809 9.287661997842897e-05 -0.003031860193901151 0.21800467069423377 0.06888408200015857 0.22864873796664884 2.386360827779301
26.22600000000907 4.1926015795247835 1.7107098348248784 9.265315218397489e-05 -0.003369654100451204 0.2179648912273162 0.06865088041287429 0.22854538227222013 2.3899095376704613
26.22700000000907 4.193707071553892 1.7021736707775248 9.242712808884177e-05 -0.0037180504156168258 0.217916499551847 0.06841087934603805 0.2284326445338349 2.3933583437245245
26.22800000000907 4.194707365855686 1.6933499138304808 9.219868780206854e-05 -0.004076958518986487 0.21785950219624545 0.0681641246819597 0.22831060461927552 2.396705903463195
26.229000000009073 4.195602215525724 1.684241542828335 9.196790078931714e-05 -0.004446265565924753 0.2177939212594103 0.06791070794218143 0.22817937169744598 2.3999508306723847
26.230000000009074 4.19639131423987 1.6748511306983838 9.17348441375656e-05 -0.004825870778631296 0.21771977189036384 0.06765070706262766 0.22803904548747256 2.4030917756204673
26.231000000009075 4.197074288404105 1.665181399261426 9.149962635511618e-05 -0.005215660182507614 0.21763706966826032 0.06738419799702274 0.2278897262814376 2.4061273846783067
26.232000000009077 4.197651086824957 1.655235031160529 9.126231450348743e-05 -0.0056155331723354894 0.21754584296374535 0.0671112618412843 0.22773152937076055 2.4090565524853584
26.233000000009078 4.19812155722969 1.6450148074793434 9.102300760519436e-05 -0.006025377013200183 0.21744611843254982 0.06683197598154975 0.22756456798704874 2.4118781850439177
26.23400000000908 4.19848551994803 1.634523793830362 9.078177474295586e-05 -0.006445075073006681 0.2173379225710142 0.0665464326353211 0.2273889603227654 2.4145910997686126
26.23500000000908 4.19874302747112 1.6237647907201875 9.053868454759525e-05 -0.006874521840655163 0.21722129044748387 0.06625471397169357 0.22720483092944727 2.4171944204889844
26.23600000000908 4.198893891426924 1.6127398279286638 9.029389429684041e-05 -0.007313617730538291 0.2170962424949447 0.06595686231528294 0.2270122798357161 2.419687228438502
26.237000000009083 4.198938202462055 1.6014520292904328 9.004746043016124e-05 -0.007762248154809539 0.21696281852773094 0.065652971154288 0.22681144094004543 2.4220686442103077
26.238000000009084 4.198876046519623 1.5899041215916918 8.979947085970122e-05 -0.008220305504823212 0.21682105582196162 0.06534311528460855 0.2266024412609901 2.424337911127493
26.239000000009085 4.198707516468723 1.578098868897175 8.955001370253404e-05 -0.008687680263167477 0.21667099252820335 0.06502736983986944 0.22638540946757799 2.4264943327760493
26.240000000009086 4.198432750401667 1.5660389946472608 8.929917658557914e-05 -0.009164265318769557 0.21651266839402056 0.0647058090613909 0.22616047634416828 2.42853717029454
26.241000000009088 4.198052249358872 1.5537273268241572 8.904703465109921e-05 -0.00964995508633106 0.21634614163553423 0.0643785095450185 0.22592779183842981 2.4304660513720555
26.24200000000909 4.197566715567154 1.5411666815323262 8.879363513547655e-05 -0.010144653047850217 0.2161714783008685 0.0640455526511542 0.2256875158945126 2.4322806122109224
26.24300000000909 4.196975400249207 1.528359686398844 8.853911653649054e-05 -0.010648232949055128 0.21598867715019957 0.06370700142525762 0.22543973818434998 2.433979886035479
26.24400000000909 4.196279092853985 1.5153090908462776 8.828354017366541e-05 -0.011160597695722292 0.21579780881827396 0.06336293096951186 0.22518462259386454 2.4355636700106524
26.245000000009092 4.195478359669151 1.5020183227871053 8.80269369303104e-05 -0.011681629399767584 0.21559893854972786 0.06301344332729808 0.22492233506071702 2.4370316111156654
26.246000000009094 4.194573532614838 1.4884891316065796 8.776943923814421e-05 -0.012211245042864622 0.2153921083466133 0.06265856967898992 0.2246530017554026 2.438383508973519
26.247000000009095 4.193565171007473 1.4747245064005097 8.751110407005387e-05 -0.012749336044167914 0.2151773800760304 0.06229839277629928 0.22437678179451104 2.439619119299897
26.248000000009096 4.19245388051611 1.4607271483013227 8.725200099859373e-05 -0.013295801458838012 0.2149548156116683 0.06193298340603931 0.22409383196476404 2.440738275409398
26.249000000009097 4.191240278274293 1.4464997087929807 8.69922027252795e-05 -0.013850540912126882 0.21472447714495288 0.06156240941129726 0.22380430921064964 2.44174092608893
26.2500000000091 4.189925122312924 1.4320448903575624 8.673176759160109e-05 -0.014413456571362001 0.21448643345435675 0.061186742078753194 0.22350837852867309 2.4426270574520488
26.2510000000091 4.188509072912935 1.4173652377583024 8.647076149304714e-05 -0.014984453350190038 0.21424074732192525 0.06080604663053849 0.22320619830572863 2.4433966204508843
26.2520000000091 4.186992934092291 1.4024635147235487 8.620925780775832e-05 -0.015563427513562524 0.2139874915718254 0.06042039181766648 0.22289793756913118 2.4440497108960333
26.253000000009102 4.185377581965043 1.3873422892194833 8.594731239226112e-05 -0.016150286619266357 0.21372673934741201 0.06002984335980809 0.22258376617301665 2.444586495963737
26.254000000009103 4.183663846778953 1.3720041846793007 8.568499046323054e-05 -0.016744933413437545 0.21345856279255176 0.059634466606574926 0.2222638531834021 2.4450071209233553
26.255000000009105 4.181852765735613 1.3564518720872774 8.542234842182393e-05 -0.017347272005137936 0.21318304438932958 0.05923432782519308 0.22193837850634474 2.4453119124466096
26.256000000009106 4.179945245754042 1.3406878977437828 8.515944304307335e-05 -0.01795721009546875 0.21290025868759055 0.058829490862963685 0.2216075146263125 2.44550109585585
26.257000000009107 4.177942397041749 1.3247150936809504 8.489631891704384e-05 -0.018574648540456134 0.21261029292110636 0.05842002786073645 0.2212714484059101 2.4455750392811684
26.25800000000911 4.175845188161006 1.3085356380847448 8.463306816225552e-05 -0.01919950027636848 0.21231322306682962 0.05800598304898921 0.22093035004129072 2.4455341466028697
26.25900000000911 4.173654811282466 1.2921523035473295 8.436972725242632e-05 -0.019831670003489423 0.21200913934162513 0.05758742690877866 0.22058441023217812 2.4453789015853515
26.26000000000911 4.171372402907146 1.2755675308229906 8.410635245189357e-05 -0.020471069677245542 0.2116981267789154 0.0571644166350373 0.22023381235554296 2.445109767884704
26.261000000009112 4.168999210127749 1.2587839781189838 8.384299714562718e-05 -0.021117604303962246 0.21138027827622793 0.05673701467740392 0.21987874860972406 2.444727347203209
26.262000000009113 4.166536524960191 1.2418041417048424 8.357971470807878e-05 -0.02177118524547438 0.21105568706948188 0.05630527863488693 0.21951941133648312 2.444232260628831
26.263000000009114 4.163985587251773 1.2246305552479606 8.331655616344043e-05 -0.02243172143517366 0.21072444437097737 0.05586926660374945 0.21915599132317418 2.4436251378172704
26.264000000009116 4.161347818196834 1.207265771661308 8.305356769849385e-05 -0.02309912393309453 0.2103866501825122 0.05542903719583818 0.21878868861518605 2.4429067257195785
26.265000000009117 4.158624652130576 1.1897123033761572 8.279080593518946e-05 -0.023773302777043533 0.21004240544871858 0.054984645246761936 0.21841770355107465 2.4420778183644813
26.266000000009118 4.155817503069386 1.1719725742148788 8.252830499859484e-05 -0.02445417514052401 0.20969180784085129 0.05453614665632367 0.21804323481706092 2.4411392103066047
26.26700000000912 4.152927880162211 1.1540488733838625 8.226613096706715e-05 -0.025141656678711113 0.20933496038609578 0.054083585858677355 0.2176654837123502 2.440091804573713
26.26800000000912 4.149957399696235 1.1359439996647902 8.200429648895083e-05 -0.025835657288108493 0.20897197351806612 0.0536270326647488 0.21728466475103567 2.438936533961625
26.26900000000912 4.146908849546666 1.1176603995778998 8.174278903141477e-05 -0.026536116355874828 0.20860301007624368 0.053166544182109164 0.21690104357607437 2.437674978294689
26.270000000009123 4.143782167800716 1.099200406180389 8.148173467319126e-05 -0.02724291709754097 0.20822810040077705 0.052702160523457255 0.21651474788646577 2.4363073083410134
26.271000000009124 4.14057978906893 1.0805664125696552 8.122113251195386e-05 -0.027955993317972407 0.20784739033607025 0.052233935130987355 0.21612602622353805 2.4348350260613936
26.272000000009125 4.137303408043352 1.0617608634586264 8.096102045987124e-05 -0.028675261072644245 0.20746099237377347 0.0517619193559854 0.21573509276358063 2.433259200567568
26.273000000009127 4.1339548597285685 1.0427860006300822 8.070143994440628e-05 -0.02940064386380219 0.20706902397083815 0.051286156391125805 0.21534216583200025 2.431581055723673
26.274000000009128 4.130536118954222 1.0236444507489164 8.04423900075644e-05 -0.030132060703582916 0.20667161129422207 0.05080670710139089 0.21494747610446827 2.4298018903810488
26.27500000000913 4.127049119596498 1.0043385427268172 8.018390261839352e-05 -0.03086943432054826 0.2062688771437856 0.05032361785058623 0.21455124834640465 2.4279230349674505
26.27600000000913 4.123495924846273 0.9848706255474857 7.992599555678071e-05 -0.031612690014616154 0.205860950336068 0.04983693630594314 0.2141537141017916 2.42594588780854
26.27700000000913 4.1198786033067165 0.9652430862135251 7.966868407181189e-05 -0.032361751322179444 0.20544796040668345 0.04934671052900402 0.21375510572601084 2.4238719180265025
26.278000000009133 4.11619934029077 0.9454582713171705 7.941198250382766e-05 -0.033116545610266154 0.20503004185189114 0.048852988251418136 0.21335566108270546 2.4217026213924253
26.279000000009134 4.112460317379301 0.9255185697420956 7.915589477558767e-05 -0.03387699879083369 0.20460732937656365 0.048355817773503854 0.21295561836736795 2.4194395743681874
26.280000000009135 4.1086638083141 0.9054263157267686 7.890043365551576e-05 -0.034643038557375085 0.20417996192476645 0.0478552446160094 0.2125552196709009 2.4170844095630604
26.281000000009136 4.104812092626316 0.8851838917264386 7.864559849117051e-05 -0.035414592671504826 0.20374807870160058 0.04735131691399316 0.21215470808391607 2.414638788146518
26.282000000009138 4.100907573182279 0.8647936043422305 7.839139149428231e-05 -0.03619159204966144 0.2033118244099794 0.04684407900189571 0.21175433175625777 2.4121044840148684
26.28300000000914 4.096952676769256 0.8442578605753197 7.813781352776284e-05 -0.03697396373061257 0.2028713461085843 0.046333577430379094 0.21135434100902348 2.4094832813828644
26.28400000000914 4.092949912472382 0.8235789802120828 7.788485393378336e-05 -0.037761640959811736 0.20242679331164912 0.04581985763438891 0.21095498935092888 2.4067770660028316
26.28500000000914 4.088901842829227 0.802759349941849 7.763250372286034e-05 -0.03855455461591062 0.20197831901805263 0.04530296631149233 0.21055653348117623 2.4039877610756166
26.286000000009142 4.084810973450357 0.7818012912744582 7.738075689707194e-05 -0.039352635624676204 0.2015260731365593 0.04478294635645943 0.2101592262281528 2.4011173416509064
26.287000000009144 4.080680054265984 0.7607072616873523 7.712959759486361e-05 -0.04015581323276128 0.20107021896104804 0.04425984417930481 0.20976333353616536 2.398167865450226
26.288000000009145 4.076511685033725 0.7394794328235585 7.687900300245096e-05 -0.04096402850212655 0.2006109081949431 0.04373370149628944 0.20936911129507493 2.3951414300706197
26.289000000009146 4.072308685690498 0.7181203471757909 7.662895973651277e-05 -0.04177720807188196 0.20014830870864297 0.04320456601049902 0.20897682913990043 2.392040201306078
26.290000000009147 4.068073802407655 0.6966322878918424 7.637944892751527e-05 -0.04259528751810681 0.19968258149895352 0.042672478663969345 0.2085867500781469 2.3888663901658345
26.29100000000915 4.063809976706393 0.6750176484809542 7.613043965460541e-05 -0.04341820324886118 0.19921389764481948 0.04213748514032667 0.20819914755385355 2.3856223215815215
26.29200000000915 4.059520110761609 0.6532788739486475 7.58819027166842e-05 -0.044245887485795346 0.19874242738606784 0.04159963061089345 0.20781429274637223 2.3823103722210672
26.29300000000915 4.055207135889899 0.6314182883674462 7.563381068558854e-05 -0.045078277138762814 0.1982683411223069 0.04105895659872125 0.20743245666521481 2.3789329559894252
26.294000000009152 4.050874096923577 0.609438303605455 7.538612624793375e-05 -0.04591530929733054 0.19779181507514773 0.04051550881841327 0.20705391615085644 2.37549257344518
26.295000000009153 4.046524050176377 0.5873413558330581 7.51388081343948e-05 -0.046756918704084195 0.19731302678698737 0.03996933116181271 0.20667894769440207 2.3719917778796398
26.296000000009155 4.0421601377046565 0.5651298276623931 7.489182454459304e-05 -0.0476030428631391 0.19683215747203112 0.039420466212307735 0.20630783082888543 2.3684332060053306
26.297000000009156 4.037785453455525 0.5428061653158434 7.464512098683232e-05 -0.04845361891386112 0.19634938597782625 0.038868960212784825 0.20594084254402312 2.3648194956809867
26.298000000009157 4.033403231351843 0.5203728563064187 7.439866210531475e-05 -0.049308580885097965 0.19586489933923035 0.038314857299664565 0.2055782654658871 2.3611534483216086
26.29900000000916 4.029016702424522 0.49783229833550763 7.415239309645977e-05 -0.0501678686545117 0.1953788827575689 0.037758200841032055 0.2052203805758188 2.3574378526871578
26.30000000000916 4.024629160187384 0.47518705175211146 7.390626153982114e-05 -0.0510314167194794 0.1948915262944132 0.037199038795601505 0.2048674717984282 2.353675610448803
26.30100000000916 4.020243987704423 0.4524395263285222 7.366021450036668e-05 -0.051899165376884354 0.1944030229440987 0.036637413369406235 0.20451982484595888 2.3498697142779843
26.302000000009162 4.0158652323453605 0.42959243090104626 7.341414828206507e-05 -0.05277106194636953 0.19391359852929246 0.036073382303032114 0.20417775976905 2.346023494996396
26.303000000009163 4.0114952197469025 0.406648093644652 7.316807454653895e-05 -0.05364702329169517 0.19342339765262104 0.03550697615183172 0.20384150515287705 2.342139504890919
26.304000000009164 4.007137792723785 0.3836091725998334 7.292190552119746e-05 -0.05452699219546473 0.19293263670500174 0.03493824801701097 0.20351136665632863 2.3382210858126293
26.305000000009166 4.002796409684494 0.3604782293175318 7.26755790330617e-05 -0.05541090430192652 0.19244151418858893 0.034367243543187556 0.2031876278898666 2.3342714916973493
26.306000000009167 3.9984746201350463 0.33725790202878775 7.242902764705596e-05 -0.05629869485444084 0.1919502334124839 0.033794011730660475 0.2028705754373278 2.3302939732992187
26.307000000009168 3.994175899721047 0.31395084022734615 7.218218632676941e-05 -0.0571902965849831 0.19145899465014532 0.03321860062285714 0.2025604899363733 2.3262918887257724
26.30800000000917 3.989903943519027 0.2905596038752399 7.193498302866354e-05 -0.05808565014461595 0.19096800712997133 0.032641057166079346 0.2022576602080494 2.32226863414917
26.30900000000917 3.985662281632445 0.2670870437285245 7.16873473937944e-05 -0.05898468086562582 0.19047747646896035 0.03206143362073546 0.20196236566405112 2.3182277434145595
26.310000000009172 3.9814544746973892 0.2435358934925811 7.143921177616136e-05 -0.05988731963409929 0.18998760800429523 0.03147978064994409 0.20167488400373287 2.3141726989468
26.311000000009173 3.977284171450152 0.219908914964327 7.119049929589094e-05 -0.060793498330120085 0.18949861136934937 0.03089614948761074 0.2013954944959961 2.310107151054387
26.312000000009174 3.973155066251759 0.1962088930646081 7.094113382479217e-05 -0.06170314802545669 0.18901069896516837 0.030310591473723662 0.20112447577318848 2.306034768326744
26.313000000009175 3.9690708520403972 0.17243871076736106 7.069103914942028e-05 -0.06261619616335135 0.18852408420259564 0.029723160717620035 0.2008621035174135 2.3019593009982517
26.314000000009177 3.9650351303048548 0.148601265094257 7.044013890435285e-05 -0.06353256818641537 0.18803897639911166 0.02913391149474446 0.20060864553794983 2.297884554366804
26.315000000009178 3.9610516681087455 0.12469944120221976 7.018836196632539e-05 -0.06445219104926962 0.18755559307253064 0.028542896478828905 0.2003643739870973 2.293814361927237
26.31600000000918 3.957124200206812 0.10073630413710497 6.99356151716496e-05 -0.06537498842818261 0.1870741511184499 0.02795017664223471 0.20012955679510652 2.2897527301707434
26.31700000000918 3.9532564314705714 0.07671482826073384 6.968182374384668e-05 -0.06630088323481481 0.18659486616377924 0.02735580707714843 0.1999044556212727 2.2857036101215225
26.31800000000918 3.949452122135847 0.052638091800419076 6.942690412257516e-05 -0.06722979712345892 0.18611795713261742 0.02675984738111826 0.19968933126319244 2.2816711148001447
26.319000000009183 3.945714966753507 0.028509193202011385 6.917077736747838e-05 -0.06816164934609895 0.18564364030594416 0.02616235710487918 0.19948443687893685 2.277659294912774
26.320000000009184 3.9420486916534903 0.00433132892297336 6.891335581613037e-05 -0.0690963569960455 0.18517213434201046 0.02556339923527031 0.19929002300005474 2.273672386648637
26.321000000009185 3.9384571861058855 -0.019892168314662242 6.865455619145812e-05 -0.07003383270188539 0.1847036677424774 0.024963038724124947 0.19910634320076626 2.2697147209455655
26.322000000009186 3.934943994677838 -0.04415818032446464 6.839429708390112e-05 -0.07097399482021874 0.18423844951337562 0.024361337882233797 0.19893362964377204 2.2657905149084194
26.323000000009188 3.9315128387985974 -0.06846334394746478 6.813249481221653e-05 -0.07191675314434938 0.18377670034078422 0.023758363282529713 0.19877211775507234 2.2619040602780633
26.32400000000919 3.928167473721075 -0.09280429487924012 6.786906560150689e-05 -0.07286201818985613 0.18331864269595805 0.023154181869457946 0.19862203954403243 2.258059941152906
26.32500000000919 3.9249114936761393 -0.11717754241414012 6.760393752992003e-05 -0.07380969154970007 0.1828644932785048 0.02254886247730111 0.19848361309611035 2.254262493795502
26.32600000000919 3.921748574699269 -0.141579524436597 6.733701864968433e-05 -0.0747596784066416 0.18241447217353904 0.021942480926513186 0.1983570559446417 2.250516230407607
26.327000000009193 3.9186824103929108 -0.1660067127705052 6.706822705613018e-05 -0.07571188174914756 0.18196880099123178 0.021335108053244775 0.19824257970432854 2.2468258028316574
26.328000000009194 3.915716531722708 -0.19045546701179916 6.679748929092115e-05 -0.07666619823460213 0.18152769486720446 0.020726818649136815 0.19814038196910394 2.2431957895628
26.329000000009195 3.9128546735022707 -0.2149220287407832 6.652471190816595e-05 -0.07762252425880238 0.18109137973396489 0.020117691357186846 0.1980506642043961 2.2396309292815415
26.330000000009196 3.9101001955623054 -0.23940265171657427 6.624982974548912e-05 -0.07858075025900706 0.18066006381260544 0.01950780430271104 0.19797360277763287 2.2361357502306225
26.331000000009197 3.9074565647908335 -0.2638935184560621 6.597277511870797e-05 -0.07954076629397425 0.1802339612259921 0.018897238296687185 0.19790937293894606 2.232715025894456
26.3320000000092 3.9049272252585645 -0.2883907157123152 6.569347634309538e-05 -0.08050245755171666 0.17981328630404286 0.018286075938531387 0.19785814154731002 2.229373493067718
26.3330000000092 3.9025156084310364 -0.31289027507342404 6.541185171483936e-05 -0.08146570900195034 0.1793982528551077 0.017674402830358298 0.19782006820862585 2.226115923159048
26.3340000000092 3.900224866615758 -0.3373880864059539 6.512785181650435e-05 -0.08243039332172578 0.1789890641707947 0.0170623070470574 0.19779529104020482 2.2229470371288067
26.335000000009202 3.8980584747940488 -0.36188003196481355 6.484140428046507e-05 -0.08339638885288024 0.17858593839940695 0.016449876851338245 0.19778395667020562 2.2198718059791647
26.336000000009204 3.8960192835474317 -0.3863619169634022 6.455244897317786e-05 -0.08436356374786161 0.17818906459358444 0.01583720555541395 0.19778617421038444 2.21689477103529
26.337000000009205 3.8941108009128222 -0.41082945473877464 6.426092512366828e-05 -0.0853317905845048 0.1777986645362086 0.015224387150246987 0.19780207673155917 2.2140209144480565
26.338000000009206 3.892335722329406 -0.43527832650682047 6.39667826019446e-05 -0.08630092897642942 0.17741492171576928 0.01461151694187509 0.19783174976972215 2.2112549070194625
26.339000000009207 3.8906973015237756 -0.4597040496360726 6.36699601407071e-05 -0.08727084327677959 0.17703804767480774 0.013998697382595949 0.19787529896163703 2.208601639537507
26.34000000000921 3.889198368007849 -0.4841020915974756 6.33704123501384e-05 -0.08824138622833909 0.1766682350462925 0.013386029158384043 0.197932799946093 2.20606585066855
26.34100000000921 3.887841658338868 -0.5084679263767986 6.306809913904501e-05 -0.0892124107765188 0.17630567187811408 0.012773614604710787 0.19800431662724233 2.203652151350446
26.34200000000921 3.886629969556603 -0.5327969636341751 6.276297831655641e-05 -0.09018376908899123 0.1759505494916768 0.012161558556575375 0.19808990781976882 2.2013653594072693
26.343000000009212 3.8855657155000656 -0.5570843480002198 6.245502021815164e-05 -0.0911552963469558 0.17560304462534349 0.011549972123410624 0.19818960414169878 2.1992099747720104
26.344000000009213 3.88465144740909 -0.5813253132257188 6.214419568536036e-05 -0.09212683423009947 0.17526333916350315 0.010938965491267298 0.19830343568889697 2.197190541704222
26.345000000009215 3.8838894716832644 -0.6055149863640185 6.183048646853268e-05 -0.09309821572884454 0.1749316049790016 0.010328651080856194 0.198431411892306 2.1953115531897853
26.346000000009216 3.883282115233505 -0.6296484025703795 6.151386025354898e-05 -0.09406927387855621 0.1746080151381476 0.009719146721363554 0.1985735356272678 2.193577477979036
26.347000000009217 3.882831495087051 -0.6537204992666241 6.119431177401113e-05 -0.09503983117527798 0.1742927348589197 0.009110570188432664 0.19872978997519566 2.1919925950369614
26.34800000000922 3.882539269155708 -0.6777262711709771 6.0871849758970594e-05 -0.0960097071945597 0.1739859064606851 0.008503040163431093 0.19890012874443364 2.190561029491326
26.34900000000922 3.8824077591809 -0.7016604444145212 6.054644908934392e-05 -0.09697872172580074 0.17368770698653 0.007896681939287609 0.1990845288098984 2.189287048907186
26.35000000000922 3.882438490281018 -0.7255177526805311 6.0218121657114394e-05 -0.09794668319794421 0.17339827537251118 0.007291622448606774 0.19928292051646748 2.1881745077605745
26.351000000009222 3.8826330718403916 -0.7492929519192364 5.988688428957624e-05 -0.09891340024587086 0.1731177549147357 0.006687986302588291 0.19949523045852988 2.1872273206230384
26.352000000009223 3.882992904998244 -0.7729806385094649 5.955274883094904e-05 -0.09987867530618338 0.1728462799646218 0.006085905556140977 0.19972136722184908 2.186449119574043
26.353000000009224 3.8835194295218667 -0.7965753349298689 5.921573327957245e-05 -0.10084230767082261 0.17258398800081312 0.005485513611279322 0.1999612332183946 2.1858435661675806
26.354000000009226 3.884213622951102 -0.8200715916729016 5.8875880329752435e-05 -0.10180408889783983 0.17233099468795715 0.004886942132603713 0.20021470088349508 2.18541395638738
26.355000000009227 3.8850764811583343 -0.8434637904735667 5.8533218307672094e-05 -0.10276380837901652 0.17208741742069847 0.0042903313916239855 0.2004816362925415 2.1851634733550362
26.356000000009228 3.886108907504645 -0.8667462993861041 5.818778577226418e-05 -0.10372125234596272 0.17185336979196955 0.00369582105281603 0.20076189377051798 2.185095184358159
26.35700000000923 3.8873115410443693 -0.8899134391089059 5.783963525162212e-05 -0.10467620020508565 0.1716289536866528 0.0031035515673102938 0.2010553074785178 2.185211872759405
26.35800000000923 3.8886849002662482 -0.9129594670859538 5.7488820533296395e-05 -0.10562842883266514 0.17141426545619093 0.0025136672791603587 0.20136169919508828 2.185516236874329
26.35900000000923 3.8902293334504847 -0.935878708627329 5.713540615171716e-05 -0.10657771480372902 0.17120939289803233 0.001926310768664799 0.2016808770867364 2.1860106084385222
26.360000000009233 3.8919449764691967 -0.9586652547707106 5.677945283084229e-05 -0.10752382329977962 0.17101441580680402 0.001341631717656709 0.20201263071008832 2.186696684462224
26.361000000009234 3.8938318329487256 -0.9813131393085134 5.642104131243018e-05 -0.10846651531979626 0.17082940897336008 0.0007597823217605128 0.2023567374341254 2.1875773205909494
26.362000000009235 3.8958897412615108 -1.0038165012888114 5.6060251212096794e-05 -0.10940555384369376 0.17065443755329437 0.00018091248576294168 0.202712962086306 2.1886535985873588
26.363000000009237 3.898118350719995 -1.0261693343124265 5.5697167861385645e-05 -0.11034069438818365 0.17048955923462114 -0.0003948223797088351 0.20308105409120136 2.1899270673086058
26.364000000009238 3.9005170981666955 -1.0483657115672143 5.5331885111990167e-05 -0.11127169133830864 0.17033482097967695 -0.0009672699534228274 0.20346074840771922 2.191398904706442
26.36500000000924 3.9030844481247575 -1.0703997499623739 5.496456247278745e-05 -0.11219827804611464 0.1701902251983148 -0.001536285199208367 0.2038517268059794 2.1930693876982197
26.36600000000924 3.905821307896243 -1.0922649167526335 5.459516022091092e-05 -0.11312023436920135 0.17005588836939572 -0.0021016743776742217 0.20425378730402333 2.1949402046559188
26.36700000000924 3.9087254735961263 -1.1139556022999435 5.4223896734777605e-05 -0.11403728529285073 0.1699317804797919 -0.00266330715974991 0.204666571913985 2.197010880515827
26.368000000009243 3.911795839175128 -1.1354655655279677 5.38508682532515e-05 -0.11494917063057936 0.16981792460340844 -0.003221015565593829 0.2050897712869678 2.199281635266651
26.369000000009244 3.9150312615777456 -1.1567887427299528 5.34761874852482e-05 -0.11585563507011014 0.16971434049918332 -0.003774637225708873 0.20552307275524317 2.2017523376661576
26.370000000009245 3.9184299766930875 -1.177919024381653 5.30999860728122e-05 -0.1167564110941701 0.1696210190560725 -0.0043240086998518595 0.20596612995453342 2.204422211514538
26.371000000009246 3.9219900250522515 -1.1988502390707225 5.2722413760028654e-05 -0.11765122504562481 0.16953794288338797 -0.00486896502688286 0.20641858359241833 2.2072901977101833
26.372000000009248 3.9257100079506504 -1.219576528554537 5.23435750687425e-05 -0.11853982757811261 0.1694651161533935 -0.005409347143653269 0.20688010380810515 2.210355225999782
26.37300000000925 3.9295874399948922 -1.2400915272981274 5.1963646479203514e-05 -0.11942192869286218 0.16940249929670148 -0.005944984459621322 0.20735029939915 2.213616081849521
26.37400000000925 3.933620538478036 -1.2603889554162284 5.158270103331322e-05 -0.12029727240716 0.1693500786304897 -0.006475690246332581 0.2078288176478949 2.2170708588548287
26.37500000000925 3.937806034904114 -1.2804631407176243 5.1200988478572626e-05 -0.12116556733969197 0.16930777349133513 -0.007001327670019292 0.20831523099016463 2.220717021777315
26.376000000009252 3.942141848362737 -1.300307774750792 5.0818622012181853e-05 -0.12202654296263667 0.16927555913176917 -0.007521717067079532 0.20880916726624454 2.224552217622999
26.377000000009254 3.9466249521340906 -1.3199171387039013 5.0435791643620775e-05 -0.12287992814345976 0.16925336129319504 -0.008036702100576113 0.20931021386984452 2.22857376148032
26.378000000009255 3.9512523262281682 -1.3392851409912232 5.0052652547576956e-05 -0.12372544294649104 0.16924110877860124 -0.008546111290847456 0.20981795478726623 2.232778555200671
26.379000000009256 3.9560209662243055 -1.3584058222134707 4.9669383352985066e-05 -0.12456280894141285 0.16923873073056597 -0.009049779791134395 0.21033197537449214 2.2371633228833288
26.380000000009257 3.96092741203504 -1.377273355803775 4.928615868426937e-05 -0.12539175017034082 0.16924613166600969 -0.009547541838968087 0.21085184288940018 2.2417241191722264
26.38100000000926 3.965968365887722 -1.3958818833784534 4.890315063113506e-05 -0.12621198970355227 0.1692632247364521 -0.0100392330824271 0.2113771316722686 2.246457209929752
26.38200000000926 3.971139882034511 -1.4142254489731028 4.852057896395691e-05 -0.12702323565572762 0.16928989403361192 -0.010524686244425891 0.2119073845785127 2.2513579837128352
26.38300000000926 3.9764385351131706 -1.432298671726048 4.8138590150107614e-05 -0.12782523132199028 0.16932603946166927 -0.011003745917401827 0.21244217996083037 2.2564222249812653
26.384000000009262 3.9818602833151324 -1.4500958350270965 4.775740275387331e-05 -0.1286176927039515 0.16937153739113475 -0.01147625110251332 0.2129810622898022 2.261644918077523
26.385000000009263 3.9874009586741455 -1.467611221252147 4.7377184081144144e-05 -0.12940034279685278 0.16942625524374888 -0.011942032413217216 0.2135235743893898 2.267020898509982
26.386000000009265 3.993056602765904 -1.4848394937904306 4.699814616316923e-05 -0.13017291300403727 0.169490068799752 -0.012400939128732785 0.21406927381802335 2.2725449458268177
26.387000000009266 3.9988227731650996 -1.501775253506572 4.6620483443109856e-05 -0.13093512914264943 0.1695628300758362 -0.012852814837990455 0.21461769786340748 2.278211359769721
26.388000000009267 4.004694717051919 -1.51841314903716 4.6244423547264196e-05 -0.1316867131085668 0.1696443760566842 -0.013297504613489773 0.21516837213202467 2.284014224585281
26.38900000000927 4.010668035082783 -1.5347479175662713 4.5870170678738103e-05 -0.1324273952475748 0.1697345594498679 -0.013734856698412371 0.21572084269310665 2.2899474847705052
26.39000000000927 4.016737973061014 -1.550774444983556 4.549792137795371e-05 -0.13315691139714905 0.1698332126861926 -0.014164717856881011 0.2162746458004423 2.2960048846421186
26.39100000000927 4.022899636127301 -1.5664878275274483 4.512790722397786e-05 -0.1338749954933327 0.1699401612313592 -0.014586947863995328 0.2168293150514181 2.3021799608180666
26.392000000009272 4.029147981988074 -1.5818830523029417 4.476032680030723e-05 -0.13458138340513973 0.17005522220505337 -0.015001395390749843 0.21738438127455456 2.308466057011822
26.393000000009273 4.0354780265642205 -1.5969554011387157 4.4395399935459984e-05 -0.13527581813430903 0.17017821350577378 -0.015407921883394673 0.21793938464786067 2.314856369782327
26.394000000009274 4.041884570543033 -1.6117001813739662 4.403334489755461e-05 -0.135958042143418 0.17030894180168865 -0.01580638747358849 0.21849385979026414 2.321344063452698
26.395000000009276 4.048362354265154 -1.6261130553694616 4.3674369659990805e-05 -0.13662781107509805 0.17044720639636046 -0.016196661471117632 0.21904734823847144 2.3279219834188796
26.396000000009277 4.0549060791571865 -1.6401893208406748 4.331869781422585e-05 -0.13728486527549402 0.17059280930621235 -0.01657860384846015 0.21959938735401893 2.334582983653465
26.397000000009278 4.06151066436237 -1.653924739068895 4.296651161570284e-05 -0.13792897251668818 0.1707455552702947 -0.01695208118226127 0.2201495381791217 2.3413200531299383
26.39800000000928 4.06817015722171 -1.667315267214595 4.261807852916122e-05 -0.13855988005470365 0.17090520962445876 -0.01731697884606198 0.22069732393916563 2.3481255530244205
26.39900000000928 4.074879436444426 -1.6803569361434512 4.227357049869797e-05 -0.1391773661372614 0.17107157157669847 -0.017673170358159386 0.22124231692227259 2.3549923890596434
26.400000000009282 4.081632592182473 -1.6930459691548527 4.193322277468068e-05 -0.1397811960269965 0.17124440286843184 -0.01802054149756782 0.22178405757035147 2.361913075824807
26.401000000009283 4.088424183595393 -1.7053781897486262 4.1597247147673564e-05 -0.14037113007798144 0.17142349154052766 -0.018358963895643864 0.2223221067879587 2.3688800458327677
26.402000000009284 4.095248665299341 -1.7173502639689573 4.126583902484132e-05 -0.1409469605334042 0.1716086098939347 -0.01868833163271753 0.22285603965912185 2.375885940673523
26.403000000009285 4.102100390940041 -1.7289586839752225 4.093920036695774e-05 -0.14150847109468367 0.17179952761984016 -0.019008534231687378 0.22338542802876013 2.3829233976427737
26.404000000009287 4.108973994518584 -1.74020023020908 4.061752211569582e-05 -0.14205546091407753 0.17199602420343427 -0.01931946916872314 0.22390986625484058 2.389985169881839
26.405000000009288 4.1158635087873865 -1.7510715616199275 4.030099986597334e-05 -0.14258771787728577 0.17219785104878274 -0.019621027574147024 0.22442892397892178 2.3970636854672027
26.40600000000929 4.122763658577856 -1.7615695522398003 3.9989803088708896e-05 -0.1431050499744069 0.17240478946993817 -0.019913105836463184 0.2249422115664496 2.404151868038568
26.40700000000929 4.129668448473312 -1.7716915156857622 3.9684160869833345e-05 -0.14360725974309854 0.172616584596159 -0.020195622914944453 0.225449314732796 2.4112423725532373
26.40800000000929 4.136572943940091 -1.781435494805401 3.9384222791694714e-05 -0.14409420498363998 0.17283302008964538 -0.020468507822057686 0.22594988947914238 2.4183285321185246
26.409000000009293 4.1434709492564314 -1.790797714783714 3.9090184293653126e-05 -0.1445656542759195 0.1730538410007247 -0.020731639003687227 0.22644350539838407 2.4254027969764507
26.410000000009294 4.150357073324325 -1.7997760673444907 3.8802204523938176e-05 -0.1450214520030976 0.17327881098687659 -0.02098494171463437 0.22692980336852858 2.4324584450497375
26.411000000009295 4.1572255917242815 -1.8083690436571982 3.852046083010966e-05 -0.1454614537705488 0.17350767241339665 -0.02122836434753085 0.2274084219465664 2.4394889654812832
26.412000000009296 4.16407170922776 -1.8165734346885993 3.824508002285426e-05 -0.14588548129019854 0.1737402274993024 -0.021461792230781276 0.22787902235295693 2.4464874337451494
26.413000000009298 4.170890084746429 -1.824387731619882 3.797623013318683e-05 -0.14629339808725175 0.17397623623192576 -0.021685171944955096 0.22834127042570343 2.4534477971370454
26.4140000000093 4.17767506926225 -1.831809995711495 3.771405352778356e-05 -0.1466850541670249 0.1742154468445598 -0.02189843039519663 0.22879481700643034 2.460363158075837
26.4150000000093 4.184421560161315 -1.8388385761503723 3.745870337640446e-05 -0.1470603137358665 0.1744576315713533 -0.02210150804141804 0.22923934598424064 2.4672275742752894
26.4160000000093 4.191124227387939 -1.8454718695715404 3.721032232550299e-05 -0.14741904143526852 0.17470255061896542 -0.02229434481913435 0.22967453664126558 2.474034946575978
26.417000000009303 4.1977782478708665 -1.8517085258675894 3.696902084133882e-05 -0.14776112381672252 0.17494998406776352 -0.02247688341742311 0.23010010196662656 2.480779614904399
26.418000000009304 4.204378030121308 -1.857547908877517 3.673494320766062e-05 -0.14808645365155065 0.17519966922545605 -0.022649095625373317 0.23051573348569804 2.4874560075550334
26.419000000009305 4.210919113886124 -1.862987948359593 3.650819576559377e-05 -0.148394901081021 0.17545141067979103 -0.022810898232570896 0.23092115809200203 2.494058204347648
26.420000000009306 4.217396522833327 -1.86802794980605 3.6288900090479433e-05 -0.14868636840210264 0.17570497517736997 -0.02296225960312281 0.23131610366934505 2.500581081691867
26.421000000009307 4.22380537167766 -1.8726672109907665 3.607716602966594e-05 -0.14896076388331364 0.1759601325063632 -0.02310314278432098 0.23170030775739148 2.507019458184155
26.42200000000931 4.230140438179885 -1.876905531376053 3.5873121676462756e-05 -0.1492180043290194 0.17621663201577376 -0.023233529850489185 0.23207350370999152 2.5133684388678885
26.42300000000931 4.2363982490609144 -1.8807414680345083 3.56768060615662e-05 -0.14945800211741783 0.17647431650860596 -0.023353354362558622 0.23243549200604657 2.5196233158973285
26.42400000000931 4.24257352658678 -1.8841752305926147 3.5488368707601556e-05 -0.1496806835946628 0.17673292944436508 -0.02346261462483562 0.23278601692624504 2.5257792976322704
26.425000000009312 4.2486619672612775 -1.8872065411341097 3.530788383561171e-05 -0.14988598411381254 0.17699226272626065 -0.023561284479513098 0.23312486659524825 2.5318321032726816
26.426000000009314 4.254658648773678 -1.8898352820163598 3.513546923367804e-05 -0.15007382927081667 0.17725207873616095 -0.023649347645761702 0.23345180507412344 2.537777226341474
26.427000000009315 4.260560269227017 -1.8920619679211255 3.497116638064306e-05 -0.150244198189835 0.17751220833666181 -0.023726803071645475 0.23376668792252137 2.543611204237611
26.428000000009316 4.26636231556826 -1.8938865478243372 3.481506643037505e-05 -0.15039702929149432 0.17777243143639188 -0.023793632521316027 0.23406930757165212 2.5493300247969906
26.429000000009317 4.272060648439066 -1.8953092807380634 3.466724450745787e-05 -0.15053227743228256 0.17803254247288622 -0.02384982862899372 0.23435948253472078 2.5549299059048947
26.43000000000932 4.277651373789807 -1.8963305775752528 3.452776451114342e-05 -0.15064990835914396 0.17829234542180042 -0.023895386912934042 0.23463704916390313 2.5604074666213026
26.43100000000932 4.283130011677915 -1.8969514793094266 3.439673308376802e-05 -0.15074989373830197 0.17855161149550097 -0.02393032868118638 0.2349018285593777 2.565759186664292
26.43200000000932 4.288493642419478 -1.897172576694396 3.427417645664545e-05 -0.15083222329744816 0.17881018846462934 -0.02395465375527321 0.23515371253744338 2.5709823765248703
26.433000000009322 4.293738317815753 -1.896994760871813 3.416017935296616e-05 -0.15089687394944126 0.17906787396450413 -0.02396837702981887 0.23539255118062818 2.5760739918880793
26.434000000009323 4.298860457142409 -1.8964191509512704 3.4054786093113e-05 -0.15094384336732222 0.17932447859599115 -0.023971514266045848 0.2356182207946364 2.581031214784139
26.435000000009325 4.303856670165864 -1.8954472784614964 3.395805898292908e-05 -0.1509731403533209 0.17957981941094064 -0.023964100267056053 0.23583061452962187 2.585851618762966
26.436000000009326 4.308723643546546 -1.8940800391372694 3.387003939906264e-05 -0.1509847580096267 0.17983372248574683 -0.023946144725616268 0.23602962259328022 2.5905327485441307
26.437000000009327 4.313458148410638 -1.8923187822255945 3.379077030697734e-05 -0.1509787052324515 0.18008601346400802 -0.023917673061991787 0.23621514931038332 2.5950723814584022
26.43800000000933 4.318057038098694 -1.890165231913436 3.3720303686067385e-05 -0.15095500303004597 0.1803365185124182 -0.023878724460560975 0.23638711117750125 2.5994684369217715
26.43900000000933 4.3225167861593565 -1.887620885624175 3.3658676056616825e-05 -0.15091366317732624 0.18058504673307763 -0.023829326566716078 0.23654540714588076 2.603718827731282
26.44000000000933 4.326835810479206 -1.8846876122047291 3.360588752673677e-05 -0.1508547397901615 0.18083149643172283 -0.02376952067382876 0.23669003513447096 2.6078224193840818
26.441000000009332 4.331010625983694 -1.8813673264913002 3.3561995172640075e-05 -0.15077825465985514 0.18107567584123252 -0.02369935268762716 0.23682090654636848 2.6117773292684303
26.442000000009333 4.335039381917368 -1.8776618691810711 3.352697658395317e-05 -0.15068426309739938 0.18131746885887606 -0.023618856421862403 0.236938013069394 2.615582442038641
26.443000000009334 4.338918967427204 -1.8735730637077346 3.3500860056107524e-05 -0.15057279422599992 0.18155670118200637 -0.02352807064060869 0.23704128799259241 2.619236203005989
26.444000000009336 4.342647419741177 -1.8691031540170848 3.348365232345216e-05 -0.15044390894068546 0.18179324910535014 -0.02342704843116932 0.23713072714397326 2.622737764123978
26.445000000009337 4.34622267815888 -1.8642543964275724 3.347534685066723e-05 -0.15029767058743962 0.18202698304737996 -0.02331583983397805 0.23720632522870333 2.6260862316663616
26.446000000009338 4.349643363303112 -1.859029899231453 3.347593510307906e-05 -0.1501341794896873 0.18225779779514922 -0.02319452529361906 0.2372681240954534 2.629281385181172
26.44700000000934 4.35290644315062 -1.8534304325780069 3.348542011546386e-05 -0.14995343466038646 0.18248553286830235 -0.023063105447816496 0.23731605319820265 2.6323216195899803
26.44800000000934 4.356010717144781 -1.8474591661306636 3.3503758065933994e-05 -0.14975554863284085 0.1827100887788343 -0.022921655587730985 0.23735016996576014 2.6352068398995856
26.44900000000934 4.3589544505186435 -1.8411185493246383 3.3530940774207335e-05 -0.14954059523294083 0.18293135006475617 -0.02277023327958843 0.23737049518156947 2.6379365722119097
26.450000000009343 4.361735884916782 -1.8344111888702372 3.356695347198125e-05 -0.14930865506234328 0.18314919793602277 -0.022608899396422008 0.2373770534677937 2.6405105365979114
26.451000000009344 4.3643542373523445 -1.8273396366284087 3.3611734311389323e-05 -0.1490598272807798 0.1833635592297138 -0.022437708755001853 0.2373699175054391 2.642928836695477
26.452000000009345 4.366808057108706 -1.8199066670633623 3.366526499337153e-05 -0.14879420243939767 0.18357432838302842 -0.022256728284676345 0.2373491324500562 2.645191351070037
26.453000000009347 4.369096189344867 -1.8121150774210082 3.3727516472007676e-05 -0.14851187775426808 0.1837814134529785 -0.02206602449990607 0.23731475976454508 2.6472981250106993
26.454000000009348 4.3712175470786265 -1.8039676616564386 3.3798439613788607e-05 -0.14821295488929076 0.18398472463805998 -0.021865660808004644 0.23726686667069297 2.6492493051396875
26.45500000000935 4.373171599779018 -1.7954673450988863 3.387795933286255e-05 -0.14789755219266848 0.18418419641005485 -0.02165570138652897 0.2372055512721894 2.6510453350374688
26.45600000000935 4.374957200519774 -1.7866170206861032 3.396606712653728e-05 -0.14756576635907886 0.18437973755120232 -0.021436219583450457 0.23713088059260104 2.652686381235114
26.45700000000935 4.376573838009589 -1.7774197436657153 3.4062704375080005e-05 -0.14721771688521126 0.18457128329153702 -0.021207287226130852 0.23704295773608344 2.6541729382414623
26.458000000009353 4.378020598256026 -1.76787853800524 3.416783918770637e-05 -0.14685351243298936 0.18475875102891318 -0.020968978432337828 0.23694186682004076 2.655505430993858
26.459000000009354 4.379297361490381 -1.7579965784786489 3.428139307707289e-05 -0.14647328610351318 0.18494209265415784 -0.020721365404590665 0.23682773520323017 2.6566844866666486
26.460000000009355 4.3804035662498055 -1.7477770953233052 3.440333567039857e-05 -0.14607715755594158 0.18512124082672216 -0.020464530448617516 0.2367006691400154 2.657710728940037
26.461000000009356 4.381338981139981 -1.7372231937285307 3.453359122675927e-05 -0.14566525557322088 0.18529614293463811 -0.02019854400928671 0.23656079228765 2.6585848875236167
26.462000000009358 4.382103295080191 -1.726338012518451 3.4672112408407306e-05 -0.14523770385429124 0.185466743854693 -0.01992348221477066 0.23640822498485833 2.6593075723805812
26.46300000000936 4.38269656769214 -1.7151251361903088 3.4818847368404635e-05 -0.14479464619652446 0.18563300173192507 -0.01963943650141849 0.23624311284199342 2.6598797499851443
26.46400000000936 4.383118685045534 -1.7035878759547591 3.497373738325508e-05 -0.14433621688141263 0.18579486860516845 -0.01934648699847874 0.23606559101832755 2.660302246724351
26.46500000000936 4.38336977307238 -1.6917295725924553 3.5136721632504604e-05 -0.14386255438842532 0.18595230800329976 -0.01904471558998703 0.235875807574283 2.6605759508227855
26.466000000009362 4.383450012051597 -1.6795536846091323 3.530774075851007e-05 -0.1433738020692127 0.1861052847931044 -0.01873420766208284 0.23567391600351176 2.6607018328198926
26.467000000009364 4.383359185700447 -1.6670634431369464 3.5486737037067546e-05 -0.14287009002963913 0.18625374726828206 -0.018415041053817447 0.23546004912419446 2.660680578343322
26.468000000009365 4.3830981109215985 -1.6542627079446475 3.567365642483906e-05 -0.14235158275107382 0.1863976873541756 -0.018087316064030405 0.23523439792071427 2.6605134860194526
26.469000000009366 4.382667396104358 -1.6411549316789953 3.5868410020569325e-05 -0.1418184341881645 0.18653708947064218 -0.01775111454116259 0.23499714060220941 2.6602017169621943
26.470000000009367 4.382067367843324 -1.6277437406609696 3.607094457730497e-05 -0.14127079486006733 0.18667192435138644 -0.01740652806373333 0.23474844417094334 2.6597462267942324
26.47100000000937 4.381298754050373 -1.6140326915797452 3.628119918529536e-05 -0.14070881854306205 0.1868021828755478 -0.017053646859894994 0.23448849441726555 2.6591481880539636
26.47200000000937 4.3803623481978855 -1.6000253613457547 3.6499101194656696e-05 -0.14013266374508224 0.18692785800179312 -0.01669255883391335 0.23421748240866752 2.6584087503119793
26.47300000000937 4.379258721237508 -1.585725554992449 3.672459245041509e-05 -0.13954249069392097 0.1870489305415098 -0.016323361735394892 0.23393559212768403 2.657529046291102
26.474000000009372 4.377988804703343 -1.5711369397434143 3.6957599565746123e-05 -0.13893846321275358 0.18716539926169803 -0.0159461463014431 0.2336430243396527 2.6565102531367866
26.475000000009373 4.376553637294329 -1.5562631461912855 3.719805960871943e-05 -0.13832074182739246 0.18727726958050037 -0.015561005978984088 0.2333399842039198 2.6553536287565747
26.476000000009375 4.374954177302267 -1.5411079086261603 3.7445905222423216e-05 -0.1376894918203369 0.18738454138457034 -0.015168034857877837 0.23302667613193598 2.654060367405158
26.477000000009376 4.373191716991168 -1.5256750006722741 3.7701066198157027e-05 -0.13704488409449667 0.18748723042045912 -0.014767329400828562 0.2327033215165631 2.6526317912482553
26.478000000009377 4.371267187652388 -1.5099681976411863 3.796348734065356e-05 -0.13638708208440006 0.18758533586256515 -0.014358987929089823 0.2323701248536825 2.651069041288328
26.47900000000938 4.369182674412361 -1.4939922682253006 3.8233107682096e-05 -0.13571629966485893 0.18767890194666997 -0.013943141561911428 0.23202735922137513 2.649373975440838
26.48000000000938 4.366938718978913 -1.4777495274609165 3.850983304134146e-05 -0.13503265246074456 0.18776792243558119 -0.013519834939624678 0.23167519475151704 2.647547199456237
26.48100000000938 4.364536924568102 -1.4612439788981262 3.879358209455104e-05 -0.13433632589043226 0.18785242520816084 -0.01308917022877581 0.23131387439495701 2.6455901418877987
26.482000000009382 4.361978783756896 -1.4444795978478533 3.9084313368231016e-05 -0.13362749481183112 0.18793243573688045 -0.012651256079182539 0.2309436339284192 2.643504115039594
26.483000000009383 4.359264272127762 -1.4274578927329653 3.938189835381417e-05 -0.1329062470533494 0.1880079267943513 -0.012206103718493958 0.23056461135938172 2.6412892356322577
26.484000000009384 4.3563982820874685 -1.410185982124773 3.9686312061047995e-05 -0.13217290464326553 0.18807905702516853 -0.011753933983070947 0.2301772433960246 2.6389490553371493
26.485000000009386 4.353380863972626 -1.3926668910051614 3.999752208754889e-05 -0.13142759015019584 0.18814579246883875 -0.011294823144047879 0.22978168705593255 2.6364838708457756
26.486000000009387 4.350214148895612 -1.3749042516919214 4.0315433724418776e-05 -0.13067048475858203 0.1882081905257589 -0.010828861922990185 0.2293782091188489 2.633895176442369
26.487000000009388 4.346900243556253 -1.3569023184086886 4.063998920943028e-05 -0.12990178397266908 0.18826630287720336 -0.01035616671990438 0.2289670816241132 2.6311844793139336
26.48800000000939 4.343441059061092 -1.338664077466869 4.097108249843586e-05 -0.1291216457694276 0.18832018266811715 -0.009876805872022082 0.22854855479873892 2.628352970621584
26.48900000000939 4.339839615661425 -1.3201936040521471 4.130860650367559e-05 -0.1283302795741122 0.18836992550974807 -0.009390885275993653 0.22812294540090594 2.625402565452073
26.490000000009392 4.336097131756279 -1.3014947226103875 4.1652544703763384e-05 -0.1275278468797618 0.18841554707317676 -0.008898512921270061 0.22769047771235945 2.622334143174691
26.491000000009393 4.3322158691739805 -1.282571712316838 4.200283596210288e-05 -0.12671454671839028 0.1884571064432135 -0.008399806097778724 0.22725143357408353 2.6191491545685253
26.492000000009394 4.32819860625512 -1.263427755143541 4.235936004009905e-05 -0.12589055604545135 0.18849469669159188 -0.007894841237644116 0.226806109486618 2.6158492010553527
26.493000000009395 4.324047680382905 -1.2440668172128655 4.272206220447307e-05 -0.1250560622308964 0.18852838454076673 -0.0073837279118136 0.22635478770312048 2.612435666217226
26.494000000009397 4.319765645218046 -1.2244927450581247 4.30908517933692e-05 -0.12421125758149246 0.18855824680245756 -0.00686656721488766 0.2258977615925154 2.608910012285681
26.495000000009398 4.315355455920685 -1.2047093176733727 4.34656439322657e-05 -0.12335633594279455 0.18858438053552087 -0.006343459964254979 0.22543534257856693 2.605273849280838
26.4960000000094 4.310820336674632 -1.184720136051516 4.384632243080617e-05 -0.12249149412182786 0.18860689653969034 -0.0058144974289850646 0.22496785533689678 2.601528917219587
26.4970000000094 4.306162023376075 -1.1645293040641793 4.4232879451059766e-05 -0.12161690719550121 0.1886258340011681 -0.005279801131325057 0.22449555378319128 2.5976761976892813
26.4980000000094 4.301383909003215 -1.144140380015584 4.46251900627814e-05 -0.12073277364147247 0.18864131191587763 -0.004739460835596806 0.22401877082405086 2.593717429373971
26.499000000009403 4.296489322406883 -1.1235571767091592 4.5023160838426235e-05 -0.11983929368688996 0.18865344560186167 -0.004193579829530431 0.22353783787228035 2.5896542059737975
26.500000000009404 4.291480853824078 -1.1027834357423876 4.5426731631821264e-05 -0.11893665064606376 0.18866231665771654 -0.0036422618674799966 0.22305304899299547 2.58548799452041
26.501000000009405 4.286361950367955 -1.0818229379720121 4.583579593698208e-05 -0.11802504704755726 0.18866804593490435 -0.0030856082718156335 0.22256474174019655 2.581220415140851
26.502000000009406 4.281135439991688 -1.060679501328266 4.625029669789089e-05 -0.11710467007189876 0.18867072650120978 -0.0025237278845443314 0.22207322214435893 2.576852867997872
26.503000000009408 4.275805265381299 -1.0393567771819987 4.667010720629286e-05 -0.11617572808069478 0.18867050353199916 -0.001956715784195745 0.22157885150608972 2.572387236695442
26.50400000000941 4.270374703495548 -1.0178584340788965 4.709514446725277e-05 -0.11523841299597702 0.1886674923543465 -0.0013846739010972523 0.2210819572532348 2.5678250643321525
26.50500000000941 4.26484645043018 -0.9961884580232989 4.752537844303138e-05 -0.11429291004716521 0.18866177973076437 -0.0008077221680518427 0.2205828389365991 2.5631676083069
26.50600000000941 4.259224902954055 -0.9743501044823316 4.796062847232803e-05 -0.11333942954187157 0.18865353423099804 -0.0002259358149438507 0.22008187865818415 2.5584169203355915
26.507000000009413 4.253513244958646 -0.9523476282151411 4.840087707050712e-05 -0.11237817009625346 0.1886428644095802 0.0003605534027529226 0.21957940114134106 2.5535744477862954
26.508000000009414 4.247716197643761 -0.9301843291942222 4.884595874928036e-05 -0.1114093428288847 0.1886299556006936 0.0009516627851801672 0.21907580304894536 2.5486424062025175
26.509000000009415 4.241837218844565 -0.9078639447585304 4.9295796823455886e-05 -0.11043314244354405 0.18861493191825351 0.0015472852526270463 0.2185714198703401 2.543622319348383
26.510000000009416 4.235880222267174 -0.8853902203721108 4.9750297383416174e-05 -0.10944977250283017 0.18859793877898287 0.002147314580516816 0.21806660948551926 2.538515982429556
26.511000000009417 4.229849221444538 -0.8627668619171425 5.0209361048135826e-05 -0.10845943672159304 0.18857912674237506 0.002751645398420311 0.21756173378901136 2.5333252000037767
26.51200000000942 4.22374828994011 -0.83999751183367 5.0672886556911385e-05 -0.10746233832142074 0.1885586497097715 0.0033601751611414925 0.2170571567928442 2.5280518126456504
26.51300000000942 4.217581534372487 -0.8170858537528622 5.1140776573093233e-05 -0.10645868049319879 0.18853666339588793 0.003972797645836521 0.2165532433789485 2.5226976759347894
26.51400000000942 4.211353162042013 -0.7940355384662988 5.161292156486923e-05 -0.10544866914067191 0.18851332793923511 0.00458940977905789 0.21605036291657695 2.517264731024839
26.515000000009422 4.20506739000288 -0.770850299186146 5.208922887681233e-05 -0.10443250940600679 0.18848880427101905 0.005209902168157947 0.21554888410046572 2.5117548571618817
26.516000000009424 4.198728279147789 -0.7475338709871265 5.256961834530404e-05 -0.10341040197491448 0.18846324644881454 0.005834163317637148 0.21504916637889315 2.506169932714489
26.517000000009425 4.192340542524687 -0.7240896149610594 5.305393539867196e-05 -0.10238255735996725 0.18843683985569637 0.006462104991145787 0.21455160094318787 2.500512097615791
26.518000000009426 4.1859085401115665 -0.7005214797997166 5.354209710895686e-05 -0.10134918646770842 0.18840975114450703 0.00709360650888358 0.21405656069670995 2.4947834077267586
26.519000000009427 4.17943666314219 -0.6768331578972921 5.4033995978371285e-05 -0.10031049797911687 0.1883821493652366 0.007728561330531244 0.21356441853577693 2.488985931306018
26.52000000000943 4.1729289996043 -0.6530281885609035 5.452956936147702e-05 -0.09926668095238259 0.18835419362387193 0.00836685829057899 0.21307552773759775 2.4831215261647985
26.52100000000943 4.166390884564105 -0.6291103553663089 5.50286403133478e-05 -0.09821797050864532 0.18832609427148314 0.009008394984710734 0.21259030715107696 2.4771928825266656
26.52200000000943 4.159826636859584 -0.6050833122105571 5.553111646649641e-05 -0.09716456848272513 0.18829801865396245 0.009653061137844263 0.2121091199990541 2.4712020282163225
26.523000000009432 4.153240883334262 -0.5809507944813058 5.603689225892612e-05 -0.09610668553757885 0.18827014750485777 0.010300744954849261 0.21163234344765172 2.4651512670690816
26.524000000009433 4.146638277564235 -0.5567165314348501 5.654586205735968e-05 -0.09504453154884629 0.18824266323879515 0.010951333342892477 0.21116035362387806 2.4590428930501824
26.525000000009435 4.140023573893095 -0.5323842246226991 5.705790038412466e-05 -0.09397832123042535 0.18821575196174145 0.011604718240132286 0.21069353011719572 2.452879324118537
26.526000000009436 4.133401409481936 -0.5079575492907186 5.7572895843609916e-05 -0.0929082627290244 0.1881895957066476 0.012260788205692257 0.21023224334764098 2.4466629780105897
26.527000000009437 4.126776545957277 -0.48344029771567154 5.809073318432592e-05 -0.09183457104257192 0.18816438093131757 0.012919429055695668 0.2097768679739602 2.4403962779082273
26.52800000000944 4.120153765960386 -0.45883617876835103 5.861129481275983e-05 -0.09075745772605488 0.18814029616132372 0.01358052789134474 0.20932777625144455 2.434081825186591
26.52900000000944 4.113537832048149 -0.4341489813618863 5.913445867054354e-05 -0.08967713848320691 0.18811752762737902 0.014243971010798872 0.20888533715254035 2.427722174119287
26.53000000000944 4.106933497095288 -0.40938223943093927 5.966010387119587e-05 -0.08859381812396801 0.18809626437229812 0.01490965069199949 0.20844991476216446 2.4213198108633773
26.531000000009442 4.1003455616973685 -0.3845402844969298 6.018811207138528e-05 -0.08750772989399677 0.18807668895255736 0.015577433515460084 0.20802187421876164 2.4148777338507315
26.532000000009443 4.0937789560831925 -0.3596263410564374 6.0718343955828626e-05 -0.08641907403115331 0.1880590013126851 0.016247224726710308 0.20760158150275898 2.4083984769558007
26.533000000009444 4.087238351932943 -0.33464446035812134 6.125067449589395e-05 -0.08532807287289948 0.18804338062853693 0.016918900135829796 0.20718938727699795 2.4018848924198024
26.534000000009446 4.080728517569347 -0.30959847741787766 6.17849840376137e-05 -0.084234941181752 0.18803001341669184 0.017592341311511085 0.20678564199236665 2.3953398100090197
26.535000000009447 4.074254212831311 -0.28449220232469197 6.232113950509814e-05 -0.08313989434610268 0.1880190856445208 0.01826743149553416 0.2063906917763657 2.38876609718681
26.536000000009448 4.067820168848117 -0.259329539461885 6.28590049763997e-05 -0.0820431518593264 0.18801078048344877 0.0189440523129876 0.20600487727975098 2.382166729769602
26.53700000000945 4.0614312827969705 -0.23411433142010707 6.33984387351532e-05 -0.08094493258999216 0.18800528988495377 0.0196220858403484 0.20562854225386581 2.375544749781111
26.53800000000945 4.05509232894675 -0.20885048147095658 6.393929563998045e-05 -0.07984545723773008 0.18800279882700371 0.020301413798577927 0.20526201989289228 2.368903269332434
26.53900000000945 4.04880782850943 -0.18354193988652656 6.448145027126181e-05 -0.07874494083651942 0.18800348061340585 0.020981913340229166 0.2049056249045377 2.362245281541121
26.540000000009453 4.042582565676312 -0.15819265396056395 6.502474956210995e-05 -0.07764360580100087 0.18800752007316954 0.021663464322118138 0.20455968031916785 2.355573979329523
26.541000000009454 4.036421133881478 -0.13280634218728815 6.556904173548857e-05 -0.07654166336707778 0.1880150954007109 0.022345953527664376 0.20422449404662021 2.3488925552038196
26.542000000009455 4.0303281102348105 -0.10738719306817979 6.611420100385775e-05 -0.07543933768256633 0.18802637993663318 0.02302925026692886 0.20390036682143622 2.3422041757707968
26.543000000009457 4.024308379889035 -0.08193931380969491 6.666003825938098e-05 -0.07433686367662824 0.18804155978377665 0.02371323392552575 0.20358761006112325 2.335512419015098
26.544000000009458 4.018366045401905 -0.05646680480617935 6.720644752266267e-05 -0.07323445097096776 0.188060787587581 0.02439777228607991 0.20328648732663898 2.3288204369524426
26.54500000000946 4.012505870679971 -0.03097365333876393 6.775325198828117e-05 -0.07213232517516349 0.18808424594361467 0.025082745481237907 0.20299729069184697 2.322131686915602
26.54600000000946 4.0067321234550715 -0.005464048568264938 6.830030340456222e-05 -0.07103070861406346 0.18811209227627676 0.02576802469165955 0.20272028000001488 2.3154496257521036
26.54700000000946 4.001049250615203 0.020057838596156483 6.884745171834689e-05 -0.06992982425467026 0.1881444930597707 0.026453480412280378 0.20245571667633908 2.308777762072758
26.548000000009463 3.9954617354050233 0.04558789601051966 6.939450549871883e-05 -0.0688299014756033 0.18818161483542675 0.027138991734583524 0.20220385844879407 2.302119731146855
26.549000000009464 3.989973505645701 0.07112174944777691 6.994134631866191e-05 -0.06773115718115894 0.18822359851959689 0.02782441800992574 0.20196492500024932 2.2954789450704522
26.550000000009465 3.9845888881312677 0.09665520674954328 7.048779165844335e-05 -0.06663381965549015 0.18827060256719239 0.028509634685689712 0.20173915084287825 2.288859186332327
26.551000000009466 3.979311935675379 0.12218391891182685 7.103368166336732e-05 -0.06553811348533573 0.1883227721312905 0.029194507441621706 0.20152674782070398 2.282264065537253
26.552000000009468 3.974146604958565 0.1477034441300356 7.157885790745437e-05 -0.06444426547204614 0.18838024648017518 0.029878899816448826 0.20132791478184167 2.275697308797265
26.55300000000947 3.9690968669250375 0.17320942584326607 7.212314964092686e-05 -0.06335250071849523 0.18844316615969858 0.030562678522257615 0.2011428436162559 2.269162739834341
26.55400000000947 3.964166596915339 0.19869741991479745 7.26663796708253e-05 -0.06226304867439419 0.18851166528513938 0.03124571057552284 0.20097171345285322 2.26266410197181
26.55500000000947 3.959359434820824 0.2241628402402967 7.320839457923235e-05 -0.06117613390974042 0.18858586698815075 0.03192785225341922 0.20081468157814344 2.2562053083772087
26.556000000009472 3.9546790427497305 0.24960118470658085 7.374901803849915e-05 -0.06009198453118256 0.18866589449748036 0.032608968792391085 0.2006718993709219 2.2497901831022364
26.557000000009474 3.950128429209352 0.27500922018492524 7.428803164799273e-05 -0.05901077935935647 0.18875185201825984 0.033288969120580256 0.20054348452650528 2.2434219523889514
26.558000000009475 3.9457120658113314 0.3003799910101296 7.482532966749529e-05 -0.057932831626922886 0.18884387848167727 0.033967629319283786 0.2004295967712557 2.2371058826404386
26.559000000009476 3.9414330174859353 0.3257096358507705 7.53606956225253e-05 -0.056858343453987104 0.18894207363829388 0.03464483948685183 0.2003303354815235 2.230845609716584
26.560000000009477 3.937293848940342 0.35099353126345817 7.589399230783337e-05 -0.05578752412201801 0.18904650859892674 0.03532045513204818 0.20024576103339578 2.22464483048721
26.56100000000948 3.9332975513396233 0.3762270408523613 7.642502768800301e-05 -0.054720598765444134 0.18915727189298048 0.035994339581424305 0.20017594740913944 2.2185075480293324
26.56200000000948 3.9294474257436733 0.40140496585698465 7.69536138287944e-05 -0.053657814991119886 0.18927446141514684 0.03666633683359747 0.20012097119095235 2.2124381665287682
26.56300000000948 3.925746037376241 0.4265228237678384 7.747957684502352e-05 -0.05259938328152949 0.18939814762349236 0.03733631283516464 0.20008086790328736 2.206440568579161
26.564000000009482 3.922195773164691 0.45157534592282966 7.800277240539022e-05 -0.05154553390406401 0.189528385596926 0.038004104105287095 0.20005564961099595 2.20051883325196
26.565000000009483 3.91879965921591 0.4765575676631126 7.852296579362615e-05 -0.050496508448758304 0.1896652604108791 0.03866956790713949 0.2000453544933423 2.194677436213836
26.566000000009485 3.915559860871748 0.5014644857431365 7.903998641309832e-05 -0.0494525308367007 0.18980881724426366 0.03933255542445323 0.20004996832301372 2.1889204600444243
26.567000000009486 3.912478482088506 0.5262909179880368 7.95536671305345e-05 -0.0484138269081451 0.18995909745543485 0.03999290889466078 0.2000694631967404 2.1832521120844497
26.568000000009487 3.9095575831891893 0.551031672260857 8.006383518814768e-05 -0.04738062503641652 0.1901161393007756 0.040650473569519945 0.200103800695788 2.1776765526427546
26.56900000000949 3.9067992068201765 0.5756820802855477 8.057028313877616e-05 -0.04635314069455953 0.19027998418438088 0.041305116297050914 0.20015293818920263 2.172197800016999
26.57000000000949 3.9042048943337164 0.6002362409532642 8.107284099646555e-05 -0.04533161862099056 0.19045063755490113 0.04195665916854135 0.2002167881084211 2.166820426772475
26.57100000000949 3.9017752937869243 0.6246892136708189 8.157137151823945e-05 -0.04431625647140638 0.19062807310112712 0.04260495679843632 0.20029522007697728 2.1615479759705853
26.572000000009492 3.899513373620655 0.6490353908722636 8.20656025611308e-05 -0.0433073194002291 0.19081236480302272 0.04324984741880006 0.20038820268944169 2.1563855936287597
26.573000000009493 3.8974198301941945 0.6732693219815444 8.255539857952798e-05 -0.04230502343588961 0.19100348301282444 0.043891169214551204 0.2004955866495865 2.15133718931975
26.574000000009494 3.895495349348183 0.6973858281534415 8.304058404095045e-05 -0.04130957809821179 0.1912013991969249 0.04452877117887656 0.2006172170084483 2.1464067395842354
26.575000000009496 3.89374103498571 0.7213793989710422 8.352096490055064e-05 -0.04032121412929476 0.19140610028649588 0.0451624950794875 0.2007529489137066 2.141598487835088
26.576000000009497 3.8921575587612334 0.7452445582691304 8.399636110685552e-05 -0.03934015303862987 0.19161755335082997 0.0457921827685529 0.2009026092313625 2.136916491397141
26.577000000009498 3.8907454365785377 0.7689757649062285 8.446660180298763e-05 -0.03836661449141146 0.1918357177084784 0.04641767270914612 0.20106600915120637 2.132364861904839
26.5780000000095 3.889505029722922 0.7925675322469381 8.493150346357353e-05 -0.037400817715077014 0.19206054474341297 0.0470388088545877 0.20124294658782801 2.1279475759811115
26.5790000000095 3.888436925032284 0.8160138304084761 8.539088938844213e-05 -0.03644300106638427 0.1922919917064588 0.04765541504023362 0.20143321718082702 2.1236689545975493
26.580000000009502 3.8875402725346815 0.8393098989796557 8.584458487929503e-05 -0.03549334133150692 0.1925299594397459 0.048267360836098006 0.20163655591887883 2.11953188672171
26.581000000009503 3.8868153043348923 0.8624499990301991 8.629241578225776e-05 -0.03455206675100435 0.1927743896951668 0.048874484792858316 0.20185273320635824 2.115540890491408
26.582000000009504 3.8862617300716606 0.8854283169200723 8.673421885109966e-05 -0.03361939512325198 0.19302519988585945 0.049476618975545526 0.20208148689249258 2.1116996717597885
26.583000000009505 3.885878467705828 0.9082392728087088 8.716984060092733e-05 -0.03269552638690174 0.19328227140016424 0.05007360597042372 0.20232251456079867 2.108011603260086
26.584000000009507 3.8856658930072925 0.9308771924792335 8.759908440544915e-05 -0.03178068973804973 0.19354555323187395 0.05066528794538589 0.2025755780410047 2.104480712542426
26.585000000009508 3.8856224232429373 0.9533367956511145 8.802178969127798e-05 -0.030875071485618088 0.19381490468366028 0.05125152167081947 0.20284034556851066 2.1011100948225496
26.58600000000951 3.8857470360612947 0.9756123734183269 8.843781368236315e-05 -0.029978875810297914 0.19409020891472323 0.05183214511977772 0.2031165021831753 2.0979029880884075
26.58700000000951 3.886038138748933 0.9976993440931794 8.884696530313241e-05 -0.029092270976477864 0.19437133042026114 0.05240704286052644 0.20340371791414288 2.094862249482002
26.58800000000951 3.886495195037635 1.0195906948188764 8.924911958291665e-05 -0.028215508786547355 0.19465816299681873 0.052976007822810936 0.2037016758944862 2.0919916885314924
26.589000000009513 3.887116258081023 1.0412814064710774 8.96441257446814e-05 -0.027348762532904407 0.19495055099141553 0.053538907552720366 0.20401001633713098 2.0892938201225792
26.590000000009514 3.8878995547767565 1.0627662998956198 9.003183542722037e-05 -0.026492213617530125 0.19524834539764457 0.05409560481226264 0.20432838330217185 2.086771255772193
26.591000000009515 3.888842400229917 1.084038587838412 9.041214889125986e-05 -0.025646076129038468 0.1955513384269122 0.054645903382280724 0.20465635083680822 2.084427001282548
26.592000000009516 3.8899441252122613 1.1050944444812758 9.078487444190956e-05 -0.02481050826740333 0.19585944706534966 0.05518971545904369 0.20499363165152618 2.0822629972375797
26.593000000009518 3.891201690452922 1.1259284430653447 9.11499055780336e-05 -0.023985679347878257 0.19617245923128668 0.055726896245631825 0.2053398001844783 2.080281261179503
26.59400000000952 3.892612993621647 1.1465350100235618 9.150710348634105e-05 -0.023171778840627568 0.19649020605034775 0.056257296750668206 0.20569447208430228 2.078484148013322
26.59500000000952 3.8941752632431688 1.1669091078477463 9.185638791428051e-05 -0.022368963588411422 0.19681249384312668 0.05678078215386009 0.20605723837510434 2.0768729923429863
26.59600000000952 3.89588587818821 1.1870455795463086 9.219762400015801e-05 -0.021577404886164525 0.19713913218333518 0.05729722131376136 0.20642769535577857 2.0754495428859747
26.597000000009523 3.8977415645540963 1.206938663534454 9.253072187555866e-05 -0.020797279457888746 0.19746989458736378 0.0578064600711312 0.20680539868956363 2.074215418966048
26.598000000009524 3.89974075699259 1.2265831665141864 9.285557595513572e-05 -0.020028769377139325 0.1978046430070842 0.05830835904280391 0.20718999283794376 2.0731720324307434
26.599000000009525 3.901879203327697 1.2459754249510948 9.317208230952967e-05 -0.019271973150657776 0.19814312422371355 0.05880284030323045 0.20758102190224634 2.0723195700419925
26.600000000009526 3.9041539799127847 1.2651098855968133 9.348017020649639e-05 -0.018527064121575086 0.19848513145128382 0.059289755106092364 0.20797806271993877 2.071658957396131
26.601000000009527 3.9065619707033425 1.2839817749888787 9.377974093950537e-05 -0.01779419276295697 0.19883045505273744 0.05976898615641499 0.20838069694367 2.071190887623084
26.60200000000953 3.909099626458343 1.30258632874002 9.407073839166437e-05 -0.017073497286247415 0.19917886640531432 0.060240412159275135 0.2087884872046562 2.0709154596831185
26.60300000000953 3.9117633886744634 1.3209190245746902 9.435309500368174e-05 -0.016365110651535175 0.19953013818196064 0.060703922841134746 0.20920100176110948 2.0708325927427356
26.60400000000953 3.9145496556940182 1.3389753070324377 9.462674725341665e-05 -0.015669166334970345 0.19988404057727505 0.0611594069523939 0.20961780818885412 2.0709421499153224
26.605000000009532 3.9174546033956092 1.356751023399541 9.48916402477578e-05 -0.014985781075842686 0.2002403374683232 0.061606767039382976 0.210038472973229 2.0712435010861974
26.606000000009534 3.9204747219830476 1.3742412573910843 9.514774186635759e-05 -0.014315098146989017 0.2005988009139945 0.06204587747137379 0.21046256644420894 2.0717361990222916
26.607000000009535 3.9236060215009427 1.3914419069577924 9.539500957538443e-05 -0.01365723037820212 0.20095918743341087 0.06247664334776313 0.21088965341975324 2.0724191887374697
26.608000000009536 3.9268447922336795 1.4083489575715837 9.563339065128961e-05 -0.013012290206677754 0.20132126834356442 0.06289897089759296 0.21131931602165602 2.07329090662673
26.609000000009537 3.930186768742959 1.4249581419165438 9.586290589144199e-05 -0.012380389098308195 0.201684786122758 0.06331275867794801 0.21175110955794357 2.0743505524765564
26.61000000000954 3.933627895754044 1.44126556843463 9.608351944086491e-05 -0.011761630441714126 0.20204949688405882 0.06371791781394207 0.212184608754483 2.0755962396825454
26.61100000000954 3.937164038357781 1.4572674977721765 9.629522520518467e-05 -0.011156110766244556 0.20241515478417893 0.0641143646950383 0.21261939105824804 2.0770259571074208
26.61200000000954 3.9407913870834177 1.4729595095238504 9.649801769669266e-05 -0.0105639532078107 0.2027815227906667 0.06450199211094558 0.21305504002242937 2.078638064064344
26.613000000009542 3.94450513713772 1.4883391312601704 9.669190850517788e-05 -0.009985202107848593 0.20314833624618603 0.06488075937548497 0.21349113264458464 2.0804294263012033
26.614000000009543 3.9483012782302507 1.5034024963294876 9.687689971285257e-05 -0.009419959024080151 0.20351535445054436 0.06525057793428013 0.2139272611097137 2.0823977496519572
26.615000000009545 3.9521757338244745 1.5181461965884244 9.705300012430471e-05 -0.00886831005954931 0.20388233802472544 0.0656113753080413 0.21436302678296312 2.0845404913016385
26.616000000009546 3.956124088605536 1.5325671002966834 9.722023022079731e-05 -0.008330327098624336 0.20424903441024703 0.06596308876291893 0.2147980248657633 2.086854371191851
26.617000000009547 3.9601420271355674 1.5466620728100078 9.737862042898013e-05 -0.007806081184707333 0.20461519640892004 0.06630565338161332 0.21523185910846426 2.089336324974936
26.61800000000955 3.9642251580928556 1.5604280631123735 9.752821425099221e-05 -0.0072956389294705 0.20498057441238215 0.06663900678073692 0.2156641357726 2.0919828755381262
26.61900000000955 3.9683693223336203 1.5738623815399442 9.766903019420661e-05 -0.006799061879928485 0.20534493262916806 0.0669631014009375 0.21609448291929367 2.0947904278457004
26.62000000000955 3.9725702766520135 1.5869624664365525 9.780110805636662e-05 -0.006316400221355595 0.2057080344083172 0.06727788850860111 0.21652253142355765 2.097755253004107
26.621000000009552 3.976823326887523 1.599725407722935 9.792453253311642e-05 -0.005847710282184281 0.20606961752403502 0.0675833104942494 0.21694788968646034 2.1008731364281097
26.622000000009553 3.9811244083590056 1.612148984470379 9.803933015871661e-05 -0.005393037466595993 0.2064294561950453 0.06787933365810213 0.21737021225541966 2.104140266090626
26.623000000009554 3.9854692438250456 1.6242309586360988 9.81455677280292e-05 -0.004952422238275005 0.20678731531320316 0.06816592257832899 0.21778914863101653 2.107552222370514
26.624000000009556 3.9898531922850093 1.6359692579492113 9.824331533231492e-05 -0.004525891287856437 0.20714294457837573 0.06844304399569366 0.2182043387560064 2.111104360038143
26.625000000009557 3.9942718743316385 1.6473616529476518 9.833265956285937e-05 -0.004113479263642791 0.20749610542149508 0.06871065918094667 0.21861543669608702 2.114792101230181
26.626000000009558 3.998721420572876 1.6584061295724788 9.841365434639979e-05 -0.0037152253397640645 0.20784658426580344 0.06896873941771509 0.2190221278938629 2.1186110924341452
26.62700000000956 4.003197317291213 1.6691006242618345 9.848638610653674e-05 -0.0033311578106181637 0.20819413736910133 0.06921725257868915 0.21942407229327762 2.122556531360564
26.62800000000956 4.007695467963157 1.6794440097982637 9.855094895270776e-05 -0.0029612763294617414 0.2085385518930557 0.06945619343956097 0.21982097167983275 2.126623111707849
26.62900000000956 4.012211479480435 1.689434743883341 9.860743919777647e-05 -0.002605591262911626 0.2088795960291505 0.06968554466812846 0.22021251072276568 2.1308058182932172
26.630000000009563 4.016741460591044 1.6990712946431992 9.8655923775226e-05 -0.002264123229175587 0.2092170609914528 0.06990529161085189 0.22059840130675565 2.135099679516882
26.631000000009564 4.021281249713551 1.7083523206004707 9.869651875840763e-05 -0.001936876109706999 0.20955072924570353 0.07011542084187358 0.22097835155576562 2.139499607141543
26.632000000009565 4.025826787653434 1.7172767436931853 9.872930769131653e-05 -0.0016238501733273872 0.20988038977378565 0.0703159302566398 0.2213520836785555 2.1440001678371465
26.633000000009567 4.030374086164836 1.7258437352671072 9.875440325491137e-05 -0.0013250336560613467 0.21020583893670636 0.0705068214513356 0.2217193322839593 2.1485964437478415
26.634000000009568 4.0349193251632105 1.7340524974658045 9.87719054245571e-05 -0.0010404186123199636 0.21052688092535662 0.07068809931264303 0.22207984475742554 2.1532833203375787
26.63500000000957 4.0394585944974 1.7419017423327068 9.878189757626111e-05 -0.0007700139276752979 0.21084330948382382 0.07085975465646507 0.22243335834697714 2.158054615714424
26.63600000000957 4.043987962464449 1.749391046638051 9.878450851198963e-05 -0.0005137931570477049 0.2111549287106716 0.07102180089152059 0.22277963125943948 2.162905136886313
26.63700000000957 4.048503772766818 1.7565198687935937 9.877983350141068e-05 -0.0002717415054948901 0.21146155342965262 0.07117425032232771 0.22311843565979259 2.1678294996360754
26.638000000009573 4.0530024374889155 1.7632877941179248 9.876798124568964e-05 -4.38376435359587e-05 0.2117630039434991 0.0713171162640841 0.22344955321758486 2.172822391734757
26.639000000009574 4.057480289230055 1.7696945212132533 9.874905690277198e-05 0.0001699428171457189 0.21205909753956206 0.07145041775452293 0.22377276851116276 2.177878253998027
26.640000000009575 4.061933827518532 1.7757398254698615 9.872316939431858e-05 0.0003696267164085842 0.21234966088736376 0.0715741737812639 0.2240878788675515 2.1829917305991486
26.641000000009576 4.066359721985413 1.7814237646441067 9.86904236347488e-05 0.0005552480668324171 0.21263453180691289 0.07168841220669536 0.22439469882748533 2.188157500937293
26.642000000009578 4.070754506738244 1.7867464590207 9.86509164561249e-05 0.0007268432088247469 0.2129135417847321 0.07179316460349211 0.22469304185967393 2.1933700824310547
26.64300000000958 4.075114966538257 1.7917078780711782 9.86047804186297e-05 0.0008844464661186347 0.21318653481252212 0.07188845134573027 0.22498273335482782 2.198624244450843
26.64400000000958 4.079437870102282 1.7963084044680464 9.855210607773613e-05 0.001028099760436373 0.21345335641744284 0.07197431202286965 0.22526360990216485 2.203914611252968
26.64500000000958 4.083720157336558 1.8005483996989813 9.849300632586703e-05 0.00115784681929074 0.2137138615684271 0.07205078060861059 0.225535518759365 2.2092360767051353
26.646000000009582 4.087958612374484 1.8044282950264592 9.842759593687676e-05 0.0012737353504111409 0.21396789832534147 0.07211789440265874 0.22579830514992708 2.2145831272263705
26.647000000009584 4.092150491262212 1.8079488156983579 9.835597379697684e-05 0.001375817390895109 0.2142153408401334 0.07217569776261136 0.22605184465575023 2.2199511005508565
26.648000000009585 4.096293072006658 1.8111106081281438 9.827823835497703e-05 0.0014641401903406626 0.2144560629213056 0.07222423451045157 0.22629601560969792 2.225335020929063
26.649000000009586 4.100383152072079 1.8139147622686702 9.819451552023277e-05 0.0015387785276212522 0.21468992164770961 0.07226355808973053 0.22653068693721082 2.2307295272133527
26.650000000009587 4.104418245123295 1.816361680719272 9.810490409979607e-05 0.0015997695523154907 0.21491679993860224 0.07229370263230687 0.22675574876672502 2.236130081303801
26.65100000000959 4.1083956729758 1.8184524148448655 9.800951585952269e-05 0.0016471775731814824 0.2151365790832682 0.07231472111232538 0.2269710989160565 2.2415318181391997
26.65200000000959 4.112312667665022 1.8201880619735846 9.790846940487552e-05 0.0016810732129771432 0.21534913762462193 0.0723266648028257 0.22717663507569624 2.2469298913100477
26.65300000000959 4.116166869865131 1.8215698493039927 9.780186316631464e-05 0.001701522707134105 0.2155543741376584 0.07232959064055346 0.22737227859092793 2.252319812196695
26.654000000009592 4.11995575340581 1.822598843566792 9.768982288914445e-05 0.0017085934569133338 0.21575217876023436 0.07232354748128696 0.22755794306432614 2.257696987676363
26.655000000009593 4.1236769261251025 1.8232765433200762 9.757244642463416e-05 0.001702362937281588 0.21594245172552717 0.07230859962823374 0.22773355940001042 2.2630569762244943
26.656000000009595 4.127328172528573 1.8236041156156695 9.744985320111053e-05 0.0016828979376691945 0.21612509911441669 0.0722847982023585 0.2278990624461644 2.2683954508747948
26.657000000009596 4.1309072215838745 1.8235831424907991 9.732214980666583e-05 0.0016502797444293016 0.21630002875892276 0.07225220719896794 0.2280543955056957 2.2737081810639905
26.658000000009597 4.134411870770443 1.8232151302819453 9.718945425728039e-05 0.0016045885101592344 0.2164671514889882 0.07221088634770814 0.2281995058828242 2.278990979421087
26.6590000000096 4.137840163525127 1.822501684976696 9.705186999893698e-05 0.0015459031287599918 0.21662639068611317 0.07216089880062376 0.22833435631522891 2.2842399327956784
26.6600000000096 4.141189977821979 1.8214444143980624 9.690952174792643e-05 0.001474308114929823 0.21677766272799578 0.07210230531915737 0.22845890456396623 2.289450986752756
26.6610000000096 4.144459507767496 1.8200450550146463 9.676250750201247e-05 0.0013898851303162135 0.21692089960847283 0.0720351725937393 0.22857312737553911 2.294620411726435
26.662000000009602 4.14764670210827 1.8183054959328877 9.66109492634786e-05 0.0012927285186517872 0.21705602446278657 0.07195956863326897 0.22867699582708115 2.299744425540781
26.663000000009603 4.150749960221743 1.816227532964397 9.645493985527864e-05 0.0011829195939582376 0.217182979833294 0.07187556102234323 0.22877050137705984 2.3048194801635593
26.664000000009604 4.153767453263165 1.8138131261389945 9.629460072628315e-05 0.0010605535287542688 0.21730170061937032 0.07178321819326038 0.22885363069009637 2.309841977132332
26.665000000009606 4.156697673273697 1.811064272097322 9.613002405931483e-05 0.0009257184343650143 0.21741213622510805 0.07168261267532391 0.22892638749725897 2.314808665400423
26.666000000009607 4.159539023897106 1.8079835624259726 9.596131077342698e-05 0.0007785261156989225 0.21751423886450807 0.07157383377944565 0.22898878551930618 2.3197161099056935
26.667000000009608 4.1622900302848365 1.8045723319133888 9.578857299901405e-05 0.0006190458821161128 0.21760795374051162 0.07145692884009434 0.22904082044080074 2.3245613070661397
26.66800000000961 4.164949264486209 1.8008330232779715 9.561191069938437e-05 0.000447383278469192 0.21769323976352023 0.071331981032523 0.22908251419206918 2.3293411557242045
26.66900000000961 4.167515480998917 1.7967677924874723 9.543141104223455e-05 0.00026362963607581553 0.217770060942622 0.07119906575142376 0.2291138928729855 2.334052764456369
26.670000000009612 4.169987457912393 1.7923789916829034 9.524717116645652e-05 6.788548833388478e-05 0.217838385316834 0.07105826187620196 0.22913498926779355 2.3386932897738046
26.671000000009613 4.172363943401704 1.787668800421132 9.50592875804362e-05 -0.0001397539908011764 0.21789817763308894 0.07090964265587266 0.2291458329723294 2.3432599931607228
26.672000000009614 4.1746439429465685 1.7826396674702023 9.486785182284722e-05 -0.00035918780708212397 0.21794941794039746 0.07075328914617487 0.2291464721994232 2.3477503057369686
26.673000000009615 4.176826349418652 1.7772938721714338 9.467296172118816e-05 -0.0005903180203519797 0.21799207933169173 0.07058927618547359 0.2291369482189828 2.35216164662554
26.674000000009617 4.178910236659735 1.7716339168446704 9.447470201154027e-05 -0.0008330427930928399 0.2180261455426732 0.07041768626849777 0.22911731632484397 2.356491618692878
26.675000000009618 4.180894971960257 1.765662203177933 9.427314910373897e-05 -0.00108726839687654 0.218051613174822 0.0702385986037495 0.22908764456977526 2.3607380605307817
26.67600000000962 4.182779310093995 1.7593811146193372 9.406841085824483e-05 -0.0013528881770865494 0.21806845054088728 0.07005208831726518 0.22904797424411555 2.3648985619493263
26.67700000000962 4.184562594676217 1.7527932480225896 9.386057433603066e-05 -0.0016297984300109585 0.218076655967574 0.06985823803449923 0.2289983789073775 2.36897099795637
26.67800000000962 4.186244191692818 1.7459010663487113 9.36497204076983e-05 -0.0019179009381123534 0.21807622715057917 0.06965712647140632 0.22893893172742139 2.3729534442110176
26.679000000009623 4.187823262256511 1.7387070829779236 9.343594994290816e-05 -0.002217089464102014 0.21806715347865901 0.06944883122258716 0.22886969889035172 2.37684377837511
26.680000000009624 4.189299297702452 1.7312138193353166 9.321934360438438e-05 -0.002527264274880858 0.21804943954046827 0.06923343132962151 0.22879076284304145 2.380640284410722
26.681000000009625 4.190671856309735 1.7234239992563216 9.299998049820422e-05 -0.002848319181296634 0.21802309549784885 0.06901101151843561 0.2287022142512405 2.3843412453438546
26.682000000009626 4.191940233347555 1.7153400162009957 9.277796209450394e-05 -0.003180152719552569 0.2179881160291927 0.0687816441374615 0.22860412654090226 2.3879447760594528
26.683000000009628 4.1931041127902136 1.7069645502757345 9.255336644959995e-05 -0.0035226607532880304 0.21794451706350443 0.06854541104361106 0.22849659741878986 2.3914494201752765
26.68400000000963 4.1941631124331895 1.6983009128726954 9.232624786329965e-05 -0.003875721154565072 0.21789231656280325 0.06830241843850228 0.22837973464412525 2.3948535693018487
26.68500000000963 4.195116714936437 1.6893508087444986 9.209675957965772e-05 -0.0042392458566920385 0.217831514664711 0.06805270410477013 0.2282536100974683 2.3981558242529974
26.68600000000963 4.195964725622968 1.68011714221018 9.18649563934962e-05 -0.004613128787588176 0.2177621341007635 0.0677963606109456 0.2281183344613474 2.4013548195926213
26.687000000009633 4.1967068965963525 1.6706026971746009 9.163092739496477e-05 -0.004997258790935049 0.21768419620484575 0.067533468428126 0.22797401437599427 2.4044492962270514
26.688000000009634 4.197342867043313 1.6608101059530966 9.139477134823923e-05 -0.005391527535209398 0.217597715500493 0.06726410302424038 0.22782074952877324 2.4074379273992292
26.689000000009635 4.197872598518565 1.6507421397021536 9.115656642812777e-05 -0.005795828654080092 0.217502722758055 0.0669883454064732 0.22765865776915173 2.410319594397145
26.690000000009636 4.19829587435523 1.6404014700304654 9.091640604626633e-05 -0.006210054042402842 0.21739923983579446 0.06670627139210135 0.22748784779725603 2.4130932088556887
26.691000000009637 4.1986127306694225 1.6297917601535807 9.067431853696115e-05 -0.0066340761138894 0.21728730790243683 0.06641799755676712 0.22730845901730976 2.4157576845106865
26.69200000000964 4.198822991944738 1.6189144375425644 9.043047464719492e-05 -0.007067814323312835 0.21716694220734645 0.06612354564116839 0.22712058047468411 2.4183121741886957
26.69300000000964 4.198926657465886 1.6077727217875437 9.018494746421848e-05 -0.0075111462021416765 0.21703818020582077 0.06582300923974194 0.2269243431844619 2.420755739677676
26.69400000000964 4.198923814030351 1.596369390156736 8.993781119679598e-05 -0.007963965447413035 0.21690105883123878 0.0655164676102758 0.22671987472625424 2.4230875940810126
26.695000000009642 4.198814529244392 1.584707167959564 8.968916162259346e-05 -0.008426162658479765 0.21675561496929616 0.0652039940490022 0.22650730159932422 2.4253069592999505
26.696000000009644 4.198598923803225 1.5727887956451472 8.943908187695116e-05 -0.008897630448178217 0.2166018875390973 0.0648856637434785 0.22628675363910247 2.427413145611757
26.697000000009645 4.19827723059456 1.5606170613748171 8.918766340906677e-05 -0.009378259026458346 0.21643992202242188 0.0645615510313402 0.2260583673722602 2.4294055526930625
26.698000000009646 4.197850453151667 1.5481948192739141 8.89349362060765e-05 -0.009867957362679005 0.2162697986138963 0.06423174030202695 0.22582231696011346 2.4312840064655856
26.699000000009647 4.19731780407677 1.5355246969448952 8.868104409037389e-05 -0.010366597969606026 0.21609151449260366 0.06389629407028262 0.2255786900065842 2.4330474551743264
26.70000000000965 4.196679917817553 1.522609468381544 8.842604859803995e-05 -0.010874081358819999 0.21590513292800892 0.06355528912272376 0.22532764332307842 2.4346956089349514
26.70100000000965 4.195937230868966 1.5094518665845955 8.817003004639838e-05 -0.01139030277079368 0.21571070825382382 0.0632087976549017 0.2250693243282055 2.4362281147958953
26.70200000000965 4.195090380502765 1.4960554555138024 8.791300242210188e-05 -0.011915143150504279 0.2155083098211001 0.06285692789708436 0.22480390482129875 2.4376446793676125
26.703000000009652 4.194139667512651 1.4824216706129132 8.76551219802172e-05 -0.012448525659199489 0.21529797605229223 0.062499697509232385 0.22453150440872813 2.438945113184203
26.704000000009653 4.193085657043104 1.4685536378190336 8.739643799452249e-05 -0.012990338254300512 0.215079770148469 0.0621371945353253 0.22425228507152442 2.4401291666157405
26.705000000009655 4.191928957154968 1.454454053803598 8.713701714996171e-05 -0.013540480457110426 0.21485375394667805 0.0617694897923671 0.22396640387611355 2.4411967318367798
26.706000000009656 4.190670316913296 1.4401255899853473 8.687692961568291e-05 -0.014098853036247883 0.2146199961773789 0.06139665145151145 0.22367402447663481 2.4421477839402947
26.707000000009657 4.189310355940496 1.4255708820622892 8.661623275690405e-05 -0.014665359313061507 0.21437855801156103 0.061018749709559526 0.22337530462209854 2.442982251116747
26.70800000000966 4.1878498726533335 1.4107925063360152 8.635499987561359e-05 -0.01523990239611297 0.21412950993555138 0.060635847925779654 0.22307040974535536 2.4437002293811654
26.70900000000966 4.186289696836355 1.395793264341234 8.609329320784942e-05 -0.015822379923192794 0.2138729257226946 0.06024801816480259 0.22275951103467048 2.444301803335602
26.71000000000966 4.184630651889993 1.380575645149999 8.583117160126316e-05 -0.01641270068487501 0.21360887534860107 0.059855322930770755 0.22244277478626348 2.4447871281236737
26.711000000009662 4.1828736966549815 1.3651423635430628 8.556870198168932e-05 -0.017010765201572173 0.21333743833486415 0.05945782944825562 0.2221203777475692 2.445156408534337
26.712000000009663 4.181019753945479 1.3494959816573733 8.530593629245767e-05 -0.017616481116608358 0.21305869009118178 0.05905560201466602 0.22179249301907558 2.4454099276385044
26.713000000009664 4.179069876675064 1.3336392401100958 8.504292413267963e-05 -0.018229751801743865 0.2127727141028379 0.058648710497072945 0.22145930316970353 2.445548020073433
26.714000000009666 4.177025108611011 1.317574552362423 8.477973919306087e-05 -0.018850485935365476 0.2124795916514168 0.05823720868909198 0.22112098535473537 2.445571062302509
26.715000000009667 4.1748864839266995 1.3013044552734918 8.451644199348382e-05 -0.019478590956265484 0.21217940385205492 0.05782115743740855 0.2207777189212184 2.4454794652244343
26.716000000009668 4.172655213128348 1.2848316287536676 8.425308026164667e-05 -0.02011397251709868 0.21187224159738816 0.057400621908027284 0.22042969410982022 2.445273726374951
26.71700000000967 4.17033246371182 1.2681585009273162 8.398970650843198e-05 -0.020756544135895047 0.21155819100184728 0.05697565956812818 0.22007709578159806 2.4449543457626737
26.71800000000967 4.167919458713515 1.2512876894698217 8.372637756709234e-05 -0.02140621099468458 0.21123734364033353 0.0565463306409654 0.219720114523752 2.4445219319310105
26.71900000000967 4.165417494456686 1.2342217307869097 8.346314585176579e-05 -0.02206288256359249 0.21090979352689376 0.056112693247389614 0.21935894359712682 2.443977123222565
26.720000000009673 4.162827932228004 1.2169631414864865 8.320005420171621e-05 -0.022726471859196136 0.21057563696059972 0.055674806579407876 0.21899377957417787 2.4433206251746067
26.721000000009674 4.160152191191992 1.1995144936303925 8.293715962389887e-05 -0.023396886224881102 0.21023497493767498 0.05523272681259838 0.2186248226602368 2.4425531933004834
26.722000000009675 4.157391641109863 1.1818782164335233 8.267450834314786e-05 -0.02407404042198935 0.2098879035894257 0.05478650891165203 0.21825226929892427 2.441675594397022
26.723000000009677 4.15454774840386 1.1640566397881635 8.241215500043005e-05 -0.02475785093149904 0.20953452347938722 0.054336201382928474 0.21787631925752363 2.4406886760817574
26.724000000009678 4.151622128624682 1.1460524577094195 8.215012019852113e-05 -0.025448229286091365 0.20917494449850657 0.053881868722065664 0.21749718516967687 2.4395933818390905
26.72500000000968 4.148616562746717 1.1278680883822332 8.188844186776178e-05 -0.02614509516591026 0.20880928269884153 0.053423563198758586 0.21711508387786183 2.438390759466435
26.72600000000968 4.145533526961747 1.1095060656529452 8.162711486576384e-05 -0.026848380141203766 0.2084376869258157 0.05296134495541667 0.21673026762932213 2.4370822484628887
26.72700000000968 4.142373113007193 1.0909687450922194 8.13662549424367e-05 -0.027557969486934102 0.20806019488624516 0.052495254808057265 0.21634287174692854 2.4356681047940882
26.728000000009683 4.1391377114745325 1.0722584766544172 8.110586692844195e-05 -0.028273797214203023 0.20767695012794482 0.05202534442652937 0.21595314233891982 2.434149789809178
26.729000000009684 4.135829106222243 1.0533775920022415 8.084599244187204e-05 -0.02899578343093945 0.2072880684753489 0.05155166044135491 0.2155612963481052 2.432528483726164
26.730000000009685 4.132449224251515 1.0343286535294696 8.058664053780825e-05 -0.029723847426054214 0.20689367354122895 0.05107426083589696 0.21516756116367822 2.43080544158867
26.731000000009686 4.12900001617624 1.0151140163870174 8.032783729652186e-05 -0.03045791218726089 0.20649388895138104 0.050593193490968955 0.21477216257393975 2.4289819609854835
26.732000000009688 4.125483443319 0.9957360442719222 8.006960424567292e-05 -0.03119790088769365 0.2060888388332656 0.05010850663719051 0.21437532728570105 2.427059392887894
26.73300000000969 4.121901593532533 0.9761971537001869 7.981195798609613e-05 -0.0319437367554852 0.2056786538554564 0.04962024991359165 0.21397728891446324 2.425039184638446
26.73400000000969 4.118256585749479 0.9564996672081992 7.955491603111883e-05 -0.03269534636149701 0.20526346529934447 0.049128469652837105 0.21357828164591827 2.422922807015156
26.73500000000969 4.114550565476765 0.9366459575299109 7.929848564912415e-05 -0.03345265579324718 0.20484340592515957 0.04863321408937725 0.21317854170461054 2.4207117864844916
26.736000000009692 4.110785795972448 0.9166384041827633 7.904267505712357e-05 -0.03421559206785516 0.2044186143671197 0.04813453112479576 0.212778311223045 2.4184077330704667
26.737000000009694 4.106964544989182 0.8964793646032301 7.878748930370204e-05 -0.03498408259123861 0.2039892293291568 0.04763246716955899 0.21237783228414647 2.4160123041590857
26.738000000009695 4.103089153319496 0.876171146856982 7.853293424861658e-05 -0.03575805753469726 0.20355539252701085 0.04712706713633881 0.21197735011635835 2.413527179165123
26.739000000009696 4.099162022650072 0.8557161689886825 7.827900596306187e-05 -0.036537444045394385 0.20311724965932854 0.046618378620581616 0.21157711396025852 2.4109541658133877
26.740000000009697 4.095185621409154 0.8351167286381522 7.802570223094349e-05 -0.03732217458474655 0.20267494835814734 0.046106445767138966 0.21117737508783965 2.408295078011689
26.7410000000097 4.0911624619905576 0.8143751981336023 7.777301382539439e-05 -0.03811218027517032 0.20222863894659313 0.0455913153889903 0.21077838773085106 2.4055518135890823
26.7420000000097 4.087095153242421 0.793493999953187 7.752093112685803e-05 -0.03890739041822697 0.2017784773036933 0.0450730339345487 0.2103804109707422 2.40272634673015
26.7430000000097 4.082986195207389 0.772475401534769 7.726944747164059e-05 -0.03970773726973142 0.2013246125936808 0.04455164205299371 0.20998369661641772 2.3998206684993306
26.744000000009702 4.0788383438611 0.7513217973406844 7.701854110603425e-05 -0.04051315558715148 0.2008672067950473 0.04402718782059235 0.2095885106790512 2.3968368026655833
26.745000000009703 4.074654280760828 0.7300355938842082 7.676819305826766e-05 -0.04132357512195009 0.20040641939396572 0.043499715046680806 0.20919511467601715 2.3937769999251914
26.746000000009705 4.070436789616502 0.7086190907099017 7.651838998963606e-05 -0.04213893272993476 0.19994241312347605 0.04296926678185187 0.2088037741637509 2.390643308748201
26.747000000009706 4.066188761594667 0.6870746690396278 7.62691030006942e-05 -0.042959163066731997 0.19947535690843307 0.0424358868013994 0.20841476001896317 2.387438118514119
26.748000000009707 4.061913022793421 0.6654047529436955 7.602030607832503e-05 -0.04378419874867329 0.1990054169151085 0.041899620796567776 0.20802834000326892 2.384163691629405
26.74900000000971 4.0576125661890625 0.64361173712441 7.577197194934999e-05 -0.044613974709224 0.19853276737003167 0.04136051198055277 0.20764478902744427 2.3808224507308338
26.75000000000971 4.053290330714331 0.6216979657267658 7.552406428577725e-05 -0.0454484287939877 0.1980575786886451 0.04081860393081942 0.2072643784703781 2.377416837738208
26.75100000000971 4.04894937858301 0.5996658879413009 7.527654573118495e-05 -0.04628749585720409 0.19758002873504765 0.040273941888638684 0.20688738584776598 2.3739493783633208
26.752000000009712 4.044592825832917 0.5775178808627908 7.502938157347548e-05 -0.04713111326838296 0.1971002973854394 0.039726568016511234 0.2065140897704471 2.3704226679672677
26.753000000009713 4.040223726103941 0.5552563753082106 7.478252794477746e-05 -0.04797921708249752 0.19661856166513703 0.03917652762518146 0.2061447655893385 2.366839333803247
26.754000000009714 4.03584530225567 0.5328838823513343 7.453593915816788e-05 -0.048831742084664426 0.19613500787013938 0.03862386692835637 0.2057796963836379 2.36320210403191
26.755000000009716 4.031460763461018 0.5104027630161609 7.428956952924701e-05 -0.049688627992977276 0.19564982003700118 0.03806862750007799 0.20541916228062834 2.3595137554279484
26.756000000009717 4.027073399029467 0.4878155326429079 7.404336616111203e-05 -0.0505498109107844 0.19516318753094952 0.037510855919967626 0.20506344740641905 2.3557771510185614
26.757000000009718 4.022686491582876 0.465124653469153 7.379727986705992e-05 -0.05141522797652973 0.19467529906824704 0.03695059648173796 0.20471283378319538 2.3519952084571587
26.75800000000972 4.018303753023013 0.4423327222541755 7.355122981678417e-05 -0.052284821800179494 0.19418636428453587 0.036387900318836625 0.20436762452584456 2.3481710666445728
26.75900000000972 4.013928425444536 0.419442262612724 7.330517095364666e-05 -0.05315852504227967 0.19369657100019588 0.03582281181087543 0.2040280967120509 2.3443077201257223
26.760000000009722 4.009563566994231 0.39645569916389933 7.305906235203733e-05 -0.054036269826079786 0.19320609777355852 0.035255370710836884 0.20369451597321242 2.3404080993608822
26.761000000009723 4.005212801326753 0.3733756977594374 7.281283293024957e-05 -0.05491799297078604 0.19271515131521966 0.0346856284532519 0.20336717611154548 2.33647545969642
26.762000000009724 4.000879708566835 0.350204839415236 7.256641293368362e-05 -0.05580363182221896 0.19222393593761922 0.03411363152258852 0.20304636595506614 2.3325131070916956
26.763000000009725 3.996567647433997 0.326945765940433 7.231974273903272e-05 -0.056693117818488306 0.19173264615338864 0.03353942838329203 0.20273236166246253 2.3285242834521616
26.764000000009727 3.9922803213476317 0.3036011358015248 7.207275067322647e-05 -0.057586387481561224 0.1912414930374907 0.03296306796131692 0.2024254542586172 2.3245123960070204
26.765000000009728 3.9880213481719284 0.2801735404156117 7.18253631812826e-05 -0.058483378697921855 0.19075068261742611 0.03238459729359788 0.20212592769065296 2.32048086766853
26.76600000000973 3.9837942407845963 0.25666579855263144 7.157751450388208e-05 -0.05938401728073092 0.19026041942253336 0.0318040675611348 0.2018340591195393 2.3164332945995914
26.76700000000973 3.9796026098572335 0.23308072247804928 7.132913292766957e-05 -0.060288232445957796 0.18977091201472523 0.031221531990468246 0.20155012795379282 2.3123731406019044
26.76800000000973 3.9754501021862527 0.20942102361146858 7.108013970372667e-05 -0.061195957952414705 0.1892823693088525 0.03063704025315398 0.20127441177745353 2.3083041215783884
26.769000000009733 3.971340416439621 0.18568959289961195 7.083046033655178e-05 -0.06210712112307265 0.18879500511691683 0.03005064699754971 0.20100718851887864 2.304229916095787
26.770000000009734 3.9672772212355847 0.1618892478539816 7.058001921544528e-05 -0.0630216509734797 0.1883090311382374 0.029462403859425793 0.20074873085730996 2.3001542758581914
26.771000000009735 3.9632641586740136 0.138022953992681 7.032874355736745e-05 -0.06393947006248325 0.1878246596361834 0.028872366138443375 0.2004993070455648 2.2960810370706963
26.772000000009736 3.9593050653433624 0.11409359584733339 7.007654460707992e-05 -0.06486050927283549 0.18734211065181663 0.028280588855678815 0.20025919153095825 2.2920142052452017
26.773000000009738 3.9554035596392985 0.09010423475486919 6.982334712198824e-05 -0.0657846880592019 0.1868615962955352 0.027687130772193726 0.20002864435764853 2.2879575939032417
26.77400000000974 3.951563447931039 0.06605790542964328 6.956906428784173e-05 -0.06671193011186619 0.18638333728174283 0.027092049828248723 0.19980793077209608 2.2839153251811912
26.77500000000974 3.947788395205003 0.04195767436023998 6.931362023799531e-05 -0.06764215541540898 0.18590754804916831 0.026495404811556683 0.19959730480901897 2.279891457517315
26.77600000000974 3.944082222871123 0.017806709356559675 6.905693033968396e-05 -0.06857528238902204 0.18543445180278662 0.02589725678001014 0.19939702399700926 2.2758902060715385
26.777000000009743 3.9404486331191917 -0.006391752991554041 6.879890732326512e-05 -0.069511226440954 0.18496426647292843 0.025297670006786756 0.19920733566052817 2.2719157350939962
26.778000000009744 3.936891316443814 -0.030634507246920396 6.853947175370595e-05 -0.07044990341059984 0.18449720931165878 0.024696707835406694 0.19902848166094297 2.2679723123926734
26.779000000009745 3.933413992996559 -0.05491826755796758 6.827853987122192e-05 -0.0713912259387335 0.18403350013404196 0.024094434584042285 0.1988607002163736 2.264064298867716
26.780000000009746 3.930020380497795 -0.07923969367520795 6.801602823344394e-05 -0.07233510533338681 0.18357335907904407 0.023490917033621835 0.198704224439835 2.2601960453491206
26.781000000009747 3.9267141079989893 -0.10359538865719434 6.775186057125965e-05 -0.07328144803740856 0.1831170032397456 0.022886222336405578 0.1985592774835661 2.2563719875678467
26.78200000000975 3.9234989473662427 -0.12798179854467154 6.748594579245177e-05 -0.07423015942578037 0.18266465752254524 0.022280424205560284 0.19842608442184517 2.2525966890689264
26.78300000000975 3.9203784278874894 -0.1523954085028259 6.721820757807554e-05 -0.07518114087637132 0.1822165354980061 0.021673593823096166 0.19830485223911556 2.2488745746332377
26.78400000000975 3.917356234691362 -0.17683258725977363 6.694856281903546e-05 -0.07613429246019243 0.18177285924918193 0.021065806188315307 0.1981957896586118 2.245210341958485
26.785000000009752 3.9144359198454937 -0.20128968451148338 6.667693797956955e-05 -0.07708951076431027 0.18133384509872932 0.02045713630300974 0.19809909256200692 2.241608545246777
26.786000000009754 3.9116212780009385 -0.22576292421273625 6.64032264151863e-05 -0.07804669256329697 0.18089972189842635 0.019847663065557 0.19801496239466768 2.2380740486999233
26.787000000009755 3.908915457680002 -0.25024857909976417 6.612739343307781e-05 -0.07900572584005844 0.18047068784654782 0.019237464840543318 0.19794356251419676 2.234611268655773
26.788000000009756 3.9063220146038624 -0.2747427494896127 6.58493552332733e-05 -0.07996649811269477 0.18004696230304398 0.01862662368876104 0.1978850690805248 2.2312250140489116
26.789000000009757 3.9038443966841023 -0.2992415185348839 6.55690331676758e-05 -0.08092889639876798 0.17962875931544264 0.0180152238266109 0.19783964651972724 2.2279200807649886
26.79000000000976 3.9014859759714904 -0.3237407828202718 6.528636508951346e-05 -0.08189279751316722 0.1792162922439527 0.017403353173480043 0.19780744776646642 2.224701230703479
26.79100000000976 3.8992498977271293 -0.34823653166777424 6.500129032486083e-05 -0.08285807871951567 0.17880976246506564 0.016791097463194793 0.19778860764948308 2.221573213992847
26.79200000000976 3.897139301008956 -0.37272450515534905 6.471374413256869e-05 -0.08382460858478606 0.1784093737751254 0.016178549892367854 0.19778325291046464 2.2185407725551283
26.793000000009762 3.895157731763174 -0.39720057798776676 6.442365390565243e-05 -0.08479226839358421 0.17801534733635527 0.015565801724301817 0.19779152370597963 2.2156089477624556
26.794000000009763 3.893308056496954 -0.42166036350205427 6.413097358839371e-05 -0.08576091693058022 0.17762787586821344 0.0149529495568968 0.1978135178866157 2.2127822839848
26.795000000009765 3.891593039660302 -0.4460995644552834 6.383565128937425e-05 -0.08673041551289323 0.17724714589266222 0.01434008787179674 0.19784932100541727 2.2100655959996387
26.796000000009766 3.8900160387795255 -0.47051360409054865 6.353762975392189e-05 -0.08770062664192384 0.1768733749991863 0.01372732221176575 0.19789904009897202 2.207463761415211
26.797000000009767 3.888579754661282 -0.49489794007241406 6.323686134625223e-05 -0.08867140109675192 0.1765067497199589 0.013114753796262459 0.1979627410304824 2.204981463036212
26.79800000000977 3.8872869521860522 -0.5192480416650179 6.293331071012465e-05 -0.08964259196220926 0.17614745954024624 0.01250248524190543 0.19804048559173423 2.202623385141841
26.79900000000977 3.886140251221417 -0.5435592349639218 6.262693760747504e-05 -0.0906140453248158 0.17579568851722654 0.011890623237947283 0.19813232000953385 2.200394236178998
26.80000000000977 3.8851421084704043 -0.5678266264543878 6.231771015428577e-05 -0.09158559648804986 0.17545161548548893 0.011279281056155702 0.19823827340269967 2.198298495708218
26.801000000009772 3.8842950242659704 -0.5920454797604151 6.200561139701711e-05 -0.09255708589718063 0.17511542022097445 0.010668566800875374 0.1983583697919785 2.196340730177891
26.802000000009773 3.883601271107538 -0.6162108687745023 6.169061362827013e-05 -0.09352834573255328 0.17478727301738348 0.01005859578955302 0.19849261349878736 2.194525391601569
26.803000000009774 3.8830630697497526 -0.6403177511603289 6.137269538096336e-05 -0.0944992037466001 0.17446734303960598 0.00944948770681986 0.19864099806928662 2.1928568802753103
26.804000000009776 3.8826824096561796 -0.664361131096506 6.105185347493171e-05 -0.09546948350515815 0.17415578855429656 0.008841359142483816 0.19880349745212456 2.191339363298388
26.805000000009777 3.8824610982177905 -0.6883358006503415 6.0728091574507145e-05 -0.09643899893526939 0.1738527614937846 0.00823433365717897 0.19898006796015874 2.189977092574206
26.806000000009778 3.8824012494120357 -0.712236584200552 6.040139220732483e-05 -0.0974075709124262 0.17355842773528343 0.007628534976219721 0.19917067368186098 2.1887741314685902
26.80700000000978 3.88250440382802 -0.7360582031054095 6.0071773378771276e-05 -0.09837500657194016 0.17327292740237898 0.007024089497143055 0.19937524199830642 2.1877344151882507
26.80800000000978 3.882771998544035 -0.7597953208647175 5.973925003497645e-05 -0.09934110978179364 0.17299639625209196 0.006421125678712742 0.1995936874349262 2.186861626134273
26.80900000000978 3.883205468294981 -0.7834424791857899 5.94038385314684e-05 -0.10030568076361951 0.17272897117764527 0.005819776597253989 0.1998259164302341 2.1861594434780716
26.810000000009783 3.8838061464000977 -0.8069942706047912 5.9065563383530465e-05 -0.10126851955346935 0.17247078383878278 0.0052201737126825075 0.20007182346374044 2.185631423450523
26.811000000009784 3.884574905539495 -0.8304451063503924 5.8724461577651754e-05 -0.10222941294126171 0.17222194595750479 0.004622454642521486 0.2003312722133688 2.1852806979483517
26.812000000009785 3.8855128082099855 -0.8537894397379067 5.8380563436169106e-05 -0.10318815297265205 0.17198257756016785 0.0040267565723035685 0.20060412923626267 2.185110601490018
26.813000000009787 3.886620553753249 -0.877021555244828 5.80339204497228e-05 -0.10414451890541462 0.17175278376788228 0.0034332212656689506 0.2008902350994598 2.185123928660153
26.814000000009788 3.8878987602483814 -0.9001357704823794 5.768458245399504e-05 -0.10509829067177887 0.17153266518295127 0.002841990317247472 0.20118942028809444 2.185323435241659
26.81500000000979 3.8893477931591414 -0.923126331947455 5.7332611619604124e-05 -0.10604924175324784 0.17132231130784345 0.0022532078476080564 0.2015014962076087 2.185711589092575
26.81600000000979 3.890968076972632 -0.9459875464815848 5.697806183010259e-05 -0.1069971507505916 0.1711218132039264 0.0016670183806900612 0.20182627225717134 2.1862906978523613
26.81700000000979 3.892759566322894 -0.9687134133830648 5.662101153940028e-05 -0.10794177557017748 0.17093124359511214 0.0010835737396646759 0.2021635255981242 2.187062677481712
26.818000000009793 3.8947221833938532 -0.9912980123610003 5.626153588679684e-05 -0.10888287861092856 0.17075067245769926 0.0005030256415949658 0.20251302781340957 2.1880297896416936
26.819000000009794 3.896855765631697 -1.0137354495884885 5.5899718688118045e-05 -0.10982022141191002 0.17058016540103743 -7.447503930760324e-05 0.202874541048742 2.1891932320818324
26.820000000009795 3.899159807230726 -1.0360197363894534 5.553564900442902e-05 -0.11075355770798487 0.1704197725880643 -0.000648773415080493 0.20324780525478647 2.1905544399271943
26.821000000009796 3.9016336305168187 -1.058144879023634 5.5169429860648914e-05 -0.11168263787106392 0.17026953622728963 -0.0012197144472323456 0.20363254718297927 2.1921142481081297
26.822000000009798 3.9042756561597396 -1.0801050655446849 5.480121748416258e-05 -0.1126071964055598 0.17012945597425433 -0.0017871563450095242 0.20402844507621376 2.193873213582795
26.8230000000098 3.9070869115174927 -1.1018935988210574 5.443095690841632e-05 -0.11352701454076795 0.1699996543779761 -0.002350894696866288 0.20443530082900754 2.1958325437870645
26.8240000000098 3.9100649551778632 -1.1235049755110014 5.405889144044239e-05 -0.11444181084259544 0.1698800907883651 -0.002910808845706988 0.20485274253309818 2.1979919630986995
26.8250000000098 3.9132086133081323 -1.1449329792866045 5.368511507195571e-05 -0.11535132852692677 0.16977078383815025 -0.003466727581930165 0.20528045751623372 2.200351328616226
26.826000000009802 3.9165164913345096 -1.1661714726689068 5.330974950771391e-05 -0.11625530473417264 0.16967174232870616 -0.004018487134131072 0.20571811845955956 2.2029102533017166
26.827000000009804 3.9199869307441135 -1.187214356798382 5.293292077011952e-05 -0.11715347461878073 0.16958296188886196 -0.004565923851427921 0.20616538322150385 2.20566801326508
26.828000000009805 3.923618064832284 -1.2080555418177135 5.255476916421226e-05 -0.11804557008834216 0.16950442818724007 -0.005108873990439215 0.20662189716004234 2.2086233941554267
26.829000000009806 3.9274080610637756 -1.228689011344195 5.217542853394807e-05 -0.1189313274703601 0.16943612733442687 -0.005647175010938707 0.20708730643270803 2.2117754988374125
26.830000000009807 3.9313543969344122 -1.2491085490779188 5.179506916833495e-05 -0.1198104631909503 0.1693780156244868 -0.0061806591903403344 0.20756121943885877 2.2151222832669615
26.83100000000981 3.9354556206105595 -1.2693076946136714 5.141372990853183e-05 -0.12068272424143696 0.16933009586977732 -0.006709130519693067 0.20804329772894145 2.218662280954632
26.83200000000981 3.9397080281464265 -1.2892808966102636 5.1031707787354096e-05 -0.1215478092540602 0.16929226764772778 -0.00723246243885853 0.20853309169697934 2.2223924506699673
26.83300000000981 3.944109448868978 -1.3090221116218725 5.0649111693960276e-05 -0.12240545977061193 0.16926449769625287 -0.007750479421700589 0.20903022913752425 2.2263106344452126
26.834000000009812 3.9486568073675787 -1.3285253489407678 5.0266125592411765e-05 -0.12325539398150104 0.16924671253679965 -0.008263016953208555 0.20953429146375577 2.230413721188239
26.835000000009813 3.953347137458808 -1.3477844952538163 4.9882906450887245e-05 -0.12409733259535966 0.16923884359508248 -0.008769902154267775 0.2100448650228792 2.2346985833907858
26.836000000009815 3.95817722720004 -1.366793791533697 4.9499636008246314e-05 -0.12493100137786303 0.1692408078276928 -0.009270976013813608 0.2105615281472244 2.239161810723311
26.837000000009816 3.9631436276196954 -1.3855473507271165 4.911648859074565e-05 -0.12575612282247864 0.16925251075918035 -0.009766070079256037 0.21108384815144368 2.2437993615395104
26.838000000009817 3.9682429907863663 -1.40403926654146 4.87336407080631e-05 -0.12657241686894924 0.16927386391148896 -0.010255019391286084 0.2116113965227015 2.248607371944387
26.83900000000982 3.973471137808302 -1.4222637536489457 4.835131595297876e-05 -0.12737959525696635 0.16930473801486184 -0.01073766010928293 0.21214370824215376 2.2535810099027844
26.84000000000982 3.9788248277262017 -1.4402154281029054 4.796965849596221e-05 -0.12817740326658436 0.16934504192413094 -0.011213837751767153 0.21268037071994494 2.258716044223545
26.84100000000982 3.9842998276772312 -1.4578884669873946 4.758887748658352e-05 -0.12896555352978897 0.16939464309155117 -0.011683384676950273 0.21322091966518777 2.2640073104551584
26.842000000009822 3.989891846146845 -1.4752773257609366 4.720915287787705e-05 -0.12974377105693477 0.16945340176438037 -0.0121461387710064 0.21376489464979828 2.269449497416329
26.843000000009823 3.9955970068284885 -1.4923766784136994 4.6830703226488154e-05 -0.13051178837834507 0.16952119770056712 -0.012601949713777195 0.21431185807634923 2.2750373153294112
26.844000000009824 4.001410733135259 -1.5091812525722648 4.645371106056299e-05 -0.1312693352042001 0.16959787454401845 -0.01305066380548873 0.21486134422125625 2.280764948248304
26.845000000009826 4.007328014951969 -1.5256854997690237 4.607843670692611e-05 -0.13201611969150426 0.16968326014450172 -0.013492122156691537 0.2154128640354594 2.2866262885297854
26.846000000009827 4.0133447906312405 -1.5418843776522693 4.570504030383039e-05 -0.13275189110775618 0.16977721895915457 -0.013926174524420156 0.21596598576413573 2.29261537479013
26.847000000009828 4.019455943483206 -1.5577728102408388 4.533375863055499e-05 -0.13347637502145387 0.1698795675317107 -0.014352674137808113 0.21652022863588283 2.298725674606916
26.84800000000983 4.025656639312037 -1.5733458841857828 4.49647910102361e-05 -0.13418931244449914 0.16999013231118715 -0.014771474414512828 0.21707513241705262 2.3049507828978752
26.84900000000983 4.031941807402919 -1.588598671563533 4.4598359918093724e-05 -0.1348904374881012 0.17010872947335973 -0.015182430458431775 0.2176302280552891 2.3112838893292245
26.850000000009832 4.0383063411537625 -1.603526509171366 4.423468053850656e-05 -0.13557949477008546 0.17023516991877377 -0.01558540391892282 0.2181850528672883 2.317718194058683
26.851000000009833 4.044745084358132 -1.6181248383482085 4.387396274790825e-05 -0.1362562329905303 0.17036926057618945 -0.015980258133588453 0.21873914745208126 2.3242467130927236
26.852000000009834 4.051252750774155 -1.6323891945067608 4.351642193048272e-05 -0.1369204028134139 0.17051080092870574 -0.016366858595029964 0.21929205184001982 2.3308623096465664
26.853000000009835 4.057824187720857 -1.6463149679156197 4.3162253660705645e-05 -0.13757175467612828 0.1706595974262849 -0.01674506376208459 0.21984331474658658 2.337557937876831
26.854000000009837 4.064453685867573 -1.6598981747638333 4.2811717916139596e-05 -0.13821004250475233 0.17081542612421513 -0.01711476002237931 0.2203924696122494 2.3443261660187233
26.855000000009838 4.071135818606272 -1.6731346599928738 4.2465003891889856e-05 -0.13883503160140043 0.17097807425065664 -0.017475816564482306 0.22093906861128101 2.351159680159915
26.85600000000984 4.077865390126688 -1.686020553886022 4.21223005405126e-05 -0.13944649932283285 0.1711473374398887 -0.01782811288821269 0.22148268305967128 2.358051320475338
26.85700000000984 4.084636102655013 -1.698552091510339 4.1783873257102375e-05 -0.14004420145200075 0.17132295991276436 -0.01817153851898416 0.2220228361357141 2.3649934271601376
26.85800000000984 4.09144302025798 -1.710725258811352 4.144989150177171e-05 -0.1406279179170009 0.17150475011495087 -0.018505964535941753 0.22255911873717513 2.3719786100777887
26.859000000009843 4.0982802896578905 -1.7225366764923642 4.112056957943232e-05 -0.1411974323703798 0.1716924668714052 -0.018831285734419077 0.22309109218161957 2.3789994000617964
26.860000000009844 4.105142311224389 -1.7339829732849026 4.0796106407059576e-05 -0.14175253412371142 0.17188588047139758 -0.019147395725035488 0.22361833466639683 2.3860484694990736
26.861000000009845 4.112023638994369 -1.7450609638724524 4.047669414890832e-05 -0.1422930231322942 0.1720847659955726 -0.019454192012439753 0.22414043969515066 2.3931185427926653
26.862000000009846 4.118918573963896 -1.7557673261202678 4.016250602165157e-05 -0.1428186948833793 0.17228888640308962 -0.019751563934319514 0.22465699246642654 2.4002022403683365
26.863000000009848 4.125821498922871 -1.7660990923581417 3.985374026093793e-05 -0.14332935288619314 0.17249800654375982 -0.020039417238109536 0.22516759070432169 2.4072924064042227
26.86400000000985 4.132726885379042 -1.7760540135285077 3.9550603073223066e-05 -0.14382482634777222 0.1727118877052108 -0.020317680258060827 0.22567185238689597 2.414381799321113
26.86500000000985 4.139629171159202 -1.7856291877321049 3.925325479263378e-05 -0.14430492870672254 0.1729302942766235 -0.020586254483368118 0.2261693900626384 2.421463555271102
26.86600000000985 4.146522596104271 -1.7948217058748033 3.896188199733346e-05 -0.14476946688524184 0.17315298226225131 -0.02084504381093865 0.22665981042087854 2.428530442254162
26.867000000009853 4.1534016992083576 -1.8036295554023651 3.8676643031135955e-05 -0.14521828758335978 0.17337971095481003 -0.021093976461715364 0.22714275480935828 2.4355757275941543
26.868000000009854 4.1602608319125025 -1.812050763898185 3.8397696946626474e-05 -0.14565123392858392 0.17361023050342234 -0.02133298422919641 0.22761786023177893 2.4425929215653985
26.869000000009855 4.167095344759625 -1.8200826440996298 3.812519181526955e-05 -0.14606814507140548 0.17384434533857834 -0.021561971526336626 0.228084804462951 2.4495753338439497
26.870000000009856 4.1738995317171295 -1.8277235002705607 3.785928250283195e-05 -0.14646887495636587 0.1740817992795437 -0.0217808762837355 0.22854323604752402 2.456516492047847
26.871000000009857 4.180668070813182 -1.8349715990912563 3.76001114218275e-05 -0.1468532850213521 0.1743223540514453 -0.021989633000359887 0.22899282609525226 2.463410035347752
26.87200000000986 4.187395948344357 -1.8418253225758952 3.734782116825662e-05 -0.14722124357077215 0.17456578542043982 -0.022188181511330264 0.2294332656716532 2.4702499632086194
26.87300000000986 4.194077595930294 -1.8482830560642687 3.7102568760648304e-05 -0.1475726088060516 0.17481184289492185 -0.022376463739457432 0.22986422387058417 2.477030260539678
26.87400000000986 4.200708494508748 -1.8543437396680031 3.686444398811596e-05 -0.14790728533274092 0.17506031701611124 -0.02255442842338547 0.2302854356875133 2.4837453320085965
26.875000000009862 4.207282624775611 -1.8600066069237278 3.663360555904404e-05 -0.1482251537454853 0.17531092621355315 -0.02272204389884605 0.23069657199808524 2.490389574697085
26.876000000009864 4.213796078826349 -1.8652695731185698 3.6410143676367684e-05 -0.14852609239627487 0.17556350178198948 -0.02287922687910162 0.23109738705369823 2.4969572749396973
26.877000000009865 4.220243709778352 -1.8701321627422829 3.619418361663188e-05 -0.14881000936259958 0.17581779950650325 -0.023025951636014244 0.2314876064901748 2.503443369150621
26.878000000009866 4.226620399052139 -1.8745940145465536 3.598584881133896e-05 -0.1490768185854872 0.17607357513490104 -0.02316219406657513 0.23186696387008993 2.509842794282455
26.879000000009867 4.232922005786459 -1.87865421653199 3.578520582809595e-05 -0.1493264375498264 0.17633063473293326 -0.02328790691949917 0.23223523484891906 2.5161507313029405
26.88000000000987 4.239143680571198 -1.8823119256066052 3.559237497046265e-05 -0.1495587671187146 0.17658875232175578 -0.023403051484794827 0.23259216471632113 2.5223622002796384
26.88100000000987 4.24528104356083 -1.8855674412821632 3.5407447352112034e-05 -0.14977375816623953 0.17684771084887124 -0.023507622777207013 0.23293754484058732 2.5284730389693895
26.88200000000987 4.2513294704803055 -1.888420428896006 3.5230520418297086e-05 -0.14997133644841937 0.17710728841097917 -0.02360159502687853 0.23327114834935658 2.5344787190989635
26.883000000009872 4.257284446600909 -1.8908709810422888 3.506168900679589e-05 -0.15015144234593805 0.17736726410955211 -0.023684958098909716 0.23359276370731238 2.540375006666546
26.884000000009873 4.263142465064943 -1.8929195896666435 3.490101327054093e-05 -0.15031404988698202 0.17762745971412477 -0.023757710697116918 0.2339022378163301 2.5461584752335984
26.885000000009875 4.26889916328016 -1.8945661845283037 3.474856956239459e-05 -0.1504591010046895 0.17788766193503042 -0.023819832497794066 0.2341993718268134 2.5518250874517885
26.886000000009876 4.274550326278281 -1.89581105492456 3.4604436070497396e-05 -0.15058654998389528 0.1781476614088457 -0.02387131743870624 0.2344839826038282 2.5573712058558273
26.887000000009877 4.280091894430511 -1.8966549399965111 3.44686880281491e-05 -0.150696369640249 0.17840725116471554 -0.023912172857574545 0.23475590536059146 2.562793433592847
26.888000000009878 4.285520004500087 -1.8970986586768124 3.434140368096249e-05 -0.15078853642333795 0.1786662334031367 -0.023942411057241295 0.23501498829306683 2.5680885562801103
26.88900000000988 4.290831450526634 -1.8971430405441714 3.422262477024251e-05 -0.15086304221027497 0.17892444016355377 -0.023962040416775184 0.2352611148781615 2.5732538872956114
26.89000000000988 4.296022234133768 -1.8967888207007932 3.411243464785914e-05 -0.15091985803022964 0.1791816683253182 -0.023971070831102267 0.23549413166467384 2.5782862493417777
26.891000000009882 4.301088984945579 -1.8960373894301175 3.4010869049491605e-05 -0.15095899511305857 0.17943773525730333 -0.0239695257759535 0.2357139308690486 2.583183160330975
26.892000000009883 4.306028416791562 -1.8948904518942622 3.3918000236463365e-05 -0.15098046715761373 0.17969246202865652 -0.023957448211106347 0.235920413906553 2.587942244957027
26.893000000009884 4.310837062723243 -1.8933485001040529 3.3833848637201886e-05 -0.1509842561210333 0.17994567013618548 -0.02393483013826189 0.23611345978349074 2.5925609309903184
26.894000000009886 4.315511863377819 -1.8914133193993823 3.375847879626001e-05 -0.15097038338864857 0.1801971902041279 -0.02390171561629021 0.23629298768135332 2.597037197842354
26.895000000009887 4.320049261213089 -1.8890865055950408 3.369192995456377e-05 -0.15093886324979328 0.18044682890432975 -0.02385813579881969 0.23645889525362157 2.601368861373897
26.896000000009888 4.32444732213561 -1.8863696595248092 3.36342020793871e-05 -0.15088973663344157 0.18069447008640413 -0.023804121831858024 0.23661115856464102 2.605554576989717
26.89700000000989 4.328702821105338 -1.883264587950482 3.35853426449158e-05 -0.15082302703259465 0.18093993514117368 -0.023739714780748294 0.23674969835258122 2.6095924714187113
26.89800000000989 4.332812984724725 -1.8797735058562397 3.3545391928156804e-05 -0.15073877838862568 0.18118306287774275 -0.023664969780851988 0.23687446544231805 2.613481071596338
26.89900000000989 4.336776104916221 -1.8758981038803073 3.351431281344136e-05 -0.15063704524253493 0.1814237449572858 -0.023579913847679185 0.23698545729810463 2.6172193879079435
26.900000000009893 4.340589034450923 -1.8716402360668214 3.349214064204819e-05 -0.15051785577050744 0.18166180545241592 -0.023484588173291736 0.23708260659030178 2.620805869907077
26.901000000009894 4.344249892210803 -1.8670022151574255 3.3478874139675514e-05 -0.15038127610001856 0.18189712337546715 -0.023379046487301346 0.2371659155705038 2.6242396998149857
26.902000000009895 4.347757200831103 -1.8619870799937237 3.347451121561175e-05 -0.15022740185919628 0.18212958974309656 -0.023263367503692036 0.2372354189343677 2.6275205846648784
26.903000000009897 4.35110804222214 -1.8565959000319219 3.3479046466287485e-05 -0.15005624538767526 0.1823590459255075 -0.02313756042421096 0.23729105569551412 2.630646987724985
26.904000000009898 4.354301028497327 -1.850831497841764 3.349245001520237e-05 -0.14986790197189268 0.18258538792212786 -0.023001691732277604 0.23733286697522002 2.633618635720656
26.9050000000099 4.357334397885573 -1.8446963288324576 3.35147079835107e-05 -0.1496624466285482 0.1828084984324736 -0.022855817770560307 0.23736087174582882 2.6364350125705753
26.9060000000099 4.360206602946771 -1.8381929227962934 3.354579625999411e-05 -0.1494399614669373 0.1830282692590815 -0.022699996384136337 0.2373751024582282 2.639095877995849
26.9070000000099 4.362915755810941 -1.8313239802402963 3.358570544952273e-05 -0.1492005279842012 0.1832445745788927 -0.022534291462334148 0.23737557994678643 2.6416008231425923
26.908000000009903 4.365461398484878 -1.824092017537732 3.363436587989665e-05 -0.14894424907952813 0.18345735720317144 -0.022358757131393233 0.23736239227454967 2.6439501187908965
26.909000000009904 4.367841941534223 -1.816499850514792 3.3691762349493605e-05 -0.14867121503051517 0.1836665043939382 -0.02217346095328937 0.2373355796874654 2.6461436121522786
26.910000000009905 4.370056321260649 -1.808550340905157 3.375786256833739e-05 -0.14838152633420548 0.18387192793975626 -0.021978472115539625 0.237295209555703 2.648181466323368
26.911000000009906 4.372103644695779 -1.8002462515074693 3.383260888730122e-05 -0.1480752881910446 0.18407354726608452 -0.021773851342037857 0.2372413589116483 2.650063861783768
26.912000000009908 4.373983263318067 -1.7915905345527623 3.3915923571403244e-05 -0.1477526188719977 0.18427129064718206 -0.02155966301737526 0.23717412171173913 2.651791251223549
26.91300000000991 4.375694076504897 -1.7825861902855131 3.4007819502039133e-05 -0.14741361516712806 0.18446506930572057 -0.02133598778944772 0.23709356825008537 2.653363800402915
26.91400000000991 4.3772355094667965 -1.7732362308155234 3.410822593064068e-05 -0.14705839655741262 0.1846548151372664 -0.02110289406915874 0.2369997993448716 2.654782058352115
26.91500000000991 4.378607098483415 -1.7635436888536813 3.421709406122111e-05 -0.14668708094954613 0.18484046654141717 -0.020860454198859044 0.23689292167164927 2.6560465227238597
26.916000000009912 4.379808337468912 -1.753511861568022 3.4334374594372984e-05 -0.14629979534670284 0.1850219568042919 -0.02060874842242402 0.23677304561481477 2.6571578107716585
26.917000000009914 4.380838962232688 -1.7431438457173627 3.4460002522306717e-05 -0.1458966650811822 0.18519923262171092 -0.020347849657954543 0.23664029164785944 2.658116625869304
26.918000000009915 4.381698653147445 -1.7324428297548258 3.459392454493683e-05 -0.1454778168541397 0.18537223741074613 -0.020077834064586346 0.23649478011160777 2.658923618395252
26.919000000009916 4.382387169366065 -1.7214120831428477 3.473609214527314e-05 -0.1450433793623913 0.18554091819192287 -0.019798782777072588 0.23633663706632133 2.6595795160842695
26.920000000009917 4.382904631053688 -1.7100551157312103 3.4886444599636496e-05 -0.14459349657748008 0.18570523626766317 -0.019510782996569415 0.2361660108543767 2.6600852959865997
26.92100000000992 4.383250983676332 -1.6983752515748807 3.5044928678870836e-05 -0.14412830292390855 0.185865146847355 -0.019213916543757974 0.2359830398678373 2.6604417777372977
26.92200000000992 4.383426361593669 -1.6863758794205 3.5211476740905656e-05 -0.143647940510558 0.18602061277411358 -0.018908264857661124 0.23578787430592987 2.6606498746361567
26.92300000000992 4.383431146366476 -1.6740604957979988 3.5386027301870755e-05 -0.1431525561009608 0.186171608493492 -0.018593915900407446 0.23558067797636595 2.6607106840163883
26.924000000009922 4.383264485958134 -1.6614321203656002 3.5568555928972327e-05 -0.14264225875711822 0.1863180554012387 -0.018270944014181792 0.23536154984831548 2.660624477881427
26.925000000009923 4.382928266512125 -1.648494965835214 3.575894843926451e-05 -0.1421172499115819 0.18645999027130367 -0.017939453422385274 0.23513073955461378 2.660393207428438
26.926000000009925 4.382422450665262 -1.6352523579497593 3.595715753430701e-05 -0.14157766339876657 0.1865973698376204 -0.01759952704894286 0.2348883917015028 2.6600176148025563
26.927000000009926 4.381747671328771 -1.621707914863859 3.616311828778067e-05 -0.1410236551345885 0.18673017926317953 -0.01725125550641878 0.23463468833854526 2.6594988611437222
26.928000000009927 4.380904758504689 -1.6078651720500496 3.637676342604191e-05 -0.14045538098747318 0.18685841424274557 -0.016894727202643872 0.23436982064442832 2.658838108121144
26.92900000000993 4.3798941243236165 -1.5937278783264803 3.6598039716968176e-05 -0.1398729970568731 0.18698204842813612 -0.016530037541976676 0.23409396378632455 2.658036364931996
26.93000000000993 4.3787167290803195 -1.579299716653326 3.682686656438308e-05 -0.13927666857221213 0.18710108162556172 -0.016157277683295126 0.2338073197660074 2.6570949033297246
26.93100000000993 4.3773735071929885 -1.5645843102065364 3.7063183909082686e-05 -0.13866655450262813 0.1872155142119523 -0.015776540268179498 0.23351008826624503 2.6560149208973742
26.932000000009932 4.37586547007535 -1.5495854146898038 3.730692102897757e-05 -0.13804282194359482 0.1873253482620552 -0.015387919941599515 0.2332024761270351 2.6547976446106603
26.933000000009933 4.374193567873395 -1.534306743722254 3.755801997622772e-05 -0.13740563315331855 0.18743058416243655 -0.014991512299685575 0.23288468679320287 2.653444243328041
26.934000000009934 4.372359189239386 -1.5187520536769459 3.781640529646533e-05 -0.13675516053681716 0.18753124230904336 -0.014587412769898804 0.23255694654587974 2.6519560925094074
26.935000000009936 4.370363870048406 -1.5029259502444636 3.8082029675534496e-05 -0.1360916024689076 0.18762734284547158 -0.014175748641185017 0.2322194993865618 2.6503347696159447
26.936000000009937 4.368208452310895 -1.4868311363003306 3.8354800140550475e-05 -0.1354150919341544 0.18771888983984708 -0.01375657718288112 0.23187253425541524 2.648581104702794
26.937000000009938 4.365894341857518 -1.470471448161126 3.863464401731077e-05 -0.13472580425525463 0.1878059039373172 -0.013329996488613938 0.2315162817002823 2.6466964192456115
26.93800000000994 4.363423134050008 -1.4538507629816384 3.892148639476011e-05 -0.13402391844839967 0.1878884146450452 -0.012896106777420428 0.23115098235591894 2.644682088059661
26.93900000000994 4.360795483410098 -1.4369719355802228 3.921526559768137e-05 -0.133309564718084 0.18796641725232538 -0.012454974769474995 0.2307768195822721 2.6425387934409037
26.94000000000994 4.358013534581891 -1.419838983836058 3.951588977669254e-05 -0.13258293680416905 0.1880399657355056 -0.012006704159219036 0.23039406413837013 2.6402681939366093
26.941000000009943 4.355080438346767 -1.4024570031492647 3.9823308227488774e-05 -0.13184427056857573 0.18810915391723884 -0.011551442166433862 0.2300030462523132 2.637872562231583
26.942000000009944 4.3519965926230295 -1.3848297750202423 4.013751170400289e-05 -0.1310937146266936 0.18817395813205648 -0.011089293910919628 0.2296039480783218 2.6353524981595884
26.943000000009945 4.348764549600118 -1.3669603313939105 4.045834801178192e-05 -0.13033144562782614 0.18823445933640062 -0.010620322487818808 0.22919705201169435 2.6327095959667597
26.944000000009947 4.345385945141802 -1.3488535211609949 4.0785825296306985e-05 -0.12955766087914725 0.18829068390054135 -0.010144673527249907 0.22878261196424912 2.6299452155662593
26.945000000009948 4.341863178835285 -1.3305120090087394 4.111979282690567e-05 -0.12877252212749352 0.1883427095527156 -0.00966239852879357 0.2283608999852287 2.6270607210140655
26.94600000000995 4.338199352206076 -1.311939867212032 4.146014832445598e-05 -0.12797623852711293 0.1883906362281834 -0.0091736047434122 0.22793223657481312 2.62405804741873
26.94700000000995 4.334395097322275 -1.2931410324322177 4.1806905547476914e-05 -0.12716896241637057 0.1884344516875893 -0.008678407228787034 0.22749681830058052 2.6209378006869812
26.94800000000995 4.330453255676176 -1.2741199215208403 4.2159974660697176e-05 -0.12635091055016773 0.1884742400303562 -0.008176924070791288 0.22705495775062104 2.6177017100329465
26.949000000009953 4.326376516175606 -1.2548793840621786 4.2519241110682354e-05 -0.12552224573842788 0.18851009400538038 -0.00766922246167979 0.22660694316437516 2.6143512845795205
26.950000000009954 4.322167167942374 -1.2354236006316652 4.288465401730932e-05 -0.12468316111660066 0.1885420761045501 -0.007155419839685213 0.22615305693473242 2.610887894844838
26.951000000009955 4.317828001730252 -1.2157563229678117 4.3256113779288136e-05 -0.12383385087313287 0.18857027492126918 -0.006635612654752343 0.2256936032794378 2.607313106760798
26.952000000009956 4.3133619033659425 -1.1958813349170518 4.36335358773617e-05 -0.12297450793819374 0.18859478426872459 -0.006109902070528998 0.2252288905964754 2.603628464085971
26.953000000009958 4.308772115551292 -1.1758023536943725 4.4016814855675116e-05 -0.12210533108916852 0.18861571537822042 -0.0055783852928890185 0.2247592453059701 2.5998357320768584
26.95400000000996 4.304060416109023 -1.155523292684115 4.440592708017146e-05 -0.12122649224889187 0.188633110513386 -0.005041175340323443 0.22428492203832567 2.5959358536176507
26.95500000000996 4.299230135266857 -1.1350479462033396 4.4800764058651246e-05 -0.1203381947878942 0.18864708393502833 -0.004498371442990282 0.22380625270004834 2.591930638398968
26.95600000000996 4.294284967634868 -1.1143798137467438 4.520121696042501e-05 -0.11944063382960726 0.18865777192214175 -0.003950067290671438 0.22332358350126394 2.5878216170114507
26.957000000009963 4.289227120676358 -1.0935229090393175 4.560723328024291e-05 -0.11853399749414831 0.18866523426848542 -0.003396373852966954 0.22283719289847995 2.583610299517992
26.958000000009964 4.284060126641113 -1.0724809247649232 4.6018721182814936e-05 -0.11761848254747709 0.1886695982312771 -0.002837393547605882 0.22234742079832337 2.579298231322608
26.959000000009965 4.278787314931628 -1.0512576061617902 4.643557835624e-05 -0.11669428888018413 0.18867097931215232 -0.002273226186461129 0.22185459889115053 2.5748870576992253
26.960000000009966 4.273412255086911 -1.0298566335140178 4.6857715203187407e-05 -0.11576161380516156 0.1886695064786451 -0.0017039734957829972 0.22135906900632107 2.5703784722248244
26.961000000009967 4.2679383610064034 -1.0082817404302855 4.7285038987956424e-05 -0.11482065505846749 0.18866530047736013 -0.0011297382562176898 0.22086116621261356 2.5657740667593147
26.96200000000997 4.2623681409040515 -0.9865368708706483 4.771753028454196e-05 -0.11387159188016352 0.18865844010823613 -0.0005506406790918511 0.22036118003530683 2.5610750273053293
26.96300000000997 4.256705875299113 -0.9646253421435949 4.81550276524494e-05 -0.11291463152673288 0.18864908867886584 3.323906027970095e-05 0.21985948643854233 2.5562832974149003
26.96400000000997 4.250956081943674 -0.9425511737435204 4.859741206658548e-05 -0.11195000065500196 0.1886374163742975 0.0006217904517417713 0.2193564772838744 2.5514010280627053
26.965000000009972 4.24512226657899 -0.9203178287095887 4.904461041253844e-05 -0.1109778826929559 0.18862355309351564 0.0012149123894817232 0.21885248739904217 2.546429770504466
26.966000000009974 4.239208266463722 -0.8979290839396697 4.94965254469382e-05 -0.10999848250682563 0.18860763981137382 0.001812499188502662 0.2183478717604769 2.541371272679602
26.967000000009975 4.23321801464979 -0.8753886569209429 4.995305976217957e-05 -0.10901200346367453 0.1885898229654129 0.002414445869405129 0.2178429888110844 2.53622731073937
26.968000000009976 4.227155518670804 -0.8527001547007289 5.041411166404029e-05 -0.10801864609058402 0.18857025387484944 0.003020650291808159 0.21733819930664147 2.530999696085213
26.969000000009977 4.221024920919448 -0.8298673118582045 5.087958175971411e-05 -0.10701861690365079 0.1885490890091165 0.0036310059669174954 0.21683387081927466 2.525690333365155
26.97000000000998 4.214830351224237 -0.8068937766696255 5.134936799445334e-05 -0.1060121193697744 0.1885264852366115 0.004245408910779633 0.21633036907878034 2.5203010525372314
26.97100000000998 4.208576046269385 -0.783783279004262 5.18233696102758e-05 -0.10499936089466189 0.18850260380182568 0.004863751990527953 0.21582806469915095 2.5148337993962273
26.97200000000998 4.202266026122638 -0.7605394881109028 5.230150409910115e-05 -0.10398053905091585 0.18847759756315258 0.005485925335098158 0.21532731517686976 2.5092903972240475
26.973000000009982 4.195904935318966 -0.7371660523493266 5.278364290749922e-05 -0.10295586878186824 0.18845164694770478 0.00611182781066392 0.2148285097307125 2.5036729951284116
26.974000000009983 4.189497011795515 -0.7136664112791531 5.3269672279354996e-05 -0.10192554913412558 0.18842491583331328 0.006741362397483851 0.21433201450100367 2.497983497708986
26.975000000009985 4.183046790872108 -0.6900446156613089 5.3759498659632654e-05 -0.10088979920616079 0.18839757762090023 0.007374406983372274 0.21383821154236904 2.4922240718596456
26.976000000009986 4.176558677800362 -0.6663041764441645 5.425302679666868e-05 -0.09984881738642568 0.1883698051289009 0.008010856355230037 0.21334747159812326 2.4863967962858147
26.977000000009987 4.170036821560714 -0.6424487309931006 5.475017943487487e-05 -0.09880280144043396 0.18834175816522095 0.008650600598282161 0.21286015205283348 2.4805035633344055
26.978000000009988 4.1634865372218455 -0.6184820808740639 5.525077047400786e-05 -0.09775198749831718 0.18831364564741362 0.009293537017032994 0.212376670157477 2.4745470820572506
26.97900000000999 4.156912200755325 -0.5944078612835506 5.5754724956108635e-05 -0.096696574341567 0.18828563881193233 0.009939553051612093 0.2118973902318701 2.468529405920229
26.98000000000999 4.150318403598778 -0.5702298139283403 5.626192696776792e-05 -0.09563677363762307 0.18825791629118582 0.010588537429773101 0.21142268715304607 2.4624528339468394
26.981000000009992 4.143709861241489 -0.5459516751962774 5.677227051385681e-05 -0.09457279714865144 0.1882306630611831 0.011240377905437561 0.21095293923628955 2.4563197443474487
26.982000000009993 4.1370912614755495 -0.5215771225954612 5.7285631913362055e-05 -0.09350485665986497 0.18820406276878987 0.01189496565258475 0.21048852146741082 2.450132493478302
26.983000000009994 4.130467329674657 -0.4971098674456345 5.780190131812566e-05 -0.09243316281905428 0.18817830121742468 0.012552188247656469 0.21002980756934053 2.443893518720146
26.984000000009996 4.123842802942684 -0.47255367416177896 5.8320958859477967e-05 -0.09135792925154801 0.18815356397862082 0.013211931871152419 0.20957716960288347 2.4376053661260553
26.985000000009997 4.117222463060849 -0.4479122965874474 5.884268723926715e-05 -0.0902793699844716 0.18813003877441165 0.013874083471817842 0.20913097887744347 2.431270573178563
26.986000000009998 4.110610903448723 -0.4231893950223256 5.936697436572942e-05 -0.08919769093835064 0.18810790595356047 0.014538530454537693 0.2086915935507336 2.4248916176434108
26.98700000001 4.104013376044332 -0.3983889759591572 5.989367676978593e-05 -0.08811312414956003 0.18808737231440747 0.015205152825005579 0.2082594030145244 2.4184714400398812
26.98800000001 4.0974343451241 -0.3735145738084834 6.0422678686896056e-05 -0.08702587062993264 0.18806861295528207 0.015873843437297735 0.20783475225114137 2.4120125128017644
26.98900000001 4.090878607791871 -0.3485700824366752 6.095386556809852e-05 -0.08593614730725577 0.18805181526671588 0.01654448173032355 0.2074179994958162 2.405517672952426
26.990000000010003 4.084351066686106 -0.3235593433993766 6.148708465509727e-05 -0.08484417720897858 0.18803717046236706 0.01721695426509736 0.20700950556901562 2.3989897993796405
26.991000000010004 4.0778563982889064 -0.29848615381861965 6.20222244572989e-05 -0.08375017041657182 0.1880248617496488 0.01789114171416786 0.20660961408563688 2.3924316931386547
26.992000000010005 4.071399297819594 -0.27335445377054407 6.255915754656182e-05 -0.08265434554255444 0.18801507066793488 0.01856692317983614 0.20621866615731582 2.3858462268558354
26.993000000010007 4.064984678277087 -0.24816801843661923 6.309773484570148e-05 -0.08155692132028738 0.18800799006265892 0.019244184862177598 0.20583700929049195 2.379236488639021
26.994000000010008 4.058617370145068 -0.22293077617090848 6.363781393655054e-05 -0.08045811942774292 0.18800380758318752 0.019922806960061133 0.20546498213757253 2.3726054982984133
26.99500000001001 4.052301920818059 -0.19764664479412275 6.41792632574687e-05 -0.0793581551788687 0.1880026978974588 0.02060266851276661 0.20510290383113428 2.3659562974984603
26.99600000001001 4.046043092890608 -0.1723195790646054 6.472194311225122e-05 -0.07825724963733852 0.18800484510425616 0.021283648509656788 0.2047510991358989 2.3592920212572785
26.99700000001001 4.0398455090662875 -0.14695352191223637 6.526570439479578e-05 -0.07715562131568321 0.18801042677277474 0.021965625396385226 0.20440988032613375 2.3526158640791284
26.998000000010013 4.0337138525515694 -0.1215520656517305 6.581039179464497e-05 -0.07605348061314576 0.1880196260201175 0.02264849261427291 0.20407955777053652 2.3459309501745103
26.999000000010014 4.02765262554508 -0.09611972573516453 6.63558837427337e-05 -0.07495105897424412 0.1880326099435922 0.02333210555431394 0.20376042499258132 2.339240612321558
27.000000000010015 4.021666641013302 -0.0706604134105521 6.690198479395854e-05 -0.07384858595866965 0.1880495624673496 0.02401635245137378 0.20345278758799362 2.332548355809122
27.001000000010016 4.015760216798688 -0.04517825125482612 6.744858436677056e-05 -0.07274627402865953 0.18807064674839763 0.024701099196464783 0.2031569168276753 2.32585741120744
27.002000000010018 4.0099377387203665 -0.019677290573165505 6.799551921562217e-05 -0.07164434510566875 0.18809602661373073 0.025386223800237872 0.2028730829172003 2.3191711851228027
27.00300000001002 4.004203713705889 0.005838258745282914 6.854263444321641e-05 -0.07054302555645174 0.18812587067645833 0.026071596490456907 0.20260155432768756 2.3124932042250212
27.00400000001002 3.9985626103049605 0.03136430605701969 6.908975251854084e-05 -0.06944254101317746 0.18816034583790445 0.026757094610564025 0.20234259156244222 2.3058270566210934
27.00500000001002 3.9930184815891345 0.05689657048298094 6.963673799033564e-05 -0.06834311040378756 0.188199599071732 0.02744258352107657 0.202096425551607 2.2991761789677225
27.006000000010022 3.987575604666247 0.08243078663042734 7.018342482824944e-05 -0.06724496056919345 0.18824378673932077 0.028127933287299192 0.2018632918559638 2.2925442367656244
27.007000000010024 3.982238237492588 0.10796267459713912 7.072963919903632e-05 -0.06614831967406393 0.18829306355336642 0.02881301461950396 0.2016434174216406 2.2859349668159323
27.008000000010025 3.9770101918865453 0.1334878439406077 7.1275238006738e-05 -0.06505340779887292 0.18834756340303654 0.029497690102715697 0.20143699815948207 2.2793519355120972
27.009000000010026 3.9718955646976 0.1590019111608168 7.182004142130854e-05 -0.0639604550681148 0.1884074319504171 0.030181827695469544 0.20124423705962463 2.272798949253694
27.010000000010027 3.9668983137059026 0.18450051066034318 7.236388212334229e-05 -0.0628696864515036 0.1884728089469271 0.03086529385907504 0.20106532160435406 2.266279818749041
27.01100000001003 3.9620221011427375 0.20997904821992444 7.290659732493653e-05 -0.06178132968587503 0.18854381783000387 0.031547947093665936 0.20090041539402853 2.259798378117354
27.01200000001003 3.9572706371995436 0.235433033500363 7.34480178882909e-05 -0.06069561187487346 0.18862058467922185 0.03222965181061585 0.20074967676544417 2.253358424912541
27.01300000001003 3.9526469501765167 0.2608587184204367 7.398795052905927e-05 -0.05961272794000984 0.18870320962845766 0.03291029867622352 0.2006132259236402 2.2469634902034614
27.014000000010032 3.9481556985487583 0.28625073144102564 7.452622159052406e-05 -0.058532944153813674 0.18879185647357458 0.03358971886377161 0.20049124628122664 2.240617937187302
27.015000000010033 3.9437998756096344 0.31160370428345774 7.50626892694779e-05 -0.057456507529979724 0.1888866069449299 0.03426774877183934 0.20038382955368667 2.234326179270734
27.016000000010035 3.9395822959328997 0.3369137367975171 7.559716292401257e-05 -0.05638361216900531 0.18898755006876128 0.03494427216331906 0.20029105811104367 2.2280916911741206
27.017000000010036 3.9355059466078868 0.3621759646892535 7.612948042525472e-05 -0.0553144866045639 0.18909477322094267 0.03561914134456728 0.20021300886288704 2.221918486008652
27.018000000010037 3.9315741371595307 0.3873854135159728 7.665945179367766e-05 -0.05424937017158594 0.18920837718815003 0.03629220636239816 0.20014976493825296 2.215810837181621
27.01900000001004 3.9277895742171323 0.41253744801586717 7.718689247252113e-05 -0.053188483497866756 0.18932843693962678 0.03696333098329638 0.20010137342903422 2.2097727081337486
27.02000000001004 3.924154801408824 0.4376268480565579 7.771165718963554e-05 -0.052132056498725106 0.18945501581825913 0.037632352206342604 0.20006785915300163 2.2038082643592247
27.02100000001004 3.920672514525794 0.46264888428789197 7.823354393696381e-05 -0.051080314931956805 0.1895881865162977 0.038299132561086476 0.20004925042353458 2.1979215589322116
27.022000000010042 3.9173453566224055 0.4875983906001899 7.87523528881496e-05 -0.050033496953272374 0.18972801491019498 0.03896351875464227 0.20004556044281424 2.192117043962824
27.023000000010043 3.914175470175179 0.5124703145620025 7.926791655226804e-05 -0.04899182639101913 0.18987454509204543 0.03962535909162308 0.20005676946851617 2.186398788540818
27.024000000010044 3.9111649177340366 0.5372594080255335 7.97800618268918e-05 -0.047955532562112546 0.19002781507767152 0.04028449567626979 0.20008284333845558 2.180771015896693
27.025000000010046 3.9083157145491434 0.5619606752311493 8.02886110515215e-05 -0.046924836977189265 0.19018786286918388 0.040940780532653966 0.20012373926824928 2.175237859398747
27.026000000010047 3.9056298702647996 0.5865692491575353 8.079335503908858e-05 -0.04589996208000431 0.19035472602376002 0.041594074711691464 0.20017940775626333 2.169803422816353
27.027000000010048 3.903108058111034 0.6110792668652691 8.129416646547266e-05 -0.04488113467642437 0.19052836988819544 0.04224419949914571 0.20024971503954753 2.164471845234891
27.02800000001005 3.900752898908685 0.6354855841262207 8.179079097970257e-05 -0.04386859839641081 0.19070885730397263 0.04289100864402977 0.20033462207505423 2.159247830344237
27.02900000001005 3.8985654289053007 0.6597826538268142 8.228308638839195e-05 -0.04286257634665317 0.19089617409030338 0.04353433539793292 0.20043399934124898 2.1541354396756933
27.03000000001005 3.8965465574238625 0.6839652829624447 8.277086618000871e-05 -0.04186328393090429 0.19109030170774088 0.044174029880881316 0.20054770720243087 2.1491387147640792
27.031000000010053 3.894697333422132 0.7080280108873265 8.325394994106413e-05 -0.04087094659283032 0.1912912258663892 0.044809932847652376 0.20067560252973213 2.14426185850993
27.032000000010054 3.8930185837299804 0.7319653885120568 8.373214273798402e-05 -0.039885789997396184 0.19149892053553474 0.04544188942037035 0.20081752444466744 2.139509021809241
27.033000000010055 3.891510967943384 0.7557719128133005 8.420527538999406e-05 -0.03890803387925813 0.19171335259890684 0.04606973825084187 0.20097329535926747 2.134884253298144
27.034000000010057 3.890174895010936 0.7794420345537858 8.467317495593159e-05 -0.03793789771116238 0.19193447582438733 0.04669331891796683 0.20114271829797842 2.1303916760189736
27.035000000010058 3.8890106733007146 0.8029702237062718 8.513565244455687e-05 -0.03697560185730471 0.1921622384489745 0.04731247414288996 0.20132558513003776 2.1260352232515256
27.03600000001006 3.8880185447642064 0.8263503857617515 8.559255197338034e-05 -0.03602138105349762 0.1923965807613692 0.047927026272338524 0.2015216713630987 2.121819042663219
27.03700000001006 3.8871980770465457 0.8495780890658443 8.6043656517743e-05 -0.03507541024822448 0.19263742606521966 0.04853685697354442 0.20173073342945178 2.1177461292319917
27.03800000001006 3.8865490087089585 0.872647330846827 8.648884401634578e-05 -0.03413791456629981 0.19288469118544824 0.04914179316064896 0.20195251209055487 2.1138209334228497
27.039000000010063 3.88607090680885 0.8955522331218656 8.692793156108369e-05 -0.033209114724182934 0.19313828499120564 0.049741667577419386 0.20218673528075626 2.1100470779613203
27.040000000010064 3.885763459546203 0.9182871808008063 8.736074331007222e-05 -0.03228922530489086 0.19339812500197842 0.05033632277366875 0.20243313517170514 2.106428266385333
27.041000000010065 3.885625835907302 0.9408468594271964 8.778711597447837e-05 -0.03137844307620295 0.19366410666976341 0.05092561182288752 0.2026914177798839 2.102967909974525
27.042000000010066 3.8856569311227735 0.9632256424132645 8.820688082340907e-05 -0.030476973198722352 0.1939361086641345 0.05150937982018594 0.20296126809961254 2.0996692992681725
27.043000000010068 3.885855500788078 0.9854182849501908 8.861988014925743e-05 -0.02958500448154552 0.19421400727269583 0.052087483286240625 0.2032423652346779 2.0965355405155903
27.04400000001007 3.886220088135179 1.0074194078329641 8.902595779752266e-05 -0.028702728154705367 0.1944976669197089 0.05265977598771695 0.20353437313586487 2.0935696500394525
27.04500000001007 3.8867502143754464 1.029222505677576 8.942495249899109e-05 -0.02783038449997374 0.19478698799129215 0.05322607086073165 0.2038369829334407 2.090775403143155
27.04600000001007 3.887443309093896 1.0508227784406992 8.981674591987217e-05 -0.026968129073963107 0.19508178779299307 0.05378624312192455 0.20414980740483468 2.0881547960648104
27.047000000010073 3.888297783873045 1.072214741974418 9.020118710346734e-05 -0.02611615508106378 0.19538192310849078 0.054340144054234554 0.20447249372379 2.085710678299078
27.048000000010074 3.8893110594463836 1.0933911221337056 9.057816667292843e-05 -0.025274695800502293 0.19568718576237992 0.054887562594683845 0.20480461285574955 2.0834463013459392
27.049000000010075 3.890481955488908 1.1143494870010167 9.094750292736784e-05 -0.024443856580850274 0.19599748257380709 0.05542845914663823 0.2051458734247061 2.0813626399853113
27.050000000010076 3.891807936611092 1.1350834110192085 9.130908382563207e-05 -0.02362384597119228 0.1963126155551901 0.055962653619873896 0.20549585816937643 2.079462402681314
27.051000000010077 3.89328648624578 1.155587645960506 9.166278254436819e-05 -0.022814836458748426 0.19663239945140054 0.05649000848377383 0.20585416764095746 2.0777475142553543
27.05200000001008 3.894914707567636 1.1758571686082637 9.200852053563421e-05 -0.022016983350523683 0.1969566343849267 0.05701039042217135 0.20622038696545822 2.076219260949034
27.05300000001008 3.8966897286183135 1.1958863424790658 9.234617526101107e-05 -0.021230468095459674 0.19728511359787324 0.05752365129450828 0.20659409304510684 2.074879512067905
27.05400000001008 3.89860950481825 1.215670155343227 9.267562418064761e-05 -0.020455464960990693 0.1976176761287678 0.05802966323733468 0.20697491099344226 2.0737296984695583
27.055000000010082 3.9006707775038567 1.2352034957255973 9.299679192251762e-05 -0.01969212616138083 0.19795410417538864 0.058528290734586534 0.2073624074150101 2.0727707904795354
27.056000000010084 3.902870049862959 1.254482143139003 9.330957972589538e-05 -0.01894057808834438 0.19829417552590178 0.059019434819524416 0.20775615329571806 2.0720032584295964
27.057000000010085 3.905204247879987 1.273500859305578 9.36139038128401e-05 -0.018200984380832036 0.19863767865546242 0.059502959939962324 0.20815572405215957 2.0714279082096643
27.058000000010086 3.9076700815383636 1.2922549531873857 9.39096870995582e-05 -0.01747348712573976 0.19898439723812067 0.05997874924504395 0.20856069490091236 2.071045091701378
27.059000000010087 3.9102640755458786 1.3107396399764704 9.419686303383521e-05 -0.016758228676115674 0.19933410541006416 0.060446683034504005 0.2089706326206277 2.070854998317022
27.06000000001009 3.912982533549255 1.3289504630054267 9.447537363990314e-05 -0.016055336051884785 0.1996865703683453 0.06090665155878178 0.20938510072427294 2.070857409941568
27.06100000001009 3.9158217155890345 1.3468832073382302 9.474514659952267e-05 -0.015364932127046815 0.20004155846273705 0.06135855764496115 0.20980366738391257 2.07105190936253
27.06200000001009 3.918778215553082 1.364532851429925 9.500615608150912e-05 -0.014687163179243602 0.20039884629378843 0.06180227018083898 0.21022590458276208 2.0714381706124243
27.063000000010092 3.921848062001315 1.3818953654211699 9.525835084020406e-05 -0.014022141098702631 0.20075819150720803 0.06223769766476114 0.21065137765713035 2.07201527725908
27.064000000010093 3.92502747101555 1.3989665291408069 9.550167993335163e-05 -0.013369984494482026 0.20111935966602684 0.06266473978886722 0.21107966015384283 2.07278188016075
27.065000000010095 3.928312443518087 1.4157421171115303 9.57361412485314e-05 -0.012730807112998479 0.20148210643488668 0.06308329553372795 0.2115103185156295 2.0737371604204706
27.066000000010096 3.93169878865985 1.4322181176367748 9.596171643475241e-05 -0.012104713651633861 0.20184618036648871 0.06349327191828402 0.21194291731505985 2.074879396764331
27.067000000010097 3.9351825025008527 1.4483907048178926 9.61783852865024e-05 -0.011491806555016169 0.2022113406736869 0.063894582994156 0.21237703654337223 2.0762068517591237
27.068000000010098 3.938759459321792 1.464256136933354 9.63861394793533e-05 -0.010892182386112517 0.2025773419857618 0.06428714480525612 0.21281225554549388 2.0777174601117148
27.0690000000101 3.942425880949965 1.479809763227304 9.65849876721625e-05 -0.010305971048268702 0.2029439467655349 0.06467084167894627 0.21324815668953237 2.0794095638986585
27.0700000000101 3.94617647280503 1.4950498973045967 9.677494154668744e-05 -0.009733183918310094 0.20331087492340316 0.06504565960207813 0.2136843105246072 2.0812794935779184
27.071000000010102 3.9500078516124186 1.509972067598627 9.695599227712902e-05 -0.009173952915342974 0.20367790932140192 0.06541149034487508 0.21412032884984986 2.083325433977902
27.072000000010103 3.9539155592738195 1.5245731972247978 9.71281584839564e-05 -0.008628347693371535 0.20404479570862358 0.0657682729716266 0.2145558033924089 2.085544363283476
27.073000000010104 3.9578953036402273 1.5388501191618345 9.729146867088884e-05 -0.008096441339514919 0.20441128755434967 0.06611594220307253 0.21499033619070243 2.0879331052699692
27.074000000010106 3.961942635960558 1.5527997424018125 9.744596102978853e-05 -0.007578300568770789 0.2047771320463554 0.06645443369717037 0.21542352751418012 2.090488380851385
27.075000000010107 3.9660533846844004 1.5664191913061052 9.759165917684857e-05 -0.007073992331790497 0.20514209107917833 0.06678369331907043 0.21585499899975397 2.093206723412723
27.076000000010108 3.9702232224091105 1.5797058197702671 9.772859902119067e-05 -0.006583571037594011 0.20550592230737827 0.06710367222532003 0.216284373770128 2.096084454216023
27.07700000001011 3.9744477005640038 1.5926570104299413 9.785684165948033e-05 -0.006107086213466265 0.20586837839113176 0.06741432097463192 0.21671127427036097 2.099117448829761
27.07800000001011 3.978722625155208 1.6052697773017979 9.797643748956583e-05 -0.005644605488273866 0.20622921990497523 0.06771557988401052 0.2171353321612139 2.102302008050164
27.07900000001011 3.9830434665072834 1.617542240809164 9.808743332113894e-05 -0.00519615446110239 0.20658820284068866 0.06800742536431952 0.2175561892450147 2.1056338050754158
27.080000000010113 3.9874063264728976 1.6294724456518017 9.818990249920265e-05 -0.0047617703156556425 0.20694511318400258 0.06828983251751984 0.21797352030131917 2.1091084095853954
27.081000000010114 3.991806145686124 1.6410577328197518 9.828392439974717e-05 -0.004341489264522323 0.20729967558279155 0.06856274453402175 0.21838693633961287 2.112721134467749
27.082000000010115 3.9962390187856087 1.6522962564487038 9.83695591871914e-05 -0.003935345210943944 0.20765167652493116 0.06882613983779562 0.2187961225216657 2.116467605742706
27.083000000010117 4.000700714248703 1.6631858312604808 9.844688349587908e-05 -0.0035433751734077414 0.20800088418408522 0.06907998233908867 0.21920074655198954 2.120343275249133
27.084000000010118 4.005187044575655 1.6737251328891634 9.851598248176837e-05 -0.003165586067351096 0.20834707872195632 0.06932426223808788 0.2196004997307111 2.1243429128668634
27.08500000001012 4.009693543137702 1.6839125371928843 9.857696701950848e-05 -0.002801987329239263 0.20869002470613957 0.06955895739014484 0.21999505925826232 2.1284615834170513
27.08600000001012 4.014216330855489 1.6937464955368782 9.862989485784263e-05 -0.002452602743158256 0.2090295131129255 0.06978405477333426 0.22038413489416647 2.1326941113813547
27.08700000001012 4.0187511263940365 1.7032258025614253 9.867487425636821e-05 -0.002117429724066499 0.20936532202131838 0.06999954494474321 0.22076742935994392 2.137035655602646
27.088000000010123 4.0232939680894155 1.7123489606762603 9.871200039869989e-05 -0.0017964835155252013 0.20969724086275546 0.07020541203050498 0.22114465866678085 2.1414807780318483
27.089000000010124 4.027840778528799 1.7211151442631134 9.874136320987181e-05 -0.00148975405883522 0.21002506077730548 0.07040166063298103 0.22151555101515583 2.1460241419113255
27.090000000010125 4.0323876856515755 1.7295237916038155 9.87630896853461e-05 -0.0011972207513981264 0.21034858722162592 0.07058829932185678 0.2218798537155043 2.1506617237132324
27.091000000010126 4.036930707429224 1.7375732798580155 9.877725157462437e-05 -0.0009189049595849406 0.2106676062837001 0.07076531068903874 0.22223729192137176 2.1553863669944726
27.092000000010128 4.041466072700358 1.745263199825382 9.878396158779517e-05 -0.0006547841689732868 0.21098192923521142 0.07093270992956847 0.22258762891066522 2.160193412488177
27.09300000001013 4.045989891045503 1.7525928982169716 9.878333239150346e-05 -0.00040484138267076316 0.2112913592450993 0.07109050374535314 0.22293062174352538 2.1650773128349567
27.09400000001013 4.050498591142722 1.7595619144097974 9.877546199169366e-05 -0.00016905982325889654 0.21159571617831757 0.0712387066267042 0.22326604983311857 2.1700327745115593
27.09500000001013 4.054988440341713 1.7661699042215642 9.876046509157868e-05 5.25865443731456e-05 0.2118948142943467 0.07137733421301924 0.2235936916139124 2.1750541804009327
27.096000000010132 4.0594559898758655 1.7724166025655417 9.873844373954698e-05 0.0002601204399913995 0.21218848176508687 0.07150640627312677 0.22391334394026938 2.180136225214187
27.097000000010134 4.063897677080914 1.7783018207915224 9.870950626182266e-05 0.00045357121808743396 0.21247654275203295 0.07162594244765262 0.22422480366413705 2.185273544409768
27.098000000010135 4.068310173136388 1.7838257058160716 9.86737570759147e-05 0.0006329750910158715 0.2127588359492739 0.07173597431492977 0.22452788900906753 2.1904606499219383
27.099000000010136 4.0726901645564375 1.7889884182653335 9.863129543153854e-05 0.0007983695116820933 0.2130352010711206 0.07183653258547303 0.22482242259880061 2.195692311173599
27.100000000010137 4.0770343209244615 1.7937899397900723 9.858225404521841e-05 0.0009497897498532226 0.21330547643655318 0.07192763944177072 0.22510822662457106 2.200963101795266
27.10100000001014 4.081339670069427 1.7982307441789298 9.852671737894963e-05 0.001087277660750416 0.21356952107569693 0.07200933623674168 0.22538515259544104 2.2062679534593097
27.10200000001014 4.085602908702006 1.8023111591125547 9.846481006345614e-05 0.0012108799973694771 0.21382717815283409 0.0720816558867065 0.22565303778708906 2.211601380017674
27.10300000001014 4.0898211223326175 1.806031855822992 9.839663407107128e-05 0.0013206485556672277 0.2140783128140501 0.07214464224539789 0.22591174722584553 2.2169583460607787
27.104000000010142 4.0939914795468795 1.8093933928033343 9.832229315897867e-05 0.001416630274187006 0.2143227930364389 0.07219833540941888 0.22616115071374418 2.2223339432570133
27.105000000010143 4.098111191922495 1.8123967043745446 9.824189149842029e-05 0.0014988848725886147 0.21456049299022892 0.07224278684536428 0.22640113087009103 2.2277231765261214
27.106000000010145 4.102177297542803 1.8150425093436164 9.815554450991276e-05 0.0015674703218974957 0.2147912770898307 0.07227803817712171 0.22663156108499963 2.2331210508137387
27.107000000010146 4.106187093459343 1.8173315167074184 9.806336313554668e-05 0.0016224372928391117 0.2150150211672063 0.07230413413548893 0.22685232959655968 2.238522619190873
27.108000000010147 4.110138075434209 1.8192648684029162 9.796545745288802e-05 0.0016638539861009184 0.21523161678759525 0.07232112683043214 0.22706334504078982 2.243923286700369
27.10900000001015 4.114027602146475 1.8208436527768612 9.786193204798913e-05 0.0016917851705419316 0.21544094734334313 0.0723290703936306 0.227264511865067 2.2493183376823502
27.11000000001015 4.117853153081583 1.8220690054371877 9.775290585254613e-05 0.0017062995843682733 0.21564290368086178 0.07232801641837877 0.22745574366281085 2.2547031623087235
27.11100000001015 4.121612316849419 1.8229422624223548 9.76384892441683e-05 0.0017074712929006101 0.21583738398727845 0.07231802251472597 0.22763696572641354 2.260073267539162
27.112000000010152 4.1253028433821 1.823464771386465 9.751878709998599e-05 0.0016953712901034558 0.2160242939400511 0.07229914760104231 0.22780811355161654 2.26542432043541
27.113000000010153 4.128922365699366 1.8236377388395366 9.739391856091237e-05 0.0016700696727768001 0.21620353271606418 0.07227144431913556 0.22796911710929635 2.27075185314543
27.114000000010154 4.13246871407401 1.8234628842064813 9.726398777937297e-05 0.001631651675363845 0.2163750146446855 0.07223498018397552 0.22811992813399035 2.2760518390726565
27.115000000010156 4.1359398195922035 1.8229416881778842 9.712911363293371e-05 0.0015801954928933901 0.2165386569247317 0.07218981303102726 0.22826050045072865 2.281320171315048
27.116000000010157 4.139333569394629 1.82207574235993 9.698940913316896e-05 0.0015157824755202354 0.21669437548206 0.07213600536839293 0.2283907906036973 2.286552777051838
27.117000000010158 4.142648095701247 1.8208667281616997 9.684497576809047e-05 0.0014384935470503689 0.21684209887139655 0.07207362196419724 0.22851077018310414 2.291745888217366
27.11800000001016 4.145881408208077 1.819316501011081 9.66959361492263e-05 0.001348421090119655 0.21698175281736512 0.07200272972328706 0.2286204111245038 2.296895658625475
27.11900000001016 4.149031637370172 1.8174268182859001 9.65423929997319e-05 0.0012456492924330046 0.21711326671954076 0.07192339514001116 0.22871969088002975 2.3019984263365902
27.12000000001016 4.152097076337675 1.8151995985909206 9.638445778808957e-05 0.0011302689821154727 0.2172365804792242 0.07183568629566085 0.22880859955833605 2.3070506199052905
27.121000000010163 4.155076102455571 1.812636804520934 9.622222586171209e-05 0.001002368011709811 0.21735163756035727 0.07173967547276926 0.22888713403932964 2.31204880815222
27.122000000010164 4.157967161376032 1.8097408778742927 9.605580393625713e-05 0.000862053819566052 0.21745839093475616 0.0716354460767787 0.22895530581172416 2.316989602441369
27.123000000010165 4.160768650400704 1.8065133606236359 9.588529782456973e-05 0.0007094026710819066 0.217556781325328 0.07152305397970699 0.22901310792915414 2.3218698837890646
27.124000000010167 4.163479157746321 1.8029565533684644 9.571080983548919e-05 0.0005445152791613019 0.21764676704527833 0.07140257762705714 0.22906055922820676 2.3266865061736346
27.125000000010168 4.166097382371267 1.7990726043711267 9.553243514524405e-05 0.00036748474416567934 0.21772830973626625 0.0712740911458471 0.2290976821670512 2.331436522815072
27.12600000001017 4.168621952727132 1.7948637802429461 9.53502716532428e-05 0.0001784097190771709 0.2178013690825987 0.07113767207888329 0.22912450020258632 2.336116927852338
27.12700000001017 4.171051802253204 1.7903323434497842 9.516440292151732e-05 -2.2616099961564025e-05 0.21786591908434375 0.07099339745072192 0.22914105195610404 2.3407251241168012
27.12800000001017 4.173385736882864 1.7854806512934185 9.497493193778945e-05 -0.00023549083023287646 0.21792192962844373 0.07084134477343146 0.22914737397191287 2.3452583259262942
27.129000000010173 4.17562263241323 1.7803109557433547 9.478195636914058e-05 -0.00046011781918855804 0.21796937256622967 0.07068158868515385 0.22914350539428482 2.3497139509146523
27.130000000010174 4.177761530226961 1.7748257152838975 9.458556123301468e-05 -0.000696396187437923 0.21800822964015584 0.0705142101827547 0.22912949831085153 2.3540895506615285
27.131000000010175 4.179801486537233 1.769027363990734 9.438583967634869e-05 -0.0009442245645833462 0.21803848349552413 0.0703392881439795 0.2291054065308326 2.358382763820289
27.132000000010176 4.1817419333676975 1.7629183366171035 9.418286064107224e-05 -0.0012035105541335182 0.2180601337196276 0.07015690428000822 0.22907130237904097 2.362591438796353
27.133000000010178 4.183581657889215 1.756501063648253 9.397673805030933e-05 -0.0014741442476460627 0.2180731512792321 0.06996713301044595 0.2290272300662503 2.3667132496598784
27.13400000001018 4.185319985156321 1.7497780971841301 9.376755479053015e-05 -0.0017560243433710771 0.21807753278165706 0.06977005667226784 0.22897326204970023 2.3707460730262655
27.13500000001018 4.186956229933736 1.7427519394651596 9.355539818287341e-05 -0.0020490490767670877 0.21807327428856838 0.06956575387055727 0.22890947047388652 2.374687939015072
27.13600000001018 4.188489779154719 1.7354251338325413 9.3340356911219e-05 -0.002353115718647927 0.2180603759106014 0.06935430396362366 0.22883593287361328 2.3785369831583987
27.137000000010183 4.18992000325677 1.727800092053694 9.312252459310823e-05 -0.0026681247451938563 0.2180388358455355 0.06913578110502142 0.22875272469532187 2.3822913400662316
27.138000000010184 4.191246455941212 1.7198797416683371 9.290197506161115e-05 -0.0029939635109274216 0.2180086659508337 0.06891027691530446 0.2286599407673126 2.385949302410355
27.139000000010185 4.192468641551601 1.7116663459533434 9.26788027593641e-05 -0.003330538014608612 0.2179698695433585 0.06867785913341501 0.2285576619747513 2.389509264214308
27.140000000010186 4.19358612917597 1.7031631318458818 9.245306349689226e-05 -0.0036777286540269146 0.2179224613034121 0.0684386317640287 0.2284459917493019 2.392969556607691
27.141000000010187 4.19459846275365 1.694372044184341 9.222489577184756e-05 -0.004035442927417034 0.21786644600856944 0.06819264291486138 0.2283250088004797 2.396328783358398
27.14200000001019 4.195505396163951 1.6852960795517726 9.199437282000362e-05 -0.004403566624069599 0.21780184621689958 0.06793998396086219 0.2281948225422847 2.3995855075963703
27.14300000001019 4.1963065539712625 1.6759377206313983 9.176157182341141e-05 -0.004782001427999155 0.21772867268900703 0.0676807304231976 0.22805552771023044 2.4027383694348723
27.14400000001019 4.197001654028551 1.6662997504886403 9.152659664263205e-05 -0.005170633134663298 0.21764694590510242 0.06741496057503744 0.22790722985058132 2.4057860558599216
27.145000000010192 4.19759059540666 1.6563848389813414 9.128951840498228e-05 -0.005569360255976661 0.21755669187108484 0.06714275464182895 0.22775004160799586 2.408727452187912
27.146000000010194 4.1980732292383385 1.6461957719771194 9.1050435299237e-05 -0.005978070153472494 0.21745793742380926 0.06686419034102065 0.22758407637912065 2.4115614446396374
27.147000000010195 4.198449318952129 1.6357352696830576 9.080943564534877e-05 -0.006396653955585042 0.21735070364142334 0.06657934610353372 0.227409443257802 2.4142868406693556
27.148000000010196 4.198718969963357 1.6250070165244537 9.056653550264775e-05 -0.00682498647655121 0.21723503456416232 0.06628834107030425 0.22722628554890142 2.4169026497272528
27.149000000010197 4.1988820480506135 1.6140122590502723 9.032193468704199e-05 -0.007262987317113873 0.21711094744861464 0.06599118488647887 0.22703469111465124 2.4194081579235682
27.1500000000102 4.198938529602182 1.6027543330091851 9.007568421077986e-05 -0.007710534560024569 0.21697847840511222 0.06568797942485902 0.2268347924704669 2.421802343539544
27.1510000000102 4.198888514467315 1.5912359958617768 8.98278674863402e-05 -0.008167520364224615 0.21683766552763917 0.0653788009154699 0.22662671773098816 2.4240844708013203
27.1520000000102 4.198732132969133 1.5794599900554165 8.957857420572058e-05 -0.008633836815466409 0.216688548455407 0.06506372430534267 0.22641059690383092 2.4262537816913676
27.153000000010202 4.198469512572028 1.567429055284388 8.932788861003971e-05 -0.009109376060874447 0.21653116659871502 0.06474282408879098 0.22618656041376783 2.4283096470641996
27.154000000010203 4.198100921656073 1.5551459830763705 8.90759006273564e-05 -0.009594028566096665 0.21636556718390917 0.0644161744356382 0.2259547467433786 2.430251482795893
27.155000000010205 4.197627509738275 1.54261366272241 8.882263175544896e-05 -0.010087705539433493 0.21619183737106415 0.06408386193999221 0.22571533778206335 2.432079202653199
27.156000000010206 4.19704823338765 1.5298346516092456 8.856823955405153e-05 -0.01059027606640991 0.2160099619102943 0.06374594521808997 0.22546840826022013 2.4337916485614723
27.157000000010207 4.196363908007897 1.5168117509609766 8.83127794645067e-05 -0.011101642607928553 0.21582001291798938 0.06340250183359956 0.2252141240759 2.4353886563199962
27.158000000010208 4.195575053254748 1.503548156912242 8.805629691067843e-05 -0.01162169206495802 0.21562205172096222 0.06305362427143303 0.22495264490237288 2.436869835024199
27.15900000001021 4.19468209761304 1.4900461562931486 8.779889155639207e-05 -0.012150330439242527 0.2154161288178584 0.06269936624530695 0.2246841107248532 2.4382349909566488
27.16000000001021 4.193685550479135 1.4763082917276857 8.754064699741755e-05 -0.01268745892668146 0.2152023004299962 0.06233979204201344 0.22440867050143148 2.439483890763362
27.161000000010212 4.192585984682268 1.462337378966391 8.72816274784189e-05 -0.01323297304750126 0.21498062778650007 0.06197497681866052 0.22412648136895177 2.440616368109733
27.162000000010213 4.19138401817467 1.4481360740633753 8.702190661247097e-05 -0.013786772533496774 0.2147511731196436 0.06160498893769159 0.22383770038839887 2.4416322965006887
27.163000000010214 4.190080439606137 1.4337070957906914 8.6761540527082e-05 -0.014348759303350445 0.21451400688236483 0.061229899891843034 0.2235424941326321 2.442531753122068
27.164000000010216 4.188675873189579 1.4190529897379576 8.650059571550961e-05 -0.014918838125852162 0.21426919001769085 0.06084977548025654 0.22324101929945653 2.443314628830762
27.165000000010217 4.187171109175278 1.4041764899421236 8.623914637232626e-05 -0.015496906029265447 0.2140167944121679 0.06046468348299711 0.22293344373520776 2.443981000245006
27.166000000010218 4.185567073278362 1.3890802038678298 8.59772467489374e-05 -0.016082869906274652 0.21375689600811928 0.060074690735988444 0.22261994017264655 2.444531103715968
27.16700000001022 4.183864508945964 1.3737667239217886 8.571496529189617e-05 -0.016676632250056073 0.21348956248457795 0.05967986174304735 0.2223006730775446 2.44496496053323
27.16800000001022 4.182064486599388 1.3582387592788305 8.545235795971297e-05 -0.017278096447765623 0.2132148783127972 0.05928026409109758 0.22197582449787068 2.445282948911033
27.16900000001022 4.180167923648611 1.342498820441254 8.518947896291127e-05 -0.017887171633590184 0.21293291814069468 0.058875960358222346 0.221645566716468 2.4454853197395314
27.170000000010223 4.178175891877634 1.3265497417873102 8.492637684782918e-05 -0.018503757822129117 0.21264376744515054 0.058467022804962174 0.22131008481875208 2.44557239239131
27.171000000010224 4.176089428879756 1.310393740583693 8.466313795813264e-05 -0.019127768364838624 0.2123475057097047 0.05805349742129106 0.22096955280444372 2.4455446144739144
27.172000000010225 4.173909636400515 1.294033563339122 8.439980457118847e-05 -0.019759106998105253 0.2120442187258364 0.05763545360948259 0.2206241566945554 2.44540240166143
27.173000000010227 4.171637687904115 1.2774716844519793 8.41364305832819e-05 -0.02039768508403385 0.21173399364591414 0.05721294944597546 0.22027408201225845 2.445146248397568
27.174000000010228 4.169274781215095 1.2607106867426117 8.387307135774978e-05 -0.021043409889770413 0.21141692008898258 0.05678604566432493 0.2199195175101358 2.444776724488366
27.17500000001023 4.166822240606388 1.243753142196281 8.360977725274088e-05 -0.021696190411547515 0.21109309371548235 0.056354801711276326 0.2195606580621055 2.4442944668349615
27.17600000001023 4.1642813323295105 1.2266015593235264 8.334660235860792e-05 -0.022355936802742088 0.21076260676462516 0.05591927510272721 0.21919769535413164 2.443700117853191
27.17700000001023 4.161653408124634 1.209258476768607 8.308359183385184e-05 -0.02302255999615503 0.21042555563173826 0.05547952440657314 0.2188308258908737 2.442994376898584
27.178000000010233 4.15893992408589 1.1917264287097942 8.282080145429217e-05 -0.0236959694738786 0.21008204257166163 0.05503560489819978 0.21846025127445767 2.442178049952421
27.179000000010234 4.156142287744974 1.1740078327855676 8.25582682853254e-05 -0.024376082269790496 0.2097321649841903 0.05458757219108289 0.21808616978959466 2.44125192057862
27.180000000010235 4.153261995679455 1.1561050129894335 8.22960565444718e-05 -0.025062812919783756 0.20937602556304508 0.05413547202188488 0.21770878255840131 2.4402169009330104
27.181000000010236 4.15030067535031 1.1380207158404054 8.203417963367372e-05 -0.02575607340044645 0.2090137347268622 0.053679372722796465 0.21732830390308855 2.4390738882819267
27.182000000010238 4.147261008065335 1.1197574310380256 8.177262971246944e-05 -0.0264557993656248 0.20864545084145994 0.05321933225812015 0.21694499487867994 2.4378244491367087
27.18300000001024 4.144143087333909 1.101317439304975 8.15115258935749e-05 -0.027161879105642658 0.20827121085835487 0.05275538981199188 0.21655898989229258 2.436468806452625
27.18400000001024 4.140949289194663 1.0827031984775528 8.125087031868683e-05 -0.027874242867167557 0.2078911586474882 0.05228760053623468 0.21617053552473287 2.4350084299308596
27.18500000001024 4.137681266007852 1.0639171185649798 8.099070038619993e-05 -0.02859280776022999 0.20750540418456095 0.051816015211138725 0.21577984348352008 2.4334443599295668
27.186000000010242 4.134340844542718 1.0449614558091564 8.073105970825941e-05 -0.029317496147070507 0.20711406480300515 0.051340677001081476 0.2153871317755225 2.431777825621149
27.187000000010244 4.130930029476307 1.0258388375929723 8.047194818620469e-05 -0.030048227405252984 0.20671726816903732 0.05086164679813685 0.21499263253536366 2.430010143750689
27.188000000010245 4.127450729046465 1.0065515820030804 8.02133946047189e-05 -0.03078492476574991 0.2063151355963551 0.05037897099015885 0.21459656914080089 2.4281426055200734
27.189000000010246 4.123904996571551 0.9871020434018452 7.99554196034866e-05 -0.03152751266506618 0.205907795600733 0.04989269697050687 0.21419917262909763 2.42617661367931
27.190000000010247 4.1202948751723625 0.967492602928592 7.96980398344474e-05 -0.032275914823838514 0.2054953763582705 0.049402873171181555 0.21380067413343384 2.4241136106461934
27.19100000001025 4.116622593239656 0.9477256359674182 7.944126684595653e-05 -0.033030058324201396 0.20507801472673828 0.0489095480986579 0.2134013138956163 2.4219551295491195
27.19200000001025 4.1128902724658625 0.9278035004244303 7.918511059632242e-05 -0.03378986880241827 0.2046558423306234 0.04841276899247099 0.21300132683920067 2.419702704163715
27.19300000001025 4.109100182617401 0.907728573940904 7.892957732482173e-05 -0.03455527279670429 0.20422899827671567 0.04791258266961261 0.21260095529709608 2.417357970691002
27.194000000010252 4.105254693494352 0.8875031749284706 7.867466987204574e-05 -0.035326201795203044 0.20379762537495444 0.04740903581370343 0.21220044608466473 2.4149226129479895
27.195000000010253 4.101356076028884 0.86712964002142 7.842039217480513e-05 -0.03610258305367381 0.20336186250421 0.046902172931257695 0.21180004119452442 2.4123983334934485
27.196000000010255 4.097406819582881 0.8466103905506518 7.816674083050044e-05 -0.03688434509315718 0.20292185960333575 0.046392042018617664 0.2113999942773987 2.409786971575793
27.197000000010256 4.093409389342565 0.8259477380862322 7.791371225655815e-05 -0.03767141962629093 0.202477764307213 0.04587868733129025 0.21100055650815164 2.4070903700480644
27.198000000010257 4.089366353891516 0.8051440716027614 7.766129249494814e-05 -0.03846373828283349 0.20202972974892736 0.04536215616105338 0.21060198497804983 2.4043104499361556
27.19900000001026 4.08528024257442 0.7842016996675323 7.740947654960828e-05 -0.03926123276187715 0.20157790681997712 0.04484249110713894 0.21020453354911142 2.4014491916748466
27.20000000001026 4.081153762934585 0.7631230745088171 7.715825227104357e-05 -0.04006383194821254 0.20112245668756368 0.04431973874405707 0.20980846612269252 2.3985086440292904
27.20100000001026 4.076989534579783 0.7419104115428988 7.690759283476785e-05 -0.04087147519247261 0.20066353267282666 0.0437939411875184 0.20941403991586452 2.395490882909196
27.202000000010262 4.072790338258167 0.7205662157889905 7.665748938697545e-05 -0.04168409006976504 0.20020130024192656 0.04326514569721886 0.20902152237438107 2.3923980839531542
27.203000000010263 4.068558953912794 0.6990927437111666 7.640791797038005e-05 -0.042501614345578795 0.19973592156537892 0.04273339285089968 0.20863117803938325 2.389232440734017
27.204000000010264 4.064298277506006 0.6774924499231225 7.61588531526225e-05 -0.04332398029580112 0.19926756653559566 0.04219872901342633 0.20824327857589447 2.385996266489412
27.205000000010266 4.0600112410373566 0.6557677236232179 7.591026305402216e-05 -0.04415112363001144 0.19879640593347103 0.041661198792669205 0.20785809634147104 2.382691954803371
27.206000000010267 4.055700763333471 0.6339209258124177 7.566212378437334e-05 -0.04498297926997433 0.1983226100818431 0.041120844500869766 0.20747590208538055 2.3793219091204802
27.207000000010268 4.051369857869515 0.6119544657775757 7.541439342843673e-05 -0.04581948407943041 0.19784635365244013 0.04057771155338699 0.20709697112652675 2.3758885774275016
27.20800000001027 4.04702158450822 0.5898707325096015 7.516703509208985e-05 -0.04666057475197498 0.19736781377937512 0.04003184308762729 0.20672157994081594 2.3723945342850317
27.20900000001027 4.042659112309225 0.5676721776128135 7.492001563273677e-05 -0.047506186199199704 0.19688717386004687 0.039483282875701284 0.20635000989685462 2.368842461560058
27.21000000001027 4.038285480727172 0.5453612052125152 7.467328317206798e-05 -0.04835625639619376 0.196404609644593 0.038932076376350204 0.2059825351656624 2.3652348838031827
27.211000000010273 4.03390395762529 0.5229402904633539 7.442679859520895e-05 -0.04921072091065985 0.19592030948077027 0.038378267770946974 0.20561944012346248 2.3615746778724325
27.212000000010274 4.029517761624372 0.5004118559673875 7.418050954920944e-05 -0.05006951804176368 0.19543445839726403 0.037821900745228745 0.2052610054100592 2.357864597642097
27.213000000010275 4.02513021049683 0.4777784338234836 7.393436403162409e-05 -0.05093258364442125 0.19494724728787227 0.03726302242904435 0.20490751607093932 2.354107562605969
27.214000000010277 4.020744553391028 0.45504244598102156 7.368831160718976e-05 -0.05179985560869121 0.1944588629312087 0.036701675506363565 0.2045592515594303 2.3503064627765946
27.215000000010278 4.016364961497541 0.4322066316977202 7.344224730074017e-05 -0.052671281842496254 0.19396953734665567 0.03613791844657924 0.20421653826039393 2.3464647261049976
27.21600000001028 4.0119937155421646 0.4092732688451556 7.319618141245549e-05 -0.05354678080565006 0.1934794123762095 0.03557178070440519 0.20387960253682555 2.342584853254329
27.21700000001028 4.007634679397967 0.3862449979118288 7.295002614511427e-05 -0.0544262959673471 0.19298870535696067 0.035003314522266724 0.20354875120134186 2.33867021788359
27.21800000001028 4.003291280188787 0.36312443838262387 7.270372137671896e-05 -0.055309760599345635 0.19249761374172436 0.034432567720036444 0.20322426684234818 2.3347240060191963
27.219000000010283 3.9989670871902816 0.33991419488166036 7.245719844885105e-05 -0.05619711140011201 0.19200634148645296 0.03385958807485458 0.20290643707218314 2.330749526089789
27.220000000010284 3.9946655527704378 0.3166168896529119 7.221039442020091e-05 -0.05708828175881594 0.1915150874543859 0.03328442305210888 0.2025955415470607 2.3267500717936516
27.221000000010285 3.9903903136778647 0.2932351306181532 7.196323516019278e-05 -0.057983209835786816 0.1910240586032479 0.03270712088324223 0.202291866728717 2.3227290319335965
27.222000000010286 3.98614504728663 0.26977172903018476 7.171565255602734e-05 -0.058881824201746244 0.19053346721026765 0.032127732561825856 0.20199569933059391 2.318690001383501
27.223000000010288 3.9819331813385856 0.2462294096822161 7.146757775235778e-05 -0.05978405452686462 0.19004351201601055 0.0315463087591202 0.20170731080299598 2.3146364078464154
27.22400000001029 3.9777584133792185 0.22261092374857253 7.121893461635144e-05 -0.0606898333553544 0.18955440509172142 0.03096289993562661 0.20142698313483406 2.310571838689432
27.22500000001029 3.973624414564873 0.1989191238139954 7.09696471994556e-05 -0.061599089296013085 0.18906635827370205 0.03037755989303296 0.2011549944148364 2.3065000782038707
27.22600000001029 3.9695348806297206 0.17515680264729921 7.071964012882512e-05 -0.06251175323374657 0.1885795840991227 0.029790340354082633 0.20089162055637613 2.302424766624956
27.227000000010293 3.965493482076311 0.15132690113935213 7.046883453328578e-05 -0.06342774979111866 0.18809429579325704 0.029201296281967243 0.20063713329808436 2.298349754403086
27.228000000010294 3.961503810416027 0.12743228350012084 7.021716420227731e-05 -0.0643470039684626 0.18761070218825712 0.028610480007088768 0.2003917963927772 2.2942788094679307
27.229000000010295 3.957569760158601 0.10347599876363103 6.99645318071873e-05 -0.06526944268562798 0.1871290276025588 0.028017952095727605 0.20015588614779778 2.290216011042248
27.230000000010296 3.9536949972125326 0.07946100844903504 6.97108649678865e-05 -0.06619498885398611 0.18664948564886497 0.027423767565435724 0.19992966280631855 2.2861652699836004
27.231000000010297 3.9498832681035125 0.055390429553973414 6.945607639095424e-05 -0.06712356205503052 0.18617229507858915 0.026827986347920253 0.19971338685543588 2.282130652955617
27.2320000000103 3.946138251433298 0.03126733071601974 6.920009161320121e-05 -0.06805508280990806 0.18569767099565426 0.026230667931611416 0.19950731126856522 2.278116296701467
27.2330000000103 3.942463691468116 0.007094914065878168 6.894282195042457e-05 -0.06898946789618976 0.1852258330720808 0.025631874951819546 0.1993116878945925 2.2741263092727997
27.2340000000103 3.9388634899552564 -0.01712353038776683 6.868418302431463e-05 -0.06992663209852805 0.18475700981489201 0.025031671562268355 0.19912677151398872 2.2701651216504066
27.235000000010302 3.935341132014032 -0.04138486732881837 6.842409612767209e-05 -0.07086649162368155 0.18429140774859978 0.024430119912373573 0.1989527917973079 2.2662368365121326
27.236000000010304 3.9319004068866836 -0.0656857469381345 6.816247340394708e-05 -0.07180895858672812 0.18382925042755116 0.02382728699758961 0.1987899883085948 2.262345880246728
27.237000000010305 3.9285450816768392 -0.09002277169494555 6.78992346781806e-05 -0.07275394179119272 0.18337076139832492 0.023223240132399535 0.19863859409541934 2.2584966777252453
27.238000000010306 3.92527867566786 -0.11439250322886536 6.76343074511624e-05 -0.07370134409491046 0.1829161531220159 0.022618047163069956 0.19849882430841753 2.254693638002161
27.239000000010307 3.922104947776605 -0.1387913894932615 6.736759598007416e-05 -0.07465107231857267 0.18246564942782417 0.022011783450657775 0.1983709011677596 2.250941296035876
27.24000000001031 3.9190275645407198 -0.16321588745468532 6.709902242441911e-05 -0.07560302807967433 0.18201947095599333 0.021404519977658396 0.19825503559150695 2.2472442702227045
27.24100000001031 3.916050037276979 -0.18766234956437816 6.682851010060191e-05 -0.07655710775099088 0.18157783192936253 0.020796331822459234 0.1981514249573656 2.24360710360011
27.24200000001031 3.913176079697612 -0.21212705282132163 6.655597519456467e-05 -0.07751320845410781 0.18114095695145857 0.020187296714187047 0.1980602704198062 2.240034561596201
27.243000000010312 3.9104092467507634 -0.23660627057703887 6.628132957185137e-05 -0.07847122438843368 0.18070906320744615 0.019577491717946403 0.19798175866553702 2.2365312321391433
27.244000000010313 3.907752762810126 -0.2610961814405461 6.600452880345109e-05 -0.07943104213034716 0.18028235327446568 0.018966998741006512 0.19791605391512224 2.2331017797325377
27.245000000010315 3.9052101836125264 -0.285592861767455 6.572548894211149e-05 -0.08039254791873776 0.17986104695050847 0.018355899928065772 0.19786332917741156 2.229750934378099
27.246000000010316 3.9027849807529864 -0.3100923560671305 6.544413246323058e-05 -0.08135562790144152 0.1794453598005888 0.017744280970360363 0.19782374693740806 2.2264835617044536
27.247000000010317 3.9004802861616983 -0.3345905939007798 6.516040690270477e-05 -0.08232015580383763 0.1790354936803056 0.017132228410135727 0.1977974451281308 2.2233043532633667
27.248000000010318 3.898299519765436 -0.35908337781093286 6.487424503209526e-05 -0.08328600574622382 0.1786316651804067 0.016519832536103743 0.19778456821831644 2.2202181151856486
27.24900000001032 3.8962455861324607 -0.3835666321822109 6.458557928731066e-05 -0.08425305220455752 0.1782340642194819 0.01590718424156524 0.1977852293890355 2.217229620263377
27.25000000001032 3.8943220249494006 -0.40803603433187646 6.429435198957723e-05 -0.08522116615071473 0.177842914772961 0.015294377728711058 0.19779956391544165 2.2143436819791944
27.251000000010322 3.8925315511521474 -0.4324872701466793 6.400050923754578e-05 -0.08619020764284792 0.17745840110953157 0.014681507967375228 0.1978276590723975 2.2115651636197464
27.252000000010323 3.890877410523818 -0.4569158604543602 6.370399505703027e-05 -0.08716004106681952 0.17708073434007107 0.01406867780912702 0.19786962103487615 2.2088988184854306
27.253000000010324 3.889362378902822 -0.48131730646763016 6.340476193982962e-05 -0.0881305196116677 0.17671010425607017 0.013455986649378327 0.19792552389705068 2.206349327894774
27.254000000010326 3.8879893344150167 -0.5056870323900873 6.310276454631842e-05 -0.08910149685537314 0.17634670596547483 0.012843538505710173 0.19799543915981843 2.203921486812705
27.255000000010327 3.8867609063054913 -0.530020511166138 6.279796681153434e-05 -0.09007282410578109 0.1759907223976638 0.012231435816167075 0.1980794185032043 2.201619945786519
27.256000000010328 3.8856797108677292 -0.554312890051022 6.249033445196765e-05 -0.0910443405784313 0.17564233954876673 0.011619790647858862 0.1981775035876316 2.1994493069228285
27.25700000001033 3.884748168890357 -0.5785594004784979 6.217984055818084e-05 -0.09201588501832006 0.17530173340334693 0.01100871213916061 0.19828971877756474 2.197414087651391
27.25800000001033 3.883968742856786 -0.6027551837839131 6.186645888262085e-05 -0.09298729388888582 0.17496908291952423 0.010398312599523517 0.19841608228012864 2.1955189161584605
27.25900000001033 3.883343591880468 -0.626895259201272 6.155016707426793e-05 -0.09395839657033844 0.1746445534749864 0.009788710297314549 0.19855658939917134 2.1937680476871924
27.260000000010333 3.8828749514440632 -0.6509746296912967 6.123095480787553e-05 -0.09492902041948775 0.17432831506884258 0.009180021593836615 0.19871123055582057 2.1921659055002016
27.261000000010334 3.882564539924616 -0.6749882447523835 6.090882360490024e-05 -0.09589898379311915 0.17402051342646435 0.008572365531218705 0.1988799628835545 2.1907165997978666
27.262000000010335 3.8824145769472214 -0.6989308394678411 6.0583759946678807e-05 -0.09686810502895334 0.17372132078766434 0.007965867474382316 0.19906275923117897 2.1894243917111926
27.263000000010337 3.88242673166984 -0.7227972065422407 6.025576488056203e-05 -0.09783619754927264 0.17343088199988868 0.00736065296220304 0.19925955835088463 2.188293304449943
27.264000000010338 3.882602525777525 -0.7465820722543531 5.992485995952864e-05 -0.09880306739794856 0.17314933663212564 0.006756847396652194 0.19947028322567342 2.187327020873172
27.26500000001034 3.8829434047697027 -0.7702799975528427 5.9591054244084247e-05 -0.0997685156969543 0.17287682170554025 0.006154582833645808 0.19969484494407655 2.1865293219805464
27.26600000001034 3.883450800744984 -0.793885609714045 5.9254366772635374e-05 -0.10073234631762974 0.17261347291185378 0.005553990844899727 0.19993314742596185 2.185903884936876
27.26700000001034 3.884125785205285 -0.8173933831410207 5.8914837620752014e-05 -0.10169434908457266 0.1723594113481686 0.004955204695457901 0.20018506779876466 2.185453988220707
27.268000000010343 3.8849693767289533 -0.840797754228557 5.857249257202003e-05 -0.1026543158227223 0.17211475484974584 0.00435836305576101 0.20045047448820155 2.1851829212151146
27.269000000010344 3.885982417698251 -0.8640930729052038 5.822737226898864e-05 -0.10361203105312067 0.1718796143173445 0.0037636060453847134 0.20072921941585087 2.1850936791791398
27.270000000010345 3.8871655897782103 -0.8872736866073696 5.787953033774779e-05 -0.10456727545768198 0.17165409346808128 0.003171073024708726 0.20102113969709642 2.1851891400902277
27.271000000010346 3.888519417488607 -0.9103338188415719 5.752901984790076e-05 -0.10551982514525055 0.171438289269502 0.002580909694383255 0.20132605797856434 2.1854718455540247
27.272000000010348 3.890044269578794 -0.9332678201053983 5.71758980487006e-05 -0.10646945756825356 0.1712322901589661 0.0019932570713852545 0.20164378408896003 2.185944448747243
27.27300000001035 3.8917404254851222 -0.9560698334129137 5.682022805644008e-05 -0.107415942714659 0.17103618215274405 0.0014082644572196595 0.20197411607294388 2.1866085565896745
27.27400000001035 3.8936076812737825 -0.9787338452924809 5.6462096275931965e-05 -0.1083590356247586 0.17085003084968098 0.0008260842996159587 0.2023168209965121 2.187466896766572
27.27500000001035 3.8956461018629307 -1.0012540296340608 5.610157171409231e-05 -0.10929850499745901 0.17067391160350576 0.0002468661983180227 0.20267167596790808 2.1885207351885354
27.276000000010352 3.8978552290808444 -1.023624374391543 5.57387453679436e-05 -0.11023410340272205 0.17050787729988012 -0.00032923534131169526 0.20303842535397815 2.18977167357244
27.277000000010354 3.900234548316583 -1.0458389017121332 5.53737101648155e-05 -0.11116558494843552 0.17035197756883919 -0.000902065485939262 0.20341680673111318 2.1912207360161293
27.278000000010355 3.902782760764476 -1.0678917902916938 5.50066122879887e-05 -0.11209268964045573 0.1702062251723558 -0.001471480692447011 0.2038065146497591 2.192868621259162
27.279000000010356 3.9055003258609 -1.089776521846577 5.463744011482581e-05 -0.11301518731736099 0.17007071619648678 -0.0020372908023078198 0.2042073251031346 2.194716498593309
27.280000000010357 3.908385303545556 -1.1114874692384344 5.426639225333029e-05 -0.11393280954396945 0.1699454324061832 -0.002599362134381796 0.2046188939707491 2.1967641968051543
27.28100000001036 3.9114368572972387 -1.1330183801248115 5.3893552878206264e-05 -0.11484529992167829 0.169830409877441 -0.0031575268272243983 0.20504092520495631 2.199012230110989
27.28200000001036 3.9146534890026388 -1.154363201968432 5.351905583430094e-05 -0.11575239653225546 0.16972565173388204 -0.0037116236598389637 0.2054730890156757 2.201460096485733
27.28300000001036 3.918033613270678 -1.1755158119045248 5.314302323253272e-05 -0.11665383475206174 0.16963115737753534 -0.004261488552422876 0.2059150480180745 2.204107195431271
27.284000000010362 3.921575390320343 -1.196470069387425 5.276559761728182e-05 -0.11754934423268854 0.16954691460658053 -0.004806957346495706 0.20636644935908852 2.2069527117634853
27.285000000010363 3.925277166367689 -1.2172200756625724 5.2386898155237835e-05 -0.11843866908793876 0.16947291636221937 -0.005347870482031369 0.20682695045455426 2.209995216156624
27.286000000010365 3.929136730357384 -1.2377595074023484 5.200708430034384e-05 -0.11932152683304405 0.16940913505756433 -0.0058840573649411405 0.20729617444081028 2.2132338431416967
27.287000000010366 3.933152247436264 -1.2580821311466661 5.162624322183769e-05 -0.12019765903764887 0.16935555502029048 -0.006415335844893765 0.20777376588098004 2.2166666796836476
27.288000000010367 3.937320433083788 -1.278182058173949 5.1244616370186105e-05 -0.12106676918491607 0.16931209632733268 -0.00694155958261064 0.20825929466189175 2.2202910513671523
27.28900000001037 3.9416391981175884 -1.2980532221016239 5.086231633038154e-05 -0.12192859509092863 0.16927873133812044 -0.007462556557167364 0.2087523914465655 2.2241047461544667
27.29000000001037 3.9461055884331597 -1.3176897695417784 5.0479532503018015e-05 -0.12278286089560395 0.16925539091772396 -0.007978167530055685 0.209252645004928 2.2281051145668895
27.29100000001037 3.950716649962013 -1.337085639937502 5.0096418532776676e-05 -0.12362928877180902 0.16924200674373835 -0.008488222092717532 0.20975964293249122 2.232289192135776
27.292000000010372 3.9554693445040034 -1.3562348539151572 4.971315472337566e-05 -0.12446759947103123 0.1692385064619957 -0.00899255420528154 0.21027296882553148 2.23665357528387
27.293000000010373 3.9603601787652014 -1.3751316051191533 4.932991614121137e-05 -0.125297516490135 0.1692447929524985 -0.009490999637359849 0.21079218831409788 2.241194481364862
27.294000000010374 3.965385918038593 -1.3937700192046205 4.894687826705569e-05 -0.12611876367600358 0.1692607825418871 -0.009983392827588863 0.21131687862119672 2.2459080155868194
27.295000000010376 3.9705427433086866 -1.4121440908697394 4.856424659018938e-05 -0.12693104940660643 0.16928636577404518 -0.01046956571452008 0.21184658776269405 2.25078993311297
27.296000000010377 3.9758270769668016 -1.4302484917837923 4.8182180720386715e-05 -0.12773411639381413 0.16932143485794943 -0.010949364015424725 0.21238088747720577 2.2558357261593174
27.297000000010378 3.9812349479123883 -1.4480774818097606 4.780089256161206e-05 -0.12852768081031962 0.16936586977409449 -0.011422626378873766 0.21291932503229075 2.2610405822356148
27.29800000001038 3.9867622483749257 -1.465625331680098 4.7420554979269236e-05 -0.12931146482799613 0.16941954135956827 -0.011889184377434426 0.21346144531415778 2.2663993019756323
27.29900000001038 3.9924050389357095 -1.4828866593141596 4.704136737675513e-05 -0.1300852015727969 0.16948232587705286 -0.012348882921434393 0.21400680681309658 2.271906757001916
27.30000000001038 3.998158796474931 -1.4998560558541447 4.6663542260890044e-05 -0.13084861183628574 0.16955407270510228 -0.012801568689972067 0.2145549415681078 2.2775571954704907
27.301000000010383 4.0040188937829955 -1.5165282751011895 4.628728362383694e-05 -0.1316014254832401 0.16963462285383424 -0.013247087915357182 0.2151053830061456 2.283344780158566
27.302000000010384 4.009980907792534 -1.532897916698971 4.5912812864427424e-05 -0.132343366762278 0.1697238297935514 -0.013685285254200848 0.2156576735436374 2.2892635156384817
27.303000000010385 4.0160400174792334 -1.5489598904493598 4.554032495372306e-05 -0.13307417050001794 0.1698215226975529 -0.014116009129198378 0.21621134600043296 2.2953070235963726
27.304000000010387 4.022191425402137 -1.5647092994897958 4.517004827775957e-05 -0.13379357321175933 0.1699275314289952 -0.014539118663493958 0.21676593861082907 2.3014689276020537
27.305000000010388 4.028430199182693 -1.5801410967751348 4.4802174253202764e-05 -0.1345013112732842 0.1700416786359329 -0.01495446186896247 0.21732098641720965 2.3077427835025457
27.30600000001039 4.034751164764415 -1.5952505526189587 4.443693298420535e-05 -0.13519712393789843 0.17016377351277556 -0.015361899808520409 0.21787602002724776 2.3141215192614046
27.30700000001039 4.0411491906178 -1.6100329777395659 4.407454164779189e-05 -0.13588075459172422 0.17029362594004194 -0.01576129301653073 0.2184305767555821 2.320598414210533
27.30800000001039 4.047619142764372 -1.624483990850718 4.3715203142501434e-05 -0.1365519594360145 0.17043104164364636 -0.016152509566840174 0.21898420296190346 2.327166396060819
27.309000000010393 4.054155580898928 -1.6385989231573599 4.335914328345816e-05 -0.13721047810901701 0.17057581548442138 -0.01653541000223497 0.21953642958521127 2.3338182698640226
27.310000000010394 4.060753498436464 -1.6523734787369848 4.300654680060929e-05 -0.13785607649693946 0.1707277566933013 -0.016909860257555833 0.22008681947492262 2.340547036612434
27.311000000010395 4.06740702658964 -1.6658035910847213 4.265767439011718e-05 -0.13848850322505638 0.17088663451961336 -0.01727574417915438 0.2206348991431318 2.3473451071738087
27.312000000010396 4.074110907370266 -1.6788853073971448 4.231270903043294e-05 -0.13910753354478297 0.1710522419799676 -0.01763293697870943 0.22118023384059762 2.3542053492599138
27.313000000010398 4.080859362108923 -1.6916148124809376 4.19718722300731e-05 -0.13971293595162726 0.17122434674380285 -0.017981320905528165 0.22172236984926244 2.3611202840632495
27.3140000000104 4.087646786889746 -1.703987964590772 4.163539127599147e-05 -0.14030446677254835 0.17140272949797078 -0.018320771187337916 0.22226085965050718 2.3680822858383013
27.3150000000104 4.09446780432722 -1.7160013488519201 4.1303449376218725e-05 -0.14088191937441213 0.17158717107796492 -0.018651178403276746 0.22279528482664981 2.375084128991038
27.3160000000104 4.101316715661323 -1.7276514510024636 4.097625464558619e-05 -0.14144507561405645 0.17177743896005185 -0.018972432466695905 0.223325213858274 2.3821183472870597
27.317000000010403 4.108188159634772 -1.738935102894722 4.06539983079893e-05 -0.14199373664085607 0.17197331227530616 -0.01928443228011978 0.22385024169863943 2.3891777485419037
27.318000000010404 4.11507604490666 -1.7498488452062364 4.033688560578531e-05 -0.14252768253682513 0.17217453830818452 -0.01958706695021522 0.22436992918541185 2.396254668903371
27.319000000010405 4.121975339958993 -1.7603895928487243 4.002506332057491e-05 -0.1430467303615899 0.1723809084618149 -0.019880230671943767 0.22488389946999698 2.403342156255897
27.320000000010406 4.128879831566255 -1.7705546765936937 3.971878030716201e-05 -0.14355067663156382 0.17259215820890508 -0.020163845782380185 0.22539172680762518 2.4104327632339877
27.321000000010407 4.135784672680035 -1.7803419932214042 3.941818157738161e-05 -0.14403937599968028 0.17280807685464084 -0.020437836323439266 0.2258930685482855 2.4175197553552774
27.32200000001041 4.142683647022293 -1.789747884230134 3.9123461809503003e-05 -0.14451260110658046 0.17302840707338585 -0.020702083982806 0.22638749482728526 2.424595684069379
27.32300000001041 4.149571467360494 -1.798770182299771 3.8834780329291825e-05 -0.1449701953928497 0.17325291832297557 -0.020956512719124753 0.22687464971877203 2.4316538225319135
27.32400000001041 4.156442216390167 -1.8074073433437667 3.8552317118852085e-05 -0.1454120102957892 0.1734813440785234 -0.021201069779661075 0.22735416169790204 2.43868757433317
27.325000000010412 4.163291179599857 -1.8156561602599985 3.8276202436399726e-05 -0.14583786812400704 0.1737134906458238 -0.02143564105283667 0.22782569503604735 2.4456900238108465
27.326000000010414 4.170112969465948 -1.823515112222587 3.800659915353274e-05 -0.14624763226525767 0.1739491156979353 -0.021660172015300988 0.2282889131057839 2.4526550252674504
27.327000000010415 4.176902046659477 -1.830982215445903 3.774365226196337e-05 -0.14664115192434746 0.17418797334467626 -0.021874588955991432 0.22874347015296148 2.4595758669502743
27.328000000010416 4.183653114171077 -1.8380558604230552 3.7487519911200486e-05 -0.14701828991022597 0.17442982616155286 -0.02207883339319708 0.22918904141970087 2.466446374610072
27.329000000010417 4.190361164685604 -1.8447343716861577 3.7238332358133526e-05 -0.1473789140013769 0.1746744503378388 -0.02227284254642987 0.2296253196146919 2.4732605986507448
27.33000000001042 4.197020911744003 -1.8510163027762143 3.699621699072054e-05 -0.14772289919432072 0.1749216051344359 -0.022456556798997464 0.23005199375890995 2.4800126463093273
27.33100000001042 4.203627198810944 -1.8569012233820383 3.676130615953877e-05 -0.14805015250060855 0.17517104634537128 -0.022629954382234974 0.2304687787283295 2.4866972029070133
27.33200000001042 4.210175217738785 -1.8623868973294853 3.653371719224362e-05 -0.14836053212524886 0.17542256394293604 -0.022792947369236097 0.23087538171614846 2.493308113842992
27.333000000010422 4.216660115972147 -1.8674726272692599 3.631356463494139e-05 -0.14865394315600028 0.1756759303498816 -0.022945503164106047 0.23127153615518234 2.4998403140065637
27.334000000010423 4.2230770897630885 -1.8721576792507535 3.6100959023286806e-05 -0.1489302936256492 0.17593091975947994 -0.02308758431672874 0.23165698227426842 2.5062886051909334
27.335000000010425 4.2294208144483285 -1.8764418325674206 3.5896033125339585e-05 -0.14918949759308658 0.17618727690083938 -0.023219172463756398 0.23203144766111403 2.5126480782155562
27.336000000010426 4.235687662601922 -1.8803238183635553 3.5698830181240066e-05 -0.14943147091939735 0.17644483544894266 -0.02334020683370919 0.23239472823792598 2.5189138999365355
27.337000000010427 4.241872578183022 -1.8838034303515374 3.550948985547614e-05 -0.14965612966329922 0.17670335371931736 -0.02345067219457936 0.23274657116234826 2.525081395794432
27.338000000010428 4.247971178528827 -1.8868807110448178 3.532809114188492e-05 -0.14986341904373865 0.17696261638755448 -0.02355055223143165 0.23308676598342806 2.5311462093130537
27.33900000001043 4.253978513643778 -1.8895554211329588 3.515475286759927e-05 -0.15005325949106713 0.17722238598016674 -0.023639827454769106 0.233415072817691 2.537103800630798
27.34000000001043 4.259891244238448 -1.8918280317679546 3.498951713064706e-05 -0.15022562806289272 0.17748249200633537 -0.023718495397089666 0.23373134432414333 2.542950726631739
27.341000000010432 4.265704833797479 -1.8936984459721238 3.4832476690875244e-05 -0.15038046133871913 0.1777427137714359 -0.023786536238040175 0.2340353707401601 2.5486828339533303
27.342000000010433 4.271415229359982 -1.8951670842619437 3.468370643543772e-05 -0.1505177207051036 0.17800284819387296 -0.023843948013713076 0.234326976825698 2.5542964994027
27.343000000010434 4.277018417254906 -1.8962342147521465 3.4543272408356266e-05 -0.15063736509103243 0.17826269508649661 -0.023890721792807885 0.23460599056471598 2.5597881594768555
27.344000000010436 4.282510101055181 -1.8969007984022814 3.4411269702764794e-05 -0.15073936762086215 0.17852203484321946 -0.02392687526307434 0.23487224023957326 2.56515445164349
27.345000000010437 4.287887050652316 -1.8971675058040762 3.428774218341819e-05 -0.1508237142233974 0.17878070010238997 -0.02395241201474985 0.23512560375800437 2.5703924565231064
27.346000000010438 4.293145502019653 -1.8970352250083822 3.417276239582644e-05 -0.15089038595636295 0.1790384969032118 -0.023967345730477416 0.2353659397805591 2.575499250957959
27.34700000001044 4.2982817807897264 -1.896504973218601 3.406638605630186e-05 -0.15093937342073627 0.1792952330781001 -0.023971690892498166 0.23559311750859827 2.58047193041443
27.34800000001044 4.303292557500139 -1.8955781457485092 3.396866076057295e-05 -0.15097068488643955 0.17955072908908268 -0.023965474927235726 0.23580703127767363 2.585308094300392
27.34900000001044 4.3081744790586685 -1.8942561358655274 3.387964848628827e-05 -0.15098432547247082 0.17980480515938674 -0.023948727688060643 0.23600757626537947 2.590005290521554
27.350000000010443 4.312924225776987 -1.8925398000492746 3.379937950820811e-05 -0.1509802891402259 0.1800572867871173 -0.023921455423471197 0.2361946448664354 2.5945611541056186
27.351000000010444 4.317538768084189 -1.8904309679224875 3.3727907021775996e-05 -0.15095860137919778 0.18030800493680232 -0.023883701801921127 0.23636816026363736 2.598973694176779
27.352000000010445 4.322014544562224 -1.887931217592087 3.366526802577755e-05 -0.15091927603120717 0.1805567661652372 -0.02383549714242542 0.23652802077102497 2.6032408614329454
27.353000000010447 4.326349837114485 -1.885042219212691 3.3611465075348134e-05 -0.15086235876671938 0.18080346433363376 -0.023776875846345708 0.23667421454969373 2.6073612850025056
27.354000000010448 4.3305411651400565 -1.881765971096426 3.356655805687947e-05 -0.15078787366806354 0.18104790711104587 -0.023707886995543975 0.23680665408813847 2.611333182340865
27.35500000001045 4.334586762072437 -1.8781045031571773 3.3530527162984895e-05 -0.150695882709926 0.18128998077323893 -0.023628571706441826 0.2369253375968294 2.615155516289552
27.35600000001045 4.338483473341962 -1.8740593451982999 3.3503393687210315e-05 -0.15058640588065927 0.18152951156682806 -0.023538957818024495 0.2370301916231444 2.618826619856352
27.35700000001045 4.342229310866322 -1.8696328393521158 3.348516855326302e-05 -0.15045950658180685 0.18176637367768073 -0.023439101921527157 0.2371212120828982 2.622345581529834
27.358000000010453 4.345822149554397 -1.8648272334689409 3.347584803554778e-05 -0.15031524628291712 0.18200043468809385 -0.02332905434659047 0.23719839010510865 2.6257115616419866
27.359000000010454 4.3492606804173155 -1.8596455926795397 3.3475418319068825e-05 -0.150153725946468 0.18223159288865645 -0.02320889312902487 0.23726177016666328 2.628924331944782
27.360000000010455 4.352541800733413 -1.8540887514733164 3.348388875958949e-05 -0.14997494446389073 0.18245968412194735 -0.023078622197976555 0.2373112789131289 2.6319822483137365
27.361000000010456 4.355664254245194 -1.8481598429773909 3.350121715378594e-05 -0.14977901237741229 0.18268460658499086 -0.022938315467605486 0.23734697037956332 2.634885172741296
27.362000000010458 4.358626433844978 -1.8418612703730919 3.352739021348416e-05 -0.14956600415970006 0.18290625131313767 -0.022788028884136634 0.23736887038983934 2.637632694854357
27.36300000001046 4.361426493338082 -1.8351956648835066 3.35623933172293e-05 -0.1493360003349012 0.18312449491832128 -0.022627823682620687 0.23737699981196084 2.6402244859566206
27.36400000001046 4.364063530950152 -1.8281655618426875 3.3606176014329695e-05 -0.1490890959676125 0.18333925925629815 -0.022457755538374587 0.23737142478594486 2.6426605498775633
27.36500000001046 4.366536204383348 -1.8207737285479986 3.365870969763649e-05 -0.14882538442825594 0.18355044359655534 -0.022277890060687443 0.23735219565082283 2.6449408493399513
27.366000000010462 4.368843308264892 -1.8130229600850796 3.371996794094623e-05 -0.14854496192451558 0.18375795359648472 -0.022088293723907835 0.2373193711915596 2.6470654064623256
27.367000000010464 4.37098371457862 -1.804916042519077 3.378990365542852e-05 -0.148247928936346 0.1839616977198255 -0.02188902993931211 0.2372730163620812 2.6490343201299957
27.368000000010465 4.372956895581106 -1.79645588000927 3.3868448823069945e-05 -0.14793440154328988 0.18416161123353136 -0.02168016371935682 0.237213228364271 2.650848032928182
27.369000000010466 4.374761796407671 -1.7876453706189375 3.3955572978183274e-05 -0.14760448215822436 0.1843576059929499 -0.0214617647709345 0.237140079673876 2.6525067895556464
27.370000000010467 4.376397764022432 -1.778487564860078 3.405123877056272e-05 -0.14725828422809042 0.18454961165542408 -0.021233908156678145 0.23705366542531067 2.6540109624930555
27.37100000001047 4.377863963128798 -1.7689854607930973 3.415540584390899e-05 -0.1468959181337281 0.18473754921262253 -0.020996665857217094 0.2369540732516677 2.6553610203630953
27.37200000001047 4.37916016053955 -1.7591422723389876 3.426800015338996e-05 -0.14651751598227045 0.18492136486231567 -0.02075011190399056 0.23684142546477102 2.6565575763761364
27.37300000001047 4.380285847692659 -1.748961177761169 3.4388988581154095e-05 -0.14612319691220516 0.18510099423594334 -0.02049432647634363 0.236715829974881 2.657601224825702
27.374000000010472 4.381240810884049 -1.7384453041254373 3.4518297670683096e-05 -0.14571309005950597 0.1852763855107114 -0.020229381431712906 0.2365774112541457 2.6584927260755364
27.375000000010473 4.382024666176533 -1.7275977883547773 3.465587400454214e-05 -0.14528731945179954 0.1854474796167328 -0.019955351327368497 0.23642628647484715 2.65923269301725
27.376000000010475 4.382637445536384 -1.7164221678668912 3.480167721963469e-05 -0.14484602487574874 0.1856142344915678 -0.019672327901882843 0.23626259850699166 2.659821996082772
27.377000000010476 4.383079118421439 -1.7049217864547734 3.495563848436567e-05 -0.14438934435870854 0.18577660540638163 -0.019380391198130266 0.23608648721104034 2.660261538946912
27.378000000010477 4.38334974429454 -1.6930999641124176 3.511770123830304e-05 -0.1439174142239853 0.18593455301206835 -0.01907962270853921 0.23589809690503233 2.660552190342195
27.37900000001048 4.3834494911593875 -1.6809601898334234 3.528780428717085e-05 -0.14343037912816495 0.18608804114471952 -0.018770108390991504 0.23569758098660568 2.660694911305444
27.38000000001048 4.383378390365987 -1.668505775449354 3.546588663199098e-05 -0.14292837543688952 0.18623702915728532 -0.018451928997378658 0.23548508491640036 2.6606905395002687
27.38100000001048 4.383136530194174 -1.6557401928644275 3.565191219356765e-05 -0.14241154157513158 0.18638147874395122 -0.01812517392179624 0.23526075899368074 2.6605399152600993
27.382000000010482 4.38272512192203 -1.6426673124984372 3.584577496592785e-05 -0.14188005714393867 0.18652139804971712 -0.017789936303334537 0.23502481651788396 2.660244587944258
27.383000000010483 4.382144397008092 -1.6292905897819419 3.6047423924747576e-05 -0.14133406490856262 0.18665675520495742 -0.017446302747226687 0.23477741724188272 2.6598054527138553
27.384000000010484 4.381394946418228 -1.6156136136810701 3.6256802853807e-05 -0.1407737172893537 0.1867875342916073 -0.017094364755164154 0.2345187407278656 2.659223620749537
27.385000000010486 4.380477780728565 -1.6016398992642176 3.647382857072426e-05 -0.14019917488994435 0.1869137390465823 -0.016734207714592143 0.23424898760086493 2.658500323309759
27.386000000010487 4.379393193123311 -1.5873733091909101 3.669845931311742e-05 -0.13961059388889502 0.18703533690294347 -0.01636593250085259 0.23396832888882632 2.657636564536154
27.387000000010488 4.378142230056822 -1.5728175187258757 3.6930610168814936e-05 -0.13900814180986532 0.1871523315170358 -0.015989628685793525 0.2336769712813046 2.656633609833902
27.38800000001049 4.376725843393031 -1.557976104516069 3.717022414154217e-05 -0.13839197522595342 0.18726472496391378 -0.0156053886534857 0.23337511473543512 2.65549264531902
27.38900000001049 4.375145125804643 -1.5428528219999325 3.741722799830889e-05 -0.13776226255667837 0.18737252320309034 -0.01521330702281209 0.23306297034663861 2.6542149447971375
27.39000000001049 4.373401217618349 -1.527451411481119 3.7671557516687925e-05 -0.13711917080943364 0.1874757352038048 -0.014813479366951179 0.23274075161997063 2.6528017478571457
27.391000000010493 4.37149509423785 -1.5117756890194778 3.7933153453385785e-05 -0.1364628663759934 0.1875743615125478 -0.014406004487782804 0.23240866584896144 2.65125423470828
27.392000000010494 4.369428847402395 -1.4958304116578267 3.820195723899271e-05 -0.13579356166460674 0.18766844718686654 -0.013991014444857917 0.23206698589908323 2.6495742690778474
27.393000000010495 4.367203002900001 -1.4796178940966516 3.847787412452204e-05 -0.13511137283856206 0.18775798495776672 -0.013568552838477375 0.23171588122494416 2.647762451060753
27.394000000010497 4.364819129503351 -1.4631421472231356 3.876082327290338e-05 -0.13441648467271528 0.18784300108446556 -0.01313872258298625 0.23135559305817852 2.645820177106023
27.395000000010498 4.362278801711804 -1.4464071212199778 3.905075779449878e-05 -0.1337090733616342 0.1879235249317903 -0.012701630602289534 0.2309863609436131 2.6437488287088176
27.3960000000105 4.359581941886747 -1.4294144753732418 3.934756298541883e-05 -0.13298922862990112 0.18799952587737734 -0.012257295119681228 0.23060832150064695 2.6415485242468466
27.3970000000105 4.35673330402193 -1.4121710813827058 3.965120086139851e-05 -0.13225726460790468 0.18807115771049213 -0.011805926762169957 0.2302219023265246 2.639222674554082
27.3980000000105 4.353733082643203 -1.3946798918364145 3.9961630481607046e-05 -0.13151330520792265 0.1881383936764355 -0.011347597843428817 0.22982726687379335 2.636771679454785
27.399000000010503 4.350583275191111 -1.376945028839206 4.027879216590504e-05 -0.13075753985693928 0.1882012815053777 -0.010882420629183613 0.22942467972835 2.6341970156726955
27.400000000010504 4.347286125697321 -1.358970081659559 4.060258099062807e-05 -0.12999015180934909 0.18825988395772394 -0.010410482783616951 0.22901441357910488 2.631500181413484
27.401000000010505 4.343843388790548 -1.3407587612564171 4.093294144459687e-05 -0.12921131229929725 0.18831424180026607 -0.009931884002554346 0.22859671741028084 2.6286824019081125
27.402000000010506 4.340257832381351 -1.322314668090794 4.1269748162983945e-05 -0.12842121531338951 0.18836444215828788 -0.00944671054479456 0.2281718912405471 2.6257453818079943
27.403000000010508 4.336531581838 -1.3036416352886677 4.161294440392059e-05 -0.12762004103200744 0.18841054261105097 -0.008955067024623538 0.22774020432373687 2.6226904849773947
27.40400000001051 4.332666029519728 -1.2847440293316508 4.1962518260833936e-05 -0.12680797142270328 0.18845256176371106 -0.008457079318284573 0.22730189581752772 2.6195187354772753
27.40500000001051 4.3286641867619675 -1.2656251163480159 4.2318330625198006e-05 -0.12598519361205468 0.188490601848373 -0.007952822976264217 0.2268572753691637 2.616231836872709
27.40600000001051 4.324528415946113 -1.2462887795477626 4.268032953205837e-05 -0.12515189072334623 0.1885247321337265 -0.0074424069662637 0.22640662490124536 2.6128312013221713
27.407000000010513 4.320261209693419 -1.2267388492700402 4.304842921535157e-05 -0.1243082532258568 0.18855502682794442 -0.006925931976687545 0.2259502345559665 2.6093182808221465
27.408000000010514 4.315865518051826 -1.2069791293982046 4.342254140640441e-05 -0.1234544766922809 0.18858158219451002 -0.006403498679781837 0.22548841600776665 2.6056946624578172
27.409000000010515 4.311344511211059 -1.1870132465194754 4.3802550595356375e-05 -0.12259075795167244 0.18860450616240265 -0.005875199162193399 0.22502149151830977 2.601962072389653
27.410000000010516 4.3067000994090465 -1.1668452737758037 4.418844221425514e-05 -0.12171727433755855 0.18862384635579457 -0.005341153465062228 0.22454972323865427 2.5981215707579297
27.411000000010517 4.301935572329568 -1.1464787566146317 4.45800971618106e-05 -0.12083422148394624 0.18863971725341225 -0.004801451615641666 0.2240734387309126 2.5941748493649532
27.41200000001052 4.297054110067905 -1.1259175639871917 4.4977427298017864e-05 -0.11994179927195052 0.1886522264287638 -0.004256198534031995 0.22359296271368548 2.5901234808724363
27.41300000001052 4.292058491370212 -1.1051654196110565 4.5380362486781466e-05 -0.1190401938283858 0.1886614644986835 -0.0037054971547083714 0.22310859831627117 2.585968945706784
27.41400000001052 4.286952025480274 -1.0842260378859652 4.578880431290756e-05 -0.11812960275809213 0.1886675466322842 -0.0031494469114189353 0.22262067562532825 2.581712857632283
27.415000000010522 4.281737605419077 -1.063103310957818 4.6202692326616876e-05 -0.11721021688252461 0.18867056815500952 -0.002588159083603234 0.22212950456214633 2.5773566334028866
27.416000000010524 4.276419123795073 -1.0418008753963617 4.662189797712903e-05 -0.11628224401890791 0.18867067180435249 -0.0020217275197743725 0.22163544404120641 2.5729021326721284
27.417000000010525 4.270999854981708 -1.0203223862302555 4.704634180931907e-05 -0.11534587496880672 0.18866797303852473 -0.0014502541788715163 0.2211388210151452 2.5683509098669806
27.418000000010526 4.265482537608779 -0.9986718412152912 4.747599102243136e-05 -0.11440129648055763 0.1886625604904708 -0.0008738589922503391 0.22063993744739718 2.5637042235152325
27.419000000010527 4.259871481788375 -0.9768525131084616 4.7910669011517985e-05 -0.11344871735167998 0.1886545985481242 -0.00029261848809444455 0.22013917108882475 2.558964120073269
27.42000000001053 4.2541699351706495 -0.9548686110779264 4.835035355000775e-05 -0.11248833644772703 0.18864419906935156 0.0002933378533450429 0.21963684965503938 2.554132051192376
27.42100000001053 4.248382455045069 -0.9327234718071713 4.879488757481623e-05 -0.11152036290482824 0.1886315393761183 0.0008839256913399638 0.21913336193846994 2.5492101469574076
27.42200000001053 4.242512632128788 -0.9104208443427417 4.924418606651867e-05 -0.11054499470980225 0.18861674961090777 0.0014790381266888046 0.21862905031800847 2.5442000336930626
27.423000000010532 4.236564348448654 -0.8879644450418057 4.969815889557056e-05 -0.10956243322720588 0.18859997409575555 0.002078569292028769 0.21812427066671736 2.5391034459825046
27.424000000010533 4.230541608741735 -0.8653579975936389 5.015670691583282e-05 -0.10857288331016304 0.18858136259509703 0.002682414113306531 0.2176193848304443 2.533922220223401
27.425000000010535 4.224448437124145 -0.8426051378306527 5.061972807864948e-05 -0.1075765467214415 0.18856106694806987 0.003290469471739242 0.21711475436379127 2.5286581749626884
27.426000000010536 4.218288976086242 -0.8197095215352651 5.1087124902278164e-05 -0.10657362629461134 0.18853924476998615 0.0039026302246887735 0.21661074572303857 2.5233131665046016
27.427000000010537 4.212067436742805 -0.7966748822656553 5.155878731971608e-05 -0.10556433147996683 0.18851605533132265 0.004518791402358498 0.216107729325521 2.517889116187744
27.428000000010538 4.20578803727709 -0.7735048524385832 5.203462497619868e-05 -0.10454886363386029 0.1884916608031741 0.0051388466326269385 0.21560607325440537 2.5123879471849597
27.42900000001054 4.199454747565735 -0.7502032381029194 5.251455635435871e-05 -0.10352742436166115 0.1884662101657387 0.005762681766702076 0.21510613303748488 2.5068114632256013
27.43000000001054 4.193072346273597 -0.7267733868150614 5.299842888828759e-05 -0.10250022440797993 0.18843989218756413 0.0063902088333917485 0.21460830305531375 2.5011618570063785
27.431000000010542 4.186645191123651 -0.703219196449842 5.3486156750795174e-05 -0.10146747407500525 0.18841287357785028 0.0070213101195006665 0.21411295621895246 2.4954411699100225
27.432000000010543 4.180177653841285 -0.6795444120235693 5.3977632948001854e-05 -0.10042938250956322 0.1883853221887354 0.007655876071009961 0.21362046466998538 2.4896514378967787
27.433000000010544 4.173673822991223 -0.655752577697742 5.4472795386815706e-05 -0.0993861397961803 0.18835739687691555 0.008293796516107184 0.21313118214490426 2.4837945508071018
27.434000000010546 4.167138954709089 -0.6318474427785297 5.497147045518888e-05 -0.09833797764212493 0.18832930492664052 0.00893496895013044 0.21264552337407527 2.4778731269085847
27.435000000010547 4.16057746739508 -0.6078327141743065 5.54735622140741e-05 -0.09728510223995782 0.18830121754037862 0.009579282639564065 0.21216385719748945 2.4718892780935184
27.436000000010548 4.153993939599379 -0.583712036210594 5.597896683136246e-05 -0.09622771975809838 0.18827331428331395 0.010226627922116989 0.21168655800433825 2.465845232121043
27.43700000001055 4.147393028489873 -0.5594891975661398 5.648757863156044e-05 -0.09516604257571942 0.18824577697504702 0.010876890414282291 0.21121400274022337 2.459743325395452
27.43800000001055 4.140779442580513 -0.5351679066454945 5.699927161505972e-05 -0.09410028483200476 0.18821878956716348 0.01152996151206975 0.21074656904458114 2.453585932211375
27.43900000001055 4.134157920705047 -0.5107518344268426 5.7513934975879437e-05 -0.09303065584755643 0.18819253903361122 0.012185729832547716 0.2102846325504924 2.4473754961029304
27.440000000010553 4.127533119574692 -0.4862447220963226 5.803145313754066e-05 -0.09195736756935602 0.188167207247617 0.012844083064243101 0.20982856288745455 2.441114416543008
27.441000000010554 4.120909863678973 -0.46165033182324744 5.855171122008087e-05 -0.09088063432265692 0.18814298408931449 0.01350490731895214 0.20937873502009227 2.4348052952963006
27.442000000010555 4.114292867571309 -0.4369724467108377 5.907458443580334e-05 -0.08980067038195107 0.188120053724239 0.01416808813325123 0.20893551573538177 2.4284506492241578
27.443000000010557 4.107686970252394 -0.41221458942594746 5.959995311037752e-05 -0.08871768150601618 0.18809860939559128 0.014833518278318625 0.20849927369866628 2.4220530466038293
27.444000000010558 4.1010969460241515 -0.3873810534136499 6.012769684812588e-05 -0.08763189964325364 0.1880788327519387 0.015501066038211836 0.20807037322198954 2.41561539612388
27.44500000001056 4.094527669095061 -0.36247510557219875 6.065768003572352e-05 -0.08654352504497267 0.1880609207820224 0.01617063470416487 0.20764917789225043 2.4091402340567685
27.44600000001056 4.0879838560397905 -0.3375007906289875 6.118977772786842e-05 -0.08545278093789205 0.1880450546191833 0.016842101003429623 0.2072360410328298 2.4026304128396383
27.44700000001056 4.081470259449851 -0.3124619346447067 6.172386855671549e-05 -0.0843598812732238 0.1880314203656423 0.017515346188808453 0.20683131282585598 2.3960887779882647
27.448000000010563 4.074991643893421 -0.28736237385480046 6.225981961398486e-05 -0.08326504309264963 0.18802020371102451 0.01819025357869233 0.20643534031268262 2.3895181893707584
27.449000000010564 4.068552766742803 -0.2622059382651092 6.279749664364718e-05 -0.0821684826597928 0.18801159012593333 0.01886670602528958 0.20604846556220535 2.3829216041901407
27.450000000010565 4.062158469522089 -0.23699653957444183 6.333675787301076e-05 -0.0810704211134797 0.18800576805818453 0.019544584180302596 0.20567103046721422 2.3763020453236576
27.451000000010566 4.055813588141207 -0.21173802315635365 6.387745984243796e-05 -0.07997107720502669 0.1880029261669211 0.020223770772605894 0.2053033714796716 2.369662661661136
27.452000000010568 4.049522638586349 -0.18643440635288255 6.44194731529023e-05 -0.07887066948340186 0.1880032365254129 0.020904142109797515 0.204945804070581 2.363006387387996
27.45300000001057 4.043290334818372 -0.16108956819399237 6.496265036865699e-05 -0.07776941582896359 0.18800688168740004 0.021585579111613937 0.20459864815238157 2.3563364358627306
27.45400000001057 4.03712144432704 -0.13570738858254247 6.550683734886374e-05 -0.07666753580221364 0.1880140463895866 0.022267963515372646 0.20426222089483728 2.3496560518963863
27.45500000001057 4.031020349847178 -0.11029169615530515 6.605190414169795e-05 -0.07556523994244875 0.18802489794746302 0.022951178040424965 0.20393681450183784 2.342968260593679
27.456000000010572 4.02499201091306 -0.08484686979984357 6.65976707974219e-05 -0.07446277086965514 0.18803962403810343 0.02363509039595101 0.20362274419131773 2.33627670764401
27.457000000010574 4.0190405948375565 -0.05937697243183439 6.714402306510907e-05 -0.07336033978425538 0.18805838018554719 0.02431957148827269 0.20332027780978074 2.329584575787125
27.458000000010575 4.013170814891453 -0.03388599328009592 6.769078879850744e-05 -0.07225817078462815 0.18808134687318767 0.025004500531244978 0.20302970554475486 2.3228952931540627
27.459000000010576 4.007386995907524 -0.008378040460021528 6.823781888291608e-05 -0.07115648460157736 0.1881086849578627 0.025689751858498776 0.2027512910143415 2.3162123124910696
27.460000000010577 4.001693548227624 0.017142661312378737 6.87849652909746e-05 -0.07005550525231087 0.1881405586920658 0.026375193918770974 0.2024852945163475 2.3095390961788373
27.46100000001058 3.996094887663933 0.04267200105809914 6.933203759123415e-05 -0.06895546073763256 0.18817713148234977 0.027060705536028205 0.2022319711681918 2.302879297954588
27.46200000001058 3.9905951010563943 0.06820563509930533 6.987891245136136e-05 -0.06785657038131886 0.18821855192762638 0.02774614814649642 0.20199154975051503 2.2962363644697117
27.46300000001058 3.9851984680853643 0.09373936084205753 7.042540999117498e-05 -0.06675906113105246 0.18826497637925574 0.028431395650886707 0.20176426302206885 2.2896140036622867
27.464000000010582 3.9799089872757047 0.11926881192658194 7.097137212605716e-05 -0.06566315766886048 0.1883165471301468 0.029116313790909787 0.20155032107847698 2.283015895839811
27.465000000010583 3.974730712251491 0.1447896219291936 7.151663857113195e-05 -0.06456908543282672 0.18837340896372007 0.02980076802403861 0.20134992866417203 2.2764456880059614
27.466000000010585 3.969667573383866 0.17029737196705505 7.206103950094687e-05 -0.06347707147445272 0.18843569968921697 0.030484623714109985 0.2011632764779109 2.269907243810155
27.467000000010586 3.964723471031956 0.1957876456448102 7.260439918779783e-05 -0.062387344008590084 0.18850355510684014 0.031167748038659553 0.20099054579299255 2.2634043263725623
27.468000000010587 3.959902079009421 0.22125588898906007 7.314656249488496e-05 -0.0613001274889146 0.1885771002627237 0.031849998736286037 0.20083189685195912 2.256940775879571
27.46900000001059 3.9552070363069243 0.24669753908889921 7.368735281762845e-05 -0.06021565137042151 0.1886564566347996 0.03253123854348806 0.2006874803796577 2.250520495648165
27.47000000001059 3.950641366110017 0.27210936889586074 7.42265577687495e-05 -0.05913409453572381 0.18874172927951555 0.033211377062782 0.2005574159047432 2.2441466316144747
27.47100000001059 3.946209597685768 0.29748452214283494 7.47640608032806e-05 -0.05805576825320405 0.1888330607625637 0.03389019369521661 0.20044186761534405 2.2378245012570863
27.472000000010592 3.941914677939243 0.3228191071752997 7.529965645251471e-05 -0.05698087295428162 0.18893054515535934 0.03456757691107913 0.20034092978928852 2.231557628626885
27.473000000010593 3.9377594016784845 0.3481084816592429 7.583319863232274e-05 -0.055909622765931234 0.1890342641144076 0.03524338208367637 0.2002546751209578 2.225349857263054
27.474000000010594 3.933746558882076 0.37334799409256225 7.636450343560236e-05 -0.054842240028050056 0.18914429657370616 0.03591747217173323 0.20018316868524086 2.219205087817234
27.475000000010596 3.9298796130658737 0.39853251253299915 7.689337917313035e-05 -0.05377897172929817 0.18926074903825446 0.03658969203541915 0.20012649622183618 2.2131277435878616
27.476000000010597 3.9261611670333263 0.4236575112491164 7.741964421975327e-05 -0.052720032279220834 0.18938369284021622 0.0372599080953446 0.2000846962378507 2.2071217637552603
27.477000000010598 3.9225934854899998 0.4487176806951104 7.79431699431681e-05 -0.05166564897168682 0.18951317745831306 0.03792795349434306 0.20005777508080178 2.2011911566945055
27.4780000000106 3.919179645354815 0.4737081897394391 7.846371409758781e-05 -0.05061606130485965 0.18964929142431225 0.03859369125269265 0.20004577577211968 2.1953403782445147
27.4790000000106 3.9159218882462095 0.49862399290966786 7.898110482878745e-05 -0.04957149487450584 0.18979208330599512 0.039256970083331254 0.20004868829824032 2.189573534273544
27.4800000000106 3.912822307989783 0.5234598633208674 7.949517882019036e-05 -0.048532177350027864 0.1899415934051383 0.03991763159390408 0.20006648508854272 2.183894837889965
27.481000000010603 3.9098829602169056 0.5482106729734946 8.000575756601628e-05 -0.04749833474140773 0.19009786043148638 0.04057552252386399 0.2000991288634718 2.178308462532283
27.482000000010604 3.9071059512301787 0.5728717010188304 8.0512638197365e-05 -0.04647018505416335 0.1902609284305585 0.041230508034385265 0.20014658073272149 2.172818425500667
27.483000000010605 3.9044928317783874 0.5974370840734542 8.101564865534234e-05 -0.045447972189272434 0.1904308035965028 0.0418824117425277 0.2002087549231984 2.1674292924131513
27.484000000010607 3.9020442862471096 0.6219018973437132 8.151465264156714e-05 -0.044431893468085244 0.19060746154938155 0.042531088362040274 0.20028552377223352 2.162144605967759
27.485000000010608 3.899763215538318 0.6462605467653211 8.200937956289078e-05 -0.04342221210729706 0.19079097346927493 0.043176375967819064 0.20037685371159794 2.1569694538190856
27.48600000001061 3.8976503914333582 0.6705075463109436 8.249969158858913e-05 -0.04241914720223797 0.1909813125657839 0.04381811255049744 0.20048259970930854 2.1519078705776846
27.48700000001061 3.8957065600745007 0.6946377444162471 8.29854117762342e-05 -0.04142290842528899 0.19117845356227564 0.044456147943399416 0.20060261099706175 2.1469637356354174
27.48800000001061 3.8939327569468722 0.718645607450312 8.34663542416549e-05 -0.040433724293911635 0.1913823804345679 0.045090321246084794 0.20073673971436534 2.1421412980740357
27.489000000010613 3.892329732898832 0.7425257306335391 8.394232557668401e-05 -0.03945181772642846 0.19159306394907 0.04572047903574035 0.20088481843725606 2.1374447047581655
27.490000000010614 3.890898046616163 0.7662725150638743 8.441316297647404e-05 -0.03847740947410529 0.19181046540274152 0.04634645647933951 0.20104666051950623 2.132877962822755
27.491000000010615 3.8896380024873984 0.7898804774540674 8.487868438496952e-05 -0.03751071758620536 0.19203453350433677 0.04696809760652092 0.20122206187403005 2.128445134323729
27.492000000010616 3.8885502472547477 0.813343681356422 8.533870870205092e-05 -0.03655197868366314 0.19226522921535869 0.04758522953269539 0.2014108228983852 2.124150480130996
27.493000000010618 3.8876340226055186 0.8366571543711611 8.579306621039995e-05 -0.0356013775284872 0.19250245574513927 0.04819771428002196 0.20161268117768238 2.11999712205369
27.49400000001062 3.8868895428469856 0.8598153574849985 8.624156900532013e-05 -0.0346591360679693 0.19274615585002083 0.04880539758931887 0.20182740929266774 2.115989236946951
27.49500000001062 3.8863163135005014 0.8828124698031512 8.668407398587947e-05 -0.03372546785963372 0.19299623750321782 0.04940811020004455 0.20205473571854085 2.112130662266056
27.49600000001062 3.885913641755822 0.905642840026998 8.712041024385743e-05 -0.032800582768908085 0.1932525995141916 0.050005693573369425 0.2022943766858739 2.108424900938706
27.497000000010623 3.885681610546815 0.9283007738133429 8.755039015530082e-05 -0.031884705178864325 0.19351517693764853 0.050597988326502585 0.20254608007128008 2.1048759491250135
27.498000000010624 3.8856188553755584 0.9507810212808061 8.797385162575082e-05 -0.030978023551054633 0.19378383989493456 0.05118485208167005 0.20280952549172282 2.101486815832955
27.499000000010625 3.8857243476654335 0.9730779041146651 8.839064520711413e-05 -0.0300807417266511 0.1940584713836319 0.051766124243593566 0.20308439860752606 2.0982608849215794
27.500000000010626 3.885996418695581 0.9951867350923875 8.880058904676937e-05 -0.02919302935034262 0.19433893136726957 0.05234168538058538 0.203370364694816 2.095200925152417
27.501000000010627 3.886434588793588 1.0171007347679475 8.920355583052004e-05 -0.028315131663393174 0.19462511874856442 0.052911336230757715 0.2036671132773585 2.092310730475237
27.50200000001063 3.8870371670279216 1.0388145337287984 8.959937762633302e-05 -0.027447237874889507 0.1949168862524023 0.05347493248551942 0.20397429205079634 2.0895931990897423
27.50300000001063 3.887801937290482 1.0603232332171646 8.998793055358417e-05 -0.026589512692482307 0.19521406692823756 0.054032346577640854 0.2042915284307511 2.0870503760023142
27.50400000001063 3.888726495584778 1.0816201901081528 9.036910152936119e-05 -0.025742170189320516 0.1955164677031618 0.05458338706773712 0.20461841220419014 2.0846855278777547
27.505000000010632 3.889810406193543 1.1027009171341056 9.074269306655675e-05 -0.024905393758077068 0.19582400995484864 0.05512794331469577 0.2049546575395393 2.0825009595350523
27.506000000010633 3.8910502029661553 1.1235605144511474 9.110861305104927e-05 -0.024079327962914936 0.19613646684177846 0.05566588802343499 0.2052998264727939 2.080498264510597
27.507000000010635 3.8924441147590794 1.144193312945733 9.146670966489439e-05 -0.023264171664837702 0.19645368405775634 0.05619706968396379 0.20565354921367165 2.0786800050691534
27.508000000010636 3.8939893186218457 1.1645942138786045 9.181690085777968e-05 -0.02246008323540234 0.19677546466598259 0.056721351744764295 0.20601541344571245 2.077047549741147
27.509000000010637 3.895683073877867 1.1847581049972253 9.215906511611935e-05 -0.02166722858145686 0.19710161365441423 0.05723860271731678 0.20638501045523122 2.075602554280689
27.51000000001064 3.8975222722590956 1.2046792056626345 9.2493099814791e-05 -0.02088578923854384 0.19743191179752037 0.057748669074253266 0.20676190357023788 2.0743467235452253
27.51100000001064 3.8995053554730403 1.2243523447649602 9.281889855083465e-05 -0.020115946922867393 0.19776622142311162 0.05825141257245539 0.20714573788341686 2.073281538723992
27.51200000001064 3.9016279774000777 1.243773709178362 9.313636275037105e-05 -0.019357802686126763 0.1981042836338862 0.05874674933081767 0.2075360505451238 2.072407155801896
27.513000000010642 3.903887400385548 1.262937844966092 9.344541403095643e-05 -0.018611529858197598 0.19844590140058999 0.05923453408410429 0.20793242857841143 2.071724702958648
27.514000000010643 3.9062803659203094 1.2818399633787891 9.374596002164316e-05 -0.017877276843718776 0.19879085827420917 0.05971464875013182 0.20833444659032097 2.0712346155344235
27.515000000010644 3.9088033567345843 1.3004753033541914 9.403794308242821e-05 -0.017155182412231497 0.19913892707710631 0.060186972521098565 0.20874166862960897 2.070937121991035
27.516000000010646 3.911452947342638 1.3188392702991782 9.432128802350081e-05 -0.016445384140642585 0.1994898860619159 0.06065139233949279 0.20915366765430765 2.0708323449179935
27.517000000010647 3.9142253838736774 1.3369272653204989 9.459594069250294e-05 -0.0157480142461245 0.19984349783567254 0.06110779564112204 0.20957000326384911 2.0709199319276976
27.518000000010648 3.917116922642083 1.3547353601136267 9.486183286781047e-05 -0.015063184480802409 0.20019953198251816 0.06155609313785979 0.20999024914295156 2.071199363628238
27.51900000001065 3.9201241386390775 1.3722584007129663 9.511893963267293e-05 -0.014391046102540765 0.20055776261295255 0.061996150390757246 0.21041397533318046 2.071670294386548
27.52000000001065 3.9232428898612763 1.3894923127672247 9.536722124786393e-05 -0.013731708555079117 0.20091793922360787 0.06242787327368177 0.21084073961921565 2.0723315633108483
27.521000000010652 3.9264696565670847 1.4064331272126398 9.560661511921605e-05 -0.013085286780639676 0.2012798423488691 0.06285117045154143 0.21127013346246054 2.0731818159191264
27.522000000010653 3.9297999895006166 1.423076507638035 9.583714497253416e-05 -0.012451891147528243 0.2016432051406406 0.06326593752927522 0.2117017019865417 2.074220087867497
27.523000000010654 3.9332300152341295 1.4394185937299806 9.60587757091165e-05 -0.01183162642923985 0.20200779287595322 0.06367208639260502 0.2121350285835945 2.075444607806908
27.524000000010655 3.9367555287580105 1.4554556118112854 9.627149962866091e-05 -0.01122458957437691 0.20237335580820903 0.06406953265045674 0.21256968637657894 2.076853427240211
27.525000000010657 3.9403726007579114 1.4711833853624263 9.647530637527485e-05 -0.010630895088322365 0.20273965341197234 0.06445817833393452 0.21300525756449037 2.0784447306443727
27.526000000010658 3.9440768862044093 1.4865985420111985 9.667021210296412e-05 -0.010050621706354988 0.20310643433022643 0.06483795036823932 0.21344132325062337 2.0802159619972045
27.52700000001066 3.9478636803518192 1.50169829934713 9.685622507985194e-05 -0.009483825545047129 0.20347343554035777 0.06520879767655266 0.21387746307637603 2.08216408976357
27.52800000001066 3.9517293905504842 1.5164786779236958 9.703334008780243e-05 -0.00893061962810729 0.20384043483311437 0.06557062889346692 0.21431328986644724 2.08428701708343
27.52900000001066 3.9556695700211235 1.5309366137982043 9.72015809620233e-05 -0.008391072844456313 0.2042071787592392 0.06592338346872689 0.21474839801091336 2.086581530720843
27.530000000010663 3.959679792364408 1.5450689657208736 9.736097772128743e-05 -0.00786525496081994 0.20457341480229102 0.066266996321975 0.21518238561974717 2.089044478032592
27.531000000010664 3.963755702278258 1.5588726577283383 9.751157380234058e-05 -0.0073532337707725645 0.2049388948180611 0.06660140409754392 0.2156148596082846 2.091672427068161
27.532000000010665 3.967893128784017 1.5723450054087451 9.765338952675427e-05 -0.006855069914066574 0.2053033826457569 0.06692655884292284 0.21604544704268136 2.09446180993472
27.533000000010666 3.9720878308096763 1.585483399764489 9.778646208519846e-05 -0.006370816379881367 0.20566664091278453 0.06724241145607779 0.21647377759008798 2.0974088825099235
27.534000000010668 3.976335111426132 1.5982850133666573 9.791087416260628e-05 -0.0059005263639634545 0.20602840819399304 0.06754890681072986 0.21689946059325993 2.100509435574018
27.53500000001067 3.9806309507559625 1.6107474234267278 9.802665367643205e-05 -0.005444252213637538 0.2063884589422177 0.06784600376645623 0.21732214818970286 2.1037597483948627
27.53600000001067 3.9849709026064515 1.6228684294493425 9.813386306219032e-05 -0.005002031013498741 0.2067465500935732 0.06813366853130966 0.2177414822154675 2.107155402149803
27.53700000001067 3.989350720387292 1.6346461929812257 9.823257903912491e-05 -0.004573888442978794 0.2071024526079222 0.0684118771742134 0.2181571251877993 2.1106917557385882
27.538000000010673 3.9937656193322075 1.646078161745557 9.832288226458479e-05 -0.004159862651294256 0.20745590531417452 0.06868057822841776 0.21856870529147396 2.1143642103430667
27.539000000010674 3.998211871582351 1.6571624668681408 9.840482336564021e-05 -0.0037599909860815363 0.20780670273949264 0.06893974882594647 0.21897591694946697 2.118168490119238
27.540000000010675 4.002684939198726 1.6678969948491247 9.847849563093191e-05 -0.003374302576128131 0.20815459955297538 0.06918935500282815 0.21937841753153883 2.1220997068925773
27.541000000010676 4.007180774805347 1.6782805694383223 9.854398448251706e-05 -0.003002800478868798 0.20849938447454763 0.06942939071472819 0.21977590958064427 2.1261527215750595
27.542000000010677 4.01169492348716 1.6883116546508918 9.860139642717525e-05 -0.0026454922595697265 0.20884082326415732 0.0696598374248331 0.22016807452716802 2.1303224529627123
27.54300000001068 4.016223551272107 1.6979887401376916 9.865078877797318e-05 -0.002302400296685046 0.209178709661327 0.0698806824437555 0.22055462679687524 2.134603831042165
27.54400000001068 4.020762450986789 1.7073104267319108 9.869227751133106e-05 -0.001973529623969518 0.20951282336805505 0.07009191046381638 0.22093527080866507 2.1389919664389074
27.54500000001068 4.025307481804427 1.7162755868580348 9.87259568196674e-05 -0.001658880080194223 0.2098429491805387 0.07029351721091702 0.22130972361328388 2.1434812738992663
27.546000000010682 4.029854771022107 1.7248833318242238 9.875191876209649e-05 -0.0013584457480281423 0.21016888766230749 0.07048550415377619 0.22167772330993019 2.1480665250599253
27.547000000010684 4.03440047429671 1.733133221127876 9.877028768412682e-05 -0.0010722027690061625 0.21049044681364365 0.07066788396482873 0.2220390227925076 2.1527437625860837
27.548000000010685 4.038940606337757 1.7410235265359821 9.878113250057528e-05 -0.0008001771117575288 0.21080741104713532 0.07084063734741233 0.22239334687798923 2.157505575602535
27.549000000010686 4.043471299144821 1.7485539629980904 9.878458185333232e-05 -0.0005423373171152106 0.2111195893568553 0.07100378014818846 0.22274045868522635 2.1623473236692323
27.550000000010687 4.047988870843954 1.7557239811719947 9.87807322131464e-05 -0.00029866877903448057 0.21142679511312515 0.07115732503819852 0.22308012865658566 2.167263578688425
27.55100000001069 4.052489655308463 1.7625331333882945 9.876969451293477e-05 -6.915029953445846e-05 0.21172884461262167 0.07130128444854054 0.22341213392913847 2.172248897002113
27.55200000001069 4.05697004827383 1.7689811224556018 9.875157343962542e-05 0.00014624199844191874 0.2120255581684145 0.07143567729194938 0.22373626146315523 2.1772978220270645
27.55300000001069 4.061426571495793 1.775067740756326 9.872647439896296e-05 0.0003475348006288557 0.21231676360737636 0.07156052337734078 0.22405230950647914 2.1824049994588743
27.554000000010692 4.06585576668088 1.78079292199926 9.869450745463048e-05 0.0005347600332693487 0.21260229139633013 0.07167584652050954 0.22436008390463508 2.1875650519448153
27.555000000010693 4.070254242180747 1.7861568646674346 9.865576696015082e-05 0.0007079555341424205 0.21288197737592848 0.07178168078559609 0.22465940262746376 2.192772562181737
27.556000000010695 4.074618797152134 1.7911595228696189 9.861038243914016e-05 0.000867154290178547 0.21315566590061968 0.0718780466154272 0.22495009101431612 2.1980222560840983
27.557000000010696 4.078946174707218 1.7958012545666913 9.855844885256781e-05 0.001012398452505162 0.2134232012024625 0.07196498218114217 0.22523198356908714 2.2033087587352727
27.558000000010697 4.083233230441639 1.8000823984771857 9.850007820424471e-05 0.0011437315532759815 0.21368443380126653 0.07204252151639082 0.2255049229557383 2.2086269196317105
27.5590000000107 4.087476844522643 1.804003373629449 9.843538337463303e-05 0.00126119974273733 0.2139392162586069 0.07211070102982681 0.2257687579829218 2.2139712992117757
27.5600000000107 4.0916742121800205 1.8075649197528765 9.836446376142731e-05 0.0013648562332241267 0.21418741992048423 0.07216956586931289 0.22602336145296198 2.219337193690761
27.5610000000107 4.095822593353982 1.8107676586547976 9.828742069687817e-05 0.0014547475885015675 0.2144289174872665 0.07221915936017768 0.22626861011637903 2.224719504740764
27.562000000010702 4.099918797046807 1.8136126182354972 9.82043765182714e-05 0.0015309461560414394 0.21466356584559457 0.07225953288479121 0.22650437168056345 2.23011305346219
27.563000000010703 4.103960306228073 1.816100263583067 9.811543106052417e-05 0.001593491940154439 0.21489124719360175 0.07229072236103284 0.22673053582714642 2.2355132121689687
27.564000000010704 4.107944402893521 1.8182316251450128 9.802069982886038e-05 0.0016424487961198063 0.2151118406257247 0.07231278066315328 0.22694699791509113 2.24091496946562
27.565000000010706 4.111868483369478 1.8200077632478004 9.792029137688674e-05 0.0016778831481508885 0.2153252319624941 0.07232575788873043 0.2271536617924967 2.246313753133226
27.566000000010707 4.115729976792309 1.821429912890089 9.781431476347089e-05 0.0016998651804340005 0.21553130995192352 0.07232971122082088 0.22735043927054796 2.2517048280836436
27.567000000010708 4.119526390307974 1.822499118656806 9.770289114460484e-05 0.0017084606098703669 0.21572996593394456 0.0723246889982434 0.22753724459571226 2.2570836491196067
27.56800000001071 4.123255465044316 1.82321688859586 9.758611728479833e-05 0.0017037452731136782 0.21592110662859315 0.07231075577968366 0.2277140145821091 2.2624458438883885
27.56900000001071 4.126914822947114 1.8235843755251597 9.746411374298915e-05 0.001685787614276608 0.21610463013198275 0.0722879625929902 0.2278806761886735 2.267786981536209
27.57000000001071 4.1305021824099715 1.8236031232410803 9.733699087596394e-05 0.0016546682834460576 0.21628044349436323 0.07225637185667713 0.22803717117859776 2.2731028583475434
27.571000000010713 4.134015471675828 1.8232746684176244 9.720485671714381e-05 0.0016104652876513792 0.2164484637605687 0.07221604509876892 0.22818345302072274 2.278389313634517
27.572000000010714 4.137452597890975 1.8226006123222105 9.706782481216153e-05 0.0015532602463841846 0.216608608038801 0.07216704491836451 0.22831947806998237 2.2836423315375804
27.573000000010715 4.140811458274623 1.8215825169336797 9.692601732965912e-05 0.0014831356694154961 0.2167607930535859 0.0721094306275565 0.2284452036748939 2.2888578904793024
27.574000000010717 4.144090250143063 1.8202221172318391 9.67795282995348e-05 0.0014001723894082872 0.21690495075064892 0.07204326948481313 0.22856060645028684 2.294032280097219
27.575000000010718 4.147286982178834 1.8185213216149676 9.662848266494063e-05 0.0013044650952397693 0.21704100750980956 0.07196862963426308 0.22866566034604244 2.299161708234999
27.57600000001072 4.150399870251231 1.8164819100668868 9.647297847405025e-05 0.0011960973834751404 0.21716889695823094 0.0718855782673266 0.22876034800164435 2.3042424598440094
27.57700000001072 4.153427267928489 1.8141058206474157 9.631312590982202e-05 0.0010751600335433327 0.21728856218573467 0.07179418366655295 0.22884466354754343 2.309271210618343
27.57800000001072 4.156367509466211 1.811395054608458 9.61490293802521e-05 0.0009417446103454445 0.2173999454481903 0.07169451795117035 0.22891860358659785 2.3142444083688445
27.579000000010723 4.1592190708130365 1.808352171337726 9.598078350642674e-05 0.000795960148234772 0.21750300188459998 0.071586669812952 0.22898218418968427 2.3191587478208606
27.580000000010724 4.161980484940442 1.8049785499019082 9.580850024685066e-05 0.0006378771793956965 0.2175976774586177 0.07147068822637732 0.22903540206315845 2.324011232703106
27.581000000010725 4.1646502427830185 1.80127659857493 9.563228119760593e-05 0.00046760131846969343 0.2176839268793395 0.07134665524425796 0.2290782745856657 2.3287986870656585
27.582000000010726 4.167227123114393 1.7972484697357662 9.54522163363122e-05 0.00028522387483287436 0.217761715423863 0.07121464578442568 0.22911082870786245 2.333518204831955
27.583000000010728 4.169709927993155 1.792896499703064 9.52683996469657e-05 9.08440281245696e-05 0.2178310119889161 0.07107473854557442 0.22913309777523308 2.3381669938293
27.58400000001073 4.172097372545636 1.788222896545069 9.508092728288911e-05 -0.00011544195034482582 0.21789177991696704 0.07092700812909693 0.2291451102781224 2.342742244241143
27.58500000001073 4.174388450473091 1.7832300726973438 9.488989202054618e-05 -0.0003335337557608283 0.21794399842976775 0.07077153404523 0.22914691297819395 2.347241419767333
27.58600000001073 4.176582086062087 1.777920331759121 9.469539102935796e-05 -0.0005633334089832623 0.21798764229600426 0.07060839225094526 0.22913854890559932 2.351661922033512
27.587000000010732 4.178677288055238 1.772296127729944 9.449750988811673e-05 -0.0008047396065157227 0.21802269166467286 0.07043766354400309 0.22912006924772324 2.356001347707127
27.588000000010734 4.18067328325425 1.7663598717776319 9.429633416318407e-05 -0.001057655472863479 0.21804913676735085 0.07025942705033252 0.22909153578761296 2.3602573619808647
27.589000000010735 4.1825692005952355 1.7601140079464785 9.409195122197187e-05 -0.0013219800566028471 0.21806696379391638 0.07007376137604218 0.2290530077579288 2.3644278389132114
27.590000000010736 4.18436406418942 1.753561052084995 9.388446443691571e-05 -0.0015976059922424195 0.21807615542262526 0.06988074542726329 0.22900454251016383 2.368510426816138
27.591000000010737 4.186057286400669 1.7467035017882484 9.367395228972442e-05 -0.001884434816890988 0.21807671188865357 0.06968045917296727 0.22894621585276637 2.3725032094790115
27.59200000001074 4.187648121021845 1.7395438376803507 9.34605094416643e-05 -0.002182363472872438 0.21806862643320177 0.06947297965453501 0.22887809735068682 2.3764042192004986
27.59300000001074 4.189135961156212 1.7320846503799359 9.324422098806909e-05 -0.0024912882206858497 0.21805189978234124 0.06925838810315005 0.228800266254944 2.380211517577754
27.59400000001074 4.190520355233606 1.724328565578808 9.302516957907539e-05 -0.0028111058031595965 0.2180265406528558 0.06903676603314458 0.22871281076757174 2.3839234290234703
27.595000000010742 4.191800646994776 1.7162780424023611 9.280345069491626e-05 -0.0031417134756337667 0.21799254666666099 0.06880818781788259 0.2286158075824162 2.3875381828006996
27.596000000010743 4.192976520514105 1.7079357238328825 9.257914264823922e-05 -0.0034830087407021933 0.2179499332572508 0.06857273456313612 0.2285093535989155 2.391054255356456
27.597000000010745 4.194047457254954 1.699304896316881 9.23523066967084e-05 -0.0038348678302758156 0.2178987117825508 0.06833051149470885 0.22839354984083804 2.3944698992478566
27.598000000010746 4.195013143293819 1.6903873515484462 9.212308735767087e-05 -0.004197203456635 0.21783889280236934 0.06808155961105204 0.22826847897441246 2.397783876492582
27.599000000010747 4.195873224972246 1.6811859150252495 9.189154342577704e-05 -0.004569909627011875 0.21777049066380533 0.0678259688275151 0.22813424277241817 2.4009947304766057
27.60000000001075 4.196627543179753 1.6717034143675709 9.165776122618715e-05 -0.004952875223967991 0.2176935313739184 0.06756382112016117 0.22799095267003147 2.404101259018411
27.60100000001075 4.197275619635406 1.6619424521003254 9.142184630322816e-05 -0.005345990648679161 0.21760802370931565 0.06729519072592255 0.22783870236096443 2.407102000462545
27.60200000001075 4.197817501774782 1.6519058037492065 9.118387046775815e-05 -0.005749151636096196 0.2175140022895814 0.06702015965738149 0.22767761360543937 2.4099959408628138
27.603000000010752 4.198252947581173 1.641596117370917 9.094392750591497e-05 -0.006162250220690108 0.21741148759881884 0.06673880255672161 0.22750779334875285 2.4127819675966053
27.604000000010753 4.198581949371868 1.6310170580204555 9.070205365893224e-05 -0.00658515702857388 0.2173005190712959 0.06645123527677493 0.22732937898906713 2.415458931063588
27.605000000010754 4.1988043798680845 1.6201700974521873 9.04584089379698e-05 -0.007017792623993733 0.2171811141674573 0.0661574826262272 0.22714246250265727 2.418026028742949
27.606000000010756 4.198920179675123 1.6090584237171857 9.021307135414846e-05 -0.007460034045779801 0.2170533073949376 0.06585763665314812 0.2269471715280531 2.4204822944372655
27.607000000010757 4.198929539812914 1.5976848563412385 8.996611186290194e-05 -0.007911775119376754 0.2169171411702235 0.06555177775397054 0.2267436391295425 2.422826985978154
27.608000000010758 4.19883236784781 1.5860520480274705 8.971763264583425e-05 -0.008372906600307638 0.2167726439013638 0.06523997740811945 0.2265319830865763 2.4250592061648506
27.60900000001076 4.198628930578857 1.5741628007647148 8.946771134391883e-05 -0.008843321245672425 0.21661986215792647 0.06492231249577615 0.22631234096215885 2.427178358823127
27.61000000001076 4.198319344260534 1.5620198442656519 8.921644084516547e-05 -0.00932290987744187 0.21645883510786773 0.06459885599369425 0.22608484279254995 2.4291837977212873
27.611000000010762 4.197904577170208 1.549626079570434 8.896385748941093e-05 -0.009811578041549912 0.21628964214803548 0.06426969258156055 0.22584966182998586 2.4310753033483667
27.612000000010763 4.1973839723418 1.5369841260346186 8.871009675276427e-05 -0.01030920211221846 0.2161122861484555 0.06393488604003288 0.22560689157349445 2.43285188296354
27.613000000010764 4.196758067733338 1.524096749954408 8.845522376711475e-05 -0.010815680650952826 0.21592682589359313 0.06359451214808363 0.22535668408941908 2.434513215996528
27.614000000010765 4.196027345826942 1.5109666920437128 8.81993165655054e-05 -0.011330909794850172 0.21573331789573433 0.06324864376612215 0.22509918903748813 2.436058964776097
27.615000000010767 4.1951923904034 1.49759747790351 8.794239656825579e-05 -0.011854769963232191 0.21553182883943392 0.06289738711679856 0.22483457500987833 2.4374887924051194
27.616000000010768 4.1942534740851976 1.4839906082644605 8.768461476247168e-05 -0.012387182798554571 0.21532239613627893 0.06254076299951218 0.22456296135408124 2.438802483557121
27.61700000001077 4.193211238202147 1.4701491921066263 8.742601925266396e-05 -0.01292803758884776 0.2151050866179185 0.06217885834623264 0.22428451321935214 2.439999844462678
27.61800000001077 4.192066227418029 1.4560759097984248 8.716667875023149e-05 -0.01347723388021306 0.21487995876301744 0.0618117440907218 0.22399938441566067 2.4410807059467015
27.61900000001077 4.190819201537873 1.4417734517130032 8.690666416823298e-05 -0.014034671538935695 0.2146470821679753 0.06143948856961141 0.2237077393478526 2.442045071688278
27.620000000010773 4.189470790420506 1.4272444555207633 8.664603412046674e-05 -0.01460025369781399 0.21440651860270432 0.06106216176807549 0.22340973619599247 2.442892869423125
27.621000000010774 4.188021735942938 1.4124914803716724 8.638485778389199e-05 -0.015173884291303615 0.2141583353477352 0.06067982750678477 0.2231055374248968 2.4436241394504075
27.622000000010775 4.1864728921570915 1.3975173432137793 8.612320302368639e-05 -0.015755459796377776 0.21390260779328468 0.06029255755855028 0.22279531555020216 2.4442389817992645
27.623000000010776 4.18482509538701 1.3823245222968046 8.586112578472572e-05 -0.01634489004650207 0.21363940628467473 0.059900414438483054 0.22247923722946056 2.444737566382679
27.624000000010778 4.183079276697077 1.3669157406400352 8.559869310965554e-05 -0.01694207487516742 0.21336880911040274 0.059503465664552016 0.2221574779933365 2.4451200945590323
27.62500000001078 4.181236343292246 1.351293558433539 8.533595894199483e-05 -0.01754692157153769 0.21309089097626865 0.0591017753388349 0.22183021012003712 2.4453868215242
27.62600000001078 4.179297390658981 1.3354606659626744 8.507297303077333e-05 -0.01815933565867234 0.21280573695353946 0.05869541149491876 0.22149761732908368 2.445538098824458
27.62700000001078 4.177263378392363 1.3194196448925424 8.480980285350068e-05 -0.018779220682563776 0.21251342549502078 0.05828443522604979 0.2211598755079496 2.4455742335439425
27.628000000010783 4.1751354566374195 1.3031728900798005 8.454651497984768e-05 -0.01940648872154886 0.21221404234353683 0.05786890083679079 0.22081716703268878 2.4454957239426083
27.629000000010784 4.172914691742116 1.2867230714475253 8.428315826828658e-05 -0.020041044297313126 0.2119076712328449 0.057448874012244334 0.22046967525972608 2.4453029809728446
27.630000000010785 4.170602315539987 1.270072675969089 8.401978314271201e-05 -0.02068279961398891 0.21159440202741106 0.05702441365881401 0.22011758885273483 2.444996551046356
27.631000000010786 4.168199535155309 1.2532243290162945 8.375644670260804e-05 -0.0213316597688872 0.21127432551684497 0.0565955808137461 0.21976109778288466 2.444577001397247
27.632000000010787 4.165707710095416 1.2361805289292662 8.349320025893616e-05 -0.02198753668721843 0.21094753827690033 0.05616243258455646 0.21940039769442296 2.444045025418827
27.63300000001079 4.163128081327111 1.2189438049381431 8.323009091991381e-05 -0.022650340584701254 0.21061413116953281 0.0557250280768246 0.219035679584544 2.4434012457731593
27.63400000001079 4.160462092895161 1.2015167203313362 8.296717128495965e-05 -0.023319980567505946 0.2102742059563728 0.055283424255737984 0.21866714472387447 2.4426464318292935
27.63500000001079 4.157711160260197 1.1839017723899274 8.270449050822861e-05 -0.023996368332051543 0.2099278620911068 0.05483767671000467 0.21829499252667534 2.4417813753614874
27.636000000010792 4.154876706665315 1.1661012180547772 8.244210088872764e-05 -0.024679423469742962 0.2095751969527726 0.054387832991193506 0.2179194197359893 2.440806901312281
27.637000000010794 4.15196033509674 1.1481177596544367 8.218002680041047e-05 -0.02536905633229653 0.20921632013888422 0.053933957240442934 0.21754063844546667 2.439723929329424
27.638000000010795 4.148963643321736 1.129953830235539 8.19183161209381e-05 -0.02606518191410386 0.2088513394895893 0.053476101016477866 0.21715885681854094 2.4385334212514103
27.639000000010796 4.145889635596432 1.1116119957682455 8.165693342187856e-05 -0.026767743186940026 0.2084804281248245 0.05301432939634753 0.21677435297510758 2.4372370819984215
27.640000000010797 4.142737856880336 1.0930945882570084 8.139602271212961e-05 -0.027476613748888917 0.20810359861740024 0.05254867870843764 0.21638723551683975 2.4358348833925056
27.6410000000108 4.1395109460193495 1.0744039307028284 8.113557963679421e-05 -0.02819173400113325 0.20772100557937012 0.05207920150093823 0.21599776215014518 2.4343284299954564
27.6420000000108 4.136210614053027 1.055542429250393 8.08756419794845e-05 -0.02891302093640878 0.20733276200843204 0.051605947093753775 0.2156061473083679 2.4327188264361577
27.6430000000108 4.132838782238637 1.036512549116869 8.061623156618433e-05 -0.02964039489472563 0.20693899085812495 0.051128968532453044 0.2152126166610289 2.43100732835802
27.644000000010802 4.129397391716811 1.017316720525723 8.035736345574033e-05 -0.030373778134280986 0.20653981551421358 0.050648317758363606 0.21481739660127175 2.4291952577214366
27.645000000010803 4.125888400977766 0.997957289913891 8.009906556557862e-05 -0.031113093483749465 0.20613536004345506 0.050164041836605396 0.21442071341117694 2.427283928341409
27.646000000010805 4.122313895196878 0.9784366377542081 7.984135211641684e-05 -0.031858266102578546 0.20572575440863897 0.04967618999198363 0.2140228001830319 2.425274795754574
27.647000000010806 4.1186760038458745 0.9587571602346567 7.95842396270393e-05 -0.032609219750916955 0.20531113128601441 0.04918481024381949 0.2136238923936814 2.4231693364122484
27.648000000010807 4.114976826350407 0.9389211643415636 7.932773908599355e-05 -0.03336588198623784 0.20489162059801666 0.04868994887817089 0.21322422328093976 2.420969032268841
27.64900000001081 4.111218645173512 0.9189310634922812 7.907185750968085e-05 -0.03412817917290859 0.20446736216232497 0.048191655091267466 0.2128240362922224 2.4186755205824357
27.65000000001081 4.107403745121098 0.8987891939639527 7.881660012386586e-05 -0.03489603966226693 0.20403849533044247 0.04768997455519364 0.21242357410112586 2.4162904431530015
27.65100000001081 4.103534397296729 0.8784978957141526 7.856197328719652e-05 -0.035669391334054515 0.20360515880457036 0.04718495305103356 0.21202307884851704 2.4138154724948566
27.652000000010812 4.099613058391068 0.8580595575998864 7.830797288305823e-05 -0.0364481636551711 0.2031675005363679 0.04667663783181346 0.21162280223858548 2.411252404129698
27.653000000010813 4.095642151092067 0.8374764934481344 7.805459916653204e-05 -0.037232287384638914 0.20272566623669167 0.046165073181994545 0.21122299343798193 2.4086030457771797
27.654000000010814 4.091624194081069 0.8167510784435876 7.780184068249243e-05 -0.03802169353581305 0.20227980658767286 0.045650305659385756 0.21082390694433348 2.40586930212256
27.655000000010816 4.08756181245864 0.7958857211182504 7.754968912846021e-05 -0.03881631278599155 0.20183007792991317 0.04513238227130618 0.21042580265969776 2.403053115290692
27.656000000010817 4.083457469645999 0.7748826820595389 7.729813739136812e-05 -0.03961607681874891 0.20137662765076575 0.044611342922191904 0.21002893044489268 2.4001564950915575
27.657000000010818 4.079313943388093 0.7537444004720135 7.704716651457723e-05 -0.04042091870343231 0.20091961945310843 0.04408723686196285 0.20963355791507765 2.3971814727806118
27.65800000001082 4.075133852464566 0.7324732019603815 7.679675562521953e-05 -0.04123077081320624 0.2004592086399511 0.04356010611337581 0.20923994273325336 2.394130221506095
27.65900000001082 4.070920059570629 0.7110714598464001 7.654689147015606e-05 -0.042045568153435124 0.1999955627303643 0.04302999544649977 0.2088483550840323 2.391004863542033
27.66000000001082 4.066675375784082 0.6895415203434819 7.629754559104564e-05 -0.04286524546357508 0.19952884641467034 0.04249694760710658 0.2084590616311577 2.387807712712056
27.661000000010823 4.062402633481446 0.6678858109279848 7.604869598689583e-05 -0.043689735444955954 0.199059226165205 0.0419610088781948 0.20807233062283034 2.3845410620003076
27.662000000010824 4.058104862649463 0.6461067486251976 7.580030792849286e-05 -0.044518973278783666 0.19858687795749352 0.04142222327491872 0.20768843891689953 2.3812073448884274
27.663000000010825 4.053784955884737 0.6242066184256679 7.555235517479291e-05 -0.04535289697771044 0.19811196991243402 0.04088063159703369 0.20730765525331757 2.3778089466149206
27.664000000010827 4.0494459675018675 0.60218794056122 7.530479565192363e-05 -0.04619143963519014 0.19763467991760744 0.040336282097190035 0.20693025746644847 2.3743484098746195
27.665000000010828 4.0450910337843755 0.580053085957308 7.505759229568037e-05 -0.04703453949550578 0.1971551886322919 0.03978921701872753 0.2065565251962578 2.3708283365239904
27.66600000001083 4.040723220461825 0.5578044104151909 7.481070582978145e-05 -0.047882134422968736 0.19667367322922535 0.039239478359256896 0.2061867338125369 2.367251337812787
27.66700000001083 4.0363456978293675 0.5354444379050324 7.456408766623926e-05 -0.048734159093628215 0.19619031721972013 0.0386871140191655 0.20582116418014304 2.363620118245003
27.66800000001083 4.03196171076312 0.5129756028547728 7.431769610093547e-05 -0.04959055014133886 0.1957053074601186 0.03813216678570016 0.2054600987421953 2.3599374687232193
27.669000000010833 4.0275744980078425 0.4904003668498538 7.407147704848031e-05 -0.05045124549133723 0.19521883015635533 0.03757468234675992 0.20510381901052693 2.356206234449461
27.670000000010834 4.023187364871446 0.46772122011171396 7.382537931855404e-05 -0.05131618121792682 0.19473107548405844 0.03701470515177672 0.20475260831413636 2.352429316061266
27.671000000010835 4.018803759024389 0.4449406499391424 7.357934074505173e-05 -0.05218529799217575 0.19424223979489744 0.03645228187522152 0.20440675600620745 2.3486097226355143
27.672000000010836 4.014427653368148 0.42206133752800135 7.333327259298793e-05 -0.053058539889400735 0.19375254586364182 0.03588746665567617 0.20406657724086036 2.344750820172634
27.673000000010838 4.010061404345276 0.39908563610049574 7.308717400159034e-05 -0.05393582539574199 0.19326213948735213 0.03532029237643984 0.2037323019894143 2.340855179416926
27.67400000001084 4.005708860302293 0.37601616432618234 7.284096122935927e-05 -0.05481709784609744 0.19277123723561973 0.034750810069543656 0.20340423526099377 2.3369261539730983
27.67500000001084 4.001373523069724 0.3528555689091204 7.259456722341687e-05 -0.055702291412664716 0.19228004026998588 0.034179068858297176 0.20308266273335357 2.3329670085061673
27.67600000001084 3.9970589254319187 0.32960644621773283 7.234792851370088e-05 -0.05659134156888089 0.19178875098158374 0.033605115375818735 0.20276786905982855 2.3289810502370436
27.677000000010842 3.9927685858675304 0.3062714487882989 7.21009756429376e-05 -0.0574841825693301 0.19129757144926313 0.0330289987911382 0.20246013644467153 2.3249716267397385
27.678000000010844 3.988506217609867 0.2828531601282842 7.185363652350329e-05 -0.05838075368102223 0.1908067122442748 0.03245076569492677 0.20215975373951342 2.320942177410118
27.679000000010845 3.984275267959083 0.2593544403486915 7.160584528039198e-05 -0.059280978690684855 0.1903163751374678 0.031870468966691594 0.20186699549987774 2.316896259574679
27.680000000010846 3.980079399222298 0.2357780541875928 7.135752834491888e-05 -0.06018478894541304 0.18982677068943152 0.0312881598700843 0.20158214365076554 2.3128373512695317
27.681000000010847 3.9759222372141823 0.21212674225622064 7.110860867296614e-05 -0.06109211670684233 0.1893381072042557 0.03070388890068062 0.20130547522866338 2.3087691503246353
27.68200000001085 3.9718074800270937 0.18840335868210295 7.085901123604243e-05 -0.06200289111080021 0.18885059788326963 0.030117710210998492 0.20103726842384184 2.3046953454466625
27.68300000001085 3.967738793936915 0.16461072189400947 7.060866142948123e-05 -0.06291704071402884 0.188364454440034 0.029529675025695146 0.20077779612254332 2.300619673801016
27.68400000001085 3.9637198471321726 0.14075181559661426 7.035748374771747e-05 -0.06383448828290202 0.1878798904247096 0.028939839666581268 0.20052732841253398 2.2965460097958252
27.685000000010852 3.9597543382925404 0.11682951224402544 7.010539763742519e-05 -0.06475516235392438 0.18739711944451296 0.028348258259109207 0.20028613325417544 2.2924781458261076
27.686000000010853 3.9558460900266867 0.0928468514806832 6.985231682472128e-05 -0.0656789868763287 0.18691636282948101 0.027754989243765918 0.20005448117556554 2.288420213129361
27.687000000010855 3.9519987988716725 0.0688068693682759 6.95981608495166e-05 -0.06660588349445541 0.18643783616690018 0.027160090462202482 0.19983263243171248 2.284376116273453
27.688000000010856 3.9482161513525744 0.04471264878509518 6.934285350218694e-05 -0.06753577190188136 0.18596175519265487 0.026563621127288363 0.19962084271966685 2.280349943823536
27.689000000010857 3.944501871261219 0.02056729272489519 6.908630977524058e-05 -0.06846857211008177 0.18548833747557536 0.02596564125102118 0.19941936523773998 2.2763458787507393
27.69000000001086 3.94085979793773 -0.0036259262502734944 6.88284450727253e-05 -0.06940419936463532 0.1850178081145762 0.025366215342920634 0.19922845451840357 2.2723681343661184
27.69100000001086 3.9372936095086244 -0.02786375958957572 6.856917313404048e-05 -0.07034256781970345 0.18455038424059925 0.0247654074567169 0.19904835236022328 2.26842098888861
27.69200000001086 3.9338069506917024 -0.05214299892532122 6.830841752952586e-05 -0.07128359222251439 0.1840862811213364 0.02416328075120911 0.1988792939294867 2.26450866213313
27.693000000010862 3.930403598953885 -0.07646030351524549 6.804609094695628e-05 -0.07222718465905498 0.18362572168399707 0.023559901706895914 0.19872151578573613 2.260635663085495
27.694000000010863 3.9270871928835644 -0.10081225271401172 6.778211387358245e-05 -0.0731732512868886 0.18316892372241475 0.022955338362379056 0.1985752423663465 2.256806343387696
27.695000000010864 3.923861397268168 -0.1251953276942502 6.751640560487901e-05 -0.07412169581044112 0.18271610698908478 0.022349662471159444 0.1984406937995254 2.253025210509591
27.696000000010866 3.9207299042962336 -0.14960601883086508 6.72488783738167e-05 -0.07507242362160588 0.18226749228423572 0.021742946116984317 0.1983180860079379 2.2492968275360297
27.697000000010867 3.917696293487982 -0.17404069560224616 6.697945524723039e-05 -0.07602533269887381 0.18182329689071733 0.021135263921191482 0.19820762317631177 2.245625739669887
27.698000000010868 3.914764168948441 -0.19849570963548752 6.670806115265714e-05 -0.07698032031510287 0.18138373956925868 0.020526690606622572 0.1981095043737289 2.2420165788071036
27.69900000001087 3.9119373086606073 -0.2229672885199606 6.643459123924095e-05 -0.07793728344979665 0.18094904832040334 0.019917305369877444 0.19802393111134461 2.23847416297522
27.70000000001087 3.909218854062035 -0.24745171754974266 6.615900488194717e-05 -0.0788961105618819 0.1805194207180713 0.019307186136479044 0.19795106707135826 2.2350029407434286
27.701000000010872 3.906612411166217 -0.2719451077167633 6.588122231968977e-05 -0.07985668984444505 0.18009507856158624 0.01869641429853332 0.19789109162020965 2.2316077050102545
27.702000000010873 3.9041213799657597 -0.2964435505277655 6.560116555352145e-05 -0.0808189078396674 0.17967623358079382 0.018085073729700443 0.19784416764207466 2.2282932419490082
27.703000000010874 3.9017491633611323 -0.3209429862051292 6.531876891763486e-05 -0.08178264431327516 0.17926309975719468 0.017473252111441413 0.19781045064601516 2.2250643155602363
27.704000000010875 3.8994989179185424 -0.34543935926886987 6.503396951598178e-05 -0.08274777485650629 0.17885587963607688 0.016861035939656308 0.19779007674060964 2.2219256776897542
27.705000000010877 3.8973738837555083 -0.36992842997984554 6.47467099988139e-05 -0.08371416858135522 0.1784547820144236 0.016248516381801574 0.19778317807562068 2.2188821222210278
27.706000000010878 3.8953774242811634 -0.3944060422817932 6.445691282852203e-05 -0.08468170499100063 0.17806001919229295 0.01563578765657169 0.19778988712920587 2.215938536608295
27.70700000001088 3.8935125603060112 -0.41886794778584086 6.416452991203356e-05 -0.08565024940998175 0.1776717898778913 0.015022941317075749 0.19781031041940647 2.2130996770373894
27.70800000001088 3.891781979163271 -0.44330970017341015 6.386951461800375e-05 -0.08661965638298925 0.17729027861986124 0.014410076255564869 0.19784453002978464 2.2103701284318364
27.70900000001088 3.890189104282155 -0.4677268340203555 6.357180097403649e-05 -0.08758979390457901 0.17691570472237458 0.013797294840277616 0.19789265756609214 2.207754966271913
27.710000000010883 3.8887366018310656 -0.49211479861769875 6.327135093574718e-05 -0.08856051141525582 0.1765482534093193 0.013184698483775709 0.19795475805880738 2.2052587438665707
27.711000000010884 3.8874272386458046 -0.5164690270188242 6.29681192918674e-05 -0.08953166104429126 0.1761881144847997 0.01257239059582621 0.19803089410582575 2.202886262718454
27.712000000010885 3.8862637426741458 -0.5407849157495218 6.266206944858685e-05 -0.09050309309621869 0.17583547633674984 0.011960476196844993 0.19812111848414807 2.2006421601443362
27.713000000010886 3.8852485253539735 -0.5650575784797317 6.235317089437827e-05 -0.09147464264571377 0.17549051559979653 0.01134906866991767 0.19822545919310663 2.1985309375644606
27.714000000010888 3.884384066040869 -0.5892822155945857 6.204140060886733e-05 -0.09244614712415364 0.17515341171358415 0.010738277014532381 0.19834393952488139 2.196557179085281
27.71500000001089 3.883672661714593 -0.6134539587144818 6.172673512146657e-05 -0.0934174411282028 0.17482433562050081 0.010128215101597613 0.1984765663075492 2.194725367488136
27.71600000001089 3.8831165878103935 -0.6375677851474787 6.140915150342026e-05 -0.09438835431514349 0.1745034586872072 0.009519002550881148 0.19862333683050082 2.1930398596792275
27.71700000001089 3.882717894589054 -0.6616186699127673 6.108863967783755e-05 -0.09535870994145865 0.17419094250441747 0.008910756037349699 0.19878422871403476 2.191504901540884
27.718000000010893 3.8824782276527707 -0.6856014447511162 6.0765215235870324e-05 -0.09632832095531557 0.17388693077179962 0.008303598741855326 0.1989591914523495 2.1901247003621176
27.719000000010894 3.8823998848084167 -0.709510926849594 6.043885107863063e-05 -0.09729701021316253 0.17359159842850938 0.007697653404233808 0.19914819886033824 2.1889033398956537
27.720000000010895 3.882484279751448 -0.7333418437413132 6.01095663838469e-05 -0.09826458420883673 0.17330507910282902 0.007093047557724498 0.19935117325019566 2.1878447309847924
27.721000000010896 3.8827330656766135 -0.7570888736218451 5.977737266166704e-05 -0.09923084966916877 0.17302751901455768 0.006489907906508135 0.1995680404449401 2.186952706148499
27.722000000010897 3.883147556958134 -0.7807466159897376 5.9442288566586524e-05 -0.10019560776258214 0.17275904843151427 0.0058883668772477405 0.19979870243411635 2.186230914210285
27.7230000000109 3.883729047005022 -0.8043095660162103 5.9104339457448636e-05 -0.10115865399746911 0.1724997983050641 0.005288558229068878 0.20004305172139752 2.185682789676977
27.7240000000109 3.884478578902526 -0.8277722228803464 5.876355736043672e-05 -0.10211978083932959 0.17224988750865372 0.004690616726247281 0.20030096173181275 2.185311709748972
27.7250000000109 3.8853971061921193 -0.8511290124475966 5.8419979644220356e-05 -0.10307877740518023 0.1720094313293741 0.004094680321276883 0.20057229425953826 2.1851207605673926
27.726000000010902 3.8864854386858068 -0.874374223000075 5.80736464969796e-05 -0.10403542557363375 0.17177853975332064 0.0035008911210097906 0.2008568961542307 2.1851130256402
27.727000000010904 3.8877441367841215 -0.8975021639877584 5.772461392103964e-05 -0.10498950360338126 0.17155731097260218 0.00290939051501217 0.20115459569247574 2.1852910956678193
27.728000000010905 3.889173660619676 -0.9205071602731362 5.737294047121789e-05 -0.10594078922455015 0.17134583808153342 0.0023203203323971734 0.20146521023697506 2.1856576187719345
27.729000000010906 3.8907743211488084 -0.9433834304666523 5.701868467557362e-05 -0.10688905627930413 0.17114420770493102 0.001733827985649384 0.20178854363593748 2.186214907199089
27.730000000010907 3.892546320205417 -0.966125078556018 5.6661911483797705e-05 -0.10783407014735136 0.17095250308214288 0.0011500614638960084 0.20212438654443632 2.1869646223255463
27.73100000001091 3.8944894296270585 -0.9887260850524602 5.6302708588002324e-05 -0.1087755868526918 0.17077078838748389 0.0005691755112731999 0.20247250287975632 2.1879094427904375
27.73200000001091 3.8966034958055844 -1.0111806488429378 5.594115410960703e-05 -0.10971337204037027 0.1705991284321258 -8.681419695865267e-06 0.20283265689143032 2.1890504031978395
27.73300000001091 3.898888039054893 -1.0334827239444844 5.557733951114972e-05 -0.1106471771941759 0.17043757535719273 -0.000583353225282167 0.20320458955364065 2.1903888749759504
27.734000000010912 3.901342586914849 -1.0556263351830801 5.5211356459326856e-05 -0.11157675712471601 0.17028618078415583 -0.0011546852051779835 0.2035880384365573 2.1919260893996095
27.735000000010913 3.903965353737937 -1.0776056809981938 5.484337504134998e-05 -0.11250184267535239 0.1701449347203847 -0.0017225362302077472 0.20398267217442292 2.193662224523939
27.736000000010915 3.9067574869392936 -1.0994140917675783 5.4473330172135677e-05 -0.11342221829899117 0.17001396501029756 -0.002286702850174104 0.2043882993527557 2.1955987419475
27.737000000010916 3.909716386300102 -1.1210460378343943 5.410147365068851e-05 -0.11433759876614505 0.16989322381615296 -0.0028470636852054687 0.20480454038395007 2.197735181643477
27.738000000010917 3.912841225107231 -1.1424952870620186 5.372788660853598e-05 -0.11524773261988351 0.16978274632312004 -0.0034034468759913533 0.2052310996746906 2.200071728886334
27.73900000001092 3.9161304489823356 -1.1637557419061544 5.33526949023862e-05 -0.1161523559686255 0.16968253327463653 -0.003955689727955137 0.20566764299904902 2.202607937319294
27.74000000001092 3.919582443689922 -1.1848212762285395 5.2976024426815736e-05 -0.11705120305566094 0.16959258288457366 -0.004503628536501481 0.20611383014303855 2.2053430694410445
27.74100000001092 3.9231952744089202 -1.2056857539209311 5.259802154466275e-05 -0.11794400296987054 0.16951287822539202 -0.005047098044907121 0.20656930294573858 2.2082760086442934
27.742000000010922 3.9269671630311525 -1.2263433141736662 5.221881033057424e-05 -0.11883049899842277 0.16944340592110416 -0.005585940198702306 0.20703371230372536 2.211405530460879
27.743000000010923 3.930895937468497 -1.246787559915499 5.183855216307335e-05 -0.11971040651304905 0.16938414111143135 -0.006119981902501126 0.20750668149740067 2.2147303267047205
27.744000000010924 3.9349795866270916 -1.267012172026174 5.145731272357236e-05 -0.12058346718254107 0.16933505886909553 -0.006649032738005978 0.2079878466553132 2.218248368959101
27.745000000010926 3.939214843015858 -1.2870115266144386 5.1075367586885086e-05 -0.12144938581085012 0.16929607973551283 -0.0071729622725771516 0.2084767788397779 2.22195694645355
27.746000000010927 3.9435992946748484 -1.3067795104196938 5.0692832355456676e-05 -0.12230789658026975 0.16926716017462806 -0.007691593985071188 0.20897309323811125 2.225853630189417
27.747000000010928 3.9481301776167315 -1.3263102254678127 5.030988020752158e-05 -0.12315872671541815 0.1692482401652957 -0.008204765528011764 0.2094763875537821 2.229935838362054
27.74800000001093 3.952804395555524 -1.3455975623890548 4.992667514784438e-05 -0.12400159418003093 0.16923924518165817 -0.008712304919656497 0.20998624175373862 2.234200186543913
27.74900000001093 3.9576185921518126 -1.3646356993166222 4.9543408305454954e-05 -0.12483621975944804 0.16924008613651514 -0.009214051336504981 0.21050222626223225 2.238643121477916
27.75000000001093 3.962569650810506 -1.3834187488861285 4.916023485499066e-05 -0.12566233197292892 0.16925068415180103 -0.009709836276696894 0.21102392443333898 2.2432610107448836
27.751000000010933 3.967654061393178 -1.4019408322812124 4.877733979640403e-05 -0.12647964898810796 0.1692709427503993 -0.010199495318937346 0.21155090019313313 2.248049783843693
27.752000000010934 3.9728676476355695 -1.4201961275315969 4.839494853335108e-05 -0.12728788094547933 0.16930073335984142 -0.01068286405010773 0.2120826879688291 2.25300473902705
27.753000000010935 3.9782072249823863 -1.4381792667295137 4.801320432724679e-05 -0.12808677417342962 0.16933996744178192 -0.01115978878224882 0.2126188777531368 2.2581216375001456
27.754000000010937 3.9836685471847884 -1.4558844137496105 4.763231452363888e-05 -0.12887604085637516 0.16938851187082535 -0.011630101455425482 0.2131590043148314 2.263395258177917
27.755000000010938 3.989247438648009 -1.4733059960178185 4.725245654300914e-05 -0.1296554072609981 0.16944623263755026 -0.012093638467715462 0.21370261224061324 2.2688205554996075
27.75600000001094 3.9949399487006225 -1.49043869389087 4.6873849931145696e-05 -0.13042460423311233 0.16951300610188932 -0.012550250802935183 0.21424926002737962 2.2743920521593157
27.75700000001094 4.000741432737815 -1.5072772028746841 4.649668299460414e-05 -0.13118335957045293 0.16958867297335023 -0.012999783064887149 0.2147984780876876 2.28010394507234
27.75800000001094 4.006647136625556 -1.5238159829232198 4.6121201123411803e-05 -0.13193138603106294 0.16967307305061954 -0.013442076888691727 0.21534978934189772 2.2859503494843887
27.759000000010943 4.0126527470462925 -1.5400500217834268 4.574758314671517e-05 -0.13266842873733953 0.1697660589513047 -0.013876983688410427 0.21590274994029326 2.291925089088663
27.760000000010944 4.018753417897344 -1.5559741560947062 4.537604399813678e-05 -0.13339421634775261 0.16986746036560077 -0.014304352597004973 0.21645689074111135 2.2980219660808565
27.761000000010945 4.024944148204544 -1.5715834903609427 4.500680355673085e-05 -0.1341084852979044 0.169977096537124 -0.014724039825263546 0.21701174282712207 2.3042342699412557
27.762000000010946 4.031219883971197 -1.58687310297102 4.464007267045624e-05 -0.13481097197877617 0.17009478375270498 -0.015135899126584364 0.21756683816269423 2.310555357883435
27.763000000010948 4.037575642000602 -1.60183828021647 4.427606763165189e-05 -0.13550142061637557 0.1702203394831498 -0.015539790922909325 0.21812171846183137 2.3169784686587613
27.76400000001095 4.044006176379989 -1.6164744518082004 4.39150016781886e-05 -0.1361795775861297 0.17035356677678412 -0.01593557901953133 0.2186759194419831 2.323496574937974
27.76500000001095 4.050506276348759 -1.6307771852608446 4.3557085175925344e-05 -0.1368451967010605 0.17049426805870127 -0.016323128811747196 0.21922898493408466 2.3301026047081974
27.76600000001095 4.057070717727865 -1.6447418256495803 4.3202517192791765e-05 -0.13749802500186925 0.17064224711136863 -0.016702298274689373 0.21978045897278664 2.3367895080216625
27.767000000010952 4.063693793113375 -1.6583643872831288 4.2851561116864676e-05 -0.13813781579385387 0.1707972801825474 -0.017072974140392716 0.2203298743158785 2.343549771186942
27.768000000010954 4.070370188918191 -1.67164066814294 4.250440006439736e-05 -0.13876433546080752 0.17095916031773126 -0.017435023276794862 0.22087678766471963 2.350376181985432
27.769000000010955 4.077094690078371 -1.6845667889965519 4.216122507630621e-05 -0.13937735980423852 0.17112768243152232 -0.0177883259144845 0.22142076835568977 2.357261615175614
27.770000000010956 4.083860935829888 -1.6971390166727054 4.182230116765922e-05 -0.13997664574790095 0.17130258722308744 -0.018132771395238032 0.22196133704460513 2.364198315632619
27.771000000010957 4.090664030248044 -1.7093532615695695 4.1487799882359286e-05 -0.14056196999588508 0.1714836861926926 -0.01846822982880534 0.2224980843790965 2.3711789274139408
27.77200000001096 4.097498044482662 -1.721206172251168 4.115793853890468e-05 -0.14113311592331468 0.17167073427286839 -0.018794596802046572 0.22303056805057253 2.3781959830053436
27.77300000001096 4.10435757388141 -1.7326942982477678 4.0832910577188404e-05 -0.14168987365120098 0.1718635118194361 -0.01911176295454245 0.2235583737493037 2.3852421861317086
27.77400000001096 4.111237017229248 -1.7438145472464797 4.0512909499462235e-05 -0.14223204370163958 0.17206178548265494 -0.019419629014818657 0.2240810886043208 2.392310324013354
27.775000000010962 4.118130676955652 -1.754563525797854 4.0198114919623693e-05 -0.1427594184100503 0.17226531941875692 -0.019718082736223465 0.22459829608884996 2.3993928293451967
27.776000000010963 4.125032913887166 -1.7649381980170207 3.988872161843907e-05 -0.14327179913723823 0.17247387792774746 -0.020007027139291676 0.22510959137808637 2.4064825493903945
27.777000000010965 4.131938208965877 -1.7749361139509117 3.958493378177061e-05 -0.14376900810275847 0.17268722494640984 -0.02028638462279002 0.22561458896003767 2.413572325068971
27.778000000010966 4.138841257146194 -1.7845550011655238 3.9286913620029866e-05 -0.14425088421761942 0.17290513051941625 -0.02055607650180776 0.22611292320132784 2.420655443360297
27.779000000010967 4.145735979468937 -1.7937913039743072 3.899484950475841e-05 -0.1447172074013225 0.17312734231192559 -0.020815986115179944 0.22660417483350875 2.4277243487674647
27.78000000001097 4.152616991303372 -1.8026432327184259 3.870890198088514e-05 -0.14516783254291832 0.17335362102118756 -0.02106604937589788 0.22708799167431565 2.434772452155195
27.78100000001097 4.159478632709705 -1.8111087036564486 3.842923267292634e-05 -0.14560259818040996 0.1735837176905238 -0.021306195152371248 0.2275640076901888 2.4417931794411367
27.78200000001097 4.166316220560175 -1.819185089336557 3.8155981800184687e-05 -0.14602134656552582 0.1738174340106574 -0.021536328151003314 0.2280319000690174 2.448779839908632
27.783000000010972 4.173124201833029 -1.8268707076800923 3.788931382023543e-05 -0.14642393256687458 0.17405452155611542 -0.02175638871773014 0.22849132358256813 2.4557260781682233
27.784000000010973 4.179897052412758 -1.8341637548868523 3.7629363545825336e-05 -0.14681021400230485 0.17429473259531342 -0.02196630707578383 0.22894193891120515 2.4626253510952774
27.785000000010974 4.186629896087379 -1.8410625701397232 3.737627938545099e-05 -0.14718005795395483 0.17453785040660766 -0.02216602357734025 0.22938344161059243 2.4694717573054006
27.786000000010976 4.193316978232516 -1.8475656353816914 3.713022142432995e-05 -0.14753332370129094 0.1747836145127737 -0.022355482673851658 0.22981549362495265 2.476259071088303
27.787000000010977 4.199953965114032 -1.8536717324849163 3.689127289173378e-05 -0.1478699131038834 0.1750318259383566 -0.022534628218351546 0.23023783520873475 2.4829819337157835
27.788000000010978 4.2065347625247345 -1.8593801017855716 3.665959892138834e-05 -0.14818970566397102 0.17528219963880257 -0.022703428770117218 0.230650133433543 2.489634491236242
27.78900000001098 4.2130554704545755 -1.8646887532838345 3.643528602387044e-05 -0.14849258329926224 0.17553456606990625 -0.022861804073793745 0.23105214404057614 2.4962112406230696
27.79000000001098 4.219510870772289 -1.8695970924731486 3.621846423799772e-05 -0.14877844854416747 0.17578867911090085 -0.023009724700315263 0.23144358683175703 2.5027069101896666
27.791000000010982 4.225895918793196 -1.8741047008401575 3.600925039679191e-05 -0.14904721537181675 0.17604429839779764 -0.023147164227065194 0.2318241976589594 2.509116464992704
27.792000000010983 4.2322062150758235 -1.8782108433020592 3.5807731832943236e-05 -0.14929880019506486 0.17630121663325893 -0.023274083471816347 0.23219374170615856 2.5154350536151764
27.793000000010984 4.238437337088907 -1.8819145293087312 3.561399747047458e-05 -0.1495331098766502 0.17655922850717365 -0.02339043550813796 0.23255198256237478 2.5216578702024446
27.794000000010985 4.244584558575217 -1.8852160053472033 3.5428162071494585e-05 -0.14975008515014648 0.17681810189516636 -0.02349621601204874 0.23289869327063734 2.52778042372191
27.795000000010987 4.250643337329377 -1.8881149953689134 3.525031884617375e-05 -0.14994965554434997 0.17707761801340288 -0.023591400570340038 0.23323365147431038 2.5337983082876923
27.796000000010988 4.256609212221788 -1.8906114674506962 3.508055973454642e-05 -0.15013175837141807 0.177337559791073 -0.023675974875270837 0.23355664574282767 2.5397072901721414
27.79700000001099 4.262478513230276 -1.892705991851757 3.49189491943065e-05 -0.15029636734571078 0.17759774043545293 -0.023749940503386798 0.233867516168898 2.545503836656052
27.79800000001099 4.268246962065102 -1.8943984898440693 3.476556218683479e-05 -0.15044342562495563 0.17785795077953595 -0.02381327667335585 0.23416606738635123 2.551183966526832
27.79900000001099 4.273910399319821 -1.8956892299731884 3.462047413379959e-05 -0.1505728876058319 0.1781179842965294 -0.023865976820894898 0.23445211805704097 2.556744039640584
27.800000000010993 4.279464778875143 -1.8965788117935802 3.448376101930949e-05 -0.15068472173887332 0.17837763613743343 -0.02390804361046807 0.23472550136016393 2.56218057993511
27.801000000010994 4.284905926397611 -1.8970682090738278 3.43555095410556e-05 -0.150778904205642 0.17863669216883538 -0.023939494646038787 0.23498605308908257 2.567490367305366
27.802000000010995 4.290230825893001 -1.8971581612825186 3.423575919143614e-05 -0.15085542693581885 0.17889499442450424 -0.023960335475658196 0.2352336637095925 2.5726706114109366
27.803000000010996 4.295435618963049 -1.8968493892229117 3.4124584228800565e-05 -0.15091426342198755 0.17915234636915164 -0.02397057485966695 0.235468185903906 2.577718334039652
27.804000000010998 4.300516730350862 -1.8961432706587698 3.402203177054098e-05 -0.15095541997303918 0.1794085561360946 -0.023970237032023774 0.23568950145784232 2.5826308548173182
27.805000000011 4.305470849010442 -1.895041465724168 3.392816721123794e-05 -0.1509789099047723 0.1796634436171204 -0.02395936203748252 0.23589751002848397 2.5874057885872546
27.806000000011 4.310294602188848 -1.8935445170804421 3.3843016166950815e-05 -0.15098471700694044 0.179916834668525 -0.023937944731204447 0.2360920950916431 2.5920406295543366
27.807000000011 4.314984877390519 -1.8916541602435117 3.3766640677018106e-05 -0.15097286063147175 0.1801685577519628 -0.02390602726555107 0.23627317238589193 2.5965332725814916
27.808000000011003 4.319538165587332 -1.889371972999754 3.369908140643147e-05 -0.15094335503007056 0.18041842210344666 -0.02386364026299613 0.23644064115255878 2.600881550888994
27.809000000011004 4.323952185222575 -1.8866996113224705 3.364034712178626e-05 -0.15089623689909942 0.18066629459726855 -0.023810817149232995 0.2365944617423036 2.6050840033687948
27.810000000011005 4.328224139018781 -1.883638775354259 3.3590473223014894e-05 -0.15083153383047224 0.18091201787204622 -0.023747594793685826 0.23673457302783968 2.60913886439208
27.811000000011006 4.332351002068678 -1.880191694512996 3.354950622310368e-05 -0.15074928590143802 0.1811554186812636 -0.023674029034314738 0.23686091397293682 2.6130445629701877
27.812000000011007 4.336331114340437 -1.8763600767395636 3.351741021754121e-05 -0.1506495485807967 0.1813963909226245 -0.02359014788179488 0.2369734841800584 2.616800147715331
27.81300000001101 4.340161237409597 -1.8721457707607674 3.3494222050149306e-05 -0.1505323484817149 0.1816347543570089 -0.023495992343481185 0.23707221175404836 2.620403981557701
27.81400000001101 4.343839578133699 -1.8675510549829406 3.347993913960573e-05 -0.15039775184618548 0.18187039259382354 -0.023391615074789724 0.2371571021884553 2.623855301367335
27.81500000001101 4.3473643800002915 -1.8625786982219337 3.347455887740818e-05 -0.15024584195287857 0.18210318580434454 -0.02327708491870117 0.2372281728347909 2.6271535838339304
27.816000000011012 4.350733346946544 -1.857230550835661 3.347807564688569e-05 -0.15007666532540687 0.18233299740401454 -0.023152438332282057 0.2372854037193537 2.630297772255
27.817000000011014 4.353944407606969 -1.8515086150516562 3.3490471151469435e-05 -0.14989027836874586 0.18255969954663326 -0.023017715557064625 0.23732879024147716 2.633287094687022
27.818000000011015 4.356996080100253 -1.8454156615219277 3.351171885117597e-05 -0.14968677308811087 0.18278318437230232 -0.02287298131972654 0.23735836998358245 2.636121227431577
27.819000000011016 4.3598867543812165 -1.8389541910750786 3.354180095480485e-05 -0.14946622872635468 0.18300334128783735 -0.022718293307235085 0.2373741715161639 2.6387998663621923
27.820000000011017 4.3626146123348875 -1.8321268569437366 3.358070601142927e-05 -0.14922872586763578 0.18322004838703418 -0.022553714464189595 0.23737621782975085 2.6413226171990796
27.82100000001102 4.365179000368423 -1.8249362033821388 3.3628366241674145e-05 -0.14897436629692185 0.18343323854438648 -0.022379298607772484 0.23736458839226016 2.6436896864471127
27.82200000001102 4.367578485132916 -1.8173850227838242 3.36847639214456e-05 -0.14870324120981235 0.18364280692726306 -0.022195113474049854 0.23733932995724413 2.645901002782702
27.82300000001102 4.369811890462072 -1.8094762018544797 3.374987435828801e-05 -0.14841544984537539 0.183848659823482 -0.022001229066173893 0.23730050474475986 2.6479566163421193
27.824000000011022 4.3718782802220915 -1.8012124469020958 3.3823638325055876e-05 -0.14811109458127217 0.18405071522356026 -0.021797704790675568 0.23724818660320265 2.6498567256357397
27.825000000011023 4.3737771293702705 -1.7925967544783907 3.390597308672923e-05 -0.1477902979655903 0.1842489065772854 -0.02158460555588847 0.2371824760488989 2.651601817886922
27.826000000011025 4.375507244087909 -1.7836320606256406 3.39968934560122e-05 -0.14745315290325642 0.18444314140151255 -0.02136201022476475 0.2371034377481955 2.6531920300637943
27.827000000011026 4.3770681067890145 -1.7743214324887433 3.4096326505927364e-05 -0.14709978231046603 0.18463335353689733 -0.021129988198242626 0.23701117609793274 2.6546278968471313
27.828000000011027 4.378459062254658 -1.7646678395040656 3.420423525086737e-05 -0.14673029674377075 0.18481947353648015 -0.02088861202105318 0.23690578695545367 2.6559098822836145
27.82900000001103 4.379679778205439 -1.7546745805870665 3.4320555286476695e-05 -0.14634482844159302 0.18500144225330337 -0.02063795968725627 0.2367873895025967 2.657038632302729
27.83000000001103 4.380729882583369 -1.7443448152700434 3.444523510363442e-05 -0.14594350127432934 0.18517920111844774 -0.02037810771933579 0.2366560993621283 2.6580148112389
27.83100000001103 4.381609134647867 -1.7336816567200206 3.457821193177212e-05 -0.1455264416890166 0.18535269777661573 -0.020109129086055763 0.23651203960123435 2.658839130710268
27.832000000011032 4.3823171567295125 -1.7226883945201876 3.4719442228986616e-05 -0.14509377683784416 0.18552187253816496 -0.019831105484870097 0.2363553299840926 2.65951219409009
27.833000000011033 4.382854170168372 -1.7113685218997392 3.4868862574997695e-05 -0.14464565163367235 0.18568669170374 -0.019544123724485767 0.23618612318374568 2.660035087298838
27.834000000011034 4.38322006606846 -1.6997253612670027 3.502642020017659e-05 -0.14418219973024643 0.18584710786703867 -0.01924826544436514 0.23600455492259492 2.660408576423264
27.835000000011036 4.383414986006791 -1.6877623020043995 3.519205009492934e-05 -0.14370356256285918 0.18600308443093436 -0.018943612931988176 0.23581077537295844 2.6606335894162685
27.836000000011037 4.383439208614385 -1.6754828162818767 3.536569190414684e-05 -0.14320988497795786 0.18615459104094748 -0.0186302527247953 0.2356049431519043 2.660711141577271
27.837000000011038 4.383292089206929 -1.6628899880502268 3.554731074833966e-05 -0.14270128261475865 0.1863015579241419 -0.018308260267882164 0.23538716816958424 2.660641663245026
27.83800000001104 4.382975256812781 -1.649987954023782 3.573680797682979e-05 -0.1421779481238673 0.18644401105414635 -0.017977739316120442 0.23515768603554113 2.6604269438019545
27.83900000001104 4.382488782305405 -1.636780043386046 3.5934128174747825e-05 -0.14164001842707735 0.18658191189079273 -0.017638771674454178 0.23491664677291366 2.660067780160797
27.84000000001104 4.381833264057134 -1.6232698928341105 3.6139206305061e-05 -0.1410876495747442 0.18671524375291682 -0.01729144859848314 0.23466423099158285 2.6595653129712744
27.841000000011043 4.3810095226658055 -1.6094610435561418 3.635197720149185e-05 -0.14052099712327015 0.18684400186426384 -0.016935858916910303 0.23440062922787688 2.658920732697376
27.842000000011044 4.380017989822068 -1.5953571900577326 3.657238601228472e-05 -0.13994021565532086 0.18696816143522313 -0.01657209645702933 0.2341260167711108 2.6581350190936215
27.843000000011045 4.378859595149186 -1.5809620632444648 3.680035327534042e-05 -0.13934547181593848 0.18708772018046113 -0.016200253417243737 0.23384059478352331 2.6572094472866086
27.844000000011047 4.377535278992168 -1.566279274170753 3.703581832360964e-05 -0.1387369239788328 0.18720267896713066 -0.015820422490879144 0.23354456288975972 2.6561452304406457
27.845000000011048 4.376045979939336 -1.551312568742838 3.727871283228448e-05 -0.1381147379342353 0.1873130364322937 -0.015432697651376722 0.23323812426129456 2.6549435631639584
27.84600000001105 4.3743927245471355 -1.536065649155684 3.7528974922207496e-05 -0.13747907684993388 0.18741879669491407 -0.015037174238221755 0.23292148577396246 2.653605633666695
27.84700000001105 4.372576877312253 -1.5205422906923916 3.778652979989963e-05 -0.13683011350964844 0.18751997874339402 -0.014633948076428434 0.23259487274505822 2.6521328313948196
27.84800000001105 4.370599863054757 -1.504747069606751 3.805133436696355e-05 -0.13616804319491246 0.18761659783310003 -0.014223145827467417 0.23225852330372754 2.6505266520010236
27.849000000011053 4.36846262647438 -1.488682669851151 3.832328968114e-05 -0.13549300030600633 0.18770866299152988 -0.013804823824307703 0.23191263108078297 2.648788004788159
27.850000000011054 4.366166595259111 -1.4723530436025145 3.860232877921321e-05 -0.13480516357085054 0.1877961949400384 -0.013379084563372761 0.2315574288660905 2.646918228641619
27.851000000011055 4.363713252251797 -1.4557619798828092 3.888837535039605e-05 -0.13410470801404484 0.18787921852327955 -0.012946024703782432 0.2311931508935362 2.6449186464747587
27.852000000011056 4.36110382831907 -1.4389130416479032 3.918138059769033e-05 -0.13339179253655783 0.1879577503817449 -0.012505737730271613 0.23082001585837555 2.6427903294780553
27.853000000011058 4.35833889152995 -1.4218082699638532 3.9481214013023446e-05 -0.1326665310380819 0.18803178640783733 -0.012058253067700857 0.23043819697360424 2.6405338323136975
27.85400000001106 4.355423099363102 -1.404454589863691 3.97878563108463e-05 -0.13192923476284427 0.18810147623180343 -0.011603785956061553 0.230048117128151 2.638152487189207
27.85500000001106 4.3523563455883325 -1.3868552096076616 4.010129177254761e-05 -0.1311800278024448 0.18816677724454067 -0.011142420484124917 0.2296499276879743 2.6356465553550716
27.85600000001106 4.349141073221427 -1.3690132167415787 4.042137409274694e-05 -0.1304190860588353 0.1882277649437647 -0.010674222475797105 0.2292439061995102 2.6330175771769824
27.857000000011062 4.345779163851693 -1.3509333545866733 4.0748097025499245e-05 -0.12964660906570638 0.1882844778542349 -0.010199332278212202 0.22883031753244445 2.6302670371836103
27.858000000011064 4.342272713504252 -1.3326183996593766 4.108132606974594e-05 -0.128862755241976 0.18833697880012734 -0.009717807352572244 0.22840941979667725 2.627396158719516
27.859000000011065 4.338624974311128 -1.3140723965407748 4.1420951081525825e-05 -0.1280677372077086 0.1883853746004482 -0.009229751689707234 0.22798154090431874 2.624406964033134
27.860000000011066 4.334836562468508 -1.2952992696219106 4.1766983869934714e-05 -0.12726170593990968 0.18842965254380042 -0.008735281110844439 0.22754687625322145 2.62130003280734
27.861000000011067 4.330910293257543 -1.2763033871641212 4.211933878673124e-05 -0.12644487566420554 0.18846989611140452 -0.008234512356356367 0.22710573642188564 2.6180770941171208
27.86200000001107 4.326848874560378 -1.2570876757508107 4.247789821766837e-05 -0.12561741311863128 0.18850619785063571 -0.007727514029905121 0.22665841166787143 2.614739666803923
27.86300000001107 4.322654545045436 -1.237656267763516 4.284261506061169e-05 -0.12477950824778623 0.18853861857231222 -0.00721440274094398 0.2262051811489377 2.6112891088461323
27.86400000001107 4.31833004243911 -1.2180129485558844 4.3213386527351624e-05 -0.12393135580552048 0.18856724396386415 -0.006695276109834238 0.22574634696957754 2.6077269447034643
27.865000000011072 4.313878282913082 -1.1981615156631962 4.3590133320161125e-05 -0.12307314949913492 0.18859216909907114 -0.006170235401544988 0.22528221895666675 2.6040547614759264
27.866000000011073 4.309302562123348 -1.178105602718213 4.397274202076533e-05 -0.12220508682635 0.1886135084122025 -0.005639374696574601 0.22481312539254486 2.6002743432317654
27.867000000011075 4.304604551787035 -1.1578492554884616 4.4361198753380945e-05 -0.12132734145673568 0.18863129809238813 -0.0051028121600304845 0.22433931687717887 2.596386598342953
27.868000000011076 4.29978768188522 -1.1373961114270805 4.4755384263109004e-05 -0.1204401140776816 0.18864565839106645 -0.004560641117222192 0.22386112872994274 2.5923933302541164
27.869000000011077 4.294855504725084 -1.116749818753227 4.51552008114238e-05 -0.11954360195635652 0.1886567174508309 -0.004012960413529318 0.22337890155362258 2.588296096821761
27.87000000001108 4.289810312063221 -1.0959142731730556 4.556058649471505e-05 -0.11863799102848535 0.1886645402141646 -0.0034598770695564995 0.22289291688798354 2.5840963691337793
27.87100000001108 4.284655717858139 -1.0748932168124976 4.5971446947009124e-05 -0.11772348216715302 0.18866925692148742 -0.00290149365913515 0.22240351936585945 2.5797957748038867
27.87200000001108 4.279394744860126 -1.0536904116377794 4.638770060297955e-05 -0.11680026751780513 0.18867096933961522 -0.0023379139438545206 0.2219110249748528 2.575395792649463
27.873000000011082 4.2740311613497415 -1.0323095806240414 4.6809242062853376e-05 -0.11586855157814441 0.18866981470083577 -0.0017692385977926294 0.22141578631452802 2.5708982412033667
27.874000000011083 4.268568404965846 -1.0107543371563197 4.723597701121979e-05 -0.1149285285129611 0.18866591603984686 -0.001195566308145631 0.2209181385040763 2.566304704856658
27.875000000011084 4.2630089144228265 -0.9890287201529758 4.766788836624078e-05 -0.11398037965768243 0.18865934790028088 -0.0006170204034381267 0.22041836858857047 2.5616163468805917
27.876000000011086 4.257357025984739 -0.967136019571256 4.810481255751583e-05 -0.11302431224276603 0.18865027652581404 -3.368018858792687e-05 0.21991685502837538 2.55683515481511
27.877000000011087 4.251617049934965 -0.9450802413500242 4.8546644984542045e-05 -0.11206054750040711 0.18863886280260117 0.0005543429186794569 0.21941397895672254 2.551963131881931
27.878000000011088 4.245792648326158 -0.9228648964990406 4.8993297995457625e-05 -0.11108927468003088 0.18862524311732506 0.001146947565379261 0.21891008377578924 2.547001958490005
27.87900000001109 4.239887609155881 -0.9004937052211504 4.9444679348861274e-05 -0.11011069576851733 0.188609556714537 0.0017440300441881507 0.21840552155903972 2.541953326728332
27.88000000001109 4.233905851844875 -0.877970413060349 4.990069084347574e-05 -0.10912501455047205 0.1885919491708585 0.0023454839438834425 0.21790065026895958 2.536819037503189
27.881000000011092 4.2278514093655835 -0.8552986447233115 5.036123156009022e-05 -0.10813243293862705 0.18857257271505232 0.002951207202816537 0.21739583219913466 2.531600893600615
27.882000000011093 4.221728373436507 -0.8324821141923121 5.082620208341538e-05 -0.10713315589790126 0.18855158167281222 0.003561093838208294 0.21689143236487632 2.526300762268731
27.883000000011094 4.215540894117223 -0.8095244509241948 5.129550128785791e-05 -0.1061273861408091 0.18852913415968578 0.004175040013290313 0.2163878172984648 2.520920507383459
27.884000000011095 4.209293189954907 -0.7864294103971907 5.1769026769221265e-05 -0.10511533222342105 0.1885053901178624 0.004792938394159255 0.21588535714674556 2.5154620514088277
27.885000000011097 4.20298940377148 -0.7632006215070408 5.2246688480430064e-05 -0.10409719359893671 0.18848050824857393 0.005414681778607889 0.21538441560052304 2.5099272976290834
27.886000000011098 4.1966338382567425 -0.739841856912235 5.272838313510982e-05 -0.10307317992145183 0.1884546527127211 0.006040160960511301 0.2148853650033459 2.504318199069705
27.8870000000111 4.190231054610986 -0.7163564129533596 5.32139718373885e-05 -0.10204349457477481 0.18842800299487797 0.006669287555412904 0.21438858760243426 2.498636832300391
27.8880000000111 4.183785445549711 -0.6927483718244771 5.370336889657238e-05 -0.10100835411800488 0.18840072576440853 0.007301937064616703 0.21389445844874 2.4928853036451395
27.8890000000111 4.1773014680838685 -0.6690212894606837 5.4196477512234954e-05 -0.09996795996387225 0.18837299572647784 0.007938003632556647 0.21340335152001827 2.48706568724506
27.890000000011103 4.170783147108049 -0.6451788040921401 5.4693228628177404e-05 -0.09892250646406543 0.1883449670874265 0.008577375881603282 0.21291561776748824 2.48117982039892
27.891000000011104 4.164235899709886 -0.6212246696744571 5.519342939046839e-05 -0.09787223065425636 0.18831685390627914 0.009219953460767438 0.2124316797001275 2.475230474631089
27.892000000011105 4.15766408362036 -0.5971625646455445 5.569700483030719e-05 -0.09681733297501861 0.18828882601096883 0.009865622977459085 0.21195190134018116 2.4692196818660124
27.893000000011106 4.151072262440865 -0.5729961672421566 5.620384094419608e-05 -0.09575802200377746 0.18826106142821844 0.010514274784870246 0.21147665592780476 2.463149718943785
27.894000000011108 4.144465178298909 -0.5487292591180879 5.6713832460391985e-05 -0.09469451107224584 0.18823374611010388 0.011165794668672579 0.21100632353661275 2.45702294202319
27.89500000001111 4.137847501508135 -0.5243655419708231 5.722685563853711e-05 -0.09362701316544025 0.18820706237109763 0.011820073945480056 0.21054127877619716 2.450841764540527
27.89600000001111 4.131223922075394 -0.4999087045873856 5.774279924822298e-05 -0.09255573753049612 0.18818119467910055 0.01247700053350289 0.2100818938485196 2.4446085818235117
27.89700000001111 4.124599229924199 -0.47536246108673585 5.8261543013783654e-05 -0.09148089716982025 0.18815633145222985 0.0131364627835492 0.2096285435407597 2.438325906328296
27.898000000011113 4.117978162558567 -0.4507306239706957 5.8782973557267525e-05 -0.09040270669292244 0.1881326580166119 0.013798344950396994 0.20918159745343792 2.4319963088676584
27.899000000011114 4.111365355691343 -0.4260168852447782 5.9306974938761156e-05 -0.08932137476448548 0.1881103560233653 0.014462534456298982 0.20874141643659158 2.4256222797739
27.900000000011115 4.104765993585339 -0.40122509212942803 5.983340569570805e-05 -0.08823712582634352 0.1880896311106249 0.015128915211368395 0.2083083862471641 2.419206653541473
27.901000000011116 4.0981846146062795 -0.37635893234056306 6.036215240136903e-05 -0.08715016779947761 0.18807066011991525 0.015797375988787953 0.2078828565167145 2.4127520232808677
27.902000000011117 4.091625972940374 -0.3514222719197951 6.089309545814106e-05 -0.08606071639553223 0.18805362858582447 0.016467797228863858 0.20746518376917708 2.406261137532906
27.90300000001112 4.085094989640329 -0.32641888355645904 6.142608757541471e-05 -0.08496899161266305 0.18803872960905624 0.01714006694247137 0.2070557298493644 2.399736894720374
27.90400000001112 4.0785962954255774 -0.30135264702146913 6.196101588583903e-05 -0.08387520633008927 0.18802614313461768 0.017814063792830445 0.20665483688462222 2.3931820887275865
27.90500000001112 4.072134694132304 -0.27622741679458207 6.249775037622698e-05 -0.08277957786376627 0.18801605680230418 0.018489669584096712 0.2062628517404908 2.3865996205532123
27.906000000011122 4.065714976121986 -0.25104706157695805 6.303614677445778e-05 -0.08168232631975653 0.1880086566791556 0.019166767760664453 0.2058801165865685 2.379992479012107
27.907000000011124 4.0593419915212 -0.22581542051586218 6.357606500802804e-05 -0.0805836693949794 0.18800413254335666 0.019845240087950803 0.20550697112430946 2.3733637558225427
27.908000000011125 4.053020397544382 -0.20053645624872407 6.411736313767651e-05 -0.0794838279133709 0.18800266322994166 0.02052496634738962 0.2051437411301517 2.366716487413481
27.909000000011126 4.046754863116583 -0.17521407341565695 6.46599099439444e-05 -0.07838301771686845 0.18800442951119276 0.021205825045485936 0.20479074685661877 2.3600537903800243
27.910000000011127 4.040550063863782 -0.149852266345206 6.520355501168522e-05 -0.07728146121323833 0.18800961052716683 0.021887694644476253 0.204448304161908 2.353378817384301
27.91100000001113 4.034410604635158 -0.12445463420174449 6.574814075819306e-05 -0.07617936706063647 0.188018385882116 0.0225704671179569 0.20411671999470854 2.3466947268367573
27.91200000001113 4.028341126135996 -0.09902563452984042 6.629355281749471e-05 -0.07507696660284528 0.18803092987384 0.023254000128752506 0.2037962954165107 2.340004840826148
27.91300000001113 4.0223463669714885 -0.07356916701231628 6.68395870258936e-05 -0.07397448847701653 0.18804742294515142 0.023938182335935525 0.20348733325516213 2.333312648545131
27.914000000011132 4.0164305707502574 -0.04808945066809786 6.738614171786244e-05 -0.07287214703592837 0.1880680236549194 0.02462287658133457 0.20319010159511441 2.3266213604403765
27.915000000011133 4.010598299999187 -0.022590410623525622 6.793304495866635e-05 -0.07177016273529077 0.18809290566370104 0.02530796485688631 0.2029048804372666 2.3199344295165556
27.916000000011135 4.004853953726247 0.0029236738796823737 6.848014598596291e-05 -0.07066876297037739 0.1881222315748883 0.025993315657610632 0.20263193364165352 2.3132553209788305
27.917000000011136 3.9992020031042728 0.028448747150080448 6.902727615287273e-05 -0.06956817022776064 0.1881561693222127 0.026678805671124284 0.20237152229225702 2.3065876389019766
27.918000000011137 3.993646620044014 0.053980510848346576 6.95742808134999e-05 -0.06846860933862207 0.1881948704698769 0.02736430266598024 0.20212388477449658 2.2999348567152174
27.91900000001114 3.988191959350504 0.07951471534623235 7.012101304564178e-05 -0.0673703015347242 0.18823848650828684 0.028049674580758428 0.20188925076857506 2.293300560962419
27.92000000001114 3.9828423101304287 0.105047072434126 7.066728940309847e-05 -0.06627347750544364 0.18828717322433575 0.02873479330644855 0.2016678501096292 2.28668850501987
27.92100000001114 3.97760154671683 0.1305732202332931 7.121296702903864e-05 -0.06517835635847087 0.1883410679233759 0.0294195211867165 0.2014598824355985 2.2801022882003936
27.922000000011142 3.972473835593159 0.1560888149409269 7.175786837230276e-05 -0.06408516817260891 0.1884003199375232 0.030103728142678043 0.20126555537488508 2.273545710362363
27.923000000011143 3.967462959376295 0.18158940145455685 7.230182628582937e-05 -0.06299413846621288 0.1884650598273822 0.030787277615415713 0.20108504847404202 2.267022526831658
27.924000000011144 3.962572720070396 0.20707043074751103 7.284468089269236e-05 -0.06190549554798483 0.18853541809187074 0.03147003003511751 0.2009185333525239 2.2605365472718835
27.925000000011146 3.95780682894456 0.23252747035256693 7.338625647792182e-05 -0.06081946420163966 0.18861152156182134 0.03215185058326278 0.20076616942993256 2.2540916817869263
27.926000000011147 3.9531684887809373 0.25795641233771216 7.392637323606878e-05 -0.05973625321727713 0.1886934752708231 0.03283261802032896 0.20062808468479237 2.2476915352417097
27.927000000011148 3.948661862295972 0.28335275806089455 7.446483600797437e-05 -0.058656095027017234 0.18878142754271976 0.03351219449544984 0.2005044439626875 2.2413399777665
27.92800000001115 3.944290408215219 0.3087103606685658 7.500152081878016e-05 -0.057579266707521295 0.18887547511546476 0.03419038801525265 0.20039535844749987 2.235041913948769
27.92900000001115 3.9400568547324415 0.33402556649857773 7.553622992320677e-05 -0.056505954206675986 0.18897570515249498 0.034867091869478485 0.2003009088699408 2.2288006675946574
27.93000000001115 3.9359643044062054 0.35929344920680256 7.606880057518976e-05 -0.055436389441157786 0.18908220994078995 0.03554215563938485 0.20022117824510707 2.2226202961389974
27.931000000011153 3.932015757200993 0.384509228175478 7.65990527768847e-05 -0.054370800229175044 0.18919507765856522 0.03621543600451711 0.2001562368071219 2.2165048880022016
27.932000000011154 3.928214241654757 0.4096679715739881 7.712679081166804e-05 -0.053309422004314114 0.1893143955422012 0.036886786113713356 0.20010614639171356 2.210458663769487
27.933000000011155 3.924562332804502 0.43476483530877064 7.76518647527202e-05 -0.05225247423349877 0.1894402318671482 0.03755605755132337 0.20007093735022996 2.204485635669611
27.934000000011157 3.921062390798109 0.4597948341111024 7.817409529343926e-05 -0.05120018335514222 0.18957264142876384 0.03822310164482366 0.20005062022705497 2.198589763834763
27.935000000011158 3.917717408553958 0.4847528826416626 7.869326620601288e-05 -0.050152791100845126 0.18971170753196706 0.03888776850989159 0.20004522731017238 2.1927756362311555
27.93600000001116 3.914529418518218 0.5096338955401646 7.920920847678928e-05 -0.049110522175817 0.18985746806901205 0.039549906861464916 0.20005473426716971 2.1870473140376925
27.93700000001116 3.911500584965264 0.5344327422137167 7.972175326101182e-05 -0.04807360213072489 0.19000996763120614 0.04020936131150752 0.20007911374782375 2.181409007264956
27.93800000001116 3.9086328414473765 0.5591442427442438 8.023072324269664e-05 -0.04704225711743702 0.190169238433486 0.040865977265635275 0.20011831824935597 2.175864896729304
27.939000000011163 3.905928287525321 0.5837637489921226 8.073590899123096e-05 -0.04601670392853835 0.19033532465681433 0.041519623588046256 0.20017230576569459 2.170418908754678
27.940000000011164 3.9033876213487897 0.6082852831345201 8.123718106668216e-05 -0.044997173906559836 0.1905081914437538 0.04217011790657674 0.20024094364290668 2.165075348152219
27.941000000011165 3.9010133760022514 0.632703702401652 8.1734291611394e-05 -0.04398390858588102 0.19068789776922182 0.04281731352991994 0.20032418952302236 2.1598388411794796
27.942000000011166 3.8988067519399072 0.6570135129937509 8.222708801512231e-05 -0.042977132508973635 0.19087443750970326 0.04346104571717309 0.20042192322241023 2.1547135344857162
27.943000000011168 3.8967685050745846 0.681209468441214 8.27153948487468e-05 -0.04197705959412498 0.19106778465266824 0.04410116233870884 0.20053399807482092 2.1497033440078734
27.94400000001117 3.894899926942794 0.7052861897318429 8.319902268273129e-05 -0.04098391698088278 0.1912679370699794 0.04473750722712346 0.20066028444861334 2.1448126194564296
27.94500000001117 3.8932016766187525 0.729238157482027 8.367778348187765e-05 -0.03999792905783564 0.1914748603149215 0.045369922224451076 0.20080061330630217 2.140045418986665
27.94600000001117 3.8916744560524963 0.7530598993781921 8.415150273906972e-05 -0.03901931631939834 0.19168852330255715 0.04599824807309501 0.20095481043692945 2.135405838039061
27.947000000011172 3.8903188052456916 0.7767458683756877 8.462001003405975e-05 -0.03804829909372395 0.19190888637753636 0.046622323247576807 0.20112268584024323 2.130897937976526
27.948000000011174 3.8891348538845643 0.8002905986097186 8.508311661933349e-05 -0.03708509433918822 0.1921358895107967 0.04724199443493704 0.2013040245460636 2.1265256695252632
27.949000000011175 3.888123187209583 0.8236879000196273 8.554065865878067e-05 -0.03612994359835514 0.19236948883001206 0.04785707831699693 0.2014986178666733 2.122293392137678
27.950000000011176 3.8872831168021387 0.8469333223597332 8.599243247684625e-05 -0.03518301878744858 0.19260959521850118 0.048467456984817296 0.2017062105335578 2.118203857444886
27.951000000011177 3.886614429309152 0.8700209431262831 8.64383091282727e-05 -0.034244543372870265 0.192856128440254 0.04907296018186939 0.20192654716205957 2.1142616004852903
27.95200000001118 3.8861170043695257 0.8929448748748964 8.68780946954987e-05 -0.03331474394974906 0.1931090120990458 0.049673420438416604 0.20215937132954895 2.1104703685551898
27.95300000001118 3.8857899572345156 0.9156995517998766 8.731163627890575e-05 -0.03239382265658482 0.19336813736579794 0.0502686806904641 0.20240438867026625 2.1068335767171344
27.95400000001118 3.885632955117282 0.9382794937117412 8.773875636306741e-05 -0.031481990048361 0.19363342167420017 0.050858588662287374 0.20266132765622416 2.1033549639277322
27.955000000011182 3.8856448383723463 0.9606792051738562 8.815928148547347e-05 -0.030579447241376345 0.19390474201490038 0.05144299486544687 0.20292987283832703 2.1000377142733955
27.956000000011183 3.8858244896205854 0.9828931583640059 8.85730678502096e-05 -0.02968639163999104 0.19418197868659093 0.05202174400187106 0.20320970583178055 2.0968850735416202
27.957000000011185 3.8861700212727603 1.0049167064268043 8.897993684946494e-05 -0.02880298829751999 0.19446498157176978 0.05259471828517534 0.20350048054998 2.093899744866553
27.958000000011186 3.886681412899904 1.0267426605874048 8.937974765725897e-05 -0.027929503300968696 0.19475366722322968 0.0531617047662865 0.20380190113243085 2.0910857687035884
27.959000000011187 3.8873559412253784 1.0483663422410991 8.977237273692041e-05 -0.02706608630345863 0.1950478465958422 0.05372258252106509 0.20411357466419064 2.0884451984165895
27.96000000001119 3.8881920558281715 1.069782361278678 9.01576607717277e-05 -0.02621292859873299 0.1953473791986465 0.05427720680671604 0.20443515197793427 2.085980796696309
27.96100000001119 3.8891872726462906 1.0909835645937318 9.053550242741573e-05 -0.025370260764445745 0.19565206265648444 0.05482537040037216 0.2047662105732557 2.0836958126370724
27.96200000001119 3.890340346302019 1.1119671966645899 9.090571427458217e-05 -0.024538197596092142 0.1959617974163394 0.05536702232838921 0.2051064512623132 2.0815913621801214
27.963000000011192 3.891648765930897 1.1327270533318308 9.126818669503664e-05 -0.023716940935917995 0.19627638884953869 0.055901990449690894 0.2054554614591943 2.0796700601208515
27.964000000011193 3.893109990677365 1.1532577399286719 9.1622788614491e-05 -0.022906667884335614 0.1965956489875744 0.056430132360466845 0.20581283845433118 2.0779339627360334
27.965000000011194 3.89472126180977 1.1735543221042608 9.196944443821923e-05 -0.022107532166123364 0.1969193857377311 0.05695131690236591 0.20617817526284207 2.0763842989393555
27.966000000011196 3.896479785381626 1.193611309667844 9.230802149920582e-05 -0.021319712703694073 0.1972473971872082 0.05746540141721586 0.20655105472240531 2.07502295053443
27.967000000011197 3.8983828695037244 1.213423552864004 9.263841576706146e-05 -0.02054337736686236 0.19757949036029207 0.0579722536013449 0.20693106956735305 2.0738512108726406
27.968000000011198 3.9004283938617372 1.2329854469221786 9.296053533641417e-05 -0.0197787115834231 0.19791549688942933 0.05847171977887085 0.2073178317337627 2.072870672463246
27.9690000000112 3.902611999113735 1.2522934773000818 9.327428296735325e-05 -0.019025806963938255 0.19825516014070738 0.05896372652825981 0.20771088295788928 2.0720812157302064
27.9700000000112 3.904930972484731 1.271342147786933 9.35795800531063e-05 -0.0182848396152943 0.19859828355363054 0.059448128423242055 0.20810981130939396 2.071483889512999
27.971000000011202 3.907381936880819 1.290126682729647 9.387634096794247e-05 -0.017555954621506484 0.19894464547570506 0.059924806929308655 0.20851418654768142 2.0710791150665475
27.972000000011203 3.9099614702719188 1.3086423893955634 9.416450414987602e-05 -0.016839290671155013 0.1992940238025186 0.060393644006180906 0.2089235790188647 2.0708669614595534
27.973000000011204 3.912665907420915 1.3268846993767913 9.444400537512444e-05 -0.01613498024394992 0.19964618580629595 0.06085452743215605 0.20933755182352196 2.0708474219660955
27.974000000011205 3.9154914856990435 1.3448494847273584 9.471477973506245e-05 -0.015443141444430592 0.2000008980082807 0.06130736156002093 0.209755673113369 2.0710199541562853
27.975000000011207 3.9184347462862807 1.3625316175376874 9.497679482017445e-05 -0.014763924849488578 0.20035793293394022 0.06175201313667945 0.21017751043571542 2.071384376706477
27.976000000011208 3.9214918661465714 1.3799271619010716 9.522999624780812e-05 -0.014097440669893543 0.200717056566746 0.06218839267797496 0.21060263724400385 2.071939746693688
27.97700000001121 3.924658899589545 1.3970317696748302 9.547434379512125e-05 -0.013443809495880206 0.20107802529926058 0.06261639631218079 0.2110306171130997 2.0726848376832208
27.97800000001121 3.9279321257856115 1.4138413495710607 9.570981136215014e-05 -0.012803144960590833 0.20144060950391893 0.06303592690511056 0.21146103130122748 2.0736186048811818
27.97900000001121 3.931307059089911 1.4303517433497097 9.59364048484985e-05 -0.012175551973268237 0.20180454215142576 0.06344688697685166 0.2118934278496002 2.0747395611639035
27.980000000011213 3.9347798938636442 1.4465592004043257 9.61540907956138e-05 -0.011561133491937403 0.20216959266682177 0.06384919280798218 0.21232739679306087 2.0760459340359096
27.981000000011214 3.9383463392061286 1.4624598840325835 9.63628644080171e-05 -0.010959986853325335 0.2025355067524523 0.06424275747009062 0.21276250772788566 2.0775357345348713
27.982000000011215 3.9420028240850504 1.4780492511476035 9.656272967192836e-05 -0.010372241725443222 0.20290205788305304 0.06462746897734806 0.21319835421036187 2.079207287146099
27.983000000011216 3.945743960323798 1.493325453163781 9.675369863909513e-05 -0.009797913474839829 0.20326895978790543 0.06500330785271795 0.21363449897784015 2.0810569758464728
27.984000000011218 3.949566389786643 1.5082840979953394 9.69357620857618e-05 -0.009237131755476665 0.20363599733241955 0.06537016851183564 0.21407055599475378 2.0830829785631186
27.98500000001122 3.953465616799572 1.522922032826828 9.710894338723208e-05 -0.0086899673021274 0.20400291389261294 0.06572798688821319 0.2145061133598901 2.0852823495360586
27.98600000001122 3.9574372824643604 1.5372361373037913 9.727326581603858e-05 -0.008156491600771077 0.20436946001793577 0.06607669991572061 0.21494077048109855 2.0876518022157113
27.98700000001122 3.961477129691467 1.5512233160159519 9.742876147034719e-05 -0.007636775074882676 0.20473539179713368 0.0664162436644042 0.21537413588998958 2.090188230981522
27.988000000011223 3.9655808081367647 1.5648805692137309 9.757546549373086e-05 -0.007130884627344444 0.20510046167613086 0.06674655871087196 0.215805820113996 2.092888117803999
27.989000000011224 3.969744143120475 1.5782053302637906 9.771340331514292e-05 -0.006638875388369552 0.2054644350830549 0.0670675995201051 0.21623545420631277 2.095747862765486
27.990000000011225 3.973962605411676 1.59119497923882 9.784263384120618e-05 -0.006160795796444809 0.20582706090487102 0.06737931675249598 0.21666265652302927 2.098763284232212
27.991000000011226 3.9782320174047787 1.6038465042609746 9.796321547777782e-05 -0.005696714312571622 0.20618810021898518 0.06768164978147362 0.21708705844203469 2.1019308046746144
27.992000000011227 3.982547791927427 1.616157951809394 9.807519156632634e-05 -0.005246658310904453 0.20654730548361064 0.06797457256694689 0.2175082971788214 2.105245974667993
27.99300000001123 3.9869061615236747 1.6281273203016033 9.817862822305594e-05 -0.004810668533089774 0.20690446836388415 0.06825805838985466 0.21792605189795367 2.108704569630609
27.99400000001123 3.991301944025998 1.639752103553459 9.827360976885033e-05 -0.004388774876193599 0.20725930905047096 0.06853205654456321 0.218339930629328 2.1123017392161145
27.99500000001123 3.995731213951941 1.651030371809317 9.836020023622249e-05 -0.003981012537282618 0.20761161263052508 0.06879654142869203 0.21874961547947677 2.1160331207748344
27.996000000011232 4.000189884525302 1.6619599433095935 9.843846969198945e-05 -0.0035874214065719397 0.20796115392414843 0.06905147776698431 0.21915478027096744 2.1198942670677643
27.997000000011234 4.004673620367524 1.6725392529061953 9.850850341186037e-05 -0.0032080146842049188 0.208307703374709 0.06929684831424995 0.21955510431267133 2.123880077163785
27.998000000011235 4.009177994935467 1.6827669333178752 9.85704119126862e-05 -0.002842793646591339 0.20865103020618286 0.0695326391470782 0.21995027117186358 2.1279853616138644
27.999000000011236 4.013699152869595 1.6926413297252663 9.862425226770928e-05 -0.0024917856725223913 0.20899092548697598 0.06975883336520143 0.22033998902653706 2.132205187176591
