#time drag lift perp forcex forcey forcez forces dp
26.000000000008793 4.313955120858372 -1.8430911117513447 5.601773235314901e-05 -0.14890939017136168 0.18073767228093815 -0.022778784443262874 0.23528490322043882 2.6056001590729494
26.001000000008794 4.317555368323051 -1.8385933648296522 5.605230684830048e-05 -0.14877762281228454 0.18096838332753865 -0.022676991046294677 0.23536903521230465 2.6091225463263967
26.002000000008795 4.321010160639325 -1.8337186334357831 5.609098614863085e-05 -0.14862883188623363 0.18119658647396425 -0.022564939925063175 0.23543982061559768 2.6124958170998873
26.003000000008797 4.324318462953133 -1.828468091067563 5.613369909844074e-05 -0.1484630698863301 0.18142220944553955 -0.022442637446448865 0.23549728910483725 2.615719451377826
26.004000000008798 4.327478466942736 -1.8228448179747025 5.618045227289456e-05 -0.1482804290362892 0.18164512714513806 -0.02231016327439788 0.23554146394231668 2.618792877489599
26.0050000000088 4.3304888175432525 -1.8168509986960955 5.623121209793075e-05 -0.1480809853197884 0.18186524337291443 -0.022167561381977657 0.2355723789793543 2.621715758147265
26.0060000000088 4.333347659802122 -1.8104892248973312 5.6286019130634125e-05 -0.14786480403130633 0.18208243900629456 -0.02201490393593832 0.23559004830638794 2.624487287080097
26.0070000000088 4.336054105870511 -1.8037623717794684 5.6344866364209385e-05 -0.14763198885834994 0.18229663389120035 -0.02185225989696004 0.23559454179784933 2.6271075380546556
26.008000000008803 4.338605603901776 -1.7966725786042717 5.6407775130620995e-05 -0.14738258281850125 0.1825076793110052 -0.021679683780509187 0.2355858387394369 2.6295754947402514
26.009000000008804 4.341000380745877 -1.7892228853016612 5.6474767898401335e-05 -0.14711667378991833 0.18271545354291202 -0.02149725661396693 0.23556397159227901 2.6318908768310387
26.010000000008805 4.343238476790847 -1.7814158778909999 5.654582022438474e-05 -0.1468343701161726 0.18291992410957886 -0.02130503893548118 0.23552905461473245 2.6340541222536684
26.011000000008806 4.34531817080218 -1.77325463072915 5.662099940332828e-05 -0.1465357509102016 0.18312097486553292 -0.021103122769130612 0.2354811234921576 2.6360649026812677
26.012000000008808 4.347238128883904 -1.7647418680741889 5.6700343118709995e-05 -0.14622089516058762 0.18331851020861956 -0.020891584256585202 0.23542022992814637 2.637923132661627
26.01300000000881 4.348997772225503 -1.7558805923524727 5.678381632498408e-05 -0.14588991943483526 0.1835124626067948 -0.02067049360128807 0.23534647188864732 2.639629243080462
26.01400000000881 4.350595734626524 -1.746674994674347 5.6871539465232385e-05 -0.14554293608753952 0.18370272451952427 -0.020439987951125043 0.2352599208286868 2.641183251299317
26.01500000000881 4.352030664833063 -1.7371270912622552 5.69634690807822e-05 -0.14518001734675495 0.18388920194472408 -0.02020010480489966 0.23516062651473035 2.642584812209944
26.016000000008813 4.353301980955338 -1.7272403014674311 5.705960465651004e-05 -0.14480128714750898 0.18407182516311418 -0.01995093391551762 0.23504869568358974 2.6438345656068503
26.017000000008814 4.354408639911507 -1.7170181104013227 5.716003190207418e-05 -0.1444068447560203 0.18425050789101652 -0.019692585045469738 0.23492420985556162 2.64493265826358
26.018000000008815 4.355350218998374 -1.7064640811583995 5.726476284691756e-05 -0.14399681809475556 0.18442518776759867 -0.019425155386331515 0.23478728706280347 2.6458796108205487
26.019000000008816 4.356125856472547 -1.6955818329934789 5.737381933789768e-05 -0.1435713297682289 0.18459578109331334 -0.019148744405995656 0.234638026630796 2.646675770101478
26.020000000008817 4.356737880600896 -1.684378280930314 5.7487270459795226e-05 -0.14313065331630054 0.18476232485748115 -0.018863567444475694 0.23447672545953188 2.647323921211574
26.02100000000882 4.357181039209301 -1.672850867969201 5.7605080403322e-05 -0.14267463945280784 0.1849245893451789 -0.01856952083942012 0.2343031873271839 2.6478208607625664
26.02200000000882 4.357456937168448 -1.6610056567401275 5.772727234593554e-05 -0.14220353131241928 0.1850825831392661 -0.01826678332909518 0.23411766757854408 2.648168744735334
26.02300000000882 4.357567276903338 -1.6488465421716472 5.7853867846648836e-05 -0.14171749713290527 0.18523634335823333 -0.01795546774231892 0.2339203939723721 2.648369358287379
26.024000000008822 4.357508661994591 -1.6363767607297937 5.7984870607789466e-05 -0.14121661307203978 0.18538566806590698 -0.017635654841388394 0.23371134772078447 2.648421529696974
26.025000000008824 4.357282184596448 -1.623600259186318 5.812027978539607e-05 -0.14070104588819132 0.1855305630319496 -0.017307453126863836 0.2334907322930007 2.6483267638792594
26.026000000008825 4.356887895028216 -1.6105208683955738 5.826010130253375e-05 -0.14017094059873975 0.18567098606110238 -0.01697096845912144 0.23325870063875 2.6480859224645297
26.027000000008826 4.356324768703708 -1.5971408355624115 5.840425659482696e-05 -0.13962639090469856 0.1858068545185888 -0.016626238377065023 0.23301533860614132 2.6476991471361093
26.028000000008827 4.355595257208868 -1.5834664480161498 5.8552809827419416e-05 -0.13906765042721736 0.185938218986532 -0.01627345889419918 0.23276094633681885 2.647168803242197
26.02900000000883 4.354699418492066 -1.569500445620774 5.8705759378599974e-05 -0.13849483146169095 0.18606504836258192 -0.015912695571624003 0.23249566543083616 2.6464953702512855
26.03000000000883 4.353636923580716 -1.555247548360059 5.886304337214481e-05 -0.13790811542413045 0.18618726917950723 -0.01554407426417267 0.23221964979107104 2.645679933687166
26.03100000000883 4.35240891286137 -1.540711244739942 5.902465633703973e-05 -0.13730765624031047 0.18630489438996892 -0.015167685817968325 0.23193310421097144 2.644723670368863
26.032000000008832 4.3510161060791805 -1.525895567160191 5.919054575318143e-05 -0.13669362966442528 0.18641790813874878 -0.01478363086562099 0.23163622473014225 2.6436278403230946
26.033000000008833 4.349459643431231 -1.510804545785875 5.936068636450204e-05 -0.13606620951367102 0.18652631701066277 -0.014392017409100899 0.23132922529175673 2.6423937228608523
26.034000000008835 4.347740303791844 -1.495442255263568 5.95350720146275e-05 -0.13542556272097714 0.1866301109480959 -0.013992957408122123 0.23101230315248888 2.6410225222462156
26.035000000008836 4.345859501104778 -1.479812587915551 5.971362132250743e-05 -0.13477187654068545 0.18672930726136275 -0.013586542165116976 0.23068568881621304 2.6395156969425697
26.036000000008837 4.343818822073853 -1.4639184201979272 5.989612406708993e-05 -0.13410533392537882 0.18682393383298718 -0.013172805588375757 0.2303496161211016 2.6378746881219413
26.037000000008838 4.341622436522431 -1.44776458793545 6.008266819304726e-05 -0.13342615404541375 0.1869141427204825 -0.012751908322976619 0.23000444886601865 2.636102286357289
26.03800000000884 4.339266778255935 -1.4313558349798894 6.0273300688284314e-05 -0.13273445410323237 0.1869997111987632 -0.012323987755560466 0.2296501860846256 2.6341974960024634
26.03900000000884 4.336755415653756 -1.4146956807491686 6.0467931394882134e-05 -0.13203043888822977 0.1870807644646626 -0.011889126829980128 0.22928715743032904 2.632162719837086
26.040000000008842 4.334090136521061 -1.3977880077834637 6.066648720438619e-05 -0.13131429805105188 0.18715733902624151 -0.011447419634176854 0.2289156129238566 2.629999493022318
26.041000000008843 4.331272524574378 -1.3806367740745569 6.086892967548311e-05 -0.13058621243990215 0.18722946358869216 -0.010998970282924823 0.22853579208166347 2.6277092822139423
26.042000000008844 4.328305199860148 -1.36324459193172 6.107491318848271e-05 -0.1298464037617814 0.1872972085973842 -0.010543775319160715 0.2281479873157345 2.6252937635531914
26.043000000008846 4.325189429841403 -1.3456171292656747 6.128482564289505e-05 -0.12909500523604037 0.18736060037945546 -0.010082085735555482 0.22775241690094616 2.6227543353456646
26.044000000008847 4.321928293738538 -1.3277570867210513 6.149842683399453e-05 -0.12833222207868314 0.1874197386542217 -0.00961392547095062 0.22734939019894074 2.620092858242673
26.045000000008848 4.318522692920485 -1.309669150248972 6.171572396963511e-05 -0.12755824063373758 0.187474614755388 -0.009139430062347199 0.2269391220418379 2.6173103616762807
26.04600000000885 4.314975357907605 -1.2913568166065437 6.193664842252772e-05 -0.12677324794496517 0.18752531573960524 -0.008658685417048596 0.22652190461610033 2.614408619109562
26.04700000000885 4.311290385873743 -1.2728235804254715 6.216106799231468e-05 -0.125977465366486 0.1875719901037577 -0.008171765717626482 0.22609810040465206 2.6113901020057764
26.04800000000885 4.30746746442775 -1.2540735119795614 6.238906810264504e-05 -0.12517102036146488 0.1876145835271056 -0.007678804515469424 0.2256678540004454 2.608255005553098
26.049000000008853 4.303510415515114 -1.2351104676512576 6.262056415315447e-05 -0.12435413284733987 0.18765323053857172 -0.0071798957819363685 0.22523151686923318 2.6050056231892236
26.050000000008854 4.299423741645669 -1.2159364489845401 6.285531820531195e-05 -0.12352700050002569 0.1876881086320689 -0.006675047587905333 0.2247894620188354 2.601644343533156
26.051000000008855 4.295206419041332 -1.1965572069780293 6.309361843429467e-05 -0.12268975299262024 0.18771912518100176 -0.0061644874342922555 0.22434180696748948 2.598171116963808
26.052000000008857 4.290863096661603 -1.176973528806393 6.33348836913347e-05 -0.1218426275739679 0.1877464537458284 -0.005648113600385375 0.22388894116393063 2.5945884220758173
26.053000000008858 4.286396149430146 -1.157191937786269 6.357964034974874e-05 -0.12098577496374972 0.1877701736154317 -0.005126230157510016 0.22343113945637974 2.590897707641809
26.05400000000886 4.281807425274698 -1.137214569571705 6.382773859876662e-05 -0.12011933788026732 0.187790339757536 -0.004598866855519617 0.2229686449153769 2.5870999664703724
26.05500000000886 4.2771009960703825 -1.1170457972038472 6.407906280753525e-05 -0.11924356537524491 0.18780709134801996 -0.004066128104093154 0.2225018310975501 2.5831975760997876
26.05600000000886 4.2722797509902435 -1.0966888685642682 6.433360357195798e-05 -0.11835862293496216 0.18782053102742371 -0.0035281070719103517 0.22203099566951198 2.5791920202360896
26.057000000008863 4.267346826072294 -1.0761471454799794 6.459129267196783e-05 -0.11746469724752144 0.1878307679995456 -0.00298488877118242 0.22155645345538308 2.575084981241151
26.058000000008864 4.2623053012326935 -1.0554243111602866 6.48521429590278e-05 -0.11656196736901588 0.18783791082872955 -0.002436584170310516 0.22107851529231937 2.5708780703725482
26.059000000008865 4.257158449752425 -1.0345236300790464 6.511609527777924e-05 -0.11565061608804032 0.18784207721761323 -0.0018832779316310805 0.22059750159677427 2.5665729837684923
26.060000000008866 4.251912273811845 -1.0134465655473086 6.538288970123973e-05 -0.11473084766586059 0.18784352190814588 -0.001324960236249841 0.2201138606462815 2.5621725450585404
26.061000000008868 4.246565584976342 -0.9922003387404748 6.565289522821301e-05 -0.1138028241830165 0.18784213427672786 -0.0007619198401601431 0.21962770937090262 2.557676426698282
26.06200000000887 4.24112405779412 -0.9707856060308416 6.592561224118272e-05 -0.11286677253561808 0.18783814538794538 -0.00019407202058846273 0.21913948724348842 2.5530873525875757
26.06300000000887 4.235590785512081 -0.9492075684716019 6.620132868075778e-05 -0.11192286100400668 0.1878316676306106 0.00037836652582019434 0.21864950341001516 2.5484068446588752
26.06400000000887 4.2299694890062085 -0.9274693961416889 6.647994920471155e-05 -0.11097128454459747 0.18782283887183665 0.0009553214251622227 0.21815810192238863 2.5436366918522255
26.065000000008872 4.2242639466772 -0.9055744645358387 6.676137047640149e-05 -0.1100122474662248 0.18781179708760679 0.0015367128297797414 0.21766563165591274 2.5387787342866206
26.066000000008874 4.218477948476657 -0.883526405726346 6.704558738637114e-05 -0.109045940881371 0.1877986848424117 0.002122432892555165 0.21717243833559158 2.533834753648392
26.067000000008875 4.2126153852076715 -0.8613284861196245 6.733250906829269e-05 -0.10807256346049988 0.18778364783548565 0.0027124014323370114 0.2166788741175651 2.52880656009658
26.068000000008876 4.206680376293132 -0.8389842338489224 6.76220629927118e-05 -0.10709232301821617 0.18776684091449927 0.0033065272080019976 0.2161853031975719 2.5236961727492906
26.069000000008877 4.200676757148173 -0.8164971808931041 6.79142086637189e-05 -0.10610541555175423 0.18774840780758595 0.0039047117623899237 0.21569207360874762 2.518505267944239
26.07000000000888 4.194608711056914 -0.7938706934154915 6.820886068034874e-05 -0.10511204687785093 0.18772850742175876 0.004506870949751883 0.2151995510762292 2.513235823121045
26.07100000000888 4.188482321159517 -0.7711063605058748 6.850558839992543e-05 -0.10411246581057952 0.18770738556670455 0.005113043767026871 0.21470820047219924 2.507890727477387
26.07200000000888 4.1822989207610215 -0.7482105918991686 6.880484606074748e-05 -0.10310682093184456 0.187685068751567 0.0057229433382217 0.21421823833512493 2.502470457692673
26.073000000008882 4.17606382146751 -0.7251858834369468 6.910637975343199e-05 -0.10209534162724826 0.18766176817828922 0.006336544854290587 0.21373008636707405 2.496977487028825
26.074000000008883 4.169781596478385 -0.7020355234273714 6.941008340381149e-05 -0.10107824032043998 0.1876376612898417 0.006953768610543008 0.21324412652752464 2.4914139385441088
26.075000000008885 4.163456422726522 -0.6787629898288576 6.97158883524616e-05 -0.10005572267055794 0.18761290691537041 0.007574522557398863 0.21276071975892447 2.4857816663035495
26.076000000008886 4.157093035892125 -0.6553717748325782 7.002375308580981e-05 -0.09902799543240137 0.1875876926940601 0.008198706458270387 0.21228025135944634 2.4800828356630906
26.077000000008887 4.1506961086632925 -0.6318646336623063 7.033342383170388e-05 -0.09799528842402701 0.18756219634407187 0.008826287842719053 0.21180311000503022 2.474319602768714
26.07800000000889 4.144270105186407 -0.6082455614407796 7.06450107712342e-05 -0.09695778656001391 0.18753659778369006 0.009457118576737996 0.21132965947702 2.46849397495892
26.07900000000889 4.137819811264196 -0.5845180202191077 7.095839299057135e-05 -0.09591571453630338 0.18751108191852392 0.010091115307424323 0.21086028726484454 2.462608109029255
26.08000000000889 4.1313497817554925 -0.5606852158053327 7.127346267960621e-05 -0.09486928276601285 0.18748582608750455 0.010728200914694484 0.21039536613508805 2.456664158826168
26.081000000008892 4.12486485613759 -0.5367505463294803 7.159018686629693e-05 -0.09381869378380231 0.18746102464030395 0.011368274872321104 0.20993527749300295 2.4506643203404095
26.082000000008893 4.118369894849399 -0.5127172137595489 7.190846862747345e-05 -0.09276415853623202 0.1874368707265016 0.012011255865602576 0.20948040453500041 2.444610840463419
26.083000000008894 4.111869472597182 -0.48858877920743815 7.222823780880943e-05 -0.09170588796627802 0.1874135424121514 0.012657043811319086 0.2090311137730373 2.4385057429795456
26.084000000008896 4.10536858918726 -0.46436899628269934 7.254951875920512e-05 -0.09064408689713072 0.18739124147071337 0.013305514328705668 0.2085877862697171 2.4323516547268973
26.085000000008897 4.098871783929239 -0.44006048999760294 7.28721980427951e-05 -0.08957894391682986 0.18737015132001242 0.013956607125957412 0.2081507811212997 2.426150381923679
26.086000000008898 4.092383721465931 -0.4156669529295998 7.319623154543073e-05 -0.08851067358047164 0.18735045328356834 0.01461021477674427 0.20772046133939218 2.419904376477753
26.0870000000089 4.085909096744502 -0.3911917269676952 7.352163676755606e-05 -0.08743946234997874 0.18733233910610453 0.01526622642494428 0.2072971840625809 2.413615964235541
26.0880000000089 4.079453745954826 -0.36663830670121883 7.384828509686758e-05 -0.08636554971507387 0.18731604363291515 0.015924553107931005 0.2068813664194105 2.407288100749758
26.0890000000089 4.0730209064672716 -0.34201060437862996 7.417625294813155e-05 -0.08528911037618075 0.1873016861568781 0.016585057879948368 0.20647328672458148 2.400922289447726
26.090000000008903 4.06661618590523 -0.31731170117241364 7.450549335618477e-05 -0.08421034695960372 0.18728950088961288 0.01724764699528664 0.20607333890004104 2.3945214673665145
26.091000000008904 4.060244208268867 -0.2925450011955894 7.483589138485587e-05 -0.08312947865282505 0.18727966593031237 0.0179122357422398 0.20568187008422853 2.3880880623431304
26.092000000008905 4.053909256056812 -0.26771396609795595 7.516750913328575e-05 -0.08204667755498982 0.18727235523799174 0.01857869725393714 0.20529919709012623 2.3816244315362223
26.093000000008907 4.04761661604859 -0.242822486804586 7.550034828773186e-05 -0.08096216041331893 0.18726778211221584 0.01924690349106375 0.20492568635975006 2.375133476692633
26.094000000008908 4.041370615648361 -0.217873828378351 7.583439647272186e-05 -0.0798761114438662 0.18726611934656268 0.01991675029806902 0.20456165226393147 2.3686176693080827
26.09500000000891 4.035176141111942 -0.19287189525118556 7.616960575827729e-05 -0.07878875369530385 0.1872675571439675 0.02058812021942607 0.2042074346386486 2.362079934595496
26.09600000000891 4.029037724369778 -0.16782015009181872 7.650595212343612e-05 -0.07770028331259025 0.18727227531950855 0.021260903926432196 0.20386334924642924 2.3555230145197745
26.09700000000891 4.022959976234829 -0.14272264725267786 7.684348847555622e-05 -0.07661090093937825 0.18728045634139207 0.02193495776512182 0.20352970751794677 2.3489497642481254
26.098000000008913 4.016947274049272 -0.1175831015649293 7.718218567294096e-05 -0.075520809758629 0.18729226952531536 0.022610164886051422 0.2032068071859721 2.3423630730900706
26.099000000008914 4.01100433498295 -0.09240531714225356 7.752202395661529e-05 -0.07443021922780296 0.187307900157995 0.02328640324930499 0.20289495699052126 2.335766136399626
26.100000000008915 4.005135137166882 -0.06719335064121901 7.786299953296335e-05 -0.07333933501305233 0.18732749567641707 0.023963542286628402 0.20259442256754703 2.3291617976770285
26.101000000008916 3.9993436118607884 -0.0419502201246821 7.82050778566765e-05 -0.07224832770915035 0.18735121203767288 0.024641485432090854 0.2023054628848509 2.3225528139453133
26.102000000008918 3.9936351519409126 -0.016681164444677807 7.85481964194967e-05 -0.071157477918412 0.18737924810246936 0.02532007478454963 0.202028402632529 2.3159432939714018
26.10300000000892 3.988013769347243 0.008610177016260587 7.889232067892692e-05 -0.07006698097954446 0.18741175613570554 0.02599919578612134 0.2017634911052594 2.3093363746939524
26.10400000000892 3.9824834700662164 0.03391958191124668 7.923744694236417e-05 -0.06897704538897724 0.18744888400551982 0.026678708867491737 0.20151096846659297 2.3027354190119564
26.10500000000892 3.9770482572980526 0.05924266954538813 7.95835567089819e-05 -0.06788788862944015 0.1874907766738058 0.027358472494686963 0.20127106790980348 2.296143889645461
26.106000000008923 3.971712321353131 0.0845752590569755 7.993058664888946e-05 -0.06679973298417291 0.18753758737057524 0.02803835961120165 0.2010440265544341 2.2895653862837833
26.107000000008924 3.966479528592563 0.10991273133219476 8.027846547689689e-05 -0.06571281344156775 0.18758944833087116 0.028718231128576955 0.20083005695025144 2.2830037041116027
26.108000000008925 3.961352250898344 0.13525028076763013 8.062727985928993e-05 -0.06462731582066329 0.18764642833163567 0.02939791342933349 0.20062928333072924 2.2764617690019198
26.109000000008926 3.956336130931339 0.16058420827253367 8.097684078507784e-05 -0.06354349266425305 0.1877087473520859 0.030077315809503635 0.20044199714322797 2.269944405035739
26.110000000008927 3.9514342231341115 0.18590982360546807 8.132708162216769e-05 -0.062461568238652745 0.1877764980895662 0.030756296504517912 0.20026834626641962 2.263455278403955
26.11100000000893 3.9466500413796446 0.21122246597186534 8.167793540039795e-05 -0.061381770778453686 0.18784979611076327 0.03143471253886867 0.2001084926612443 2.2569983410031447
26.11200000000893 3.941987466041657 0.23651745169219524 8.202935885730452e-05 -0.06030432837365635 0.18792877577340217 0.03211241448498507 0.19996260637514937 2.250577924388344
26.11300000000893 3.9374490558380595 0.2617900237168588 8.238128160170815e-05 -0.05922946016133311 0.18801350555513419 0.03278925845006516 0.19983078514542896 2.24419766294301
26.114000000008932 3.9330381572697855 0.28703532447722235 8.273359254097905e-05 -0.058157406490161254 0.18810408793866518 0.03346510251649858 0.19971315659049277 2.2378619163320734
26.115000000008934 3.92875945687814 0.3122497552726301 8.3086106691169e-05 -0.057088384308524344 0.18820070377860115 0.03413984395837076 0.19960991325888716 2.231574668764445
26.116000000008935 3.9246138204661776 0.3374264735889123 8.34388378690124e-05 -0.05602266782716445 0.18830331432136038 0.03481328163386707 0.19952103165581517 2.225340911948715
26.117000000008936 3.920604392193127 0.362561285424253 8.37917678384802e-05 -0.05496043664398311 0.18841203008633362 0.035485262657268424 0.19944660073113832 2.2191643210322005
26.118000000008937 3.9167340505405956 0.3876492215264381 8.414473533118342e-05 -0.05390193891064042 0.18852692661638282 0.036155651804838436 0.19938669021571656 2.213049549556515
26.11900000000894 3.9130051660889236 0.4126850781721026 8.449767060970758e-05 -0.052847402611108596 0.18864805876495946 0.036824288020892 0.1993413309546563 2.2070009139726965
26.12000000000894 3.9094202189257716 0.43766375548581526 8.485049327607738e-05 -0.051797054485698935 0.18877548744728853 0.037491014034007814 0.19931055076852813 2.201022857624005
26.12100000000894 3.9059813619144435 0.46257995676905506 8.52031529118665e-05 -0.050751116104048706 0.1889092578118264 0.038155660382037306 0.1992943498747797 2.1951198657692013
26.122000000008942 3.9026907234954757 0.48742861387362635 8.555546191094179e-05 -0.04970983186105185 0.189049406900708 0.03881809286236428 0.1992927243193656 2.189296377200357
26.123000000008943 3.89955033976215 0.512204459429055 8.590734893562566e-05 -0.04867342386508481 0.18919597345519207 0.039478145979324836 0.19930565113004906 2.1835568953845677
26.124000000008945 3.896561071170574 0.5369021016239856 8.625879642609315e-05 -0.04764209398986664 0.18934894075438627 0.040135646587449836 0.1993330394378715 2.177905296496986
26.125000000008946 3.8937262124919236 0.5615162268079436 8.660955461415291e-05 -0.04661611581026739 0.18950839774264772 0.04079045324019163 0.19937491352665732 2.1723472012224825
26.126000000008947 3.891047238167756 0.5860420701884488 8.695957539820072e-05 -0.04559568183530934 0.18967436289788187 0.04144241451758724 0.19943120082823465 2.1668863614761396
26.127000000008948 3.888524355098399 0.6104738988129745 8.730883530122367e-05 -0.04458099336745599 0.18984678486850454 0.04209134225215885 0.19950174883224903 2.161527179226579
26.12800000000895 3.886159597171056 0.6348056229443797 8.765712149255341e-05 -0.04357233281442531 0.19002568322374622 0.042737075554349635 0.1995864877652813 2.156274615227697
26.12900000000895 3.883954132549859 0.6590318157308441 8.800437982557619e-05 -0.04256990800505897 0.19021105529674384 0.043379438525452924 0.1996852981855291 2.151133054021544
26.130000000008952 3.881908338399658 0.6831470443722293 8.835046824486949e-05 -0.04157393736176983 0.19040285353731315 0.0440182767879092 0.19979801699288427 2.146106527832306
26.131000000008953 3.8800221032233533 0.707144173912637 8.869547372379147e-05 -0.04058463972176334 0.19060100443694938 0.044653336555594836 0.199924426569808 2.1411989582533058
26.132000000008954 3.878297030590697 0.7310206262478602 8.903895592043395e-05 -0.03960221648467671 0.19080553019190286 0.04528460914822575 0.2000644439374971 2.1364149941637645
26.133000000008956 3.8767340488325823 0.754769524098958 8.938085795580662e-05 -0.03862692355116473 0.19101640037885148 0.04591187602007124 0.2002178932972865 2.1317591722163916
26.134000000008957 3.8753328306456787 0.778385263546933 8.972115008111915e-05 -0.037658949368083124 0.1912335393051072 0.046534955791382136 0.20038454314934503 2.1272353513623132
26.135000000008958 3.8740933620348157 0.8018627896113335 9.00595657037364e-05 -0.0366985131795603 0.19145687874079817 0.04715372478886876 0.20056418186760924 2.122846885785446
26.13600000000896 3.873016197105905 0.8251959869610965 9.039602139680969e-05 -0.035745855636489986 0.19168637311659367 0.047768004037447354 0.20075660398477638 2.118598744011266
26.13700000000896 3.872100230025235 0.8483795232606 9.07304607247157e-05 -0.03480114416471481 0.19192191258887586 0.048377621248572075 0.20096152468722878 2.1144939016773714
26.13800000000896 3.871346861231313 0.8714084237528418 9.106256360554879e-05 -0.03386463924271831 0.1921634905790218 0.04898247628395378 0.20117878587331556 2.1105368110173077
26.139000000008963 3.870756529897579 0.8942760887840867 9.139229597659968e-05 -0.03293657550271278 0.19241105736733924 0.04958235587945614 0.2014081503257017 2.1067317044666174
26.140000000008964 3.8703236947561397 0.9169802546353272 9.171940742815216e-05 -0.03201699805865507 0.1926643076399892 0.05017723548386549 0.20164914719355403 2.1030793167442825
26.141000000008965 3.8700517503761884 0.9395113268233501 9.204382848798861e-05 -0.031106297698206026 0.1929232987222347 0.05076681392708504 0.20190163531448999 2.0995857879190716
26.142000000008967 3.869938665924624 0.9618651527744436 9.236534072091325e-05 -0.030204631353117944 0.19318787558085573 0.051350998437687354 0.20216527908414272 2.0962536535696423
26.143000000008968 3.8699834381053138 0.9840360418053441 9.268384426265285e-05 -0.029312197815530225 0.19345792400810635 0.05192962335785753 0.202439766558826 2.093085974697608
26.14400000000897 3.8701852804646233 1.0060181180332917 9.299915283014158e-05 -0.028429225073823186 0.193733332154793 0.0525025347787912 0.20272479124245169 2.090086074637431
26.14500000000897 3.8705441650950076 1.0278055038285763 9.331110376124482e-05 -0.027555945689518142 0.1940140265605717 0.05306957152264495 0.20302007798906743 2.087257642174349
26.14600000000897 3.871056265571569 1.0493940995132263 9.36195454827455e-05 -0.02669247917387884 0.1942997695421357 0.053630638112321896 0.20332519330596943 2.084601724009999
26.147000000008973 3.871720755450177 1.0707779111005813 9.392434964111928e-05 -0.02583904499700359 0.19459044984763393 0.05418556644140584 0.2036398169043513 2.082121470745181
26.148000000008974 3.872536045372601 1.0919514111694935 9.422543329422447e-05 -0.02499582540991862 0.19488592755023434 0.0547341959449453 0.2039635954055968 2.079819243724104
26.149000000008975 3.8735004261626917 1.1129096201862707 9.452251545713966e-05 -0.024163034247913148 0.19518604736167114 0.05527643140518602 0.2042961800368049 2.0776972353627796
26.150000000008976 3.874612497771575 1.1336465772289874 9.481550349624149e-05 -0.023340875689937597 0.19549067252727317 0.05581210276082584 0.20463721640435706 2.0757578054197614
26.151000000008978 3.8758687243263763 1.154156086501021 9.510445484880515e-05 -0.022529485494125607 0.1957995751904244 0.05634099280854092 0.2049862405919791 2.0740020186570156
26.15200000000898 3.8772675807650354 1.174435472451353 9.53890981513225e-05 -0.02172901421691712 0.19611262917672997 0.056863092650222845 0.2053429440891418 2.072431892740014
26.15300000000898 3.87880714257709 1.1944781600252714 9.566928850038884e-05 -0.02093968771880573 0.19642966394891304 0.0573782213887318 0.2057069364182412 2.0710490271710547
26.15400000000898 3.880484567803391 1.2142795238552626 9.594494162777384e-05 -0.02016164951820547 0.1967504860659129 0.05788625988772933 0.20607781288207053 2.0698544256548588
26.155000000008982 3.8822987869691854 1.233834929766294 9.621587472044633e-05 -0.01939508559344096 0.19707498253255684 0.05838710139759293 0.20645525349333518 2.0688495073558935
26.156000000008984 3.884245734436983 1.2531392824626095 9.64821223595346e-05 -0.018640108815356448 0.19740290498114849 0.05888058763414863 0.20683878783194248 2.0680347207411613
26.157000000008985 3.88632191970604 1.2721879535865823 9.67435627527663e-05 -0.017896860291695463 0.1977340267270359 0.059366606814103225 0.2072279830008702 2.0674102784853767
26.158000000008986 3.888525069775822 1.290976013709135 9.700010926783146e-05 -0.01716550549365712 0.19806817795896642 0.05984503373344831 0.20762245967475468 2.0669768807684745
26.159000000008987 3.8908522664669003 1.3094989282617924 9.725166455589116e-05 -0.016446183833796996 0.1984051626240839 0.06031575350499523 0.20802181529700092 2.066734541077969
26.16000000000899 3.893300108779579 1.3277521625433795 9.749813821518228e-05 -0.0157390329273519 0.19874476037702643 0.06077865705302886 0.2084256272342238 2.066683011437867
26.16100000000899 3.8958655428659448 1.3457311898186244 9.773948806962471e-05 -0.01504418210074941 0.19908677136024402 0.06123362339199532 0.20883349008106747 2.0668220775933444
26.16200000000899 3.898544897468649 1.3634320599945815 9.7975674836772e-05 -0.014361731785587042 0.1994309723342932 0.06168055051152564 0.2092449817259368 2.0671508817331365
26.163000000008992 3.9013357105696285 1.3808490410927818 9.820668265351709e-05 -0.013691860298882131 0.1997771794655393 0.06211927805080185 0.209659708049027 2.0676694212422455
26.164000000008993 3.904233623913638 1.3979799373781663 9.843229584108188e-05 -0.013034639148510165 0.20012514313236926 0.0625497997203135 0.21007725287744622 2.0683758405154373
26.165000000008995 3.9072355808679653 1.41482010803931 9.865254999500192e-05 -0.012390188242500115 0.20047466620198123 0.06297197943602187 0.21049721790933756 2.0692691865734054
26.166000000008996 3.9103376483973125 1.4313656999720312 9.886732246040677e-05 -0.011758625437500808 0.20082550693288723 0.06338574219444808 0.21091918314978278 2.070347812027642
26.167000000008997 3.913536468170487 1.447612768520517 9.907660174216033e-05 -0.011140053860882005 0.2011774579252715 0.06379098599596757 0.21134275542737554 2.0716102336007873
26.168000000009 3.916827202619808 1.463561358910419 9.928016944259083e-05 -0.010534448226923607 0.20153027440950308 0.06418776366849932 0.21176754970433612 2.0730523360515374
26.169000000009 3.920207581585075 1.4792027753202315 9.9478188699346e-05 -0.009942083179352622 0.20188375289621951 0.06457581635184569 0.21219314493855423 2.0746749899377313
26.170000000009 3.9236735310634376 1.4945351389374053 9.96705249590665e-05 -0.009363001382941785 0.20223766768169532 0.06495512747727998 0.21261916331746414 2.0764750362865554
26.171000000009002 3.927221452945046 1.5095547376087628 9.985711782453357e-05 -0.00879731284771292 0.20259179723616738 0.06532562045684896 0.2130452198684429 2.0784501828314355
26.172000000009003 3.930847258033455 1.524258936949907 0.00010003792790834255 -0.008245074392675964 0.202945910490131 0.06568724457045126 0.2134709299545662 2.0805974294447167
26.173000000009004 3.9345468259308354 1.5386443894691884 0.00010021294190317511 -0.0077063646980924565 0.20329976829669 0.06603992573096207 0.21389589906517337 2.082913684792245
26.174000000009006 3.9383166990265583 1.5527082231003422 0.00010038205311925514 -0.007181278125245957 0.20365316154434793 0.0663836247795273 0.21431977650555134 2.0853958909164816
26.175000000009007 3.9421530120917776 1.56644700520183 0.0001005452812373469 -0.006669890984145824 0.2040058649856536 0.06671825583473853 0.21474218508694268 2.0880410089759125
26.176000000009008 3.9460516534490635 1.579858947339151 0.00010070237188526458 -0.006172287392359965 0.20435763897855722 0.06704384809172978 0.21516277398167916 2.090845320006219
26.17700000000901 3.9500090966181927 1.592940352721114 0.00010085345745374028 -0.0056885365216114295 0.20470827833343433 0.06736028920372288 0.21558118477178315 2.0938053597319994
26.17800000000901 3.954021407047748 1.6056888820753907 0.0001009984570267991 -0.005218700063184202 0.20505755918066976 0.06766755071969371 0.21599707134099222 2.0969174381014466
26.17900000000901 3.958084820049849 1.6181019735533317 0.00010113733909648248 -0.0047628434859762125 0.20540526542175425 0.06796559179754058 0.21641009544252582 2.1001775483346856
26.180000000009013 3.9621956331877026 1.6301772800352725 0.00010127004063911574 -0.004321030026581743 0.2057511848878458 0.06825438147700123 0.21681992983591508 2.10358191777516
26.181000000009014 3.9663499146811714 1.6419125579258333 0.00010139648661965092 -0.0038933213767689185 0.2060950942245914 0.06853389802128113 0.2172262437938321 2.1071263127554034
26.182000000009015 3.970544068778554 1.6533054580038467 0.0001015167872439337 -0.0034797485450896054 0.2064367967664517 0.06880408125960683 0.21762872353416246 2.1108062090263306
26.183000000009017 3.9747738378741952 1.6643536621884645 0.00010163084783204719 -0.0030803767876059138 0.2067760509867287 0.06906491268056608 0.21802703077002644 2.1146170822272747
26.184000000009018 3.97903574420378 1.6750577394347288 0.00010173865762458496 -0.0026951530810231613 0.20711269295041923 0.06931643597898962 0.2184209232837691 2.118554466415799
26.18500000000902 3.9833259340850806 1.685412391791078 0.00010184026252843673 -0.0023242326255165256 0.2074464738708509 0.06955852265065772 0.2188100309677077 2.122613535832369
26.18600000000902 3.9876397437667648 1.6954168419191622 0.0001019357892148247 -0.001967564364285641 0.20777716685994632 0.06979115077005961 0.21919403984525396 2.126789176139866
26.18700000000902 3.9919741874834704 1.705070458656325 0.00010202502649433353 -0.0016252018566117828 0.2081046009338664 0.07001437963561657 0.21957272045196954 2.131077006192511
26.188000000009023 3.996325434670344 1.7143708210603927 0.00010210808810528962 -0.0012971729004194943 0.20842856848466826 0.07022814481218373 0.21994577318480726 2.1354720098443427
26.189000000009024 4.000689535166846 1.723316363048757 0.00010218503196328586 -0.0009834874527976515 0.20874886116466856 0.0704324210974334 0.2203129143440349 2.139969118355525
26.190000000009025 4.005062624679856 1.7319064359896943 0.0001022558213472924 -0.0006841437954400232 0.20906527877892683 0.07062722837578654 0.22067388661028461 2.1445631382174475
26.191000000009026 4.009440465666888 1.7401395405783437 0.00010232063537596943 -0.000399116850687201 0.209377608649288 0.07081251765159866 0.2210284030483704 2.1492485768001854
26.192000000009028 4.013819541836009 1.7480148196635767 0.00010237944948891101 -0.00012841605683556768 0.20968566547253187 0.070988301311744 0.22137622663346024 2.1540203602296204
26.19300000000903 4.018195234336446 1.7555322791410777 0.00010243231900138104 0.0001280156732610804 0.20998922686094346 0.07115460149671433 0.2217170924846021 2.1588727035475888
26.19400000000903 4.022564998964117 1.7626902728204052 0.00010247927473091307 0.0003701389905129656 0.21028814894296136 0.07131139385253034 0.22205079932736135 2.163800801121574
26.19500000000903 4.026923643601614 1.7694884905530701 0.00010252045694416923 0.0005980274477105575 0.21058218393904996 0.07145867346957831 0.22237705781712264 2.1687986099098233
26.196000000009033 4.03126757922695 1.775926994707144 0.00010255587358530895 0.0008117129773616211 0.21087115548432442 0.07159647361251201 0.2226956625688944 2.1738608899846614
26.197000000009034 4.035592615319837 1.7820047942042025 0.00010258566403247417 0.001011230242224865 0.2111548565550568 0.07172476756720898 0.22300636384632516 2.178981845689473
26.198000000009035 4.039895000944041 1.7877216581577295 0.00010260990353176096 0.0011966175452418338 0.21143310430164264 0.07184356750066935 0.2233089511851285 2.1841560825174593
26.199000000009036 4.044171018260813 1.7930785885636449 0.00010262863400756228 0.0013679559589534565 0.21170573066823548 0.07195292198834713 0.22360324390298605 2.189377935710679
26.200000000009037 4.048416121215234 1.7980758728412156 0.00010264201760597089 0.0015253335517183462 0.21197252671740655 0.07205284117888729 0.22388901412833007 2.1946403868092643
26.20100000000904 4.052627507854809 1.8027125821246217 0.00010265006487027948 0.0016687371232528491 0.21223334266374924 0.07214332573581417 0.22416608992003834 2.1999404725414315
26.20200000000904 4.0568013340675275 1.8069898411104028 0.00010265285563829723 0.0017982609487352409 0.21248800820535962 0.0722244216991263 0.22443429876757684 2.205271920140138
26.20300000000904 4.060935040206455 1.8109084023586703 0.00010265055089727305 0.001913978587645679 0.2127364135567219 0.07229615179772404 0.22469352133911236 2.2106324714683057
26.204000000009042 4.0650234157906535 1.8144679534135852 0.00010264312791221194 0.002015937159804567 0.21297830249608563 0.07235853732343112 0.2249435023741135 2.2160117659234326
26.205000000009044 4.069063965153011 1.8176699667695102 0.00010263064581284352 0.0021042117590733883 0.21321356862386076 0.07241164328175302 0.22518414605653891 2.221406409152458
26.206000000009045 4.073053570818067 1.820514770269746 0.00010261326842461335 0.002178876369117841 0.21344207344152852 0.07245547448385294 0.2254153100388947 2.226811916362188
26.207000000009046 4.076989198406445 1.8230034208837853 0.00010259104549750916 0.0022400048006641082 0.2136636822703962 0.07249007984806707 0.22563687291582235 2.2322229424694777
26.208000000009047 4.080867843690145 1.8251369452427713 0.00010256398252591882 0.0022876577041175843 0.21387825835338065 0.07251551818864342 0.22584871740218965 2.237634519112851
26.20900000000905 4.084686883606904 1.826916250449796 0.000102532187735996 0.002321911088411257 0.2140856893095245 0.0725318213988867 0.22605074375829146 2.2430417696358864
26.21000000000905 4.088443560981093 1.828342547336804 0.00010249569445330735 0.0023428362437779445 0.21428585447193296 0.07253904626407932 0.2262428552271515 2.248440012777618
26.21100000000905 4.09213542921416 1.8294170059495345 0.00010245461214798103 0.0023505169267021855 0.2144786530707974 0.07253723149176419 0.22642497102876255 2.253824554580391
26.212000000009052 4.095760263339971 1.8301409426876571 0.00010240896910131536 0.002345020066625417 0.21466399091568028 0.07252643688161212 0.2265970259330484 2.2591910357538745
26.213000000009053 4.099315833027349 1.8305157081461028 0.00010235880970558696 0.0023264180714022 0.21484177516769662 0.07250671955581911 0.22675895783628097 2.2645350400012116
26.214000000009055 4.102800179719712 1.8305429115938157 0.00010230422550778432 0.0022948005902886774 0.2150119324801339 0.07247813266030798 0.22691072458682082 2.2698524393589707
26.215000000009056 4.106211021595959 1.8302236069170321 0.00010224516922554258 0.0022502072256303787 0.21517435739060373 0.07244074598887448 0.22705226092343184 2.2751388269748265
26.216000000009057 4.109547136984549 1.82955988364461 0.00010218171588808483 0.0021927328094781353 0.21532901653357064 0.07239462749829507 0.22718357231346065 2.2803905646540774
26.217000000009058 4.112806679723674 1.8285534916335289 0.00010211388945261736 0.0021224545515531215 0.21547583864917272 0.07233984920768463 0.22730463180119817 2.2856036947041036
26.21800000000906 4.1159883222371265 1.8272063443176425 0.00010204167640857819 0.002039439815069868 0.2156147767337714 0.07227649485463139 0.22741544136048666 2.290774478147512
26.21900000000906 4.119090305205625 1.825519765847913 0.00010196522925048519 0.0019437814946897496 0.21574576838028317 0.07220459358602649 0.22751597349509584 2.295899404730276
26.220000000009062 4.12211098032469 1.8234957094524704 0.00010188445735096477 0.0018355320288370705 0.21586874491061048 0.07212425150708963 0.22760622105419048 2.3009746174906196
26.221000000009063 4.125049897462711 1.8211364211064562 0.00010179938020855906 0.0017147741721519933 0.2159837101957816 0.07203554460875783 0.22768623851141553 2.305996860383699
26.222000000009064 4.127905515841786 1.8184436358061622 0.00010171006712031758 0.0015815885988792503 0.21609060949488343 0.07193853678545416 0.22775602299214492 2.310963025627591
26.223000000009066 4.130676437606866 1.8154191867243197 0.00010161654187541963 0.0014360517793938123 0.21618939459231598 0.07183329938542908 0.22781558217010067 2.3158695357353265
26.224000000009067 4.133361799504749 1.8120656344936208 0.00010151878232661624 0.0012782474292190767 0.2162800475245586 0.0717199342540515 0.22786496405354006 2.320713650065582
26.225000000009068 4.1359603789423725 1.8083849373997736 0.00010141689262879624 0.0011082734309367248 0.21636253546833523 0.07159849845658874 0.22790419040799245 2.325492117943445
26.22600000000907 4.138471395184775 1.804379571584064 0.00010131082698751822 0.0009262047825636657 0.21643684200402605 0.0714690953554142 0.22793331485962348 2.330202232970495
26.22700000000907 4.140893808078786 1.8000515170490123 0.00010120062821901524 0.0007321230656203822 0.2165029389693411 0.07133179536462857 0.22795237137719515 2.3348410999386653
26.22800000000907 4.143226586071371 1.7954034237363934 0.00010108630896195438 0.0005261276776058349 0.2165608040756695 0.07118669418925856 0.22796140923811792 2.33940585689544
26.229000000009073 4.145469384209511 1.790438103035032 0.00010096788780415865 0.00030831616936338887 0.2166104503428699 0.07103388837802196 0.22796051314800658 2.343894433614758
26.230000000009074 4.147620764374182 1.7851574460183346 0.00010084537522792565 7.876510824707762e-05 0.21665182729656754 0.07087345364019622 0.22794970257882122 2.3483036578275707
26.231000000009075 4.1496805351661585 1.7795640174309186 0.00010071882403330673 -0.0001624305811453279 0.21668495470420682 0.07070547118149387 0.22792906711048266 2.352632051732257
26.232000000009077 4.151647212145344 1.7736603037410221 0.00010058827497339457 -0.00041516149349321417 0.21670978984087755 0.07053002426220199 0.227898639079679 2.3568760484725204
26.233000000009078 4.153520438689312 1.7674487384743935 0.00010045374827935126 -0.0006793441397161867 0.21672634020368411 0.07034719941281743 0.22785850107417518 2.361033787703632
26.23400000000908 4.155299481957277 1.7609320401947806 0.00010031525479848886 -0.0009548799305337724 0.21673459876783852 0.07015709257077463 0.22780872620846182 2.3651030333135035
26.23500000000908 4.156983523636211 1.7541125980428633 0.00010017281316316861 -0.001241679024767778 0.2167345511345278 0.0699597878489786 0.22774937834856956 2.3690817128745576
26.23600000000908 4.158571919105584 1.7469930732280812 0.000100026503362477 -0.0015396284307069986 0.21672619885652486 0.06975536325419682 0.22768053590333 2.3729676745466937
26.237000000009083 4.160064178098737 1.7395758081673351 9.987643056673758e-05 -0.001848622999248128 0.21670954912031193 0.0695438812208804 0.22760227921131668 2.3767591544104985
26.238000000009084 4.161459577591668 1.7318634464033926 9.97226283749734e-05 -0.002168560156909204 0.21668459622866804 0.06932542884111147 0.2275146851962287 2.3804541834780597
26.239000000009085 4.162758738340678 1.7238591762871547 9.956513899783578e-05 -0.0024993395640452013 0.21665140480287273 0.06910011200140917 0.22741790470392148 2.384051327381492
26.240000000009086 4.163959529386247 1.7155645698875677 9.940401749957445e-05 -0.0028408635605510018 0.21660989265754485 0.06886797219223992 0.22731193038807687 2.387548489680151
26.241000000009088 4.165062242556505 1.7069826262147 9.92392534392306e-05 -0.0031930442358116193 0.21656010306505002 0.06862911881744262 0.22719689637117757 2.3909442039775874
26.24200000000909 4.166066462733145 1.6981158628608382 9.907099208593186e-05 -0.0035557594159339244 0.2165020519385434 0.068383607980164 0.22707289525394372 2.3942371340946025
26.24300000000909 4.166972276195257 1.6889673132671317 9.889924434395516e-05 -0.003928907058535667 0.2164357753620109 0.06813153960587949 0.2269400534420863 2.3974261212668644
26.24400000000909 4.167778810470991 1.6795390904328 9.872404304724854e-05 -0.004312401174024869 0.2163612546111989 0.06787298446904395 0.22679843765236316 2.4005094465519594
26.245000000009092 4.168485819265111 1.6698337617212213 9.854551029436927e-05 -0.004706125833535873 0.21627851256468122 0.06760800513134228 0.22664815237586133 2.4034859730377356
26.246000000009094 4.169093356560999 1.6598536165766156 9.83637501763796e-05 -0.005109981992581279 0.21618758227318638 0.06733665827009623 0.22648931143008483 2.4063546004207264
26.247000000009095 4.169601308593568 1.6496013558654647 9.817877203387834e-05 -0.005523877086642038 0.21608848647236378 0.06705903397900385 0.2263220299533001 2.409114366011993
26.248000000009096 4.170009323020834 1.6390794686962786 9.799067818406669e-05 -0.00594769977844151 0.21598124087997142 0.06677519559194771 0.22614640897226201 2.4117641003454944
26.249000000009097 4.170317332034543 1.6282904265372025 9.779953252267522e-05 -0.006381352440286508 0.21586587190101592 0.06648521358788893 0.22596256313022337 2.4143029134261855
26.2500000000091 4.170525675421945 1.6172371009320017 9.760539060307216e-05 -0.00682472987203321 0.21574242959399373 0.06618917053584578 0.2257706339654669 2.416730190240129
26.2510000000091 4.170634061948391 1.6059220489862471 9.740827725092057e-05 -0.007277736246824761 0.21561092797630646 0.06588714696087436 0.22557072913462467 2.419045032919973
26.2520000000091 4.170642264479959 1.594347459354844 9.720845472663254e-05 -0.007740233676734647 0.21547139695250833 0.06557916096724331 0.22536295275666646 2.4212465614355034
26.253000000009102 4.170550727603298 1.582516322714883 9.700585494992926e-05 -0.008212142328733903 0.21532388423406446 0.06526532400537022 0.22514745595009092 2.423334410943579
26.254000000009103 4.170359469223232 1.5704313292666725 9.680053187494958e-05 -0.008693358170434802 0.21516842244716966 0.06494571250386584 0.22492436521488268 2.4253079986275834
26.255000000009105 4.170068670960584 1.5580950836353828 9.659257009283249e-05 -0.009183774865961941 0.21500505330385034 0.06462039339944198 0.22469381368893723 2.427166814636499
26.256000000009106 4.169678314124507 1.545510279990944 9.638200806585151e-05 -0.009683290695234782 0.21483380669646704 0.06428944597925447 0.22445592770676134 2.428910338463217
26.257000000009107 4.169188841510358 1.5326795607617516 9.616899372056123e-05 -0.010191785013806638 0.2146547420312995 0.06395292212632125 0.22421085390048962 2.4305384182949537
26.25800000000911 4.16860045223137 1.5196058974450732 9.59534934380386e-05 -0.010709165172324326 0.21446789784345233 0.06361092329869658 0.22395873500935454 2.4320507038956762
26.25900000000911 4.167913592999735 1.506292095668741 9.573558223954909e-05 -0.011235321661794985 0.21427333041951974 0.06326352169265276 0.2236997223039703 2.4334471214098747
26.26000000000911 4.167128302658526 1.4927408699732816 9.551535257208842e-05 -0.011770137831741096 0.21407107684494922 0.06291078292291633 0.22343394704947733 2.434727293240568
26.261000000009112 4.166245063407745 1.4789550515087955 9.529286333145176e-05 -0.012313506895832951 0.21386119435716328 0.06255278242920315 0.22316156365642653 2.435891260473159
26.262000000009113 4.165264033361666 1.464937233987878 9.506818543602368e-05 -0.012865322890512114 0.21364372301835463 0.062189586231326865 0.22288270806378005 2.436938801312591
26.263000000009114 4.164186021093757 1.450690695380257 9.484135109961373e-05 -0.013425471657234553 0.21341873916992976 0.061821285824927394 0.2225975581607963 2.4378701980782203
26.264000000009116 4.163011255825321 1.4362179662680397 9.461244486789667e-05 -0.01399384657028041 0.2131862866464999 0.06144794137017191 0.22230625284635666 2.438685382485832
26.265000000009117 4.161740224827101 1.4215220128966486 9.43815159895028e-05 -0.014570336193680025 0.21294642413180315 0.06106963207045396 0.22200895073969265 2.4393844716538227
26.266000000009118 4.160373640995502 1.4066057024684766 9.414864786283232e-05 -0.015154826804836662 0.21269922267716543 0.06068642512742196 0.22170581926891586 2.439967805268132
26.26700000000912 4.158911695050419 1.3914716365384927 9.391398693075098e-05 -0.01574719231883046 0.21244472972891362 0.060298367655022 0.22139699726368828 2.4404353517089707
26.26800000000912 4.157355376063004 1.3761227672910061 9.367751390527236e-05 -0.016347343405905525 0.2121830234277384 0.05990555022389243 0.2210826678303708 2.440787653304143
26.26900000000912 4.155705384634897 1.3605618049479835 9.343929458203257e-05 -0.01695517523393138 0.21191417131402748 0.05950803854783142 0.22076299649790607 2.441025099623273
26.270000000009123 4.153962200978106 1.3447914373619163 9.319944854011739e-05 -0.017570567249231776 0.21163823418232564 0.05910588528283169 0.22043813798056802 2.44114794565553
26.271000000009124 4.152126669062566 1.3288142622866053 9.29580737044551e-05 -0.018193412304761077 0.2113552876324242 0.05869914457251831 0.22010826298669753 2.4411567056670216
26.272000000009125 4.150199561110989 1.3126329882841778 9.27152394793739e-05 -0.018823603431277976 0.21106540357055242 0.0582878782831895 0.21977354114017933 2.4410518590269805
26.273000000009127 4.148181666973479 1.2962502035699976 9.247101368102389e-05 -0.01946103953732462 0.2107686529103083 0.05787214604847794 0.2194341413676452 2.4408339110007615
26.274000000009128 4.146073986375299 1.2796685118810536 9.222548506632773e-05 -0.020105615436782562 0.21046511869664575 0.057452001209172106 0.21909024260113386 2.4405035318521
26.27500000000913 4.143877390095973 1.2628901738714076 9.197871915660591e-05 -0.020757242640924996 0.21015487223462184 0.05702749288103175 0.21874201331774515 2.4400613067396804
26.27600000000913 4.141593115096798 1.2459176693377079 9.173099320794214e-05 -0.021415777314588498 0.2098380202016311 0.05659862800247131 0.21838964016612672 2.4395080644532903
26.27700000000913 4.1392222589924526 1.2287537680407967 9.148219473827207e-05 -0.022081157017986887 0.20951463806725412 0.05616550749789328 0.21803331234515835 2.4388445606172815
26.278000000009133 4.136765909854364 1.2114007954899964 9.123244387243261e-05 -0.022753278912552865 0.20918481259149044 0.05572816779624528 0.21767320966562667 2.438071541361459
26.279000000009134 4.134225408588428 1.1938611089551652 9.098182719212217e-05 -0.023432050154600693 0.208848640675422 0.05528665271832725 0.21730952499882783 2.437189927381743
26.280000000009135 4.131601940130942 1.1761371655629516 9.073041797315729e-05 -0.024117374735907544 0.20850621211280426 0.054841011425410514 0.21694244579598507 2.436200540096025
26.281000000009136 4.128896969936099 1.158231180825045 9.047828648957459e-05 -0.024809169231131693 0.20815762738123986 0.0543912852562352 0.21657216955728908 2.435104361552533
26.282000000009138 4.126108826368031 1.1401431245784142 9.022576293249669e-05 -0.025507325446197535 0.20780282943734077 0.05393739604340431 0.21619871013844144 2.4339011277274256
26.28300000000914 4.1232434068765 1.1218785304867003 8.997259216197656e-05 -0.026211780160231027 0.2074421457986097 0.05347954899840722 0.21582252763271254 2.432593711798603
26.28400000000914 4.120300786605685 1.103438905257287 8.971888163215787e-05 -0.026922441566033354 0.2070756061283514 0.053017752230695304 0.21544374338767883 2.4311824633555728
26.28500000000914 4.117282848302865 1.084826719426657 8.946472178900465e-05 -0.02763922175283648 0.20670333431936794 0.05255205255293929 0.21506257978870652 2.4296687700940542
26.286000000009142 4.114191292652009 1.0660435576648501 8.92102466526483e-05 -0.028362044127287548 0.20632544072919795 0.05208245410774902 0.21467923761990065 2.428053639222649
26.287000000009144 4.111028002291989 1.0470923161514794 8.895537988855347e-05 -0.02909083900114971 0.2059420435229101 0.051609046258161095 0.21429394732437038 2.426338376688169
26.288000000009145 4.107794669237612 1.0279754917483521 8.870016466011213e-05 -0.02982551914568895 0.20555325610111191 0.05113188016358831 0.21390692334551192 2.424524056497069
26.289000000009146 4.104492399326275 1.008694998314968 8.84446348776763e-05 -0.030566012742793653 0.20515915625391917 0.0506509926437332 0.21351834484560844 2.42261166742438
26.290000000009147 4.101124697981267 0.9892532397360212 8.818882443868391e-05 -0.031312262670270936 0.20475994315082974 0.05016643019156663 0.213128512477398 2.4206032947022167
26.29100000000915 4.097693161626108 0.9696525300145636 8.793275699443889e-05 -0.032064190613952964 0.20435572230169394 0.049678241394513545 0.21273763471757065 2.418500108200303
26.29200000000915 4.094199878413568 0.9498952121795851 8.767648368226743e-05 -0.032821717145609906 0.203946625241022 0.04918646858509588 0.21234594358136658 2.4163035039998455
26.29300000000915 4.090641793759439 0.929979471339901 8.742037374565365e-05 -0.03358476443831285 0.20353251250775478 0.048690966533561315 0.21195336815457474 2.414012763457843
26.294000000009152 4.0870293264354025 0.9099141907277707 8.716383527358602e-05 -0.03435328569618163 0.2031139439204054 0.04819209993744168 0.21156063185149887 2.4116328239682376
26.295000000009153 4.083361555954352 0.8896991311970832 8.690711591010114e-05 -0.03512720641839043 0.20269089129739828 0.04768979597241591 0.21116778799235597 2.40916386947124
26.296000000009155 4.079640786641973 0.8693371365528426 8.665018019135366e-05 -0.03590644855962907 0.20226349696347543 0.047184125035750056 0.21077508606912826 2.4066074622103266
26.297000000009156 4.075869891041291 0.8488306236023184 8.639303881826831e-05 -0.03669094862889176 0.20183192849312542 0.04667513645152989 0.21038279737970736 2.403965577162238
26.298000000009157 4.072051215884486 0.8281821606137362 8.613567683731294e-05 -0.03748063587875513 0.20139632824998144 0.04616288971401151 0.20999117001721307 2.4012398771735866
26.29900000000916 4.06818726218864 0.8073941251085293 8.587807767495861e-05 -0.038275448809035134 0.2009568437888895 0.04564743862215807 0.20960045729885443 2.3984320851531566
26.30000000000916 4.06428092881673 0.7864691477215163 8.562026678398279e-05 -0.03907531065946767 0.2005136479249841 0.04512883252547867 0.20921093287022813 2.3955442874636033
26.30100000000916 4.060334603336103 0.7654104438928191 8.536220871142527e-05 -0.039880131618034984 0.20006689105002995 0.04460715303195839 0.2088228529014794 2.392578131093807
26.302000000009162 4.056350851481907 0.7442198733991252 8.510390564851182e-05 -0.04068986404061279 0.1996167196952541 0.04408243242589972 0.20843646673775973 2.38953558909577
26.303000000009163 4.052332231258098 0.7229004269477458 8.48453661589566e-05 -0.04150441735326123 0.19916329302256336 0.04355473498274963 0.20805203408484782 2.3864185290758924
26.304000000009164 4.048281746706081 0.70145393036585 8.458667309595452e-05 -0.042323731062829016 0.19870678448848922 0.0430240721277755 0.20766982254359828 2.3832292265835187
26.305000000009166 4.0442022694624 0.679883146071938 8.432776363024023e-05 -0.043147743794656135 0.19824736092131412 0.042490515493067746 0.20729010544090545 2.3799698348620124
26.306000000009167 4.040096530200711 0.6581906779206841 8.406870348214875e-05 -0.04397636663787951 0.19778518993236088 0.04195410340867147 0.20691314354596899 2.3766424720081387
26.307000000009168 4.035967592414444 0.6363792053453533 8.38094920936963e-05 -0.04480952829411866 0.19732045138505216 0.0414148903023167 0.20653921540350414 2.3732494117094696
26.30800000000917 4.031818386880144 0.6144510075774395 8.355017687374671e-05 -0.045647158052188434 0.19685331768313177 0.04087290704573872 0.20616858696578166 2.369793151589606
26.30900000000917 4.027651336410201 0.5924085086998461 8.32907393320503e-05 -0.04648918933945981 0.1963839338422643 0.0403282052136151 0.20580150226019836 2.3662756432554533
26.310000000009172 4.023470222555253 0.5702545350671937 8.303116926203952e-05 -0.047335556692865904 0.19591251539601898 0.03978084252651687 0.2054382730854658 2.3626998702419595
26.311000000009173 4.019275112791833 0.5479894132929168 8.277177595323793e-05 -0.04818615653541227 0.19543909427702708 0.039230737614199145 0.20507899947882052 2.3590669743691794
26.312000000009174 4.015073055466246 0.5256184375508648 8.25122576234964e-05 -0.049040950187888066 0.1949640498929971 0.038678081442690665 0.20472417915355623 2.3553813673489215
26.313000000009175 4.010866212159988 0.503143257579981 8.225267496736734e-05 -0.04989987464288114 0.19448751194338856 0.038122882944212115 0.2043740296497651 2.351645318709656
26.314000000009177 4.006657971279469 0.48056648547953823 8.199307966676557e-05 -0.050762852429125496 0.19400967913628683 0.0375651805360933 0.20402883515330728 2.347861703185444
26.315000000009178 4.002449869096386 0.457890378452825 8.173362461681708e-05 -0.051629768226944234 0.19353066431907623 0.03700498289769519 0.20368878162090728 2.3440324542235955
26.31600000000918 3.998247008729614 0.4351189318515998 8.147404899082488e-05 -0.05250058936882119 0.19305074286451332 0.036442430368854514 0.20335425231797546 2.3401613482027934
26.31700000000918 3.994052475612651 0.41225331685395594 8.121459325856131e-05 -0.053375246475371514 0.19257009488926058 0.035877483326604155 0.20302549640824977 2.336251428415056
26.31800000000918 3.9898698064745144 0.3892965472755412 8.095518077010941e-05 -0.054253666781269035 0.19208892514969386 0.03531020731765475 0.2027028028054704 2.332305545076985
26.319000000009183 3.9857025305145672 0.36625070110618296 8.069585370641978e-05 -0.05513580890981029 0.19160742912675952 0.03474063672751702 0.2023864525133503 2.3283273501823722
26.320000000009184 3.981554326703142 0.343118586632444 8.043660403079709e-05 -0.056021596451064 0.19112582022445154 0.0341688180314567 0.20207673431412643 2.324320050023953
26.321000000009185 3.9774280812887186 0.3199031168932268 8.017744644710552e-05 -0.0569109468496399 0.19064427270382642 0.03359481225794082 0.20177389820474737 2.3202864986344083
26.322000000009186 3.973327876611028 0.29660619869717125 7.99184120924946e-05 -0.05780381602452431 0.19016301129604815 0.03301863126176932 0.20147824205749534 2.316230667700741
26.323000000009188 3.9692571062906175 0.2732307097610406 7.965949163113269e-05 -0.058700131747076445 0.18968223358157865 0.03244033386074561 0.20119003569913033 2.312155878146582
26.32400000000919 3.9652197124848225 0.2497793794077485 7.940066992140908e-05 -0.0595998372540592 0.1892021611872329 0.031859976095711194 0.20090957288155606 2.3080657281702583
26.32500000000919 3.9612191087934248 0.2262557572794152 7.914190717592048e-05 -0.06050284171081067 0.18872299860446348 0.031277642104280856 0.2006371225694468 2.3039636105868624
26.32600000000919 3.957259194429963 0.20266115773788573 7.888327309766522e-05 -0.06140911558077475 0.18824495661439453 0.03069332261271455 0.20037296030197388 2.2998536306309045
26.327000000009193 3.953343702727221 0.17899880678749136 7.862465250944693e-05 -0.06231860295728598 0.18776824597888878 0.030107108014859156 0.20011736662657423 2.2957395035453847
26.328000000009194 3.94947624748986 0.15527168307151898 7.836610321403827e-05 -0.06323121413181733 0.1872930811300965 0.029519043737939697 0.1998706046996182 2.291625064219401
26.329000000009195 3.9456605744732176 0.1314826222886561 7.810757082006938e-05 -0.06414689267672373 0.18681967354740467 0.028929194489974996 0.19963294457147288 2.2875141949546727
26.330000000009196 3.941900488377465 0.10763462565078849 7.784903231734783e-05 -0.0650655702197263 0.18634824141086598 0.02833762354061333 0.19940465494283238 2.2834110036359156
26.331000000009197 3.938199709625631 0.08373145214327186 7.759042097701894e-05 -0.06598716045394601 0.1858790041175061 0.02774442700349105 0.19918600037714174 2.279319392402867
26.3320000000092 3.93456190243484 0.059774921562537234 7.733179698532708e-05 -0.06691161654956218 0.18541216590539333 0.027149614934198804 0.19897722805909226 2.275243641639182
26.3330000000092 3.9309909505540066 0.03576868201153479 7.707309413105656e-05 -0.06783885608066627 0.18494795341656323 0.026553276625604035 0.19877860138069298 2.2711879954583614
26.3340000000092 3.9274889221764573 0.011714507705390644 7.681446817100823e-05 -0.06876878985165737 0.1844865001843819 0.025955403998353978 0.1985902772158323 2.267155908224085
26.335000000009202 3.924062096334482 -0.012382162862726778 7.65556497064387e-05 -0.06970135511205867 0.18402815296979955 0.025356183136753033 0.19841264075959933 2.2631528515091652
26.336000000009204 3.9207129244268373 -0.036517232529538264 7.629650847920486e-05 -0.07063645085014794 0.18357306948094754 0.024755734761986007 0.19824587367954966 2.259182521648391
26.337000000009205 3.917445318085189 -0.060689093578591216 7.603730208424858e-05 -0.07157399518869663 0.18312147752067498 0.02415402032697103 0.1980902042368132 2.2552496223300516
26.338000000009206 3.914263290110905 -0.08489444024378243 7.577791763741223e-05 -0.07251393261820617 0.18267360277660388 0.023551130421493274 0.19794587977341788 2.2513587831763724
26.339000000009207 3.911170612359382 -0.10912930010382794 7.551830336146775e-05 -0.07345616035143102 0.18222967254847958 0.02294715699503768 0.1978131266242363 2.2475147389331367
26.34000000000921 3.908170244053433 -0.13339034913460313 7.52585058674379e-05 -0.07440058580620255 0.1817898688988893 0.022342174112084324 0.19769212515079138 2.2437215513735227
26.34100000000921 3.9052659560504175 -0.15767387532754423 7.499850474594563e-05 -0.07534711061905908 0.18135441787612808 0.021736261735297257 0.1975830889424886 2.239984053514722
26.34200000000921 3.902460923876202 -0.18197699768992107 7.473841165673527e-05 -0.07629563360524212 0.18092351527238001 0.021129454041136808 0.19748619170417203 2.236306754461765
26.343000000009212 3.899758954145665 -0.2062949935677358 7.447809495706848e-05 -0.07724605259083381 0.18049739059237616 0.02052189072394693 0.1974016429779861 2.2326945126402142
26.344000000009213 3.89716329898157 -0.23062416445146794 7.421767213592725e-05 -0.07819823526653302 0.1800762532133794 0.019913627501868918 0.19732960632011703 2.229151981931163
26.345000000009215 3.8946773714402094 -0.2549607106893697 7.395709450723546e-05 -0.07915208861708728 0.17966030929523233 0.01930476025649026 0.19727025532772635 2.2256839666053736
26.346000000009216 3.892304435589347 -0.2793005995804088 7.36963931585447e-05 -0.08010749017904371 0.17924976611218146 0.018695374899611344 0.19722374521516003 2.2222952039223127
26.347000000009217 3.890047675948158 -0.30363990931127965 7.343561567226963e-05 -0.08106431680217574 0.17884482705471766 0.01808555069551449 0.19719021975441733 2.2189905288073577
26.34800000000922 3.887910188258157 -0.32797456516810103 7.317477413315131e-05 -0.08202245007455168 0.178445689616567 0.01747538226914443 0.19716981372516743 2.2157747173109703
26.34900000000922 3.8858951888389677 -0.35230025775758267 7.291387538896128e-05 -0.08298175974244514 0.1780525611511826 0.01686496612648348 0.1971626589009591 2.2126526300969944
26.35000000000922 3.884005579279488 -0.37661288880027183 7.265300199140233e-05 -0.08394210656799472 0.17766563532964239 0.0162543821888471 0.19716886207639167 2.2096291739224725
26.351000000009222 3.882244274753223 -0.40090823784530805 7.23922034839765e-05 -0.08490335392201072 0.1772851059144467 0.015643720727121526 0.19718852472821782 2.2067090310215667
26.352000000009223 3.8806139415246195 -0.4251817788960499 7.213153103596512e-05 -0.0858653492016911 0.17691115856626816 0.015033079033081084 0.1972217272107779 2.2038970203803094
26.353000000009224 3.879117491263023 -0.4494293453582459 7.187105145534867e-05 -0.08682795712460696 0.1765439865348135 0.01442254602162611 0.197268555917518 2.201197914787901
26.354000000009226 3.8777575938350344 -0.4736462815822876 7.161079876552565e-05 -0.08779102369691394 0.17618377627365403 0.013812226259304136 0.1973290765651005 2.1986165544536562
26.355000000009227 3.87653678992268 -0.49782794895612015 7.135078267985457e-05 -0.0887544029994867 0.17583070519536617 0.013202233302168864 0.197403343197272 2.1961576265358356
26.356000000009228 3.8754575429691034 -0.5219698555232903 7.10911020354019e-05 -0.08971793214030807 0.17548495174486475 0.012592657049813438 0.19749139385807335 2.1938258575063365
26.35700000000923 3.8745221272123036 -0.5460671917735037 7.083178825708454e-05 -0.09068145016727758 0.17514668406107287 0.01198361211034038 0.1975932521652519 2.1916257996089747
26.35800000000923 3.8737330045590364 -0.5701151486693665 7.057292023826988e-05 -0.09164478734613742 0.17481608276726304 0.011375202055188278 0.19770894027232475 2.189562160857105
26.35900000000923 3.873091690196339 -0.5941072609975664 7.031439121050062e-05 -0.09260774564218546 0.1744932880334944 0.010767622646691758 0.19783842857020806 2.1876389800492446
26.360000000009233 3.8726008664329834 -0.618041172528961 7.005650752795468e-05 -0.09357019493618741 0.1741784798146058 0.01016085751033681 0.1979817346026358 2.1858612042002576
26.361000000009234 3.872262275523322 -0.6419111174608884 6.979923769559839e-05 -0.09453194828905127 0.1738718068002085 0.0095550656280205 0.19813882437939484 2.1842330072243286
26.362000000009235 3.8720780734211306 -0.6657123731926688 6.954257332030688e-05 -0.09549284338477615 0.17357343137150555 0.008950357084535966 0.19830967729218066 2.182758636475746
26.363000000009237 3.872049511030447 -0.6894393837618397 6.928668974926313e-05 -0.09645266707459581 0.17328348511360872 0.008346861331680546 0.1984942147595526 2.1814424490698494
26.364000000009238 3.872178114308465 -0.7130867212198493 6.903158881913453e-05 -0.09741122515363981 0.17300210754492995 0.007744713316039934 0.19869236670105941 2.1802880932486683
26.36500000000924 3.8724650263743907 -0.73664898544407 6.87773640886852e-05 -0.09836830794648449 0.17272942327878243 0.007144036702794689 0.19890403448619656 2.1792994979402036
26.36600000000924 3.872911699185532 -0.760121449911043 6.852403620766806e-05 -0.09932375186650377 0.17246555873903383 0.006544953551058879 0.19912913662493356 2.178480298797208
26.36700000000924 3.8735190982964216 -0.783498648389938 6.82716606590796e-05 -0.10027734975269989 0.17221062856726085 0.00594759750803479 0.199367553481187 2.1778339999150518
26.368000000009243 3.874288329639113 -0.8067749700670945 6.802030493464209e-05 -0.10122889025328026 0.1719647559816997 0.005352106430101735 0.1996191638220021 2.1773641362615184
26.369000000009244 3.875220053977601 -0.8299448787475514 6.776999809489433e-05 -0.10217816614382981 0.17172803982702514 0.00475862335227387 0.19988382074484473 2.1770737493053556
26.370000000009245 3.876314952193374 -0.8530029031017203 6.752082978455025e-05 -0.10312495975453763 0.17150058303895668 0.0041672784340008925 0.20016136869192208 2.176965878769654
26.371000000009246 3.8775734906024484 -0.8759434224662545 6.727284211925367e-05 -0.10406905625451013 0.17128247672967478 0.0035782166024365073 0.20045163740516048 2.177043354002636
26.372000000009248 3.878996127080159 -0.8987607086712258 6.702607419693659e-05 -0.10501023725426781 0.17107381265052707 0.002991586775894263 0.20075444925187325 2.177308798223309
26.37300000000925 3.880582818666749 -0.921449236583411 6.678058626201798e-05 -0.10594827951663477 0.17087465786533715 0.00240752861653214 0.20106959697371063 2.177764367032921
26.37400000000925 3.8823341136784046 -0.9440031751137745 6.653639751531953e-05 -0.10688297155424398 0.17068510658828112 0.0018262026196968633 0.201396897283266 2.1784121997671004
26.37500000000925 3.8842492677624607 -0.9664165532626823 6.629359935166705e-05 -0.10781405350221626 0.17050520089498017 0.001247753677385098 0.2017360913521815 2.1792546927200354
26.376000000009252 3.8863282538576946 -0.9886836244763536 6.605227749163957e-05 -0.10874129032517485 0.17033501213467037 0.0006723245630528467 0.20208695306926755 2.18029303050059
26.377000000009254 3.8885701578512104 -1.0107986780923408 6.58124430092615e-05 -0.10966445323871071 0.1701745639640915 0.00010007537343696856 0.20244921471715915 2.1815282692059634
26.378000000009255 3.890974822323305 -1.0327556244603053 6.557410153346238e-05 -0.1105833091532309 0.1700239204597087 -0.0004688255289134923 0.20282263579084303 2.18296204147435
26.379000000009256 3.893540784982732 -1.05454825783706 6.53373234656099e-05 -0.11149759171741228 0.16988308795627177 -0.0010342125922488863 0.20320690472527528 2.1845945989375153
26.380000000009257 3.8962678353339664 -1.0761716105155634 6.510227644552234e-05 -0.11240706899223374 0.16975212737701928 -0.001595985435203899 0.2036017708124317 2.1864267534682993
26.38100000000926 3.8991544684165405 -1.0976194273439992 6.486897789980542e-05 -0.11331148370310891 0.1696310400812641 -0.002153966323167516 0.2040069157381011 2.1884587362865378
26.38200000000926 3.902199332510054 -1.1188856188576537 6.463745107500233e-05 -0.11421058382004684 0.1695198337266254 -0.0027079855291632622 0.20442202588968936 2.190690483297108
26.38300000000926 3.9054008761983745 -1.1399640081532654 6.440780349000749e-05 -0.11510409405926868 0.1694185124332724 -0.0032578852729969465 0.20484676868518054 2.1931215934939066
26.384000000009262 3.908757364760595 -1.160848999055502 6.418006715255546e-05 -0.11599177065119294 0.169327061478316 -0.0038035128109260444 0.20528081088446437 2.195751138006103
26.385000000009263 3.9122670923301923 -1.1815344766603955 6.395429314326416e-05 -0.11687334710190517 0.1692454743945285 -0.004344703841263859 0.20572381076895233 2.1985778200620794
26.386000000009265 3.9159282801372663 -1.202014134704076 6.373060279373774e-05 -0.11774854299448222 0.16917374500332855 -0.004881294088334395 0.20617541659410188 2.201601349334009
26.387000000009266 3.919738553180612 -1.2222822939409947 6.350899628428537e-05 -0.11861710845706487 0.16911182679632183 -0.005413120048438169 0.20663525897039703 2.2048194982090523
26.388000000009267 3.9236957763191582 -1.2423329787904278 6.328953423000176e-05 -0.1194787757486088 0.16905969123642797 -0.005940020601182601 0.20710297173166103 2.2082304290817776
26.38900000000927 3.9277976634268197 -1.2621597152045236 6.30723038790339e-05 -0.12033325083125848 0.1690173098905641 -0.006461824313111191 0.20757817195388117 2.2118323851330244
26.39000000000927 3.932041334838675 -1.2817571414902729 6.28573417714977e-05 -0.1211802875887956 0.16898460828377 -0.006978376521897153 0.208060466393315 2.215622060334986
26.39100000000927 3.936424035674984 -1.3011193999094863 6.264473798103784e-05 -0.12201960583979955 0.16896152923961902 -0.0074895248640104856 0.20854945589710686 2.219596795098946
26.392000000009272 3.9409427187398895 -1.320240462901169 6.243455649624781e-05 -0.12285092725967738 0.16894799946554612 -0.007995099448665726 0.20904472838884688 2.223753514336364
26.393000000009273 3.94559441784176 -1.3391145896817012 6.22268205942073e-05 -0.12367398984344244 0.16894394495218795 -0.008494934861269869 0.2095458809380443 2.228088759680969
26.394000000009274 3.9503759687124496 -1.3577358756938274 6.20216098683846e-05 -0.12448851296988381 0.16894928691881844 -0.008988869011396344 0.21005249624304445 2.2325987955512088
26.395000000009276 3.9552836759693393 -1.3760986205960286 6.181898584282069e-05 -0.1252942188188897 0.16896391794270232 -0.009476741823411095 0.21056413624255116 2.2372793365028114
26.396000000009277 3.9603141294516058 -1.3941969989917045 6.16189968102637e-05 -0.12609083313140654 0.1689877444603314 -0.009958386720943164 0.21108037673750332 2.2421261183290975
26.397000000009278 3.9654632885145236 -1.4120248859397981 6.142173400016911e-05 -0.12687805280299683 0.1690206490451627 -0.010433634474594358 0.21160075806829606 2.247134099967977
26.39800000000928 3.9707284662042563 -1.429578088870014 6.122719457900969e-05 -0.12765568018193704 0.16906255127145758 -0.01090236098427913 0.21212491697148347 2.252299169031013
26.39900000000928 3.9761052464583257 -1.4468509313676505 6.103551977757949e-05 -0.1284234147121931 0.1691133129809058 -0.011364416903133919 0.21265238311682746 2.2576160042648015
26.400000000009282 3.9815896145868646 -1.4638374281313178 6.0846654523325594e-05 -0.1291809923815129 0.16917280557583544 -0.011819606293094502 0.21318271513421455 2.2630791604431764
26.401000000009283 3.9871774972464182 -1.4805326201103455 6.066066486565386e-05 -0.12992815749635694 0.1692408946563951 -0.012267788529621702 0.21371547714169573 2.268683062702134
26.402000000009284 3.992864865320629 -1.496930939215024 6.047757151604251e-05 -0.13066464471338193 0.1693174511267905 -0.012708794289385662 0.21425023240696228 2.274422024885761
26.403000000009285 3.9986472834455022 -1.5130272475950945 6.029740757325003e-05 -0.13139018862870838 0.16940232426852178 -0.013142475535181877 0.21478653076638168 2.28029008335112
26.404000000009287 4.0045201087174505 -1.5288164333659437 6.0120254669473823e-05 -0.1321045268718977 0.16949535175030203 -0.01356867873207232 0.21532391722133595 2.2862806214085984
26.405000000009288 4.010479070669668 -1.5442937941746702 5.994612375839958e-05 -0.1328074218285306 0.16959638311989067 -0.013987259616226558 0.21586196490271678 2.292387477313686
26.40600000000929 4.016519529169662 -1.5594544220909723 5.977508405734171e-05 -0.13349861291215434 0.16970525521539284 -0.014398076088686871 0.2164002261834457 2.298604107552448
26.40700000000929 4.0226367238634495 -1.5742934265698427 5.960711741041016e-05 -0.13417785994650414 0.1698217925006744 -0.014800966717862515 0.21693825832192223 2.304923825672601
26.40800000000929 4.028825984077221 -1.588806423013043 5.944226190455122e-05 -0.13484492849869928 0.16994582227505303 -0.015195797793548557 0.2174756297177816 2.311339837686476
26.409000000009293 4.0350825853437 -1.6029885856384294 5.928060958738235e-05 -0.13549955495072416 0.1700771776046538 -0.01558243356984346 0.218011898688507 2.3178453690526455
26.410000000009294 4.041401563667524 -1.6168357851480584 5.912213982768757e-05 -0.1361415251574575 0.17021566404094352 -0.01596073302250661 0.2185466361116403 2.3244333199257854
26.411000000009295 4.047777683199652 -1.630343935742145 5.896690159745866e-05 -0.13677060685808143 0.17036107829157177 -0.016330570212114235 0.21907939980848884 2.33109641779414
26.412000000009296 4.054206025004234 -1.643508853624359 5.881492430182122e-05 -0.1373865729849107 0.17051323189614032 -0.016691813309405584 0.2196097659935941 2.3378275781229845
26.413000000009298 4.0606816314161955 -1.6563262544247794 5.8666231623691415e-05 -0.13798919397258372 0.1706719351285692 -0.01704432573468211 0.2201373119974981 2.3446197027069884
26.4140000000093 4.06720006891581 -1.6687918595268956 5.852071850438296e-05 -0.1385782798382044 0.17083701365554466 -0.017387942091652328 0.22066165368691293 2.351466007656995
26.4150000000093 4.073754509423991 -1.6809035647217387 5.837871402593747e-05 -0.13915358167294062 0.1710081849371491 -0.017722652328880203 0.221182302667904 2.3583581213668614
26.4160000000093 4.080340552057566 -1.6926568474410155 5.8240095905811285e-05 -0.13971490490245664 0.17118527764668548 -0.018048281170346084 0.22169888224363957 2.3652892988700702
26.417000000009303 4.086952826178872 -1.7040498134274993 5.810510510124833e-05 -0.14026205218495272 0.17136806976056368 -0.01836480550682429 0.22221099139758885 2.3722524709151513
26.418000000009304 4.0935861504059 -1.7150771349562353 5.7973551399106965e-05 -0.14079480207753045 0.17155635689603752 -0.01867201305375274 0.22271821648659787 2.379240216801998
26.419000000009305 4.100234359273962 -1.7257370237851655 5.7845561321982594e-05 -0.14131298077725113 0.17174986827160316 -0.018969854258800243 0.2232201405744224 2.386245133066399
26.420000000009306 4.106892862757992 -1.7360256493607953 5.77211628602455e-05 -0.14181637914590528 0.1719484267228237 -0.019258206782267518 0.2237163949624122 2.393260057024163
26.421000000009307 4.113556060434183 -1.7459405694213348 5.7600432590834747e-05 -0.14230481739792017 0.17215179250791954 -0.01953699439744943 0.22420658970786556 2.4002780293685397
26.42200000000931 4.120218331456414 -1.7554791374306988 5.748337951660122e-05 -0.1427781227014247 0.17235972295857444 -0.019806120926681547 0.2246903399050835 2.407291751526448
26.42300000000931 4.12687628117969 -1.7646374364489001 5.736978924267696e-05 -0.14323616102994197 0.1725720802389198 -0.020065407406037735 0.22516736281920144 2.414295497672307
26.42400000000931 4.133521420659165 -1.773415587332717 5.726018985664666e-05 -0.1436786972977847 0.17278848949185757 -0.020314947216710583 0.22563715837264917 2.4212807366664837
26.425000000009312 4.140149782087729 -1.7818092384158015 5.715445722427424e-05 -0.14410555112926868 0.17300879685073728 -0.020554568888469557 0.2260994116670824 2.428241366755177
26.426000000009314 4.14675599768165 -1.7898167393467554 5.7052681745001023e-05 -0.14451657208414423 0.1732327655710571 -0.020784222169973866 0.22655377852854125 2.4351709262818555
26.427000000009315 4.153334605457269 -1.797436936180116 5.695488090472445e-05 -0.14491164347358157 0.17346014345225566 -0.021003855369648966 0.2269999289010476 2.4420627669879034
26.428000000009316 4.159880120683202 -1.8046679629544362 5.6861118890786894e-05 -0.14529061058636422 0.17369068857106623 -0.021213407599302604 0.22743751995399483 2.448910750191004
26.429000000009317 4.166387733393368 -1.8115077457634552 5.6771428386454e-05 -0.14565332979667464 0.17392419128555997 -0.021412804329958682 0.22786624362653637 2.455708469728199
26.43000000000932 4.172851950450813 -1.8179548741370253 5.668589328348776e-05 -0.14599965895014633 0.17416040548988262 -0.021602000741931134 0.22828577198330555 2.462449886217493
26.43100000000932 4.179267871604265 -1.8240079625776418 5.6604525802220505e-05 -0.14632948229817858 0.17439910793095817 -0.021780939052126087 0.22869581444084056 2.4691292919413375
26.43200000000932 4.185630232676013 -1.8296675905357036 5.6527551496535955e-05 -0.1466426996868284 0.17464005094391477 -0.021949664703134208 0.22909608583673902 2.475741087715171
26.433000000009322 4.1919325497437745 -1.8349316859423452 5.6454797009695965e-05 -0.14693918811415277 0.1748829299959689 -0.02210806123899094 0.22948623178606664 2.48227969473099
26.434000000009323 4.198172645016124 -1.8397979784357712 5.638633292623856e-05 -0.14721883089146792 0.1751276658456129 -0.0222560548204272 0.22986608164266675 2.4887397049284408
26.435000000009325 4.204345108355846 -1.8442658224277277 5.6322120767785035e-05 -0.14748154663786195 0.17537399740891585 -0.022393594573345492 0.23023535489536276 2.4951161427712116
26.436000000009326 4.2104446769090265 -1.848335839562496 5.62623373359549e-05 -0.14772724570103715 0.17562167378907348 -0.022520720979934263 0.2305937863437486 2.501403910865271
26.437000000009327 4.216466929549813 -1.852007085020821 5.620698603466688e-05 -0.1479558401977576 0.1758704881986977 -0.022637384737312454 0.23094114067358756 2.50759834182372
26.43800000000933 4.222407381437138 -1.8552792464456525 5.615604142298664e-05 -0.14816726884667217 0.17612022209435033 -0.022743552103315898 0.23127719591503518 2.5136949079023716
26.43900000000933 4.228260956433648 -1.8581504612853263 5.6109641526644986e-05 -0.1483613670490821 0.17637065762089152 -0.022839179256516146 0.23160166711707728 2.5196890322606045
26.44000000000933 4.234024380947847 -1.8606235811925145 5.606766253308732e-05 -0.14853823020767143 0.1766215915171445 -0.022924303030880226 0.2319144585676535 2.5255768612916776
26.441000000009332 4.239693133896229 -1.8626984233314616 5.6030245671325775e-05 -0.14869776227208698 0.1768728138552655 -0.02299892965477271 0.2322153473633271 2.531354371857799
26.442000000009333 4.24526254404341 -1.8643749870169293 5.599727147983304e-05 -0.1488399305916777 0.1771240869262461 -0.023063017082763863 0.23250412870517304 2.537018068293744
26.443000000009334 4.250730295254298 -1.8656527413386803 5.596873621784476e-05 -0.14896469488150402 0.17737530054323972 -0.023116529215486178 0.23278069397378 2.5425641364313423
26.444000000009336 4.256092156641634 -1.866532816613856 5.5944643665842365e-05 -0.149072044629945 0.17762623335658584 -0.02315948043790888 0.2330448772248695 2.547989400973284
26.445000000009337 4.261344366346082 -1.8670149142693284 5.592497141434566e-05 -0.1491619301645959 0.17787670109620224 -0.023191837761286752 0.23329651420893818 2.5532905975857294
26.446000000009338 4.2664829406443205 -1.8670992854103239 5.5909639648871274e-05 -0.14923433205255823 0.17812649840054628 -0.02321357061262171 0.23353544732267134 2.5584644261351444
26.44700000000934 4.271506114672626 -1.8667878489688938 5.5898755952045664e-05 -0.1492892726731655 0.17837552371617854 -0.02322475234576907 0.2337616382510741 2.563509108570291
26.44800000000934 4.276409992675314 -1.8660819070473318 5.5892215819617074e-05 -0.14932678028970967 0.17862356169970328 -0.023225376092950948 0.23397496062749523 2.568421662694188
26.44900000000934 4.281191829573053 -1.864981323771745 5.588996068969711e-05 -0.14934683418985772 0.17887047267660278 -0.02321540663307182 0.23417531463248434 2.573199695848636
26.450000000009343 4.285848550304023 -1.8634886759025209 5.589207724025694e-05 -0.14934947020374356 0.17911608184496902 -0.023194925758639694 0.2343626241672962 2.5778411725187738
26.451000000009344 4.290377416914811 -1.861604747668374 5.589845436630482e-05 -0.14933471368915896 0.17936023577838892 -0.02316391491775667 0.23453681554378497 2.5823440377277316
26.452000000009345 4.294775892004166 -1.8593309850290105 5.590906931654187e-05 -0.14930259380727 0.17960279036218818 -0.023122397024284713 0.23469783140798603 2.586706475051882
26.453000000009347 4.29904165867375 -1.8566684378000047 5.5923915360434965e-05 -0.14925312526772425 0.17984361728087375 -0.023070386936355877 0.23484561914637786 2.590926921026158
26.454000000009348 4.303172498971214 -1.853619624986096 5.5942941655336714e-05 -0.14918638808341314 0.18008257334413566 -0.02300793291400558 0.23498016211713732 2.5950040263461034
26.45500000000935 4.307165805380791 -1.8501845557739842 5.5966062189634016e-05 -0.1491023754103759 0.18031952216278463 -0.022934999056938892 0.23510138793246932 2.598935881886616
26.45600000000935 4.311018479080878 -1.8463671208397199 5.599336259957641e-05 -0.1490011703483016 0.1805542731544755 -0.022851705275228732 0.2352092573720058 2.602721138110133
26.45700000000935 4.314731412494373 -1.8421686512252284 5.602471127395456e-05 -0.14888287500416392 0.18078684010288001 -0.02275805043656998 0.23530389049814554 2.606360151156286
26.458000000009353 4.3183005874913 -1.8375904451967968 5.606017009877614e-05 -0.1487474714685116 0.1810170155604007 -0.022654070538980404 0.23538516755024122 2.609850753497804
26.459000000009354 4.321724411285108 -1.8326359974112962 5.6099732979469586e-05 -0.14859507474984127 0.181244678808632 -0.022539852304382543 0.23545312649922165 2.613192336474934
26.460000000009355 4.325001417222701 -1.8273060501979985 5.614328264961712e-05 -0.1484257266000612 0.18146973835339092 -0.022415378592262114 0.23550777365564543 2.616384138648887
26.461000000009356 4.328129700765711 -1.8216039540968958 5.6190891856151426e-05 -0.14823951167597618 0.18169206622597883 -0.022280751790162992 0.23554912789422977 2.6194256154235984
26.462000000009358 4.331108203031841 -1.815531831153042 5.624249839421535e-05 -0.1480365141433178 0.18191157934867308 -0.022136008740849672 0.23557723808510936 2.6223165134989106
26.46300000000936 4.333934562034607 -1.809092305037825 5.629816648724709e-05 -0.14781678980741111 0.18212813485412538 -0.02198122485479465 0.23559209473267112 2.625055834140836
26.46400000000936 4.336608492512516 -1.8022883009209554 5.63578798974366e-05 -0.14758045251834015 0.182341681138854 -0.02181647165471221 0.23559379678065043 2.627643927892968
26.46500000000936 4.339126976212612 -1.7951218700286196 5.6421644111735025e-05 -0.14732754028530456 0.18255204656994975 -0.021641796157892395 0.23558230233685828 2.6300795869633253
26.466000000009362 4.341488432312104 -1.787596146492759 5.648950159189275e-05 -0.14705814223544073 0.1827591191354609 -0.02145728681216806 0.23555765320245559 2.6323626029732266
26.467000000009364 4.343693039036679 -1.7797137314925178 5.65614225429109e-05 -0.1467723705932378 0.18296287241742495 -0.0212630035865644 0.23551997107318925 2.634493512589298
26.468000000009365 4.345738941481927 -1.771477840244922 5.663748428324235e-05 -0.14647030531973548 0.18316318300075102 -0.02105904454653135 0.23546928739144712 2.6364719271621904
26.469000000009366 4.3476248803082935 -1.7628907012824726 5.67177092846147e-05 -0.1461520116413592 0.1833599634239927 -0.020845468767193755 0.23540565044575285 2.6382978122019933
26.470000000009367 4.349350344622934 -1.7539559425766693 5.68020818483233e-05 -0.1458176256621469 0.18355314372194245 -0.020622368418245943 0.23532917074415557 2.639971668013648
26.47100000000937 4.3509138191110655 -1.7446775907326229 5.689069016164625e-05 -0.14546725927414383 0.1837426088003169 -0.02038986881737312 0.23523991276963815 2.6414933451790388
26.47200000000937 4.352314103154496 -1.7350575368228678 5.69835200656804e-05 -0.1451009750992145 0.1839282753974058 -0.02014801050926793 0.2351379292944641 2.6428626508946476
26.47300000000937 4.353550580912256 -1.7250992790377646 5.708055003247037e-05 -0.14471890479548158 0.18411006973299712 -0.019896880708845235 0.23502332872341575 2.6440802331095075
26.474000000009372 4.354622233499982 -1.714806322770258 5.718189355151252e-05 -0.14432114154223089 0.18428790862142633 -0.019636596299733744 0.23489619212399024 2.6451461774951888
26.475000000009373 4.355528695707135 -1.7041824947116084 5.728753280028559e-05 -0.14390783165028467 0.184461727142771 -0.01936725496131325 0.23475664709549182 2.646061132458569
26.476000000009375 4.356269966394127 -1.6932315223940886 5.739749235053316e-05 -0.14347911229813523 0.18463148223711537 -0.01908896220616868 0.23460483451336567 2.6468259627928576
26.477000000009376 4.356845788013615 -1.6819590545713843 5.751189793224429e-05 -0.14303516084969817 0.18479710478837852 -0.018801904979554716 0.23444090685783953 2.6474418116192147
26.478000000009377 4.357253616411287 -1.6703641053877363 5.763064150608889e-05 -0.1425759414785449 0.18495847240860233 -0.018506012702020604 0.2342648247397473 2.6479071336405346
26.47900000000938 4.357493930964757 -1.6584515838920366 5.775378021504172e-05 -0.14210163005703536 0.18511555513759154 -0.01820143763682041 0.23407677020758016 2.6482234292923432
26.48000000000938 4.357568846224739 -1.6462265579300286 5.788130344560506e-05 -0.1416124530654169 0.18526839411784451 -0.017888318379784975 0.23387701181746448 2.6483927273463435
26.48100000000938 4.357474634238353 -1.6336913519441292 5.8013232875017706e-05 -0.14110844247781326 0.18541678340932782 -0.017566714635490213 0.2336654993178511 2.6484136656575465
26.482000000009382 4.357212561819156 -1.6208502591533804 5.814957826680052e-05 -0.1405897782328385 0.1855607339211254 -0.01723674683072083 0.23344244934932418 2.64828784294746
26.483000000009383 4.356782357636161 -1.6077067915552867 5.8290326495513316e-05 -0.14005659433194717 0.18570019004894028 -0.016898506139135353 0.23320799666780415 2.648015910759519
26.484000000009384 4.356183980595437 -1.5942639252300097 5.843541052880282e-05 -0.13950902113088554 0.1858351094545136 -0.016552056903783554 0.23296228336495803 2.647598657650533
26.485000000009386 4.355419378853472 -1.5805272411706697 5.8584898675301174e-05 -0.1389472811331956 0.185965526158408 -0.016197570816072236 0.2327055761128695 2.6470378945021817
26.486000000009387 4.354487819228066 -1.5665001320156666 5.8738774771609023e-05 -0.13837149632799756 0.1860913639223813 -0.015835136846119785 0.2324379880343928 2.646334166690494
26.487000000009388 4.353390159079388 -1.5521867672238479 5.8896969399757325e-05 -0.1377818529832214 0.1862126107020667 -0.015464856315203161 0.2321597234164862 2.645488749494553
26.48800000000939 4.352127137450431 -1.537590877586335 5.9059495369562026e-05 -0.13717850132182416 0.18632925928025543 -0.015086833895668356 0.23187096982120434 2.644502785239524
26.48900000000939 4.350699506181313 -1.5227164215940698 5.92262866851611e-05 -0.13656161813488837 0.18644129526859146 -0.014701165139240292 0.2315719248646096 2.6433774986650667
26.490000000009392 4.349108383324337 -1.507567533720707 5.939733007703869e-05 -0.13593137821424933 0.18654872369683848 -0.014307963204136714 0.23126280225577917 2.6421141944453845
26.491000000009393 4.347354670547943 -1.4921481703164294 5.957261440818781e-05 -0.13528794618113896 0.18665154176079998 -0.013907336734344716 0.23094380363767472 2.640714091536579
26.492000000009394 4.3454397911136216 -1.4764622840900843 5.975203755677166e-05 -0.1346315176415344 0.18674976473205004 -0.013499373109853533 0.23061516265045945 2.639178657485682
26.493000000009395 4.343366892660029 -1.4605122201327514 5.99353299307688e-05 -0.13396229183243666 0.1868434975360369 -0.013084080536133753 0.23027718377636544 2.637510101207895
26.494000000009397 4.341135676751564 -1.4443042014718144 6.0122783356449604e-05 -0.133280426855366 0.186932676121813 -0.012661698395249929 0.2299300245532616 2.635709039856536
26.495000000009398 4.338746853703255 -1.4278417539333546 6.031425943672737e-05 -0.13258609980252845 0.1870172841327315 -0.012232294347332247 0.22957388233470424 2.6337765556347095
26.4960000000094 4.336202709769228 -1.411128761491748 6.0509733510387385e-05 -0.13187949555595332 0.18709738553759425 -0.011795973898690996 0.22920902692371103 2.631714420036856
26.4970000000094 4.333504983670106 -1.3941691058755799 6.0709119760462036e-05 -0.13116080568010832 0.1871730136747008 -0.011352828660678481 0.22883570681456944 2.629524126377097
26.4980000000094 4.330655311678223 -1.3769668200956224 6.0912377155685144e-05 -0.1304302168373962 0.18724419821604424 -0.010902962703670095 0.2284541656996805 2.6272070974366524
26.499000000009403 4.327656369612513 -1.3595239815344735 6.11191430226626e-05 -0.12968793113947855 0.18731101884785809 -0.010446358758776227 0.2280646918669741 2.624765244527154
26.500000000009404 4.324509465979606 -1.3418470060686818 6.132985685007533e-05 -0.12893410206859243 0.18737349732738479 -0.009983295522757587 0.22766751276021882 2.6221997193603803
26.501000000009405 4.321217636013563 -1.3239381462055562 6.154422563073268e-05 -0.1281689289150277 0.18743173331858257 -0.009513774395591732 0.22726293339936432 2.619512520970292
26.502000000009406 4.317781807726625 -1.3058022773848164 6.176229820164771e-05 -0.12739259554500126 0.18748572010007789 -0.009037945018278782 0.22685116947305 2.6167045883227913
26.503000000009408 4.314204699329479 -1.2874428172204944 6.198398629224021e-05 -0.12660529062591194 0.18753554372319403 -0.008555886939835921 0.2264325130703471 2.613777751652619
26.50400000000941 4.310490607336931 -1.2688632086790328 6.220915227898237e-05 -0.12580723718892362 0.18758136257657565 -0.008067672495756524 0.2260073358426527 2.6107345509200988
26.50500000000941 4.306638916318101 -1.2500675705622235 6.243791170675137e-05 -0.12499855376090627 0.1876231091788883 -0.007573441863428348 0.22557576678785768 2.60757501092602
26.50600000000941 4.30265397437294 -1.2310599662753046 6.267010652756435e-05 -0.12417949225353464 0.18766093604301787 -0.007073280610342202 0.22513818981123562 2.6043017296047086
26.507000000009413 4.29853960889275 -1.2118416692063858 6.290560497324951e-05 -0.12335018881748239 0.18769500385241258 -0.006567197535617867 0.22469493015183398 2.60091664018965
26.508000000009414 4.2942952134102415 -1.1924192053486808 6.314462143086692e-05 -0.12251082535649192 0.18772522604131794 -0.006055427032242195 0.2242461393610503 2.5974200008141732
26.509000000009415 4.289925475246038 -1.1727928119935513 6.338654631238283e-05 -0.12166162609721358 0.18775178221679217 -0.0055378454141503395 0.22379220433703892 2.593814264466923
26.510000000009416 4.285432668184273 -1.15296949079409 6.363200132271204e-05 -0.12080273470589213 0.18777474838687888 -0.0050147917714720505 0.2233333942353652 2.5901008426859056
26.511000000009417 4.28081846348822 -1.1329510570658765 6.388080508077131e-05 -0.11993428787543639 0.18779417219889138 -0.004486278761467984 0.22286994238160632 2.5862806051381475
26.51200000000942 4.276087510097959 -1.1127420880660324 6.413280651564375e-05 -0.11905655828204094 0.18781021591162714 -0.003952410211704884 0.22240225452368645 2.582356235180474
26.51300000000942 4.2712423165481015 -1.092345646622912 6.438800973833267e-05 -0.11816969608349974 0.1878229668475352 -0.003413276388306592 0.221930607180668 2.578329023532605
26.51400000000942 4.2662860786615155 -1.0717652120236134 6.464637921628532e-05 -0.11727388579146986 0.1878325380290584 -0.002868972240971388 0.22145531746333805 2.574200642636077
26.515000000009422 4.261221971571639 -1.051004405835389 6.490788708642583e-05 -0.11636931443854738 0.187839040602056 -0.0023195994080443196 0.22097670252452442 2.5699727924452525
26.516000000009424 4.256054602678991 -1.0300652668849128 6.517237418890098e-05 -0.11545616340219354 0.18784266292730903 -0.0017651855076743985 0.22049514181281446 2.565647690731172
26.517000000009425 4.25078595353923 -1.0089526801590427 6.543991881750101e-05 -0.11453462410236821 0.18784345214269293 -0.0012058903396947069 0.22001090155414188 2.5612264282066066
26.518000000009426 4.245418778121147 -0.9876707073266128 6.571058072724267e-05 -0.1136048726542763 0.18784150071342162 -0.0006418475560837965 0.21952427758530482 2.5567104207425926
26.519000000009427 4.239957543847714 -0.9662207101440954 6.59838643567984e-05 -0.11266714378066287 0.1878369739613227 -7.299242776571106e-05 0.21903565783345344 2.552101816951294
26.52000000000943 4.23440529013295 -0.9446084363968709 6.62602078707524e-05 -0.11172158938110507 0.1878299862602027 0.0005004099714714363 0.21854534468271736 2.5474021415922325
26.52100000000943 4.228765777480717 -0.9228366818299139 6.653941921490566e-05 -0.11076841384709482 0.18782067478547657 0.0010783165532222527 0.2180536863931953 2.542613203996325
26.52200000000943 4.22304287764811 -0.9009090256809758 6.68214365655339e-05 -0.1098078206684016 0.18780918267617258 0.0016606327242719699 0.21756103575429295 2.537736850899874
26.523000000009432 4.217240282686098 -0.8788288503083064 6.710623933652466e-05 -0.10883999396779483 0.18779564947223037 0.002247261176683373 0.217067732356522 2.5327748384048334
26.524000000009433 4.21136199113062 -0.856599595590475 6.73937297653387e-05 -0.10786514220393378 0.18778022354784568 0.0028381184118520583 0.2165741355159324 2.527729034546625
26.525000000009435 4.205412135056053 -0.8342247478947746 6.768383296336679e-05 -0.1068834721698974 0.1877630607886841 0.003433114525244479 0.216080609715846 2.522601415354103
26.526000000009436 4.199394491943728 -0.8117078580668907 6.797652800876598e-05 -0.10589517536531406 0.18774430318690805 0.00403214667160444 0.21558749906144745 2.5173937001784106
26.527000000009437 4.193313416310357 -0.7890521799568591 6.827169297446267e-05 -0.10490046355100292 0.18772411685241275 0.004635140347340866 0.21509517853097768 2.51210790162633
26.52800000000944 4.187174854147113 -0.7662592746926601 6.856888885126094e-05 -0.10389958618734137 0.18770274036188736 0.005242139256518149 0.21460410707450964 2.5067468245471236
26.52900000000944 4.180980104739806 -0.7433358744276042 6.886863449269149e-05 -0.10289268657818947 0.18768019983465903 0.005852831672349639 0.21411449740697136 2.501310961069672
26.53000000000944 4.1747346410966895 -0.7202842159397667 6.917064075473577e-05 -0.10187999542227892 0.18765671458230257 0.006467207959530818 0.21362677915902575 2.4958028406772614
26.531000000009442 4.1684429851581335 -0.6971076484526693 6.947479269840786e-05 -0.1008617292029871 0.18763245819391727 0.007085189080439257 0.21314133266453597 2.4902245603451068
26.532000000009443 4.162109275382129 -0.6738096330544786 6.978103829192517e-05 -0.09983808811558659 0.18760758911341674 0.007706679401014806 0.2126585155570175 2.48457797036531
26.533000000009444 4.155738404145512 -0.6503935503501053 7.008930029046331e-05 -0.09880928549617496 0.1875823012523871 0.00833158942465663 0.21217872189677023 2.478865319243785
26.534000000009446 4.149334902007749 -0.6268624102043084 7.03993911047499e-05 -0.09777554290661543 0.1875567672857198 0.00895986534926645 0.21170233095653443 2.473088656288715
26.535000000009447 4.142903374867059 -0.6032199936002348 7.07113546117952e-05 -0.09673705514961686 0.18753117165776315 0.009591379286037057 0.21122971556805653 2.4672500702829683
26.536000000009448 4.136448502495117 -0.5794698669760172 7.102510583912402e-05 -0.09569404046168259 0.1875056955859866 0.010226036959679066 0.21076125613823699 2.4613516981632406
26.53700000000945 4.129974873114632 -0.5556151633914843 7.134052697672536e-05 -0.09464670979221641 0.18748051808255262 0.010863765715279833 0.21029732699326176 2.4553956978800846
26.53800000000945 4.123487447191659 -0.5316592997136173 7.165759300295248e-05 -0.09359526591853404 0.18745583973580848 0.011504462349129501 0.2098383146790899 2.449384306160681
26.53900000000945 4.116990888018685 -0.5076055024131556 7.197619471775324e-05 -0.09253992060507546 0.18743184307416555 0.012148047413049715 0.20938459293778516 2.443319697138731
26.540000000009453 4.110490006706064 -0.4834572875715658 7.229629434661731e-05 -0.09148087794689501 0.1874087206724306 0.01279441419399495 0.20893653737099052 2.437203946117834
26.541000000009454 4.103989603518646 -0.4592184950877151 7.261786457145696e-05 -0.09041835768788287 0.1873866592952054 0.013443449039645452 0.2084945222562762 2.4310397180961623
26.542000000009455 4.097494240939897 -0.43489165684546827 7.29408388282515e-05 -0.08935253278938159 0.18736584829195901 0.014095083317896249 0.20805890414923692 2.4248287470898386
26.543000000009457 4.091008724004186 -0.41048049965054095 7.326515501207282e-05 -0.08828362530057317 0.1873464740608994 0.014749211818477733 0.20763005343285348 2.4185736025953304
26.544000000009458 4.084537612786384 -0.3859883440383047 7.359083425947784e-05 -0.0872118180619243 0.18732872241849058 0.015405723583157659 0.2072083197454454 2.4122765186775625
26.54500000000946 4.0780866821811115 -0.36141893678886605 7.391777316009632e-05 -0.08613735355345381 0.18731282407156394 0.016064517765241298 0.20679411613942772 2.4059404312105914
26.54600000000946 4.071659443188804 -0.33677579976430094 7.424599866761641e-05 -0.08506040659302583 0.1872989125495267 0.016725477706669264 0.20638773465621066 2.399567007536555
26.54700000000946 4.065261318203009 -0.3120621460067546 7.457548304302985e-05 -0.08398117857406338 0.18728721282264235 0.01738850311131703 0.2059895591577756 2.3931590858470217
26.548000000009463 4.058896860607392 -0.2872816516778715 7.490615652001601e-05 -0.08289988591004613 0.1872778999884088 0.018053490437758446 0.2055999305081433 2.386719081621183
26.549000000009464 4.052570397590043 -0.26243744048634426 7.523803046193513e-05 -0.08181670170758322 0.1872711501722418 0.01872033432191841 0.2052191688957598 2.3802493637195883
26.550000000009465 4.04628724282691 -0.23753346504461087 7.557113518892726e-05 -0.08073183832811376 0.1872671792885592 0.019388898508909683 0.20484763982999385 2.373752911943403
26.551000000009466 4.040051832348237 -0.21257324636549946 7.590541649057877e-05 -0.07964550069440633 0.18726615961386317 0.0200590800374527 0.2044856645570454 2.367232254938606
26.552000000009468 4.033868851724327 -0.1875604731300589 7.624088229321772e-05 -0.0785578879178131 0.18726827806685806 0.02073075596074344 0.20413356893695278 2.3606902111754264
26.55300000000947 4.027742961852403 -0.16249866333927107 7.657747488759077e-05 -0.07746920751284059 0.1872737177560509 0.021403821812080837 0.20379167564697995 2.354129573186841
26.55400000000947 4.02167861680144 -0.13739191996582234 7.691526256327783e-05 -0.07637965615457225 0.18728265406594263 0.02207812971785295 0.20346028654288426 2.3475532040351013
26.55500000000947 4.015680313372155 -0.11224396916296177 7.72542103124151e-05 -0.07528944084736239 0.1872952614656743 0.022753563753606456 0.20313970447476093 2.3409640865392944
26.556000000009472 4.0097527141272735 -0.08705854927666672 7.759427155406877e-05 -0.07419877367775046 0.18731172157193074 0.023430009080507117 0.2028302353670063 2.3343653423112367
26.557000000009474 4.003899764025801 -0.0618398575181764 7.793549487379959e-05 -0.07310785331642597 0.1873321821244556 0.024107320522936796 0.20253213961947342 2.3277598631921284
26.558000000009475 3.9981253504840657 -0.03659068063130334 7.827779317092961e-05 -0.07201685262385396 0.18735679617395812 0.02478541864918463 0.2022456751380146 2.321150351057597
26.559000000009476 3.9924350067171095 -0.011316564171775144 7.86211326534933e-05 -0.0709260588640984 0.18738576784746386 0.02546413019725953 0.2019711705775855 2.3145411033070915
26.560000000009477 3.98683264790452 0.013978974395905463 7.896546914001922e-05 -0.06983566382656753 0.18741924540457922 0.02614334648817987 0.20170886955144107 2.3079352119413867
26.56100000000948 3.9813221598355844 0.039291654450823194 7.931080131796647e-05 -0.06874587571616121 0.1874573705049868 0.026822925671235974 0.20145900457956806 2.3013359254758896
26.56200000000948 3.9759076623560343 0.06461709181677348 7.965711416970624e-05 -0.06765691307994799 0.18750029381747027 0.02750272554611398 0.20122181288719718 2.294746837764058
26.56300000000948 3.9705932396665955 0.08995113776297067 8.00043295478655e-05 -0.06656899763479952 0.1875481632005516 0.028182621377745024 0.20099752514328134 2.2881716155471796
26.564000000009482 3.9653827893793805 0.11528895405685087 8.035240004934832e-05 -0.06548236948441456 0.1876011110112499 0.02886246533632948 0.2007863528012786 2.2816139345660433
26.565000000009483 3.960278589844422 0.14062609330374184 8.070139153979646e-05 -0.0643972031442143 0.1876592044583968 0.029542096835110745 0.20058841510957362 2.275076762523521
26.566000000009485 3.9552864046470186 0.16595867233280368 8.105109118710955e-05 -0.0633137652815709 0.18772266561629913 0.030221424640382806 0.20040400836189143 2.268565065557437
26.567000000009486 3.9504091791079583 0.19128191202670136 8.140147586308315e-05 -0.062232271488633015 0.187791584039143 0.030900295300946692 0.200233271211982 2.2620824313380092
26.568000000009487 3.9456503956137627 0.21659116707668805 8.17524741540427e-05 -0.061152950221494196 0.18786607350290202 0.03157856748666588 0.20007636246868404 2.255632826217442
26.56900000000949 3.94101401395701 0.24188192313552886 8.210397809273531e-05 -0.06007603932258767 0.18794626977257445 0.032256109769794684 0.19993345752923766 2.249220608772542
26.57000000000949 3.9365023889716015 0.2671490072352039 8.245600883048273e-05 -0.0590017482689095 0.18803223319594667 0.03293274663959948 0.19980463663456532 2.2428494554827374
26.57100000000949 3.9321192665172338 0.2923882110972482 8.280836723037809e-05 -0.05793031699398145 0.18812408771356212 0.03360837084839279 0.19969005131995507 2.2365236120744414
26.572000000009492 3.9278686404100203 0.3175949101584481 8.31609307158344e-05 -0.05686198430579157 0.18822197072530192 0.03428284476613597 0.19958985186669054 2.230247448759008
26.573000000009493 3.9237516446076013 0.342763292555321 8.351370666663244e-05 -0.05579698338014857 0.18832587033880857 0.03495599080247374 0.1995040302504612 2.2240254357895575
26.574000000009494 3.919771499421534 0.36788854498700563 8.386665953618093e-05 -0.05473552507323817 0.18843589145870013 0.03562764472475528 0.19943267526539246 2.2178615944098654
26.575000000009496 3.915930934749958 0.3929658515725088 8.421962784257456e-05 -0.05367784832257475 0.1885521045595078 0.03629767459151687 0.19937584787308757 2.2117604623296985
26.576000000009497 3.9122324406224296 0.41799002302810356 8.457254229605037e-05 -0.05262418288167411 0.18867457027397214 0.036965920225673916 0.19933358309668447 2.205726451094044
26.577000000009498 3.9086782837508425 0.44295581098038983 8.49253556889977e-05 -0.05157474911263409 0.18880334014541636 0.03763221227958393 0.19930589403515545 2.199763937662908
26.5780000000095 3.905270695516893 0.46785817841883465 8.527793349587812e-05 -0.05052978054770899 0.1889384599287115 0.038296407228346395 0.19929278754895344 2.1938774224339497
26.5790000000095 3.9020117884180614 0.49269182481158424 8.563016703768504e-05 -0.049489510959658006 0.18907996892241274 0.03895834706398542 0.19929425267348935 2.1880713893813573
26.580000000009502 3.8989035291601173 0.5174515018191727 8.598196386467918e-05 -0.04845416522721726 0.18922790141753482 0.03961787073864967 0.19931026186479986 2.1823503213319158
26.581000000009503 3.8959466533034175 0.5421318710769231 8.633328310829047e-05 -0.04742394815042 0.18938223329172063 0.0402748135518219 0.19934071774569148 2.1767180441424534
26.582000000009504 3.8931446448495475 0.566727565892173 8.668389963463371e-05 -0.04639912970367266 0.1895430643999727 0.04092902382847958 0.19938565016305132 2.1711802662255906
26.583000000009505 3.8904987987351753 0.5912341994981173 8.703376016709335e-05 -0.04537988910710368 0.18971040809668427 0.04158036505943802 0.1994449799670567 2.165740539920491
26.584000000009507 3.8880093689327255 0.6156451183226288 8.738282032226754e-05 -0.044366466166382706 0.18988420317433552 0.04222862545789412 0.1995185473666752 2.160403658988808
26.585000000009508 3.885678272700427 0.6399549703180281 8.773088322158669e-05 -0.043359110423132334 0.19006447360627404 0.042873662029649574 0.1996062811630637 2.1551742320649176
26.58600000000951 3.8835067120084545 0.6641580858671818 8.807790908940729e-05 -0.04235803643330888 0.19025121624525076 0.04351528980387561 0.19970805937667607 2.15005676114741
26.58700000000951 3.8814944112925787 0.6882480333944329 8.842385308092895e-05 -0.04136346617438825 0.19044434811610705 0.04415330416752502 0.19982367310265997 2.145054985393316
26.58800000000951 3.8796426245633593 0.7122206482959645 8.87684740484733e-05 -0.04037560737665677 0.1906438710755678 0.04478760772354078 0.19995300711744604 2.1401734365503997
26.589000000009513 3.87795182942807 0.7360705031752917 8.911163808901093e-05 -0.0393946756003243 0.1908497435562635 0.04541804225827242 0.20009588612392948 2.1354162990728907
26.590000000009514 3.8764232154232214 0.7597916574429981 8.945319297319457e-05 -0.038420920438351075 0.19106195092900863 0.04604443882429752 0.20025215745847405 2.130788111252103
26.591000000009515 3.875056257178578 0.7833783853268559 8.979312743010752e-05 -0.03745452780487176 0.1912804078024066 0.0466666089866678 0.20042157682359307 2.1262928217261536
26.592000000009516 3.8738512531660794 0.8068258676072064 9.013112375829823e-05 -0.03649572118725233 0.19150506108373097 0.04728444254843506 0.20060394959416292 2.1219336774526765
26.593000000009518 3.8728081813457234 0.8301277853846671 9.046717239240305e-05 -0.03554472776203047 0.19173583910864334 0.04789774464275172 0.2007990378767654 2.117715461003831
26.59400000000952 3.8719267889868183 0.8532788542934602 9.080111426953753e-05 -0.03460174809282394 0.1919726666011476 0.04850636365287678 0.2010065994137002 2.11364188148286
26.59500000000952 3.871208308830933 0.876274659772971 9.113271443058604e-05 -0.033667000092906 0.19221554158337617 0.04911019855648837 0.2012264717270172 2.10971650103117
26.59600000000952 3.8706517360041968 0.8991068871974266 9.14619433101955e-05 -0.032740757559825535 0.1924643256487117 0.04970898423024937 0.20145832563140148 2.105944047574563
26.597000000009523 3.8702526785367546 0.9217754424873343 9.178846555519502e-05 -0.03182302394247527 0.19271878746418444 0.05030277864283045 0.20170177350161908 2.1023247126074947
26.598000000009524 3.8700145059565245 0.9442693424681879 9.211230051696083e-05 -0.030914219473737424 0.19297897356759158 0.05089122030238104 0.20195665254885042 2.0988651911413734
26.599000000009525 3.869935006656939 0.9665848531010015 9.243318115394486e-05 -0.03001449532056529 0.1932447214021115 0.051474240379483345 0.20222262410960046 2.0955676498724265
26.600000000009526 3.870013115248999 0.9887162405985741 9.275102061348848e-05 -0.029124047252043442 0.19351591428163376 0.05205166839538304 0.20249937133566315 2.0924353093529793
26.601000000009527 3.870248624833214 1.010656852334539 9.306563686511596e-05 -0.028243137014324536 0.19379246038412926 0.05262332409156555 0.20278660391798606 2.089471854726974
26.60200000000953 3.870639982124035 1.0324030390086363 9.337683645964064e-05 -0.027371907830553623 0.1940742340443996 0.05318912736819045 0.20308400460990106 2.086679572118034
26.60300000000953 3.8711845781169485 1.053948609820517 9.368452820741241e-05 -0.026510552392628218 0.19436103851788133 0.053748900167050855 0.20339116733791376 2.084060691300547
26.60400000000953 3.8718811136284694 1.07528822101956 9.398855173832536e-05 -0.02565927029842866 0.1946527440479062 0.05430250421856509 0.20370775852194434 2.0816179951858147
26.605000000009532 3.8727282548348057 1.0964165349955897 9.428881060495117e-05 -0.024818243314200034 0.1949492242441736 0.05484978675371324 0.20403343927291853 2.079353808550737
26.606000000009534 3.873724472158269 1.1173281121305298 9.4585001963891e-05 -0.023987710833754897 0.1952503254675661 0.05539064467184509 0.20436786289286518 2.0772706546167963
26.607000000009535 3.874867208586494 1.1380175743309557 9.48771199612347e-05 -0.02316781202669261 0.19555587002418492 0.055924901128367344 0.20471062596073936 2.0753699218405615
26.608000000009536 3.8761536979041304 1.158478420539195 9.51652308338124e-05 -0.02235871878667272 0.19586565957600047 0.05645234308013837 0.2050612980212523 2.0736533047275056
26.609000000009537 3.877582570703682 1.1787081596231774 9.544891670961468e-05 -0.02156059666848649 0.19617957151294071 0.05697298332970418 0.20541958143562877 2.072122760270744
26.61000000000954 3.8791516679203717 1.198699919422648 9.57281579928386e-05 -0.020773656476669768 0.1964974275025644 0.057486612961011534 0.2057850686718193 2.0707797813237674
26.61100000000954 3.8808583682709124 1.2184495112822369 9.600280467212199e-05 -0.019998043743882865 0.1968190451910322 0.057993138688248465 0.20615737299065062 2.0696254035491215
26.61200000000954 3.8827006910253905 1.23795203108542 9.627276495857324e-05 -0.019233918982358537 0.19714427143131413 0.05849242668587721 0.20653612608259678 2.0686606264296707
26.613000000009542 3.88467553637096 1.257202520253001 9.65380075826123e-05 -0.01848142044449674 0.1974729008423195 0.058984336641831094 0.2069209062366673 2.067886307378896
26.614000000009543 3.8867789213442605 1.276196335733475 9.6798410022399e-05 -0.017740682768486792 0.19780468293737566 0.05946875699894871 0.2073112574754391 2.067302343509964
26.615000000009545 3.8890085857423973 1.2949285090258287 9.705390373026008e-05 -0.017011870022336173 0.1981394489923338 0.05994555912300455 0.20770680062822244 2.066909471669327
26.616000000009546 3.891361653089966 1.313394627684953 9.730438769578501e-05 -0.016295117353397483 0.19847700646308844 0.06041463072311899 0.20810713719024795 2.0667076574562198
26.617000000009547 3.8938347291043467 1.3315900193309624 9.75497784942038e-05 -0.015590567007859537 0.19881713396089706 0.060875858721110294 0.20851184309550483 2.066696608193184
26.61800000000955 3.8964246515031578 1.3495103120902938 9.779003302666725e-05 -0.014898341645248 0.19915962794861247 0.061329127544006164 0.2089205108976073 2.066876002407851
26.61900000000955 3.899127768190955 1.3671515280575846 9.802514461550617e-05 -0.014218534878207548 0.19950426827407117 0.06177432642302212 0.20933271889189575 2.0672450017907917
26.62000000000955 3.9019417681420836 1.3845080001509869 9.825499714716779e-05 -0.013551349486060914 0.19985087172698687 0.062211319632196095 0.20974808293118963 2.0678036451628663
26.621000000009552 3.9048620627976316 1.40157754617922 9.847946903368145e-05 -0.012896830626927935 0.20019918452055607 0.06264008112587498 0.21016617588558706 2.0685498463244083
26.622000000009553 3.907885573368927 1.418355483261087 9.869858385717507e-05 -0.012255102997066366 0.20054900691268476 0.06306047675106852 0.2105865984605973 2.0694826935295385
26.623000000009554 3.9110084676173833 1.434838064520425 9.891218258546266e-05 -0.01162629080961407 0.2009001006547746 0.06347244291318399 0.21100893841365032 2.0706004327790497
26.624000000009556 3.914227278060628 1.4510213190153134 9.912029711484171e-05 -0.011010485550555166 0.20125225603821992 0.06387586653094177 0.211432797071814 2.0719015370173786
26.625000000009557 3.9175371133305066 1.4669058355755993 9.932265385312317e-05 -0.010407654010262472 0.2016052281051416 0.0642708283808983 0.2118577981620936 2.0733816595351424
26.626000000009558 3.9209359808608317 1.4824819541250023 9.951947408902458e-05 -0.009818100528361228 0.2019588185927623 0.0646570324189496 0.2122835164269576 2.0750421981774765
26.62700000000956 3.9244196266170723 1.497748262265863 9.971059812714791e-05 -0.009241850935199062 0.2023127977169342 0.06503447817315142 0.212709574960827 2.0768796162540064
26.62800000000956 3.9279843444235802 1.5127011761935734 9.989596778359405e-05 -0.00867900973186621 0.20266693995863275 0.0654030940560265 0.21313558706659788 2.0788914204401534
26.62900000000956 3.931626209461945 1.5273381493277753 0.00010007553923021268 -0.008129634025107501 0.20302102275003966 0.06576283272510837 0.21356117811036 2.081074869925616
26.630000000009563 3.93534093460032 1.541655493040774 0.00010024930656728779 -0.007593810842737938 0.2033747956832627 0.06611360887509543 0.2139859405680972 2.0834265598807638
26.631000000009564 3.9391252743155283 1.5556505586786118 0.00010041720605823604 -0.007071619274825904 0.20372806541134975 0.0664553801286794 0.2144095379955532 2.0859436277175605
26.632000000009565 3.942975154214905 1.5693200768823725 0.000100579135366986 -0.006563156284826529 0.2040805895961588 0.06678809288603726 0.2148315885099042 2.088622824278473
26.633000000009567 3.9468865704336666 1.5826622374496855 0.00010073493832184804 -0.00606848524393554 0.20443214048596067 0.06711175453929706 0.21525174604209435 2.091460466663502
26.634000000009568 3.95085593773822 1.595673241147301 0.00010088473239105541 -0.005587681216213949 0.20478250798185135 0.06742625259779801 0.21566964852777293 2.094453087352218
26.63500000000957 3.954879375778208 1.6083508915382707 0.0001010284369004846 -0.005120802271125311 0.20513147227851145 0.06773156385171071 0.21608495615578616 2.0975968425095632
26.63600000000957 3.958953259289295 1.6206924280609123 0.00010116601023660906 -0.0046679250594153805 0.2054788209307683 0.06802764230993125 0.21649733368729282 2.1008880283141895
26.63700000000957 3.963073538226868 1.63269575945959 0.00010129739537544945 -0.0042290961337000275 0.20582432900569897 0.06831446362830404 0.2169064443615661 2.104322478440218
26.638000000009573 3.967236685068089 1.6443586108303334 0.00010142253548552886 -0.003804384518205919 0.206167791902333 0.06859200532114394 0.21731197609294775 2.1078959581752557
26.639000000009574 3.971438696574795 1.6556785648729329 0.00010154151117794742 -0.003393820297914604 0.20650899204222778 0.06886020711126488 0.21771359611636046 2.1116039767966748
26.640000000009575 3.975675546533349 1.6666533781211614 0.00010165425391097154 -0.002997466615819325 0.2068477005544525 0.06911905067360383 0.2181109790835794 2.1154421849445626
26.641000000009576 3.979943880177306 1.677283999031195 0.00010176071813737666 -0.0026152618274451656 0.2071837626715931 0.069368593231353 0.21850389661532818 2.1194057843462635
26.642000000009578 3.9842396066828654 1.6875644799062464 0.00010186102355165004 -0.0022473687608881208 0.2075169146918166 0.06960867648947582 0.21889195597868508 2.123490083485256
26.64300000000958 3.988557645107508 1.6974946516817315 0.00010195524014784594 -0.0018937201696186707 0.20784691306487194 0.06983930755874711 0.21927483742318116 2.127689642985641
26.64400000000958 3.9928960794575987 1.7070735650682964 0.00010204316324947298 -0.00155439485018955 0.20817363499553307 0.07006053360446343 0.21965235445937262 2.1320007124850844
26.64500000000958 3.997250412412871 1.716298580052311 0.00010212493199516538 -0.0012294138885583495 0.20849684007302322 0.07027228016565194 0.2200241739869169 2.136417819214225
26.646000000009582 4.001616875751206 1.7251687052528233 0.00010220056808669585 -0.0009187761579430848 0.2088163328044673 0.07047454481944215 0.22039003258550965 2.140936035951009
26.647000000009584 4.005991291053782 1.7336831681114673 0.00010227006591715163 -0.0006224738366115181 0.2091318984949571 0.07066733903171478 0.22074965741220445 2.1455498505275172
26.648000000009585 4.010369655076609 1.7418404415115185 0.00010233360981452814 -0.00034048424674051816 0.2094433359550013 0.07085061068493366 0.22110277234786058 2.1502540168775246
26.649000000009586 4.014748433950391 1.749639764548516 0.0001023911604197372 -7.281724562039187e-05 0.20975045885644564 0.0710243789702028 0.22144914247055403 2.1550433784046246
26.650000000009587 4.019123344978558 1.7570811471225891 0.00010244276763086684 0.0001805794967237925 0.21005306108429644 0.07118866562517304 0.22178851907465927 2.1599123720754143
26.65100000000959 4.023490859161284 1.7641628074489535 0.0001024884900508015 0.00041968055135959933 0.21035095118662558 0.07134343948602351 0.22212065449790847 2.16485556885416
26.65200000000959 4.027846760382554 1.7708846549019788 0.00010252846307170417 0.0006445541200303696 0.21064393095193773 0.07148869992782556 0.2224453085912783 2.169867592740652
26.65300000000959 4.032186919242794 1.7772467412861177 0.00010256266411704854 0.0008552310399311715 0.21093179560532957 0.07162448853846383 0.22276225258292018 2.174942662958789
26.654000000009592 4.0365075257378304 1.7832477686585246 0.00010259127294983635 0.0010517384831054257 0.21121435557605478 0.0717507611868115 0.22307124845244358 2.1800754364758292
26.655000000009593 4.040804639896981 1.7888883767979689 0.00010261433825756877 0.0012341445832985483 0.21149142724522924 0.07186755906919223 0.22337209529760071 2.1852602889700883
26.656000000009595 4.0450745206140954 1.7941693218161445 0.00010263190028337338 0.0014025210008453146 0.21176283874013796 0.07197492522629857 0.22366460783452252 2.190491060007212
26.657000000009596 4.049312673567954 1.7990897794552485 0.00010264416658782254 0.001556924416456293 0.21202837351905549 0.07207282728493289 0.22394853789122723 2.195762088579822
26.658000000009597 4.0535163669504035 1.8036501537437564 0.00010265109439785796 0.0016973773078857867 0.21228789704846374 0.07216131626019771 0.22422374514620155 2.2010692792371267
26.6590000000096 4.057681828486976 1.807851142501826 0.00010265280752582138 0.0018239682246143538 0.21254124077070338 0.07224041560509674 0.2244900521965987 2.2064067106904357
26.6600000000096 4.061806359355502 1.811693591070147 0.00010264939154478687 0.0019367568593985402 0.21278828369015942 0.07231016843884 0.22474733627473675 2.2117723219430276
26.6610000000096 4.065884925093371 1.8151772501112013 0.00010264089122052969 0.0020358060739837196 0.21302878306809872 0.07237058307215616 0.22499535154320363 2.2171553808659907
26.662000000009602 4.069914910333837 1.8183034162639888 0.00010262736558021041 0.0021211886820738254 0.21326262597830645 0.07242171753944675 0.2252339944412286 2.222552664149695
26.663000000009603 4.073893217382447 1.82107249147046 0.00010260895598882687 0.002192973617709856 0.21348967326137294 0.07246358531264507 0.22546312540834418 2.2279597282284107
26.664000000009604 4.077817029522331 1.8234857417739416 0.0001025857087994203 0.002251239760887042 0.2137098031435729 0.07249624077238716 0.22568263771556202 2.2333713017062937
26.665000000009606 4.081683307289163 1.825544087345072 0.00010255762561058835 0.0022960426006315795 0.2139228755589523 0.07251974128067444 0.22589241105989122 2.238782401497618
26.666000000009607 4.085489244109953 1.8272483544274927 0.00010252481592536935 0.0023274584883579454 0.2141287685742193 0.07253411600843006 0.22609233640097354 2.2441880828351586
26.667000000009608 4.0892324110109355 1.8285998822418859 0.00010248736095614781 0.0023455703430156146 0.21432738217589237 0.0725394143670875 0.22628233489895996 2.2495838272106052
26.66800000000961 4.092910250182832 1.8295998670607472 0.00010244530672761303 0.002350449195189876 0.21451860600309533 0.0725356899610878 0.22646232192367338 2.254964902747523
26.66900000000961 4.096520549985036 1.8302495920508897 0.00010239870304604922 0.0023421659115339137 0.21470234769633867 0.07252299675673299 0.2266322327164734 2.260326961080332
26.670000000009612 4.1000611811205605 1.8305504648925397 0.00010234762751551599 0.0023208014840529075 0.21487852230086193 0.07250138599590161 0.22679201140484892 2.265665672291733
26.671000000009613 4.103530135384789 1.8305041451344695 0.00010229205152111934 0.0022864191827836424 0.2150470459929164 0.07247093896639029 0.22694161517365907 2.270976860950625
26.672000000009614 4.106925215781622 1.8301115250300937 0.00010223207002731392 0.002239086008696317 0.21520782588772905 0.07243168904394948 0.22708097984471715 2.2762561873458633
26.673000000009615 4.110245206943425 1.8293749876682948 0.00010216768548048304 0.0021788900553213033 0.21536082699385736 0.07238372846395442 0.22721011753813875 2.2815000412653337
26.674000000009617 4.11348842659023 1.8282962177564974 0.00010209892765521156 0.002105904920334973 0.2155059855560958 0.0723271262885166 0.2273290079228621 2.286704542541136
26.675000000009618 4.116653248041253 1.8268767544530449 0.00010202580757010173 0.0020201948456629293 0.21564323778333574 0.07226194992089105 0.22743763231986058 2.2918658822400597
26.67600000000962 4.119738109484113 1.825118319740096 0.00010194845350590123 0.0019218589470550375 0.21577253366862054 0.07218824488516581 0.22753598073093634 2.296980500724783
26.67700000000962 4.122741492820434 1.8230230672357823 0.0001018667661446821 0.00181095159166884 0.21589381192068177 0.07210612619642151 0.22762405629977764 2.3020448498708026
26.67800000000962 4.125662809800973 1.8205928482046123 0.00010178079170316452 0.001687551976328749 0.21600706804285466 0.07201565017295088 0.2277018997416932 2.307055404634324
26.679000000009623 4.128500572415803 1.8178296092566362 0.00010169057226560105 0.0015517394644752793 0.21611224968746034 0.07191689458868207 0.22776951527283107 2.31200921262812
26.680000000009624 4.131253460009047 1.8147350373646922 0.00010159615329232747 0.0014035898002732585 0.21620931239874078 0.07180992118519897 0.22782691152032106 2.3169027508500757
26.681000000009625 4.133920471784642 1.8113119045636497 0.00010149750952984894 0.001243195649590928 0.21629823378039356 0.07169483870978959 0.22787413492883235 2.3217331633128024
26.682000000009626 4.136500566539408 1.8075621055558788 0.00010139475726964216 0.0010706533229618085 0.2163789899160859 0.07157169907481511 0.22791121447638216 2.326497376170802
26.683000000009628 4.138992827259573 1.8034881080799183 0.00010128779116940325 0.0008860247744353481 0.21645155343528935 0.07144061907802174 0.22793819793685707 2.331192589776983
26.68400000000963 4.141396265189739 1.7990919544456838 0.00010117671757006586 0.0006894086281424342 0.21651590394032877 0.07130165670829948 0.22795512319906833 2.3358159014118955
26.68500000000963 4.143710037401073 1.7943762484582213 0.00010106152488907299 0.0004808942958934718 0.2165720259620022 0.07115491090449666 0.22796204735533684 2.340364735929639
26.68600000000963 4.145933522046908 1.7893439974924699 0.00010094222788435857 0.0002605890346504805 0.2166199211400544 0.07100048575924514 0.22795904702252365 2.344836704312354
26.687000000009633 4.148065451884721 1.783996771463467 0.00010081883692480288 2.8556334639698766e-05 0.21665954361829645 0.07083844654755854 0.22794614312513395 2.3492288115754296
26.688000000009634 4.150105623233047 1.7783372099555548 0.00010069145721637257 -0.00021509419717912566 0.21669091717672734 0.07066886564733794 0.22792342666844598 2.353539642092774
26.689000000009635 4.152052509451533 1.7723679839912645 0.0001005600627080415 -0.0004702616437320792 0.21671399432055205 0.07049184633925025 0.22789093198435584 2.357765532157302
26.690000000009636 4.153905807503534 1.7660914038886704 0.00010042469618153942 -0.0007368621905014051 0.21672878534838852 0.0703074664069289 0.22784874192550875 2.361904665346103
26.691000000009637 4.155664746468835 1.7595102625337415 0.00010028537153018413 -0.001014793628365723 0.21673528244510865 0.07011582351470941 0.22779692967600565 2.365954830028599
26.69200000000964 4.15732856547703 1.7526270643499258 0.00010014205676947587 -0.001303974170367679 0.21673347174296037 0.06991701546336854 0.22773556413897786 2.3699140482733267
26.69300000000964 4.158896620488167 1.7454440822497606 9.999497606769541e-05 -0.0016042706739339844 0.21672336072919596 0.06971107774428772 0.22766471648110642 2.3737801249064883
26.69400000000964 4.1603683575222 1.737963969872961 9.984410354870214e-05 -0.0019155969927387186 0.21670494767301188 0.06949811045974659 0.227584470505517 2.377551265153728
26.695000000009642 4.161743094169728 1.7301892693846153 9.968952041969204e-05 -0.0022378420070369516 0.21667823147212795 0.06927818513230534 0.22749490294501873 2.381225696716302
26.696000000009644 4.163021757543906 1.7221234073228886 9.953125094467325e-05 -0.0025709105450576137 0.21664329155069248 0.06905142528104403 0.22739618441894013 2.384801772299591
26.697000000009645 4.164201785820254 1.713767655541927 9.936934809203767e-05 -0.0029147031137223543 0.2166000231891451 0.06881785528821686 0.22728828114588154 2.388277595919687
26.698000000009646 4.165283596470224 1.705124953103616 9.92038471709992e-05 -0.0032691289789812394 0.21654847736503705 0.0685775777588788 0.22717133275277548 2.3916516151866363
26.699000000009647 4.166266945245959 1.696198387372481 9.903482825434953e-05 -0.003634061449859713 0.21648868021900455 0.06833067768426777 0.22704545046835678 2.3949225474818774
26.70000000000965 4.1671517242805685 1.686990113454726 9.886235875558786e-05 -0.00400941547132234 0.21642065259432702 0.06807721829069809 0.22691073560317815 2.398089221584143
26.70100000000965 4.167937121229351 1.6775029552996032 9.86864305946275e-05 -0.004395089262628688 0.21634438369752448 0.06781729941483489 0.22676727115483297 2.4011499798018594
26.70200000000965 4.168623062187866 1.667739066097288 9.85072128947266e-05 -0.004790972305449155 0.21625990355125052 0.06755096043649765 0.22661516179532434 2.404103698236243
26.703000000009652 4.169209563034794 1.6577009611441391 9.832475391541511e-05 -0.005196971020627464 0.21616724176769905 0.06727827744701319 0.22645452421508688 2.406949371842142
26.704000000009653 4.1696962254713075 1.6473912831056645 9.813912213628504e-05 -0.005612976451079733 0.21606641107881652 0.06699932609324455 0.22628545953743784 2.4096858033230757
26.705000000009655 4.17008303107031 1.6368124329709597 9.795037021265469e-05 -0.0060388969756124495 0.21595743871048412 0.06671417734632047 0.22610808271725022 2.4123120712687642
26.706000000009656 4.170369916221832 1.6259671613747384 9.775858819441434e-05 -0.006474618618515328 0.2158403562398129 0.0664229041595033 0.22592251385146883 2.4148272960254955
26.707000000009657 4.170557079901251 1.6148581358981113 9.75637915048224e-05 -0.006920050427197113 0.2157152019845626 0.06612559123373112 0.22572888446356634 2.417230807998666
26.70800000000966 4.170644103505913 1.6034877372718335 9.736611366002611e-05 -0.007375076363361999 0.2155819893692229 0.06582229168761997 0.22552729319256967 2.419521589946551
26.70900000000966 4.170631191847774 1.5918585024851355 9.71656892954719e-05 -0.007839581451350502 0.21544076405007645 0.06551305981854413 0.22531787070403717 2.4216991116303817
26.71000000000966 4.170518514127472 1.5799732733784124 9.696251391970391e-05 -0.008313472455895591 0.2152915633653333 0.06519798963534419 0.2251007528487071 2.4237627623835656
26.711000000009662 4.170306094754673 1.5678347478751087 9.675662698659931e-05 -0.008796648495539587 0.21513441923923812 0.06487716085712301 0.2248760666834943 2.42571201633694
26.712000000009663 4.169994121000964 1.555445526434135 9.654811046430454e-05 -0.00928900405841302 0.21496937349928658 0.064550640655812 0.2246439457188837 2.4275463786289735
26.713000000009664 4.169582720710937 1.542808330272395 9.633701078490407e-05 -0.009790436358018562 0.21479646394818225 0.06421850701410986 0.2244045235993349 2.429265432033931
26.714000000009666 4.169072278610461 1.5299258102492475 9.612347683720122e-05 -0.010300823157211583 0.2146157474490994 0.06388081158571712 0.22415794453844737 2.4308689807803825
26.715000000009667 4.168462934836009 1.5168009694012627 9.590744846738682e-05 -0.010820076454122017 0.21442725805164092 0.06353766296415785 0.22390434936589546 2.4323566900166034
26.716000000009668 4.167755196646157 1.503436546746654 9.568904911055411e-05 -0.011348078141655591 0.2142310577512296 0.06318912043351275 0.22364389087091285 2.4337284668520267
26.71700000000967 4.166949095038128 1.4898353122256567 9.546833188431829e-05 -0.011884718823958123 0.21402718105472765 0.06283525972463475 0.2233767011942383 2.434984016181476
26.71800000000967 4.166045075158459 1.4760000965521156 9.524537830896704e-05 -0.012429885548549542 0.2138156851093899 0.06247615123506434 0.22310293303023707 2.4361232606985004
26.71900000000967 4.165043429418515 1.4619334447638497 9.502023137134176e-05 -0.012983482839577502 0.2135966138381624 0.06211186542237697 0.22282272796109048 2.4371461525795937
26.720000000009673 4.16394485372204 1.4476387223089033 9.479294751979683e-05 -0.013545385717708762 0.21337004090125353 0.06174249109714266 0.2225362600461436 2.438052875102487
26.721000000009674 4.162749612119641 1.433118304487904 9.456359873457479e-05 -0.014115496792327925 0.21313600917369147 0.06136808661340575 0.22224366742558174 2.438843417557703
26.722000000009675 4.161458233741867 1.4183753998908364 9.433226226243089e-05 -0.014693689034397946 0.21289458419261964 0.06098873119140577 0.2219451144051735 2.439517929885605
26.723000000009677 4.160071411072421 1.403412683797201 9.409900684033076e-05 -0.015279859384881312 0.21264583276547305 0.06060449038782793 0.22164076464069424 2.4400766827046128
26.724000000009678 4.158589367132643 1.388232793524029 9.386396134836217e-05 -0.015873884816775277 0.21238980306841618 0.060215415644038955 0.2213307591542604 2.440519743792407
26.72500000000968 4.157013127761225 1.3728386913012303 9.362710533119932e-05 -0.016475676565263737 0.21212657495833462 0.05982159828869919 0.22101528305447937 2.440847663936608
26.72600000000968 4.155343250655907 1.3572330668807433 9.338854262145899e-05 -0.017085118960556898 0.21185621179179664 0.0594230947175617 0.22069449460845028 2.441060711954556
26.72700000000968 4.15358043408215 1.3414186153188572 9.31483609938725e-05 -0.017702101877506985 0.21157878262624458 0.05901996441560373 0.22036855916419754 2.441159337123445
26.728000000009683 4.15172543313136 1.3253978861697888 9.29066742787157e-05 -0.018326515036086163 0.21129435926241574 0.05861225706233249 0.2200376424328884 2.4411439478919945
26.729000000009684 4.14977897407267 1.3091736474949536 9.266353464245209e-05 -0.018958252452069436 0.21100301101249233 0.05820003959655057 0.21970191305815798 2.441015056206125
26.730000000009685 4.147741930773877 1.2927484571513306 9.241902979467343e-05 -0.019597210266554345 0.21070481389889334 0.05778336600170989 0.2193615432041049 2.440773184952742
26.731000000009686 4.145615308004693 1.276124933367346 9.21732027410405e-05 -0.020243293926201725 0.21039984811605586 0.057362300170098954 0.21901671287152152 2.4404190202363303
26.732000000009688 4.143400064228303 1.2593051376122846 9.192620768004635e-05 -0.02089640215206929 0.21008819324082015 0.05693686591158052 0.21866759079005396 2.4399532138379767
26.73300000000969 4.141097272629261 1.242291764005191 9.167828557328161e-05 -0.021556389398760166 0.20976994800735344 0.05650708413200112 0.2183143595094464 2.4393764832805442
26.73400000000969 4.1387081879928145 1.2250875342487468 9.142928029072151e-05 -0.022223207722487925 0.20944519174925513 0.056073063794611334 0.2179572155072496 2.4386896804675318
26.73500000000969 4.136233881378652 1.2076947483851295 9.117933834417101e-05 -0.02289674842322837 0.20911401206351207 0.05563483458073067 0.21759633716696739 2.437893552978758
26.736000000009692 4.133675672443536 1.190115766940051 9.092854595303413e-05 -0.023576918107296407 0.20877650488281438 0.05519244025643722 0.21723191643951026 2.4369889919603294
26.737000000009694 4.131034773110038 1.1723530172572492 9.067697538635557e-05 -0.024263622506016796 0.20843276088355586 0.05474592927298072 0.21686414170770205 2.4359768547489784
26.738000000009695 4.128312602582619 1.1544086852051991 9.04247134589135e-05 -0.02495677484981914 0.20808287912270843 0.054295338835724065 0.21649320777841122 2.434858100196818
26.739000000009696 4.125507304212374 1.136282469521361 9.017209140743506e-05 -0.02565627378542066 0.20772679071066502 0.05384058240781187 0.21611911594654756 2.43363240652579
26.740000000009697 4.122625413957522 1.117980552852978 8.991880597648385e-05 -0.026362052479663244 0.2073648578043441 0.0533818935185315 0.21574236630476684 2.432302943514604
26.7410000000097 4.119666721617646 1.0995040850069935 8.966499001172951e-05 -0.027074020963903007 0.20699709456989906 0.05291926368630253 0.21536306145816653 2.4308698486980806
26.7420000000097 4.116632977789208 1.0808555072932808 8.941075788890863e-05 -0.027792087077771102 0.20662361920454175 0.052452735945686585 0.21498141693064962 2.4293345129482713
26.7430000000097 4.1135260355979 1.0620364544150198 8.915621347105096e-05 -0.028516179917381312 0.2062445483152888 0.051982320303543085 0.21459764176476429 2.427698027340051
26.744000000009702 4.110347784715328 1.0430498172151736 8.890125639950984e-05 -0.029246236480436186 0.20585999843981606 0.05150811206007741 0.21421196725184183 2.425961670415453
26.745000000009703 4.1070999099691 1.0238984874220478 8.864594092553374e-05 -0.029982152196777186 0.20547008792563604 0.05103017110340291 0.2138246123470399 2.4241265241162724
26.746000000009705 4.1037833029247 1.0045832278924947 8.839037761662119e-05 -0.03072387538815286 0.20507487694418408 0.050548483527814644 0.21343573004420027 2.4221935530427925
26.747000000009706 4.10040186661457 0.985107571858497 8.813451045539805e-05 -0.03147133497460916 0.20467458998866012 0.05006314826397294 0.2130456559665339 2.420164928642161
26.748000000009707 4.096957052370126 0.9654734370126883 8.78783953458813e-05 -0.03222445753414681 0.2042693234145694 0.049574195573176494 0.21265458616814156 2.4180417942750565
26.74900000000971 4.093449179354973 0.9456817787834817 8.762221136431483e-05 -0.03298315792102448 0.2038591173832662 0.04908160030081651 0.21226264846839318 2.415824820596685
26.75000000000971 4.089880023196326 0.925734645744153 8.736595822475055e-05 -0.033747374363915 0.2034440816713829 0.04858540610986795 0.21187005765428804 2.4135152947986516
26.75100000000971 4.086255680951404 0.9056373669808362 8.710940530330955e-05 -0.034517042337793444 0.20302455406585165 0.04808579967261245 0.21147727985658782 2.4111163791217702
26.752000000009712 4.082576510593083 0.8853909370903401 8.685261819853573e-05 -0.03529210389103981 0.2026005687871648 0.04758278250428707 0.21108444817368457 2.4086287503196213
26.753000000009713 4.078844793358401 0.8649980645754312 8.659562784941785e-05 -0.036072468757828 0.20217227050237968 0.04707640533641647 0.2106918078658267 2.4060539962408862
26.754000000009714 4.075063561734419 0.844461210941365 8.633845094761566e-05 -0.0368580734137385 0.20173983513063953 0.04656671840532291 0.21029963841469343 2.4033941965970533
26.755000000009716 4.071235085394054 0.823782936802343 8.608104359324375e-05 -0.03764885254115347 0.20130339942511 0.046053786430889046 0.20990818460077454 2.4006509348583522
26.756000000009717 4.067361904661816 0.8029656512777644 8.582338092471887e-05 -0.038444746418791316 0.20086311244996075 0.04553766630938345 0.2095177021714287 2.3978260029215193
26.757000000009718 4.063446829130867 0.7820119249797802 8.556554040331968e-05 -0.03924566628027544 0.2004191459584514 0.04501839386916924 0.20912845854894413 2.3949214048881977
26.75800000000972 4.059492390214252 0.7609251655675625 8.530742782441268e-05 -0.040051531588767675 0.19997165507870862 0.04449606923610373 0.208740720021246 2.391938898119036
26.75900000000972 4.055501016086974 0.7397069322640294 8.504908192987333e-05 -0.04086229506979535 0.19952077901602971 0.04397070805701525 0.20835472537134753 2.388880383790954
26.760000000009722 4.051475378078474 0.718360422193156 8.479049255153896e-05 -0.041677864015730995 0.19906668350901524 0.04344238385841712 0.20797074204679433 2.385747794597834
26.761000000009723 4.047418495648057 0.6968873552597897 8.453175635611985e-05 -0.04249817906650922 0.19860954244603932 0.04291110225318322 0.20758903697251768 2.3825434517537554
26.762000000009724 4.043333207706986 0.6752905318029829 8.427281104526001e-05 -0.04332317706586752 0.19814952147227852 0.04237693629404831 0.20720988214958114 2.3792694427260463
26.763000000009725 4.039222302296196 0.653572586369765 8.401371659722058e-05 -0.0441527699093022 0.19768679100806993 0.04183992600328138 0.20683354137492344 2.375927946356695
26.764000000009727 4.035088823390448 0.6317361332801299 8.375448181696637e-05 -0.04498688569131534 0.1972215300050768 0.04130012109717363 0.20646029105953545 2.372521281648411
26.765000000009728 4.030935634773939 0.6097835321870813 8.349513765314213e-05 -0.04582545417651643 0.19675390728576056 0.040757559170809754 0.20609039500243512 2.369051862997637
26.76600000000973 4.026765309381534 0.5877171075421803 8.323567174595923e-05 -0.04666841305087452 0.196284074404948 0.04021228727330358 0.2057241033263844 2.365521736462301
26.76700000000973 4.022581496342078 0.5655398247142445 8.297608280143552e-05 -0.04751568719603826 0.19581224288090696 0.039664364551634475 0.20536172186424617 2.3619338709386364
26.76800000000973 4.01838407372031 0.5432515739952597 8.271671820662362e-05 -0.048367177797519235 0.1953384332114663 0.03911368957098855 0.20500333677641194 2.358289320132518
26.769000000009733 4.014180732387592 0.5208583321449859 8.245718171624169e-05 -0.04922285242741825 0.19486305669618195 0.038560492667206604 0.20464948487794568 2.354592773256388
26.770000000009734 4.009973470016593 0.49836129842135213 8.219758307922051e-05 -0.050082650507739954 0.1943862336519952 0.03800475867160915 0.2043003705257916 2.350846494628538
26.771000000009735 4.0057650692479925 0.47576345870778863 8.193802072800516e-05 -0.05094646223835723 0.19390814083794816 0.03744652954953422 0.2039562494093722 2.3470529703283978
26.772000000009736 4.001557659559488 0.45306645218956776 8.167856836382313e-05 -0.05181421965995772 0.19342890785988648 0.03688580840175401 0.20361733378150718 2.3432145436157747
26.773000000009738 3.997356217378987 0.43027519823913 8.141897224879376e-05 -0.05268585508739743 0.19294881413516554 0.03632276458365796 0.20328400682163053 2.339334862741394
26.77400000000974 3.9931639159947085 0.4073897578733535 8.115956196441138e-05 -0.053561317592915825 0.19246803850277208 0.03575730378322794 0.20295651100972298 2.3354170778920453
26.77500000000974 3.988984157128797 0.38441403068997204 8.09001544412319e-05 -0.05444052997840982 0.19198678038238617 0.035189545315745065 0.2026351382299072 2.331464044403344
26.77600000000974 3.984820822217976 0.3613497460466469 8.064082727994956e-05 -0.0553234534413736 0.19150525268565968 0.03461949829627587 0.20232018181378753 2.3274794921063404
26.777000000009743 3.9806768116583573 0.3381993497891488 8.03816187566228e-05 -0.05621000958302471 0.19102362871596623 0.03404719708082556 0.2020118895862311 2.3234663078476636
26.778000000009744 3.9765558195168795 0.3149666594102236 8.012248118132584e-05 -0.057100103753452966 0.19054212873445403 0.033472735713176376 0.20171055675753935 2.3194276855303073
26.779000000009745 3.9724615099839227 0.29165287260412764 7.986346427795731e-05 -0.057993708650753074 0.1900609504493047 0.03289610281025883 0.20141645590384272 2.315367576176322
26.780000000009746 3.9683975460829934 0.26826104005008544 7.96045785210208e-05 -0.05889074825003221 0.18958030674113244 0.0323173614636067 0.20112987044564007 2.311289184214857
26.781000000009747 3.9643676392219596 0.24479398009139144 7.934576918761518e-05 -0.05979116469652416 0.1891004075075795 0.03173657483677292 0.20085108333705745 2.3071962241257467
26.78200000000975 3.960375367777937 0.2212552553089563 7.908701877354909e-05 -0.06069486540793673 0.18862146632112478 0.03115382436558515 0.20058037046685426 2.3030920770431256
26.78300000000975 3.956424581086658 0.19764605113714015 7.882840265231904e-05 -0.06160182321086329 0.18814369072633305 0.030569095184355837 0.20031800359283417 2.2989809230478615
26.78400000000975 3.9525189748932785 0.17396970458935376 7.856978899290709e-05 -0.06251198189403932 0.18766728960771295 0.029982485139107385 0.20006426188638166 2.294866397379223
26.785000000009752 3.948662191839391 0.15022921125069189 7.831124818789385e-05 -0.06342524804605362 0.18719248002583513 0.029394036771152023 0.19981940863096848 2.2907523833431283
26.786000000009754 3.9448579864796063 0.12642737930163614 7.805271656317135e-05 -0.06434156915033959 0.18671947272448797 0.028803816624704322 0.1995837139332474 2.2866428023772984
26.787000000009755 3.941110181908055 0.10256757186764023 7.779414622526427e-05 -0.06526086968531224 0.18624848913523048 0.028211903951827363 0.19935744867405006 2.282541702084086
26.788000000009756 3.937422476765826 0.07865267034725108 7.753555387489158e-05 -0.0661830750388457 0.18577974377587816 0.027618350271421333 0.19914086946366216 2.278453134886238
26.789000000009757 3.9337985080941658 0.05468532630411796 7.727691553784959e-05 -0.06710812731887339 0.18531344293824956 0.027023208383278208 0.19893422701284982 2.2743813081399997
26.79000000000976 3.9302422202840868 0.030668931584336992 7.70181891172979e-05 -0.06803594984663855 0.18484981480275114 0.026426556149623456 0.19873778547139673 2.2703304641906144
26.79100000000976 3.9267555110012466 0.006605167780429343 7.6759565266358e-05 -0.068966445034015 0.18438898633765413 0.02582837406807489 0.1985516903233458 2.266304019512662
26.79200000000976 3.9233449437464247 -0.017500146113742454 7.650069481240759e-05 -0.06989955966317751 0.18393131653938843 0.025228876951924974 0.1983763440465475 2.262307580393755
26.793000000009762 3.9200125573954105 -0.041642787290023436 7.624149737801307e-05 -0.07083517044520854 0.18347694816106278 0.02462817856805246 0.19821190443078573 2.2583446996816594
26.794000000009763 3.91676287592424 -0.06582232985611605 7.598229053118789e-05 -0.07177323293363697 0.1830261296035804 0.024026192136570597 0.19805862513911413 2.2544203899051825
26.795000000009765 3.9135995744891012 -0.09003420125940331 7.572284816747174e-05 -0.07271366519311467 0.18257907707276566 0.023423067910057094 0.1979167415881699 2.250539146081464
26.796000000009766 3.910526160416459 -0.11427496263218431 7.546320083166708e-05 -0.07365636812635831 0.18213600291597953 0.022818872283509452 0.1977864632781183 2.246705507740894
26.797000000009767 3.9075458789530777 -0.1385410662124137 7.520334229862036e-05 -0.07460125059740921 0.18169710374883094 0.022213689856559058 0.19766798455605875 2.2429237385458993
26.79800000000977 3.904662427052111 -0.16282891388297013 7.494332039022754e-05 -0.07554820383091428 0.1812626048416664 0.021607585231069513 0.19756151132136393 2.2391986527062446
26.79900000000977 3.9018788990275466 -0.18713573393689176 7.468320283932038e-05 -0.0764971394649875 0.18083269386266834 0.021000598567539785 0.1974672141297138 2.2355347538221544
26.80000000000977 3.8991992683170955 -0.21145641321028366 7.442285660753034e-05 -0.07744794394083145 0.1804076125905298 0.02039288136720695 0.19738530926017223 2.2319369432932588
26.801000000009772 3.896626548172261 -0.23578741315115528 7.41623940928797e-05 -0.07840048857790356 0.17998755683096776 0.019784485946843886 0.1973159474229483 2.228409726863698
26.802000000009773 3.8941643466632616 -0.26012498710723475 7.390178594138692e-05 -0.07935468074040633 0.17957274275055285 0.019175502479580553 0.1972593095134231 2.224958168407621
26.803000000009774 3.8918157878922477 -0.28446509964823335 7.364106791201058e-05 -0.08031039479474003 0.17916337131185178 0.018566016119537475 0.19721554220310936 2.221586838494023
26.804000000009776 3.8895841022281434 -0.30880376125345665 7.338027324240135e-05 -0.08126750898914166 0.17875964792368637 0.017956111083723986 0.1971847906618347 2.218300618731198
26.805000000009777 3.88747232500969 -0.3331368758357487 7.311942055895301e-05 -0.08222590255470241 0.17836176769618295 0.01734588188486296 0.19716718501060504 2.2151043038901257
26.806000000009778 3.885483684735961 -0.3574601452120669 7.28585211287239e-05 -0.083185443769635 0.17796993895775076 0.016735422997726394 0.19716285555522234 2.2120027458896545
26.80700000000978 3.883621044935503 -0.3817694830602852 7.25976608921156e-05 -0.08414599361125837 0.1775843534768759 0.016124814517752138 0.1971719059193217 2.2090007440485184
26.80800000000978 3.88188733246011 -0.4060605648453513 7.233687333354682e-05 -0.08510741480287212 0.17720520570597392 0.015514152166841037 0.19719443679064724 2.206103130440107
26.80900000000978 3.8802850923949754 -0.43032897657821056 7.207625953212851e-05 -0.08606954566566848 0.17683267778651132 0.01490351959635065 0.19723051873531525 2.203314692059256
26.810000000009783 3.8788174543405303 -0.4545704057194206 7.181580639347993e-05 -0.08703226859154611 0.176466969097169 0.01429302836095226 0.19728025146541964 2.2006402120135826
26.811000000009784 3.877486848098188 -0.4787802557681898 7.155560702769081e-05 -0.08799541271161446 0.1761082586050249 0.013682767046670161 0.1973436837632133 2.1980844246827456
26.812000000009785 3.876295925265731 -0.502953876980869 7.129565397490698e-05 -0.08895883867150078 0.17575672756552027 0.013072854450690454 0.1974208747468503 2.1956521360637957
26.813000000009787 3.875246941260981 -0.5270867087824447 7.103604113135702e-05 -0.08992237906177655 0.17541254496490583 0.01246338377587963 0.19751185058709717 2.193347824853915
26.814000000009788 3.874342479026204 -0.5511739640197523 7.077682358278986e-05 -0.09088587208834781 0.17507589524553865 0.011854462538561273 0.1976166468781527 2.1911764497413966
26.81500000000979 3.87358452743664 -0.5752108905440183 7.051806091561265e-05 -0.09184914910675758 0.17474693417643095 0.011246199336576166 0.1977352629027389 2.189142213834312
26.81600000000979 3.8729749177260677 -0.5991906697698763 7.025962377919726e-05 -0.09281200839430417 0.17442581945837693 0.01063880384788052 0.1978676819069359 2.1872494232076427
26.81700000000979 3.8725162398617137 -0.6231114341466518 7.000187177962201e-05 -0.09377432354970759 0.174112725067494 0.010032233581366802 0.198013914910708 2.185503071268927
26.818000000009793 3.872210260996793 -0.6469672297255384 6.974473030908214e-05 -0.0947359117781357 0.17380779984755637 0.009426663145323259 0.19817392928016117 2.1839072108954944
26.819000000009794 3.872058867084177 -0.6707530828863795 6.948821773897248e-05 -0.09569659020726973 0.17351119828182046 0.008822203304087978 0.19834768609093978 2.1824659284325305
26.820000000009795 3.8720635985024816 -0.694463749297054 6.923249912415015e-05 -0.0966561663478321 0.17322306085397943 0.00821897864719816 0.19853512262238224 2.181183849238466
26.821000000009796 3.8722256943414135 -0.7180933598192628 6.897758901705201e-05 -0.09761442123291979 0.17294351973123429 0.007617133119647029 0.19873614911894652 2.1800643899137264
26.822000000009798 3.8725464332691804 -0.7416370702140823 6.872353640863385e-05 -0.09857117853127481 0.17267269618368428 0.007016785426831937 0.19895067861687124 2.1791114116030665
26.8230000000098 3.8730271274701744 -0.7650897993084987 6.847041066676443e-05 -0.09952624768309808 0.17241071784913575 0.006418055890724871 0.1991786159419433 2.1783286064436775
26.8240000000098 3.873668764087999 -0.7884460680330118 6.821824343316783e-05 -0.10047942772817868 0.17215769853038057 0.005821084824295102 0.1994198425142075 2.1777194342105086
26.8250000000098 3.8744724343128665 -0.8117002512397486 6.796709981864281e-05 -0.10143050588710373 0.17191376109477818 0.005226009528692439 0.19967423457687333 2.177287418816887
26.826000000009802 3.875438722113875 -0.8348468983174502 6.771703382148674e-05 -0.10237927247058425 0.1716790010951033 0.004632967406537738 0.19994163957417338 2.1770354990198855
26.827000000009804 3.876568315657029 -0.8578804608284486 6.746811095365563e-05 -0.10332551224113297 0.1714535212387533 0.004042094820126276 0.20022190178797883 2.1769667691907975
26.828000000009805 3.8778616727932507 -0.8807953144215847 6.7220385545252e-05 -0.10426900757340189 0.1712374129736867 0.0034535351242621303 0.2005148484454894 2.177083925217748
26.829000000009806 3.8793190803130893 -0.9035857276568231 6.697387635107998e-05 -0.10520954207803464 0.17103075856254749 0.002867441540008886 0.200820293645178 2.177389494689669
26.830000000009807 3.8809407908842424 -0.926246319124044 6.672866728910634e-05 -0.10614689736228515 0.17083363879037475 0.0022839450119331375 0.20113804306201566 2.177885497076004
26.83100000000981 3.8827267831341725 -0.9487707300617934 6.648475873670799e-05 -0.10708083678740249 0.17064612636145243 0.0017032243772499042 0.2014678808707194 2.178574742491181
26.83200000000981 3.884676706550443 -0.9711536202766268 6.624226776086892e-05 -0.10801112506624781 0.17046827595890754 0.001125401814208729 0.20180957057513974 2.1794584982098573
26.83300000000981 3.886790231874493 -0.9933889713534678 6.600127813211504e-05 -0.10893751380899379 0.17030014733962376 0.0005506293355145078 0.20216286823115515 2.1805385295124737
26.834000000009812 3.889066833966677 -1.015470891623529 6.576173340528288e-05 -0.10985978649644776 0.17014178074917655 -2.091597079828414e-05 0.20252752574162303 2.181815871280676
26.835000000009813 3.8915058136954315 -1.0373932842447369 6.552369835393546e-05 -0.11077769082768034 0.1699932178904407 -0.0005890748243450234 0.20290327233193817 2.1832917252081843
26.836000000009815 3.8941060397262324 -1.0591507003235354 6.528731031659328e-05 -0.11169097608519979 0.16985447741269924 -0.0011537196526932444 0.20328981456296044 2.1849667243975266
26.837000000009816 3.896867070349047 -1.0807372852602979 6.505263694441799e-05 -0.1125993977608342 0.16972561221601715 -0.0017147025659940904 0.20368688721440614 2.1868412626867264
26.838000000009817 3.8997873724493735 -1.1021470627309837 6.481970284911756e-05 -0.1135027075366671 0.16960661943137667 -0.002271854514043835 0.2040941726165326 2.1889155648388328
26.83900000000982 3.9028656335378153 -1.1233739122941002 6.458856510492031e-05 -0.1144006453341895 0.16949751110488478 -0.0028250117642504716 0.20451135571184723 2.1911897168153214
26.84000000000982 3.906100230980715 -1.1444117767361548 6.435932495788147e-05 -0.11529293891841304 0.16939828684307395 -0.003374020401527117 0.20493810129764356 2.193663072622366
26.84100000000982 3.9094892927951737 -1.1652550016534577 6.413198649441788e-05 -0.11617934482125937 0.16930892456033622 -0.003918721296650939 0.20537406962777832 2.1963341370143326
26.842000000009822 3.913031332158088 -1.185897175448989 6.390666534093856e-05 -0.11705958411530512 0.16922943307431332 -0.004458946568092242 0.20581892395112453 2.199203062701045
26.843000000009823 3.916724396953624 -1.206332528146559 6.368341142166373e-05 -0.11793339808783627 0.16915979040482973 -0.0049945425994609455 0.2062723115935045 2.2022680016240033
26.844000000009824 3.920565977333601 -1.2265550383438633 6.346225330908091e-05 -0.11880052225510171 0.16909994761107347 -0.005525335821387467 0.2067338523466629 2.205527195604514
26.845000000009826 3.92455415680028 -1.2465587037191104 6.324325582728762e-05 -0.11966068761068768 0.1690498878826315 -0.006051167961638884 0.20720318864895113 2.2089789229817263
26.846000000009827 3.9286862713053288 -1.2663373073706143 6.30265036458686e-05 -0.12051360647925267 0.16900956110257706 -0.006571872210129826 0.20767992342801983 2.2126207844237338
26.847000000009828 3.932959719260498 -1.2858852765684867 6.281203116934039e-05 -0.12135902885530651 0.16897890850671987 -0.007087288335005405 0.20816367372999794 2.2164500332798682
26.84800000000983 3.9373715551953685 -1.305196868511387 6.259993737643441e-05 -0.12219667379148676 0.1689578631411861 -0.007597268878191304 0.20865403206587294 2.2204636648449867
26.84900000000983 3.9419187342463173 -1.3242660404923323 6.239027195981654e-05 -0.12302626583723097 0.1689463509411981 -0.008101640492166627 0.2091505872830956 2.2246586127511527
26.850000000009832 3.946598247905244 -1.3430870141432187 6.218306654742126e-05 -0.12384753985594527 0.1689442967453318 -0.008600237398560607 0.20965293371297306 2.2290312299323447
26.851000000009833 3.9514068041835944 -1.3616539204932312 6.197840252964123e-05 -0.12466021390266056 0.16895161533059652 -0.009092899099700817 0.21016064823632488 2.2335777887003023
26.852000000009834 3.9563409574942505 -1.3799610325547473 6.177632114285023e-05 -0.12546401671999574 0.16896821041040824 -0.009579461821914232 0.210673305640769 2.2382940122164072
26.853000000009835 3.961396464776081 -1.3980023500001504 6.157693247406669e-05 -0.12625864438160642 0.16899395430600808 -0.01005976198451958 0.2111904370094614 2.2431750585982333
26.854000000009837 3.9665709995131233 -1.4157724835579137 6.138021661727129e-05 -0.12704386464248843 0.16902879638987692 -0.010533638119833063 0.21171167914016692 2.24821714618398
26.855000000009838 3.971860144761527 -1.433266956371194 6.118632152925733e-05 -0.1278194165051124 0.16907258620409202 -0.011000979608903068 0.2122365760037676 2.2534148375477088
26.85600000000984 3.977260042389333 -1.450479216317041 6.0995206490830444e-05 -0.12858501510139256 0.16912520971867456 -0.011461576592950936 0.2127646831807551 2.2587631084779694
26.85700000000984 3.982766679306115 -1.467404492490695 6.080695594571918e-05 -0.12934040832447452 0.1691865346255005 -0.011915298050425769 0.2132955673514055 2.26425658052398
26.85800000000984 3.9883761521347942 -1.4840370471588462 6.0621565207313435e-05 -0.13008533131271627 0.16925643831094134 -0.012361965628437195 0.2138287948959244 2.269889741527617
26.859000000009843 3.9940839948374975 -1.5003716843375465 6.043910021514065e-05 -0.1308195152579192 0.16933476973747816 -0.01280143001666877 0.2143639111997012 2.27565652138487
26.860000000009844 3.9998858683809404 -1.516403173151567 6.025956487381701e-05 -0.1315426986613806 0.1694213820315611 -0.013233535028572612 0.21490047163734988 2.2815510530350775
26.861000000009845 4.005777432941683 -1.5321266706113466 6.0083053143351984e-05 -0.13225463323989634 0.1695161245451841 -0.013658135454649422 0.21543804018402926 2.287566859351493
26.862000000009846 4.011754092113041 -1.5475372073432916 5.990956962321493e-05 -0.1329550663023127 0.16961883422986723 -0.014075079535121415 0.2159761710116918 2.2936975571677274
26.863000000009848 4.01781125282022 -1.562630032155862 5.973918738909768e-05 -0.13364374363696682 0.16972934841142795 -0.014484229644408906 0.2165144217687662 2.2999366711469498
26.86400000000985 4.0239441181238185 -1.5774002370964133 5.9571879686394586e-05 -0.1343204258116627 0.16984748947450293 -0.014885422070093851 0.21705234912624788 2.3062773918749637
26.86500000000985 4.030148074061845 -1.5918434349708042 5.9407689890217486e-05 -0.1349848779571569 0.16997308770435185 -0.01527852393043843 0.2175895243672195 2.312712977986231
26.86600000000985 4.03641834560399 -1.6059548451997334 5.924671737608638e-05 -0.13563683542992808 0.1701059738877241 -0.015663402874506537 0.2181255043944783 2.319236588374672
26.867000000009853 4.042749862226297 -1.6197304529721275 5.908893086583415e-05 -0.13627608994307783 0.17024594616966585 -0.01603991765351503 0.21865985876632718 2.325841062295665
26.868000000009854 4.0491374547675445 -1.6331661039197989 5.893438185534594e-05 -0.13690240662843173 0.17039280549987973 -0.016407941825691198 0.21919214781038937 2.3325191690475906
26.869000000009855 4.055576279969709 -1.646257680996496 5.878310329043075e-05 -0.1375155616576145 0.1705463664048203 -0.016767345556496623 0.2197219530882323 2.339263907772965
26.870000000009856 4.062061158031122 -1.6590007295174594 5.863512325917039e-05 -0.13811531473852734 0.17070643076198128 -0.017117988476478937 0.2202488392666314 2.346068028132163
26.871000000009857 4.068588013160519 -1.6713914380545394 5.8490297342731e-05 -0.13870150697545436 0.17087283339875575 -0.01745971066505681 0.22077245010980978 2.352924855537649
26.87200000000986 4.075149523156333 -1.6834274452758735 5.834901588470102e-05 -0.13927385951123353 0.17104527512488052 -0.01779250648545755 0.22129226686157819 2.3598257511539273
26.87300000000986 4.08174159705819 -1.695104277762011 5.821112715128236e-05 -0.1398321908427538 0.171223596725881 -0.018116196324367534 0.2218079309693287 2.3667643477289313
26.87400000000986 4.088358839931305 -1.7064202239945316 5.807689890029475e-05 -0.14037630231360654 0.1714075752618429 -0.01843076969061165 0.2223190418740009 2.373733408664429
26.875000000009862 4.094995571966066 -1.7173699949149834 5.7946103181476706e-05 -0.1409059788921051 0.17159697836651422 -0.018736003043398158 0.22282516842157338 2.380725378503146
26.876000000009864 4.1016465811571425 -1.727951199075435 5.7818859306520804e-05 -0.1414210362739467 0.17179158853981363 -0.01903183245010414 0.223325927828003 2.3877330350916806
26.877000000009865 4.108306437382089 -1.7381607449601497 5.7695237168485164e-05 -0.14192127349789865 0.1719911817879599 -0.019318162599954197 0.22382092370983256 2.394749148373564
26.878000000009866 4.114969884572209 -1.7479961450298298 5.7575284848846926e-05 -0.14240651939882493 0.17219553391897652 -0.019594911199439995 0.22430978403503318 2.401766733753638
26.879000000009867 4.121631949528713 -1.7574539935852338 5.7458926091413616e-05 -0.14287660316511946 0.17240443559168947 -0.019861942363476763 0.22479214821283705 2.4087790882526
26.88000000000987 4.12828729100787 -1.7665321449273996 5.734622119444106e-05 -0.1433313633422376 0.17261765510975854 -0.02011918487980853 0.22526765452093647 2.4157793069586706
26.88100000000987 4.134929391712223 -1.7752288105423282 5.7237424933956696e-05 -0.14377058593103811 0.17283491458014577 -0.020366621872297014 0.2257358818694304 2.422759882001496
26.88200000000987 4.141553583385893 -1.7835403737861668 5.7132544447262794e-05 -0.14419407884549387 0.17305602718048527 -0.02060412859776122 0.2261964876669539 2.429714568191521
26.883000000009872 4.148154353319215 -1.7914660817515538 5.7031602675149196e-05 -0.14460173735849793 0.17328073430972923 -0.020831666419350317 0.22664914219079252 2.436636629155411
26.884000000009873 4.154726396007009 -1.799003735132326 5.693465383941296e-05 -0.14499340002944627 0.17350880580086442 -0.021049162013895947 0.2270935026900337 2.4435196037156888
26.885000000009875 4.1612642684885675 -1.806151971255343 5.684174581566903e-05 -0.14536893508126278 0.1737399948281288 -0.021256565669511965 0.22752923916191714 2.4503574888379864
26.886000000009876 4.1677631267923605 -1.8129086072814713 5.6752933819579864e-05 -0.14572818928590997 0.17397409280832876 -0.021453804258690323 0.22795603926678756 2.4571437854070926
26.887000000009877 4.174217561565488 -1.8192721830311966 5.6668277727960604e-05 -0.14607102547289816 0.1742108567568173 -0.021640826219033116 0.22837358090219362 2.463872544539387
26.888000000009878 4.180622510131606 -1.8252415716626276 5.658781119333996e-05 -0.14639732994497906 0.17445005393917812 -0.02181758619419585 0.2287815696286359 2.470538017255283
26.88900000000988 4.186972197275053 -1.8308181454850199 5.651176019326198e-05 -0.14670702200898078 0.174691403687066 -0.021984154253333957 0.22917971085402697 2.4771348877020314
26.89000000000988 4.193262013194754 -1.8359974486400437 5.643990643407969e-05 -0.146999934626116 0.17493471431403113 -0.022140331040355784 0.22956770093109918 2.4836571257331355
26.891000000009882 4.19948808271822 -1.8407794379701323 5.637236901923921e-05 -0.14727599217813667 0.17517980396365943 -0.02228612099871943 0.22994532562757236 2.4900997790632737
26.892000000009883 4.2056455888623585 -1.8451627121305583 5.6309069700346846e-05 -0.14753510509346637 0.1754264453980232 -0.02242144196637058 0.23031232281355923 2.4964578636477572
26.893000000009884 4.211729095969375 -1.8491481708686481 5.6250227026172545e-05 -0.14777718071089915 0.17567437962146315 -0.022546351836200684 0.23066842171257304 2.502726214666154
26.894000000009886 4.21773433852024 -1.8527347511460457 5.619580031916044e-05 -0.14800214012761947 0.175923405308941 -0.02266078815809211 0.231013396446603 2.508900238922121
26.895000000009887 4.223656954872663 -1.8559216440431507 5.614583277702164e-05 -0.14820988920712816 0.17617332036983002 -0.022764718368056658 0.23134701742468372 2.51497559815643
26.896000000009888 4.229491541834046 -1.8587085763295925 5.610036287766844e-05 -0.14840034050894127 0.1764238660652248 -0.022858121636488406 0.23166902103069067 2.520947362437156
26.89700000000989 4.235235307033461 -1.8610970075844562 5.605932853359703e-05 -0.14857353067799367 0.17667488252099006 -0.02294100937801204 0.23197930520460744 2.526812110208516
26.89800000000989 4.240882826161369 -1.863087855065129 5.602288666561657e-05 -0.14872938627926924 0.17692610504472425 -0.023013423093047995 0.23227762404451385 2.53256576632283
26.89900000000989 4.246431361457635 -1.8646793824850532 5.5990836033124224e-05 -0.14886786023823673 0.17717740286546366 -0.023075252273832555 0.2325638389035643 2.5382047623532564
26.900000000009893 4.251876997778029 -1.8658726538425285 5.5963255682598594e-05 -0.14898892722474566 0.17742857623674604 -0.023126524739303534 0.232837789560666 2.5437254920034
26.901000000009894 4.257215870718268 -1.8666683516696312 5.5940108566520746e-05 -0.14909257526769837 0.17767942393753677 -0.023167233174884224 0.233099323001395 2.54912469755489
26.902000000009895 4.262444100595096 -1.867066491170422 5.5921375523856736e-05 -0.14917876339788538 0.17792975264302627 -0.02319735486591447 0.23334827532532984 2.554399182478932
26.903000000009897 4.267558533636584 -1.8670661616679833 5.590697222612081e-05 -0.14924744234693738 0.1781794100295715 -0.023216825292389043 0.23358450758182975 2.5595457375845694
26.904000000009898 4.272556703042643 -1.8666710186165592 5.5897003009160355e-05 -0.14929868940060012 0.1784282405121528 -0.023225766669126274 0.23380798084404264 2.5645626017545826
26.9050000000099 4.277434898668006 -1.8658814938111328 5.589139170526767e-05 -0.14933249663756268 0.17867604973941756 -0.023224153273862534 0.2340185603702799 2.569446839677116
26.9060000000099 4.282190501553021 -1.8646973841591215 5.589004208078961e-05 -0.1493488518501886 0.17892270209262395 -0.023211939705002318 0.23421615447693633 2.5741960563521733
26.9070000000099 4.286820330867212 -1.8631216120892198 5.589306981303341e-05 -0.1493477945352674 0.1791680159821494 -0.02318922468905007 0.23440068648621196 2.5788082990620382
26.908000000009903 4.291321695587213 -1.8611548408873502 5.590035040036167e-05 -0.14932935003495504 0.17941184054481168 -0.02315598259971475 0.23457208452775738 2.5832814512346367
26.909000000009904 4.29569223405715 -1.858798555422936 5.591186578969446e-05 -0.14929354992786625 0.179654040100176 -0.023112239360194853 0.23473030009485968 2.5876139264427396
26.910000000009905 4.299929609371944 -1.85605387751434 5.592760910062925e-05 -0.14924041112463463 0.1798944845389476 -0.02305801197438535 0.23487528136522692 2.5918041472889697
26.911000000009906 4.304031423932756 -1.8529231480972026 5.594751176430097e-05 -0.14917000953993975 0.18013302275763227 -0.02299333849533604 0.23500700255334622 2.595850548841071
26.912000000009908 4.307995239710819 -1.8494065102452364 5.597150481321294e-05 -0.149082340861778 0.18036952629757935 -0.022918191767866608 0.23512540034532475 2.599751357762445
26.91300000000991 4.311817963229421 -1.8455080542215863 5.599968388981539e-05 -0.14897749366698348 0.1806038031011997 -0.02283269922133046 0.2352304390754835 2.6035054968283795
26.91400000000991 4.31550083696395 -1.841228734911213 5.6031902591575495e-05 -0.14885556408408135 0.18083588729215605 -0.022736846790261292 0.23532224989043266 2.6071132387271705
26.91500000000991 4.319039274459342 -1.8365705888414476 5.606822211021055e-05 -0.1487165543735164 0.18106553548907045 -0.02263068998623749 0.23540070054256015 2.6105722882286706
26.916000000009912 4.322432075860728 -1.831536273437572 5.610863515249292e-05 -0.14856055414413025 0.18129265532358232 -0.022514291779143474 0.2354658328849489 2.613882102649967
26.917000000009914 4.32567768369971 -1.8261272178312846 5.615304937658469e-05 -0.14838762261345168 0.18151714509696443 -0.022387661600533484 0.23551765942486053 2.6170420875232567
26.918000000009915 4.328774365392936 -1.8203464158814942 5.620150418032281e-05 -0.1481978423264616 0.18173888660220358 -0.022250883136068378 0.23555620385369253 2.620051712491212
26.919000000009916 4.331720681540351 -1.8141961396732538 5.625397179281746e-05 -0.14799128908773565 0.18195777939105512 -0.02210400493651076 0.2355814979174021 2.6229104312716216
26.920000000009917 4.334514581660105 -1.8076789774872648 5.631049668148683e-05 -0.1477680271705793 0.18217369430771702 -0.021947097083581325 0.2355935479209962 2.6256175495606495
26.92100000000992 4.337155891748619 -1.8007979420057052 5.6371069746988424e-05 -0.14752817266076576 0.18238658493481597 -0.021780236121352995 0.23559245908626075 2.6281734547080013
26.92200000000992 4.339641369298474 -1.7935549778590838 5.6435695657454856e-05 -0.14727175699528172 0.18259626988768676 -0.021603465239221548 0.23557817788521182 2.6305768346723655
26.92300000000992 4.341969423201506 -1.785953381041633 5.650442249981332e-05 -0.14699887382771573 0.1828026352268989 -0.0214168785933685 0.2355507483350423 2.632827491005564
26.924000000009922 4.344140468084462 -1.7779957025163786 5.6577210328431304e-05 -0.14670963913942478 0.1830056658602117 -0.021220533101823882 0.23551030333827286 2.634926049271789
26.925000000009923 4.346152531624771 -1.7696851731771968 5.665415328836174e-05 -0.14640412780162076 0.18320523370800548 -0.02101453093308171 0.23545686824914594 2.6368721197512457
26.926000000009925 4.348004400849305 -1.7610239008493036 5.673526218082125e-05 -0.14608240426826105 0.18340125404367552 -0.020798924692585936 0.2353904927773344 2.6386656473291774
26.927000000009926 4.349695589875333 -1.7520157633541957 5.6820526098081225e-05 -0.14574461267820527 0.1835936557497909 -0.020573815436888073 0.23531129262728537 2.6403071766791424
26.928000000009927 4.351224606489312 -1.7426648406790257 5.691003419011863e-05 -0.14539086709710936 0.18378232427724145 -0.02033933022259492 0.23521933446444876 2.6417966046648784
26.92900000000993 4.35259022588634 -1.7329727262712977 5.7003742636702184e-05 -0.14502122624635674 0.1839671763820213 -0.020095493904890658 0.2351146676055159 2.643133708184583
26.93000000000993 4.353791770095753 -1.7229431953165 5.7101691199091474e-05 -0.14463581601128056 0.1841481367110389 -0.019842415747193094 0.2349973978368291 2.6443190571330195
26.93100000000993 4.354828355436908 -1.712579665196691 5.7203951089942284e-05 -0.14423473839470893 0.1843251265135206 -0.019580200851717685 0.23486761439033926 2.645352907296088
26.932000000009932 4.355699620656971 -1.701886082757114 5.7310504043253253e-05 -0.14381814466716317 0.18449807963634718 -0.019308949995294505 0.23472544743790727 2.646235833093373
26.933000000009933 4.356406796520387 -1.6908678925953047 5.7421423344074604e-05 -0.14338623911704565 0.18466699677206228 -0.019028833387433348 0.23457111877857034 2.6469697750155277
26.934000000009934 4.356946342683043 -1.6795255099171578 5.753672757721216e-05 -0.14293899009773656 0.18483170143806682 -0.01873985185459477 0.2344045536976269 2.6475530400487672
26.935000000009936 4.357318654211307 -1.6678630210531598 5.765639606312203e-05 -0.14247656450738008 0.18499216254741183 -0.01844211163052815 0.23422592324332192 2.647986717966312
26.936000000009937 4.35752372357208 -1.6558840577291254 5.778048716246465e-05 -0.1419990857211547 0.18514834092742052 -0.018135725468316787 0.23403536705396116 2.648271721697143
26.937000000009938 4.357562923536175 -1.6435926321514371 5.790892791954018e-05 -0.1415067459049891 0.185300249518929 -0.017820785971501902 0.2338331071962193 2.6484095054132037
26.93800000000994 4.357433076192777 -1.6309922020398817 5.804179318797004e-05 -0.1409996139270853 0.18544769976486605 -0.017497398462667776 0.23361913326743675 2.6483992385576256
26.93900000000994 4.357135354991069 -1.6180866912955858 5.817907781889346e-05 -0.14047785789254438 0.185590701397797 -0.01716566971727064 0.23339365291336986 2.6482423533094375
26.94000000000994 4.356668827029808 -1.6048788283361706 5.832073036489115e-05 -0.13994158365651208 0.1857291727841563 -0.016825657586204943 0.23315676102697036 2.647939074881011
26.941000000009943 4.356035662461542 -1.59137383144198 5.846676236870303e-05 -0.1393910144861699 0.1858631589378316 -0.01647751483735505 0.2329087316204537 2.6474916893825684
26.942000000009944 4.3552356741834055 -1.577575110876385 5.8617183644819984e-05 -0.13882627980470466 0.18599261069649892 -0.01612133022741868 0.232649703387765 2.646900486487982
26.943000000009945 4.354268787487977 -1.563486915068162 5.877198255104335e-05 -0.13824753821334754 0.1861174749068043 -0.015757223453378443 0.23237983212554314 2.646166587924853
26.944000000009947 4.353135962543942 -1.5491133000775852 5.8931094468758156e-05 -0.1376549740209694 0.18623774566308587 -0.015385291412480557 0.23209932566517502 2.6452912513849407
26.945000000009948 4.3518379353053955 -1.534457951755682 5.909453275584473e-05 -0.13704873504100018 0.18635341637132982 -0.01500563841520789 0.23180837075880684 2.644275636020005
26.94600000000995 4.350375581802486 -1.5195249493108596 5.926221837456522e-05 -0.13642900712277045 0.18646447627545218 -0.014618360769536553 0.2315071734715189 2.643120961530248
26.94700000000995 4.348749856035033 -1.5043183504111712 5.943417217833568e-05 -0.1357959521334846 0.18657092585518312 -0.01422357663855285 0.23119593664831714 2.641828530460449
26.94800000000995 4.346961841653465 -1.4888420969697989 5.96103355689752e-05 -0.1351497477117396 0.18667276789830725 -0.013821384268308094 0.23087487356673178 2.6403995908550746
26.949000000009953 4.345013018872841 -1.473099804826459 5.979057569826183e-05 -0.1344905855368782 0.18677002192165582 -0.013411854462372693 0.23054421815952794 2.638835659801859
26.950000000009954 4.342907202564868 -1.4570945604284709 5.9974746947655955e-05 -0.13381867189464278 0.18686282564003803 -0.012995044873537333 0.23020430870227115 2.637139249952325
26.951000000009955 4.340641900840454 -1.4408323732331783 6.01630799875997e-05 -0.13313414013546165 0.1869510074280118 -0.012571172847922038 0.22985519971218749 2.6353099319602507
26.952000000009956 4.338219980586935 -1.4243164346205415 6.035541421209418e-05 -0.1324371913369804 0.18703465688968365 -0.012140293975270094 0.22949718792367724 2.6333498034235516
26.953000000009958 4.335643086433504 -1.407550749258522 6.0551712139688944e-05 -0.13172800841788648 0.18711380494955937 -0.011702514111408992 0.22913051529853515 2.6312603439873814
26.95400000000996 4.3329129389153325 -1.3905392779416568 6.075192473732064e-05 -0.13100677699512955 0.18718848583823527 -0.011257934837736589 0.22875542823258543 2.629043039466877
26.95500000000996 4.33003140936775 -1.373286032179542 6.0955995474343665e-05 -0.13027369043302345 0.18725873938389784 -0.010806656107307825 0.2283721824367132 2.626699368146788
26.95600000000996 4.327000966025118 -1.35579280808381 6.116353152106427e-05 -0.1295289438520856 0.18732463666723842 -0.010348646571177322 0.22798105465982207 2.6242311779119842
26.957000000009963 4.3238230390216295 -1.3380664117222218 6.137504598069735e-05 -0.12877268945517517 0.1873862061380597 -0.009884212390153682 0.22758227842894108 2.6216396875664927
26.958000000009964 4.320500559037658 -1.3201089732647864 6.159019325479233e-05 -0.1280051335639733 0.18744353993598944 -0.009413339048069885 0.2271761559550197 2.6189267595350425
26.959000000009965 4.317034543462863 -1.3019253472914272 6.180903650496526e-05 -0.1272264563854413 0.18749663708733197 -0.008936179918625513 0.22676290577383532 2.6160934576401518
26.960000000009966 4.313427834080802 -1.2835189865274297 6.203148154139475e-05 -0.12643685149487616 0.18754558866357923 -0.008452813865192034 0.22634282693592347 2.6131416418964117
26.961000000009967 4.30968470389785 -1.2648931229633342 6.22573952020196e-05 -0.12563653265162986 0.18759055471958638 -0.007963308130633104 0.22591628722407245 2.6100738006470516
26.96200000000997 4.305804387641455 -1.2460520878354433 6.248689943287303e-05 -0.12482562270910491 0.18763145851165508 -0.007467810096456157 0.2254834106881557 2.60688990639511
26.96300000000997 4.301791453455356 -1.2269999577999182 6.271982027669591e-05 -0.12400438084457513 0.18766846196522677 -0.006966402688091647 0.22504459302869922 2.603592655987417
26.96400000000997 4.297649718636166 -1.207737648932763 6.295602956246052e-05 -0.1231729290084229 0.18770172955960182 -0.006459085249631054 0.22460015472488412 2.6001839513508216
26.965000000009972 4.293378452169251 -1.1882717864090084 6.319570584571443e-05 -0.12233145941236404 0.18773116510612115 -0.005946087305601552 0.22415024485444227 2.5966640186528687
26.966000000009974 4.288982284258076 -1.1686031906008367 6.343835850426573e-05 -0.12148018856037227 0.18775694746196597 -0.00542732780046254 0.2236952467531501 2.5930352585626997
26.967000000009975 4.284463567234587 -1.148738014330669 6.368450422680419e-05 -0.12061925532229884 0.18777915835861744 -0.004903098223694581 0.2232354305225043 2.5892990655334405
26.968000000009976 4.279824374633727 -1.1286789736940266 6.393400062778714e-05 -0.11974882549937618 0.18779785756733552 -0.004373446840390107 0.22277105636196773 2.585456633417558
26.969000000009977 4.2750689184684205 -1.1084299410863372 6.41866888246371e-05 -0.11886914205495787 0.18781319356803336 -0.003838454067010479 0.22230250187690168 2.5815102941547274
26.97000000000998 4.270199946549543 -1.087994149591514 6.444255863413184e-05 -0.11798036772560329 0.18782526244049286 -0.003298213046708957 0.22183005790201216 2.577461505614851
26.97100000000998 4.265220480847662 -1.0673751659544153 6.4701606728891e-05 -0.11708268027637497 0.1878341700977465 -0.002752827802706924 0.2213540321248302 2.573311839283262
26.97200000000998 4.260133924026412 -1.0465764477596853 6.49637744105019e-05 -0.11617627115380708 0.18784003832217286 -0.002202388984035747 0.220874752955867 2.5690631076357784
26.973000000009982 4.254945498255274 -1.0255996551320692 6.52288571345054e-05 -0.11526132787962441 0.18784308593845173 -0.0016469032785336754 0.22039262902797746 2.5647177777758987
26.974000000009983 4.249655227762855 -1.0044511587571576 6.549708262073304e-05 -0.11433803213594415 0.1878432601875908 -0.001086605359819014 0.21990783683586884 2.5602760697240923
26.975000000009985 4.2442677070560055 -0.9831336023824269 6.576838792695998e-05 -0.11340656387171061 0.18784074905168005 -0.0005215621927359844 0.21942075508165929 2.5557402270906673
26.976000000009986 4.238786933463379 -0.9616485392794843 6.604225642231577e-05 -0.11246716324657431 0.18783569162009026 4.829038585109683e-05 0.21893175235011164 2.5511121857810144
26.977000000009987 4.233215879908921 -0.9400021487238177 6.631921558592812e-05 -0.11151997575464175 0.18782820060721547 0.0006226554783156331 0.21844112624573456 2.5463934404278206
26.978000000009988 4.227558349230277 -0.9181969623740193 6.659902773067272e-05 -0.11056520714973056 0.18781841509457972 0.0012015068930690646 0.21794922734324335 2.541585794627713
26.97900000000999 4.221818225320392 -0.89623669249945 6.688164038499633e-05 -0.10960306436074749 0.1878064777354785 0.001784745002178231 0.21745640968110308 2.536691117161649
26.98000000000999 4.215999250944397 -0.8741245884466873 6.716701562520683e-05 -0.10863373089591255 0.18779253099215137 0.002372279163303315 0.21696301503535648 2.531711180983523
26.981000000009992 4.210105414606749 -0.851864180412262 6.745506821138039e-05 -0.10765741578753808 0.18777672257257771 0.0029640210181880056 0.21646940230606712 2.5266478484324226
26.982000000009993 4.204140836793851 -0.8294588582053735 6.774571914135897e-05 -0.10667432279985799 0.187759208619536 0.003559884038547884 0.21597593463302955 2.5215030800791203
26.983000000009994 4.198109377724857 -0.8069122458209134 6.803894965250506e-05 -0.10568464680041889 0.18774013445875226 0.004159762712893625 0.2154829605369001 2.516278622436344
26.984000000009996 4.192015508677514 -0.7842276182644602 6.83346235383748e-05 -0.1046886055274938 0.1877196704848677 0.004763584895947528 0.21499086156229855 2.5109766086672014
26.985000000009997 4.1858649070251985 -0.761406295465459 6.863229870788574e-05 -0.10368643657181942 0.1876980449765444 0.005371402514592805 0.21450008200919782 2.505599579082259
26.986000000009998 4.179659039246052 -0.7384553744954028 6.893252011345844e-05 -0.10267829263598942 0.18767528977079567 0.0059828869632765295 0.21401084342997517 2.500148219370084
26.98700000001 4.173403428795467 -0.715376937314448 6.923499574241536e-05 -0.10166439996568395 0.18765162821204406 0.006598033503876953 0.21352357677111924 2.494625069646238
26.98800000001 4.167102476795956 -0.6921743117293023 6.953959434328562e-05 -0.10064497680140205 0.18762722711563365 0.007216767823220618 0.21303865716876502 2.4890321269471825
26.98900000001 4.1607604614512015 -0.6688509974708792 6.984627827274006e-05 -0.09962022291060392 0.18760225228355476 0.007838989393484673 0.2125564481010447 2.483371326995567
26.990000000010003 4.154382318611986 -0.6454100498186961 7.015490060112049e-05 -0.09859035707062076 0.18757689838344183 0.008464633344063966 0.2120773475223462 2.477644934505229
26.991000000010004 4.147972470545228 -0.6218550731103525 7.046542576405655e-05 -0.09755558454377718 0.1875513371815876 0.009093595296445444 0.2116017240707059 2.4718549390733386
26.992000000010005 4.141535592245978 -0.5981896394665759 7.077778748308656e-05 -0.09651611982555991 0.18752575081969303 0.009725777442115635 0.21112995844627308 2.4660034866987637
26.993000000010007 4.135076350119816 -0.5744170115528363 7.109188843188798e-05 -0.0954721736798782 0.18750032228826305 0.010361097867653322 0.21066242938499127 2.460092709205796
26.994000000010008 4.128599398701511 -0.5505405460909418 7.140766314968239e-05 -0.09442395258655314 0.18747523518032078 0.010999464829262392 0.2101995120225411 2.4541247836745064
26.99500000001001 4.122109781013626 -0.5265635427932137 7.172505660895224e-05 -0.09337166353883854 0.18745069323841484 0.011640785013042703 0.20974159774182197 2.4481019850862005
26.99600000001001 4.115611683582021 -0.5024895449417844 7.204398876285698e-05 -0.09231551624466687 0.18742685457673725 0.01228496397340401 0.2092890362533991 2.4420262634116106
26.99700000001001 4.109110593842364 -0.47832190618439663 7.236441458257378e-05 -0.09125572003231974 0.18740394560981807 0.01293190010914945 0.2088422354534106 2.4359000830165503
26.998000000010013 4.102610848798254 -0.4540640545419946 7.268627628604183e-05 -0.09019248004717209 0.18738213350475405 0.01358149961655491 0.20840154640905975 2.429725694697281
26.999000000010014 4.096117183392217 -0.429719052321102 7.300953917557226e-05 -0.08912598436251147 0.18736161167686505 0.014233670848892014 0.2079673339843871 2.42350516648736
27.000000000010015 4.089634340973117 -0.4052904407433721 7.333414231976917e-05 -0.08805644698053311 0.1873425659457557 0.01488831451959436 0.20753996429413213 2.417240923926315
27.001000000010016 4.083167373984923 -0.38078156092755444 7.366006766902324e-05 -0.08698406652025907 0.1873252029450162 0.015545325239361578 0.20711981224303458 2.410935538345348
27.002000000010018 4.0767207680984745 -0.35619620541793473 7.398730697361514e-05 -0.0859090478596985 0.18730969760336036 0.01620458343993072 0.20670722252713847 2.4045911160803883
27.00300000001002 4.070299306276778 -0.33153788471163353 7.431581188145427e-05 -0.08483160009532621 0.18729623930276718 0.016865986309914864 0.20630255239792603 2.3982101871256294
27.00400000001002 4.063907936623167 -0.3068096675376714 7.464553778605042e-05 -0.08375191698113413 0.1872850307099421 0.017529442284411195 0.2059061622993378 2.391795243882732
27.00500000001002 4.057551234657493 -0.28201543559665965 7.497646599657665e-05 -0.08267021074704421 0.18727624918610633 0.01819483099013361 0.20551839121824797 2.385348784891838
27.006000000010022 4.051233504633322 -0.2571582230912307 7.530860594036194e-05 -0.08158665094595105 0.18727007079321908 0.01886204943141045 0.2051395572195346 2.378873131708665
27.007000000010024 4.044960037390177 -0.2322420010054756 7.564196765195404e-05 -0.08050145515439476 0.18726670869078277 0.019530965315447516 0.20477002483763765 2.3723712738253937
27.008000000010025 4.038735344919274 -0.20727031843081958 7.597649613031337e-05 -0.0794148309808163 0.1872663382564009 0.020201475412189595 0.20441011822437186 2.3658458371906725
27.009000000010026 4.032564142694765 -0.18224686733300272 7.631221312206192e-05 -0.07832697379880066 0.18726914910261447 0.020873452281821126 0.2040601627958204 2.359299624510601
27.010000000010027 4.02645092603332 -0.15717517292719638 7.664905008136964e-05 -0.07723809274495401 0.18727531520001348 0.02154679530043288 0.20372047280983147 2.352735407047804
27.01100000001003 4.020400198763801 -0.1320593781445119 7.698708394823912e-05 -0.07614838362910556 0.18728501472338643 0.022221352260239427 0.20339135076383696 2.346156078936523
27.01200000001003 4.014416541128831 -0.10690312922905429 7.732627614859782e-05 -0.07505805283754388 0.18729842671115932 0.022897010454181625 0.20307310267974424 2.339564685834613
27.01300000001003 4.008504455152038 -0.08171029547127194 7.766657616246152e-05 -0.07396731617891876 0.18731572330299398 0.02357365277544839 0.20276602566606997 2.33296425338823
27.014000000010032 4.002668041665075 -0.05648510766430878 7.800805648862414e-05 -0.07287636950717694 0.18733706102403816 0.02425112674005881 0.20247038502910292 2.3263578274283363
27.015000000010033 3.9969108447818957 -0.031230023156068234 7.835055550909164e-05 -0.071785386482571 0.1873625750770006 0.024929379163018423 0.2021864243647192 2.3197479169686916
27.016000000010035 3.9912387901294366 -0.005951026049554536 7.8694113915831e-05 -0.07069465829495268 0.18739248857764135 0.025608207636423217 0.20191448631812361 2.313139076674677
27.017000000010036 3.985655589509217 0.019348509988915484 7.903866250978314e-05 -0.06960437421701428 0.18742694000711121 0.026287512765601914 0.20165480425215043 2.3065342856005913
27.018000000010037 3.980165140892438 0.04466426442817671 7.938420017801937e-05 -0.06851474411008594 0.1874660711180116 0.02696715148557826 0.20140760968776744 2.29993688636904
27.01900000001004 3.9747715460377444 0.06999187987693284 7.973071169132515e-05 -0.06742598515279978 0.18751003205894545 0.027646982318815953 0.20117313744113366 2.2933504459980893
27.02000000001004 3.9694788759417525 0.09532721834500232 8.007811569227163e-05 -0.06633831824174899 0.1875589702312439 0.02832688039320305 0.2009516159033289 2.286778604923118
27.02100000001004 3.9642907672130674 0.12066477452264647 8.042640566445226e-05 -0.06525199713274418 0.18761300000901565 0.029006673045511296 0.20074323894807453 2.2802250500570045
27.022000000010042 3.959209906232863 0.14600166619316857 8.07755413501215e-05 -0.06416716695603404 0.18767221919427687 0.029686264079715564 0.20054815244095087 2.2736928745378693
27.023000000010043 3.954241836968957 0.17133270245372853 8.11253766077921e-05 -0.06308412456525088 0.18773682892492585 0.03036551152770595 0.20036663394210674 2.2671870212569347
27.024000000010044 3.9493894334832005 0.19665336036150283 8.147589784837422e-05 -0.06200307238567503 0.1878069190483117 0.031044266845827048 0.20019881700868583 2.26071103142866
27.025000000010046 3.9446562123313718 0.2219590045267712 8.182704135230635e-05 -0.060924237042061076 0.18788260564709966 0.03172238724441281 0.200044860009912 2.2542689590538423
27.026000000010047 3.940046180292389 0.2472452000774836 8.217863232478558e-05 -0.059847870210372515 0.18796402278611096 0.032399758153220604 0.19990494180745613 2.24786520764172
27.027000000010048 3.935561507257587 0.2725067186701135 8.253074708084564e-05 -0.05877416673356919 0.18805122553992978 0.03307618964941256 0.1997791291001611 2.241503315530349
27.02800000001005 3.931206494066361 0.2977397938579599 8.288313319773771e-05 -0.0577033649661556 0.1881443676604526 0.03375159356209964 0.19966760247659127 2.235187445517015
27.02900000001005 3.926983770863858 0.32293834513125497 8.323577654977901e-05 -0.056635730956644176 0.18824350596225528 0.0344257842015921 0.19957043412251627 2.228922649363744
27.03000000001005 3.922895648297314 0.3480981315996822 8.358858574477958e-05 -0.05557145957105865 0.1883487025875867 0.035098631179437415 0.19948768081251328 2.2227125764183775
27.031000000010053 3.9189448416263994 0.3732136278274133 8.394155229949448e-05 -0.05451078350270789 0.18846002906027598 0.035769952930593034 0.19941940127313593 2.2165616801995673
27.032000000010054 3.915134259592076 0.39828007157167944 8.42945195088539e-05 -0.0534539391323711 0.18857756606930023 0.03643961604610966 0.19936566316940443 2.210474416188461
27.033000000010055 3.911466167729347 0.42329231378582943 8.464740761155796e-05 -0.05240115386775012 0.18870136311705296 0.03710746362737109 0.19932648902181108 2.2044552030285733
27.034000000010057 3.907942885141351 0.4482449541047555 8.500021728430556e-05 -0.05135264342052575 0.18883147582675638 0.03777331208386989 0.19930188999347692 2.198508420086214
27.035000000010058 3.904566703277135 0.47313329386383784 8.535270009550458e-05 -0.050308656093320324 0.18896794877403986 0.03843705155304823 0.19929188010020835 2.1926386105232196
27.03600000001006 3.90133958733939 0.49795167316282973 8.570484993174509e-05 -0.049269412565550355 0.1891108173650011 0.0390984916760372 0.19929643326049357 2.1868502405726464
27.03700000001006 3.898263538565094 0.52269494001343 8.605656266932611e-05 -0.048235137604180474 0.1892601176949242 0.0397574772765548 0.1993155228500444 2.181147736371179
27.03800000001006 3.895339125100917 0.5473578269562613 8.64077378353906e-05 -0.047206044271824336 0.18941581444917555 0.0404138574663109 0.1993490437763503 2.1755350120401604
27.039000000010063 3.892570090019669 0.5719348509074211 8.675820683001412e-05 -0.04618239713167065 0.18957802259256473 0.0410674648995475 0.19939703390023103 2.1700177543298853
27.040000000010064 3.8899572575147894 0.5964219675970193 8.71079184165415e-05 -0.04516435544081199 0.18974673698939337 0.041718172849326905 0.19945939222406234 2.164599287248291
27.041000000010065 3.8875015199033007 0.620811776939205 8.745675808244588e-05 -0.0441522130052581 0.18992191320258606 0.04236576342995781 0.1995359840700305 2.159284976838963
27.042000000010066 3.8852040937390777 0.6450994765275875 8.780461625263573e-05 -0.04314616770839776 0.19010355432554557 0.04301009077209028 0.19962670428414706 2.1540788871343794
27.043000000010068 3.883066445819306 0.6692792727907908 8.815139094598147e-05 -0.04214645658955734 0.19029166429326302 0.04365097842118859 0.1997314427417036 2.1489856930500992
27.04400000001007 3.881088013609077 0.6933443570889295 8.849711240938828e-05 -0.04115329432981551 0.19048614721050353 0.044288196218670806 0.19984996932099222 2.144008994006496
27.04500000001007 3.8792704481404687 0.7172915185609853 8.884140899045301e-05 -0.04016689029519961 0.19068702535462875 0.044921702251012656 0.1999821993271203 2.139153544260279
27.04600000001007 3.877613955429786 0.7411146185227024 8.918424879298055e-05 -0.03918745661746248 0.1908942438279077 0.045551294176603696 0.20012793279284546 2.134423357422736
27.047000000010073 3.8761197052622567 0.7648077260839041 8.952545094319824e-05 -0.03821525085215138 0.19110778456286695 0.04617681179406942 0.20028701571915472 2.1298230781459058
27.048000000010074 3.87478701695467 0.7883652569644494 8.98650120962253e-05 -0.037250449217012496 0.1913275570097618 0.04679806872149149 0.2004591960331437 2.1253564734693797
27.049000000010075 3.873616452599829 0.8117824081188636 9.020259583974301e-05 -0.03629328001039078 0.19155352038717163 0.047414956169325624 0.20064429076146242 2.121026816809659
27.050000000010076 3.872607587577847 0.8350528319722375 9.05382195103786e-05 -0.03534396370572446 0.19178558402847043 0.04802727752417228 0.20084204091264587 2.116838893987374
27.051000000010077 3.8717605114522815 0.8581711054539223 9.087166869405353e-05 -0.03440272202642874 0.19202368408831585 0.04863488696787157 0.2010522189980869 2.112796486960593
27.05200000001008 3.8710765447443594 0.8811331611201552 9.120276501072351e-05 -0.03346974828324885 0.1922678307909073 0.049237681469457235 0.2012746682612413 2.1089030471015673
27.05300000001008 3.8705541642522623 0.9039301748345191 9.153147125348218e-05 -0.03254532862863325 0.19251785458087484 0.04983538243464166 0.2015090273173279 2.105163386491683
27.05400000001008 3.870188859179488 0.9265628629498178 9.185740677626111e-05 -0.03162944680710811 0.1927735240856688 0.050428083012979866 0.2017549133233082 2.101577294121211
27.055000000010082 3.869984449174729 0.9490193197138235 9.21806410152684e-05 -0.03072255073988856 0.19303490086528824 0.05101538219590618 0.20201217115963846 2.098151886947391
27.056000000010084 3.869938442698475 0.9712962274862158 9.250088530607037e-05 -0.029824777954570593 0.1933018119985619 0.05159722912732319 0.20228045371608275 2.094889115384401
27.057000000010085 3.8700498423727225 0.9933878907800566 9.281804919758594e-05 -0.028936324501375836 0.1935741441566167 0.052173454988159215 0.20255944699523895 2.0917922018686665
27.058000000010086 3.870319033775669 1.0152874383515866 9.313195767092382e-05 -0.02805746709357056 0.1938518320596513 0.05274387103834237 0.2028488850960225 2.0888651471810955
27.059000000010087 3.870742745666959 1.0369915183940317 9.344242132267379e-05 -0.02718831347665657 0.19413467084604774 0.053308408559884314 0.2031483724704576 2.086109298614533
27.06000000001009 3.8713197305322042 1.0584938592940119 9.37493442147914e-05 -0.026329079596504452 0.19442252795878662 0.05386688587745787 0.20345756610266255 2.0835275880907376
27.06100000001009 3.872048296842005 1.079789035577711 9.4052581075231e-05 -0.025479958382208172 0.19471525520790034 0.05441915888221598 0.2037761118072594 2.081122578606839
27.06200000001009 3.8729271369878897 1.1008718726568658 9.435200796777574e-05 -0.02464113364044051 0.19501272696168728 0.05496508714447342 0.20410367451106606 2.078896544430494
27.063000000010092 3.8739548206278744 1.121736714339768 9.464732704022894e-05 -0.023812852658620723 0.195314792325096 0.0555045593733873 0.204439908442482 2.076852117502388
27.064000000010093 3.8751284503029244 1.1423784062725737 9.493855393348407e-05 -0.022995232715211988 0.19562126242295957 0.05603739791849758 0.20478439639058246 2.074990378518278
27.065000000010095 3.8764450877936945 1.1627904085649308 9.522580036937243e-05 -0.022188445208665503 0.19593193011601492 0.05656338982804887 0.20513669932170775 2.0733129930236744
27.066000000010096 3.8779037934877874 1.182970130051401 9.550853705316273e-05 -0.021392681386352874 0.1962466875505517 0.05708255838413987 0.20549653929723635 2.0718220545528214
27.067000000010097 3.8795022616870405 1.2029108123826264 9.578682944589545e-05 -0.020608130591256695 0.19656535516639084 0.05759468455973886 0.20586350232057038 2.070518988604006
27.068000000010098 3.881238316189592 1.222608584690997 9.606047191681895e-05 -0.019834944773803414 0.19688777214788686 0.05809969447412814 0.20623722834038735 2.0694048377004126
27.0690000000101 3.883108843264539 1.2420578533797197 9.632944131723832e-05 -0.0190732780181873 0.1972137276721588 0.05859742205281491 0.20661728433977444 2.068480465530991
27.0700000000101 3.8851111324132925 1.2612542160208084 9.659366248680295e-05 -0.01832326406105448 0.19754303826147898 0.05908775143291472 0.20700327615964245 2.0677464517085977
27.071000000010102 3.8872415716233166 1.280192988077227 9.685303483493374e-05 -0.017585041021816464 0.19787547192711538 0.05957056696193783 0.20739476489604147 2.067203041905974
27.072000000010103 3.8894977135744755 1.2988690446020532 9.71074719889944e-05 -0.016858777452521137 0.1982108486544668 0.060045736593936895 0.2077913602261317 2.066850734980263
27.073000000010104 3.891876472027786 1.317278091437872 9.735688185239554e-05 -0.016144602522447156 0.19854896689145204 0.06051315352613955 0.20819265643616938 2.066689373289238
27.074000000010106 3.8943746069654273 1.335415488096784 9.760118779439652e-05 -0.015442656273098713 0.1988896138351332 0.060972702381879025 0.20859823719295106 2.066718767701921
27.075000000010107 3.8969889311460424 1.3532768595068958 9.784034628119482e-05 -0.014753061687131015 0.1992325846597842 0.06142426768500088 0.2090076943081307 2.0669385460523473
27.076000000010108 3.8997156694194346 1.370858266781822 9.807435573236468e-05 -0.014075908619967282 0.19957765388770485 0.061867740192049624 0.20942060168777363 2.0673477104648357
27.07700000001011 3.9025525862923383 1.3881540157006618 9.830307165856822e-05 -0.013411408937320556 0.1999246396178008 0.06230298929943201 0.2098365790124227 2.0679463283919732
27.07800000001011 3.9054951980230204 1.40516201492281 9.852639750401596e-05 -0.012759600022108372 0.20027329580383238 0.06272998632336547 0.21025520585465454 2.0687323363055636
27.07900000001011 3.9085399464251185 1.4218776318927242 9.874436346599908e-05 -0.012120596679082498 0.2006234007507978 0.06314859813400968 0.21067606233021077 2.0697043970457085
27.080000000010113 3.9116834943122862 1.43829695799201 9.89568091777215e-05 -0.011494536428054158 0.2009747379481635 0.06355875598686955 0.21109875680265688 2.0708612122847416
27.081000000010114 3.9149224471087067 1.4544164473071848 9.916370910779486e-05 -0.010881505020891623 0.20132710353466712 0.0639603672484147 0.21152290265531615 2.072200765454852
27.082000000010115 3.9182509379707504 1.4702365022888646 9.936489155325479e-05 -0.010281453730267245 0.20168020582405827 0.06435350150280779 0.21194807587641368 2.073719058334736
27.083000000010117 3.921668169515764 1.4857471636958255 9.956050486573898e-05 -0.009694716484326736 0.2020339004546817 0.06473785278779684 0.21237390151385874 2.0754173398470885
27.084000000010118 3.925169290505937 1.5009473341213295 9.975041206978121e-05 -0.009121300921392033 0.20238793180093137 0.06511343318206128 0.21279998179020548 2.077291959209715
27.08500000001012 3.9287507727461204 1.5158333439848461 9.993455567216357e-05 -0.008561315820657516 0.20274208239081146 0.06548016694925303 0.21322593736327125 2.0793404608034387
27.08600000001012 3.9324084626574365 1.5304028144704787 0.000100112891549768 -0.008014809308283187 0.20309612046574405 0.06583801228931159 0.213651387027306 2.0815599276645393
27.08700000001012 3.936138181521046 1.5446520332354936 0.0001002854256934202 -0.007481868051583901 0.20344980139367697 0.06618688053106266 0.21407592856531318 2.0839469392673298
27.088000000010123 3.9399368001291175 1.558578227755305 0.00010045207414024107 -0.006962582726672715 0.20380293444059358 0.06652673070486873 0.2144992297028145 2.086498707439738
27.089000000010124 3.943800101110585 1.5721784148614582 0.00010061271845485682 -0.006457041694161133 0.20415527245170248 0.06685752145131889 0.21492090831718205 2.0892117886171713
27.090000000010125 3.9477240968524323 1.5854506109588395 0.00010076723293452329 -0.005965308566581738 0.2045065883697775 0.06717924906247671 0.21534061646038452 2.0920826344640373
27.091000000010126 3.9517052828463184 1.5983910900195355 0.00010091573499357951 -0.005487454645227422 0.20485667750604408 0.06749180112409395 0.2157579979891198 2.0951076920275895
27.092000000010128 3.95573970804705 1.6109976700702557 0.00010105814218511688 -0.00502353941878026 0.20520531599408234 0.06779515770139874 0.2161727112016703 2.098283017614845
27.09300000001013 3.959823729357483 1.623267608364932 0.00010119440803130244 -0.004573638909794277 0.20555229063608801 0.06808927385798406 0.2165844213537242 2.1016048754176007
27.09400000001013 3.9639534149218925 1.6351988821796324 0.00010132447724485263 -0.004137798690244829 0.20589738298331192 0.06837412662556869 0.2169927991643661 2.105069216712491
27.09500000001013 3.968125161277407 1.6467892285057029 0.00010144829891044275 -0.0037160856760862964 0.2062403851271876 0.06864969376878756 0.217397530355593 2.1086716243031214
27.096000000010132 3.97233499726429 1.6580361218138209 0.00010156595347958283 -0.003308533953074384 0.2065810799366804 0.06891591133608699 0.21779828240830365 2.1124077426495536
27.097000000010134 3.976578842356699 1.6689379943977942 0.00010167738036924962 -0.002915178980524884 0.2069192443983303 0.06917277903795724 0.218194741757675 2.116272858335872
27.098000000010135 3.9808531499419035 1.6794945209613723 0.00010178251224723502 -0.002536009786553557 0.20725469771623622 0.06942032298898061 0.21858664715618 2.1202624696125634
27.099000000010136 3.9851542547692627 1.6897007541062186 0.00010188151188830655 -0.0021711468011995547 0.20758721183420178 0.06965840299569316 0.21897364568239833 2.124371833195848
27.100000000010137 3.9894766991022594 1.6995564004038375 0.00010197441469010137 -0.0018205318132181994 0.2079165206768447 0.06988703222029308 0.2193553992474496 2.128595267087433
27.10100000001014 3.9938188312650826 1.7090605210644867 0.00010206102402714984 -0.001484243591715604 0.20824251523441484 0.07010625433254702 0.21973173422775055 2.132929228396642
27.10200000001014 3.998176030903359 1.718210348265771 0.00010214149326980217 -0.0011623038779419925 0.20856494844718929 0.0703159893369956 0.22010231036389394 2.1373682620059773
27.10300000001014 4.002544486755891 1.7270052007986878 0.00010221580798106555 -0.0008547078015259237 0.2088836238341474 0.07051625158838243 0.22046686955093192 2.1419071529937295
27.104000000010142 4.006920098968712 1.7354438490339599 0.00010228404055660984 -0.0005614469077693332 0.2091983308662912 0.07070702205336145 0.22082513404847517 2.146540610582082
27.105000000010143 4.011298797673432 1.7435252294104937 0.00010234631498162516 -0.00028249530453386244 0.20950886593785656 0.07088827592111671 0.22117683507373057 2.1512632490515795
27.106000000010145 4.015676946012442 1.7512487948778943 0.0001024026117398211 -1.7848787807885018e-05 0.20981504162106276 0.07106003423470199 0.22152173815331203 2.156069792336918
27.107000000010146 4.020050835144696 1.7586137908610064 0.00010245295828736065 0.0002325042051252406 0.21011666942819335 0.07122229980133468 0.22185960609987856 2.1609551938197824
27.108000000010147 4.0244161668768035 1.7656191345645202 0.00010249744538394498 0.00046858141453976756 0.21041353074781935 0.07137505685527358 0.2221901713204234 2.165913443752623
27.10900000001015 4.028769112779978 1.7722645928576957 0.00010253620140454718 0.0006904392005606273 0.21070544406985675 0.07151830122004671 0.22251320921771484 2.170939327792656
27.11000000001015 4.033105443354955 1.778550241500487 0.00010256919698933457 0.0008981087869504963 0.21099219954901213 0.07165207698569116 0.22282848786967696 2.1760271280280934
27.11100000001015 4.037421353241356 1.7844747163799555 0.00010259662345415337 0.0010916173251696846 0.2112736078525806 0.07177633612201618 0.22313576905223256 2.181171377395941
27.112000000010152 4.041712974986083 1.7900388286646916 0.00010261852328434301 0.0012710382626965708 0.21154949070738063 0.07189112409550337 0.22343485914362698 2.1863665426639125
27.113000000010153 4.045976404280426 1.7952436200926147 0.00010263493738866462 0.0014364544574449046 0.21181967145756478 0.07199649447477949 0.2237255725983419 2.191605899289472
27.114000000010154 4.050207638567939 1.8000874963546543 0.00010264607731307477 0.0015878890533640247 0.2120839483459332 0.07209238975844855 0.22400766772307215 2.196885389734325
27.115000000010156 4.054403497109622 1.8045715331385366 0.00010265189314847543 0.0017253938484977935 0.21234217293619723 0.07217888309154802 0.22428099909609303 2.202199430416167
27.116000000010157 4.0585605486766045 1.808696422960959 0.00010265251392702507 0.0018490530215809712 0.21259419296732718 0.07225599608899623 0.22454540487687297 2.2075431698848926
27.117000000010158 4.062675640488919 1.8124627426931605 0.00010264800905708686 0.001958921368355214 0.21283986229872862 0.07232376705987262 0.2248007376277931 2.2129130403954043
27.11800000001016 4.0667441588115665 1.8158704436835384 0.00010263842162646211 0.002055059046080417 0.21307895916645678 0.0723822123875085 0.22504677464308132 2.2182996002887028
27.11900000001016 4.0707634763474 1.8189207831651741 0.000102623863826639 0.0021375537227710678 0.21331137471845807 0.07243137467906907 0.22528341207930921 2.2236993288975038
27.12000000001016 4.0747304421489785 1.8216142869262297 0.00010260442923563047 0.0022064664282811968 0.21353696454177562 0.07247128299624012 0.22551051101652844 2.2291077411143387
27.121000000010163 4.078642249644665 1.8239520975416603 0.00010258015753548827 0.002261870064460912 0.213755605647237 0.07250198933152491 0.22572796339584103 2.2345196185500846
27.122000000010164 4.082495989703546 1.8259352622021727 0.00010255106413566487 0.0023038266899646394 0.21396716672053037 0.07252355113866427 0.22593565792408926 2.2399300063982555
27.123000000010165 4.086288820108939 1.8275645944938774 0.00010251725406496772 0.0023324116087950876 0.21417152368778092 0.07253599809875212 0.22613348430261432 2.2453339774457493
27.124000000010167 4.090018263081998 1.8288414065684266 0.00010247882086519727 0.0023477102246067458 0.21436857468694498 0.07253937671037064 0.22632136163018304 2.250726915710946
27.125000000010168 4.093681993499861 1.8297669492040927 0.00010243579631700552 0.002349789042331674 0.21455822017661588 0.0725337444852292 0.2264992173120012 2.256104369513401
27.12600000001017 4.097277684285329 1.8303425069879287 0.00010238823702771639 0.0023387222149887643 0.21474036278452202 0.07251915417630427 0.22666698205268804 2.2614618124902934
27.12700000001017 4.1008032788564455 1.8305696949882324 0.0001023362177816257 0.0023145971988291466 0.21491492333500226 0.07249566277099728 0.22682460790859726 2.2667950563365915
27.12800000001017 4.104256795570911 1.830449799841808 0.00010227968088841144 0.002277455174859304 0.2150818125850968 0.07246334883469364 0.2269720463654119 2.2720998674470323
27.129000000010173 4.107636007475001 1.8299839528951831 0.00010221877640821032 0.0022273867896091 0.21524094334426033 0.07242223877911216 0.22710923718205817 2.2773719444442624
27.130000000010174 4.110939805921841 1.829174667345467 0.0001021534584484828 0.002164471094673712 0.21539228345828934 0.0723724399838572 0.2272362004120663 2.282607755165453
27.131000000010175 4.114166558698714 1.8280235172170718 0.00010208376759408106 0.00208877996209653 0.21553577131072482 0.072314015320427 0.22735291625136916 2.2878033704339953
27.132000000010176 4.1173145314131325 1.8265318519615128 0.00010200974551253034 0.0020003795555577526 0.21567133779829287 0.07224702021691758 0.22745935768021358 2.292955139151261
27.133000000010178 4.120381800828558 1.8247015018203994 0.00010193149416159115 0.001899369586142784 0.21579891446462499 0.07217151206732908 0.2275555014562819 2.2980590910455025
27.13400000001018 4.123368275951634 1.8225353384367085 0.0001018488850825201 0.001785810684990287 0.21591851656605654 0.07208762290671286 0.22764142920880964 2.3031125460222537
27.13500000001018 4.126271884931311 1.8200342830018141 0.0001017620119912302 0.0016597720661954655 0.21603005878159992 0.07199538310302754 0.2277170971373141 2.3081112983660406
27.13600000001018 4.12909174645442 1.8172006670499448 0.00010167089475668492 0.0015213373951680608 0.21613352192671292 0.07189488113268731 0.22778254476802667 2.3130525839965053
27.137000000010183 4.131826588822494 1.8140361549582817 0.0001015755679513535 0.0013705776448127392 0.21622886258107277 0.07178618095162803 0.22783778280128342 2.31793306847271
27.138000000010184 4.134475186850974 1.8105435108209054 0.00010147604596285749 0.0012075978730756427 0.2163160504014272 0.07166938288123731 0.22788284796463565 2.3227496383583666
27.139000000010185 4.137036760302898 1.8067247072846597 0.00010137241625486644 0.0010324868381500131 0.2163950728014355 0.07154454670077207 0.22791778281746355 2.3274994865467136
27.140000000010186 4.139510234956811 1.8025821384156187 0.00010126456586726008 0.0008453042210656753 0.21646589355152573 0.07141178900021797 0.22794262703254578 2.3321796205410528
27.141000000010187 4.141894762619909 1.7981180309096256 0.0001011526166458729 0.0006461572344521879 0.21652850211853047 0.07127116916166229 0.22795742870662578 2.336787435039685
27.14200000001019 4.144189343176418 1.7933347817790883 0.00010103655553054721 0.0004351295802681621 0.2165828731178244 0.07112278109383915 0.22796223427630596 2.3413200049703837
27.14300000001019 4.146393561886419 1.7882356276721878 0.00010091638923276692 0.00021233206481710684 0.21662902008290028 0.07096673649278828 0.22795713438148893 2.345775394420161
27.14400000001019 4.148505915545264 1.7828219381427162 0.00010079214159579525 -2.2172269868407288e-05 0.2166668846369699 0.07080309232218743 0.22794213579828493 2.3501502073032596
27.145000000010192 4.150526523658032 1.7770964578202317 0.00010066390580699988 -0.000268277571000497 0.21669650636723875 0.07063192597115094 0.22791734644606582 2.3544434470650506
27.146000000010194 4.1524535481270615 1.7710618140162981 0.00010053167187519256 -0.0005258764019511356 0.21671782341750853 0.07045333680257303 0.22788278609721563 2.358651077015142
27.147000000010195 4.154286967998514 1.7647204693779854 0.00010039545606792624 -0.0007948893129419363 0.21673085955562318 0.07026741185176429 0.22783855358802765 2.3627715412163095
27.148000000010196 4.156025721352707 1.7580748778731579 0.00010025528487655401 -0.0010752197722102737 0.21673558992045852 0.07007423694717535 0.22778470255804403 2.3668025574884517
27.149000000010197 4.157669286404645 1.7511279605417789 0.00010011115464738395 -0.001366766638279389 0.21673201906015277 0.06987391481058776 0.2277213211534906 2.3707421886281272
27.1500000000102 4.159216964943659 1.7438816964852097 9.996327680611135e-05 -0.0016694101197366976 0.21672014755763339 0.06966647556695173 0.2276484726622846 2.3745882767256368
27.1510000000102 4.160668181055109 1.7363388921638072 9.981160690335319e-05 -0.001983062615993998 0.216699972997823 0.06945202776552607 0.2275662430927302 2.378339021263524
27.1520000000102 4.162022127730517 1.7285018971998714 9.965623825774861e-05 -0.0023076135756007776 0.21667148742816267 0.0692306327449502 0.2274746998129966 2.3819926494465915
27.153000000010202 4.163280278724166 1.7203745764405012 9.949721967135764e-05 -0.002642959222764849 0.2166348018895285 0.06900242755649891 0.2273740478415651 2.385547625124473
27.154000000010203 4.164439556028697 1.7119577480558883 9.933452504798216e-05 -0.0029890212681949967 0.21658977773771668 0.06876743268749808 0.2272642203846545 2.389001992866547
27.155000000010205 4.165500432085368 1.703254509495913 9.91682801631592e-05 -0.003345685802940457 0.21653647602199672 0.06852573967628925 0.22714536328021165 2.3923542428498283
27.156000000010206 4.166462876618117 1.6942680309030547 9.899852380804119e-05 -0.0037128350828072657 0.2164749313144015 0.06827744359238562 0.2270175991755669 2.3956031608720605
27.157000000010207 4.167326659257763 1.6850003269338991 9.882532247174255e-05 -0.00409038790749082 0.21640515692246048 0.06802260426659859 0.22688102147839245 2.3987475172578563
27.158000000010208 4.168090923686604 1.6754543297996425 9.86486665217774e-05 -0.004478238542146227 0.21632714100575315 0.06776132531582597 0.22673571347434565 2.401785642860477
27.15900000001021 4.1687558179199895 1.665632025695102 9.846876849761179e-05 -0.0048762744346429006 0.21624092556727523 0.06749363062029475 0.22658178681628982 2.4047165501182723
27.16000000001021 4.169321134903241 1.6555360656067992 9.828562853158436e-05 -0.005284405932578512 0.21614652755133884 0.06721961139494007 0.2264193509279821 2.4075391230683283
27.161000000010212 4.169786675725018 1.6451690927872817 9.809932905112638e-05 -0.005702523251076444 0.21604397033069103 0.06693933980111977 0.22624851623974765 2.4102522949253915
27.162000000010213 4.170152238397961 1.6345334751649818 9.790992728349843e-05 -0.0061305324183025785 0.21593327220146338 0.06665288516926818 0.22606938884499772 2.412855054149496
27.163000000010214 4.170418050007083 1.6236320394916564 9.771750345989044e-05 -0.006568322804027334 0.2158144789632938 0.06636032406882056 0.22588210377357207 2.4153466813356417
27.164000000010216 4.1705838975019285 1.612467336970521 9.752208151944844e-05 -0.0070158000556516005 0.21568760832493897 0.06606173680289187 0.22568677166543838 2.4177263031030334
27.165000000010217 4.170649660666623 1.601041719284062 9.732384615768148e-05 -0.007472840685289279 0.21555269155576048 0.06575716340454676 0.22548350432759554 2.4199930662507603
27.166000000010218 4.170615606887712 1.5893580356049704 9.712279876062581e-05 -0.007939351230805084 0.21540977119957866 0.0654466965348246 0.22527244153145393 2.4221465036820025
27.16700000001022 4.1704817669341425 1.5774188092362793 9.691904900588236e-05 -0.008415220907603518 0.21525888251111702 0.06513039622072862 0.22505370682289982 2.4241859332383515
27.16800000001022 4.17024820355819 1.5652268794988224 9.671260092645954e-05 -0.008900352291550645 0.21510005843599625 0.0648083535917448 0.2248274318346303 2.4261108263406044
27.16900000001022 4.169915023007475 1.552784808492658 9.6503539544441e-05 -0.009394639661157016 0.21493333660402694 0.0644806344017332 0.22459374579661143 2.4279206997385434
27.170000000010223 4.169482705359928 1.5400953625875595 9.629189743805199e-05 -0.009897986150398282 0.21475877137068697 0.06414731964231116 0.2243527994649795 2.4296153575398574
27.171000000010224 4.168951220305216 1.5271611485299232 9.607784583086567e-05 -0.01041026048589307 0.2145764006805854 0.06380845604625453 0.22410471729846757 2.4311943179516926
27.172000000010225 4.168321054541247 1.5139852775152274 9.586129390240427e-05 -0.010931382440037211 0.21438627435755583 0.06346416099414307 0.22384965822099007 2.432657494587936
27.173000000010227 4.1675923189709385 1.500570337698794 9.564240508537821e-05 -0.011461224313445548 0.21418843648756214 0.06311448128932517 0.22358775399419828 2.434004548813789
27.174000000010228 4.166765444983834 1.4869192285258361 9.542120900329652e-05 -0.011999683282428187 0.21398294059403591 0.06275950094715672 0.2233191577614546 2.4352354473284734
27.17500000001023 4.165840764768919 1.4730348416159917 9.51977750466104e-05 -0.012546645106993362 0.21376983826678306 0.06239929459738623 0.22304401812713745 2.4363500514937457
27.17600000001023 4.164818417166783 1.4589193755086276 9.497218221716568e-05 -0.0131020163053941 0.21354916471552146 0.06203391504771964 0.22276246362013377 2.437348236140994
27.17700000001023 4.1636993032083724 1.444576557004512 9.474445209014479e-05 -0.013665669725849016 0.21332100505856244 0.061663468751570645 0.22247468419289224 2.4382303245173635
27.178000000010233 4.162483595647875 1.4300086979681494 9.45146794781129e-05 -0.014237503530845115 0.2130853987003316 0.06128800734628649 0.22218081260664382 2.4389962033839074
27.179000000010234 4.161171950990245 1.4152189254797958 9.42829221386971e-05 -0.014817399856702572 0.21284241508138876 0.060907611354862334 0.22188101792885875 2.439646156923226
27.180000000010235 4.159764831018359 1.400209889346329 9.404928905183193e-05 -0.015405243721126198 0.21259211242347734 0.060522337278848815 0.22157545240499557 2.4401803188927698
27.181000000010236 4.158262781601937 1.3849842882600876 9.38138523517887e-05 -0.016000927989598023 0.21233455112342242 0.0601322502143329 0.22126427369359186 2.440598932364357
27.182000000010238 4.156666628758948 1.369545104764326 9.357661985693572e-05 -0.016604353181249955 0.21206980373518422 0.05973743577942372 0.2209476576801574 2.4409024428056325
27.18300000001024 4.154976986807945 1.353894945785673 9.333770746769692e-05 -0.017215404828262223 0.2117979362163745 0.05933794540971772 0.22062576394057662 2.44109120164807
27.18400000001024 4.153194490497903 1.33803651737369 9.30972029029389e-05 -0.017833970908261533 0.21151901484351807 0.05893383845959412 0.22029875504484966 2.4411655747196477
27.18500000001024 4.151320043981898 1.3219723663673835 9.285520448403156e-05 -0.018459947448298555 0.21123311728025249 0.05852516806215029 0.21996680384192016 2.441126064735283
27.186000000010242 4.14935423094291 1.3057052764728192 9.261176092529032e-05 -0.019093226252328056 0.2109403060952438 0.05811200207704706 0.21963007264416334 2.4409731218358086
27.187000000010244 4.147298118311461 1.2892377740022014 9.236698347053558e-05 -0.019733702071009177 0.21064066780337878 0.0576943885445218 0.219288742072198 2.4407073786634195
27.188000000010245 4.145152627174048 1.2725723711079917 9.212089790614769e-05 -0.02038128670940237 0.21033427624567616 0.057272391667223185 0.2189429867773962 2.440329479760375
27.189000000010246 4.142918741690674 1.2557113137966058 9.187369608673577e-05 -0.02103586320505682 0.21002121708179236 0.056846031972132345 0.21859297911020817 2.4398400860194887
27.190000000010247 4.140597529163958 1.2386572719695637 9.162553083464544e-05 -0.02169730808819621 0.20970158215133725 0.05641534907594732 0.21823890200055795 2.4392399335801542
27.19100000001025 4.138190260576665 1.2214128258978685 9.137632193213534e-05 -0.022365560451416532 0.20937545541367703 0.05598043114039824 0.21788094982043632 2.4385298494719168
27.19200000001025 4.135698044450465 1.2039803392471886 9.112619265917702e-05 -0.023040515460611668 0.20904292532732435 0.05554131467473727 0.21751930401206734 2.43771064219415
27.19300000001025 4.133122196793017 1.1863621751933027 9.087522693344232e-05 -0.023722079726145588 0.20870408759448925 0.05509804364629526 0.21715415643922387 2.4367831982857817
27.194000000010252 4.130463969240208 1.168560668761492 9.062349217507965e-05 -0.02441016419057318 0.20835903341059472 0.054650664916559656 0.2167856962426953 2.4357483750958275
27.195000000010253 4.12772467539188 1.1505781729069224 9.037110561438899e-05 -0.025104666729041505 0.2080078608844105 0.05419921343684141 0.2164141151091047 2.4346070858255797
27.196000000010255 4.124902298401328 1.1324138716041 9.011840063047253e-05 -0.025805502554191683 0.2076504876638826 0.05374358797742895 0.216039399734887 2.4333590056194527
27.197000000010256 4.122003954038807 1.1140747029170062 8.986500098273385e-05 -0.026512602801155236 0.20728730702696452 0.05328405927111844 0.2156620892372856 2.432007493930671
27.198000000010257 4.119029234138149 1.0955615086614154 8.96110776289903e-05 -0.027225875024534895 0.20691832354389816 0.052820599976916786 0.2152822720778243 2.4305525778829056
27.19900000001026 4.115979816710894 1.0768765196424332 8.935682174144215e-05 -0.02794521742535936 0.20654365428617158 0.05235323220164388 0.2149001564094252 2.428995688764698
27.20000000001026 4.112857584470973 1.0580218352473065 8.91021420897472e-05 -0.028670588260624134 0.20616340889444243 0.05188202107940035 0.21451596189904062 2.427337915939863
27.20100000001026 4.109664381843487 1.038999894927209 8.884712126139428e-05 -0.029401896319310995 0.2057777098213871 0.051407008553168196 0.21412990892187858 2.425580502237521
27.202000000010262 4.106402073198419 1.0198138349090504 8.859172157698164e-05 -0.030139053128114598 0.20538668003365837 0.05092828218897254 0.2137422297662006 2.4237246150945486
27.203000000010263 4.1030712366956426 1.0004642185468307 8.833610722673363e-05 -0.030881996098114862 0.20499036650484337 0.05044580953342977 0.21335305890068007 2.4217711099284402
27.204000000010264 4.099676178327619 0.980954791760762 8.808018568279565e-05 -0.03163066139625526 0.2045890127591152 0.049959704143472825 0.21296275477232468 2.419722287842027
27.205000000010266 4.096218180579863 0.9612873299109975 8.782402249793775e-05 -0.03238497577175087 0.20418270611617148 0.04946998969613283 0.21257150329523294 2.417579292415396
27.206000000010267 4.092695430699526 0.9414611793013733 8.75679471295354e-05 -0.03314484605576652 0.20377137710698345 0.048976562585510454 0.21217930773482446 2.415341841287793
27.207000000010268 4.089115684086037 0.921482996484448 8.731153255734191e-05 -0.03391023056117928 0.20335544394081792 0.04847969016342912 0.21178673394578226 2.413013774589335
27.20800000001027 4.0854795834039255 0.9013539092024243 8.705494295967634e-05 -0.034681044405494015 0.20293496362515487 0.04797935307911109 0.21139392759606124 2.410595932128819
27.20900000001027 4.081789104358915 0.8810762013244187 8.679810435684678e-05 -0.03545723995589251 0.20251005241643413 0.04747562069804128 0.2110011179014484 2.408089719849842
27.21000000001027 4.078046565026863 0.8606524959756633 8.65410829476892e-05 -0.03623872169034208 0.2020808583978067 0.04696853303479006 0.21060855010180532 2.4054967003916463
27.211000000010273 4.074255082486325 0.8400854245106847 8.628385317065472e-05 -0.03702543095711242 0.2016475605251248 0.04645815397501697 0.21021651046970632 2.4028190408300736
27.212000000010274 4.070416901690045 0.8193774274798832 8.60263959894278e-05 -0.03781730075564504 0.2012102947113988 0.04594453969281922 0.20982524076448933 2.4000582833479807
27.213000000010275 4.066534704292528 0.7985310357836584 8.576867636595253e-05 -0.038614270403832314 0.2007692176839861 0.04542775147292588 0.20943500483955874 2.397216353575572
27.214000000010277 4.06261093505707 0.7775486739922531 8.551080246860758e-05 -0.03941624533107903 0.20032448392538885 0.04490781629002085 0.20904605047671063 2.3942950021825355
27.215000000010278 4.058648468160926 0.7564339304553093 8.525263707384843e-05 -0.040223152475811805 0.19987626420592008 0.04438484722847 0.2086586630157056 2.3912962183019775
27.21600000001028 4.054649652071046 0.73518818573997 8.499424336314625e-05 -0.04103494439149412 0.19942469354159315 0.04385884982821402 0.20827307498480255 2.388221852591239
27.21700000001028 4.050617114366248 0.7138147199787375 8.473561872036031e-05 -0.04185152258563861 0.19896993717495184 0.043329898019406024 0.20788955217738248 2.385073833449548
27.21800000001028 4.046553990144497 0.692315177165246 8.44768167896884e-05 -0.04267284288958563 0.19851217050611378 0.04279800495429027 0.2075083675117587 2.3818545300106466
27.219000000010283 4.042462987211949 0.6706924692997591 8.421784760758173e-05 -0.0434988180038083 0.1980515595184793 0.04226323018184293 0.2071297854506532 2.3785659972409503
27.220000000010284 4.038347055643786 0.6489491425231408 8.395872277705272e-05 -0.044329377293437146 0.19758827787674124 0.041725622030768184 0.20675407802356582 2.3752104858656393
27.221000000010285 4.034209064593679 0.627087852727128 8.369948924506207e-05 -0.0451644359548416 0.19712249924527278 0.041185223561030174 0.20638151231055946 2.371790251098412
27.222000000010286 4.030051974864483 0.6051109007755452 8.344010394937747e-05 -0.046003944514240024 0.19665439128660822 0.04064208608112956 0.2060123580861149 2.3683077467553444
27.223000000010288 4.0258786260802895 0.5830207195736434 8.318060550938772e-05 -0.046847828302818584 0.19618412325291593 0.04009624829128307 0.205646877827605 2.364765214918538
27.22400000001029 4.021692315954779 0.5608202176343238 8.292098774070409e-05 -0.047696010630398876 0.19571188871623946 0.03954776948962428 0.2052853596497745 2.361165380511836
27.22500000001029 4.017492702846116 0.5385089619938563 8.266165061886885e-05 -0.04854838857049969 0.19523769781827485 0.038996527061741386 0.20492787464141954 2.357509275080062
27.22600000001029 4.013288217824736 0.5160935684297376 8.240210112757538e-05 -0.049404939872667086 0.1947619977147902 0.038442790313210885 0.20457500327445502 2.3538019292446073
27.227000000010293 4.009080579416367 0.4935748166356188 8.214250063687907e-05 -0.050265603453921164 0.19428489419289616 0.037886521321390185 0.20422693137773934 2.350045466794899
27.228000000010294 4.004872308746543 0.4709558570352754 8.188295917371512e-05 -0.05113025665373201 0.19380655418410256 0.03732776431409441 0.20388390220633057 2.3462422651001527
27.229000000010295 4.000665683347031 0.44823824479316626 8.162351087588715e-05 -0.05199884528044513 0.19332711087874577 0.03676652700683536 0.2035461353584658 2.3423947717080775
27.230000000010296 3.996465860702444 0.42542710789956945 8.136391150020963e-05 -0.05287129581489608 0.19284685503927881 0.03620298471034515 0.20321402392951218 2.338506676255956
27.231000000010297 3.9922760174190906 0.40252212229066264 8.110450411034125e-05 -0.05374756334025965 0.1923659636371803 0.03563702383633476 0.20288780643249038 2.334581178674058
27.2320000000103 3.9880991977751767 0.37952754165483826 8.084513399226226e-05 -0.054627558894162896 0.19188462133719172 0.03506878068654097 0.20256776020703146 2.330621094007408
27.2330000000103 3.9839398323760995 0.35644485501610157 8.058581585074898e-05 -0.05551126039348185 0.1914030643374312 0.03449825610910358 0.2022542032759791 2.326630270530185
27.2340000000103 3.9798003793511687 0.3332765160361608 8.032662719809727e-05 -0.05639858071137642 0.1909214456444547 0.03392548369797508 0.20194736135282304 2.3226114267517484
27.235000000010302 3.9756847658318866 0.31002659855488907 8.006751524276693e-05 -0.05728941881531006 0.1904399995938352 0.03335056444938711 0.20164754177174754 2.3185678737713733
27.236000000010304 3.9715965283365984 0.2866960373558717 7.980852190463325e-05 -0.058183756924200525 0.18995891439793008 0.03277348043342202 0.20135500924678898 2.314503601483208
27.237000000010305 3.9675395284025443 0.26328800822379256 7.954966265948544e-05 -0.059081517107788833 0.18947841379251457 0.032194298532253335 0.20107005698280678 2.310421857438644
27.238000000010306 3.9635172547133966 0.23980583179279485 7.929084569481758e-05 -0.05998262878285553 0.18899870013335163 0.031613105283715436 0.20079296011931716 2.3063261205505237
27.239000000010307 3.9595335104995395 0.21625161832487974 7.903213135287916e-05 -0.06088703584859565 0.18851998733771 0.03102991975304417 0.20052399527268266 2.3022202635704963
27.24000000001031 3.9555919613285107 0.1926279676274581 7.87735335721965e-05 -0.061794672216941904 0.18804248543593208 0.0304447839298831 0.20026343328690657 2.298108025521075
27.24100000001031 3.9516964258197866 0.16893776830761909 7.851492322335824e-05 -0.06270549971670053 0.18756640418835796 0.029857782204278885 0.20001155674867827 2.2939933090636004
27.24200000001031 3.9478505029723583 0.14518399387108527 7.825639228634858e-05 -0.06361941919473926 0.18709196013747556 0.029268950720852824 0.19976862497163667 2.289879912665233
27.243000000010312 3.944057937380382 0.12136950971397889 7.799785872500959e-05 -0.06453638077841349 0.18661936270711085 0.028678362414582118 0.19953490785315411 2.285771782181218
27.244000000010313 3.9403225978576115 0.09749799877794982 7.773926734337058e-05 -0.06545629948502871 0.18614883865903933 0.028086107250025347 0.19931067883292847 2.281672994107517
27.245000000010315 3.9366480765453833 0.07357154116430649 7.748068521200736e-05 -0.0663791165074796 0.1856805919459047 0.027492202080171686 0.19909618406416563 2.2775876519973357
27.246000000010316 3.9330381577575664 0.04959352340035583 7.722203094112024e-05 -0.06730476277147743 0.18521484019331952 0.02689673391846755 0.1988916851329954 2.2735199002362783
27.247000000010317 3.9294963003530325 0.0255668189897591 7.696332186712491e-05 -0.0682331593078308 0.18475178669629408 0.026299752493555213 0.1986974174412517 2.269473874525105
27.248000000010318 3.926025436469141 0.0014939158390554373 7.670465633161924e-05 -0.0691642166523637 0.18429161034702568 0.025701282089595417 0.19851358243325318 2.2654534291919632
27.24900000001032 3.9226313013129577 -0.022619999227491604 7.644574536346042e-05 -0.07009787828575315 0.18383462768938255 0.025101506281944023 0.1983405366925295 2.2614638450899136
27.25000000001032 3.919316006967668 -0.046770306860322866 7.61865170170356e-05 -0.07103400509834915 0.18338099004099934 0.024500548293598535 0.19817844044046856 2.2575086516402023
27.251000000010322 3.9160843488603536 -0.07095701428931017 7.592726022578858e-05 -0.07197257975669116 0.1829309519075075 0.023898315091897087 0.1980275608768933 2.2535931068467714
27.252000000010323 3.9129399219182233 -0.09517525703879252 7.566776485520575e-05 -0.0729135008698692 0.18248473108111185 0.023294957973616637 0.1978881268642429 2.2497216813608607
27.253000000010324 3.909885915097242 -0.11942175646288701 7.540809010199395e-05 -0.0738566733661495 0.18204252218954206 0.022690542791589434 0.1977603317604948 2.2458986290486913
27.254000000010326 3.906925886526633 -0.14369275531699685 7.514818415482077e-05 -0.0748020053898695 0.18160453838142065 0.022085161241322395 0.19764438448417948 2.242128486086152
27.255000000010327 3.9040634097771063 -0.1679847869045288 7.488812377678711e-05 -0.07574938757098955 0.18117099865771516 0.021478871230289118 0.19754048289234577 2.2384160003475873
27.256000000010328 3.90130153126524 -0.1922949813216074 7.462796246094215e-05 -0.07669872994152911 0.18074208872606945 0.02087171798439569 0.19744879443371163 2.2347656468595583
27.25700000001033 3.8986443166037557 -0.21661819152900574 7.436759897396972e-05 -0.07764991177761148 0.180318057316683 0.0202638475113786 0.19736953693388912 2.231182425697087
27.25800000001033 3.8960947942127544 -0.24095092969623416 7.410710762680581e-05 -0.07860281558397114 0.17989909766614717 0.019655318784757146 0.19730286241043785 2.227670929075643
27.25900000001033 3.8936564087160463 -0.2652893665944194 7.384647447649263e-05 -0.07955733991696093 0.1794854201345955 0.019046221833262347 0.1972489415476721 2.2242359467949546
27.260000000010333 3.8913323770670494 -0.28962954854700823 7.358573700579605e-05 -0.08051336295520656 0.1790772293534872 0.01843663838946263 0.19720792408618396 2.220882300557167
27.261000000010334 3.889125916434204 -0.3139673726738865 7.332492971904233e-05 -0.08147075835974912 0.17867473145868787 0.01782665592567687 0.19717995281224543 2.217614773145799
27.262000000010335 3.887040022412066 -0.3382987406811544 7.306406877890404e-05 -0.08242940595686447 0.17827811932364937 0.017216370386154888 0.19716515464263 2.214438170710045
27.263000000010337 3.885077829039712 -0.36261939860503795 7.280316740400928e-05 -0.08338917296184457 0.17788759665117052 0.01660587373332249 0.19716365347608317 2.211357307050509
27.264000000010338 3.883242334571774 -0.3869252324682453 7.254232028521023e-05 -0.08434991964253133 0.17750336248053006 0.0159952452337289 0.19717555757670135 2.2083770755570242
27.26500000001034 3.8815362988431357 -0.41121177556751926 7.228155438608928e-05 -0.08531150251710194 0.17712560453440537 0.015384585934602847 0.19720095772531948 2.205502259231715
27.26600000001034 3.8799623730360677 -0.4354749277105177 7.202098055173928e-05 -0.0862737723964723 0.17675450660061315 0.0147739708638404 0.19723992907682283 2.2027375232566824
27.26700000001034 3.878523568554559 -0.4597099979137378 7.176057277419018e-05 -0.08723659670743557 0.1763902664961639 0.014163521964348095 0.1972925626426857 2.2000878362722953
27.268000000010343 3.8772224175567898 -0.48391255546479506 7.150042448724042e-05 -0.08819981360453429 0.17603306580947783 0.013553325056068927 0.19735891162608798 2.19755787967734
27.269000000010344 3.876061399840709 -0.5080779328054281 7.124054136884698e-05 -0.08916327731261099 0.17568307879094766 0.012943496498894265 0.19743902424852283 2.1951523380317117
27.270000000010345 3.875042885116443 -0.532201474845151 7.098099555409683e-05 -0.09012682365592811 0.17534047941452652 0.01233413652007834 0.19753293139959902 2.1928758869399814
27.271000000010346 3.8741693377736834 -0.5562784558924957 7.072187606916e-05 -0.09109028367114654 0.17500544818486524 0.01172534439154132 0.19764065972055384 2.1907331932880463
27.272000000010348 3.8734427643700715 -0.5803041141783964 7.046322385069973e-05 -0.09205349281263242 0.17467814042752094 0.011117232468758094 0.1977622085737983 2.1887286988116674
27.27300000001035 3.8728649709384744 -0.6042713537968508 7.020488171313844e-05 -0.09301624580065768 0.17435871380523985 0.010510025061735854 0.19789755857378385 2.1868665640557055
27.27400000001035 3.872438433167966 -0.6281787300533115 6.994726334764523e-05 -0.09397841742107983 0.17404733588381455 0.009903656152765184 0.1980467128594067 2.1851516983000394
27.27500000001035 3.872165247441587 -0.6520202378856574 6.969022192668186e-05 -0.09493983696993116 0.17374416882547666 0.009298309496768145 0.19820965517408715 2.1835883082099574
27.276000000010352 3.872046700474439 -0.6757904343226057 6.943389660533154e-05 -0.09590028926824806 0.1734493462608683 0.008694104851198939 0.19838631167300805 2.1821804568128456
27.277000000010354 3.8720847375506007 -0.6994844479992773 6.91783421873577e-05 -0.09685960562600734 0.17316302203077102 0.008091159268180997 0.19857664076914494 2.180932540127094
27.278000000010355 3.8722804414056973 -0.7230962316561228 6.892362538178616e-05 -0.09781755440628326 0.17288532423814038 0.007489618138153679 0.19878054146925064 2.1798481557442835
27.279000000010356 3.8726350108337524 -0.7466210551241039 6.866974843336527e-05 -0.09877397305365315 0.17261636576779119 0.006889607590440559 0.19899792505559932 2.178930964366665
27.280000000010357 3.8731497603578493 -0.7700538229797566 6.841682552269346e-05 -0.09972865904292248 0.17235627797020744 0.00629123733450296 0.19922869185296063 2.178184730575675
27.28100000001036 3.873825723110851 -0.7933888291831869 6.81648700895796e-05 -0.10068140855591161 0.17210517803634784 0.005694658773528661 0.19947272363476742 2.1776128668353643
27.28200000001036 3.8746638279482437 -0.8166206366392623 6.791394662101176e-05 -0.10163201426516166 0.17186317868718368 0.005100005249264343 0.19972988901413674 2.1772187664666465
27.28300000001036 3.875664735724892 -0.8397437790760826 6.766412008339847e-05 -0.1025802633695439 0.1716303803542567 0.004507410471343644 0.20000003660666912 2.177005531859779
27.284000000010362 3.8768290370766345 -0.8627526296410658 6.741543996894862e-05 -0.10352594107551702 0.17140688063616888 0.003917018389061357 0.20028300536504215 2.176976005806245
27.285000000010363 3.8781571619473314 -0.8856415682350199 6.716797994470469e-05 -0.10446882375354419 0.17119277127512217 0.003328966269029536 0.20057861822668366 2.177132935426574
27.286000000010365 3.8796493910363496 -0.90840483290467 6.692173858850244e-05 -0.10540869993311856 0.17098813282954078 0.002743414719504662 0.2008866892415874 2.1774788008247956
27.287000000010366 3.8813059761570488 -0.9310371156476105 6.6676807688621e-05 -0.10634535205852805 0.17079304568370235 0.002160489928612102 0.2012070229268828 2.1780155240583694
27.288000000010367 3.8831268038394198 -0.9535319591368973 6.643318935436868e-05 -0.10727853744661284 0.17060757969663912 0.0015803738072247974 0.20153939671438917 2.178745947831194
27.28900000001037 3.885111470349138 -0.9758840309794481 6.61910021068735e-05 -0.10820802029426453 0.17043178682719692 0.0010031878348908004 0.20188357041361024 2.179671218642479
27.29000000001037 3.8872596780719504 -0.9980873081026376 6.595033063047159e-05 -0.10913355251006818 0.17026572844171187 0.00042908440592589125 0.20223930052955083 2.1807930041559906
27.29100000001037 3.8895707758050295 -1.0201359575686646 6.571110826805237e-05 -0.1100549197709617 0.1701094375671878 -0.0001417594425203128 0.2026063330968638 2.182112388395254
27.292000000010372 3.8920441251868665 -1.0420235693775752 6.547337758889444e-05 -0.11097186512953619 0.169962960495622 -0.0007091697025604399 0.20298439770689608 2.1836304807466758
27.293000000010373 3.894678449164375 -1.0637454162523696 6.523737250326452e-05 -0.11188413943443067 0.16982630768924506 -0.001273060292791172 0.20337319420920336 2.1853477238684613
27.294000000010374 3.8974734406817917 -1.0852950218152015 6.500306217331966e-05 -0.11279150001963846 0.16969953863643153 -0.0018332446696578781 0.20377246299762058 2.1872646454276614
27.295000000010376 3.900427387835828 -1.1066665047195492 6.477051388445817e-05 -0.11369368986283689 0.16958264366300146 -0.002389565279802341 0.20418187522056386 2.189381453471151
27.296000000010377 3.9035388994685123 -1.1278536789378375 6.453976162238284e-05 -0.11459045126712633 0.16947563010280725 -0.002941850584375105 0.20460111242417034 2.191697881362741
27.297000000010378 3.906806451864768 -1.1488507184081111 6.431093303778138e-05 -0.11548151543331898 0.1693785016592115 -0.003489959366248519 0.20502984428485888 2.1942134573737846
27.29800000001038 3.910228142344848 -1.1696518456134417 6.408400244785222e-05 -0.11636663885416472 0.16929123458849854 -0.0040337244925604185 0.2054677290476427 2.1969263890591266
27.29900000001038 3.9138023214313264 -1.1902505380577146 6.385912507857938e-05 -0.11724553041274655 0.16921383297752793 -0.004572980042427154 0.20591441867722968 2.1998370307657185
27.30000000001038 3.9175271572625943 -1.2106413469982593 6.363632404810494e-05 -0.11811794960444938 0.16914627548122252 -0.0051075767286404665 0.20636957108054427 2.2029433092425443
27.301000000010383 3.921399997738633 -1.2308179225885616 6.341560764428094e-05 -0.11898362249159741 0.16908850875826445 -0.005637327983639794 0.2068327964373923 2.2062435425610065
27.302000000010384 3.9254190183278395 -1.2507741585879 6.319708407418636e-05 -0.11984226644255959 0.16904052495017113 -0.006162082243010374 0.2073037364812523 2.2097360449426047
27.303000000010385 3.929581256798875 -1.2705045121459801 6.298080549195673e-05 -0.1206936245395288 0.16900224865235847 -0.006681682295354762 0.2077819913571395 2.213417738070837
27.304000000010387 3.9338843345023817 -1.2900027713742261 6.276682750064173e-05 -0.1215374195419821 0.16897364138199175 -0.007195956035626103 0.20826717843693085 2.2172863440276656
27.305000000010388 3.9383251548825555 -1.309263398773421 6.255524907818024e-05 -0.12237337695249036 0.16895462618408588 -0.007704760872378853 0.20875888588479544 2.221338769988855
27.30600000001039 3.942900644547648 -1.3282804162456927 6.234609694221641e-05 -0.12320122811836061 0.16894512551769267 -0.008207920717396185 0.20925670361678816 2.225571668386037
27.30700000001039 3.9476078904708434 -1.347047946225234 6.213941883800288e-05 -0.12402070201961506 0.16894507083855706 -0.00870527016103114 0.2097602279238363 2.229981528605623
27.30800000001039 3.952443350032924 -1.365560221610162 6.193530895274399e-05 -0.12483151473027934 0.16895436450931822 -0.009196653354415373 0.21026902479805434 2.2345644636293196
27.309000000010393 3.9574037079814928 -1.3838114958548942 6.173378406571712e-05 -0.12563340063823863 0.16897291531591843 -0.00968190197664005 0.21078267645177576 2.2393161387646967
27.310000000010394 3.9624845646532485 -1.4017956779793033 6.153496624464935e-05 -0.12642604824107304 0.16900058975073945 -0.010160851284131071 0.21130070494148875 2.2442315736740794
27.311000000010395 3.967683772203806 -1.4195075756141737 6.13388155521099e-05 -0.12720923940459075 0.1690373420638335 -0.010633341850610415 0.21182275977999127 2.2493071218696503
27.312000000010396 3.9729967489077422 -1.4369427980535088 6.114553519657408e-05 -0.1279827011715517 0.16908301685261184 -0.011099276958361194 0.212348374931728 2.2545371968567656
27.313000000010398 3.9784196738222204 -1.4540945372576108 6.095502059112032e-05 -0.1287461553410701 0.16913750002013372 -0.011558425122771108 0.2128771091956258 2.259916795272483
27.3140000000104 3.983948408371619 -1.4709581996855534 6.076737804341423e-05 -0.1294993484622659 0.16920065306542778 -0.012010665822388317 0.21340852453314912 2.265440344851067
27.3150000000104 3.9895792094626668 -1.4875279869111633 6.05826004560937e-05 -0.1302420173908958 0.16927236126978848 -0.012455817475577766 0.21394219493331626 2.2711024066970014
27.3160000000104 3.995307295423471 -1.5037987729024405 6.040076875701616e-05 -0.13097388722615924 0.16935245889726777 -0.012893736053918997 0.21447765128122226 2.2768967217477036
27.317000000010403 4.001128630179051 -1.5197652461846978 6.0221851373584924e-05 -0.13169470622250462 0.16944081195070496 -0.01332425610647267 0.21501446510022723 2.282817578445095
27.318000000010404 4.007038569445712 -1.5354227759141492 6.004598531719418e-05 -0.13240422027788326 0.16953725554369595 -0.01374724624219875 0.21555218705437984 2.288858291856957
27.319000000010405 4.013032713334635 -1.5507662854676285 5.9873153908409496e-05 -0.1331021800477876 0.16964163585574898 -0.014162547725619958 0.21609038087654125 2.2950125355000726
27.320000000010406 4.019106395978515 -1.565791088824329 5.970343074624185e-05 -0.13378833286931535 0.1697537860467178 -0.014570024731405987 0.216628602704766 2.3012737946229116
27.321000000010407 4.025254637295729 -1.5804922779559638 5.9536782809692794e-05 -0.13446243784219528 0.16987351919610597 -0.014969512143403056 0.2171664016563048 2.307635153292405
27.32200000001041 4.031473132428854 -1.5948654649284433 5.9373264480136944e-05 -0.13512426230606767 0.17000068117182748 -0.0153608792995569 0.21770336349147174 2.314090004122301
27.32300000001041 4.037756843004149 -1.6089059114014215 5.92129668086236e-05 -0.13577354123849059 0.17013508897713192 -0.015743993172372666 0.21823903482811782 2.3206314417691334
27.32400000001041 4.044100640670227 -1.6226097825546946 5.9055866783570174e-05 -0.13641007058603657 0.17027653651306043 -0.01611871895275486 0.21877298586628327 2.3272521151278354
27.325000000010412 4.050499566350046 -1.6359727470447565 5.890200689627535e-05 -0.13703361362835959 0.17042483624811683 -0.016484923989547304 0.21930478515797397 2.3339449902311022
27.326000000010414 4.056948496349179 -1.648990811118978 5.875143140793728e-05 -0.13764394459058554 0.17057978854405087 -0.016842483656391814 0.21983400327953162 2.340702849481382
27.327000000010415 4.063442586945129 -1.6616594393892201 5.860415393371653e-05 -0.13824082910920293 0.17074121112243035 -0.017191252143498908 0.22036022136178648 2.347518727160045
27.328000000010416 4.069977395818201 -1.6739750701392282 5.846004547768312e-05 -0.13882410779489812 0.17090891965055927 -0.017531079864637117 0.22088306970519742 2.3543855353170513
27.329000000010417 4.076545866164988 -1.685935144575002 5.8319471542169096e-05 -0.13939350475010764 0.17108262798877039 -0.01786195078093227 0.22140204166123384 2.361295135070122
27.33000000001042 4.083143586632525 -1.6975353403182971 5.818231625103595e-05 -0.13994883168552302 0.1712621621872159 -0.01818369542247359 0.22191676472587732 2.368240722546961
27.33100000001042 4.089765691522034 -1.708774042867704 5.804884465438515e-05 -0.14048989862059852 0.17144732419973996 -0.018496309752305314 0.22242686452883792 2.3752152953400847
27.33200000001042 4.096405765579992 -1.7196460249745522 5.791880696653793e-05 -0.14101649192804752 0.17163784285292 -0.01879956183798599 0.22293188112111065 2.3822112036142014
27.333000000010422 4.103059103925985 -1.7301486028073652 5.779231991593463e-05 -0.14152842184179065 0.1718335289239061 -0.019093381730323523 0.2234314505108235 2.389221222391524
27.334000000010423 4.10972019086583 -1.7402789731802795 5.766947696212862e-05 -0.14202549206321732 0.17203415231805846 -0.0193776866800099 0.22392517656721983 2.3962382515996947
27.335000000010425 4.116383638354255 -1.7500346298059162 5.755030313410045e-05 -0.14250753401857405 0.17223948115857368 -0.019652389214209996 0.2244126835177916 2.4032552806680867
27.336000000010426 4.1230453299832295 -1.7594116496993049 5.743461490372641e-05 -0.142974395901016 0.1724493453822997 -0.01991731554860051 0.22489365056556548 2.410265961570728
27.337000000010427 4.129697782968246 -1.7684095094806844 5.732282173134262e-05 -0.14342586207106975 0.17266341711719085 -0.020172515346468196 0.2253676194505725 2.417262327725563
27.338000000010428 4.136336595376348 -1.7770247010029605 5.721483324155968e-05 -0.14386176805662293 0.1728815147309557 -0.020417848887776573 0.22583426444463936 2.424237897003027
27.33900000001043 4.1429562671567775 -1.7852543718445952 5.711078546835904e-05 -0.14428190699463203 0.17310341198936013 -0.0206532409932331 0.22629320867381406 2.4311862482668447
27.34000000001043 4.149551393230044 -1.7930978990611723 5.7010695039762795e-05 -0.14468618201025837 0.1733288535038425 -0.020878655264474973 0.22674413105373842 2.4381005608975617
27.341000000010432 4.1561166561304805 -1.8005529441253114 5.691460344947952e-05 -0.14507442943551968 0.1735576092535945 -0.021094011933464708 0.22718668786994128 2.444974430979959
27.342000000010433 4.162646626639626 -1.8076183241857067 5.6822556367155484e-05 -0.1454465252897607 0.173789430709784 -0.021299265323203132 0.22762055409958923 2.451801913267775
27.343000000010434 4.169136482646035 -1.8142917167029429 5.673462390513802e-05 -0.1458023074095385 0.17402411309523722 -0.02149434222257689 0.2280454155033833 2.458576488738814
27.344000000010436 4.175580860931637 -1.8205717309500424 5.665084796843186e-05 -0.14614164662623033 0.17426141350707391 -0.021679188666616382 0.2284609558269249 2.4652922870798926
27.345000000010437 4.181974678135344 -1.8264576829753052 5.65713287196862e-05 -0.14646442890059347 0.17450109797465965 -0.02185378708758597 0.22886688300758654 2.4719436423993773
27.346000000010438 4.18831175149975 -1.8319501603157626 5.64961522526319e-05 -0.14677057165216967 0.17474286520816884 -0.022018154510072427 0.22926288136611725 2.4785250968732924
27.34700000001044 4.194588588640193 -1.8370453004089968 5.64252118893069e-05 -0.14705992076598012 0.1749865782534615 -0.022172132930386633 0.22964870202819324 2.485030959681234
27.34800000001044 4.200800567786521 -1.8417431292612956 5.635861022077992e-05 -0.14733239629244976 0.1752320171719517 -0.022315724233944706 0.2300240995798312 2.491456215903577
27.34900000001044 4.206942686789281 -1.8460416269063515 5.629621644187052e-05 -0.14758789390901877 0.1754789497029592 -0.022448818163144695 0.2303887967204035 2.4977955052870717
27.350000000010443 4.21300998460705 -1.8499425341092801 5.6238320017340846e-05 -0.14782634358400054 0.17572713472028148 -0.022571511872187137 0.23074255542186237 2.5040442507979983
27.351000000010444 4.218998056270723 -1.8534444367298604 5.61848156214974e-05 -0.14804766608756664 0.17597636371135836 -0.022683719134435187 0.23108514260509666 2.5101977101845225
27.352000000010445 4.224902326640109 -1.8565460286681854 5.613582809465322e-05 -0.148251726814175 0.17622643576886157 -0.022785410473867243 0.23141630473595434 2.5162514534226377
27.353000000010447 4.230717990854516 -1.859248678687018 5.609128388109216e-05 -0.14843853348562264 0.17647709426544864 -0.02287658844953755 0.23173584384559043 2.5222007964785353
27.354000000010448 4.2364419019734925 -1.8615525481690873 5.60512078146049e-05 -0.14860804952633277 0.17672818326491177 -0.02295724618763306 0.23204361291933207 2.528042348840267
27.35500000001045 4.2420684002444045 -1.8634589636373347 5.6015716357790115e-05 -0.14876022240681544 0.1769794192085475 -0.023027427982238106 0.23233936608632888 2.533771949641896
27.35600000001045 4.247595484457349 -1.8649659313828977 5.5984616449829914e-05 -0.1488950050941612 0.17723071026574605 -0.02308701759025656 0.23262299453085872 2.5393861037053034
27.35700000001045 4.2530188301330645 -1.8660746320870236 5.595797454486116e-05 -0.14901237297077854 0.17748183464746328 -0.02313604380937801 0.23289432249705308 2.544881364215791
27.358000000010453 4.258334477805166 -1.8667857740121943 5.5935760133371366e-05 -0.14911231359798247 0.17773258651972484 -0.023174499512380226 0.23315319385585062 2.550254265019896
27.359000000010454 4.263538862047487 -1.8671001004377616 5.591797066748206e-05 -0.1491948098624865 0.17798278142998344 -0.023202391603295142 0.23339947033266684 2.5555020400523825
27.360000000010455 4.268628872818706 -1.867015249382844 5.590450410063327e-05 -0.14925976719701783 0.17823228359122334 -0.02321960536842149 0.2336329923005641 2.560621168101543
27.361000000010456 4.2736018748600015 -1.8665364355727423 5.589544730472141e-05 -0.14930732057604595 0.1784809106695729 -0.023226306117372943 0.23385374221272606 2.5656100764641345
27.362000000010458 4.278454272475295 -1.8656633338508863 5.589076047904492e-05 -0.1493374273995712 0.1787284850022708 -0.023222454173508895 0.23406157512793477 2.570465895897791
27.36300000001046 4.283183428147223 -1.8643957611118411 5.58903185702727e-05 -0.1493500828898119 0.17897486771757 -0.02320799807570414 0.23425640163802838 2.5751861873890105
27.36400000001046 4.287786268892394 -1.862736936638677 5.589425746521714e-05 -0.14934533389099694 0.17921988065876285 -0.023183050365423986 0.23443815432348108 2.5797690948968635
27.36500000001046 4.2922600507606115 -1.8606873975049008 5.590244015050606e-05 -0.14932320380887795 0.17946337074013996 -0.023147578190971022 0.23460675823442884 2.5842125453768077
27.366000000010462 4.296602506691883 -1.8582484519102374 5.5914858383197096e-05 -0.14928371595089945 0.17970520983708252 -0.02310160569645075 0.23476216576879033 2.5885149512875127
27.367000000010464 4.300811379573956 -1.8554218784452288 5.593148386891698e-05 -0.1492269179721732 0.17994526252428575 -0.02304516365780941 0.2349043424894973 2.5926748136965907
27.368000000010465 4.304884093021431 -1.852209301919043 5.595226411689148e-05 -0.14915285353381158 0.1801833783447059 -0.022978272409973053 0.23503324137648487 2.5966904439438023
27.369000000010466 4.3088179521699335 -1.8486113074781196 5.5977144097543606e-05 -0.14906152674334935 0.18041941258895053 -0.022900920895974237 0.23514879411105616 2.6005600861588687
27.370000000010467 4.31261103636309 -1.8446318155854189 5.6006187805728155e-05 -0.14895304507860715 0.1806532291954935 -0.022813226152887285 0.23525101943339558 2.604283173999573
27.37100000001047 4.316263708089017 -1.8402719379751042 5.603926946067591e-05 -0.14882749222211292 0.18088481974630846 -0.022715182136459306 0.23534000925314444 2.607859614026158
27.37200000001047 4.319771373103173 -1.8355338424200152 5.607645478197933e-05 -0.14868487442115783 0.1811139393411541 -0.022606848908486007 0.2354156335566477 2.6112870283109375
27.37300000001047 4.32313312636763 -1.8304196653721267 5.611771300737725e-05 -0.14852527198111887 0.18134051389427697 -0.022488269478333992 0.23547794092151383 2.614565119307816
27.374000000010472 4.326347208826008 -1.8249316649276193 5.616299821863725e-05 -0.14834876005429273 0.18156442619439597 -0.022359488263396423 0.23552694577127972 2.617693235772451
27.375000000010473 4.32941217118778 -1.8190722330348508 5.621229782649914e-05 -0.14815541607087102 0.18178557460490988 -0.02222055949449597 0.23556267894091074 2.620670931318979
27.376000000010475 4.332326225639996 -1.8128439230095466 5.626562974635137e-05 -0.1479453101863258 0.18200384205695896 -0.022071549566085973 0.23558515791507498 2.6234974788324785
27.377000000010476 4.3350880307220745 -1.8062493772101713 5.6323002114430846e-05 -0.14771852733229693 0.18221913029448927 -0.021912523462406134 0.23559442575534997 2.6261726533675076
27.378000000010477 4.3376962283047895 -1.799291281772907 5.638444303259658e-05 -0.14747514593897784 0.1824313423136927 -0.02174355455307145 0.235590525048655 2.6286961224182783
27.37900000001048 4.340148646005646 -1.7919719293103937 5.644992987985065e-05 -0.1472152319556463 0.18264034235089152 -0.02156469171912675 0.23557346009842994 2.6310671985207565
27.38000000001048 4.3424432560790915 -1.7842945675807975 5.65195283161721e-05 -0.1469388667454521 0.1828459972757248 -0.021376031029194557 0.2355432528915935 2.6332854873723495
27.38100000001048 4.344580719782784 -1.7762617555691353 5.6593194615703454e-05 -0.14664617104970126 0.18304830350074514 -0.02117762924415781 0.23550004857418214 2.6353517263793895
27.382000000010482 4.346558866619876 -1.7678766953271605 5.667101779569623e-05 -0.14633721716395562 0.1832471234137019 -0.02096958601716617 0.23544386359473998 2.6372654037402397
27.383000000010483 4.348376611752107 -1.759141486085635 5.675300173095863e-05 -0.14601207253681447 0.18344237809034017 -0.0207519527504551 0.23537475427261184 2.639026578658483
27.384000000010484 4.350033537938555 -1.750060114261042 5.6839159152086654e-05 -0.14567088061673933 0.18363400015858117 -0.02052483889349139 0.2352928398517513 2.640635838639296
27.385000000010486 4.351527987815541 -1.7406367745954199 5.692956656763785e-05 -0.14531376033847665 0.18382186500174905 -0.020288371762773 0.23519818244453752 2.6420929658014503
27.386000000010487 4.352858951402368 -1.730872733520942 5.702415956391727e-05 -0.14494076662155478 0.1840059018420599 -0.02004256249294878 0.23509083787514465 2.643397922890376
27.387000000010488 4.354025520398878 -1.720772083303678 5.712303038934487e-05 -0.14455202101764664 0.18418602452779007 -0.019787540647798356 0.23497090282953356 2.64455106710472
27.38800000001049 4.355027031269529 -1.7103381085542444 5.722620467250173e-05 -0.14414763456801535 0.1843621631600584 -0.019523398099042077 0.23483847817158024 2.645552816697138
27.38900000001049 4.355863023815472 -1.699574881972528 5.7333687439260344e-05 -0.14372775630369652 0.1845342470431485 -0.019250244040227633 0.23469369007172913 2.6464037238217966
27.39000000001049 4.35653537469477 -1.688488505822133 5.7445533017293e-05 -0.14329262774414706 0.18470229933692264 -0.018968265430667042 0.23453680231387378 2.6471061805670777
27.391000000010493 4.357039322650333 -1.67707755939307 5.756175227306664e-05 -0.1428421355867831 0.18486610475454335 -0.01867740468831382 0.234367655259854 2.6476575308190475
27.392000000010494 4.3573760834846595 -1.6653476548525379 5.76823481615828e-05 -0.14237650778691133 0.18502565636517998 -0.01837781998125414 0.2341864807161709 2.6480595414336388
27.393000000010495 4.357546414490677 -1.6533022748392159 5.7807378127072674e-05 -0.14189587326370745 0.1851809534473089 -0.018069620925260224 0.23399345197955246 2.64831355007444
27.394000000010497 4.357549435277555 -1.6409447837945628 5.7936749196789055e-05 -0.14140037342663683 0.1853319063718345 -0.01775287271134551 0.23378867725815125 2.6484196316772683
27.395000000010498 4.3573838832843 -1.6282793068820245 5.807055484734281e-05 -0.1408901248906812 0.18547841245347008 -0.01742770702011514 0.23357224524748285 2.648378149840717
27.3960000000105 4.357050616543641 -1.6153095474621428 5.820877327117045e-05 -0.140365286290964 0.18562046776387056 -0.017094220796155694 0.23334434647758262 2.6481903049258255
27.3970000000105 4.356548335995759 -1.6020380894123862 5.8351352926235915e-05 -0.1398259536364698 0.18575797453100928 -0.016752466597986078 0.23310505689351302 2.647856116205385
27.3980000000105 4.355879727116465 -1.588470505748808 5.849830929092544e-05 -0.13927236857147907 0.1858909991346047 -0.01640261024770479 0.23285467963884604 2.647378198789795
27.399000000010503 4.355044448873228 -1.574609947811796 5.864966514167415e-05 -0.13870464761854898 0.1860194884119393 -0.016044733240002045 0.23259334213336436 2.6467566566469554
27.400000000010504 4.354042275198154 -1.5604608388979835 5.88053831570624e-05 -0.13812295755168244 0.18614337863727817 -0.015678957328350538 0.2323211968724103 2.6459926464479144
27.401000000010505 4.352874340748578 -1.546027169128068 5.896541988638044e-05 -0.1375274787171712 0.18626267436735897 -0.015305381082121176 0.23203845792206887 2.6450874488074674
27.402000000010506 4.351541329533409 -1.5313125288557443 5.9129761085891314e-05 -0.13691836150628325 0.18637736556897247 -0.014924099772044805 0.231745310347376 2.6440422125485723
27.403000000010508 4.350044240884647 -1.5163211796795637 5.929836011172774e-05 -0.13629579147168466 0.1864874479033902 -0.014535223194836737 0.2314419661853406 2.6428581919251575
27.40400000001051 4.3483839882320865 -1.5010569970118495 5.947119815576985e-05 -0.1356599334732386 0.18659291895783678 -0.01413885476900258 0.23112862689279387 2.6415366947971677
27.40500000001051 4.346561715786928 -1.4855240771752025 5.964824494921967e-05 -0.1350109650032474 0.18669378473180237 -0.013735103432328317 0.23080550902196728 2.6400789838098992
27.40600000001051 4.344579032665356 -1.469725454437717 5.982928919773138e-05 -0.13434907649326822 0.18679007199654798 -0.013324006575779089 0.2304728498159838 2.6384866143918817
27.407000000010513 4.342439734114064 -1.4536655009356076 6.001437915070511e-05 -0.13367447469273064 0.18688191702173648 -0.01290570163438099 0.23013099145654492 2.6367621137999553
27.408000000010514 4.340141060494554 -1.4373491130760543 6.0203557295893935e-05 -0.1329872938718742 0.18696913415317024 -0.012480331641866705 0.22977997331195202 2.6349049206220982
27.409000000010515 4.33768610724687 -1.4207798620870986 6.039673871995302e-05 -0.1322877333846346 0.1870518253929605 -0.012047980863444593 0.2294201029329572 2.632917221546574
27.410000000010516 4.3350765720205775 -1.4039616852272916 6.059386677752269e-05 -0.1315759796066857 0.187130023450947 -0.011608748456193328 0.22905162546231825 2.630800516341238
27.411000000010517 4.332314125193474 -1.3868985062680308 6.0794904317714e-05 -0.13085221250245377 0.18720376176585038 -0.01116273851053111 0.22867478362759433 2.6285563001858394
27.41200000001052 4.329400720604226 -1.3695945427358536 6.0999784025672106e-05 -0.13011663826980988 0.18727308031928533 -0.010710052498895724 0.2282898407538959 2.6261860009727793
27.41300000001052 4.326338882100933 -1.3520510981299396 6.12080937501877e-05 -0.1293694377175472 0.18733805777574214 -0.010250642946523614 0.227897071037253 2.6236915529980314
27.41400000001052 4.3231300508881745 -1.3342754239943448 6.142039735866015e-05 -0.12861076770081514 0.1873987215680917 -0.009784839509372782 0.2274967109612189 2.6210741396848976
27.415000000010522 4.3197770166198834 -1.3162696118673125 6.16363234416044e-05 -0.12784083796730455 0.18745515551406777 -0.009312620032560366 0.22708905758062584 2.618335574340583
27.416000000010524 4.316280936228372 -1.2980383922986285 6.1855934341395e-05 -0.12705982588093775 0.18750736679091812 -0.008834134880167654 0.22667433443784304 2.6154769893797445
27.417000000010525 4.312645558414108 -1.2795851060231582 6.207909463728533e-05 -0.12626794326089613 0.1875554885431791 -0.008349452196974761 0.22625288535176086 2.6125006729638827
27.418000000010526 4.308872635303612 -1.2609133420992857 6.230579683121982e-05 -0.12546535196710856 0.1875995643450909 -0.007858673001141524 0.22582495395336008 2.6094078297544048
27.419000000010527 4.30496381731646 -1.2420270799934006 6.253604323052894e-05 -0.12465222392837305 0.18763962931065903 -0.0073619124307379245 0.22539078324716083 2.6061996612948777
27.42000000001053 4.3009235027112265 -1.222930191941051 6.276965094101669e-05 -0.12382881156009759 0.1876758385565005 -0.006859243848923107 0.2249507594484864 2.602878734787739
27.42100000001053 4.296754043055751 -1.2036244175133886 6.300660758120045e-05 -0.1229952175209193 0.18770828539712153 -0.006350715657226532 0.22450513474997497 2.5994462749199574
27.42200000001053 4.292456261335744 -1.1841144083974526 6.324676006859287e-05 -0.12215166341622252 0.18773694667679644 -0.005836428805547476 0.22405413168267763 2.5959032149089416
27.423000000010532 4.288033611238297 -1.1644046770041512 6.349031139337989e-05 -0.12129831883605893 0.18776195293239697 -0.005316559308133687 0.22359807450941693 2.5922514289309775
27.424000000010533 4.2834890970814055 -1.1444978628768054 6.373716627217085e-05 -0.12043534919776194 0.18778341284245578 -0.004791163893654202 0.22313726431639092 2.588492536998956
27.425000000010535 4.278825036843808 -1.1243983315098847 6.39873376653602e-05 -0.11956294672453335 0.18780139067833673 -0.004260373645632195 0.22267198151938933 2.5846279622049066
27.426000000010536 4.274045198770889 -1.1041093950602667 6.424071546750047e-05 -0.11868131620450309 0.18781602332790953 -0.0037242623598933394 0.2222025732633815 2.580659732573915
27.427000000010537 4.269152518706502 -1.0836344388206234 6.449725969165927e-05 -0.11779063602733111 0.1878274119608323 -0.003182920899346294 0.22172934313049072 2.5765893934395834
27.428000000010538 4.264150044132856 -1.0629770370530567 6.47569745303199e-05 -0.11689108212214315 0.18783566440007718 -0.002636456196875392 0.22125259953632653 2.5724185619708373
27.42900000001054 4.259041128340058 -1.0421405708326135 6.501980306310904e-05 -0.11598284264559643 0.1878409008636967 -0.002084956074148825 0.22077266784470725 2.568148979584465
27.43000000001054 4.253831324747805 -1.0211267078714 6.528551607434303e-05 -0.11506611545851353 0.1878433544072202 -0.001528423192483505 0.22028997435000036 2.5637832957620983
27.431000000010542 4.248520124007854 -0.9999420258161875 6.555438537407808e-05 -0.11414107203299435 0.18784294740090043 -0.0009671069521981794 0.2198046689880714 2.5593214707263376
27.432000000010543 4.2431124128186575 -0.9785890300081497 6.582632640238181e-05 -0.11320789654310522 0.18783988187309664 -0.00040106590106058187 0.21931714460039442 2.5547658756260496
27.433000000010544 4.237612265646439 -0.9570690976248225 6.6100783307838e-05 -0.11226683301135561 0.1878342998425102 0.00016977751226998535 0.21882777432521974 2.5501184750741457
27.434000000010546 4.232022582167355 -0.935388718166334 6.637835188493407e-05 -0.11131802078447117 0.18782631199013755 0.0007451022847185519 0.21833685077101195 2.5453807301884557
27.435000000010547 4.226347189143223 -0.9135502920955736 6.665876237136607e-05 -0.11036166949401387 0.18781605749404423 0.001324893921902066 0.2178447265600349 2.540554462201861
27.436000000010548 4.220590019060982 -0.8915575814057786 6.694197202232814e-05 -0.10939798555731084 0.18780368175404497 0.001909048192429585 0.21735175773242144 2.5356415453390047
27.43700000001055 4.214754809546309 -0.8694136966422001 6.722791337124584e-05 -0.10842715438385438 0.18778932642372184 0.002497484903766067 0.2168582863468673 2.530643741513139
27.43800000001055 4.20884568988624 -0.8471222383903663 6.751651954933119e-05 -0.1074493853669949 0.1877731463776176 0.003090109730595706 0.21636467755722585 2.525563028411932
27.43900000001055 4.202866535251456 -0.8246866628155248 6.780772369705286e-05 -0.10646487848277879 0.18775528618546747 0.0036868319913524895 0.21587128241401657 2.520401160164961
27.440000000010553 4.196821413482916 -0.8021104690771906 6.81014783669878e-05 -0.10547383356572584 0.18773590049212419 0.0042875554577418646 0.21537846000109295 2.5151600295763137
27.441000000010554 4.190715403573714 -0.7793965899204172 6.839761015931475e-05 -0.10447647347635253 0.18771519007190465 0.004892225592868952 0.21488662118670349 2.509842074465197
27.442000000010555 4.184552533698744 -0.7565474407369931 6.86958129121284e-05 -0.10347301976341751 0.18769330145602675 0.0055008340725452775 0.21439612964304464 2.504449020060907
27.443000000010557 4.17833573820441 -0.7335692031928452 6.899652773104636e-05 -0.10246363752070155 0.18767033977998837 0.006113100544480833 0.21390727768212314 2.4989822603254512
27.444000000010558 4.172070158797846 -0.7104640992212639 6.929944941524912e-05 -0.1014485557492569 0.18764650764159843 0.006729019050060746 0.21342047931507094 2.4934441450470826
27.44500000001056 4.165760130552989 -0.6872355958195473 6.960449104642674e-05 -0.10042798601943609 0.1876219702813348 0.007348501362644122 0.2129361044549442 2.4878366452411225
27.44600000001056 4.159409999036331 -0.6638871009382784 6.991162156640337e-05 -0.09940212434714095 0.1875968981790849 0.007971448559295543 0.21245451871699955 2.482161710057743
27.44700000001056 4.15302477299011 -0.6404216182307537 7.022062843072766e-05 -0.0983712043412438 0.18757148543852065 0.00859781123847779 0.2119761268427471 2.476421667960578
27.448000000010563 4.1466087916437395 -0.6168428783866671 7.053154997871973e-05 -0.09733541704758177 0.18754590369332674 0.009227465339982291 0.21150128964281478 2.470618462754787
27.449000000010564 4.140166807319947 -0.5931544512907648 7.084429353353449e-05 -0.09629498392574319 0.18752033698965867 0.009860318389296392 0.21103039258057732 2.4647542524235537
27.450000000010565 4.133703381944064 -0.5693595032165965 7.11587503275705e-05 -0.09525011386949174 0.18749496351969308 0.010496294301636212 0.21056380916831063 2.4588311536664667
27.451000000010566 4.127223296832554 -0.5454614837188174 7.147488491951978e-05 -0.09420101110729519 0.18746997412677274 0.011135291525788711 0.21010191910140633 2.452851359255426
27.452000000010568 4.120731564015828 -0.5214635529498646 7.179260291411877e-05 -0.09314788662104873 0.18744556977049684 0.011777229549517846 0.20964511333302283 2.446817192514731
27.45300000001057 4.11423235505872 -0.49736938180486234 7.211184052790078e-05 -0.09209095027062764 0.18742190773683667 0.012422006277870852 0.2091937400149201 2.4407305459806645
27.45400000001057 4.107731255665054 -0.4731824658044634 7.243259113828566e-05 -0.09103040916034627 0.18739922005955942 0.013069507299552826 0.20874820979324418 2.4345940632970526
27.45500000001057 4.1012323530217945 -0.448905723747268 7.275475913383246e-05 -0.08996645467758332 0.18737766536536138 0.013719662881970726 0.2083088610564177 2.4284095917491593
27.456000000010572 4.094740572642221 -0.4245426964410587 7.307830242364428e-05 -0.0888992984356776 0.1873574395970465 0.014372369001958677 0.20787606987203952 2.4221795985848744
27.457000000010574 4.088260635544245 -0.4000967954061277 7.34031981760389e-05 -0.08782913885161904 0.1873387322113791 0.01502752082986603 0.20745019787957744 2.4159063719251126
27.458000000010575 4.081797714937176 -0.37557134018686533 7.372938967980623e-05 -0.08675618482003769 0.18732175301506465 0.01568502198950644 0.2070316272263171 2.409592601080163
27.459000000010576 4.07535600636159 -0.3509702417231465 7.405690237147177e-05 -0.08568063368909631 0.18730666407185947 0.016344742735185384 0.20662068630747726 2.403240207180937
27.460000000010577 4.0689405091818545 -0.32629684332708375 7.438568506086345e-05 -0.08460269234356566 0.18729366677962941 0.017006585677323105 0.20621774202027093 2.3968518225711843
27.46100000001058 4.062556134670153 -0.3015542588229156 7.471565770129382e-05 -0.08352256361332251 0.18728295904781622 0.017670465030630307 0.2058231539857609 2.390429998047704
27.46200000001058 4.056207179604236 -0.27674632766766827 7.504683267177539e-05 -0.08244044682160617 0.18727470757971137 0.01833625523741813 0.20543724498577232 2.383977045841017
27.46300000001058 4.049898603520678 -0.2518763797225836 7.537923446459319e-05 -0.08135652797378938 0.1872691177499801 0.019003840226686653 0.20506036440562403 2.3774957101767855
27.464000000010582 4.043635039439676 -0.2269480671091979 7.571285121870896e-05 -0.08027100934708596 0.18726637288573586 0.019673103539512238 0.20469284393514053 2.3709885948859886
27.465000000010583 4.0374213593990245 -0.20196508696856014 7.60476328762322e-05 -0.07918410680202502 0.1872666647255227 0.02034393444211889 0.2043350243008796 2.364458535692556
27.466000000010585 4.03126206698834 -0.17693101265232494 7.638356611486185e-05 -0.07809601813050326 0.18727017108509272 0.02101621872097079 0.20398722135321976 2.357908274664215
27.467000000010586 4.025161701014463 -0.15184974188359712 7.672067564722627e-05 -0.07700694313267861 0.1872770708646167 0.021689822859736373 0.20364974583327378 2.351340590484089
27.468000000010587 4.019124870415489 -0.1267250041054027 7.705895092230283e-05 -0.07591708534014328 0.1872875455505654 0.022364626015734315 0.20332290835447286 2.3447584634858156
27.46900000001059 4.013156015687375 -0.10156067992141615 7.739838536082872e-05 -0.07482664990148938 0.18730176717050637 0.02304050176073054 0.20300700540144143 2.3381648721980994
27.47000000001059 4.007259570031361 -0.07636063166373389 7.773894057253684e-05 -0.07373584864061393 0.18731990542157148 0.023717330737994098 0.20270232884511566 2.3315628648221405
27.47100000001059 4.001439557485215 -0.05112869930188639 7.808063466506495e-05 -0.07264487515431489 0.18734211355062877 0.024394984121548384 0.2024091417058362 2.324955410920891
27.472000000010592 3.9957001366286313 -0.025868286634365995 7.84233653803482e-05 -0.07155393133820102 0.18736855030579824 0.025073365949822374 0.2021277131263849 2.3183454962971197
27.473000000010593 3.9900465997442485 -0.0005845834708036266 7.87671347229963e-05 -0.07046327995691577 0.1873994142647068 0.02575230695185409 0.20185835529495527 2.311737220491012
27.474000000010594 3.9844827269345933 0.024718763465142603 7.911189307030173e-05 -0.06937311643124666 0.18743484559787732 0.026431694985631592 0.20160130239533888 2.305133723923969
27.475000000010596 3.979012506285299 0.05003739571333607 7.94576395137517e-05 -0.0682836532062842 0.18747498997817852 0.027111386046965332 0.20135678884979719 2.2985383540806885
27.476000000010597 3.973639957504415 0.07536697781317359 7.980435506074621e-05 -0.06719510608389741 0.18751999363835511 0.027791239593580937 0.20112504392517305 2.2919546912210187
27.477000000010598 3.9683692699554434 0.10070322234631965 8.015193212505447e-05 -0.06610770958901784 0.1875700060399148 0.028471132466898044 0.2009063010880128 2.285386448868974
27.4780000000106 3.963203709277367 0.12604083781384795 8.050041202976921e-05 -0.065021692379336 0.18762512972359105 0.02915088705583725 0.2007007324346614 2.2788372184356183
27.4790000000106 3.9581462932717755 0.15137695930239506 8.084971841310513e-05 -0.06393721296417434 0.18768547574501337 0.029830416488736373 0.20050850045608953 2.272310181773189
27.4800000000106 3.953202444727469 0.17670617685418966 8.119970138600729e-05 -0.0628545742662847 0.18775123704052266 0.030509571885916274 0.20032987419030723 2.2658103366018465
27.481000000010603 3.9483750998452205 0.2020240828182363 8.155034545528314e-05 -0.06177397628143405 0.18782250749332977 0.03118820889745561 0.20016498904886545 2.2593412245678106
27.482000000010604 3.943667635732329 0.22732596660219526 8.190160872508337e-05 -0.06069564059795334 0.18789939727501195 0.03186617738809332 0.20001399337355902 2.2529068636776968
27.483000000010605 3.939083980842476 0.25260729718791225 8.225332615467194e-05 -0.05961981929414748 0.187982036296731 0.03254335832456735 0.19987705969913974 2.246511679104918
27.484000000010607 3.934626427869812 0.2778630672089713 8.260550064615667e-05 -0.058546717941532975 0.1880704827569442 0.03321958356838479 0.19975426252926962 2.2401592913823323
27.485000000010608 3.930299347465746 0.30308945082815014 8.29579430463275e-05 -0.057476560918073086 0.1881648984095526 0.03389474749723327 0.1996457812134968 2.2338537678022448
27.48600000001061 3.926104971597602 0.3282800826042237 8.331063875424806e-05 -0.056409623785593 0.1882653160796094 0.034568660902353034 0.1995516655174024 2.2276002410639077
27.48700000001061 3.922045827001128 0.353430891638426 8.366347921803211e-05 -0.055346098746249996 0.18837181006383025 0.035241198639976726 0.19947198187899895 2.2214024021849545
27.48800000001061 3.9181245502209623 0.3785364556448348 8.401644614981526e-05 -0.054286216820078684 0.18848444836651435 0.03591218495452111 0.1994067843401361 2.2152646309413586
27.489000000010613 3.914343943531936 0.4035918165149393 8.436940732975377e-05 -0.05323021330943925 0.1886033063108614 0.036581474902069686 0.19935613124849652 2.2091914267853854
27.490000000010614 3.910706439549478 0.4285919070411249 8.472226622991065e-05 -0.05217831910503803 0.188728441099855 0.0372489174101632 0.1993200524604531 2.2031872082807453
27.491000000010615 3.907214174978363 0.45353123064631845 8.50750474840093e-05 -0.051130745286925364 0.18885990016789433 0.03791432136421233 0.19929854683246492 2.197256392799805
27.492000000010616 3.903869472320767 0.4784052168618436 8.54274488936872e-05 -0.05008774831516608 0.18899772726498004 0.038577591786625176 0.19929163060868035 2.1914035000343866
27.493000000010618 3.900674245952444 0.5032081048665088 8.577951163125424e-05 -0.04904954037412909 0.18914195767182534 0.039238525112343985 0.1992992709867147 2.1856329789263698
27.49400000001062 3.8976298017970072 0.5279348441008264 8.613112929149638e-05 -0.0480163359033211 0.18929259421493314 0.039896973829227245 0.1993214069259244 2.1799488385356174
27.49500000001062 3.894738665324957 0.552579913231143 8.648215643581241e-05 -0.046988386728073796 0.18944969223499442 0.04055277622685089 0.1993580247568333 2.1743562965158008
27.49600000001062 3.8920025691753724 0.5771379946073807 8.683247235888506e-05 -0.045965921891942485 0.18961327218965596 0.041205773942286895 0.19940906391643176 2.1688597493255997
27.497000000010623 3.889423042346129 0.6016052174940214 8.718201066415804e-05 -0.04494910222982885 0.18978336555274644 0.04185584185219119 0.19947445733464378 2.1634628639666786
27.498000000010624 3.887000749844774 0.6259738318064028 8.753065233828498e-05 -0.04393823375677179 0.18995991192698328 0.042502754298609835 0.1995540544512688 2.1581711466717928
27.499000000010625 3.884737026522803 0.6502390916147964 8.7878293215441e-05 -0.04293351154802769 0.19014292161354537 0.043146364738845776 0.19964775441701568 2.1529885849851684
27.500000000010626 3.882633436479739 0.6743953436794816 8.82248134949402e-05 -0.04193517380769261 0.19033240326136494 0.043786505644517776 0.19975545201592274 2.1479198975348703
27.501000000010627 3.8806888789053495 0.6984355472774811 8.857028147747101e-05 -0.04094342669690781 0.19052823534209024 0.04442293174527183 0.19987688590004865 2.142968503536493
27.50200000001063 3.878905519754677 0.7223567961281174 8.891427622696214e-05 -0.039958487140006466 0.1907304648610028 0.04505561999733763 0.20001199917494147 2.1381393056901326
27.50300000001063 3.877283366010942 0.7461527962374839 8.925678071538667e-05 -0.03898056727718378 0.19093902640856994 0.045684361453494714 0.20016057881740146 2.133436331797784
27.50400000001063 3.875823479987146 0.769817626510977 8.959763640387317e-05 -0.03800991644560113 0.19115389877912609 0.04630899024809417 0.20032246340453194 2.1288640645253505
27.505000000010632 3.8745250528994286 0.7933459033504364 8.993679767563007e-05 -0.03704670933285703 0.1913749852619227 0.04692933339788012 0.2004973964657988 2.124426053214792
27.506000000010633 3.873388892005249 0.8167323526633895 9.02739788240241e-05 -0.036091192418732994 0.19160225225303107 0.0475452656141525 0.20068520005461407 2.1201263438371623
27.507000000010635 3.8724143760071783 0.8399709437733025 9.060915195645225e-05 -0.03514357156946233 0.19183560330525254 0.048156599366100256 0.20088560769914612 2.115968887882832
27.508000000010636 3.8716015098771273 0.8630561815320128 9.094212585964279e-05 -0.03420406974626592 0.1920749697240876 0.0487631869311332 0.201098385824942 2.1119578122286544
27.509000000010637 3.8709519815882647 0.8859843166359704 9.127270665529297e-05 -0.033272877654949705 0.19232038196557974 0.04936493786082509 0.20132339853288506 2.1080964305677203
27.51000000001064 3.870463529185075 0.9087462081804792 9.160086765247992e-05 -0.032350278637196805 0.19257163230449292 0.049961561487311595 0.2015602434077006 2.1043895526640055
27.51100000001064 3.870132130804791 0.9313423843047014 9.19262225003172e-05 -0.03143627157496405 0.19282851048175426 0.050553146051482034 0.20180855829436317 2.1008370429358623
27.51200000001064 3.8699614368114066 0.9537611772634902 9.22488360536028e-05 -0.03053129524779709 0.19309107209066292 0.051139299782121304 0.20206818179227382 2.0974458700126206
27.513000000010642 3.8699489652999475 0.9759992504117241 9.256844300538331e-05 -0.029635482515696077 0.19335914592957615 0.05171996625443976 0.20233876555893496 2.0942180634446275
27.514000000010643 3.870093611947433 0.9980509466046281 9.288493108358371e-05 -0.028749031153841285 0.1936326127613191 0.05229498206523171 0.20261999078635454 2.0911566589778
27.515000000010644 3.8703961713411945 1.0199091546153818 9.319812689262619e-05 -0.02787223253905143 0.1939114241476476 0.05286415093167369 0.2029116069016423 2.088266024580499
27.516000000010646 3.8708523652972184 1.0415708924044866 9.350784970865886e-05 -0.027005165159156824 0.19419533137528552 0.05342741559975953 0.2032131747965661 2.0855468585552743
27.517000000010647 3.8714617146241697 1.0630297388198566 9.381399286933554e-05 -0.026148063813277892 0.1944842365165906 0.05398459079607213 0.20352438561028446 2.0830024601859964
27.518000000010648 3.8722221897782343 1.0842802369451674 9.411644245100458e-05 -0.025301110448314415 0.1947779768980043 0.05453552575014431 0.20384486759112175 2.080635216878098
27.51900000001065 3.8731326930677623 1.1053173974834423 9.441502354764797e-05 -0.02446449707621348 0.19507643551516182 0.055080095750871 0.20417429872150475 2.0784474467745944
27.52000000001065 3.8741916085592445 1.126135304637347 9.470947794632862e-05 -0.02363846963998572 0.1953794520784411 0.0556181752121531 0.2045123198130669 2.0764417428252577
27.521000000010652 3.87539571364012 1.1467283173392175 9.499988645795935e-05 -0.02282314024947081 0.19568682217980746 0.056149555566660334 0.20485848944091156 2.074618884008464
27.522000000010653 3.8767428523931864 1.1670917681806454 9.528615741792416e-05 -0.02201867579505586 0.19599838128215227 0.05667412613523846 0.20521243656802243 2.0729810494405227
27.523000000010654 3.8782313308409155 1.1872213051229636 9.55679587622536e-05 -0.021225272068645905 0.19631398046276652 0.0571918149482247 0.20557381836361235 2.071529791638149
27.524000000010655 3.8798590534679027 1.2071106992404301 9.584530155310753e-05 -0.020443116836486516 0.19663345161280094 0.05770243180412551 0.20594223936643916 2.0702667411339366
27.525000000010657 3.881624066319909 1.2267562196905764 9.611793517909874e-05 -0.019672367926862513 0.1969566440550581 0.05820591361087158 0.2063173528246157 2.06919281100575
27.526000000010658 3.8835230709154214 1.2461522464947243 9.638589861423244e-05 -0.0189131661214298 0.19728334114373236 0.05870208341191099 0.2066987158703944 2.068308926314769
27.52700000001066 3.885552489551862 1.2652943522393376 9.664910096792879e-05 -0.01816563662123245 0.19761331644343005 0.059190828658173454 0.2070858937418653 2.067615191309925
27.52800000001066 3.8877098084344155 1.2841777013409417 9.690743959471316e-05 -0.017429940248939714 0.1979463888357238 0.05967202914826775 0.20747849703729995 2.067112326266391
27.52900000001066 3.889992316117144 1.3027974947009509 9.716081174687119e-05 -0.0167062314277529 0.19828236867122487 0.06014556373903035 0.20787612833578303 2.0668005645280916
27.530000000010663 3.8923966516716164 1.3211492977817343 9.740915034560344e-05 -0.015994637717649404 0.19862104052947663 0.060611320079250616 0.20827836733199206 2.066679687477328
27.531000000010664 3.8949196976144265 1.339228470687227 9.76523648409151e-05 -0.015295303462855509 0.19896219679629193 0.061069184731402104 0.20868480391678104 2.066749515518329
27.532000000010665 3.8975580999694737 1.3570308517390868 9.789042911295402e-05 -0.014608337235482537 0.1993056282590445 0.06151904489593135 0.20909502590311813 2.0670094641478927
27.533000000010666 3.900308750407499 1.3745515546431069 9.812334694424548e-05 -0.013933872373903068 0.19965113097118048 0.061960761500462334 0.20950862240757745 2.0674591716774513
27.534000000010668 3.903168152216127 1.3917869520559432 9.83509098677671e-05 -0.013272042557540747 0.19999848130150544 0.06239428235912414 0.20992519169377435 2.0680974310903277
27.53500000001067 3.9061328046327244 1.4087333190857447 9.857310288318685e-05 -0.01262293972979086 0.20034746756517707 0.06281950997556685 0.21034433008943207 2.068923052476006
27.53600000001067 3.9091988097730805 1.4253863354778809 9.878990224829705e-05 -0.011986675718754626 0.20069785146179267 0.06323633404949895 0.21076560895977833 2.069934474415919
27.53700000001067 3.9123628287403385 1.4417422902542312 9.900117954139603e-05 -0.01136337291683046 0.20104942091020764 0.06364468415321091 0.21118864011432711 2.071130237236897
27.538000000010673 3.915621736092962 1.4577978464515744 9.920687098998121e-05 -0.010753117316179757 0.20140198621335287 0.06404447692020644 0.21161305396095478 2.072508192876467
27.539000000010674 3.918968805558895 1.4735532755307927 9.940687124383476e-05 -0.010155853735699822 0.20175521247129222 0.06443578138494332 0.21203838578692635 2.074064607090252
27.540000000010675 3.922404117117707 1.4889983450116402 9.960128179032703e-05 -0.009571933239573248 0.2021089962151661 0.06481827644596883 0.21246429633816338 2.075800399777326
27.541000000010676 3.925922592098127 1.504132205333784 9.978996194016102e-05 -0.009001359115155084 0.20246307119236479 0.06519198934970685 0.21289038291556725 2.077712185479558
27.542000000010677 3.929520695773263 1.5189511595023477 9.997287998502236e-05 -0.008444233695821023 0.20281722154737805 0.06555683679352212 0.21331626588068797 2.079797298831205
27.54300000001068 3.9331939505207467 1.5334530136574944 0.00010014998067018883 -0.007900597315300866 0.20317120107223566 0.06591278662929814 0.21374155380812765 2.082052492522021
27.54400000001068 3.9369384542308996 1.5476341063244563 0.00010032127619158398 -0.007370537827890324 0.2035247792480867 0.06625975026923989 0.2141658588608297 2.084474574243907
27.54500000001068 3.9407512016801634 1.5614911966259188 0.00010048666145809316 -0.006854167637400286 0.20387776496594706 0.06659767501164991 0.2145888463515028 2.087060968617406
27.546000000010682 3.9446277496711195 1.5750220165016349 0.00010064599014691966 -0.006351555659726555 0.20422990558927714 0.06692655047478671 0.21501013872549785 2.089807906420159
27.547000000010684 3.948564160966648 1.5882240308659386 0.00010079925385941409 -0.0058627571058752735 0.20458097898945865 0.06724633007066363 0.21542938006024262 2.0927117258872805
27.548000000010685 3.9525569649074503 1.601093853044674 0.00010094646324772858 -0.00538785676161559 0.2049307782525414 0.06755693418326417 0.21584622357576208 2.095768983380871
27.549000000010686 3.9566022231042384 1.6136292624739614 0.00010108757427364034 -0.004926907127721457 0.2052790823092788 0.06785833403181882 0.2162603281814738 2.098975763856357
27.550000000010687 3.960696288458278 1.6258275176940495 0.00010122252675352132 -0.004479987575055189 0.20562567680077257 0.06815048809317417 0.21667136007277543 2.102328125539773
27.55100000001069 3.9648351719186103 1.6376866873410934 0.00010135124644180167 -0.004047143377941768 0.20597034031991318 0.0684333791954639 0.2170789898841724 2.105822186274442
27.55200000001069 3.9690153285147405 1.6492043570094197 0.00010147378396459843 -0.003628425372728782 0.2063128729471352 0.06870696088353671 0.2174829038987618 2.1094533295540576
27.55300000001069 3.973232704126515 1.660378076464193 0.00010159011258187925 -0.0032238880284844906 0.2066530470046552 0.06897119329666793 0.21788276846757473 2.1132171637572412
27.554000000010692 3.977483351333484 1.6712074491060287 0.00010170020455192654 -0.0028335155327732903 0.20699066234701416 0.06922610071529922 0.21827829972165086 2.117109185866612
27.555000000010693 3.98176357390967 1.6816893163420434 0.00010180402931306279 -0.0024574002182783583 0.20732549820138133 0.06947162889134945 0.2186691753336559 2.1211244126489013
27.556000000010695 3.986069534649759 1.691820992917899 0.00010190179296284113 -0.0020955550019056894 0.20765735085246895 0.06970768274447951 0.21905507925505038 2.1252584500913847
27.557000000010696 3.99039657336336 1.7016022455111735 0.00010199331056796953 -0.0017479891452671446 0.20798597541993466 0.06993433003350698 0.21943571257812414 2.1295058117036403
27.558000000010697 3.994742197636923 1.7110315080562974 0.00010207860851190592 -0.001414737954068708 0.20831123189698098 0.07015154723600867 0.21981085140984832 2.133862491334664
27.5590000000107 3.9991020804186888 1.720106100999022 0.00010215777714482399 -0.0010958398886562156 0.20863288364557409 0.07035927118144894 0.22018017177873647 2.138323104333709
27.5600000000107 4.003472393364608 1.7288255695478965 0.00010223078214063999 -0.0007912858296392341 0.20895073451546875 0.07055752662885946 0.22054342010543027 2.1428825242691514
27.5610000000107 4.007849065889991 1.7371883895780589 0.00010229774452624739 -0.0005010673170248799 0.20926457551947475 0.07074627577072758 0.2209003150093498 2.14753539458179
27.562000000010702 4.012228003385302 1.7451939024566068 0.00010235875440745624 -0.00022515107241288283 0.20957420403469845 0.07092551247074425 0.22125059549980997 2.1522763910881144
27.563000000010703 4.016605293530907 1.7528415102961228 0.00010241380233938666 3.6471758367159655e-05 0.2098794198204985 0.07109525493780783 0.221594014966673 2.157099948171428
27.564000000010704 4.020977920391302 1.760130217119495 0.00010246288142803033 0.0002837844941705814 0.2101800616678707 0.07125550597778162 0.22193036292607357 2.1620013042266155
27.565000000010706 4.025340894514883 1.7670592068699755 0.00010250614498529913 0.0005168408395602419 0.2104758859972313 0.07140624419338656 0.22225934720631774 2.1669743336497063
27.566000000010707 4.029690715531482 1.773628300540378 0.00010254368289329806 0.0007356847001481135 0.2107667246395106 0.07154747512040495 0.22258075982292422 2.1720138807727274
27.567000000010708 4.034022976345957 1.779837503297768 0.00010257548584717158 0.0009403525149848458 0.2110523600636594 0.071679236193387 0.22289436029778847 2.177114048372267
27.56800000001071 4.038334125466671 1.7856854278270844 0.00010260172395558937 0.0011308610469509923 0.2113326130842917 0.07180148393274435 0.22319992225510876 2.1822696341207273
27.56900000001071 4.042620064387114 1.791173033725604 0.00010262245897047216 0.0013072990202789233 0.21160729793600175 0.07191426256988777 0.22349724546730992 2.187474852442056
27.57000000001071 4.046877016182288 1.796301518447435 0.00010263772698122333 0.001469747875907401 0.21187624433297872 0.07201763476342674 0.22378615414807315 2.1927229416977725
27.571000000010713 4.051101029299265 1.8010689690516988 0.00010264774993604616 0.001618225129863476 0.21213925123911875 0.07211152716800011 0.22406640292414678 2.1980102624384825
27.572000000010714 4.055288859841013 1.8054766978935188 0.00010265245588614224 0.001752785104574641 0.21239616785672183 0.07219602678896091 0.22433784936999807 2.203330855649731
27.573000000010715 4.0594377079019335 1.8095257906042497 0.00010265199318203744 0.0018735186860251677 0.21264687701347373 0.07227116358054153 0.2246003683459484 2.2086819200435457
27.574000000010717 4.06354290862901 1.8132156965478263 0.00010264640613509346 0.001980466729443768 0.2128911490413494 0.07233694215537641 0.22485372309348747 2.2140545571423353
27.575000000010718 4.067601196370163 1.8165474806699105 0.00010263574665701826 0.002073699420164887 0.21312883593504156 0.0723934178064307 0.22509777404054332 2.2194444540818
27.57600000001072 4.071609613578369 1.8195220805139578 0.00010262014627914233 0.002153309202724433 0.21335981298551782 0.0724406142343379 0.22533239697918678 2.2248462778644513
27.57700000001072 4.075565188816067 1.8221400296291634 0.00010259968450057814 0.0022193494490621696 0.21358394277082776 0.07247856526937158 0.22555746173650704 2.2302559828279054
27.57800000001072 4.079464847477611 1.8244024870890698 0.00010257438050493996 0.0022718930959539493 0.2138010884508094 0.07250732803380582 0.22577284942966944 2.2356678363962432
27.579000000010723 4.083305864623677 1.8263104913166017 0.0001025442917779282 0.0023110095635840424 0.2140111303772331 0.07252694980249874 0.22597845724360147 2.24107726392497
27.580000000010724 4.087085478813303 1.827864899855405 0.00010250948883174828 0.0023367662039090998 0.2142139464380633 0.07253746927772996 0.22617418016669985 2.2464793040301405
27.581000000010725 4.0908012427961795 1.8290671015470386 0.00010247007370720124 0.002349252966835622 0.2144094377208975 0.07253893298428127 0.22635994073994553 2.251869373285149
27.582000000010726 4.094450687927589 1.8299182688625444 0.00010242608328172193 0.00234853699359777 0.21459749730067168 0.07253139511179074 0.22653565889410168 2.2572429419639968
27.583000000010728 4.098031655337808 1.830419801319315 0.00010237754721939192 0.0023346876107793258 0.21477803526092157 0.07251491760883286 0.2267012758512784 2.2625955617837166
27.58400000001073 4.101542162467775 1.830573167832238 0.00010232459974626855 0.0023078001641121397 0.21495097853901907 0.0724895400045904 0.22685674450312562 2.267923185115361
27.58500000001073 4.104979949807652 1.8303797133850208 0.00010226713236023759 0.0022679097435628773 0.21511622166051797 0.07245535410233622 0.22700200566117687 2.273221283972376
27.58600000001073 4.108343360096423 1.8298408793574492 0.00010220528474836517 0.0022151083490121056 0.2152737075248788 0.07241239625913837 0.22713703130158103 2.278486043841051
27.587000000010732 4.1116309090384675 1.828958863846988 0.00010213904323115671 0.002149476109769706 0.21542338471672642 0.07236075853295715 0.22726181884738608 2.2837136270448744
27.588000000010734 4.114841083113298 1.827735383463906 0.00010206842276401513 0.002071082331878942 0.21556519703586288 0.07230051338538622 0.227376357150268 2.288900249345896
27.589000000010735 4.117972161304645 1.8261716917698136 0.00010199349931026575 0.0019799978570986415 0.2156990774978525 0.07223170577245408 0.22748061839140732 2.294042175437225
27.590000000010736 4.12102213850541 1.8242700636259621 0.00010191432860915469 0.0018763282149040195 0.21582495505406174 0.07215441679676719 0.22757458490556323 2.2991355869232595
27.591000000010737 4.123991352423093 1.8220326088136787 0.00010183078766327178 0.0017601040986822845 0.21594285843917474 0.0720687515674282 0.22765834276346505 2.3041778583468444
27.59200000001074 4.126877195129174 1.8194607465295496 0.00010174304222645685 0.0016314343003963384 0.21605268614323164 0.07197474375026446 0.22773183463340935 2.3091646261186143
27.59300000001074 4.1296791357717035 1.8165566806135804 0.00010165102188074826 0.0014903730070918242 0.21615442841987104 0.07187249566920169 0.22779511358003454 2.3140932496177906
27.59400000001074 4.132395821367341 1.8133225067841097 0.00010155478700627652 0.001337014057389 0.21624804465313885 0.07176207799606944 0.22784819565054612 2.3189604812091953
27.595000000010742 4.135025985479743 1.809760426207555 0.00010145439532802067 0.0011714531220330953 0.21633349924016154 0.07164356552562684 0.22789110486619454 2.3237630940526897
27.596000000010743 4.137568940268669 1.8058727196740876 0.00010134989213731756 0.0009937787716216434 0.2164107845327039 0.07151703579685828 0.2279238944636486 2.3284984074880724
27.597000000010745 4.140023631490298 1.8016617133514659 0.00010124115796337707 0.000804046319033831 0.21647986396203217 0.071382605059302 0.22794660404699035 2.3331634537050454
27.598000000010746 4.14238914950103 1.7971297157592643 0.00010112832855242914 0.000602370446732983 0.21654072608105965 0.0712403318438708 0.22795928097599455 2.3377555073669467
27.599000000010747 4.14466473147026 1.7922790820291463 0.00010101140398065084 0.0003888332534547298 0.21659335730365625 0.07109030519697905 0.2279619817258306 2.3422719885518126
27.60000000001075 4.1468494231516075 1.787113103772874 0.00010089037479658617 0.00016355080626934414 0.21663774475096725 0.0709326436413826 0.2279547743163254 2.346710403163537
27.60100000001075 4.148942487969936 1.7816331101380025 0.00010076526732918987 -7.342513532723765e-05 0.21667386644405107 0.0707674002412859 0.22793769922497534 2.3510682194563772
27.60200000001075 4.150943187734183 1.7758418323874996 0.00010063618462654623 -0.00032197403575639865 0.2167017218737256 0.07059465117815686 0.2279108262134181 2.355343401231034
27.603000000010752 4.152850396311523 1.7697418279374368 0.00010050310445569778 -0.0005820050285491721 0.21672128092810644 0.07041449609059305 0.2278742056413245 2.359532722855302
27.604000000010753 4.154663868652134 1.7633357955723394 0.00010036604059558398 -0.0008534270226462935 0.21673255958420626 0.07022702913303049 0.2278279314361082 2.3636344448308586
27.605000000010754 4.1563824303991845 1.7566260007509371 0.00010022502796106056 -0.0011361465437876605 0.21673552602066615 0.07003232887115794 0.22777204867046755 2.367646189358656
27.606000000010756 4.15800569522422 1.7496153471994267 0.00010008010704783573 -0.0014300543957166186 0.21673019420812237 0.06983048772709272 0.2277066515349712 2.3715660987955647
27.607000000010757 4.15953294540677 1.7423059631784363 9.993140995294566e-05 -0.001735044149653219 0.21671655978710036 0.06962155736292149 0.22763180558479884 2.3753921241431737
27.608000000010758 4.160963651424273 1.7347005448530495 9.977895663939451e-05 -0.0020510172521413733 0.21669462600211017 0.06940562899531769 0.22754759710047187 2.3791223905879004
27.60900000001076 4.162296833554032 1.7268013880175273 9.962279125881547e-05 -0.0023778729875840593 0.21666437278304904 0.06918277122852576 0.22745408448360663 2.3827552773347533
27.61000000001076 4.163534424847174 1.7186127224913539 9.946302639116588e-05 -0.002715490680856411 0.2166259407460405 0.06895312418092965 0.22735150192610465 2.386288969434357
27.611000000010762 4.164672903352278 1.7101349686203706 9.929953390708339e-05 -0.0030638179935375902 0.21657915961662716 0.068716710789823 0.2272397537903836 2.3897218924495798
27.612000000010763 4.165712848515312 1.7013712829486518 9.913255838351111e-05 -0.0034227152267878353 0.21652410401961356 0.06847360257374657 0.2271189927118547 2.393052289872381
27.613000000010764 4.166654506923112 1.6923250192502595 9.896206526389771e-05 -0.00379207855046665 0.21646081879957466 0.0682239145292458 0.2269893575672856 2.396279194124219
27.614000000010765 4.167497153588085 1.6829980756120975 9.878810296844656e-05 -0.004171828834198903 0.21638929084992586 0.06796770820205975 0.2268509173633556 2.3994010619703867
27.615000000010767 4.168240289448552 1.6733932305158166 9.861076973581052e-05 -0.004561844795719174 0.2163095315374677 0.0677050582247799 0.2267037687624972 2.402416506582165
27.616000000010768 4.168884057070091 1.663512670216386 9.843018075755689e-05 -0.004962029649744434 0.2162215778819541 0.06743601549027504 0.2265480272816594 2.4053244974639947
27.61700000001077 4.169428256710042 1.6533589846422898 9.824636435347737e-05 -0.00537228952431263 0.21612544847497267 0.06716066340052314 0.22638380172097003 2.408123976255663
27.61800000001077 4.169872562037813 1.6429348212765051 9.805940094401695e-05 -0.00579251300184124 0.216021160519597 0.06687907469789824 0.2262111969632738 2.4108137773956053
27.61900000001077 4.170216960198026 1.6322425475879667 9.786935154491511e-05 -0.006222607629133417 0.21590874171441185 0.0665913173232917 0.2260303279147692 2.4133930238207992
27.620000000010773 4.170461591994578 1.6212850277484894 9.767629111173314e-05 -0.006662461428314345 0.2157882337429124 0.06629747013307971 0.22584132651092925 2.415860972014394
27.621000000010774 4.1706062348330475 1.6100648082332414 9.748023841124454e-05 -0.007111981506646681 0.21565965338927853 0.06599761470833239 0.22564430311471223 2.4182167349383765
27.622000000010775 4.170650813880604 1.5985841621681287 9.728142575243573e-05 -0.00757103595296396 0.2155230367527329 0.06569177762282476 0.22543937012812912 2.4204595110941507
27.623000000010776 4.170595548431308 1.5868460655433085 9.707978664867661e-05 -0.008039542633523114 0.21537842052595152 0.06538007071654832 0.22522666787241405 2.4225887652208256
27.624000000010778 4.170440557625065 1.5748529823867425 9.687546325485788e-05 -0.008517386036823822 0.21522584594412691 0.06506254453173192 0.2250063228627341 2.424603951790687
27.62500000001078 4.170185858881148 1.5626077406239771 9.666845969205224e-05 -0.009004468451562535 0.21506534364214455 0.06473928989307856 0.22477846459095893 2.426504500558205
27.62600000001078 4.169831591476837 1.5501129629089874 9.645884065046011e-05 -0.009500687321785736 0.21489695207579826 0.06441037880157192 0.22454322516704053 2.4282899302909824
27.62700000001078 4.169378186040825 1.537371373509924 9.624667509071608e-05 -0.01000593753038787 0.214720725431546 0.06407588259377435 0.2243007522187176 2.429960033265851
27.628000000010783 4.168825723961678 1.5243856253212684 9.60320956073497e-05 -0.010520097036013247 0.21453670472783026 0.06373585784830996 0.22405117650390355 2.43151444030308
27.629000000010784 4.168174663390215 1.5111587983763535 9.581504867087269e-05 -0.011043077313920359 0.21434494074921845 0.06339041276475575 0.2237946550117614 2.4329530197247484
27.630000000010785 4.167425074832281 1.4976935211714582 9.55956618128457e-05 -0.011574757221996017 0.2141454735476924 0.06303960316407138 0.22353131863968675 2.4342754465871534
27.631000000010786 4.166577378943627 1.4839926316916727 9.537398752668134e-05 -0.012115030183486003 0.21393835710687523 0.06268350604683648 0.2232613189252886 2.435481647737924
27.632000000010787 4.165632012818224 1.4700591289276401 9.51500760559312e-05 -0.01266378427451879 0.21372364789790124 0.06232220321814126 0.22298481140405263 2.4365716000538087
27.63300000001079 4.164589041744842 1.455895078384088 9.492403918178217e-05 -0.013220921780099242 0.21350137848962764 0.061955736334001386 0.22270191883855656 2.4375451071418874
27.63400000001079 4.163449376872996 1.441504267102545 9.469588415192108e-05 -0.0137863167555467 0.2132716341399563 0.061584216637356394 0.22241283280703136 2.438402495779849
27.63500000001079 4.162213309927565 1.4268891116224984 9.446567333888962e-05 -0.014359872845956781 0.21303445883547403 0.06120770542448924 0.2221176935833937 2.4391438171611295
27.636000000010792 4.160881348820028 1.4120525423683392 9.423350343108674e-05 -0.01494146823431506 0.21278991540803682 0.06082626972825479 0.22181666001770678 2.4397691569416002
27.637000000010794 4.159454058480928 1.3969973291719853 9.399948849681824e-05 -0.015530983228576626 0.2125380688872839 0.06043996735494147 0.22150989102125568 2.4402788109170155
27.638000000010795 4.157931945398833 1.3817261870840645 9.376366776976962e-05 -0.016128317414097527 0.21227897560049228 0.060048871326643466 0.22119754305192466 2.4406729222008248
27.639000000010796 4.156315901684383 1.3662420107229345 9.352606797506991e-05 -0.016733371052174165 0.21201271159319385 0.05965306051792941 0.22087979358244675 2.440952054835768
27.640000000010797 4.1546065042345335 1.3505474414242138 9.328680338694494e-05 -0.0173460279725579 0.21173934135095693 0.05925258746581321 0.2205568010367299 2.441116507021613
27.6410000000108 4.152804431768667 1.334645167349706 9.304597833435835e-05 -0.017966173300757393 0.21145893433111526 0.05884750702848174 0.22022872967664997 2.4411666863107357
27.6420000000108 4.150910534577767 1.3185377287140743 9.280366751903599e-05 -0.01859370837290562 0.21117156375735333 0.05843787771537224 0.21989575003319048 2.4411030645430367
27.6430000000108 4.148925508625119 1.3022278964629748 9.255993294463171e-05 -0.01922852362394467 0.21087729846441391 0.058023763623304477 0.21955802939865174 2.440926143487718
27.644000000010802 4.146850334220787 1.2857181852484187 9.231487827559118e-05 -0.019870514537812394 0.21057622022107786 0.05760521384736408 0.21921574426348542 2.440636546222809
27.645000000010803 4.144685925710128 1.269011015106887 9.206854224610751e-05 -0.02051959333871564 0.21026840237056954 0.05718228734402882 0.21886906755444696 2.4402348962100255
27.646000000010805 4.142433445239362 1.252108788309785 9.182117119874446e-05 -0.02117562616863089 0.20995394482174587 0.056754996536662716 0.21851818167311138 2.4397219465827504
27.647000000010806 4.140093928476397 1.2350142222671874 9.157273308011489e-05 -0.02183853211210595 0.20963292524717433 0.05632342308206275 0.21816327101549404 2.4390984282527466
27.648000000010807 4.137668528907773 1.2177296579890478 9.132332299765281e-05 -0.022508214804912375 0.20930543188526912 0.05588760940226241 0.21780451885827107 2.438365141026962
27.64900000001081 4.135158458853514 1.2002575707892114 9.107301173817903e-05 -0.023184579621189503 0.2089715556007354 0.055447607075797274 0.21744211393571974 2.4375228810959366
27.65000000001081 4.132564966437427 1.1826003327974342 9.082188226673901e-05 -0.023867532135567127 0.20863138887992483 0.055003460496115285 0.21707624509088153 2.4365725422163886
27.65100000001081 4.12988947378217 1.16476022543639 9.05700025660993e-05 -0.02455698667909279 0.20828503072927687 0.05455521363990974 0.21670710868808424 2.4355150770951157
27.652000000010812 4.127133204008297 1.146739617761974 9.031747570045214e-05 -0.025252843432824537 0.20793257390064213 0.054102906124551334 0.21633489279704918 2.4343513529323206
27.653000000010813 4.124293811035557 1.1285373566981558 9.006467955834105e-05 -0.025955013790317918 0.2075739198128689 0.05364641631192159 0.21595956313728487 2.4330809183956497
27.654000000010814 4.121379080799964 1.110161079910157 8.981116304652318e-05 -0.0266634306065313 0.20720949647492573 0.05318605115214295 0.21558170144578584 2.4317073944430305
27.655000000010816 4.118388391012625 1.0916113063918251 8.955714722753459e-05 -0.0273779991075013 0.2068392979014466 0.052721763953788366 0.21520138100368383 2.4302307317020833
27.656000000010817 4.115323342208593 1.07289004327832 8.930281751028505e-05 -0.028098624793738695 0.20646343484384036 0.05225357037158976 0.2148188033189709 2.428652331592356
27.657000000010818 4.112185938377232 1.0539997367595346 8.904805452550338e-05 -0.028825262141703587 0.20608202447949775 0.05178155223470375 0.2144341990050598 2.4269733185492712
27.65800000001082 4.108977777023867 1.0349425429728092 8.879298227647488e-05 -0.02955781662433745 0.20569517728453174 0.05130573408939482 0.21404777231301564 2.425194837769387
27.65900000001082 4.105700443533422 1.0157216544586425 8.853752927684972e-05 -0.030296201627200186 0.20530300101424984 0.05082621250586217 0.2136597433682445 2.423317964610943
27.66000000001082 4.102356220401635 0.9963380989205234 8.828182884546133e-05 -0.031040369083800333 0.20490562769290155 0.050342973325950655 0.213270334871913 2.4213443166868647
27.661000000010823 4.09894766407307 0.9767949059434742 8.802585424955614e-05 -0.03179024100557794 0.20450321324980728 0.049856097049190536 0.21287981131536918 2.419275426172244
27.662000000010824 4.0954765801297635 0.9570942217642089 8.776965576096215e-05 -0.03254574116267365 0.20409587341036065 0.04936562039530401 0.21248838859565708 2.4171126136242296
27.663000000010825 4.091940698554891 0.9372349768987585 8.751355689106659e-05 -0.03330678663544739 0.20368351152466932 0.04887142942350251 0.21209604314294905 2.4148554461009395
27.664000000010827 4.08834881635102 0.9172245977445442 8.725709886382576e-05 -0.03407332956892934 0.20326660242502492 0.04837381936412368 0.2117034006557261 2.4125082049727395
27.665000000010828 4.084701023270654 0.897063748626969 8.700045865778057e-05 -0.03484529148962623 0.2028451721196417 0.04787275554340234 0.21131057454505786 2.4100715136254225
27.66600000001083 4.080999318703244 0.876754885227554 8.674358608750034e-05 -0.03562261290426989 0.20241934168834863 0.04736830691218049 0.21091779663982463 2.407546742502542
27.66700000001083 4.077246100073659 0.8563005373714633 8.648653561523107e-05 -0.03640520516034036 0.20198926125057104 0.046860512532228046 0.21052531500534805 2.404935573987684
27.66800000001083 4.073444532797941 0.835703363018938 8.622924456986396e-05 -0.037193018594756676 0.20155510962832027 0.04634944562176662 0.21013341942422967 2.402240153677864
27.669000000010833 4.069596756341362 0.8149657279875793 8.597174076505748e-05 -0.037985976159468186 0.20111702019590127 0.04583515002461944 0.20974234473526232 2.3994619912267643
27.670000000010834 4.06570554427374 0.794090311497858 8.571397705512334e-05 -0.038784015437826655 0.20067515498262167 0.04531769319304166 0.20935236085871936 2.396603075768688
27.671000000010835 4.061773278294148 0.773079450015522 8.54560582169534e-05 -0.03958704504143537 0.2002296642885079 0.04479710034857724 0.20896371167224637 2.3936651124115773
27.672000000010836 4.05780297036476 0.7519369103111773 8.519782248281997e-05 -0.04039499334383911 0.19978072562254562 0.044273495208713445 0.20857669140034713 2.390650169560864
27.673000000010838 4.053796733281007 0.730663913103235 8.493937156751818e-05 -0.04120780583233786 0.19932846374774077 0.043746870114432436 0.2081915184784411 2.387559980349687
27.67400000001084 4.0497574529315505 0.7092634253581076 8.46807250092886e-05 -0.04202539432174296 0.1988730543525713 0.04321728501917789 0.2078084676808133 2.384396648292932
27.67500000001084 4.0456882054014685 0.6877375225442606 8.442188147298363e-05 -0.04284771039790265 0.19841467102686716 0.0426847770472259 0.20742781432733132 2.3811624821854798
27.67600000001084 4.041591649239392 0.6660889974762334 8.416287967149225e-05 -0.04367466383280432 0.19795347802584337 0.04214939631635078 0.20704981848161405 2.3778595526297344
27.677000000010842 4.037470792087796 0.6443204196931828 8.390372549759677e-05 -0.04450618552332395 0.19748965161277154 0.04161119320060387 0.20667475521589082 2.374490116154384
27.678000000010844 4.033328547784535 0.6224343855760475 8.364446963731992e-05 -0.04534219178101866 0.1970233673164663 0.04107020729937555 0.20630289273744942 2.3710564861661125
27.679000000010845 4.02916768520421 0.60043323490761 8.338506277205852e-05 -0.04618263147047015 0.19655478349471242 0.04052649360032865 0.20593449212729764 2.367560988886355
27.680000000010846 4.024991355580917 0.5783193943058483 8.312553672100554e-05 -0.04702743549604626 0.19608408384003495 0.03998009097379882 0.20556983071208157 2.3640061169038815
27.681000000010847 4.02080268055561 0.5560957647250213 8.286590060362049e-05 -0.047876521113027114 0.19561145457780524 0.03943105512018062 0.20520918727927756 2.3603944494502853
27.68200000001085 4.016601053700777 0.5337616283852136 8.260658447082345e-05 -0.048729784844851215 0.1951368920672637 0.038879248788890756 0.20485261668596003 2.356726932655575
27.68300000001085 4.012395572921131 0.5113241389770564 8.2347030572484e-05 -0.049587210264134575 0.1946608768022606 0.03832497110253966 0.20450073786960982 2.353008880658471
27.68400000001085 4.00818760500964 0.48878386062045204 8.208742518853813e-05 -0.050448732508709876 0.19418349720265615 0.03776817179369773 0.20415371659175738 2.349242315257299
27.685000000010852 4.003979715627957 0.46614390521624494 8.182789244408993e-05 -0.05131422808265103 0.1937049227724836 0.0372088915150238 0.2038117972978723 2.3454296162970243
27.686000000010853 3.999773995451854 0.4434057622588339 8.156845457940693e-05 -0.05218364489839061 0.19322527630382583 0.0366471382130329 0.20347518997847455 2.3415731663079753
27.687000000010855 3.9955759488025273 0.42057488979648805 8.130886155029839e-05 -0.05305690578907143 0.1927448679041693 0.03608309991478063 0.20314430697109412 2.3376768605345317
27.688000000010856 3.991388563475537 0.39765065449619885 8.104946470505875e-05 -0.05393396755518456 0.19226386400021223 0.03551664751221868 0.20281937409193185 2.3337436840177705
27.689000000010857 3.9872150745666834 0.3746371303088228 8.079011385560762e-05 -0.05481475365365277 0.1917824555515795 0.03494791452614925 0.20250067704882185 2.329776790230473
27.69000000001086 3.983059726866271 0.3515361414925813 8.053081207241847e-05 -0.05569922845208431 0.19130087313250005 0.034376913377111414 0.20218852659028844 2.3257797701761223
27.69100000001086 3.9789249742690784 0.32835035962285014 8.027163236623065e-05 -0.056587298713721465 0.1908192714850209 0.033803686160598756 0.20188314923201073 2.3217553556635737
27.69200000001086 3.9748149515829567 0.3050829778351061 8.001255329767245e-05 -0.05747888952943164 0.1903378876755161 0.03322829836364986 0.20158485567734924 2.3177071399953317
27.693000000010862 3.9707330032033195 0.2817357356515693 7.975358714720311e-05 -0.05837395895986605 0.18985690733663507 0.03265076405208164 0.20129390636893227 2.313638895396805
27.694000000010863 3.9666830824495793 0.2583116514488638 7.949474225840485e-05 -0.05927243811140372 0.18937655632551972 0.032071146938849306 0.20101059790806106 2.309553909762678
27.695000000010864 3.9626686174622945 0.2348141823469776 7.92359399920023e-05 -0.060174247812122404 0.18889703644470138 0.0314895355697765 0.20073520201435965 2.3054556312092003
27.696000000010866 3.9586935394889444 0.21124492440693793 7.897724715498153e-05 -0.06107934938481396 0.18841856288518044 0.03090592974338398 0.2004679980802219 2.301348139147608
27.697000000010867 3.954761476966477 0.18760684968437916 7.871864640898572e-05 -0.06198767187500456 0.18794134535919205 0.030320391981723448 0.2002092578524572 2.297235068493741
27.698000000010868 3.9508761363542746 0.163902931330129 7.846006741255016e-05 -0.06289915714840447 0.1874655937260894 0.029732994519879943 0.1999592552601007 2.2931203047273816
27.69900000001087 3.9470412325339073 0.1401360910697923 7.820154069635986e-05 -0.06381372475139184 0.1869915249708396 0.029143786062072 0.19971825691107548 2.289007697115702
27.70000000001087 3.9432604787049375 0.11630911599535979 7.794300087581215e-05 -0.06473132329063407 0.18651934741778947 0.028552833480875346 0.19948652956002125 2.2849012375073836
27.701000000010872 3.9395377182889852 0.09242580532723214 7.76844034770425e-05 -0.06565186090855835 0.1860492885034131 0.027960228488914402 0.19926434445363084 2.2808048938419123
27.702000000010873 3.935876573580252 0.06848811310605661 7.742582039108392e-05 -0.06657528284961142 0.18558155261027667 0.027365982930935104 0.19905194793702194 2.2767229412425243
27.703000000010874 3.932280906430644 0.04449959686122036 7.716713529703825e-05 -0.06750152197872719 0.1851163607950478 0.026770194958665172 0.19884960608855087 2.2726595098211675
27.704000000010875 3.9287530894940383 0.02046222371053888 7.690850970667346e-05 -0.06843048400555597 0.18465386390099994 0.026172859368541555 0.19865749208708217 2.268618213895731
27.705000000010877 3.9252988182380015 -0.003619189983994713 7.664974112925121e-05 -0.06936210489617671 0.18419437843129247 0.025574130363497274 0.19847596021978972 2.264604254101503
27.706000000010878 3.9219212823472454 -0.02774156987137755 7.639079632028394e-05 -0.07029630833806709 0.18373809314019088 0.024974076803115534 0.1983052252184041 2.26062170806235
27.70700000001088 3.9186232475346316 -0.051899354873553426 7.613151699692065e-05 -0.07123295089675048 0.18328519506818824 0.024372868006782105 0.19814548372223553 2.2566744354193133
27.70800000001088 3.915409718025188 -0.07609307874875137 7.587221737882354e-05 -0.0721720302107049 0.18283594503948145 0.02377038834727615 0.19799701034458955 2.25276779669511
27.70900000001088 3.9122842463295777 -0.10031759697251266 7.5612680954436e-05 -0.07311343685609921 0.18239056111882485 0.023166800281547367 0.1978600315107518 2.24890631170192
27.710000000010883 3.909249852421598 -0.12456960661132668 7.535296659107147e-05 -0.07405707372630467 0.18194922981240996 0.02256217161890172 0.1977347313609657 2.2450940485408992
27.711000000010884 3.90631024405826 -0.14884534785137263 7.509301996101906e-05 -0.07500284998365969 0.18151217165196995 0.02195659279058218 0.1976213245843095 2.241335796590712
27.712000000010885 3.9034689583261386 -0.17314136017875198 7.483291975166848e-05 -0.07595065616518205 0.18107960388356698 0.02135012195687014 0.1975200061313397 2.237636150079771
27.713000000010886 3.900728875574011 -0.19745482519369517 7.457272377394696e-05 -0.07690040107849322 0.18065170386364707 0.020742802497724953 0.19743093387392865 2.2339996085530984
27.714000000010888 3.8980942416613455 -0.22178040175095853 7.431234279191477e-05 -0.07785195584473867 0.18022873221367564 0.020134782246579913 0.1973543321042564 2.230431214314009
27.71500000001089 3.89556800893543 -0.2461146753436523 7.405182126692345e-05 -0.07880521254313647 0.17981087540289797 0.01952612561482584 0.1972903495324882 2.2269355258443304
27.71600000001089 3.893153632679928 -0.2704538116779649 7.379115876808081e-05 -0.07976006607436593 0.17939834541182173 0.01891691933591157 0.19723915512354004 2.223517411440084
27.71700000001089 3.8908543058835345 -0.29479381726727616 7.35304095572513e-05 -0.08071638922104804 0.17899134723833954 0.018307243309394206 0.19720089511122643 2.220181649017006
27.718000000010893 3.8886731595099553 -0.3191306666182781 7.32695811780002e-05 -0.08167406430967893 0.17859007995818418 0.01769718905222371 0.1971757082925844 2.216933020029872
27.719000000010894 3.886613245702425 -0.3434601260542969 7.300871873578828e-05 -0.08263295825448755 0.17819474330372811 0.017086848448750042 0.19716372060011442 2.2137763063972065
27.720000000010895 3.8846776921339803 -0.36777792867231296 7.274781203433229e-05 -0.08359294532343155 0.17780553854056338 0.01647632096496218 0.19716505571750395 2.2107163885094505
27.721000000010896 3.882869397814575 -0.3920800912306118 7.24869852342628e-05 -0.08455388154288475 0.17742266076469787 0.01586567520965624 0.197179814095286 2.2077581072097243
27.722000000010897 3.881191275721669 -0.4163619567183807 7.222624531969366e-05 -0.08551562301075377 0.17704630595609944 0.015255021243093945 0.19720809289870783 2.204906322739152
27.7230000000109 3.8796457361731256 -0.44061957550867054 7.196570546706077e-05 -0.08647802303881956 0.17667664440998299 0.014644431001930585 0.1972499543930099 2.2021655601256693
27.7240000000109 3.8782358969714026 -0.4648481676451709 7.170536488482052e-05 -0.08744094100577021 0.17631388212478508 0.014034022805598097 0.19730549153532256 2.19954086491478
27.7250000000109 3.8769642883816475 -0.4890431819133748 7.14452525708158e-05 -0.08840422579800031 0.17595819731041012 0.013423899914953557 0.1973747588436772 2.1970369437653283
27.726000000010902 3.8758332889871925 -0.5132000506931806 7.118544653859076e-05 -0.08936771693578577 0.17560976337117493 0.012814160493644752 0.19745779430235633 2.1946583740011345
27.727000000010904 3.874845322286316 -0.5373141486421884 7.092597636680422e-05 -0.09033126218821626 0.1752687535317127 0.012204913063038381 0.19755463243354446 2.1924099075726993
27.728000000010905 3.8740028334257923 -0.5613806188394189 7.066694850091325e-05 -0.09129468348389022 0.1749353499981902 0.01159625718898716 0.19766529561915044 2.190296172429619
27.729000000010906 3.8733074932874207 -0.5853936747448215 7.04083028747833e-05 -0.09225779854475762 0.17460969617801636 0.01098835805100229 0.1977897656714353 2.1883213653417384
27.730000000010907 3.872761770427518 -0.6093492499096244 7.015016782148702e-05 -0.09322045378942265 0.1742919682032016 0.010381287841401158 0.19792805339844516 2.186490264893708
27.73100000001091 3.872367594927254 -0.6332429925879322 6.989267156024741e-05 -0.09418247820305069 0.1739823194971648 0.00977512874854552 0.19808013489527992 2.1848071967136864
27.73200000001091 3.872127159817453 -0.657069909631947 6.963576572394281e-05 -0.09514371282296583 0.1736809135026232 0.009170010481691413 0.1982459959168886 2.1832763998083697
27.73300000001091 3.8720418354368484 -0.6808244551497473 6.937960372566478e-05 -0.09610394509917901 0.17338788758579513 0.008566060358436937 0.19842556593129507 2.181902339689194
27.734000000010912 3.872113016344544 -0.7045014351184178 6.91242234654744e-05 -0.097062983372439 0.17310337372493373 0.007963403053156693 0.1986187718326228 2.1806886469616265
27.735000000010913 3.872342331708201 -0.7280950950866782 6.886968019850754e-05 -0.09802061959759824 0.17282752146559238 0.007362178803206378 0.19882554091204488 2.17963945659911
27.736000000010915 3.8727308037952692 -0.7516008321409522 6.86160004858983e-05 -0.09897668777425739 0.17256043549388975 0.00676250577884027 0.1990457738938774 2.1787581888406793
27.737000000010916 3.873279669868914 -0.775013350084563 6.836327542393989e-05 -0.09993098217317635 0.17230224410460113 0.006164504164689826 0.19927936579880445 2.1780486825251453
27.738000000010917 3.873989980765793 -0.798326910504797 6.811154360162331e-05 -0.10088329176182655 0.17205306753317823 0.005568320657891539 0.19952619577195196 2.1775143034988815
27.73900000001092 3.8748625692942396 -0.8215361424678042 6.786084516075912e-05 -0.10183341650534501 0.17181301142188216 0.004974092420697324 0.19978612866367004 2.1771583113251074
27.74000000001092 3.8758981084934883 -0.8446354934361437 6.761125948593881e-05 -0.10278113736244553 0.1715821787555666 0.004381953009592182 0.2000590107348414 2.176983796045161
27.74100000001092 3.877097160474877 -0.8676193414202232 6.736281935485768e-05 -0.10372624301980438 0.17136066448772175 0.0037920494665397877 0.20034467915029275 2.17699365372883
27.742000000010922 3.8784600865152368 -0.8904821300160138 6.711562746011888e-05 -0.10466850472307812 0.1711485584223301 0.003204511717116638 0.20064295110058541 2.1771904282158907
27.743000000010923 3.8799870730892447 -0.9132180241248516 6.686966002467683e-05 -0.10560771143898712 0.17094593603288152 0.0026195064688096926 0.2009536353880629 2.1775766836845913
27.744000000010924 3.8816786047888767 -0.9358217639129744 6.662501215270238e-05 -0.10654365208048155 0.1707528878622134 0.002037159664324657 0.20127654739544368 2.1781542620573333
27.745000000010926 3.883534183815991 -0.9582867211274776 6.638168482463132e-05 -0.10747606968301655 0.1705694681602095 0.0014576564165233404 0.20161144259489336 2.178925849420603
27.746000000010927 3.8855537168383956 -0.9806076478658419 6.613980591184057e-05 -0.10840473573416505 0.17039574277746733 0.0008811149916174278 0.2019580952819357 2.179892869829045
27.747000000010928 3.887736414596825 -1.0027786811031565 6.589945300356767e-05 -0.10932940165082854 0.17023174767247104 0.00030768506064009584 0.20231623921734157 2.181056369098728
27.74800000001093 3.8900820704490724 -1.0247937275540493 6.566054476159646e-05 -0.1102498543123939 0.17007753862453281 -0.0002624458795316912 0.20268563934902545 2.1824179128310544
27.74900000001093 3.892589611835009 -1.0466465423158575 6.542316173215467e-05 -0.11116582742954478 0.16993314212399446 -0.0008291159787352155 0.20306600260391997 2.1839781396966034
27.75000000001093 3.8952581251643115 -1.0683323460090126 6.518751052305634e-05 -0.11207708088283276 0.16979858487896343 -0.0013922331709096771 0.20345704657081248 2.185737747288019
27.751000000010933 3.8980869122409634 -1.089844672390793 6.495357091687202e-05 -0.11298336520626419 0.16967390798064427 -0.0019516117660268529 0.20385849173198917 2.187697065057522
27.752000000010934 3.9010744432554123 -1.1111775995293902 6.472140569167674e-05 -0.11388442517805906 0.16955911079612404 -0.0025070928286047324 0.20427001705233305 2.1898562531485313
27.753000000010935 3.904219226713353 -1.1323248984738024 6.449104258560872e-05 -0.1147800020704813 0.1694541956430328 -0.00305850137817142 0.20469129861087695 2.192215005303127
27.754000000010937 3.9075196347273824 -1.1532808268532029 6.426262568695621e-05 -0.11566982487357169 0.16935916149026167 -0.0036057019208084787 0.20512200041270318 2.1947727826945242
27.755000000010938 3.910973876977618 -1.174039575114463 6.40361117452932e-05 -0.116553652175464 0.16927398984686176 -0.004148525032120871 0.20556178568512348 2.197527541997217
27.75600000001094 3.9145802424015166 -1.194594678684304 6.38116676900392e-05 -0.11743119512368795 0.16919868079953526 -0.004686805382557113 0.2060103039102041 2.200479853204389
27.75700000001094 3.918336594200556 -1.2149404435542515 6.358930720465079e-05 -0.11830220014097217 0.16913320125874665 -0.005220385774723891 0.206467195345564 2.2036274396575326
27.75800000001094 3.92224059547416 -1.2350708554839753 6.336905726972947e-05 -0.11916640547838722 0.16907751037362895 -0.005749093852525497 0.20693208738354027 2.206968521762195
27.759000000010943 3.9262902440104557 -1.2549795792427458 6.315100065458787e-05 -0.12002352436880942 0.16903159241709903 -0.006272765158516337 0.2074046123395147 2.210501464428406
27.760000000010944 3.9304825800595893 -1.2746612329538356 6.293521209920206e-05 -0.12087330066636859 0.16899537182336563 -0.006791251516633026 0.20788437076620772 2.214222999674804
27.761000000010945 3.9348151905739313 -1.2941095352500251 6.272173260960076e-05 -0.1217154560651225 0.16896880858664473 -0.007304377256402346 0.20837097793943093 2.218130907353518
27.762000000010946 3.9392847886861215 -1.3133189426656946 6.251067047022228e-05 -0.12254971416218521 0.1689518164072679 -0.007811997871048568 0.2088640132222057 2.222221893873324
27.763000000010948 3.943888500481852 -1.3322834935074175 6.23020343187044e-05 -0.12337581090504075 0.16894432677932597 -0.008313937328517613 0.20936307654717576 2.226492626745534
27.76400000001095 3.948623342230824 -1.3509973543624934 6.209589880481032e-05 -0.12419347097011066 0.16894626869925167 -0.00881003580997485 0.20986775995844742 2.230939698098615
27.76500000001095 3.953485508783729 -1.3694547346917498 6.189233300309764e-05 -0.1250024116785293 0.16895753052161824 -0.009300130741282272 0.21037761876496516 2.235558693999443
27.76600000001095 3.9584719583041084 -1.3876499404472349 6.16913665989289e-05 -0.12580237046865628 0.16897803431077602 -0.009784058262072699 0.21089224805843973 2.2403456806900484
27.767000000010952 3.96357802565066 -1.4055766571549677 6.149312705625856e-05 -0.12659302233271974 0.1690076368733262 -0.010261648247860966 0.21141115403308644 2.2452953169714007
27.768000000010954 3.96880167695437 -1.4232301366795284 6.129754501663917e-05 -0.12737417311099467 0.16904629089324377 -0.010732748769291797 0.21193399995427248 2.2504040524661146
27.769000000010955 3.9741382952567634 -1.4406058559435186 6.110487551808597e-05 -0.12814553386148067 0.16909384407307887 -0.011197268648142383 0.21246031341696092 2.255666293548608
27.770000000010956 3.9795840272174408 -1.4576968363892138 6.091496389126065e-05 -0.12890683095606692 0.1691501792755921 -0.01165496122105915 0.212989653122318 2.2610768842272404
27.771000000010957 3.9851347100210575 -1.4744986698781661 6.0727933766359424e-05 -0.1296578133484028 0.16921515595090905 -0.012105714921405508 0.2135215818120924 2.266630293575782
27.77200000001096 3.9907865738748782 -1.4910054377783473 6.05437737310322e-05 -0.13039821419503617 0.1692886590972425 -0.012549343571788973 0.21405567123596544 2.272320959701627
27.77300000001096 3.996535014912652 -1.507212197762924 6.036255117658083e-05 -0.1311277671711495 0.16937052961236368 -0.012985709723538907 0.21459146367338977 2.2781427618975716
27.77400000001096 4.0023752933082175 -1.5231134362684822 6.0184286168255655e-05 -0.13184620238434813 0.16946060220625503 -0.013414640632000187 0.21512849501301962 2.2840894688261075
27.775000000010962 4.008303575788183 -1.5387047267094296 6.0009058152444354e-05 -0.13255328673244277 0.1695587480796277 -0.013836011120237942 0.2156663582425947 2.2901548143097665
27.776000000010963 4.0143149518954955 -1.5539810398758824 5.983689021930421e-05 -0.13324876095688445 0.16966478959250433 -0.014249666850487994 0.21620459321985644 2.296332338546833
27.777000000010965 4.020404814689273 -1.5689375123079616 5.966781368044255e-05 -0.13393237592280954 0.16977856193041732 -0.014655458365280163 0.21674275967465623 2.3026153750002267
27.778000000010966 4.0265683426593855 -1.5835695101271863 5.9501821861770505e-05 -0.13460389729537017 0.16989988451691368 -0.015053233867153515 0.2172804173776882 2.3089971146374397
27.779000000010967 4.032801119476284 -1.5978724667109099 5.933899069421725e-05 -0.13526307860405318 0.17002860144002208 -0.015442862918035651 0.21781714293462162 2.3154709826672675
27.78000000001097 4.039097976582421 -1.6118418516408832 5.917936417934745e-05 -0.1359096723620406 0.17016451763965537 -0.01582420706415278 0.21835248483656647 2.3220297765569473
27.78100000001097 4.04545391095377 -1.6254737388037608 5.9022946987907665e-05 -0.13654346612976292 0.17030743604850604 -0.016197135629669346 0.2188860162704589 2.3286664145847453
27.78200000001097 4.051863890157288 -1.6387638382323577 5.886977959913118e-05 -0.1371642245065455 0.170457164878449 -0.016561515917193778 0.219417304131548 2.335373675911658
27.783000000010972 4.05832290491794 -1.6517081514811403 5.871990246505669e-05 -0.1377717238176343 0.17061350980006149 -0.016917223049083642 0.219945925276352 2.342144459340342
27.784000000010973 4.064826292121703 -1.6643019174242712 5.857323599122991e-05 -0.13836574632952198 0.1707762930651544 -0.017264084164266637 0.2204714735117267 2.3489719270540372
27.785000000010974 4.071368302676856 -1.6765426915580335 5.842994057729982e-05 -0.1389460867207441 0.17094527556723457 -0.017602042952011263 0.22099351612626728 2.355848182884907
27.786000000010976 4.077943492958825 -1.6884266316042005 5.829008141274545e-05 -0.1395125157540612 0.17112024165528222 -0.017930983566763967 0.22151162345994604 2.362766037504698
27.787000000010977 4.08454673642059 -1.6999502539870095 5.8153691133644906e-05 -0.14006483123943925 0.17130098401637323 -0.018250791412966483 0.2220253937330367 2.369718386088926
27.788000000010978 4.091173250459427 -1.7111114634748728 5.802095312822797e-05 -0.14060284439442497 0.17148730864190212 -0.0185614327165242 0.22253445499862698 2.3766980824140953
27.78900000001098 4.097816493526498 -1.7219054283820254 5.7891672138561976e-05 -0.1411263439754596 0.17167893693757152 -0.018862695910681484 0.2230383456917515 2.3836976207976392
27.79000000001098 4.1044719291067375 -1.7323292257758984 5.776595006793078e-05 -0.1416351356240324 0.1718756899559033 -0.019154502936990104 0.22353670710605678 2.390709693148029
27.791000000010982 4.11113403164783 -1.7423803100534005 5.764388808168368e-05 -0.14212903147502365 0.1720773344362618 -0.01943677918059126 0.2240291476563539 2.3977273597367907
27.792000000010983 4.117797288797783 -1.752056016851813 5.752548715993408e-05 -0.14260786100085515 0.17228363263516244 -0.01970942724353033 0.22451528592831904 2.404743450171196
27.793000000010984 4.124457778197284 -1.7613525067314983 5.7410573432077275e-05 -0.14307147565607065 0.17249442351670827 -0.01997227857636917 0.22499481150084158 2.4117518398078204
27.794000000010985 4.131107734983984 -1.7702695073875685 5.72995901322947e-05 -0.14351965735336492 0.1727093652188331 -0.02022539661550116 0.22546725604702308 2.418744379438013
27.795000000010987 4.137742900132476 -1.7788032392571982 5.719242024337777e-05 -0.1439522395571422 0.1729282842151954 -0.020468628621921215 0.2259322985161493 2.425714592042758
27.796000000010988 4.144357842784576 -1.7869509602256648 5.708921081817528e-05 -0.144369018449881 0.17315095692524096 -0.020701904716124115 0.22638956740800625 2.432656375267317
27.79700000001099 4.150947094902499 -1.794712205762862 5.6989967514104524e-05 -0.1447699043564227 0.17337712246565273 -0.020925190833729092 0.2268387431927485 2.43956264808758
27.79800000001099 4.157505193024329 -1.802084861145456 5.6894733335276924e-05 -0.14515473955475305 0.17360654122040928 -0.021138413506054568 0.22727948014564536 2.446427192433117
27.79900000001099 4.16402715016015 -1.8090670315100634 5.680354992579419e-05 -0.14552338109548477 0.17383899387457685 -0.02134150638588207 0.227711462451071 2.4532439022390973
27.800000000010993 4.17050785070799 -1.8156571129881742 5.6716499896217916e-05 -0.1458756864154805 0.17407425398884277 -0.02153441918557743 0.22813437487283653 2.4600065845076315
27.801000000010994 4.176941851054972 -1.8218535263848854 5.663361081350107e-05 -0.14621152118763062 0.1743120762118035 -0.02171708955543383 0.22854789611814258 2.4667091266226464
27.802000000010995 4.183324298892922 -1.827656196671405 5.6555069433325805e-05 -0.1465307765748169 0.17455223682818902 -0.02188953685281421 0.2289517496962489 2.4733460760328208
27.803000000010996 4.189648669425596 -1.833064429265649 5.648074587832724e-05 -0.1468333691536624 0.17479441707802312 -0.022051693500872785 0.22934559887845685 2.479911956433356
27.804000000010998 4.19591218529334 -1.8380752605663737 5.641071373616712e-05 -0.14711914608212157 0.17503851712867696 -0.022203467032619863 0.22972923098902195 2.486401154208462
27.805000000011 4.202110180056029 -1.842688675513104 5.6345006659967876e-05 -0.14738804207539988 0.1752843100815607 -0.02234484293965497 0.23010240397176734 2.492808966893771
27.806000000011 4.208236458870585 -1.8469026650838416 5.6283554314488424e-05 -0.1476399192370548 0.17553151141900417 -0.022475724658623183 0.23046478137080792 2.4991291323789575
27.807000000011 4.214287327339415 -1.8507189103382902 5.622660023815508e-05 -0.14787473728706088 0.17577993734055147 -0.022596196975394053 0.23081618751057364 2.5053580371012414
27.808000000011003 4.220257989021954 -1.854136155866351 5.61740363231573e-05 -0.14809241634228637 0.1760293589734982 -0.022706178604211754 0.23115637465906957 2.5114906398745838
27.809000000011004 4.226143544498468 -1.8571527203918294 5.612600853785257e-05 -0.14829279872233253 0.17627956546650095 -0.02280563319345877 0.23148506703309224 2.5175224764179394
27.810000000011005 4.231940345159112 -1.8597708273450508 5.608240145477338e-05 -0.14847594965873687 0.17653034322890876 -0.022894580730237077 0.23180213876147354 2.5234494433310557
27.811000000011006 4.237644012077202 -1.8619904782545884 5.6043335835249874e-05 -0.14864178692153374 0.17678148562133783 -0.022973028142753607 0.23210737709034943 2.52926748716248
27.812000000011007 4.2432496643488165 -1.8638120129122022 5.6008744160123086e-05 -0.1487902753936579 0.17703274465325589 -0.023040953772957607 0.2324005685921466 2.5349729466390505
27.81300000001101 4.248755020029822 -1.8652344387748065 5.597858848285788e-05 -0.14892136521572286 0.1772840147228949 -0.023098302212516245 0.2326815988837172 2.5405621304556147
27.81400000001101 4.254155831401546 -1.866258824632587 5.595288827242394e-05 -0.1490350397724674 0.1775350755190383 -0.023145089120877375 0.23295029785330804 2.5460317220491655
27.81500000001101 4.259448203401052 -1.866885532129583 5.5931610650086395e-05 -0.149131275141802 0.17778572804676912 -0.02318129714160239 0.23320650689830003 2.551378305447667
27.816000000011012 4.264628502545392 -1.8671150861337038 5.5914731627617126e-05 -0.14921005102351495 0.1780357854125095 -0.023206920634841564 0.2334500832710087 2.5565989519465395
27.817000000011014 4.269693947016259 -1.8669466931249197 5.590221799857211e-05 -0.1492713160174448 0.17828511560938604 -0.023221910896715863 0.23368090503746136 2.561690705223865
27.818000000011015 4.274641639287477 -1.8663840902277138 5.589408760650426e-05 -0.14931516638560247 0.1785335345714579 -0.02322637003945338 0.2338989229230176 2.566651571641187
27.819000000011016 4.279468066536854 -1.8654274584609196 5.589031812395965e-05 -0.14934157414002003 0.17878086445649774 -0.023220278541886605 0.234104003805989 2.5714788550666707
27.820000000011017 4.284170673717983 -1.8640765110414137 5.5890798093658735e-05 -0.14935052871526064 0.17902697248567986 -0.023203584809057168 0.23429605983222887 2.5761701347201558
27.82100000001102 4.288746410772744 -1.86233466898017 5.5895639121375824e-05 -0.14934209031743323 0.17927167763503188 -0.02317640256115378 0.23447503060696212 2.580723620412212
27.82200000001102 4.293192469583438 -1.8602024298240518 5.590472304136183e-05 -0.14931627549027032 0.17951482553855605 -0.02313870166284059 0.23464083666119684 2.5851372599503306
27.82300000001102 4.297506752092664 -1.8576809285859672 5.591803695893894e-05 -0.149273104588177 0.17975629789775666 -0.023090500569736886 0.23479343603231517 2.589409500003548
27.824000000011022 4.301686909269769 -1.854772448762163 5.5935543524230444e-05 -0.14921264472918136 0.17999594838317695 -0.023031842451676308 0.23493280006877507 2.5935389137152267
27.825000000011023 4.305730454085804 -1.8514780810212728 5.595720449763632e-05 -0.1491349178145528 0.18023363800368175 -0.022962735592343606 0.23505887604061987 2.5975237876325235
27.826000000011025 4.309634198442199 -1.8477989057041324 5.598297095318876e-05 -0.14903993778517285 0.18046919307599282 -0.022883183341705398 0.235171581583231 2.6013622079138656
27.827000000011026 4.313397644704857 -1.8437383842972679 5.601287631591284e-05 -0.14892782285233408 0.18070254912141348 -0.02279328552999094 0.2352709959679789 2.60505414391013
27.828000000011027 4.31702005512342 -1.8392981194958118 5.6046815899833194e-05 -0.14879865368998496 0.1809336407057846 -0.02269305317068191 0.23535716760109393 2.608599253199407
27.82900000001103 4.320496903448602 -1.8344802485995513 5.6084868806911065e-05 -0.1486524334896979 0.1811622275125987 -0.022582548461897826 0.23542996868446803 2.6119950908742515
27.83000000001103 4.323827450974625 -1.8292863886079953 5.6126978891032636e-05 -0.1484892316257935 0.18138824757230787 -0.02246179417827816 0.23548944873152752 2.6152413708549185
27.83100000001103 4.327009978020707 -1.8237193879044635 5.617312360884371e-05 -0.14830914011102372 0.18161158053702858 -0.022330856910621935 0.23553563296450827 2.61833757442333
27.832000000011032 4.3300431183256185 -1.8177814644737358 5.622327401647366e-05 -0.14811223495456405 0.18183212958882486 -0.022189782595159382 0.23556855466225457 2.6212832976576923
27.833000000011033 4.332924970303666 -1.8114752008136743 5.6277467420617094e-05 -0.14789858109536883 0.18204977328817104 -0.022038642441681022 0.2355882255227755 2.6240777451666686
27.834000000011034 4.335654611508859 -1.8048034197602758 5.63356932464112e-05 -0.1476682807267147 0.18226443011885032 -0.021877503010252635 0.235594712923055 2.626720922304433
27.835000000011036 4.33822958882913 -1.7977683476364767 5.6397998860215306e-05 -0.1474213750713559 0.1824759570087071 -0.021706427322645716 0.23558799990934642 2.629211917270612
27.836000000011037 4.340648457977997 -1.7903728506524215 5.646436204538987e-05 -0.1471579613146892 0.18268424678344788 -0.02152548180057601 0.23556813444920385 2.6315505163315422
27.837000000011038 4.342910033887118 -1.7826197707381721 5.6534808323610504e-05 -0.1468781275170931 0.1828892086533172 -0.021334743608455563 0.23553517416641317 2.633736639472261
27.83800000001104 4.345013794138664 -1.7745119378169454 5.660936014486232e-05 -0.1465819719370437 0.18309078366375836 -0.021134289572983817 0.23548920942437293 2.635770518759728
27.83900000001104 4.346957983792711 -1.7660522618183148 5.668807167918971e-05 -0.14626957012821978 0.18328885511760604 -0.020924204295296185 0.23543027392671545 2.637651809088993
27.84000000001104 4.34874174788629 -1.757243434883089 5.677092333516217e-05 -0.14594102011616278 0.1834833467171263 -0.020704551558378064 0.2353584464817376 2.6393807890988166
27.841000000011043 4.350364329633932 -1.7480894632538702 5.6857993942817e-05 -0.14559644550954604 0.18367417936388586 -0.02047545548524541 0.23527382639668906 2.6409578240306013
27.842000000011044 4.351824065529433 -1.738593384928856 5.694928895374983e-05 -0.14523594001819862 0.18386123603009566 -0.02023699354136314 0.2351764620345274 2.6423825368191207
27.843000000011045 4.353120226781926 -1.728757629866887 5.7044782331968486e-05 -0.14485959563194123 0.18404444919113344 -0.019989220294561648 0.23506643880550396 2.6436552495745964
27.844000000011047 4.354251798375417 -1.7185859802220593 5.714456149325527e-05 -0.14446752227700196 0.184223730698061 -0.019732254902989015 0.2349438439898443 2.6447762363348453
27.845000000011048 4.35521826339527 -1.7080817988197559 5.724864864410616e-05 -0.14405983672509648 0.1843990166248664 -0.01946619095332912 0.23480878705813096 2.6457459604665163
27.84600000001105 4.356018971859416 -1.6972490144057524 5.7357049712138716e-05 -0.14363667997918417 0.18457022880438298 -0.019191133330566386 0.2346613832628974 2.646564860187235
27.84700000001105 4.356656292146159 -1.686094279203685 5.746983000099059e-05 -0.14319831752794676 0.18473740878359765 -0.018907288750510908 0.23450192731576414 2.6472357231865593
27.84800000001105 4.357124727446553 -1.6746152512089032 5.7586975394163286e-05 -0.14274459878293777 0.18490031430509318 -0.01861456495736613 0.23433021303360804 2.6477552619037517
27.849000000011053 4.35742596180602 -1.6628181139443068 5.770849832659288e-05 -0.14227577578591286 0.18505895547422416 -0.01831314108513491 0.2341465022439974 2.6481256704303076
27.850000000011054 4.357561444494715 -1.6507061281883428 5.783444782279311e-05 -0.1417919823188869 0.1852133665178329 -0.018003118265140217 0.23395099840363423 2.6483485645289773
27.851000000011055 4.357528296140587 -1.6382830509051682 5.79647701178098e-05 -0.141293335728949 0.1853633601881822 -0.017684579393727903 0.2337437194236464 2.6484230799137025
27.852000000011056 4.3573272278721555 -1.6255526884346336 5.8099511318538685e-05 -0.14077998033184494 0.18550892898235255 -0.0173576394894815 0.23352484502309592 2.648350515419696
27.853000000011058 4.35695832011594 -1.6125188772725998 5.82386664327925e-05 -0.14025206470522736 0.18565003125464621 -0.017022401591562795 0.2332945304006822 2.64813169968569
27.85400000001106 4.356420449246797 -1.5991839861416532 5.838216957584242e-05 -0.1397096827171405 0.18578657910486152 -0.016678909490616692 0.23305285761433436 2.6477667564198164
27.85500000001106 4.355716270938382 -1.5855540110709987 5.853005247021357e-05 -0.13915308710908772 0.18591863397178593 -0.016327344911769723 0.23280013380965262 2.6472582512388847
27.85600000001106 4.354845689072116 -1.5716317968662485 5.868234468670105e-05 -0.13858238616165475 0.18604615811239664 -0.01596778075455511 0.2325364933185035 2.646606398456397
27.857000000011062 4.353808291996211 -1.557422076753909 5.883897454798972e-05 -0.13799776140105968 0.18616907345320616 -0.015600342878027211 0.2322620863594424 2.645812354954425
27.858000000011064 4.35260526630263 -1.5429283925997659 5.8999933778779e-05 -0.13739937056854135 0.18628739433715358 -0.015225122713021594 0.2319771210339159 2.6448773290509577
27.859000000011065 4.351237367207604 -1.5281547156460449 5.916517659006365e-05 -0.13678738617963254 0.18640110767300122 -0.014842220289431655 0.23168179355033003 2.6438025421416254
27.860000000011066 4.349705583797503 -1.5131051052571323 5.933467893592386e-05 -0.13616198064508708 0.18651021257222447 -0.014451744582440662 0.23137631099230002 2.6425892500242805
27.861000000011067 4.348010793420989 -1.4977835818888405 5.950841740412489e-05 -0.13552332444008033 0.1866147030501332 -0.014053802486665523 0.23106087558501737 2.6412387034314393
27.86200000001107 4.346154360476781 -1.4821941211556249 5.968634393976928e-05 -0.13487159926676162 0.18671459544901706 -0.013648494631496793 0.2307357142883824 2.639752314185678
27.86300000001107 4.34413777622216 -1.4663396320466369 5.986823816123115e-05 -0.13420699005044276 0.18680991205855227 -0.013235854042139764 0.23040105740631597 2.6381315139036907
27.86400000001107 4.3419651394146 -1.450224853289904 6.005418090798005e-05 -0.13352971383295045 0.1869008018346635 -0.012816035874574465 0.23005726456316952 2.6363790315718525
27.865000000011072 4.339633167559222 -1.4338544855832593 6.0244210131076955e-05 -0.1328398915009169 0.18698705586476838 -0.012389175904100644 0.22970434805317058 2.634494031711082
27.866000000011073 4.337145270200678 -1.4172320655669757 6.0438233559494824e-05 -0.13213772745700003 0.18706879109601768 -0.011955355948901444 0.22934263048001097 2.6324788382517683
27.867000000011075 4.334503181444243 -1.4003615870456416 6.0636194497701446e-05 -0.13142341055500897 0.18714604140359523 -0.011514677014040488 0.22897235955827572 2.6303349547998667
27.868000000011076 4.331708476610562 -1.3832469079962855 6.083805753991891e-05 -0.13069711623186558 0.18721883672711734 -0.011067242048020757 0.22859377258212935 2.628063871799177
27.869000000011077 4.328763520847722 -1.365891600031492 6.104360745774932e-05 -0.12995906911787364 0.18728723300378253 -0.010613100733783602 0.2282071541371629 2.625667109684491
27.87000000001108 4.325670208663944 -1.348298879905715 6.125282230669127e-05 -0.12920941684694875 0.18735128567073647 -0.01015234698227917 0.227812747215021 2.623146388551789
27.87100000001108 4.322430939303196 -1.3304738038711015 6.1465881138804e-05 -0.128448342073461 0.1874110650596497 -0.009685163035272405 0.22741083147298174 2.6205032926258927
27.87200000001108 4.319047056043809 -1.312420079528919 6.168261672999805e-05 -0.12767604345189384 0.18746658213021244 -0.009211617833645927 0.2270016418227558 2.6177389956681556
27.873000000011082 4.315521028850939 -1.29414145223807 6.190299515892124e-05 -0.12689270506934014 0.18751791114496313 -0.008731812097901217 0.22658545880638034 2.6148551980964125
27.874000000011083 4.311856851918404 -1.2756413552513466 6.212688138750517e-05 -0.1260985449562908 0.18756519620686982 -0.00824581782383746 0.2261626392218644 2.6118543237221967
27.875000000011084 4.308054507129013 -1.256923889685778 6.235434631359743e-05 -0.12529369981615618 0.18760839559486486 -0.007753765922355123 0.22573334312254145 2.608736690708688
27.876000000011086 4.304117327052135 -1.2379926158997607 6.2585339552507e-05 -0.12447836308547988 0.18764762621793685 -0.007255749375134001 0.2252978925792735 2.605504335632694
27.877000000011087 4.300050505669736 -1.21885040741814 6.281956343075443e-05 -0.12365278895811652 0.18768308464169436 -0.006751788831458738 0.2248567079945949 2.6021601047204284
27.878000000011088 4.295852633327565 -1.199502033459335 6.305734163529422e-05 -0.1228170569887593 0.18771467324497584 -0.006242090637284964 0.22440987441369928 2.5987036509197323
27.87900000001109 4.291528248836362 -1.1799489235249871 6.329813957862804e-05 -0.1219714152290542 0.18774255644550789 -0.00572658181198328 0.2239577803357642 2.5951374259963105
27.88000000001109 4.287079697272952 -1.160197221244489 6.354240248518905e-05 -0.12111601945278476 0.18776681052131822 -0.005205537718314359 0.2235007000534288 2.5914628961342863
27.881000000011092 4.282509371792491 -1.1402492035097602 6.378998107368171e-05 -0.12025102548959223 0.1877875150375965 -0.0046789925780300725 0.22303890446924132 2.58768133446787
27.882000000011093 4.277820448050285 -1.120109165883927 6.404083184119634e-05 -0.119376649086967 0.18780477220341252 -0.004147063678534701 0.22257271833439593 2.5837945974297893
27.883000000011094 4.273016380140065 -1.099780489254405 6.429488997648876e-05 -0.11849308230556438 0.18781870626509942 -0.00360983628516868 0.2221024716102337 2.5798045509473604
27.884000000011095 4.268100149689714 -1.079266504082751 6.455210359424057e-05 -0.11760050462382678 0.18782942047007553 -0.0030673976435567187 0.22162847021582502 2.575712760905474
27.885000000011097 4.263074819987459 -1.0585708401196516 6.481248237829574e-05 -0.116699092973428 0.18783702315415263 -0.0025198573989780562 0.2211510236231016 2.571520837236976
27.886000000011098 4.257943725673935 -1.0376968168140328 6.507596667617399e-05 -0.11578903371888903 0.18784163417200161 -0.001967301040879008 0.22067045595490925 2.5672305069529626
27.8870000000111 4.252712606582437 -1.01664602414928 6.534231183399843e-05 -0.114870528532354 0.18784349521387508 -0.0014097252786557809 0.22018720295427877 2.562844505974456
27.8880000000111 4.24738066650634 -0.9954253495376388 6.56118408362572e-05 -0.11394374376394084 0.1878425150684473 -0.0008473995952983217 0.21970140030563431 2.558362646042955
27.8890000000111 4.241953095001906 -0.9740364233892764 6.588427166812175e-05 -0.11300888261269611 0.18783890619924445 -0.0002803150962210598 0.21921345945915785 2.5537874481361564
27.890000000011103 4.2364336238520846 -0.9524823503433861 6.615943233701124e-05 -0.11206615614342555 0.18783280208270117 0.00029147283054229523 0.21872372950233993 2.5491207334674364
27.891000000011104 4.230825411807836 -0.9307681745433983 6.64376171319116e-05 -0.11111572639337162 0.18782432059063178 0.0008677504011174414 0.2182325206013478 2.5443640322414733
27.892000000011105 4.225132338170957 -0.908896695430967 6.671862149319123e-05 -0.11015780273561636 0.1878136036273636 0.0014484772150984834 0.21774018760274383 2.5395192144589602
27.893000000011106 4.219358289963349 -0.8868716369552117 6.70024159154865e-05 -0.1091925863139083 0.187800795775563 0.002033547210965083 0.21724708309690663 2.5345881396756393
27.894000000011108 4.213507053578095 -0.8646961553785266 6.728893119674833e-05 -0.10822026554943932 0.1877860403535218 0.0026228794597893818 0.21675355204449653 2.529572578848552
27.89500000001111 4.207582749176931 -0.8423738229072376 6.757809196977565e-05 -0.10724105039946431 0.18776949161016895 0.0032163818637887176 0.21625995926804265 2.524474497734598
27.89600000001111 4.201589238289663 -0.8199081279147356 6.786983946189747e-05 -0.10625514024447044 0.18775129361597762 0.0038139614756079535 0.21576665494228375 2.5192956586798987
27.89700000001111 4.195530703114584 -0.7973025093789522 6.81641206292369e-05 -0.10526273511980883 0.18773160692259727 0.004415524189450194 0.21527400329930976 2.514037983450015
27.898000000011113 4.189412933710498 -0.7745588840250257 6.846056546067196e-05 -0.10426407802523946 0.18771066368801625 0.005021087574230428 0.21478245400655255 2.5087042464985507
27.899000000011114 4.183237782773058 -0.7516827108267903 6.875942647503378e-05 -0.10325933784897497 0.1876885116969472 0.005630435380971498 0.21429225389314271 2.503295164480131
27.900000000011115 4.177010236335294 -0.7286773070525782 6.906062860880048e-05 -0.10224872681334134 0.18766535011758087 0.006243480330672981 0.21380380449454828 2.4978130849662623
27.901000000011116 4.170734859682458 -0.705545714750657 6.936400035286544e-05 -0.10123246405041385 0.18764135397984658 0.006860164482643283 0.2133174895732587 2.492260077566015
27.902000000011117 4.164415945121259 -0.682291443130201 6.966948710653946e-05 -0.10021075439718673 0.18761668838169518 0.007480391421063977 0.21283367523016586 2.486638097071978
27.90300000001112 4.158057999046758 -0.6589179759414439 6.99770556403737e-05 -0.09918379876352991 0.18759153074350782 0.008104059194594662 0.21235273513493141 2.4809491818441214
27.90400000001112 4.151665851663781 -0.6354281063073486 7.028644383621923e-05 -0.09815183318551951 0.18756606516392585 0.008731136695101676 0.21187506674156983 2.475195555631551
27.90500000001112 4.145243942340224 -0.6118257709758603 7.0597756383463e-05 -0.09711504153167097 0.18754047054780423 0.009361478979631533 0.21140103281128048 2.46937920666877
27.906000000011122 4.138797037936101 -0.5881144548565956 7.091087360706479e-05 -0.09607364832376285 0.18751493086345114 0.009995001108052194 0.210931020113479 2.463502343149173
27.907000000011124 4.1323296861624845 -0.5642973560042484 7.122569098567613e-05 -0.0950278631168861 0.18748962334781602 0.010631625975870349 0.2104654012006685 2.4575670451320164
27.908000000011125 4.12584669817903 -0.5403778877072 7.15421705231441e-05 -0.09397788945816263 0.18746474061262364 0.011271253268332932 0.2100045566891533 2.4515754977942263
27.909000000011126 4.119352997750472 -0.5163592428139825 7.186021818087401e-05 -0.0929239380880968 0.1874404790603185 0.011913801243710156 0.20954887286797028 2.4455300371555717
27.910000000011127 4.112852985612706 -0.49224501065598936 7.21797662652974e-05 -0.09186621943058479 0.18741700788803242 0.01255917035376895 0.2090987084564277 2.4394325546168147
27.91100000001113 4.106351953402278 -0.46803885628814224 7.250082717623232e-05 -0.09080493989836863 0.18739454374365838 0.013207238777588394 0.20865445907281366 2.4332857714674976
27.91200000001113 4.0998541842876595 -0.4437435144565053 7.282329452915179e-05 -0.08974028809909682 0.18737325650103967 0.013857943304954452 0.2082164718569514 2.427091453769319
27.91300000001113 4.09336453819484 -0.4193626191421617 7.31471245546305e-05 -0.08867247895889606 0.18735333764122603 0.014511177669274618 0.2077851196004477 2.420852090279178
27.914000000011132 4.086887624931387 -0.3948995555562903 7.347232122657734e-05 -0.08760170185400602 0.18733497358761056 0.015166831978326441 0.2073607563861776 2.414569961775972
27.915000000011133 4.080429015055142 -0.37035771097783826 7.379878127394285e-05 -0.086528183745205 0.18731838915151547 0.0158248166082739 0.20694378540378558 2.4082479057893162
27.916000000011135 4.073992383447732 -0.3457410540545023 7.412655877285835e-05 -0.08545211182520843 0.18730372260360773 0.016484996167099582 0.20653450804934861 2.4018876362010317
27.917000000011136 4.067583133880779 -0.32105269208192555 7.445560398936234e-05 -0.08437368840251122 0.18729119769585828 0.01714727815928985 0.2061333092376513 2.3954919664349257
27.918000000011137 4.061205899845546 -0.29629595282442567 7.478582768885014e-05 -0.08329312268791177 0.18728099593785605 0.01781157304920488 0.20574053528914993 2.389063342905204
27.91900000001114 4.054864994738318 -0.27147444513937424 7.511725960006267e-05 -0.08221060192056358 0.18727328848296104 0.01847775854829618 0.20535650758700796 2.3826040700394233
27.92000000001114 4.0485657118811185 -0.24659188338162952 7.54499173744791e-05 -0.08112633210808833 0.1872682921536653 0.01914570774312409 0.20498159217951134 2.3761171178628637
27.92100000001114 4.042312328512617 -0.22165167329889124 7.578378714546978e-05 -0.08004050182404819 0.1872661757872892 0.01981531219479755 0.20461610181903733 2.369604894954281
27.922000000011142 4.036109802062809 -0.19665756105622473 7.611881883690474e-05 -0.07895333016006519 0.18726713456718427 0.02048645987306818 0.2042603805697497 2.3630703094924597
27.923000000011143 4.029962621364702 -0.17161308473551407 7.645499102265941e-05 -0.07786501501244027 0.18727134550754634 0.021159039000445242 0.20391474282777278 2.356516107415512
27.924000000011144 4.023875375464403 -0.14652229842537812 7.679235161528344e-05 -0.07677575724817591 0.1872789898286835 0.021832906388315143 0.2035794997872917 2.3499451211009275
27.925000000011146 4.017852576412089 -0.12138886076277769 7.713087334110915e-05 -0.07568576061250111 0.18729024382224393 0.022507947365905612 0.20325495685250775 2.343360292483651
27.926000000011147 4.011898752156286 -0.09621662568663955 7.747054319910188e-05 -0.07459523141646981 0.187305283810677 0.02318403671476908 0.20294141384120368 2.33676468496343
27.927000000011148 4.006018128326913 -0.0710095472721445 7.781134640327467e-05 -0.0735043775991754 0.18732426951703324 0.02386104876458879 0.20263915002900687 2.330161276577281
27.92800000001115 4.000214485524328 -0.045770845398376225 7.815325995568707e-05 -0.07241337314070577 0.18734734791308258 0.024538879598772198 0.20234841731934483 2.3235527219542336
27.92900000001115 3.9944933057592196 -0.02050547711202052 7.849622182477383e-05 -0.0713224888144872 0.187374725613799 0.02521737877281018 0.20206954595314577 2.3169431472122843
27.93000000001115 3.9888584349009526 0.0047827457527070735 7.884019424754911e-05 -0.07023192474815618 0.18740654468712584 0.025896427644920995 0.20180277800408744 2.310335594592311
27.931000000011153 3.9833141186517054 0.030089701858695226 7.918517126217677e-05 -0.06914189010923179 0.18744296540241837 0.02657589015034809 0.20154836686019725 2.303733549267423
27.932000000011154 3.9778643038184898 0.0554110175594802 7.953112882795963e-05 -0.06805260289899862 0.18748412965347847 0.02725562677032319 0.2013065444139715 2.297140349795173
27.933000000011155 3.972513037194628 0.0807423956013109 7.98780345695159e-05 -0.06696427974931442 0.18753018476250155 0.027935499615171003 0.20107754001417372 2.2905596490931597
27.934000000011157 3.9672643925985174 0.10607941832160483 8.022578194652198e-05 -0.06587715981642105 0.18758127272998892 0.028615383478756796 0.20086157979095226 2.283995167145609
27.935000000011158 3.9621210545490775 0.1314171494401113 8.057446087610847e-05 -0.06479143781507153 0.18763747592309507 0.029295100080460636 0.2006588041269522 2.27745007428011
27.93600000001116 3.9570877484932176 0.15675200430918318 8.092392020836628e-05 -0.06370733997190518 0.1876989742974176 0.02997455487689113 0.2004694591668923 2.270928675794378
27.93700000001116 3.9521683707286943 0.18207921132264177 8.127405436007275e-05 -0.06262511454881273 0.18776589741095848 0.030653611004343672 0.2002937369724778 2.2644350358106897
27.93800000001116 3.9473661232179715 0.20739410643438663 8.16248199318238e-05 -0.061544980755388196 0.18783834720367373 0.031332121686069914 0.20013178454643252 2.2579729285323293
27.939000000011163 3.94268489116837 0.23269196772118617 8.197617295908739e-05 -0.06046716765828089 0.1879164580337671 0.03200993559582571 0.1999837731952773 2.2515467282419164
27.940000000011164 3.938127517687853 0.25796833617588494 8.23280160932636e-05 -0.05939189427848814 0.18800031332974335 0.03268692358319835 0.1998498183421807 2.2451601082941783
27.941000000011165 3.933697171657025 0.2832180845057502 8.268026933768975e-05 -0.058319401226138254 0.18809000618594726 0.03336292950135712 0.19973003792949498 2.238817369450854
27.942000000011166 3.9293982838253823 0.3084375490840975 8.303275532026632e-05 -0.057249903564599365 0.18818570455973943 0.034037848452128455 0.1996246126760213 2.2325224728593858
27.943000000011168 3.9252323010159436 0.33362015562653397 8.338546979645456e-05 -0.05618367514842352 0.18828740039728442 0.03471148775263881 0.19953355077167467 2.2262803996251375
27.94400000001117 3.921202159329893 0.3587616847258277 8.373836843996374e-05 -0.055120901786208834 0.1883951914503903 0.0353837012259467 0.19945693341621684 2.2200949278821147
27.94500000001117 3.917310550743501 0.3838570358611544 8.409133796450526e-05 -0.054061823921206176 0.188509145779288 0.03605434123201828 0.19939482031838032 2.2139704977162067
27.94600000001117 3.9135601321870506 0.40890109935046126 8.444428690959163e-05 -0.053006673056218645 0.18862933220601288 0.036723251831832726 0.1993472587774395 2.207911559703075
27.947000000011172 3.9099532633382488 0.4338887680668573 8.479712483426945e-05 -0.0519556783070058 0.1887558046563588 0.037390279008532944 0.19931427260521634 2.201922555424197
27.948000000011174 3.906492090924388 0.4588146850476318 8.514983503973009e-05 -0.05090905470412329 0.18888860987486739 0.03805524363193442 0.19929586137000727 2.1960078712093773
27.949000000011175 3.903178957098784 0.4836739617155528 8.550218330503098e-05 -0.04986705500407272 0.1890277936687089 0.03871802739491778 0.19929203596579767 2.1901720945131093
27.950000000011176 3.9000156778124095 0.5084611496999223 8.58541487121447e-05 -0.048829892804855196 0.1891733857983764 0.039378448930325015 0.19930276105943245 2.184419604570624
27.951000000011177 3.8970033725191495 0.5331709999916421 8.620566731834685e-05 -0.04779777849885044 0.18932538051000192 0.04003634766120282 0.1993279620844273 2.1787543318426814
27.95200000001118 3.8941451647441276 0.5577980792942007 8.655654091164507e-05 -0.04677097746751126 0.1894838603680458 0.040691570193326705 0.1993676542422114 2.173181894332284
27.95300000001118 3.891442276211433 0.5823373055037999 8.690668962228553e-05 -0.04574969680823494 0.1896488258187156 0.04134396133953574 0.19942175165138826 2.167706163437887
27.95400000001118 3.8888958771756084 0.6067840647715619 8.725606135176509e-05 -0.044734115840730435 0.18982028346908708 0.04199337052720791 0.19949016092171523 2.1623311839758497
27.955000000011182 3.88650712923937 0.6311312195947792 8.76044993433892e-05 -0.043724532411342394 0.18999820183270935 0.042639596513555006 0.19957276022817408 2.157062248019202
27.956000000011183 3.88427741366625 0.6553738196468704 8.795191583062821e-05 -0.042721146600270106 0.1901825919591639 0.043282483768960614 0.1996694469676268 2.1519035192427376
27.957000000011185 3.882207633740401 0.6795062621531804 8.829817740492945e-05 -0.04172418853242039 0.19037343034327847 0.04392187005824641 0.19978008298819366 2.1468594602307007
27.958000000011186 3.880297062123314 0.7035213374364256 8.864338637153673e-05 -0.04073386744306031 0.19057061408806902 0.044557497032883545 0.1999044207930579 2.141933527259635
27.959000000011187 3.878547695071209 0.7274165231358292 8.898708686031555e-05 -0.039750392343323886 0.19077418369534677 0.04518936084009678 0.20004239847894886 2.1371306803863166
27.96000000001119 3.8769601085037286 0.7511851154557314 8.932923676021603e-05 -0.038774004108603946 0.1909840948401609 0.04581724516796047 0.20019382565731292 2.1324551510986356
27.96100000001119 3.8755344845646404 0.7748213820738956 8.966975836996619e-05 -0.03780491383461213 0.1912002917206062 0.04644097354961059 0.20035849642159673 2.1279110708414595
27.96200000001119 3.87427048177905 0.798320160086911 9.000849200297797e-05 -0.036843317244828644 0.1914226958657906 0.047060399403529664 0.2005361805514152 2.123501878052176
27.963000000011192 3.8731687006725575 0.8216756098336607 9.034526162150092e-05 -0.03588946490201929 0.1916512614371004 0.04767536892520395 0.20072668109531275 2.1192323434670546
27.964000000011193 3.8722284065238055 0.8448821042196957 9.068001072715063e-05 -0.03494353998671603 0.1918858930025157 0.04828570047004822 0.2009297284874972 2.1151054589457416
27.965000000011194 3.871449869193859 0.8679342042464678 9.10124826382831e-05 -0.03400578958179735 0.19212652851704398 0.048891268600191044 0.20114510391860901 2.1111258803349804
27.966000000011196 3.870835364407958 0.89082745292243 9.134255304600513e-05 -0.033076419320107846 0.1923732245108615 0.04949194253116803 0.20137268781851816 2.10729732068498
27.967000000011197 3.870378949963249 0.9135562424495712 9.167010075718669e-05 -0.032155557345232275 0.19262562809760583 0.050087567421999414 0.201611946269146 2.1036218518069916
27.968000000011198 3.8700826780870266 0.9361139979112963 9.199492243777734e-05 -0.03124349896255185 0.19288375605216512 0.05067796545925929 0.20186271512912926 2.1001040356428846
27.9690000000112 3.8699456361590023 0.9584949946056238 9.231689035711462e-05 -0.030340451522847083 0.1931474963043477 0.05126297445665097 0.20212469140951456 2.096747246681381
27.9700000000112 3.869966548227209 0.9806938974890178 9.263585994170161e-05 -0.0294466075721715 0.19341672226827275 0.05184244911102675 0.20239755601375484 2.0935545003659377
27.971000000011202 3.8701444612922224 1.002705283442646 9.295166129257079e-05 -0.028562173071818447 0.19369132021699045 0.052416246418647255 0.20268100095126232 2.0905288347506117
27.972000000011203 3.870480118474724 1.0245220059966862 9.326413238347576e-05 -0.027687436797032585 0.19397123979072242 0.052984165898302474 0.20297477148226686 2.087674620511474
27.973000000011204 3.8709689184393286 1.046141135428079 9.357311340486186e-05 -0.02682246682221943 0.1942562185475935 0.05354614937848213 0.20327841322703746 2.084992303954001
27.974000000011205 3.8716105145036632 1.067556273084469 9.387847662111378e-05 -0.02596750346117489 0.19454616380911877 0.05410201560878974 0.2035916235550577 2.0824853014965337
27.975000000011207 3.8724030115041415 1.0887618958160998 9.418013506929049e-05 -0.025122725881721854 0.19484092074117051 0.05465160538025465 0.20391403512665407 2.0801559838027233
27.976000000011208 3.8733448470444287 1.1097530882494853 9.447785078575197e-05 -0.024288335612504465 0.19514034536584468 0.0551948144543142 0.20424530638174518 2.0780064945737884
27.97700000001121 3.8744350032337986 1.1305237884344692 9.477143978998296e-05 -0.023464570478600268 0.19544431083114217 0.05573149160883561 0.20458510175707081 2.076039626872056
27.97800000001121 3.8756694322914536 1.151067917156337 9.506102517140382e-05 -0.022651537890525493 0.19575257106635827 0.056261408755340914 0.2049329338174592 2.0742557329238545
27.97900000001121 3.877046921151293 1.171382589990104 9.534632456402657e-05 -0.021849400987530142 0.1960650122615699 0.05678454997827707 0.2052885054572683 2.0726574654745864
27.980000000011213 3.8785652123167247 1.1914615897165957 9.562718236825198e-05 -0.02105837235512068 0.19638145065107 0.05730075007454596 0.20565141663789027 2.071246057244184
27.981000000011214 3.8802219344939584 1.2112996300271313 9.590355363229929e-05 -0.020278615807700226 0.19670171107542778 0.05780985996504317 0.20602127392154257 2.070022936020903
27.982000000011215 3.8820157701410136 1.2308926100659991 9.617518817748615e-05 -0.019510310670700314 0.19702566969833177 0.05831180391230486 0.20639775487647744 2.0689893061761535
27.983000000011216 3.883942852998863 1.2502351780726588 9.644214568656154e-05 -0.01875357557589565 0.1973530867656742 0.05880640961697459 0.2067803938115506 2.0681458134474684
27.984000000011218 3.8859996084514377 1.2693228350770605 9.670432577135076e-05 -0.018008540645178733 0.19768373462604227 0.059293564751110764 0.2071687555901293 2.0674924792811353
27.98500000001122 3.8881837539052015 1.2881505863693434 9.696162068737313e-05 -0.01727537818532109 0.1980174407197797 0.05977314640745544 0.20756245939982607 2.0670301940737414
27.98600000001122 3.8904923896737014 1.306713887725084 9.72139298083505e-05 -0.016554229448381565 0.19835400956081403 0.06024504023971488 0.2079611033221502 2.0667589773263724
27.98700000001122 3.892922183646062 1.325008267443804 9.746118055982647e-05 -0.01584522567497374 0.198693226232442 0.060709134378240506 0.20836426834825228 2.0666785718833176
27.988000000011223 3.8954700144503 1.3430290452107263 9.770330767829865e-05 -0.015148506468846473 0.199034884230175 0.061165308578939544 0.20877154346872265 2.0667888201140605
27.989000000011224 3.8981323342344703 1.3607722902968822 9.794027849887537e-05 -0.014464171577237691 0.19937876697672316 0.061613459590896855 0.20918251213553518 2.067088946489207
27.990000000011225 3.900906579439098 1.3782323766759375 9.817208499240457e-05 -0.013792391835087379 0.19972468757013187 0.06205342826512164 0.2095967768286859 2.06757889773835
27.991000000011226 3.9037884532219733 1.3954069031235385 9.839850627712109e-05 -0.013133248268196644 0.20007239674875618 0.062485203006998925 0.21001392036170283 2.068256927771225
27.992000000011227 3.9067749537954533 1.4122913445137826 9.861956588697022e-05 -0.012486859950552423 0.20042170043697 0.06290865349881836 0.21043354856701355 2.06912214928096
27.99300000001123 3.9098620992168893 1.42888167439386 9.883519187409372e-05 -0.011853338295978693 0.20077235623358394 0.06332368888481935 0.21085523524523986 2.0701728604595577
27.99400000001123 3.9130464803254696 1.4451741418168471 9.904529655657321e-05 -0.011232796731632627 0.2011241510874904 0.06373022906312067 0.21127858852594522 2.0714075487583137
27.99500000001123 3.9163239515961035 1.4611673833036862 9.924974991847749e-05 -0.010625250168597817 0.2014768638885052 0.06412826504146184 0.2117032286024956 2.07282290259909
27.996000000011232 3.9196905699522055 1.476856242381245 9.944859505407642e-05 -0.01003084755912097 0.2018302423761928 0.06451767005841831 0.21212872127591298 2.0744180209824954
27.997000000011234 3.9231438366294262 1.4922355870561623 9.964179627140965e-05 -0.009449749751216053 0.20218410689999605 0.06489830782955164 0.2125547016945259 2.076191411275592
27.998000000011235 3.9266796404083593 1.5073027457992614 9.982925703040069e-05 -0.00888202957790718 0.20253822037684008 0.06527014073241277 0.21298077949446334 2.078140277232257
27.999000000011236 3.9302939249679 1.522054750456716 0.0001000109487297662 -0.008327754474009868 0.2028923503489555 0.06563310656529611 0.2134065650398652 2.0802616926594752
