#time	tref	diverr	energy	enstrophy	palinstrophy
0.000000e+00	0.000000e+00	2.263798e-11	3.628454e-01	5.020047e+01	9.890883e+04
7.107143e-03	1.990000e-01	2.479471e-11	3.628263e-01	5.015134e+01	9.818303e+04
1.421429e-02	3.980000e-01	2.479328e-11	3.628073e-01	5.010342e+01	9.751386e+04
2.132143e-02	5.970000e-01	2.479154e-11	3.627882e-01	5.005598e+01	9.701235e+04
2.842857e-02	7.960000e-01	2.478982e-11	3.627692e-01	5.000826e+01	9.646860e+04
3.553571e-02	9.950000e-01	2.478800e-11	3.627502e-01	4.996090e+01	9.613505e+04
4.264286e-02	1.194000e+00	2.478638e-11	3.627313e-01	4.991328e+01	9.589653e+04
4.975000e-02	1.393000e+00	2.478511e-11	3.627123e-01	4.986585e+01	9.580977e+04
5.685714e-02	1.592000e+00	2.478436e-11	3.626933e-01	4.981852e+01	9.584082e+04
6.396429e-02	1.791000e+00	2.478397e-11	3.626744e-01	4.977123e+01	9.596878e+04
7.107143e-02	1.990000e+00	2.478413e-11	3.626555e-01	4.972406e+01	9.609877e+04
7.817857e-02	2.189000e+00	2.478478e-11	3.626366e-01	4.967681e+01	9.618817e+04
8.528571e-02	2.388000e+00	2.478602e-11	3.626178e-01	4.962954e+01	9.621565e+04
9.239286e-02	2.587000e+00	2.478757e-11	3.625989e-01	4.958221e+01	9.615375e+04
9.950000e-02	2.786000e+00	2.478990e-11	3.625802e-01	4.953490e+01	9.607694e+04
1.066071e-01	2.985000e+00	2.479259e-11	3.625614e-01	4.948771e+01	9.612907e+04
1.137143e-01	3.184000e+00	2.479603e-11	3.625427e-01	4.944077e+01	9.656366e+04
1.208214e-01	3.383000e+00	2.480012e-11	3.625240e-01	4.939423e+01	9.763367e+04
1.279286e-01	3.582000e+00	2.480506e-11	3.625054e-01	4.934824e+01	9.951997e+04
1.350357e-01	3.781000e+00	2.481091e-11	3.624868e-01	4.930286e+01	1.022321e+05
1.421429e-01	3.980000e+00	2.481780e-11	3.624683e-01	4.925803e+01	1.055823e+05
1.492500e-01	4.179000e+00	2.482599e-11	3.624498e-01	4.921351e+01	1.092085e+05
1.563571e-01	4.378000e+00	2.483551e-11	3.624313e-01	4.916897e+01	1.126313e+05
1.634643e-01	4.577000e+00	2.484679e-11	3.624128e-01	4.912400e+01	1.153451e+05
1.705714e-01	4.776000e+00	2.485977e-11	3.623944e-01	4.907823e+01	1.169400e+05
1.776786e-01	4.975000e+00	2.487515e-11	3.623760e-01	4.903138e+01	1.171986e+05
1.847857e-01	5.174000e+00	2.489301e-11	3.623576e-01	4.898335e+01	1.161473e+05
1.918929e-01	5.373000e+00	2.491371e-11	3.623392e-01	4.893423e+01	1.140648e+05
1.990000e-01	5.572000e+00	2.493770e-11	3.623209e-01	4.888428e+01	1.114139e+05
2.061071e-01	5.771000e+00	2.496542e-11	3.623026e-01	4.883387e+01	1.087467e+05
2.132143e-01	5.970000e+00	2.499728e-11	3.622843e-01	4.878339e+01	1.065954e+05
2.203214e-01	6.169000e+00	2.503383e-11	3.622660e-01	4.873317e+01	1.053257e+05
2.274286e-01	6.368000e+00	2.507576e-11	3.622477e-01	4.868338e+01	1.049716e+05
2.345357e-01	6.567000e+00	2.512361e-11	3.622294e-01	4.863392e+01	1.051666e+05
2.416429e-01	6.766000e+00	2.517820e-11	3.622112e-01	4.858459e+01	1.053692e+05
2.487500e-01	6.965000e+00	2.524014e-11	3.621930e-01	4.853533e+01	1.053574e+05
2.558571e-01	7.164000e+00	2.531044e-11	3.621748e-01	4.848651e+01	1.055220e+05
2.629643e-01	7.363000e+00	2.538952e-11	3.621566e-01	4.843867e+01	1.065021e+05
2.700714e-01	7.562000e+00	2.547831e-11	3.621384e-01	4.839190e+01	1.084884e+05
2.771786e-01	7.761000e+00	2.557732e-11	3.621203e-01	4.834564e+01	1.110976e+05
2.842857e-01	7.960000e+00	2.568688e-11	3.621022e-01	4.829911e+01	1.140182e+05
2.913929e-01	8.159000e+00	2.580754e-11	3.620842e-01	4.825172e+01	1.175395e+05
2.985000e-01	8.358000e+00	2.593901e-11	3.620661e-01	4.820284e+01	1.222094e+05
3.056071e-01	8.557000e+00	2.608125e-11	3.620482e-01	4.815119e+01	1.280613e+05
3.127143e-01	8.756000e+00	2.623407e-11	3.620303e-01	4.809495e+01	1.345369e+05
3.198214e-01	8.955000e+00	2.639677e-11	3.620126e-01	4.803312e+01	1.413996e+05
3.269286e-01	9.154000e+00	2.656888e-11	3.619949e-01	4.796727e+01	1.493908e+05
3.340357e-01	9.353000e+00	2.674928e-11	3.619774e-01	4.790148e+01	1.592541e+05
3.411429e-01	9.552000e+00	2.693716e-11	3.619600e-01	4.783964e+01	1.698053e+05
3.482500e-01	9.751000e+00	2.713062e-11	3.619428e-01	4.778272e+01	1.781822e+05
3.553571e-01	9.950000e+00	2.732821e-11	3.619255e-01	4.772962e+01	1.843447e+05
3.624643e-01	1.014900e+01	2.752823e-11	3.619081e-01	4.768056e+01	1.937062e+05
3.695714e-01	1.034800e+01	2.772905e-11	3.618904e-01	4.763529e+01	2.095736e+05
3.766786e-01	1.054700e+01	2.792933e-11	3.618721e-01	4.758576e+01	2.255108e+05
3.837857e-01	1.074600e+01	2.812742e-11	3.618533e-01	4.751887e+01	2.336240e+05
3.908929e-01	1.094500e+01	2.832185e-11	3.618342e-01	4.743035e+01	2.349686e+05
3.980000e-01	1.114400e+01	2.851087e-11	3.618150e-01	4.732644e+01	2.336470e+05
4.051071e-01	1.134300e+01	2.869282e-11	3.617962e-01	4.721423e+01	2.302654e+05
4.122143e-01	1.154200e+01	2.886566e-11	3.617779e-01	4.710080e+01	2.263953e+05
4.193214e-01	1.174100e+01	2.902829e-11	3.617604e-01	4.699518e+01	2.262330e+05
4.264286e-01	1.194000e+01	2.917862e-11	3.617437e-01	4.690345e+01	2.308304e+05
4.335357e-01	1.213900e+01	2.931576e-11	3.617276e-01	4.682397e+01	2.364485e+05
4.406429e-01	1.233800e+01	2.943891e-11	3.617120e-01	4.675055e+01	2.405495e+05
4.477500e-01	1.253700e+01	2.954721e-11	3.616966e-01	4.667892e+01	2.437485e+05
4.548571e-01	1.273600e+01	2.964047e-11	3.616813e-01	4.660767e+01	2.462733e+05
4.619643e-01	1.293500e+01	2.971816e-11	3.616657e-01	4.653634e+01	2.472964e+05
4.690714e-01	1.313400e+01	2.978064e-11	3.616500e-01	4.646484e+01	2.469661e+05
4.761786e-01	1.333300e+01	2.982745e-11	3.616340e-01	4.639336e+01	2.465298e+05
4.832857e-01	1.353200e+01	2.985917e-11	3.616177e-01	4.632189e+01	2.467864e+05
4.903929e-01	1.373100e+01	2.987664e-11	3.616012e-01	4.624947e+01	2.475330e+05
4.975000e-01	1.393000e+01	2.988011e-11	3.615844e-01	4.617439e+01	2.480843e+05
5.046071e-01	1.412900e+01	2.987105e-11	3.615674e-01	4.609535e+01	2.477275e+05
5.117143e-01	1.432800e+01	2.985023e-11	3.615502e-01	4.601232e+01	2.460371e+05
5.188214e-01	1.452700e+01	2.981899e-11	3.615331e-01	4.592609e+01	2.431978e+05
5.259286e-01	1.472600e+01	2.977815e-11	3.615160e-01	4.583727e+01	2.398880e+05
5.330357e-01	1.492500e+01	2.972904e-11	3.614991e-01	4.574639e+01	2.367253e+05
5.401429e-01	1.512400e+01	2.967276e-11	3.614823e-01	4.565466e+01	2.340176e+05
5.472500e-01	1.532300e+01	2.961044e-11	3.614658e-01	4.556422e+01	2.320397e+05
5.543571e-01	1.552200e+01	2.954284e-11	3.614494e-01	4.547738e+01	2.311484e+05
5.614643e-01	1.572100e+01	2.947105e-11	3.614330e-01	4.539570e+01	2.315032e+05
5.685714e-01	1.592000e+01	2.939577e-11	3.614166e-01	4.531955e+01	2.327240e+05
5.756786e-01	1.611900e+01	2.931821e-11	3.614002e-01	4.524855e+01	2.338750e+05
5.827857e-01	1.631800e+01	2.923901e-11	3.613838e-01	4.518217e+01	2.339325e+05
5.898929e-01	1.651700e+01	2.915892e-11	3.613674e-01	4.511971e+01	2.323203e+05
5.970000e-01	1.671600e+01	2.907866e-11	3.613511e-01	4.505999e+01	2.289510e+05
6.041071e-01	1.691500e+01	2.899870e-11	3.613350e-01	4.500151e+01	2.238864e+05
6.112143e-01	1.711400e+01	2.891978e-11	3.613190e-01	4.494286e+01	2.172488e+05
6.183214e-01	1.731300e+01	2.884243e-11	3.613031e-01	4.488320e+01	2.094122e+05
6.254286e-01	1.751200e+01	2.876678e-11	3.612872e-01	4.482228e+01	2.009444e+05
6.325357e-01	1.771100e+01	2.869336e-11	3.612714e-01	4.476033e+01	1.923377e+05
6.396429e-01	1.791000e+01	2.862228e-11	3.612556e-01	4.469780e+01	1.839378e+05
6.467500e-01	1.810900e+01	2.855413e-11	3.612397e-01	4.463526e+01	1.759814e+05
6.538571e-01	1.830800e+01	2.848883e-11	3.612237e-01	4.457313e+01	1.686111e+05
6.609643e-01	1.850700e+01	2.842677e-11	3.612077e-01	4.451176e+01	1.618871e+05
6.680714e-01	1.870600e+01	2.836827e-11	3.611916e-01	4.445129e+01	1.556282e+05
6.751786e-01	1.890500e+01	2.831330e-11	3.611754e-01	4.439140e+01	1.491995e+05
6.822857e-01	1.910400e+01	2.826215e-11	3.611592e-01	4.433155e+01	1.417667e+05
6.893929e-01	1.930300e+01	2.821462e-11	3.611429e-01	4.427161e+01	1.330374e+05
6.965000e-01	1.950200e+01	2.817102e-11	3.611266e-01	4.421251e+01	1.237756e+05
7.036071e-01	1.970100e+01	2.813103e-11	3.611103e-01	4.415598e+01	1.154925e+05
7.107143e-01	1.990000e+01	2.809514e-11	3.610939e-01	4.410374e+01	1.095424e+05
7.178214e-01	2.009900e+01	2.806322e-11	3.610776e-01	4.405669e+01	1.064046e+05
7.249286e-01	2.029800e+01	2.803538e-11	3.610612e-01	4.401463e+01	1.056328e+05
7.320357e-01	2.049700e+01	2.801180e-11	3.610448e-01	4.397666e+01	1.062259e+05
7.391429e-01	2.069600e+01	2.799239e-11	3.610285e-01	4.394148e+01	1.069470e+05
7.462500e-01	2.089500e+01	2.797753e-11	3.610122e-01	4.390748e+01	1.065121e+05
7.533571e-01	2.109400e+01	2.796742e-11	3.609960e-01	4.387305e+01	1.039072e+05
7.604643e-01	2.129300e+01	2.796241e-11	3.609799e-01	4.383708e+01	9.876009e+04
7.675714e-01	2.149200e+01	2.796271e-11	3.609638e-01	4.379943e+01	9.152661e+04
7.746786e-01	2.169100e+01	2.796897e-11	3.609479e-01	4.376107e+01	8.330373e+04
7.817857e-01	2.189000e+01	2.798150e-11	3.609321e-01	4.372359e+01	7.537184e+04
7.888929e-01	2.208900e+01	2.800022e-11	3.609164e-01	4.368834e+01	6.871106e+04
7.960000e-01	2.228800e+01	2.802570e-11	3.609007e-01	4.365580e+01	6.370907e+04
8.031071e-01	2.248700e+01	2.805809e-11	3.608850e-01	4.362560e+01	6.017398e+04
8.102143e-01	2.268600e+01	2.809699e-11	3.608692e-01	4.359703e+01	5.763808e+04
8.173214e-01	2.288500e+01	2.814299e-11	3.608535e-01	4.356949e+01	5.568334e+04
8.244286e-01	2.308400e+01	2.819566e-11	3.608378e-01	4.354276e+01	5.396576e+04
8.315357e-01	2.328300e+01	2.825493e-11	3.608220e-01	4.351678e+01	5.229939e+04
8.386429e-01	2.348200e+01	2.832078e-11	3.608062e-01	4.349161e+01	5.077993e+04
8.457500e-01	2.368100e+01	2.839275e-11	3.607905e-01	4.346729e+01	4.950435e+04
8.528571e-01	2.388000e+01	2.847077e-11	3.607747e-01	4.344378e+01	4.850751e+04
8.599643e-01	2.407900e+01	2.855419e-11	3.607590e-01	4.342110e+01	4.781405e+04
8.670714e-01	2.427800e+01	2.864261e-11	3.607432e-01	4.339931e+01	4.733928e+04
8.741786e-01	2.447700e+01	2.873579e-11	3.607275e-01	4.337846e+01	4.688541e+04
8.812857e-01	2.467600e+01	2.883355e-11	3.607117e-01	4.335848e+01	4.624824e+04
8.883929e-01	2.487500e+01	2.893533e-11	3.606960e-01	4.333917e+01	4.538701e+04
8.955000e-01	2.507400e+01	2.904064e-11	3.606802e-01	4.332035e+01	4.439896e+04
9.026071e-01	2.527300e+01	2.914960e-11	3.606645e-01	4.330199e+01	4.337781e+04
9.097143e-01	2.547200e+01	2.926145e-11	3.606488e-01	4.328439e+01	4.239389e+04
9.168214e-01	2.567100e+01	2.937609e-11	3.606331e-01	4.326772e+01	4.153213e+04
9.239286e-01	2.587000e+01	2.949357e-11	3.606174e-01	4.325153e+01	4.086070e+04
9.310357e-01	2.606900e+01	2.961362e-11	3.606017e-01	4.323511e+01	4.036251e+04
9.381429e-01	2.626800e+01	2.973629e-11	3.605861e-01	4.321828e+01	3.998604e+04
9.452500e-01	2.646700e+01	2.986176e-11	3.605704e-01	4.320145e+01	3.976607e+04
9.523571e-01	2.666600e+01	2.999043e-11	3.605548e-01	4.318470e+01	3.971191e+04
9.594643e-01	2.686500e+01	3.012298e-11	3.605392e-01	4.316769e+01	3.970298e+04
9.665714e-01	2.706400e+01	3.026017e-11	3.605236e-01	4.315034e+01	3.970881e+04
9.736786e-01	2.726300e+01	3.040290e-11	3.605081e-01	4.313303e+01	3.983152e+04
9.807857e-01	2.746200e+01	3.055244e-11	3.604926e-01	4.311604e+01	4.004401e+04
9.878929e-01	2.766100e+01	3.071020e-11	3.604771e-01	4.309907e+01	4.038649e+04
9.950000e-01	2.786000e+01	3.087726e-11	3.604615e-01	4.308203e+01	4.116025e+04
1.002107e+00	2.805900e+01	3.105493e-11	3.604459e-01	4.306499e+01	4.224741e+04
1.009214e+00	2.825800e+01	3.124497e-11	3.604304e-01	4.304752e+01	4.327496e+04
1.016321e+00	2.845700e+01	3.144887e-11	3.604149e-01	4.303030e+01	4.454599e+04
1.023429e+00	2.865600e+01	3.166876e-11	3.603995e-01	4.301478e+01	4.589760e+04
1.030536e+00	2.885500e+01	3.190699e-11	3.603840e-01	4.300006e+01	4.671107e+04
1.037643e+00	2.905400e+01	3.216545e-11	3.603681e-01	4.298374e+01	4.790697e+04
1.044750e+00	2.925300e+01	3.244584e-11	3.603522e-01	4.296458e+01	4.958722e+04
1.051857e+00	2.945200e+01	3.275008e-11	3.603363e-01	4.294367e+01	5.099155e+04
1.058964e+00	2.965100e+01	3.307860e-11	3.603207e-01	4.292465e+01	5.262174e+04
1.066071e+00	2.985000e+01	3.343288e-11	3.603054e-01	4.290765e+01	5.420146e+04
1.073179e+00	3.004900e+01	3.381427e-11	3.602900e-01	4.288907e+01	5.488081e+04
1.080286e+00	3.024800e+01	3.422306e-11	3.602747e-01	4.286758e+01	5.447659e+04
1.087393e+00	3.044700e+01	3.465983e-11	3.602595e-01	4.284669e+01	5.437669e+04
1.094500e+00	3.064600e+01	3.512417e-11	3.602444e-01	4.282884e+01	5.424218e+04
1.101607e+00	3.084500e+01	3.561530e-11	3.602294e-01	4.281178e+01	5.437867e+04
1.108714e+00	3.104400e+01	3.613203e-11	3.602143e-01	4.279130e+01	5.550235e+04
1.115821e+00	3.124300e+01	3.667250e-11	3.601991e-01	4.277012e+01	5.661303e+04
1.122929e+00	3.144200e+01	3.723411e-11	3.601838e-01	4.275067e+01	5.768345e+04
1.130036e+00	3.164100e+01	3.781346e-11	3.601686e-01	4.273264e+01	5.969598e+04
1.137143e+00	3.184000e+01	3.840675e-11	3.601534e-01	4.271620e+01	6.203884e+04
1.144250e+00	3.203900e+01	3.901107e-11	3.601383e-01	4.269822e+01	6.462195e+04
1.151357e+00	3.223800e+01	3.962230e-11	3.601233e-01	4.267716e+01	6.668006e+04
1.158464e+00	3.243700e+01	4.023439e-11	3.601084e-01	4.265157e+01	6.873667e+04
1.165571e+00	3.263600e+01	4.084207e-11	3.600937e-01	4.262384e+01	7.121056e+04
1.172679e+00	3.283500e+01	4.143946e-11	3.600790e-01	4.260114e+01	7.336122e+04
1.179786e+00	3.303400e+01	4.201866e-11	3.600642e-01	4.258253e+01	7.562549e+04
1.186893e+00	3.323300e+01	4.256987e-11	3.600493e-01	4.256027e+01	7.814824e+04
1.194000e+00	3.343200e+01	4.308287e-11	3.600341e-01	4.253144e+01	7.861819e+04
1.201107e+00	3.363100e+01	4.354954e-11	3.600191e-01	4.250673e+01	8.062605e+04
1.208214e+00	3.383000e+01	4.396130e-11	3.600043e-01	4.248298e+01	8.070581e+04
1.215321e+00	3.402900e+01	4.431515e-11	3.599896e-01	4.246883e+01	8.394581e+04
1.222429e+00	3.422800e+01	4.460404e-11	3.599748e-01	4.244885e+01	8.507685e+04
1.229536e+00	3.442700e+01	4.481756e-11	3.599596e-01	4.240534e+01	8.197164e+04
1.236643e+00	3.462600e+01	4.495477e-11	3.599440e-01	4.235883e+01	8.197462e+04
1.243750e+00	3.482500e+01	4.502627e-11	3.599292e-01	4.232973e+01	8.147049e+04
1.250857e+00	3.502400e+01	4.503685e-11	3.599149e-01	4.230907e+01	8.285050e+04
1.257964e+00	3.522300e+01	4.498420e-11	3.598998e-01	4.228431e+01	8.249967e+04
1.265071e+00	3.542200e+01	4.487029e-11	3.598847e-01	4.225904e+01	8.386108e+04
1.272179e+00	3.562100e+01	4.469788e-11	3.598699e-01	4.222780e+01	8.486817e+04
1.279286e+00	3.582000e+01	4.447870e-11	3.598549e-01	4.220522e+01	8.788715e+04
1.286393e+00	3.601900e+01	4.422445e-11	3.598398e-01	4.217902e+01	9.196835e+04
1.293500e+00	3.621800e+01	4.394479e-11	3.598246e-01	4.214002e+01	9.331260e+04
1.300607e+00	3.641700e+01	4.364489e-11	3.598092e-01	4.210722e+01	9.432557e+04
1.307714e+00	3.661600e+01	4.332502e-11	3.597942e-01	4.207289e+01	1.008906e+05
1.314821e+00	3.681500e+01	4.299418e-11	3.597795e-01	4.203463e+01	1.011599e+05
1.321929e+00	3.701400e+01	4.266129e-11	3.597645e-01	4.199834e+01	1.022543e+05
1.329036e+00	3.721300e+01	4.233280e-11	3.597493e-01	4.196653e+01	1.035492e+05
1.336143e+00	3.741200e+01	4.201165e-11	3.597345e-01	4.193460e+01	1.096529e+05
1.343250e+00	3.761100e+01	4.169922e-11	3.597197e-01	4.189559e+01	1.120215e+05
1.350357e+00	3.781000e+01	4.140003e-11	3.597046e-01	4.186036e+01	1.153618e+05
1.357464e+00	3.800900e+01	4.110720e-11	3.596895e-01	4.181631e+01	1.161440e+05
1.364571e+00	3.820800e+01	4.081669e-11	3.596748e-01	4.176705e+01	1.205856e+05
1.371679e+00	3.840700e+01	4.054092e-11	3.596600e-01	4.173214e+01	1.198364e+05
1.378786e+00	3.860600e+01	4.028608e-11	3.596451e-01	4.169913e+01	1.221842e+05
1.385893e+00	3.880500e+01	4.004851e-11	3.596303e-01	4.164848e+01	1.227904e+05
1.393000e+00	3.900400e+01	3.983174e-11	3.596153e-01	4.159596e+01	1.253333e+05
1.400107e+00	3.920300e+01	3.964013e-11	3.596001e-01	4.155711e+01	1.322049e+05
1.407214e+00	3.940200e+01	3.947230e-11	3.595853e-01	4.150196e+01	1.387007e+05
1.414321e+00	3.960100e+01	3.932555e-11	3.595711e-01	4.144619e+01	1.553209e+05
1.421429e+00	3.980000e+01	3.919633e-11	3.595570e-01	4.139775e+01	1.565597e+05
1.428536e+00	3.999900e+01	3.908260e-11	3.595424e-01	4.135870e+01	1.669170e+05
1.435643e+00	4.019800e+01	3.898541e-11	3.595273e-01	4.132533e+01	1.815685e+05
1.442750e+00	4.039700e+01	3.890456e-11	3.595121e-01	4.126521e+01	1.801528e+05
1.449857e+00	4.059600e+01	3.883987e-11	3.594976e-01	4.119579e+01	1.822798e+05
1.456964e+00	4.079500e+01	3.879292e-11	3.594837e-01	4.113419e+01	1.878877e+05
1.464071e+00	4.099400e+01	3.876489e-11	3.594701e-01	4.108033e+01	1.887380e+05
1.471179e+00	4.119300e+01	3.875573e-11	3.594563e-01	4.102754e+01	1.834333e+05
1.478286e+00	4.139200e+01	3.876365e-11	3.594419e-01	4.097084e+01	1.755033e+05
1.485393e+00	4.159100e+01	3.878799e-11	3.594270e-01	4.091097e+01	1.700972e+05
1.492500e+00	4.179000e+01	3.882849e-11	3.594120e-01	4.085247e+01	1.687815e+05
1.499607e+00	4.198900e+01	3.888665e-11	3.593974e-01	4.079276e+01	1.660510e+05
1.506714e+00	4.218800e+01	3.896153e-11	3.593833e-01	4.073543e+01	1.602052e+05
1.513821e+00	4.238700e+01	3.905111e-11	3.593698e-01	4.068729e+01	1.570802e+05
1.520929e+00	4.258600e+01	3.915227e-11	3.593565e-01	4.064040e+01	1.580164e+05
1.528036e+00	4.278500e+01	3.926526e-11	3.593431e-01	4.059233e+01	1.586971e+05
1.535143e+00	4.298400e+01	3.938963e-11	3.593293e-01	4.054548e+01	1.568291e+05
1.542250e+00	4.318300e+01	3.952200e-11	3.593152e-01	4.049302e+01	1.527198e+05
1.549357e+00	4.338200e+01	3.965611e-11	3.593007e-01	4.043539e+01	1.476806e+05
1.556464e+00	4.358100e+01	3.979034e-11	3.592861e-01	4.037885e+01	1.453384e+05
1.563571e+00	4.378000e+01	3.992486e-11	3.592717e-01	4.032378e+01	1.461288e+05
1.570679e+00	4.397900e+01	4.005754e-11	3.592579e-01	4.026381e+01	1.443884e+05
1.577786e+00	4.417800e+01	4.018691e-11	3.592445e-01	4.021235e+01	1.424590e+05
1.584893e+00	4.437700e+01	4.030778e-11	3.592310e-01	4.017745e+01	1.430045e+05
1.592000e+00	4.457600e+01	4.041667e-11	3.592172e-01	4.013973e+01	1.423892e+05
1.599107e+00	4.477500e+01	4.051155e-11	3.592027e-01	4.008701e+01	1.414708e+05
1.606214e+00	4.497400e+01	4.059325e-11	3.591878e-01	4.003113e+01	1.448009e+05
1.613321e+00	4.517300e+01	4.066318e-11	3.591729e-01	3.997594e+01	1.474024e+05
1.620429e+00	4.537200e+01	4.072159e-11	3.591584e-01	3.991961e+01	1.469419e+05
1.627536e+00	4.557100e+01	4.076929e-11	3.591442e-01	3.986542e+01	1.450699e+05
1.634643e+00	4.577000e+01	4.080543e-11	3.591301e-01	3.981506e+01	1.447216e+05
1.641750e+00	4.596900e+01	4.083250e-11	3.591163e-01	3.976623e+01	1.447609e+05
1.648857e+00	4.616800e+01	4.085211e-11	3.591027e-01	3.971331e+01	1.441438e+05
1.655964e+00	4.636700e+01	4.086533e-11	3.590896e-01	3.965982e+01	1.464388e+05
1.663071e+00	4.656600e+01	4.087115e-11	3.590767e-01	3.961111e+01	1.502718e+05
1.670179e+00	4.676500e+01	4.087095e-11	3.590639e-01	3.956733e+01	1.495476e+05
1.677286e+00	4.696400e+01	4.086595e-11	3.590509e-01	3.952593e+01	1.465725e+05
1.684393e+00	4.716300e+01	4.085895e-11	3.590377e-01	3.948122e+01	1.456860e+05
1.691500e+00	4.736200e+01	4.085185e-11	3.590242e-01	3.943218e+01	1.470868e+05
1.698607e+00	4.756100e+01	4.084261e-11	3.590106e-01	3.937947e+01	1.491850e+05
1.705714e+00	4.776000e+01	4.083107e-11	3.589969e-01	3.932839e+01	1.522117e+05
1.712821e+00	4.795900e+01	4.081832e-11	3.589830e-01	3.928079e+01	1.568743e+05
1.719929e+00	4.815800e+01	4.080670e-11	3.589688e-01	3.922861e+01	1.612185e+05
1.727036e+00	4.835700e+01	4.079582e-11	3.589544e-01	3.917203e+01	1.660858e+05
1.734143e+00	4.855600e+01	4.078488e-11	3.589399e-01	3.911775e+01	1.712311e+05
1.741250e+00	4.875500e+01	4.077338e-11	3.589255e-01	3.906468e+01	1.760573e+05
1.748357e+00	4.895400e+01	4.076222e-11	3.589111e-01	3.901033e+01	1.825144e+05
1.755464e+00	4.915300e+01	4.075221e-11	3.588969e-01	3.895667e+01	1.886996e+05
1.762571e+00	4.935200e+01	4.074349e-11	3.588831e-01	3.890544e+01	1.925277e+05
1.769679e+00	4.955100e+01	4.073800e-11	3.588696e-01	3.885591e+01	1.953603e+05
1.776786e+00	4.975000e+01	4.073802e-11	3.588563e-01	3.880443e+01	1.965092e+05
1.783893e+00	4.994900e+01	4.074474e-11	3.588432e-01	3.875057e+01	1.962236e+05
1.791000e+00	5.014800e+01	4.076031e-11	3.588301e-01	3.869761e+01	1.959055e+05
1.798107e+00	5.034700e+01	4.078525e-11	3.588170e-01	3.864744e+01	1.938247e+05
1.805214e+00	5.054600e+01	4.082042e-11	3.588037e-01	3.859962e+01	1.885673e+05
1.812321e+00	5.074500e+01	4.086543e-11	3.587902e-01	3.855202e+01	1.819407e+05
1.819429e+00	5.094400e+01	4.091997e-11	3.587763e-01	3.850264e+01	1.753188e+05
1.826536e+00	5.114300e+01	4.098344e-11	3.587623e-01	3.845067e+01	1.687321e+05
1.833643e+00	5.134200e+01	4.105597e-11	3.587484e-01	3.839683e+01	1.609251e+05
1.840750e+00	5.154100e+01	4.113896e-11	3.587350e-01	3.834238e+01	1.522039e+05
1.847857e+00	5.174000e+01	4.123065e-11	3.587218e-01	3.828757e+01	1.442310e+05
1.854964e+00	5.193900e+01	4.132960e-11	3.587089e-01	3.823475e+01	1.405822e+05
1.862071e+00	5.213800e+01	4.143397e-11	3.586960e-01	3.818805e+01	1.398392e+05
1.869179e+00	5.233700e+01	4.154228e-11	3.586829e-01	3.814509e+01	1.355507e+05
1.876286e+00	5.253600e+01	4.165448e-11	3.586696e-01	3.810523e+01	1.326322e+05
1.883393e+00	5.273500e+01	4.176985e-11	3.586560e-01	3.806720e+01	1.332361e+05
1.890500e+00	5.293400e+01	4.188740e-11	3.586422e-01	3.802553e+01	1.310452e+05
1.897607e+00	5.313300e+01	4.200449e-11	3.586283e-01	3.798559e+01	1.316535e+05
1.904714e+00	5.333200e+01	4.212009e-11	3.586145e-01	3.794874e+01	1.370236e+05
1.911821e+00	5.353100e+01	4.223364e-11	3.586012e-01	3.790791e+01	1.370179e+05
1.918929e+00	5.373000e+01	4.234354e-11	3.585881e-01	3.786889e+01	1.313074e+05
1.926036e+00	5.392900e+01	4.244687e-11	3.585751e-01	3.783735e+01	1.251464e+05
1.933143e+00	5.412800e+01	4.254128e-11	3.585620e-01	3.780805e+01	1.209638e+05
1.940250e+00	5.432700e+01	4.262399e-11	3.585488e-01	3.777860e+01	1.214459e+05
1.947357e+00	5.452600e+01	4.269431e-11	3.585356e-01	3.774620e+01	1.218791e+05
1.954464e+00	5.472500e+01	4.275259e-11	3.585224e-01	3.770766e+01	1.153274e+05
1.961571e+00	5.492400e+01	4.279885e-11	3.585093e-01	3.766747e+01	1.049259e+05
1.968679e+00	5.512300e+01	4.283310e-11	3.584964e-01	3.763304e+01	9.827608e+04
1.975786e+00	5.532200e+01	4.285512e-11	3.584834e-01	3.760482e+01	9.556753e+04
1.982893e+00	5.552100e+01	4.286396e-11	3.584703e-01	3.757814e+01	9.187672e+04
1.990000e+00	5.572000e+01	4.285801e-11	3.584571e-01	3.754973e+01	8.541102e+04
1.997107e+00	5.591900e+01	4.283648e-11	3.584438e-01	3.751928e+01	7.828293e+04
2.004214e+00	5.611800e+01	4.279772e-11	3.584306e-01	3.748911e+01	7.334256e+04
2.011321e+00	5.631700e+01	4.274186e-11	3.584174e-01	3.746164e+01	7.062684e+04
2.018429e+00	5.651600e+01	4.266902e-11	3.584042e-01	3.743736e+01	6.855750e+04
2.025536e+00	5.671500e+01	4.258018e-11	3.583911e-01	3.741505e+01	6.714548e+04
2.032643e+00	5.691400e+01	4.247652e-11	3.583779e-01	3.739233e+01	6.651258e+04
2.039750e+00	5.711300e+01	4.235905e-11	3.583648e-01	3.736849e+01	6.603629e+04
2.046857e+00	5.731200e+01	4.223085e-11	3.583518e-01	3.734646e+01	6.581454e+04
2.053964e+00	5.751100e+01	4.209250e-11	3.583388e-01	3.732727e+01	6.590799e+04
2.061071e+00	5.771000e+01	4.194502e-11	3.583259e-01	3.730738e+01	6.576497e+04
2.068179e+00	5.790900e+01	4.178979e-11	3.583130e-01	3.728538e+01	6.577367e+04
2.075286e+00	5.810800e+01	4.162808e-11	3.583002e-01	3.726311e+01	6.677347e+04
2.082393e+00	5.830700e+01	4.146181e-11	3.582874e-01	3.724163e+01	6.779549e+04
2.089500e+00	5.850600e+01	4.129332e-11	3.582746e-01	3.722150e+01	6.785271e+04
2.096607e+00	5.870500e+01	4.112440e-11	3.582619e-01	3.720408e+01	6.741079e+04
2.103714e+00	5.890400e+01	4.095872e-11	3.582491e-01	3.718774e+01	6.631277e+04
2.110821e+00	5.910300e+01	4.079797e-11	3.582363e-01	3.716891e+01	6.470194e+04
2.117929e+00	5.930200e+01	4.064378e-11	3.582236e-01	3.714679e+01	6.391602e+04
2.125036e+00	5.950100e+01	4.049766e-11	3.582110e-01	3.712422e+01	6.476724e+04
2.132143e+00	5.970000e+01	4.036070e-11	3.581986e-01	3.710436e+01	6.561031e+04
2.139250e+00	5.989900e+01	4.023333e-11	3.581863e-01	3.708637e+01	6.565037e+04
2.146357e+00	6.009800e+01	4.011627e-11	3.581738e-01	3.706692e+01	6.624341e+04
2.153464e+00	6.029700e+01	4.001109e-11	3.581614e-01	3.704649e+01	6.758455e+04
2.160571e+00	6.049600e+01	3.991813e-11	3.581488e-01	3.702895e+01	6.905576e+04
2.167679e+00	6.069500e+01	3.983783e-11	3.581363e-01	3.701459e+01	7.087698e+04
2.174786e+00	6.089400e+01	3.977004e-11	3.581237e-01	3.699841e+01	7.255301e+04
2.181893e+00	6.109300e+01	3.971445e-11	3.581111e-01	3.697727e+01	7.360014e+04
2.189000e+00	6.129200e+01	3.967116e-11	3.580987e-01	3.695397e+01	7.465527e+04
2.196107e+00	6.149100e+01	3.963982e-11	3.580864e-01	3.693237e+01	7.601707e+04
2.203214e+00	6.169000e+01	3.962062e-11	3.580742e-01	3.691303e+01	7.667178e+04
2.210321e+00	6.188900e+01	3.961268e-11	3.580619e-01	3.689470e+01	7.570459e+04
2.217429e+00	6.208800e+01	3.961559e-11	3.580496e-01	3.687676e+01	7.371094e+04
2.224536e+00	6.228700e+01	3.962850e-11	3.580371e-01	3.685895e+01	7.164720e+04
2.231643e+00	6.248600e+01	3.965051e-11	3.580246e-01	3.684128e+01	7.019983e+04
2.238750e+00	6.268500e+01	3.968022e-11	3.580122e-01	3.682371e+01	6.942918e+04
2.245857e+00	6.288400e+01	3.971800e-11	3.579998e-01	3.680561e+01	6.839518e+04
2.252964e+00	6.308300e+01	3.976206e-11	3.579876e-01	3.678658e+01	6.633955e+04
2.260071e+00	6.328200e+01	3.981232e-11	3.579755e-01	3.676722e+01	6.367730e+04
2.267179e+00	6.348100e+01	3.986805e-11	3.579635e-01	3.674875e+01	6.134857e+04
2.274286e+00	6.368000e+01	3.992780e-11	3.579514e-01	3.673226e+01	5.978583e+04
2.281393e+00	6.387900e+01	3.999083e-11	3.579391e-01	3.671785e+01	5.881085e+04
2.288500e+00	6.407800e+01	4.005552e-11	3.579268e-01	3.670426e+01	5.809939e+04
2.295607e+00	6.427700e+01	4.012073e-11	3.579143e-01	3.669003e+01	5.753340e+04
2.302714e+00	6.447600e+01	4.018500e-11	3.579018e-01	3.667512e+01	5.712078e+04
2.309821e+00	6.467500e+01	4.024697e-11	3.578895e-01	3.666045e+01	5.688328e+04
2.316929e+00	6.487400e+01	4.030602e-11	3.578772e-01	3.664654e+01	5.691053e+04
2.324036e+00	6.507300e+01	4.036148e-11	3.578649e-01	3.663335e+01	5.717843e+04
2.331143e+00	6.527200e+01	4.041286e-11	3.578527e-01	3.662074e+01	5.729214e+04
2.338250e+00	6.547100e+01	4.045890e-11	3.578404e-01	3.660852e+01	5.694704e+04
2.345357e+00	6.567000e+01	4.049964e-11	3.578281e-01	3.659668e+01	5.651596e+04
2.352464e+00	6.586900e+01	4.053344e-11	3.578158e-01	3.658516e+01	5.646546e+04
2.359571e+00	6.606800e+01	4.056029e-11	3.578036e-01	3.657352e+01	5.663237e+04
2.366679e+00	6.626700e+01	4.057941e-11	3.577915e-01	3.656121e+01	5.652716e+04
2.373786e+00	6.646600e+01	4.059138e-11	3.577794e-01	3.654837e+01	5.600702e+04
2.380893e+00	6.666500e+01	4.059627e-11	3.577672e-01	3.653547e+01	5.529202e+04
2.388000e+00	6.686400e+01	4.059465e-11	3.577550e-01	3.652261e+01	5.462080e+04
2.395107e+00	6.706300e+01	4.058733e-11	3.577428e-01	3.650965e+01	5.414801e+04
2.402214e+00	6.726200e+01	4.057426e-11	3.577307e-01	3.649671e+01	5.397750e+04
2.409321e+00	6.746100e+01	4.055625e-11	3.577186e-01	3.648403e+01	5.409337e+04
2.416429e+00	6.766000e+01	4.053414e-11	3.577065e-01	3.647180e+01	5.432175e+04
2.423536e+00	6.785900e+01	4.050892e-11	3.576945e-01	3.646004e+01	5.450047e+04
2.430643e+00	6.805800e+01	4.048116e-11	3.576825e-01	3.644846e+01	5.464518e+04
2.437750e+00	6.825700e+01	4.045160e-11	3.576704e-01	3.643647e+01	5.477543e+04
2.444857e+00	6.845600e+01	4.042084e-11	3.576583e-01	3.642366e+01	5.471647e+04
2.451964e+00	6.865500e+01	4.038996e-11	3.576462e-01	3.641028e+01	5.435025e+04
2.459071e+00	6.885400e+01	4.035954e-11	3.576341e-01	3.639721e+01	5.384208e+04
2.466179e+00	6.905300e+01	4.033093e-11	3.576220e-01	3.638523e+01	5.340528e+04
2.473286e+00	6.925200e+01	4.030535e-11	3.576099e-01	3.637432e+01	5.319456e+04
2.480393e+00	6.945100e+01	4.028334e-11	3.575978e-01	3.636381e+01	5.337265e+04
2.487500e+00	6.965000e+01	4.026619e-11	3.575856e-01	3.635291e+01	5.387512e+04
2.494607e+00	6.984900e+01	4.025438e-11	3.575735e-01	3.634124e+01	5.435864e+04
2.501714e+00	7.004800e+01	4.024842e-11	3.575613e-01	3.632893e+01	5.456665e+04
2.508821e+00	7.024700e+01	4.024916e-11	3.575492e-01	3.631637e+01	5.451542e+04
2.515929e+00	7.044600e+01	4.025706e-11	3.575371e-01	3.630384e+01	5.438334e+04
2.523036e+00	7.064500e+01	4.027310e-11	3.575250e-01	3.629150e+01	5.435217e+04
2.530143e+00	7.084400e+01	4.029742e-11	3.575129e-01	3.627925e+01	5.452578e+04
2.537250e+00	7.104300e+01	4.033044e-11	3.575008e-01	3.626688e+01	5.492963e+04
2.544357e+00	7.124200e+01	4.037221e-11	3.574887e-01	3.625432e+01	5.539250e+04
2.551464e+00	7.144100e+01	4.042221e-11	3.574766e-01	3.624171e+01	5.553602e+04
2.558571e+00	7.164000e+01	4.048080e-11	3.574647e-01	3.622948e+01	5.515359e+04
2.565679e+00	7.183900e+01	4.054720e-11	3.574529e-01	3.621793e+01	5.434550e+04
2.572786e+00	7.203800e+01	4.062095e-11	3.574411e-01	3.620701e+01	5.346213e+04
2.579893e+00	7.223700e+01	4.070130e-11	3.574293e-01	3.619668e+01	5.288728e+04
2.587000e+00	7.243600e+01	4.078741e-11	3.574173e-01	3.618702e+01	5.241931e+04
2.594107e+00	7.263500e+01	4.087846e-11	3.574052e-01	3.617798e+01	5.172997e+04
2.601214e+00	7.283400e+01	4.097300e-11	3.573929e-01	3.616934e+01	5.123564e+04
2.608321e+00	7.303300e+01	4.106986e-11	3.573804e-01	3.616028e+01	5.109899e+04
2.615429e+00	7.323200e+01	4.116829e-11	3.573678e-01	3.614944e+01	5.053804e+04
2.622536e+00	7.343100e+01	4.126685e-11	3.573551e-01	3.613655e+01	4.914860e+04
2.629643e+00	7.363000e+01	4.136407e-11	3.573426e-01	3.612303e+01	4.766748e+04
2.636750e+00	7.382900e+01	4.145898e-11	3.573303e-01	3.611060e+01	4.688640e+04
2.643857e+00	7.402800e+01	4.155015e-11	3.573181e-01	3.609995e+01	4.668121e+04
2.650964e+00	7.422700e+01	4.163596e-11	3.573062e-01	3.609067e+01	4.643679e+04
2.658071e+00	7.442600e+01	4.171514e-11	3.572943e-01	3.608189e+01	4.589473e+04
2.665179e+00	7.462500e+01	4.178657e-11	3.572823e-01	3.607306e+01	4.529352e+04
2.672286e+00	7.482400e+01	4.184891e-11	3.572704e-01	3.606408e+01	4.492778e+04
2.679393e+00	7.502300e+01	4.190094e-11	3.572584e-01	3.605522e+01	4.485813e+04
2.686500e+00	7.522200e+01	4.194229e-11	3.572464e-01	3.604671e+01	4.498471e+04
2.693607e+00	7.542100e+01	4.197146e-11	3.572343e-01	3.603851e+01	4.517994e+04
2.700714e+00	7.562000e+01	4.198779e-11	3.572222e-01	3.603030e+01	4.529726e+04
2.707821e+00	7.581900e+01	4.199111e-11	3.572102e-01	3.602166e+01	4.519291e+04
2.714929e+00	7.601800e+01	4.198047e-11	3.571983e-01	3.601247e+01	4.486424e+04
2.722036e+00	7.621700e+01	4.195630e-11	3.571866e-01	3.600304e+01	4.451700e+04
2.729143e+00	7.641600e+01	4.191847e-11	3.571749e-01	3.599396e+01	4.440087e+04
2.736250e+00	7.661500e+01	4.186688e-11	3.571632e-01	3.598561e+01	4.458780e+04
2.743357e+00	7.681400e+01	4.180196e-11	3.571515e-01	3.597794e+01	4.492857e+04
2.750464e+00	7.701300e+01	4.172443e-11	3.571397e-01	3.597053e+01	4.516810e+04
2.757571e+00	7.721200e+01	4.163427e-11	3.571277e-01	3.596283e+01	4.512160e+04
2.764679e+00	7.741100e+01	4.153260e-11	3.571157e-01	3.595444e+01	4.483753e+04
2.771786e+00	7.761000e+01	4.142105e-11	3.571036e-01	3.594535e+01	4.452966e+04
2.778893e+00	7.780900e+01	4.130082e-11	3.570915e-01	3.593576e+01	4.426950e+04
2.786000e+00	7.800800e+01	4.117343e-11	3.570795e-01	3.592594e+01	4.397072e+04
2.793107e+00	7.820700e+01	4.104028e-11	3.570675e-01	3.591628e+01	4.373099e+04
2.800214e+00	7.840600e+01	4.090317e-11	3.570556e-01	3.590722e+01	4.372102e+04
2.807321e+00	7.860500e+01	4.076325e-11	3.570438e-01	3.589881e+01	4.379832e+04
2.814429e+00	7.880400e+01	4.062215e-11	3.570319e-01	3.589065e+01	4.372438e+04
2.821536e+00	7.900300e+01	4.048154e-11	3.570200e-01	3.588219e+01	4.352108e+04
2.828643e+00	7.920200e+01	4.034272e-11	3.570081e-01	3.587307e+01	4.331526e+04
2.835750e+00	7.940100e+01	4.020718e-11	3.569962e-01	3.586322e+01	4.307287e+04
2.842857e+00	7.960000e+01	4.007612e-11	3.569844e-01	3.585301e+01	4.273512e+04
2.849964e+00	7.979900e+01	3.995090e-11	3.569726e-01	3.584326e+01	4.242097e+04
2.857071e+00	7.999800e+01	3.983252e-11	3.569609e-01	3.583479e+01	4.219146e+04
2.864179e+00	8.019700e+01	3.972275e-11	3.569492e-01	3.582780e+01	4.194028e+04
2.871286e+00	8.039600e+01	3.962194e-11	3.569374e-01	3.582162e+01	4.169054e+04
2.878393e+00	8.059500e+01	3.953114e-11	3.569256e-01	3.581506e+01	4.153393e+04
2.885500e+00	8.079400e+01	3.945106e-11	3.569137e-01	3.580732e+01	4.144097e+04
2.892607e+00	8.099300e+01	3.938240e-11	3.569018e-01	3.579852e+01	4.140112e+04
2.899714e+00	8.119200e+01	3.932519e-11	3.568900e-01	3.578919e+01	4.140227e+04
2.906821e+00	8.139100e+01	3.928007e-11	3.568782e-01	3.577965e+01	4.145381e+04
2.913929e+00	8.159000e+01	3.924688e-11	3.568665e-01	3.577005e+01	4.159748e+04
2.921036e+00	8.178900e+01	3.922562e-11	3.568548e-01	3.576037e+01	4.165360e+04
2.928143e+00	8.198800e+01	3.921655e-11	3.568431e-01	3.575051e+01	4.156618e+04
2.935250e+00	8.218700e+01	3.921946e-11	3.568314e-01	3.574067e+01	4.153491e+04
2.942357e+00	8.238600e+01	3.923390e-11	3.568196e-01	3.573106e+01	4.149965e+04
2.949464e+00	8.258500e+01	3.926018e-11	3.568079e-01	3.572177e+01	4.140607e+04
2.956571e+00	8.278400e+01	3.929720e-11	3.567961e-01	3.571291e+01	4.134437e+04
2.963679e+00	8.298300e+01	3.934450e-11	3.567843e-01	3.570430e+01	4.125051e+04
2.970786e+00	8.318200e+01	3.940117e-11	3.567724e-01	3.569563e+01	4.109956e+04
2.977893e+00	8.338100e+01	3.946707e-11	3.567605e-01	3.568670e+01	4.095738e+04
2.985000e+00	8.358000e+01	3.954048e-11	3.567486e-01	3.567739e+01	4.084704e+04
2.992107e+00	8.377900e+01	3.962158e-11	3.567368e-01	3.566775e+01	4.081345e+04
2.999214e+00	8.397800e+01	3.970864e-11	3.567250e-01	3.565793e+01	4.087430e+04
3.006321e+00	8.417700e+01	3.980158e-11	3.567132e-01	3.564810e+01	4.093222e+04
3.013429e+00	8.437600e+01	3.989953e-11	3.567016e-01	3.563848e+01	4.085844e+04
3.020536e+00	8.457500e+01	4.000089e-11	3.566900e-01	3.562921e+01	4.061032e+04
3.027643e+00	8.477400e+01	4.010547e-11	3.566784e-01	3.562025e+01	4.027445e+04
3.034750e+00	8.497300e+01	4.021187e-11	3.566668e-01	3.561135e+01	3.996922e+04
3.041857e+00	8.517200e+01	4.031947e-11	3.566551e-01	3.560240e+01	3.969034e+04
3.048964e+00	8.537100e+01	4.042762e-11	3.566435e-01	3.559339e+01	3.934557e+04
3.056071e+00	8.557000e+01	4.053519e-11	3.566318e-01	3.558425e+01	3.891695e+04
3.063179e+00	8.576900e+01	4.064178e-11	3.566201e-01	3.557499e+01	3.847549e+04
3.070286e+00	8.596800e+01	4.074615e-11	3.566085e-01	3.556580e+01	3.807524e+04
3.077393e+00	8.616700e+01	4.084742e-11	3.565970e-01	3.555694e+01	3.771559e+04
3.084500e+00	8.636600e+01	4.094513e-11	3.565854e-01	3.554847e+01	3.738120e+04
3.091607e+00	8.656500e+01	4.103877e-11	3.565739e-01	3.554024e+01	3.705258e+04
3.098714e+00	8.676400e+01	4.112725e-11	3.565624e-01	3.553199e+01	3.670749e+04
3.105821e+00	8.696300e+01	4.121031e-11	3.565508e-01	3.552349e+01	3.634657e+04
3.112929e+00	8.716200e+01	4.128802e-11	3.565392e-01	3.551465e+01	3.598837e+04
3.120036e+00	8.736100e+01	4.135960e-11	3.565276e-01	3.550546e+01	3.566087e+04
3.127143e+00	8.756000e+01	4.142435e-11	3.565159e-01	3.549610e+01	3.540115e+04
3.134250e+00	8.775900e+01	4.148294e-11	3.565043e-01	3.548692e+01	3.522055e+04
3.141357e+00	8.795800e+01	4.153495e-11	3.564926e-01	3.547814e+01	3.507889e+04
3.148464e+00	8.815700e+01	4.158076e-11	3.564810e-01	3.546975e+01	3.492802e+04
3.155571e+00	8.835600e+01	4.161983e-11	3.564694e-01	3.546158e+01	3.475807e+04
3.162679e+00	8.855500e+01	4.165320e-11	3.564578e-01	3.545349e+01	3.458495e+04
3.169786e+00	8.875400e+01	4.168079e-11	3.564462e-01	3.544541e+01	3.442132e+04
3.176893e+00	8.895300e+01	4.170294e-11	3.564346e-01	3.543720e+01	3.426510e+04
3.184000e+00	8.915200e+01	4.172010e-11	3.564229e-01	3.542872e+01	3.410549e+04
3.191107e+00	8.935100e+01	4.173284e-11	3.564113e-01	3.541999e+01	3.394887e+04
3.198214e+00	8.955000e+01	4.174211e-11	3.563997e-01	3.541117e+01	3.382126e+04
3.205321e+00	8.974900e+01	4.174866e-11	3.563881e-01	3.540233e+01	3.373754e+04
3.212429e+00	8.994800e+01	4.175325e-11	3.563764e-01	3.539341e+01	3.368825e+04
3.219536e+00	9.014700e+01	4.175687e-11	3.563648e-01	3.538427e+01	3.365483e+04
3.226643e+00	9.034600e+01	4.175995e-11	3.563531e-01	3.537485e+01	3.362807e+04
3.233750e+00	9.054500e+01	4.176317e-11	3.563415e-01	3.536529e+01	3.359856e+04
3.240857e+00	9.074400e+01	4.176745e-11	3.563299e-01	3.535579e+01	3.354775e+04
3.247964e+00	9.094300e+01	4.177300e-11	3.563184e-01	3.534649e+01	3.346836e+04
3.255071e+00	9.114200e+01	4.178070e-11	3.563069e-01	3.533740e+01	3.336780e+04
3.262179e+00	9.134100e+01	4.179112e-11	3.562954e-01	3.532846e+01	3.325367e+04
3.269286e+00	9.154000e+01	4.180478e-11	3.562840e-01	3.531956e+01	3.313725e+04
3.276393e+00	9.173900e+01	4.182200e-11	3.562726e-01	3.531060e+01	3.302736e+04
3.283500e+00	9.193800e+01	4.184326e-11	3.562611e-01	3.530155e+01	3.290662e+04
3.290607e+00	9.213700e+01	4.186895e-11	3.562497e-01	3.529242e+01	3.273892e+04
3.297714e+00	9.233600e+01	4.189911e-11	3.562382e-01	3.528326e+01	3.250586e+04
3.304821e+00	9.253500e+01	4.193450e-11	3.562267e-01	3.527419e+01	3.221962e+04
3.311929e+00	9.273400e+01	4.197459e-11	3.562151e-01	3.526525e+01	3.189678e+04
3.319036e+00	9.293300e+01	4.202018e-11	3.562036e-01	3.525633e+01	3.153655e+04
3.326143e+00	9.313200e+01	4.207121e-11	3.561921e-01	3.524720e+01	3.113180e+04
3.333250e+00	9.333100e+01	4.212771e-11	3.561806e-01	3.523769e+01	3.068651e+04
3.340357e+00	9.353000e+01	4.218929e-11	3.561692e-01	3.522782e+01	3.022232e+04
3.347464e+00	9.372900e+01	4.225634e-11	3.561579e-01	3.521786e+01	2.977690e+04
3.354571e+00	9.392800e+01	4.232816e-11	3.561466e-01	3.520820e+01	2.939117e+04
3.361679e+00	9.412700e+01	4.240537e-11	3.561353e-01	3.519917e+01	2.908821e+04
3.368786e+00	9.432600e+01	4.248722e-11	3.561240e-01	3.519085e+01	2.885380e+04
3.375893e+00	9.452500e+01	4.257394e-11	3.561127e-01	3.518303e+01	2.864574e+04
3.383000e+00	9.472400e+01	4.266562e-11	3.561012e-01	3.517533e+01	2.842817e+04
3.390107e+00	9.492300e+01	4.276130e-11	3.560897e-01	3.516743e+01	2.817904e+04
3.397214e+00	9.512200e+01	4.286153e-11	3.560782e-01	3.515917e+01	2.788016e+04
3.404321e+00	9.532100e+01	4.296563e-11	3.560666e-01	3.515049e+01	2.753219e+04
3.411429e+00	9.552000e+01	4.307361e-11	3.560551e-01	3.514152e+01	2.715976e+04
3.418536e+00	9.571900e+01	4.318517e-11	3.560437e-01	3.513244e+01	2.678949e+04
3.425643e+00	9.591800e+01	4.330012e-11	3.560323e-01	3.512348e+01	2.643803e+04
3.432750e+00	9.611700e+01	4.341851e-11	3.560211e-01	3.511482e+01	2.611599e+04
3.439857e+00	9.631600e+01	4.353995e-11	3.560099e-01	3.510665e+01	2.583420e+04
3.446964e+00	9.651500e+01	4.366466e-11	3.559987e-01	3.509905e+01	2.559148e+04
3.454071e+00	9.671400e+01	4.379262e-11	3.559874e-01	3.509186e+01	2.535922e+04
3.461179e+00	9.691300e+01	4.392335e-11	3.559761e-01	3.508466e+01	2.511523e+04
3.468286e+00	9.711200e+01	4.405699e-11	3.559648e-01	3.507694e+01	2.487932e+04
3.475393e+00	9.731100e+01	4.419294e-11	3.559534e-01	3.506847e+01	2.465788e+04
3.482500e+00	9.751000e+01	4.433188e-11	3.559421e-01	3.505953e+01	2.441266e+04
3.489607e+00	9.770900e+01	4.447314e-11	3.559308e-01	3.505066e+01	2.414974e+04
3.496714e+00	9.790800e+01	4.461691e-11	3.559195e-01	3.504222e+01	2.392043e+04
3.503821e+00	9.810700e+01	4.476357e-11	3.559083e-01	3.503421e+01	2.371271e+04
3.510929e+00	9.830600e+01	4.491367e-11	3.558970e-01	3.502638e+01	2.347584e+04
3.518036e+00	9.850500e+01	4.506662e-11	3.558857e-01	3.501848e+01	2.321648e+04
3.525143e+00	9.870400e+01	4.522292e-11	3.558744e-01	3.501038e+01	2.296896e+04
3.532250e+00	9.890300e+01	4.538284e-11	3.558631e-01	3.500218e+01	2.275389e+04
3.539357e+00	9.910200e+01	4.554628e-11	3.558518e-01	3.499417e+01	2.257857e+04
3.546464e+00	9.930100e+01	4.571395e-11	3.558406e-01	3.498650e+01	2.240663e+04
3.553571e+00	9.950000e+01	4.588607e-11	3.558293e-01	3.497903e+01	2.219202e+04
3.560679e+00	9.969900e+01	4.606280e-11	3.558180e-01	3.497151e+01	2.196015e+04
3.567786e+00	9.989800e+01	4.624473e-11	3.558067e-01	3.496382e+01	2.178933e+04
3.574893e+00	1.000970e+02	4.643203e-11	3.557953e-01	3.495598e+01	2.170614e+04
3.582000e+00	1.002960e+02	4.662518e-11	3.557840e-01	3.494807e+01	2.166805e+04
3.589107e+00	1.004950e+02	4.682401e-11	3.557726e-01	3.494031e+01	2.163844e+04
3.596214e+00	1.006940e+02	4.702880e-11	3.557613e-01	3.493291e+01	2.161895e+04
3.603321e+00	1.008930e+02	4.724014e-11	3.557500e-01	3.492565e+01	2.161464e+04
3.610429e+00	1.010920e+02	4.745816e-11	3.557387e-01	3.491803e+01	2.157114e+04
3.617536e+00	1.012910e+02	4.768337e-11	3.557275e-01	3.490982e+01	2.142288e+04
3.624643e+00	1.014900e+02	4.791594e-11	3.557162e-01	3.490134e+01	2.122381e+04
3.631750e+00	1.016890e+02	4.815626e-11	3.557048e-01	3.489316e+01	2.106353e+04
3.638857e+00	1.018880e+02	4.840418e-11	3.556934e-01	3.488544e+01	2.091529e+04
3.645964e+00	1.020870e+02	4.866040e-11	3.556818e-01	3.487785e+01	2.074572e+04
3.653071e+00	1.022860e+02	4.892472e-11	3.556701e-01	3.486995e+01	2.059863e+04
3.660179e+00	1.024850e+02	4.919826e-11	3.556585e-01	3.486175e+01	2.050447e+04
3.667286e+00	1.026840e+02	4.948054e-11	3.556470e-01	3.485351e+01	2.047265e+04
3.674393e+00	1.028830e+02	4.977230e-11	3.556355e-01	3.484556e+01	2.045635e+04
3.681500e+00	1.030820e+02	5.007427e-11	3.556241e-01	3.483783e+01	2.041606e+04
3.688607e+00	1.032810e+02	5.038578e-11	3.556127e-01	3.483014e+01	2.042410e+04
3.695714e+00	1.034800e+02	5.070781e-11	3.556011e-01	3.482274e+01	2.047804e+04
3.702821e+00	1.036790e+02	5.104062e-11	3.555896e-01	3.481567e+01	2.053738e+04
3.709929e+00	1.038780e+02	5.138429e-11	3.555780e-01	3.480833e+01	2.052676e+04
3.717036e+00	1.040770e+02	5.173902e-11	3.555663e-01	3.480026e+01	2.039511e+04
3.724143e+00	1.042760e+02	5.210541e-11	3.555547e-01	3.479152e+01	2.027058e+04
3.731250e+00	1.044750e+02	5.248359e-11	3.555430e-01	3.478247e+01	2.021987e+04
3.738357e+00	1.046740e+02	5.287315e-11	3.555314e-01	3.477351e+01	2.021335e+04
3.745464e+00	1.048730e+02	5.327451e-11	3.555197e-01	3.476560e+01	2.026755e+04
3.752571e+00	1.050720e+02	5.368776e-11	3.555079e-01	3.475881e+01	2.042237e+04
3.759679e+00	1.052710e+02	5.411234e-11	3.554960e-01	3.475181e+01	2.063917e+04
3.766786e+00	1.054700e+02	5.454706e-11	3.554841e-01	3.474357e+01	2.088195e+04
3.773893e+00	1.056690e+02	5.499175e-11	3.554722e-01	3.473477e+01	2.106754e+04
3.781000e+00	1.058680e+02	5.544550e-11	3.554604e-01	3.472632e+01	2.118340e+04
3.788107e+00	1.060670e+02	5.590839e-11	3.554487e-01	3.471793e+01	2.127663e+04
3.795214e+00	1.062660e+02	5.637918e-11	3.554370e-01	3.470951e+01	2.158278e+04
3.802321e+00	1.064650e+02	5.685739e-11	3.554252e-01	3.470112e+01	2.208473e+04
3.809429e+00	1.066640e+02	5.734177e-11	3.554131e-01	3.469294e+01	2.244095e+04
3.816536e+00	1.068630e+02	5.783084e-11	3.554009e-01	3.468468e+01	2.267322e+04
3.823643e+00	1.070620e+02	5.832302e-11	3.553888e-01	3.467536e+01	2.301005e+04
3.830750e+00	1.072610e+02	5.881595e-11	3.553767e-01	3.466531e+01	2.369356e+04
3.837857e+00	1.074600e+02	5.930763e-11	3.553648e-01	3.465709e+01	2.423778e+04
3.844964e+00	1.076590e+02	5.979464e-11	3.553526e-01	3.464916e+01	2.437296e+04
3.852071e+00	1.078580e+02	6.027609e-11	3.553401e-01	3.463927e+01	2.435449e+04
3.859179e+00	1.080570e+02	6.074778e-11	3.553276e-01	3.462820e+01	2.543395e+04
3.866286e+00	1.082560e+02	6.120702e-11	3.553152e-01	3.461791e+01	2.554087e+04
3.873393e+00	1.084550e+02	6.165144e-11	3.553026e-01	3.461037e+01	2.574150e+04
3.880500e+00	1.086540e+02	6.207967e-11	3.552899e-01	3.460595e+01	2.654654e+04
3.887607e+00	1.088530e+02	6.248348e-11	3.552774e-01	3.459477e+01	2.711714e+04
3.894714e+00	1.090520e+02	6.285761e-11	3.552648e-01	3.457709e+01	2.730737e+04
3.901821e+00	1.092510e+02	6.320035e-11	3.552518e-01	3.456349e+01	2.636367e+04
3.908929e+00	1.094500e+02	6.350955e-11	3.552388e-01	3.455248e+01	2.566673e+04
3.916036e+00	1.096490e+02	6.377763e-11	3.552255e-01	3.453734e+01	2.603671e+04
3.923143e+00	1.098480e+02	6.400711e-11	3.552121e-01	3.452908e+01	2.694534e+04
3.930250e+00	1.100470e+02	6.419162e-11	3.551989e-01	3.451579e+01	2.637427e+04
3.937357e+00	1.102460e+02	6.432790e-11	3.551856e-01	3.450370e+01	2.665285e+04
3.944464e+00	1.104450e+02	6.441677e-11	3.551721e-01	3.449697e+01	2.624061e+04
3.951571e+00	1.106440e+02	6.446292e-11	3.551587e-01	3.448008e+01	2.588394e+04
3.958679e+00	1.108430e+02	6.446866e-11	3.551453e-01	3.447443e+01	2.652430e+04
3.965786e+00	1.110420e+02	6.443935e-11	3.551318e-01	3.446243e+01	2.812841e+04
3.972893e+00	1.112410e+02	6.437640e-11	3.551184e-01	3.445541e+01	3.097409e+04
3.980000e+00	1.114400e+02	6.427148e-11	3.551050e-01	3.443593e+01	2.891683e+04
3.987107e+00	1.116390e+02	6.413063e-11	3.550909e-01	3.442293e+01	2.826520e+04
3.994214e+00	1.118380e+02	6.396013e-11	3.550775e-01	3.441196e+01	2.935543e+04
4.001321e+00	1.120370e+02	6.376541e-11	3.550635e-01	3.439245e+01	2.965055e+04
4.008429e+00	1.122360e+02	6.356407e-11	3.550492e-01	3.437591e+01	3.086445e+04
4.015536e+00	1.124350e+02	6.334810e-11	3.550350e-01	3.436774e+01	3.259252e+04
4.022643e+00	1.126340e+02	6.311894e-11	3.550212e-01	3.435723e+01	3.358624e+04
4.029750e+00	1.128330e+02	6.288546e-11	3.550073e-01	3.434313e+01	3.481713e+04
4.036857e+00	1.130320e+02	6.264825e-11	3.549932e-01	3.432900e+01	3.551870e+04
4.043964e+00	1.132310e+02	6.242060e-11	3.549794e-01	3.432101e+01	3.615182e+04
4.051071e+00	1.134300e+02	6.219675e-11	3.549656e-01	3.430037e+01	3.823055e+04
4.058179e+00	1.136290e+02	6.196879e-11	3.549514e-01	3.428133e+01	3.865277e+04
4.065286e+00	1.138280e+02	6.174984e-11	3.549373e-01	3.427385e+01	3.918146e+04
4.072393e+00	1.140270e+02	6.153968e-11	3.549234e-01	3.424403e+01	3.959132e+04
4.079500e+00	1.142260e+02	6.134858e-11	3.549096e-01	3.422477e+01	4.021271e+04
4.086607e+00	1.144250e+02	6.117358e-11	3.548947e-01	3.420815e+01	3.978846e+04
4.093714e+00	1.146240e+02	6.101912e-11	3.548801e-01	3.418843e+01	4.223856e+04
4.100821e+00	1.148230e+02	6.088468e-11	3.548663e-01	3.418164e+01	4.294382e+04
4.107929e+00	1.150220e+02	6.076220e-11	3.548525e-01	3.415642e+01	4.505317e+04
4.115036e+00	1.152210e+02	6.065967e-11	3.548383e-01	3.414000e+01	4.509935e+04
4.122143e+00	1.154200e+02	6.058035e-11	3.548241e-01	3.412529e+01	4.499000e+04
4.129250e+00	1.156190e+02	6.051320e-11	3.548104e-01	3.409032e+01	4.472486e+04
4.136357e+00	1.158180e+02	6.046495e-11	3.547963e-01	3.407072e+01	4.768282e+04
4.143464e+00	1.160170e+02	6.043722e-11	3.547819e-01	3.405538e+01	4.839353e+04
4.150571e+00	1.162160e+02	6.041985e-11	3.547676e-01	3.402920e+01	4.847821e+04
4.157679e+00	1.164150e+02	6.041589e-11	3.547534e-01	3.399920e+01	5.245029e+04
4.164786e+00	1.166140e+02	6.043043e-11	3.547396e-01	3.397804e+01	5.141309e+04
4.171893e+00	1.168130e+02	6.045889e-11	3.547252e-01	3.395677e+01	5.231647e+04
4.179000e+00	1.170120e+02	6.049852e-11	3.547106e-01	3.392576e+01	5.265277e+04
4.186107e+00	1.172110e+02	6.055114e-11	3.546966e-01	3.389711e+01	5.766763e+04
4.193214e+00	1.174100e+02	6.062119e-11	3.546828e-01	3.386609e+01	5.550992e+04
4.200321e+00	1.176090e+02	6.071192e-11	3.546692e-01	3.384664e+01	5.763883e+04
4.207429e+00	1.178080e+02	6.081469e-11	3.546550e-01	3.383209e+01	5.864215e+04
4.214536e+00	1.180070e+02	6.092470e-11	3.546406e-01	3.380034e+01	5.986339e+04
4.221643e+00	1.182060e+02	6.104968e-11	3.546264e-01	3.377177e+01	6.532264e+04
4.228750e+00	1.184050e+02	6.118706e-11	3.546124e-01	3.374250e+01	6.393981e+04
4.235857e+00	1.186040e+02	6.132950e-11	3.545985e-01	3.371703e+01	7.177685e+04
4.242964e+00	1.188030e+02	6.147573e-11	3.545843e-01	3.368443e+01	7.090870e+04
4.250071e+00	1.190020e+02	6.162638e-11	3.545703e-01	3.364921e+01	7.372451e+04
4.257179e+00	1.192010e+02	6.178062e-11	3.545568e-01	3.362369e+01	7.561079e+04
4.264286e+00	1.194000e+02	6.193514e-11	3.545431e-01	3.359524e+01	7.825394e+04
4.271393e+00	1.195990e+02	6.208954e-11	3.545291e-01	3.356868e+01	8.467081e+04
4.278500e+00	1.197980e+02	6.224317e-11	3.545146e-01	3.353493e+01	8.157354e+04
4.285607e+00	1.199970e+02	6.239566e-11	3.544999e-01	3.348728e+01	8.331880e+04
4.292714e+00	1.201960e+02	6.255280e-11	3.544861e-01	3.344390e+01	8.693668e+04
4.299821e+00	1.203950e+02	6.271960e-11	3.544731e-01	3.340715e+01	8.314890e+04
4.306929e+00	1.205940e+02	6.289341e-11	3.544603e-01	3.338514e+01	8.672707e+04
4.314036e+00	1.207930e+02	6.306921e-11	3.544472e-01	3.335675e+01	8.286379e+04
4.321143e+00	1.209920e+02	6.324608e-11	3.544328e-01	3.333189e+01	8.385566e+04
4.328250e+00	1.211910e+02	6.342578e-11	3.544177e-01	3.329079e+01	8.014642e+04
4.335357e+00	1.213900e+02	6.361181e-11	3.544034e-01	3.325205e+01	8.008184e+04
4.342464e+00	1.215890e+02	6.380101e-11	3.543895e-01	3.322121e+01	8.133602e+04
4.349571e+00	1.217880e+02	6.398545e-11	3.543756e-01	3.318354e+01	7.563083e+04
4.356679e+00	1.219870e+02	6.416297e-11	3.543623e-01	3.314613e+01	7.258382e+04
4.363786e+00	1.221860e+02	6.434029e-11	3.543499e-01	3.311385e+01	7.301454e+04
4.370893e+00	1.223850e+02	6.452123e-11	3.543376e-01	3.308575e+01	6.733345e+04
4.378000e+00	1.225840e+02	6.469964e-11	3.543244e-01	3.305997e+01	6.545740e+04
4.385107e+00	1.227830e+02	6.486791e-11	3.543104e-01	3.303358e+01	6.729309e+04
4.392214e+00	1.229820e+02	6.502623e-11	3.542961e-01	3.300287e+01	6.844125e+04
4.399321e+00	1.231810e+02	6.517459e-11	3.542821e-01	3.297047e+01	6.986789e+04
4.406429e+00	1.233800e+02	6.531237e-11	3.542685e-01	3.293824e+01	6.906242e+04
4.413536e+00	1.235790e+02	6.543714e-11	3.542554e-01	3.291022e+01	6.774658e+04
4.420643e+00	1.237780e+02	6.554743e-11	3.542423e-01	3.288470e+01	6.711978e+04
4.427750e+00	1.239770e+02	6.564426e-11	3.542292e-01	3.285460e+01	6.649946e+04
4.434857e+00	1.241760e+02	6.572674e-11	3.542159e-01	3.281962e+01	6.352954e+04
4.441964e+00	1.243750e+02	6.579423e-11	3.542025e-01	3.279125e+01	6.451160e+04
4.449071e+00	1.245740e+02	6.584381e-11	3.541888e-01	3.276699e+01	6.479818e+04
4.456179e+00	1.247730e+02	6.587486e-11	3.541750e-01	3.273779e+01	6.272536e+04
4.463286e+00	1.249720e+02	6.589015e-11	3.541613e-01	3.270652e+01	6.382154e+04
4.470393e+00	1.251710e+02	6.589576e-11	3.541479e-01	3.267884e+01	6.450759e+04
4.477500e+00	1.253700e+02	6.589214e-11	3.541346e-01	3.264926e+01	6.399026e+04
4.484607e+00	1.255690e+02	6.588103e-11	3.541212e-01	3.262036e+01	6.553900e+04
4.491714e+00	1.257680e+02	6.586630e-11	3.541077e-01	3.259494e+01	6.666478e+04
4.498821e+00	1.259670e+02	6.584933e-11	3.540948e-01	3.256458e+01	6.718182e+04
4.505929e+00	1.261660e+02	6.583164e-11	3.540823e-01	3.252946e+01	6.897048e+04
4.513036e+00	1.263650e+02	6.580862e-11	3.540697e-01	3.249685e+01	6.919348e+04
4.520143e+00	1.265640e+02	6.577954e-11	3.540569e-01	3.246964e+01	6.970977e+04
4.527250e+00	1.267630e+02	6.574558e-11	3.540440e-01	3.244296e+01	6.972414e+04
4.534357e+00	1.269620e+02	6.570806e-11	3.540307e-01	3.241371e+01	6.811880e+04
4.541464e+00	1.271610e+02	6.566508e-11	3.540167e-01	3.238720e+01	6.785741e+04
4.548571e+00	1.273600e+02	6.562076e-11	3.540024e-01	3.235538e+01	7.068668e+04
4.555679e+00	1.275590e+02	6.558030e-11	3.539886e-01	3.231711e+01	7.395061e+04
4.562786e+00	1.277580e+02	6.554338e-11	3.539754e-01	3.227693e+01	7.551660e+04
4.569893e+00	1.279570e+02	6.550859e-11	3.539626e-01	3.224122e+01	7.711219e+04
4.577000e+00	1.281560e+02	6.547865e-11	3.539498e-01	3.221898e+01	7.992547e+04
4.584107e+00	1.283550e+02	6.545194e-11	3.539365e-01	3.220255e+01	8.469948e+04
4.591214e+00	1.285540e+02	6.542655e-11	3.539224e-01	3.217405e+01	8.684851e+04
4.598321e+00	1.287530e+02	6.540386e-11	3.539080e-01	3.213180e+01	8.457011e+04
4.605429e+00	1.289520e+02	6.538585e-11	3.538940e-01	3.208988e+01	8.898525e+04
4.612536e+00	1.291510e+02	6.537406e-11	3.538808e-01	3.205247e+01	9.692235e+04
4.619643e+00	1.293500e+02	6.536730e-11	3.538682e-01	3.201504e+01	1.009250e+05
4.626750e+00	1.295490e+02	6.536518e-11	3.538559e-01	3.197464e+01	1.000420e+05
4.633857e+00	1.297480e+02	6.536763e-11	3.538435e-01	3.193420e+01	9.675506e+04
4.640964e+00	1.299470e+02	6.537538e-11	3.538310e-01	3.189852e+01	9.539941e+04
4.648071e+00	1.301460e+02	6.539205e-11	3.538182e-01	3.186703e+01	9.740294e+04
4.655179e+00	1.303450e+02	6.541828e-11	3.538050e-01	3.183817e+01	1.017631e+05
4.662286e+00	1.305440e+02	6.545397e-11	3.537912e-01	3.180768e+01	1.076885e+05
4.669393e+00	1.307430e+02	6.549876e-11	3.537772e-01	3.176863e+01	1.098490e+05
4.676500e+00	1.309420e+02	6.555192e-11	3.537634e-01	3.172025e+01	1.055668e+05
4.683607e+00	1.311410e+02	6.561280e-11	3.537500e-01	3.166999e+01	9.976550e+04
4.690714e+00	1.313400e+02	6.568343e-11	3.537368e-01	3.162514e+01	9.842442e+04
4.697821e+00	1.315390e+02	6.576498e-11	3.537236e-01	3.158557e+01	1.006000e+05
4.704929e+00	1.317380e+02	6.585449e-11	3.537102e-01	3.154985e+01	1.014029e+05
4.712036e+00	1.319370e+02	6.595207e-11	3.536969e-01	3.151878e+01	1.001528e+05
4.719143e+00	1.321360e+02	6.605972e-11	3.536840e-01	3.149159e+01	1.012472e+05
4.726250e+00	1.323350e+02	6.617733e-11	3.536717e-01	3.146137e+01	1.037829e+05
4.733357e+00	1.325340e+02	6.630514e-11	3.536594e-01	3.142345e+01	9.979392e+04
4.740464e+00	1.327330e+02	6.644560e-11	3.536466e-01	3.138335e+01	8.826403e+04
4.747571e+00	1.329320e+02	6.659960e-11	3.536327e-01	3.135312e+01	8.789682e+04
4.754679e+00	1.331310e+02	6.676492e-11	3.536182e-01	3.132823e+01	9.292842e+04
4.761786e+00	1.333300e+02	6.693664e-11	3.536039e-01	3.129308e+01	8.749539e+04
4.768893e+00	1.335290e+02	6.711135e-11	3.535909e-01	3.125130e+01	7.999699e+04
4.776000e+00	1.337280e+02	6.728773e-11	3.535786e-01	3.122314e+01	7.916205e+04
4.783107e+00	1.339270e+02	6.746536e-11	3.535658e-01	3.120372e+01	7.801934e+04
4.790214e+00	1.341260e+02	6.764347e-11	3.535519e-01	3.117337e+01	7.469863e+04
4.797321e+00	1.343250e+02	6.782208e-11	3.535379e-01	3.112781e+01	6.935354e+04
4.804429e+00	1.345240e+02	6.799975e-11	3.535249e-01	3.108246e+01	6.269762e+04
4.811536e+00	1.347230e+02	6.817348e-11	3.535127e-01	3.105887e+01	6.047351e+04
4.818643e+00	1.349220e+02	6.834137e-11	3.535002e-01	3.105022e+01	6.014087e+04
4.825750e+00	1.351210e+02	6.850200e-11	3.534865e-01	3.103282e+01	5.856590e+04
4.832857e+00	1.353200e+02	6.865626e-11	3.534722e-01	3.100625e+01	5.885049e+04
4.839964e+00	1.355190e+02	6.880187e-11	3.534581e-01	3.097941e+01	5.795455e+04
4.847071e+00	1.357180e+02	6.893648e-11	3.534444e-01	3.095498e+01	5.513534e+04
4.854179e+00	1.359170e+02	6.905785e-11	3.534309e-01	3.093241e+01	5.344999e+04
4.861286e+00	1.361160e+02	6.916714e-11	3.534177e-01	3.090916e+01	5.174182e+04
4.868393e+00	1.363150e+02	6.926581e-11	3.534046e-01	3.088648e+01	5.041509e+04
4.875500e+00	1.365140e+02	6.935388e-11	3.533914e-01	3.086503e+01	5.012177e+04
4.882607e+00	1.367130e+02	6.942999e-11	3.533781e-01	3.084363e+01	4.948142e+04
4.889714e+00	1.369120e+02	6.949124e-11	3.533652e-01	3.082283e+01	4.916102e+04
4.896821e+00	1.371110e+02	6.953798e-11	3.533523e-01	3.080544e+01	4.898318e+04
4.903929e+00	1.373100e+02	6.957100e-11	3.533393e-01	3.078951e+01	4.846494e+04
4.911036e+00	1.375090e+02	6.959202e-11	3.533261e-01	3.077140e+01	4.902546e+04
4.918143e+00	1.377080e+02	6.960206e-11	3.533129e-01	3.075201e+01	4.916265e+04
4.925250e+00	1.379070e+02	6.960155e-11	3.532995e-01	3.073236e+01	4.926915e+04
4.932357e+00	1.381060e+02	6.959137e-11	3.532860e-01	3.071205e+01	5.023676e+04
4.939464e+00	1.383050e+02	6.957066e-11	3.532725e-01	3.069066e+01	5.054135e+04
4.946571e+00	1.385040e+02	6.953934e-11	3.532589e-01	3.066905e+01	4.947126e+04
4.953679e+00	1.387030e+02	6.949713e-11	3.532452e-01	3.064951e+01	4.940238e+04
4.960786e+00	1.389020e+02	6.944571e-11	3.532317e-01	3.063166e+01	4.899332e+04
4.967893e+00	1.391010e+02	6.938658e-11	3.532183e-01	3.061798e+01	4.873891e+04
4.975000e+00	1.393000e+02	6.931943e-11	3.532049e-01	3.060898e+01	4.985496e+04
4.982107e+00	1.394990e+02	6.924468e-11	3.531911e-01	3.059808e+01	5.049386e+04
4.989214e+00	1.396980e+02	6.916279e-11	3.531769e-01	3.057943e+01	4.913114e+04
4.996321e+00	1.398970e+02	6.907576e-11	3.531626e-01	3.055437e+01	4.765393e+04
5.003429e+00	1.400960e+02	6.898529e-11	3.531484e-01	3.052847e+01	4.703431e+04
5.010536e+00	1.402950e+02	6.889154e-11	3.531343e-01	3.050555e+01	4.667408e+04
5.017643e+00	1.404940e+02	6.879569e-11	3.531202e-01	3.048655e+01	4.590888e+04
5.024750e+00	1.406930e+02	6.869904e-11	3.531061e-01	3.047097e+01	4.514780e+04
5.031857e+00	1.408920e+02	6.860272e-11	3.530922e-01	3.045839e+01	4.477373e+04
5.038964e+00	1.410910e+02	6.850548e-11	3.530785e-01	3.044515e+01	4.427557e+04
5.046071e+00	1.412900e+02	6.840695e-11	3.530650e-01	3.042797e+01	4.327259e+04
5.053179e+00	1.414890e+02	6.830652e-11	3.530517e-01	3.040976e+01	4.275579e+04
5.060286e+00	1.416880e+02	6.820632e-11	3.530386e-01	3.039443e+01	4.252529e+04
5.067393e+00	1.418870e+02	6.810848e-11	3.530256e-01	3.038111e+01	4.262862e+04
5.074500e+00	1.420860e+02	6.801409e-11	3.530127e-01	3.036565e+01	4.316358e+04
5.081607e+00	1.422850e+02	6.792208e-11	3.529998e-01	3.034534e+01	4.319237e+04
5.088714e+00	1.424840e+02	6.783274e-11	3.529870e-01	3.032401e+01	4.281753e+04
5.095821e+00	1.426830e+02	6.774569e-11	3.529741e-01	3.030685e+01	4.242684e+04
5.102929e+00	1.428820e+02	6.766220e-11	3.529612e-01	3.029572e+01	4.172960e+04
5.110036e+00	1.430810e+02	6.758387e-11	3.529480e-01	3.028646e+01	4.215887e+04
5.117143e+00	1.432800e+02	6.750880e-11	3.529346e-01	3.026730e+01	4.165104e+04
5.124250e+00	1.434790e+02	6.743667e-11	3.529212e-01	3.023954e+01	4.137226e+04
5.131357e+00	1.436780e+02	6.736978e-11	3.529078e-01	3.021728e+01	4.193959e+04
5.138464e+00	1.438770e+02	6.730893e-11	3.528942e-01	3.020656e+01	4.061924e+04
5.145571e+00	1.440760e+02	6.725377e-11	3.528804e-01	3.019872e+01	3.950647e+04
5.152679e+00	1.442750e+02	6.720241e-11	3.528668e-01	3.018263e+01	3.947570e+04
5.159786e+00	1.444740e+02	6.715418e-11	3.528536e-01	3.016230e+01	3.938289e+04
5.166893e+00	1.446730e+02	6.710825e-11	3.528405e-01	3.014412e+01	3.906068e+04
5.174000e+00	1.448720e+02	6.706620e-11	3.528274e-01	3.012669e+01	3.844832e+04
5.181107e+00	1.450710e+02	6.702809e-11	3.528142e-01	3.010888e+01	3.776187e+04
5.188214e+00	1.452700e+02	6.699479e-11	3.528013e-01	3.009296e+01	3.852542e+04
5.195321e+00	1.454690e+02	6.696657e-11	3.527887e-01	3.007816e+01	3.946530e+04
5.202429e+00	1.456680e+02	6.694428e-11	3.527760e-01	3.006270e+01	3.830557e+04
5.209536e+00	1.458670e+02	6.692612e-11	3.527631e-01	3.004573e+01	3.645466e+04
5.216643e+00	1.460660e+02	6.691242e-11	3.527499e-01	3.002890e+01	3.637726e+04
5.223750e+00	1.462650e+02	6.690242e-11	3.527367e-01	3.001429e+01	3.631428e+04
5.230857e+00	1.464640e+02	6.689745e-11	3.527239e-01	3.000208e+01	3.606997e+04
5.237964e+00	1.466630e+02	6.689807e-11	3.527111e-01	2.999022e+01	3.565230e+04
5.245071e+00	1.468620e+02	6.690408e-11	3.526981e-01	2.997677e+01	3.510043e+04
5.252179e+00	1.470610e+02	6.691511e-11	3.526848e-01	2.996052e+01	3.438931e+04
5.259286e+00	1.472600e+02	6.693098e-11	3.526714e-01	2.994247e+01	3.307691e+04
5.266393e+00	1.474590e+02	6.695265e-11	3.526584e-01	2.992574e+01	3.156157e+04
5.273500e+00	1.476580e+02	6.698090e-11	3.526457e-01	2.991123e+01	3.077024e+04
5.280607e+00	1.478570e+02	6.701391e-11	3.526328e-01	2.989722e+01	3.057012e+04
5.287714e+00	1.480560e+02	6.705034e-11	3.526199e-01	2.988360e+01	3.047976e+04
5.294821e+00	1.482550e+02	6.708999e-11	3.526072e-01	2.987152e+01	3.083301e+04
5.301929e+00	1.484540e+02	6.713237e-11	3.525944e-01	2.986031e+01	3.119147e+04
5.309036e+00	1.486530e+02	6.717824e-11	3.525814e-01	2.984823e+01	3.107655e+04
5.316143e+00	1.488520e+02	6.722723e-11	3.525683e-01	2.983477e+01	3.106569e+04
5.323250e+00	1.490510e+02	6.728006e-11	3.525552e-01	2.982089e+01	3.109743e+04
5.330357e+00	1.492500e+02	6.733670e-11	3.525424e-01	2.980688e+01	3.069274e+04
5.337464e+00	1.494490e+02	6.739711e-11	3.525297e-01	2.979269e+01	3.022830e+04
5.344571e+00	1.496480e+02	6.746089e-11	3.525169e-01	2.977953e+01	2.991424e+04
5.351679e+00	1.498470e+02	6.752621e-11	3.525043e-01	2.976795e+01	2.968618e+04
5.358786e+00	1.500460e+02	6.759215e-11	3.524916e-01	2.975656e+01	2.955878e+04
5.365893e+00	1.502450e+02	6.765819e-11	3.524787e-01	2.974441e+01	2.948816e+04
5.373000e+00	1.504440e+02	6.772444e-11	3.524658e-01	2.973150e+01	2.932795e+04
5.380107e+00	1.506430e+02	6.779075e-11	3.524529e-01	2.971861e+01	2.905004e+04
5.387214e+00	1.508420e+02	6.785591e-11	3.524400e-01	2.970608e+01	2.872502e+04
5.394321e+00	1.510410e+02	6.792104e-11	3.524270e-01	2.969348e+01	2.871610e+04
5.401429e+00	1.512400e+02	6.798377e-11	3.524141e-01	2.968078e+01	2.911886e+04
5.408536e+00	1.514390e+02	6.804415e-11	3.524012e-01	2.966794e+01	2.933648e+04
5.415643e+00	1.516380e+02	6.810046e-11	3.523885e-01	2.965501e+01	2.930357e+04
5.422750e+00	1.518370e+02	6.815182e-11	3.523758e-01	2.964213e+01	2.930178e+04
5.429857e+00	1.520360e+02	6.819772e-11	3.523631e-01	2.962920e+01	2.940335e+04
5.436964e+00	1.522350e+02	6.823769e-11	3.523505e-01	2.961670e+01	2.956940e+04
5.444071e+00	1.524340e+02	6.827198e-11	3.523378e-01	2.960503e+01	2.953743e+04
5.451179e+00	1.526330e+02	6.830092e-11	3.523250e-01	2.959320e+01	2.927097e+04
5.458286e+00	1.528320e+02	6.832530e-11	3.523121e-01	2.958051e+01	2.918607e+04
5.465393e+00	1.530310e+02	6.834461e-11	3.522995e-01	2.956750e+01	2.937762e+04
5.472500e+00	1.532300e+02	6.835853e-11	3.522868e-01	2.955423e+01	2.977187e+04
5.479607e+00	1.534290e+02	6.836595e-11	3.522743e-01	2.954036e+01	2.997734e+04
5.486714e+00	1.536280e+02	6.836792e-11	3.522617e-01	2.952641e+01	2.978846e+04
5.493821e+00	1.538270e+02	6.836461e-11	3.522492e-01	2.951255e+01	2.947881e+04
5.500929e+00	1.540260e+02	6.835625e-11	3.522367e-01	2.949872e+01	2.931733e+04
5.508036e+00	1.542250e+02	6.834371e-11	3.522242e-01	2.948512e+01	2.931256e+04
5.515143e+00	1.544240e+02	6.832774e-11	3.522116e-01	2.947211e+01	2.953956e+04
5.522250e+00	1.546230e+02	6.830835e-11	3.521989e-01	2.946014e+01	2.979949e+04
5.529357e+00	1.548220e+02	6.828727e-11	3.521862e-01	2.944825e+01	2.978850e+04
5.536464e+00	1.550210e+02	6.826454e-11	3.521735e-01	2.943547e+01	2.971752e+04
5.543571e+00	1.552200e+02	6.824216e-11	3.521607e-01	2.942208e+01	3.016080e+04
5.550679e+00	1.554190e+02	6.821949e-11	3.521480e-01	2.940851e+01	3.079875e+04
5.557786e+00	1.556180e+02	6.819773e-11	3.521354e-01	2.939446e+01	3.137560e+04
5.564893e+00	1.558170e+02	6.817658e-11	3.521228e-01	2.937984e+01	3.134411e+04
5.572000e+00	1.560160e+02	6.815641e-11	3.521102e-01	2.936512e+01	3.115936e+04
5.579107e+00	1.562150e+02	6.813758e-11	3.520977e-01	2.935058e+01	3.133845e+04
5.586214e+00	1.564140e+02	6.812097e-11	3.520851e-01	2.933640e+01	3.172649e+04
5.593321e+00	1.566130e+02	6.810729e-11	3.520726e-01	2.932308e+01	3.172133e+04
5.600429e+00	1.568120e+02	6.809693e-11	3.520600e-01	2.930991e+01	3.149014e+04
5.607536e+00	1.570110e+02	6.808991e-11	3.520474e-01	2.929607e+01	3.129621e+04
5.614643e+00	1.572100e+02	6.808666e-11	3.520347e-01	2.928143e+01	3.084117e+04
5.621750e+00	1.574090e+02	6.808737e-11	3.520221e-01	2.926636e+01	3.092997e+04
5.628857e+00	1.576080e+02	6.809238e-11	3.520095e-01	2.925145e+01	3.159115e+04
5.635964e+00	1.578070e+02	6.810088e-11	3.519970e-01	2.923594e+01	3.134102e+04
5.643071e+00	1.580060e+02	6.811309e-11	3.519846e-01	2.922044e+01	3.103463e+04
5.650179e+00	1.582050e+02	6.812751e-11	3.519723e-01	2.920633e+01	3.132088e+04
5.657286e+00	1.584040e+02	6.814480e-11	3.519600e-01	2.919339e+01	3.127777e+04
5.664393e+00	1.586030e+02	6.816465e-11	3.519477e-01	2.918033e+01	3.091648e+04
5.671500e+00	1.588020e+02	6.818700e-11	3.519353e-01	2.916644e+01	3.089659e+04
5.678607e+00	1.590010e+02	6.821128e-11	3.519227e-01	2.915201e+01	3.085493e+04
5.685714e+00	1.592000e+02	6.823755e-11	3.519099e-01	2.913784e+01	3.095657e+04
5.692821e+00	1.593990e+02	6.826430e-11	3.518972e-01	2.912438e+01	3.121682e+04
5.699929e+00	1.595980e+02	6.829150e-11	3.518848e-01	2.911092e+01	3.100882e+04
5.707036e+00	1.597970e+02	6.831932e-11	3.518726e-01	2.909645e+01	3.046396e+04
5.714143e+00	1.599960e+02	6.834770e-11	3.518608e-01	2.908186e+01	3.041642e+04
5.721250e+00	1.601950e+02	6.837728e-11	3.518489e-01	2.906845e+01	3.048704e+04
5.728357e+00	1.603940e+02	6.840696e-11	3.518367e-01	2.905531e+01	2.998189e+04
5.735464e+00	1.605930e+02	6.843544e-11	3.518240e-01	2.904177e+01	2.993233e+04
5.742571e+00	1.607920e+02	6.846096e-11	3.518111e-01	2.902771e+01	3.022195e+04
5.749679e+00	1.609910e+02	6.848317e-11	3.517983e-01	2.901338e+01	2.989820e+04
5.756786e+00	1.611900e+02	6.850181e-11	3.517859e-01	2.899936e+01	2.940440e+04
5.763893e+00	1.613890e+02	6.851768e-11	3.517738e-01	2.898558e+01	2.927743e+04
5.771000e+00	1.615880e+02	6.853064e-11	3.517617e-01	2.897199e+01	2.930624e+04
5.778107e+00	1.617870e+02	6.854042e-11	3.517493e-01	2.895899e+01	2.946038e+04
5.785214e+00	1.619860e+02	6.854724e-11	3.517367e-01	2.894666e+01	2.944486e+04
5.792321e+00	1.621850e+02	6.855000e-11	3.517240e-01	2.893419e+01	2.927246e+04
5.799429e+00	1.623840e+02	6.854899e-11	3.517115e-01	2.892083e+01	2.938635e+04
5.806536e+00	1.625830e+02	6.854400e-11	3.516994e-01	2.890672e+01	2.988592e+04
5.813643e+00	1.627820e+02	6.853471e-11	3.516875e-01	2.889247e+01	3.003174e+04
5.820750e+00	1.629810e+02	6.852026e-11	3.516758e-01	2.887903e+01	2.950357e+04
5.827857e+00	1.631800e+02	6.850108e-11	3.516639e-01	2.886683e+01	2.923155e+04
5.834964e+00	1.633790e+02	6.847601e-11	3.516518e-01	2.885481e+01	2.952754e+04
5.842071e+00	1.635780e+02	6.844618e-11	3.516395e-01	2.884196e+01	2.986178e+04
5.849179e+00	1.637770e+02	6.841081e-11	3.516272e-01	2.882882e+01	2.997677e+04
5.856286e+00	1.639760e+02	6.837102e-11	3.516149e-01	2.881622e+01	2.977916e+04
5.863393e+00	1.641750e+02	6.832604e-11	3.516028e-01	2.880421e+01	2.966184e+04
5.870500e+00	1.643740e+02	6.827645e-11	3.515908e-01	2.879225e+01	2.971004e+04
5.877607e+00	1.645730e+02	6.822351e-11	3.515789e-01	2.877949e+01	2.951588e+04
5.884714e+00	1.647720e+02	6.816726e-11	3.515671e-01	2.876575e+01	2.923147e+04
5.891821e+00	1.649710e+02	6.810826e-11	3.515552e-01	2.875171e+01	2.904962e+04
5.898929e+00	1.651700e+02	6.804697e-11	3.515432e-01	2.873812e+01	2.890298e+04
5.906036e+00	1.653690e+02	6.798296e-11	3.515312e-01	2.872538e+01	2.893876e+04
5.913143e+00	1.655680e+02	6.791735e-11	3.515192e-01	2.871300e+01	2.900367e+04
5.920250e+00	1.657670e+02	6.785049e-11	3.515070e-01	2.870013e+01	2.883618e+04
5.927357e+00	1.659660e+02	6.778288e-11	3.514950e-01	2.868660e+01	2.856657e+04
5.934464e+00	1.661650e+02	6.771496e-11	3.514832e-01	2.867328e+01	2.838091e+04
5.941571e+00	1.663640e+02	6.764683e-11	3.514716e-01	2.866063e+01	2.819738e+04
5.948679e+00	1.665630e+02	6.757918e-11	3.514602e-01	2.864875e+01	2.834651e+04
5.955786e+00	1.667620e+02	6.751226e-11	3.514488e-01	2.863795e+01	2.840822e+04
5.962893e+00	1.669610e+02	6.744578e-11	3.514374e-01	2.862683e+01	2.813813e+04
5.970000e+00	1.671600e+02	6.738072e-11	3.514258e-01	2.861397e+01	2.809420e+04
5.977107e+00	1.673590e+02	6.731748e-11	3.514144e-01	2.859990e+01	2.819934e+04
5.984214e+00	1.675580e+02	6.725564e-11	3.514029e-01	2.858601e+01	2.821272e+04
5.991321e+00	1.677570e+02	6.719594e-11	3.513915e-01	2.857284e+01	2.791178e+04
5.998429e+00	1.679560e+02	6.713759e-11	3.513799e-01	2.856038e+01	2.732186e+04
6.005536e+00	1.681550e+02	6.708087e-11	3.513684e-01	2.854837e+01	2.714496e+04
6.012643e+00	1.683540e+02	6.702590e-11	3.513570e-01	2.853596e+01	2.737360e+04
6.019750e+00	1.685530e+02	6.697217e-11	3.513456e-01	2.852342e+01	2.749295e+04
6.026857e+00	1.687520e+02	6.691883e-11	3.513343e-01	2.851186e+01	2.748428e+04
6.033964e+00	1.689510e+02	6.686602e-11	3.513230e-01	2.850100e+01	2.736508e+04
6.041071e+00	1.691500e+02	6.681284e-11	3.513118e-01	2.848946e+01	2.729845e+04
6.048179e+00	1.693490e+02	6.676001e-11	3.513006e-01	2.847684e+01	2.757998e+04
6.055286e+00	1.695480e+02	6.670691e-11	3.512896e-01	2.846375e+01	2.783216e+04
6.062393e+00	1.697470e+02	6.665381e-11	3.512786e-01	2.845065e+01	2.778886e+04
6.069500e+00	1.699460e+02	6.660033e-11	3.512676e-01	2.843800e+01	2.787583e+04
6.076607e+00	1.701450e+02	6.654642e-11	3.512566e-01	2.842572e+01	2.804025e+04
6.083714e+00	1.703440e+02	6.649079e-11	3.512455e-01	2.841353e+01	2.807747e+04
6.090821e+00	1.705430e+02	6.643477e-11	3.512343e-01	2.840150e+01	2.802899e+04
6.097929e+00	1.707420e+02	6.637747e-11	3.512230e-01	2.838964e+01	2.787168e+04
6.105036e+00	1.709410e+02	6.632000e-11	3.512117e-01	2.837783e+01	2.777126e+04
6.112143e+00	1.711400e+02	6.626086e-11	3.512003e-01	2.836604e+01	2.789562e+04
6.119250e+00	1.713390e+02	6.620027e-11	3.511889e-01	2.835423e+01	2.803448e+04
6.126357e+00	1.715380e+02	6.613763e-11	3.511775e-01	2.834224e+01	2.815169e+04
6.133464e+00	1.717370e+02	6.607383e-11	3.511662e-01	2.832980e+01	2.820875e+04
6.140571e+00	1.719360e+02	6.600797e-11	3.511550e-01	2.831697e+01	2.821741e+04
6.147679e+00	1.721350e+02	6.594045e-11	3.511438e-01	2.830416e+01	2.825322e+04
6.154786e+00	1.723340e+02	6.587120e-11	3.511326e-01	2.829127e+01	2.817774e+04
6.161893e+00	1.725330e+02	6.579990e-11	3.511214e-01	2.827800e+01	2.812084e+04
6.169000e+00	1.727320e+02	6.572659e-11	3.511102e-01	2.826454e+01	2.821633e+04
6.176107e+00	1.729310e+02	6.565160e-11	3.510990e-01	2.825115e+01	2.820371e+04
6.183214e+00	1.731300e+02	6.557510e-11	3.510878e-01	2.823816e+01	2.806287e+04
6.190321e+00	1.733290e+02	6.549710e-11	3.510766e-01	2.822559e+01	2.801761e+04
6.197429e+00	1.735280e+02	6.541810e-11	3.510656e-01	2.821297e+01	2.795431e+04
6.204536e+00	1.737270e+02	6.533841e-11	3.510546e-01	2.820012e+01	2.781398e+04
6.211643e+00	1.739260e+02	6.525844e-11	3.510437e-01	2.818732e+01	2.782310e+04
6.218750e+00	1.741250e+02	6.517829e-11	3.510329e-01	2.817456e+01	2.792929e+04
6.225857e+00	1.743240e+02	6.509832e-11	3.510221e-01	2.816171e+01	2.781334e+04
6.232964e+00	1.745230e+02	6.501818e-11	3.510113e-01	2.814883e+01	2.757471e+04
6.240071e+00	1.747220e+02	6.493788e-11	3.510005e-01	2.813590e+01	2.766266e+04
6.247179e+00	1.749210e+02	6.485822e-11	3.509897e-01	2.812287e+01	2.800445e+04
6.254286e+00	1.751200e+02	6.477944e-11	3.509789e-01	2.810982e+01	2.822794e+04
6.261393e+00	1.753190e+02	6.470164e-11	3.509681e-01	2.809691e+01	2.837936e+04
6.268500e+00	1.755180e+02	6.462534e-11	3.509573e-01	2.808419e+01	2.860651e+04
6.275607e+00	1.757170e+02	6.455132e-11	3.509466e-01	2.807159e+01	2.898096e+04
6.282714e+00	1.759160e+02	6.447945e-11	3.509360e-01	2.805882e+01	2.942489e+04
6.289821e+00	1.761150e+02	6.441037e-11	3.509253e-01	2.804555e+01	2.993943e+04
6.296929e+00	1.763140e+02	6.434394e-11	3.509148e-01	2.803209e+01	3.076649e+04
6.304036e+00	1.765130e+02	6.428074e-11	3.509043e-01	2.801881e+01	3.154074e+04
6.311143e+00	1.767120e+02	6.422130e-11	3.508940e-01	2.800554e+01	3.176283e+04
6.318250e+00	1.769110e+02	6.416548e-11	3.508836e-01	2.799232e+01	3.187260e+04
6.325357e+00	1.771100e+02	6.411323e-11	3.508732e-01	2.797913e+01	3.220496e+04
6.332464e+00	1.773090e+02	6.406469e-11	3.508627e-01	2.796573e+01	3.247041e+04
6.339571e+00	1.775080e+02	6.401965e-11	3.508523e-01	2.795227e+01	3.269294e+04
6.346679e+00	1.777070e+02	6.397888e-11	3.508419e-01	2.793931e+01	3.328441e+04
6.353786e+00	1.779060e+02	6.394244e-11	3.508314e-01	2.792687e+01	3.432585e+04
6.360893e+00	1.781050e+02	6.391076e-11	3.508210e-01	2.791471e+01	3.566561e+04
6.368000e+00	1.783040e+02	6.388334e-11	3.508106e-01	2.790287e+01	3.706890e+04
6.375107e+00	1.785030e+02	6.385957e-11	3.508000e-01	2.789089e+01	3.803800e+04
6.382214e+00	1.787020e+02	6.384047e-11	3.507895e-01	2.787827e+01	3.835548e+04
6.389321e+00	1.789010e+02	6.382502e-11	3.507789e-01	2.786506e+01	3.792001e+04
6.396429e+00	1.791000e+02	6.381292e-11	3.507683e-01	2.785141e+01	3.685517e+04
6.403536e+00	1.792990e+02	6.380491e-11	3.507576e-01	2.783763e+01	3.587531e+04
6.410643e+00	1.794980e+02	6.379998e-11	3.507469e-01	2.782416e+01	3.544306e+04
6.417750e+00	1.796970e+02	6.379873e-11	3.507363e-01	2.781114e+01	3.512840e+04
6.424857e+00	1.798960e+02	6.380088e-11	3.507257e-01	2.779797e+01	3.440355e+04
6.431964e+00	1.800950e+02	6.380548e-11	3.507151e-01	2.778411e+01	3.308623e+04
6.439071e+00	1.802940e+02	6.381264e-11	3.507046e-01	2.776998e+01	3.154430e+04
6.446179e+00	1.804930e+02	6.382213e-11	3.506942e-01	2.775608e+01	3.042242e+04
6.453286e+00	1.806920e+02	6.383316e-11	3.506837e-01	2.774254e+01	2.982140e+04
6.460393e+00	1.808910e+02	6.384644e-11	3.506734e-01	2.772956e+01	2.940687e+04
6.467500e+00	1.810900e+02	6.386143e-11	3.506631e-01	2.771747e+01	2.915955e+04
6.474607e+00	1.812890e+02	6.387790e-11	3.506529e-01	2.770574e+01	2.870621e+04
6.481714e+00	1.814880e+02	6.389574e-11	3.506426e-01	2.769407e+01	2.834426e+04
6.488821e+00	1.816870e+02	6.391514e-11	3.506322e-01	2.768279e+01	2.861280e+04
6.495929e+00	1.818860e+02	6.393536e-11	3.506216e-01	2.767145e+01	2.908205e+04
6.503036e+00	1.820850e+02	6.395648e-11	3.506111e-01	2.765969e+01	2.949378e+04
6.510143e+00	1.822840e+02	6.397750e-11	3.506006e-01	2.764763e+01	2.960605e+04
6.517250e+00	1.824830e+02	6.399829e-11	3.505903e-01	2.763532e+01	2.967237e+04
6.524357e+00	1.826820e+02	6.401892e-11	3.505801e-01	2.762294e+01	2.986562e+04
6.531464e+00	1.828810e+02	6.403902e-11	3.505699e-01	2.761099e+01	3.010377e+04
6.538571e+00	1.830800e+02	6.405758e-11	3.505597e-01	2.759946e+01	3.001788e+04
6.545679e+00	1.832790e+02	6.407451e-11	3.505495e-01	2.758806e+01	2.988755e+04
6.552786e+00	1.834780e+02	6.408950e-11	3.505393e-01	2.757675e+01	2.977392e+04
6.559893e+00	1.836770e+02	6.410259e-11	3.505289e-01	2.756554e+01	2.932972e+04
6.567000e+00	1.838760e+02	6.411356e-11	3.505186e-01	2.755456e+01	2.900700e+04
6.574107e+00	1.840750e+02	6.412294e-11	3.505082e-01	2.754345e+01	2.876303e+04
6.581214e+00	1.842740e+02	6.412916e-11	3.504977e-01	2.753195e+01	2.842764e+04
6.588321e+00	1.844730e+02	6.413354e-11	3.504874e-01	2.752003e+01	2.821171e+04
6.595429e+00	1.846720e+02	6.413556e-11	3.504770e-01	2.750750e+01	2.813314e+04
6.602536e+00	1.848710e+02	6.413455e-11	3.504667e-01	2.749477e+01	2.787886e+04
6.609643e+00	1.850700e+02	6.413100e-11	3.504566e-01	2.748209e+01	2.735918e+04
6.616750e+00	1.852690e+02	6.412397e-11	3.504465e-01	2.746983e+01	2.722302e+04
6.623857e+00	1.854680e+02	6.411403e-11	3.504366e-01	2.745808e+01	2.727350e+04
6.630964e+00	1.856670e+02	6.410132e-11	3.504267e-01	2.744679e+01	2.750356e+04
6.638071e+00	1.858660e+02	6.408525e-11	3.504167e-01	2.743584e+01	2.785080e+04
6.645179e+00	1.860650e+02	6.406628e-11	3.504067e-01	2.742458e+01	2.776119e+04
6.652286e+00	1.862640e+02	6.404445e-11	3.503965e-01	2.741314e+01	2.752042e+04
6.659393e+00	1.864630e+02	6.401956e-11	3.503862e-01	2.740182e+01	2.735723e+04
6.666500e+00	1.866620e+02	6.399215e-11	3.503758e-01	2.739030e+01	2.728625e+04
6.673607e+00	1.868610e+02	6.396206e-11	3.503655e-01	2.737841e+01	2.762733e+04
6.680714e+00	1.870600e+02	6.392995e-11	3.503553e-01	2.736594e+01	2.796705e+04
6.687821e+00	1.872590e+02	6.389548e-11	3.503452e-01	2.735294e+01	2.796224e+04
6.694929e+00	1.874580e+02	6.385933e-11	3.503354e-01	2.734027e+01	2.833984e+04
6.702036e+00	1.876570e+02	6.382122e-11	3.503256e-01	2.732844e+01	2.913772e+04
6.709143e+00	1.878560e+02	6.378146e-11	3.503158e-01	2.731698e+01	2.944246e+04
6.716250e+00	1.880550e+02	6.374067e-11	3.503059e-01	2.730545e+01	2.915625e+04
6.723357e+00	1.882540e+02	6.369855e-11	3.502960e-01	2.729375e+01	2.902950e+04
6.730464e+00	1.884530e+02	6.365632e-11	3.502861e-01	2.728200e+01	2.952559e+04
6.737571e+00	1.886520e+02	6.361317e-11	3.502763e-01	2.727040e+01	3.027404e+04
6.744679e+00	1.888510e+02	6.356969e-11	3.502664e-01	2.725861e+01	3.052388e+04
6.751786e+00	1.890500e+02	6.352675e-11	3.502565e-01	2.724619e+01	3.026282e+04
6.758893e+00	1.892490e+02	6.348413e-11	3.502468e-01	2.723337e+01	3.018667e+04
6.766000e+00	1.894480e+02	6.344229e-11	3.502372e-01	2.722066e+01	3.050459e+04
6.773107e+00	1.896470e+02	6.340151e-11	3.502276e-01	2.720815e+01	3.071266e+04
6.780214e+00	1.898460e+02	6.336197e-11	3.502182e-01	2.719570e+01	3.054359e+04
6.787321e+00	1.900450e+02	6.332384e-11	3.502086e-01	2.718337e+01	3.040978e+04
6.794429e+00	1.902440e+02	6.328773e-11	3.501991e-01	2.717135e+01	3.069813e+04
6.801536e+00	1.904430e+02	6.325277e-11	3.501894e-01	2.715949e+01	3.114190e+04
6.808643e+00	1.906420e+02	6.321982e-11	3.501798e-01	2.714745e+01	3.123893e+04
6.815750e+00	1.908410e+02	6.318828e-11	3.501701e-01	2.713509e+01	3.099122e+04
6.822857e+00	1.910400e+02	6.315880e-11	3.501603e-01	2.712264e+01	3.078312e+04
6.829964e+00	1.912390e+02	6.313131e-11	3.501505e-01	2.711016e+01	3.072749e+04
6.837071e+00	1.914380e+02	6.310593e-11	3.501407e-01	2.709746e+01	3.062223e+04
6.844179e+00	1.916370e+02	6.308272e-11	3.501309e-01	2.708437e+01	3.039855e+04
6.851286e+00	1.918360e+02	6.306196e-11	3.501211e-01	2.707118e+01	3.021900e+04
6.858393e+00	1.920350e+02	6.304386e-11	3.501114e-01	2.705840e+01	3.017703e+04
6.865500e+00	1.922340e+02	6.302834e-11	3.501016e-01	2.704626e+01	3.015961e+04
6.872607e+00	1.924330e+02	6.301500e-11	3.500918e-01	2.703453e+01	2.997173e+04
6.879714e+00	1.926320e+02	6.300419e-11	3.500818e-01	2.702274e+01	2.952510e+04
6.886821e+00	1.928310e+02	6.299530e-11	3.500718e-01	2.701063e+01	2.896371e+04
6.893929e+00	1.930300e+02	6.298830e-11	3.500618e-01	2.699831e+01	2.856493e+04
6.901036e+00	1.932290e+02	6.298249e-11	3.500518e-01	2.698600e+01	2.848910e+04
6.908143e+00	1.934280e+02	6.297797e-11	3.500419e-01	2.697384e+01	2.866349e+04
6.915250e+00	1.936270e+02	6.297398e-11	3.500321e-01	2.696184e+01	2.887856e+04
6.922357e+00	1.938260e+02	6.297051e-11	3.500224e-01	2.695000e+01	2.891780e+04
6.929464e+00	1.940250e+02	6.296741e-11	3.500129e-01	2.693832e+01	2.863012e+04
6.936571e+00	1.942240e+02	6.296475e-11	3.500035e-01	2.692676e+01	2.802935e+04
6.943679e+00	1.944230e+02	6.296167e-11	3.499941e-01	2.691536e+01	2.732783e+04
6.950786e+00	1.946220e+02	6.295837e-11	3.499848e-01	2.690417e+01	2.675421e+04
6.957893e+00	1.948210e+02	6.295479e-11	3.499755e-01	2.689321e+01	2.636614e+04
6.965000e+00	1.950200e+02	6.295070e-11	3.499662e-01	2.688248e+01	2.610334e+04
6.972107e+00	1.952190e+02	6.294579e-11	3.499570e-01	2.687201e+01	2.593058e+04
6.979214e+00	1.954180e+02	6.293981e-11	3.499477e-01	2.686180e+01	2.585530e+04
6.986321e+00	1.956170e+02	6.293289e-11	3.499384e-01	2.685176e+01	2.588200e+04
6.993429e+00	1.958160e+02	6.292459e-11	3.499290e-01	2.684177e+01	2.600606e+04
7.000536e+00	1.960150e+02	6.291423e-11	3.499196e-01	2.683174e+01	2.621527e+04
7.007643e+00	1.962140e+02	6.290222e-11	3.499102e-01	2.682171e+01	2.646988e+04
7.014750e+00	1.964130e+02	6.288788e-11	3.499008e-01	2.681176e+01	2.670043e+04
7.021857e+00	1.966120e+02	6.287180e-11	3.498914e-01	2.680200e+01	2.684581e+04
7.028964e+00	1.968110e+02	6.285297e-11	3.498821e-01	2.679244e+01	2.688056e+04
7.036071e+00	1.970100e+02	6.283231e-11	3.498727e-01	2.678305e+01	2.678893e+04
7.043179e+00	1.972090e+02	6.280852e-11	3.498633e-01	2.677375e+01	2.653793e+04
7.050286e+00	1.974080e+02	6.278244e-11	3.498538e-01	2.676447e+01	2.610162e+04
7.057393e+00	1.976070e+02	6.275323e-11	3.498443e-01	2.675518e+01	2.549617e+04
7.064500e+00	1.978060e+02	6.272060e-11	3.498348e-01	2.674591e+01	2.477566e+04
7.071607e+00	1.980050e+02	6.268552e-11	3.498252e-01	2.673670e+01	2.399982e+04
7.078714e+00	1.982040e+02	6.264639e-11	3.498157e-01	2.672765e+01	2.321117e+04
7.085821e+00	1.984030e+02	6.260503e-11	3.498062e-01	2.671881e+01	2.243359e+04
7.092929e+00	1.986020e+02	6.256078e-11	3.497967e-01	2.671018e+01	2.167638e+04
7.100036e+00	1.988010e+02	6.251379e-11	3.497873e-01	2.670174e+01	2.094003e+04
7.107143e+00	1.990000e+02	6.246495e-11	3.497778e-01	2.669345e+01	2.023302e+04
7.114250e+00	1.991990e+02	6.241391e-11	3.497683e-01	2.668534e+01	1.958489e+04
7.121357e+00	1.993980e+02	6.236081e-11	3.497589e-01	2.667735e+01	1.903015e+04
7.128464e+00	1.995970e+02	6.230590e-11	3.497494e-01	2.666948e+01	1.857397e+04
7.135571e+00	1.997960e+02	6.224896e-11	3.497401e-01	2.666175e+01	1.818079e+04
7.142679e+00	1.999950e+02	6.219140e-11	3.497308e-01	2.665422e+01	1.780273e+04
7.149786e+00	2.001940e+02	6.213269e-11	3.497215e-01	2.664693e+01	1.742810e+04
7.156893e+00	2.003930e+02	6.207329e-11	3.497122e-01	2.663986e+01	1.709973e+04
7.164000e+00	2.005920e+02	6.201356e-11	3.497029e-01	2.663298e+01	1.687242e+04
7.171107e+00	2.007910e+02	6.195387e-11	3.496937e-01	2.662622e+01	1.673781e+04
7.178214e+00	2.009900e+02	6.189439e-11	3.496844e-01	2.661950e+01	1.660604e+04
7.185321e+00	2.011890e+02	6.183553e-11	3.496751e-01	2.661275e+01	1.643736e+04
7.192429e+00	2.013880e+02	6.177766e-11	3.496659e-01	2.660602e+01	1.628961e+04
7.199536e+00	2.015870e+02	6.172074e-11	3.496566e-01	2.659926e+01	1.614539e+04
7.206643e+00	2.017860e+02	6.166515e-11	3.496473e-01	2.659238e+01	1.595132e+04
7.213750e+00	2.019850e+02	6.161088e-11	3.496381e-01	2.658546e+01	1.577523e+04
7.220857e+00	2.021840e+02	6.155832e-11	3.496289e-01	2.657865e+01	1.569540e+04
7.227964e+00	2.023830e+02	6.150795e-11	3.496197e-01	2.657203e+01	1.566632e+04
7.235071e+00	2.025820e+02	6.145992e-11	3.496106e-01	2.656559e+01	1.557142e+04
7.242179e+00	2.027810e+02	6.141470e-11	3.496015e-01	2.655923e+01	1.549608e+04
7.249286e+00	2.029800e+02	6.137209e-11	3.495923e-01	2.655301e+01	1.555998e+04
7.256393e+00	2.031790e+02	6.133218e-11	3.495831e-01	2.654687e+01	1.546519e+04
7.263500e+00	2.033780e+02	6.129593e-11	3.495739e-01	2.654073e+01	1.527529e+04
7.270607e+00	2.035770e+02	6.126238e-11	3.495647e-01	2.653446e+01	1.511759e+04
7.277714e+00	2.037760e+02	6.123209e-11	3.495555e-01	2.652801e+01	1.504658e+04
7.284821e+00	2.039750e+02	6.120490e-11	3.495462e-01	2.652168e+01	1.502226e+04
7.291929e+00	2.041740e+02	6.118053e-11	3.495370e-01	2.651558e+01	1.500256e+04
7.299036e+00	2.043730e+02	6.115963e-11	3.495277e-01	2.650956e+01	1.502742e+04
7.306143e+00	2.045720e+02	6.114166e-11	3.495184e-01	2.650339e+01	1.507524e+04
7.313250e+00	2.047710e+02	6.112622e-11	3.495092e-01	2.649696e+01	1.521986e+04
7.320357e+00	2.049700e+02	6.111364e-11	3.495001e-01	2.649059e+01	1.530443e+04
7.327464e+00	2.051690e+02	6.110345e-11	3.494910e-01	2.648428e+01	1.520009e+04
7.334571e+00	2.053680e+02	6.109577e-11	3.494820e-01	2.647775e+01	1.506562e+04
7.341679e+00	2.055670e+02	6.108995e-11	3.494730e-01	2.647135e+01	1.495118e+04
7.348786e+00	2.057660e+02	6.108697e-11	3.494642e-01	2.646527e+01	1.488807e+04
7.355893e+00	2.059650e+02	6.108582e-11	3.494554e-01	2.645933e+01	1.486599e+04
7.363000e+00	2.061640e+02	6.108687e-11	3.494466e-01	2.645356e+01	1.486723e+04
7.370107e+00	2.063630e+02	6.108960e-11	3.494378e-01	2.644794e+01	1.482667e+04
7.377214e+00	2.065620e+02	6.109417e-11	3.494290e-01	2.644227e+01	1.479115e+04
7.384321e+00	2.067610e+02	6.110034e-11	3.494203e-01	2.643647e+01	1.481455e+04
7.391429e+00	2.069600e+02	6.110710e-11	3.494115e-01	2.643073e+01	1.486582e+04
7.398536e+00	2.071590e+02	6.111521e-11	3.494027e-01	2.642497e+01	1.492023e+04
7.405643e+00	2.073580e+02	6.112329e-11	3.493940e-01	2.641902e+01	1.495990e+04
7.412750e+00	2.075570e+02	6.113215e-11	3.493853e-01	2.641308e+01	1.496217e+04
7.419857e+00	2.077560e+02	6.114094e-11	3.493766e-01	2.640720e+01	1.492662e+04
7.426964e+00	2.079550e+02	6.114953e-11	3.493681e-01	2.640135e+01	1.489719e+04
7.434071e+00	2.081540e+02	6.115785e-11	3.493595e-01	2.639562e+01	1.481136e+04
7.441179e+00	2.083530e+02	6.116600e-11	3.493510e-01	2.638993e+01	1.475370e+04
7.448286e+00	2.085520e+02	6.117347e-11	3.493424e-01	2.638422e+01	1.473623e+04
7.455393e+00	2.087510e+02	6.118051e-11	3.493339e-01	2.637854e+01	1.470564e+04
7.462500e+00	2.089500e+02	6.118636e-11	3.493253e-01	2.637279e+01	1.466585e+04
7.469607e+00	2.091490e+02	6.119166e-11	3.493168e-01	2.636709e+01	1.465789e+04
7.476714e+00	2.093480e+02	6.119620e-11	3.493082e-01	2.636151e+01	1.465848e+04
7.483821e+00	2.095470e+02	6.119988e-11	3.492997e-01	2.635580e+01	1.468075e+04
7.490929e+00	2.097460e+02	6.120282e-11	3.492911e-01	2.634993e+01	1.467950e+04
7.498036e+00	2.099450e+02	6.120415e-11	3.492826e-01	2.634420e+01	1.459909e+04
7.505143e+00	2.101440e+02	6.120451e-11	3.492741e-01	2.633871e+01	1.450941e+04
7.512250e+00	2.103430e+02	6.120414e-11	3.492656e-01	2.633338e+01	1.444466e+04
7.519357e+00	2.105420e+02	6.120264e-11	3.492570e-01	2.632801e+01	1.440876e+04
7.526464e+00	2.107410e+02	6.120094e-11	3.492485e-01	2.632237e+01	1.436429e+04
7.533571e+00	2.109400e+02	6.119958e-11	3.492401e-01	2.631652e+01	1.429879e+04
7.540679e+00	2.111390e+02	6.119724e-11	3.492317e-01	2.631072e+01	1.422456e+04
7.547786e+00	2.113380e+02	6.119489e-11	3.492235e-01	2.630521e+01	1.413348e+04
7.554893e+00	2.115370e+02	6.119172e-11	3.492154e-01	2.630010e+01	1.407300e+04
7.562000e+00	2.117360e+02	6.118820e-11	3.492072e-01	2.629508e+01	1.404623e+04
7.569107e+00	2.119350e+02	6.118419e-11	3.491991e-01	2.628980e+01	1.403242e+04
7.576214e+00	2.121340e+02	6.118033e-11	3.491909e-01	2.628448e+01	1.400631e+04
7.583321e+00	2.123330e+02	6.117711e-11	3.491828e-01	2.627919e+01	1.395469e+04
7.590429e+00	2.125320e+02	6.117424e-11	3.491746e-01	2.627381e+01	1.391278e+04
7.597536e+00	2.127310e+02	6.117261e-11	3.491664e-01	2.626840e+01	1.385333e+04
7.604643e+00	2.129300e+02	6.117171e-11	3.491583e-01	2.626303e+01	1.381660e+04
7.611750e+00	2.131290e+02	6.117134e-11	3.491502e-01	2.625788e+01	1.377336e+04
7.618857e+00	2.133280e+02	6.117191e-11	3.491421e-01	2.625287e+01	1.374611e+04
7.625964e+00	2.135270e+02	6.117346e-11	3.491340e-01	2.624799e+01	1.377396e+04
7.633071e+00	2.137260e+02	6.117648e-11	3.491259e-01	2.624299e+01	1.376858e+04
7.640179e+00	2.139250e+02	6.118137e-11	3.491179e-01	2.623757e+01	1.373265e+04
7.647286e+00	2.141240e+02	6.118765e-11	3.491098e-01	2.623202e+01	1.376400e+04
7.654393e+00	2.143230e+02	6.119618e-11	3.491019e-01	2.622680e+01	1.378606e+04
7.661500e+00	2.145220e+02	6.120625e-11	3.490939e-01	2.622173e+01	1.382059e+04
7.668607e+00	2.147210e+02	6.121766e-11	3.490861e-01	2.621650e+01	1.383619e+04
7.675714e+00	2.149200e+02	6.123097e-11	3.490782e-01	2.621127e+01	1.385294e+04
7.682821e+00	2.151190e+02	6.124589e-11	3.490704e-01	2.620609e+01	1.388411e+04
7.689929e+00	2.153180e+02	6.126189e-11	3.490626e-01	2.620096e+01	1.390828e+04
7.697036e+00	2.155170e+02	6.127916e-11	3.490548e-01	2.619592e+01	1.385811e+04
7.704143e+00	2.157160e+02	6.129832e-11	3.490470e-01	2.619092e+01	1.386563e+04
7.711250e+00	2.159150e+02	6.131832e-11	3.490392e-01	2.618571e+01	1.395675e+04
7.718357e+00	2.161140e+02	6.134020e-11	3.490314e-01	2.618036e+01	1.413139e+04
7.725464e+00	2.163130e+02	6.136281e-11	3.490237e-01	2.617493e+01	1.410908e+04
7.732571e+00	2.165120e+02	6.138621e-11	3.490160e-01	2.616965e+01	1.396909e+04
7.739679e+00	2.167110e+02	6.141010e-11	3.490083e-01	2.616473e+01	1.405742e+04
7.746786e+00	2.169100e+02	6.143440e-11	3.490006e-01	2.615984e+01	1.401979e+04
7.753893e+00	2.171090e+02	6.145891e-11	3.489929e-01	2.615488e+01	1.397654e+04
7.761000e+00	2.173080e+02	6.148384e-11	3.489853e-01	2.614969e+01	1.401136e+04
7.768107e+00	2.175070e+02	6.150913e-11	3.489778e-01	2.614434e+01	1.406274e+04
7.775214e+00	2.177060e+02	6.153446e-11	3.489703e-01	2.613919e+01	1.417720e+04
7.782321e+00	2.179050e+02	6.155995e-11	3.489628e-01	2.613424e+01	1.432883e+04
7.789429e+00	2.181040e+02	6.158525e-11	3.489553e-01	2.612916e+01	1.452507e+04
7.796536e+00	2.183030e+02	6.160986e-11	3.489478e-01	2.612390e+01	1.461151e+04
7.803643e+00	2.185020e+02	6.163469e-11	3.489403e-01	2.611851e+01	1.450460e+04
7.810750e+00	2.187010e+02	6.165833e-11	3.489329e-01	2.611327e+01	1.467936e+04
7.817857e+00	2.189000e+02	6.168125e-11	3.489255e-01	2.610819e+01	1.463616e+04
7.824964e+00	2.190990e+02	6.170343e-11	3.489180e-01	2.610330e+01	1.453816e+04
7.832071e+00	2.192980e+02	6.172423e-11	3.489106e-01	2.609844e+01	1.473320e+04
7.839179e+00	2.194970e+02	6.174357e-11	3.489030e-01	2.609321e+01	1.482093e+04
7.846286e+00	2.196960e+02	6.176227e-11	3.488955e-01	2.608774e+01	1.496143e+04
7.853393e+00	2.198950e+02	6.177961e-11	3.488881e-01	2.608205e+01	1.515771e+04
7.860500e+00	2.200940e+02	6.179553e-11	3.488806e-01	2.607630e+01	1.518847e+04
7.867607e+00	2.202930e+02	6.181022e-11	3.488733e-01	2.607090e+01	1.513218e+04
7.874714e+00	2.204920e+02	6.182316e-11	3.488659e-01	2.606598e+01	1.513815e+04
7.881821e+00	2.206910e+02	6.183434e-11	3.488584e-01	2.606111e+01	1.509192e+04
7.888929e+00	2.208900e+02	6.184428e-11	3.488510e-01	2.605600e+01	1.515625e+04
7.896036e+00	2.210890e+02	6.185225e-11	3.488435e-01	2.605088e+01	1.547992e+04
7.903143e+00	2.212880e+02	6.185905e-11	3.488360e-01	2.604560e+01	1.558206e+04
7.910250e+00	2.214870e+02	6.186459e-11	3.488285e-01	2.604006e+01	1.543731e+04
7.917357e+00	2.216860e+02	6.186896e-11	3.488210e-01	2.603459e+01	1.552384e+04
7.924464e+00	2.218850e+02	6.187129e-11	3.488136e-01	2.602924e+01	1.574731e+04
7.931571e+00	2.220840e+02	6.187211e-11	3.488062e-01	2.602388e+01	1.576564e+04
7.938679e+00	2.222830e+02	6.187231e-11	3.487988e-01	2.601853e+01	1.562259e+04
7.945786e+00	2.224820e+02	6.187077e-11	3.487914e-01	2.601325e+01	1.551470e+04
7.952893e+00	2.226810e+02	6.186795e-11	3.487840e-01	2.600803e+01	1.547179e+04
7.960000e+00	2.228800e+02	6.186440e-11	3.487765e-01	2.600278e+01	1.542841e+04
7.967107e+00	2.230790e+02	6.185960e-11	3.487691e-01	2.599743e+01	1.537798e+04
7.974214e+00	2.232780e+02	6.185389e-11	3.487616e-01	2.599198e+01	1.534760e+04
7.981321e+00	2.234770e+02	6.184747e-11	3.487542e-01	2.598650e+01	1.534413e+04
7.988429e+00	2.236760e+02	6.184022e-11	3.487467e-01	2.598108e+01	1.538090e+04
7.995536e+00	2.238750e+02	6.183283e-11	3.487393e-01	2.597576e+01	1.545366e+04
8.002643e+00	2.240740e+02	6.182536e-11	3.487318e-01	2.597051e+01	1.550730e+04
8.009750e+00	2.242730e+02	6.181752e-11	3.487244e-01	2.596525e+01	1.549555e+04
8.016857e+00	2.244720e+02	6.181005e-11	3.487169e-01	2.595996e+01	1.541894e+04
8.023964e+00	2.246710e+02	6.180256e-11	3.487094e-01	2.595460e+01	1.528975e+04
8.031071e+00	2.248700e+02	6.179558e-11	3.487018e-01	2.594914e+01	1.513172e+04
8.038179e+00	2.250690e+02	6.178948e-11	3.486942e-01	2.594359e+01	1.500701e+04
8.045286e+00	2.252680e+02	6.178393e-11	3.486865e-01	2.593797e+01	1.498193e+04
8.052393e+00	2.254670e+02	6.177967e-11	3.486788e-01	2.593230e+01	1.507288e+04
8.059500e+00	2.256660e+02	6.177663e-11	3.486711e-01	2.592660e+01	1.524726e+04
8.066607e+00	2.258650e+02	6.177519e-11	3.486634e-01	2.592089e+01	1.545467e+04
8.073714e+00	2.260640e+02	6.177487e-11	3.486557e-01	2.591521e+01	1.565142e+04
8.080821e+00	2.262630e+02	6.177663e-11	3.486479e-01	2.590958e+01	1.581756e+04
8.087929e+00	2.264620e+02	6.177953e-11	3.486402e-01	2.590400e+01	1.596202e+04
8.095036e+00	2.266610e+02	6.178405e-11	3.486325e-01	2.589846e+01	1.611447e+04
8.102143e+00	2.268600e+02	6.179045e-11	3.486248e-01	2.589293e+01	1.630652e+04
8.109250e+00	2.270590e+02	6.179854e-11	3.486170e-01	2.588740e+01	1.654497e+04
8.116357e+00	2.272580e+02	6.180892e-11	3.486092e-01	2.588183e+01	1.679923e+04
8.123464e+00	2.274570e+02	6.182061e-11	3.486014e-01	2.587618e+01	1.702210e+04
8.130571e+00	2.276560e+02	6.183442e-11	3.485935e-01	2.587043e+01	1.717962e+04
8.137679e+00	2.278550e+02	6.184958e-11	3.485857e-01	2.586456e+01	1.725995e+04
8.144786e+00	2.280540e+02	6.186627e-11	3.485778e-01	2.585859e+01	1.726797e+04
8.151893e+00	2.282530e+02	6.188493e-11	3.485699e-01	2.585253e+01	1.722238e+04
8.159000e+00	2.284520e+02	6.190493e-11	3.485620e-01	2.584644e+01	1.715460e+04
8.166107e+00	2.286510e+02	6.192592e-11	3.485541e-01	2.584039e+01	1.710178e+04
8.173214e+00	2.288500e+02	6.194851e-11	3.485462e-01	2.583440e+01	1.709399e+04
8.180321e+00	2.290490e+02	6.197226e-11	3.485383e-01	2.582848e+01	1.714172e+04
8.187429e+00	2.292480e+02	6.199675e-11	3.485303e-01	2.582260e+01	1.723295e+04
8.194536e+00	2.294470e+02	6.202203e-11	3.485223e-01	2.581669e+01	1.734273e+04
8.201643e+00	2.296460e+02	6.204852e-11	3.485142e-01	2.581070e+01	1.744444e+04
8.208750e+00	2.298450e+02	6.207598e-11	3.485062e-01	2.580462e+01	1.751242e+04
8.215857e+00	2.300440e+02	6.210305e-11	3.484982e-01	2.579849e+01	1.752226e+04
8.222964e+00	2.302430e+02	6.213133e-11	3.484901e-01	2.579233e+01	1.745508e+04
8.230071e+00	2.304420e+02	6.215939e-11	3.484820e-01	2.578619e+01	1.730229e+04
8.237179e+00	2.306410e+02	6.218759e-11	3.484738e-01	2.578007e+01	1.707026e+04
8.244286e+00	2.308400e+02	6.221605e-11	3.484656e-01	2.577394e+01	1.678570e+04
8.251393e+00	2.310390e+02	6.224385e-11	3.484574e-01	2.576780e+01	1.649390e+04
8.258500e+00	2.312380e+02	6.227106e-11	3.484491e-01	2.576167e+01	1.624511e+04
8.265607e+00	2.314370e+02	6.229814e-11	3.484409e-01	2.575560e+01	1.607697e+04
8.272714e+00	2.316360e+02	6.232467e-11	3.484326e-01	2.574967e+01	1.600377e+04
8.279821e+00	2.318350e+02	6.235024e-11	3.484242e-01	2.574391e+01	1.601506e+04
8.286929e+00	2.320340e+02	6.237517e-11	3.484158e-01	2.573832e+01	1.608205e+04
8.294036e+00	2.322330e+02	6.239944e-11	3.484074e-01	2.573286e+01	1.616784e+04
8.301143e+00	2.324320e+02	6.242268e-11	3.483989e-01	2.572745e+01	1.623485e+04
8.308250e+00	2.326310e+02	6.244483e-11	3.483903e-01	2.572204e+01	1.624746e+04
8.315357e+00	2.328300e+02	6.246656e-11	3.483817e-01	2.571657e+01	1.617571e+04
8.322464e+00	2.330290e+02	6.248729e-11	3.483731e-01	2.571099e+01	1.600455e+04
8.329571e+00	2.332280e+02	6.250694e-11	3.483644e-01	2.570531e+01	1.574184e+04
8.336679e+00	2.334270e+02	6.252588e-11	3.483556e-01	2.569956e+01	1.541529e+04
8.343786e+00	2.336260e+02	6.254384e-11	3.483469e-01	2.569379e+01	1.506116e+04
8.350893e+00	2.338250e+02	6.256109e-11	3.483381e-01	2.568806e+01	1.471509e+04
8.358000e+00	2.340240e+02	6.257775e-11	3.483294e-01	2.568244e+01	1.440700e+04
8.365107e+00	2.342230e+02	6.259362e-11	3.483206e-01	2.567695e+01	1.415692e+04
8.372214e+00	2.344220e+02	6.260946e-11	3.483117e-01	2.567160e+01	1.397373e+04
8.379321e+00	2.346210e+02	6.262460e-11	3.483029e-01	2.566637e+01	1.385887e+04
8.386429e+00	2.348200e+02	6.263961e-11	3.482940e-01	2.566123e+01	1.381109e+04
8.393536e+00	2.350190e+02	6.265444e-11	3.482851e-01	2.565615e+01	1.382853e+04
8.400643e+00	2.352180e+02	6.266889e-11	3.482762e-01	2.565112e+01	1.390829e+04
8.407750e+00	2.354170e+02	6.268379e-11	3.482673e-01	2.564612e+01	1.404287e+04
8.414857e+00	2.356160e+02	6.269865e-11	3.482584e-01	2.564113e+01	1.421551e+04
8.421964e+00	2.358150e+02	6.271384e-11	3.482494e-01	2.563618e+01	1.440075e+04
8.429071e+00	2.360140e+02	6.272928e-11	3.482405e-01	2.563125e+01	1.457149e+04
8.436179e+00	2.362130e+02	6.274513e-11	3.482315e-01	2.562637e+01	1.470556e+04
8.443286e+00	2.364120e+02	6.276200e-11	3.482225e-01	2.562152e+01	1.478804e+04
8.450393e+00	2.366110e+02	6.277955e-11	3.482134e-01	2.561668e+01	1.481182e+04
8.457500e+00	2.368100e+02	6.279757e-11	3.482043e-01	2.561186e+01	1.477652e+04
8.464607e+00	2.370090e+02	6.281663e-11	3.481952e-01	2.560705e+01	1.468495e+04
8.471714e+00	2.372080e+02	6.283656e-11	3.481860e-01	2.560227e+01	1.454064e+04
8.478821e+00	2.374070e+02	6.285733e-11	3.481769e-01	2.559751e+01	1.434819e+04
8.485929e+00	2.376060e+02	6.287847e-11	3.481677e-01	2.559279e+01	1.411345e+04
8.493036e+00	2.378050e+02	6.290092e-11	3.481585e-01	2.558808e+01	1.384313e+04
8.500143e+00	2.380040e+02	6.292390e-11	3.481493e-01	2.558341e+01	1.354511e+04
8.507250e+00	2.382030e+02	6.294817e-11	3.481401e-01	2.557882e+01	1.322880e+04
8.514357e+00	2.384020e+02	6.297305e-11	3.481308e-01	2.557431e+01	1.290352e+04
8.521464e+00	2.386010e+02	6.299917e-11	3.481216e-01	2.556985e+01	1.257469e+04
8.528571e+00	2.388000e+02	6.302562e-11	3.481123e-01	2.556543e+01	1.224272e+04
8.535679e+00	2.389990e+02	6.305378e-11	3.481031e-01	2.556103e+01	1.190722e+04
8.542786e+00	2.391980e+02	6.308199e-11	3.480938e-01	2.555665e+01	1.157164e+04
8.549893e+00	2.393970e+02	6.311156e-11	3.480845e-01	2.555229e+01	1.124364e+04
8.557000e+00	2.395960e+02	6.314184e-11	3.480752e-01	2.554798e+01	1.093220e+04
8.564107e+00	2.397950e+02	6.317287e-11	3.480659e-01	2.554373e+01	1.064567e+04
8.571214e+00	2.399940e+02	6.320477e-11	3.480566e-01	2.553955e+01	1.039033e+04
8.578321e+00	2.401930e+02	6.323740e-11	3.480473e-01	2.553547e+01	1.016712e+04
8.585429e+00	2.403920e+02	6.327094e-11	3.480380e-01	2.553149e+01	9.971609e+03
8.592536e+00	2.405910e+02	6.330476e-11	3.480287e-01	2.552761e+01	9.799563e+03
8.599643e+00	2.407900e+02	6.333971e-11	3.480193e-01	2.552376e+01	9.651102e+03
8.606750e+00	2.409890e+02	6.337493e-11	3.480100e-01	2.551994e+01	9.528320e+03
8.613857e+00	2.411880e+02	6.341080e-11	3.480006e-01	2.551611e+01	9.431584e+03
8.620964e+00	2.413870e+02	6.344669e-11	3.479913e-01	2.551226e+01	9.357916e+03
8.628071e+00	2.415860e+02	6.348316e-11	3.479819e-01	2.550844e+01	9.302291e+03
8.635179e+00	2.417850e+02	6.351948e-11	3.479725e-01	2.550465e+01	9.262125e+03
8.642286e+00	2.419840e+02	6.355616e-11	3.479632e-01	2.550094e+01	9.237420e+03
8.649393e+00	2.421830e+02	6.359243e-11	3.479538e-01	2.549729e+01	9.223477e+03
8.656500e+00	2.423820e+02	6.362818e-11	3.479445e-01	2.549366e+01	9.212004e+03
8.663607e+00	2.425810e+02	6.366421e-11	3.479351e-01	2.549005e+01	9.198466e+03
8.670714e+00	2.427800e+02	6.369915e-11	3.479257e-01	2.548645e+01	9.181980e+03
8.677821e+00	2.429790e+02	6.373373e-11	3.479162e-01	2.548287e+01	9.163194e+03
8.684929e+00	2.431780e+02	6.376765e-11	3.479068e-01	2.547929e+01	9.143884e+03
8.692036e+00	2.433770e+02	6.380015e-11	3.478973e-01	2.547569e+01	9.125251e+03
8.699143e+00	2.435760e+02	6.383205e-11	3.478878e-01	2.547204e+01	9.105811e+03
8.706250e+00	2.437750e+02	6.386241e-11	3.478782e-01	2.546832e+01	9.081358e+03
8.713357e+00	2.439740e+02	6.389171e-11	3.478687e-01	2.546457e+01	9.050029e+03
8.720464e+00	2.441730e+02	6.391979e-11	3.478592e-01	2.546081e+01	9.021629e+03
8.727571e+00	2.443720e+02	6.394637e-11	3.478497e-01	2.545706e+01	9.011612e+03
8.734679e+00	2.445710e+02	6.397126e-11	3.478403e-01	2.545336e+01	9.018173e+03
8.741786e+00	2.447700e+02	6.399465e-11	3.478308e-01	2.544972e+01	9.022366e+03
8.748893e+00	2.449690e+02	6.401670e-11	3.478214e-01	2.544614e+01	9.017604e+03
8.756000e+00	2.451680e+02	6.403718e-11	3.478119e-01	2.544263e+01	9.018322e+03
8.763107e+00	2.453670e+02	6.405610e-11	3.478024e-01	2.543917e+01	9.035266e+03
8.770214e+00	2.455660e+02	6.407339e-11	3.477929e-01	2.543569e+01	9.060105e+03
8.777321e+00	2.457650e+02	6.408916e-11	3.477834e-01	2.543210e+01	9.077738e+03
8.784429e+00	2.459640e+02	6.410396e-11	3.477739e-01	2.542836e+01	9.086664e+03
8.791536e+00	2.461630e+02	6.411698e-11	3.477644e-01	2.542453e+01	9.098387e+03
8.798643e+00	2.463620e+02	6.412845e-11	3.477549e-01	2.542068e+01	9.115288e+03
8.805750e+00	2.465610e+02	6.413917e-11	3.477455e-01	2.541689e+01	9.124280e+03
8.812857e+00	2.467600e+02	6.414835e-11	3.477360e-01	2.541322e+01	9.115788e+03
8.819964e+00	2.469590e+02	6.415596e-11	3.477265e-01	2.540965e+01	9.097064e+03
8.827071e+00	2.471580e+02	6.416260e-11	3.477170e-01	2.540616e+01	9.082259e+03
8.834179e+00	2.473570e+02	6.416827e-11	3.477074e-01	2.540268e+01	9.078200e+03
8.841286e+00	2.475560e+02	6.417261e-11	3.476979e-01	2.539915e+01	9.082602e+03
8.848393e+00	2.477550e+02	6.417589e-11	3.476883e-01	2.539556e+01	9.091315e+03
8.855500e+00	2.479540e+02	6.417910e-11	3.476787e-01	2.539195e+01	9.107199e+03
8.862607e+00	2.481530e+02	6.418126e-11	3.476690e-01	2.538834e+01	9.135761e+03
8.869714e+00	2.483520e+02	6.418272e-11	3.476594e-01	2.538473e+01	9.174210e+03
8.876821e+00	2.485510e+02	6.418366e-11	3.476498e-01	2.538110e+01	9.212047e+03
8.883929e+00	2.487500e+02	6.418439e-11	3.476402e-01	2.537741e+01	9.237345e+03
8.891036e+00	2.489490e+02	6.418520e-11	3.476306e-01	2.537363e+01	9.245264e+03
8.898143e+00	2.491480e+02	6.418590e-11	3.476210e-01	2.536975e+01	9.246691e+03
8.905250e+00	2.493470e+02	6.418649e-11	3.476114e-01	2.536584e+01	9.261286e+03
8.912357e+00	2.495460e+02	6.418681e-11	3.476018e-01	2.536196e+01	9.297047e+03
8.919464e+00	2.497450e+02	6.418770e-11	3.475922e-01	2.535814e+01	9.341247e+03
8.926571e+00	2.499440e+02	6.418910e-11	3.475826e-01	2.535436e+01	9.377809e+03
8.933679e+00	2.501430e+02	6.419050e-11	3.475731e-01	2.535059e+01	9.408853e+03
8.940786e+00	2.503420e+02	6.419250e-11	3.475635e-01	2.534681e+01	9.450305e+03
8.947893e+00	2.505410e+02	6.419483e-11	3.475539e-01	2.534303e+01	9.506656e+03
8.955000e+00	2.507400e+02	6.419766e-11	3.475444e-01	2.533924e+01	9.559828e+03
8.962107e+00	2.509390e+02	6.420144e-11	3.475348e-01	2.533544e+01	9.601959e+03
8.969214e+00	2.511380e+02	6.420578e-11	3.475253e-01	2.533166e+01	9.664048e+03
8.976321e+00	2.513370e+02	6.421076e-11	3.475157e-01	2.532795e+01	9.765367e+03
8.983429e+00	2.515360e+02	6.421679e-11	3.475061e-01	2.532428e+01	9.863480e+03
8.990536e+00	2.517350e+02	6.422329e-11	3.474965e-01	2.532063e+01	9.919681e+03
8.997643e+00	2.519340e+02	6.423128e-11	3.474869e-01	2.531701e+01	9.955150e+03
9.004750e+00	2.521330e+02	6.423982e-11	3.474773e-01	2.531339e+01	9.982760e+03
9.011857e+00	2.523320e+02	6.424976e-11	3.474677e-01	2.530972e+01	9.982133e+03
9.018964e+00	2.525310e+02	6.426033e-11	3.474581e-01	2.530597e+01	9.980522e+03
9.026071e+00	2.527300e+02	6.427199e-11	3.474485e-01	2.530219e+01	1.003074e+04
9.033179e+00	2.529290e+02	6.428449e-11	3.474390e-01	2.529838e+01	1.010439e+04
9.040286e+00	2.531280e+02	6.429804e-11	3.474295e-01	2.529447e+01	1.013165e+04
9.047393e+00	2.533270e+02	6.431227e-11	3.474200e-01	2.529051e+01	1.010326e+04
9.054500e+00	2.535260e+02	6.432737e-11	3.474105e-01	2.528656e+01	1.004371e+04
9.061607e+00	2.537250e+02	6.434350e-11	3.474010e-01	2.528265e+01	9.949270e+03
9.068714e+00	2.539240e+02	6.436024e-11	3.473915e-01	2.527874e+01	9.817343e+03
9.075821e+00	2.541230e+02	6.437755e-11	3.473819e-01	2.527483e+01	9.679696e+03
9.082929e+00	2.543220e+02	6.439575e-11	3.473723e-01	2.527090e+01	9.546820e+03
9.090036e+00	2.545210e+02	6.441396e-11	3.473627e-01	2.526699e+01	9.383671e+03
9.097143e+00	2.547200e+02	6.443240e-11	3.473531e-01	2.526312e+01	9.189178e+03
9.104250e+00	2.549190e+02	6.445126e-11	3.473434e-01	2.525933e+01	9.017390e+03
9.111357e+00	2.551180e+02	6.447022e-11	3.473338e-01	2.525565e+01	8.896533e+03
9.118464e+00	2.553170e+02	6.448879e-11	3.473241e-01	2.525207e+01	8.801658e+03
9.125571e+00	2.555160e+02	6.450756e-11	3.473145e-01	2.524857e+01	8.707329e+03
9.132679e+00	2.557150e+02	6.452573e-11	3.473048e-01	2.524514e+01	8.621994e+03
9.139786e+00	2.559140e+02	6.454401e-11	3.472952e-01	2.524175e+01	8.560896e+03
9.146893e+00	2.561130e+02	6.456138e-11	3.472856e-01	2.523838e+01	8.514769e+03
9.154000e+00	2.563120e+02	6.457851e-11	3.472759e-01	2.523501e+01	8.466654e+03
9.161107e+00	2.565110e+02	6.459514e-11	3.472663e-01	2.523163e+01	8.415102e+03
9.168214e+00	2.567100e+02	6.461092e-11	3.472567e-01	2.522823e+01	8.369553e+03
9.175321e+00	2.569090e+02	6.462635e-11	3.472470e-01	2.522482e+01	8.331766e+03
9.182429e+00	2.571080e+02	6.464093e-11	3.472374e-01	2.522139e+01	8.296340e+03
9.189536e+00	2.573070e+02	6.465497e-11	3.472277e-01	2.521797e+01	8.269337e+03
9.196643e+00	2.575060e+02	6.466810e-11	3.472180e-01	2.521458e+01	8.258781e+03
9.203750e+00	2.577050e+02	6.467997e-11	3.472083e-01	2.521120e+01	8.262149e+03
9.210857e+00	2.579040e+02	6.469144e-11	3.471987e-01	2.520783e+01	8.273291e+03
9.217964e+00	2.581030e+02	6.470188e-11	3.471890e-01	2.520448e+01	8.280245e+03
9.225071e+00	2.583020e+02	6.471150e-11	3.471793e-01	2.520115e+01	8.273146e+03
9.232179e+00	2.585010e+02	6.471986e-11	3.471696e-01	2.519783e+01	8.253579e+03
9.239286e+00	2.587000e+02	6.472763e-11	3.471599e-01	2.519452e+01	8.225764e+03
9.246393e+00	2.588990e+02	6.473495e-11	3.471502e-01	2.519121e+01	8.193575e+03
9.253500e+00	2.590980e+02	6.474143e-11	3.471405e-01	2.518790e+01	8.160191e+03
9.260607e+00	2.592970e+02	6.474773e-11	3.471307e-01	2.518461e+01	8.124451e+03
9.267714e+00	2.594960e+02	6.475313e-11	3.471210e-01	2.518135e+01	8.087211e+03
9.274821e+00	2.596950e+02	6.475833e-11	3.471113e-01	2.517809e+01	8.052931e+03
9.281929e+00	2.598940e+02	6.476335e-11	3.471016e-01	2.517485e+01	8.020397e+03
9.289036e+00	2.600930e+02	6.476796e-11	3.470919e-01	2.517162e+01	7.985624e+03
9.296143e+00	2.602920e+02	6.477240e-11	3.470822e-01	2.516838e+01	7.949582e+03
9.303250e+00	2.604910e+02	6.477712e-11	3.470725e-01	2.516515e+01	7.914911e+03
9.310357e+00	2.606900e+02	6.478197e-11	3.470628e-01	2.516192e+01	7.880960e+03
9.317464e+00	2.608890e+02	6.478710e-11	3.470531e-01	2.515870e+01	7.843459e+03
9.324571e+00	2.610880e+02	6.479284e-11	3.470435e-01	2.515549e+01	7.802406e+03
9.331679e+00	2.612870e+02	6.479914e-11	3.470338e-01	2.515227e+01	7.765977e+03
9.338786e+00	2.614860e+02	6.480624e-11	3.470241e-01	2.514907e+01	7.738865e+03
9.345893e+00	2.616850e+02	6.481389e-11	3.470144e-01	2.514588e+01	7.719929e+03
9.353000e+00	2.618840e+02	6.482279e-11	3.470047e-01	2.514272e+01	7.709992e+03
9.360107e+00	2.620830e+02	6.483268e-11	3.469950e-01	2.513956e+01	7.708201e+03
9.367214e+00	2.622820e+02	6.484303e-11	3.469852e-01	2.513641e+01	7.709895e+03
9.374321e+00	2.624810e+02	6.485538e-11	3.469755e-01	2.513325e+01	7.712403e+03
9.381429e+00	2.626800e+02	6.486838e-11	3.469658e-01	2.513010e+01	7.716095e+03
9.388536e+00	2.628790e+02	6.488293e-11	3.469560e-01	2.512694e+01	7.722227e+03
9.395643e+00	2.630780e+02	6.489902e-11	3.469463e-01	2.512380e+01	7.731007e+03
9.402750e+00	2.632770e+02	6.491665e-11	3.469365e-01	2.512064e+01	7.741072e+03
9.409857e+00	2.634760e+02	6.493575e-11	3.469268e-01	2.511747e+01	7.752671e+03
9.416964e+00	2.636750e+02	6.495621e-11	3.469170e-01	2.511430e+01	7.767093e+03
9.424071e+00	2.638740e+02	6.497871e-11	3.469073e-01	2.511114e+01	7.783285e+03
9.431179e+00	2.640730e+02	6.500257e-11	3.468975e-01	2.510799e+01	7.799431e+03
9.438286e+00	2.642720e+02	6.502789e-11	3.468877e-01	2.510483e+01	7.813315e+03
9.445393e+00	2.644710e+02	6.505489e-11	3.468780e-01	2.510167e+01	7.821002e+03
9.452500e+00	2.646700e+02	6.508340e-11	3.468682e-01	2.509848e+01	7.820354e+03
9.459607e+00	2.648690e+02	6.511333e-11	3.468584e-01	2.509527e+01	7.813684e+03
9.466714e+00	2.650680e+02	6.514463e-11	3.468487e-01	2.509203e+01	7.804423e+03
9.473821e+00	2.652670e+02	6.517737e-11	3.468389e-01	2.508878e+01	7.794443e+03
9.480929e+00	2.654660e+02	6.521145e-11	3.468291e-01	2.508553e+01	7.785276e+03
9.488036e+00	2.656650e+02	6.524649e-11	3.468193e-01	2.508231e+01	7.778703e+03
9.495143e+00	2.658640e+02	6.528256e-11	3.468095e-01	2.507913e+01	7.775286e+03
9.502250e+00	2.660630e+02	6.531948e-11	3.467997e-01	2.507598e+01	7.774527e+03
9.509357e+00	2.662620e+02	6.535771e-11	3.467899e-01	2.507286e+01	7.776656e+03
9.516464e+00	2.664610e+02	6.539621e-11	3.467801e-01	2.506975e+01	7.782719e+03
9.523571e+00	2.666600e+02	6.543556e-11	3.467702e-01	2.506665e+01	7.794003e+03
9.530679e+00	2.668590e+02	6.547537e-11	3.467604e-01	2.506355e+01	7.812604e+03
9.537786e+00	2.670580e+02	6.551540e-11	3.467505e-01	2.506045e+01	7.841283e+03
9.544893e+00	2.672570e+02	6.555575e-11	3.467407e-01	2.505736e+01	7.881586e+03
9.552000e+00	2.674560e+02	6.559597e-11	3.467308e-01	2.505427e+01	7.931487e+03
9.559107e+00	2.676550e+02	6.563645e-11	3.467210e-01	2.505117e+01	7.983849e+03
9.566214e+00	2.678540e+02	6.567697e-11	3.467112e-01	2.504807e+01	8.027666e+03
9.573321e+00	2.680530e+02	6.571716e-11	3.467014e-01	2.504494e+01	8.053605e+03
9.580429e+00	2.682520e+02	6.575715e-11	3.466917e-01	2.504180e+01	8.061343e+03
9.587536e+00	2.684510e+02	6.579658e-11	3.466819e-01	2.503863e+01	8.061715e+03
9.594643e+00	2.686500e+02	6.583626e-11	3.466721e-01	2.503545e+01	8.070116e+03
9.601750e+00	2.688490e+02	6.587435e-11	3.466623e-01	2.503226e+01	8.095310e+03
9.608857e+00	2.690480e+02	6.591240e-11	3.466525e-01	2.502907e+01	8.132670e+03
9.615964e+00	2.692470e+02	6.595017e-11	3.466427e-01	2.502589e+01	8.169710e+03
9.623071e+00	2.694460e+02	6.598712e-11	3.466328e-01	2.502272e+01	8.198746e+03
9.630179e+00	2.696450e+02	6.602334e-11	3.466230e-01	2.501958e+01	8.222673e+03
