# vtk DataFile Version 2.0
Unstructured Grid
ASCII
DATASET UNSTRUCTURED_GRID
POINTS 3344 double
-0.34327143752880446 0.19327214496990511 0.81389259186236473
-0.38886800326359905 0.23766262710014052 0.75207491837250451
-0.34859841729579766 0.17799897437042259 0.7414870888658851
-0.40306923354129875 0.18545459666167338 0.77970683617628478
0.16287960112094879 0.35965049266815186 1.0645749568939209
0.18638594448566437 0.34901911020278931 1.0908069610595703
0.12777805328369141 0.34120181202888489 1.1003884077072144
0.17721303686680923 0.33231572924438768 1.0684409194985245
-0.3823152482509613 0.040810678154230118 0.66534578800201416
-0.38439726829528809 0.051050208508968353 0.6965712308883667
-0.37368297576904297 0.011527068912982941 0.69902026653289795
-0.34666562732784328 0.032963218313113093 0.69619364570790909
-0.022245999425649643 0.024623658508062363 1.2576049566268921
-0.040958620607852936 0.055741600692272186 1.2568711042404175
-0.020839176365178246 0.082573069596729082 1.2599679375087449
0.0085146115562264695 0.031396066300085186 1.2243394561363088
0.062496285689057879 0.2728225567638054 0.66908087134211913
0.11856933468295741 0.29785266860408904 0.69503022025463079
0.13595054527871603 0.25000304108957772 0.70403786330578755
0.12957196379385263 0.27380778794243643 0.65811350622529441
0.17127947509288788 0.1870729923248291 0.66342401504516602
0.17826485633850098 0.15486116707324982 0.64368045330047607
0.18958234786987305 0.16425041854381561 0.69261860847473145
0.14605843897554249 0.18679486319637473 0.69090212464401213
0.19590833783149719 0.17983625829219818 0.54959976673126221
0.19523350894451141 0.15330126881599426 0.56942754983901978
0.17712178826332092 0.18673449754714966 0.59470081329345703
0.15565230869344993 0.17932088211681263 0.54986726580974321
-0.15196698436280645 0.62828409774784588 0.8630758970171567
-0.11019542813301086 0.65795242786407471 0.83051896095275879
-0.12229457412590244 0.66005004963372216 0.88081953590928608
-0.10071546542257449 0.61828022194455656 0.83706252038757956
-0.06703301017077723 -0.047190679607919915 0.42187551110854921
-0.080160206933911515 0.0083395732155843536 0.40038554765077233
-0.10383201608491417 -0.019400694437115822 0.43883153926981272
-0.044344429172349549 -0.026030759553573996 0.46319017431625731
-0.087301770486527375 0.18140674496304457 0.97401328671536891
-0.062747400193637018 0.060796568104877352 0.94046445875743989
-0.0017775183604323637 0.17592917845452408 0.88257151719353666
0.0040729765772524037 0.14011951108468537 1.004207769078036
0.46279237568859455 0.10754052601761373 1.0418385493681253
0.45270662880168644 0.13824459104378095 1.0368804264282561
0.42512323579122263 0.11383015289572508 1.0088486351998043
0.41681191860349176 0.11576979926396826 1.0612752302250148
-0.25543780131524613 0.5337587723800471 0.79613131945375482
-0.23222320145399269 0.49725673006312804 0.75980039577227898
-0.23162561655044556 0.54709398746490479 0.74821960926055908
-0.20589039595158659 0.53324786809448155 0.76890898235404248
0.13017359375953674 0.015620090067386627 -0.42079624533653259
0.085750602185726166 0.014649923890829086 -0.43309339880943298
0.11409232765436172 -0.059574935585260391 -0.46717873215675354
0.10057307985810639 -0.029561785516744085 -0.40405690753504192
-0.3424224853515625 0.20125666260719299 0.66632378101348877
-0.36750641465187073 0.20911720395088196 0.68703728914260864
-0.35929504036903381 0.17713044583797455 0.69383901357650757
-0.35796250478516967 0.20330168024718839 0.71793650340702841
0.19320201873779297 0.029767032712697983 -0.13268932700157166
0.1506378327215884 0.018178492848010024 -0.10322360603295716
0.16737435758113861 0.044345278292894363 -0.11748886108398438
0.18990300595760345 -0.0024015458766371012 -0.13147599995136261
0.010102585219776469 0.21361699658722103 0.44586680179208615
-0.0085946638137102127 0.23353509604930878 0.40913653373718262
-0.023776721513103029 0.17361090833372189 0.40049230136277503
-0.043976725092306726 0.21980207952753025 0.43740367094725424
-0.2409711629152298 0.078290112316608429 1.0836077928543091
-0.2138870737752018 0.063054138468597032 1.0088636097004444
-0.22398682858912156 0.11482440057343357 1.058259650462511
-0.22870317101478577 0.045523706823587418 1.0697125196456909
-0.4085618257522583 0.070490017533302307 0.96605783700942993
-0.38211965560913086 0.087543651461601257 0.98978906869888306
-0.39124995470046997 0.037333764135837555 0.96159791946411133
-0.35298254316233091 0.060601110987751582 0.9575067927048283
0.39860586969907591 0.037814287352853027 0.84576926289378229
0.4169443378506219 -0.018094598387257424 0.88847923898939229
0.40837782917139009 0.039787738864627158 0.9072587249463312
0.3670101285482974 0.012146327572104928 0.89084068959538676
0.087309844791889191 -0.083556734025478363 1.062590479850769
0.036001112312078476 -0.072613656520843506 1.0860321521759033
0.069943152368068695 -0.074087299406528473 1.1079721450805664
0.066973975325936366 -0.041621190777114452 1.0723798356697003
0.25966639948398623 -0.034027458377217899 0.86617570608859329
0.27765679359436035 -0.086402349174022675 0.87834995985031128
0.24428215622901917 -0.09337838739156723 0.90103846788406372
0.22783778607845306 -0.081385344266891479 0.87394332885742188
0.083856210112571716 -0.087823808193206787 0.48157760500907898
0.057699345052242279 -0.10344833135604858 0.50669568777084351
0.10286558419466019 -0.058384183794260025 0.50914037227630615
0.04993618787123421 -0.071828557034255294 0.49022966715224403
0.16074758768081665 0.37474998831748962 0.84618628025054932
0.19362138211727142 0.34982860088348389 0.8635590672492981
0.18334321677684784 0.37606871128082275 0.89612096548080444
0.1534147304284105 0.35314498559789187 0.88967149028204751
-0.51972073316574097 0.36943840980529785 0.8740999698638916
-0.53700935840606689 0.36514109373092651 0.8188135027885437
-0.53824245929718018 0.34583652019500732 0.85084825754165649
-0.51898914575576782 0.39775589108467102 0.85715746879577637
0.19612593948841095 -0.014360576868057251 -0.32432353496551514
0.1933055967092514 0.0020753860007971525 -0.38274210691452026
0.19692857563495636 -0.023229494690895081 -0.36653980612754822
0.18473148345947266 0.023331969976425171 -0.34505915641784668
0.59135937690734863 0.066342130303382874 1.3625586032867432
0.53794318437576294 0.084183201193809509 1.3650493621826172
0.60598981380462646 0.097220964729785919 1.3695944547653198
0.54758366483502841 0.1115412255450761 1.3377235590951095
-0.42853766679763794 0.10241842269897461 0.9516606330871582
-0.3694321025190766 0.11701580304673075 0.94015337981218161
-0.38413559803942338 0.063416081673083491 0.90874073770697605
0.38061812520027161 -0.011963963508605957 0.75583070516586304
0.40281975269317627 -0.022038031369447708 0.77609539031982422
0.40041247010231018 0.011364366859197617 0.76467859745025635
0.37905647843836665 -0.0020921561088279332 0.80023223226795248
-0.19136474833177036 0.024210450786374745 0.50158041314967228
-0.11126022733551148 0.033838758317757248 0.51539903696572209
-0.14613197127621178 0.0028470238195304645 0.45957569426233968
-0.16282829461770759 0.061919284127948962 0.45814051916224646
0.32652750878363568 0.022984074965193491 0.84340035140817371
0.3576144877286821 0.053522515972871026 0.81136602239044875
0.27936625480651855 0.19252106547355652 0.86155325174331665
0.26594559099220905 0.15631574115034674 0.91109625057708588
0.23296936033756158 0.19048880165822965 0.87270012772851457
0.27519190639916213 0.14585315270894758 0.858295184650403
0.080145904955465891 0.045892992150281676 0.61570273114208551
0.070410910050460948 0.12484811983252483 0.63466837461772529
0.10048145369416946 0.082273558096994076 0.55902713651458713
0.029317454658974517 0.083263312902356418 0.56184715873724822
-0.24940754473209381 0.046972181648015976 0.45097565650939941
-0.21732618302963119 0.074532146552103454 0.46816728490543097
-0.23487172252189109 0.042682539708241499 0.49727196800377038
-0.19908787546250856 0.033429363168807361 0.4514385296592221
0.67417901754379272 0.10024793446063995 1.2642189264297485
0.66003104019426795 0.13503451228886021 1.3058281709252784
0.63780765048112553 0.11115811695650275 1.2918718238418594
0.67877680063247681 0.10794678330421448 1.2960199117660522
-0.11845840513706207 0.31801024079322815 0.94129163026809692
-0.14229579269886017 0.32561346888542175 0.92746317386627197
-0.11023782938718796 0.35026717185974121 0.93103080987930298
-0.095019968850716327 0.32142747646473169 0.91750246222147136
-0.1107758129104873 0.21975692029581423 1.0053300434124472
-0.073177731557238196 0.17360062354369896 1.0538648315445431
-0.04545089087802328 0.21703814221227535 1.0350580103745128
-0.095972448587417603 0.24349343776702881 1.0424131155014038
-0.2303077536858768 0.020018072410289516 0.56700415338273424
-0.28456396457298561 0.054312980651111668 0.59210314752677662
-0.27866893608476101 0.046942401434076124 0.53785904130503093
-0.28156066558920007 0.0055354595495582179 0.56645014601385801
-0.52896976470947266 0.31541180610656738 0.85966300964355469
-0.52027499675750732 0.33593460917472839 0.88395649194717407
-0.50974208116531372 0.30156561732292175 0.88566064834594727
-0.49180307724411676 0.33261523450588776 0.85392216569380863
0.24948386637718864 -0.0061217887651287559 1.2260010920311624
0.28740822819170292 0.012434512470086066 1.1681952813831458
0.23077712726373384 -0.033043423998292347 1.1846826748083084
0.20516986504475621 0.033730585580793726 1.2051496928177665
-0.21732993423938751 -0.089467227458953857 0.73934024572372437
-0.1832907497882843 -0.10217085480690002 0.69697535037994385
-0.17600416955435888 -0.04083381487483894 0.72863969020402786
-0.19946864327736266 -0.05806315049388814 0.75164555574042169
0.12055706977844238 0.11354528367519379 0.2087608128786087
0.084409564733505249 0.089458443224430084 0.17009253799915314
0.10230522133222125 0.072163101952176886 0.21401813008171924
0.074690401554107666 0.10593819618225098 0.20099985599517822
0.11140032699738173 -0.020418103698842845 1.1245612976942869
0.048902991414169032 -0.035958054343421551 1.1133500953635926
0.071180481921429201 -0.033665601982473384 1.1561542108950655
0.061762046038489206 0.015090055549179349 1.1197691317429057
-0.14952085287496081 0.26845352590947902 0.62580024558996616
-0.21391421904873956 0.29291269975875778 0.6776748395019192
-0.21359237055055047 0.23945534851723069 0.60548766784794672
-0.1973464206366522 0.21186795303652578 0.67477319887052478
-0.12347623705863953 0.46762433648109436 0.69115316867828369
-0.14155533909797668 0.49600058794021606 0.70701414346694946
-0.15952959656715393 0.45930558443069458 0.68488311767578125
-0.13404627910126099 0.46627726937482827 0.7239403011839991
-0.16638282955791495 0.12498119542648686 0.95577339482798174
-0.14883479732351204 0.21463017575850279 0.94751129389169697
-0.21051414152238099 0.18228968261646078 0.97492520033002683
-0.16133805778130533 0.19455978480736152 0.98848536002878062
0.10259028524160385 -0.053146295249462128 0.54278242588043213
0.065185517072677612 -0.088950097560882568 0.54230493307113647
0.049891540580236822 -0.060650024725270077 0.54151892025766246
0.1295507550239563 0.097148053348064423 1.3646568059921265
0.076826803386211395 0.067071229219436646 1.3568806648254395
0.099645167589187622 0.11277216672897339 1.3687281608581543
0.10313243459923871 0.092213807251562335 1.332611848328249
0.20818515987413574 0.016391220003394977 0.67712560912755593
0.16875512248381386 0.03251667673265457 0.63836140781863748
0.22176433722800942 0.039593153725696641 0.65157002924637031
0.18098410964012146 -0.007664811797440052 0.64969229698181152
-0.12134936451911926 -0.10091511905193329 0.59610772132873535
-0.096969813108444214 -0.10478267818689346 0.57624721527099609
-0.10201705448630972 -0.06980066790604178 0.57061951656226895
-0.077046912999774592 -0.084883230943628624 0.59706304163983714
0.32740959525108337 -0.080707371234893799 0.90509963035583496
0.33210914163477767 -0.034865612329453413 0.86619699398602712
0.32388222217559814 -0.072954952716827393 0.86578649282455444
0.29402077116421865 -0.05703115872830946 0.88714895856223597
0.1717422753572464 0.057193230837583542 1.3674416542053223
0.13879585266113281 0.053747899830341339 1.3631199598312378
0.15646856043686694 0.082143011781727143 1.3319277621166088
0.18005264308626309 0.039737084115790654 1.3417432783565015
-0.020626943558454514 0.70958870649337769 0.9472002387046814
-0.014075934886932373 0.67921358346939087 0.9695669412612915
-0.039731245487928391 0.71766990423202515 0.96467167139053345
-0.059497296309061587 0.68796634006969981 0.95802903772923487
0.025032173912446325 -0.0039426500296149223 0.8612578677897722
0.11132236211017829 -0.016711307512032286 0.85444378859778058
0.098354380452015652 0.027545956870071081 0.79307383568587542
0.10449463888371195 0.08019252128034178 0.91495946018603069
0.17908374965190887 -0.084273017942905426 0.90623271465301514
0.20915667712688446 -0.094169490039348602 0.94161117076873779
0.22324653895494684 -0.038946117544452034 0.91603848752542805
0.16769026842162921 -0.056706869156174476 0.95794953957172091
0.025158965960144997 0.20216061174869537 0.3627353310585022
-0.0068864030763506889 0.19217453896999359 0.35053077340126038
0.0049804137088358402 0.17461478710174561 0.31986066699028015
0.02247332067165347 0.15235819432316638 0.36321437199828371
0.13863480687269386 -0.005721583632570435 0.26643619822547437
0.17018612808727596 0.047819220492459596 0.3011924268843239
0.078182628068017873 0.050206253096359531 0.28006222298687683
0.13044837095721168 0.0089441716242988287 0.32313810153872752
0.24876837432384491 -0.036291502416133881 0.76945388317108154
0.27989134192466736 -0.0352151058614254 0.76158183813095093
0.28473338484764099 -0.021448640152812004 0.73263555765151978
0.25425219662774434 0.008706801355523602 0.74384049526646778
-0.35520809888839722 0.48850461840629578 0.90287715196609497
-0.32102316902256639 0.49993136562994495 0.86722895255001542
-0.37230691313743591 0.50243306159973145 0.87054574489593506
-0.33934113383293152 0.51707381010055542 0.88323158025741577
0.13741284608840942 0.17357750236988068 1.3412133455276489
0.13930953974915242 0.12698346340275307 1.3136534712695247
0.15536412150884554 0.19030079184063281 1.289774105383052
0.18286378673702855 0.13576477022105657 1.3184501516352378
-0.42280438542366028 0.45484128594398499 0.89518308639526367
-0.43575581908226013 0.42560189962387085 0.91054844856262207
-0.45284375548362732 0.44620636105537415 0.87647783756256104
-0.42690919673442496 0.42373731187369523 0.84627237331855465
0.55373227596282959 0.045412797480821609 0.94075500965118408
0.57157105207443237 0.025449799373745918 0.97392499446868896
0.56558579206466675 0.062019411474466324 0.97401988506317139
0.52408630033134929 0.032247026427518456 0.96930823168015523
0.37815617816669717 0.23671242543111337 1.2229979625624412
0.40222755074501038 0.27726584672927856 1.1618292331695557
0.41179067602181818 0.22979895884931181 1.1592850759951112
0.3634869308867702 0.25294301767509836 1.1587526956763046
0.15238849818706512 0.3792346715927124 0.80164533853530884
0.12247405201196671 0.43383443355560303 0.82148104906082153
0.13231098651885986 0.41468390822410583 0.7840043306350708
0.10331625659667155 0.38282558221930785 0.81601078369626123
-0.011998759696765109 0.28443538596143692 0.86519094005218677
0.1087286262279905 0.25362984994061966 0.84163086303468848
0.020511293234846864 0.2267413412316106 0.80050672391072142
0.055357918212262699 0.32285471382000824 0.86320025149927249
-0.22393126785755157 0.14182683825492859 1.0985331535339355
-0.2382640540599823 0.10757110267877579 1.097756028175354
-0.25184133648872375 0.14727647602558136 1.0634893178939819
-0.21920635860443138 0.024336398766941741 0.7885563411843306
-0.2292973705531581 -0.04501188674791308 0.82870472372970672
-0.25268150129159783 -0.027288478471781265 0.77121271877243125
-0.17295167806999565 -0.045811258964723697 0.80660241119515275
-0.28558411991034099 0.11572904678056022 0.54021499203583001
-0.28767096996307373 0.13057053089141846 0.48204126954078674
-0.25870735944283341 0.1356230381239053 0.50879221087855853
-0.301200270652771 0.10053099691867828 0.48642125725746155
0.14813148975372314 0.026789085939526558 -0.33121752738952637
0.16714069247245789 0.019886476919054985 -0.37551423907279968
0.15133066630180969 -0.021290482637709281 -0.359213948391432
0.18506826460361481 -0.074497275054454803 1.1241048574447632
0.18396748602390289 -0.077955693006515503 1.0864171981811523
0.16278449324156388 -0.042931410040605834 1.0897286310599696
0.21848771653470059 -0.03641576154838129 1.0815284989702263
0.3060690086950959 -0.027266643644872694 1.3088896279946107
0.33687025308609009 -0.047194499522447586 1.3259193897247314
0.34177188429089372 -0.042753918890325766 1.2858116425193107
0.33715685376701665 -0.011528010690698641 1.3303732661454271
0.00059709144989028573 -0.10454991459846497 0.83397555351257324
-0.014911439146164591 -0.06376974743663695 0.81769689839864323
0.051809661090373993 -0.070184305310249329 0.83551883697509766
0.0086631756275892258 -0.095984943211078644 0.79326963424682617
-0.025297956541180611 0.040060337632894516 0.25721642374992371
-0.047795716673135757 0.056254491209983826 0.27848365902900696
-0.022417194111502416 0.042067013776444888 0.30026001490912746
-0.0053309590596150591 0.084633308123447715 0.27978483367013618
-0.089384078979492188 0.61903196573257446 0.79206079244613647
-0.043016914278268814 0.64492082595825195 0.81725591421127319
-0.080156572163105011 0.65104931592941284 0.82325035333633423
-0.075422998445031739 0.59743967412563037 0.81677577055209027
-0.40364993000965155 0.23919960820524253 0.82901458304711551
-0.43674585062774102 0.19712928255519094 0.87055857188123031
-0.3866695052756125 0.19294873585021424 0.87278230015399128
-0.41527543633432501 0.24426801857340563 0.87585444464595963
-0.032581429928541183 -0.033021930605173111 0.32981973886489868
0.0057677603326737881 -0.049762841314077377 0.31702226400375366
0.0082250731065869331 -0.069351419806480408 0.35013827681541443
-0.030473681166768074 -0.06642160564661026 0.36885830760002136
0.35374954095918515 0.067730040122893576 1.0981348462924032
0.38387630645650239 0.10341544907552576 1.1676406441996776
0.34509052724562417 0.027795801100675536 1.1971491737433941
0.42061100792767064 0.032316641378195413 1.1492896091262019
-0.051845543086528778 0.32874208688735962 0.97386187314987183
-0.066910393536090851 0.29524809122085571 0.98907387256622314
-0.064175705377453929 0.28520452116139217 0.95386708652996532
-0.010228450188965905 0.29384032027069751 0.97887759375533578
-0.17732049524784088 -0.089914411306381226 0.60683184862136841
-0.17656201124191284 -0.083095036447048187 0.55850100517272949
-0.20818443596363068 -0.078831024467945099 0.58190560340881348
-0.18068525589776235 -0.048609832448869142 0.59235479678885061
-0.20567905108998219 0.48810125987629632 0.89786219520700605
-0.25930255651473999 0.46082720160484314 0.92451274394989014
-0.25905349940530392 0.49799514839947073 0.8962166168466722
-0.24725321037851122 0.44284818727324388 0.86814290977091868
0.0041110171614576179 0.22042294008301822 0.9769903112188093
0.05950883842276912 0.27218680251063881 1.0194926135958813
0.077314220272187525 0.24578762046396005 0.9110141990854389
-0.24271392285499643 0.15950908244132972 0.55208910675156386
-0.29941606521606445 0.16385769844055176 0.54383760690689087
-0.26814113077936697 0.16042113325420498 0.58512930301195609
0.12711644655877688 0.13928213742634621 0.59183615354024444
0.13873980755199308 0.10671692124525729 0.65941136669115497
0.13228965298406065 0.078318808027153908 0.60985431994733619
0.11700250221543229 0.14455165649813814 0.71386137928610882
0.1842207580989827 0.10693634862752333 0.71051867157827564
0.15567905603898824 0.10278777608276694 0.77984974258333184
0.13311119154951628 0.057796451663627568 0.72747248826777833
-0.16517582474527343 0.14385239153521545 1.0722159081933347
-0.19909473989413309 0.15771789194574212 1.0507059408474573
-0.19082070030801154 0.12236371374965192 1.0993390652699557
0.11612797528505325 -0.036829601973295212 -0.0044081173837184906
0.16354560852050781 -0.022786136716604233 -0.040002748370170593
0.10977617192934512 0.011076446580804268 -0.032901509750838102
0.15624852820651244 0.020021511903890149 -0.017649173327141082
0.10610610991716385 -0.052873395383358002 1.2932701110839844
0.15161539415154646 -0.028961852669444205 1.2774911856379827
0.10138268830829072 -0.024727441102116103 1.2558320927236097
0.12741133555704032 -0.014076526728588092 1.3127413555547542
0.06669885665178299 -0.029893141239881516 1.2976254224777222
0.10699081420898438 -0.029205275699496269 1.3268779516220093
-0.38158884383725533 0.42316476779750656 0.87953919475368081
0.055565953254699707 -0.04314715787768364 -0.28939154744148254
0.051756773144006729 -0.038067452609539032 -0.24835625290870667
0.047251485288143158 0.0067079109139740467 -0.28346386551856995
0.025958020240068436 -0.0091563649475574493 -0.25008490681648254
0.10613336637800452 -0.039398337514575388 0.30559687959531451
0.071257087985457171 -0.003612995940016489 0.23549997720691485
0.096228383481502533 -0.051450300961732864 0.24527497589588165
0.064180075779101509 -0.018192388725822128 0.30647067566303487
0.011418585232991624 -0.042033865918201026 0.37740150772827658
0.061037744860295458 0.0058803543368345403 0.39276662997311879
0.078880949916589921 -0.051582207101892992 0.39038331559877126
0.047856458931461281 -0.043880984712103041 0.35191253749711882
0.035952527076005936 0.17043404281139374 1.3522557020187378
0.05017365887761116 0.14100150763988495 1.3639334440231323
0.051434396581402975 0.12982969803276337 1.3249936013987891
0.091453640064591391 0.14572759395618282 1.331122434426518
0.20381048321723938 0.030820960178971291 0.31744197010993958
0.19952462613582611 0.023908255621790886 0.3472667932510376
0.16766852717491373 -0.0032742290624147344 0.34078780913190887
0.45706948637962341 -0.040446493774652481 1.1454869508743286
0.50532019138336182 -0.023491911590099335 1.1265406608581543
0.46037504076957703 -0.041042286902666092 1.1070483922958374
0.49145483277878277 -0.0020463432547607541 1.1227897681345886
-0.14014935200030318 0.58739300574044628 0.82157270571225105
-0.18167567245631233 0.57740479222767238 0.87148624554524701
-0.19578947032986679 0.61040446248499891 0.83364921308272266
-0.19655276286925544 0.55788623556733896 0.81728392204535538
0.10451129823923111 0.47016403079032898 0.82933634519577026
0.057498891842176644 0.49967425789165126 0.79083301053716182
0.088600069284439087 0.51108431816101074 0.77944785356521606
0.10553941130638123 0.47839969396591187 0.78815394639968872
0.17599082932232299 0.26726248353187576 1.1035708684502843
0.22019415820457461 0.21290839838041134 1.071132381455826
0.21224569727379444 0.21985725768986622 1.1691896966013511
0.11776554346077876 0.2288049587899123 1.1329013661872058
-0.30582860112190247 0.24483361840248108 0.62401366233825684
-0.30657467246055603 0.19861981272697449 0.62050759792327881
-0.26332084715244436 0.21010247797172213 0.62231289057072614
-0.2839050004017985 0.20173799571810788 0.66185706481834095
-0.31241597228121259 0.048406752355395023 0.62861949099017667
-0.2594074294435556 0.06236681425345067 0.66188885042486345
-0.26800248865663368 -0.0058846900399957902 0.63285569855817281
-0.1478123664855957 0.20586872100830078 0.42746469378471375
-0.16791293025016785 0.17126499116420746 0.40981525182723999
-0.1267305314540863 0.18727090954780579 0.39905938506126404
-0.13675134868594704 0.16132915615315471 0.44182819491942565
-0.53742486238479614 0.33397325873374939 0.81982922554016113
-0.50349123010016494 0.33663614505900752 0.81235101853646108
0.25432957232118947 0.12061511754757229 0.81669077545976232
0.22489912004946369 0.1117975766810102 0.88097270983215947
0.23417576021860037 0.17196776882844445 0.82620013108215506
-0.099080617872455326 0.22829173068451192 0.55844004090402943
-0.01932888142850063 0.23443043706721489 0.53546404043604579
-0.015001842252657844 0.25887653899792928 0.61380502494863187
-0.034157379743941285 0.16382046909210016 0.58751063260526104
-0.13581489948473088 0.054225618882731912 0.40322839608338251
-0.16115762749124737 0.03172089192508426 0.42393446711342364
-0.10290816008543578 0.053240709464010494 0.43818335398569896
-0.27374070882797241 0.17422495782375336 0.51809656620025635
-0.48499214649200439 0.1784224808216095 0.85903781652450562
-0.4944872260093689 0.2070295512676239 0.84649640321731567
-0.47416925430297852 0.19339379668235779 0.89119493961334229
-0.45717116484714926 0.22224437853738291 0.86102965491607797
-0.06408286631902245 0.12384588589520609 0.35497611671212992
-0.04498200837494417 0.11662718968640925 0.41286804272470629
-0.094595200130435 0.14564309514079762 0.38848268612229325
0.16913379728794098 0.21998287737369537 0.60796439647674561
0.16411072015762329 0.2529507577419281 0.63009768724441528
0.1285383352628485 0.23025703276741175 0.63928268271031785
0.081930734217166901 0.46029767394065857 0.89785021543502808
0.07262207567691803 0.4941575825214386 0.87847340106964111
0.11197654157876968 0.44195333123207092 0.85676002502441406
0.068527219920919411 0.46941279799411156 0.8375852991521493
-0.16386593878269196 0.21742431819438934 1.0259134769439697
-0.13309718668460846 0.22480516135692596 1.0471359491348267
-0.14721516331248169 0.17454635852426961 1.0284738551961112
-0.47148847579956055 0.29463544487953186 0.75118464231491089
-0.49385356903076172 0.26847729086875916 0.76931452751159668
-0.43664716894924982 0.28557601835675167 0.78018560853018881
-0.47006183632061554 0.32278037644776664 0.77766056662133176
-0.1983811880121015 0.17382984595340809 0.57319297015966564
-0.14747843399520269 0.1941732969282291 0.60212506971286439
-0.33736457913660367 0.32772873870492625 0.70317186205453275
-0.30869460851627467 0.30131698433755039 0.6775935110362552
-0.31510964035987854 0.34980198740959167 0.66337031126022339
-0.2861909511450374 0.36005452530146226 0.70694473660020174
-0.10728065669536591 0.57904171943664551 0.94181728363037109
-0.068897567689418793 0.58284503221511841 0.94290703535079956
-0.088927745819091797 0.54841357469558716 0.93752694129943848
-0.10644272173960123 0.5542823613759329 0.91047859196703829
0.099641337990760803 0.17821936309337616 1.3438032865524292
0.11586926877498627 0.14547388255596161 1.3567434549331665
0.22501805424690247 0.36450791358947754 0.94549769163131714
0.19972358644008636 0.37929126620292664 0.96529185771942139
0.16744104090386011 0.34613337410541489 0.94239108031856778
0.22464907738991319 0.31476943413644504 0.96464016348958581
-0.19026220130185803 1.3787173244747238e-05 0.87592604192787782
-0.22786950644854187 0.089101157780402729 0.87163917190375917
-0.22411655850352394 0.033960726459497749 0.91906228177335092
-0.14255326047514849 0.052956275056472928 0.89300823623869974
-0.16955070197582245 0.0046170703135430813 0.41367903351783752
-0.13050534315284176 0.013078483720763366 0.41441068349058874
0.19856816530227661 0.13113795220851898 0.59028714895248413
0.15486903053162573 0.1616444563148797 0.60821138298121336
0.19271458685398102 0.12461933493614197 0.62234306335449219
0.1739640086889267 0.17755575478076935 0.62747693061828613
-0.35008692741394043 0.12331508845090866 0.5862002968788147
-0.35551223158836365 0.10548079013824463 0.55483716726303101
-0.32427975535392761 0.14700472354888916 0.57355952262878418
-0.31385658169669567 0.089114857786546028 0.54332936374863317
0.12357012182474136 0.023806380107998848 -0.34960639476776123
0.076166294515132904 0.011283896863460541 -0.3678223192691803
0.13259494304656982 0.018588894978165627 -0.38477852940559387
0.089008775104031143 -0.019964305760476163 -0.35199233045885381
-0.043170005083084106 0.2472112774848938 1.080122709274292
0.015023980670881903 0.22669138565962579 1.0706319585255581
-0.015171404927968979 0.26848852634429932 1.0706759691238403
-0.032850965825251675 0.21550736934329559 1.0888303498997018
-0.35719925653864987 0.27220484506532261 0.86549864861475934
-0.349039179061571 0.21114126135688299 0.87540205727202791
-0.049698273907191122 0.058835682310053983 0.37532701601913493
-0.042770894674426387 0.08446239341734417 0.31592973090383231
-0.078441592694821968 0.073097351808500494 0.33620633939988387
0.32883652781631351 -0.039540762967436013 1.1486545228145304
0.30823389797633616 -0.031333161694414489 1.2074275475604928
0.46239780014528842 0.0058129164884858676 1.1262354029611947
0.47964074263791517 0.040896118013483203 1.1490484083906614
0.47973136007734463 0.054442951595687412 1.1079776190931412
0.40378081798553467 -0.067496389150619507 1.1675695180892944
0.38286551833152771 -0.078755363821983337 1.197564959526062
0.4223882257938385 -0.063395090401172638 1.2065258026123047
0.39068538680468273 -0.054527939341172504 1.2167497496557447
0.028929045290831092 0.076095692650169688 1.2054090315990953
-0.034089024715842367 0.095735132419057359 1.1319085553417589
0.0058102088265032381 0.15904080517751645 1.1669653770691224
0.055530714871160222 0.1169093564801392 1.1610824824071715
0.18399904668331146 -0.05306234210729599 0.82229530811309814
0.22226721048355103 -0.063642241060733795 0.8311469554901123
0.21081950172113242 -0.017496570497789569 0.82276215528677799
0.192606652541812 -0.043790237812061435 0.86384966364254867
0.15234199166297913 -0.08794441819190979 1.0168048143386841
0.13016334176063538 -0.09178963303565979 0.97542297840118408
0.12226605581887402 -0.037407952792151776 0.9873914676732678
0.29617776750760494 0.11439075600409668 0.83636332301507488
0.31483036279678345 0.14463542401790619 0.84809780120849609
0.31457493917734203 0.12667571661178678 0.8969483310919445
0.31979194798307597 0.090290199312232644 0.85610399236133283
-0.30369085073471069 0.1754680871963501 0.9707602858543396
-0.25883235303093555 0.11381431526774734 0.96030356713995002
-0.32248651516972771 0.14985585263694379 0.9351940374752894
-0.26632451249336297 0.17339632868526358 0.95407117945344533
0.044230671383927687 -0.042776408464045526 0.43633014833578354
-0.0055851561062409318 0.015220526831495669 0.39489377182653485
0.58415663242340088 0.039708744734525681 1.3444714546203613
0.61692047119140625 0.052153594791889191 1.3396050930023193
0.59650212526321411 0.024473311379551888 1.3171291351318359
0.59328898821775067 0.072171399698523944 1.3193136971492714
-0.3307596743106842 -0.008382885716855526 0.57735425233840942
-0.31262800097465515 -0.038432713598012924 0.60772979259490967
-0.31720232969890449 0.0048363402654415435 0.62537007420428214
-0.44877873644940264 0.28948105083509185 0.85559303969858425
-0.40138303322565633 0.31717316451677446 0.85308464852549626
0.32142679683932313 -0.025615384800346298 1.0978017640576967
0.37455244108191454 -0.0048846674969481455 1.1265946498966426
-0.17516551182253592 0.34778296213677223 0.62377267352889942
-0.14095716178417206 0.37410494685173035 0.61408895254135132
-0.13339401377531587 0.3241990809519491 0.61361521697060528
-0.17211827635765076 0.35760679841041565 0.60412997007369995
0.11790955131725117 0.10447167379868852 0.39306503344080651
0.13720634188885875 0.037731383139517231 0.41136087399634247
0.15899639585017078 0.084971621790058807 0.42444793929504482
0.097569208738965282 0.074131035722108135 0.44237422331623399
-0.4680212140083313 0.4224599301815033 0.78673160076141357
-0.50034713745117188 0.41033551096916199 0.80501824617385864
-0.49310964345932007 0.3920825719833374 0.77605724334716797
-0.46624158484211831 0.39595105859932833 0.82688214873334254
0.18653514981269836 0.20938515663146973 0.53700512647628784
0.15628728270530701 0.22580960392951965 0.48014014959335327
0.18879145383834839 0.20471607148647308 0.50224244594573975
0.16374245942732352 0.19063296050046694 0.49166625731477553
-0.19353052063313911 0.32707515875197257 0.87065660697265712
-0.22562091052532196 0.33546638488769531 0.90711390972137451
-0.24749159643930121 0.31703907057125891 0.86473152262654096
-0.21535464956472949 0.28989777288519769 0.89058674198662513
-0.10365846650379477 0.20694469630235457 0.46197944865652985
-0.050555893726008119 0.18030770781081124 0.47933476023810162
-0.082237078195542795 0.18470747678389257 0.42174516211056029
0.2448308914899826 -0.052841413766145706 0.80856829881668091
-0.02428071043135123 -0.023335272320015681 1.0818203314670503
-0.069361185631277494 -0.0040308939112369607 1.0873997417292709
-0.0784105584025383 -0.047823656350374222 1.072165846824646
-0.065151691436767578 -0.039409957826137543 1.103574275970459
-0.073437966406345367 0.34437280893325806 0.95251715183258057
-0.093026556074619293 0.32196468114852905 0.94979947805404663
-0.053792126895657474 0.31110613489199007 0.92984904853876726
0.081933697951134116 0.20287005551596995 0.4694473060187892
0.13299751634340101 0.15773478773254773 0.49112579135388335
0.12887457244931655 0.21445199422469499 0.51005653639118387
0.08211044240671872 0.17297488347810977 0.55410917920067693
0.33667135238647461 0.25224962830543518 0.99548155069351196
0.36536076664924622 0.26547238230705261 1.0602043867111206
0.33896085619926453 0.29379421472549438 1.0501564741134644
0.33111150388847732 0.25430273849716695 1.0385849774627256
0.29774779108157284 0.16903360703159642 0.95210588565453247
0.34758064150810242 0.17535911500453949 0.93170768022537231
0.35154526917860923 0.11383090336520359 0.95356605757419877
-0.094937488436698914 0.45683601498603821 0.68808948993682861
-0.083406806866677147 0.46578575129370942 0.72431052281348196
0.083543188869953156 -0.056291166692972183 0.68658900260925293
0.055187534540891647 -0.072050891816616058 0.70280194282531738
0.097037538886070251 -0.050579279661178589 0.73995125293731689
0.063820277299122874 -0.036035600428359474 0.72171555419521827
-0.14937278628349304 -0.086370870471000671 0.53440850973129272
-0.11826515942811966 -0.098817512392997742 0.53374063968658447
-0.13238355615848865 -0.046622283315298274 0.5206542096873048
0.26728803526497152 0.057238978839858366 1.2567176959742392
0.26392405162406163 0.08087197213576465 1.1871486238097473
0.054406192153692245 -0.019122371450066566 -0.22003236413002014
0.12228183936341394 -0.00077557080929601622 -0.24189623840372759
0.10384913755768303 0.0020220330661069362 -0.18779812582388508
0.081931017339229584 -0.042089879512786865 -0.23002512753009796
-0.028710035607218742 -0.047782309353351593 1.119280219078064
0.0039532440714538097 -0.055967219173908234 1.1283169984817505
-0.030940176718819955 -0.013214857549828799 1.1295306607455498
0.20598249137401581 0.025174630805850029 0.25428268313407898
0.15589434624288256 0.018425877187894783 0.20808361165015804
0.14506172088411873 0.080666181769449743 0.25348993106460255
-0.099068149924278259 -0.10088951140642166 0.95693778991699219
-0.12682357430458069 -0.10250334441661835 0.93872100114822388
-0.12569022178649902 -0.079963736236095428 0.9852030873298645
-0.12290332447515712 -0.081385356804311554 0.9304681328306379
-0.43249216675758362 0.17096687853336334 0.93098539113998413
-0.38038968678223045 0.1586157555677804 0.91435375296711874
-0.43395896168856996 0.14041588765864177 0.9166754799651573
-0.43538417419362019 0.15896089034389935 0.88882155043008915
0.26984425737985457 0.27858176109498273 1.2567873612970768
0.25658878212532682 0.21356764261080055 1.2882243441249184
0.25827840758984455 0.2348499980902255 1.2387793666090647
0.29402001057607829 0.24723771968810912 1.2867629293931322
-0.052124302834272385 0.32477471232414246 0.53465336561203003
-0.043758559972047806 0.3041362464427948 0.50493425130844116
-0.017938266574668554 0.2773522087474305 0.51417721424068474
-0.069721452594522518 0.28397113418192804 0.54636301365585305
-0.03682747483253479 -0.065204456448554993 1.0554159879684448
-0.035147592425346375 -0.083135217428207397 1.0149632692337036
-0.081324897706508636 -0.060920622199773788 1.0416288375854492
-0.049599684755244428 -0.031163567773821489 1.0330672244561385
-0.024797021251484114 -0.07131897384312573 0.54952496177411714
-0.066106484399498636 -0.034844494732480837 0.55274669945870414
-0.044666393853215004 -0.06206776483276516 0.50191027968944191
-0.049566479146970398 -0.085900832828290558 0.52947689126682007
0.049323737621307373 0.57150137424468994 0.82534462213516235
0.04085184633731842 0.59639877080917358 0.84148675203323364
0.022961989045143127 0.60640168190002441 0.81302696466445923
0.0040115887847252596 0.56451994625379143 0.86404443828629329
-0.047539575403435105 0.49836660345308187 0.78266911891683622
-0.036211848418513548 0.41369936134139723 0.82440648263721672
-0.09599323312537178 0.43666968879952966 0.7677784651401427
-0.030085855032827853 0.44369565401762362 0.73711604713845413
0.074012493329360954 -0.0073882800637056307 0.66676194030950986
0.010906218197134257 0.055931462665218777 0.65214278114534763
0.086252565294240871 0.052697934727065535 0.68084886900777275
0.50620113600895056 0.26006839280454624 1.2940610440092828
0.45901873897090634 0.26703775049433476 1.2709639002813806
0.48036709427833557 0.29785987734794617 1.2586528062820435
0.48326784535318051 0.25108884448821756 1.2491128521993278
0.065550997853279114 -0.059907097369432449 1.2169066667556763
0.074983976781368256 -0.051908474415540695 1.2709605693817139
0.093324974179267883 -0.064742632210254669 1.2412281036376953
0.053872158982844608 -0.017499464609204051 1.23023517507702
-0.29554351975876691 0.10693865366954759 0.60948231771108607
-0.23296364957666088 0.095873445684311082 0.55570208406071941
-0.23485256285498621 0.1491859589295681 0.62670766315604198
-0.2563413679599762 0.032013740390539169 1.0325446128845215
-0.28097077678848176 0.099243714145788364 1.0139693685792621
-0.27357065157277055 0.0422809732411576 0.99276310032841997
0.014457862502966433 0.035930253547440172 0.29781887952820446
-0.033554989844560623 -0.0044788909144699574 0.30012845993041992
0.010430929031440932 0.000405352291800504 0.33397364293562615
0.21341483294963837 -0.081620253622531891 1.0581372976303101
0.25214758515357971 -0.081517621874809265 1.0679550170898438
0.2386992871761322 -0.0862254798412323 1.02781081199646
0.25820458471228303 -0.045453243359970488 1.0439225529919944
0.14256148040294647 0.30501285195350647 1.2216540575027466
0.14947669208049774 0.31408986449241638 1.1777827739715576
0.17826811969280243 0.31784945726394653 1.1999137401580811
0.14949852733378977 0.27394193625175223 1.1808495260136531
-0.12359514087438583 0.60928863286972046 0.78411471843719482
0.20464860587564421 -0.038093873429855207 1.272536756422938
0.19659711420536041 -0.067950330674648285 1.2421716451644897
0.18936982191836083 -0.034841598972899478 1.2261959351358416
0.24110162070271957 -0.040417286336876343 1.2501366575241211
-0.24673952162265778 0.64845180511474609 0.86900621652603149
-0.26927989721298218 0.62508904933929443 0.85382688045501709
-0.24170053005218506 0.63064086437225342 0.8353305459022522
-0.24070833813783615 0.60662805420472898 0.87430436301624803
-0.055863522697135272 0.34792988945661546 0.91293807984923003
-0.01950409990328434 0.3642524150571198 0.87299803465505932
-0.071475826298372305 0.31075656229801696 0.8689323038638852
0.16739641129970551 0.25281089544296265 0.66659390926361084
-0.21237799525260925 -0.08476797491312027 0.62087714672088623
-0.099236227571964264 -0.12573699653148651 0.7854803204536438
-0.13049383461475372 -0.12052371352910995 0.80481970310211182
-0.11392363525804927 -0.096845945941923708 0.82734571987775662
-0.1375604985495083 -0.09303435648711493 0.7775919291955824
0.1188244068008949 0.01561806677213542 1.0443233750930094
0.10578870790303144 0.10225486665564017 1.0970566322680693
-0.034406464546918869 0.50325143337249756 0.93694990873336792
-0.053253911435604095 0.53241562843322754 0.9345887303352356
-0.013197890482842922 0.53128409385681152 0.92574656009674072
-0.030734222804516355 0.53254246830535024 0.90333840060771164
-0.3635922372341156 0.027257513254880905 0.97870957851409912
-0.33066666126251221 0.017388775944709778 0.98802053928375244
-0.31585734910570495 0.055358835079523494 0.97662417024811421
-0.18313460430173409 0.43876334372805331 0.87247424790901051
-0.18683106283592693 0.4288927898755408 0.81202909282030578
-0.17880700339138195 0.48844351573142619 0.79548058575784619
-0.12455054068734218 0.44047089579564669 0.83525119880788357
-0.10405659675598145 0.030793290585279465 0.34642884135246277
-0.073238566517829895 0.042249646037817001 0.30797424912452698
-0.10126639902591705 0.059183403849601746 0.32583412528038025
-0.094535851695824069 0.37689321328791958 0.69365946901683651
-0.052691907037632768 0.37089693041282995 0.76001142575695946
-0.030207455917343272 0.39159168131517058 0.72247882784317241
-0.081830645873719451 0.41645700669064362 0.72045157425736228
-0.26661890745162964 0.40549096465110779 0.91000252962112427
-0.25388535857200623 0.37065520882606506 0.90484583377838135
-0.29601055383682251 0.38141971826553345 0.90529936552047729
-0.27647984358252153 0.37980306280051196 0.8511636683096353
-0.47634023427963257 0.13973027467727661 0.88142436742782593
-0.4616224467754364 0.10964541137218475 0.89129436016082764
-0.45749026536941528 0.10557206720113754 0.86293685436248779
0.3189997673034668 0.31260687112808228 1.2488434314727783
0.32250273867861157 0.26558513900546071 1.248528069099041
0.29243328728097795 0.28318874966451241 1.223867944196378
0.009219055191974147 -0.056661454761608603 0.56830348595923585
0.030723130227191083 0.0022738926234551864 0.57234352713954251
0.066947560900363232 -0.034498052572427287 0.57424177168852908
-0.28791254758834839 -0.048395797610282898 0.9171566367149353
-0.30336806178092957 -0.031082224100828171 0.94017410278320312
-0.26389637589454651 -0.044335629791021347 0.94329482316970825
-0.27109682520170691 -0.0071412568332209223 0.92805718585353447
-0.020706640210336063 0.1330119001825055 0.34623449987067945
-0.070787861943244934 0.61883991956710815 0.95850759744644165
-0.013402961505753595 0.60422094292422646 0.89962125384264502
-0.07039972573050024 0.63538101315474182 0.8763748678311597
-0.038304169472047858 0.66920826833901759 0.91937138301871058
-0.17586329579353333 0.67989200353622437 0.85973465442657471
-0.17297791911717256 0.66380770127746447 0.91754323670370153
0.14393268525600433 -0.030144628137350082 0.023028619587421417
0.13124315440654755 -0.037014730274677277 0.084139883518218994
0.16975367069244385 -0.017320714890956879 0.043788030743598938
0.11347362399101257 -0.037402238696813583 0.049368530511856079
0.49693703651428223 0.14275915920734406 1.3651436567306519
0.50457733869552612 0.10750189423561096 1.3691185712814331
0.46920310875192284 0.12939814897325691 1.3203208098471297
0.20531903207302094 0.065778434276580811 1.3731231689453125
0.18884636461734772 0.10835274308919907 1.3698577880859375
0.19661608726683069 0.085173716720483308 1.3439370578872432
-0.27885730052416413 -0.024858473278245023 0.83329739586369234
-0.27892489366210416 0.019931937482844213 0.87801536071381026
-0.24853612293343116 -0.028728766862647921 0.87538921059563157
-0.23888703048667737 0.015637546652154419 0.83902787086042152
-0.057388313114643097 -0.017262518405914307 0.33754971623420715
-0.08661101758480072 -0.020552553236484528 0.3660600483417511
-0.057363089174032211 -0.045507673174142838 0.36228087544441223
-0.044202132418224314 -0.018237135362899233 0.37226406708748117
-0.13434644895518505 0.51903586826364823 0.8577769082578981
-0.045081850971091492 0.51512719905806925 0.8571889312055504
-0.067379725299894541 0.56771255088849204 0.87872089947688703
-0.080352535722941737 0.5223069840357587 0.89938863840044592
-0.35550123453140259 0.29163593053817749 0.67238432168960571
-0.31907114953626381 0.23766464784540764 0.69636781636143286
-0.34376287687118157 0.27707504906993735 0.71529531132252178
-0.34972748160362244 0.24058087170124054 0.6659618616104126
0.027425741407061249 0.078084168272055637 1.0600914203714258
0.010873184860920385 0.009192652273317314 1.1165131792786263
0.044939494065921196 0.05587221896950114 1.1449081212106256
-0.30397237669246324 0.003943879610197292 0.7941144410285097
-0.28728930206881154 0.051185870898345504 0.82437760256685788
0.096518627975810636 -0.068515276802838906 1.0076381302350528
0.095213279128074646 -0.096900187432765961 0.97425186634063721
0.11299720406532288 -0.09276619553565979 0.99977600574493408
-0.02416470402174814 0.19273209614493467 1.2558995212940745
0.0018489136205251573 0.21655845802355173 1.2660451767883472
0.0039039436975139064 0.20361993236647677 1.2142871614993711
-0.029405022907992892 0.2068686702199698 1.2268736322288187
0.18293458223342896 0.0051314942538738251 -0.44506099820137024
0.1617085188627243 0.017562603577971458 -0.42250525951385498
0.19575671851634979 -0.011560793034732342 -0.41880765557289124
0.19980169376041257 0.09585145205022462 0.76664241943719635
0.22048627867346435 0.045743269015184822 0.80123093723221728
0.2120292469953674 0.062199680417064765 0.73234328934752335
0.24612476983235568 0.1013104145943412 0.76641492004595924
0.18391040563138783 -0.037453950655192594 1.0240630693862516
0.19208879298941681 0.033381288977131857 0.971239875784768
-0.058552473783493042 0.0033220846671611071 1.1807126998901367
-0.021809658035635948 -0.039659932255744934 1.1466431617736816
-0.061781249940395355 -0.023612288758158684 1.1382507085800171
-0.28833523392677307 -0.058119151741266251 0.86990845203399658
-0.31314319372177124 -0.041783198714256287 0.90603947639465332
-0.2896854663849624 -0.027766051369356871 0.88817993735788237
-0.00078122023589174429 -0.036573576697400106 0.91930319479198164
0.071331267452372851 -0.036339906729327562 0.93477963101286299
0.018612757902097838 -0.071214962715094365 0.95256119532547723
0.055252888478814939 -0.060097424883881714 0.89249358269863899
0.61885587229620809 0.067921452647352318 1.2642067796227674
0.63338994979858398 0.044650550931692123 1.3125755786895752
0.58723822354552491 0.033475697652074546 1.2824389573525841
0.14045476913452148 -0.070836156606674194 1.2368869781494141
0.14119539011279156 0.0065025833458187271 1.2320278643821094
-0.19170174053247729 -0.0073497354620034499 0.55688140701893651
-0.23423468677671588 0.00057236836743668673 0.52727357198807667
-0.20267786357096215 -0.01646380685889557 0.51114162395217833
-0.22294589698708994 -0.033008384125736659 0.547804402249221
0.21320646147539021 0.22520959307688751 0.84362377726399895
0.17558972819435242 0.23836049029339174 0.89392113730337952
0.21983800450377255 0.25240486266773454 0.88798149643541358
-0.070419756969212696 0.055684652605014803 1.1620393430102607
-0.10052058100700378 0.027330445125699043 1.1661945581436157
-0.094820124380121731 0.041423479222827568 1.1200356023605571
-0.066936273791812981 0.012537538375881809 1.1339311950940372
0.42429271340370178 -0.034775163978338242 0.80235260725021362
0.43698544028770897 0.0047742382285384573 0.83053426121720442
0.38787088281776971 -0.021489558728616017 0.8466209018702967
0.35887050628662109 -0.068088024854660034 0.88061988353729248
0.357270747423172 -0.073564194142818451 0.91191935539245605
0.36860813483146621 -0.039424733292135285 0.89495076446705224
0.33370754328566227 -0.050913379778270811 0.92291188149104064
0.25306227803230286 -0.077607043087482452 0.85472661256790161
0.29648673890987287 -0.04075662364690813 0.83277680613045235
0.035495992749929428 -0.013363025151193142 -0.44257202744483948
0.05874350294470787 -0.065101318061351776 -0.44700965285301208
0.058603167533874512 -0.0002526649332139641 -0.42607995867729187
0.036825776100158691 -0.048389021307229996 -0.42094230651855469
0.052285946355239483 0.17872081328352091 0.41651266686829169
0.11337166131105128 0.17169036940491353 0.40229818121058813
0.12872946022594509 0.14511080781681293 0.42874062943707092
-0.15301206911093695 -0.0084259457614982557 0.51854054896267421
-0.15999478809184667 0.043088408707155933 0.56952478662973149
0.034903358668088913 0.26068508625030518 0.45660459995269775
0.03179722221077029 0.24045613389463533 0.5020885655853673
-0.015502719141162604 0.23874818234453776 0.47609667209181455
0.49744847416877747 -0.027433367446064949 1.1551665067672729
0.45268863912199914 -0.007706831636553441 1.1681273782201809
0.075059647587260012 -0.017762920204476139 0.5090967787280406
0.10530895062443245 0.0041869576562723262 0.45195644217322845
0.022099419615974995 0.018903616425012263 0.45845450099061014
0.040745414793491364 0.26454699039459229 1.2022079229354858
0.076165713369846344 0.28219854831695557 1.2106517553329468
0.086762894680237165 0.24890475635575013 1.2352000411702142
0.083689083603891309 0.24057592857101484 1.189741322999142
0.25640514492988586 0.30925050377845764 0.91666364669799805
0.23459066450595856 0.29798853397369385 0.87107855081558228
0.25885957479476929 0.2806817889213562 0.89685124158859253
0.21030422150189579 0.30259439245109138 0.91905645029210303
0.15734392009750406 -0.024810126839179304 -0.41829457225036448
0.15064163344592421 0.24267585925786508 0.78817096171828682
0.16437249916628771 0.27494131563449109 0.83554492585227225
0.17020296657501677 0.23193376533759336 0.83081324880886709
0.17508016526699066 0.038855940103530884 -0.17757990956306458
0.15305803260742223 0.0082860473801829506 -0.21473533014586732
0.19027066230773926 0.020827433094382286 -0.20082974433898926
0.15392018652400524 0.015489715268995992 -0.16199702680921652
-0.22077788412570953 0.19492076337337494 0.48389574885368347
-0.23214352130889893 0.17198389768600464 0.46107137203216553
-0.18748151213013589 0.16252272841565588 0.46985469874773811
-0.22066562707471299 0.17381301521107592 0.51142435984139611
0.35187143087387085 -0.068927809596061707 1.2955926656723022
0.36282068490982056 -0.027383284643292427 1.3381651639938354
0.38332435488700867 -0.062696576118469238 1.297292947769165
-0.0022203682456165552 0.320616215467453 1.0205721855163574
0.028581973165273666 0.31942078471183777 1.0615267753601074
-0.010542967356741428 0.29218077659606934 1.0446465015411377
-0.013338150456547737 0.15314500033855438 0.297493577003479
-0.013586696342292915 0.1115417443281824 0.29855879628176835
0.022468963216044708 0.13917530042832921 0.3128848625333282
0.41979921849224278 0.17408886451870462 1.2037440713708683
0.46930306024333679 0.081314828573123124 1.2002236854883395
0.50305978707306331 0.14074804547100253 1.2320270341630155
0.41594685397476017 0.11545011467684403 1.2469815927696664
-0.243657186627388 -0.0029391427524387836 1.0029137134552002
-0.21571546792984009 -0.00054174754768610001 1.0278979539871216
-0.23678875108026967 0.021880321565136227 0.97295514936794503
-0.21879877150058746 0.4519844651222229 0.9272194504737854
-0.22144217789173126 0.41670805215835571 0.91596764326095581
0.54920506477355957 0.0089734112843871117 0.94439375400543213
0.091456323862075806 0.28974908590316772 1.1831157207489014
0.060765340924263 0.27388682961463928 1.1666843891143799
0.067759066820144653 0.29330319166183472 1.134647011756897
-0.17337571177508995 0.074893252140083286 0.41636215561627604
-0.18550512194633484 0.11413385719060898 0.38280171155929565
-0.17619855635472911 0.12203156312981014 0.42117705514616688
-0.13795548926780032 0.11401602783989237 0.40150773052993494
0.38020268082618713 0.23356388509273529 1.0430258512496948
0.32581954112932748 0.21505768164353747 1.0760429440908503
0.1566053358145828 0.058321371988530074 0.36240920086189865
0.14802397134846235 0.0034758448824653183 0.36913336249920981
-0.52455383539199829 0.31358844041824341 0.79770803451538086
-0.50183194875717163 0.3045809268951416 0.77377092838287354
-0.50982993841171265 0.33399319648742676 0.77364033460617065
0.20075128972530365 0.006676805205643177 -0.23139175772666931
0.17952552437782288 -0.021721217781305313 -0.21564757823944092
-0.36697235703468323 0.080836042761802673 0.57565206289291382
-0.37333357334136963 0.062970861792564392 0.60689187049865723
-0.33233559137067814 0.063905986697046294 0.58037398895330961
-0.3359956040474803 0.086611973633948292 0.62508458718780657
0.55637831553906858 0.031031815333699943 1.3138514863371935
0.086245894953859537 0.14648717233482114 0.38924120388888445
0.032100614549475999 0.092771321528041573 0.41109447407912147
0.076467534740210896 0.11942582559931635 0.488317189147151
0.32652303576469421 0.12611563503742218 0.82985156774520874
0.35583189129829407 0.10281158983707428 0.82665622234344482
0.32053987562729608 0.086958507704232052 0.81435829913964786
0.04587742354604131 0.041731291427437575 0.21399559690132888
-0.37855803966522217 0.44795346260070801 0.77080792188644409
-0.38297459483146667 0.4699384868144989 0.79975259304046631
-0.38581746609007506 0.44353767958399148 0.82391740257758594
-0.34383598339002874 0.44324166181835439 0.78836394051003855
0.049752749815489113 0.38558023575099459 0.69953780995513137
0.048044793307781219 0.43450927734375 0.68156594038009644
0.0083078611641136529 0.41968457962967864 0.70856961437623733
0.07489106959993444 0.40598010987922606 0.72256391324801295
0.43611512005169056 0.25103367631848506 1.226201654100451
0.40319040341429924 0.19478852355164411 1.2811123448201909
0.44303261148974493 0.24178784290363206 1.2933551310171019
0.41075138803412437 0.26916156833981886 1.2646763311686489
0.53126215934753418 0.078035689890384674 0.9528692364692688
-0.33793222904205322 -0.027818243950605392 0.7002754807472229
-0.31197056174278259 -0.040944561362266541 0.76354974508285522
-0.31153750419616699 -0.047570537775754929 0.72099834680557251
-0.30128782659036946 -0.010501040876299012 0.69534070565837502
0.057910829782485962 -0.078166060149669647 0.59705424308776855
0.081862501800060272 -0.058403469622135162 0.60422408580780029
0.029272531986880224 -0.058671727683485664 0.61515351469991686
0.21955209970474243 0.014151701703667641 1.366857647895813
0.19387802481651306 0.035305805504322052 1.3689142465591431
0.23308173970422191 0.050028807881017767 1.3513752679675359
-0.37744533423189564 0.08186920473669286 0.79893816380685412
-0.33982733367255769 0.071373563323134825 0.84733184824348651
-0.35325786576727941 0.11235080254377738 0.83903822089213465
-0.39314896629088075 0.075566426919697019 0.84671424647824933
0.13052438993205989 0.31172934202332631 0.79436217038452395
0.19296424090862274 0.32051360607147217 0.82100248336791992
0.14221431192759754 0.33424886272304433 0.84785334672153068
0.59218579530715942 0.00025190738961100578 1.0726438760757446
0.55873185396194458 -0.0089304661378264427 1.0668693780899048
0.55696910619735718 -0.0087136933580040932 1.103546142578125
0.56534800843741384 0.041272090535923858 1.0968955904947744
-0.24625049499644625 -0.042800075945424183 0.69709948273586153
-0.21593504044470829 0.017694780325442673 0.71327250079548044
-0.20310746603198226 -0.046199104129323709 0.67999107258803204
0.070703059434890747 0.025273265317082405 0.0094962846487760544
0.11951489795780262 0.019861369550941244 0.019523455092625687
0.072503894567489624 0.010182410478591919 -0.016506243497133255
0.087277745835223616 0.036654002453477587 0.36186467346776963
0.28843581102715432 0.029226366990781166 0.78778212065655029
0.26644815300682628 -0.0073385097167079361 0.80789285045687675
0.27819519254370978 -0.042385975925148922 1.1810712297840782
-0.21243168413639069 0.12621387839317322 0.41098415851593018
-0.20755724608898163 0.16655771434307098 0.43092077970504761
-0.18305153141925204 0.11785473612693081 0.4561061807064391
0.05961708117170645 0.41814020214610287 0.86896033515999416
0.040868109105216044 0.38737668332706499 0.92586189968982091
0.17397795834804913 0.12403112885000886 0.42185583723468123
-0.094632834196090698 0.2386147677898407 0.43427541851997375
-0.11827753244035212 0.49555398291231934 0.77035128014563059
-0.1687324783037471 0.49375563918573823 0.74433500971159461
-0.15431096166866062 0.54483059053538641 0.77877870987122655
-0.13398218154907227 0.53436928987503052 0.72958379983901978
0.16415852611364593 0.078529802658208706 0.56175762596232104
0.18464563216418273 0.064699946346728446 0.59406965345902796
0.1903137416208559 0.11310973759725315 0.56500631971382931
0.17007530387620565 0.11461392507827151 0.61074609102552302
0.05629390300904441 0.045372105333078755 0.50517229407493736
0.092718809038892985 0.11635767133161068 0.27038577139731917
0.10851436853408813 0.13107818365097046 0.23766337335109711
0.058061805877498041 0.089413112661780841 0.23169155196171687
0.07577187567949295 -0.068157598376274109 1.1814823150634766
0.040270350873470306 -0.056409060955047607 1.1813021898269653
0.094121654035730071 -0.042651495915379985 1.196062691335225
-0.22739496215879371 0.17924042706668017 0.84222725921813557
-0.29424869860749187 0.18692019376834115 0.89128463328870555
-0.25252867183654626 0.21996701011402031 0.90758407013660214
-0.27582460137466203 0.22020570374985854 0.82319808980835907
0.25850513434774658 0.039561190238711019 0.88824710367773418
0.27837308433941815 0.10131548344258683 0.87803712839127124
0.27295347751673316 0.092483791020713718 0.94488823129420552
0.19489254057407379 0.13104632496833801 0.65947437286376953
-0.24955931086349886 0.4113725478018293 0.72689418754817825
-0.26456248536977356 0.37188442063402599 0.77710628515909008
-0.18694722878748227 0.39401725712540481 0.75083287533656418
-0.23297379004806967 0.40960521298164032 0.79489107032584205
0.12117145500810496 0.204536086446299 0.96832061327419705
0.23908004359840146 0.2578780684096782 0.99899391275474536
0.25382833099579 0.26694712980895818 0.939968674375942
0.25143363574697364 0.31231749442294093 0.99575837356124819
0.035965681076049805 -0.059274576604366302 0.31337904930114746
0.085985782159072655 0.016178786816983169 0.55969428547907352
0.11278346180915833 -0.036753933876752853 0.57804089784622192
0.13280698657035828 -0.018061574548482895 0.54624050855636597
-0.30248862504959106 0.019059643149375916 0.51422268152236938
-0.2697719931602478 0.0031100676860660315 0.49932792782783508
0.51976197957992554 0.16966250538825989 1.0958489179611206
0.56514459848403931 0.18337953090667725 1.1351624727249146
0.50887465476989746 0.19480259716510773 1.1171871423721313
0.56028836965560913 0.15932463109493256 1.1112329959869385
0.22489657998085022 -0.07151871919631958 1.1449209451675415
0.25722819566726685 -0.071612648665904999 1.1632792949676514
0.25570619106292725 -0.07657652348279953 1.1109893321990967
0.25827606228529737 -0.036201349459799068 1.119225606370686
-0.30642813444137573 0.33309683203697205 0.89995789527893066
-0.32507166266441345 0.29930302500724792 0.89913523197174072
-0.34580245192216452 0.33604876271651785 0.86624615889650269
-0.2886349108383417 0.3318673271359584 0.8760732925814575
-0.095908351747719667 0.54940855118645127 0.8038892353290481
0.22576899826526642 0.20673258602619171 0.78485119342803955
0.22325162589550018 0.23262229561805725 0.80712497234344482
0.20617088675498962 0.22792661190032959 0.76503992080688477
0.19207349008579341 0.189875144768621 0.78998053152712389
-0.15052665357190076 0.4414471830564542 0.76272895028748933
-0.14980944991111755 -0.091756045818328857 0.57888370752334595
0.055813074111938477 0.47015523910522461 0.70798814296722412
0.074371779520092912 0.45036897499886258 0.75591485468278974
0.070497713983058929 0.50301164388656616 0.74142491817474365
0.032460762930466291 0.44443042312310715 0.73457285656767612
-0.16285666823387146 -0.10616400092840195 0.85647833347320557
-0.16916327178478241 -0.10689394921064377 0.8232567310333252
-0.21577994525432587 -0.085583463311195374 0.85293340682983398
-0.19533584634949397 -0.060820419388472602 0.86994059459869089
0.13044731318950653 -0.041194312274456024 0.43831068277359009
0.13723914325237274 -0.020774673670530319 0.47494816780090332
0.15776588022708893 -0.0046396083198487759 0.42102855443954468
0.36307852584482503 -0.042990808429616612 1.1815928581320849
0.043681342154741287 -0.074948616325855255 0.78611135482788086
0.43530407568565976 0.03032935464599314 1.2213074705923859
-0.070870004594326019 0.43538084626197815 0.9456934928894043
-0.043209001421928406 0.45546668767929077 0.94968914985656738
-0.027426928337292572 0.43223155578085393 0.92957309680211919
-0.039020954729189733 0.47508271320986695 0.90605815315124094
0.51047809459878213 0.003064394414811036 1.1600117359185351
-0.28911711697213099 0.16651046783279719 0.63851190133558977
-0.313178572210707 0.18236045082987346 0.69689135256156032
-0.25556614608971695 0.1329515865052831 0.71090094361474399
-0.412324458360672 0.2938973605632782 0.71236872673034668
-0.38203370571136475 0.30032476782798767 0.6908344030380249
-0.41066882014274597 0.3286932110786438 0.71412432193756104
-0.38043959874926575 0.29877440484318957 0.73273442119001087
0.18977390785100356 0.078245709991885209 0.64758100326871793
0.1117346461820015 0.38428270411927906 0.88600651703932987
0.11671650125156539 0.33167285058298263 0.91882575184444515
0.14129308093570614 0.37634491901688188 0.92060396591860449
0.38356162495163615 0.15756850164279673 1.008734586722672
0.38843479752540588 0.16254806518554688 0.95379304885864258
0.35113038416486503 0.176008508964002 0.99546732914985625
-0.04302641749382019 0.36865139007568359 0.9618874192237854
-0.0089714089304848438 0.33621078068211768 0.93033815520373586
-0.014511228538093949 0.38999584756339511 0.93033076203619247
0.60998243093490601 0.12349314242601395 1.0840952396392822
0.59446227550506592 0.14279428124427795 1.1066722869873047
0.56392049789428711 0.1374514102935791 1.0847723484039307
0.57495961128928774 0.10216389803820285 1.1167125921013248
0.30342799462442738 0.14169770894613568 1.0263938640059818
0.30409509558503944 0.061704919031553465 1.0033126380600725
0.37261829959971671 0.10465222319216171 1.0227334385873272
0.11839655169295914 -0.014230283701898725 0.39899372134027566
0.61779391765594482 0.020161380991339684 1.2930729389190674
-0.13005909323692322 0.69705212116241455 0.87648117542266846
-0.085254237055778503 0.68026977777481079 0.85710287094116211
0.50184216354536226 0.01836770414813527 1.2026719935063666
-0.1822938453266274 -0.045646179415500504 0.53803879320465464
-0.4592907726764679 0.37063083052635193 0.74882912635803223
-0.45224723219871521 0.32343384623527527 0.73458701372146606
-0.41390983661632152 0.35576070771754703 0.77228906421879218
0.18260936439037323 0.0019450198160484433 0.10415929555892944
0.16424904763698578 -0.019468434154987335 0.080230414867401123
0.12002070256509907 0.016197976711595008 0.077646152650715825
0.16002384018464957 0.039181923534066 0.077875698991878878
0.044514071196317673 0.33939635753631592 0.56260973215103149
0.06860775500535965 0.35129496455192566 0.59392231702804565
0.025427011772990227 0.36005362868309021 0.58995544910430908
0.036921907353834174 0.31195198574823402 0.61007533573487238
0.12105055683879691 0.01628881428691838 0.6459121453052471
0.095143169634039473 -0.0086327998658670413 0.60462033733097575
0.17196938395500183 0.34936234354972839 0.8113904595375061
0.16588619351387024 0.34383970499038696 0.76582896709442139
0.13348929513666788 0.35514680091524875 0.77628694533252274
-0.012397201590943055 0.2767026620961881 0.92315163842798775
0.088086179321727992 0.06978387656560861 1.2361842661779758
0.077062940291078644 0.13422761663145852 1.2314647839344184
-0.27531149983406067 0.036808360368013382 0.47818785905838013
0.12902777229980714 0.15566891494607737 1.2674794323066538
0.1133110784242112 0.18589594403584062 1.3055687921540404
-0.29833254218101501 -0.052557613700628281 0.63845151662826538
-0.28571325540542603 -0.055256631225347519 0.60508209466934204
0.029806587212068848 -0.001407576013718393 1.0637335036764546
0.015995015616112357 -0.042018491454074706 1.0770667760277848
-0.14531776007245698 0.1460415800863446 0.75687852132804512
-0.13743492476114549 0.16996792649706138 0.87088034824494565
-0.17133952855713552 0.069921413649146821 0.81866449937042007
0.39966491812754629 -0.023808749752758609 1.0048733402231775
0.3874950617593772 -0.024209446350892106 0.93592516826238059
0.38865950603921262 0.046266681621569591 0.97588424219350867
0.43946249930318487 -0.0077781801614074404 0.95334067381873089
-0.3304976224899292 0.070383824408054352 0.51243603229522705
-0.33349364995956421 0.036809287965297699 0.53105175495147705
-0.082760299781302615 -0.073513030064650153 0.78705030306833756
-0.11859790235757828 0.08121924102306366 0.33673810958862305
-0.10217740406528447 0.079059039910329587 0.37619438596031557
0.027513440698385239 0.43826261162757874 0.957957923412323
0.066598273813724518 0.45393127202987671 0.92925351858139038
0.015373734492375821 0.45618916829311185 0.90992673845558958
0.0050300420397279893 0.41028591761140282 0.76306351575430043
-0.17503394186496735 -0.027170468121767044 1.0300469398498535
-0.19006448984146118 0.0026398366317152977 1.0575429201126099
-0.18027909663066025 0.0095929731499119087 1.0241550463360682
-0.27488043904304504 0.14780494570732117 1.0384066104888916
-0.26650324463844299 0.12029784917831421 1.064460277557373
-0.24140532824493494 0.14394610994172044 1.0160706229662928
0.13660200030683389 -0.016941114994813749 -0.31880468002849982
0.051114841243518568 0.3288524677700489 0.96524061168431741
-0.1332861773417183 0.097712743270021774 0.45672701087204415
0.058308690786361694 0.19231058657169342 0.35463085770606995
0.050946369767189026 0.21421711146831512 0.39085292816162109
0.62584227925471891 0.15514766286590106 1.3226058107022578
0.65524889133835351 0.16248253259226608 1.281930880078433
0.44394060969352722 0.082070916891098022 0.87791889905929565
0.43574365973472595 0.069654881954193115 0.84622681140899658
0.46327818546224692 0.013940449512566264 0.87237567251956283
0.45106658106331604 0.051953648864833057 0.90901652576515912
-0.11726874858140945 0.21569359302520752 0.41889485716819763
-0.45069147846487101 0.20990544932884292 0.8069006405479382
-0.47338091913737546 0.2504675718589941 0.83356321936160627
-0.49675193428993225 0.21106016635894775 0.81382644176483154
0.42794165175907511 0.048897335209398325 1.0366626613756138
0.42437507115534057 -0.024927160106105066 1.0444979795088924
0.4787830871277115 0.0081304172378552017 1.0694396910759385
0.42262888288685485 -0.002947523707190541 1.0840501128072855
0.20219850540161133 0.18363015353679657 0.50414043664932251
0.21282990276813507 0.1520373672246933 0.50759530067443848
0.17914416219796603 0.15617307713143913 0.52084148822268161
0.13290490210056305 0.32471925020217896 1.1385246515274048
0.10445985403427094 0.29690251088621666 1.1019017778520472
0.11352155357599258 0.30757808685302734 1.1637618541717529
0.096546187996864319 0.31687077879905701 1.1257498264312744
0.31777840852737427 -0.063142970204353333 0.83136564493179321
0.18057155609130859 -0.044448494911193848 -0.3831312358379364
0.19967134296894073 -0.040824223309755325 -0.42824885249137878
0.18357598781585693 -0.056334730237722397 -0.4061618447303772
0.08677951991558075 -0.058752257376909256 0.84966748952865601
0.064319439232349396 -0.064666450023651123 0.80953884124755859
0.082893723747060361 -0.028527008942378806 0.82702073403287379
0.0049818446859717369 -0.094468444585800171 0.64657497406005859
0.018998276921828414 -0.055500415725138287 0.66040821501109537
-0.019261823555949596 -0.068648146649072678 0.63677538467596795
-0.011391479773442582 -0.064275977755229058 0.68481330530809026
0.035193618386983871 0.23726630210876465 1.3134181499481201
0.015110390405632014 0.18131084393126207 1.3034296840316379
-0.0069526853039860725 0.20323273539543152 1.3293792009353638
0.0065402258187532425 0.24044565856456757 1.2982687950134277
0.16796573996543884 -0.019486211240291595 0.15258301794528961
0.16843327879905701 -0.025780219584703445 0.19290736317634583
0.20029753446578979 0.011436096392571926 0.1891753077507019
0.029296174645423889 0.54851967096328735 0.75908166170120239
0.01375995110720396 0.58210688829421997 0.78031712770462036
-0.014283163473010063 0.56648445129394531 0.76163047552108765
0.010387006674847182 0.53474290940448221 0.80345072777791304
0.20083038633059772 0.30351502030573696 1.0366095706189133
0.20344199409061203 0.31744072682841856 1.1025023533845548
0.21901291608810425 0.35298383235931396 1.0636745691299438
0.54410633517386842 0.060992895218544695 1.3351210863640373
0.53003072738647461 0.054057132452726364 1.358140230178833
0.51797788877356887 0.082471701514001933 1.1087760764059236
0.46598199099287646 0.10821019757222317 1.1517637142589028
0.53129909273333298 0.063463642641119505 1.1591318917192202
-0.19600671529769897 0.030702706426382065 1.0859352350234985
-0.18332082033157349 0.047705844044685364 1.1208450794219971
-0.16855300962924957 0.010280271992087364 1.0881694555282593
-0.16006918729597852 0.033321206924057184 1.0577788970371826
-0.072835423052310944 -0.12110387533903122 0.76042449474334717
-0.025082144886255264 -0.10986211150884628 0.7822766900062561
-0.059454008936882019 -0.12427394092082977 0.80328184366226196
0.35635196468561842 0.1839572147037129 1.1502280903016553
0.32395861992677094 0.14144843044807504 1.2206699977825295
0.27368074150838068 0.18170268096059747 1.2049602566964086
0.28846350490175948 0.14655674704758215 1.124064232623335
0.19113865208420464 0.020028419647333033 1.2675916625159636
0.25116286324414921 -0.0096067323963496994 1.3047137488373437
0.21468692217403923 0.043063501777949896 1.3128942914708888
-0.093317500090549718 0.23432278162369946 0.65851357537142463
-0.096455592144491675 0.14912028557425333 0.68240065047733545
-0.25417926907539368 0.57195931673049927 0.77740883827209473
-0.23679164052009583 0.59444397687911987 0.78879010677337646
0.1098695695400238 0.43484091758728027 0.89061832427978516
0.086720326455058616 0.40749427209566225 0.93184965508337625
0.072395389725959824 0.18025195462065258 1.2981451755226985
0.10104268694946943 0.19847326293830733 1.2439829738160963
0.033387058473324183 0.18205276773855561 1.2498857734146156
0.056465919256801479 0.22082251180062801 1.2683917403754112
-0.24761813879013062 0.18207576870918274 0.49311792850494385
-0.26119464635848999 0.15338262915611267 0.47166597843170166
-0.22965575868764906 0.12663470723540074 0.4808156553463287
0.017260147258639336 0.29124760627746582 1.0779409408569336
0.057993907603449121 0.27562683496176127 1.0791286316819944
0.15469099121246518 0.057045987847459102 0.46463621670390792
0.14196565699772626 0.10965182018921435 0.46145158701811351
0.17962139802893698 0.1117760546474864 0.48505913008944718
0.18406143689445956 0.095861555111316304 0.45031037702737498
0.36331871151924133 0.30341571569442749 1.2167657613754272
0.3303317129611969 0.30688202381134033 1.21912682056427
0.33183986468049859 0.27281824591234438 1.1974830331944082
-0.086196102201938629 -0.10502360016107559 0.53864187002182007
-0.072709880769252777 -0.1096118837594986 0.57429993152618408
-0.060223863801719832 -0.084385304787007925 0.56611558247243043
0.0068910447880625725 0.27809280157089233 0.47268036007881165
0.0096744438633322716 0.29970654845237732 0.5017859935760498
0.1012265533208847 0.069842502474784851 0.033861085772514343
0.15437571704387665 0.070413865149021149 0.023832956328988075
0.12357661128044128 0.081272609531879425 0.058380167931318283
0.1463850544672686 0.045915115905856035 0.051638957940614898
0.18983124196529388 0.084543526172637939 0.25467255711555481
0.1969451904296875 0.076240107417106628 0.28106454014778137
-0.0086284354329109192 -0.10220208764076233 0.97244840860366821
0.02676708810031414 -0.1029752716422081 0.92103427648544312
-0.031947612762451172 -0.11073604971170425 0.94535964727401733
-0.031026005618662682 0.61500121859393442 0.84107152022017195
-0.0282783306011897 0.58050446685065638 0.79825834207844015
0.071128420531749725 0.0061186244711279869 0.040589723736047745
0.090206906199455261 -0.021569449454545975 0.018389543518424034
9.6680780819154372e-05 -0.038325748951354509 1.0338992544571437
-0.0074618174694478512 -0.06266321986913681 1.0884536504745483
0.5577932596206665 0.17540326714515686 1.3527927398681641
0.53078433569726902 0.15763111846813238 1.3034632329960929
0.58023016736434152 0.17946169859125807 1.3069765821746075
0.59242494816675495 0.1271352094475518 1.3351631240003987
0.65300321578979492 0.26955738663673401 1.2815382480621338
0.61303810364367661 0.23873565366610838 1.2455282845021516
0.61873687892506224 0.24941052274859637 1.2863592786220877
0.62155497074127197 0.27485933899879456 1.2623931169509888
0.36491376161575317 -0.077237658202648163 1.2685872316360474
0.40224185585975647 0.23045068979263306 1.0716056823730469
0.38218438625335693 0.26430675387382507 1.0961995124816895
0.37308356441035334 0.22892814884905424 1.1034562973293658
0.13267331117247064 0.21635998629667283 0.57423878963502462
0.12546908929626746 0.17864845170393975 0.63304971232414098
-0.32429585334897026 0.027506181968030858 0.58275637703854477
-0.30795639753341675 -0.0095344232395291328 0.54580271244049072
0.0096180842986622241 -0.031898014121784384 0.49945177414422903
-0.02164728428636049 -0.038235774759799002 0.42280913958851568
0.00010227129531175554 -0.076496521846620161 0.46107455241259321
0.40323967121357185 0.12007035141905993 1.3332523848462716
0.44341491207285799 0.071951073968419405 1.2788298519841284
-0.034772902727127075 0.23063752055168152 1.1362167596817017
-0.017167255282402039 0.24715216457843781 1.1106716394424438
-0.0034314352087676525 0.24333134293556213 1.1538509130477905
0.00050689239126059684 0.21345066498495055 1.1299220461438393
0.11611786635420922 -0.0053427142900720403 0.69718723158322304
0.068440430730956112 0.0064806559773566133 0.72455705220845701
-0.1208479255437851 0.17040275037288666 1.2109805345535278
-0.10032674670219421 0.19321569800376892 1.2183463573455811
-0.091676736153587471 0.14441401454406411 1.2214149155859921
-0.084780765282281276 0.17009999294211975 1.1800068324948982
0.28718113899230957 0.058242734521627426 1.3784118890762329
0.26495623588562012 0.085535928606987 1.3811633586883545
0.24972910019068628 0.095148647827089691 1.3327120516347131
-0.045000489801168442 0.028336882591247559 1.2204804420471191
-0.07254338264465332 0.02928435429930687 1.1926170587539673
-0.062827378511428833 0.05492527037858963 1.2273962497711182
-0.049952267806380395 0.062849668774088416 1.1944327385865738
-0.35582765936851501 0.42479085922241211 0.91741293668746948
-0.3312661349773407 0.39737591147422791 0.90957838296890259
-0.38198801875114441 0.39519739151000977 0.91554617881774902
0.14247590246156744 0.12083214638780457 0.53491293611667701
0.14772222936153412 0.19542945921421051 0.40941527485847473
0.1296973519746506 0.19675924528451202 0.4551298869124254
0.11837294697761536 0.22401426732540131 0.43892571330070496
0.10000629723072052 0.21321065723896027 0.41108810901641846
-0.3400823175907135 0.32099491357803345 0.66754323244094849
0.20850716531276703 0.13202719390392303 0.4371979832649231
0.20599329471588135 0.12438942492008209 0.41211861371994019
0.20377467572689056 0.10112830996513367 0.41868379712104797
0.11715871095657349 0.087274692952632904 0.12796193361282349
0.17094847559928894 0.071956135332584381 0.14181585609912872
0.11142552644014359 0.089869402348995209 0.15625187754631042
0.1384592455001798 0.032447898026578333 0.13813819723137571
0.066408531333487772 0.28552262229928382 0.7537657355371683
0.032908570888770992 0.3651446681192973 0.79341745981718947
0.46935530221713989 0.20125795218409209 1.2526510417125944
0.45154662544667146 0.22427025299490372 1.1885129511848427
0.48543084931040287 0.18250713814941777 1.1688824368360382
-0.23065979778766632 0.2363332211971283 0.55077052116394043
-0.17412571007567615 0.24409240593484963 0.56249341343180015
-0.21373841795962673 0.2072839188343526 0.54988446481013198
-0.12411101162433624 0.016315609216690063 0.37177321314811707
-0.30587867635389471 0.13297904260895432 0.82685809149491751
-0.31989509868729726 0.082799718161501404 0.7734343666725696
-0.24528728829993598 0.11586817004334134 0.78842555717373031
0.1502876877784729 -0.044688690453767776 0.37473234534263611
0.13716044387474252 -0.033345081367084549 0.33042771720704722
0.038533161841910087 0.46709479539061777 0.88570400323937015
0.15349800884723663 0.022781537845730782 1.3627612590789795
0.16872783005237579 -0.014583906158804893 1.3544157743453979
0.15890383734756361 0.017698979321653072 1.3131427963521785
0.28260362901650488 0.15315776404998058 1.3057288097267938
0.31806162671023835 0.20312413940458288 1.2666328077424864
0.30349153457063138 0.21183055461272557 1.3148853468509825
0.34734961785373936 0.19553898735242189 1.3255562709316451
0.17274594306945801 0.19015935063362122 0.43398019671440125
0.17921853065490723 0.17552243173122406 0.40778091549873352
0.15027286469784212 0.180764148628139 0.44581255818492843
0.54116857051849365 -0.017119495198130608 1.1857048273086548
0.51530623435974121 -0.029393138363957405 1.2109448909759521
0.16247266530990601 -0.025073690339922905 -0.17355082929134369
-0.35651025176048279 0.11612734943628311 0.62009584903717041
0.11462204158306122 0.44908931851387024 0.77004462480545044
0.062232974238824922 0.43557261666521163 0.80127467277204723
0.07212318480014801 0.25801846385002136 0.46698695421218872
0.049389451742172241 0.2834879457950592 0.49172767996788025
0.091031429381869394 0.24812335103784711 0.53041061659442534
-0.18745616921080313 0.30115879809838825 0.62508509946356261
-0.19989484548568726 0.33760622143745422 0.60015201568603516
-0.21504548120922645 0.33437831987697519 0.63972266646877274
-0.3397030234336853 0.16311973333358765 0.96857768297195435
-0.3582930862903595 0.14115971326828003 0.98043060302734375
-0.37772741913795471 0.15838171541690826 0.95741415023803711
-0.17048405110836029 0.50294607877731323 0.93945080041885376
-0.18565911672549618 0.53611920078843922 0.90425070701718369
-0.12864818083328583 0.51521634965999852 0.91468348464117932
-0.14612793581354952 0.47417686067860937 0.90481076724656928
-0.044466918301912066 0.028057346074545811 1.0916228329402982
-0.017253125339459753 0.028044542486068066 1.1701318537682328
0.48977944654320527 0.15478331465508599 1.1104801603562326
0.48644497498936229 0.10977512594032747 1.0758360280121293
-0.29565250873565674 0.040623437613248825 1.0205048322677612
-0.29393082857131958 0.014178046956658363 1.0022650957107544
-0.22194479248182175 0.37968024487166446 0.8570949105851976
-0.24080070853233337 0.48496204614639282 0.93318670988082886
0.53266086877476349 0.2218207659076466 1.2608198394487375
0.57083481122708912 0.17883397718626057 1.2513585042670821
0.59098750352859497 -0.0054507511667907238 1.2403903007507324
0.58784298538015478 0.038970590436187114 1.2266352533024047
0.54418820772573095 0.02027151256996565 1.2091687492616334
0.54743644364572608 0.021828272131882424 1.2555625876479355
0.29999438487181784 0.27342056970915113 1.069248600576616
0.33851806365184839 0.26973429151976486 1.111767776915354
0.12486717104911804 -0.037024836987257004 -0.14666524529457092
0.074971742928028107 0.14403392374515533 0.25176098942756653
0.070682428777217865 0.16368849575519562 0.29081997275352478
0.042409743595771987 0.10647598338275405 0.28123747665829985
0.18825721573996892 -0.019639490765491291 1.3164652537078183
0.021976381540298462 -0.00017608926282264292 0.20791330933570862
0.040668021887540817 -0.017208876088261604 0.18408322334289551
0.03347284346818924 0.018799575045704842 0.16448962688446045
-0.022706560758613038 0.33783497707909793 0.63673767793262837
-0.032866801073748189 0.28074285839208368 0.70106117745816432
0.011489453725516796 -0.093935191631317139 1.0038652420043945
-0.0060696043074131012 -0.081814952194690704 1.0303677320480347
-0.027552095793257646 -0.059368998972564618 0.97956751022408151
-0.26488378643989563 0.33271834254264832 0.90276914834976196
0.29679322242736816 0.14036259055137634 0.8142087459564209
0.2768130898475647 0.22127954661846161 0.88539415597915649
0.2396604415006727 0.22893882732864304 0.90138655242888954
0.27310508088637286 0.19527714094841142 0.90710635178453713
0.14317770349021339 0.14661660173130858 1.0259605547097641
0.16310136020183563 0.14718861877918243 1.3533821105957031
0.11264500766992569 -0.042815089225769043 0.71200692653656006
0.053037125617265701 0.27465876936912537 1.2392709255218506
0.074235320091247559 0.28052514791488647 1.273611307144165
0.14223669469356537 -0.088198378682136536 0.94207191467285156
0.16666252911090851 -0.09103778749704361 0.96869492530822754
0.48879968317658068 0.030441735923753915 0.92200171420881527
0.46254793081991946 -0.0097349150230697391 0.91761522251745808
-0.13430626118216613 0.3393017308101357 0.88707946009213579
-0.17432384192943573 0.33030408620834351 0.91782820224761963
-0.17610529471247685 0.37007403767993052 0.88565709833434536
-0.3809908926486969 0.073027536273002625 0.69063514471054077
-0.37061795592308044 0.098657436668872833 0.69125211238861084
-0.35360125280633048 0.056326894373152754 0.72095997784844679
-0.34919212656142012 0.069246344591443118 0.66871847702601606
0.029217313975095749 -0.042113970965147018 1.2170784473419189
0.007922537624835968 -0.042833425104618073 1.1855162382125854
0.012958897559144627 -0.014369356604439209 1.1947353845499766
0.024022379649880195 0.06279690670958335 0.24661404954351693
0.025350796058773994 0.58485782146453857 0.91913086175918579
-0.016432125121355057 0.56965541839599609 0.93502068519592285
-0.013063141226537641 0.14981277738322188 1.2609131754914529
0.027498000278619542 0.09947727843567869 1.263486235279059
0.0079664878002198205 0.15499181258455746 1.2171563893433519
0.037419083257677219 0.14033594436277205 1.2750090381780903
-0.32250121053359948 0.27107324096145258 0.79325537535835799
-0.36821361428738086 0.31141384710599568 0.80412002188181564
-0.3318341076374054 0.14818687736988068 0.64174139499664307
-0.31126719486513194 0.1260449599064829 0.67139975150889475
0.039067512265717981 0.09152404004417436 1.3175134199667398
0.067867971956729889 0.11029563844203949 1.3690332174301147
-0.090579905161128974 0.31464737272305199 0.73265146435279815
-0.14733224947848042 0.32414807763355213 0.76796278817243135
-0.078908677039640732 0.31415284347432648 0.79559695473596947
-0.12157668208142293 0.37301607690262661 0.74460214863893393
-0.20183046451673192 -0.029324148302784663 0.93570106193842362
-0.23757535745781283 -0.037793687531756791 0.91062538470082011
-0.24395172297954559 -0.030151821672916412 0.97422069311141968
0.4245750904083252 -0.049761932343244553 0.831248939037323
0.40659889578819275 -0.059278938919305801 0.85959523916244507
-0.096478448109895587 0.36133581149601862 0.8303522318766311
-0.16800290822251102 0.37172130895341782 0.82883870103644031
-0.1261203388281826 0.39716373459177695 0.78817479257298861
0.13133320212364197 0.3061748743057251 0.58115339279174805
0.10376676172018051 0.31560960412025452 0.55980420112609863
0.124849132715546 0.2650912213925547 0.58152302062016992
0.075519021895326902 0.29315615295579878 0.57389434602578193
0.2028652641685714 0.17481747671226577 0.92325589481517556
-0.25529471039772034 0.33956852555274963 0.62743228673934937
-0.26913595199584961 0.30695512890815735 0.62017053365707397
-0.23391501605510712 0.32022163271903992 0.60687154531478882
-0.23230327043551968 0.29872672490941227 0.62809421149373001
0.0011427271149647041 -0.0021166469389717157 0.97969943669940651
0.06546315017940707 -0.059305779480127573 0.9821341834450944
0.052138831466436386 -0.058143232017755508 -0.38323473930358887
0.054665867239236832 -0.003273240989074111 -0.39028286933898926
0.20484459415483547 0.24093460082383703 0.94915479154985505
-0.44298332929611206 0.076546870172023773 0.87743741273880005
-0.43345522880554199 0.083890616893768311 0.83044904470443726
-0.42122248886050112 0.11828998997182227 0.85025167049774064
0.096803661842744942 0.3578650852033306 0.74600575632872657
0.27427658139125816 0.063531603246090557 0.7624333011445803
0.3583009271571741 -0.00014765579492791419 1.0362330446702148
0.35930750061235556 -0.025846867045810358 0.96491562289313304
0.35682954166093295 -0.046148345194651184 1.0003686549687079
0.2994561841183585 -0.0098866489225088831 0.99119548813442382
-0.39282387495040894 0.16164903342723846 0.73529291152954102
-0.36327142385409844 0.13181124169595484 0.76911206863512427
-0.029504304215021222 0.092848246451978311 1.2170557999216667
0.13582779740078416 0.030720908759112368 0.58025575861813783
0.21222776174545288 0.0096970712766051292 0.61654913425445557
0.23942133784294128 0.010231862775981426 0.63649493455886841
-0.12123456634245922 0.14953371407402816 0.51828719186707406
-0.17471007994175805 0.20593256423438622 0.52216405921011078
-0.19001584620824624 0.1098413804528774 0.5139949096970905
0.28103625774383545 0.33828011155128479 1.0130099058151245
0.28831947553523035 0.28020876244403381 1.0044345483770429
0.29764851927757263 0.31453630328178406 0.99066799879074097
0.31437587738037109 0.31024491786956787 1.0233012437820435
0.1660046077747438 0.027526490358511103 0.023374720531558372
0.38029056787490845 -0.076084695756435394 1.0113747119903564
0.3387640118598938 -0.084142632782459259 1.0119849443435669
0.35954871773719788 -0.08132210373878479 1.0488482713699341
0.37220728808640818 -0.050349166087456237 1.040984186590596
-0.28009854276545254 0.24679391910766921 0.67464605648785203
-0.27704945898264005 0.19296837153170293 0.74684035321019704
-0.2044302158696911 0.45577191067313971 0.74426871254265781
-0.25526811828077411 0.45583094965170257 0.74553360215317688
-0.20995235001202825 0.42916245963410599 0.70969010407389299
0.10422762483358383 0.15145371854305267 0.26738783717155457
0.10357002168893814 0.16640505194664001 0.30315530300140381
-0.19595509767532349 0.54980206489562988 0.74358206987380981
-0.17464645206928253 0.57709270715713501 0.75954306125640869
0.11225176602602005 -0.050717256963253021 0.83520650863647461
0.11844707280397415 -0.044727582484483719 0.80087786912918091
0.083313398063182831 -0.056338563561439514 0.7801397442817688
0.2412128102184399 0.024371218967609513 1.0188160152318557
0.27416795428842378 0.030394324673482149 0.95181598274912094
-0.32748481631278992 0.2132180780172348 0.92917674779891968
-0.33892697899457797 0.18472643785350226 0.91056867652419893
-0.15119169652462006 0.35542422533035278 0.9164692759513855
-0.1461430138585943 0.39264362824799509 0.87029839228877315
0.30898052453994751 0.20971716940402985 0.92066872119903564
0.26645578544214965 0.2175853624293887 0.94556443267485291
0.33482387661933899 0.12682905793190002 1.3919841051101685
0.31756657361984253 0.088172301650047302 1.3831354379653931
0.30110934376716614 0.11599249392747879 1.3852221965789795
0.3341789691881023 0.12206201229177857 1.3532760360330209
0.16057337820529938 0.075676567852497101 0.057619769126176834
0.16277305781841278 0.070948906242847443 0.089489027857780457
-0.078294938653101026 0.25533338185772619 0.90982547801887459
-0.099340917247873431 0.28835879299963096 0.93696401579787536
-0.12426695960916312 0.29750585690081538 0.90930017979883471
-0.23859151901504541 0.46293052905969634 0.80132976697879665
-0.218741972899515 0.50450612527440164 0.83879804746070918
0.4652714729309082 -0.045085035264492035 0.90007549524307251
0.4717133641242981 -0.043820355087518692 0.93007004261016846
0.5164635181427002 -0.012300089001655579 0.91488498449325562
0.10328526794910431 0.064522445201873779 -0.00017887626017909497
0.08112344890832901 0.052492033690214157 0.021470917388796806
0.14733617007732391 0.10103224962949753 0.20007100701332092
0.14827388808926648 0.065401422423720434 0.18871035084286616
-0.036669883877038956 0.69771534204483032 0.88620996475219727
0.48416566848754883 0.13187852501869202 1.0050673484802246
0.45082440972328186 0.14261114597320557 0.99142730236053467
0.46524311144106212 0.083400192413015786 0.99124614785322529
0.49761060934486767 0.047899984575717244 1.2663864560794944
0.54356122021135822 0.082751876940224706 1.2334543508813081
0.065226443111896515 0.23126520216464996 0.42659562826156616
-0.11905061453580856 -0.012439640238881111 0.38738274574279785
-0.15565866231918335 0.023980632424354553 0.38820895552635193
0.16903002560138702 0.026820285245776176 -0.30504238605499268
0.120728500187397 0.030537255108356476 -0.31135192513465881
0.12529012152144964 -0.0060971917747926554 -0.28283687010392544
-0.001909938408061862 -0.023146741092205048 1.2233645915985107
-0.030883405357599258 -0.0042951805517077446 1.2082855701446533
-0.081014160108390618 0.29612518412090827 0.62025441245798041
-0.08278306054581365 0.33918121025574638 0.60329372565890915
-0.09547936717070131 0.35270840624730093 0.64339785680082828
0.14143970609606304 0.066288409149235672 0.50852687083807369
0.26711320877075195 -0.06407715380191803 1.2968697547912598
0.29888501639835452 -0.04679929852895514 1.2656174781256027
-0.4839400053024292 0.39067557454109192 0.90402162075042725
-0.49813175201416016 0.41112861037254333 0.88207346200942993
-0.46755388379096985 0.41919460892677307 0.898265540599823
-0.47533540874235009 0.40508630554814484 0.86298722798830063
-0.18448753654956818 0.39321127533912659 0.64168709516525269
-0.16197469977502002 0.34247384518407603 0.65294131349366125
-0.14298611976264491 0.37508602445757555 0.67213730283912387
-0.19931480730592607 0.36142768463975355 0.66876681930488879
0.37348388344043504 0.16339274857387889 1.0671313827485189
-0.02781206562519262 0.1958186162159149 1.1804403661808607
-0.04848503229264603 0.17912204506136933 1.1429412823875698
0.21466158330440521 0.1461120992898941 0.71784085035324097
0.17539406883594511 0.16341425176407859 0.73744360574632406
0.19051619782468096 0.25802072553883731 0.81350322786573992
-0.11530085653066635 0.25703147053718567 0.99739205837249756
-0.056975704090091443 0.25526185085066 0.98519982218128477
-0.099713290357861431 0.24662654711780643 0.96090602772133349
-0.20017782977345885 0.21679798721632398 0.78336765161181021
0.20079584419727325 0.060269463807344437 0.48208829760551453
0.1907983555046113 0.099502694570807945 0.52712868058255868
0.19209624826908112 0.041325755417346954 0.51968604326248169
0.090232200920581818 0.40893113613128662 0.98158049583435059
0.039416581392288208 0.41034397482872009 0.98182308673858643
0.055001302067569958 0.3749008709701791 0.97666064103243666
0.21505685150623322 0.10050813108682632 0.61227494478225708
0.23062430322170258 0.072171859443187714 0.58989632129669189
0.2063362046227519 0.048228204649613943 0.61807180728978772
-0.39114099740982056 0.10533139109611511 0.73910266160964966
-0.39021071791648865 0.072586603462696075 0.73228877782821655
-0.35391085263003186 0.10685570568205334 0.73021753081412388
-0.20748066902160645 -0.055301409214735031 0.50394243001937866
-0.17197408798088912 -0.032336848378220935 0.49392579527684521
0.048376699667435324 0.20248101734725191 1.136689549901021
0.0022995780276271823 0.16393625361551553 1.0921089659071426
0.19951713085174561 -0.076837584376335144 0.86594855785369873
0.42054504156112671 -0.057654194533824921 0.92219340801239014
0.57433789968490601 0.13652266561985016 1.3707157373428345
-0.16227810884807414 0.037488180763982304 0.97353793664293653
-0.13664923581292146 -0.02741113304817034 0.94624683862594683
-0.13759450652198021 -0.013910440486281437 1.0156337511217475
-0.19362605291685528 -0.0083086717696558184 0.98387722870144312
-0.082069173455238342 0.37376275658607483 0.94185525178909302
-0.093632012605667114 0.40803781151771545 0.93946826457977295
-0.051004439760135391 0.39749438025332007 0.91345796187750095
-0.088157178643547038 0.37377666175426649 0.893762821538852
0.10428396407435164 0.31700362906595947 1.0460390793944927
0.15711012248357042 0.24651126117765165 1.0217021530816468
0.15375426887024068 0.30574892849264884 1.0688125311324153
0.12087504447874077 0.24869064129718202 1.0617051083589875
0.015033367269805427 0.38752375824422131 0.7328232959217611
0.35436335206031799 0.12820617854595184 0.86866790056228638
0.36562771250307008 0.081936553578876553 0.87973401081924085
-0.39949658513069153 0.019566403701901436 0.90692991018295288
-0.40476906299591064 0.023127367720007896 0.86330586671829224
-0.36622157717781401 0.029708651967631929 0.86518567472780084
0.32471795388616781 -0.0056930785675732226 0.9124820928437003
0.18660104274749756 0.20063723623752594 0.70591109991073608
0.17240966856479645 0.22120380401611328 0.68060928583145142
0.02685222402215004 -0.084576211869716644 0.67640388011932373
0.031187050044536591 0.31927639245986938 0.53089356422424316
0.0025169607683836019 0.29891239806715114 0.55809091104613506
0.031472623348236084 0.11013322323560715 1.3590363264083862
-0.07012292742729187 0.71629822254180908 0.90671920776367188
-0.098895624279975891 0.69993847608566284 0.88353586196899414
0.02227802878333271 0.05108968689370022 1.2733235265766756
0.022789228707551956 0.01576489582657814 1.3013867139816284
0.0047443462535738945 -0.0042959898710250854 1.2611887454986572
0.055028133925520376 0.013288907990493724 1.2705145183895532
0.2525475025177002 0.33244478702545166 1.141846776008606
0.27299010753631592 0.3193264901638031 1.1825853586196899
0.22092828154563904 0.33230721950531006 1.1563912630081177
0.21737136034596541 0.29402644948608486 1.161594960352921
0.54321771860122681 -0.014859382063150406 1.1520869731903076
0.053472007433222002 0.39446321182420524 0.7562895300790633
-0.42309686541557312 0.17957623302936554 0.74377155303955078
-0.44654813408851624 0.16723869740962982 0.7722012996673584
-0.42806461453437805 0.14414949715137482 0.77082645893096924
-0.29803663492202759 0.26811924576759338 0.90967345237731934
-0.28271663675203224 0.28271688025816782 0.85947013734409605
-0.29478111863136292 0.3008531928062439 0.90235108137130737
-0.088752856171844779 -0.019295537005030491 0.60617463029866703
-0.072219276389624151 -0.076133535041591816 0.63296233404224778
-0.047131825297384987 -0.061365882989347177 0.59574442024431395
-0.12881091809215436 0.01392293126848051 0.76170765575633737
0.030688177794218063 -0.028721772134304047 0.24322803318500519
0.066427797079086304 -0.044781792908906937 0.22926671802997589
0.39363601803779602 -0.063793793320655823 0.89411163330078125
0.3846843179248689 -0.03653640669210325 1.0774968955956066
0.37750533223152161 -0.075256116688251495 1.0779650211334229
0.35730576451708379 -0.049326181235026835 1.0894174266138208
-0.14389865709568753 0.28576576076073168 0.83541074102918766
0.15025715529918671 0.35063424706459045 0.72577881813049316
0.12063640393213271 0.33442452750174562 0.72143941427291758
-0.095740083147851818 -0.067126321181211021 0.91882104403928155
-0.090061727396590061 -0.04325005442026511 0.98202829017300564
-0.45759447044342005 0.33792327218930746 0.82689115885633979
-0.44294878830117196 0.34224729242787222 0.87114594178973115
-0.46100888417144054 0.32165339407437965 0.88211830429287796
0.031568601727485657 -0.08404029905796051 0.85871368646621704
0.013187001914674432 -0.072880211210020737 0.89589789223754779
-0.036920337150178534 0.027787482869748203 0.33345069894458707
-0.047308773922528871 0.17349258986125068 1.2237835510984718
-0.068446516990661621 0.21250937879085541 1.2619494199752808
-0.056846875697374344 0.21847134828567505 1.2027081251144409
-0.091245628893375397 0.19884577393531799 1.2470048666000366
-0.00018598536553326994 0.60083681344985962 0.94255173206329346
-0.076631650333984849 -0.077790023006618192 0.95083039124528712
-0.34725537896156311 -0.0033555943518877029 0.6014288067817688
-0.36187738180160522 0.02306077815592289 0.58977812528610229
-0.34908624117517262 0.040118559035679215 0.62734255908918501
-0.082433193922042847 0.22652353346347809 1.0853883028030396
-0.1181451752781868 0.21180504560470581 1.0830644369125366
0.15240391561916627 0.28438043664166113 0.96906918347714854
-0.13130348093314198 -0.067363721526649198 0.74522949563003182
0.31346163153648376 0.16440218687057495 0.87434887886047363
-0.0015341180406029985 0.17954704807196908 0.70109068906461847
0.22427528465475052 0.14109001002165381 0.78666678673644697
0.18996514692934122 0.12213269347329797 0.83524050089440749
-0.12672868371009827 0.30906569957733154 0.53812956809997559
-0.12486286461353302 0.33173638582229614 0.56066358089447021
-0.13052018341070834 0.28310847058543126 0.56252659584920217
-0.097410790465978003 0.31623663101044563 0.57337531384653173
0.44098332524299622 -0.053003828972578049 0.94855517148971558
0.39880883693695068 -0.065397463738918304 0.95210492610931396
0.4168182909488678 -0.061817839741706848 0.97903245687484741
0.44772642850875854 0.24764932692050934 1.3417302370071411
0.46954205632209778 0.21449273824691772 1.3461325168609619
0.4429224925152479 0.20265020470373724 1.3249320043341897
0.47402816485421018 0.24702218411296056 1.3055239943185446
0.53032511472702026 0.23720714449882507 1.3320739269256592
0.49012976884841919 0.23545064032077789 1.3374942541122437
0.50665909051895142 0.26184451580047607 1.3290892839431763
0.25092360377311707 0.09493478387594223 0.69288396835327148
0.22922855615615845 0.11617657542228699 0.70875459909439087
0.21925659477710724 0.10503268241882324 0.6688237190246582
0.22523635289863272 0.067107916951896371 0.68700291017567872
0.66140902042388916 0.23356957733631134 1.2147364616394043
0.65612632036209106 0.20646354556083679 1.194368839263916
0.6754334568977356 0.1774403303861618 1.212576150894165
0.64957061431930296 0.2082429271101405 1.2509088422352346
-0.077666997909545898 0.0083933202549815178 0.33799657225608826
-0.1411394327878952 0.10610628128051758 0.35451474785804749
-0.09970393031835556 0.12496763467788696 0.33359050750732422
-0.41399624943733215 0.44700506329536438 0.79499822854995728
-0.42797700471078681 0.40791976807002395 0.79761395117876044
0.55398446321487427 0.12577520310878754 1.0563945770263672
0.56303715705871582 0.1070118248462677 1.029677152633667
0.58693313598632812 0.11411850899457932 1.0539991855621338
0.56136219298607259 0.095803408848682492 1.0737110330581769
0.15094572305679321 0.2094113677740097 0.43978434801101685
0.16960045695304871 0.20823262631893158 0.46147724986076355
-0.3672766387462616 0.05128122866153717 0.57252144813537598
-0.35075652599334717 0.030850982293486595 0.55896991491317749
0.2734190821647644 0.21406885981559753 1.3383616209030151
0.50235897302627563 -0.02419523149728775 1.0999722480773926
0.10245331429171925 -0.014610112068868919 1.2022243566409687
-0.39135810732841492 0.29546436667442322 0.90754842758178711
-0.37904331088066101 0.3280392587184906 0.90742480754852295
-0.35788092017173767 0.30083712935447693 0.90173178911209106
-0.22040353715419769 0.63789176940917969 0.9574439525604248
-0.2319999486207962 0.6607401967048645 0.93692296743392944
-0.20965643227100372 0.61797833442687988 0.94797396659851074
-0.24816098809242249 0.64770597219467163 0.90788793563842773
0.083497107028961182 0.20288528501987457 0.3835107684135437
0.22024452686309814 -0.046647403389215469 -0.45670467615127563
0.20014643669128418 -0.017976878210902214 -0.47639331221580505
0.19738531112670898 -0.065604373812675476 -0.47165456414222717
0.27797830104827881 0.29611623287200928 1.2935332059860229
0.31685450673103333 0.29493162035942078 1.2972193956375122
-0.18687395751476288 0.22732418775558472 0.98794925212860107
-0.21787597239017487 0.23349551856517792 0.95847958326339722
-0.18284383211586264 0.22699633929871604 0.94750938266707219
-0.078163608362864748 0.24041324866403865 0.78234355717272219
-0.068265795707702637 0.16257104277610779 1.3123568296432495
-0.076013080775737762 0.1185087263584137 1.2907674312591553
-0.09507664293050766 0.14368751645088196 1.2843002080917358
-0.051124817481816999 0.16605347961775399 1.2865455611657286
0.040075154759836765 0.27369383371162109 0.53443459721277842
-0.33610757946949416 0.44086807415421292 0.88734145090962391
-0.30478429794311523 0.45750290155410767 0.92138606309890747
-0.365721195936203 0.46106964349746704 0.91640061140060425
-0.078428341600226131 -0.0955538921772318 0.75254038811577795
-0.21689907715425244 0.27445336410915055 0.83773418102102892
-0.24345704662706252 0.25846351490123987 0.88388095233999153
-0.036936208605766296 0.41122481226921082 0.95947474241256714
0.20337975025177002 0.061236061155796051 0.33316737413406372
0.21295186572587221 0.014293392566152429 0.72263162077162268
0.1695040890288711 0.015626431894708734 0.76183457098190788
0.17050887320767749 0.010672362137490485 0.71634695899488232
-0.3718782365322113 0.010426890105009079 0.95191699266433716
-0.33986635783368963 0.028559173656950015 0.93080483347959853
0.08975934237241745 0.49479752779006958 0.84533470869064331
-0.022266155108809471 0.082613594830036163 1.3102350234985352
-0.011504381666092604 0.12480247286265132 1.3019238777483697
-0.46982321589563225 0.36818300670287635 0.7925252311097003
-0.14931118488311768 0.39615437388420105 0.64027309417724609
-0.099706560373306274 0.38983884453773499 0.63734960556030273
-0.015798214066607572 -0.078202763769727152 0.87149778359484165
-0.39707428216934204 0.22070138156414032 0.70527923107147217
-0.36321941721093615 0.24269413195117295 0.71178883248395475
0.11325738106910938 0.008695774923201156 -0.12847367883213329
0.069209791719913483 0.013603629544377327 -0.12986215949058533
0.066528834402561188 0.025345433503389359 -0.16560924053192139
0.077066116034984589 -0.01041718665510416 -0.13478919863700867
0.5668057119644766 0.13774459034744987 1.2058038435126965
0.57977365336166942 0.11867495253298006 1.2770063129916858
0.46672825019106623 0.04500942399633491 1.3194409561606866
0.41313234351571793 0.021017749735905467 1.3080527515131288
0.42629971867185473 0.072853023437903813 1.3359398419855972
-0.29023453593254089 0.19640517234802246 0.58991742134094238
-0.048942717243639328 0.35254441713743445 0.68589129470605525
-0.10779178828333542 0.30962366281188208 0.67260356870826921
0.54270988702774048 -0.011309235356748104 1.1303789615631104
-0.10504058003425598 0.19813975691795349 1.1506822109222412
-0.085185311734676361 0.20406779646873474 1.1761353015899658
-0.1097855269908905 0.19029651582241058 1.1865074634552002
-0.14065746963024139 -0.024670341983437538 0.41354280710220337
0.21515236794948578 0.32455486059188843 1.1888817548751831
0.22745681314444949 0.28438514447637858 1.2217040175519664
-0.3282758891582489 0.078052051365375519 1.0209301710128784
-0.32283279299736023 0.12834976613521576 1.0163902044296265
-0.3024657666683197 0.087049685418605804 1.0393729209899902
0.21562633942570589 0.099921734674595739 1.0467976786102084
0.19706869865778157 0.11569015193123684 1.1401392770773564
0.26475230579225278 0.052069915056716834 1.0925324198865047
0.14644783347066032 0.0034453997878018329 0.81566177929861705
-0.16306149959564209 0.70235729217529297 0.88530761003494263
-0.13138005404456987 0.68210200486764838 0.93275235882005547
0.19592607021331787 0.030059823766350746 0.057183809578418732
-0.2511601448059082 0.37460249662399292 0.64501237869262695
-0.25786334276199341 0.40744021534919739 0.67380279302597046
-0.2569267957810657 0.33933854069010411 0.67235931890052048
-0.22619681509678932 0.38646954548755469 0.691084080396274
0.0800589919090271 -0.0665607750415802 -0.47824448347091675
0.05963970348238945 0.005753769539296627 -0.46512919664382935
-0.30635412340576185 0.31891830652395498 0.83471811996426359
-0.26657501702361874 0.32589927027163074 0.81281487411219999
0.51586770038436314 0.084835528137562025 1.3111761553373766
-0.059257058823842974 -0.030903060753320763 0.89435915469012051
-0.059714729149811949 -0.094186321546909924 0.8982725493426269
-0.030913662474517212 -0.080725407365621629 0.92827400566021689
-0.32103607058525085 0.48888605833053589 0.91409081220626831
-0.31279929825502895 0.4627145421306838 0.86780780208876329
0.10538043826818466 0.079916611313819885 0.095667943358421326
0.079531727381745493 0.020945062947569593 0.1156715722387336
-0.40925994515419006 0.25457862019538879 0.70629513263702393
-0.3683704749074469 0.46412206681149321 0.87392313985454795
-0.35525704242813411 0.46734711617365543 0.84078263183339019
-0.044037385471397315 0.32219219333496368 0.58770164687119253
0.17322953086883328 0.14884031239828835 0.45445377709995088
0.040252596139907837 0.17623057961463928 0.31545567512512207
0.29171944238687764 -0.02087356800922122 0.93467290697273464
0.27044562451488507 -0.061910592559185823 0.96322363766769592
0.28434715679720879 -0.063822368700115845 0.91856501354843612
-0.27472352981567383 0.48599886894226074 0.73339515924453735
-0.28551551699638367 0.5137404203414917 0.75513929128646851
-0.29217522372825444 0.48173118693613237 0.78105222146381548
-0.41075089573860168 0.42765972018241882 0.76504451036453247
-0.38325551152229309 0.41562369465827942 0.74257558584213257
-0.37773758538740798 0.3920970097109483 0.81035480466703602
-0.39330002665519714 0.040986128151416779 0.75683838129043579
-0.39401793479919434 0.02380666695535183 0.80699664354324341
-0.37070274353027344 -0.000677314936183393 0.79164928197860718
-0.35607214548954041 0.038536138355745639 0.80779831882854436
0.57639575004577637 0.25478607416152954 1.3206566572189331
0.60588300228118896 0.26710051298141479 1.3146053552627563
0.61035597324371338 0.23703140020370483 1.3279341459274292
0.40115435228190355 -0.018362683842978251 1.1950136556351472
0.40895792070175896 -0.030864168335466537 1.154196145189986
0.13709879562061875 0.064263056887180023 1.2865873196055719
0.1587718988184012 0.094705123043088299 1.2406044190306369
0.16833240699719654 0.054949914668126959 1.2999971483774986
-0.36900317668914795 -0.0074808942154049873 0.91623610258102417
-0.32015672928997779 0.00029555099858834049 0.90351881413846991
-0.23624908924102783 -0.010894271545112133 0.47902053594589233
0.29463323950767517 -0.0039229472167789936 1.362551212310791
0.29047396779060364 -0.039507061243057251 1.3445996046066284
0.090468298491003171 0.23700026077651057 0.59092136793991534
0.066470727959481668 0.20342116424110207 0.62002763972734787
0.071404702136757051 0.26699560991651372 0.62109343231119762
0.036393519449604027 0.23653212830631473 0.569412697214843
0.17669139802455902 0.28371721506118774 0.72955763339996338
0.16341435105712421 0.27716609627407135 0.78829791577948649
0.18958577513694763 0.2607765793800354 0.75123143196105957
0.17398281395435333 0.31237339973449707 0.74966752529144287
0.47631871700286865 0.21389055252075195 1.1203055381774902
0.43988427938016078 0.18415822123981448 1.1369091216263534
0.60021483494107186 0.053384013557944254 1.1418611062440251
0.61115976376311121 0.12929994862776034 1.1613758934772944
0.63635982882785336 0.08924299884576839 1.1300479677080675
-0.52369856834411621 0.26988053321838379 0.82938629388809204
-0.52332532405853271 0.28587731719017029 0.85848492383956909
-0.48974560859524746 0.28831592148162566 0.86065031198838882
-0.49158139026046022 0.29949404492323289 0.8182751346811673
-0.086312822997570038 -0.1280498206615448 0.82251042127609253
-0.12783658504486084 -0.12164081633090973 0.84025633335113525
-0.14308512183861147 0.56123433492585151 0.91221872358700362
0.017647418520802885 0.26397745578711296 1.0766349101612847
-0.012637240622771852 0.2586765147743495 1.0346328756462628
0.10213617980480194 0.01533026434481144 -0.39980855584144592
0.14406792819499969 0.27794799208641052 1.2915216684341431
0.16567452251911163 0.25816056132316589 1.3051780462265015
0.14611436426639557 0.23056843876838684 1.3168984651565552
0.12031527104253424 0.23414811794240456 1.279281936920085
0.31598973274230957 0.22870954871177673 0.94964766502380371
0.28639283776283264 0.23594231903553009 0.91048306226730347
-0.15223048627376556 0.23859144747257233 0.99921673536300659
-0.17410171031951904 0.48992419242858887 0.70439386367797852
0.059561620026686579 -0.01467444424639101 1.0150779350737142
0.027665268626308852 -0.06393505330438809 0.99999360894117173
0.39589217305183411 0.088515065610408783 0.84153306484222412
0.3651854395866394 -0.075499311089515686 1.1614447832107544
0.37864716520639063 -0.044056964839336091 1.1282557568544009
-0.34847009181976318 0.18572452664375305 0.94409829378128052
-0.40407875180244446 0.17085383832454681 0.94037175178527832
-0.094250815971449589 0.4780238931868101 0.89868258520740629
-0.0088127115741372108 -0.11318089067935944 0.90384411811828613
0.06999119371175766 0.31529542803764343 0.53792691230773926
0.085676863789558411 0.28650152683258057 0.51154935359954834
-0.23372611934264165 0.53344688650353267 0.88464077115286521
0.1725732684135437 -0.064334660768508911 -0.46167647838592529
0.16839402914047241 0.0016275872476398945 -0.47968196868896484
-0.069279499351978302 -0.082646086812019348 1.0042870044708252
-0.10481759905815125 -0.06981264054775238 1.0143599510192871
0.59591406583786011 0.0098359491676092148 1.0315811634063721
0.60094708204269409 0.029723716899752617 1.002976655960083
0.54891050713238621 0.033226521835851092 1.0122252735455888
0.58743944370880996 0.054973204499411205 1.0476743221961216
0.32882198288533548 -0.050667307487770374 1.0505543734643092
0.27819278836250305 -0.072166793048381805 1.1975027322769165
0.32126116752624512 -0.079550795257091522 1.1790413856506348
0.29365420341491699 -0.077065572142601013 1.1484878063201904
0.29405534267425537 -0.061065409332513809 1.3153138160705566
0.27802840217260694 0.072769636294901463 0.82379666281624631
0.2388908863067627 0.28787028789520264 1.2983214855194092
0.21348938345909119 0.23793824017047882 1.3212366104125977
0.2026154100894928 0.26892754435539246 1.30417799949646
0.21661674351104168 0.26481624799543801 1.269150578657493
0.072612234640033982 0.13571624952513012 0.33424714125492216
-0.34150812409541847 0.014158395621936158 0.66059460514568114
-0.35279181599617004 -0.015913538634777069 0.66392785310745239
0.14010736346244812 0.13886365294456482 0.25835520029067993
0.13125512763818212 0.12760491808097971 0.29422616932216172
-0.10928026586771011 0.55393904447555542 0.74200242757797241
-0.075246208630347228 0.52564161451826763 0.75078322462319302
-0.094722233712673187 0.51607412099838257 0.93800443410873413
-0.12433897703886032 0.54534727334976196 0.94018691778182983
0.1809140689346323 0.0030951033956724446 0.86700324482854929
0.04601292684674263 0.30408230423927307 1.0978147983551025
0.57948338985443115 0.21991099417209625 1.3297408819198608
0.58187573704818718 0.22936127120918612 1.2728784478291157
0.61151965422162202 0.20195991065882515 1.2890440015323381
-0.19630588591098785 0.50577300786972046 0.71779197454452515
-0.24354434013366699 0.48352351784706116 0.71992033720016479
0.1091948002576828 -0.039391122758388519 0.67463701963424683
-0.29135075211524963 0.22954833507537842 0.92906045913696289
-0.29179039597511292 0.20183463394641876 0.95059627294540405
0.11398011445999146 -0.05123172327876091 0.47650465369224548
0.11170800030231476 -0.069686196744441986 0.4204980731010437
0.088808105770106088 -0.050128175381848369 0.42371579419542055
-0.0017804119270294905 0.63716334104537964 0.8215479850769043
-0.028594914823770523 0.62358039617538452 0.80038547515869141
0.1464775949716568 -0.037843469530344009 -0.22605365514755249
0.11229053139686584 -0.049156833440065384 -0.25238046050071716
0.11280138790607452 -0.043524403125047684 -0.20531865954399109
-0.42011448787148864 0.29685674410062762 0.8874955602623309
0.044995561242103577 0.37735277414321899 0.6272321343421936
0.077874697744846344 0.38392272591590881 0.65854638814926147
0.02486061596675132 0.34927952722260197 0.66592669157898798
0.07868351798010266 0.32405401590298177 0.64000192394679745
0.67110508680343628 0.12430682778358459 1.1918104887008667
0.65952444076538086 0.14786684513092041 1.1639643907546997
0.64096986372800524 0.16107876288473083 1.2094407763512347
0.19101808068086906 0.34211837791519911 1.0010195945375826
0.23551176488399506 0.35981076955795288 0.98217666149139404
0.011297624540126686 0.16834169904469476 0.49180576515037022
0.23950932919979095 0.11061228066682816 1.3775159120559692
0.21122229099273682 0.13563618063926697 1.3668516874313354
-0.02306306730442418 0.0049876191489234096 0.52442774118758118
0.29010196216344708 0.29712843588567567 1.1394088962734936
0.29633303698974567 0.24062492289597309 1.1415065043359294
0.34008443355560303 0.30115592479705811 1.1615815162658691
0.31347629427909851 -0.026794645935297012 0.73964178562164307
0.33579411944646465 0.0077126392140236411 0.76736570144402583
0.29964127926114115 0.024091663738721028 0.73822759631418045
-0.46168226003646851 0.27918407320976257 0.9059596061706543
-0.43440231680870056 0.25661635398864746 0.90524810552597046
0.09100900335259611 -0.032342347577698952 0.88744462344289543
0.17945684492588043 -0.08232918381690979 1.0507403612136841
0.19843703922483 -0.059226291470943458 1.0387216534065542
-0.14322312338834559 -0.029920765563384643 0.56964586354192381
-0.061764061450958252 -0.068584613502025604 0.39409264922142029
-0.045787446200847626 -0.090241231024265289 0.41711607575416565
0.62266161508776263 0.093034072056934758 1.21558533146199
0.65001399413455818 0.12426713591756934 1.2486509837367652
0.62105710690174332 0.15715745344810444 1.2530606016572934
-0.1683342307806015 0.41206076741218567 0.92212271690368652
-0.19342201948165894 0.3867613673210144 0.91211187839508057
-0.26833698153495789 0.45031428337097168 0.71140509843826294
0.12716266456196984 0.14645687724420764 0.34585987292687409
0.49165722574594117 0.21001619084705381 1.3115158786670094
-0.076503810554191004 0.47831309350474077 0.84139210331889869
-0.15256381019032569 0.31288615025142352 0.58636004638970074
0.1889321506023407 0.054725952446460724 0.40275496244430542
0.18232113122940063 0.043127056211233139 0.44531288743019104
0.19813556969165802 0.073196157813072205 0.42968901991844177
-0.41687357425689697 0.13992179930210114 0.9523395299911499
-0.41440031889561968 0.11114225043164952 0.89863294331617116
0.55395130009328009 0.05955203656916639 1.2877000116262107
0.18146207928657532 -0.037106331437826157 0.7789536714553833
0.15066510438919067 -0.054849952459335327 0.83445638418197632
0.17166499208776251 0.29800185869532475 0.88423062162560251
0.095050540709683926 0.2088784267689221 0.74500004913564222
0.088535748422145844 0.053014017641544342 -0.037073466926813126
0.12676534056663513 0.060757018625736237 -0.047295209020376205
0.13564203679561615 0.068695582449436188 -0.013194809667766094
0.1029909215514459 0.40507278960473303 0.76884252288808375
0.21604843437671661 0.29217880964279175 0.83664655685424805
-0.19060393450860666 0.23560981014072144 0.88130144953621603
0.23970362544059753 0.34554070234298706 1.0954002141952515
0.42713055014610291 -0.05502241849899292 1.1349449157714844
-0.31505554914474487 -0.0067315986379981041 0.96652883291244507
-0.43348553776741028 0.22236138582229614 0.90938925743103027
-0.40047928690910339 0.2082354724407196 0.91597527265548706
0.15842743217945099 0.29799193143844604 1.2555149793624878
0.17470785975456238 0.28274300694465637 1.2856775522232056
0.1639489772316958 0.25345374721115266 1.2702933173989082
0.17944965845778307 0.28329049949876284 1.2393383813098768
-0.15581577869713939 0.31299751700572387 0.69136221436799161
-0.22422782910765926 0.3324528195643851 0.73484223279810112
-0.1957397581149764 0.27838584285738671 0.75569007654065112
-0.01915153302340426 -0.023911543482743439 0.59835856925649855
-0.062957201843820143 0.052547828677033226 0.59370228271144032
0.4280695915222168 0.29065492749214172 1.3092018365859985
0.45738822221755981 0.27335706353187561 1.3256930112838745
0.12345272108820748 0.05458920715628162 1.1733426154830378
0.069538232975557113 0.030269804382295692 1.1837318990121419
0.13885441422462463 -0.049544692039489746 -0.28121921420097351
0.12384728342294693 -0.059952214360237122 -0.32285943627357483
0.11084809899330139 -0.055536337196826935 -0.2942531406879425
-0.12523195147514343 0.38479942083358765 0.92507046461105347
-0.12549893233297757 0.42628212149976857 0.90006906559470701
-0.14053541421890259 -0.025279534980654716 1.0624990463256836
-0.10786899924278259 -0.025315133854746819 1.0891351699829102
-0.092933881233767252 -0.00046195900194078267 1.0287664630137818
-0.13388961553573608 -0.11798541992902756 0.76164543628692627
-0.10549119859933853 0.63880187273025513 0.97494637966156006
-0.12326853128642726 0.61058435888304952 0.91703339036947917
0.27522664984292428 0.26938801016305985 1.195617462698106
0.25011831521987915 0.31903985142707825 1.2123382091522217
0.11468110978603363 0.43056833744049072 0.74386328458786011
-0.12817244231700897 0.19127248227596283 1.1229580640792847
-0.067275673151016235 0.21863502264022827 1.1249934434890747
-0.08750642827748617 0.16495925652279689 1.1095181954240787
-0.04715505685578171 -0.024158341331486446 0.6533499339606671
-0.06295611697734195 -0.044358611086837099 0.72189735498953878
0.015546081733494501 -0.012172582221228846 0.70563450203928246
-0.073500146789594961 0.051664572685796127 0.69802437535636797
0.12665390968322754 -0.073656037449836731 1.1613836288452148
0.071874871850013733 -0.068928509950637817 1.1438370943069458
0.56441508997376022 0.25738465085086637 1.2899854812365958
-0.036697141826152802 -0.11048357933759689 0.70827186107635498
-0.013038503937423229 -0.10123012214899063 0.68068838119506836
-0.054295138109891936 -0.078605720298214041 0.68112261885955028
-0.036402474518432405 -0.083603183927447741 0.7202638402766437
-0.049369901418685913 0.026782212778925896 0.28976675868034363
0.089388642655453723 0.11254128426809233 1.2830830060332199
0.24373346540249752 0.29441362529465109 1.1076173956384119
0.12479551881551743 0.027857121080160141 -0.45268604159355164
0.14323000609874725 0.026458371430635452 -0.48056158423423767
-0.17420671880245209 0.16639862954616547 1.1144086122512817
-0.16434818506240845 0.13864865899085999 1.1638767719268799
-0.18454097211360931 0.14021323621273041 1.133568286895752
-0.14797284201869518 0.13859083324528787 1.1273023683241199
0.20370559701823363 0.09147975134178761 1.2816596000114504
-0.1055507995396095 0.095200282064907105 1.0462336264542089
-0.10856701437852868 0.11010984301675 1.1520673776094053
-0.13678236697680907 0.080096416215076308 1.1088115608140321
0.25756718281129398 0.30848674457889486 1.0518107347877563
0.11733823857959103 -0.00901642722610373 0.74559395931145989
-0.037248827517032623 0.29345026612281799 1.0154776573181152
-0.16886156797409058 0.52736049890518188 0.72621864080429077
-0.0460493303835392 -0.11478720605373383 0.74476385116577148
-0.023776363608712412 -0.073423485814963718 0.76358846860130147
-0.023797302960290655 0.025993184963819121 1.0335071388759447
0.47953781485557556 0.26109296083450317 1.188386082649231
0.2848415113624177 0.0017599133094313578 1.0551551690264096
0.013013918071238403 0.34308124227418518 0.72856668697204341
-0.049483494090355566 0.13063127413109282 1.1883884906170983
0.0076167485676705837 0.35495752096176147 1.0051289796829224
0.063955615851213204 0.34170111774573159 1.0194085210882604
0.045614764094352722 0.3655058741569519 1.0223164558410645
0.055816907435655594 0.38786724209785461 1.0031849145889282
0.094802878797054291 0.37561643123626709 1.0312820672988892
-0.4541170597076416 0.23076397180557251 0.74358522891998291
-0.47018784284591675 0.19565398991107941 0.77337503433227539
0.12394825369119644 -0.031509570777416229 0.51238572597503662
0.40947189927101135 0.040593937039375305 0.78633987903594971
0.13579897582530975 -0.050920136272907257 1.3106573820114136
0.1677873283624649 -0.053131062537431717 1.3270680904388428
0.65664726495742798 0.048814419656991959 1.2519867420196533
-0.1395721435546875 0.62431800365447998 0.96439927816390991
-0.099652822794121354 0.67596732351005984 0.93611291439604249
-0.0079607710481575285 0.4243445890151808 0.89587920038694757
0.48669233918190002 0.17893381416797638 1.0827330350875854
0.61765384674072266 0.080702811479568481 1.0296719074249268
0.59538193456816058 0.091274803231223195 1.0727717856495009
0.68852329254150391 0.14625747501850128 1.2951600551605225
0.68290245532989502 0.13875687122344971 1.3269317150115967
0.67547953128814697 0.16866429150104523 1.3414982557296753
0.10913335531949997 0.33282440900802612 0.59677493572235107
0.51976384565729061 0.018960498322748806 1.1092664015919111
0.05719444528222084 0.12366369366645813 0.22447569668292999
0.082929909229278564 0.51829975843429565 0.81494522094726562
0.65392673015594482 0.0270269475877285 1.0949250459671021
0.61835956573486328 0.01199742965400219 1.0645064115524292
0.62484174966812134 0.0041510462760925293 1.1040680408477783
0.62352101237740143 0.064179436228772688 1.0918184142140448
0.20466959071508078 0.012362703754858288 1.1395802189124433
0.16001976577062882 -0.029269801151369915 1.1783298209470876
0.29221349954605103 0.31511428952217102 1.2192174196243286
0.2818010151386261 0.31472587585449219 1.2588717937469482
0.077262938022613525 -0.070683956146240234 0.56694573163986206
0.036781560629606247 -0.09824313223361969 0.42757719755172729
0.049134906381368637 -0.087296068668365479 0.39180463552474976
0.016654880717396736 -0.09194406121969223 0.40741848945617676
0.45856708288192749 0.20377153158187866 1.0930253267288208
0.45473861517958214 0.15309456256760604 1.0726508998854487
-0.35479483008384705 0.51810765266418457 0.84522360563278198
-0.32110739106808933 0.48119390670429224 0.81486748285053967
0.053324423730373383 -0.083916306495666504 1.0501765012741089
0.1072172075510025 -0.064133644104003906 -0.35259327292442322
-0.031455083864123164 -0.011967754364124818 0.78007223859763786
-0.067430493328702032 0.090946246931183916 0.80863701000470967
-0.11575971248906958 -0.030106419406954851 0.84860816575929976
-0.20206990055683549 0.25258898259151491 0.91794698399588925
-0.1734914123203127 0.29374874693681247 0.8949840392762789
0.12399905174970627 -0.068387262523174286 -0.38455504179000854
-0.049086494350607336 0.034909737564066137 0.44895109530401167
0.07190476055243393 0.19776133612231078 1.0531697023856383
-0.22038312256336212 0.05418255552649498 0.42122897505760193
-0.18573805689811707 0.034041807055473328 0.404918372631073
0.026072762906551361 0.2559984028339386 1.1660310029983521
0.0089665185660123825 0.25826138257980347 1.1249873638153076
-0.037194598466157913 0.49585118889808655 0.70626640319824219
0.0087838191539049149 0.49626553058624268 0.70775192975997925
0.0037309536710381508 0.52759456634521484 0.73074173927307129
0.010694924418954517 0.50194603224503676 0.75124707146925562
-0.11371961299578404 0.58280028817560126 0.86676948939161236
-0.16726881265640259 -0.10850927233695984 0.72941529750823975
0.34604065378452559 0.028040414334567852 0.95038253912537629
-0.34951308369636536 -0.021149866282939911 0.82377678155899048
-0.31298092007637024 -0.045388836413621902 0.84817993640899658
-0.31656208634376526 -0.042687766253948212 0.80847865343093872
-0.32465882511409805 0.0045172850020992611 0.84894165923397646
0.36638683080673218 -0.076595187187194824 1.1188888549804688
0.33833900094032288 -0.082634367048740387 1.0826312303543091
0.1271735280752182 0.042184360325336456 -0.22025325894355774
0.17435900866985321 0.037390444427728653 -0.23672477900981903
0.1513332724571228 0.043510120362043381 -0.20270831882953644
-0.14741609990596771 -0.10155477374792099 0.62700611352920532
-0.1134340912103653 -0.11271210014820099 0.65144205093383789
-0.082115411758422852 -0.11021000146865845 0.61900019645690918
-0.12804732579617575 -0.071103418875677171 0.61617476727329301
0.50092399120330811 0.079611137509346008 0.92449390888214111
0.52621102333068848 0.061134379357099533 0.92336487770080566
0.49089400648278647 0.057263001132328295 0.95005781770520392
-0.19651113450527191 0.42180389165878296 0.66528576612472534
-0.16284014284610748 0.41799867153167725 0.66002261638641357
-0.17664148821445569 0.41018986347930203 0.68944870451918017
-0.36342048645019531 0.12691374123096466 0.69762319326400757
-0.32454056231758621 0.094013901571730563 0.70446347335230453
-0.34167529605393393 0.14300259543533228 0.71079754860807776
0.6246601939201355 0.19476816058158875 1.1649459600448608
0.61128549493671858 0.20550143280619609 1.223433961924731
0.13329516351222992 0.040709462016820908 -0.25876185297966003
0.10446999222040176 0.036059752106666565 -0.25406897068023682
-0.20792286098003387 0.30874595046043396 0.58609133958816528
-0.17984826862812042 0.31186589598655701 0.57179296016693115
-0.1879879717569132 0.28487885408651653 0.58913170612819532
-0.20605187118053436 0.67224162817001343 0.86871170997619629
-0.20386445054384283 0.63599804825474215 0.88370399341036132
0.14581838250160217 0.3368799090385437 0.6902390718460083
0.085867236015760309 0.34298266260645127 0.69461005883780857
0.0082137094560516336 0.37619562076361668 0.96300061737123521
0.51879757642745972 -0.022706080228090286 1.000731348991394
0.55270224809646606 -0.0093713877722620964 1.0248401165008545
0.55018174648284912 -0.0067867045290768147 0.97602683305740356
-0.38027742505073547 0.0025376826524734497 0.83667171001434326
-0.090624653357107787 -0.016111282560374134 0.49017849989544626
-0.28867844643748475 0.051334861130454636 0.93338084919228603
-0.32482372415870286 0.092601659976021863 0.90696669977405509
0.16885927130568612 0.1419223782985754 0.58262041741193893
-0.44563314087453854 0.39105424462341948 0.87905480078970999
-0.43063783930544164 0.36930904668000963 0.83341442982168101
-0.47862858471152775 0.36608099326956683 0.86661954991432144
0.51002639532089233 0.1339869499206543 1.035367488861084
0.53285324573516846 0.110487200319767 1.0085968971252441
0.53341868496748057 0.082110715307561366 1.0492123064323029
0.49921472452339 0.094040042063398194 1.0188262758764246
0.37476074695587158 0.081505492329597473 1.3776558637619019
0.3752906671715055 0.069060166592058964 1.3220314229724965
-0.23202858865261078 0.456327885389328 0.6991727352142334
-0.13213054835796356 0.051056597381830215 0.3551776111125946
0.44447162747383118 0.10971123725175858 1.3777686357498169
0.3912639319896698 0.1089247390627861 1.3848845958709717
0.42576682567596436 0.14557024836540222 1.3840082883834839
0.43712257034997926 0.14115365975948235 1.3559903151703241
0.47593006491661072 -0.038987275213003159 1.1809725761413574
0.4809812605381012 -0.044687338173389435 1.2168847322463989
-0.00046347826305389314 0.50249866466609261 0.89336766274572299
0.025799423456192017 0.46193030476570129 0.69094550609588623
-0.21872313258326498 0.18410630586236612 0.92194034636498834
0.19767764210700989 0.077697142958641052 0.36726206541061401
0.17391808047780685 0.10442605425939233 0.39992614054175568
0.44147482514381409 0.29815980792045593 1.2542382478713989
0.46345779299736023 0.28822571039199829 1.2271021604537964
0.43007797002792358 0.29349800944328308 1.2240864038467407
0.58294558525085449 0.002806908218190074 1.2953989505767822
0.53734427690505981 0.0050644399598240852 1.3272420167922974
0.55113834142684937 0.032819084823131561 1.3443015813827515
0.17402364264769418 0.33966568837139655 0.89887697072488038
-0.34744390845298767 0.42806002497673035 0.73471218347549438
-0.34507003426551819 0.40133765339851379 0.71192735433578491
-0.31505537352689095 0.38813944785317683 0.73245532600280761
-0.35863408162358668 0.39388070828346866 0.75305604863131037
-0.42479100823402405 0.21165221929550171 0.72776114940643311
-0.44744572043418884 0.27031335234642029 0.73349332809448242
0.26215827465057373 -0.052414402365684509 1.3341821432113647
0.33056186295368128 0.061183183891435129 0.91716503650745806
0.15949916490953248 0.20883187389285296 0.7412182334970282
0.11864691925209797 0.1697488545515535 0.80668265154307128
-0.030295893549919128 0.53681725263595581 0.73487138748168945
0.10245870971415934 -0.053714991503636615 1.0500474790358645
0.14916051924228668 -0.080498136579990387 1.0717059373855591
0.12080207467079163 -0.08498421311378479 1.0528765916824341
0.1388692045192404 -0.060272537028765054 1.0361694437927313
0.53701227903366089 -0.027553051710128784 1.2578456401824951
0.5564911961555481 -0.021124688908457756 1.2269051074981689
0.50246616791310916 -0.0047484128047596379 1.2511602067812873
-0.26022869411699118 0.0884873071799719 0.4957318573491527
0.35791859030723572 0.21579612791538239 1.3586304187774658
0.36630162596702576 0.18061530590057373 1.3780490159988403
0.35406773136463543 0.15667435567671648 1.3569395735125551
0.53024123290703729 0.12505850261896298 1.1554152702265263
0.11529526991340004 0.018696941394711692 1.2847520521278881
0.23100648870247611 0.10733694523404855 0.96509485388056704
0.14424267706240337 0.26239262193080831 0.74540159871426781
0.013739790767431259 0.25990027189254761 1.2599172592163086
0.042894657701253891 0.26301306486129761 1.2902752161026001
0.6609961986541748 0.092096887528896332 1.3344670534133911
0.63224554061889648 0.082306422293186188 1.3507938385009766
0.66304022073745728 0.12844195961952209 1.3499314785003662
0.63414140006629383 0.10393931026880202 1.3274771049768841
-0.2624114453792572 0.6100199818611145 0.82036209106445312
-0.24626308999561169 0.57550994281413959 0.83871963967374463
0.09522535651922226 0.18186394870281219 0.34740892052650452
0.1052212441172384 0.37825768868093046 0.94913011988025942
0.1595022976398468 0.38879913091659546 0.97317236661911011
0.10488817639405225 0.36137983280290326 0.98785559246866161
0.14745365083217621 0.37417697906494141 0.75519257783889771
-0.1617959968245844 0.10579050040413419 0.6158399924681135
-0.18033592488489533 0.080520252427620953 0.70659610692067654
-0.11480145978798129 0.018482991921518317 1.0759567417624307
-0.13580802083015442 0.010622736997902393 1.114570140838623
0.52579087018966675 -0.016326401382684708 1.0738792419433594
0.15728476643562317 -0.064249850809574127 -0.37539732456207275
-0.18141269683837891 -0.063835293054580688 0.97731250524520874
-0.21242974698543549 -0.051470216363668442 0.96965450048446655
-0.21260502934455872 -0.027658445760607719 0.99891030788421631
0.34303915500640869 0.067026212811470032 1.375502347946167
0.35170245170593262 0.037199690937995911 1.3635321855545044
0.31542031160684653 0.069140437026962098 1.3435328133016033
0.19694612143256174 0.25750389363144777 0.85539747225311968
0.069305285811424255 0.023683758452534676 -0.052971594035625458
0.078127898275852203 0.036039620637893677 -0.074216395616531372
0.11203898064353442 0.006700646767375423 -0.07947670627799526
0.13866529224256222 0.30528873097855536 0.74222800133255307
-0.30981883406639099 0.48921248316764832 0.75255870819091797
0.010642600245773792 -0.10192575305700302 0.59108012914657593
0.035303793847560883 -0.091101065278053284 0.60184550285339355
-0.014269510977666367 -0.080364609496142353 0.59265879528331045
-0.082135491073131561 -0.10373879224061966 0.48531675338745117
-0.085872970690249323 -0.062124505943701433 0.46779319757821353
-0.047930064298942157 -0.076936416721269676 0.46321160574271808
-0.080508589744567871 -0.086261071264743805 0.43477210402488708
0.23795904219150543 0.26847037672996521 0.85716736316680908
-0.30585160851478577 0.55494439601898193 0.82406675815582275
-0.32220086455345154 0.5391545295715332 0.85364407300949097
-0.28177762747767438 0.50001943606906973 0.83949656716751675
-0.27595786330690941 0.54780090067749831 0.86223948711768594
0.66830933094024658 0.082524217665195465 1.1916220188140869
0.67463463544845581 0.067142322659492493 1.154090404510498
0.66395258903503418 0.049834690988063812 1.1990668773651123
0.64031771230730739 0.072616042336572581 1.1669414690789282
0.5336577296257019 0.29099315404891968 1.2916386127471924
0.52445769309997559 0.28549578785896301 1.2575591802597046
-0.032099145051694589 0.30109627014342466 0.75573515692399862
-0.15088663995265961 0.20298603177070618 1.0691344738006592
-0.12783208550402567 0.16557342864854852 1.0791813593250368
0.10690680990129697 0.088857021771652528 0.32811639947504523
0.15316439246015809 0.13175473032070475 0.3735307680034306
0.16579310625051569 0.10820073120641818 0.32026005223084464
-0.21742133796215057 -0.084503866732120514 0.82024389505386353
0.11356159147285559 0.28220840698648664 0.61967031631985026
0.11164697407283769 0.31122536318375554 0.64832085915374915
-0.00035795016447082162 -0.1110372319817543 0.86965090036392212
-0.44749611616134644 0.1335374116897583 0.798988938331604
-0.42136093974113464 0.086970068514347076 0.79871010780334473
-0.38920024452628715 0.13286866842673573 0.81438845684721861
-0.069876976311206818 0.34472948312759399 0.56479698419570923
0.20995189249515533 0.31771102547645569 1.2212905883789062
0.23780247569084167 0.31444481015205383 1.2455949783325195
0.19214986264705658 0.3033522367477417 1.2593525648117065
0.13299433911842604 0.33005220390329254 1.0031615965898391
-0.34240803122520447 -0.02387978695333004 0.77841830253601074
-0.41464948654174805 0.33088827133178711 0.91495984792709351
-0.39883045885745388 0.3711975274736608 0.87887215723366929
0.36042079329490662 0.23143243789672852 1.0122988224029541
0.3461824357509613 0.21919900178909302 0.98232424259185791
0.35719994876363981 0.20465568067079989 1.0363651907565334
0.30375328424888703 0.21900520595285963 1.005168033621437
0.53093638163072654 0.17593615138936602 1.1587410989171403
0.51831650733947754 0.26394811272621155 1.2056466341018677
0.18581366539001465 0.30861547589302063 0.78262072801589966
0.10383736123152106 -0.027629743197108932 0.35952853777488081
0.24641938507556915 0.14937160909175873 0.75802826881408691
0.21858999133110046 0.16889011859893799 0.73751425743103027
0.21200558637034542 0.13748308600620046 0.75236732113935401
0.24239310622215271 -0.0057244212366640568 0.6659204363822937
0.24906503065007729 0.028468603205908882 0.68391624994466726
0.35887658596038818 -0.054634455591440201 0.81216830015182495
0.34556296300726214 -0.030285380718364209 0.81425954948407631
0.38714891672134399 -0.056282911449670792 0.82998478412628174
0.10466422885656357 0.0041699963621795177 1.3428959846496582
0.072627447545528412 -0.0063801482319831848 1.3253974914550781
0.07254391742499039 0.052095811484906426 1.3029884449093507
-0.16959205269813538 0.095357798039913177 1.1703618764877319
0.49492601581269324 0.053225803660070577 1.0243282159126967
0.19027324953992922 0.25424323719948316 1.2232911615645061
0.19658179581165314 0.017307907342910767 -0.021915189921855927
0.17221793532371521 -0.015873154625296593 0.00064088567160069942
0.1915343850851059 0.00439432542771101 0.028405532240867615
0.016985733062028885 0.048247188329696655 1.3202987909317017
0.18530192971229553 0.019280567765235901 0.38369888067245483
0.18449297547340393 -0.0075476109050214291 0.36161112785339355
-0.38480725884437561 0.18920691311359406 0.7116624116897583
0.56907159090042114 0.28815627098083496 1.2732576131820679
0.5950322151184082 0.27841472625732422 1.2477315664291382
-0.11683675646781921 0.67239892482757568 0.98834681510925293
-0.14672227203845978 0.65547806024551392 0.97686994075775146
-0.14168818295001984 0.68982797861099243 0.97718209028244019
0.14177415778626076 0.21476530917255202 1.2243704482962074
0.21336561972411627 0.15980791019723098 1.2422001606373969
-0.091485263053360272 0.12451098092437902 0.44366876539192301
-0.46203213930130005 0.43962344527244568 0.81435084342956543
-0.021074077396494736 0.31930456132788149 0.80691904633193889
-0.20974279499510448 0.08868441241457975 0.43894041123696037
-0.28402885794639587 -0.056999586522579193 0.79024231433868408
-0.22757366299629211 0.59694880247116089 0.93961191177368164
-0.23885734839318831 0.56864246763664716 0.90149074121402895
-0.18625781862606022 0.5989663045249467 0.91516724434051833
0.26813936233520508 -0.019227571785449982 0.71699190139770508
0.1414078027009964 -0.013513284735381603 0.58539670705795288
0.16143311560153961 0.011540183797478676 0.52953106164932251
-0.33810632455046086 0.33960977375329315 0.75606605263946425
-0.28576226041827557 0.29888664545018878 0.72977055255551038
0.043554622679948807 0.61049497127532959 0.89089244604110718
0.012861268594861031 0.64678364992141724 0.85046827793121338
0.031554650515317917 0.6194920539855957 0.84837579727172852
-0.0022507126188827734 0.64378841910378493 0.89827305385491607
0.063049614429473877 -0.095637865364551544 0.93604910373687744
0.077007032930850983 -0.072817616164684296 0.87737011909484863
0.10249292850494385 -0.090984426438808441 0.93153750896453857
0.048559002578258514 -0.085252881050109863 0.89235424995422363
0.2346822152823948 -0.042069021747426591 0.98767178459437233
-0.19291919469833374 0.47783723473548889 0.93584758043289185
-0.35752230882644653 -0.0085492068901658058 0.72992891073226929
-0.34063908748341409 0.0216358779630972 0.75344573325668185
0.18080371618270874 -0.024454172700643539 -0.25705531239509583
0.14253821969032288 -0.076530851423740387 1.1116839647293091
0.16445693373680115 0.30947455763816833 0.7133135199546814
-0.066691204905509949 0.49389418959617615 0.93871086835861206
0.19921949505805969 -0.0654497891664505 1.2919251918792725
0.1676335483789444 -0.06938064843416214 1.2568190097808838
0.38187213578261014 0.029029063192278853 1.258118456416079
0.30618078802284182 0.00036789393133542387 1.2591417844419441
0.32669633242202029 0.02493270153768758 1.3157430838399571
0.32507763761161784 0.081993641168207593 1.2795018653647374
-0.049185110014451541 0.41962858484375559 0.69607479343912282
0.26498430967330933 -0.095597289502620697 0.93015480041503906
0.072793006896972656 -0.029437113553285599 0.13713452219963074
0.061899077147245407 -0.020871894434094429 0.099008210003376007
0.047009415924549103 -0.0087239108979701996 0.1296960860490799
0.095473355449781444 0.1911832281200318 0.67684518051321785
0.03063702253794956 -0.048692162176985604 0.75809511235701521
0.49880442023277283 0.2849833071231842 1.232964038848877
-0.35495373606681824 0.4948556125164032 0.79827266931533813
-0.34465557336807251 0.47687715291976929 0.76846849918365479
0.14129388611790786 -0.033931723057888094 0.91060984997742167
0.14652907848358154 -0.070769645273685455 0.89367085695266724
0.014371386729180813 0.67875468730926514 0.89884638786315918
0.0073778699152171612 0.68327027559280396 0.92526048421859741
-0.039715737104415894 0.71286052465438843 0.92184489965438843
-0.17018541693687439 0.051798027008771896 0.38101187348365784
-0.15541832149028778 0.074074044823646545 0.36301523447036743
-0.0023536556372610248 0.46623933101977932 0.85195483728950294
-0.0016159273218363523 -0.098697341978549957 0.75699883699417114
0.00010367116919951513 -0.097079209983348846 0.71684247255325317
0.2280941903591156 0.080997653305530548 1.3764967918395996
-0.45152837038040161 0.30507707595825195 0.91186583042144775
0.09870399534702301 0.045006342232227325 -0.10250648856163025
0.090733744204044342 0.042671568691730499 -0.13658341765403748
-0.14089917475556074 -0.0032254485122922279 0.64793118775036784
0.49314999580383301 0.042841620743274689 1.3579357862472534
0.4963514506816864 0.073546417057514191 1.3662097454071045
0.2357206791639328 0.084132075309753418 0.625713050365448
0.23772582411766052 0.034288942813873291 0.61493533849716187
0.40290859341621399 0.18082892894744873 1.3767755031585693
0.40372384841798081 0.17862540246593159 1.3435363263122606
0.44029891490936279 0.26110312342643738 1.1656125783920288
0.48117640614509583 0.2398337721824646 1.1542255878448486
0.059843447059392929 -0.070028766989707947 0.65791738033294678
0.037780590355396271 -0.083110719919204712 0.6376538872718811
0.43281883810520594 0.11884253897573718 1.097795986922784
0.41267609754695461 0.17896967863664631 1.0976606887026308
0.41877261762627177 0.1540787285457649 1.048009447466915
0.40075136034971354 -0.028026109444512316 1.259479760483287
0.39182275533676147 -0.073505625128746033 1.2561565637588501
0.35248887232331322 -0.038927759571364018 1.2385422734605629
0.60333842039108276 0.1455032080411911 1.367449164390564
-0.095967717468738556 0.58653944730758667 0.76525503396987915
-0.081778459250926971 0.55898457765579224 0.74620199203491211
-0.064928051274063162 0.55979450453894075 0.77836858213648807
0.030938070267438889 -0.082551158964633942 0.7572331428527832
-0.32640290260314941 0.1041313111782074 0.50903576612472534
-0.32755622267723083 0.1331263929605484 0.52959465980529785
-0.23408244550228119 0.30579179525375366 0.91084516048431396
0.12710608541965485 -0.045864585787057877 0.22397005558013916
0.17577272653579712 -0.025475431233644485 0.21997876465320587
0.30350419878959656 -0.04421369731426239 0.78495317697525024
0.32778120040893555 -0.052305709570646286 0.80423212051391602
0.31801363051663756 -0.011278247716866483 0.80133067516134959
-0.42594406008720398 0.047062356024980545 0.89179849624633789
-0.20325717329978943 0.61125671863555908 0.79541921615600586
-0.36368364095687866 0.36859646439552307 0.69915902614593506
0.044164986609742489 0.0027904282877869455 1.180267271620314
-0.072570543617557187 0.1667178329998151 1.2539164101182088
-0.054814147389335779 0.12801141247440465 1.2508991084719936
-0.0031474698334932327 -0.026260176673531532 0.28404426574707031
-0.020523238927125931 0.0091049829497933388 0.26811116933822632
-0.34347325097637027 0.15050734828353221 0.879187740892028
-0.27497866307010432 0.12970633853589109 0.8905817199387962
-0.036621559411287308 -0.12538740038871765 0.88434880971908569
-0.059101020691704836 -0.091257118945375276 0.84082852317332468
-0.062884293496608734 -0.12831917405128479 0.85578030347824097
-0.43946486711502075 0.35693642497062683 0.91725122928619385
-0.47654366493225098 0.35736444592475891 0.90865063667297363
0.0061806035900778874 -0.083837956525494473 0.51572837682036832
-0.036319364863043865 0.091319788649162889 0.49483277020908778
0.028455642983317375 0.23515239357948303 0.41888859868049622
0.64146071672439575 0.081890679895877838 1.0592077970504761
-0.26820665597915649 0.25131553411483765 0.9228549599647522
-0.25757774710655212 0.22089347243309021 0.94926947355270386
-0.28198838233947754 0.58847832679748535 0.82043391466140747
-0.14883926510810852 -0.058132760226726532 1.0069320201873779
0.086791403591632843 0.35644668340682983 1.0552468299865723
0.12382529675960541 0.36247941851615906 1.0606989860534668
0.095841936767101288 0.34067505598068237 1.0858621597290039
0.5802643895149231 -0.0032282429747283459 1.1308555603027344
0.55803735065118121 0.022610428222841757 1.1639538608427638
-0.065899953246116638 0.52642548084259033 0.72544735670089722
-0.25924829320316906 -0.02476272274577726 0.56912627569589325
0.10897725075483322 -0.080034554004669189 1.089411735534668
-0.12692490220069885 -0.11154228448867798 0.90623313188552856
-0.15804326540911817 -0.066598034871334796 0.89937472051605094
-0.10708075635238794 -0.090572968001850551 0.88005698654314735
-0.19046979841814551 0.13597107259161204 1.0139944365478177
-0.29686176776885986 0.12387261539697647 1.042805552482605
-0.051963586360216141 0.14245857298374176 1.3241291046142578
0.51383101940155029 -0.023893620818853378 0.96784234046936035
0.015042632486489946 0.076147144518953602 0.33975023364399887
0.41187345947183757 0.11451862410398717 0.97174018128067707
-0.0082532884553074837 0.21218061447143555 0.3779655396938324
0.32969209551811218 0.30704763531684875 1.1117857694625854
0.31071698665618896 0.32196944952011108 1.0577067136764526
-0.16991846263408661 0.29677790403366089 0.93456083536148071
-0.1744951605796814 0.26336798071861267 0.95690351724624634
-0.20383472740650177 0.25916877388954163 0.94256317615509033
-0.15201333165168762 0.18615774810314178 1.1006273031234741
-0.22805596888065338 -0.06287238746881485 0.9397769570350647
-0.262165367603302 -0.065592408180236816 0.89731991291046143
-0.25752900214835739 0.25385750110208677 0.74148139494384757
-0.064680077135562897 0.4380776584148407 0.67863237857818604
0.6288490891456604 0.12814183533191681 1.3681282997131348
-0.13182644546031952 0.15323843061923981 0.37124058604240417
0.42233437299728394 0.28269222378730774 1.1945997476577759
-0.2122655063867569 -0.080170571804046631 0.91796034574508667
-0.1792406439781189 -0.09375646710395813 0.91010510921478271
0.6188962459564209 0.10342063754796982 1.0585781335830688
0.65824639797210693 0.08803991973400116 1.1003890037536621
0.18293753266334534 -0.030917981639504433 0.32953172922134399
0.15926550328731537 -0.050494380295276642 0.34505388140678406
-0.43208301067352295 0.067987389862537384 0.92464089393615723
-0.45251479744911194 0.10331781208515167 0.92401474714279175
0.0056159006304934232 0.33571413769359393 0.60125385348400895
0.34681731462478638 0.070041626691818237 0.76240938901901245
0.379071444272995 0.039059393107891083 0.75858843326568604
0.3505321741104126 0.027335761114954948 0.73492974042892456
0.33527079224586487 0.056015230715274811 0.73543703556060791
0.53301875079091043 0.022570361815934692 1.0540207359105735
0.49564635151900932 0.058672568394808056 1.0706498576644392
-0.018763521686196327 0.3511292040348053 0.57204580307006836
0.51534587144851685 0.17225594818592072 1.3540283441543579
0.018196732499303325 -0.022463104508435649 1.1521613340997503
0.090359486639499664 -0.07958519458770752 0.40408122539520264
0.072778135538101196 -0.078359201550483704 0.3618541955947876
0.2328023761510849 0.19923603534698486 1.3389766216278076
0.17716085910797119 0.20270234346389771 1.3282020092010498
0.21647827456946922 0.16931536427995039 1.3122657080522104
-0.33946844935417175 -0.020603397861123085 0.62802833318710327
-0.3608098030090332 0.00069374102167785168 0.63454800844192505
0.1106414794921875 0.29659655690193176 1.2081582546234131
-0.36794602870941162 0.094490014016628265 0.64767581224441528
-0.35313862562179565 0.12602081894874573 0.66696184873580933
0.10874850302934647 -0.073761574923992157 0.38005590438842773
0.40140612535821141 0.083856995369248524 0.9246304488318331
0.15342487737678775 0.019066187183927625 -0.058265401283404794
0.52043277025222778 0.033360764384269714 0.89326637983322144
0.5339425802230835 0.011949119158089161 0.92033529281616211
0.14111329615116119 0.051886644214391708 -0.10978727042675018
0.16289275884628296 0.047654211521148682 -0.083902515470981598
-0.2230667769908905 0.67723006010055542 0.89051210880279541
-0.26051819324493408 -0.028204523026943207 0.51564681529998779
-0.23079101741313934 -0.037187065929174423 0.49775269627571106
0.1116364449262619 0.03512553870677948 -0.48184090852737427
0.080782786011695862 0.031471606343984604 -0.47715085744857788
0.27507653832435608 0.34082129597663879 1.0768133401870728
0.59259199660994311 0.17831148350397635 1.2011453010909718
0.57343055527851983 0.16798428379898833 1.159739382866358
0.30290403962135315 -0.091828197240829468 0.99204343557357788
0.33119991421699524 -0.084736011922359467 0.96065372228622437
0.32225634958401811 -0.053293621735717819 0.96450246646249749
0.24457515776157379 0.16019883751869202 1.3632825613021851
-0.35693451762199402 0.24962431192398071 0.90844160318374634
-0.40868347883224487 0.26932600140571594 0.90474420785903931
0.31886506080627441 0.21320065855979919 1.3491777181625366
0.32945019006729126 0.16492481529712677 1.3824175596237183
0.11623400594180255 0.022687428257209544 0.51054558168484476
0.12810923159122467 0.3374384343624115 0.63542938232421875
0.15041685104370117 0.31240734457969666 0.65778052806854248
0.16507066786289215 0.28367316722869873 0.68340772390365601
-0.0065440931357443333 0.24862563610076904 1.2312039136886597
-0.020733537152409554 0.24156413972377777 1.2657822370529175
-0.16516129672527313 -0.10810643434524536 0.78711551427841187
-0.29764627318865594 0.43143472509918679 0.77251138074903747
-0.25152358412742615 -0.072864994406700134 0.59917694330215454
-0.2502378523349762 -0.075571984052658081 0.63332104682922363
-0.22741513419718482 -0.037972725974450013 0.60069837792954339
0.082033361576257 -0.052119489104837512 0.33952187135142103
0.30688121914863586 0.14197935163974762 1.383887767791748
0.27919384837150574 0.15629805624485016 1.3744721412658691
0.26812261343002319 0.11990469694137573 1.3836162090301514
-0.039066821336746216 0.23254446685314178 1.2325401306152344
0.4130895733833313 0.25763443112373352 1.1353844404220581
0.38249132037162781 0.27500274777412415 1.1289240121841431
-0.030623253434896469 0.39424601197242737 0.64247679710388184
-0.0060084512736763313 0.38847158358826572 0.68436785586903415
0.49097228050231934 0.15751424431800842 1.0569063425064087
-0.048271819949150085 -0.11007072031497955 0.58857107162475586
0.022837197275066706 -0.058240911098107487 0.70616978866695013
-0.09765392541885376 0.28436538577079773 0.97914862632751465
0.28762203180004597 0.096468825171735065 0.7872288398226458
0.2580319344997406 0.12225087732076645 0.7408873438835144
0.30392321944236755 0.11921299248933792 0.78831261396408081
0.28064554929733276 0.097450308501720428 0.73050075769424438
0.18704794055033766 0.052749262627140359 0.68692263807168252
-0.18321193754673004 -0.069014273583889008 0.50972449779510498
-0.36401324475832025 0.10954267129616055 0.88443117816475303
-0.32918763160705566 0.45696189999580383 0.74482762813568115
-0.30347749590873718 0.44374191761016846 0.72446310520172119
0.64751440286636353 0.01851184107363224 1.131397008895874
0.6623268723487854 0.037106510251760483 1.1573363542556763
0.24736486375331879 0.22974278032779694 0.84795492887496948
0.39125251770019531 0.071125023066997528 0.80365806818008423
0.35943979024887085 0.080795764923095703 0.79060578346252441
0.012233220972120762 0.14057059586048126 0.26767221093177795
-0.010329829528927803 0.090186245739459991 0.24594670534133911
0.02588752843439579 0.12250997871160507 0.23785817623138428
-0.039771970361471176 -0.10615780204534531 0.61912721395492554
-0.0054793450981378555 -0.10027042031288147 0.61512553691864014
-0.019140645861625671 -0.10674997419118881 0.58608341217041016
0.14201189577579498 0.15799365937709808 0.30066829919815063
0.16137582063674927 0.14501290023326874 0.29083737730979919
0.46959757804870605 -0.039314083755016327 1.0707979202270508
0.60292452573776245 0.00049676076741889119 1.1618387699127197
0.63607120513916016 0.032939597964286804 1.0484453439712524
0.62491995096206665 0.051858808845281601 1.0257389545440674
0.66079986095428467 0.050228152424097061 1.0721923112869263
0.29650625586509705 -0.093609020113945007 0.94943678379058838
0.05783492704226912 0.24932782646523466 1.1172430446157613
-0.32685421052410896 0.42621937519635211 0.83444607128207182
-0.048771854490041733 0.14298342168331146 0.30682656168937683
-0.025604913011193275 0.12897452712059021 0.27841851115226746
0.19758552688634209 0.22162146634430255 1.2834542912259097
0.046634926864339288 0.087130327290374621 0.75916360205186728
0.050314775662481319 -0.041985355153993792 0.68244424858469988
0.41157999634742737 -0.054204262793064117 1.2917152643203735
0.44468307495117188 -0.054488379508256912 1.2640352249145508
0.41555529832839966 -0.070628024637699127 1.2456961870193481
-0.3178978992250811 0.37673509602658284 0.80386861702975221
-0.32985493184525044 0.37858644137071418 0.86978292996371842
0.058948975056409836 0.081940032541751862 0.18233878910541534
0.032033544033765793 0.043678648769855499 0.18062615394592285
0.08191140427035265 0.024210385253700555 0.17301409369887305
0.29486477375030518 0.18717479705810547 1.3570172786712646
-0.065311923623085022 -0.10771013796329498 0.95093435049057007
-0.045214138925075531 -0.097554720938205719 0.97847121953964233
-0.16226829588413239 0.70803743600845337 0.95348149538040161
0.18042349815368652 0.033770617097616196 0.48367372155189514
-0.11173772811889648 -0.064749971032142639 0.42719003558158875
-0.13156868113939812 -0.047419906939706491 0.47892760608515705
-0.15120819211006165 -0.043261110782623291 0.43741044402122498
-0.14278040826320648 -0.068484008312225342 0.45845475792884827
0.3217445077414009 0.055352692121830187 0.78417930776884459
0.16206444799900055 -0.066221818327903748 -0.42366769909858704
0.44752761721611023 0.098256461322307587 0.90831047296524048
0.41594547033309937 0.095806814730167389 0.87408816814422607
0.024643287062644958 -0.10257963091135025 0.96923691034317017
-0.1103590726852417 0.16577766835689545 1.253626823425293
-0.084500670433044434 0.17222002148628235 1.2878040075302124
0.19641858339309692 0.0056081060320138931 0.13508042693138123
0.20022758841514587 0.027181617915630341 0.16559693217277527
0.19798342883586884 0.046221990138292313 0.13385859131813049
0.1384831964969635 -0.07250417023897171 1.1994403600692749
0.20090690521523358 -0.04565109636214728 1.1368311242357696
-0.13684050924806818 0.25424420878440379 0.72122838869858119
0.20400185883045197 0.027857756242156029 0.094317570328712463
0.18382932245731354 0.051704742014408112 0.10294652730226517
0.18650643527507782 0.05675198882818222 0.06264118105173111
-0.36874285204550472 0.078421146484282528 0.75952682625502177
-0.19871681928634644 0.3109472393989563 0.91660308837890625
-0.29687050991622044 0.42373937341282597 0.88311921741836186
-0.28742314915065803 0.47205394772531151 0.89422966965911532
0.25503629446029663 0.19469523429870605 0.82414180040359497
-0.45168831944465637 0.1912979781627655 0.91241312026977539
-0.25817963584038933 0.25583096542625922 0.63348265023413819
0.47525745630264282 0.14975060522556305 1.0279417037963867
0.077494637857039514 0.026347918091042009 1.2335132747875601
-0.2758355438709259 0.06959737092256546 0.46118149161338806
-0.25782260298728943 0.090236566960811615 0.44454437494277954
0.1622738391160965 -0.018155548721551895 0.38976490497589111
0.453377366065979 0.16907022893428802 1.0383896827697754
0.1015363335609436 -0.061395939439535141 0.27830046415328979
0.049247026443481445 -0.050048530101776123 0.27121978998184204
0.31281704109924063 0.22935911961109717 1.2125108701205851
0.34628745913505554 0.19669695198535919 0.95768648386001587
-0.50014328956604004 0.41780385375022888 0.84933716058731079
-0.49806305407957818 0.37576932374128114 0.8300023892066779
-0.23749415576457977 -0.085451401770114899 0.66588550806045532
-0.20552621781826019 -0.094005860388278961 0.6646953821182251
-0.18138317301111884 -0.064466080619246788 0.64362642444779994
-0.06506504635476465 0.24172408062495598 0.49339979198877543
0.15731482207775116 -0.016074243932962418 0.65961152315139771
0.17136159539222717 -0.020765632390975952 0.69993013143539429
0.15513601119627074 0.024082331661042938 0.68179371457975479
0.19200114905834198 0.19389140605926514 0.47923624515533447
0.39469349384307861 0.13894742727279663 1.386375904083252
0.24251838028430939 0.088300794363021851 0.65866851806640625
0.42235174775123596 -0.00063927669543772936 1.3488137722015381
0.44661240545152525 -0.0015196615308173476 1.3131001167289296
0.43992623091294886 0.024046175922971032 1.3357864877987822
0.086017370223999023 -0.068105593323707581 0.31999480724334717
0.57714033126831055 -0.009839056059718132 1.201250433921814
-0.43295732333359149 0.16875353359004616 0.83075243365805551
-0.38860721357121403 0.1564041689110145 0.8584975541441513
0.16156402230262756 0.17386648058891296 0.3725849986076355
0.055989906191825867 -0.099604703485965729 0.98032426834106445
-0.13312014675560982 0.42112514310448862 0.71233616714331538
-0.17234377534704343 0.44726286510908692 0.720084453835794
0.53262855327901126 0.12290329365965878 1.0886616555137851
0.41943901777267456 0.23439152538776398 1.1037603616714478
0.68261587619781494 0.13833306729793549 1.2606551647186279
0.67833298444747925 0.14055646955966949 1.2250819206237793
0.21825449168682098 -0.036220241338014603 0.77381330728530884
-0.30711956023936843 0.24322038714109367 0.88055935380804362
0.41228744387626648 0.2040790319442749 1.0463324785232544
0.40972128510475159 0.18612928688526154 1.0180634260177612
0.50267054259460275 0.21492296263185565 1.193414787229848
-0.49011051654815674 0.22724466025829315 0.78105384111404419
-0.15809738636016846 0.60683822631835938 0.78470790386199951
-0.14637862145900726 0.63844549655914307 0.81385356187820435
-0.20218963921070099 0.63558071851730347 0.82390695810317993
-0.099035471677780151 0.3683149516582489 0.60589027404785156
-0.063884161412715912 0.38051179051399231 0.62429219484329224
0.45207124294259149 0.001503048992973349 1.0106068042011671
0.45108350706214162 0.062817582180649992 0.95753168517779552
-0.029025256633758545 -0.10407189279794693 0.45241209864616394
-0.059898007661104202 -0.10983861237764359 0.51045840978622437
-0.025874467566609383 -0.11232819408178329 0.49724245071411133
0.1855987161397934 0.12271791696548462 0.29398515820503235
0.19925931096076965 0.090102620422840118 0.30884742736816406
0.19390919804573059 0.12306495755910873 0.32930731773376465
-0.31317490081793536 0.05246352582044353 0.66434892715036453
-0.053791411221027374 0.089323610067367554 1.2839348316192627
0.18820780515670776 0.1494288295507431 0.38405522704124451
-0.18740537762641907 -0.099599845707416534 0.75936394929885864
0.53930207831529542 0.19941640663329535 1.2015330667838764
-0.088786587119102478 0.19172675907611847 1.2722806930541992
0.12621194124221802 0.23532801866531372 0.4651009738445282
0.1037529930472374 0.2588379979133606 0.48473325371742249
-0.011522880755364895 0.43676820397377014 0.67586177587509155
0.012098588980734348 0.39666169881820679 0.64688539505004883
0.018091222271323204 0.42087826132774353 0.66927409172058105
0.28065255284309387 0.0035120926331728697 0.69043660163879395
0.24006272852420807 -0.016442691907286644 0.7088470458984375
0.13571794331073761 0.40738701820373535 0.94661396741867065
0.0960502028465271 0.43542912602424622 0.92473900318145752
0.14081716537475586 0.41177681088447571 0.91161686182022095
0.34124898910522461 -0.034964028745889664 0.75733071565628052
0.67186439037322998 0.10476092994213104 1.2205467224121094
0.25080990791320801 0.35368672013282776 1.0190802812576294
0.18746674060821533 -0.0064652073197066784 -0.18090680241584778
-0.18980854749679565 -0.077808529138565063 0.94379633665084839
-0.079324252903461456 0.10036502033472061 0.30314785242080688
-0.050935816019773483 0.10907808691263199 0.28450509905815125
0.12076904624700546 0.28335222601890564 1.2699878215789795
0.13275482657941576 0.26079191246851224 1.2339054587037508
-0.10810383409261703 0.4826703667640686 0.93821418285369873
-0.13843171298503876 0.47347274422645569 0.93842178583145142
-0.28251639008522034 -0.060806091874837875 0.82861500978469849
0.18694970011711121 0.079821221530437469 0.22202000021934509
0.17579284310340881 0.075506679713726044 0.18316711485385895
-0.37683919072151184 0.032392069697380066 0.61602777242660522
-0.37224751710891724 0.0087370434775948524 0.66206574440002441
-0.37856844067573547 0.052485737949609756 0.63609391450881958
-0.14495670795440674 0.2727590799331665 0.50541138648986816
-0.11137329041957855 0.2933383584022522 0.51087480783462524
0.19249004318272961 0.024976372084175476 1.0803199383122031
0.044883881056953026 -0.057276391916403296 1.0369153537663527
0.044708486646413803 -0.049504540860652924 -0.4809834361076355
0.030054522678256035 -0.022682446986436844 -0.47006481885910034
0.33271750807762146 -0.083603918552398682 1.2410163879394531
0.30374875664710999 -0.072379633784294128 1.2787814140319824
0.32541948556900024 -0.067103199660778046 1.2966395616531372
0.088752955198287964 -0.063227631151676178 -0.38392749428749084
0.10470827668905258 -0.06843113899230957 -0.41825562715530396
-0.03915887326002121 0.20189186930656433 1.3146450519561768
0.03612168580669587 -0.023612245841228494 0.63452653339123155
-0.24943193793296814 0.20520429313182831 0.53904110193252563
-0.22341293096542358 0.21113793551921844 0.51194298267364502
-0.13549056649208069 0.27981740236282349 0.96057260036468506
-0.14510529526546959 0.25680477472555086 0.91592547756235743
-0.27323338389396667 0.43743917346000671 0.91903084516525269
0.20446772873401642 0.16841942071914673 0.48046427965164185
0.21956060826778412 -0.065287694334983826 1.262312650680542
0.15164689719676971 0.28522130846977234 0.60054135322570801
0.1535254567861557 0.26341354846954346 0.56501340866088867
0.1611713320016861 0.25230139493942261 0.59088724851608276
0.15397317707538605 -0.029229097068309784 0.72692644596099854
0.081674806773662567 -0.021157225593924522 -0.1686156690120697
0.10320839285850525 -0.04159829393029213 -0.174388587474823
-0.066589392721652985 -0.099406220018863678 0.45501863956451416
-0.055495984852313995 0.21989879012107849 1.1659630537033081
-0.17040784657001495 0.60672014951705933 0.95393413305282593
-0.20381554191008408 0.65509979893734693 0.93005972131326642
-0.20287062227725983 0.20327341556549072 1.0120507478713989
0.54130017757415771 0.26821482181549072 1.3197784423828125
0.49273192882537842 0.28307288885116577 1.3170261383056641
0.045904472470283508 0.025803076103329659 0.11338983476161957
0.062206994742155075 0.072902053594589233 0.14820647239685059
-0.39800062775611877 0.47621563076972961 0.82733619213104248
-0.40493237972259521 0.48080089688301086 0.86062252521514893
0.36510765419898994 -0.006143728758525353 1.3070779628873479
0.19872447848320007 0.036293100565671921 0.013820569030940533
-0.0021781048271805048 0.65210145711898804 0.95835626125335693
-0.0020611127838492393 0.69490528106689453 0.94318348169326782
0.048930667340755463 -0.091133147478103638 0.57123953104019165
0.39983561635017395 -0.018997648730874062 1.338748574256897
0.41441740689871026 -0.018680406277939494 1.2995399802825083
0.44485170329021662 -0.028009391146733505 1.2200652487860324
-0.13410875201225281 0.17536816000938416 1.1524827480316162
0.34059798900835953 0.24030373461500693 1.2967670513240053
0.099440708756446838 0.036534819751977921 -0.20904731750488281
0.07655557245016098 0.02543891966342926 -0.19133374094963074
0.12428463995456696 0.046544343233108521 -0.18608130514621735
0.11984291672706604 0.050491753965616226 -0.15297891199588776
0.52615666389465332 0.23733426630496979 1.1703586578369141
0.037729661911725998 -0.028093982487916946 -0.36174806952476501
0.037812549620866776 -0.027760745957493782 -0.3922172486782074
-0.030990054830908775 -0.11356042325496674 0.52975690364837646
0.13232650560015313 0.03796018865730378 1.3259104168149309
0.0090819019824266434 0.078619100153446198 0.22134441137313843
-0.0041240928694605827 0.017678713425993919 0.24012289941310883
0.20212285220623016 0.17034809291362762 1.3485637903213501
-0.064042411744594574 0.15630973875522614 0.33025744557380676
-0.030229354277253151 0.17467378079891205 1.3375287055969238
-0.03218856081366539 0.11613134294748306 1.3309450149536133
0.17264144531998002 0.19335032187277573 0.86753779903645611
0.41222167015075684 0.077351324260234833 1.3725206851959229
0.45260357856750488 0.062458142638206482 1.3656198978424072
0.41214340925216675 0.025949984788894653 1.3582357168197632
-0.19548973441123962 0.6980968713760376 0.89354431629180908
0.094285808503627777 0.43674522638320923 0.71685647964477539
-0.15525953471660614 -0.084116756916046143 0.96217966079711914
0.045998658933775034 -0.021184380958773674 0.78186983295900347
0.27834704518318176 -0.084786064922809601 1.0398323535919189
0.29321199655532837 -0.081187434494495392 1.0834940671920776
-0.13018216192722321 0.23436874151229858 0.44685095548629761
0.110932451004777 -0.064859548773172626 0.94671090465618424
0.020958509816444981 0.011186854656938793 0.262530053582675
0.01181572861969471 0.49411109089851379 0.9289516806602478
0.043368525803089142 0.49909940361976624 0.90661174058914185
-0.15077860653400421 0.44406363368034363 0.93157345056533813
-0.11135515570640564 0.44249212741851807 0.93764472007751465
-0.31242603063583374 0.42707362771034241 0.91691237688064575
0.0036308611743152142 0.17299221456050873 1.3474087715148926
-0.0022393581457436085 0.11546278744935989 1.3480949401855469
0.35275745391845703 0.10144918411970139 1.3851104974746704
0.28544566035270691 0.28912609815597534 0.94545751810073853
0.2916988730430603 0.25608885288238525 0.93103134632110596
0.31116309762001038 0.26497036218643188 0.96661001443862915
0.038715764880180359 0.4724888801574707 0.93095988035202026
-0.37386533617973328 0.1387956440448761 0.72039932012557983
-0.46935608983039856 0.16821004450321198 0.80116146802902222
0.00023881618108134717 0.25723564624786377 0.44229614734649658
-0.22420221567153931 -0.083208687603473663 0.78169918060302734
0.16382503509521484 0.01391315646469593 0.45004034042358398
-0.34588140249252319 0.15665175020694733 0.67702013254165649
0.40315595269203186 -0.069411337375640869 1.0438979864120483
0.44162231683731079 -0.053558804094791412 1.0018249750137329
-0.17472077878693512 0.36031609297865874 0.70596604242216843
-0.0063608037307858467 -0.08251645416021347 0.38594388961791992
0.035299520939588547 -0.081300511956214905 0.72512972354888916
-0.0022193922262260259 -0.059900905001806365 0.73389456520559648
0.28650765877763973 0.11043006422899213 1.3574809044071516
0.066857695579528809 -0.091690413653850555 0.42093884944915771
-0.43219619989395142 0.45519000291824341 0.82010316848754883
0.010232644155621529 0.3373243510723114 0.55288326740264893
0.13411174714565277 -0.041657853871583939 0.76381850242614746
0.40509739518165588 -0.065008379518985748 1.1021044254302979
0.42229932089996047 -0.023780838571543408 1.1211575789743602
0.15880954265594482 -0.049424581229686737 0.26738929748535156
0.15611860156059265 -0.044473882764577866 0.23508219420909882
0.45219868421554565 0.18837085366249084 1.0660433769226074
-0.17056114971637726 0.27343600988388062 0.53069788217544556
-0.12269992611668408 0.24486240103406332 0.51197060065762623
0.1599615067243576 0.11358609050512314 0.22976736724376678
0.064056369731585461 0.19290566224428829 1.2006904744932361
0.038608788930686602 0.23182063041779788 1.2280818116241663
0.18179957568645477 0.14836661517620087 0.34950676560401917
0.15494807064533234 0.16437533497810364 0.33497083187103271
0.19855630397796631 -0.070461452007293701 1.1739170551300049
0.65607409677779782 0.20817339730591944 1.3029753426673627
0.61871504783630371 0.20050686597824097 1.3514384031295776
0.65145528316497803 0.18613424897193909 1.3577624559402466
-0.07097848504781723 0.40640631318092346 0.65669107437133789
0.56481212377548218 0.23178921639919281 1.178378701210022
0.57725524136164319 0.22380711416932728 1.2212392820912497
0.57666158776201426 0.20096077765071255 1.1842086848706019
0.20374149084091187 0.16057504713535309 0.45155909657478333
0.21613693237304688 0.096961073577404022 0.495057612657547
0.50931847095489502 -0.01584143191576004 0.88492238521575928
0.20393842458724976 0.041515316814184189 0.55473023653030396
0.17925293743610382 0.0056920903734862804 0.59844303131103516
0.17913217842578888 0.01831214502453804 0.56078082323074341
-0.046353153884410858 0.20859226584434509 0.38336226344108582
-0.05231470987200737 0.1851506382226944 0.35664588212966919
0.0098786363378167152 0.030470177531242371 0.210829958319664
-0.069702692329883575 0.68976831436157227 0.99979537725448608
-0.08524332195520401 0.66550391912460327 0.99044179916381836
-0.088584616780281067 0.72458148002624512 0.97417283058166504
0.39155709198803407 0.23974050282059917 1.3087069796437247
0.46999579668045044 0.29730880260467529 1.2830451726913452
-0.12519070506095886 0.71353322267532349 0.90082025527954102
0.27640512585639954 -0.051641963422298431 0.79948818683624268
0.38177254796028137 0.29286503791809082 1.1885570287704468
0.031266111880540848 0.20545864105224609 1.337303638458252
0.063957951962947845 0.18948158621788025 1.3435758352279663
0.13190212845802307 -0.050533533096313477 0.40000379085540771
0.62620890140533447 0.16741776466369629 1.3664215803146362
0.4872928261756897 0.059323199093341827 0.87671244144439697
-0.24549126909662017 0.20063929711204798 0.58043535257842971
-0.073875327342264985 0.4261601608666864 0.88684083345002485
0.00981123186647892 0.66917502880096436 0.87291544675827026
-0.043115083128213882 0.67416632175445557 0.85254061222076416
0.62713688611984253 0.012090916745364666 1.1878476142883301
0.61362490996867491 0.035437206415701916 1.1806923004737173
0.20188063383102417 0.058897614479064941 0.24591447412967682
0.20317025482654572 0.029089381918311119 0.28534546494483948
-0.25561111698679889 0.28030635829659911 0.79648653421091364
-0.13657274842262268 0.58209115266799927 0.76214545965194702
0.20900893211364746 0.15068987011909485 0.54021883010864258
0.53842858205387967 0.015421013397794342 1.2872889899185003
-0.50906050205230713 0.36436668038368225 0.781360924243927
0.38579797744750977 0.18228441476821899 0.9850609302520752
0.45902571082115173 -0.037056867033243179 0.83808916807174683
0.44788596034049988 -0.047698963433504105 0.86754930019378662
0.03520115464925766 -0.0042970743961632252 0.16355976462364197
0.2888982892036438 -0.073716938495635986 0.84196245670318604
0.30156859755516052 0.020888350903987885 0.70032089948654175
0.32114812731742859 0.04113234207034111 0.71318382024765015
0.30120491981506348 0.072825610637664795 0.71411699056625366
0.47552052140235901 0.07973693311214447 0.90166020393371582
0.4954846203327179 0.096927821636199951 0.94811093807220459
0.051753509789705276 0.00608490826562047 -0.19150623679161072
-0.19601678848266602 0.45947176218032837 0.68881648778915405
-0.041240539401769638 0.42138347029685974 0.66565746068954468
0.051627755165100098 0.0050693792290985584 -0.34191372990608215
-0.2105657160282135 0.3692244291305542 0.62686276435852051
0.55929821729660034 0.27729836106300354 1.2398291826248169
-0.078357420861721039 -0.12759838998317719 0.8910144567489624
-0.11795561015605927 -0.12159322947263718 0.8749803900718689
0.22317224740982056 0.32940691709518433 0.88362079858779907
0.31174588203430176 0.30875694751739502 1.18495774269104
0.13683928549289703 -0.033383369445800781 0.18189139664173126
0.099445328116416931 -0.040595389902591705 0.19996024668216705
-0.25261962413787842 -0.071902230381965637 0.75985127687454224
-0.25445979833602905 -0.07043147087097168 0.8046492338180542
-0.12476971745491028 -0.11629370599985123 0.72706145048141479
-0.1452873552113452 -0.070278655036414867 0.69483635699476465
0.54856491088867188 0.21016581356525421 1.1516768932342529
0.08277130126953125 0.14246781170368195 1.3629873991012573
0.42866671085357666 0.057657539844512939 0.8133089542388916
0.47798523306846619 0.046816714107990265 0.84601205587387085
0.48837355017292228 0.0005165991549859405 0.95466467021211354
-0.088166095316410065 -0.11545940488576889 0.92743176221847534
-0.23642618954181671 0.18683668971061707 1.0117919445037842
-0.22506628930568695 0.16967502236366272 1.0602767467498779
-0.13766644895076752 -0.08292100578546524 0.49108040332794189
-0.090395413258979762 -0.07184568394306956 0.51626690045682677
-0.2713199257850647 0.06692708283662796 1.0545481443405151
-0.21325787901878357 0.28245878219604492 0.92370831966400146
-0.23510761559009552 0.25404074788093567 0.93307828903198242
-0.22390091419219971 0.51622688770294189 0.7303541898727417
-0.20054416319750876 0.0092178188241999748 0.62949652377500176
0.21607688069343567 -0.07523704320192337 1.1085741519927979
0.35825613141059875 0.14785726368427277 0.90405696630477905
0.31931787729263306 0.17930719256401062 0.90296703577041626
-0.13829685747623444 0.25403162837028503 0.47595232725143433
-0.094055816531181335 0.26599746942520142 0.46646806597709656
0.39912870526313782 0.29729738831520081 1.2222772836685181
0.46637916564941406 0.11905947327613831 0.96153658628463745
0.065635785460472107 -0.062982700765132904 0.29726743698120117
0.27493512897297029 -0.043977482604845561 1.2262363735301758
0.053155167106353846 -0.080742528094176716 0.44758033121188073
0.37203195691108704 -0.039844028651714325 0.77650511264801025
0.09599342942237854 -0.034460067749023438 -0.031811755150556564
0.31835585832595825 -0.083250872790813446 1.0477170944213867
0.30125671472110721 -0.050103128993877456 1.0134303481391898
-0.18014776706695557 0.63861626386642456 0.97258222103118896
0.30205458402633667 0.32555413246154785 1.093602180480957
0.238292396068573 0.34324568510055542 0.92231947183609009
0.25248894095420837 0.34338906407356262 0.95186662673950195
-0.3985559344291687 0.36195299029350281 0.71447765827178955
0.0071848188526928425 -0.1075589507818222 0.56179368495941162
0.30520686507225037 -0.078776329755783081 1.2203277349472046
-0.33083772659301758 0.53041172027587891 0.81904447078704834
-0.066289737820625305 0.22603440284729004 0.40934944152832031
-0.31197048541025235 0.14077518637968878 0.74370973274805063
0.099549752697650873 0.0052400102069939808 -0.31157539273714996
0.087975732982158661 0.022497452795505524 -0.3338107168674469
0.22087737917900085 0.036702357232570648 0.58905470371246338
0.45023101568222046 -0.050638444721698761 1.0357364416122437
0.19668376445770264 0.36578068137168884 1.0335522890090942
0.15152021446691027 0.34569300265114133 1.0376078656736814
0.11132129281759262 0.27355319261550903 1.2984855175018311
-0.3655102550983429 0.21208256483078003 0.92008954286575317
0.66882419586181641 0.055640596896409988 1.1155956983566284
0.25402006506919861 0.24651238322257996 1.3212604522705078
0.51298320293426514 0.0026669392827898264 1.3354835510253906
0.51666101877682313 0.03384590140183559 1.3159149795824476
0.12440261989831924 0.38577768206596375 1.0174778699874878
0.12168510258197784 0.27100825309753418 0.5178338885307312
0.16805192828178406 0.23685678839683533 0.54448312520980835
0.49253907004472347 0.016592135705428598 0.99837509779570521
0.0024597016163170338 0.4114404022693634 0.97209960222244263
0.12952040135860443 0.28799629211425781 0.55044543743133545
-0.29517963528633118 0.14965519309043884 0.50852692127227783
-0.28376147150993347 0.55131196975708008 0.91890162229537964
-0.31031960248947144 0.57107394933700562 0.88707435131072998
-0.29355156421661377 0.60739225149154663 0.88037824630737305
0.031445033848285675 0.073992535471916199 0.19797505438327789
-0.28438341331516931 0.074123167917638511 0.86672717807753508
0.45230176227987984 -0.0043395684734105749 1.2723301417508097
0.4615786075592041 -0.051326058804988861 1.2425073385238647
0.26000043749809265 0.25072082877159119 0.88234978914260864
0.032455317676067352 0.10257019847631454 0.21214060485363007
-0.30793008208274841 0.15357370674610138 0.99789315462112427
-0.27246296405792236 0.17074951529502869 1.0087848901748657
-0.32401484251022339 0.18270660936832428 0.64404392242431641
0.23558692634105682 -0.095614582300186157 0.9711601734161377
0.2660042941570282 -0.09194260835647583 0.99956059455871582
-0.26116535067558289 0.51847106218338013 0.93354183435440063
-0.2204613983631134 0.51266831159591675 0.93848985433578491
0.0045632082037627697 -0.11442490667104721 0.52845889329910278
-0.16818873584270477 0.713614821434021 0.92086231708526611
-0.0091623924672603607 0.4677024781703949 0.94578105211257935
0.24958927929401398 -0.066917151212692261 1.2474961280822754
0.27846387028694153 -0.071147963404655457 1.2611368894577026
-0.089896509998670479 -0.082865866938355889 0.70742292382284599
0.22247602045536041 -0.017374595627188683 0.69507342576980591
0.21172817051410675 0.36091479659080505 0.91231673955917358
0.043751083314418793 0.40094843506813049 0.66084593534469604
0.50813215970993042 0.20690034329891205 1.3408200740814209
0.54444426298141479 0.20479528605937958 1.3359689712524414
-0.35395196080207825 0.065906122326850891 1.005170464515686
-0.079437091946601868 0.29773640632629395 0.50270086526870728
-0.25830128788948059 -0.071571297943592072 0.85703551769256592
0.0089334342628717422 -0.0099948002025485039 0.24232333898544312
-0.15945276618003845 -0.10446770489215851 0.88895994424819946
-0.27221836162141094 0.29830884555907722 0.65721127329530082
-0.26918137073516846 0.12463659048080444 0.4585157036781311
-0.23868516087532043 0.14205293357372284 0.44322627782821655
-0.015741188079118729 -0.0299812201410532 1.1812369823455811
-0.32354035973548889 0.3828423023223877 0.68828099966049194
-0.28801232576370239 0.3797757625579834 0.66770398616790771
-0.29314485192298889 0.41175046563148499 0.69534635543823242
0.18509377539157867 0.32824864983558655 1.1622190475463867
0.15303741430017481 0.30316337718541947 1.1229317707142199
0.19986025989055634 0.33937075734138489 1.1253033876419067
0.53079940714762885 0.075565081732405295 1.0021377834451315
0.052802171558141708 0.01491472776979208 -0.25965729355812073
0.065531052649021149 -0.036325410008430481 0.18912780284881592
-0.38739529252052307 0.24093115329742432 0.90693998336791992
0.11730667948722839 -0.065017342567443848 1.2640693187713623
0.16566306352615356 -0.065970622003078461 1.293734073638916
0.10328733175992966 -0.031383898109197617 -0.068704664707183838
0.081886619329452515 -0.019257355481386185 -0.088662073016166687
0.12498974800109863 -0.033637989312410355 -0.096558950841426849
0.10206557065248489 -0.035348277539014816 -0.11980102956295013
-0.3751034140586853 0.33596691489219666 0.69440978765487671
-0.15919134020805359 0.05837675929069519 1.151058554649353
-0.18916653096675873 0.082204245030879974 1.1393741369247437
0.12650294601917267 0.19078613817691803 0.37816604971885681
0.12613233923912048 0.17340488731861115 0.33142542839050293
-0.20763012766838074 0.57210510969161987 0.94119137525558472
-0.23341667652130127 0.54787492752075195 0.93866556882858276
0.075973473489284515 0.062706425786018372 0.080375492572784424
0.063897795975208282 0.033990330994129181 0.069078415632247925
-0.27515807747840881 0.19184482097625732 0.5574755072593689
-0.29815620183944702 0.066709741950035095 0.48569944500923157
-0.10067730396986008 -0.011692591942846775 1.1144888401031494
0.38245365023612976 0.037565074861049652 1.3626611232757568
-0.092212490737438202 0.32189175486564636 0.53832536935806274
0.26936712861061096 0.33857092261314392 0.98253297805786133
0.14029517769813538 0.31394156813621521 0.61452209949493408
0.50224661827087402 -0.02779126912355423 0.93800801038742065
0.14785335958003998 0.24568693339824677 0.50826370716094971
0.52378815412521362 -0.017454192042350769 1.0383875370025635
0.12377292366479685 0.15628978856822126 1.1866780497451834
0.072820425033569336 0.0070496718399226665 -0.098267853260040283
0.58637607097625732 0.26071402430534363 1.2196905612945557
0.61740255355834961 0.24749389290809631 1.2106057405471802
0.66868871450424194 0.075229451060295105 1.2272039651870728
0.21486803889274597 0.30315461754798889 1.2720285654067993
0.30186983942985535 0.27066954970359802 1.3142362833023071
0.32151484489440918 0.24565161764621735 1.331576943397522
0.38714492321014404 0.23936241865158081 1.3505121469497681
0.05422959104180336 -0.070447377860546112 0.3332425057888031
0.45286715030670166 0.024283869192004204 1.3575766086578369
0.14690776169300079 -0.014467119239270687 0.62388980388641357
0.11763420701026917 -0.030753063037991524 0.62999004125595093
0.13562466204166412 -0.024939505383372307 0.66237795352935791
-0.054774496704339981 -0.11987253278493881 0.91878229379653931
-0.018543444573879242 0.62665891647338867 0.95365500450134277
0.025015836581587791 0.65409004688262939 0.92963486909866333
0.15841150283813477 0.035216663032770157 -0.27255499362945557
0.22525351138643193 0.18370501717497542 0.98797997076486699
0.31752097606658936 0.03187902644276619 1.3681339025497437
0.27909301969801492 0.036988348649131753 1.3238118602211431
-0.20297124981880188 0.012272932566702366 0.43335831165313721
-0.17927969992160797 -0.019328545778989792 0.44077745079994202
0.29868260025978088 -0.090169847011566162 0.90869617462158203
0.4886549711227417 -0.031705513596534729 1.032375693321228
-0.32378830390153884 0.050090646375776746 0.88252856674406832
-0.2505168616771698 0.2831580638885498 0.59711277484893799
-0.021940512582659721 0.34372314810752869 0.98562854528427124
-0.23158934712409973 -0.079654186964035034 0.88455706834793091
-0.19046940388336328 0.084903486429939709 1.0760228901090665
-0.27847939322664605 0.4291867118112222 0.82336482804008693
0.13153909146785736 -0.038613222539424896 -0.053786348551511765
0.16257040202617645 -0.01897459477186203 -0.12340735644102097
0.17596562206745148 -0.0081285880878567696 -0.085534684360027313
-0.27087470889091492 0.62052667140960693 0.90988922119140625
-0.2604791522026062 0.58998429775238037 0.92815959453582764
0.042062249034643173 0.57138186693191528 0.89089536666870117
-0.079500012099742889 -0.11881575733423233 0.71451455354690552
0.25953284312979191 0.059433371937041832 0.71652647199634711
-0.12747498163607057 -0.019148076826483808 0.70247170643298718
-0.3329852819442749 0.35733413696289062 0.90451663732528687
-0.28755479682558122 0.042486380875896207 0.73761516647703962
0.66429883241653442 0.11995391547679901 1.1525250673294067
0.36450627446174622 -0.074152477085590363 0.94453054666519165
0.36201187968254089 -0.077725201845169067 0.98030716180801392
-0.26712927222251892 0.29654541611671448 0.90744400024414062
-0.30014199018478394 0.27882012724876404 0.62945652008056641
-0.20008093118667603 0.17056144773960114 1.0868504047393799
0.43606787919998169 0.16583211719989777 1.0155541896820068
0.1702602356672287 0.12190242856740952 0.26229351758956909
0.28012961149215698 0.16620571911334991 0.82628214359283447
0.36228544651099859 0.15130091935316542 1.2876739261732184
0.19642584025859833 -0.013965890742838383 0.68383878469467163
0.17433500289916992 0.37768164277076721 1.0103000402450562
0.35758325457572937 -0.061741065233945847 0.84760183095932007
0.40301629900932312 0.1363753080368042 0.92837285995483398
0.43719780445098877 0.12175014615058899 0.93794280290603638
0.41695764660835266 0.15660448372364044 0.97932720184326172
0.32382744550704956 -0.080263391137123108 1.1229287385940552
-0.23822422361248827 0.058226576673897537 0.59943828992820936
-0.099540799856185913 0.0052074831910431385 1.1396870613098145
-0.1318698525428772 0.030076352879405022 1.1437433958053589
0.078973330557346344 0.026952119544148445 -0.23873554170131683
0.25977960228919983 0.066652931272983551 0.64370560646057129
0.48684224486351013 -0.04004582017660141 1.2770605087280273
0.27362456917762756 0.071469299495220184 0.67826658487319946
0.28171569108963013 0.042682826519012451 0.66681945323944092
0.17913804948329926 0.20940537750720978 0.57105696201324463
-0.12914490699768066 0.14179927110671997 1.2212553024291992
-0.13941746950149536 0.15191034972667694 1.1848703622817993
0.52605283260345459 0.14637234807014465 1.0685579776763916
0.15499219298362732 0.12096930295228958 1.3631749153137207
-0.51128822565078735 0.24240235984325409 0.80683553218841553
0.51032388210296631 0.21855594217777252 1.1428071260452271
-0.28635925054550171 0.333467036485672 0.64052557945251465
-0.4872356653213501 0.26051217317581177 0.89002698659896851
-0.046264354139566422 0.58087646961212158 0.76563149690628052
0.38404178619384766 0.20757117867469788 1.0169762372970581
0.10508187860250473 -0.07584034651517868 1.1281225681304932
0.047602180391550064 0.34516212344169617 1.0462589263916016
-0.22691729664802551 -0.088921181857585907 0.69964534044265747
0.098508432507514954 0.35377097129821777 0.62482434511184692
-0.2083803117275238 0.36047184467315674 0.90744000673294067
-0.32958000898361206 0.28185945749282837 0.65153342485427856
0.20624083280563354 0.37028658390045166 0.99948203563690186
0.36965671181678772 -0.083702638745307922 1.2317529916763306
0.34497424960136414 -0.082954376935958862 1.2065926790237427
0.081815810734886418 -0.028923731512934186 0.76459028931269823
-0.50865161418914795 0.25028514862060547 0.86215943098068237
-0.30836132168769836 0.53594392538070679 0.79393172264099121
-0.14040446281433105 0.092430524528026581 1.1944137811660767
-0.12389468401670456 0.052861258387565613 1.1745185852050781
-0.09265008783572716 0.10447226042841819 1.203316485237083
-0.27899205684661865 0.54612970352172852 0.77143645286560059
-0.25281253457069397 0.51369446516036987 0.73869282007217407
-0.1306912899017334 0.41621798276901245 0.66074097156524658
0.077380761504173279 -0.095499269664287567 1.0057506561279297
-0.31481203436851501 0.17047947645187378 0.60734027624130249
-0.27518275380134583 -0.0074800499714910984 0.98176062107086182
-0.055530540645122528 0.26953485608100891 0.45887148380279541
-0.036466371268033981 0.24879387021064758 0.42654535174369812
-0.22260156273841858 0.65003508329391479 0.85123050212860107
0.10979270190000534 -0.072306819260120392 0.89531970024108887
0.1785651296377182 0.25752213597297668 0.70694667100906372
0.1277981698513031 0.098164156079292297 0.18035167455673218
-0.28303772211074829 0.23523658514022827 0.59791719913482666
-0.095735639333724976 0.048668783158063889 1.1900906562805176
0.28872755169868469 0.24310348927974701 1.326865553855896
-0.04891693964600563 0.2166794091463089 1.2823582887649536
-0.21028354068847396 0.33129272544910948 0.80437945438986869
-0.18804015219211578 0.1928885281085968 1.0496238470077515
-0.16243727505207062 -0.10320550948381424 0.66121041774749756
-0.10847276688245877 -0.067376597864338306 0.66335688959295636
0.32564389705657959 0.096526764333248138 0.77727383375167847
-0.083739899098873138 0.19553506374359131 0.38358616828918457
0.46533840894699097 0.019729018211364746 0.80784869194030762
0.45570439100265503 -0.0034553627483546734 0.79668349027633667
0.47725629806518555 -0.018049957230687141 0.83223694562911987
0.68741047382354736 0.17058907449245453 1.2474894523620605
0.49959810020629641 0.071967955401217851 0.98266308891332843
0.28100857138633728 0.34129872918128967 1.0442324876785278
0.034436482936143875 0.53494143486022949 0.90222668647766113
0.036083112970162007 0.50963958496145023 0.8500934316501858
-0.33072017772049672 0.10558041858180015 0.97469542755547811
-0.041835698612443545 0.55517000637686542 0.81646857297834119
0.69883954524993896 0.22684721648693085 1.2687520980834961
0.69483762979507446 0.19244472682476044 1.2786821126937866
0.69178187847137451 0.20266695320606232 1.2415202856063843
-0.26604488492012024 0.19115307927131653 0.97845244407653809
0.033751513808965683 -0.1104598194360733 0.476112961769104
0.0070689693093299866 -0.10578849911689758 0.44429239630699158
0.019905304536223412 -0.11366402357816696 0.50093793869018555
0.47918081283569336 0.0077119809575378895 1.3437273502349854
0.32334312796592712 0.28407087922096252 1.0018825531005859
0.10848113149404526 -0.071455314755439758 0.34538954496383667
0.19369159638881683 -0.0091701112687587738 0.30675157904624939
0.16925837099552155 -0.06667560338973999 0.8648948073387146
-0.19225592911243439 -0.093785651028156281 0.87206935882568359
0.48423832654953003 -0.035360574722290039 0.99344021081924438
0.010403916239738464 0.25042387843132019 1.1980447769165039
0.021502317031029845 0.21730384305744604 1.1809405697922664
0.039079852402210236 -0.063016526401042938 1.1411452293395996
-0.031276240944862366 -0.12187370657920837 0.84140521287918091
-0.1514257937669754 0.12183313816785812 1.1893028020858765
-0.52469980716705322 0.39341214299201965 0.82252609729766846
0.058361794799566269 -0.10476188361644745 0.46486297249794006
0.08144395336219927 -0.015980426012812531 -0.30723982222092716
-0.41549637913703918 0.053150877356529236 0.82007479667663574
-0.22176536917686462 0.39667472243309021 0.65321844816207886
0.59858238697052002 0.06627383828163147 1.0035347938537598
-0.076427958905696869 0.069182828068733215 0.29925832152366638
-0.021806975826621056 0.23598760366439819 1.1989134550094604
-0.059054054319858551 0.6051640510559082 0.78115576505661011
-0.32937049865722656 0.50978899002075195 0.78465443849563599
-0.21077987551689148 0.089246936142444611 0.40165016055107117
0.047723714262247086 0.021671745926141739 1.3266464471817017
-0.15708641707897186 0.33542785048484802 0.57672375440597534
-0.16408121585845947 0.29827529191970825 0.55205237865447998
0.21305710077285767 -0.068284928798675537 1.2112438678741455
0.46503356099128723 0.13128240406513214 1.3740756511688232
0.4415317177772522 0.17035672068595886 1.3715629577636719
0.3336217999458313 -0.0067347246222198009 1.3559242486953735
0.37093096971511841 -0.0021093736868351698 1.3513586521148682
-0.37612846493721008 0.26193222403526306 0.68311887979507446
-0.41482362151145935 0.042788814753293991 0.93629366159439087
-0.35624456405639648 0.067588560283184052 0.54499918222427368
0.35494402050971985 0.25341501832008362 1.3337091207504272
0.67157429456710815 0.09262470155954361 1.1352919340133667
0.24780866503715515 -0.068380400538444519 1.2116774320602417
0.034824613481760025 0.62013435363769531 0.92457646131515503
-0.13040344417095184 0.35354366898536682 0.58880305290222168
0.63358908891677856 0.024094678461551666 1.2564874887466431
0.61764103174209595 0.0054229767993092537 1.2229335308074951
0.19159069657325745 -0.015198810026049614 0.24609386920928955
0.17884990572929382 -0.033211402595043182 0.28942775726318359
0.10004995763301849 0.24005834758281708 1.3190275430679321
0.13200156390666962 0.20460997521877289 1.3269672393798828
0.17335949838161469 0.045535434037446976 -0.14767205715179443
0.50536668300628662 -0.037350509315729141 1.2505565881729126
-0.37711995840072632 0.013966958038508892 0.74143564701080322
0.19886156916618347 -0.086430959403514862 1.0251330137252808
-0.42167055606842041 0.39380306005477905 0.92025512456893921
0.44241762161254883 -0.019900031387805939 1.3323898315429688
0.016439694911241531 0.38455468416213989 0.99140298366546631
-0.11053049564361572 0.12187592685222626 1.2441893815994263
-0.085362657904624939 0.097035430371761322 1.2537716627120972
0.32659754157066345 0.0056470278650522232 0.7194899320602417
-0.4686482846736908 0.22325247526168823 0.8938172459602356
-0.36439946293830872 0.36249294877052307 0.90802770853042603
0.10307762026786804 0.039744384586811066 1.3536093235015869
0.021152026263423843 0.46885427541558078 0.78928399958362205
-0.48750790953636169 0.32337492704391479 0.90637499094009399
-0.14417809247970581 0.67020642757415771 0.84584468603134155
-0.47320494055747986 0.14820191264152527 0.85048353672027588
0.12790364027023315 -0.059135649353265762 0.86686176061630249
-0.22645384073257446 0.42556172609329224 0.67648273706436157
-0.017066009342670441 0.36882179975509644 0.60128968954086304
0.60048604011535645 0.22721453011035919 1.1833851337432861
0.58686548471450806 0.20492595434188843 1.1603388786315918
0.57550814782142634 0.076160931106225432 1.180235382089432
-0.31098601222038269 0.31045594811439514 0.6461871862411499
0.65393984317779541 0.25946155190467834 1.2328754663467407
-0.090900152921676636 -0.046843621879816055 0.39039212465286255
0.59305083751678467 0.17406278848648071 1.3601244688034058
-0.011879050172865391 0.46864873170852661 0.68934303522109985
0.0932483971118927 0.029168035835027695 -0.29100212454795837
0.040985722094774246 0.059561349451541901 1.3423503637313843
0.11226575821638107 -0.033695776015520096 0.16153720021247864
0.64298850297927856 0.24763032793998718 1.3246524333953857
0.22162872552871704 0.07094448059797287 0.55597227811813354
0.030457431450486183 -0.029062138870358467 1.2524923086166382
-0.099032387137413025 0.72471940517425537 0.92322099208831787
-0.061745677143335342 0.73025572299957275 0.96855026483535767
0.10190375149250031 -0.090395696461200714 1.0281895399093628
0.081223241984844208 0.05552833154797554 0.050618834793567657
-0.24061241745948792 0.017112433910369873 0.45976728200912476
-0.39885127544403076 0.42957264184951782 0.92012512683868408
0.043203037232160568 0.56152898073196411 0.78887945413589478
0.18939629197120667 0.0081755155697464943 -0.29802700877189636
-0.055791266262531281 -0.11019091308116913 0.55052703619003296
-0.00262437853962183 0.032443806529045105 1.2927004098892212
-0.18491186201572418 0.080461442470550537 0.38357722759246826
-0.14782768499079535 0.20570929765070528 0.48038439973971414
0.059693146497011185 0.53908342123031616 0.87907564640045166
0.033022128045558929 0.15831141173839569 0.28569075465202332
0.64556950330734253 0.025334907695651054 1.2159395217895508
-0.1523597240447998 0.53172147274017334 0.94146549701690674
-0.21632197499275208 0.079260557889938354 1.11698317527771
0.039111975580453873 -0.027083288878202438 -0.32965978980064392
0.039953228086233139 -0.0032741506583988667 -0.3102124035358429
0.47026801109313965 0.18702489137649536 1.3582998514175415
-0.098587267100811005 0.49855870008468628 0.70842194557189941
-0.27860301733016968 0.48504018783569336 0.92701399326324463
0.10942256450653076 0.35996940732002258 0.65848237276077271
0.11056873947381973 0.38106018304824829 0.68339443206787109
-0.38902038335800171 0.12394969165325165 0.97553175687789917
-0.35502737760543823 0.10572760552167892 1.0080658197402954
-0.19814242422580719 0.20326243340969086 0.47072529792785645
-0.36475268006324768 -0.011185581795871258 0.86565053462982178
0.15477289259433746 0.0030485598836094141 0.48750811815261841
-0.25429123640060425 0.24661895632743835 0.57869482040405273
0.1481500118970871 0.079357750713825226 0.10807419568300247
0.063237711787223816 0.32875943183898926 1.0809694528579712
-0.23251931369304657 0.20850250124931335 0.98026746511459351
0.61072045564651489 0.16787396371364594 1.1339772939682007
0.64381527900695801 0.143514484167099 1.1366368532180786
0.1606617271900177 0.054757140576839447 -0.047715429216623306
0.18897989392280579 0.034393850713968277 -0.058627977967262268
0.19985686242580414 0.011743780225515366 0.22140718996524811
0.20300671458244324 0.044865064322948456 0.20859700441360474
-0.031941846013069153 0.097232550382614136 0.2668612003326416
-0.32731035351753235 -0.037918850779533386 0.65631276369094849
-0.056509926915168762 0.36326572299003601 0.59370541572570801
-0.45378759503364563 0.11597532033920288 0.82926023006439209
0.0095578739419579506 -0.07497444748878479 1.0582171678543091
0.11090183258056641 -0.034036070108413696 0.12375794351100922
0.38967427611351013 0.29075825214385986 1.3135751485824585
0.35155981779098511 0.29211795330047607 1.3052158355712891
0.42679700255393982 0.0094078509137034416 0.78015506267547607
0.13337422907352448 -0.0090266885235905647 1.3478699922561646
0.22232167422771454 0.26014313101768494 0.82532131671905518
0.46370163559913635 -0.044790249317884445 0.96893841028213501
-0.17342095077037811 0.20046333968639374 0.44255331158638
-0.47592693567276001 0.43441715836524963 0.84674447774887085
0.16744619607925415 0.39235728979110718 0.93932664394378662
0.4850923917363229 0.0023802614851701552 1.2994573056343299
0.15688696503639221 0.28945881128311157 0.63265508413314819
-0.074265472590923309 0.26881417632102966 1.0150399208068848
-0.11149610579013824 0.093472748994827271 1.2195971012115479
0.1995307058095932 0.012498489581048489 -0.091926917433738708
-0.011462308466434479 0.31892633438110352 0.52523142099380493
0.42941659688949585 -0.058048170059919357 1.0691038370132446
-0.22228871285915375 -0.065678924322128296 0.53533667325973511
0.19062250852584839 0.22945070266723633 0.72690540552139282
0.51367080420803668 0.0025154294718409383 1.2962067571175517
0.090789079666137695 0.28636521100997925 1.2410197257995605
0.10120908170938492 0.4215969443321228 0.95162457227706909
-0.40487849712371826 0.078695781528949738 0.76693636178970337
-0.10901486128568649 -0.094670727849006653 0.49158808588981628
0.633719801902771 0.27680683135986328 1.3046447038650513
0.063454918563365936 -0.067661575973033905 0.74728196859359741
0.65100246667861938 0.11562624573707581 1.1154961585998535
0.67926204204559326 0.25872907042503357 1.2646018266677856
0.4447234570980072 0.23710690438747406 1.1330018043518066
0.55369794368743896 -0.0073959049768745899 1.2963830232620239
-0.16598750650882721 0.13638113439083099 0.37842997908592224
0.077955624899462006 -0.008772866427653736 -0.26756786710413494
-0.31181734800338745 0.52134788036346436 0.9076235294342041
0.49392488598823547 0.11278147995471954 0.97937291860580444
0.063353605568408966 -0.053677331656217575 -0.31801843643188477
0.134930819272995 0.40775945782661438 0.85162705183029175
0.19737686216831207 -0.090687595307826996 0.98731613159179688
0.4035027027130127 -0.041225951164960861 1.3194774389266968
0.0799674391746521 -0.037900801748037338 -0.19719873368740082
-0.047922719269990921 -0.10886615514755249 0.65392464399337769
-0.29542109370231628 -0.055645249783992767 0.69827711582183838
-0.27869191765785217 -0.06680239737033844 0.66671848297119141
0.088404044508934021 -0.051636237651109695 0.64882725477218628
0.038307733833789825 0.64717882871627808 0.89794862270355225
0.65659034252166748 0.17815586924552917 1.1805226802825928
0.24337336421012878 0.045957304537296295 1.3751825094223022
0.25388315320014954 -0.002352947136387229 1.3654519319534302
0.20494675636291504 0.20234605669975281 0.74271059036254883
0.082715190947055817 0.076530531048774719 0.11859910190105438
0.057495713233947754 0.057662650942802429 0.11072871834039688
-0.31698921517704648 0.23305360843596074 0.74920827174377924
-0.12069783359766006 -0.051219530403614044 1.0394976139068604
-0.49144506454467773 0.22904486954212189 0.87000805139541626
0.3623388409614563 0.14730332791805267 1.3897123336791992
0.14428345859050751 -0.027960790321230888 0.1216329038143158
-0.14084175229072571 0.58994203805923462 0.94742131233215332
0.42834761738777161 0.20182719826698303 1.3640152215957642
0.41954478621482849 0.23382627964019775 1.351048469543457
-0.17060548067092896 0.56931966543197632 0.94286340475082397
-0.027602190151810646 0.28401261568069458 0.47648721933364868
0.061421375721693039 0.0037739982362836599 0.07370777428150177
-0.42406055331230164 0.38325348496437073 0.73514765501022339
0.2072785347700119 0.081527508795261383 0.46289324760437012
-0.045303668826818466 0.67025214433670044 0.99122136831283569
-0.043578304350376129 0.71428143978118896 0.98567438125610352
0.072602815926074982 -0.010392584837973118 -0.04676876962184906
-0.19454099237918854 0.28414502739906311 0.56008642911911011
0.035425659269094467 0.28060624003410339 1.1162933111190796
0.43788805603981018 -0.052592501044273376 1.1735180616378784
0.40737816691398621 0.30715027451515198 1.2816931009292603
0.38049918413162231 0.30713951587677002 1.2553151845932007
0.16191858053207397 0.33844867348670959 1.1190879344940186
0.084216997027397156 0.46878218650817871 0.72805273532867432
0.15648651123046875 -0.057133316993713379 -0.32139754295349121
-0.028002555067968775 0.54237737507196293 0.76908024395910368
0.15295533835887909 0.088676467537879944 0.17231370508670807
0.52594548463821411 -0.024173475801944733 1.2881114482879639
0.23442524671554565 -0.06201336532831192 1.2895097732543945
-0.19647045433521271 0.69592028856277466 0.96086066961288452
-0.21924369037151337 0.69012445211410522 0.9181249737739563
-0.19815520942211151 0.70559436082839966 0.92915791273117065
0.43937883542830197 0.059252753253303411 1.101460637110719
0.57734471559524536 0.28180000185966492 1.3050864934921265
-0.089822232723236084 0.07318539172410965 1.2195303440093994
0.46786120533943176 -0.035412460565567017 1.3043960332870483
-0.13168902695178986 0.72238564491271973 0.93418878316879272
0.095594428479671478 -0.033166609704494476 0.09097706526517868
-0.20709638297557831 0.66506361961364746 0.9638252854347229
0.03655991330742836 0.51774531602859497 0.73156559467315674
-0.2060064971446991 -0.028226876631379128 0.46920314431190491
-0.080690667033195496 -0.11397047340869904 0.67194920778274536
0.36132746844991509 0.28146651375482845 1.2613701466653968
-0.33741617202758789 -0.021499216556549072 0.92775118350982666
0.066385723650455475 0.53577893972396851 0.78076183795928955
0.20017516613006592 -0.048832502216100693 1.3402295112609863
0.22306790947914124 -0.056706294417381287 1.3203800916671753
-0.098912060260772705 0.4256666898727417 0.67100000381469727
-0.41291376948356628 0.1107751801609993 0.76909232139587402
0.074372746050357819 -0.062846332788467407 -0.35145667195320129
-0.094062283635139465 -0.087097175419330597 0.98591899871826172
-0.17591299116611481 -0.050025321543216705 0.46679049730300903
0.1306266188621521 0.37841644883155823 0.71476000547409058
0.064001321792602539 0.018136892467737198 -0.30936422944068909
-0.06746499240398407 0.47025036811828613 0.69416457414627075
-0.19805845618247986 0.24433548748493195 0.52474451065063477
0.56804400682449341 0.086550116539001465 1.0022352933883667
0.17254166305065155 0.059477545320987701 0.005419507622718811
-0.022227590903639793 0.5967477560043335 0.78177285194396973
-0.03345344215631485 0.65161269903182983 0.96823102235794067
0.31074529886245728 0.08574376255273819 0.74523442983627319
-0.053753409534692764 0.55420088768005371 0.74535775184631348
-0.30100199580192566 0.57824331521987915 0.84493798017501831
0.12535364925861359 0.39899945259094238 0.98369848728179932
0.2251584380865097 -0.026157667860388756 0.74187588691711426
-0.226307213306427 0.26801443099975586 0.57138657569885254
0.5015108585357666 -0.024838779121637344 1.3067307472229004
0.52354520559310913 0.098564021289348602 0.98154884576797485
0.66738510131835938 0.25766837596893311 1.3050504922866821
0.13811640441417694 -0.062793143093585968 0.32432651519775391
0.53931999206542969 0.1187826469540596 1.3697817325592041
0.082532636821269989 -0.088471978902816772 0.44526657462120056
0.19741193950176239 0.11911021918058395 0.3717772364616394
-0.15996344387531281 -0.072568550705909729 0.49009031057357788
-0.12071792781352997 0.72043699026107788 0.97877568006515503
0.087096907198429108 0.40721136331558228 0.6860654354095459
0.12812542915344238 0.40248477458953857 0.74210119247436523
-0.28491085767745972 -0.0341525599360466 0.54948842525482178
-0.39434137940406799 0.4646250307559967 0.9040568470954895
0.35571852326393127 0.28975558280944824 1.0942826271057129
0.032942779362201691 -0.012894528917968273 1.2833664417266846
0.033123165369033813 -0.087986275553703308 1.0271927118301392
0.0077716289088129997 0.37711793184280396 0.61986315250396729
0.21323578059673309 0.10759761929512024 0.45836594700813293
-0.32273408770561218 0.21991682052612305 0.6440015435218811
0.35666689276695251 0.29113778471946716 1.135021448135376
0.15751795470714569 0.37357181310653687 1.0366121530532837
0.069222979247570038 0.54129195213317871 0.82956987619400024
0.16081678867340088 0.091276243329048157 1.3669607639312744
0.1608644425868988 -0.073471441864967346 1.1515475511550903
0.55432116985321045 0.25870081782341003 1.2102154493331909
0.15392276644706726 0.39424982666969299 0.88035285472869873
-0.26433244347572327 -0.076068378984928131 0.70010262727737427
0.17542837560176849 -0.071288220584392548 1.2131925821304321
0.39397919178009033 0.12044990062713623 0.89499670267105103
-0.23259344696998596 0.091155946254730225 0.4198286235332489
0.27496358752250671 0.13523469865322113 0.77549993991851807
-0.11631745100021362 -0.1160331591963768 0.68568319082260132
0.30909848213195801 0.31741851568222046 1.1362749338150024
0.19076575338840485 -0.0012569061946123838 -0.057221759110689163
0.34544193744659424 0.30899113416671753 1.2731474637985229
-0.21299313008785248 0.11597153544425964 1.1256393194198608
-0.045764129608869553 0.26636216044425964 1.0429263114929199
-0.28367513418197632 -0.057137668132781982 0.74363160133361816
-0.47172403335571289 0.16429939866065979 0.90246456861495972
0.2665436863899231 0.015134130604565144 0.65790247917175293
0.35063755512237549 0.00088077911641448736 0.73608863353729248
0.32059308886528015 -0.032335083931684494 1.3434551954269409
0.013883358798921108 0.08026440441608429 1.3397953510284424
-0.33291774988174438 0.26788949966430664 0.90546327829360962
0.23546671867370605 0.17707444727420807 0.76974570751190186
0.20241661369800568 0.2623906135559082 0.78928351402282715
0.083366565406322479 -0.051901619881391525 -0.27941307425498962
0.16863267123699188 -0.039076682180166245 -0.29500609636306763
-0.18346682190895081 0.23306451737880707 0.49356195330619812
0.66391134262084961 0.073470138013362885 1.2845046520233154
0.27486410737037659 0.33413898944854736 1.1146198511123657
-0.19600145518779755 0.5407828688621521 0.94290542602539062
-0.44533896446228027 0.40686029195785522 0.76148921251296997
-0.4538547694683075 0.15117646753787994 0.9282878041267395
0.2620103657245636 0.16071623563766479 0.79058641195297241
-0.1739785224199295 0.6537439227104187 0.83598297834396362
-0.48440390825271606 0.32843241095542908 0.75522059202194214
0.19179302453994751 -0.026334231719374657 0.74003994464874268
0.13680548965930939 -0.070689365267753601 -0.44132634997367859
-0.024096345528960228 0.056793078780174255 1.2853629589080811
-0.33720499277114868 -0.030835319310426712 0.88427907228469849
0.19063954055309296 -0.036053478717803955 -0.34112533926963806
-0.26550644636154175 -0.057373214513063431 0.56854915618896484
0.43619048595428467 -0.043345272541046143 1.305036187171936
0.28309592604637146 0.32494580745697021 1.150328516960144
0.13330106437206268 -0.061661045998334885 0.29244476556777954
0.06545613706111908 0.22582782804965973 1.32771897315979
0.21662259101867676 0.12012389302253723 0.5541234016418457
0.13643114268779755 0.056270834058523178 -0.078484475612640381
0.48602259159088135 0.026894019916653633 0.83730131387710571
0.10343640297651291 -0.070867516100406647 1.1971021890640259
0.2309652715921402 -0.038123216480016708 1.350382924079895
0.19675543904304504 -0.025954483076930046 1.3579834699630737
-0.2561647891998291 -0.049725666642189026 0.54149931669235229
0.2203066498041153 0.099114485085010529 0.53007972240447998
-0.10072033107280731 0.15622483193874359 0.35179823637008667
0.51397299766540527 0.013036939315497875 0.86427879333496094
0.50180095434188843 -0.0096277007833123207 0.85266667604446411
0.14467376470565796 -0.074765823781490326 -0.48050901293754578
0.69740968942642212 0.21570779383182526 1.30693519115448
0.67789793014526367 0.20273233950138092 1.3369394540786743

CELLS 13969 69845
4    3    0    2    1
4    7    4    6    5
4   10    8    9   11
4   12   13   14   15
4   16   17   18   19
4   23   22   21   20
4   26   24   25   27
4   31   28   30   29
4   32   33   34   35
4   36   37   38   39
4   40   41   42   43
4   46   44   45   47
4   51   48   50   49
4   53   54   52   55
4   57   58   56   59
4   63   60   62   61
4   65   67   66   64
4   71   68   70   69
4   75   72   74   73
4   79   77   76   78
4   80   83   81   82
4   84   85   86   87
4   91   90   89   88
4   95   93   92   94
4   99   98   97   96
4  101  102  100  103
4  106   68  105  104
4  107  108  109  110
4  114  111  113  112
4  115   72  110  116
4  117  118  119  120
4  124  121  123  122
4  125  126  127  128
4  132  129  131  130
4  134  135  133  136
4  138  139  137  140
4  141  144  142  143
4  148  147  146  145
4  152  149  151  150
4  153  154  155  156
4  158  157  160  159
4  161  162  163  164
4  167  166  168  165
4  169  170  171  172
4  173  174  175  176
4  178  177   86  179
4  183  181  180  182
4  185  186  184  187
4  191  188  190  189
4  194  192  193  195
4  196  197  198  199
4  203  200  202  201
4  207  204  206  205
4  208  209  210  211
4  212  213  214  215
4  217  216  219  218
4  223  221  220  222
4  226  227  224  225
4  228  229  230  231
4  235  232  234  233
4  238  236  237  239
4  243  240  242  241
4  247  246  245  244
4  251  248  250  249
4  254  252  253   66
4  257  255  256  258
4  262  260  259  261
4  264   99  263  265
4  266  267  268  269
4  273  270  272  271
4  277  274  276  275
4  281  278  280  279
4  284  282  283  285
4  288  287  289  286
4  293  291  290  292
4  294  295  296  297
4  301  298  300  299
4  302  303  304  305
4  307  306  309  308
4  310  311  312  301
4  315  313  259  314
4  122  316  317  318
4  322  319  321  320
4  325   66  324  323
4  329  326  328  327
4  330  331  332  333
4  334  335  330  333
4  233  232  336  235
4  339  340  337  338
4  341  344  342  343
4  348  345  347  346
4  352  349  351  350
4  355  353  217  354
4  356  357  358  359
4  360  361  362  363
4  364  366  367  365
4  371  368  370  369
4  375  372  374  373
4  142  376  378  377
4  382  381  380  379
4   93   94  383  384
4  387  385  120  386
4  391  388  390  389
4  392  114  393  394
4  314  395  313  261
4  396  397  398  399
4  402  400   62  401
4  405  404   20  403
4  409  406  408  407
4  410  411  412  137
4  413  414  415  416
4  418  168  167  417
4  419  422  420  421
4  426  424  423  425
4  428  427  228  352
4  432  429  431  430
4  114  113  394  112
4  436  433  435  434
4  437  113  438  393
4  441  442  439  440
4  445  443  444  446
4  448  449  447  450
4  454  453  452  451
4  289  455  456  286
4  459  457  458  400
4  150  460  296  461
4  462  463  359  464
4  465  466  467  468
4  469  470  471  472
4   39  310   38   36
4  476  473  475  474
4  479  478  211  477
4  483  480  482  481
4  484  485  486  487
4  489  488  345  346
4  249   38  312  250
4  492  490  491  493
4  494  495  144  496
4  289  497  498  286
4  500  294  499  150
4  501  502  503  504
4  505  506  507  508
4  509  510  511  512
4  516  515  514  513
4  520  517  519  518
4  521   63  522  523
4  475  524   80  474
4  525  528  526  527
4  529  298  530  531
4  535  532  534  533
4  539  537  536  538
4  482  540  542  541
4  172  169  544  543
4  548  546  545  547
4  549  550  551  190
4  552  150  149  553
4  557  554  556  555
4  560  558  525  559
4  561  562  216  563
4  566  564  565  567
4  568  571  569  570
4  574  573  575  572
4  579  576  578  577
4  583  582  581  580
4  587  584  586  585
4  591  589  588  590
4  595  592  594  593
4  598  596  597  121
4  601  602  599  600
4  604  605  603  606
4  609  607  315  608
4  612   65  611  610
4  280  613  615  614
4  617  618  616  619
4  623  622  621  620
4   31  282  285  624
4  628  625  627  626
4  629  630  631  632
4  248  635  633  634
4  636  404  405   19
4  637  302  304  305
4  638  639  640  641
4  642  643  164  161
4  644  645  646  647
4  650  648   71  649
4  654  651  653  652
4  459  657  656  655
4  661  659  658  660
4  665  664  663  662
4  571  667  666  668
4  669  670  572  671
4  179  672  674  673
4  678  676  675  677
4  213  214  215  679
4  680  683  681  682
4   29  284  682   31
4  684  685   28   30
4  689  687  686  688
4  103  690  692  691
4  196  694  693  695
4  699  696  698  697
4  703  700  702  701
4  707  704  706  705
4  711  708  710  709
4  712  713  164  714
4  715  255  716  699
4  717  478  719  718
4  720  721  722  723
4  725  724   97  726
4  730  727  729  728
4  479  731  211  732
4  734  735  733  560
4  738  737  736  675
4  739  740  741  742
4  745  743  493  744
4  746  331  627  747
4  751  748  750  749
4  752  753  119  754
4  758  755  757  756
4  759  110  761  760
4  765  762  764  763
4  766  524   80  767
4  770  768  769  771
4  532  772  773  774
4  112  111  775  776
4  777   60  778  779
4  356  780  462  781
4  488  782  783  784
4  785  786  787  788
4  789  790  791  792
4   51  449  793   48
4  249  794  795  796
4  800  799  798  797
4  801  802  803  804
4  805  806  807  272
4  311  810  809  808
4  811  812  813  679
4  816  814  815  817
4  818  819  820   65
4  309  307  822  821
4  239  237  823  236
4  825  826  824  371
4  829  830  827  828
4  537  831  832  539
4  355  833  834  354
4  384  837  836  835
4  799  838  839  798
4  840  841  842  843
4  492  493  745  844
4  845  772  846  847
4  850  848  483  849
4  851  342  159  218
4  855  852  854  853
4  859  856  858  857
4  861  863  862  860
4  239  238  236  864
4  868  865  867  866
4  869  870  674  871
4  872  873  874  199
4  878  875  877  876
4  795  879  881  880
4  885  883  882  884
4  155  888  886  887
4  891  889  890  328
4  892  506  834  833
4  894  893  223  728
4  319  317  598  122
4  150  149  151  895
4  896  897  898  829
4  251  899  634  900
4  774  901  507  505
4  523  521   63  902
4  903  904  905  906
4  907  908  909  910
4  784  782  783  911
4  914  912  159  913
4  915  916  603  917
4  918  919  920  921
4  924  386  923  922
4  925   22  317  320
4  929  926  928  927
4  310   38  312  930
4  931  932  432  933
4  348  934  292  291
4  935  936  177  937
4  938  939  143  144
4  942  943  940  941
4  946  944  945  947
4  951  948  950  949
4  624  360  952  285
4  956  954  953  955
4  652  653  654  957
4  190  189  188  958
4  960  959  962  961
4  963  964  965  966
4  967  968  969  783
4  468  466  970  465
4  161   79  164  642
4  971  277  276  275
4  297  463  815  972
4  976  973  975  974
4  359  357  977  780
4  375  978  980  979
4  981  982  983  984
4  945  151  895  947
4  985  908  318  910
4  988  986   91  987
4  990  991  542  989
4  505  833  506  892
4  992  993  633  994
4  997  995  996  998
4 1001  999  542 1000
4 1002  969  783  967
4  745 1003  744  492
4   29 1005 1004   30
4  781 1006  463  972
4  748  750 1007  751
4 1008 1009 1010  416
4 1014 1011 1013 1012
4 1015 1016 1017 1018
4  121 1019  596 1020
4  244 1022 1021 1023
4  248  993  531 1024
4  472 1025 1026  469
4  143 1027  939  938
4 1028  229  230 1029
4  378 1030  495 1031
4 1033 1032  525  713
4 1036  918 1035 1034
4 1039 1038 1040 1037
4  143 1042 1041  938
4  641 1043  640  638
4  657 1044 1045  459
4 1046 1047  900 1048
4 1049  595  659  593
4 1051 1050  819 1052
4  254 1054 1053 1055
4   96  263  265 1056
4 1024  993  301 1057
4  829  382  898 1058
4  772 1059  212 1060
4 1061  131 1062  130
4 1066 1063 1065 1064
4 1067  379  382  521
4  397 1070 1069 1068
4 1072 1074 1073 1071
4   24 1075 1076 1077
4 1079 1080 1078 1081
4  767 1082  193  194
4  726 1084 1083 1085
4 1088 1086  276 1087
4 1089 1090 1091 1092
4 1094 1096 1095 1093
4 1099 1097 1098  562
4 1103 1101 1100 1102
4 1105 1104    7 1106
4  101  100 1108 1107
4 1111  463 1110 1109
4 1112 1113 1114 1115
4 1043 1118 1116 1117
4 1119 1120 1121 1122
4  552 1123 1124 1125
4 1126  168  418 1127
4 1128 1129   44  363
4  986  899 1131 1130
4 1134 1132 1133 1135
4 1137  802 1136 1138
4 1140  809  311 1139
4 1144 1141 1143 1142
4  670 1145 1147 1146
4 1148  189 1149 1150
4  778 1151  578 1152
4 1156 1154 1153 1155
4 1157 1158  563  217
4  741 1159 1161 1160
4 1163 1162  591  590
4  890 1164  889 1165
4 1167 1166  525 1033
4 1168 1169 1170 1171
4 1175 1172 1174 1173
4  272 1176  807  805
4  900  993  634  251
4 1179 1178 1177  537
4  523  382  521 1067
4  316 1180 1181  440
4 1182 1042  144 1183
4 1184 1185  488 1186
4  817  692 1187 1188
4  442  403   26  440
4 1191 1189 1190 1192
4  596  548 1193 1194
4 1195 1196 1197 1198
4  874 1199 1201 1200
4 1202 1203 1204 1205
4  336 1207 1206 1208
4   27  535 1209  316
4 1211 1212 1210 1213
4  419  421  420 1214
4 1215 1216 1217  901
4 1221 1219 1218 1220
4  879 1222  251 1223
4 1224  814 1225 1226
4 1227 1228  167 1229
4  701  655 1230   33
4 1231  716 1232 1233
4 1234  834  355 1235
4  407  406 1236  409
4  199 1237 1239 1238
4 1243 1240 1242 1241
4 1245 1244 1210 1246
4 1247 1248 1006  977
4  556  798  800 1249
4  443 1250  840  843
4 1013 1012  689  688
4 1252  367  245 1251
4 1255 1253  778 1254
4  501 1256 1258 1257
4 1261 1259 1260  105
4 1262 1263 1264 1265
4 1266 1267  713  470
4 1110 1269 1268 1109
4 1270 1271  649  650
4  929 1272  665  927
4  307 1273  306  308
4  441   21  440  910
4 1275 1169 1170 1274
4 1276 1277 1278 1279
4  539 1280 1281  537
4 1249 1282  800  556
4 1283 1284 1285  912
4 1286 1124 1125  872
4  851 1289 1288 1287
4   16 1290  390 1291
4 1294 1293  581 1292
4  948  664 1295  951
4  480  481  848 1296
4 1299  119 1298 1297
4  712  643  642 1300
4  231  228  229 1301
4 1194  548 1193 1302
4  787 1303 1135 1304
4 1059  845  772  215
4  211 1306 1305  208
4 1065 1307 1066 1308
4 1311  517 1309 1310
4 1315 1312 1314 1313
4 1318  916 1316 1317
4  914 1319  851  218
4 1320 1321  681  591
4 1322 1323 1324 1325
4 1327    1  984 1326
4 1329  607  843 1328
4  183  351 1330 1331
4 1335 1332 1334 1333
4  677 1338 1336 1337
4 1339 1340   73  761
4 1343 1341 1342 1333
4 1344 1345 1346 1347
4  118  119 1348 1299
4 1349 1350 1351 1352
4 1353  740 1354  741
4   51 1355  450 1356
4 1357  932 1298  754
4 1358 1359 1360  878
4 1223  879 1222 1361
4  435  698  699  433
4  728  893  223 1362
4 1363 1364 1365 1366
4 1211 1210  773 1213
4 1367 1368    2    3
4 1369   13 1204 1202
4  121 1370 1020  935
4  393  438  394  113
4 1371 1372  186  184
4 1373 1374  803 1375
4  150  149  895  461
4 1378 1379 1376 1377
4  688  890 1156 1380
4 1384 1383 1382 1381
4 1386 1385  979  709
4 1387  926 1388 1389
4 1024  635  531  248
4  912 1284 1391 1390
4 1129 1392 1393   47
4 1394 1087 1395 1396
4 1000 1397 1398 1366
4 1400  919  456 1399
4  355  833  217  219
4 1311 1309 1402 1401
4 1403  540 1404 1299
4 1408 1407 1406 1405
4  983 1010  415  984
4 1410 1155 1409 1156
4 1413  136 1412 1411
4   45 1414  653 1415
4 1416 1417 1418 1308
4  889 1419 1420  890
4  286    1  415 1327
4  159  563 1422 1421
4 1005 1423  683  682
4 1426 1425   42 1424
4  815 1006 1428 1427
4 1429 1213 1212  532
4  438 1431 1230 1430
4 1432 1433 1056 1434
4 1435 1436   15 1318
4 1438 1290 1439 1437
4 1440 1142  847 1209
4 1441 1124 1442  628
4 1446 1445 1444 1443
4 1447 1448 1449 1450
4 1179 1451 1119  832
4 1189 1452 1453 1192
4  320   22 1455 1454
4 1456  752  796  954
4 1457 1459 1458  137
4 1460  918 1233 1034
4 1462 1463 1440 1461
4 1466 1464 1131 1465
4 1467 1468 1469  908
4 1471 1313 1470 1472
4 1473 1474  750 1007
4 1192 1475 1476  452
4 1477  208   83  210
4 1308 1478   73 1416
4  103  102 1171 1479
4 1480 1481 1482 1483
4 1487 1484 1486 1485
4 1489 1488 1491 1490
4 1049 1492  660  858
4 1493  482  483 1494
4 1497 1495  106 1496
4   75  764 1498  193
4 1499 1500   20   23
4 1092 1089 1090 1501
4  764   73  761   75
4 1502 1015 1503 1347
4  351  350  349 1504
4 1005 1506 1423 1505
4 1508 1509 1507 1510
4 1512 1513 1511 1514
4  977  357 1515  780
4 1006 1428 1278 1111
4  301  311 1057  808
4 1049  962 1252 1516
4 1519 1517 1518    3
4 1057  993  251 1024
4 1341 1402  654 1343
4 1520  949 1522 1521
4 1523  191 1525 1524
4 1526  155  258  255
4 1527 1528 1288  342
4  762 1529 1340  764
4 1384 1530 1532 1531
4 1411  635 1533 1413
4 1535 1361 1023 1534
4 1481 1536 1537  567
4  290  345  615  703
4 1205 1203 1267 1202
4 1540 1538 1539  497
4 1541  204 1542  742
4  615 1543  703  489
4 1544 1546 1547 1545
4  636 1500   18  405
4  594  661  659 1335
4 1548 1320 1321  681
4 1536 1549 1537  567
4 1182 1550 1552 1551
4  138  140 1554 1553
4 1555  931 1104 1489
4  258 1043  641 1556
4 1209 1142 1143 1440
4  482  481 1557 1493
4  391 1558  390 1126
4 1560 1559  321  956
4 1564 1561 1563 1562
4 1567 1565 1566 1038
4 1568 1569 1570 1571
4  599 1574 1573 1572
4 1575 1576 1577 1578
4 1582 1581 1580 1579
4  703  457 1543 1583
4  311 1488 1491 1489
4  970  500  460  296
4 1585 1584 1045  402
4 1586 1587  854  235
4   55   52  979   54
4 1591 1590 1589 1588
4 1593  514 1592 1211
4 1182 1594  842 1595
4  706  424  426  425
4 1596 1240  573 1242
4  763  764  765 1038
4  359  358 1073 1597
4  746 1598  332  747
4 1601 1599 1600  498
4 1605 1603 1602 1604
4  773  845  772 1606
4 1084 1608 1607 1609
4  572 1610  575 1611
4 1612 1613 1614  175
4 1034 1035 1615 1460
4 1619 1616 1618 1617
4 1152  578  778 1620
4 1206 1623 1622 1621
4 1117 1116 1043 1624
4  921 1625 1626  918
4  975  973 1627  974
4  354 1628  353  217
4 1629 1630  729 1631
4   71 1632 1633  648
4  416 1010  415 1009
4  409  407  408 1634
4 1636 1323 1330 1635
4  510  511  512 1637
4 1449 1638 1639  502
4 1640  275  204 1541
4   55 1641 1642   53
4 1499   20   22   23
4 1645 1644 1646 1643
4   47 1129   46 1128
4 1648 1647  816 1275
4 1649 1650 1651 1188
4  978  374  315 1652
4 1653 1654 1332  658
4  515 1075 1077  516
4  357 1515 1655  977
4 1198 1658 1657 1656
4  438 1659  113  437
4 1514  622 1661 1660
4 1664 1662 1663  611
4 1122 1665 1667 1666
4  207  206 1668  205
4 1669  685   30 1670
4 1671 1014 1156 1380
4 1672 1673 1674 1675
4 1677  769 1676   50
4 1122 1667  553 1666
4 1679  519  951 1678
4 1648 1169 1680  103
4 1681 1536 1682 1683
4 1621 1684 1685  224
4 1686 1013 1221 1687
4 1642 1641    1 1688
4 1689 1690  225 1685
4 1691 1503  390  579
4  533 1142 1692 1143
4 1059  212 1693  215
4  210 1694 1695 1696
4   45 1697 1699 1698
4 1702 1701 1700  852
4 1341  635 1533 1334
4 1706 1704 1703 1705
4 1174 1709 1708 1707
4 1711 1710  970  465
4 1714 1712 1713 1123
4 1715 1633 1716 1497
4 1717  939  749  127
4 1718 1719 1124  270
4 1720 1721 1722 1723
4 1725 1726 1724 1727
4 1728 1226 1729 1268
4 1730  998 1731 1732
4 1683 1536 1549 1681
4 1733 1734 1735 1736
4 1737  639 1738  640
4  361 1263  704 1739
4  218  613 1285 1319
4  453  810 1740 1741
4 1742  449  450   51
4  633  529  993  992
4 1743 1744 1745 1746
4 1404 1747 1403 1748
4  137 1749  176  410
4 1314 1312    9 1471
4 1750  170  904  172
4 1752 1751 1354 1353
4 1494   72  116 1753
4 1755  970  460 1754
4  569 1757 1261 1756
4  704  654 1758 1265
4 1023  246  247  244
4 1683 1682 1640 1759
4 1761 1345 1760 1347
4 1415  306 1263 1762
4  793  724 1763 1764
4 1537 1766 1765  582
4  391 1558  597  122
4 1767 1768 1769 1770
4 1384 1771 1532 1530
4  196  198  695  199
4  895 1773 1772 1774
4 1442 1775  270 1441
4  894 1776  728  922
4  903  952  905  704
4 1780 1777 1779 1778
4 1284 1285  912 1781
4 1782 1783  865   10
4  912 1390 1785 1784
4 1787  906  903 1786
4 1788 1789  426 1264
4  207 1790 1668 1560
4 1079 1791 1140  826
4 1793 1792 1794 1709
4   45 1795 1387 1796
4 1302 1797  545 1193
4  346  783  508  784
4 1799 1399 1798  919
4 1800  967 1801 1802
4  699  715  257  696
4 1804  590 1803 1162
4  555 1805 1807 1806
4  778  535 1255 1723
4  498 1600 1808 1599
4 1812 1809 1811 1810
4  297  500  296  294
4 1813 1814 1731 1815
4 1817 1816  432  933
4 1818   60  772   62
4 1266  526  525  560
4 1819 1820 1201  695
4 1821  673 1184  911
4 1824 1823 1147 1822
4 1361  879  247 1223
4 1827 1825 1826  221
4 1808 1828  497 1829
4  204  740  742 1830
4  903  906  905 1786
4 1832  267  268 1831
4  958  549  303 1833
4 1834 1835 1185   32
4 1838 1836 1837 1648
4 1311 1839  651 1840
4 1388 1841 1697 1796
4  972 1710  296  297
4 1391 1785 1842 1781
4 1224 1570 1843  862
4  707 1758 1844  705
4 1562 1561 1563 1845
4 1848 1846 1847  507
4  602 1843  599 1571
4 1849  104 1850  105
4 1277 1428 1279 1851
4  242 1119  243 1179
4 1668  473 1853 1852
4  431  987 1854 1555
4  250 1855 1222  249
4  471 1369  470  469
4  328 1857 1856 1858
4 1859 1361  247 1516
4  880 1860  795 1456
4 1861 1533 1460 1625
4 1160 1759 1161 1683
4    5 1106 1862 1105
4 1755 1863 1711  465
4  676 1864  678 1716
4 1865 1866  287  289
4 1870 1867 1869 1868
4  378  144  496  142
4  166 1871 1872 1873
4   36  310 1458  139
4 1874 1875  597  673
4 1877 1568 1876  862
4  843  840  841 1250
4 1122  294 1667  999
4 1879  161  164 1878
4 1056 1880 1882 1881
4 1839 1883 1402 1884
4 1887 1886 1885  527
4  641  639 1888  638
4 1889  680  423 1890
4 1892 1661 1514 1891
4  533  534  535   27
4 1859 1893  960 1251
4 1896 1553 1894 1895
4 1897 1898 1899 1900
4  138  140  137  411
4  163  915 1902 1901
4  599 1274 1903 1572
4 1904 1905 1906 1907
4  280  656  279 1908
4 1736  384 1538  416
4  995  996  998 1732
4 1325 1330 1909  351
4  370 1910 1823  369
4  725 1911 1912  724
4  207  204  205 1830
4 1913 1914 1915 1916
4  552 1125 1201 1917
4  496 1552 1182 1550
4 1918 1919 1920  470
4 1377 1921  931 1280
4  547 1302  548 1922
4 1923  299  298  301
4   47 1924 1795 1392
4 1117 1925 1624 1926
4  525 1927 1032 1166
4 1928 1225  602  860
4 1929  947 1667  269
4 1291 1930 1222   16
4 1931 1452 1198 1544
4  808 1932 1933 1057
4 1933 1934 1936 1935
4 1938 1937 1068    3
4  177 1939   86  782
4  116   72  110 1940
4 1942 1941  333 1286
4 1943 1003  744  743
4 1146 1147  670  671
4 1944 1945 1890 1670
4  634 1946  899  593
4 1947  942 1728 1268
4 1949 1948 1770 1590
4 1804  283  285 1162
4  195  765 1498 1694
4 1074 1363 1530  500
4 1950 1951 1952  130
4 1016 1953 1812 1347
4  357 1655 1954  359
4  914 1285  912 1955
4  364 1956  366  365
4 1960 1958 1957 1959
4 1023 1021  879 1022
4  152 1961 1962 1878
4 1963 1964  572  671
4  179  178  177 1965
4 1968 1966 1967  488
4 1969 1729 1970 1268
4 1972 1690  225 1971
4   79 1973   76   77
4 1881 1974  450 1056
4 1975 1681 1976 1977
4 1978  520 1979 1861
4   51  793  265 1980
4 1981  457   33  394
4 1140  311 1491 1982
4 1279 1428 1278 1427
4  128 1983  827 1984
4 1720  535 1721 1723
4 1192 1191 1985 1986
4 1990 1987 1989 1988
4 1991  682 1890  706
4 1556 1888  641 1992
4 1993 1364 1039 1363
4 1058  827  898  829
4 1997 1996 1995 1994
4 1439 1654 1448  503
4  598  121  597  122
4 1416 1478 1417 1308
4 1532 1999 1531 1998
4 2002 2000 2001  798
4 1311 1401 1402 1839
4  826 1081 1080 1079
4 2003 2004 2005 2006
4 1633 1715 1632 1495
4 2009 2008 2007  864
4 2012 2010  171 2011
4 1028 1132 1909  352
4 2013 2014 1329 2015
4 2017 1580 1815 2016
4  134 1401  135 1309
4 2018 2019 1434  555
4 2020 2021 1256 2022
4 1281 1280  832 1823
4 2024 2023  685  684
4 1535   17 2026 2025
4 2027  900 1466 1057
4 1769 2030 2029 2028
4   30 1005  682   29
4  703 1834  702  293
4 1497 1706 1997 2031
4 2032  113  775  112
4  650 2033   71 2034
4 2035  439  909   25
4 2038 2036 1539 2037
4 1122 1120  553  295
4 2039 2040 2041 2042
4  505  845  846  508
4 2043 1408 1187 2044
4  370  368 1910  369
4 1388 1796 1387 2045
4 2046 1230 1045  392
4 2048 2049 2047 2050
4 1006 1248 2052 2051
4  330 1941  331  333
4  705  591  647 2053
4 1988 2054  959  962
4 1949 1960 1732  998
4 1238 1942 1941  333
4 1861 2055  920  918
4 1830  204 1088 1086
4 1489  931 1357 1555
4 1627  992 1486  994
4 2056 1846 1217 2057
4  860 2059 2060 2058
4 1123 1712 1713  747
4  844 2063 2062 2061
4 2064  881   91   89
4 2068 2065 2067 2066
4 2070 1937 2069    1
4 1820 1201  695  231
4  270 2071 1775 1719
4  922  115  483 2072
4 2074  794 2073 1855
4 1776  728  385  730
4 1987 1989 2075 1990
4 2076 2078 2079 2077
4 2082 2080 1248 2081
4  608 2083  259  261
4  925  985  317  910
4 2084 2085 2086 1243
4  816 2087 1647 1428
4 1449 1439 1448  502
4  334  332 1510 2088
4  899  900 1048 1946
4  386  118  119 1348
4  190 1148  189  550
4  386  118 2089  924
4 1725 1724 2090 1727
4 1135 1096 2092 2091
4  240 1225  242  860
4 2095 2093 2094 2096
4 2097  631  632 2098
4 1246 1210 1211 1592
4 2099  845 1842  773
4 1507 1323   14 1635
4  431 2100 2102 2101
4 1023 2103 1022 1534
4  218  216  219  344
4 2104  168 2105 1127
4 2107 1886 1114 2106
4 1597  884 2108 1954
4  265 2109  793 1083
4 1654 1437 1439 1653
4 1483 2111 2110 2112
4 1109  998 2087 1111
4 2044 2113 2115 2114
4 1860 2116  795 1456
4 2117 2118  328 2119
4  390  579 1503  389
4 1727 2090 1725 2120
4  142  143  259  608
4 1699 1697 2121 1698
4 2122 2123 2124  871
4 2096 2094  744 2093
4 2127  586 2126 2125
4 2128   32 2126 2127
4  375  979  980 1386
4 2129  754 2116  752
4 1252  899  247  245
4   36 1411   38 1035
4 2133 2130 2132 2131
4  658 1439 1449 1639
4 2136 2134 2135 2137
4  599 2138 1903 2139
4 1930 1653 1291 2140
4  435  433  699  434
4 2017 1582 1815 1580
4  411 2141  412 2142
4 2143 2144  833 2145
4 2146  966  258  256
4 1681 1682 1640 1683
4 2148 2147 1812 1953
4  431 1854  792 1555
4 1392 1924  905   47
4 1542 2149 1640 1541
4 1360 2150 2152 2151
4 1438 1691 1564 2153
4 2154 2155 2156 1661
4  706  704  952  705
4 1255 1180 1346 1720
4 1104 2157 1816 1555
4  715 2158 1994 1705
4  599 1274  602 2139
4 2159 1600  498 2160
4 2161 2162 2163 2164
4 2017 1173 1793 1794
4  940 2087 2165 1268
4 1642  710  709  711
4 2139 2166 1274  602
4 1725 1727  879 2167
4 1234 2168 1002  834
4  912  563 1785 2143
4 2171 2170 2169 1454
4  499  947 1667 1929
4  184  186 2173 2172
4 2174 2176  110 2175
4 2177 2178 2179 2088
4 2180 1914 1919 1916
4 1823 1119 1121 1122
4  168  374  167  609
4 1426 2181   40 1071
4 1661 1780 1870 2182
4 1380 2185 2184 2183
4 1507 1508 2179 2186
4  355 2187  834 2188
4   55   54 2189   53
4 1175 2190 2191 1174
4  795  879 1725  249
4 2193 2194 2192 1670
4 1866 1757  568  569
4 2182 2195  370 2196
4  977 1954  463 1111
4  401  522  523 2197
4  183  229  198 1712
4 2198  509 1587  512
4 2142 2141 1554  411
4  248  635 2199 1334
4 1056  265  450  447
4  533 1142 1143 1209
4 2200  114  827  898
4  715 2201  696 1996
4  369 1666 1665 1122
4 1415 2133 2098   44
4 1895 1453 1896  454
4 2202 2203  632 2204
4 1544  722 1324 1452
4 1438  503 1564 1437
4  222 2205  221  220
4  887  378  886  868
4 1326  286  455 1327
4 2207  937 2206 1370
4 1679 2208 2209 1326
4  195   80 1498  193
4 2212 2210 2211 2213
4  608  313  315  609
4 2216 2217 2214 2215
4  732 2218  210 1398
4 1265 1262  306 2219
4 2209  422  420  419
4 2196 1120  553 1121
4 2158  866 2220 2221
4  798 2222  839 1805
4 2077 2223  267  268
4 2120 1724 2090 2224
4  976  644 2225  974
4 2226  626 2227  625
4 1410 1409 1014 1156
4 2228 2229 2230 2231
4  595  661 2232  660
4 1696 2233  210   82
4 2234 2235 2236 1687
4 1105 1862 1921 1106
4 2237  405 1181 1721
4 1254 1761 1760 1620
4 1926  275 2238 1975
4 2139 2239 2166  602
4  291  290  292  345
4  855 2240 2241  853
4 1835 1185   32 2127
4 2243 1305  211 2242
4  930 1348 1300  207
4 2244 2246 1423 2245
4 2247 2248  827  392
4  593  899 1252 2249
4 1907 1904 2251 2250
4 1109 2087 1268 1110
4 2252  693  695  874
4 1829 1828 2253 1808
4 1643 2255 1644 2254
4  784   35 1821 1981
4  726 1084 1608 1607
4 1875  776 2256 2104
4 1347 1016 1953 1345
4 1168 1169 1171  103
4 2257 2258 1108 1680
4 1469 2259  186 2260
4  505 2144  773  774
4  322 1630  321  206
4 1993 1498 1038 1364
4 1235 2168  834  219
4  747  627  152 1123
4 2000  798  556  555
4 1887 1480 1482 1115
4 2085 2261 2086 2262
4 1928 2263 2264 1225
4 1625 1533 1979 1861
4 1501 2265 2266 1090
4  971  277  275 2238
4 1369 1322 1323 1324
4 2267 2268 2269   43
4  468 2270 2272 2271
4 1171  102 2273 1479
4 1140  452  311 1982
4 2276 2275  952 2274
4 2277 2250  277 1926
4 1058  382  830  829
4  446 2279 2278  444
4  519  518 1295 2280
4  562 2281 1098 2282
4  767 2283 2285 2284
4  106 2286 1850 1358
4 1181  403  405  442
4 2058  863  860  600
4  705  706  707  647
4 2287 1129 1393  363
4 1343  594  654  593
4  215  212  772 1059
4 1214  421 2288  419
4 2017 1793 1275 1794
4 2289   15 1318  606
4 1619 2290 2291 1618
4 1396 1087 1395 1088
4  522  401   62 1818
4  613  614 2293 2292
4 1284 1391 2099 1781
4  890  686  689 1165
4 2294  919  486 2295
4  299 1458  300  301
4 1542 1160 2149 2217
4 2296 2298 1682 2297
4 2299 2300 2036 1539
4 2301  586  587  584
4  391  522 2302 1373
4  772 1060 2303 1429
4 2304 1948 1770 1949
4 2306 1798 2305  920
4 2098 2130 2133 2307
4 1766  566 2308 1537
4  798  797  799 2002
4 2309 2310 2311 1488
4 2312 1730  885 2313
4  592 2314 2075 1987
4 1194  598 1193  596
4  359  977  781  780
4 1031  495  378 2315
4 1334  635 2199 1341
4 1761 1760 1620 1347
4 2096  491  744 2094
4 2316   76   79 2076
4 1529 1340  764   73
4  699  256  257  255
4  396  398  287  399
4  111  775  776  748
4 1935 1465 1464 1466
4 1539 1808  498 2159
4  567 2318 2319 2317
4  602 2239 2166 1928
4 1918 2320 1480   65
4 1858  890  328  329
4  611 1053 2321 1054
4 1617 1616 2322 1619
4  239 2323 2030 2028
4 1285  218 2143 2324
4  582 1887  583 1537
4 1199 1406 2113 2115
4  280  615 1543  614
4 2325 1001 1039   42
4    1 1517 2069 2189
4 1782   11 1315    8
4  212 2303 2326 1060
4 1280 2328 2327  538
4   55 2189 1641   53
4 1222   18 2090 1855
4 1782  865   11   10
4 2329 2330 2331 1978
4 2142 2332 1916 1894
4  142  842 1182  376
4 1337 2334 2333  677
4  731  269  619 1397
4 1386 1385  709 2335
4 2232  661  544 2336
4 2337  102 2273 1171
4  402 1584  830 2338
4  738 1995  696  736
4  860 2263  242 2339
4 2340 2341  966 2318
4 1960 2343 2342  995
4 1235 2344  355 2345
4 1944 1889 1945 1670
4 1462 1440 1143 1461
4 1358 2347 2346 1850
4 1018 2348 1503  390
4 2351 2352 2349 2350
4 2181 1073 2353 2354
4 1691 2355 1503  576
4  103 2356 1169  690
4 1877 1574 1573 1571
4 1952 1061 1062  130
4 2339  240  242  860
4  560  559 2357  734
4  347 2358 1967 2359
4 2360 2361 1778 2362
4  205 1790 1668  207
4 1450 1674 1258  166
4 2364 1783 2363 1782
4  734  559  558  560
4 1080  621 2365  623
4 2026 1811 1812   16
4 2366 1250 2367  843
4  347 2368 2358 2359
4  348  345  615  291
4 2034  105  106   71
4   74 2369 1494 2072
4 1857  328 2119 2370
4 1307 2372 1418 2371
4 2374 2373   58   57
4 1034 1233 2105 1036
4 2024 2375 2023  629
4  763  762  192  765
4  749 1717 2377 2376
4 1677   49 2378 2379
4 1133 1132 1746 1135
4 2264 1728 1226 1729
4 1544  720 2290 1322
4 1185  488  489  784
4 1198 1453 1896 1656
4 1862 2380 1910 1921
4 1934 1933 1057 1466
4 2382 2381 1731 2016
4 2383 1382 2384 2385
4 2182 1661 1514  622
4  122  597  391  124
4 1596 2386 2360 1240
4  539 2161  536  537
4  455 2387 1599 2388
4 1156 1155 1014 1410
4 1107  100 1108  490
4 2389 2085 2390 2086
4  935  782 2391  937
4 2025 2392 2393 2148
4   18 2224 1724 2394
4  721 2395 2396 2091
4 2037 1702 1587  235
4  641 2397 1888  639
4 2353  882  885  883
4  165 1871 1654 1448
4 1972 2398  855 1699
4 2400  637 2399 2401
4  814  242 1729 1119
4 2402 2368  347 2359
4  947 1961  151  150
4 2403 2404 1407 2405
4 1975 1681  275  204
4  363 1129   47 1128
4  721 2406 2396 2395
4 1179 2408 2407 1178
4 1290 1653 2410 2409
4 1268 2411 1970 1947
4 1007 1474  775  551
4 1149 2412 1150  191
4  548 2413 2238 1899
4 1710  781 1711  297
4  469 1323 1025 1026
4  300  299  530 2414
4 2418 2417 2416 2415
4 1365 1566 1364 1567
4  127 2083  143  608
4 1533 1035 1615 1411
4  712 1918 1266  470
4  985  186 2419  185
4 1577  985 2419  320
4 2420  551 1474 1007
4 1850  105  106 2421
4  103 1169 1171 1648
4 1076 1077 1143 1462
4 2422 2423 2121 2398
4 1732 2425 2137 2424
4  752 2129  754 2426
4  922  732  210 1398
4 2427 2428 2350  116
4 2431 2429 2430  281
4 2324  346  846  489
4 2432 2433 2434 2124
4  677 1338 2333 1336
4  570  666  571  667
4  728 1362  729  730
4  208 2243  211 2242
4  318  121  598  122
4 1785 2435 2436 1784
4  560  735  526  528
4  124  535  123  847
4  401 1981  846 2302
4 1597 2108 2437 1073
4 2313 1515 2438 1247
4 2439 2441 2440 2304
4 1991  952  285  706
4  767  193  195  194
4  261 1138 1375  608
4  623  371  788  824
4 1696  192  765 2442
4  826  371 2443 1079
4  910  908  909 1467
4 1972 1685 1690 2444
4  309  651 1414 1415
4 2446  811 2445  812
4 2196 2195  230 2447
4  112  585 1833  551
4 1887 1266 2106  526
4 1855 2448 2074  250
4 1194  548 2449  596
4 1092 1905 1089 1501
4 1036 1035 1976 1034
4 2452 2450 2451 2270
4 2444 2453  665 2454
4 1092 1906 1907 1898
4 1926  275 1043 1117
4 1466 1932 1057 1934
4 1341 1309  635 1487
4  851 2455 2457 2456
4  729  223 1362  728
4 2142 2332  323 1913
4 2404 2458 2390 2403
4 2460 2459 1549 1683
4 1670 2194 2461 2193
4 1141 1461 1440 2462
4 2464 2463 2466 2465
4 1896 1656 1453 1895
4 2467  850 2415 1776
4  793 2109 1980 2468
4 1063 2469 2470 2369
4 2140 1653  659 1930
4 1292 2471  741 1752
4 2472 2473 1618 2290
4  683 1423 2245 2244
4  754 1854  792  790
4 1221 2476 2475 2474
4 2477  746 1598  917
4 1961  269  947 2478
4 1034 1615 1127 2479
4 2480 2481 2482 1014
4 1314 2221 1232 2483
4  520 2484  518 2280
4 2486 1685 2485 1622
4 1280  832 2164  539
4  954 2487  752  387
4 2488 1865 1866  287
4 2042 2039 2040 1424
4  772  532   60 1818
4  375 2489  374  372
4 1584  830 1045  402
4  843 1315 1552  376
4  873  196  693  199
4 1424 2490 1425   41
4 2491  606 1510   15
4   45 1414 1388 1387
4 2492  125 2493  126
4  891 2117 1856  328
4  834 2494 1234 2188
4 2269 1970   41 2495
4  445  607  259  315
4  344 2496 2497  343
4 2498  670  575 1241
4  991  541 2499  990
4 1446 2500 2501   95
4  418  168  609 2104
4 1488 2311    6 2310
4 2504  637 2503 2502
4  106 1496 1495 2286
4  521   63 2505  522
4 1986  453 1139 1740
4  322  598  319  317
4  553 1713 1917 2196
4 2508  187 2507 2506
4 1762 2133 2098 1415
4 1246 2509 1692 1244
4  412 2320  176  173
4  142 1182  496  376
4 1187 2510 2086 2048
4 1515 1655  977 2313
4 1577 2511 2259 1467
4 2512 1650 2514 2513
4 2447 1778 2362 2360
4 1426   40 2042 1424
4 2515  344 2402  341
4 1648  743 1836 1837
4 2516 1277 2313 1278
4  424  426 1890  706
4  318 1019  598  121
4 2518  287  288 2517
4  774 1245 2144 2519
4  796  794 2074  249
4 1752 2471  741 2520
4 2364 1552 1782  496
4 1870 2154  622 1867
4 2522  957  928 2521
4 1188 1187 1651  692
4 1109  998 2523 2087
4 1723 1347 1722 1720
4 1240 1408 2086 2458
4 1178 2524 2407 1179
4  248  993  633  531
4 1897 1875  597 1874
4 2525 2526  129 1837
4 1128 1129 2307 2098
4  894  220  524 2527
4 1764 1911 1912   50
4  921  920 2528  919
4 2495 2529 2530 2269
4 2531 1225 1226 1224
4 2532 1937  415 1068
4 2491 1507 1510 1025
4  461 2229  296  150
4 1704 1706  878 1497
4  362 2535 2534 2533
4 2479 1460 1873  168
4 1438 2536 1439 2537
4 1071 2538 2539 1426
4 1970 2411 2490 2495
4 2127 2542 2541 2540
4 2145 2544 2543 2545
4  377  376  378 2546
4  331  332 2088  747
4 2402 2168  347 2368
4 1617 2547 2291 1636
4 1068    1  415  286
4 2548 1215 1245 1216
4 1900 2448  597 1558
4  191 2432 1524 2005
4 1635 1323   14 1636
4 2549 2397 1888  641
4 1275 2550  816 1274
4 2551 2473 2290 1619
4 2479 1533 1460 1615
4  744  131  493 2096
4 2552 1212 1253 2553
4 1741 1458  301  310
4 2555 2556 2554 2410
4 2558 2205 2557  223
4 1131 2561 2560 2559
4 1891 1514  370 1661
4 2231 2229 2230  552
4 2285 1825 1826 2562
4 1837 2563 1836 1813
4 2564 1816  933 1104
4  784  488  489  346
4 1081 2311    6 1079
4 2565  799  798  800
4  611 1664 1662 1270
4 2318 2340 2341 2566
4 1506 1505 1945  683
4 1498  193   80  115
4  533  532 1211  774
4  458 2445 2568 2567
4 2569 1746 2570 1869
4  144 1042  143  938
4 1264 2572 2571 1262
4 1996 2573 2201  696
4 1343 1341  659  593
4  560  733  758  735
4 2574 1421 2575 1422
4 2577 2576 2578 1552
4 1666 1961  152 1878
4 2579 2580 1561 1563
4 2581 1961 1666 1878
4 2582 1973   79   77
4  933 1376 1377 1378
4 1683 1161  741 1159
4  771  769 2583 2584
4  878 2152  875 2151
4 1343  654  957  652
4  272 2587 2586 2585
4 1001  989 2325  542
4  799 2001  838  798
4 1533 1309  635 1341
4   51 2589 2588  771
4 1619 2473 1616 2590
4 1056  447 1433  263
4 1927 1353  583 1887
4 1171 1061  131 1648
4 2591  871 1091 1874
4 1136 2593 2592  804
4 2594 1459 2595 1412
4 2486  307 1622 2596
4 1589 2041 1770 1591
4 1692 2509 2597 1244
4  625 2226  626 2598
4   74 2369 2072 1993
4 2404 2458 1408 1240
4 1240 1201 2362 1917
4 1346 2599 2601 2600
4 1922 1193 1631 2602
4 2447  574  573 2196
4 1295  663  519  951
4  767 1082 2283 2284
4 1380 1014 1156  688
4 1413 1533 1979 1309
4  216  219  344  341
4 2013 2014 2015 1472
4 1282 2604 2603  556
4 2605 2128 2126 2127
4 1834  702   32  703
4 1895 2606 1657 1453
4 2312 1959  882  885
4  950  455  498 1327
4 2204  685 2608 2607
4 2609 2320  175  176
4 2483 1232 1472 1368
4 2376  749  144 2315
4   82   83  210   80
4 1691  579  390 1437
4 2610 2611 2138  599
4 2612 2613 2457 1687
4 1689  336  854 1690
4  643 1665  642 1300
4  268 2077 2223 2316
4 2485  662  309 2596
4  952  360  704 1991
4 1310  517 1309 1979
4 1689 2614  854 2615
4  674 1965  177  936
4 2228 1650 2044 2616
4 1790  210   80  922
4 1986 1190  453 1740
4 1380 2183  329 2617
4 2618 2619 2245  683
4 1912  724 1911 1764
4  674  869  672 2620
4 2621 1650 2622 2616
4 2051 2052 1006 2623
4 1896 1894 1916 2624
4  336 2036  235 2160
4  455  456    0 2528
4  377  607 2546 1329
4 2625  670  575 1611
4 2627 2628 2626 2629
4 2531 2166 2550 2630
4 1023  879  247 1361
4 1552 2578  841 2576
4  393  394  114  113
4 1356 1355 2631 2632
4 2301  584  587 2633
4  352  183 1909  229
4  615  614  613 2292
4 1712  198  183 2634
4 1770 1768 2440 1767
4 2555 2410 1290 1811
4  148   92   94  146
4 1319  278 2635 2636
4 2160  498 1539 2037
4 2362 2637  231 1820
4  376 1552 1782 2546
4 1585 2445 2638  400
4 1636 2639 2322 2640
4 1878 1025 1026  472
4 1560 2641 2074  207
4 2562 1825 2283 2285
4  179 1184  672  673
4  124  847  123  911
4 1368    0    2    3
4  257  256  156  258
4 1019 2508  317  598
4  240 1241  670 2498
4  184  187  186 1371
4 2074   38 2448  207
4  468 1710 2272 2270
4 2643 2644 2642 1651
4  651 1884  654 1265
4  537  831 1177 1179
4 2608 2645  685 2375
4  472  643 1476 1475
4 1893 2646  859  960
4  566 2647 1481  567
4 1004 1669   30 1670
4 1861 1626  520 1625
4 2648  204 2448 1975
4 2650 2649  619 1771
4 1740 1139  810  453
4  668  667 1850 1360
4 2083  143  259  446
4 1067  902 2651  521
4  924  540 2089  999
4 1820 2386 1201 2362
4 2652 2216  718 2214
4  784  846 2302  911
4   91  881  986   88
4  935  121  124  673
4  218  344  613 2653
4 2654 2655 1048 2053
4  354 2187 2056  833
4  855 1690  854 2444
4  856  858 1492  859
4 1627 1486  975  994
4  226 1690  225 1689
4  317 2419  320  322
4 1265 2656 1884 2657
4  556 2627 2603 1645
4 1207 2658  664 2485
4 2073 1726  794  955
4  351 2659 2660  349
4 1408 2661 2113 2043
4 2662 2663 2664  932
4 2648  276  275  971
4  999 1665 1667 1122
4 1046 2665 1047 1048
4 1982  452 2443 1140
4  781 1710 2623  972
4    2 1367   54 2666
4 1068 2667 1070 1938
4 2668  777 1151  779
4  258 2146 2669 2397
4  506 1847 1141 2670
4 2015   54 2671 2666
4 2287 2533  362  363
4 1072 2672 1037 2673
4 1187 2642 2047 2048
4  649 1633   71  650
4 2595  174 1035 1411
4 2214  740 1354 2652
4 1748 2663  932 1404
4 1527 2292  291 2497
4 2674 2521 2012  928
4 2675  293 1834 1185
4 2285 1825 2283  221
4 2676 2251 2677 2413
4 2006 2005 1524 2004
4 2678 2404 1240 2386
4 1802 2679  347 2358
4 1707 1792 1903 1793
4  302  958  305 2006
4 2614 2680  854  235
4  126 1138 1375  898
4 2288 2208 2067 2068
4 2592  313  804 1229
4 2489  168  374  167
4 1503 2355 2348 2681
4 1922 2602 1630 2682
4 1755 2683 2684 1863
4   30 1945  682 1506
4 1691 2153 2355  576
4 2686 2281 2685  216
4 2268 2687 1177 2524
4 2689 1228 1563 2688
4  284  283  682 1162
4  943  940 2523 2087
4 1126 1615 1291 2479
4 2690 2574 1157  563
4  771 1355 2588   51
4 1043 1737  638 1118
4   35 2032 2126  586
4 2511  985  186 1578
4 1135 2691 1134 2692
4 2068 1702 1010 2208
4 1292 1159 1294  741
4 2693 2545 2694 2436
4  151  945 2695  944
4 2696 2697 1061 2698
4  658 1653 1439 2699
4 2702 2550 2701 2700
4 2703 2704 1076 1143
4 2705 1418 1307 1308
4 2707 2706 2708  908
4 2353  883  885  884
4   62 2709 2326 2710
4 1265  654 1758 1884
4 1940 2350  110  116
4 1683 1549 1682 2459
4 1319 2636 2635 2711
4  203 2713 2712 2714
4  862 1570 2715  861
4  599 2716 2138 2139
4  345  292 1967 2675
4 1714  695  199 1125
4  885  998 1960 1949
4  814 1225 1226 1729
4  206 1668 1630  321
4 1506 2717   30 1670
4 2067 2065 2398 2423
4 1835  293 1834 2675
4  347 2679 1967 2358
4  738  696  698  736
4  642  268 2076 2079
4 2718 2285  894  767
4 1824 2719 1147  243
4 1094 2720  349 2721
4  911  673  124 1821
4 2722 1234 2168 1002
4  652 1387  653  957
4  552 2196 1240 1120
4 2095 2337 2723 1061
4 1842 2435 1785 1391
4 2127 2128 1835 2605
4 1065 1063 2724 1064
4 2592 1227 2725 1229
4 2248 1044 1584 1045
4 1758 1884  654 2726
4  717  479 2652 1354
4 2213 2727 2211 2728
4 2730 2424 2729 2438
4 1899 2448  597 1900
4  217 2731 1158 2732
4 1067 2651  379  521
4 1326 2209 2733 2335
4 1333 1342 1343  928
4   21  317 1181  440
4  939  749  143  144
4   31  360  285 1991
4  360 2533  624 2734
4 1039 2369 2325 2539
4  417 1374  804 1229
4  527  582 1887  583
4 1572 2610 1707 1903
4  984 1688    1  981
4 2285 2284 2283 2562
4 1462 1076 1077 2735
4 2549  156  641 1556
4 1427 2082 1279 2736
4 2737   93  383  384
4  991 2499 2738  990
4 2159 1600 1808  498
4 1986 1190  452 1192
4  207   37 1353   39
4  760 2739 1065 2740
4 2234 2741 2236 1288
4 2204  361  632 2024
4 1342 1309 1533 1341
4 2732  561  216  217
4  767 2742 1082  194
4 1827 2745 2744 2743
4 2463 2128 1834   32
4 2747 2469 2746 2539
4 2603 1645 2627 2748
4 1389 1387 2522 2749
4  705  591  706  647
4 2292  291 2497  934
4 2096 2093  131  132
4  461  460  296  970
4 2559 2100 1131  988
4 1244 1592 1210 1246
4 2410 2750 2554 2555
4 1540 1808 1539 2159
4  723 2396  721 2406
4 2631  448 1356 2751
4 1931 1452 1453 1198
4  501 1258 1450 2752
4 1274 2753 2166 2139
4 2319 2755 2298 2754
4  221 1825 1826 2285
4  489  346  615 2324
4 1609 1608 1763 1084
4 2336  543  661  544
4 2756 1854  792 2064
4   29  624  282   31
4 1822 2757 1147 1824
4 1190  451  453  454
4    0  919  456 2294
4 1774  895  460  947
4 2457 2758  562 2759
4 2760 2761 2669  257
4  154 1992 2762 2763
4  927 2209 1872 1679
4    3    1 1068  286
4 2764 2550 2165 2702
4  352  350  351 2765
4 1064 2766 2767  760
4 1488 2310 1936 2309
4 2485 1622 2658 2596
4 1417 1040 2768 1308
4 2268 1969 2687 2524
4  120  118  923  482
4 2670 1846  969  506
4  723 1452 1544 1546
4 1664 1663 2321  611
4 1930 1361 1222 2026
4 2459 2769 1549 1682
4  324 2320 1055 2770
4 1072 1363 1530 1074
4  880 1860 1854  795
4  324 2609 2770 2771
4 2676 2413 2238  548
4 2773  550  551 2772
4 2597 1076 1077 1143
4  782  488   87 1184
4   65  610   67 2774
4 2776 2775 2331 1978
4 1449 1639 1439  502
4 2777 1795  904   45
4 1246 1692  516  533
4  776  748 2778  141
4  384  383 1736  145
4 1910 1921 1104 1105
4  269  266  267 2779
4 2780  541 2781  482
4 1242 1240  573 1241
4 2330 1612 1613 1614
4  946  617  269  947
4 2565  799  839  798
4 2689 2783  521 2782
4  600 2716  599  601
4 2784 2719 2339  240
4 1712 1239 1714 2634
4 1028 1132  352 1029
4 1638 1447 1448 1449
4 2139 1274 1903  599
4   50  769  770 1677
4 1195 1196 2472 1197
4 1231 1386    0  921
4 1426 2539 2325 2785
4  341 2515  344 2786
4 1139  311 1140 1740
4  680 1945  682 1890
4 1861  520 1979 1625
4  678 1336 1337  435
4  149 2787  151  895
4  594  903  172  957
4 1472 1313 1314 1471
4  952 2734 2274 1786
4  673  674  179  782
4  488   87 1186 2788
4 2048 2043 2661 1408
4  469 1323   14 1507
4 2620  672  674  179
4 1543  614  700 1908
4  704  306 1263 1415
4  454  452  139  451
4 2175 2174 2284 2789
4  739 1542  741 1683
4 2104 1875  391 1127
4  363  653  704 1415
4  328  891 2790 1165
4 2540 2675 1835 1186
4  159 2457 1422  562
4  329 1857  328 1858
4 1861 1614 1978 2055
4 1838 1061 1170 1648
4    1  981 1688 2070
4 1068  397 2667  396
4 2053 2249  976  705
4 1560  386 1348  207
4 1156 1013 1014 1686
4 2792 1382 2791 2383
4 2652  211  479  478
4 2692  721 1134 1135
4  685 2193 2793 1944
4 1162  283  682 2728
4 1921 2794 1280 2328
4  618  616  619 1832
4  789 2796 2795  432
4 2256 1875 1900 1523
4  747 1025 2088 1712
4 2068 2208 1010 2797
4 2301  672  584 2798
4 2049 2510 2262 2050
4 2765  350 2721  352
4 1437 1290 1691 1438
4 1411  531  136 1412
4 1442 2799 2272 2585
4 1011 2476 2481 1221
4  920 1613 2776 2306
4 2165  943  942  941
4  257 2761  696 2201
4 2354 2041 2353 2181
4 2131 2800 2130 2132
4 2454  950 2453 1678
4  567 1536 1549  564
4 2789 2174  110 2175
4  815  295 1110  297
4  667 2347 1850  570
4  902 2801   63  523
4 2015    2 2802  979
4 2529 1177 1451 2268
4  392 2248 1045 2046
4  191  190 1150  189
4 2778 2401 2504  888
4 1001  991  542  999
4 2803  447  450 2804
4 1322 2290 2291 1619
4 1469 2260 2805 1468
4 2736 1851  844  745
4  389 1503  390 1723
4 2673 2806 2538 1072
4 1449 1447 2012 2011
4  931 1280 1921  369
4 1512 1892 1514 1891
4 1450 2674 1872  166
4   86   87  179  782
4  328  889 1419  891
4 1224  692 1169 1843
4 1572 2610 1903  599
4 1192 1476  454  452
4 1578  186 2419  985
4 2807 1816 1104 2808
4 2353  885 1954  884
4  248  312  251 1024
4 1385  979  709  375
4 2809 1304 2569 1746
4  288 1866  569 2810
4 1960 2811 1957 2441
4 2812 2360 1778  573
4  624  360  285   31
4 1058  394  114  392
4 1597 2108 1073 1954
4 2814 2813 1108 2257
4 1392   46 2777   47
4 1176  807 2270  272
4 2102 2815 2157 2101
4  935  123  124  121
4 1326 1521 2528  921
4 2258 1649  692 1680
4 1449 2521 2012 2674
4 1514 1660 1661 1892
4 1180 2600 2817 2816
4  440  403 1181  442
4  477 1306  478  211
4 1627  992 1484 1486
4 2538 1040 2818 2768
4 1465 2819  900 2027
4 1347 1345 1346 2820
4 1289 2456 2613 2612
4  563 2731  562 2574
4 1651 1650 2514 2644
4  262  260 2821  259
4  218 2143  563  912
4 2823 2824 2822 2203
4  851 2635 1319 2825
4  434  716  699 2826
4 1381 2672 1037 1384
4 1179  832 1281  537
4  280  458 1543 2324
4  972 2082 2827 2623
4 1439 1653 1290 2537
4 1456  956  796  794
4 2623 2052 2082 2828
4 2829  791  754 1298
4   33  655 1583  701
4  914 2830 1319 2431
4 2832 2831 1055  611
4 2833   52  979  375
4  352 1331  183  182
4  249  794 1725  795
4 2290 2472 2473 2551
4 1695 2835 2218 2834
4 2836 2837 1273  308
4 2620 2798  672  179
4  178 2838 2798 2301
4  685 1669 2645 2839
4 1046 2840 1048  975
4  628 2841 2842 1441
4 1898 1906 1907 2843
4 2844 1629 2173  184
4 1002  347 1802  346
4 2318 2647 1481 2566
4 2845  792  431 2064
4 2486 1622 2485 2596
4 1287 2741 1289 1288
4 2615  232  336 1689
4 2846 2410 1811  856
4  738  675  678  676
4 2847 2848 1169 1843
4  342 1287 1288 1527
4 2849  648   71  650
4  385  480  923 1776
4  412  323 2320 1918
4 2072 1398  924  922
4 2689 2580  579 2850
4 1979 1310  517 2484
4  696 2851  736 2573
4 2609 2770 2320  324
4 1046 1465 2819  900
4 1288 1287 2852 1527
4 1382 2792 1365 2385
4 1843 2848 1274 1572
4 2319 2853 2318  963
4  420 1385 2854 2209
4 1138 2856 2493 2855
4  734 2857 2357  560
4 1810 1811 1812 2026
4 1287 2711 2456 1289
4 2838 2633  584 2301
4  422 2858 2860 2859
4 1002 2168  347  346
4 2863 2861 2862 1105
4 2689 1374 1228 2688
4 1719 2071 1124  270
4 1359 2151 1360  878
4 2854 2489 1352  166
4 1243 2389 2086 2084
4 2040 1589 2041 2864
4 2865  340  338  554
4  312   38 2074  207
4 1071 1363 1001 1039
4  199 1239 1286 1238
4  925  441  985  910
4 2298 2319 1682 2297
4  415  413  981 2070
4  661 2521  658 1335
4 1288 2866 1528 1527
4 2050  692 2262 1570
4 2158 1994 1996  715
4 1982 1300  930 1489
4 1497  876  878  106
4  455 2867 2387 2388
4   75  193 1498  115
4 1115 1887 1480 1918
4  712  713 1032  164
4 2127 2541  586 2125
4 2733 2335 1872 1873
4 2357  559 1317  734
4  911 1440 2391  508
4  576  579 1503 1691
4 1395 1394  205 1088
4 1585 2567  400  459
4  604  330 2868  332
4 1941 2869 2868  331
4 2872 2870 2871 2873
4  515 2509 1075  516
4  922  732  386 1790
4 1422 2475 1221 1219
4 1353  739  740  741
4  713 2289 2357  164
4  984 2874  983 2797
4 1920 2876 2875 2180
4 1842 2878 2877 2519
4 2657 2571 1758 1265
4 2234 2741 1288 2457
4 2608  685 2024 2375
4 1890  361   28 1991
4  532  777 1253 1429
4 2880 2879 1263 2203
4 2881 2882 1013 1687
4 2356 2847 1169 1843
4 1347 1345 1953 1344
4 2883  313 2725  315
4 1837  743  131 1648
4 2324  401  457  846
4  938 2884 1041  143
4  660  661  659  595
4 2885  526  757  758
4  501 1447 1448 1638
4 2479  166 1871  165
4  208 1306  209  211
4 1838 1170 1275 1648
4   19   18  405  636
4 1755  500  460  970
4 1651 2886 2044 2644
4 1564 2153 2887 1562
4  933 2564 1376 2888
4  659  595  661  594
4 2736  745  844 2061
4 1626  920 2528  921
4  172  904  903  170
4 2641  956 2074  796
4 2392 2889 2393 2148
4 1308 1417 1418 2890
4 1411 1459 1458  300
4 1875  597  391 1127
4  438  437 1431 1430
4 1389 2749 2012 2010
4 1066 2724 1065 1063
4 1619  720 2290 1545
4 2269 1451 2268 2529
4  390 1437  579  388
4  728  475 1668 1630
4 1300 2089 1665  732
4  534 2553 2891 2552
4 1762  306 1263 2837
4  534 2891  514 2552
4 1413  635  136 1411
4 2028 2892 2029 1769
4   27 2035 1209 1077
4  134 1309  136 1413
4  231 1301  694 1820
4 2523 1269 2041 1109
4 2207 1463 1440  907
4 1475  643 2893  472
4 1326 1678 2733 1679
4 1487 1309 1402 1341
4  471 1452 1453 1931
4 1107  103 1851 1680
4 2070  413  414  415
4 2894 2871 1646 1643
4 2896 2191 2895 1173
4  628 2842 1442 1441
4 1267  713 2357  560
4 1415  361  363 1762
4  901 1216 2057 2548
4 2563 2134 2897 1836
4  961  366  365  960
4 2195 1028 1133 2893
4 1613 2055  920 1978
4 1278 2081 1248 1247
4  535  532  847 1818
4  272  806  271  805
4  516 1593  514  515
4  843 1250 2367 1328
4  321 2074  206  207
4 2295 2033  485 2034
4 1780 2898 1779 1777
4 2899 2900  575 2625
4  222  221 1825 1827
4 2084 2901 2261 2262
4 2233 2834 2442 1695
4 1258 2752 1349 1672
4  934  292 2902  348
4 1200 1199 1201 2678
4 2514 2903 1649 2643
4  730 1362 2415 1776
4 2906 2904 2905 1019
4 2459 2907 1682 1683
4  445 2279  259  446
4 2213 2909 2908 1548
4 1360 2421  877 2518
4 1965 2620  674  179
4 1555 2157  311 1488
4 2423 2121 2398 1388
4 2068 2453 2067 2398
4 1487 1883 1484 1485
4 2222 2910 2001  838
4  179 2620 2798  178
4  118 1404 1348 2911
4 1982  371 1491 2443
4 2913 2912 1199 1718
4  150  499  500  460
4 2915  437 2914  393
4  418 1228  167  165
4  194 2916  192  195
4 1771 2649 2792 2791
4 1665 1397 2089 1000
4 2663 1747 2664 1404
4 2200  126 1138 2493
4 2855  260 2083  261
4 2818 2892 1073 2917
4  164  162   79  161
4 2873 1282 2603 1646
4 1961 1962  268 2478
4 1552 2576 2364 2577
4  619  618 2835 2649
4 1723 1347 1255 1620
4  219 2168  834  892
4  814 1119  295 1120
4 2918  716 1997  876
4  754  753  119 1298
4  507  833 2057 1846
4 2222 2910 1434  555
4 2854  166 1674 2209
4  852 1586 1700 1702
4 1651 2047 1187 2642
4  167 2489 1352 2919
4 1571 1843  862 1224
4 2892 2029 1769 2353
4  749  144 2315  141
4  291  934  615  348
4 1324 1369  471  469
4  771  768  769 2584
4  995 1590 2342 1949
4 1358  667 2347 1850
4 1640 2149  274 1541
4 1918   36  412  138
4  992 2920  993 2027
4 1337 2921 2340 2334
4  323 2922 1920  325
4  908 2706 2805 2707
4 2584  769 2583  768
4 1067  379  381  382
4 2923 2485  665  309
4 1928 2263 1225  860
4 1842 2099 2878 1391
4  768 1677 2583 2584
4  386  119  120  387
4 1625 1521 2733  921
4 2385 2792 1695 2383
4 2926 2924 2872 2925
4  768 1677  769 2583
4 2583  769 1676 1677
4 2203 2927 2824 2928
4   60  779   63  522
4  907  909 2035  910
4  329  890  328  326
4 2929 2210  589  591
4 1967  345  347  348
4 1969 1947 1728 1268
4 1774  945 1772  895
4 1904 2930 1907 2843
4   39   37 1927 1918
4 1538 2501  384  148
4  207 2641 2074  312
4 1088 1668  205 1395
4 1243 2458 2086 2389
4 2173 2743 2931 2557
4  194 2742   81  195
4 1526 1898 2932 1900
4  989 1001   42 2269
4  159  216  563  218
4  771  768 2632  770
4 1986 1475 1192 2443
4  770 1677  769  768
4 1055 2770 1053  254
4 1065   73   72  760
4 1621 1206  336 1207
4 1990  959  962 1988
4 1966  488 1186 2788
4  489   33  703 1185
4 1723 1721  391  535
4 1633  648 1632  649
4 1601 1600 2933  950
4 2609 2320  176  412
4 2209 2733 2335 1872
4  221  893 1826 1827
4 2836 2822 2203 1762
4 2931  223 1362  729
4 1987  592  595 1990
4 2934   11  868 2221
4  310  311  301 1741
4 1731 1813 2137 2935
4  619  499 1771 1929
4 2936 2937 1364 2385
4  520 2938 1626 2280
4  927 1272  665 1679
4 2939 1385 2854  420
4  121 1019 1370  318
4 1353 1751 1927 1032
4  252 2771 2940  324
4 2837  306  308 1762
4 1654 1291 1332 2479
4  452  310  139 1741
4 2880 2928 2202 2203
4 1800  488   87  782
4  813 2429  812  811
4  579 1561 2887 2580
4 2495 2941 2490   41
4  513 2891  514  516
4 1677   49  770   50
4 2145  563 1785 2942
4 2683 1074 1530 2684
4 2943  481 1557  120
4 2736 2814 1851 1427
4 2630 2764 2550 2531
4  207   37   38  204
4  287  398  571 2488
4 1624 2762 2930 1116
4 2944  814  240  861
4 2890 1417 2768 1308
4 1056  263 1433 1432
4  115  193   80  767
4 2040 2041 2042 2864
4  951 1522 1521 2938
4 1631 2508  184 2945
4 2946 2157 1816 2808
4  361 1263 2203 1762
4  761  193 2175 2947
4  556 2627  554 2748
4 2948 2949 2950 2325
4 1334  635 1615  248
4  286    1    0    3
4  660  858 2232  595
4 1383 1999 1531 1532
4 1998 1999 2951 1532
4 1107  493  103  100
4  142  607 2952  608
4  507 1141  506 1847
4  987  431   91  988
4 1119 1120 2498 1121
4  286  456  289  288
4 2953 2954  756  757
4 2748 2955 2627  554
4 2596  309 2485 2486
4  461  895  460 1773
4 1918 1887   37 1927
4 1578 2956  186 2511
4   23  317 1181   21
4 2827 2828 2082 2957
4 1917 1123  152  552
4 1308 1040 2768 1307
4 2931 2743 2959 2958
4 1740  453  452 1190
4    4 1490 2808    7
4  932  791  792  789
4   27 2817 1180 2960
4 1026 1133 2691 1134
4 2962 1195 2961 1197
4 1195 2472 2961 1197
4 1268  940 2523 2963
4  905  704  952  360
4 1328  607  978 1329
4  816 2550 2531 1224
4  984    1  710 1326
4   65  485 1055 2320
4 2214 1160 2471  741
4 1349 1350 1352 2854
4  436  433 1481 1480
4  387  956  752  954
4  231 1301  229 2964
4 2218 2834 2835  618
4  643 1475  371 1982
4 1069 2965  414 2532
4  425  426  706  707
4  523  381  382 1067
4 2165  942 1226 2966
4  168  374  609  375
4 1674 2859 2967  421
4  682 1005 1423 2728
4 2017 1794 1838 1582
4  497 1829 1828 2968
4 2969 2274 2275 2276
4 1480  433 1336  435
4  726   98   97 1083
4  989 1451 2163  991
4 2518    3  288    0
4  673 1875  124 1821
4 1451 2529 2530 2970
4 1510 1025 1507 2179
4 1974 2588  450   51
4  556 1282 2604 1249
4 2316 2971 2223  161
4  150  499  947 1667
4 2972  809 1933  311
4  886 2973  156  153
4 1525 1524  191 2432
4 1343 1402 1342 1341
4 2392 2974 1953 2148
4  518  663 2975 1272
4 1375 1373  776  112
4  420 2939 1385 2976
4 1071 1074 1363 1072
4 1987 2314  544 1787
4 1109  463 1110  464
4 2900 1242  575 2625
4 1635 2640 2660 1636
4 1366 1397 1398 2218
4 2107 2885 2106  757
4 1816 2977 2807 2564
4  466 2979 2978  468
4 1818  401  846 2302
4 1674 2859 1673 1672
4  954  956  796 1456
4 1922  206 2980 1395
4 2896 2895 2701 1173
4 2968 2981 1734 1735
4 2132 2130 2982 2800
4 2985 2983 1919 2984
4 2335 1385  168 1386
4 1598 1962  161 1878
4   44   46 2987 2986
4  169  171 2988 2521
4 1975 2677 2238 1926
4  316 2035 1209   27
4  833 2056 1846 2187
4  330 1941 2868  331
4  409  367  365  364
4 2335  166 1385 2209
4 2735   24 1076 1077
4 2582 2989  717 1973
4 2324 2143  846  892
4  855 1699 2398 2422
4  445 2990  607  315
4  612 2033  820 2991
4 2145 2544 2056 1628
4  679 2445 2638  811
4 1258 1349 1674 1672
4 1450 2012 1675 2674
4 1105 1910 1514  368
4   63 2992  779 2993
4 2143  563 1785 2145
4  469 1369 1323 1324
4 2098 2824  632  630
4  951  663  665  664
4  632 2994  631  629
4 1049 1492 1223  659
4 1830 2242 2652 2995
4 2995 2216  740  742
4 2996 1726 1724 2090
4  272 2586 1442 2585
4 1272  665 2923  929
4  719 2079  479  717
4  572  670  575  574
4 1917  231 1713  229
4  947  151  895  150
4  284 2728 1005  682
4  348  292 2902 2359
4 1737  638  639  640
4 2295 2294  919 1231
4   15 1267 1205  469
4 2527  728  223 1630
4  985  317  318  185
4 2007 2746 1307 2009
4 1268 1729 1970 2267
4  176 2320  175  173
4 1828 2253  497 1540
4 1551 1595 1594 1182
4 1042  842  143  446
4 2722  347 1802 1002
4  159  157 2997  158
4 1347 1015 1016 1760
4  449  265  450   51
4  374 2998 1652  373
4  611 1053 1055 2832
4 2414 2594  133 1412
4  963  964  258  640
4 2984 2999 1919 2985
4 1991  704  706  707
4 1619 1618 2291 1617
4  782   87  179 1184
4 1465  900 1131 1466
4 1725  879 2090  794
4 1246  516 1211  533
4 1242 2389 3000 1596
4 1361  879 1222 2120
4 1545 2406 3001  720
4 1625  517 1533 3002
4 2600 2817 2601 1180
4  174 1614  175  176
4 2447  230 1869 2195
4  412 3003  323 2141
4  959  857 2646  859
4 2006 2003 3005 3004
4  401 1045 2197  402
4 2330 2594  174 2595
4  753 1348 1298 1357
4 1439  502 1639 2536
4 1851 1680 1428 1427
4 1469 2260  186 1371
4 1483 2308 1482 1050
4 1163 1101 1103 1102
4  322 1630  729  727
4  376 1315 1552 2546
4 1890 1889 1945 1944
4 1125 1201  874 2913
4 1110 2087 1268 1226
4 2467 3006  850 2428
4  474   80  475  476
4 1454 1455  320 2171
4 2230  270 2616  273
4 2218 1694 1398 1366
4 1398 1397 2089  732
4  523 2801 3007 1067
4  168  609  980  375
4  932 2829 2663 1748
4  760 3008 3010 3009
4  574  370 1891 1121
4  159 1421 2997  157
4  671 1147 1891 2757
4 1278 1006  977 1247
4 1415  653   47  363
4 1837 3011 1062 2525
4 1002  506  783  969
4 1429 1213 1060 1606
4 1257 1351 1256 1258
4 1999 2791 2650 1771
4 1327  286    1 1326
4 2532 1938 1937 1068
4 1679  927 2209 2208
4 1556  155  258 1526
4 3012  239 2009  864
4 2163  831 1177 2529
4 1379 2328 3013 1921
4  325 1916 1920  323
4 2101 2946 2157 1816
4 1488 2157 2102 1936
4  861 2944 1187 2262
4 1923  808  810  301
4 1256 1448  503  501
4 1723 1503  390 1018
4 2552 2553  532  534
4  435  820   65  485
4  247  881  986  251
4  549  303 1833 1007
4  913  563  912  159
4  688 1012 1671 1014
4  806  271 2616  272
4 1179 1451 2163 1177
4  346  488  347 1802
4 2858  422 2067  419
4 2053 2655 3015 3014
4 2721 2720 1132 1094
4 1413 2595 1412 2594
4   69  105 3016   71
4 2182 1514  623  622
4 2167  880  879 1725
4 1490 1104    7 1105
4  976 1758  707  705
4 2923  309  665 1272
4 1740 1190  452 1986
4 1817 2564 2977 1816
4 2981 1733 1734 1735
4 1808 2159 2253 2388
4  470 1267  755 1266
4 3017  285 1162 1163
4 1483 1481 1336 1480
4    0 2152 1368 1231
4  539 2163 2164 2161
4 2410 2555 2556 2846
4 2228 2229 2272 2616
4 1605 1604 2202 2024
4  163  161  917 1901
4 1036 1526 2105 1034
4 2246 1423 2245  683
4  944 2779  266 2478
4 1735  147 1734 2968
4 1287 2711 2653  851
4 1193 2602 1302 2906
4 1243 2085 2262 2084
4  683 1423 1505 2246
4 2523  997 1588 2963
4  830  380  382  381
4  137 1459 1458   36
4 3018 3020 3019 1582
4  487 1799 3021 2306
4 1926 2677 1907 1898
4 1322  720 2290 1619
4 2414  133  530 1412
4   37 1035 1976  436
4  964  258  640  641
4  925 1576 1454  320
4  742 1160 1542 2217
4 2913 1201  874 1199
4 2089  732  386  922
4 3023 3024 3022 1186
4  735 2885 2953  758
4 2494 1234 1002  834
4 2756 2845   89 2064
4 2257 3025 2903 1649
4 1751 1354  479  717
4 1150  584 2124 2434
4  190  551 2773  550
4  538 3026  536  539
4  888  154  155 2973
4 1409 1154 2482 1156
4 1234 3027 2168 1235
4 1883  135 1309 1487
4 2958 2511 2956 1578
4 1049  858  660  595
4 2160 1702  498 2037
4 1020  674 2591  673
4  217  353 3028 2732
4 1532 2951  499 1999
4  705 1758 1844  976
4  476  208 2243 3029
4  482 1557 2781 2780
4 2993 2668  779   63
4 1735 1828  147 2968
4 2203 2824 2822 2928
4  733  756  755  758
4 2341 3030  966 2318
4  862 1876 2715 1568
4 2160  336 2454 1702
4 2214 1160  741  742
4 2366 2578  841  843
4 2768 2323 2818 3031
4 3032  722 3033 2692
4 1751  207 1353  712
4 3034 1902  162  163
4  472 1026 1324  469
4  386  923  385  120
4  858 2556 2554 2054
4 1404 2663 1747 1748
4  272 2270 2616  807
4  712  643 1476  472
4 1695 2834  209 2233
4 1543 1583  459  656
4  606 2289  917  916
4 1973   79 2076 2582
4 1449 2011 2988 1638
4 1978 2055 1614 1613
4 1624  638 1888 1116
4  178   86   87  179
4 2648 2980 1194  206
4 2099 1606  845  773
4 1829 2388 2867  289
4 1670 2717 1945 1506
4 1135  787 1133 2692
4  544  592  595 1987
4 2297 3035 2298 1118
4 2839 2461  685 1670
4 3036 2983 1919 2985
4 2737  510  511 3037
4 1949 1770 1591 1590
4 2679 1966 3038 2788
4 1661 1892 1660 2154
4 1029  229  352 1028
4 1861  920 1978 1626
4 1074  500 2684  297
4 1092 1899 1090 1897
4 1978 2775 2331 2329
4 2803 1056 3039  450
4  911 1184 1821  784
4 2828 2451 2827 2623
4  994  993  634  900
4  243  241 2407 2408
4  544  594  595  592
4  718 2989  719  717
4 2301 2798  584 2838
4  556 2629 2627 1645
4  875 1704 1706 3040
4 2752 1447 3041 1450
4   93  837 2737  835
4  318  317  598 1019
4 1948 3042 2440 1770
4  526  735 2885  528
4  944  151  947 2478
4 1129 2097 2307 2098
4  256  965  966 2921
4 1236 1048 2249 1946
4  116 2427 2428  849
4 1415  653   45   47
4  433 1481 2318 1977
4  165  388 1228 1563
4 1038 1529 1478 2936
4 1579 1580 1582 2017
4  986  408  899 1130
4 1810 2846 1811  856
4  251  993  634  248
4 2567 3043  657 1044
4 2099 1606 1059  845
4 1211  532  534 2552
4 1886 1887 2106  526
4 1520  949 1521 2528
4 3033 1452  722 3044
4  679  215  846 2324
4  800  797  798 2002
4 1143 1440 1141 1461
4 2274 3045  285 2276
4 1397 2218  731  732
4 1803 2212 2211 1162
4 1699 1698 2121 3046
4 3047 2200  827  829
4 1732  998 1731  996
4 2746 2724 1307 1066
4  125  126 2083  127
4 1958 1957 2439 1960
4 1622 1685 2485 1621
4 1946  899 2249 1236
4 1073  358 2437 1597
4 1643 2373  800 2629
4 2179 1508 3048 2186
4 1344 2889 1953 2147
4 1667  269  947 1961
4 2410  856  858 1492
4  110  108 2176 2789
4 2267 1729 2268  295
4 1488 2309 1933 2972
4 1493  481  848  483
4  385  727 1559  730
4 1845 3050 2021 3049
4 1637  511 2501  510
4 1551  842 1552 1182
4 2157 1490 1488 1489
4 1201  695  231 1917
4  780 2051  977  781
4  757 1920  470 1918
4  910  909 2035  439
4 3051  151  627  628
4  112  585  551 2032
4 2120   18 2090   17
4 1929  294  499 1363
4 2955 2626  556  555
4 1854  790 1860 2756
4  469  471 1324  472
4  851 1288  342 1287
4   44 2132 1414 1415
4 1818  389  522  391
4  911 1440  847  123
4 1851 1428 1279 1427
4 2514 2644 1650 2512
4 2050 2049 3052 3053
4 1128 1129 2097 2307
4  273 3054  806 3055
4 1479 1168 1171  103
4 2240 2800 1971 1972
4 1265 1263  704  306
4 1615  250 1976 1558
4  851 2825 2456 2711
4 2926 2872 2119   57
4 1830  204  740  207
4 1762  361 1263 1415
4   53  711 3056 1642
4  141  143 2952  608
4 2195  787  788 1133
4   68 3057 2346  106
4  444 3058 2278 1041
4 3059 2715 1243 2625
4 2935 3060 2137 1732
4 1745  230 1869 2447
4  608 2083 1138 1375
4  258 2397 2669 2549
4  148 1736  384 1538
4 1198 1197 2985 1931
4 2723 2698 1952 1061
4  523 3007  381 1067
4 2622  807 2270 2450
4 1179  831  832  537
4 2000 2628 2626  556
4 1092 1090 1091 1897
4  628 3051  151 3061
4 1534 2224 2120 1535
4 2112 2111 1338 1483
4 2443 1475 1192  452
4 2213 3062 2909 1548
4 1845 3063  503 1562
4  119 1297  117 2426
4  359  780  462  356
4 1585  400 1045  459
4  319   23 1455   22
4 1277 3065 3064 1276
4 2198  509 2680 1586
4  981  983 1009  984
4 2663 2664  932 1404
4 3024 3022 1186 2301
4  926 1872 1675  928
4 1554 1896 2142  138
4   85 3024 2838 2301
4 2301   87  179   85
4 1604 2202 2024 2204
4 2288 2858 2067  419
4  216 3067 2685 3066
4  468 2978 2272 2979
4 2306 1799  920  487
4  351 1132 1909 1325
4 2415 2417  850 3006
4 2067 2423  926 2860
4 1029  427 3069 3068
4 1683 2460 1161 1159
4  800 3070  797 2629
4  472 2691 1324 1026
4  166 1871 1873 2479
4 1567 1566 1037 1038
4 3071 2080 1248 2082
4  325 1913  323 2940
4 1839  651 1402 1311
4 1104 1921  933 2564
4 2221 3072 2220 2158
4  678  820 1336  435
4 2410 2409 1653 2750
4 1770 1948 1589 1590
4  593  594  595  659
4 1874 2591  871  673
4 1555 2157 1816  431
4 2916  192  195 1696
4  679  401  457 2324
4 1654  165 1437 1126
4 2573 2761  696  256
4 1002 2722  969  967
4 2330 1613 2331 1614
4 1462 1143 1209 1077
4  778  532   60  777
4  796 2116  753 2641
4  472  470 1476  712
4   22  317  320  319
4  591 2212  589  590
4 1832 3073  616 1831
4 2160 1208  336 3074
4 1077 1075 1076 2597
4 1127  597  391 1558
4 2173 2931  223 2557
4 1024  312  301  310
4 2514 2903 3075 3025
4 2159  498 1539 2160
4 3055 3054 2114  273
4  681 1162  591  706
4  434  918 1035 1036
4 1935 3076 1465 1466
4  364  367 1252  409
4  512 2501 1538 2038
4  765  193  764  762
4  947  946 2650 1774
4 2291 3077 1197 3078
4   34  438   33 1430
4 2743 3079 2744 1827
4 2026   17 1222   16
4  399 1865  289 3080
4  703 1583 1543  700
4  835 2737   93  383
4  249   38 2074  312
4  693  695  874  199
4  525  526 1927  583
4 1918  173   36   37
4 1302  545  548 1193
4 2836 2880 2837 1762
4  411  140 1554  138
4 1223  247 1252  899
4 1578 2173  184  186
4  392  827  393  114
4   47   44   45 1415
4  643 1666 2581 1665
4 1748 2829 1297 1298
4 3081  336 2454 2160
4 3082 2179  183 2634
4  622 1661 1870 2182
4  472  471 1324 2691
4 1642 3056  710  711
4  459  457 1045  655
4 1415 1414   44   45
4 2145 2144  833 2056
4 1619 1616 2322 2639
4 1990 3083  962  961
4 1826 2562  107 2789
4 1526 1975 1898 1900
4 1562 1561 2887 1564
4 1068 1938 1070 2532
4  938 1027 2884  143
4  852 1702 2068  855
4  649 1864 1632 1633
4 1266 1267  758  560
4  286 2517    3  288
4  628  149  625 1123
4 2402 3027 2168 2368
4  256 2921  698 2851
4 1120  240 2944  814
4 3078   13 1204 1369
4  136  633  531  635
4 2405 1819 2386 2678
4  619 2792 1366 1929
4 1551 2576 2364 1552
4 1109  885 1954 2354
4 1968 1185  488  345
4  933 2888 1376 1378
4  947  945  151  944
4 2299 2253 3084 2300
4 2672 1531 1530 1384
4 1412  531  136  530
4 1997  696  716  697
4 1419 1154 1153  890
4  936  674 1020  935
4 1850 2286 2346 1358
4 3055 2114 2886 2616
4  291  934  344  615
4  876 1232  875  877
4  804 1136 2593  801
4 1900 1898 1899 1975
4 2938 1626  519  520
4  400  457  458  679
4 1525 2124 1150  584
4   30   29   28 3085
4 2164  991  540 2499
4 1494  116  483  849
4 1781  215  846  845
4  791  792  754  932
4  538  537 1280  539
4 3086  571 2517  287
4  895 1772 2787 3061
4  600  862  860 1224
4 1029 1746 1133 1132
4 2195  370  371  623
4  375 1385  979 1386
4 2715  240  863  861
4 1897 1875 1874 1523
4  377  376  607  142
4  489  457  846 2324
4  600  862 1571 1877
4 2329 1310  134 1979
4  937  936 2206  935
4 1054 1053 1055  611
4 1127  418  391 2104
4 3027 2515 2402  341
4  256 2761 2146 2851
4 1452 2606 1657 1546
4  813 1693 1781 1284
4 2238 2677 2413 2676
4 1890  680  423  424
4  634  900  899 1946
4 2142  323 1916 1913
4 1045 2248 1044 2046
4  149  151  627  152
4   73 1529 1340 2740
4  878 1706  875  876
4 1884  651 1402 1839
4 1765  583 1294 1537
4  204   37 1353  207
4 2932  155 1556 1526
4 2301 2633 2542 2838
4 1830 3087 2242 2995
4  112  111  113  775
4  501 1638 1448  502
4 1871  166 1256  165
4  679 2638  400 2710
4   83  210   80  476
4  817 1224  692  816
4 1159 1294  741 1683
4 3088 1673 1841 2045
4 1873 2335 1872  166
4 2348 1017 2355 3089
4 3090 3091 2016 2702
4 2306 1799 1798  920
4 1304 3068 2092 1135
4 1836 3092 1428 1647
4 1635 1323 1330 1507
4  908 2708  907 2706
4 2797 2208 1010  984
4 2919 2020 1351 1352
4 2066 2065 1701 2068
4 2337  102 1171 2096
4 1851  743 1428 1648
4  420 3093 2939 2976
4 2412 2432 2124 1525
4 1545 2406  720  723
4 1045 1044 1584 1585
4  331 2869 2868 2227
4 3094 1579 1582 1173
4 2463 3095 1659   34
4 1438 3063  503 2536
4 1977 2318 2319 1536
4 1061 3096 2273 2723
4  751  750 1007 1473
4 2196  230  231 2362
4  817 2228 2044 2231
4 1063 2470   74 2369
4 1254 1152 1151  778
4  311  452  310 1982
4  987 2100  431  988
4 1736  145  383  835
4 1487 1341 1402 2726
4 2394  636 2996   18
4 1322  720 1094 1134
4  261  313  259  608
4 2923 2453  665 2444
4 2027  992 2920 3076
4 1571 1569 1573 1568
4  962 3097  595 1988
4 2018 3098 1433 1434
4 1409 2482 1014 1156
4 1035 1976  436 1036
4 2624 1894 1656 1896
4 1944 1889  423 1890
4  706  285   31  682
4 2270 2452 2450 2271
4  691 2258  692 1680
4  440   26 1180  403
4 2124 1091 1874 1525
4 1231 1368 1232  877
4 2301 3022   87 3024
4 2008 2007 1307 2009
4  357 1597  358  359
4  712  470  714  472
4 2070  981  415  984
4 2381 1731 1647 2382
4 2653  613 1319  278
4  630 2097  631  632
4  532 1212 1253 2552
4 1330 3099 2179  181
4 2866 3100 2234 2457
4  362  361   28 2024
4 1270 1271  650  612
4 1064 1065   72  760
4 2693 2144 1842 2145
4  829  382  830  380
4  193  765 1498  195
4 2107 1113 2954 1920
4  894 2283 2285 2718
4  755 2999  756 1203
4 3101 1709 1708 1174
4 2026 1930 1811   16
4  233 3074 1445 2036
4 1450 3041 1675 2010
4  119  117 2487 2426
4  960 3083  365  961
4  992  529 1484  633
4 2381 2550 2702 2382
4 1591 1589 2041 1588
4  504 1257 1845  501
4 1594 3058  840  842
4 1024   38  312  310
4 1072 2538 1037 1071
4 2119 2871 2872 2870
4  733 1203 1267  755
4  484 2831  485  487
4  153 2760 2669  156
4 1750  171  172 2522
4 1211  514 1592 2552
4 2970 2161 2162  991
4 2015 1329 2802 2014
4  951 1295  663  664
4 3102  907  908  909
4   31  682   30 1991
4  671 1661  572 1892
4 1206 1622 2658 1621
4  176  410 1749 1612
4 1510 3103  606  604
4  325 1915 1916 1913
4 3105 3104 1505  203
4  717  719 2079 3106
4 2349 2350  116 2467
4 1153 3107  890 1156
4 1717 3108  939  127
4  723 3044 2406 2395
4 2231 2944 1240 1408
4  419 2874 2208 2288
4 1485 2657 2726 1884
4 1173 3094 1579 2896
4  336 1206 1623 3109
4  808 2972  809 1933
4 1764  724 1911  725
4 1679  665  519 1272
4 1413 2595 1533 1411
4 2054  857  962  858
4 2556 2410  856  858
4 2728  683  682 2213
4 2802 1233  980 1386
4 1637 1010 1587 2037
4 1276 3064 1277  745
4 1447 1448 1450  501
4  251 1057  312  987
4 1360  667  571  668
4  903  170  904  906
4  434  255  716 1233
4 1000 1397 1366 1929
4   19   17   18 2394
4 1831 2077  267  268
4 1103 3110 1100 1101
4 1088 1394 1086 1087
4 1556 2763 2843 2762
4 2222 2910 3111 1434
4 1878  161 1598 1879
4 3112 2434 2633  584
4 1858 1154  890 1380
4  496 1552 1782  376
4  195   81   80  766
4 2600 1180 1346 1255
4 1066 2746 2724 1063
4 2692  787  788  785
4  911  846  508  784
4 1123  149  625  627
4 2725 1652  374 2998
4  369 2911 1300 1489
4  742 2216  740 2214
4 1117  275 1043 2297
4 1730  885  998 1960
4 3113 1509   12 1507
4  301 2920  298 1923
4  827 1984 3047 3114
4 1638 2011 1447 1449
4  521  379 3115 2651
4  712 1982  643 1300
4 1268 2523 2087 1109
4 1073 1954 2353 2354
4 1611  670  575  572
4  419 2208 2067 2288
4   35   33   34 1981
4  165 1256 1448  503
4 1873 2733 1460 1625
4  356  358  462  359
4 3067 2344 3028  355
4 2929  588 3116  591
4  325 2940  324  252
4 2429 1283 3117 1285
4 2616 2270 2272 2228
4 1523 1875 1900 1897
4 1071 2538 1037 1039
4  193  762  194 2947
4   74 1038 1040 1039
4 3118 3064  743 1277
4  375  374  978  373
4 2157 1490 1104 2808
4 1144 1141  507 1847
4  303  304  305 1007
4 1264 3119 1263 1262
4  369  371 1491 1300
4  706 1162  591 3017
4  106 3057 2346 2286
4  250 2448 2074   38
4 2198  509 1586 1587
4 2167 1727 1726 1725
4 2922 1113 3120 1112
4 1384 1037 1365 1363
4  862  863 2715 1876
4 1450 1871 1448 2674
4 1304 1135  787 1746
4  110  107  108 2789
4 2678 1406 1408 1407
4 3122  337 3121 3039
4 3123 3053 1570 2050
4 3124  906  170  903
4  808 2920 1932  301
4 1935 1464 2815 2102
4  159  563  912  218
4  308 3125 1273 2836
4 2025 3127 3126 2026
4 1921 3013 1376 2564
4  652  651 1414  309
4 1166 1032 1033 2582
4 2970 1451 2163  989
4 1702  336  854  235
4  708  710  420  419
4 1503 2681 1015 1502
4 2174 2947 2176 2175
4   54 2671  979 2015
4 1787  952  903  592
4 2297 1737 1043 1118
4  738 2334 1337  675
4 2197 1981  394  401
4 1841 2423  926 1388
4 1564 1563 1845 1562
4  393 2914 1984  437
4  739 1353  204   37
4  593  592 1844 2249
4 1526 1898 1043 1556
4 2183  327 2184  329
4 2675 1834 1835 1185
4 1291 1437 1654 1653
4 1721  405 1181 1720
4  872 1125 1286  199
4  469 1267 1205  470
4 1401 1840 2975 1310
4 3016   69 3129 3128
4 1796 2777 2987   45
4 1341 1309 1402 1342
4 1244 2509 1593 1246
4 2944  240 1241  861
4  175 3021 1055 2770
4  801 3130 1374  804
4   75   74 1038   73
4 1542 2217 2149 1541
4 1746 1135 1132 3068
4  933 1817 2564 2888
4  300  531  301 1024
4 3131 1716 1997 1497
4 1997  716 1706  876
4  142  144 1182  143
4 2391 3132 1440 2207
4 2295  918 1233 1231
4 2725 2998  374 3133
4 1408 2944 2044 2231
4 1684 1622 1685 2486
4 2866 2234 1288 2457
4 1986 1191 1190 1192
4  924  118 2089  540
4  231  694  695 1820
4 1000  294 1667 1929
4 2501   93   92   95
4 2181 2041 2042 2354
4 2231 2115 2913 2230
4  172  170  903 3124
4 1978 2776  920 1613
4  793 2109 1085 1083
4 2531 2764 2966 2630
4  679  812  813 2324
4 3134 1686 1013 1221
4 2972 2309 3135 1488
4  280  278 2293 1908
4 1014 1671 2482 2480
4   27 2035  440  316
4 1924 1795  904   47
4 1808 2388 2253 1829
4 1740  311 1140  452
4  251  247  881  879
4 1404  931 2164 2664
4 2082 2957 2828 3071
4 2319 1738 2755  963
4 2696 1952 1062 1950
4 1720  405 1180 1346
4 1996 2201  866  715
4  470 1919  755 1931
4  586 2773 2032 2126
4 2032 2126   34   35
4 2770 3021 3136  175
4 2400 2502  637  888
4 1629 2931  223 2173
4  640  964 1738  963
4 1648 1680 1428 1851
4 1731 1814 3138 3137
4 1232  715 2221 2934
4  419 2209  422 2208
4 3124  169  544  172
4   75 1038 1993 1498
4  798 2000 2628 2002
4 1386  918 1233 1460
4 2477  746 1962  747
4 2398 2423 2065 2422
4  575 1241  573  574
4 2539 1307 2009 2768
4 3132 1141  783 2391
4  281 1285 1319 2430
4 2162  991 2163 2164
4  329 3140 3139 2183
4 2110 1481 1336 1483
4 1520 2938 1626 1521
4 2230 2114 2912 3054
4 2465  113 2464   34
4 2506 1019 2508  185
4 1099 3141 3142  562
4 1697 1699 1388   45
4 2947 2176 2175  761
4 2050 1187 2262  692
4 2446 3143 2430  281
4 1483  820   65 1480
4  496 3144 1782 2363
4 2519 2694 2144 1842
4 2457 2741 2236 2234
4 3040 2286 1496  878
4   73   72  761   75
4 1793 1794 1173 1174
4 2831  485 1055  611
4 2827  972 2270 2228
4  996  998 1731 2382
4  380  382  803  829
4  749  143  144  141
4 1691 3145 2355 2153
4  317  320  319  322
4 1705 1994  715 1706
4 2295 2055  487  485
4 1899 2238  548 1194
4 2098 2097 2307  630
4  123 1440 2391  911
4  207   38   39  930
4 2132 1685  225 1972
4  914 1285 1319  218
4 1721 2237 1558  122
4  668 1359 3146 1360
4  497 1069 1736  415
4 2340 2341 3030  966
4 3147 1293 1166 2582
4 2728 2727 1423 2213
4 3019 1582 1062 2696
4 1411  300  531 1412
4 1051  819   67 1052
4 1490 1488 1491 1079
4  301 1057  993 2920
4 2163  991 1451  999
4 1441 1124  270 1442
4 2072  542  924 1000
4 1160 1542  741  742
4 1687 1013 1221 3148
4 2715 3150 3059 3149
4  917  161 1598 1962
4   28 3085   29 2534
4  760  759  110 3151
4 2242 1790  476 3087
4 1091 2433 1089 2432
4 1887 1480 1481 1482
4 2507 2508 1193 1631
4 2518  456  288 2294
4 1453 2606 1452 1189
4  342 2281  216  343
4 1722 1018  390   16
4  333 1941 3152  335
4  782  674  179  177
4  393 1431  438  437
4   79  161  162   78
4 2230 2115 2044 2231
4  752 3153 2116 2129
4 3090 2016 2381 2702
4 2970 2161  991 2163
4 1712  198 1714 1917
4 2538 2673 3154 3031
4  301  299 1458 1923
4  347 2722 1801 2368
4 2931 1576 2416 2418
4 2979 2272  970  461
4 1640 3035 2297  274
4 2782 3130 3155 3115
4  880  879 1725  795
4  895  945 1772 3061
4  931 1404 2911 1357
4 1523 2006  191 1524
4   16 1558 1222 1291
4 2829  791 2129  754
4  235  512 1446 3156
4  805 2587  271  272
4 3157 2561   90  988
4 1556 1992  641 2549
4  878 2286  106 1358
4 2813 3025 2814 3158
4  368 2862  371  623
4  294  499 1667 1929
4 1007  551  775 1833
4 1695  209  210 2233
4 2981 2965 1733 1069
4  636 3159  404   19
4 1973   76 3106 2076
4 1887   37 1353 1537
4 1113 3120 2876 2922
4 1443 1445 2036 1446
4  140 3160  139  137
4 2213 1423  683 2244
4 2366 1313 1312 1315
4 2167 1022 1727  879
4 1327 1702 1010 2037
4 1193  596  598 1019
4  854 1702 1587 1586
4 1895 1553  451  454
4 2391  937 3132 2207
4  270 2071 1124 1441
4 2020 1256 1352 2022
4 2855 2492 2493 2083
4 2209 1674 2854  420
4 1408 1406 2113 2661
4 1993  542 2072 1000
4 2668   61 2303   60
4 1931 1369 1205  470
4 2983 2961 3161 2985
4  539  831 2161  537
4 1353  583 1166 1927
4   57 3162 2374 2926
4 1255  778 1620 1254
4  681 1320 3062 1548
4  690  692 1169  103
4  499  460 1532 1755
4  686  326  890  329
4 2487  119  752  387
4 1134 1094  721  720
4 2195  787 2570  788
4  576 3163 2681 1503
4 2738 2970 2162  991
4 2730 3118 1277 3065
4 2596  307  822  309
4  388  579 2505 2689
4 1865 1829 2867  289
4 1187 2043 2642 2048
4 1315    8    9 1312
4  486 1261 1259 1756
4 2187 1846  833  506
4 1414  309 2923  929
4 1899  596  597  598
4 3164 1531 2683 1530
4  384   94 2501   93
4  665  519  951 1679
4 1795 1387  904   45
4 1343 2521  957  594
4  767 2742   80  766
4 1751   79 2076  642
4  827  828  830 3114
4 1713 1026 1909 1028
4  751 3165 1007  304
4 2090 2996 1726 3166
4 2759  562 2457  342
4 2009  239 1307 2008
4  774 1692 1246  533
4  783  968  782 1800
4  671  670  572  574
4  887  156  886  155
4 1427 2082 2736 3167
4  295  296 2231 1120
4 1185   32 2127   35
4  580 1293  581 1166
4 2214 2520 1354  741
4 2067  926 2398  927
4  887 1233 2105 2934
4 1578 2931 2173 2958
4 2385 1694 1366 1364
4 1271 1864  650  612
4 1675 1674  422 2859
4 3112 2434  584 1150
4 1187  861  692  817
4 1092 2677 2413 1899
4 3168  786 2365  787
4  711  708 3056  710
4 3036 2180 1914 1919
4  435  698 1337  678
4 1571  602 1843 1224
4 1666  371 2893  370
4  706 3017  591  705
4 2456 2613 2455 2457
4 1363 2792 1771 1929
4  315 2883  313  314
4 1034  918 1233 1036
4 2076   76   79 1973
4  401 1981  457  846
4 1781 2099 1842 1391
4  369 1921  931 1104
4 1131 1046 1465 3169
4 2483 1703  875 3170
4 2253 3084 2300 1540
4  434  697  699  435
4  902 2993 2992   63
4  167 1352 2022 2919
4 3171 2125 2128 2126
4 2053 3015 2249  705
4 2076  161   79 2316
4  384 2501 1637 2737
4  627  331  625 1123
4  788  786  824  825
4 1306 1305  478  211
4 1314   11 1315 2014
4 1645 1646  556 1643
4 1304 1303 3168  787
4 2037  512 1637 1538
4  703  290  702  700
4 1840 2975 1272 1311
4 2037 1010  498 1538
4 1867 2154 2156 1870
4 2048 1408 2086 1187
4 1047  406  899 1236
4 2465 1659  113   34
4 2106 1885 1887 1886
4 1246  773 1211 1210
4 1960 2441 2439 2304
4 1323 1025 1026 1909
4 1875  597 1127 1900
4 2895 2701 1173 1793
4 2935 2137 1731 1732
4 3145 2537 2536 1438
4 1839 1883 1401 1402
4  519 1272  665  663
4 1019 1370  318  185
4  900 2100 1057  987
4  120  118  119  386
4 2906 2905 1797  596
4 1864 2033  678 1716
4 1878  643 1666 2581
4 2070 1937    1  415
4 1929 1363 1366 1000
4  980  978 1329  979
4  552  149  152  553
4  155  258  255  156
4   97  264  793  265
4 2797 2874 2208  984
4  544  543  169 3124
4 1213  532  773 1211
4 1681 1976 1977  436
4 2444 1685 1690 1621
4 1682 2769 2907 2459
4 1614 1978 2595 1861
4 1949  998 1591  885
4 1360 1850  571  667
4 1175 3172 1708 1174
4 1111 2313 1954  885
4 1045  457   33  655
4  868 2220  865  866
4  308  306  309 1415
4  956 2074 1455  321
4 2362 1240  573 2360
4  712 1353 1751 1927
4  570 2347 1850  104
4  186 2956 2259 2511
4 1740  452 2443 1986
4  955  794 2073  956
4 1325 1330 1636 1323
4 2401  748  751  141
4  857  962  858  859
4  505 2143 2144  833
4 1197 2961 3077 2472
4 3141 2282 3066  562
4 3164 2672 1531 1530
4  348 2902 2402 2359
4 2654 2655 2665 1048
4  461 2272  296 2229
4 2039 1269   40 2042
4 2883 3133 2998 2725
4  368 2862 1514 1105
4 2411 1269 1970   41
4  572 1661 1780 2155
4 1755  500 1532  499
4 2803 3098 1433 2804
4  281 2429 1285 2431
4 1819 1820 2386 1201
4  315  374 2725 1652
4 3115 2651 3155 2782
4  379 3155  382 3115
4 1286 1941  331 1942
4 2434 2798 2633  584
4  111  126  127 1375
4 2676 3173  546  548
4  578  576 3163  577
4 1448 1258 1450  501
4 2450 2451 2270 2622
4  115   80  894  767
4  409 2249 1236 3015
4 1429  777 2303   60
4 3174 3138 1731 1732
4 1560  385  387  386
4 3015 2249 1236 2053
4 1918 2106 1920 1115
4 2696 3175 1582 1172
4 1575 2958 2931 1578
4 2245 2246 2619  200
4  533  534  516 1211
4  351  183 1909  352
4 2567 3043  279  458
4 1029 1132  352  427
4  572 1777  575 1610
4  871 2123 2433 2122
4  864 2008  236  239
4 1800  488 1802 2788
4 1990  592  595 3083
4 1225 2264 3176 2263
4  906 1924  904  905
4 2032  775 2464  551
4 1560 2074  321  207
4 2773 2541  587 1148
4 2080 3177 1279 2736
4 2963  940 2411 1268
4  284  682   31 1162
4 2068 1701 1702  852
4 2199  635  634 1341
4 1350 2489 1352 2854
4  684  685 2024   28
4 2883 2998 1652 2725
4 1843 1274 1169 1224
4 2747 2539 2009 1426
4 3128 1849 1261  105
4 1990  595  962 3083
4  249  248  312  251
4  497 1069 1735 1736
4  829  380  830 3178
4 3034  162 2357  163
4  253 2922   66  325
4 2714 2713 1945  203
4 1476 1475  643 1982
4  339  337 3039 3179
4  692  861 1570 1224
4 2486  308  225 3180
4 2747 3181 1426 3012
4 3039 1882 3182 1881
4 1184  586 1186 2301
4  333  330 1941  335
4  371  824 1080  826
4  297  462 2684 1074
4  685   28 1890 2204
4  826 1080  371 1079
4 1713  229  231 1028
4 3053 2049 2262 2050
4 3039 3121  450 3182
4  342 1288 2457 2866
4 2700 3090 2701 2702
4 3050 1228 1563 2022
4 1034 1526 2105 1900
4 1380  686 2184  688
4 3183  408  899  986
4  832 1823 1280  369
4 1268 1947  942  940
4  707  426  706 1991
4 1319 2830 2635 2431
4 3184 3073 2218  731
4 2328 2794 2380 1921
4 2182  370  623 1514
4 3185 2621 2622 2616
4 1577 2419 1578  320
4 1807  557 3186  556
4 2357  713  162  559
4 3187 2432 1524 1091
4  860 2059  602 1928
4 1384 1531 1532 1383
4  660 2232  658  661
4 2861  622  621  623
4  886 3188  868 3189
4  157  913  160  159
4 1018 1290 1811 2348
4 2286 3057 1495  106
4  596 1797 3190 2905
4 2276  952  285 2274
4  468 2452 2270 2271
4 1325 1026 1909 1323
4  873  693  874  199
4 1679 2453  665  927
4  603  332  917  606
4 1897 1524 1906 3005
4 3014  646  591  647
4   34 3095 1659 1430
4 2662  789  932  432
4 2653  344  342  218
4  567 1536 2318 1481
4 2326  212  772   62
4  947  269  619  617
4 1526 1898 1556 2932
4 2773 2125 2541 1148
4  348 2168  344  346
4  251  900  993 1057
4 2242 3087  476 3029
4 2963 1269 2523 1268
4 1921 1862 2380 1106
4  163 2971  161 1901
4 2653  344  615 2292
4  143 2952  142  141
4 2914  113  393  128
4 2353 1769 2818 2181
4 1623  224 1621 1689
4 1624 1116 2930 1925
4 1135  787 1746 1133
4  542  991  540  999
4 2616  806  807 3185
4  521  382 3115  379
4  821 1839  822  651
4  169  171 2521  172
4 2126 2466 2464 2463
4 2684 1074  462  358
4 1653 2232  658  660
4 2188 2494 2187  834
4 3031 2538 2818 2768
4 2995 2215  742 1830
4 1326  286    1    0
4 1542 1640  739  204
4  924  542  482  540
4  239  823 2372  236
4  501  503 1845  504
4 1150 2434 2124 2412
4 1917 1713 1714 1712
4 1256 1352 2022  167
4  598 1019  596  121
4 1123 1124  625  628
4 1960 1957 2439 2441
4 1038 1364  765 2936
4  910  441   21  925
4   49 1742  770   51
4  689 1012  687  688
4 2505 2850  579  577
4    3 2152 2517 1519
4  656  458  459 1543
4 2938 1522 1295  951
4 2213 3191 2211 2727
4  723  720  721 2396
4 2955 2626 2627  556
4 1291  250 1615 1558
4  563 1784 2942 2690
4  647  707  976  644
4 1315    9   11 1312
4  652 1387  957  928
4  377  609 1329  980
4  556 3186 2603 2748
4 1653 1437 1290 1291
4 1163  590 1103 1101
4 1131 1465 1464 3169
4  307 3125 1273  308
4 2034  105 3016  486
4  609  978 1329  980
4 1887 1353  583 1537
4 1521 2938 1522 1520
4  556 3186  554  557
4 2249 2726 1844  593
4   26   25  439 2035
4 2050 1570 2262 3053
4 1815 1814 1731 3192
4  873  693 3193  874
4 3055 2621  806 2616
4   42 2785 2325 1425
4 1596 2458 1240 1242
4 2768 2009 2818  239
4  297  463  781  462
4  652 1415  651  653
4  409 1252 2249 3083
4  580 3147 1293 1166
4  138  470 1476 1896
4 1773  970  460  461
4  359 1597 1954  357
4 3166 2996 1500   18
4 1802 1801  347 2722
4 2913 3193  874 3194
4 2483 1368 1472 1470
4 1265 1264 1758  704
4 1900  597 1127 1558
4 2415 2417  385 1296
4 2449 2265 2591 3190
4   65  610  820  818
4 3079 1825 1826 1827
4  956  955  953 3195
4 2213 2210 3191 3062
4 2616  807 2622 3185
4 3197 3196 2613 1687
4 1122 1666 1121  370
4 2044 2944 1187  817
4  504  502 1447  501
4  288  456    0  286
4 1650 2621 2644 3055
4  773  845 2144  505
4 1437 1290  390 1691
4 2479 1615 1460 1034
4 1670 1945   30 1506
4  113  437 1659 2915
4 1029  230 1133 1746
4 1362  728  893 1776
4 2034 2033  485 3016
4 2292  291  344  615
4 1064 2767 1065  760
4  921 2733 3198 1326
4 2024  361  632  362
4  527  582 3199 1887
4  306  821  651 2219
4  462 1074 1073  358
4 1970 2687 2411 2495
4  880 1021  879  881
4 2119 2871 1643 2873
4 2674 1871 1448 1449
4 1844  952  903  704
4 2517 2150 3146 3086
4  757 2106 1920 1918
4 1364 1365 1366 2385
4 1363 1530 1384 1072
4 2324  457  458 1543
4 3151 3008 2766  760
4 2564 1106 2807 1104
4  485  820   65  612
4 1163 3045  285 1804
4 2637 1301 2361  231
4 2115 2113 1408 1406
4   27   24 1077  513
4  805 1176 2587  272
4 1477 3029  208  476
4  704  651  306 1415
4  239  236 2372 2008
4 1317 2857 1318 2357
4  531  298  993  992
4 2413 1501  546 2676
4 2320 2922   66   65
4 1898 1043 1624 1926
4  783 2670 1141 3132
4 2421 2294  486 2034
4  488 1966 1967 2679
4  576 2887  579 1564
4 1678  665  951 1679
4 2752 1447 1450  501
4 2893 1028 1713 2196
4 1712 2179  183 1909
4 2743 2745 2931 1827
4 1935 2815 1936 2102
4 2702 2764 2550 2700
4 1476  452 1475 1982
4  651  653  704  654
4 2145 2144 1842 2143
4 1695 2218  210 2834
4  919 2055  487 2295
4 2926 2119 2370   57
4 2498 1147  670  240
4 1226 1729 1268 1110
4 1736 1069 1735 1733
4 1353 1166 1751 1032
4 2981 3200  397 1069
4 2547 1635   14 1636
4  591 1321  646 1320
4 2691  722  471 1324
4  503 1439 1654 1437
4 2144 2693 2694 2519
4  797 3070 2628 2629
4  772 2326   60 2303
4 2048 2661 3201 1408
4  877 1368  875 2152
4 2037  512 2036  235
4 2224   18 2090 2120
4 1272  663 2975 1840
4 2788  488 1802 2679
4  623  370  371  368
4 2506 2507 2508 1193
4 1870  620 2570 1867
4  737  736 1995  738
4 1322 1094 1325 1134
4  388 1228 1563 2689
4 1207  336 1621 2454
4 2426 2129 3153  752
4 2301  586 1186 2542
4 2623 2082 2827 2828
4  364  367  245 1252
4  990 2738  991  989
4 2081 3177 1276 1279
4 2935 1813 1814 1731
4 2297 2296 2298 3035
4 2780 2948  541  542
4 2306 1613 3136 2055
4 1982  452 1475 2443
4 1152 1502 1503 1620
4 3183  899  247  986
4 2250 2677 1907 1926
4 2145 2545 2694 2693
4  322 2419 1631 2508
4  500 1530  499 1363
4 1112   67 2922 1115
4 2072  923  924  482
4 2201  866  715  257
4   31   29  624 2534
4  721  720 1094 2590
4 1690  226 2614 2615
4  876 1232 1706  875
4 1843 2356 2847 3123
4 3183 1130  408  986
4 1013 3148  687 3202
4 1279 1276  745 2061
4 1523  190 2006 1833
4 2249 1946 2726  593
4 1164 3107 2882 1013
4  808  810  301 1741
4  910  908  318  907
4 1440 1141 2391  508
4  125 2493  126 2200
4 1172 1582 1174 1173
4 1149 2412 3112 1150
4 2986 2130 2982   44
4 1440  907 1209  123
4 1115 1480   65 1918
4 2652  718 1354 2214
4  700  290 1543  703
4 2072  482  924  542
4   16   19 2147 2148
4  351 1330 1636 1325
4 3049 3063  503 1845
4 2204 3203 1890 2607
4  273 2616  272  270
4  591 1320  646 3014
4 1132 1026 1909 1325
4 1709 1174 1794 1793
4 1268 1728 1226  942
4  165  168  167  418
4 2653 2497  344 2292
4  523  902 2801 1067
4 1439 1639 2699 2537
4 2833 2990  373  978
4 2762 1888 1624 1556
4  389  578  778  779
4 1613 2055 1614  175
4 2723 3096 2697 1061
4 1730 2313 3092 1111
4 2985 2962 1919 3036
4  647  681  706 1321
4  175 2055 1614  174
4  130 1062 1837  131
4 2425 2136 2137 2730
4  369  370 1666 1122
4  910 1467  439  441
4 1570 1569 3204 3123
4 2990  607  315  978
4 1497 1496  878 3040
4 1361  879 2120 1023
4  593  594  654 1844
4  783  967  968 1800
4 1048 2840 2665 2654
4 1696 1694   80  210
4  591 2210  589 2212
4 2969 3045 2276 1163
4 3204 2901 3205 2262
4 2370 3139  329 3140
4 2671 2367 1329 2015
4 2650 2649  617  619
4 1739 3206 1263 3119
4  578 1152 1151 3207
4 1164 3208  689 1013
4  575  573 1242 3000
4 1308 1417 1040 1565
4 1312 1314   11 1315
4 3012 2009 2818 2539
4 1781 1059  845 2099
4 2382 2764 2702 3091
4 1010  983 1009 3209
4  976 1758 1844 2726
4  772 2303   60 1429
4 1274 1169  816 1275
4 1811 1809 2846 1810
4  323 1913 2332 2940
4  124  847 2302 1818
4  443  842  607  843
4  115  116 2285 2467
4 1640  274  275 1541
4 1256  503 1845  501
4 3210 1461 1143 1144
4 1395  206 1668 1922
4  288    0    3  286
4 1959 2424 1957 1960
4 1930  659 1492  660
4 1307 2705 1065 2371
4 2810 1866 2867  288
4 1732 2343 1960  995
4 2426  754  752 1298
4 1861 2055 1035  174
4 1382 1365 1771 1384
4 2893 1025 1026 1878
4 3062 2210  681 2213
4 2926 3162   59   57
4 1578 2958 2511 1575
4 2810 2867  456  288
4 1055 3021 2832 2770
4  798 1805  839 1249
4  191 2005 2006  188
4  997  998 1591 1949
4  263   99 1432   96
4 2028 1769  239 2818
4 2441 2811 2343 1960
4 1243 2944 1240 1241
4  721 1095 1094 1096
4  469 1369 1205   15
4  203 3212 3211  201
4 1804 1803  283 1162
4  765 2936 2384  763
4 1933 2972 2309 1934
4 2625  240 2715  861
4 1415  361  704  363
4 1692 1244 2597 2703
4  908 1370  907 2708
4 1160 2149 1759 1542
4 1071 1363  294 1001
4 2196  231 1713 1917
4 2861 2862 1514  623
4 2126 2463 2128 3171
4 2223  266  267  268
4  328 3213 2790  891
4 1468 2805 1469  908
4 1897 2256 2932 1900
4 2803 1434 3039 1056
4 1467  439  909  910
4  774  847  508 1142
4 2739 3009  759  760
4 2848 1274 1169 1843
4 1843 1570  692 3123
4  731 2079  268  642
4 1969 1728 1729 1268
4 2923 2398 1972 1699
4 2711 2825 2635  851
4 1851  493  745  743
4  329 2184  326  327
4  606 1435 1316 3103
4  970  465  466 1754
4 2022 3214 2021 3050
4 2542  586 1186 2127
4 1463 1440  907 1462
4 2208 1678 2453 1327
4  921  919    0 1231
4 1122  295  553  294
4   71 1633  106 2034
4 1555  311  312  930
4 1278 2516 1276 2081
4 1452 1189 2606 1191
4  635 1487  633  634
4  609  313  315  417
4 1550  494 1182  496
4 2126 2773 2464 3171
4  688  686 1013  890
4 1192 1189 1452 1191
4  642  207 1751  712
4 3215 1139 1140 1740
4  658 1654 1332 1871
4  999  540  542  924
4 2233  210 1695 1696
4 2841 2842 2787  628
4 1978 2331 1614 2330
4 1820 1201  231 2362
4 2648  548 2980 2238
4 3180  227 2823 2131
4 2467  116 1826 2350
4 1781 2143 1842  505
4  249  879 1222  251
4 1308 1478 1417 1565
4 3216 1710 2623  781
4  555 1880 1434 1805
4 2295  486  487  919
4  281  613  280  278
4 1162  285   31  284
4 1722 1812 2148 2147
4 2801 3007 2709  523
4 2213 2909 2245 2618
4  886  156  257 2760
4  871 2266 1089 2433
4   16 1812 2148 1722
4 1687 3100 2234 3148
4 1781 1785  912 1391
4 1871 1654 1449  658
4 2478 1962  151 1961
4  869 2123 2266  871
4 1909 2179 1330 1323
4  929 1414  309  652
4  863 3218 3217 2784
4 1837  743 1836 2897
4  217  216  563  561
4  826 2443 1140 1079
4  198  695 1714 1917
4  834  506 1002  969
4  373 2998  372  374
4  855 2241  852  853
4 1261 1259  105  486
4   70 1633  106   71
4  321  206 1668  207
4 2370  328 2119 2924
4 2010 2749 3088 1389
4  732  731 2581  642
4 1229  313  804  417
4 2498 1147  243 1823
4 2045 1387 1388 1389
4 2050 2047 3052 2049
4 1395 1394 1853 1668
4  651 1839  822 1840
4    7    6 1490 3219
4 3220 1251  367  960
4 1872  166 2335 2209
4 3079 2351 2744 1827
4  970  466 2979 1754
4  523 2709   62 3007
4 1689  224  225  226
4 2598 2841 3061  628
4 2299 1443 3074 2036
4 1386  918 1460  921
4 1066 2469 2746 1063
4  706  426 1890 1991
4   57  800 1643 2373
4 1001   42 2269   43
4  970 1754 2979 1773
4  451  452  139 1741
4 2692 2091 1303  785
4 2196 2195 1028  230
4 2249 1103 3015 3083
4 1630  728  475 2527
4 2079 2077 2078  477
4 2325 2785 2539 2949
4  973 1627 1486  975
4 1119  295 1120 1122
4 1526  155  887 2932
4 1900 2105 2932 1526
4 1881 3221  265 1056
4  910  317  318  985
4  216  344  342  341
4  684 1669  685   30
4  376  842  843  142
4 2753 1274 2701 1793
4  233 1445  234 2036
4 2006 1524 3005 2004
4 2104  417  608  609
4 1327 2208 1678 1326
4 1424 2039 2490   40
4 1758 2657 2726  973
4  732 1397 2089 1665
4 1850 1360 2421  878
4  199  872  873 1238
4 2147 1812 1347 1722
4 2934 1314   11 2221
4  356 1863 3216 1711
4  851 2457  342 1288
4  831  832 2163 1179
4 1222  250 2199 2140
4 1731 3192 1814 2016
4 2075  592 1990 3222
4 2360 1778  573 2447
4 1071 1039   42 1426
4 1903 2191 2753 2190
4  229  180 2964  428
4 3012 2818 1426 2539
4  182  428  183  352
4 1979  134 1309 1310
4 1422 2997 3223 1220
4 1057  987 2102 2157
4 1670   30 1890  685
4  961 3220  367  960
4  994 2819  975 1627
4  911  673 1184  782
4 2736 3224 2082 2080
4  343 2496  216  341
4   53 3056 1641 1642
4 1400  919  486 2294
4  628 2598 2841 3225
4 3025 3075 2514 2513
4 1012 1011 1671 1014
4 2825 2456 2455  851
4 1471 1703 1314 2483
4  159  158 2997 1220
4 3107 1013  890 1156
4  921  456    0  919
4 3227 3228 3226 2608
4 1400  456  288 2810
4 2794 2327 1822 1280
4  949  455 1521 2528
4  296  500  460  150
4 3229  294   43 1071
4 2528  455 1521 1326
4  553 1666 1667 1961
4 1992 2762 2763 1556
4   17   18 2090 1222
4 1243 2086 2262 2085
4  673 2591  597 1874
4  165 1437 1563  503
4  597 1558 2448  122
4 1544 1452 1324 1931
4 1438 3145 1691 2153
4  682 1423  683 2728
4  650 1633   71 2033
4 2036 3074 1445 1443
4 1705  715 2221 1706
4  127 3108  939 1027
4  245  247 1252 1859
4  829 2200  898  896
4 1903 1707 1708 3230
4  104 2346 1850  106
4  651  821 2656 2219
4 2034 2033 3016  650
4 2934   11 2014 2546
4  390 1721  391 1723
4 3231 2999 3161 2985
4 2231 2115 2044 1408
4 2502 2973  888  886
4 1802  488  783  346
4 1721 1180  535 1720
4 1818  847  535  124
4 1150 2773  190  585
4 2054 3097 2554  858
4  591 3116 3015  588
4 1091 1090  871 2591
4  880 1854  881  795
4 2928 1605 2202  632
4 1972 1971  225 2800
4 2827 3232 2451 2957
4  681 2908  683  680
4  175 1613 3136 1612
4 1523 2256 1875  776
4 1281 1822 1280 1823
4 2198 3156  512  235
4 3233 3104 1945 1670
4 1013 3234  689  687
4  320 1577  985  925
4 1174 3172 1172 1175
4 2202 1602 1604 1605
4  975 2726 1486  973
4  992  993  994 2027
4 2608 1602 2793 3235
4  894  221 2283 2718
4 1615 1035 1976   38
4 2150 3146 1360 2517
4 1558 2448 1976 1900
4 1467 2259 1577  985
4 1990 1100  365 3236
4  901 1245 1692 1215
4 2193 2194 2461 3226
4 2064  792  431 1854
4  896 3178  380  829
4 1832 3073 2218  618
4 2104 1875 1127 1900
4  564 2769 1536 1549
4 2258 2643 2047  692
4 1441 3225 1124  628
4 1818   60   62  522
4  861  240  863  860
4 1348 2911 1357  930
4 1805 1807  798  555
4  519 1521 2733 1625
4 1474  111  113 3237
4  740  204  739 1353
4 1037 1381 1567 2673
4 2231 1201 2913 2115
4  450 1356 2631  448
4 1389 1675  928  926
4 1764 1911   50  793
4  829  897  380  896
4 2139 2239 2753 2166
4  551 2773 2464 2032
4 1572 2848 1274 1903
4 1904 3187 3238 1906
4 3115  379 3155 2651
4  500 1363  294 1074
4  476 1790  475  473
4  525  583 1166  580
4 1049 1252 1223 1516
4  566  565 2647  567
4  594  654  957 1343
4  462  463  464 3229
4 1366  619 1397 2218
4 2911 2089 1348  118
4  477  731  211  479
4  176  174 1614 1612
4  419  710  420 2209
4  632 2202 2024 1605
4   47  904   45 2777
4 2625 2715 3239 3150
4 1665  999 2911  369
4  455 1678  950  949
4 1800   84   87 2788
4 3240 1715 1632 1633
4 2414 1457 1459 1458
4 1710 2272  970  468
4 1563 1561  579 2580
4 1268 1226 2165  942
4 1937    1  415 1068
4   40 2411 1269 2039
4 1180 2960 2601  403
4 1904 3238 2930 1906
4 1292 1159  581 1294
4 2784  240  863 3239
4   43 2268 2269 1451
4  864 2747 2009 3012
4   70 1632 1633   71
4 2174 2284 1082 2175
4  611   66 1055 1054
4  435  678  820 2033
4 1389 3088  926 2045
4  341 2496  344  343
4  715  716 1706 1997
4 2257 1649 1680 2814
4 1906 3238 1524 3187
4  477 1831 3073 1832
4 1400 1399  486 1799
4  949 1678  950  951
4 1103 3241 1100 3110
4 2076 2077  268 2316
4 2334 2851  736  698
4 1286 3243 3242 2226
4  433 1481 1977  436
4 3244  661 2521  658
4  606  603  332  605
4  735  526  758  560
4 2148 2889 1953 2392
4  987 2100 2102  431
4 2313 2438 2516 1247
4 1628 2544  353  217
4 1179 1177 2163  831
4  342 1528 2497 1527
4  813 1285  812 2429
4 1368 2666 1470 3245
4  871  870 2266  869
4 1069 2965 1070 2981
4 2145  563  217 2143
4  381  382  830  402
4 2690  157 1421  563
4 1510   15  606 1509
4  486 1756 1259  484
4 2641  753  312  930
4  984  983 1010 2797
4 1736 1733 1734  835
4 2980 2238  548 3173
4  296  150 2229  552
4 2652 2243 1305 2995
4 1435 2857 1436 1318
4 2741 1289 1288 2457
4 1179  242 2268 2524
4 2402 2515 2902 2786
4  452 2443 1140 1740
4 2319 2297  640 1977
4  201  200  202 3212
4 2263 3176 1225  242
4  274  275 2297 1640
4 3147 1166 1033 2582
4 1781  845  846  505
4 3246 1974 2588  450
4 1806 1880 1434  555
4  927 2453  665 2923
4 1591 1588 2523  997
4  592  705 1844 2249
4  273  271 2616  806
4  207 1668  321 1560
4  566 3247 1549 1537
4 2881 1155 1686 1013
4 1077   24   25 2735
4 1036  433  436  434
4 1123 1239  331 1286
4  878 1850 1360 1358
4 2465 2915 3248  113
4 2073 3166 1726  955
4 2145 2056  833 1628
4 2025 2393   17 2148
4  522  388  521 1373
4  878  876 2421  106
4 2037 1702  235 2160
4  520 1626  519 1625
4 1649 2258 2643 2257
4 2091 1096 2396  721
4  513  534  516   27
4   47  904  905  653
4  599 2610 1574 1572
4  926 1841 3088 1673
4  903  704  905  653
4 2136 3118 1836 2730
4 1033  162 1032  713
4 2540 2542 1186 2127
4 3148  687 3234 1013
4  222 2205  220  223
4  251  881  986  987
4   23  405 1181 2237
4 1836 1837 1815 1838
4 1267 1202  733 1436
4 2524 1969 1729 2268
4 2929  589  588  591
4  389  388  522  391
4 1039 1363 1001 1000
4  779  578  778 1151
4 2973  155  888  156
4  819  610   67   65
4 1903 3230 2138 2610
4 2807 2946 1816 2808
4 2521 1449  658 1335
4  619  617  618 2649
4 2280 2775 1626  520
4 1013 3202  687 1012
4 1873 1871 1872 1333
4 1013  687  689 1012
4 1013 1155 3107 2881
4  986 1130 1131 2561
4  730 1362  729 2931
4  159  913  563  157
4  642 1032  164  712
4  178 2798  179 2301
4 1181  316  317  122
4 3210 1848 1847 1144
4 1462  909 1209  907
4 2025 1534 3249 1535
4  951 1678 1521  949
4 2479 1871 1873 1333
4  623  621 2862 1080
4 1837 2897 1836 2563
4 1173 1172 1582 3094
4 2067 2398 2453  927
4  653  905   47  363
4  561 2731  562  563
4 1489 1357  930 1555
4 2394  636   18   19
4  572 1777 1780 2812
4 2244 2245  683 2213
4 1910 1823 1514  370
4  155  258  156 1556
4 2083 2493  126 2492
4 1681 1481   37  436
4 1266 1927 1032  525
4 1482 1887 2106 1885
4  593 2726 1341 1487
4 1897 1899 2591  597
4  692 2643 1649 2258
4  209 2218  210  211
4  118  540  482 2781
4  138 1476  454 1896
4 1087  971  276 2648
4 3039 3250 3122  339
4 1818  522 2302  391
4 2894 2871 1643 2119
4 2940 3003  323  324
4 1411 1035 2595 1533
4 1793 1170 1794 1792
4 2951  499  460 1532
4  505 2143  846 1781
4 1386 1233  980 1460
4 1415 2132  309  308
4  606 1316 2289  916
4  544 1987  595 3251
4 1229 3252 1374 2593
4 1709 2697 1794 2696
4 1255 1180  535  534
4  106 1495 1632   70
4 2324  215 1781  813
4  738  736  698 2334
4  691 2047 3052  692
4 2799 2787 1442  461
4  348  292  345  291
4 2570  787 1746 2569
4  608  776 2952  141
4 1739  704 1264 1263
4 2454  665  951 1678
4 2537 1290 1439 1438
4  293 1834 1185  703
4 1946 1048 2249  976
4  774 1210 1246 1245
4  692  690 3052  691
4 2145 2436 1785 2435
4  633 1486 1487 1484
4 1337 2333 1336  677
4 1188 1650 2044 2228
4 1255 2820 1346 2816
4 2256 2105 2932 1900
4  668 3086  666  571
4  505  845  508  774
4 1717  111  749  750
4  120  923  385  480
4 1489 1491  930 1982
4 3015 2655 3116 3014
4 1890  682   30 1945
4 3129 1260 1663 3016
4 2428 2349 2350  116
4  364 1956  365  409
4  446  607  259  445
4  952  624 2274 2734
4  842 1594 3058 1595
4  627 2695  151 3051
4  224 1685 1621 1689
4   20  405 1181   23
4 3042 3253 1769 1770
4 1769 1768  237  238
4  108 3151  109  110
4 1899 2677 2413 2238
4 1480  173 2320 1918
4  329 3139 3254 2183
4  652 1387 1414  653
4 2808 2157 1488 2310
4  760 1940 2766 3151
4 3236  961 3241  365
4 3040 1704 1706  878
4 1072 2437 1074 3164
4 1399  919  456 2528
4 1280 1823 1822 1910
4 2582 1166 1752 1293
4 1192 1985 1475 1986
4   36 1411  174 1459
4 1135 1303 2092 1304
4 1102 1101 3255 1163
4 1477  208  210  476
4  872 1124 1125  874
4 2558 2844 1629 2173
4  295  296 1120  553
4  436 1481 1977 1681
4  800 2628  797 2002
4 2625 1242  575 1241
4  526 1886 1887  527
4 1249 1282 2925  800
4  521 2783 2651 2782
4  319 1181   23  317
4 2254 2118 2894 2119
4  788  824  371  825
4  871 2123  672  869
4   69   68  105   71
4 3256 2713 3211  203
4  705  704  952 1844
4 2532  414 1069  415
4 2401  304  305  637
4 1878 1025 1713 2893
4 1986 3215 2443 1740
4  219 2143  833  217
4  767  193 2285  115
4 3233 2194 2461 1670
4 1556 1043 1624 1898
4 2301   85  179  178
4 2851 2921  965  256
4  803  802 3130  897
4 2017 1275 1838 1794
4 1975 1899 2448 2648
4 1571 2611  599 2716
4 3141  561 2731  562
4 1877 2716 2611 1571
4 2179 3099 3048  181
4  812 2568  458 2445
4  532  778  535 1255
4  800 2565   59 1249
4 1575 2958 2745 2931
4 1415  651  653  704
4 2693 2545 2144 2145
4 2027 1465 2819 3076
4  634  635 1487 1341
4 1823  832 1119 1122
4 1531 2683 1530 1532
4  152 1123  149  552
4  316  317  318  910
4 2575 2475  562 1422
4 1411  635 1615 1533
4 2486 1685  225 2132
4 1000 1398 2072 1993
4 2467 1362 2415 3257
4 1285 2429 1283 2431
4  135 1309 1487  136
4  314 2279 2821  259
4  335 2177 3152  333
4 1850  569 2421 2518
4  853 2240 1690  855
4  415  497 1069  286
4 1860  880   89 2756
4  296 2229 2272 2228
4  655  657 1045  459
4  878  106 2421 1850
4 1079 1491 1140 1488
4 1692 1245 1244 2703
4  323 2141 3003 2940
4  964 2397 2146  258
4 2269 2530 1451 2529
4 1175 3230 2190 1174
4  110  109 1940 3151
4 1934 2972 1932 1933
4  555 2910  798 2222
4 2445  458  812  679
4  272 2272 1442 2229
4 3258 2275 1787 2276
4  181 3082 2179  183
4 2662 2664 1378 1377
4 1317 1435 1316 1318
4 1127 1558  391 1126
4  908 3102 2805 2706
4 2307 2824 3259 2098
4 2501  511 2737  510
4 1286 1239 1125 1123
4 2982 3046 1698 1699
4  468 2272  970 2979
4 2262 1570 2715 3205
4 2101 3260 2815 2946
4 2689 2579 2580 2782
4 2558 3261 2205  223
4 2442  765 1696 2385
4  457   33  703  489
4 1258 1351 1352 1349
4  966  965 3030 2921
4 2565  797  799  800
4 3262 2919 3133  167
4  375  609  978  374
4  310 1411 1458 1024
4 1450 2010 2012 1447
4  122  316  535 1721
4  472  643 2893 1878
4 1767  883  882 1770
4 2090 1724   18 2224
4  386  118  923  120
4 2206 2904 2707 1370
4 2861 1513 1660 1514
4  824 2365  788  623
4 1060 2303 2326  772
4 1792 2697 1170 1794
4 1881 1882 1056 3039
4 1001  294 1451  999
4 2517 3146 1360 3086
4  800   59 2925 1249
4 1643 2871 1646 2873
4 2033  485  650  612
4 2856  897  802  803
4 2810  569  288 1400
4  604  334  332 1510
4 1336 2566 2110 2111
4  348 1967  345  292
4  803 3155  380  897
4  299  529  298  530
4  248  635  634 2199
4 1506 3104 2717 1945
4  301 1932 1057 2920
4 2512 3075 2622 2513
4  321 2074  319 2448
4  964 2146  966  258
4  452  139 1476  454
4  957  903  172  904
4 2818 1769  239 2181
4  801  802 3130  803
4 2539 2325   42 1426
4  256 2146  965 2851
4 3092 1731 2087 1647
4  994 2819  900 1046
4 2864  238  239  864
4  774  772  847  532
4  780  462  781  359
4  804 1374  803 3130
4 1788 2571 3119 1264
4 1636 2659 1094 2639
4  361 2203 2098 1762
4 1377 1378 1379 3026
4 1024  312  251 1057
4   66  252 2771  254
4 1224  861  862  860
4 3000 2900 1242  575
4 1985 1475  788 3033
4  699  698  256  433
4  297 2684 1711  500
4 1784 2942 2436 1785
4 2488 1866  571  287
4 1997 2031 1706 1994
4 2457 2613 2455  158
4   34  113  438 1659
4  696  698  256  699
4 1231 2152 1368  877
4 1786 2275  952 1787
4 3039 3122  337  339
4  982 2874  984  419
4 1687 2613 2457 3196
4 1476 1896  470 1453
4 1739  426 1890  423
4 1514 1513 1660 1512
4 1843 1569 1570 3123
4 1828  497 1735 1540
4  773 2877 1842 2099
4 2357 2289 1318  916
4 2672 1037 1384 1072
4 1211 1212  532 2552
4 2214 2216  740 2652
4 2957 3263 3167 3158
4   39 1476  138  712
4  329 2184  890  686
4 1887 1885 3199  527
4 2640 2659 2660 1636
4 1919 2962 1914 3036
4  852 1586 1702  854
4 1200 2405 1407 2678
4 2976  710  709  420
4 1558 1976 1615 1127
4  512  510 3156 2198
4 1316 2289 1318  606
4 3245 1368  875 2483
4 1029 2721 1132  427
4  345 2675 1967 1968
4 2915 2914  113  393
4 2789 2174 2176  110
4   71  105 3016 2034
4 1179  243 1281 1823
4 2825 2635 1319  914
4 1596 2812 3000  573
4 1154 1153  890 1156
4 1879  163  164  161
4 2864 3253 1769  238
4 3012 2042 2864 3264
4 1746 2569  787 1304
4 1591  885  998 1109
4  256 2669  258 2146
4  203 2714 2712 3105
4  821 2596  307  822
4 1172 3265 3172 3101
4 2469 2746 2539 1066
4 1156 1686 1014 1155
4 2691  371 2893 1475
4 2457 2613 1289 2456
4 2850 2580 2505 2689
4 2408 2407  243 1179
4 2719  240 1147  243
4 1336 1481 2318  433
4 2523 1588 2041 2039
4 1180 2817 2601 2960
4  585  551 2773  190
4 1235 3027  341 3266
4  276  204 1088 2648
4 2726  654 1758 1844
4 2310 1490 1488 2808
4 1359 2151 3146 1360
4  608 2083  143  259
4  316  907 2035  910
4  500 2684 1711 1755
4 2491   15 1507  469
4  533 1692 1077 1143
4 1560 1668  321  728
4 3076 1934 1932 1466
4 2534   29   28   31
4  652  957 1343  928
4 2148 3126 2026 2025
4  556 2603 1646 1645
4 3267 2356 1168  103
4 1836 1277 3092 2730
4   47 2777   45   46
4 1565 1478 1040 1308
4 1975  275 2238 2648
4 2616 2621 1650 3055
4 2385  765 1498 1364
4 1265 1884 1758 2657
4 2292 2852 2293 2653
4 2329 2330 1978 2595
4 1838 1062 1794 1061
4  652 1272  309  929
4 2460 1549 1294 1683
4 1466 2100 1131 1464
4   78   77 3034  162
4 1900 1899 2448 1975
4 2653 2293  613  278
4 1571 1570 1843 1569
4 2916 2442  192 1696
4   15 1202 1267 1436
4  685 2023 2645  684
4 1668 1790  475  728
4 2788 3268 3038 2679
4 1917 2196 1240  552
4 2007 2747 2746 2539
4 2079 2078 3106  477
4  455  949  950 1601
4 1943 3118 3064  743
4 3269 2056 1217 2057
4   57 2374 2370 2926
4 1897 2256 1900 1523
4 2616 2270 2622  807
4  570  104 1850 1849
4 2678 1407 2403 2404
4  782 1184  179  673
4 2934 1314 2221 1232
4 1346 2601 1180 2600
4 1619 1545 2290 2551
4  835  145  383 1734
4  616  267  269 1832
4 2464  551 1474 3270
4  958  188  190 2006
4 2382 2550 1647 2381
4 1930 1653 1811 1291
4 1466 1934 1933 1935
4 1014 1013 1221 3134
4  730 2416 2415 2418
4  183  197  198  180
4 2592 2883  313 2725
4 2385 1364 1365 2937
4   71 2849 3016   69
4 1394 1086  205 1088
4 1717 3108  111  128
4 1300  371 1491 1982
4  583 1166 1927  525
4  830 1584  828 3178
4 1284 1285 1781  813
4 2985 1197 2291 1931
4 2928 2927 1605  632
4  892 2168 1002  346
4  579 2850  576  577
4 1777 2898 2155  572
4 1661 2155 2156 2898
4 1776  480  483  850
4 1668 1852 1395 2682
4  611  485 3016 2831
4 3031 2673 2806 2538
4 1864 2033 1633  650
4 1375 2083  127  608
4 1911   48   50  793
4 2664  931  932 1404
4 1482 3199 1887 1885
4 2090  794 2073 1726
4 1050 2112  819 1052
4 1696   80  195   81
4 2120 2090 1725  879
4 2262 2085 2261 2084
4  122  121  123  318
4 2306 1613 2055  920
4 2308 2647 2110 1481
4 3222 3017 2276  592
4 2511 1577  985 1578
4  257  696  715 2201
4 2194 3271 1945 1670
4  571 3086  666  396
4 2527  220  223  894
4  950  948 2933  949
4 1010  415  984 1327
4  148 1538 1539 1540
4 1205 1204 1369 3231
4    3 2189    2 1367
4  593 1341  659 2199
4 1363 1530  499 1532
4  401 1981 2302 2197
4 1275 1169  816 1648
4 2788 1966  488 2679
4 3273 2646 3272  859
4 2788 1966 3022 3023
4 2383 2442 1695 2385
4 1540  147 1735 1828
4   43 1001   42 1071
4 2474 1097 2475 1221
4  877  876 1232 1231
4 1997 1716  738  697
4  818  610  820  612
4 3042 1768 2440 1770
4 3236  961  365 1990
4   34   33  394 1981
4  892 1002  834  506
4 1562 3049 3050 1845
4  600 1876  862 1877
4  249 1222  250  251
4 2757 1512 1822 1891
4 1975 1681  204 1976
4   19  636 3159 2394
4 1289 1288 2457  851
4 1025 2088 2491  747
4 2527 1852  473  475
4 2762 1624 2843 1556
4  507 1846 2057 1848
4 2157  987 2102  431
4  418  417 1374 1373
4 1375 2083 1138  126
4 1822 1511 1514 1512
4 2681 1015 1017 2348
4 1073  462  359  464
4 1232  876  716 1231
4  136  530  531  529
4 1071 1363 1037 1072
4 1221 1011 2476 2474
4 1442 2586 2799 2585
4 1199 3193  874 2913
4 1727 1724 2090 2120
4  766 2742   80  195
4 3009 3151  759  760
4  120  117  118 1557
4 1323 1026 1324 1325
4 1549 3247 2460 1765
4 1926 1898 1043 1975
4  705 3017  952  706
4 1878  643  714  472
4 3195 2170  956 1455
4 3209 1701 1010 2068
4  696 2201 2761 2573
4 2864 2040 3253 3264
4 3179  557  555 2955
4  358 1073  462  359
4  884 2108 1954 2353
4  553 2231 1120  552
4  907 2706 2708 1463
4 2288 1701 2797 2068
4 1126  418  391 1127
4 1427 1649 2827 3158
4  470 1476  471  472
4 1093 1096 1135  721
4  203 1945  683  680
4 1723 1721 1722  390
4  760 1065   73 2740
4  144 3274  939 2376
4 2498 1891  671 1147
4 2692 2691 3033  788
4 1623 3275  224 1689
4 1314 1703    9 3072
4 2968 3080 1829 1828
4 1147  670  671 2498
4  203 2246  202  200
4 1817 2564 1816  933
4  816 1226 1110  814
4 1132  349  351 2721
4  300  298  530  299
4 1447 2010 3041 1450
4 2155 1892 1964  572
4 1094 1093 1095 2720
4 2033  697 1716 2918
4 1122  370 1121 1823
4 1670 1889 2193 1944
4 2206 2707 2708 1370
4 1411  635  531 1024
4 1011 3202 1097 1221
4 2320  485 1055  175
4 1480 1482 1052 1483
4 3144 1030  495 2363
4 1621 2658 2485 1622
4 2104 1373  418  391
4 3185 2621 3075 2622
4  472  470  714  469
4  455 1808  498  289
4 1221 3134 1218 1219
4 1249 1807 2604  556
4 2633 2542  587 2301
4 1869 1743 1744 1868
4 1752 1354  741 1353
4 3081 1208 1207 2454
4 1183  938 1042  144
4  538  537 3276 1280
4 1878 1026 2893  472
4  289 1866 2867 1865
4 1162 1803 2212  590
4 3103 1509 3277 1510
4  994 1946  975 1046
4 1124 2229  149  552
4 1035 1533 1460 1861
4 1831  731  268 1832
4  611 1663 2321 2831
4 1670 3271 1945 3233
4 2479 1871 1654  165
4 2262 3053 1570 3204
4  392 1045  394   33
4  531  530  300  298
4 2813 2063 2062 2814
4 1293 3278 1752 2582
4  653 1415 1414  652
4 1563 2688 1228 3050
4  609 2725  167  417
4 1582 1794 1173 2017
4  655 1583  457   33
4 3017 1162  591 1163
4  987  900  986  251
4  113 3237  111 2915
4   63 2668   61 2993
4  434  485 2055 2295
4 2788 1800   84 3268
4 2348 3279 1811 1809
4  392 1230  438 1431
4 3033 2691  471 1475
4  963 2853 2755 2319
4 3263 2813 3167 3158
4   72   74 1494   75
4  379 3155  380  382
4 1230  438   33  392
4  281  458  280 2324
4 3160 1458  139  137
4 1572 2847 1573 1843
4 2522 2521 2012  171
4  731  269 1397 2581
4 1541  276  275  204
4  859 2646 3272  857
4  240 1119 1120 2498
4  218  613 1319 2653
4 2022 1228 1563  165
4 1991  682   30 1890
4 1182  842  143 1042
4 1186 3023 3024 2540
4 2213 2245  683 2618
4  757 1266 2106 1918
4 1780 1778  573 2812
4  224 1684 1685  225
4 3002 1533 1342  517
4   75   73 1038  764
4 3210 3280 1217 1144
4 1723 1620 1255  778
4 1977 1681  275 1975
4  717 2989 1354  718
4  701 1583   33  703
4 2104 2256 1875 1900
4 1030 3144  378  496
4 3180 2133  308  225
4  346 2168  344  892
4 3086 2667 2150 3146
4  391 1373 1875 2104
4 1630  728  223 1629
4  101 1108 1680 1107
4  642 2076  479 2079
4 2479 1654 1291 1126
4 2804 2751  450 3039
4 2539   74 2369 1066
4 2021 1256 2022 1845
4 2582 1751 1752 1166
4  399  287 1068  286
4 2788   87 1186 3022
4 1373  382  521 2197
4 1568 3205 1876 2715
4 2061  492 1003  745
4 1878 1961 1962  161
4  427  228  352 1029
4 3133 2489  374  167
4  973 1485 2726 1486
4 3245 3170 1470 2483
4 2678 1819 1201 1200
4  928 1872 1675 2674
4  475  474  473 2527
4  843 1250  841 2366
4 3167 2062 3224 3177
4  315 1652 2725 2883
4 1519 2152 1368    3
4  316 1180  440   27
4  709   52  711 3281
4 1060 2326  212  772
4 1143 1142 1141 1440
4 1997  696  738 1995
4 1226 2087 2165  816
4  230 1745 3069 2361
4 1689  226 1690 2615
4 1737 2298 2297  640
4 2942 1157 1158  563
4 1744 2361 1745 2447
4  411 1457  140  137
4 3195 3166 1499 2073
4 1979 2775 1978 2329
4  989  991 2163 2970
4 2006 2003 2504  302
4 2417  848  480  850
4  136  635  531 1411
4 2534  360   28  362
4 1154 2482 1156 1380
4 1786  952  905  903
4 3085 1004 1669   30
4  798  799 2001 2002
4  682 1506  683 1005
4  537 1178 1281 1179
4 3081 1208  336 2160
4 2362 2361  231 2637
4 2590  720 1094 1619
4 1421 2997 3223 1422
4 1549  564 3247  566
4 2970  831 2161 2163
4 1824 2327 3282 1281
4 2061  745 1279 2736
4 2132 1414 1699   44
4 2149 3035 2296 1640
4  167 2489  168  166
4  887  868  257 2934
4  121 1370  123  318
4  392  394  393  438
4  251  987  312  249
4 1900 1976 1127 1034
4 2424 2425 1730 2730
4 1441 2586 2842 1442
4  820  818 2991 1338
4 2227  331  625  627
4  459  400  458 2567
4   51  769 2589  771
4  256  966  258  433
4 2391  782  783  968
4  671 1891  572 1661
4 2531 2966 1226 2264
4  897  380  803  829
4 1123 1239 1125 1714
4 1326 2208  710  984
4 2090 1726 2073 3166
4 2168 1002  834  892
4 1240 2404 2458 2386
4 1783  865  868 1782
4 2641 2116  753  752
4 2359 2368 3027 2402
4  468 2979  970  466
4  459 2567 1044 1585
4   26 2035  440   27
4 1648 1836 1428 1647
4 1556 2762 1888 1992
4 2262  692 1187  861
4  574 1891  671 2498
4 2294  456    0 2518
4    1    2   55 3198
4  112 1373 1875 2302
4 2906 2602 2507 1193
4  982 2874  983  984
4  802 1138  803  804
4 1634  364  408  409
4 1482 2308 3199 1050
4 2689 2688 1563 2579
4  343 1528 2497  342
4  516  514  534 2891
4 1868 1743 1867 1869
4  962  858 1492 1049
4 1831  731 2079  268
4  334 3277 2178 1510
4  860  814 1225 1224
4 1315 2578    8 2366
4 1960 2424 1730 1959
4  995 1960 1732 1949
4 3043  656  279  458
4 1610 1777 2155  572
4 2208 1702 2453 2068
4 2014 1232 2802 1472
4 1014 2481 2482 1410
4 3249 3127 1361  859
4  975 1946 1048 1046
4 2808 2310 3283 2815
4 2337 2273 1061 1171
4 1144  901  507 1142
4 1215 3280 1692 1144
4 1147 2757 1146 1824
4 1614 1749  174 2330
4  562 2759 2758 2281
4 1299 1297 1298 1748
4 1066   74 1040 2539
4 1525 2124 1091 2432
4   95   92 2501 2038
4 1103 3284 3241 3110
4 1544 2291 1324 1322
4 1486 1485 1484 1627
4 1892 1661 1891  671
4  999  991  989 1001
4  347  488  345 1967
4    3 1367 1368 1519
4  979 1329 2802 2015
4 2415  480  850 2417
4 1620  578  778  389
4 2457  342  159  851
4  198 3285  197  196
4  776 1833  775  112
4 2313 2312 2438 1515
4 1115 1482 1052 1480
4  572 1892 1964 1963
4  287 3086  571  396
4 2025   17 2026 2148
4  313 2883  395  314
4 1510 3277 2178 3048
4 1010 1700 1702 1701
4 1962  627  152  747
4  723 1324 1544  722
4 1606 1059  845  772
4 1241  573 1242  575
4  999  832 1451 2163
4  960  962  859 1516
4 2399 1031 2401 2315
4 2815 2310 1936 2808
4  572 1964  670  669
4 3177 2062 2736 3167
4 2098 2307 2824  630
4  378 2952 2778  141
4  984    1  415 2070
4 2068 2066 2067 2288
4 1257 2020 2021 1256
4 1918 1920 1896 2142
4 3167 3224 2736 3177
4  161 3286 1962 1901
4  298  300  531  301
4  356  780  357  359
4  559  713  525  560
4 1832  268  269  731
4 1452  722  471 3033
4 2701 2895 3287 2753
4   80  210 1694  922
4 2400 1030 3189  378
4 1789  426 1264 1739
4   88 3288  986   91
4   51 1356  450  448
4 2176  110 2175  761
4 2682  547 2980 1922
4 2464 2032 2126   34
4  673  674  782  935
4  522  779 2505  389
4  375 3281  373 2833
4  552 1123 1125 1917
4 1223  247  251  879
4 3098 1433 1434 2803
4 3289 3189 3188  886
4  761 2176  110  759
4 2236 1289 2457 1687
4  252 2940 1913  325
4  247  245  899  408
4 3273 1893  859 1859
4 1133 1746 2570  787
4 3083  592 1103 1990
4 1917  229 1713 1712
4 1442 2586  270 1775
4  247  408  899 3183
4 2570  620 2569 1867
4   32 1834 1835 2128
4  580 1167 3147 1166
4 1815 1581 1582 3011
4 1732 3138 1731 2935
4 1500   18  405   23
4 1816  432  933 1104
4 2262 2944 1187 2086
4 2833 3281   52  375
4 2359  292 1967  348
4 1427  972 2827 1188
4 1326 2208 2209  710
4 2855 2083 1138  261
4  343 2497  344  342
4  320 1576 1577  925
4  930  311  312  310
4  305  303 1833  958
4 2310 1936 2157 1488
4 1003  744  743  745
4 3202 3100 1097 1221
4  764 1498 1038   75
4 3290 2477  746  627
4 1466 3076 1934 1935
4 1897 1906 1091 1092
4 3249 3272 3127  859
4 1869 1744 1779 1868
4 2768  823  239 2323
4 3095   32   33   34
4 3291 2469 2949 2369
4 3047 3292 1983 2200
4 3263 2813 2062 3167
4 1617 3078 1618 2291
4 2058 1876 3217  863
4 1344 2599 2147 1346
4 1710  970  500 1711
4  745 3064  743 1003
4 2458 1240 1242 1243
4 1748 1403 1404 1299
4  812  811 2429 2446
4  286  455  456    0
4  790  791  792  754
4  368 1910 1104 1105
4  324   66 1055 2320
4 2615  336  854 1689
4 1221 2476 2481 1219
4  899  247  986  251
4 3263 2062 3224 3167
4  977 1248 1006 2051
4   57 2373 1643 2254
4  908  985 1469 1467
4  387 2487  119  117
4 1294  581  583 1765
4  206 2980 1194 1922
4 1881 1974 3182  450
4 1648 1061  131 1838
4  495  378  144  496
4 2232 3244  661 2336
4 1732  996 1731 3174
4  476 1853 1790  473
4  699  255  257  715
4 1781  845 1842 2099
4 1306 3184  209  211
4 1255 2600 1180 2816
4 1109 1954  464 2354
4 1237 3082  197 2634
4  747  746 1598 2477
4  166 1674 1872 1450
4  549 1833  551 1007
4  136  133  530  135
4 2107 2885 1886 2106
4 2498  670  671  574
4  707  426 1264 1788
4 2408  243 1281 1179
4 1422 3142 2575 2574
4 2415 3293  385 2417
4 3127  856 2026  859
4 2025 3127 2026 1535
4 1299 1348 1298  119
4 1636  351 1094 2659
4 1134  720 1324 1322
4  487 1055  175 3021
4  878 1360  877 2152
4 2301 3024   87   85
4 2615 2614  854  235
4 1380  688 2184 2185
4 2385 1695 1366 1694
4  696 2573 1995 1996
4 2579 2580 1563 2689
4 3034  916 1902  163
4  705 1103 3015 2249
4 1455 1499 2073 3195
4 2391  968  783 3132
4 1472 1232 2802 1368
4  470 1205  755 1267
4 1299 2781  118 1557
4 2369 1039 2072 1993
4 2957 3263 3224 3167
4 1739  423 1890 3203
4 2682 1395 1668 1922
4 2607  685 1890 2204
4 2438 1730 2313 2730
4  250 1615 2199 2140
4 1949  998 1732  995
4 3203 1944  423 1890
4 1917  231 2362 2196
4 1765 2460 1549 1294
4 1373  388  521 2689
4 2608 2793 1604 2607
4  973 1485 2657 2726
4 1079    6 1488 2311
4 1690  336 1621 1689
4  438   33  394   34
4  760 2766   72 1064
4 1918   36  138   39
4 3281 1385  709  375
4 2032 1981  394  112
4  128 3108 2914 1717
4  912 2143 1285  218
4  115   72  116 1494
4 1363  499 1771 1532
4 1079 2311 3135 1081
4 2385 1382 2792 2383
4 1130 2560  899 1131
4 2140 1222 1291 1930
4  416 1009  415  413
4 2792 1695 1366 2385
4  250   38 2074  249
4 1499 2073   23 1455
4 1725  794 2090 1726
4 1894 1554 1896 2142
4  593  592  594 1844
4 1007 2420  551  549
4 1258 1256 1448  166
4 1553  140  139  138
4  868 3189 3144 1030
4 2438 2424 1730 2730
4  604  334  330  332
4 1221 1097 2758 3100
4 1046 2819  975  994
4 2598 3061 3051  628
4 1387 1414  653   45
4  975 2819 2840 1627
4  411 1554 2142  138
4  732 2581 1665  642
4 2098 3259 2133 2824
4 1335 1871 1332 1333
4  235 1587  854 1702
4 2200 3292 1983  125
4 2802 1386    0 1231
4   36  139  137  138
4  653  704  654  903
4 2995 2243 2242 2652
4 1918 1887 1480   37
4 1540 3084  148  147
4 2483 3170  875 3245
4  174 2055 1614 1861
4 1162 2211  681 2212
4 2836 2837  308 1762
4 2779  617  616  269
4   34 2464 2032  113
4 3249 3273 3272  859
4 1193 1019 2508 2906
4  325  323  324 2940
4 1057  312  301 1024
4 1296  480  385 2415
4 1959 2438 2424 1730
4  975 1627 2840  974
4 1672 2752 3041 1450
4 1483 1336  435 1480
4 1442 1124  270 2229
4  865 1783 2220   10
4 3113 1508 1509 1507
4  860  240 1225  814
4 1508 3048 3277 1510
4  522   60  779 1818
4   14 1369 1323  469
4 1977 2319 2297 1681
4  262 2083  259  446
4  560  713 2357  559
4 2300 2036 1539 2038
4 1900 2105 1127 2104
4 2405 2386 2404 2678
4 1026 2691 1324 1134
4  154 2503  888 2504
4 1487 2726 1884 1485
4 1333 1615 1332 1334
4 1366 2792 1365 1363
4 1229 2592 1227 2593
4  620 2570  623 1870
4 2567 2445  400  458
4 1186 3024 2542 2540
4 3196 1221 2457 1687
4 2730 1277 2313 2516
4 2028 2917 2892 2818
4 3273 1893 2646  859
4 1541 2215  276  742
4  128  111  127 3108
4 1519 1367 1517    3
4 2377 1473 3237  750
4 1415  651  306  309
4   23 1500 2073 1499
4  871  674 2591  870
4 1333 1533 1342 3002
4  600  602  860 2059
4 1823 1147 1822 1891
4 1243 2715 2262  861
4  860  861  814 1224
4 2833 1328 2990  978
4 3178  828  830  829
4  958  549 1833  190
4  608  143 2952  142
4  841 2576 1594 1551
4  863  862  860  600
4  816 1680 1428 1648
4  876 1706 1997 1497
4  156 1992  155 2549
4  592  952  903 1844
4  154 2762 3294 2763
4  594 2521 1335 1343
4  960 2646  962 3220
4 2277  277 2238 1926
4  150 1961  151  152
4  433  966 2318 1336
4  552  150 2229  149
4  679  215  813  214
4   82 2233   81 1696
4 1448 1256 1871  166
4 2141 2332  323 2142
4 3190  870 2265  871
4  761 2176 1340 2947
4 2324  218 2143  892
4 1441 1775 2586 1442
4 3046 2241 1699 1972
4  835  145 1734 1736
4 2254 2894 1644 1643
4 1815 1836 1731 1813
4 1366 1694 1695 2218
4 2354  885 2041 1109
4 2510 1187 2262 2050
4 1935 1464 2102 1466
4 1687 2882 1013 3208
4 2228 1710 2272  296
4 1905 1089 1091 1092
4  461  149 2787 2229
4 1824 3295 2327 1822
4  188  190 2006  191
4 3243 1124  625 1286
4 2478  269  947 2779
4 2087 2165 1647 2382
4 2051 3216 2623  781
4 2915 3237  111  128
4 2284 1082 2175  767
4 1818  389  779  522
4  483  849  848 1493
4   34 3095   32 2463
4  750 2377  749 1717
4 2142 1920 1896 1916
4  579 2580 2887 2850
4  218  216  563  217
4 1036  918 1233  434
4  540  118 1404 1299
4 3205 1570 2715  862
4 2730 2137 3092 1836
4  476 3029  473 1477
4 2730 2313 3092 1730
4 1877 2611 1574 1571
4 2979 2799 2272  461
4  658 2699 1439 1639
4 1929 2792 1771  619
4 1226 2550 2531  816
4 2489 3133 2998 2919
4 1363 2792 1365 1771
4  539 1377 2164 1280
4 1422 3223 2575 1219
4 2067  927 2453 2208
4 3025 2903 1649 2514
4 2664  536 1377 2164
4 1866  287  289  288
4  522   63 2505  779
4 2418 3006 2417 2415
4 2652 2216  740 2995
4 1509   15 1507 1510
4 1284 3117 1285  813
4 2840 1048  975  976
4 2070 1937 1688 2069
4  222 2205  223 1827
4 2531 2264 1225 1928
4 2653 2292 2852 1527
4  928 1342 1343  652
4   16 1018 1812 1722
4 1501 2265 1090 2449
4 1458  299 3160 1923
4 2916 2233 2442 1696
4  324 2940 3003 2771
4 2787 2799 2842 1772
4  755 2999 1919 2984
4 2208  927 2453 1679
4 2388 2159 1599 1808
4  960 1893 2646 3220
4 1430 3095   33   34
4 1956 3284 3241  365
4 2965 1733 1069 1736
4 1106 2807 1104    7
4    7 1104 2808 2807
4 1532  499 1771 1999
4  516 1075 1077 2597
4 1786  952  903 1787
4 2696 3265 1174 3101
4   27 1077 1209  533
4 2957 3224 2082 3167
4  907 1463 2708 2207
4 2464 1474  775  113
4   15 1507 1510 2491
4 2382  998 2087  943
4 1897 1899  597 1900
4  563 2574 1421 2690
4 2689 1374 3115 1373
4  269 1397 2581 1929
4  712  207 1353   39
4  331  332  333 2088
4  575 1610 1777 2812
4  450  447  265  449
4  960  367 1252 1251
4 1111  977 2313 1006
4 1446 3156 1444 1445
4 2546   11  868 2934
4 2972 3135  809 1488
4 1266 2106  526  757
4  593  594  659 1343
4  599 2611 1574 2610
4 1254 1152  778 1620
4 1930  659 2199 1223
4 2808 3283    4 2807
4 2229 2230  270 2616
4  534 1180  535   27
4  650 3016  611  485
4 2650  619  499 1771
4 2324  458  812  281
4 3245 1470 1368 2483
4 2072  483 1494  115
4  461 2272 1442 2799
4  972  463  781  297
4 1309  635 1487  136
4 2525 1950 1062  130
4  910 2035  440  441
4  673  121 1020  935
4 2027 2819  992 3076
4 1238 1237  873  199
4 1687 3234 1013 3148
4  795 1854 2116 1860
4  241 2407 2263  242
4 2310 3283    4 2808
4 2555 2750 2409 2410
4  144  939  749 2376
4 3194  872 3193  874
4  147  146 3084  148
4 2370 3140 3296 2926
4 2570 3168 2569  620
4 1426 2785   42 1425
4 2810 2867 2387  456
4  173 1480  435  436
4 1498  764  765  193
4  600 2059  860 2058
4  390 1018 1290   16
4  872  873 3193  874
4 1782 3144  868 1783
4 2943 1557  117  120
4 2634 2179  183 1712
4  920 1798  919 1799
4 1399 2810 2387  456
4  620 3168 2365 2570
4  122 2448  598  319
4 1024  993  251  248
4  242 2339 2263  241
4  172  544  903  594
4  486  105 3016 1260
4 1891 1512 1892 1963
4 2678 1199 1406 1200
4  369 1280  832 2164
4  660 2410 1492 1930
4 1619 2639 1094 2590
4 3297 1611  670 3239
4 1568 3205 2715  862
4 2062 2814 2736 3167
4 2394 2393 3159   19
4 1948 1589 3253 1770
4 1383 1382 1771 1384
4 1323 2179 1330 1507
4  767 2285  894  115
4 2076 2079  268 2077
4 2142 1554 2332 1894
4  600 1876 2716 2058
4  672 2124 1874 1525
4  960 1251 1893 3220
4   53  709 1642   55
4 2678 2405 1819 1200
4 1298 2426  754 2829
4  325 3120 2876 3298
4 2242  210  211  208
4  392 2046 1230 1431
4 2428 2349  116 2467
4 1683 1161 2907 1759
4  745 1276 1003 2061
4 1653 2750 2409 2699
4  999  832 2163 2164
4  321 1668 1630  728
4  600  601 2059 2058
4  424  680  681  682
4 1884 2656 1883 2657
4 1884 1839 1883 2656
4 2208  710  984  419
4  696  736 1995 2573
4  433  258  256  699
4  928 1335 1343 1333
4 1610 2155 1964  572
4 3056 1688 1641 1642
4 1949  995 1590  997
4 2484  518  517  520
4  631  632 2098  362
4 1788 2225 1758  707
4 2288 2066 1701 2068
4 1611 2899  575 2625
4 2598  626  625  628
4 1770 3042 3253 1948
4  670  669 1964 1611
4 2802 1329  980 2014
4 1850 1358  667  668
4 1555  931  432 1104
4 2247 2046 2248  392
4  392 2247 2046 1431
4 1695 2442 2835 2834
4  898  382  803 1373
4 1343  654 1342 1402
4 2027  900  994 2819
4  239 2030 1769 2028
4 2704 1076 1143 1462
4 2112  819 1052 1483
4 1440 2462 1463 2207
4 2324  215  846 1781
4 1741 3299  139  451
4  143 2884 2083 1027
4 1889 2193 1945 1670
4 1284 2099 1693 1781
4 2752  504 1447  501
4  113 2915 1659 2465
4 1679 2733  519 1521
4 2985 1919  755 2999
4  811 2445  812  679
4  820 2033  678 2991
4 2310    4 1490 2808
4 2058  601 2716  600
4 2715 2901 3059 2084
4 2524 1177 2268 1179
4 1174 3230 1708 1175
4 1840  822  651 1272
4 1460 1615 1533 1035
4 3300 3188  868  886
4 2531 1274 2550 2166
4 2141 1554 2332 2142
4  601 2059  602  600
4  861 1241 2944 1243
4  516 2597 1692 2509
4  701  700 1583  703
4 2148 2974 1812 3126
4 1961 1962  151  152
4 2771   66 1055  324
4  172  169  170 3124
4 2768 2538 1040 3031
4  571 2488  398 3301
4  252 1913 1915  325
4  137  176  412  410
4 1455 2073  956 3195
4 1930 1516  856 1492
4 2200  896 3292 2856
4 2689 3115  521 1373
4 1453 1476  454 1192
4 2771 2609 3003  324
4 1548  424 2908  681
4 2069 1517 1937 1938
4  571  287  288 2518
4 2689 2580 2505 2783
4 3066  561  562  216
4 1758 2571 2225 1788
4 3198    1    0 1326
4 1827  893  223  221
4 1422 1221 2457 1220
4 1563  388 1437  165
4 2032  551 2773  585
4 1696   81  195 2916
4 1836 3118 2897 1943
4 2215 1086  276  742
4 1193 2506 2507 2906
4  679  213 2638 2710
4 2653  278 1319 2636
4 2395 3044  722  723
4  742 2215 2217 1541
4 2173 1372  186 3302
4 2586 2799 2842 1442
4  448 1742  449  450
4 1267  713  470  714
4   63   61 2709 2801
4   74 1038 1039 1993
4  250   38  312  248
4 1491  368  371  369
4  406  408  899  409
4  394   33 1045  457
4 2597 1692 1077  516
4 2888 1817  432  933
4  254 2771   66 1055
4 1878 1961  161 2581
4  465  467 1710  468
4  656  279  458  280
4  999  991 1451  989
4 2688 3252 1374 1228
4  469 1025 2491 1879
4  679  214  813  811
4  113  114  393  128
4 2148   19 2147 3159
4 2678 1408 1240 2404
4 1038  764   73 1529
4 2863 2861 3219 2862
4 1166  581 1294 1293
4 2171  727  320 1576
4 1776  480  850 2415
4 2519 1210  773  774
4  562 2731 3142 2574
4 2696 1061 1062 1952
4 3288 2561  986  988
4  433  966  258 1977
4 1406 1408 2115 2678
4 2918 1633 1716 2033
4 2027 1932 1466 3076
4 2833 1328  978 1329
4 1755 2684 1711 1863
4 2388 2867 2387 1599
4 2889 1953 2147 2148
4 2086 3201 2510 2085
4  275  277  274 1117
4  571  396  666 3301
4 2047 3052  692 2050
4  615  291  290 2292
4 1107 1108 2063  490
4 3029  473 1853  476
4 1576 1454  320 2171
4 1900 1875  597 1897
4 2692 1133 2691  787
4 2221  866  715 2158
4  346  488  345  347
4 2952  608  609 2104
4 2634 2179 2088 2177
4 3038 3022   87 2788
4  253 3298 3120  325
4  634  993  633  248
4  325  253 3298  252
4 1507 2186 1330 1635
4 1648  493 1171  103
4 3105  202 3212  203
4 1030 3144  868  378
4 1920 2876 2922 1113
4 2327 1822 1280 1281
4  849  116  483  850
4  375  373  978 2833
4 3149 2901 3059 2715
4  240 1147  670 3239
4 1740 2443 1140 3215
4 2662 2796  432  933
4 1109  885 2041 1591
4 1736 1734 1735  145
4 2948  542 2369 2325
4 1564 2887  579 1561
4  994 1486  975 1946
4 3163 1502 2681 1503
4  512  509  510 2198
4   27 1180  535  316
4 1781 1785 1842 2143
4 1544 1197 1198 1931
4 2213  683  681 2908
4 1736  148 1735  497
4 1823 1119  243 2498
4  482 2781  540  541
4 1115 2922   65   67
4 1115 2106 1920 2107
4  446  842  607  443
4 3268 1800 1802 2788
4 1174 3172 1708 3101
4  175  485 2055  173
4  991  542  989 1001
4 1830  740  742 2995
4  632 2133 2203 2824
4  331 2868  746 2227
4 1885 2106 1482 1115
4 1571 1574  599 2611
4 1770  885 2353  882
4  207 1751  740  479
4  539 3026 1379  538
4 1918 1887 1266 2106
4  859 3127  856 3272
4  992 1484 1486  633
4 2200 2493 3292  125
4 1110 1226 1729  814
4 3251 3097 1987  595
4  539 1379 1280  538
4 1883 1484  135 1487
4 1918 1266  470  757
4 3079 3303 2351 1826
4 2272 2271 2270 1176
4 1981 2032   34   35
4   27 1077  516  513
4 1113 2875 2954 1920
4  817  295 2231 1120
4  273 1718  270 3304
4 1330 2186 3099 3305
4 1120 2944 2231  817
4 1799 1399  919 1400
4 2204 2879 1263 3206
4 2567 3043  458  459
4 1176 2270 2272  272
4  196 3285  694  695
4  540 2781 1403  541
4  316 1181  535 1721
4 2009 2007 2747  864
4  705  704 1844  707
4 1286 1942 3242 1238
4 1516  859  960 1859
4 1363 1364 1037 1365
4  721 1096 1094 1093
4 3095 1834  702   32
4  417 1374 1228  418
4   16   18  405   19
4 2822 2133 2203 1762
4 3078   13 1369   14
4 2027 2920 1932 3076
4 1921 2380 1910 2794
4 1827  223 1362 2931
4 1281 3276 1178  537
4 1532 1530 1771 1363
4 1896 1919 1920 1918
4 1334 1615 2199  248
4 1993 1038 1039 1364
4 1023  247  881  244
4 1878 1962  152  747
4  508  506  783  346
4 1981  394 2302 2197
4 1223  659 1492 1930
4 1281 1823  243 1824
4 1422  562 1221 2475
4  683  681  682 2213
4 2528  949  455 3306
4 3307 2170 2169 2171
4 1800  488  783 1802
4  399  397 1068  396
4 2913 1124  270 1718
4  888 2256 2763 2504
4   43   42 2269   41
4 1034  918 1035 1460
4 2505 2783 2580 2850
4  886 2760  257 3300
4 3085   29 1004   30
4 1021  879  881 1023
4  642  268 2581  161
4  268 2077 2079 1831
4 1818  535  391  124
4 1427 1006 1428 1278
4 2400 1031 1030  378
4 1379 1280 1377  539
4  955  954 3308 1456
4 2160  950 2454 3081
4  210   82  209  208
4 1806 1882 3309 1434
4  446 2884 1041  262
4 1318 1436 1267 2857
4 2921 2340 3030  966
4 2100 2559 3260 2101
4 3049 1257 2021 1845
4 1643 1644 1646 2894
4  540  118 2089 2911
4 1972 2982 3046 2800
4 1851 1277 1428  743
4 2213  681 1162 2211
4  997 1588 1590 1591
4  856 2410 1811 1930
4 3310 3111 1056 1434
4 1171  131  493 1648
4  269 2779  617  946
4   54 2189    2   55
4  238  237 1769  239
4  459 3043  657 2567
4 1890  680 1945 1889
4  947 2779  269  946
4 1897 1898 1906 1092
4 2750 1653 2410 2232
4 3012  239 2864 2181
4 3179 1434 2803 3098
4 2196 2195  370 2893
4 2779  616  267  269
4 1084 1763 2468  793
4  835  837 2737  384
4 2336 2750 2554 2232
4  392  830  827 1058
4 1890 3203 1944 2607
4  952 2274 2275 1786
4 2679 1967  488  347
4 2290 3077 1618 2472
4 1077   24 1075  513
4  325 2922 1920 2876
4  834  969 1002 2494
4  208   82   83  210
4 1901 3286 2223  161
4  855 2241 1699 2422
4 3130 2593 3311  801
4  252  253   66  325
4 1861 1625 1460  918
4  922 1694 1498 1398
4 3281  373  372  375
4 1326 1678 1521 2733
4 2203 2928 2822 2880
4 3179  337  338  339
4 1702  336  235 2160
4 1691 3089 2355 3145
4 1327  950  455 1678
4 1538  415  498  497
4 1741  810  301 1923
4 1806 1880 1882 1434
4 2007 2747 2539 2009
4  834  833  506 2187
4 2993 2668 2992  779
4 2292  614  290  615
4 1219 3223 1221 1422
4 1055 2771 2770  254
4  542 2325 1001 1039
4 1071 1074 1073 3229
4 2673 2538 1037 1072
4 1869 1867 2569 1743
4   30 1506  682 1005
4 1732 2424 1730 2811
4 1929 1397 1667 1000
4  567 2769 1536  564
4  482  541  542 2780
4  111  608  776 1375
4  369 1910 1823 1280
4 1224 1274  602 1843
4 1497 1706  878  876
4 2382 3137 1731  996
4 1928 2166  602 2531
4  647  645  707  644
4 1326    1  710 3198
4 1827 3079 1825  222
4 2362  230  231 2361
4 1079  371 1491  368
4 1565 1478 1566 1038
4 2228 2230 2044 2231
4 1405 2390 3201 2086
4 2609 3003 2320  412
4  742  276  204 1086
4  296  294  500  150
4 1104 1106 1921 2564
4  922  386 2089  924
4 2046  657 1044 1045
4 2189 1641    1   55
4  272  270 2616 2229
4 1605 1603 1604 2608
4  476   83  210 1477
4  368 1910 1514  370
4  973 2571 2225 1758
4 2676  546 2413  548
4 2237  317 1181  319
4  461 2979 2799 1773
4 2479  165 1654 1126
4  122 2237  317 1181
4 2521 2012  928 2522
4 2200 3047 3292  896
4 1141  783 2391  508
4 2147 2889 2599 1344
4  760  110  761   72
4  112 1981  394 2302
4 2278  260 2821  262
4  275  274  276 1541
4  489 1981   33 1185
4 1427  972 2082 2827
4 1072 1074 1530 3164
4  851 2456 1289 1287
4 1919 1920  470  757
4 1670 1669 2717 1004
4 1045 2046  657  655
4 1347 1761 1345 2820
4 2540 1968 2675 1186
4 1046 2819 2840  975
4 1988 1987  595 1990
4 2039 2411 2490   40
4 2434 2798  584 2124
4  785 3032 3033 2692
4  672 2122 2798 2620
4 2614  853 2240 1690
4 3215 1139 1791 1140
4 2496 2497 2786  344
4 1511 1862 1910 1105
4 1103  590  588 1101
4 3239 3297 1145 1146
4 1576 1577 1578  320
4 2147 3159 2599 2889
4 2696 1174 1794 1709
4  821  307  306  309
4 1891 1514 1822 1823
4 2689 3311 2579 2782
4 3247 2460 2459 1549
4 2360  573 2362 2447
4 3166 1500 2073   18
4 3159 2599  404 2147
4  928 2521 1335 2674
4 1238 3152 1239  333
4 1134 1094 1325 1132
4 1464 2100 2102 1466
4 2473 1616 1618 1619
4  369  370  371 1666
4 2980  206 1088 1395
4  332  746  331 2868
4 2454  336 1621 2444
4  217 1628  833  354
4 1578 2419  184 1629
4 1920 1919 1916 2180
4 1408 2390 2403 1405
4 2301   87 1186 1184
4 2096  744  131 3312
4 2531 1274  602 1224
4 1309 1401  135 1883
4 2464 3171 2773 2772
4  720 1324 1544  723
4 1480  820   65  435
4 2006  305 2256 1833
4  640  639 1738  964
4  789 2795  792  432
4 1913  323 1916  325
4  417 2725  167 1229
4  835 2737  383  384
4 1440 1461 1463 2462
4 1452 2606 3044 1191
4 2962 1195 1197 1198
4 2266  870 2265  869
4 1020 2591  596  121
4 2498 1241  575  574
4 2854 2967 1674 1349
4  611 1055   65  485
4 2323 2030  823  239
4  703 3095   33  701
4  588 3110 3284 1103
4 2872 2925 1643   57
4 1357  931  432 1555
4 2186 3099 2179 1330
4 1737 1738 2755  640
4 1038 2936  765  763
4  925   22   21  317
4 3270 3248 1474 2464
4  219  833  834  355
4  860 2060 2339 2784
4  231  229  230 1028
4 1689 3275  336 1623
4 2979 2585 2978 2272
4 1845 1563 2022 3050
4 2910 2018 1433 1434
4 2906 2602 1302 1797
4 1640  275 2297 1681
4  161 2971 2223 1901
4 2644 1650 2044 1651
4 1878  161  643 2581
4 2262 3205 2715 2901
4 2369 2949 2539 2469
4 1304 3068 1135 1746
4  384  836 1736  835
4  641 1888 1624  638
4 3198 2733 2335 1326
4 2890  823 2372 2768
4 2004 3238 1524 3005
4 1614 1612 1749 2330
4 3313 1862 2380 1910
4 1603 3235 1602 2608
4 1211  534  516  514
4 2760 2201 2761  257
4 1504 2660  351 1330
4   42 1001 1039 1071
4 1175 3094 1172 1173
4 3206 3314 2879 1263
4 1981  457  846  489
4 1507   14   15   12
4 1512 1892 1660 1514
4 2592 1227 3133 2725
4 1808 1599 1600 2159
4 1294  739  741 1683
4 3315 3209 1700 1010
4 1029 3069 1746 3068
4 1291 1222  250 1558
4 3299  140 3160  139
4 1833  776  748 2778
4 1412 1459  300 2414
4 1320 3062 2210  681
4  757 2954 1920 2107
4 1291 1558  390   16
4  803 1374 3115 3130
4 3141 2731 3142  562
4 3316 2488  568  571
4 2985 2999 1205 3231
4  478  719  479  717
4  173   36   37 1035
4 1739 1263 2204  361
4 2059 2060 2339  860
4 1842 2143 2144  505
4 1451 2268 1119  295
4   77  162   79 1033
4  498  497  415  286
4 3080 2488  398  287
4  652  651 1272 1342
4 3124 1786  906 1787
4  685   28   30 1890
4  817  972  815 1188
4 2445 2638  400  679
4  234 2036 1446  235
4  165  166 1256  167
4 1634  407 3015  409
4  490 2063 1107  844
4 2660  351 1330 1636
4 2992 2850 3207  577
4 1333 1615 1533 2479
4 2985 3077 1197 2961
4 1123  152 1713 1917
4  779 1151  778  777
4  851 1319 2653  218
4 1361 1222 2026 1535
4 1142  901  507  774
4  816  815 1110 2087
4 2276  952 1787  592
4   31  360   28 2534
4  860 1225  602 1224
4 1121 1241 2498  574
4 2624 1656 1658 1198
4  742 1542  741  739
4 1859  247 1252 1516
4 3220  959  962  960
4  502 1638 1448 1449
4  217 3028  216 2732
4  851 2711 2456 1287
4  792  790 1854 2756
4  498 1599  455 1601
4  516 2891  534  513
4 2295  485  486 2034
4 2298 2319 2297  640
4 1113 2876 2875 1920
4 2818 2917 3031 2028
4   35   32   33 1185
4 2045 2749 1387 1389
4 1048 1946  900 1046
4  984  982 3056  981
4 1787 2314  592 1987
4   18 2996 1500  636
4 1788 2571 1264 1758
4   27  513  534 2817
4 1278  977 2313 1247
4 3028  216  219  217
4  185  317  318 1019
4  916  603  917  606
4 2182 1661 1780  574
4 3067 3028  216  219
4 1752 1293 1294 1292
4 3164 2672 1530 1072
4  628  149 1124 2229
4 2684 1530  500 1074
4  922 1776  386  923
4  859  856 2026 1361
4 2818 3031 2323 2028
4  469 1267 2289   15
4 2248  830  827  392
4 1000 1398  924 2072
4  479  731 2079  477
4  912 1283 1284 1390
4 2191 2895 1173 1793
4  707  704 1264  426
4 1741  453 3299  451
4  602 2059 2239 1928
4  470 1453 1896 1919
4 2175 2562 1826 2789
4  733 2953  756  758
4 2126 2125 2773 3171
4  211 2218  210  732
4 1426 1039   42 2539
4 2622 2270 2827 2451
4 2778  378  887  377
4 1535 2120 1023 1361
4  849 2428  116  850
4 3025 1649 2814 3158
4 1561 3050 1563 1845
4 2906 2506 1019 2508
4 2634 3082 2177 1237
4 2079 3106  719  477
4 1790  732  386  207
4   67 1052   65 1115
4 3264 2040 3181 2042
4  150  294  499 1667
4  112  551  775 2032
4 2316  161  268 2076
4  268 1962  161 3286
4 2573 2851 2761  256
4 1290 2409 2410 2555
4 2634 2177 3152 1237
4  892  833  834  219
4 1993 1398 2072 1498
4  387 3317 1559 3307
4  861  863 2715  862
4  628  626 3051 2598
4 1516 1361  856  859
4 2164  991 2163  999
4 2036 1443 2300 2299
4 1143 1692 1077 2597
4  569 1850  105 1849
4  337 3309 3039 3179
4   88 1021   89  881
4 2026 3127 1361 3249
4  137 3160 1458 1457
4 1535 1222 2120 1361
4 1404 1348 2911 1357
4 2404 2458 2403 1408
4  136  135 1309  134
4 1147 1146 1145 1824
4  369 1910 1921 1104
4 1793 1709 1174 1707
4 1436 1202   12   15
4 1681  275  204 1640
4 1928 2339 2263  860
4 1706  716 1232  876
4 1191 1452 1192 3033
4 1183  494  495  144
4  533  532  847  535
4   88  244 1021  881
4  572 2155 1780 2898
4 1117 1118 3035 2297
4 1745 3069 1746  230
4 1356 1355 2632   51
4 2248 1584  830 1045
4 1374 3311 3130 2593
4  276  275  204 2648
4  742  740  741 2214
4  218  159  851  914
4  507  833  506  505
4 1198 2624 1919 2962
4 3230 2138 2190 1903
4 1127  168  418 2104
4 1787 2314  544 3124
4 3300 3188  867  868
4  363 2533 1393 2287
4 3169 2559 2100 1131
4 3060 2811 2135 1732
4 2730 2136 2729 2425
4   28 3318  684 3085
4 2492  125 2083  127
4 1766 1765 3247 1537
4 1960 1730  885 1959
4  571 2517  287 2518
4  526  528 1886  527
4 1599  455 1808  498
4 2718 1082 2283  767
4 1123  331 2088  747
4 1637 1587  512 2037
4 2204 1263 2203  361
4 2305 1626  920 2528
4 2072 2369 1494  542
4   51  265  450 1974
4 1928 2059 2339  860
4  327 2924  328 2370
4 1034 2105 1127 1900
4 1601 1600  950  498
4  927  926 2398  929
4  958  550  189  188
4 1347 1760 1620 1502
4  363  361  704  360
4 2678 2403 1408 2404
4 1666  152 1713 1878
4 2458 2086 1240 1243
4 2215 1086  742 1830
4 2778  886  887  378
4 2199 1341  634  593
4  601 2059 2239  602
4 2934  715  716 1232
4 2136 3118 2897 1836
4 1366 1694 1993 1364
4 1300 1666 1665  369
4  295 1110  297 3229
4  489  345  615  346
4  881 1021   89  880
4  422 2859 1674  421
4 1677 2378   50 2379
4 1502 1760 1015 1347
4  470 1369 1205  469
4 1120 1240 2231 2944
4 1277 1428 1278 1279
4 2148 2392 2974 3126
4  698 2851 2921 2334
4 1655  977 1954  359
4 2050 3052  692  690
4  376 1552 1182  496
4  109 1940 2350  110
4 2197  521  523  382
4 1762 1263 2203 2880
4  817  861  814 2944
4 2269 2687 1970 2495
4 2682 1852 1395 1853
4 2255 1645  556 1643
4 2188  354 3028  355
4  585  586 2773 2032
4  845  847  508  774
4 1969 1729 2268 1970
4 1342 1272 1402  651
4  322 1194 1922  206
4 2172 1372  186 2173
4  709 1642   55 3198
4  158  160 2455  159
4  416 3319 1637 1008
4  123  907 1209  316
4 1024  531  301  993
4 3159  404   19 2147
4 1609 2468 1085 1084
4 1521 1678  455  949
4  167 3133 2489 2919
4 1400  569  288 2294
4 1439 1437 1290 1653
4 1827 2205 2557  222
4 1239  331  333 2088
4 2691 1133 2893 2195
4 2861 1660  622 1514
4 1861 1978  520 1626
4 2209  166 1385 2854
4  686  689 1013  890
4 2061  492  745  844
4  591  588 1103  590
4 1853 1852  473 2682
4  472 2893 2691 1026
4 2444 2398  855 1972
4  574  670  575 2498
4 1885 1482 1052 1115
4 1309  134 1401 1310
4 2213 3191 2909 3062
4 2197  522 2302  401
4  569  105  486 1261
4  582 1766 3199 1887
4 2444 2398 2453  855
4 3068 1132 1746 1029
4  318  907  123  316
4 2768 1307 1040 2539
4 2499 1747 1403  540
4  732  210  211 2242
4 1089 2433 2266 2123
4 2542  586  587 2301
4 1267 1436  733 2857
4 2053  591  647 3014
4 2826  716 2918  876
4 1459 2594 1457 2414
4 2386 2637 2360 2362
4  977 2313 1954 1111
4 2985 3231 1369 3078
4 2959 2956 3302 2173
4 2456 1289 2457  851
4 2634  198 1714 1712
4  717 2079 2076 3106
4  155  888  887 2932
4 1329 2014 2546  377
4 1441 3225 2071 1124
4 2919 2939 2998 2489
4 2534 3085 3318   28
4  419  982 2874  708
4 3270 3248 2420 1474
4  419  708 2874 1214
4 1823 1147 1891 2498
4 1640 2296 2297 3035
4  106 3057 1495   70
4 1412  530  136  133
4  536 1377 2164  539
4 2702 3091 2764 2700
4  163 2289 2357  916
4  528  558  525  560
4  455 1601 1599 2387
4 1091 3187 1089 1905
4 1171 1061 1170 3096
4 1093 1135 1132 1094
4  122 1558 1721  391
4 1544 1547 2290 1545
4 1280 2794 2327 2328
4 2932 2763 1556  155
4  275  274 3035 1117
4 1524 2005 2432 3187
4 1630 3320 3261 2527
4 3305 1635 2660 1636
4  113  394 2032   34
4 1836 2134 2897 2136
4  577 2850 3207 2505
4 3031 3154 1040 2768
4 2325 2950 1425 2949
4 2314 3258 2275 1787
4  562 1221 2457 1422
4 1246 1592 1211 1593
4 1453 1476 1192  471
4 1991  426 1890 1739
4 1766 2308 3199 1482
4  553  150  296  552
4 2447  573 2362 2196
4 1443 1444 1446 2038
4 3171 2466 2464 2126
4 2760 2669  156  257
4 2590 1096 1095  721
4 1105    5    7 3219
4  261  260 2083  262
4 2643 1649 2514 1651
4  784  846  489 1981
4 2086 2390 1408 1405
4  892  613  615 2324
4 3067 2344  355 1235
4 1450 2752 1258 1672
4 2818 2323  239 2028
4   96 1432  263 1056
4 2043 2114 2113 2044
4 1921 2380 3013 1106
4 3097 2554  595 2232
4 1672 1674 1258 1450
4 2064   91  988   90
4 1200 1199 3193  874
4 2371 2724 1065 1307
4 2803  450 3039 2804
4 2674 2012 1675  928
4  760 3151 3008 3009
4 1813 2134 1836 2137
4  707  425  426 1788
4 1729 3176 1225 2264
4 3125 3180  308 2486
4 2864 1769  239  238
4 3285 2964  694  695
4  789 2756  790  792
4 2657 2726 1884 1758
4  420  710  709 2209
4  562 2457  342  159
4 1565 3154 1417 1040
4 1651 2642 2044 2886
4 3190 2265 2591  871
4 2016 2381 1731 1815
4  286  415  498 1327
4 1442 2842 2787 2799
4 2843 2930 1624 2762
4 2995 2216 1305 2652
4 1537  583 1294 1353
4  401  215  846  679
4 1538  148 1736  497
4 2173 2172 3302 2558
4  165 1256 1871 1448
4 1389  928 2522 1387
4 2119 2870 2872 2924
4 3220  959 2646  962
4 2509 1692  516 1246
4 1036  258 1977  433
4  924  999 2089 1000
4 1900 1898 2932 1897
4 1525  584 1150  585
4  484 2832 2831  487
4 1601  950  455  498
4 1195 1658 1196 1198
4  774  773 1246 1210
4 2587 1775  271  270
4 1047  900  899 1131
4   96 3310 3111 1056
4  959 2646  962  859
4  449  793  265   51
4  750  111 1474 3237
4  404  405 2147 1346
4 2318 2341 3030 2853
4 1308 1307 2768 1418
4  755 1267 1205 1203
4 1826 3303 1825 3079
4 3321 2589  793   51
4  176 1614  175 1612
4  937 3132 1939 2391
4 1537 1353 1294 1681
4  123  847 1209 1440
4  933  931 1377 1921
4 1741  452 1740  453
4 1537 3199 1482 1766
4 1090 1899 2591 1897
4  634 2726 1486 1946
4 2513 2827 2622 1650
4 2772 3171 2466 2464
4 1027 3108  125  127
4 3071 2957 3224 2082
4  815  972 1006 1427
4 2014 2802 2015 1472
4 1456 2116  752 3153
4 2617 2183 2185 1380
4 2629 2628  797  800
4  691  101 1680  103
4 3132 1440 1141 2391
4  442   20  405 1181
4 1111  998 3092 1730
4  877 2152    0 1231
4 2599  404 2147 1346
4 2006 3005 2504 3004
4 2008 2372  239 1307
4  785 2091 2395 2692
4 2643 2047  692 1651
4 1308 1065 1307 2705
4  888  378  886 2778
4 1374 2593 3130  801
4  453 3299  810 1741
4  859 3273 1361 3249
4 3276 2327 1280 1281
4 1494 1493  482 2780
4  738  678 1716  676
4 1126  165  388  418
4 2689  579 1563  388
4 2988 2521 2012 1449
4 1670 3104 2717 3233
4  868 1782 2546  496
4 2947  193  764  761
4 1375  608  127  111
4 2232 2554 2410 2750
4 1150  584  587  585
4 1637 3315 1010 1008
4 1431 2247  393  392
4 2532 2965 1070 1069
4  486  485 3016 2034
4 1246 1244 1692 1245
4 2522  171 2012 2749
4 1440 1143 1209 1462
4 2400 2399 1031 2401
4 2938 1626 1521  519
4  935  674  782  177
4 1544 2290 2291 1322
4 2542 2541  586 2127
4  832 2163 2164  539
4 2676 1501 2251 2413
4 1680 2814 1851 1107
4  704 1264 1758  707
4 3124  906  903 1787
4 2177 3152  333 2634
4  721 3001  720 2590
4 2324  613  280  281
4 2873 1282 1646 1643
4  849 2427 1753  116
4  389  388 2505  522
4   26   25 2035   27
4  555 2626  556 2000
4  446 2278 1041  444
4 1356 2632  770   51
4 1732 2811 2343 3060
4 1308 1418 2768 2890
4 1721 1181  535 1180
4 1337  966 1336 2340
4 2744 2743 2745 2958
4 3181 2042 1426 3012
4 1822 1910 1514 1511
4 2525 1950 3011 1062
4 1630 1631 1922  322
4 1896 1916 1920 1919
4  432 2796  429 1817
4  319 1455  320   22
4 2727 2244 1423 2213
4 2457 3100 2758 2759
4 1188 1649 2827 1427
4  606  603 1316  916
4 1235  216  219 3067
4 2383 2835 2792 1695
4 3033 1192  471 1452
4  493  102  100 2094
4 1459 1749 1457 2594
4 1248 2052 2082 1006
4  976 2225 1758  973
4 2653 2636 1319 2711
4  255 1233 2105  887
4 1451 1001 2269   43
4  293  290  702  703
4  469 2289  714 1879
4 2521  957 1335 1343
4 1102 1100 1103 3222
4 2195 1028  230 1133
4 2943  385  120  387
4 1776  893 2415 2467
4  691  101 2258 1680
4  847  772  846 1818
4 1167 3147 1166 1033
4 2276 2274 3045 2969
4  894  115 1776  922
4 2209  166 1674 1872
4 1380  890 1156 1154
4  344 2497  934 2292
4 2623 2828 2451 2452
4 1908  614 2293  280
4  375 1385 2489  372
4  813 1693 3117  214
4 1631 2419  184 2508
4  377 2105  887 2778
4 1039 2538 2539 1071
4  122 1558 2448  319
4 2186 3113 3322 1507
4  943  940 2087 2165
4 3141 3066  561  562
4 2528 1798 2305 1520
4 2385 1365 1366 2792
4 2370 3140  329 2183
4  216 2282 3066 2686
4  640 1738 2319  963
4  663  665  519  951
4 1310 1401 1309 1311
4  995 3174  996 1732
4 2197  382  830 1058
4  755 1203  756  733
4  270 1719 1775 3304
4 2736 3177 3224 2080
4 2629 3070   58  800
4 1141 2670 2462 3132
4  542 2369 1039 2072
4 2382 1731 2087  998
4 3036 2962 2961 2985
4 1139  809 1791 1140
4 1183 1042  494 1182
4  552 1201 2913 2231
4  242 2268 1119 1179
4 2608 3228  685 3227
4 1870  622  623  620
4 2565   59   56  800
4   21  317  440  910
4 1653 2410 2232  660
4 2801 2709   63  523
4 2782 2783 2580 2689
4  137  174  176 1749
4 3090 2896 2895 2701
4 2634  197  183 3082
4  375  979  709   52
4 1446  234 3156 1445
4 1845 3049 3063 1562
4 3291 1753 2470 1494
4  265 1974 1980 2109
4 1057 2100 2102  987
4 2126 2125 2128 2605
4 2191 2753 2895 1793
4 2037 1587  512  235
4 1116 2762  638 1888
4 1973 2076  717 2582
4  829 3178  828  896
4 1245 2144  901  774
4 1741 3299  810 1923
4 2564 1376 1921  933
4 2115 1201 2678 2231
4 1849 1757 1261  569
4   27  534 1180 2817
4 1732 2135 2137 2811
4  503  502 1439 2536
4 1163 3255  590 1101
4 2083  262  260 2855
4 1612  410 2609  176
4  497  498 1538 1539
4  218  216  344  342
4    3 2517 1068 1518
4 1900 1526 1976 1034
4 1875 2302  391  124
4 1788  645 2225  707
4 1815 2526 1837 1813
4 2104  377 2952 2778
4  618 3073  616 1832
4 1793 2895 2701 2753
4  697  716 1997 2918
4 2064 1854  431  987
4  401  400   62  679
4 1001 1451  989  999
4  783  969  506 2670
4  771 1355  769 2588
4 2778  377 2105 2104
4 1366 1364 1993 1363
4  122 2237 1558  319
4 2104 2256 2105 2778
4 3198 1642   55    1
4 1123 1713 1714 1917
4 2042 1269 2041 2039
4 3112 2633 2541  587
4  166 1352 1674 1258
4  265   99  263   96
4 1140 3215 2443  826
4 1039 1364 1037 1363
4   60  777 2303 2668
4 1305  211 2242 2652
4 3218 3150 3297 3239
4 1851  745 1279 1277
4 2917 2806 2437 1072
4  878 1496  106 2286
4 2582 2076  717 1751
4  914  159  851 2455
4  927  926  422 2067
4   65  819  610  818
4 2653  613  615  344
4 1296 2417  480 2415
4 2039 1269 2041 2523
4 2391 1440 1370 2207
4 1428 1277 3092 1836
4   71 2033 1633 2034
4 3279 2555 2409 1290
4 3078 2547   13   14
4 1923 3299 1458 1741
4 1146 3297  669 3239
4 1328 1250  607  843
4 1741  311  301  808
4 2256 2763 3005 2932
4 2646  962  859  960
4 2039 2040 1589 2041
4  248 1411   38 1024
4 1890   28   30 1991
4 1570 3204 3053 3123
4   38  250 1976 1615
4 1190  453  452  454
4 3286  266  268 2478
4 2240 1971 1690 1972
4  760 2766 2767 3008
4 3286 2223  161  268
4  449  264  447  265
4  822  651 1272  309
4   36  176  412  137
4  737 3323 1716  738
4  268 2223  161 2316
4 1637 2737 2501  511
4 1265  651 1884 2656
4 1073 2108 2437 2917
4 3324   98 1083  265
4  408  245  899 1252
4  973 2726 1758  976
4 2832 2831  485 1055
4 1546 3044 2406  723
4 1827 2557 2743  222
4 2735   25 1077  909
4 2053 3015  591 3014
4 1475 2893 2691  472
4 2148 3159 2147 2889
4  701 1430 3095   33
4 2917 3031 2806 2538
4 1816 2101 2946 2977
4  875 2151 2152 3245
4 3245 1519 2150 2152
4  210 2233  209   82
4  925 1454   22  320
4  403 2960   26 1180
4 3012 2747 3181 3264
4  123  316  535  122
4 1712 2179 1025 2088
4 1854   89 1860  880
4  490  100  493 1107
4 2393 3159   19 2148
4 1038 1566 1364 2936
4  389  578  579 1503
4  940 2523 2087 1268
4 1024 1411  635  248
4  764  762 1529  763
4 1169 1168 2848 2356
4 2317 1536 2319  567
4 2208 2209  710  419
4 2104 1373  776 1375
4 2229 2787 1442  628
4  446 3058 1041 1042
4 1612 2609 3136  175
4 1129 2098   44  363
4  203 2712 3212 3105
4  286  455  498  289
4 1277 3118 3064 3065
4 1415  361 1263  704
4  251  250 2199 1222
4 2921 2340 2341 3030
4  166 1256 1352 1258
4 2334 2333 2340 1337
4  532  773 1211  774
4 3167 2814 2736 1427
4  691  690 3267  103
4 2748 2627 2603  556
4  156  258  256 2669
4 2443  371  788 1475
4  863 1876 3217 3149
4 2546 1315 1782   11
4 1776  480  923  483
4 3149  863 2715 3239
4 1950  132 1951  130
4 3227 3226 3235 2608
4   60 2303 2326   61
4 1840 1839 1401 1311
4 3195  955 3166 2073
4 2257 2813 3025 2814
4 1313 2367 2013 2014
4 2053 1048 1236 2655
4 3114 2248  830  827
4 1413  133  136  134
4 1683 1542  741 1160
4  249 2641 2074  796
4 2985 2999 3161 2984
4 3161 2984 2999 3231
4 1411 1459  300 1412
4 2254 2255 2373 1643
4  409  245 1252  364
4  103 3267 2356  690
4 1287 2711 2636 2653
4 1307 2008 2372 2371
4 2302 1373 1058  112
4 1029 1132 1133 1028
4 2748 3186  554  556
4 1257 1256 1845  501
4  572 2898 1780 1777
4  374 2725  167  609
4  217 1157 1158 2731
4  456 2387  455 2867
4 3174 2935 3138 1732
4  886 2973 3289 2502
4  131 2093 3312  132
4 2358 3268 1801 1802
4 2803 2804 3039 3250
4   15 1369 1205 1202
4 1239  199 1714 2634
4 1034  168 2105  980
4 2740 2739 1339  760
4 1504  350 1331  351
4 1134  721  722  720
4 2784 2060 3217  863
4  115  193 2175  761
4 2918  106 1497 1633
4  355  219  217 3028
4 2142 1916 1896 1894
4  523   63  522   62
4 2267 1729  295 1110
4 3018 3175 1582 2696
4 1412 1459 2595 1411
4 1427 1649 1680 1188
4 2462 1461 1847 1141
4 1679 1678 2453 2208
4 1771 2792 1365 1382
4  289  455 1808 2388
4 1241 1240  573 1121
4 1716 1715 3323 3240
4 2048 2047 1187 2050
4 2137 2425 1730 2424
4 3054 1718 2912 2230
4  467 2452 2828 2623
4 1979  517  520 2484
4 2112 1338  818 1483
4 2095 2337 1061 2096
4 3061  945  151  895
4 3230 2190 1174 1903
4 2010 3088 1675 1389
4 1741  810  311  808
4 3149 3218 3217 3239
4 1874 2591  597 1897
4 1879  606 2491 2289
4  272  807 2616  806
4 1061 1062 1794 2696
4  595 3097 1987 1988
4 2295 2034 2294 1231
4 1363 1530 1771 1384
4  730 2416 2931 1576
4 3083 1103  365 1990
4 1886 1885 1114 2106
4 2811 2424 2425 1732
4 1859 1251  245  246
4  130 1951 1952 2095
4 1541  276  204  742
4 1020 2904 2905 2206
4  918  919 2055  920
4  563  157  913 2690
4 3245 1519 2152 1368
4 2154  622 1661 1870
4 1930 1653  659  660
4  886 3289 3189 2502
4 2431 1285 1319  914
4  552 1240 1201 2231
4 1121  574  370 2196
4 2864 1589 3253 2040
4 3264  238 3253 2864
4 2010 2012 1675 1450
4 2068 2065 1701  852
4 2368 2722 1234 2168
4 2995 2215 2216  742
4  729 2419 1578 1629
4 2294  456  288 1400
4 1027 2492 2083  127
4 2454 2453  665 1678
4 2297 3035  275  274
4 3293 2416 2415  730
4  613 1285 1319  281
4  128 3237 2914 2915
4 3083  595  962 1049
4 3089 2355 2348 1691
4  130 2093 1951 2095
4 1963 1146  669  671
4  434  918 2055 1035
4 3012 2042 1426 2181
4 3164 2683 1074 1530
4 1458  300  301 1024
4 2625 2900 1243 3059
4 2145 2694 1842 2693
4  606  332  917 1598
4 1278 3092 1428 1277
4 1712 1025 1909 1713
4 2225 1758  707  976
4 2784 3218 1145 3239
4 2310    4    6 1490
4 1916 2624 1914 2962
4 2304 2343 2342 1960
4 1489 2157 1104 1555
4  858 2554  595 3097
4 2197  830  394 1058
4  935 2206 1020  936
4  572 1661 1891  574
4  141 2401 2778  378
4  533 1077  516   27
4 1977  275 1043 1975
4  941 2764  942 2165
4  203 3256  683  201
4 1002 2722 1234 2494
4 1718 2230  270 2913
4 2811 2343 1960 1732
4 1375  608  776 2104
4 1007  303 2420  549
4  156 2549 2669  153
4  910   21  317  925
4 2545 2544 2056 2145
4 1762 2132 2133 1415
4 1363  294  499  500
4 3179  340  338 2865
4 3178  381  380  830
4  132 2093 1951  130
4  676  737 3240 1716
4 1291 1558 1615 1126
4 2730 2516 2313 2438
4  199 1125 1286 1239
4 2763  155  888  154
4 2964  694  695  231
4 2722 2168  347 1002
4 1379 1280 1921 1377
4 1927 1887 1266 1918
4  757  755  470 1919
4 3154 1417 1040 2768
4  614  290  615 1543
4 1637  511  512  509
4  112 1373 1058 1375
4 2505  779   63 2992
4   23   18  405 2237
4  761 1340  764 2947
4  377  868  378  887
4  446  443  607  445
4 1026 1133 2893 2691
4 2399  304 3325 2401
4 2918  876 1497  106
4 1385 2489  168  375
4  763 1529  764 1038
4  296  970  500 1710
4 1826 2349 2350 2351
4 1436 1267   15 1318
4 1169 2356  692  690
4 1018 1016 1017 1809
4 1263 3314 2837 1262
4 3178 2338  381  830
4    1 1688 2069 2070
4 1781 1391  912 1284
4 2377 1473  750  751
4 2183 3140 3296 2370
4  296 2228  295  817
4 2165  940  942  943
4 2769 1536 1549 1682
4 2419 1578  320  729
4 1473 3165 2420 1007
4 1576  727  729  730
4 3326 2827 2622 2513
4  985 2508  317  185
4  712 1353 1927   39
4  676  737 1716  738
4 2200 2493 1138 2856
4  886  888  156 2973
4 2156 1661 1780 1870
4 1386  979  980 2802
4 1178 2408 1281 1179
4 2295  919 2055  918
4 1389 2749 3088 2045
4 1198 1195 1658 2962
4  730  385  727  728
4  524   80  894  475
4  409  364 1956 1634
4 2304 2440 2439 1770
4 1546 1196 1657 1198
4 2577 2364 1552 1782
4 2579 2688 3252 2689
4 1038  765 1498  764
4  162   77 3034  559
4 1977 1975 1043 1526
4 1540  148 1735  147
4  139 3299  140 1553
4  681 2929 2210 1320
4  436 1481   37 1480
4 2572 2657 2656 1265
4 1328 2367  843 1329
4  447  450 1056 2803
4  567 2647 2341  565
4 3006  850 2415 2467
4  628 1124 1442 2229
4 1105 1106    7    5
4 1771  619 2792 2649
4 1357  932  432  931
4  116 1753   72 2427
4 2016 3137 1814 1731
4 1104  432  933  931
4 1976  204 2448   38
4 2318 2317 2341 2853
4  970  500 1711 1755
4 2742   80  195  767
4 1198 1196 1657 1658
4 1279 2080 2082 2081
4 2709   62   63  523
4 2969 3255 3045 1163
4  626 3290 2227  627
4 1822 3327 1511 1512
4 2780  542  482 1494
4  599 2611 2138 2716
4   27  534  516  533
4 1485 2726 1486 1487
4 2765 1331  351  352
4 1479 3267 1168  103
4  248  250 1615 2199
4 1741  310  311  452
4 1516  962 1492 1049
4 1879   15 2491  469
4 2574 3142  562 1422
4 1357  792  753 1555
4 1770 1958  882 1767
4  679  400   62 2710
4   95 2500 1444 1446
4 2893  370  371 2195
4 2686 2282  562  216
4 2468 3321 2589  793
4 1576  727  320  729
4 1336 2340 2318 2566
4  958 1833  305 2006
4  730 2416 2169 3293
4  189 1149 1150  191
4  527  580  582  583
4   17 1222 2120 1535
4  842 3058  840  444
4 2622 3326 3185 2450
4  753  792  754 1854
4 1525 1091 1874 1897
4 3166 2996   18 2090
4 1670 2194 3271 3233
4 2733 2335 1460  921
4 2219  651  306 1265
4  747 1712 2088 1123
4   37 1480 1481 1887
4 2354 1954  464 1073
4 1428  743 1836 1648
4  352  428 2765  182
4 3233 2839 2717 1670
4 2692 1135  787 1303
4  623 1080  371  824
4 1712 1025 1713  747
4 2447 2361 1778 1744
4 3145 3089 1290 1691
4 1173 1175 3094 2896
4  685 2461 3226 2193
4  604 3103  603 1316
4 1821 1981 2032  112
4    3 2069    1 1517
4 1532 1531 2683 1998
4 2165 2550 2531 1226
4 1555 1854  792  753
4 2302 1058  394  112
4 1526  258 1977 1036
4 3002  519 1679 1625
4 3155  380  382  803
4 1679 1521  519 1678
4  112 1058  114 1375
4 1462 3102  907 2706
4  508 1142  507  505
4 1007  304 3165  303
4  563 2942 1157 2690
4 1117 1925 1116 1624
4 1958 2439 1770 1960
4 1755  460 1532 1998
4 2297 1118 1043 1117
4 1489 1300  930 2911
4  470 1919 1896 1918
4 1006  977  463 1111
4 1086  276  204 1088
4 3239 1145  670 1146
4 1716 3240 3323  737
4  361 2098  362  363
4 2301 2838 2542 3024
4 2427 1940   72  116
4 2120  879 1725 1727
4 1040 1565 3154 1567
4  497 1808  498 1539
4  774 1142  508  505
4 1623 1684 1622 1621
4  879  247  881 1023
4 1694   80 1498  195
4 3078 3077 1618 2291
4    1    0    2 3198
4 1235 3266  341 3328
4  886 2502 3189 2400
4  454 1190  451 1189
4  459  656 1583  655
4  675 2334  736  738
4 1435 1316 1318  606
4  546 2413  548 2449
4 1189 1895  451  454
4 1193  545  596 1797
4 1006  463  815 1111
4 1121 1891 2498 1823
4 1516 1492 1223 1049
4  428 2765  427  352
4  614  700  290 1543
4 2764 2966  942 2165
4 3060 2135 2137 1732
4  794 2073  956 2074
4 1908  656 1583 1543
4 1977  258  640  963
4 2636  278 2293 2653
4 2091 1303 1135 2692
4 2231 2228  296  817
4 1532 1999 1771 1383
4 2934 2014 1232  980
4 1437 1563  503 1564
4 2622 2621 3075 2512
4 1900 1975 1976 1526
4 2382 2165 2702 2764
4 1404 1348 1298 1299
4  728  727  321 1560
4 2206 2904 1370 1020
4 3222 1102 1100 1989
4  911  123  124  935
4 1007  775  748 1833
4 1997  715  716  696
4  139 1476  138   39
4  496  868 1782 3144
4 2852 2636 2293 2653
4 1611 1964  670  572
4 3113   12 3322 1507
4 1670 2839 2461 3233
4 2906 2506 2904 1019
4  366  367  365  960
4 1907 1925 2930 1904
4  345  293  292 2675
4  323 2320   66  324
4 2666 1367 1368    2
4 2084 2389 2900 1243
4 3177 2062  844 2736
4 2038 2036 1446 1443
4 1510 1509 3277 1508
4 2864 3264  238  864
4 3290 2695 1962  627
4 3055 2886 1650 2616
4 1712 2179 2088 2634
4 2772  551 2773 2464
4  901 2144 2057  505
4 1793 1174 1173 2191
4 1792 2848 1903 1793
4 1111 1428  815 1006
4 3218 3297 1145 3239
4 2625 1611 2899 3150
4 2141  323  412 2142
4 2561 1131  986  988
4 2182 1869 1870 2570
4 1473 3165 1007  751
4 2617 3254  329 1380
4  551 1474  775 2464
4 3329 1093 1135 1132
4 1793 2753 1903 2191
4  289 1808  498  497
4 1298  932 1404 1748
4 2256 3005 2504 2006
4 2443 1985 3215 1986
4 2839 1669 2717 1670
4 3239 3218 3150 3149
4 3092 1428 2087 1111
4  707 1264 1758 1788
4 2152 1360  877 2518
4 1751   79 1032 2582
4 3033 1985 1192 1191
4 2114 2230 2044 2616
4 2073  956 2074 1455
4  249 1854  753  795
4  767  524  894 2718
4 3239 3297 1611 3150
4  103  101 3267  691
4 2703 2597 1692 1143
4 2762 3294 2763 2843
4  947  499  460 1774
4 2546 2934  868  377
4  560 1267  713 1266
4  388 1437  579 1563
4  623  621 2365  620
4  886 3189  378 2400
4  216 3066 2685 2686
4 2479 1291 1332 1615
4  166 1871 1448 1450
4 1716 3131 3323 1715
4 2375 2023 2645  685
4  652  654 1342 1343
4 1036 1233 2105  255
4   78 2316   76   79
4 1305  478  211 2652
4  431   91  988 2064
4 3167 2062 2814 2813
4   51 2589  793 1980
4 1647 1731 1815 1836
4 1793 2848 1170 1792
4 1739 3203 2204 3206
4  369 1823  370 1122
4  517 1309 1533 1342
4  967 2722 1801 1802
4 2291 1618 2290 3077
4 2195  788 2893 2691
4 1040 3154 2538 2673
4 1923 1458  301 1741
4 2442 2384  765 2385
4 2566 2110 1481 1336
4 2353 2029  883 2892
4  325 3298 1915  252
4 3042  238 1768 1769
4 1994 2031 3131 1997
4 2051 1006  977  781
4  714  713  470  712
4  417 2725  315  609
4 1328 2671 2367 1329
4  609 2725  315  374
4   55  979    2   54
4  537 3276 1280 1281
4  476   80 1790  210
4 2104  417  609  418
4 1749  174 1459  137
4    3 1517    1 2189
4 2164  931 1377 2664
4 2353 2892  883 2108
4 1179  832 1119 1823
4 1146  669  670 3239
4  454  451  139 1553
4 3250 2804 3098 2803
4 2874 2208  984  419
4 2467  893 2285  115
4 1275 1170 1793 1274
4 2450 3326 2451 2622
4 2478 2695 1962 3286
4  782 1939   86 1800
4 1281 2327 1822 1824
4 2622 3185  807 2450
4 1751 2076  479  642
4  280  279  278 1908
4 1039 1037 1040 2538
4 1621 1622 1685 1684
4  717 3106 2076 1973
4 3002  517  519 1625
4  887 2934 2105  377
4  130 1950  132 2525
4 2388 1599  455 1808
4 3098 3039 2803 3179
4 1949 1770 1960  885
4  887  255 1233 2934
4 1048 2249  976 2053
4 2053  644  976 2654
4 1342 1402  654  652
4  642 2079  479  731
4  272 2585 2272 1176
4 2533 1393  905  363
4 1026 1324 1325 1134
4 1773 1754 2951  460
4 2706 3102  907  908
4  560  526  525  528
4 1220 1219 3223 1221
4  612  610  611 2774
4 1203 2999 1204 1205
4  830 1045  394  392
4 1822 3295 3327 2757
4 3032 2395  722 2692
4 1240 2386 2458 1596
4 2856  896  897  898
4 1126  168 1127 2479
4  676  675  737  738
4 1144 1692 1143 3280
4 3239 1147  670 1145
4 2370  327 2924 2926
4 3312 1943  744  743
4  112 1373  776 1875
4  409  899 1252  408
4 1619 1094 1636 1322
4  240 2715 3239 2625
4  811  214 2638  679
4  914  160 2455 2830
4  228 1301 2361 2637
4 1550 2364 2363  496
4  261  804 1375 1138
4 1691 1290 2348 3089
4 3326 3185 3075 2622
4  129 2563 2897 1837
4  461 2799 2787 1772
4  434 2033 2295 2826
4 1945 2192 3271 2194
4 1750 1795 1387  904
4 2826  716  699  697
4 1595 1042 3058  842
4 2505 2992   63  902
4  393 1984  827 2247
4 1730  885 2313 1111
4 1464 3260 2815 2102
4 1572 1792 2848 1903
4 2991 1864 2033  678
4  409  408  245  364
4   13 1369   14   15
4 3229 1110  464 2267
4 1900 2256 2105 2104
4  627  746 1962 2477
4 1651  692 2050 2047
4 1780 1869 1870 2182
4 3324   96  265 1056
4 1298  754  932  791
4 2116 1860 1854  790
4  411 1749 1457  137
4 1386    0    2 2802
4  289 1865 1829 3080
4 1479  102 3267  103
4 2464 3248 2466 3270
4 2912 1199 2115 2913
4 1209  847  535  533
4  909   25  439 3330
4 1057 2157  311 1555
4  747  332 2491 1598
4 1929  619  947  269
4 1144 1692  901 1142
4 1394 1086 3087  205
4 3257 3006 2415 2467
4  295  972  815  817
4 2814 1649 1680 1427
4 1804  590 1162 1163
4 2690 1784  913  563
4 2256 2105  887 2932
4 1743 1744 1746 1869
4 1562 3063  503 1564
4  399 3200  398 3080
4   45 2777 1795 1796
4 2960  513   24   27
4  890 1420 3107 1153
4 2955  557  554 3179
4 1545 1546 2406  723
4 1926  277  275 1117
4 3331 1857 2119 2370
4 1341  659 1334 1335
4 1562  503 1845 1564
4 2427 1940 2766   72
4 1722 2147 2148   16
4 1198 1919 2985 2962
4 1105 1490 1104  368
4 1364  765 1498 1038
4 1590 1589 1770 1591
4 1184  584  586 2301
4 3055 2230 2616  273
4 1419 1153 1420  890
4 1272  662  663 1840
4 2972  809  311 1488
4 1990 1103  365 1100
4 2447 1779 1869 1744
4  606 1509   15 1435
4  672  869 2123 2620
4 2447 1745  230 2361
4 1140  809 1791 3135
4 1994 3323 1995 1997
4 1994 3131 3323 1997
4 2692 3032 2395  785
4 1333 1871 1332 2479
4  787  788 2691 2692
4  282 2274 3045  285
4 1744 1745 1869 2447
4 2452 2270 2623  468
4 2181  239 2818 3012
4 2151 3040  875  878
4 1993 2369 1039   74
4  261 1136 1138 1137
4 1094 1095 2659 2720
4 1999 2650 2951  499
4 2231 1201 2678 1240
4 2447 1778 1779 1744
4  487 2831  485 2832
4 1483 2110 1481 2308
4  265  264   99   98
4 1513 1511 1910 1105
4 1408 2115 2678 2231
4 3323 1716  738 1997
4  167 1228 2022  165
4  697  696  698  738
4 1053 2770 2832  254
4 1900 2448 1976 1975
4 1514 1511 1910 1513
4  295 2228  972  817
4 2465 3248 2466 2464
4 1535 2224   17 2025
4 1254 1761 1620 1255
4 2943 3317  385  387
4  786 2365  787  788
4 2132  308  225 2486
4 1133 1132 1026 1028
4 1551 1594  842 1182
4  294 1451 1119  295
4 1069 2981 3200 2968
4 1535 3127 2026 3249
4 2142  323  412 1918
4  235 2680 1587 2198
4  890 1419 1154 1858
4  816 2165 1647 2087
4  987 1854  881   91
4 1855  794 2090 1222
4  378 3189  868 1030
4 1897 1874 1525 1523
4  496 1782 2546  376
4 2219 2656  651 1265
4 1335 2521 1449 2674
4 2385  765 1696 1694
4   78 3034 1902  162
4  892  846  508  505
4  106 2346 1850 2286
4  186 2419  184 1578
4  640  638 1043 1737
4 1139  810  809  311
4 2164  999  832  369
4  899  247  251 1223
4 2549  155  156 1556
4  153 2549 1992  156
4 1255  534  535  532
4  904  172  957 2522
4  754  791 2129  790
4  792 2756 2795  789
4 1953 2147 1812 1347
4 1040 2538 1037 2673
4  747 2088 2491  332
4 1823  832 1281 1179
4  243 1823 1147 1824
4  389  578  779 2505
4  738  698 1337 2334
4 2616 2229 2230 2228
4 2816 1761 2553 1255
4   51 2588  450 1355
4 2973  154 2503  888
4 1625 1533 1460 1873
4 1380 1671 1014  688
4 1275 1647  816 2550
4  576 2153 2887 1564
4 2788 3038 3022 1966
4 2104  377  609 2952
4 1589 3253 2041 2864
4 2204 2202 2203 2879
4 2114 2230 2115 2044
4 3329 2720 1093 1132
4  741 2520 2471 2214
4  144  938  939 1183
4 1110 1729  295  814
4 2754 2298 2319 1682
4 3198  710 1642    1
4 1231 1386 1233 2802
4 2564 2807 1816 1104
4  541  991  540  542
4 1620  578 1503 1152
4 2064 2845  792 2756
4 1546 1196 1198 1544
4 2291 2290 1197 3077
4  523   62  522  401
4  853 1690  854  855
4 2549 1992  155 1556
4 3043  656  458  459
4 1159 2460  581 1294
4 1170 1274 1169 2848
4  688  686  689 1013
4   57 3331 2370 2374
4 2856 1138 2200  898
4 1462  907 1209 1440
4 1353  583 1294 1166
4 2768 1040 2818 2539
4 1496 1495 3131 1497
4  473 1853 1790 1668
4  138 1896 2142 1918
4 2367 1315  843 1329
4   51 1742  449   48
4 2843 3294 3005 3238
4 2385 1695 1696 2442
4  634 1341 1487  593
4  567  565 2769  564
4 2324  346  615  892
4 2740 1339   73  760
4  142  259  446  607
4 1394 3087 1853  205
4 1209 1142  847  533
4  130  131 1837 2525
4 2197  522  523  521
4 1716 1864 1633 3240
4 2525 1062 1837  130
4 2294  105  569 2421
4  249  987  881  251
4 1209  907 2035  316
4  387 2487  953  954
4 2941 2530  989 2269
4 1583  457   33  703
4 3087 1853 1790  476
4 1388 2423 1697 1841
4 1821 1875 2302  112
4 2084 2901 2262 1243
4  656  458 1543  280
4 3295 2794 2327 1822
4  751 2401 2315 3325
4 2448  598  319  322
4 1170 1792 2848 1168
4  474   83   80  476
4 2843 1624 1907 1898
4  133  136 1412 1413
4 1564  503 1845 1563
4 3093 2939 1350 2854
4 2267 1451 2268   43
4 1268 2087 2165 1226
4  976 2726  975  973
4 1489  931 1104  369
4  442   26  439  440
4 2519 2548 1245 2144
4  295  294 1451 2267
4  613  615 1543  280
4  747 1962  627  746
4   51 1742  770 1356
4 2180 2983 2875 1919
4 2695 1962  151 2478
4  634 1487  633 1486
4 3264 2040 2042 2864
4  886 2760 2973  153
4 2574 2731 1157  563
4 2033  697 2918 2826
4   49   48 1742   51
4 2995  740 2652 1830
4   51 2589   50 3321
4  323 1916 1920 2142
4 1918 1887 2106 1115
4  339  340  338 3179
4  892  218  613 2324
4 2262 2901 2261 3204
4 2361  228  230  231
4 2674 1871 1449 1335
4 1427 1680  816 1188
4  124  535  391  122
4 1452 1453 1192  471
4  286  287  289  399
4   51  770   50  769
4 2016 3137 1731 2382
4  697  696  738 1997
4 2229  149 2787  628
4 2295 1231 1233  434
4   91 3288   90   88
4 1231 1368    0 2802
4  402  381  523 3007
4 2829 2426 1297 1298
4 1510 2179 1507 1508
4 1138  803  804 1375
4 2261 2049 2510 2262
4  434  918 1233 2295
4 2906 2506 2508 1193
4  115  116  483 1494
4 1494 1753  116  849
4 1762 2880 2203 2836
4  909 2735   25 3330
4  368 1490 1104 1489
4 1329  843 2546 1315
4  892  344  613  218
4 1800  488  782  783
4 1319 2635 2430 2431
4 2702 2016 2381 3091
4 2376 1717  939  749
4  146 3084  148 2038
4  720  722 1324  723
4 2181 2818 1426 3012
4 2012 1447 2010 2011
4 1832  616  267 1831
4  650  649 1864 1271
4  345 1967  488 1968
4 1649 2643 2903 2257
4 1077  909 2035 1209
4 1086  204  742 1830
4 3096 1792 2697 1170
4 1980 2589 2588   51
4 1805 2222 1434  555
4 1170 3096 1792 1168
4 1183  494  144 1182
4  769 2589   50   51
4 1392 2777 1795   47
4 1188 2228 2044  817
4 1974 1980 2588   51
4 2616 1650 2044 2886
4 2299 2253 2300 1540
4 2214 2520  718 1354
4 1086  205 1088 1830
4 1255  532  778 1253
4 2501 2737   93 3037
4 2045 1841 3088  926
4  817  861 2944 1187
4 2421  105  106 2034
4 1211  514  516 1593
4  843  842 1552  841
4  307 3125  308 2486
4  928  926 1872  927
4 1056 3310 3221 3324
4  950  949 2933 1601
4  201 3256 3211  203
4 1267 2289 1318 2357
4 1916 1914 1919 2962
4 1582 3011 1581 3020
4 1665 1397 2581  732
4  660  659  658 1653
4 1556  258 1043 1526
4 1407 2403 1408 2678
4  359 1073 1954 1597
4  520  518  519 2280
4 2641 2116  752  796
4 1111 3092 1278 2313
4  369 1910 1280 1921
4 2612 2613 1289 2457
4 1716 2033 1633 1864
4  337 3309 3182 3039
4 2977 2807 2946 1816
4 1174 3265 1172 3101
4  642 2581 1665  643
4 1687 1289 2457 2612
4 1058  114 1375  898
4   98   97 1083  265
4 1746 2809 1745 1743
4 2848 1274 1903 1793
4  752 2426 2487  954
4 2264 3176 1728 1729
4 1156 1013  890  688
4  611 2831 1053 2832
4  681  424 1321 1548
4 2697 1061 1170 1794
4  344 2786  934 2497
4  121 2591  596  597
4 2029 1767 1769 2353
4  225 1971 1690  226
4 2041 1588 1589 2039
4 1933 2972 1932  808
4 3071 1248 2052 2082
4  450 3182 3121 3246
4  271 2616  272  273
4 1543  700 1583 1908
4  825  371  788 2443
4 1869 1746  230 1745
4  493  491  100  490
4 2518    0  288  456
4 1416 1065   73 1308
4 2116 1854  754  790
4 3332 3010 1065  760
4 1111 2313 1278 1006
4 2218  619 2792 1366
4 3184 2834  209 2218
4  107  109 2350  110
4 2164 1280  931  369
4 2517  287 1068  399
4  593 2726 1487  634
4 1504 3305 2660 1330
4 1895 1553 1894 1656
4 1370  907  123  318
4 2759 2866 1528  342
4 1478   73 1038 1040
4 1064 1063 2470   74
4 1326 1678  455 1521
4  986 2100  900  987
4 1437  579 1563 1564
4 1126  388 1437  390
4 1185 1981   33   35
4 2697 1061 1794 2696
4 3066 3067  561  216
4 1844  654  903  594
4 2495 2941   41 2269
4  286 2517  287 1068
4  309  651 1272  652
4 2370 1857  329 3139
4  922   80 1790  475
4 1115 1114 1920 1113
4 2856  802 1138  803
4 1631 1629 1630 3320
4 1927 1918 1266  712
4 2634  333 2088 1239
4 1766 3199 1887 1537
4  518 1295  663  519
4  647 1321  706  645
4  359  462  781  977
4  173 2320  485   65
4 1187 2086 2944 1408
4 1148 3112 2541  587
4 1854  881   91 2064
4  556 2628  798 2000
4 1750 1924 1795  904
4 2238  548 1194 2648
4 1625  517  520 1979
4 2376  749 2315  751
4 1050 1885 1482 1052
4 1640 1759 2296 2149
4 1631 2419  729 1629
4 2173 2959 2931 2743
4 1555  753 1357  930
4 2745 2418 2931 1362
4 2501  510 2737 3037
4 1555 2157  987 1057
4 3068 1745 3069 1746
4 1373 1058  382 2197
4 1115 1113 2922 1112
4  142  607  843  376
4 2215 2214 2216  742
4  285  360  952 1991
4 1575 1576 1578  729
4 2655 2665 1048 1236
4  784 1185  488 1184
4 1569 1573 1843 1571
4 1649  692 1680 1188
4  962  959  857 2054
4 1871 1654 1448 1449
4 1987 2075  592 1990
4 1739  426  704 1991
4 2910 2018 1434  555
4 2795  429  792  432
4  250 1558 1222 1855
4  216  219  341 1235
4 1483  818  820 1338
4  273 2230  270 1718
4  475   80  894  922
4  363   44   47 1415
4 1868 2156 1780 1870
4  337 3182 3121 3039
4  878 2421  877 1360
4 1979 1978 2595 2329
4 1962 3286 2695 3290
4 2238 3173  971 2277
4  567  565 2341 2317
4  167 1227 3133 3262
4 2022 3214 1228 3262
4 1899 2591  596 2449
4 2758  562 1221 2457
4 2295  918 2055  434
4 2965  414 1733 1736
4 3056  710  984 1642
4 1537 1765  583  582
4 1827 2351 1826 3079
4 2668   61   60   63
4 1945 2192 2713 2714
4 2489 2998  372 2939
4 1207 1206 2658 1621
4  139  451 3299 1553
4  485  611  650  612
4 2012 2749  171 2010
4  254  253 1054   66
4 2549 2669  258  156
4 2064   90  431 2845
4 2582   79 2076 1751
4 1483  819  820  818
4 1412  300  531  530
4  980 1233 2105 1034
4  819  820   65 1483
4 2911  999 2164  369
4  516 1692 1077  533
4 1347 1953 2147 1344
4 1782 1315 1552    8
4 1133  787 2570 2195
4 1186 1185  488 1968
4 1366 1398 1993 1694
4  485   65  611  612
4  369  368 1104 1489
4 1333 1341 1335 1343
4 2431 1955 1283 1285
4 1126 1558 1615 1127
4  593  899  634 1223
4 1059  845  215 1781
4  329 2183 3254 2617
4 2401  888  378 2400
4 1945 3104 1505 1506
4 1282 2872 2925 1643
4 2736 1279 1851  745
4  900  899  986  251
4  112 1058  394  114
4 2137 2134 2135 3060
4 2585 2272 1442  272
4 2976 3093 1214  420
4 2901 2715 2262 1243
4 1838 1647 1275 2381
4 2976 3281  372 1385
4 1510 1509  606 3103
4 1127  168 2105 1034
4 2454 1702  336 2444
4 3250 3098 3039 2803
4  859 3272  856  857
4 1424 3181 2042 1426
4  311  809 1933  808
4  960  962 1252 3083
4 2136 1836 2137 2730
4 3055 2114 2230  273
4 1375  111  114  112
4  231  198  695 2964
4 1189 1453  454 1192
4 2774 1664 2321  611
4   72 1064 2766 1753
4 1523  776 1875  112
4 2664 3026 1378 1377
4 1377 3026  536 2664
4 1488    6 1490 2310
4 1049  962  858  595
4 3207 1151  578  779
4 1184  672  584 2301
4 2527  474  524  475
4 1937    1 1068    3
4 1897 2591 1091 1874
4 3315  509  511 1637
4 1876 3149 3205 1568
4   87   85   86  178
4  673  672  674  871
4 1773 2979  970  461
4  192  765  195 1696
4 1180 2601  405  403
4 1762 2133  308 2822
4 2231 2230 2913  552
4 2774 1054   64   66
4 2012  928 2522 1389
4 1231 2034 2294  877
4 2508 1193 1631  322
4 1453  470 1476  471
4 2778 2256 2504  305
4  332  606 1510 2491
4 3104 2717 1945 1670
4  774 2144  773 2519
4 2833   52 2671  979
4 1723 1503 1620  389
4  774  532  847  533
4  731 3184 3073  477
4 2680 1586  854  235
4 1428 2087  815  816
4  461 2787  895 1772
4  816 1274 2550 1224
4  985 2259 1577 2511
4 1704 2031 1706 1497
4 1329 1328 2671 2833
4  559 1317 3034 2357
4  235 2614 2680 2615
4  803 3130 3155  897
4 2551 1545 3001 1619
4 2006 2004 3005 2003
4  150 2229  149  461
4 2446 2445 2568  812
4 2446 2568 3143  812
4  525  580 1167  528
4  248  250 2199  251
4 1735  147  148  145
4 2105  377  609 2104
4 1555 1854  753  312
4  829  827  898 2200
4 1681 1536 2319 1682
4 2265 2266 1090  871
4 2784 2060  863  860
4 2689  521 2505  388
4 2121 1699 2398 1388
4  507 2057  901 1217
4  389  778 1620 1723
4 2778 2105  887 2256
4  980 2934 2014  377
4 2517 1518 2150 2667
4  957 1335 1343  928
4  505  845 1842 1781
4 1282 2925  800 1643
4  692  690 2356 3123
4 3333  915  603  917
4 1231 2294    0  877
4 2324 2143 1285 1781
4 1191 1189 2606 3044
4 2845 2795  429  792
4  165 1563 2022 1845
4 1591  998 2523 1109
4  112  111  776 1375
4  605 2868  746  332
4  760   72  761   73
4 2171  956 1559 3307
4 1318 1435 2857 1317
4  396 3086 2667 2517
4 1619  720 1094 1322
4 1501 1905 2251 1092
4   16  405 1721 1722
4 2444 2485 1621 2454
4 1325 1323 1636 1322
4 2539   74 1040 1039
4 1322  720 1324 1544
4 2918 1997 1497  876
4  784  846  508  346
4  443 1328 1250  607
4  576 2681 2355 1503
4  486 2831  485  484
4  122  317  598  318
4 1982  371  643 1300
4 1329 1315 2014 2367
4 1743 1744 2809 1745
4 1719 2071 3194 1124
4  363  905   47 1393
4 1347 2147 1346 1344
4 1537 2308 1481  566
4 2768 1307 2009  239
4 1339  759 2176  761
4  659 1332 1334 1335
4  265 1980  793 2109
4 1808 2253  497 1828
4 1889 2193 2192 1945
4  918 1035 1460 1861
4 1139  810  311 1740
4 3179  338  554 2865
4  832 1451 2163 1179
4  225  227 3180 2131
4  712 1918 1476  138
4 1400 1399 2810 1756
4  277  275 2238 1926
4 3307 2169 1559 2171
4 1997 1995  738 3323
4    3 1937 2069 1517
4  808 1933  311 1057
4 1427 1006 1278 1279
4 2741 2236 1289 2457
4  306 1262 2837 2219
4 3029 2243  476 2242
4  115 1776  483  850
4 1787 3258 2075 2314
4 1826 2352 2349 2351
4  468 2452 2978  466
4  410 2609  176  412
4   88 3183  247  986
4 1066   74 2369 1063
4  655 2046 1230 1045
4 1990 3236  959 1988
4 2017 2381 2702 3090
4 2786  934 2902 2402
4 1474  775  750 1007
4  612  820   65  610
4   49  770   50   51
4  505  833 2057  507
4 3090 2701 2702 2017
4 2231 1240 2678 1408
4 1227 3252 1228 1229
4  436 1480   37  173
4 2710  213   62  679
4 1744 2361 1778 1745
4 2888 1817 2796  432
4  787  788 1133 2691
4 2956  186 2173 1578
4 1984 3047 1983  827
4 2050  690  692 3123
4 1787 1786 2314 3124
4  113  438  394   34
4 2359  347 2402  348
4  569 1866 1757 2810
4 1643 1282 2872 2873
4  272 2272 2616 2270
4  775  113 1474  111
4 2232 2336 2750 2699
4 1058  830  394  392
4 3179 3098 3039 3250
4 2096 2337 2094 2095
4 1294 2460  581 1765
4 1739 3119 1264 1789
4  345  615  703  489
4 1770  882 2353  883
4  525 1167  558  528
4 1483 1481 1482 2308
4  223 2205  220 3261
4 1353 1294  739  741
4 2893 2195 1028 2196
4  630 2097  632 2098
4 1179 2407  242 2524
4 3204 3053 2261 2262
4  751  305 2401  304
4 3262 1228 2022  167
4 1744 1745 1746 1869
4  817 1187 2044 1188
4 2443 1475  788  825
4 2517    3  288 2518
4 1869 1746 2570 2195
4 2414  530  300 1412
4 3198    2   55  979
4  658 1654 1449 1439
4 1689  232  336 3275
4 1286  331  625 2869
4   31  284  282   29
4 2639 1094 1636 1619
4 2312 2438 1730 2313
4  309  822  651  821
4  203  202 3212  201
4  486 1259 2831  484
4 2762 2930 3294 2843
4 2118 1857 1856  328
4 1636   14 2291 1322
4 2324  613  615 1543
4 1691 2348 1503 2355
4  351  349 2660 1504
4   73   74 1038 1040
4 2102 3260 2100 1464
4 1122  832 1451  999
4 1736  836 1733  835
4 1714 1125  199 1239
4 2449  596  548  545
4 1767 1769 2353 1770
4  569 2810 1757 1756
4  505 1142  507  774
4  355 2344 3028 2188
4  332 2868  331  330
4  285  282 2274  624
4 3309 1434 3039 3179
4 2520 2989 1354 1752
4 1226  942 1728 2966
4 1050 2308 2110 1483
4 1764 1911   48  725
4  854 1690  336 2444
4 2718  221  220  894
4  773 2144 1842 2877
4  793 1084  724  726
4 2152 2151 2150 3245
4 2255 2629 2373 1643
4 1099 3142 2475  562
4 1049 3083  595  593
4  392  438  393 1431
4 2175  110 2285  115
4 2820 1346 1347 1255
4  779 3207 1151 2668
4 2478  266  269 2779
4 1380 2482 1156 1671
4 2017 2701 1173 2896
4  242 2263 3176 2407
4 1905 1906 1907 1092
4  190 1833  551  549
4 2234 2236 2457 1687
4 1548 3062  681 2213
4 2864 2041 2042 2181
4 3329 1093 2092 1135
4  860 2339  240 2784
4 1859  859  960 1893
4 1662 2849 3016  650
4 2050 2049 2510 2048
4 1670  685 1890 1944
4 1918 2922   65 1115
4 1131 1047  900 1046
4 2438 2516 2729 2730
4 1475 1192  471 3033
4 1587 2680 1586 2198
4 1696  765  195 1694
4 3270 2420  551 1474
4 1977 1481 1536 1681
4  166 2674 1871 1450
4 1782   10   11 2577
4   57 2925  800   59
4 2501   94  148   92
4  593 1252 1223 1049
4 1126 1437 1654 1291
4   39   36   37 1918
4 2830 2825 2455  914
4 3299 3160 1458  139
4 2459 1161 2907 1683
4 1121 1240  573 2196
4 1812 3126 2974 1810
4 2442 2384  192  765
4 1196 1547 2472 2290
4  781 2684 1711  297
4  197  198  199 2634
4 2037 1538 1539 2038
4 2798  672  584 2124
4  575 1610 2899 1611
4  363 1129  362 2287
4  678 2991 1864  676
4 2157 2815 2946 2101
4 2521 3244 2988  169
4  612  485  820 2033
4  905 1924 1393  906
4 2489  372 1385 2939
4  328 2117 3213  891
4   78 1902  161  162
4 1822 2794 1910 3313
4 2182 2570  623 2195
4  671 1146 1147 2757
4 1035 1411  174   36
4 1274  602 1843  599
4 1126 1558  390 1291
4  607  843 2546 1329
4 2843 2930 3294 3238
4  905 2734  952 1786
4  878 3040 2286 1359
4 1687 3208 1013 3234
4 3310 3221 1880 1056
4  115  193 2285 2175
4 2926  327 3296 2370
4    3 1368    0 2152
4 1387  926  928  929
4  304  305 1007  751
4 1822 3295 2794 3313
4 3222 1787 2276 3258
4 1315 2014 2546 1329
4  417  313  804 1375
4  343  216  342  341
4 2011 2988 2521 2012
4 1639 2699 3244  658
4  638 1043 1624  641
4 2653 2852  342 1527
4  944  266 2695 2478
4 1773 1772 2799  461
4 1710  500  296  297
4 2071 3243 3334 1124
4 2061 3177  844 2736
4  552 2229  296 2231
4 2550 2165 1647  816
4 1143 2704 3280 2703
4 2633 2542 2541  587
4 1989 2075 1990 3222
4 1824 2757 1146 1145
4  537  832 1281  539
4  590 2212 1162  591
4 2098 2203  632 2133
4 1527 1287 2852  342
4 1462 1077  909 2735
4 3164  358 1074 2684
4  185 1019 1370 2904
4 1963 1892 1891  671
4 1502 1503 1620 1347
4 2976 1214  708  420
4   80 1790  475  476
4 2582   79 1033   77
4 1735 2981 1069 2968
4 3239 3150 2715 3149
4 2757 1963 1512 1891
4 1122  999 1665  369
4 1264 1789 3119 1788
4 1375 1374  804  417
4  861 2944 2262 1243
4 2605 2540 1835 2127
4 2173 2557  223 2558
4 2684 1863  358  356
4 2876 1916 1920  325
4 2447  230 2362 2361
4 1427 1428  815  816
4 1144 3280 1143 3210
4 2412 1150  191 1525
4 1373  417 1374 1375
4 2946 3283 2157 2808
4 2684 2683  358 1863
4  433  258  255 1036
4 2073 1499 1500 3166
4  921  918 1233 1386
4  636  404 1500  405
4 1426 2539 2818 2538
4 1497 2031 3131 1496
4 2196 1713 1666  553
4 2512 2644 2903 2514
4 1681 1549 1294 1537
4  256 2851  696 2573
4 1333 1342  928 3002
4 2658  662  664 2485
4 1740 3215 1139 1986
4  363 1393   47 1129
4  758  733 2953  735
4 1558 1855 2237   16
4 2960 2817  513   27
4  569 1261  486 1756
4  194 2742  195  767
4 2624 1913 1894 1916
4 1937 2069    1    3
4  428  229  183  352
4   32 3095 1834 2463
4 2804  448  447  450
4 2094  491  100  493
4 2917 3031 2538 2818
4 1375  803  804 1374
4 1640 1682 2297 2296
4 1086 3087  205 1830
4 3169 1047 2560 1131
4  911  847 2302  124
4 2164  536 2162 1747
4 2324  613 1543  280
4 1762 2203 2098 2133
4 2200 1983  126  125
4  206 1668  205 1088
4  859 1361 2026 3127
4 2947 1082  193 2175
4 2119 2894 2871 2117
4  875 2152 1368 3245
4  368 1490 1491 1079
4 1776  385 2415  730
4 2447 1780 1869 1779
4  816 2087 1110 1226
4 2181 1769  239 2864
4 1723  535  391 1818
4  789  792  932  432
4 3331 3139 1857 2370
4 1213 1060 1606  772
4  200 2246  683  203
4  203 2713 1945 1889
4 1123 1239 1714 2088
4 1667 1397 1665 1000
4 1818  389  391 1723
4 1567 1566 1364 1037
4 2522  172  957 2521
4  434  433  699 1036
4  435 1336 1337  433
4 2204 2024  632 2202
4 2488 1866  568  571
4  980  609 2105  377
4 1557 2781  117 1299
4  138 1554 1896 1553
4  314  313  259  261
4 1034  168 1460 2479
4 1996 1995  696 1997
4  679  458  812 2324
4 1853 1790 1668  205
4 2216  718  478 2652
4  223 3261 1629 2558
4 1907 2251 2677 2250
4  781  780 2051  356
4 2463 2464 2126   34
4  526 2885 1886  528
4  987 1057  900  251
4  889 1419  890  328
4  485 1055  175  487
4 1604 2024 2608 2204
4   38  310 1411   36
4  221  893  223  894
4  701 3095  702  703
4 1072 1037 1384 1363
4 2774 1270 1664  611
4 1848 1217 2057  507
4  627 3290 3051  626
4   71  648 1633  649
4 2038 2300 2036 1443
4 2615  226 3275 1689
4 3134 1218 1686 1221
4 1922 1302 1193 2602
4  235 2036 1446  512
4 2238 2676 3173 2277
4 1629 2419  184 1631
4  653  904  903  957
4 1827 2352 1826 2351
4 2422  852 2065  855
4 2742 2718  524  767
4 2562  107 3303 1826
4   27   26   24 2960
4 1121 1240 1120 1241
4 1918  323 2320 2922
4  665  663 1272  662
4 1144 1217  901 1215
4 1723  535 1255 1720
4 1446 2500 1444 3156
4 1852 1395 1853 1668
4 3222  592 1787 2075
4 1132 1026 1325 1134
4  623  622 1514 2861
4 2033  485  820  435
4  534  513 2891 2817
4  469 1323 1026 1324
4  712 1918  138   39
4 1228 3214 3252 3262
4 1968 3023 1966 1186
4  911  782 2391  935
4 1629 2173  184 1578
4 1188  692 1651 1649
4 1006  977 2313 1278
4 2218 3184 2834  618
4  861  814  240  860
4 2544 1158  217 2145
4 3206 1263 2204 1739
4 2247 3114 1984  827
4 1347 1018 1812 1016
4  766 2742  524  767
4 2096 3312  131 2093
4  767 2718 1082 2742
4 1142 1692 1143 1144
4 1028  229 1909 1713
4 2736 3177 1279 2061
4 1120  814 2944  817
4 1441 3225 2841 2842
4 1365 1567 1037 1381
4 3157   90  431  988
4 1008 3315  511 1637
4 2183 3296  329 2370
4 2958 2956 2173 1578
4 2371 2007 2746 1307
4 1830 2215 1086 2995
4  180  229  198  183
4  469  714  472 1879
4 1258 1256 1352 1351
4 1144 1461 1141 3210
4 2354 2041 2042 1269
4  712 1982 1300   39
4  843  841 1552 2578
4  781 2051 3216  356
4  143  259  446  142
4  642  731  479  732
4 1648  493  103 1851
4 1877 1876 2716  600
4  253 3120 2922  325
4 1368 1232  875 2483
4  179  177  674 1965
4  419  422 2067 2208
4  166 1385 2489  168
4 1598  606 2491 1879
4 2334 2921  698 1337
4 2590 1095 2639 1094
4   34 2463 2464 2465
4 1544 1196 1547 1546
4 3242 2226 2869 1942
4 3229  295 1110 2267
4  738 3323 1995  737
4 1879 1598  163  161
4 1173 1174 1794 1582
4 1955 1283 1285  912
4 2374 3140 3139 2370
4 2732  353 1158  217
4  994  633  634  993
4  641  639  640  964
4  244 3183  245  247
4 1926 2250 2677 2277
4 3239  669  670 3297
4 2647 2341 2318  567
4 1770 1769 2041 3253
4  914 2825 2635 2830
4   43 1451 1001  294
4  723 3044 1452 1546
4 1290 2348  390 1691
4 2856  897  803  898
4 1830 1086 3087 2995
4 1525 2432  191 2412
4 1215 1692  901 1144
4  231 1028  230 2196
4 3210 1847 1141 1144
4  974  973 2225  976
4 2057 1846 1217 1848
4 1308   74 1066 1065
4  521 2651 3115 2782
4 1497 1633  106 1495
4 2485 2658  662 2596
4  608  607  259  142
4 1926 2677 2238 2277
4 2513 3075 2622 3326
4 2491 1510 2088 2179
4 1472 2014 1232 1314
4 2062 2814  844 2736
4 2422 2121 1699 2398
4  692 1169 1680  816
4  914  913  160 1955
4  592  705 3017  952
4  185 2508 2419  985
4 2240 1690  855 1972
4 1115 2922 1920 1918
4 2127 2540 2541 2605
4 1387 1796 1795 2045
4 3083 3015 2249  409
4 1866  568  571  569
4 1942 2869  331 1286
4  998 3092 1731 2087
4  871 2433 2124 2122
4 1483 1482 1052 1050
4 1467 1468  908  909
4 2808 2946 3283 2807
4  925  441 1577  985
4 1755  465  970 1754
4 1636 1635 1330 3305
4 3179 3039 2803 1434
4  311 1057  312  301
4  401 1045  394 2197
4 1141 1461 1847 3210
4 1568 1570  862 1571
4 2519 1245 1210  774
4 2198  234 3156  235
4 2716  599 1571  600
4  961  959  962 1990
4  778 1253  532  777
4 3055 2512 2621 2644
4  138  412 2142  411
4  954  956  752  796
4 1696 2233   81 2916
4 1826 2351 2350 3303
4 2172 3302 1372 2173
4  431 2157 1816 2101
4 3139 1858 1857  329
4 1890 1944  685 2607
4 1335  659  658  661
4 1718 1719 3194 1124
4  862 3205 1570 1568
4 2703 1215 3280 1692
4  459  657 1044 2567
4 1109  885  998 1111
4 1233  255  716 2934
4 1186 2675 1185 1968
4 2151 2150 3146 1360
4  281  613 1285 2324
4 2675  293 1185  345
4 1551 1550 1595 1182
4 2608 2793  685 3235
4 3162 2374   58   57
4  793   97 1083  726
4  518 1272  517  519
4 1384 2672 1531 1383
4  519 1626 1521 1625
4  744 2094  491 2093
4  629 2994 2024  632
4 1029  228 3069  427
4 1413 1309 1979  134
4 2524 3176  242 1729
4 2933 1207  664 2454
4 2920 1932 1057 2027
4 1803 2728  283 1162
4 1818  772  846   62
4  714  713 2289 1267
4 1990 1989 1100 3236
4 2109 1881 3221  265
4 1629 2844 3261 3320
4 2608 2375 1603 3227
4 1272  517  519 3002
4 2329 2594 2595 1413
4 1879  714  472 1878
4 1789 3119 3206 1739
4 3320 2844 2945 1629
4 1330 1331  351 1504
4 2358 1801  347 1802
4  602  862 1571  600
4   39 1353 1927   37
4  432  430 1816 1817
4 1806 1805 1880  555
4 3258 2969 2275 2276
4  555 1807  557 1806
4 1327  415  498 1010
4 1802  967  783 1800
4  894  893 2285  221
4 1818  846  847 2302
4 2558 2844 3261 1629
4  612  611  650 1270
4  628  149 2787 3061
4 1501 2266 1089 1090
4 1355 3246 2588  450
4 2562 1826 2285 2175
4  730 2169 1559 3293
4 1879 2289   15  469
4 2068 2398 2067 2065
4  874  872 1124 3194
4 1429 1213  532  772
4  183 1331  181  182
4 2324 1285  812  813
4 3065 3118 2729 2730
4 1121  370 1891 1823
4 1348  386 2089  207
4 1866  571  287  288
4  842  607  843  142
4  261 2821  259  314
4 1782 2364 1783 2577
4 2818 2539 1040 2538
4 1630 1629  223 3261
4   19 2393   17 2394
4 3243 3225 2071 1441
4 1977 2297  640 1043
4 1571 1568 1573 1877
4  997  995  998 1949
4 1503 3163  578  576
4 1961  269 2581 1667
4  673  672  871 1874
4 3078 1197 2291 2985
4 2607 2793  685 2608
4 1046 1946  900  994
4  312  987 1854  249
4  403  404 2601  405
4  441 1467 1577  985
4 1241 1242 1243 2625
4   98   97  264   99
4 2610 2138 1903  599
4 2027 2819  994 1627
4  160 2455  159  914
4  235 1587  512 2198
4 2469 2539 2369 1066
4 2826 2033 2295 2034
4  228  229  352 1029
4 1643 1646  556 2603
4 1789 3206 3203 1739
4  446 2083  143 2884
4 2912 1199 2113 2115
4 1722   19 2147   16
4  773 1606 2877 2099
4 1198 1452 1453 1657
4  583 1765  581  582
4 1786 2314 2275 1787
4 3195  955 2073  956
4 1844 2726  654  593
4 1039 1363 1037 1071
4  842  143  446  142
4 1082  193 2175  767
4  760 1339  759 2739
4 3072   10 1314   11
4  909 3330  439 1468
4 2270 2450  807 2271
4  817  295  296 2231
4  976 1048  975 1946
4 2691  788 1133 2195
4 1732 2935 3060 3174
4  486 1260 3016 1259
4 2479  168 1127 1034
4 1286 3334 3242 3243
4  382  523 2197  402
4  645 1321  646  647
4 1783  865 3144  868
4  211 2218  731 3184
4 1386  168  980  375
4  963  965 3030  966
4  278 2293  613  280
4 3268 1800 1801 1802
4 3202 3148 3100 1221
4 2370  328  329 1857
4 2618 2909 2908 2213
4 2196 1240 1120 1121
4 3308 2167 1726 1725
4  527  528  580  525
4 1921 2328 1280 1379
4 2728 1423  683 2213
4 2768 2372  239  823
4 3324 2109 3221  265
4  175 2320  485  173
4 1488 2102 1933 1936
4  212  213  215   62
4  976 2840  644  974
4 2815 2946 3283 2157
4  990 2950 2738  989
4  279 3143  458  281
4 1635 2186 3322 1507
4 1483 2112 2110 1050
4  919  456 2528  921
4 2609 2770 3136  175
4  921 1626  920  918
4 1120  553 1121 1122
4  327  328  329 2370
4 1222   17   18   16
4 1111  885 1954 1109
4 1785 1390 2435 1784
4  723  721  722 2395
4 1525 1524 1091 1897
4 2006  188 2005 2003
4 1918  323 1920 2142
4 1994  715 1706 1997
4 2116 2129 3153 1860
4 1122 1119  295  294
4  958 2003  188 2006
4  360  361   28  362
4 1141  506  783  508
4 2782 3115  521 2689
4  555 2018  798 2910
4 2727 3191 2244 2213
4 2923 2398 2453 2444
4 2118 3331 1857 2119
4 3173  547  548 2980
4 3044 1452  722  723
4  705 1844 2249  976
4   34 1659  438 1430
4   74 1065   72 1064
4 2932  888 2763  155
4  235 1586 1587 2680
4 1472 2802 2015 1368
4 1333 1341 1533 1334
4  645  425 1321  706
4  406  899 1236  409
4  417  313 2725 1229
4 2204 2024 2608  685
4 1532  499  500 1530
4  921 2335 3198 2733
4  915  916  917  163
4  675  678 1337  738
4 2090 2073   18 3166
4 1956 3241  366  365
4 1824 2757 3295 1822
4 3093 2939 2854  420
4 1014 1155 1686 1410
4 2140 2199 1334 1615
4 2190 2191 1174 1903
4 2952  607  609  608
4  685 3228 2461 2839
4  396  398  571  287
4 2221 2220  868  866
4  685 3226 3235 2193
4  142  607  446  842
4 2277 2676 2677 2238
4  574  573 1780 2447
4 1898 3005 2843 2932
4  957 2521  172  594
4  817  814  815  295
4 3242 1942 3335 1238
4 2932 3005 2843 2763
4 1430 1230  438   33
4 1326  455    0 2528
4 1291 1290  390 1437
4  552 1240 2231 1120
4  186 2260 1372 1371
4 1579 1582 1173 2017
4 2044 2642 1187 2043
4 1769 2041 2353 1770
4   60  777  532 1429
4 2012 1675  928 1389
4 2648  275 2238  971
4 2618 2908  683 2213
4  166 2489 1352  167
4  671 1963 1146 2757
4  268 2223  266 3286
4 2088 1712 1714 1123
4 1898 2843 1556 2932
4  976 1844 2249 2726
4 2088 1239  331 1123
4 2994 2024  632  362
4   44 2132 2133 2130
4  707  645  425 1788
4 1416 2740 1529   73
4 3324   96   98  265
4 1996  696  715 1997
4 2770 2320 1055  175
4 1286 3335  872 1238
4  892  346  846 2324
4  441  439 2035  440
4 3005 1898 1906 1897
4 1384 1365 1771 1363
4 1661 2155 1892 2154
4  402 1045 2197  830
4 2289   15 2491 1879
4  539  832 1281 1280
4 2932 1898 3005 1897
4  319 2237  317  122
4 1213 1212  532 1211
4  779   60  778 1818
4 3279 2555 1290 1811
4 1231  918 1233  921
4  747 1598 2491 1878
4  461  970  296 2272
4  782   86   87 1800
4  163  916 2357 3034
4 1681   37 1353  739
4  249 1855  794 2074
4 2066 2423 2065 2067
4 2454 2485 1621 1207
4 1129  631 2098  362
4  184 1372  186 2172
4 1184   35 1821  784
4  533  532  534 1211
4  437 1431 1984  393
4  595 3083  592  593
4  425  424 1321  706
4 1537 1481   37 1681
4 1901  915 1902 2971
4 2448  319  321  322
4 2095 1061  130 2096
4 2370 3296  329  327
4 3334 3335  872 1286
4 2980 1395 1088 1396
4  362 3318   28 2534
4  875 1703 1706 1704
4 3033  788 2691 1475
4 3300 3289 3188  886
4 2963 2411 1269 1268
4 3313 3327 1511 1822
4 1465  900 1466 2027
4  730  385 2415 3293
4 1972 1699  855 2241
4 1287 2852  342 2653
4 2224   17   18 2120
4 1007 3165 2420  303
4 1868 1867 2156 1870
4 2932 2843 1556 2763
4 2479 1615 1332 1333
4 2811 2424 1730 1960
4 1931 1369  471 1324
4   44 2307 2098 1128
4 1537 1887 1482 3199
4 3240 1715 1633 1716
4 2118 1857  328 2119
4 2449 3190  596  545
4 1224 1225  602 2531
4 1855 2073 2074  319
4 2088 1239 1714 1712
4  207  204 2448  206
4  367  365 1252  409
4 3002 1872 1679  927
4 1377 2664  932 2662
4  681  682 1162  706
4 1408 2944 1187 2044
4  706 1321  681  424
4  362 2534  360 2533
4 1279 1006 1278 2082
4 2718 2283 2285  767
4  477  719 2079  479
4 1702 2453 2068  855
4 3124 1987 2314  544
4  115 1776  893  894
4 1670 2717   30 1004
4 1335 1332  658  659
4 3091 2381 2702 2382
4 1111 1428 1278 3092
4 2692 2395  721 2091
4  148   94  383  145
4 1621 1685 2485 2444
4 3101 1709 1174 2696
4  286 2517 1068    3
4 3014 3116 3015  591
4 1926 1925 1907 2250
4  919 2055  920  487
4  747 1025 1713 1878
4 1721  316 1181  122
4 1711 1863 2684  356
4 1821  585 1875  112
4  257  866  868 3300
4 1954  885 2313 1655
4 1321  681  591  647
4 1681   37  204 1976
4 1389 2012 1675 2010
4  948 2933  664 2454
4  922  115 1776  483
4 1171 3096 1170 1168
4 2648 1087  971 1396
4  207 1790 2242  205
4 1587  509 1586 3315
4 1093 1096 2092 1135
4 1970 1947 2411 2687
4  362 2994 2024 2535
4 1025 1026 1713 2893
4  223 3261  220 2527
4  513  515 1077  516
4 1036  258  255 1526
4  594  544 2521  172
4  354 2187  834  355
4  712 1918  470 1476
4 1546 2606 3044 1452
4  892 2143  846  505
4 1878 1598 2491 1879
4 1165  891  890  328
4  825 1985 1475  788
4 2570  623 1870 2182
4  393  437  113 2915
4   36 1411 1459 1458
4 2196 1240 2362 1917
4  585  190 1525 1523
4  630 2927 2824  632
4 1323 2179 1025 1909
4 1969 2687 1947 1970
4 1846  833  506  507
4 1279 3177 1276 2061
4 1213 1606 2877  773
4 1079 1078    6 1081
4 3078 3077 1197 2985
4 3118  743 1836 1277
4  928  957 1335 2521
4 1134 1133 2691 1135
4 1299 1403  540 2781
4 1124 1125  874 2913
4   61 2709 2326   62
4 1315 1313 2367 2366
4 1224 1570  692 1843
4 2478  268  269  266
4 1585 2567 2445  400
4 1141 2462 1440 3132
4 1008  511 2737 1637
4 1530  500 1532 1755
4 2316 2077 2078 2076
4 2408  241 3282  243
4 3128   69  105 3016
4 2067 2066 2858 2288
4 2066 2860 2423 2067
4 2193 2192 1945 1670
4  600  602  862 1224
4  241 2719 3282  243
4 2932 2256 2763  888
4  362 2024   28 3318
4 2605 2125 2541 2127
4  329  327 3296 2183
4 1136 1138  804  261
4 1979  517 1533 1625
4  319 2237 1558 1855
4 1265 2657 2571 2572
4 1268 1269 2523 1109
4  933 2796  432 2888
4  243 2719 3282 1824
4  329 1858 3254 3139
4 1859  247 1023  246
4 1293 1294 1166 1752
4 1479 1168 3096 1171
4 1643 2603  556 1282
4 1637  509 1587 3315
4 3083  365 3015  409
4 1720 1180  535 1255
4 2968 1828  497 1735
4  672 2124  871 1874
4 2648  275  204 1975
4 1117 3035  275 2297
4 2634  199 1714  198
4 1815 1580 1582 1581
4 1571 1573  599 1574
4 1943 3118  743 1836
4  881  244  247   88
4 3123 1570  692 2050
4 1636 2660  351 2659
4 2087  815 1110 1111
4  972 1006  463  815
4  396 3086 2517  287
4 1756  486  569 1400
4  482  118  923  924
4  496 2363 1782 2364
4 1625 1626 1521  921
4 1308   73   74 1065
4 3002  517 1342 1272
4  913  160  159  914
4  751 3336 2315 2376
4 2415 2418 3006 3257
4 3301  666  571  570
4 1008 2737 3319 1637
4 1637 2737 3319  837
4 1462 1461 1143 2704
4 2808 1816 1104 2157
4 1712  229  198 1917
4 2464 3270 2466 2772
4 1056 3221 1880 1881
4 1163 1103  591 3017
4 1898 1624 1907 1926
4 2764 2550 2531 2165
4   62   60  772 2326
4  355 3028  217  353
4  474  766  524   80
4  861  240 1241 2625
4  757 2953 2954 2107
4  156 2973  155  153
4 1501  546 2265 2449
4  941 2764 2165 2382
4  778 1254 1253  777
4 2892 1769 2818 2353
4 2087  998 2523  943
4 1427 2082 1006 1279
4 2219 1262 2572 1265
4 2219 2572 2656 1265
4 2945 2507 1629 1631
4 1753 1064 2470   72
4 2740 1339 1340   73
4  559 1167  558  525
4 2006  958 2003  302
4  785 1985  788 3033
4  165 1256 2022  167
4 1564  579 1563 1561
4 1087  276 1088 2648
4 2044 2886 1650 2644
4 1272  519 1679 3002
4  916 2289  917  163
4 2492  125  126 2083
4  475  728 1790  922
4 2465 2463 1659   34
4 2368 2722 2168  347
4 1542 1759 1640 2149
4 1111 2087  815 1428
4  207 2448 2074  206
4  556 2628 2627 2629
4 1251 1252  960 1859
4  440 1180 1181  403
4 1326    0 3198  921
4 2066 2858 2860 2067
4   16 1855   18 1222
4 2081 1248 2082 1278
4  130 1952 1061 2095
4 2629 2628  800  556
4 2208  927 2209  422
4 2169 1559 2171  730
4 2226 2227 2869  625
4  926 2860 1841 1673
4  774 2144  901  505
4 2267 1269 1970 1268
4 3183  408  245  247
4  198 2964  229  180
4  141  144 2315  378
4 2873 2871 2872 2119
4 1503 3163 1502 1152
4  528  735  558  560
4 1526 1975 1976 1977
4 1731 2087 1647 2382
4  864  239 2864 3012
4 2112  818  819 1483
4  941 3091 2764 2382
4  673  121 2591 1020
4 1681  275 2297 1977
4 2382 2165 1647 2550
4 2808 1490 1488 2157
4  293 1185  345  703
4 1678 2453  665 1679
4  168  609 2105  980
4 1483 1338 1336 2111
4 1380  890  329 2184
4 1150 3112 2434 2412
4  677  675  678 1337
4  508 1141  507 1142
4 2366 2367 1315  843
4 2623 3216 2052  467
4  742 2217 1542 1541
4 2512 2621 2644 1650
4 1247 1515  977 2313
4 2268  242 1729 2524
4 1832 1831  731  477
4  467 3216 1710 2623
4 2557 2743  223 1827
4 1776  728  893  894
4  122 2448  597  598
4 2291 1369   14 3078
4 1155 1686 1013 1156
4  602 2139 2239  601
4 3150 3059 2900 2625
4  405 2237   18   16
4  884 1655  885 1954
4 1330 3305 3099 1504
4  545 3190 2265 2449
4 2625 2899 2900 3150
4  546  545 2265 2449
4 2859 1673 2860  422
4 2623 2082 1006  972
4 1421 3223 2575 1422
4  533 1211 1246  774
4  876 2421  877  878
4 3151 1940  110  760
4  481  480  482  923
4 1762 2098  363 1415
4 1278 1248 1006 1247
4 1727 2224 1724 2120
4  512 2501 1637 1538
4 1176 2585 2587  272
4 1922 1668 1630  206
4 2068 1701 2797 3209
4 2519 1210 2877  773
4 1440 1370  907  123
4 3011 1582 1815 1838
4 2204 2203  632  361
4 1068 1069  415 2532
4  555 2018 2019 2000
4 2418 2931 1362  730
4  389  388  579 2505
4 1392 1924 1393  905
4 2221   11  868 2220
4  933  932 1377  931
4 2091 1135  721 2692
4 2254 3331 2119   57
4  446 1041  143 1042
4 1638 1639 2988 1449
4  154 3004 2503 2504
4 1754 1998 2951  460
4  193 2285 2175  767
4  818 2991 1271  612
4 1405 3201 1408 2086
4  901 1245 1216 2548
4 2977 2101  430 1816
4  150  294 1667  553
4 1050 1885 3199 1482
4 2011 2988 2012 1449
4 2715 1876  863 3149
4   93   92   94 2501
4 2350 3303 2351  107
4  706  285 1162 3017
4  262 2821 2278  259
4 1194  596 2449 1899
4 1454 2170 1455 2171
4  476 3087 1853 3029
4 3248  113 1474 2464
4  885 2041 2353 2354
4 1776  728  386  385
4 1160 1159 2471  741
4 1782    8 1552 2577
4  525  713 1032 1266
4  552 2229 2230 2913
4  261  395  804 1136
4 2096  493 1171  131
4 2628  798  800  556
4 2181 1073 2818 2353
4 3033  722  471 2691
4  992  529  993  531
4  214 1693  215  813
4 1180 2817 2891 2816
4   10    9 1314   11
4   61 2326   60   62
4 2617 1671 2482 1380
4 1523 1524 1525 1897
4  673 1875  597  124
4 1630 3261  223 2527
4 3276 2408 3282 1281
4 2595 1533 1979 1413
4   11    9 1314 1312
4  758 2885  526  735
4  172  170  171 1750
4 2825 1319  851  914
4 1829  497  289  399
4 3256 2618 2908  683
4 3012 3181 2042 3264
4 2925  800 1643   57
4  628 3225 2841 1441
4 1481 2647 2110 2566
4 2941  989   42 2269
4  585  190 1150 1525
4  773 1210 2877 1213
4 1917  695 1714 1125
4 1991  285   31  706
4 1033   79 1032  162
4  331 1941 2869 1942
4 1387  653  904   45
4  917 1901 2477 3333
4 2189 1641 2069    1
4  217  353 1158 2544
4  138 1896  454 1553
4 3229 1269   40 2267
4 2662  789  791  932
4 1229 2725  167 1227
4 1587 1702 1010 1700
4  758  526  757 1266
4 2558 2557 3302 2173
4 2131 2823 3180 2133
4 1655  977 2313 1954
4 2262 2086 1187 2510
4 2371 2746 2724 1307
4  244  246 2103 1023
4   51 1980  265 1974
4 1209 1077 1143  533
4 1480  820  435 1483
4 2766 1940 3008 3151
4  976 2840 1048 2654
4 1507 3322   14   12
4 1757  568  569  570
4  688 1013 1014 1156
4 1426 2325   42 2785
4 1219 3134 2481 1221
4 1648 1169 1170 1275
4  446  444  842  443
4  502 1439 1448  503
4  219 2168  344  341
4 1859 1252  960 1516
4 2700 2630 2764 2550
4 2238 1396  971 3173
4 1125 1201  695  874
4 1674  422 1872 1675
4 2548 2144 2057  901
4   71   70 1632  648
4  176 1749  174 1612
4 1333 2674 1872  928
4 1975 1898 1899 2677
4 1537  566 3247 1766
4 2044 2114 2886 2043
4 1014 1011 1671 2480
4   69 2849  648   71
4 2153 2536 3063 1438
4 2328 2380 3013 1921
4 1270 1662  611  650
4  698  736  696 2851
4 2802 1232 1233 1231
4 1642  711  709   53
4 2160 1600  950 3081
4  649 1864 1633  650
4  597  121 2591  673
4  758  756  757 2953
4   68   70  106   71
4 2854 1352 1674  166
4 2763 3004 3294  154
4 1275 2550 2701 2381
4 2309 2311 3135 1488
4 3103 1435 1509  606
4  505 2057  901  507
4 2099 1059 1693 1781
4  911  846  847  508
4 3091 2016 2381 2382
4 2604 3186 2603  556
4    7    5    6 3219
4 1536 1549 1682 1683
4  262 2278 1041  446
4  261 2083  259  262
4   69  648   70   71
4  559 1167  525 1033
4 1941  331  333 1286
4 1787  544  903 3124
4 3206 2879 2607 2204
4 1360 1358 1850  668
4 1134 1026 1133 1132
4 3337 3330 2735 1462
4 1416 1529 1478   73
4 2501   95 2500 3037
4 2358 2679 3268 1802
4  922  210 1694 1398
4 1571 1843  599 1573
4 3112  584  587 1150
4 1615 1332 1334 2140
4 2674 1872 1675 1450
4 1965  869  870  674
4 1813 3192 1814 1815
4 1949 1590 1591  997
4 1068 2667 2517  396
4 3307  953  956  387
4 2590 3001  720 1619
4  186 2259  985 2511
4 1364 1694 1498 2385
4  917 2477  746  605
4 1254 1253 1761 1255
4 2918 1716 1997  697
4 2812 3000  573  575
4  588 1103 3015  591
4  258  255  156  257
4 1553  139  454  138
4 1625 2733 1679 3002
4  682  285 1162  706
4  811 2429 3117  813
4 2088 2178 1510  334
4 2207 2206 2708 1370
4  574 1661 1780  572
4 1214 2288 2874  419
4 2508  317  598  322
4  341 2496  216 3328
4 2557 2743 2959 2173
4  527  580  583  525
4 2173 2959 2956 2958
4 2985 2961 1197 2962
4 2428  116  850 2467
4 3102  907  909 1462
4  419 2288 2858  421
4 2557 2959 3302 2173
4 2153 3063 1564 1438
4  321 1559 2171  956
4 3315 1010 1587 1637
4  325 2876 1915 3298
4 1569 3204 3205 1570
4  721 1096 1135 2091
4 1537   37 1353 1681
4  859  858 1492  962
4 2546  868  378  377
4 3078 3231 3161 2985
4  305  748 1007  751
4 1991  426  704  707
4   43 1970 2269 2267
4 2995 2216 2243 1305
4 1354 1751  740 1353
4  628 3061 2787 2841
4  910  317  440  316
4   81   83  766   82
4 2449 2591 1090 1899
4 1282  800  556 1643
4   61 2709   62   63
4 1171  100  493  102
4 1282 2603 1646 1643
4  881   89 1854  880
4 2700 2895 3287 2701
4  743 1836 1277 1428
4 1974  265  450 1056
4 1667  999  294 1000
4 1475 2691  471  472
4   92  148 2501 2038
4 2681 1015 2348 1503
4 1479 3096 2273 1171
4  430 1816  431  432
4 1056 1974  265 1881
4 2843 2930 1906 1904
4   49 1911   48   50
4 1008 1010 1637  416
4  960  365 1252  367
4 1028 1026 1133 2893
4 1468 3102 2805  908
4  816 1428 1647 1648
4 1369 3231 1204 3078
4  697  678  698  435
4   43  294 1001 1071
4 1231  716 1233 2826
4 1510 2178 2179 3048
4  261 2083 1138  608
4  173 1480   65  435
4 1931 1369  470  471
4 1038 1478 1566 2936
4 1079 1490 2862  368
4  441 1467  985  910
4 1694 1498 1398 1993
4 1068 1518 2517 2667
4  324 2771   66  252
4  673  672 1874 1821
4 3297 1611  669  670
4 2020 3214 2021 2022
4  279  278 3143  281
4 1963  669 1964  671
4 1115 2106 1482 1887
4 2382 2087 2165  943
4 1817  430  429  432
4  127  749  143  939
4  362  632 2098  361
4  131 3312  129  132
4 2407  242  243 1179
4 1113 2922 1920 1115
4  152  151  627 1962
4 2394 2025 2393   17
4  218  216  342  159
4  465 1710  970  468
4  855 2398 2068 2065
4    3 1517 1518 1938
4  432 2795  429 2796
4 2985 3077 3161 3078
4 1653 2699 2409 2537
4 1439 2699 1653 2537
4 2752 1349 1351 1258
4  158 2455 2457  159
4 2468 2109 1085  793
4 1105 1910 1921 1862
4  432  789 2796 2662
4 2843 2763 3005 3294
4 1612 2609  175  176
4 2700 3090 2895 2701
4  712  643  164  642
4 1338  678 1336 1337
4  508 1440  847  911
4  168 2335 1460 1873
4   69 3129 2849 3016
4 2197  394 2302 1058
4 1730  998 3092 1731
4  732  211  479 2242
4 2527 1852  474  473
4 1879 1025 2491 1878
4 1776  893 1362 2415
4  309  662 1272  822
4 1249 1805 1807  798
4  305 2401 2504 2778
4  597 2591  596 1899
4 1729 1225  242  814
4 1435 1436   12   15
4 1143 3210 3280 2704
4 3078 2547   14 2291
4 3227 2375 2645 2608
4   15 1509   12 1435
4  865 3188 3144  868
4 1735 1733 1069 2981
4 3017  952  285 2276
4 3061  149 2787  151
4 1631 3320 1630 2602
4 2056 2144  833 2057
4 2774   64   67   65
4  288  571  569 1866
4 2104  776 2256 2778
4 3301  396  398  571
4 1843  692 1169 2356
4 2209 1674  422 1872
4 1223  899 1252  593
4 2457 2866 3100 2759
4  218 1285  912  914
4  103 1169 1680  692
4 1507 2179 1025 1323
4 1036  255 2105 1526
4 2203 2880 2822 2836
4  593 1341  654 1343
4 2153 3145 2536 1438
4 1520 2938 2305 1626
4  705 3015  591 2053
4 1020 3190  870  936
4 2242  732 1790  207
4 1809 1017 1018 2348
4 1636 2640 2322 2547
4 1827 2743 3079  222
4  984  981    1 2070
4 2937 1567 1566 1365
4 1104  931  933 1921
4  587 2633  584 3112
4  538 3276 2327 1280
4 1024  300  531 1411
4 2498 1241 1120  240
4 1781 1693  215 1059
4 2986 2982 1698   44
4 1526  255 2105  887
4 1296 3317 3293  385
4 1071 2538 1073 1072
4  812 3143  458 2568
4 2096 2093  130 2095
4 1259 2831 3016  486
4 1526  155  255  887
4  249  879  881  795
4 1231 2294  919    0
4 1014 3134 2481 1410
4 1651 1649  692 2643
4  683  680 2908 3256
4   48   50  793   51
4  844 1851 1107  493
4 1033   77  162  559
4 1790  728  386  922
4 3133  374 2725  167
4 1707 1709 1792 1793
4  594  595  661  544
4 1750  170 1924  904
4   10 2220  865   11
4 2370 2924 2119 2926
4   54  979    2 2015
4  282 3045  283  285
4 1200 1407 1406 2678
4 1018 1347 1722 1723
4 2208  927  422 2067
4 3050 3214 2688 1228
4 2104  168  609 2105
4 1683 2907 1682 1759
4 2913 1125 1201  552
4 1329  607  609  377
4 1621 1623  336 1206
4   75 2072 1993   74
4 1277 2313 3092 2730
4  394 1981  457  401
4 2031 3131 1997 1497
4 1199 1406 2115 2678
4 2831  485 3016  486
4  545  596  548 1193
4  709  711  708 2976
4  346  783 1802 1002
4 1931 1919 2985 1198
4 1500 2073   18   23
4  917 1962 1598 2477
4  135 1487  633  136
4  760   73  761 1339
4  115  893 2285  894
4  921 1521 2733 1326
4 2297 2319 1682 1681
4  679  214 2638  213
4 2385 2384  765 2936
4 1311 2975  517 1310
4  729 2931 1578 1575
4 3096 2697 1061 1170
4  773 1606  772 1213
4 2677 2250 2251 2277
4   51 1355 2632  771
4 1781 1285  912 2143
4 1683 1294  739 1681
4  281 2430 1319  278
4 1002  783 1802  967
4 1689 1685  225  224
4 2232  595  858 2554
4  752 2116  753  754
4 2076 3106 2079 2078
4 1707 1708 1174 1903
4 1648  743  131  493
4  203 2246 1505 3105
4  860 1225  242 2263
4 2237 1181   23  319
4 2915  111  113  128
4 2221 1314   11 3072
4   53   52  709   55
4 1670 2461  685 2193
4 1732 3174 2343  995
4 2652  479 2242  740
4  584 2798 2633 2838
4 1323 1330 1909 1325
4 1013 3208 2882 1164
4 1555  792  431  432
4 1383 1771 1532 1384
4 2318 3030  966  963
4 1268 1269 1970 2411
4 2691  788 2893  371
4  814  815 1110  816
4 1472 2013 2014 1313
4 2508 2419  184  185
4 2015 2367 2013 2671
4 1296 2943  385  120
4 2444 1690  336 1621
4 1296 2943 3317  385
4 1247 2516 2313 1278
4 1337  675 2334  677
4 2932 2105  887 1526
4   15   12   13 1202
4 3307  956 1559  387
4 2160 2036  235 2037
4   51 2632  770  771
4 3198  709 1642  710
4 3064  743 1277  745
4 3229  294  295 2267
4  637  305 2401 2504
4 1809 2846 2555 1811
4 2814 1108 1680 2257
4 1903 2190 2753 2139
4 2213 2210  681 2212
4 1333 1533 1873 2479
4  749 2315  751  141
4 2133 2823 3259 2131
4 1280 1379 2328  538
4 2079 2076  479  717
4 1411  174 1459 2595
4  850  116  483  115
4  360 2534  624 2533
4 3039 2804 2751 3250
4 1696 2442 1695 2233
4  542  541  991  990
4 1527  344  342 2653
4  653  904  905  903
4 3236 3241 1100  365
4 1449 1654 1448 1439
4  590 1103  591 1163
4 1776  386  923  385
4  856 2846 3272 1810
4 1649 1650 2514 1651
4  336 1208 1206 3109
4 2730 1730 2137 2425
4 1661 1514  370 2182
4 1311  651 1272 1840
4   55    1 1642 1641
4 2354 2181 1073 1071
4 3043  657  656  459
4  128 3237  111 1717
4 3288  986   91  988
4  477  478  719  479
4  127  111  749 1717
4 1142 1692  901  774
4  819   67 1052   65
4  790 1860 2129 2116
4 2289   15  606 2491
4  450  448 2631 2751
4 1851 1680  103 1648
4 3306 1601  949  455
4 1565 1478 1038 1040
4 2022 2919 2020 3262
4 3290 3051 2695  627
4 2165 2966 2531 2764
4 2483 1232 1706 2221
4 1918  323 2922 1920
4 1929  499  947  619
4 2213 2211 1162 2728
4 1838 1815 1647 2381
4 1843 2847 1573 1569
4  747 1962 1598 1878
4   36  174  176  137
4 2024 1605 2375  629
4 2833  979  978  375
4  808 1932 1057  301
4 1220 2457 1422  159
4 2057 2056 2144 3269
4  506 1846 1847 2670
4  826 3215 1791 1140
4 2614 2240 1971 1690
4  774 1692  901 1245
4 1039   74 2369 2539
4 1018 1290 2348  390
4  184 2945 1372 2172
4 1903 2753 1274 2139
4  696  715  716  699
4 1203 2999 1205  755
4  270 1718 1719 3304
4 1191 1985 3032 3033
4 1091 1524 1906 1897
4 2648 1899 2238 1975
4 3225 2598 2226  625
4 2581  161  268 1961
4  427 2721 1132  352
4  890  689 1013 1164
4 1165  686  326  890
4 1702  950 2453 2454
4 1790  732  210  922
4  609  608  313  417
4  529  135  633  136
4  732 2089 1398  924
4 1308 1040 1066   74
4 2114 2912 2113 2115
4 1537 1481 1482 1887
4 1029 3329  427 3068
4  321 1455  319 2074
4 2057 1846  833 2056
4 2623 2270 2827  972
4  420 2967 2854 3093
4 2204 2607 1604 2879
4 2249 3083 1252  593
4 2308 1481 1482 1537
4 1371 2260 2805 1469
4 2101 3260 2100 2102
4 2984 2999  756  755
4  898 2200  114  126
4 2317 2754 2755 2319
4 2707 1371 2805 1469
4 2267 1269   40 1970
4 2655 3015 1236 2053
4 2057 1216 1217 3269
4 1310 2975 1401 1311
4 2014 2367 1315 1313
4  258 1043  640  641
4 3238 1906 3005 2843
4  572  573  575 2812
4  443  840  842  843
4  137 1458  139   36
4 2280 2938 1295  519
4 2423 1697 2121 1388
4 1687 2234 2235 3148
4  207 2641  312  930
4 1732 2137 1731 1730
4 2247  827  393  392
4  963  966 2318 1977
4  820 1336  435 1483
4 3061  945 3051  151
4 1131 1464 2100 3169
4 1156 2482 1014 1671
4 1201 1819 2252 1200
4 2012  171 2521 2011
4 1469  985  186 2259
4 3318  684 2023 2024
4 3318 2023 2994 2024
4 1431 2247 1984  393
4 2823 2822 3180 2133
4 2394 2025 2224 2393
4 1907 1905 2251 1904
4  507 1847  506 1846
4  412  173   36 1918
4 3239 3218  863 2784
4 2302  401  522 1818
4 2149  274 3035 1640
4   16 1018 1811 1812
4  599 2139  602  601
4    3    1    2 2189
4 2904 1019 1370 1020
4 1901 1962  161  917
4 2528  919  920 1798
4 1619 3001  720 1545
4 2728  682 1162 2213
4 1968 2675 1185  345
4  104   68 2346  106
4 1556 1624  641 1888
4 1200 2252 1201  874
4  417  168  609  418
4   57 2119 2370 3331
4 1910 2794 2380 3313
4 1384 1382 1365 1381
4  226 2614 1971 1690
4 1426   40   42 1071
4 1796 2987 1697   45
4  384 2737 1637  837
4 1546 1657 1452 1198
4 1543  458  459  457
4  493  743  131  744
4 1360 3086 3146  668
4  562 1097 2475 1099
4 2111 2110 1336 1483
4  761   72  110  115
4 1221 3148 1013 3202
4 1227 3133 2725  167
4 1236  407 3015 2655
4 1692 1215 1245 2703
4  501 1448  503  502
4 1878 1025 2491  747
4 3148 3100 1221 1687
4 1977  966 2318  433
4  765  192  193  762
4 1545  720 2290 1544
4 1071   40   42   43
4 1418 2372 2705 2371
4 2221 1703 1314 3072
4 2123  672 2124  871
4  888 2256 2504 2778
4 1678 1521  519  951
4 1922 1395 2980 2682
4 1651 2644 2514 2643
4 1221 1218 3196 1220
4    0  286  455 1326
4 2369 2948 2949 3291
4 1489  311 1488 1555
4   17 2025 2224 2394
4 1793 1174 1903 1707
4 3246 2631 3121  450
4  628 1124  625 3225
4  788  825 1985  785
4  455 3306 1601 2387
4 1917 1240 1201  552
4 2029 1768  237 1769
4 1460  168  980 1386
4  421 2967 1674  420
4 1667 1961  947  150
4  611  610   65 2774
4  137  174 1459   36
4 2071 3334 3194 1124
4 1156 3107 1013 1155
4  999  540 2089 2911
4  315  314  259  445
4 2318 2853 3030  963
4  866 2934  715  257
4 2774   66   65  611
4 1035  173 2055  434
4 3248 1473 2420 1474
4  203 3256 2713 1889
4  542 2780 2948 3291
4  600  863  862 1876
4  842  444  840  443
4 3311 1374 3115 2689
4 1506 1423 1505  683
4 1299 1404 1348  118
4 1661 1660  622 2154
4 1300  643 1666  371
4 1213  532  772  773
4 1979 1309 1533  517
4  128  126  127  111
4 2684  462  781  356
4  405   19 2147 1722
4 1143 2597 1076 2703
4 2623 2451 2270 2452
4  343 2281 2759  342
4  683 2618 2619  201
4 2467  116  850  115
4 2229 2272 1442  461
4 2152  875  877  878
4   66 1054   64  253
4 1286 3335 3242 3334
4 2220  865   11  868
4 1605 2375 1603 2608
4 1405 1407 2403 1408
4  935  674 1020  673
4 2768 1418 1307 2372
4 1138 2493 2083 2855
4 1706 2221 1232  715
4  539  536 1377 3026
4  315  607  259  608
4  243 2719  240  241
4  820 2991  678 1338
4 1274 2701 1793 1275
4 1525 1150  191  190
4 2337 2094  102 2096
4  141 2952 2778  776
4  258  255  256  699
4 1991  360  361   28
4   11   10 2220 3072
4 3103  603 1316  606
4 2262 1570  692  861
4   16   17   19 2148
4 1925 2930 1624 1907
4 1950 3019 3011 1062
4  918 1626  920 1861
4 1931 1369 2291 2985
4 2218  210 1694 1695
4 3142 2575  562 1422
4  931  932 1404 1357
4 1055 1054   66  254
4 2187  969  506  834
4 3308 1726  794 1725
4 1820 2252  694  695
4  322  317 2419 2508
4  763 2936 1529 1038
4 1311 1272  517 2975
4   37   38  204 1976
4  217 2143  563  218
4 2602 1852 3320 1630
4  497 1808 1539 1540
4  204  739 1542  742
4 2939 1385 2489 2854
4 3291 2470 2369 1494
4 1683 1640 1542 1759
4  616  269  619 1832
4 2232 2750 1653 2699
4 1556  155 2763 1992
4 1882 3309 1434 3039
4 2535 3318 2994 2024
4 2985 1205  755 1931
4 2381 2550 1647 1275
4 1813 1581 3192 1815
4 1901  915  917  163
4 1503  578  579  576
4  167 2919 2022 3262
4 1523 1833  776  112
4 2928 2202 2203  632
4 1630  729 1631  322
4 2228 2270 2622 2616
4  907 2708 1370 2207
4  384  148 2501   94
4  512 2036 1446 2038
4  323 2320  324  412
4 2209 1385  709  420
4 3225 3243 1124  625
4  623 2862  371 1080
4 2478  151  947 1961
4 1291 1437  390 1126
4  124  597  391 1875
4 1121  370 1666 2196
4 2033  485 3016  650
4 1747  540 2164 1404
4 1134  722 1324  720
4 1057 1932 1933 1934
4 3040 1706  875  878
4  562 2758 1098 2281
4 2984 2983 3161 2985
4 2101 2157 2102  431
4 2934  255  257  887
4 1729 1225 1226 2264
4 1215 1245 1216  901
4 1263 2880 2837 3314
4 2715 2901 3205 3149
4 1781 2143  846 2324
4  164  162 2357  713
4 1232 1233  980 2802
4 1217  901  507 1144
4  416 1637 1538 1010
4  240 2719 2339  241
4  798 2001  838 2222
4 1202 1204 1369 1205
4 3239  240 1147 1145
4 1255 1761 1347 2820
4 2181 2042 2864 3012
4 1487 1402 1884 2726
4  301  993  531  298
4 1061 2698 2697 2723
4 1336  966 2318 2340
4 2845 3157   90  431
4 2115 2912 2230 2114
4 2104  608  776 2952
4  312  987 1057 1555
4  421 1674  422  420
4 1600  950  498 2160
4  798  838  839 2222
4 3039 3309 3182 1882
4  599 1573 1843 1572
4  207  732  479 2242
4  947  617  619 2650
4  186 3302 1372 2956
4 2484  518 2975  517
4 1427 1680 1428  816
4  501  504 1257 2752
4 1681 1682 2297 1640
4  272  270 1442 2587
4 2260 2956 2259  186
4 3279 2409 3089 1290
4   27   25 1077   24
4  471 1476 1192 1475
4 3269 2056 2144 2145
4 3005 2003 2004 3004
4  604  332  606 1510
4 1014 1686 1013 3134
4 1572 1707 1792 1903
4  497 1069  289  399
4  141  748 2778 2401
4 1540  148 1538  497
4 2616 1650 2622 2228
4 2477 1962 1598  747
4 3204 3205 1570 2262
4  893  223 1362 1827
4  573 2812 2360 1596
4 2179 1330  183 1909
4 2272 2585 2978 1176
4  450 2631 3121 2751
4 2304 1948 2440 1770
4 1373 1374 3115  803
4 2831 1053 2321  611
4 2024 2023 2994  629
4 2086 3201 1408 2048
4  242 2407 3176 2524
4 2215 2217 2214  742
4 1304 3168 2569  787
4 1188  972  815 1427
4 1489  368 1491  369
4 1166  583 1294  581
4 2904 2905 1019 1020
4  472 1476  471 1475
4  830 2338 1584 3178
4  218  342 2653  851
4 1123  149 1124  628
4 2778 2256  887  888
4  363  704  905  360
4  709 3281  711 2976
4  731  268  269 2581
4  257 2201  866 3300
4 1000  999 2089 1665
4 2987 1698 1697   45
4 1035  174 2055  173
4 1313 1314 2014 1472
4 1602 2793 1604 2608
4 3195 3307  953  956
4 1064 1063   74 1066
4 1535 3249 1361 1534
4 1991  361  704 1739
4 2854 1385 2489  166
4 1752 1294  741 1292
4 1199 2115 1201 2678
4  493  103 1851 1107
4 3314 2880 2879 1263
4  899 2249 1236  409
4 1732  998 1960 1730
4 3068 3329 1132 1029
4  884 2312  882  885
4  909 1468  439 1467
4  363 2098  362 1129
4 2517 2667 2150 3086
4  409  365 1252 3083
4 3115 3130 1374 3311
4 3039 3182  450 1881
4  499  500  460 1755
4 1830  740 2242  207
4  387  119  752 2641
4  468  467 2452  466
4 1938 1517 1937    3
4 2539 2009 2818 2768
4  115   72 1494   75
4 2551 3001 2473 1619
4 2743 2931  223 1827
4 2753 2166 3287 1274
4  679  457  458 2324
4  850 3006 2417  849
4 1683 2459 1161 2460
4  459 1044 1045 1585
4 1035   37   38   36
4  863 2060 3217 2058
4 2480 1011 2481 1014
4 2047 1187 2050 1651
4 2818 2538 1073 2181
4  399  497 1069 2968
4 1535 1534 2224 2025
4 1916 1913 1914 2624
4 2787 1772 2842 2841
4 3253 1769 2041 2864
4 1842 2877 2144 2519
4  917  746  332  605
4 1931 1919 1453  470
4 1255 1346 1347 1720
4   57 1643 2119 2254
4  297  781 2684  462
4  570 1850  569 1849
4 3227 2645  685 2608
4 1064 2767 2724 1065
4 1455   22   23 1499
4  653  704  905  363
4  658 3244  661 2699
4   59   58   56  800
4  731  268 2581  642
4 2683 1530 1532 1755
4 1860 3153 2116 1456
4 1119 1729 2268  242
4 3229 1074  294 1071
4 2812 1778 1777 1780
4  829  803  898  382
4  207 1353  204  740
4 2976  708  710  420
4  333  335 2178  334
4  543  661  544 2521
4  540 2499  991  541
4 1930 1516 1361  856
4 2422 2121 2241 1699
4 2945 1629  184 1631
4 1088 1395 1394 1087
4  249  794  879 1725
4 2679 3268 1802 2788
4  306 2837 1273 2219
4 2131 2132 2133  225
4  285 3045  283 1804
4 1094  349 1132 2721
4 1472 1470 1368 2666
4  697  698  699  435
4 2592 2883  395  313
4 1437  165  388 1126
4 2267 1269 1268 1110
4 1380 2184  329 2183
4  164  161  643 1878
4 1746 3068 1745 2809
4 1050 2112 1052 1483
4 1673  926  422 1675
4    8    9   11 1315
4  110 3151  759  108
4 2491 1025 1510 2179
4  450 3246 2631 1355
4 1877 1568  862 1571
4 2102 1936 2157 2815
4 1832 2218  619  618
4 1926 1043 1624 1117
4 2229 2272 2616  272
4 1824 1823 1822 1281
4 2116  752  796 1456
4 1171 1169 1170 1648
4 2063 2814 1107  844
4 2911  540 2164  999
4 2382  996  998  943
4 1314 1313 1312 1471
4 2180 2876 1916 1920
4 1245 1692 1246  774
4 2213 2244 2909 3191
4 1603 1602 1604 2608
4 3229 1073  462 1074
4 3312  129  743  131
4 2751 3121  450 3039
4 1131 2559 2560 3169
4 1224 1274 2550 2531
4   42 1425   41 1424
4 2419 2508  317  985
4 1763 1608  724 1084
4 2963  943  940 2523
4 1390 1283  913  912
4  564 3247 2459 1549
4  484 3021 2832  487
4  325 2922   66  323
4  273  806 2616 3055
4  679  400  457  401
4 2093 3312  744 2096
4 1383 1382 2791 1771
4  950 1600 2933 3081
4 2731 1157  563  217
4 2625 1242 1243 2900
4 3003  323  324  412
4 2701 3287 1274 2753
4 2375 2023  685 2024
4 1870 2570 1869 1867
4 3293  385 1559  730
4 1373  522 2302 2197
4 1833 2256 2006 1523
4  582 1766 1887 1537
4 1666 2581 1665 1667
4 1255 2891  534 2816
4  464 1954  359 1073
4 2072 1498 1398  922
4 1483  820 1336 1338
4 1029  229  230  228
4  793   48  725 1764
4 1578  985 2419 1577
4  767 2285 2175 2284
4 1811 2410 1290 1653
4 2502  637  888 2504
4  199  693  695  196
4  909 3102 3330 1468
4  727 1630  321  322
4  369  931 2164 2911
4  951 1521  519 2938
4 1179 1119  243 1823
4 2552 1212 1592 1211
4  845 2144 1842  773
4  605 3333  603  917
4 1836 2897  743 1943
4 1281 3282  243 2408
4  902 2783 2651  521
4 2919 2020 1352 2022
4 2666 2013 2015 1472
4  216 2281  562 2686
4 2593 3311 3252 1374
4  334 3103 3277 1510
4 3068 3329 1135 1132
4 1755  500 2684 1530
4 2148   17 2026   16
4 1527 2292 2497 2653
4  703 1185   32 1834
4 2410  858 2232  660
4  788  787 2570 2365
4 3291 2780 1493 1494
4  793 3321   50 1763
4  446 2278  259  262
4  421 2859 2858  422
4  309  651  306  821
4  399 1829  497 2968
4 1467 1468 2259 1469
4 2625 3059 2715 3150
4 2653 2852 2636 1287
4 2546 1315  843  376
4  793  724  725  726
4 1453 1657 1452 2606
4 1636 2547 2322 1617
4  120  482  923  481
4 2577 2578    8 1552
4  641 2397  258 2549
4 1414 1415  651  652
4 1148 3112  587 1150
4 1121 1666  553 2196
4  475  728  894 2527
4  136 1487  633  635
4 1063 2469 2369 1066
4 2177  333 2088 2634
4 3105 2246  202  203
4 2335 1385  709 2209
4  902  521   63 2505
4 1230   33 1045  392
4 1994 1996  715 1997
4  905 2533  360 2734
4  718  478 2652  717
4  964 2397  258  641
4  793  264  725  449
4   97  264  725  793
4  677  676 2991  678
4  273 2114 2230 3054
4  592 1787 2276 3222
4 1764  724  725  793
4  627 2227  746 3290
4  593 1946 2726  634
4  418  388 1228  165
4 1723  778  535 1818
4 1097 2758 1098  562
4 1736  414 1733  836
4 2553  532  534 1255
4 3245 2666 1367 1368
4  961 3083  962  960
4 2350  110  116 1826
4  450 1974 3182 3246
4 1871 1654 1332 2479
4 1057 2102 1933 2157
4  973 2657 2571 1758
4  278 2635 2430 1319
4 1551 1594  841  842
4 1873  168 2335  166
4  570  571  569 1850
4 1034 1035 1976 1615
4  963 2318 2319 1977
4 2483 1314 2221 1703
4 2320   66 1055   65
4 1812 1018 1811 1809
4 3250 3122 2751 3039
4  978  373 1652 2990
4 1103  705 3017  592
4   39 1918 1927  712
4 2491  332  606 1598
4  359 1655  977  357
4  905  360  952 2734
4 1842 2694 2144 2693
4  508  783 2391  911
4 1160 1161  741 1683
4 1105 3219 2862 2863
4 2494 2722  969 1002
4 2467 1776  893  115
4 1214  708  420  419
4  431 2157  987 1555
4 1325 1132 1094  351
4  212  214 1693  215
4 2280 2484 2775  520
4  786  824 2365  788
4 2027  993  994  900
4  217  561 2731 2732
4 1552    8 1315 2578
4 2039 2963 2411 1269
4  814  240 1225  242
4 1713  229 1909 1712
4  704  654  903 1844
4 3187 2005 3238 1524
4 2067  926  422 2860
4 1445  234 2036 1446
4 2827 3326 2451 3232
4  574 1661  370 2182
4 1872 2674 1871  166
4 2516 1276 3065 1277
4 1878  643 2893 1666
4 1361 3273 2103 3249
4  518  663 1272  519
4 3076 1465 1466 2027
4 2127 2125 2126 2605
4 2823 2822 2133 2203
4  924  732 2089  922
4  339 3250 3098 3179
4 1667 2581 1665 1397
4 2086 2944 1240 1243
4  924 2089 1398 1000
4 1255 1620 1347 1761
4  454 1895 1453 1189
4 1993 1039 2072  542
4  302  958  303  305
4 2774 1270  611  612
4  159  216  342  562
4  405  403   20  442
4 2516 3065 2729 2730
4 1033  713  525  559
4 2152    0    3 2518
4  129 2897  743 1837
4 1911 2378 1912   50
4 3016 1260  105 3128
4  793 1911   48 1764
4 2615 3275  232 1689
4 1111  885  998 1730
4  979   52 2671   54
4 1380 1154 3254 1858
4 2800 2132  225 1972
4 2053  976  647  705
4 2382 2016 3137 3091
4 3197 2881 3196 1687
4 3316 3301 2488  571
4 2945  187 2508  184
4  107  109 2351 2350
4   43   40 1970 2267
4 3045  285 2276 1163
4 1413 2594  134 2329
4 2207  937 1370 2391
4 1861 1035 2595  174
4 1939  968  782 2391
4 1868 1780 1869 1870
4  956 1455 2171  321
4 1404 2664 2164 1747
4  346  345  615  348
4 3073 2218  731 1832
4  491  744  493 2096
4   65 2320 2922 1918
4 1558  390 1721  391
4 2248 1584  828  830
4 1380 3254 2482 2617
4 1493  849 1753 1494
4 2692  722 1134  721
4  150 1961  152  553
4 1399 3306 1798 2528
4  355 2345 2344 2188
4  813  215 1781 1693
4  626 2227  625  627
4  570 3316 2347 1849
4 1579 3020 3175 1582
4  487 3136 2055 2306
4 2186 3099 3048 2179
4  199  873  196 1237
4 1239 1237 3152 1238
4 1010 2797  983 3209
4 1826  107  110 2789
4 2942 2543 1785 2145
4 1919 2180 2983 3036
4  487 3021 3136 2306
4 2970 2530 1451  989
4 2361  228 3069  230
4 1244 1593 1592 1246
4  149 2787  895  461
4  706  682   31 1991
4 1818  532  778  535
4 2608 1603 3235 3227
4 2352 2745 2744 1827
4 2726 1402 1884  654
4 1920 1113 1114 2107
4 2682 1668 1630 1922
4 1978 2775 1626 2776
4 3120 2876 2922  325
4  424  680  682 1890
4  322  729 1631 2419
4 1720 2147 1346 1347
4 2670 2462 1847 1141
4 3136 2055  175  487
4 1975  204 2448 1976
4 3276 1178 2408 1281
4 2594 1749  174 1459
4  361 2203  632 2098
4 1337  966  698  433
4 1648 1061 1170 1171
4 2788  488   87 1800
4 2694 2435 2436 2145
4 1024 1411   38  310
4 1685 1690  225 1972
4 1018 1503 1347 1723
4  632  630 2927  629
4 2699 2336 3244 2232
4 2745 3257 2418 1362
4  868 3188 3144 3189
4  166 1448 1258 1450
4  632 2927 1605  629
4  874 1201  695 2252
4 1259 1260  105  486
4  265   98   99   96
4 1827 2745 3257 2352
4 1871 1332  658 1335
4 1116  638 1043 1624
4 2641  386 1348 1560
4 2288 2797 2874 2208
4 2652 1305  478 2216
4 1682 2769 2319 2754
4 3128 1261 1260  105
4 1670 1669  685 2839
4  179   85   87  178
4 1418  823 2372 2890
4  376  378  496  142
4 1375 1373  417 2104
4 1545  720 1544  723
4 3158 2082 3167 2957
4 2853 2317 2755 2319
4 1495 1632 1633  106
4 3228 2461 3226  685
4 3285  180 2964  198
4  760 3010 1065 2739
4 2053 2249 1236 1048
4 2704 1461 1463 1462
4  580 1167 1166  525
4   79 1032  164  642
4 2807    4 2808    7
4 2357 3034  916 1317
4   66   67 2922   64
4 2120 1727 2224 1534
4 2307 3259 2130 2133
4 1855 2073   18 2090
4 1123  149  627  152
4 1838  131 1062 1061
4  708  982  710  419
4 1796 1697 1388   45
4 1802  488  347 2679
4 1163  285 1162 1804
4 1055 2832 1053 2770
4   50 1911 2378 1677
4 1926 1624 1907 1925
4 3011 2526 1837 1838
4  612 1864 2033 2991
4  978 2990  607 1328
4  703   32   33 3095
4 2157 2102 1933 1488
4  870  674 2591 1020
4 2015 1368    2 2666
4  566 1481 1537  567
4 1523 1875 1874  585
4  932 2663  791 2662
4 2893 1026 1713 1028
4 1515 2312 1655 2313
4  231 2637 1301 1820
4 2330 1614 1978 2595
4  954 2426 3153  752
4  257  715  255 2934
4 2173 2844 2172 2558
4  450 1355 2631 1356
4 2857 1267 2357  560
4 2921  966  698 1337
4 1516  856 1492  859
4  654 2726 1341  593
4  324 2770 1055 2771
4 1412 2594 1459 2414
4 2692  722 3033 2691
4  327  686 2184  326
4 1540  497 1808 2253
4 2846 2556 2410  856
4 3100 2234 2457 1687
4 2292  613  615 2653
4 1019 2508  598 1193
4 1466 1933 1057 2102
4  529  633  531  136
4 2133 3259 2130 2131
4   15 1369   14  469
4  678 1338 2991  677
4 2539 2949 2785 2469
4  103  100 1171  102
4 2948  990  542 2325
4  263  447  265 1056
4  933 1378 1377 2662
4 1000  542 1039 1993
4 2120 2090 1222   17
4 2145 2543 1158 2942
4  173  174 2055  175
4 2910 1432 3111 1434
4 2363 1030  495  496
4 2133 2824 3259 2823
4 3251 3124  543  544
4 1373  382 3115  521
4 1849  104 2347  570
4  127 3108  111 1717
4  110  116 1826 2285
4  912 1391 1785 1390
4   62  215  846  401
4 1150  587 2773  585
4 2700 3287 2550 2701
4 1042 3058  842  446
4 1559 3293 2169 3317
4 2504  637  888 2400
4  577 3207 1152  578
4  111  775  748  750
4 2622 1650 2827 2228
4 1930 1653 2410 1811
4  739  204 1640 1681
4 2181 1769 2041 2353
4  611 1054 2321 2774
4 2968  497 1069 1735
4 2002 2628  798  800
4 1855 2237   18   23
4 2550 2166 3287 2630
4  412 2320  324 3003
4 2814 1851 1107  844
4 2063 2062 2814  844
4 1861 1533 1979 2595
4  334 2178  333 2088
4  137  411 1749  410
4 2221 2934  715  866
4 1475  371  788 2691
4 2815 1936 2157 2808
4  506 1846  969 2187
4 3086  571 1360 2517
4  850 2417  848  849
4 3081 2933  950 2454
4 2301 2542 1186 3024
4 2205 2557  223 1827
4 1901 2477 3286 1962
4 1868 2898 1779 1780
4 1875 1373  776 2104
4 2145 1158  563 2942
4 3158 3232 2827 2957
4  166 1385  168 2335
4  467 2452 2623  468
4 2863 1513 1514 1105
4  332 1510 2088 2491
4 3022   87 1186 2301
4 1450 1674 1675 1672
4  930 1300   39  207
4 2102 3260 2815 2101
4 1823 1514  370 1891
4 1336 1338 2333 2111
4 3005 3238 3294 2004
4 1799  919  920  487
4 1959 1958  882  885
4 2988 2521 1449  658
4 3016 3129 1260 3128
4 1954 1597 1655  357
4 1207 2658 2485 1621
4 1917 1125 1714 1123
4  368 1490 2862 1105
4  640 2298 2319 2755
4 2839 3228 2645  685
4 1440 1142 1141  508
4 1752 2520 3278 1292
4 2025 3249 3127 1535
4  988 1131  986 2100
4  922  115   80  894
4   16 1018 1290 1811
4  814  815  295 1110
4  136  135  530  529
4 1943  129 2897  743
4 2418 1362 2415  730
4  373 1652  374  978
4 2244 2909 2245 2213
4 1298 1297  119 2426
4   84 3038   87 2788
4 2242 2243 3087 3029
4  219 2168  341 1235
4   11  868 1782 2546
4  715  716 1232 1706
4 1889  680 1945  203
4 2385 1382 2384 2937
4 2520 1354  741 1752
4 2120 1022 1727 1534
4 1919 1453 1896 1198
4 2145 1785 1842 2435
4  487 2055  175  485
4 1145 2719  240 1147
4 3100 2758 1221 2457
4 1058  830  827  829
4 2934 1233 2105  980
4  555  554  556 2955
4  431  430  429 2845
4   57   59   56 3162
4 1110 1729 1268 2267
4 2198 2680  234  235
4 1043 1624  641 1556
4  434 1035  436 1036
4 1553 1894 1554 1896
4  644  976  647 2053
4 1859  245  247  246
4 1595 1042  842 1182
4  994  900  634 1946
4 1537 1549 1294 1765
4  556 2604 3186 1807
4 1926 1117 1925 2250
4  758 1267  755  733
4 3033 1475 1192 1985
4  251  634 2199  248
4 1196 2290 1197 1544
4   27 1180  440   26
4   80  766   81   83
4 1394 1853 1668  205
4 2170  956 1455 2171
4 2148 1812 2026 3126
4 1143 3280 1692 2703
4  816  692 1169 1224
4  917 3333 2477  605
4  467 2828 2052 2623
4  591 2929  681 1320
4 2913 1124 1125  552
4 1231  918  919 2295
4 3087 2242  205 1830
4 1780 2898 2156 1868
4 2704 3210 1461 1143
4  784  783  508  911
4   62  212  213 2326
4  936  177  674  935
4  935  673  124  911
4  496 1030 3144 2363
4 2100  900 1131  986
4  998  943  996  997
4  787 3168  786 1303
4  987  881  986   91
4 1852  473  475 1668
4 3054 3304 1718  273
4  316  535 1209  123
4  487 1799  486  484
4  153 2760  156  886
4 1767 1768 2440 2439
4  473 1790  475 1668
4 2034 1633  106 2918
4 2351 2352 2744 1827
4  904  170 1924  906
4 2270 1710 2623  468
4 3245 2151 3170  875
4  745  744  493  492
4  963  964  966  258
4  315 2990 1652  314
4 1023  879 2120 1022
4 3169 2559 3260 2100
4 2145  833  217 1628
4   62 3007 2709 2710
4  918 1625 1460  921
4  402  382  523  381
4 3085  684   28   30
4  729 1578  320 1576
4 3288 2561 1130  986
4  697  678 1716  738
4  237 1767 1768 2029
4 2504 3004 2763  154
4 2454 1208  336 3081
4  750  749  748  111
4 2369 2469 2470 3291
4 3123  690 3052 2050
4 2037 1702  498 1327
4 2715 3205 1876 3149
4  988 2561 1131 2559
4 1931 1197 2291 1544
4 1720  405 2147 1722
4 2995 2243 3087 2242
4  937 1370 2391  935
4 1489 1491 1300  369
4 2941 2950 1425   42
4 2371 2008 2007 1307
4 2084 3059 2715 1243
4  686 2184  326  329
4 2814 1851  844 2736
4  391  388  522 1373
4 2822 3180 2133  308
4  275 1043 2297 1977
4 3337 3102  909 1462
4  281  458  812 3143
4 1763 1764  724 1608
4 2000 2018  798  555
4  612 1270  610 2774
4 3175 3018 3020 1579
4  576 2153  579 1691
4  460 1754  970 1773
4 3170 1704 1703  875
4  774 1142 1692  533
4 3050 3214 1228 2022
4 2958 2743 2745 2931
4  141 2952  142  144
4   65 2320 1480  173
4   47 1392   46 1129
4 2538 2539 1040 1039
4 1875 2302  124 1821
4  796 2641  753  249
4  352  351  183 1331
4 1255 1761 2553 1253
4 2325  990 2950 2948
4 1071 2181   40 2354
4 2406 2396 3001  720
4 2359 2515 2902 2402
4  612 1271 1864 2991
4 2634 1239 2088 1712
4 1471 1703    9 1314
4  803  382 3115 1373
4  487 2832 1055 3021
4 2614  853 1690  854
4 2423  926 2398 2067
4 1560 1790 1668  728
4 1276 1003 3064  745
4  813 1285 1781 2324
4 2720 1093 1132 1094
4  821  307 1273  306
4 3251  595  544 2232
4 2674 2012 1449 1450
4  668 3086  571 1360
4 1274 2550 2701 1275
4  704  360  361 1991
4 1954  884 1655 1597
4  553  295  296  294
4  612 1271  610 1270
4 1115 1052   65 1480
4  818 1271  610  612
4 1421 2997 1422  159
4  211 1306 3184  477
4 2243 1305 2242 2652
4 1977  966  258  963
4 1410 3134 1686 1014
4 2528 3306 1798 1520
4  844  490 2063  492
4 2228  972 1710  296
4 2254 2373 3331   57
4 1520 3306  949 2528
4 1849 1757  569  570
4  280 2293  613  614
4 1418 2705 1417 1416
4 1064 2470   72   74
4  279  458  280  281
4  844  492 2063 2061
4 3229  463  297  462
4  553  149  152  150
4 1337 1338  678  677
4  464  463 1111 1109
4 1684 1685  225 2486
4 2324  218  613 1285
4 2292  291  934  344
4 1682 2754 2298 2296
4 1737 2755 2298  640
4 1105 1921 1104 1106
4 1534 2120 1023 1535
4 1033 1167 3147   77
4 1789 3203  423 1739
4 2269 2941 2530 2495
4 2495 2687 2529 2269
4 2948  990  541  542
4 2655 3116  407 3015
4  877 2294 2421 2034
4  190  550  189  958
4 2890 2323  823 2768
4 1275 1794 1793 1170
4 1946 1048  899 1236
4 1218 3196 1686 1221
4 1946 2726  975  976
4 2920  298  993  301
4 2808 1936 2157 2310
4 1507 2179 1330 2186
4  653  904   45   47
4 1991   28   30   31
4 2445  400  458  679
4 1908  656 1543  280
4 2018 2019 3098 1434
4  570 1757  568 1849
4 3123 2356  692 1843
4  469 1267  470  714
4 1516  962 1252  960
4  478  479 2652  717
4 1291 1290 1811   16
4   16 1930 1222 2026
4 2145 2435 1842 2694
4   16 1930 1811 1291
4 1123  331  625 1286
4  295 1729 1119  814
4  159 2997 1422 1220
4 2416 2169 2171  730
4 2860 1841 2423  926
4 1027 2083  143  127
4  729  727 1630  728
4 3157 2101 2559  988
4 1197 3077 2290 2472
4  751 3325 2315 3336
4 2813 1108 2063 2814
4 1529 1478   73 1038
4 3229   40 2354 1071
4 1220  158 2457  159
4  607  443 1328  445
4 1680 2258 1649 2257
4 1849 3316  568  570
4  924  118  923  386
4  593  634 2199 1223
4 2010 3088 3041 1675
4 3179 3309 1434 1806
4 1675 3088 3041 1673
4 2175 2947 1082 2174
4  211  479 2242 2652
4 1219 2476 2475 1221
4  941  943 3137 2382
4 1648 1647 1275 1838
4 1883 1309 1402 1487
4 3213 2870 2871 2119
4  977 1247 1248 2051
4  921    0 3198 1386
4  964  639 2397  641
4 3083  365 1252  960
4 1991  704  952  706
4  793 1763   50 1764
4 3037   95   93 2501
4 1921 1106 3013 2564
4 2544 2543 1158 2145
4  318  316  123  122
4 1501 1090 2413 2449
4 1051 1885 1052 1115
4  892 2168  344  219
4  559  713  162 1033
4  321  320 2171  727
4 1675 1673 3041 1672
4 2923 1685 1972 2444
4 2267 1269  464 3229
4 3142 2575 2475  562
4  898 1138 2200  126
4  585  586  587 2773
4  814  240  242 1119
4 1767 1958 2439 1770
4 2738 2970  991  989
4  885 1959 1730 2312
4 2984 2875 1919 1920
4 2504  302 2503  637
4 2394 2996 1724   18
4 1732 1730 1960 2811
4  875 3170 1704 3040
4 2467 2349 1826 2352
4  354 2187  833  834
4 1854 2116  753  795
4 2455 2457  159  851
4 1718 2912 2230 2913
4  213  215   62  679
4 1220  158 2613 2457
4  120  481  480 1296
4 1988  595  962 1990
4 2498 1119  243  240
4 1079 1490 1488    6
4  972 2270 1710 2623
4 1352 1350 1351 2919
4 2146  965  966  256
4  937 2206 1370  935
4 1398 2218 1397  732
4  944 2695  151 2478
4 2250 1117  277 1926
4 2051 3216 2052 2623
4 2713 2712 3211  203
4  668 1358 1359 1360
4  647  706  707  645
4 2382 3091 3137  941
4  608  313  259  315
4 1626 2938 2305 2776
4  794  879 2090 1222
4 1789  423  426 1739
4 2277 2676 2251 2677
4  767   80  894  524
4  431 2101  430 3157
4 2808 3283 2157 2815
4   36  310 1411 1458
4 2151 3040 3170  875
4  753  754 2116 1854
4 1140 1488 1491  311
4 1946 1486  634  994
4  723 1546 1544 1545
4 3082 2177 2179 2634
4 1933 2309 1936 1934
4  697  696  716  699
4 1080 1078 2862 1079
4  132 2093  130 2096
4 1706 1994 2031 1705
4 1286 1239  333 1238
4 3033 1985 3032  785
4  110  759 2176  108
4  943  996 3137 2382
4 2175 2284 2285 2562
4  728  727 1630  321
4 2385 2442 2384 2383
4 2448 2074  206  321
4 2269  989 1001 1451
4 1286 1124  625 1123
4 1988 3236 1989 1990
4 1762 2822  308 2836
4 2843 1906 3005 1898
4 2800 2982 2132 1972
4 2926   59 2925   57
4 2980 1396 2238 3173
4 2357 1317 2857  734
4  352 1132 1909  351
4  713 2289  164  714
4  577 1152 3163  578
4 1629  728  223  729
4  387  953  956  954
4 1513 1910 1514 1105
4 1109 1954 1111  464
4 1324 1322 2291 1369
4 3135 1791 1140 1079
4 2119 2118 3331 2254
4 1154 3254 2482 1380
4 2504 3004 2503  302
4 1752 2989 3278 2520
4 2145 3269 2056 2545
4 3316 3301  571  570
4 2145 2543 2436 2545
4  628  151  627  149
4 2061 3177 2062  844
4 2038 2501 1446  512
4  126 2083  127 1375
4 1223  659 2199  593
4 2195 1746 2570 1133
4 1514 2861 1513 2863
4  332  605 2868  604
4 1000  999 1665 1667
4 2338  381  830  402
4 1158  563  217 2145
4 1000  542 1001 1039
4  468 1710 2623  467
4 2454 2933 1207 3081
4  503 1654 1448  165
4 1144 1847  507 1848
4  587 2541  586 2542
4 2107 1114 1920 1115
4 2064  431   91  987
4  365 3241  366  961
4  761  110 2175  115
4 1286 2869  625 2226
4 1605 1604 2024 2608
4 2043 2113 1408 2044
4 2096 1061 1171 2337
4 2970 2529  831 2163
4 2474 1011 1097 1221
4 1196 1547 2290 1544
4  691 2258 2047  692
4 3318  684 2024   28
4 1858  890  329 1380
4  265   97  264   98
4 3229 1110  297  463
4 2580  579 1563 2689
4  860 2060  863 2058
4 1899  596  598 1194
4 2371 2705 1418 1307
4 1643 2629  556 2255
4   35 2126   34   32
4 3094 1579 3175 1582
4  824 1080 2365  623
4 2356 2847 2848 1169
4  974 2840  975  976
4  351  350 1331 2765
4 2050 3053 3052 3123
4 2166 3287 1274 2550
4  855 2065 2068  852
4 2680  232  234  235
4 1330 1635 2186 3305
4 2692 1303  787  785
4 3149 3217  863 3239
4 1922  548 1194 1302
4  216 2281 2685  343
4 2228 2270 2827 2622
4 1591 2041 1770  885
4 1292 1293 3278 1752
4 1165 1164  689  890
4 2402  934  344 2786
4 1648  743  493 1851
4  802 1136 1138  804
4 2117 3213 2871 2119
4  955 3308 1726  794
4 1982 1475  371 2443
4 2160 3074 2036 2299
4 2982 2132 1699   44
4 2290 1545 1547 2551
4 2620 2122 2123  672
4    3 1518 1068 1938
4 1921 1910 1280 2794
4 2917 2538 1073 2818
4  743 1943  129 3312
4  845  772  215  846
4  128 2200  827 1983
4 3324 1083 2109  265
4  207  732  386 2089
4 1739 1890 2204 3203
4  128 1984  393 2914
4 1381 1037 1365 1384
4 1770  883 2353 1767
4 2512 2621 1650 2622
4 1221 2475  562 1097
4  914 2635 1319 2830
4 1582 3020 3175 3018
4 1575 2418 1576 2931
4 2269 2529 2268 2687
4 2088 2179 1510 2178
4   16 1558  390 1721
4 2539 2009 1426 3012
4   36  139  138   39
4 1818  532   60  778
4 1430  437 1659  438
4 2783  521 2505 2689
4  400  457 1045  459
4 1415 2132 2133   44
4  181 3082 3048 2179
4  171 2521  172 2522
4 2422 2065 2398  855
4 1558 1976 1127 1900
4  456    0 2528  921
4 1235 2345 3027 3266
4 1182  842 1552  376
4 1827  221  223  222
4 2127 1835 1186 2540
4  377 2934 2105  980
4 2608 3226  685 3228
4 1730 1959 2438 2312
4 2789 2562 2284 2175
4 1071 2539 1039 1426
4 2921 2340  966 1337
4 1135 1133 2691 2692
4  240  242 1119  243
4 2789  110 1826 2175
4  935 1370  123  121
4 3061  149  151  628
4  730 2931  729 1576
4 2499 2738 2162  991
4 2665 1047 1048 1236
4  914 1955 2830 2431
4 2083 2884 2492 1027
4 2746 1307 2009 1066
4 2457 3196 2613 1220
4 1884 2657 1883 1485
4    6 1490 2862 1079
4  244 2103 1022 1023
4 2418 2416 2931  730
4 2863    5 1862 1105
4 2164 2664  536 1747
4 2594  134  133 1413
4 2458 2390 2403 1408
4 2058 1876  863  600
4  318  907  908 1370
4 2396 3001  720  721
4 2772 3270  551 2464
4 1931 2291 1324 1544
4 1667 1666 2581 1961
4 2180 2876 1915 1916
4  898  803 1375 1373
4 1440 3132 2462 2207
4 2006 1833  190  958
4 2232 2336  544 3251
4  281 2429 2430 2446
4 1680 2258 1108  101
4  417 1228  167  418
4  269 2581 1667 1929
4  695 2964  198 3285
4 2582 3147 1973   77
4 1552 2576  841 1551
4  503 1437 1654  165
4  708  982 3056  710
4 1061 2723 2273 2337
4 2937 1566 1364 1365
4 1450 1448 1449 2674
4  729 2931  223 1629
4 2038  512 2036 2037
4 2862 3219 1078 2861
4  860  240  863 2784
4 1399 2810  456 1400
4  765 2384  192  763
4 1068 1070 1069 2532
4 1478   73 1040 1308
4 1446  512 2501 2500
4 1092 2251 1907 1905
4 2812 1777  575  572
4 2917 2437 1073 1072
4 1917  198  231  229
4  553 1713 1666  152
4 1342  517 1311 1272
4 1501 2251 2413 1092
4 2088  332  333  334
4 2095 2723 2698 1952
4 1335 1449  658 1871
4 2854 1350 2489 2939
4 2913 2230  270 2229
4  354  833  217  355
4  732 2218  731  211
4 1084  724 1763  793
4 2034 2294  486 2295
4 1665 2089 2911  999
4 1991  360   28   31
4 2528 2387  456 1399
4 1582 3020 1581 1579
4 1236 1048  899 1047
4   39   37   38  207
4 1399 2387 3306 2528
4 2287 2533 2535  362
4 2890 2372 1418 2768
4 3320 2945 2507 1629
4 2654 2840  644  976
4 2729 2136 3118 2425
4 3025 1649 3158 2513
4  924  482  118  540
4 1943 2136 3118 2897
4 3171 1148 2125 2773
4  804 2593 1374  801
4 1916 1914 1915 2180
4 1523  585 1833  112
4  207 1751  479  642
4 1126  388  390  391
4 1302 1193 1194 1922
4  145  148 1735 1736
4 2587 2586 1442  272
4 1456  794 1725 3308
4 1480  433 1481 1336
4  402 3338  400 1585
4 1539  498 1538 2037
4 2523 2963 1588 2039
4  249 2641  753  312
4 1232 1706  875 2483
4  361 2098  363 1762
4 2371 3339 2705 1065
4 2906 1019  596 1193
4  322  320  729 2419
4 1945   30 1890 1670
4  184 2172 2173 2844
4 1770 3253 2041 1589
4 1065 3339 2724 2371
4 1065 3339 2705 3340
4 3198 2209  710 1326
4  910  985  908 1467
4 2151 2152 1360  878
4  730  727 2171 1576
4 3105 2714 3104  203
4 1326 2209 2335 3198
4 2209  710  709 3198
4 1326 2208 1678 1679
4 1065 2739 3340 2740
4 1931 1205  755  470
4 1717 3237 2914  128
4 1186 1835 1185 2675
4 2131 2800 2132  225
4  743 1003 3064 1943
4 1243 2901 2715 2084
4 2739 3340 3010 1065
4 2285  893 1826  221
4 2238  971  277 2277
4 2119 2118 2894 2117
4 3123  690 3053 3052
4 1576 2416 2171  730
4  617  616  269  619
4 2712 3212 3211  203
4 1466 2102 1057 2100
4 1215 1216 3280 1217
4  496 2364 1552 1550
4 2535 2534 3318  362
4  496  378 2546  868
4 2385 2937 2384 2936
4 2788 3022 1186 3023
4   82   81   80 1696
4 2518  571 1360 1850
4 3198  979  709 1386
4 2641  753  119  752
4 1805 2222 1880 1434
4 2513 3075 2514 2512
4 2045 1841  926 1388
4 3300 2760 3289  886
4 2285  110  116  115
4  816 1224  814  817
4 1990  961  959 3236
4 1196 1197 1198 1544
4 1292 2520 2471 1752
4  549 3270 2420  551
4 1166 1751 1032 2582
4 1236 1047  406 2665
4 1186 1968 3023 2540
4  387  385 1559 3317
4  894  728  223 2527
4 1942 2226 2869 1286
4 1872  926  422  927
4 1311 2975 1401 1840
4 2412 2432 2434 2124
4 2124 2434 2798 2122
4 2756   89 1854 2064
4 1179 2268 1119 1451
4 1107 1680 2814 1108
4 2458 2390 1408 2086
4 2721  351 1132  352
4  152 1713 1917  553
4 2197 1045  394  830
4 1198 1656 1896 2624
4 2670 1141  506  783
4  409  365 3015 1956
4 1057 1933  311 2157
4  858 3097  962 2054
4 2414  299 3160 1458
4 2787 3061 1772 2841
4 1156 1153 3107 1155
4 1849 1261  105  569
4 2464 3248  113 2465
4 2242  210 1790  732
4 2082 2080 3224 3071
4  606   15 1318 1435
4  291  290  345  615
4 1348  118 2089  386
4 1955 2830  160  914
4 1739 1263 1264 3119
4 2936 1364  765 2385
4 2817 2891  534 1180
4  417  608  313 1375
4 1349 2967 1350 2854
4  988 2100  986  987
4 1566 1364 1037 1038
4 2382  943 2165  941
4 1354  718 2989 2520
4 2415  480  385 1776
4  377 2934  868  887
4  988 2561   90 3288
4 1228 2688 3252 3214
4 2816 2600 1346 1255
4 3002 1533 1873 1333
4 2454  950  951  948
4 1891 1147 1822 2757
4 2863 3219    5 1105
4  464  463  359 1954
4  464 1269 1110 1109
4  914 2455  851 2825
4 1955  913  912  914
4 3012 3264 2864  864
4  101 1680  103 1107
4 3229   40   43 2267
4 2831 1663 3016  611
4 2655  407  406 1236
4 3312 1943  129 2897
4 1510  334 3103  604
4 2834  209 2218  210
4 1918  412 2142  138
4  854  853 1586 2614
4  190  191 1525 1523
4  376  842 1552  843
4  742 2214 1160 2217
4 1798 2305  920 2528
4 3124  544  903  172
4  935 1370 1020 2206
4 3316  667 3301  570
4 2862 1078  621 2861
4 2844 2945 1629  184
4  161  268 2076  642
4 2449 1090 2413 1899
4 1543  457  459 1583
4 3012 2009 1426 2747
4  780 2051 1247  977
4 1675 1673 1674 2859
4 2811 2425 2137 1732
4 2132  309  308 2486
4 1373  521  522 2197
4 2054 2556  857  858
4  111  126  114  128
4  126 2200  114  128
4  207 2641 1348 1560
4 1534 2103 1361 1023
4 2935 3060 2134 2137
4  205 1790 2242 3087
4 1635 3322   14 1507
4  936 1965  870  674
4  208 2243 1305  211
4  167 1256 1352  166
4 1898 2677 1907 1092
4  832 1451 1119 1122
4 1398  210 1694 2218
4 2353 1073 2818 2892
4 1629 2931 1578  729
4  416  384 1538 1637
4  354  353 3028  355
4  553  294  296  150
4 2362 2360 2361 2637
4 2778  776 2256 1833
4 1337 2340 1336 2333
4 2767 3339 2724 1065
4   62  401  846 1818
4 1122 1451 1119  294
4  356  781 2684 1711
4 2693 2545 3269 2144
4 1163 1804  590 3255
4 1010  415 1538  416
4 1319 2430 1285 2431
4 2446 2429  812  281
4  998 3092 2087 1111
4 2562 3303 1825 1826
4 1025 1026 1909 1713
4 3329 2721 1132 1029
4   45 2777 2987   46
4 2525  129  131 1837
4 1653  659 1332 2140
4 1056 1432 3111   96
4 1826 2350  110  107
4  551 2772  550  549
4 1056 3221  265 3324
4  635 1615 1533 1334
4 1000 1397 2089 1398
4   74 1038 1993   75
4 1184   87  179 2301
4 3155  382 3115  803
4  471 1453  470 1931
4 1327 1678  455 1326
4 1927   37 1353 1887
4 1526  258 1043 1977
4 2673 1567 1037 1040
4 1427 1279 1851 2736
4 1222 1855 1558   16
4 2640 2639 2659 1636
4 2009 2746 2539 2007
4  198  180  197 3285
4  911  673  782  935
4 3216 1710  781 1711
4  871  870 2591 3190
4   36  310  139   39
4 2348 3089 1290 3279
4  611 1663 3016 1662
4 1929 1397 1366  619
4 2125 2541  586 2773
4 2315  378  144  495
4 1258 1257 1351 2752
4  555  798  556 1807
4  265 1083  793   97
4 2444 1702  336  854
4 1238 1942  333 1286
4 2203 2824 2133 2823
4 2287 2535  631  362
4 2885 1886 2106  526
4 3284 1103  365 3015
4  459 1583  457  655
4 1613 2331 1614 1978
4 2745 3257 1362 1827
4  205 1853 1790 3087
4 2048 2043 1408 1187
4 1434 3111 1056 1432
4 2625  670 3239  240
4 3072   10    9 1314
4 1201  231 2362 1917
4  898 1138  803 2856
4  346  846  508  892
4 2896 1579 1173 2017
4 1673 3088  926 1675
4  492  491  744  493
4 1973 2989 3278 2582
4 1073 2181 2538 1071
4 2668   60  779   63
4 1889 3256  680  203
4 1874  871 1091 2124
4  235  336  854 2615
4  912 1283  913 1955
4 2034  876 2421  877
4 2137 2134 1836 2136
4 1127 1976 1615 1034
4 2914 1984 1983  128
4  757 2954  756 2984
4 1717 3237  111  750
4 2826 1231 2295  434
4  596  545 3190 1797
4 1308 2705 1418 1416
4 1422 1421  563 2574
4  834 2187  969 2494
4 2999 1205  755 2985
4  203 1505 1945 3104
4 1223 1222 2199 1930
4 1582 3019 3011 3020
4  229 2964 1301  428
4 1373 1058 1375  898
4  632 2824 2203 2927
4 2140 1332 1334  659
4 1047  406 2560  899
4 2911 2164 1404  931
4  555  557  554 2955
4 2917 2108 2892 1073
4 2362 2386 2637 1820
4  487 2055  920 2306
4 2140  659 2199 1930
4 2782 3311 3115 2689
4  225 3180 2133 2131
4  320  985  317  925
4  344  613  615  892
4  671 1892  572 1963
4  399  287  289 1865
4 1494  849  483 1493
4  346  506  783 1002
4 1065 3340 2705 1416
4 1333 1872 1873 3002
4 1388  926 2398 2423
4 2757 1512 3327 1822
4  618 3184 3073 2218
4 1480 1052   65 1483
4  426  704 1264 1739
4   72 1753 2766 2427
4 2361 1778 2362 2447
4 1462 2706  907 1463
4  235 2680  232 2615
4  288  456  289 2867
4 2196 1240  573 2362
4 2963  997  943 2523
4 1164 3107 1013  890
4 2072  115 1498  922
4 1427 1680 2814 1851
4 3031 3154 2538 1040
4 1366 1363 1993 1000
4 1730 2137 3092 2730
4 2148 2393 3159 2889
4 2296 2754 2907 1682
4 1916 1894 2332 1913
4 2930 1624 1907 2843
4 2207 1440 1370  907
4 3114 2248  828  830
4    4    6 1490    7
4 1373  388  418  391
4  552 1123  149 1124
4 1352 1351 1256 2020
4 1006  972 2082 1427
4 1905 3187 1906 1091
4 2376 2377  749  751
4 3233 3104 3271 1945
4  905  906 1393 2734
4 2528 1626 1521 1520
4 2804  447 1433 2803
4 1705 2158 3072 2221
4  885 1770 1591 1949
4  879 2090 1222 2120
4  428  228  229  352
4  120 1557  482  481
4 1424 2039   40 2042
4 2826  697  699  434
4  706  682 1890  424
4  287 2488 1865 3080
4 1591 2041 2523 1588
4 1181  405 1180 1720
4 2915 3248  113 1474
4  947 2650 2951 1774
4  892  506  508  346
4  726   97  725  793
4  123 1370 2391 1440
4  793 2468 3321 1763
4  431 3157  430 2845
4  549 2772 3270  551
4 1651 1187 2044 2642
4 2804 2751  448  450
4  643 1666 1665 1300
4  794  795  796 1456
4 1313 1314 1315 2014
4  322  206  321 2448
4 2246 1505  683  203
4 2395  721  722 2692
4 1234 2345 3027 1235
4 1020 1019 1370  121
4  414 1736  415  416
4 1079 2862  371  368
4 2502 2973 2503  888
4 1191 3032 3044 3033
4 3340 3339 3332 1065
4 1226 2966 1728 2264
4 2654 1048  976 2053
4 1699 2121 2241 3046
4 2454 2485  665 2444
4  130  132  129 2525
4 1830  205 1088  204
4  760 3009 3010 2739
4  961 3083  365 1990
4  793  449  725   48
4 1468 3102  908  909
4 1538 1010 1637 2037
4 2617 2185 1671 1380
4  199  196  197 1237
4  747  331  332  746
4 1923 3299 3160 1458
4 3304  271  270  273
4 2026 3126 1812 1810
4  145  383  148  384
4  861 1241 1243 2625
4  225 2133  308 2132
4  239  237 1769 2030
4 2768  239 2818 2323
4   44 2130 2098 2307
4 2161  536 2164  539
4  336 1623 3275 3109
4  476  474   83 1477
4  321  320  319 1455
4 2039 2963 1269 2523
4 1358 1850  106  878
4 1313 2013 1470 1472
4 1221 3202 1013 1011
4  772 1213 1060 1429
4  567 1481 2318 2647
4 1272 1402 1311 1342
4  365 1100 1103 3241
4 2195 2570 1869 2182
4 1386 2335 3198  921
4 1066 1307 2009 2539
4 3138 3137 1814 2016
4  585 1833  551  190
4 1523 1874 1525  585
4 2196  574  370 2182
4 1065 3339 3332 2767
4 2185  688 1671 1380
4  688  686  890 1380
4 2467 2350 1826 2349
4 1094 2639 2659 1095
4 3031 2323 3154 2768
4 1326 2208  984 1327
4 1166 1032  525 1033
4 2539 2325 1039   42
4  647  591  706  681
4  416  413  414  836
4 2209  709 2335 3198
4 2775 1978  520 1979
4 1092 2677 1907 2251
4 1705 1704 2031 1706
4 2269   41   42 2941
4 1969 1947  942 1728
4  346  506 1002  892
4  814 1224  861  817
4 3340 3332 3010 1065
4 2275  952 1787 2276
4 2405 2404 1407 2678
4 1377  931  932 2664
4  623 1514  370  368
4 3147 1973 3278 2582
4 2989 1354 1752 2582
4 2602 3320 2507 1631
4 3157 2559 2561  988
4  433  698 1337  435
4  120 2943  481 1296
4 2578 1315 1552  843
4   78   77  162   79
4 2859 1673  422 1675
4  978 1652  315 2990
4  482  923  483 2072
4 1807  557  556  555
4 2539 2469 2785 2747
4  505  506  508  892
4 2370 3331 3139 2374
4 1191 3044 1452 3033
4 1636 1323   14 1322
4 2329 2484 1310 1979
4  362 1129  631 2287
4 1879 1025  472  469
4 1466 1057  900 2100
4 2189    1    2   55
4 2922 3120   67 1112
4 1115 1114 2106 2107
4 2691  722 1324 1134
4  104 1850  105  106
4   22   21  317   23
4 1920 2875 2954 2984
4 2768 3154 1417 2890
4 2144 2548 2693 2519
4 2773 2464 2032 2126
4 2094  491  493 2096
4  155  888  156  886
4 1619 2291 1636 1617
4  387  119  120  117
4  206 1630 1922  322
4 2166 1274  602 2531
4 1235 2402  341 3027
4 1286 2226 3242 1942
4 1365 1364 1037 1567
4  185 2419  184  186
4 1559 3317 2169 3307
4 2400  888  378  886
4 2898 2156 1661 1780
4  410  411 2141  412
4  432  792  431  429
4 2550 2165 2702 2382
4  606 3103  603  604
4  435  485   65  173
4 1263 3206 3314 3119
4 1642    1  984 1688
4 3222 2075 1787 3258
4 2518 2517    3 2152
4  774  845  773  505
4 1238 1941 3152  333
4  264  263  447  265
4 1771 2791 2792 1382
4  555 2626 2019 2955
4 1346  405 2147 1720
4 1647 1428 2087 3092
4 1072 2806 2538 2917
4 3002 2733 1873 1625
4  210 1790  476 2242
4 2968 3080 3200  399
4  410 2141 3003  412
4 1269   40 2354 3229
4  552  152 1917  553
4 3274 1183  495  144
4  572 1892 1661 2155
4 1170 2848 1169 1168
4 1751 1354  717 2582
4 3313 3295 3327 1822
4 1065 2740 3340 1416
4  217  219 2143  218
4 2271 2978 2272  468
4 2648  206 1194 2448
4 2086 2389 2085 2084
4 2518 1360 2517 2152
4 2165 1226 2531 2966
4  164 2357  163 2289
4 1115 1885 1114 1051
4   23 2073   18 1855
4 1266 1267  755  758
4 1329 2671  979 2833
4  124  121  597  673
4 1897 2591 1090 1091
4 1408 2086 2944 1240
4 1080 1078  621 2862
4  542  482 1494 2072
4 1611  670 3239 2625
4 2896 1175 2191 1173
4  751  749  750 2377
4 2127 1185 1186 1835
4  288 2517  287  286
4 2557 2743 2931  223
4 2179 3048 2178 3082
4   41 1269   40 2411
4 2175 1826 2285  110
4 1968 1966  488 1186
4 2843 1906 1907 1904
4  921 1521 2528 1626
4 1220 3196 1221 2457
4  343 2496 2685  216
4 1177 1451 2268 1179
4 1223  634  251  899
4  396 2517 1068  399
4 1701 1702 1010 2068
4 1678  950 2453 1327
4 1822 1823 1514 1910
4  341  344 2402 2168
4 2484 2775  520 1979
4   42 2950  989 2941
4 2067 2860  422 2858
4 1568 1569 3205 1570
4 1339  759  761  760
4 3313 1511 1910 1822
4 1785 2942  563 1784
4 1544 1197 2291 2290
4 1519 1518 2517    3
4 2421  105  569 1850
4  434  173  435  436
4  436   37 1035  173
4 1627  992  994 2027
4 1687 3197 2882 2612
4 2269 2268 1970 2687
4 2068 2797 1010 3209
4 2850  576 2887  579
4 1179 2524 1177 1178
4 2399 3325 1031 2315
4 3144  868  378  496
4 3249 1361 2026 1535
4  562 3141 2282 1099
4  637  302  305 2504
4 1766 2308 1482 1537
4  910  907  318  316
4  544 3124 1987 3251
4  632 2927 2203 2928
4 1324  722  471 1452
4 2724 1065 1307 1066
4 1263  704 1264 1265
4 1694  765 1498 2385
4  817  814  295 1120
4 1034  168  980 1460
4 2747 2785 2539 1426
4 3300  868  257  886
4 2000 2626 2019  555
4 2064   89   91   90
4  463  815 1110  297
4 2778  776 2952 2104
4  261  313  804  395
4 2486  309  308  307
4 1625 2733 1460  921
4 2081 2080 3177 1279
4  753 1348 1357  930
4 2577   10 1783 1782
4  696  256  257  699
4 1078    6 2862 1079
4 1014 1012 1013  688
4  327 2924  326  328
4  781  977  463 1006
4 1642  710  984    1
4 1266  526 1927  525
4 2489 2939 1350 2919
4 2673 1381 2672 1037
4 1136 2592  395  804
4 1787 2075  592 2314
4  249 1855 2074  250
4   23   21 1181   20
4 1970 2687 2268 1969
4 1263 3119 3314 1262
4 1104 1816  432 1555
4 1094  351 1132  349
4  854  852 1586  853
4 3198  709 2335 1386
4 1494  542 2369 3291
4 1410 1409 2482 1014
4 1833  305 2256 2778
4  685 3235 2793 2193
4 2596  307  309 2486
4 2730 3065 1277 2516
4 1241 2944 1240 1120
4 1650 2044 1651 1188
4 1126  165  168 2479
4 1438 1290 1691 3145
4 2098 2133  632 2824
4  673  674 2591  871
4   77 3147 1033 2582
4 2536  502 3063  503
4 1238 3335 3242 1286
4 2566 1481 2318 1336
4 1516 1361  859 1859
4  435 2033  485  434
4 1497  106  878 1496
4 1746 1304 3068 2809
4 2324  215  813  679
4 2803 1433 1056  447
4  831 2161 2163  539
4 3016 1260 1663 2831
4 1662 3129 1663 3016
4 1681   37 1976  436
4  699  258  255  433
4 1793 1274 1170 2848
4 1898 1899 2677 1092
4  517 2975 1272  518
4 1555  987 1854  312
4 1924  904  905   47
4  540 2164 1404 2911
4  988 2559 2100 2101
4  921    0 2528 1326
4 1826 3303 2350  107
4 1809 1016 2974 1812
4 2132 1685 1972 2923
4 2024  361   28 2204
4 1678  950  951 2454
4 1235 2168 2402 3027
4 1237  197  199 2634
4 3049  504 1257 1845
4 2132 1685  309 2486
4  241 2407  242  243
4 3231 1369 1205 2985
4 1346  405 1180 2601
4 1488 1936 1933 2309
4  864 2008  239 2009
4 1869 2569 1746 1743
4  102  493 1171 2096
4 3082 2177 2178 2179
4 1917 1201  695 1125
4  122  121  597  124
4  570  667 2347 3316
4 1429  532   60  772
4  591 2210  681 2929
4 2288 2797 2208 2068
4 1844  654 1758  704
4 1097 2758  562 1221
4 1353 1294  741 1752
4 1552  841  842 1551
4 1729 3176 1728 1969
4  665  309 2485  662
4 2524 1969 3176 1729
4 2505 3207 2992 2850
4 1422 2575 2475 1219
4 2835 2218  619 2792
4  479  740 1354 1751
4 1361 3249 2103 1534
4  240 1147  243 2498
4 1115   67 1052 1051
4  193  194 1082 2947
4 1246 1593  516 2509
4 2282 3066  562  216
4  730  728 1362 1776
4 1726 1724 2090 1725
4 1400  486  569 2294
4 1249 2565  798  800
4  323 2320 2922   66
4 3004 2003 2504 2006
4 1062 3011 1582 3019
4  342 2759  562 2281
4 1965 2620  869  674
4 2108 2892 1073 2353
4 1461 1141 1143 1144
4  454 1896 1476 1453
4 1976 1977  436 1036
4 1046 1465  900 1131
4 2354   40 2042 2181
4 1878  152 1713  747
4 1940   72  110  760
4  784 1981  489 1185
4  203  680  683 3256
4 1978 1626  920 2776
4 2610 3230 1707 1903
4  779  777   60 2668
4 3026 1379 1377  539
4 2267  294   43 3229
4  432 1816  431 1555
4 1627 2819  992 2027
4  607 1328 2990  445
4 2381 2550 2701 2702
4   73 2740 1065 1416
4 2249  592 1103 3083
4  301  808 2920 1923
4 1687 3208 2235 2612
4  228 3069  230 1029
4   14   13 3322 2547
4 2454  664 2485 1207
4  825  826  371 2443
4  777 1254 1151  778
4  727  320  729  322
4 1838 1582 1062 3011
4   68   70 3057  106
4 1144 3280 1217 1215
4  858  595  962 3097
4  494 2363  495  496
4 2164 1747 2162 2499
4  553  152 1666 1961
4 1929 2792 1366 1363
4  562  216  563  159
4 1224 1274 1169  816
4  251  879  881  249
4 1388 2121 1699 1697
4 1976   38 1035   37
4  384   93 2501 2737
4 2582 1293 3278 3147
4 2884 1041  143  446
4 2816 2553 2891  534
4 1408 2661 3201 1405
4  408  245 1252  409
4 2100 1464 3260 3169
4  900  899 1131  986
4 2367 2013 2014 1329
4 2122 2123  672 2124
4 2734 2533 1393  905
4 1422 3223 1221 1220
4  868  257  886  887
4 1182  143  144 1042
4 2073   23 1455  319
4 2045 1796 1841 1388
4 2570 2365  787 3168
4 3164 2683  358 2684
4 1626 2280 2938 2776
4 2850 2783 2992 2505
4 3040 1704  878 1497
4 1105 1511 1862 2863
4 2311 3135 1488 1079
4 1424 2785 3181 1426
4  319  317   23   22
4 2634  198  183  197
4 1175 3172 3230 1708
4 1405 2661 1406 1408
4 3243 3334 1124 1286
4  601 2139 2716  599
4  124 2302  391 1818
4  262 2884 2492 2083
4 2855  262 2492 2083
4  186 2956 1372 2260
4 1711 1863 3216  465
4 2582 3278 1752 2989
4 2072  923  483  922
4 1426 2785 3181 2747
4 2896 1175 3094 2191
4 1979 2484 2775 2329
4  496  494 2363 1550
4  641 1992 1888 2549
4 1490 1104 2808    7
4 2157 1933  311 1488
4  348  347 2402 2168
4 1036 1976 1977 1526
4 1357 1348 1298 1404
4 1929  499 1771 1363
4 2291 3078 2547 1617
4 2519 2877 2144  773
4 2760 2973 3289  886
4  868  866  867 3300
4  400 2710 2638 3338
4 3148 3234 2235 1687
4 1233  716 1232 2934
4  747  331  627 1123
4 1229 1374  804 2593
4 2160  336 2036 3074
4  934  344  615  348
4  517 1310 2975 2484
4 1066 1065   74 1064
4 2602 2507 1193 1631
4 1426 2538 2818 2181
4  183  180  229  428
4  874 2252 3193 1200
4 1579 3020 1581 1580
4 1812 1016 1018 1809
4 1324 1452  471 1931
4 1333 1341 1334 1335
4 1335 2674 1871 1333
4 2168 2402  341 1235
4  827 1983 2200 3047
4  660 1653 2410 1930
4 1722 1812 1347 1018
4  522   62   63   60
4 2684  358  462  356
4  342 2866 2457 2759
4  399 3080 1829 2968
4  577 3207  578 2505
4 2546  376  607  377
4 2116  753  795  796
4 1799  919  486 1400
4 2548 2693 3269 2144
4 2086 2390 3201 2085
4  127 2492  125 1027
4 1336 2333 2340 2566
4  748  775  776 1833
4  844  745 1851  493
4  296 2272  970 1710
4 1307 1040 1066 1308
4 3239  863 2715  240
4 2164 2162  991 2499
4 1774 1773 2951  460
4  829 3047 2200  896
4  874  693 3193 2252
4 1887 1266  526 1927
4 2261 2510 2086 2262
4 2811 2425 2135 2137
4 3219 1078    6 2862
4 1290 2409 3089 2537
4 2048 3201 2510 2086
4 1771 1999 2791 1383
4 1071 2181 2538 1426
4 1497 3131 1716 1715
4 3262 1227 1228  167
4 2086 2458 2390 2389
4 2294    0  877 2518
4 2085 2261 2510 2086
4  774  772  773  845
4 1844  594  903  592
4  553 2196 1917  552
4 1785 1391 2435 1390
4 2582 1354  717 2989
4 1613 3136 2055  175
4  641  258  156 2549
4  927 2398 2453 2923
4  154  888 2763 2504
4 1116 2762 1888 1624
4  868 3188  867  865
4 2124 2798  672 2122
4 2124 2433 2434 2122
4  570 3301  666  667
4 1040 1037 1038 1567
4 1007 1833  305  303
4 1010 3315 3209 1008
4  960 3220  959  961
4 2924 2790  326  328
4  673 1184  672 1821
4 3225 2598  625  628
4 2768 2323 3154 2890
4 1102 1103 1163 3222
4 3219    6 1490 2862
4  285 2274  952  624
4  328 1419 1856  891
4 2209 2733 1872 1679
4  128  114  827 2200
4 1424 1425 2785 1426
4 2535 3318 2024  362
4  902 2783  521 2505
4  526 1887  583  527
4 3005 1524 1906 3238
4  664  665  951 2454
4  706  952  285 3017
4  922  923  924 2072
4  754  753 1298 1357
4 2625 2715 1243  861
4 2478  266 2695 3286
4  556 1807  798 1249
4  930  753  312 1555
4 1778 1779 1780 2447
4  817  815  816 1188
4  281 3143  812 2446
4  747  152 1713 1123
4 1047  900 1048  899
4 2026 1811  856 1810
4  647  646  591 1321
4 1278 2082 1006 1248
4 1960 2439 1770 2304
4 2641  386  119 1348
4  420  421 2967 3093
4  204 2448  206 2648
4 3015 3284  407 1634
4 2513 1650 2622 2512
4 2422 2241  852  855
4  399  398  287 3080
4  978  315  609  607
4  721 1096 2396 2590
4  574 1891 2498 1121
4 2699 3244  661 2232
4 1109 2041 2523 1591
4  244 1021  881 1023
4 3015 3116 3284  588
4   45 1699 1388 1414
4 2968 3200 1069  399
4 1202 1267 1205   15
4  697  716 2918 2826
4 1535 1222 2026   17
4 1269   40 2042 2354
4 1681 1536 1549 1537
4 1265 2572 1264 1262
4 2861  621 2862  623
4  986 3183 3288   88
4 2242 2243  476  208
4 1524 2005 3238 2004
4  650 3016   71 2849
4 2478 1962  268 3286
4  781  462  463  977
4  440  317 1181  316
4 2161  536 2162 2164
4  723 2406  721 2395
4 1255 2553  532 1253
4 2608 3235  685 3226
4 1903 1708 1174 3230
4  871 2265 2266  870
4  497  148 1735 1540
4 1954  463 1111  464
4 2864 1769 2041 2181
4 2057 2144  833  505
4 2702 3090 3091 2700
4 1134 1324 1325 1322
4 2218  731  619 1397
4  707  645 2225  644
4 2044 2886 2642 2043
4  957  653  904 1387
4  592 3017 1103 3222
4 1481 2308 2647  566
4  593 3083  592 2249
4  128 2914  113 2915
4 3032 2395 3044  722
4 3015 1956 3284 1634
4 2033  697  678 1716
4  442   21 1181  440
4 2757 1963 1891  671
4 3329  427 2721 1029
4  623 2862 1514  368
4  103 1168 1169 2356
4  412 2609 3003  410
4 1519 2150 2152 2517
4 2267 1269 1110  464
4  377  607  609 2952
4  705  707  976  647
4 3171  550 1148 2773
4  550 1148 2773  190
4 2525 3011 2526 1837
4 2212  681 1162  591
4 2119 2870  328 3213
4 2231 2229  296 2228
4 2941 1425   41   42
4 1516 1361  247 1223
4  606  605  332  604
4 1015 1018 2348 1503
4 1510 3048 2179 1508
4 3328 3067  216 1235
4 1623  224 1684 1621
4  771  769  770   51
4  345  290  292  293
4 2208 2453 2067 2068
4 1575 2745 2418 2931
4  567  564 1549  566
4   53   52  711  709
4 2518 2421  877 2294
4  955 3308  794 1456
4 1171 2273 1061 3096
4 2195 1746  230 1869
4 1463 2706 3102 1462
4  933  932  432 2662
4 2359 3027 2515 2402
4 1832  269  619  731
4 2784 1145 2719  240
4  392   33  394  438
4 1365 1381 1382 2937
4 1800 1939  968  782
4 3198    0    2 1386
4  918 1625 1626 1861
4 2499 1747  540 2164
4 1375  417  608 2104
4  600  599 1571  602
4 2015 2671 2013 2666
4  980 2014 1329  377
4 2550 2630 3287 2700
4  963 2319  640 1977
4  741  740 1354 2214
4 1150  189  190 1148
4  221 2283 2285  894
4  199  695  874 1125
4 2181   40 2042 1426
4  328 2790 2870 2924
4 3015 1103  365 3083
4 1562 2153 3063 1564
4 2137 1813 2134 2935
4 2571 1264 1758 1265
4  454 1553 1896 1895
4  361 1890 2204 1739
4 1861 2595 1979 1978
4 2856 2493 3292 2200
4  270 1775  271 3304
4 3222 1100 1990 1989
4  592 1103 1990 3222
4  577  578  579 2505
4 2505 2783 2992  902
4 2196  230 2362 2447
4 1858 1419 1856  328
4 1437 1691 1564 1438
4  294 1074 1363 1071
4  935  177  782  937
4 2834  209  210 1695
4 2117 2118 1856  328
4 2449  546 2413 1501
4 2037 2036 1539 2160
4 1649 2827 3158 2513
4 1267  713 2289 2357
4 1870 2156 1661 2154
4  804  395  313 2592
4 2913 2115 1201 1199
4  387  117  120 2943
4 1970 1729 2268 2267
4 2976 3281 1385  709
4 1278 2313 3092 1277
4 1786 2734  906  905
4 1192  452  454 1190
4  297 1710  781  972
4  727 1559 2171  321
4 1395 1394 1668  205
4 1959 1958  885 1960
4 1084 2468 1085  793
4 1494 2470   72 1753
4  375  168  374 2489
4 3266 2345 2344 1235
4  871 2591 1090 2265
4  782  177 1939  937
4 2254 2894 1643 2119
4 3179 3250 3039  339
4  486 1799 1756  484
4  377 2934 2014 2546
4 2698 1952 1061 2696
4  241 2339  240  242
4 1512 1514 1822 1891
4  785  825  786  788
4   11 1315 2014 2546
4 2119 2924 2872 2926
4 1411 2595 1412 1413
4  726 1084 1085  793
4 1810 1809 2974 1812
4  141  748  751  749
4 1731 2137 3092 1730
4 1163 2969 3255 1102
4  908 2805 1469 2707
4 2265 2591 1090 2449
4  712 1266  713  470
4 2802 1368 1232 1231
4 1977 1043  640  258
4 1836 2137 3092 1731
4  898  114  827 1058
4 1899  548 2449 1194
4  485  486  487 2295
4 2942 2543 2436 1785
4  892  219  344  218
4 2367 2013 1329 2015
4  389  390  391 1723
4 2401 2399  304  637
4  793 1083 1085  726
4  296  972  295 2228
4 1799 1756 1399  486
4 3334  872 1124 1286
4 1736  414 1069 2965
4  679  215   62  401
4 1897 2256 3005 2932
4 1917  695  231  198
4   47   46   44 1128
4  774 1211 1246  773
4   63 2993   61 2801
4 1148 2773  190 1150
4  302 3004 2003 2504
4  816 2550 2165 1226
4 1368 1519 1367 3245
4  618 2835 2218  619
4  436  173 1035  434
4  947 2951  499 1774
4 2091 1303 2092 1135
4 2649 2835  619 2792
4 2581  268  269 1961
4  312 2641 2074  249
4  946 2650  617  947
4 2366 1312    8 1315
4  343 2759 1528  342
4   47 1795  904 2777
4  130  129  131 2525
4 1891 1661  370  574
4  356 3216  781 1711
4  315  313 2725  417
4 2143  833  217 2145
4  531  993  633  529
4 1587 1586 1700 3315
4 1620 1502 1760 1254
4 2324  401  846  679
4  342 2497  344 1527
4 2267 2268 1970 2269
4  739   37  204 1681
4  352  229 1909 1028
4 1133 1746  230 2195
4  149  625  627  628
4 1341  659 1335 1343
4 3209 1701 1700 1010
4 1286  331  333 1239
4  489  457   33 1981
4 3072 2220   11 2221
4  122 2237 1181 1721
4 2718  220  524  894
4 1759 2296 1682 1640
4  729 1576 2931 1575
4 2271 2452 2978  468
4 2945  187 2507 2508
4  703  702   32 3095
4 3068 3329 2092 1135
4  211 3184  731  477
4  416  414 1736  836
4 2044 1408 2115 2113
4 3291 2948  542 2369
4  861 1570 2715 2262
4 1997 3323 1716 3131
4 2319 2769 1536 2317
4  962 2054 3097 1988
4  897  803  898  829
4 2304 1770 1960 1949
4 1480  433  435  436
4  334  330  332  333
4 2913 2229 1124  552
4  181 2179 1330  183
4 1455  320 2171  321
4 1878  643  164  714
4 1570 1843  862 1571
4 2678 2386 1201 1819
4 2478 2779  947  944
4  185  908  318  985
4 1035 2595 1533 1861
4 1414 1699 2398 2923
4  899 1252 2249  409
4 2732 3067 3028  216
4  404  405   19 2147
4 2038   92  148  146
4  680 1945  683  682
4 1918 1896  470  138
4  918 2055 1035 1861
4  389  578 1503 1620
4 2467 1826 2285  893
4  162   79 1032  164
4 3252 1374 1228 1229
4 2593 2592  804 1229
4 1450 2012 1449 1447
4  709  708  710 2976
4 1450 1872 1675 1674
4 1593  516 1211 1246
4 2922   64   67 3120
4  508 1142  847 1440
4  804 3130  803  801
4 2368 1234 3027 2168
4  979 1329  980 2802
4 2057 3269 2144 2548
4 2406 2396  720  723
4 2444 1702  854  855
4  964 2146  965  966
4 1694 1695 1696 2385
4  227 3180 1684  225
4 1073  462  464 3229
4 2470   72   74 1494
4 1259 2831 1260 3016
4 2985 1369 2291 3078
4 1756 1399  486 1400
4 2348 1290 1811 3279
4 2143 1785  912 1781
4 2634 3152 1239 1237
4 1811 2555 2410 2846
4 1411   38 1035 1615
4  422 2860  926 1673
4 2045 2749 1795 1387
4  142  143 1182  842
4 3080 1865  287  399
4  207 2089 1348 1300
4 2518  569 2421 2294
4 1896 1894 1656 1895
4 3080 1829  289  399
4 1879 1598  606 2289
4  218  912  159  914
4  402  523 2197  401
4  859  962 1492 1516
4 1118 1737 2298 2297
4  798 2910 2001 2222
4  265  264  793  449
4 1689  336 1621 1623
4  286 1069  415 1068
4  607  609  978 1329
4 1929 2581 1667 1397
4 1817 2977  430 1816
4 1503 1620 1347 1723
4 2707 2708 1370  908
4 2501 2500  512  510
4 2028 2892 1769 2818
4 1927  583  526 1887
4 2042 2040 3181 1424
4   52  979  709   55
4 1590 1948 2342 1949
4  541 2499 1403  540
4 1587 1700 1010 3315
4 1837  129 2563 2526
4  420 1214  421 3093
4  129  743  131 1837
4 1115 1112   67 1051
4 2547   14 2291 1636
4 2518 1360 2421 1850
4  920 2776 2305 2306
4 2763 1992  155  154
4 2126  586 2773 2125
4  844  493 1107  490
4 1438 1439  503 1437
4 1339 2176 1340  761
4 1067  902  521  523
4 2773 3171  550 2772
4 1476 1982  643  712
4 1639 3244 2988  658
4 1931 1919  755 2985
4  717 1354 2652  718
4 1148  587 2773 1150
4  324 3003 2320 2609
4 2218 2792 1695 1366
4 2624 1919 1896 1198
4  399  397  398 3200
4 2107 2106 1920  757
4  682 2728  283  284
4 2733 1872 1679 3002
4 2483 1470 1472 1471
4 2463 2128   32 2126
4  369  999  832 1122
4 3116 3284  407 3015
4 1837 2526 2563 1813
4 1827 2931 1362 2745
4 1267 2289   15 1318
4 1843 2847 2848 1572
4  793 1980 2589 2468
4 1272  822  662 1840
4  542 2369 2325 1039
4 1687 3196 1686 2881
4  259 2821 2278 2279
4 1675  422 1872  926
4  127  939  143 1027
4  474   83  766   80
4 1340  764   73  761
4 1889 2192 2713 1945
4  267  268  269 1832
4  740 2242 2652 1830
4 1533 1460 1873 2479
4 1679 2209 2733 1326
4 3014 1320 2929  591
4 2962 2624 1658 1198
4 1159 2460 1294 1683
4 3004 2763 3005 2504
4  259  314 2279  445
4 2504 2763 3005 2256
4 1705 3072 1703 2221
4 1402 1401 1309 1883
4  695 2252 1201 1819
4 2050 2510 1187 2048
4 2754 2769 2907 1682
4 1564  579 1691 1437
4 1723  390 1722 1018
4  465  970 1711 1755
4  929  665 2923  927
4 1507 3113 1508 2186
4 2982 3046 1699 1972
4 2556 2554 2410  858
4 3083  962 1252 1049
4  714 1267 2289  469
4  845  772  847  774
4 2294  105  486  569
4 2528 3306  455 2387
4  758 2953  757 2885
4 1235 2345  355 1234
4   74   73   72 1065
4  695 3285  198  196
4  211  209 2218 3184
4  686 2184  890 1380
4 2426 2487  119  752
4  231  229  198 2964
4 1181   20   21  442
4 1022 1727  879 2120
4 2596  822  662  309
4  574 1241  573 1121
4  374  372 2489 2998
4 1982 1491 1300 1489
4   44 2133 2098 2130
4 1094 2659  351  349
4   23   20  405 1500
4  185 2508  317 1019
4  310 1458  301 1024
4  606 1598  917 2289
4 2449 2413  548 1899
4 2292 2293  613 2653
4 1147 1145 2719 1824
4 1867 2569 2570 1869
4  406 2665 1047 2655
4  667 1850  571  570
4 1732 3060 2343 3174
4 2539 1307 1040 1066
4 2547 1635 3322   14
4 1855 1558 2448  250
4 1945 3104 3271 2714
4   12   13 3322   14
4    1 1641 2069 1688
4 2451 2270 2827 2623
4  866 2934  868 2221
4  173   36  176  412
4  929 2398 1388  926
4 1631 2507 1629 3320
4  947  619  499 2650
4 2904 2707 1370  185
4 3311 3252 1374 2689
4  316 2035  440  910
4 1124 3194  872 3334
4 1211 1592 1210 1212
4  319 2073   23 1855
4 2143 1785 1842 2145
4 1137 2856  802 1138
4 2537 2409 1653 1290
4 1192 1190  454 1189
4 1124 2071 3243 3225
4  650 2849  649 1270
4  333 2177 2178  335
4  384  383  148   94
4   30 1004 2717 1506
4 1832  731  619 2218
4 1877 2716 1571  600
4 2495 2490 1970   41
4  561 2731  563  217
4  547  548 2980 1922
4 2812  573 1780  572
4 2517 2152 1360 2150
4 2937 1382 1365 2385
4  898  114 1375  126
4 2290 1547 2472 2551
4  885 2312 1655  884
4 2372  239 1307 2768
4 2443  452 1192 1986
4 2325  542  989  990
4  792 2845 2795 2756
4  655 1230   33 1045
4 2037  512 1538 2038
4  336 3074 3109  233
4 1135 1132 1094 1134
4 1128   44   47  363
4 1556 1624 2843 1898
4 1788 1789  425  426
4 1976 2448  250   38
4   41 2490   40 1424
4   30  684 1669 3085
4 1131 1130 2560 2561
4  503  504 3063 3049
4 2386 2360 1240 2362
4 1224  814 1226  816
4  503  502 3063  504
4 1721 2237  405   16
4 1558 2448  250 1976
4 2749 2012 2522 1389
4 1105 2861 1514 2863
4  253 3120   64 2922
4 1993 1694 1498 1364
4 2449  545  548  546
4 2536 1439  503 1438
4  659 1492  660 1049
4  312 1854  753  249
4  161  643 2581  642
4 2264 1225 1226 2531
4  967 2722 1802 1002
4  809  311 1488 1140
4 3251 3097  595 2232
4  250  248  312  249
4 3156 2500  512 1446
4 1138  126 2083 2493
4  559 3034  162 2357
4 1486  633  634  994
4 1108 2063 2814 1107
4  397 2667 1070 1068
4 1723  389  778 1818
4 1620 1152 1502 1254
4 2879 1263 2203 2204
4  922  732 1398  924
4 1347 1760 1016 1345
4  394  457 1045  401
4  111 1474  775  750
4  216 2496 2685 3328
4  286  497 1069  289
4 3313 1511 1862 1910
4 2854 2967 1350 3093
4 1780 2155 1661 2898
4 1105 1513 1511 2863
4  131  744  743 3312
4 2857 1267 1318 2357
4 1429 1212 1253  532
4 2158 1996  866  715
4 2204   28 1890  361
4 2299 2300 1539 1540
4 2353 2108  883  884
4 3074 3109 1208  336
4 1441 2071 1775  270
4  787 1303  786  785
4 1541  204 1640 1542
4   75   72  761  115
4 1919 2983 2875 2984
4 2938 1295  519  951
4  570  568  571 3316
4 2662  932 1377  933
4 1058  114  827  392
4  895 2787  151 3061
4 2266 1089 1090  871
4  445  314 2990  315
4  850  480  483  848
4  433  255  699 1036
4 2756   89 1860 1854
4  859  857  962  959
4 1720 2147 1347 1722
4 1507 1323 1025  469
4 2844 2172 2945  184
4 1770 2041 2353  885
4 1265  704  654  651
4  738  678  698  697
4  979  709   55 3198
4   79 2316  161   78
4 3304  806  271  273
4 2444 1702 2453 2454
4  273 3304  806 3054
4 2096  131 1171 1061
4 2412 2124 1150 1525
4 1472 1368 2015 2666
4  165  166  168 2479
4 3311 2579 3252 2689
4  314 2883 1652  315
4  482  483 1494 2072
4 1567 1565 1038 1040
4  784  488  782 1184
4 1572 1274 1843  599
4  982 3056  710  984
4  921 2335 1460 1386
4  992 2920  298  993
4  406 1130 2560  899
4  899 1130  408  406
4 1400 2810  569 1756
4  341 2786  344 2496
4 1653 1654 1291 1332
4  207  386 1790 1560
4 2761 2146 2669  256
4  548 2980 1194 2648
4 2587 2586  270 1442
4  533  535 1209   27
4  374 2998 2489 3133
4  116 1940 2350 2427
4 2079 1831 2077  477
4  281 1285  812 2324
4 1787  592  544 1987
4  695 1820 2252 1819
4  532 1253 2553 2552
4  225 1971  227 2131
4 2527  524  894  475
4  552 2196 1120  553
4 1869 1779 1780 1868
4 1946 2726 1486  975
4  311 1491  930 1489
4 1961 1962  161  268
4  248   38  312 1024
4 2516 1276 1277 1278
4 2368 2358 1801  347
4 1850 2347 2346  104
4 1424   40   42 1426
4 1769  238 3253 3042
4  272  271  270 2587
4 2920 1057  993 2027
4 1962 2477 3286 3290
4  177   86  179  782
4 2788   84 3038 3268
4 2714 2192 3271 1945
4 1722  390 1721   16
4 1902  161  162  163
4 2242  740  479  207
4 2662 2888 2796  933
4 2424 1730 2137 1732
4 1324 1369 2291 1931
4   37  173 1480 1918
4  843 1250  607  443
4 1327  455  498  286
4 2400 1031  378 2401
4 2317 2769 1536  567
4 2934  715  255  716
4 1812 2974 1953 1016
4 1184  488   87 1186
4 2845 3157  430  429
4 2981  397 1070 1069
4 1818  389  778  779
4  843 2578 1315 2366
4 1473 2420 1474 1007
4 2634 1239  199 1237
4 2721  349  351  352
4 1784 1390  913  912
4 2699 1653 2232  658
4 2448   38  204  207
4 3333 1901  915  917
4  484 1799 3021  487
4  888  886  887 2778
4 1424   40   41   42
4 3213 2790 2870  328
4  813 3117 1285 2429
4 2276 3017  952  592
4 1040 1567 3154 2673
4  144 1182  496  142
4 1224 1226 2531  816
4   66   64 2922  253
4 2315 3274  144 2376
4 1561 3050 2688 1563
4  420 1385  709 2976
4  903  594  544  592
4 1325 1094 1636  351
4 2798  672  179 2301
4  531  529  298  992
4 1474 3237  113 2915
4 1813 1836 1837 1815
4  548 3173 2238 2676
4  960  366  367  961
4 1752 1166 1751 1353
4  201  200  683  203
4 3050 2021 2022 1845
4 1454 2416 2169 2171
4  973 1627 1485 1486
4 3152 1239  333 2634
4 1333 2674 1871 1872
4 2319 2754 2769 2317
4 1148 1149 3112 1150
4 1368    2 2802 2015
4 1434 1882 1056 1880
4 1743 2809 2569 1746
4 2523  943  998  997
4 1020 1019  596 2905
4  346  846  489  784
4 2734  624  360  952
4 3069 1746  230 1029
4  664 2485  665 2454
4  440  439 2035   26
4  999  294 1451 1122
4 2280 2938  519  520
4 1020  870  674  936
4 2656 1839  651 1884
4 1759 2296 2907 1682
4  560  713  525 1266
4 3183 3288 1130  986
4   90  431  988 2064
4  858  857  856 2556
4 1651 1187 2050  692
4 1205 2999 1204 3231
4 1066 2539 2009 2746
4 1731 1836 2137 1813
4 1933 1936 2102 1935
4 2614 2680 1586  854
4 1098 2282 2281 2686
4 1386 1385  168  375
4  401  400  457 1045
4 3134 2481 1221 1014
4 1885 1114 2106 1115
4 1830 2242  205  207
4  901 1217 2057 1216
4   29  284 1005  682
4 2171 2170  956 3307
4 3039 1056 1434 1882
4 1552 1550 2364 1551
4   11   10    8 2577
4 1434 1880 1056 3310
4 1284 2099 1059 1693
4  800  797   56 2565
4 1389  926  928 1387
4  190  549  550  958
4 1416 2705 1065 1308
4  987 1854   91 2064
4 2577    8   11 1782
4 1015 1016 1018 1347
4 2270 2271  807 1176
4  113  775 2464 2032
4 1481 1536 2318 1977
4  328 1419  890 1858
4  683 3256 2618  201
4 1123 1124 1125 1286
4  917 1598  332  746
4 2548 3269 1216 2057
4 2530 1451  989 2269
4  409 1956 3015 1634
4 2776 2280 2775 1626
4 1010 3209 1009 1008
4 1013 3107 2882 2881
4 2268 2529 1177 2687
4  115 1494 2072   75
4 1581 1580 3192 1815
4 1477  474  473  476
4 1650 2644 2886 3055
4 1118 1116  638 1043
4  294 1667  553 1122
4  472  643  714  712
4 1052 1050 1885 1051
4  591 3017 1103  705
4  717 2076  479 1751
4 2533  360  362  363
4 1142 1141  507 1144
4 1015 1018 1503 1347
4   62 2326  213 2710
4 1375  126  114  111
4 1682 1536 2319 2769
4  142  378 2952  377
4 1960 2424 1957 2811
4 1972 2132 1699 2982
4 1883 1402 1884 1487
4 1193 1797  596 2906
4 1848 2056 1846 1217
4   34  394 2032 1981
4 2161 2162  991 2163
4 1280  931 1377 2164
4  229 1301  228  428
4  683 2619 2245 2246
4 1961  268  269 2478
4 1185   32   33  703
4 2163 1177 1451 2529
4 2250 1904 1925 1907
4 1594  840  841  842
4 2173 3302  186 2956
4 2812 2899 3000  575
4 1176 2271 2978 2272
4 3262 1227 3252 1228
4 2958 2959 2931 2173
4 1111  815 1110  463
4  469   14   15 1507
4  255  156  257  887
4  580  581  583 1166
4 1079 2443 1140 1491
4 2726 1341 1402  654
4 2447  573 1780 1778
4  594  654  903  957
4  409 3015 1236  407
4 1855  794 2073 2090
4 3164  358 2437 1074
4  742  739  740  204
4  684 1669 2645  685
4   29  682   30   31
4 1913 2332 1916 2142
4 2558 1629  223 2173
4  682  285   31 1162
4  592  544  903 1787
4  947  895  460  150
4  489 1543  703  457
4 1678 1521 2733 1679
4 1223 2199  251  634
4  888 2256  887 2932
4 1815 1581 2526 1813
4  376  607  843 2546
4 1516  247 1252 1223
4  249  987 1854  881
4  225  224 1684  227
4 3234 3208 2235 1687
4  547 1302  545  548
4 1144 1848 1217 3210
4 2414  299 1458  300
4 1036 1977  436  433
4 2095 2723 1952 1061
4  363 2098   44 1415
4 1836 2563 2134 1813
4  740 1353 1751  207
4 2400 2502  888  886
4  348  344  615  346
4 3130 3155 3115  803
4 1507   12   15 1509
4 1327  415  984    1
4  804  802 1136  801
4  510  512 2501 1637
4 2319 2317 2318 2853
4 2786 2515  344 2402
4  754 2426 2129 2829
4 2761  696  256  257
4 1741 1458  139 3299
4 1262  306 1263 1265
4 1536 2318 2319  567
4  695  694  693 2252
4 2689  388 1228 1374
4  573 2360 1240 1596
4 1032 1751 1927  712
4 2431 2430 1285  281
4 1674 1349 2967 1672
4 1672 2859 2967 1674
4 1281 2327 3282 3276
4  145  148 1736  384
4 1741  311 1740  452
4 1256 2020 1351 1257
4 2986 2307 2130   44
4 1122  553 1121 1666
4 1949 2342 1960 2304
4 1823 1119 2498 1121
4 1077  909 1209 1462
4  440  442   21  441
4  319 2074 1455 2073
4  658  659 1332 1653
4 1028  230 1133 1029
4  560  735  558  734
4 2872 1643 2119   57
4   45 1699   44 1698
4  103  493 1171  100
4  483  848  480  481
4 3257 2418 1362 2415
4 1722  405 1721 1720
4 1630 1852 1668 2682
4 1222 2199  251 1223
4 2669  256  156  257
4  911 2391  123  935
4 1439 2536 1639 2537
4 1687 2881 2882 3197
4 1258 1352 1674 1349
4 1809 1018 1811 2348
4  161 2316 2971   78
4 1859 1361  859 3273
4 2354 1954 2353  885
4 1188 2044 1651 1187
4 2213  682 1162  681
4 2947  762 1340  764
4  175 2770 2320 2609
4 2989 3106  719  717
4 2505  578  579  389
4  972 1006 2623  781
4 3016 3129 2849 1662
4 3082  180  197  183
4 2238 1899 2677 1975
4 2101  430 1816  431
4 1415 2132 1414  309
4   34   32 2126 2463
4 2272 2585 2799 2979
4  659 2199 1334 2140
4  855 1702 2453 2444
4 1331  181 1330  183
4 1001 1363  294 1000
4 1158 2544  353 2732
4 1498  115   80  922
4 2773  586  587 2541
4 1653 1290 1811 1291
4 1232 1314 2014 2934
4 1220  158 3196 2613
4  934 2902 2402  348
4   57 2373 3331 2374
4 2473 1618 2290 1619
4 1845 2021 1256 1257
4 1298  791  932 2829
4 2792 2649 2835 2383
4 2307 3259 2133 2098
4  300 1459 1458 2414
4  564 2459 2769 1549
4 2962 1197 2985 1198
4  851  342 2653 1287
4 2025 3126 2392 2148
4  644 2225  707  976
4  148  146   94  145
4  416 1736  384  836
4 1681 1640  739 1683
4  103  692 1680  691
4 2590 1095 1094  721
4  560 1267  758  733
4  123  535 1209  847
4 1454 2170   22 1455
4  105  104   68 3128
4  642  732  479  207
4   71  105  106   68
4 1625  517  519  520
4 1538 1736  415  497
4 1057  900  993 2027
4  567 2341 2318 2317
4  417  168  167  609
4 3207 2992  779 2505
4 2648 1088 2980  206
4  460 1773  895 1774
4 1484  135 1487  633
4 1243 2900 1242 2389
4   31  624  360 2534
4 1032 1266  713  712
4  348  344 2402  934
4  783  968  969 2670
4 3014 2929 3116  591
4   40 1970   41   43
4 2835 2218 2792 1695
4 1687 1221 2457 3100
4 2826 2033  435  434
4 1836 1815 1647 1838
4 3123 1569 2847 1843
4 2554 2410  858 2232
4 1949 1948 2342 2304
4 1718 3194 3193 2913
4  956 3307 2170 3195
4  850 2428 3006  849
4 1824 3282  243 1281
4  280  614 1543 1908
4 2961 3077 3161 2985
4 2545 3269 2144 2145
4  933 1921 1377 1376
4  543  169 3244 2521
4 1229 1227 3252 2593
4 1629 2931 2173 1578
4 1222  794  879  249
4 1329  979  978 2833
4 1683 1549 1294 1681
4  505 2143  833  892
4  305 2256 2504 2006
4 2829 2663  791  932
4  173   36  174  176
4 2026 1361  856 1930
4  122  535  123  124
4  339 3250 2865 3098
4  591 1103 3015  705
4 2348 1503  390 1691
4 1357 1404 1298  932
4 2359 1967  347  348
4 1986 1985 1475 2443
4  757 1919 1920 2984
4 2519 2878 2694 1842
4 2000 2018 2001  798
4  757  756  755 2984
4 2812 1610 2899  575
4 1162 2728 2211 1803
4 2521  171 2988 2011
4 2873 2872 1643 2119
4  399 1069 1068  397
4 3070  797   56  800
4 1367 2189 1517    3
4  817 1224  861  692
4  855 1702  854  852
4 1689 3275  224  226
4 2730 1836 1277 3118
4  741 1159 2471 1292
4 2849  649  648  650
4  103  102 3267  101
4 2926 3162 2374 3140
4 2926 3162 3140 3296
4 1349 1352 1674 2854
4 1977 1536 2319 1681
4 2509 2597 1075  516
4 1434 1432 1433 2910
4 1266  755  757  758
4 1198 1919 1453 1931
4 2543 2436 1785 2145
4  445  444 2279  446
4 2566 2647 2341 2318
4 3310 2222 3111 1434
4  757 2106  526 2885
4 1748 1404 1298 1299
4  163 1598  917  161
4 2203 2879 2202 2880
4 1902 2971  161  163
4 1000 1398 1993 1366
4 2111 2566 2333 1336
4  415 2070 1937 2532
4 3135  809 1488 1140
4 1229 1228  167  417
4  226 1971  227  225
4 1092 1906 1091 1905
4  377  607 2952  142
4 1091 2124  871 2433
4 1847 1461 1848 3210
4 1265 2571 1264 2572
4 1930 1811  856 2026
4 2325 1425 2785 2949
4 1296 2417  848  480
4 1666  643 2893  371
4  732  731 1397 2581
4  827 3047  828 3114
4  796  956  752 2641
4  513  515 1075 1077
4  391  535 1721  122
4  800   58   56 3070
4 2433 1089  871 1091
4 1251  245 1252 1859
4  105 1849  104 3128
4 2188 1234  834  355
4 1643 1645 1644 2255
4 1357  754  753  792
4  771  769 2589 2588
4 3054 1718 2230  273
4 1578 2511 1577 1575
4  295 2268 1119 1729
4 1630 1852 3320 2527
4 2984 1919  755  757
4 3023 1966 1186 2788
4  322  320  321  727
4  729  728 1630 1629
4 1415 2132  308 1762
4 2616 2230 2044 2228
4 2026 3127 3126 1810
4   50 1763 3321 3341
4 2986 1128 2307   44
4  651 1272 1402 1311
4 1243 3059 2900 2084
4 1630 2602 1852 2682
4  295 1451 2268 2267
4  508  506  507 1141
4  434  173  485  435
4  359 1954  463  977
4 2955 2627  554  556
4 1492 2410  856 1930
4 2726 1486 1487  634
4 2148 1953 1812 2974
4  233  336 2036  235
4  115 1776  850 2467
4 1909 1330  183  351
4  575 3000 2900 2899
4  794 1725  795 1456
4 1364 1037 1038 1039
4 2229 1124  270 2913
4 1223 1361 1222 1930
4 1414 1699   44   45
4 1103  588 3110 1101
4 3132 2670  968  783
4 2652 1354  479  740
4 3200  397 1069  399
4 2096  131  130  132
4 2081 1276 1278 1279
4 2891  534 1180 1255
4 1845  504  503 3049
4 2913 1199 3193 1718
4 1999 2650  499 1771
4 1381 1383 2672 1384
4 2960   26 1180   27
4   45 1387 1388 1796
4 1793 1274 1903 2753
4 1784  913  563  912
4 3187 1524 1906 1091
4  145  147 1734 1735
4  957  654  903  653
4  922 1776  923  483
4  482 1493 1557 2780
4 2612 3197 2613 1687
4 2132 2133  308 1762
4  112 1981 2302 1821
4  154 1992  155  156
4  434 2033  485 2295
4   96   99 1432 3111
4 1498 2072 1993   75
4  294  295  297 3229
4 1434 2222 1880 3310
4  141 2315  751 2401
4 1890  423  426  424
4 1784  563 1785  912
4 2224   17 2120 1535
4 2104 1373  417  418
4 2330 2594 1749  174
4 1855 2237   23  319
4 3287 1274 2550 2701
4  798 2018 2001 2910
4 1762  306  308 1415
4  461 1772  895 1773
4 2935 1814 3138 1731
4 2627 1645 2629 2255
4 2957 2828 2451 2827
4 2514 2644 2903 2643
4 3194 1124  874 2913
4 2913 3194 1124 1718
4 3128   69   68  105
4  257 2760 2201 3300
4   44 1128   46 2986
4 3088  926 1675 1389
4 1702  950  498 1327
4 1163  285 2276 3017
4 1032 1166 1927 1353
4 1731 3137 3138  996
4  654 1402 1884  651
4   44 2982 2132 2130
4  388  521 2505  522
4 1647 3092 1731 1836
4 1975  275 1043 1926
4  163  916 1902  915
4 1456  954  956  955
4  640 1043 2297 1737
4 3222 1103 1990 1100
4  319 2448 2074 1855
4 1582 1172 3175 3094
4  328  326  890 1165
4 1389  926 1388 2045
4 2468 3321 1980 2589
4 1229 1374 1228  417
4 1122 1823  832  369
4 3219 1490    7 1105
4 1845 1561 3050 1562
4  286 1069 1068  399
4 2483 1706  875 1703
4    7 2807    4 1106
4  310 1458  139 1741
4 2594  133 1412 1413
4 1156 1409 1154 1155
4 2228  972 2270 1710
4   50   49 1911 1677
4  775  748  750 1007
4 1687 1686 1013 2881
4 1342 1309 1311  517
4 1388 1699 2398 1414
4 2784 1145  240 3239
4  128  125 1983 3108
4 2034  105  486 2421
4  125 1983  126  128
4 1049  659 1223  593
4 1928 2630 2166 2531
4 1387  957  928 2522
4 2088 2178  333 2177
4  290  615 1543  703
4 3108  125  127  128
4   87 3024 3022   85
4 2962 2624 1919 1916
4  128  113  114  111
4 3108 2914 1983  128
4   39  207 1300  712
4 2195  370  623 2182
4  165 1256  503 1845
4  559   77 1167 1033
4  376  378 2546  496
4 1091 2432 1089 3187
4  225 2800 1971 2131
4  207  732 2089 1300
4 1107  100  103  101
4  628 2787 1442 2842
4 3179 2865 3098  339
4 1300  207  642  712
4 1972 2800 3046 2240
4  703  290  345  293
4 1072 1530 1384 2672
4 2531 2630 2264 1928
4  346 2168  347  348
4  751 1473 3165 2377
4 2595  174 1459 2594
4  553 1961 1667  150
4 1284 1693 3117  813
4  717 2989 3106 1973
4 1972 1690  855 2444
4 2444 2398 1972 2923
4  626 3051  627  628
4  988 2101  431 3157
4  191 1524 2006 2005
4  893 1362 2415 2467
4 1935 2102 1933 1466
4  642 1751 1032  712
4   41 2490 1425 2941
4 2630 2264 2966 2531
4 2449 2591  596 3190
4 1234 2168  834 1235
4 1093 1135 1094  721
4 1560  386 1790  728
4  921  918  919 1231
4 2691  722 1134 2692
4 1265  306  704  651
4  951 1522  948  949
4 1522  948 1295  951
4 1972 3046 2241 2240
4  814  240 1119 1120
4 1497 1715 1633 1495
4  543  169 2521  172
4 1247 2081 2516 1278
4 3337 3102 3330  909
4  402  830 2197  382
4  642   79 2076  161
4  940 1947 2411 1268
4 1268 1947 1970 1969
4 2826 2034 2295 1231
4 1413  134 1979 2329
4 1613 2776 2331 1978
4 2826  876 2918 2034
4  297  815  295  972
4 1694   80  195 1696
4 1343  659 1335  594
4 2778 2401  748  305
4 2662 1378 2888  933
4 2996 1724   18 2090
4  247  244 3183   88
4 1279 2082 1278 2081
4 1960  885 1770 1958
4  539  832 2163  831
4 1774  946  945  947
4 1120 1241 2944  240
4 3011 1581 2526 1815
4 1235  219  355 3067
4 2836 3125 3180  308
4 1379 3013 1376 1921
4  248 1411  635 1615
4 2616 2621  806 3185
4  947  944 2779  946
4 1615 1411   38  248
4  910  439 2035  441
4  990 2950  989 2325
4 2778  378 2401  888
4  633 1484  135  529
4 1023 1022 2120 1534
4 1615   38  250  248
4 1774 2951  499  460
4 1815 1580 3192 2016
4 2802    0    2 1368
4  308 2822 3180 2836
4   57   58  800 2373
4  977  462  463  359
4   57 2872 2925 2926
4  984 3056 1688  981
4 1918  173 2320  412
4 1972 2241  855 2240
4 2383 2442 2835 1695
4 1241  670  575 2625
4 3169 1046 1047 1131
4   59   58  800   57
4 2711 1319 2653  851
4 2014 1232  980 2802
4  392  830 1045 2248
4 2076   76 2078 2316
4 1092 1898 1899 1897
4   85 3038 3022   87
4 1223 1516 1361 1930
4  469 1025 1507 2491
4  724 1084 1608  726
4 2512 2903 3075 2514
4   50 1676 2589  769
4  714  643  164  712
4 1162  283  285  284
4 1612 1749  174 1614
4  730 1559 2171  727
4 2171 1454 2416 1576
4 2315  495  144 3274
4 2196 1713 2893 1666
4 2431 1955 1285  914
4 1056   96 3310 3324
4  658 2988 2521 3244
4  235  234 2036  233
4    7 1106    4    5
4 1764 3341 1763   50
4 2454 2933  950  948
4 2294  569  288 2518
4 3291 1493 1753 1494
4  593 3083 1252 1049
4 1609 1763 2468 1084
4 1611 1610 1964  572
4  239 2009 2818 3012
4 2616 2886 2044 2114
4 1298 2829  932 1748
4  921 1386 1233 1231
4   76 2078 3106 2076
4 2483 2221 1706 1703
4  560 2857  733  734
4  760 2767 3332 3008
4  825 1985 3215 2443
4  894  220  223  221
4  289 2867  455 2388
4  985  317 2419  320
4 1560  956 2074 2641
4 2595 2330 2594 2329
4 2615 2614 1690 1689
4  144 1183  939 3274
4  362  631  632 2994
4 2565  799  838  839
4 2873 1282 2604 2603
4  296 2231 1120  553
4 1666 1713 2893 1878
4 1224  602  860  600
4  260 2821  259  261
4 2552  514  534 1211
4  434 1231 1233 2826
4 2470   74 2369 1494
4 2148   17   19 2393
4  556 2626 2627 2628
4  174 1614 2595 1861
4 3180 1684  225 2486
4 3021 3136  175  487
4 3279 3089 1017 2348
4  937 1939  782 2391
4 1747 1403  540 1404
4  585 1833  190 1523
4   25 1077  909 2035
4 1024 1458  300 1411
4   87   85 3038   84
4 1662 3016  611  650
4 2778  305  748 1833
4 1800   84   86   87
4 2911  118 1404  540
4 1619 3001 2473 2590
4 1770 1768 1769 3042
4 1342 1402 1311 1309
4 1975 1898 2677 1926
4  625 2869  331 2227
4  911  782  783 2391
4 2231 2944 2044  817
4 1043 1975 1898 1526
4  487  485 1055 2832
4 2590 2639 1616 1619
4 1290 2537 3089 3145
4 2389 2458 1242 1243
4  595  659  660 1049
4 1965  178 2620  179
4   66 1055   65  611
4 1373 1875 2302  391
4 1300 1348 2911 2089
4 2826  716 1233  434
4  426  425  423 1789
4  930 2911 1300 1348
4  419 2858  422  421
4  796  753  795  249
4 3101 3172 1172 1174
4 1280 1910 1822 2794
4 2168  344 2402  348
4 2313 1655  885 2312
4 2443 1985 1475  825
4  352 2765 1331  182
4 1833  305  748 1007
4 1263 2837  306 1262
4 2213 2908  681 1548
4  555 2222  798 1805
4 1386  168 2335 1460
4  999  991  540 2164
4 2249  705 1103  592
4  157 1421  563  159
4 3167 2082 2736 3224
4  195 2916   81  194
4 1138  803 1375  898
4 1092 1090 2413 1501
4  685 2024   28 2204
4 1739  361 1890 1991
4 1909  229  183 1712
4 2227  746  331  627
4 2055  920 1978 1861
4 1696  210   80   82
4  927 2398 2923  929
4 2015  979 1329 2671
4 1586 1700 1702 1587
4 1850  571  569 2518
4 1998 2951  460 1532
4  650 1662 2849 1270
4 3239 3217  863 3218
4  642   79 1032 1751
4 1105 1490 2862 3219
4 1322 1094 1636 1325
4 1683  739 1542 1640
4  699  255  716  434
4  419  710  984  982
4 2504  888 2401 2400
4 1879  164  714 1878
4 2736 2082 1279 2080
4  916 1316 2289 1318
4 1000 1363  294 1929
4 1842 2694 2435 2878
4 3173  547  546  548
4 2913 2230 2115 2912
4  750 3237 1474 1473
4  562  563 1422  159
4 2602 1630 1631 1922
4 2325 2949 2369 2948
4 1483 1052   65  819
4 2330  174 1614 2595
4 2893  371  643 1475
4  183 3082  180  181
4  195  193  765  192
4 2036 3074  336  233
4   88  247  881  986
4  120  480  385 1296
4 2394 2224   17   18
4 1000  999  294 1001
4 2604 1282 1807 1249
4 2546 1552 1782 1315
4 1438 2537 1290 3145
4 1300 2911 1665 2089
4 2219  821 1273  306
4  516 2509 1593  515
4  481  480  923  120
4 1938 2667 1518 1068
4  494  144 1182  496
4  156  154 1992  153
4 1346  404 2601 2599
4 2082 2828 2052 3071
4  377  378 2952 2778
4 3238 2930 1906 2843
4  520 1626 1978 2775
4  399 2517  287  396
4 2096  102  493 2094
4   25 1077 2035   27
4 3195 1499 2170 1455
4  448 1742  450   51
4 1958  882  885 1770
4 1455 2170   22 1499
4 2937 1381 1567 1365
4 2329 2595 1979 1413
4  328 2790  326 1165
4 1005 1506 1004   30
4  543 3244  661 2521
4 1628 2544  217 2145
4 1930 1516 1492 1223
4  509 1587  512 1637
4 2504 2503  888 2502
4 1706 1703 2221 1705
4  195 2742   81  766
4 3255 1804 3045 1163
4  886  868  378 3189
4 1061  131  130 2096
4  172  544 2521  543
4 2813 2814 3167 3158
4  369 2911 1665 1300
4 1279 1277  745 1276
4 1198 1657 1453 1656
4 1374  388 1228  418
4 2262 2261 2049 3053
4 1036  255  699  434
4 1666  370 2893 2196
4  378  144 2952  141
4  480  482  923  483
4  403  405 1180 1181
4  571 1360 2517 2518
4  369  368 1910 1104
4  262 2884 2083  446
4 2528  455  456 2387
4 2400  637 2401 2504
4 1848 1217  507 1144
4  762  194  192  193
4 1035   36  174  173
4 2325 2539 2369 2949
4  308 1273  306 2837
4 1013 3208  689 3234
4 1722  405   19   16
4 1920 2875 1919 2180
4 1348  753  119 2641
4 1088  206 1668 1395
4 1385 2939  372 2976
4  501 1448 1258 1256
4  112  113  394 2032
4 1020 2905 3190  936
4 1903 2138 2190 2139
4  780 1247 1515  977
4   62  772  215  212
4 2876 1915 1916  325
4 2226 3243  625 1286
4 2301  672  179 1184
4 1809 3279 1017 2348
4  689  686  326 1165
4  922 1776  728  386
4 2479 1615 1127 1126
4 1909 2179 1025 1712
4  995 2342 1960 1949
4  781 1006 2623 2051
4 1670 2193  685 1944
4  800 2373   58 2629
4 1165  891  889  890
4  502 1638 1447  501
4   16 2237 1558 1721
4  662  664 2485  665
4 1399 1798  919 2528
4 3296  327 2184 2183
4   78 1902 2971  161
4 2429 1285  812  281
4 1000  999  542  924
4 1433 1056 1434 2803
4 2521  661  544  594
4 2532 2070  414  415
4  772 1606 1059 1060
4  652  651 1402  654
4  446 3058  842  444
4 1380 3254  329 1858
4 2481 1410 3134 1219
4  431  429  792 2845
4 1829  497 1808  289
4 2235 2234 3234 3148
4  128  827  393 1984
4 3168 2569  787 2570
4  887  257  886  156
4 1243 2944 2262 2086
4  560  526  758 1266
4  448 1356 1742   51
4 1334 1615 1533 1333
4 1794 1792 2697 1709
4  302  305 2504 2006
4 1370  908  318  185
4   42 2325 1001  989
4 1615 1291 1332 2140
4  988 2100  431 2101
4 2099 2878 2877 1842
4 2857  733 1267  560
4 2257 3025 1649 2814
4  595  661  544 2232
4 1335  661 2521  594
4  128  126 2200 1983
4 1617 2322 1636 1619
4  898  896 2200 2856
4 1164  889 1420  890
4 1471 1314 1472 2483
4 1413  635 1533 1309
4 2389 3000 2900 1242
4 1864 2033  650  612
4 1460 1233  980 1034
4 1377 1376 1921 1379
4 2480 1011 2476 2481
4 2767 3332 1065  760
4 2816 2553  534 1255
4 1713 1028  231 2196
4 2816 2820 1761 1255
4 1020 2206 2905  936
4 1242 3000  573 1596
4  981 1009  415  984
4 1762 2837 1263 2880
4 2851  696  698  256
4 2535 2994  631  362
4  137 1457 1459 1749
4 2518  569  288  571
4 2616 2114 2230 3055
4 2183 3140 3139 3254
4 2119 3213  328 2117
4 1238  872 1286  199
4 2964 1301  694  231
4 1220 1219 1218 3223
4  760 3332 3010 3008
4  757 2885 2953 2107
4   44 2987 1698 2986
4 1028 1132 1026 1909
4  501 1257 1258 2752
4  185  187 2508 2506
4 1387  904  957 2522
4  833 1628 2056  354
4 2985 2983 2961 3036
4 2919 1350 2489 1352
4  704 1758 1844  707
4 2816 2891 1180 1255
4 1873 2335 1460 2733
4 1051 1112 1114 1115
4 1720 1347 1255 1723
4 1071   40   43 3229
4 2985 1369 1205 1931
4 2317  565 2769  567
4 1544 1452 1198 1546
4  444 3058 1041  446
4 2984 2954 1920  757
4 2505  578  779 3207
4 3150 1611 3239 2625
4  281 3143 2430  278
4  342 1528 1288 2866
4 1219 2476 2575 2475
4 3107 1155 1153 2881
4 2357  916 1318 1317
4  596 2905 1019 2906
4 1755 1530 2684 2683
4 1249 2565  839  798
4  162 2357  163  164
4   45 1698   44 2987
4 1409 3134 1155 1410
4 1128 1129 2098   44
4 1519 1518 2150 2517
4  810  311 1740 1741
4  257 2669  256 2761
4  948  664  951 2454
4 1619 2322 1636 2639
4 1197 2472 2290 1196
4 2279 2278  259  446
4  544 2336  543 3251
4   65 2922   66   67
4  190 2006  191 1523
4 1409 1154 3254 2482
4 2625 1241  670  240
4 3320 3261 1629 1630
4  358 2437 1074 1073
4 2212 2211  681 2213
4 3176 1225  242 1729
4 1266  755  470  757
4  949 1522 1521  951
4 1643  800  556 2629
4  891  889 1419 1856
4  535 1180 1181  316
4 1089 1090  871 1091
4 1105 2862 1514 2861
4  878 2151 3040 1359
4 1109 1269 2041 2354
4  817 2228  972 1188
4 1687 2236 1289 2612
4 2167  880 1021  879
4 1268  942 2165  940
4  289 2388 1808 1829
4 2195  371  788  623
4 3317 3293  385 1559
4  346  344  615  892
4  385 2417 3293 1296
4 1338  678  820 1336
4  623 2570  788 2195
4  835  383 1736  384
4  892 2143  833  219
4 2725 2883 3133 2592
4 1224  602  862 1571
4 2893  371  788 2195
4 2030  237  823  239
4 1229  313 2725 2592
4 2365 2570  788  623
4  458 2568 3143  279
4  418 1374  388 1373
4 1582 1174 1794 2696
4 1031  378 2401 2315
4  531  635  633  248
4 2212 2210 3191 2211
4 1410 3134 1155 1686
4 2336  543 3244  661
4  116 1826 2285 2467
4  997  998 2523 1591
4  201  200 2619  683
4 1467 2259  985 1469
4   15   13 1369 1202
4  887  255  156  155
4 2055  173  485  434
4  821 2656 1839  651
4  879 1022 1021 2167
4 1222 1855  794  249
4  640 2755 2319 1738
4 3039 2751 3121 3122
4 2108 1073 1954 2353
4 2022 2020 3214 3262
4  496  495  378 1030
4 3067 3028  219  355
4 1625 1533 1873 3002
4 1472 2013 1470 2666
4 1711 3216 1710  465
4 2582 1354 1752 1751
4 3329 2721 2720 1132
4 2370 2374 3140 2926
4 2720  349 2659 1094
4 1164 1420 3107  890
4  216 3067  561 2732
4 2776 2305 1626  920
4 1371  186 1469  185
4  204  206  205 1088
4  208  210  476 2242
4  433  966  698  256
4  816 1169 1680 1648
4 2196  574  573 1121
4 1582 1062 1794 1838
4  856 3272 3127 1810
4 1918  470 1476  138
4 3281  372 1385  375
4 1631 2507 2508 2945
4  477 3073  731 1832
4 1138 1137 2856 2855
4 1152 3163  578 1503
4 3190 2591  596 1020
4  660  858 1492 2410
4  877 1232  875 1368
4 2711 2635 1319  851
4 1474 1473 3237 3248
4  131 1062 1837 1838
4 1505 1945  683  203
4 2486  309 2485 1685
4  678  698 1337  738
4 1135 1094  721 1134
4  847  532  772 1818
4  508  846  847  845
4  984 1009  415  983
4   51   50  793 3321
4 2251 2677 2413 1092
4 2188  354 2344 3028
4 2792 2791 2649 2383
4 1264 2571 3119 1262
4 2030 2029  237 1769
4 2758 3100 1097 3202
4 2905 3190  596 1020
4 2867  455  456  289
4  198  695  199 1714
4 1236 2665  406 2655
4 2607 1604 2608 2204
4 2153  579 1691 1564
4 2348 1017 1018 1015
4  487  919  486 1799
4 2681 1017 2355 2348
4  405 1500   20  404
4  902 2801 2993   63
4 2475 1099 1097 2474
4 3190  870 2591 1020
4 1109 2087 1110 1111
4  976 2726 2249 1946
4   33 1430 1230  701
4 1720 1180 1181 1721
4 1540 2253 1808 2159
4   73   74 1040 1308
4 2476 2474 1011 2480
4  767   80  195  193
4 3039  450 1056 1881
4  203 3104 1945 2714
4 1633 1864 1632 3240
4 1342 1341 1533 1333
4  256  966  698 2921
4  623 2365 2570  620
4  928 2674 1335 1333
4  336 3109  232  233
4 2774 1054   66  611
4  139 1476  454  138
4 2232 3097 2336 3251
4  336 3275  232 3109
4 2029 1767 1768 1769
4 3142  561 2731 3141
4 2684 2683 1074 3164
4 1131 2560  899 1047
4  235 3156 1446  234
4 2255 1645 2629  556
4  200 2246 2619  683
4 1642 1688  984 3056
4 2212 2210  681  591
4  627 1962  151 2695
4 1456  795  796 2116
4 2027 1057 1466 1932
4  989 2970 2530 2738
4 2624 1919 1916 1896
4 1683 1759 1542 1160
4  562 2282 1098 1099
4   91   89  881   88
4  155 2973  154  153
4 1453 1895 2606 1189
4 2940 2141 2332  323
4  645  425  706  707
4 1462 2704 1076 3337
4  527  583  526  525
4 2730 2425 2729 2424
4 3002 1872 1873 2733
4 1771 2650 2649 2791
4  352  427 2721 2765
4 1367   54 2189    2
4 2518    0  877 2152
4 2421  105  486 2294
4 2056 1628 2544 2545
4 1672 3041 1675 1450
4  922 1694   80 1498
4  463 1110  464 3229
4  400 3338 2638 1585
4  553  296 2231  552
4  433  966 1336 1337
4 1782 2363 3144 1783
4 1193 1302 1797 2906
4 2950  989 2325   42
4 2064 1854  881   89
4  967 2494 2722  969
4 1811 3279 2555 1809
4  671  669  670 1146
4  199 1125  874  872
4 1474 3248 3237 2915
4 2608 2375 2024 1605
4  593 1946  899 2249
4  187 2508  184  185
4  106 1632 1633   70
4 1555  311 1057  312
4 1462 3330  909 3337
4  415 1069 1736  414
4 1182 1042  494 1595
4 1770 2440 2439 1767
4 3337 1463 3102 1462
4 1670 2192 1945 2194
4 1833  776 2256 1523
4  137  140 3160 1457
4 1557  482  118  120
4 2052 2082 1006 2623
4 2291 1322   14 1369
4 3033 3044  722 3032
4  727 1559  321 1560
4 1046 2840 2665 1048
4 3097 2336 2554 2232
4  270 1775 2586 2587
4  252   66  324  325
4 3005 2004 3294 3004
4  994 1486  633  992
4 1681 1353 1294  739
4   14 1322 1323 1369
4 2037 1702 1010 1587
4 1185  345  703  489
4  922  728  894  475
4 2574  562  563 1422
4  790 2129  754 2116
4 1625 2733  519 1679
4 2531 1225  602 1928
4 1011 1013 1221 1014
4 1453 1656 1657 1895
4 2622 2451 2827 3326
4 1314 1232 1472 2483
4 1685 1690 1621 1689
4 2140 1291 1332 1653
4 1538 1637  384 2501
4   45 2987   44   46
4  138  412  137   36
4  342  562  216 2281
4 2204 1604 2202 2879
4  989 2738 2530 2950
4 1636 1635 2640 2547
4 2034 3016   71  650
4 1752 1294 1166 1353
4  420 1674 2854 2967
4 2425 2136 2135 2137
4 2353 1767  883 2029
4  365 3241 1103 3284
4  592  705  952 1844
4  572  573 1780  574
4 1810 3127  856 2026
4  284  282  285   31
4  795 1854  881  249
4 1209  909 2035  907
4 3225 2226 3243  625
4 1269   40 1970   41
4 3206 2607 3203 2204
4  685 1944 2793 2607
4  775 1833  551  112
4  871  672  674  869
4  827 3114 2248 2247
4  505  845 2144 1842
4 2936 2937 1566 1364
4  374  315  609  978
4 2432 2433 2124 1091
4  288 2867  289 1866
4  420 1674  422 2209
4 1079 1488 1140 3135
4 3170 1471 1470 2483
4  399 1069  289  286
4  898 1058  382 1373
4 2179 1025 2088 2491
4 2267  294 1451   43
4 1689 1690  854 2614
4  391  388  418 1126
4  465  467 3216 1710
4 2802  979    2 1386
4  796  956 2074  794
4  151 3051 2695  945
4 1034 1526 1976 1036
4  927 2209  422 1872
4  685 3228 2645 3227
4  574 1891  572  671
4 1224  861 1570  862
4  764  762  193 2947
4 1373 1374  388 2689
4 1564 2153  579  576
4  390  388  579  389
4  754  119  752 1298
4 1173 2191 1174 1175
4 3171 2463 2466 2126
4 1556  156  641  258
4 3037  510 2500 2501
4 1887 1481   37 1537
4 2820 2600 1344 1346
4 2548 1245 2144  901
4  424  680 2908  681
4  182  428  180  183
4 3337 2735 1076 1462
4 2612 3208 2882 1687
4   41 2490 1970 2411
4 1653 1439 1654  658
4  632 1605 2024  629
4  416  415 1538 1736
4 2689  579 2505 2850
4 1815 3192 1731 2016
4  278  613 1319  281
4 1901 2477 1962  917
4  988   90   91 3288
4 3196 1686 1221 1687
4  265 1881 1974 2109
4 2528 2305 1626 1520
4  683 1506 1423 1005
4  492  490  493  844
4 1283 1284 3117 1285
4 1346 1344 2599 2600
4   16 1855 2237   18
4 1346 2820 2600 2816
4  671 1964  572  669
4  319 1558 2448 1855
4 2272 2270 1710 2228
4 2221 2158  715 1705
4  150  895  460  461
4 1717 2377 3237  750
4 1639 2988 1449  658
4 3015 3284 1103  588
4 2730 3118 2729 2136
4 1596 2389 2458 1242
4  343 2496 2497 2786
4  627 2477 1962 3290
4 2386 1240 1201 2362
4  231 2361  228 1301
4 2014 1314   11 2934
4  269  619 1397 1929
4 3063  503 1564 1438
4   16 1812 2026 2148
4 2732 3067  561 3028
4 1468 2260 2259 1469
4 2229  270 1442  272
4 1458 1457 3160 2414
4 2443  826 3215  825
4  163 1902 2971 1901
4  855 2453 2068 2398
4 1899 1090 2413 1092
4  658  661 2232 2699
4  784 1184  782  911
4 2479  168 1873  166
4 2098 2097  631 1129
4 2527 1852  475 1630
4  413  981 1009  415
4 1309  635  136 1413
4 2668 3207 2992  779
4 1845 1256 2022  165
4  813  214 3117  811
4  483  481  482 1493
4 3337 2704 1463 1462
4 1140 1491 2443 1982
4 1993 1363 1039 1000
4 1462 2735  909 3330
4 1956 3284  365 3015
4  712 1266 1927 1032
4  404 2601  405 1346
4  585  584 1874 1525
4  411  412  137  138
4   42 1425 2325 2950
4 1300 1665  642  732
4 1754 1998  460 1755
4 1940 2766   72  760
4 2820 1344 1345 1346
4  375   52  709 3281
4  856 2556  857 2846
4  178   85 2838 2301
4 1904 1905 3187 1906
4 1331  181 3099 1330
4  477 1831  731 2079
4 1231  876  716 2826
4 1687 2235 2236 2612
4 1774  945  895  947
4  609  978  980  375
4  772  215  846   62
4 1537 3247 1549 1765
4 1494 2780  542 3291
4 1202  733 1203 1267
4 1387 1414 1388  929
4 2391 1939  968 3132
4  434  255 1233 1036
4 2934 1232 1233  980
4 1342  651 1402  652
4 2924 2870  328 2119
4 1386  979    2 3198
4 1504 1331 3099 1330
4 2197 1058 2302 1373
4 2034 2033 2918 2826
4   47 1393  905 1392
4 1322 2291 1636 1619
4 2354 1269  464 1109
4  510 3156 2500  512
4  352 2721  349  350
4 3162   58   56   57
4 2294  919  456 1400
4  415 1009 1010  983
4  989 2950 2530 2941
4  665 1272  309  662
4  355 1234 2345 2188
4 2163 2529 1451 2970
4 2696 1062 1794 1582
4 1010  415  498 1538
4 1485 1883 1884 1487
4  856  857 3272 2846
4 1300  732  642  207
4 2685 2281 2496  343
4 1371 2945 1372  184
4 1845 1563  503  165
4 1300  371 1666  369
4  355  354 2187 2188
4 2666   54    2 2015
4 1681 1481 1536 1537
4 1235  834  355  219
4 2128 1835   32 2127
4  721 2396 3001 2590
4  118 2781  482 1557
4 1548  424  680 2908
4 1677   49 1911 2378
4  371 1491 2443 1079
4   44 1698 1699 2982
4 2185  688 1012 1671
4 2159 2299 1539 1540
4 2545 2694 2436 2145
4  305 2401  748  751
4 1865 1829 2388 2867
4  150  499  460  947
4 2579 1561 2688 1563
4  612 2991  820  818
4 2567  279 2568  458
4 2191 1174 1903 1793
4  418  165  168 1126
4 1014 2481 1221 1011
4 2692  788 3033  785
4 3305 2660 1330 1636
4 2304 2441 2343 1960
4 1013 1011 3202 1012
4  297  295  296  972
4 1341  659 2199 1334
4  676 3240 1864 1716
4  864 3264 2747 3012
4  706  681  682  424
4  865   11  868 1782
4 2123 2433 2266  871
4  297  500 1711 1710
4  114  827  393  128
4 3005 3294 2763 3004
4 1842 2878 2435 1391
4 1182 1595  494 1550
4 2782 3311 3130 3115
4  235  232  336 2615
4 1121 1120 2498 1241
4  682 1945  683 1506
4 2678 1240 1201 2386
4  713  162 1032  164
4 1466  900 1131 2100
4  896 3047  828  829
4  829  828  827 3047
4 1878 1025  472 1879
4 2289  163  164 1879
4  461 2787 1442 2229
4 2289  164  714 1879
4 2289 1598  917  163
4  743 1277  745 1851
4 2289 1598  163 1879
4 1982 1300   39  930
4 1188  815  816 1427
4   39  310  139  452
4   39  139 1476  452
4   39 1982 1476  712
4   39  452 1476 1982
4 1982  452  310   39
4 1540 2253 3084 1828
4 1828  147 3084 1540
4 1540 2299 2253 2159
4  142  144 2952  378
4 1188  692  816  817
4  792  932  432 1357
4 1555  792  432 1357
4  792  754  932 1357
4 1489 1490 1104 2157
4 1188  972 2827 2228
4 2228 1650 2827 1188
4 2053  646  647  644
4 3014  646  647 2053
4 2654 3014 2655 2053
4 2654  644  646 2053
4 2053 3014  646 2654
4 3002 1872  928 1333
4  218  219 2143  892
4  927 1272 1679 3002
4 2034 2033 1633 2918
4  927 1872  928 3002
4 1821  584 1874  585
4  929  309 2923 1272
4 2432 1524 1091 1525
4 1821 2302  124  911
4  189 2005 1149  191
4  189  188 2005  191
4  191 1149 2412 2005
4  191 2412 2432 2005
4 3328 3067 2685  216
4  955  794  956 1456
4 1456 1725  795  880
4 1456 3153  752  954
4 1630  475 1668 1852
4 2496 2786 2515  341
4 3328 2496 2515  341
4  341 3266 2515 3328
4  341 3027 2515 3266
4 3328  216  341 1235
4 1731  996 3138 3174
4 2689 3252 1374 2688
4 1387 2749 1795 1750
4  935 2391  123 1370
4  878 1359 2286 1358
4 1867  620  622 1870
4   35  586 1186 1184
4  586 1186 2127   35
4   35 2126 2127  586
4   32 2126 2127   35
4 1184 1185 1186   35
4   35 1186 2127 1185
4 1361  247 1023 1859
4  246 2103 1023 1859
4 2103 1361 1023 1859
4 1859 2103 1361 3273
4 1859 3273 1893  246
4  246 1251 1893 1859
4  246 3273 2103 1859
4  672  584 2124 1525
4 1527 2497  344 2653
4 1525  584 1874  672
4 1981 2032   35 1821
4 1821 1875 1874  673
4  585 1875 1874 1821
4  185  186 1469  985
4 1821  586   35 1184
4  112  585 2032 1821
4 1821  672  584 1184
4  672  584 1874 1821
4 1821  584  586 1184
4  585  584  586 1821
4  585  586 2032 1821
4 1821 2032   35  586
4 2686 2282 2281  562
4 2467 1826 1827 2352
4  893 1826 1827 2467
4 2467 1362 1827  893
4 3257 1362 1827 2467
4 2352 3257 1827 2467
4 2467 2349 3006 2428
4 3257 2349 3006 2467
4 2467 3257 2349 2352
4 1950 3019 1062 2696
4 1950 1952 1062  130
4 2411 2490   40   41
4 2696 1172 1174 3265
4 2696 1582 1174 1172
4 2696 3019 3342 3343
4 2696 3343 3342 3101
4 3018 3019 3342 2696
4 3343 2698 2697 2696
4 2696 2698 1952 3343
4 3343 3019 1952 2696
4 3101 3265 3342 2696
4 3101 3343 1709 2696
4 3265 3018 3342 2696
4 2696 3019 1582 3018
4 2696 1709 2697 3343
4 2696 3019 1952 1950
4 2696 3018 3175 3265
4 3265 1172 3175 2696
4 2483 1471 1703 3170
4   43   41 2269 1970
4  204  206 1088 2648
4 2980  547 1395 1396
4 3173 1396  547 2980
4 2682  547 1395 2980
4 2957 2082 2827 3158
4 1427 2082 3167 3158
4 3158 2082 2827 1427
4 3158 1649 2814 1427
4 3158 2814 3167 1427
4 3263 3232 3025 3158
4 3232 3025 3158 2513
4 3158 3263 3232 2957
4 3158 2813 3025 3263
4   75 1498 2072  115
4   75 1494 2072   74
4  193  764  761   75
4  115  193  761   75
4 1648  131 1837 1838
4 1061 1170 1794 1838
4 1838 1794 1275 1170
4 1838 2526 1815 3011
4 1838 1062 1837 3011
4 1838 1837 1815 2526
4 2381 1731 1815 1647
4 1648 1836 1647 1838
4 2182  623 1870  622
4   65   64   66 2774
4 2182 1780 2447  574
4 2182 1869 2447 1780
4 2195 1869 2447 2182
4 2196 2195 2447 2182
4 2182  574 2447 2196
4 1523 2256 3005 1897
4 1897 1524 3005 1523
4 1523 3005 2006 1524
4 2256 3005 2006 1523
4 2648 2448 1194 1899
4 2381 2701 1275 2017
4 2017 2701 2702 2381
4 1194 2448  597 1899
4 1194  597  598 1899
4 2448  597  598 1194
4 2701 1173 1793 2017
4 3090 2896 2701 2017
4 1298  119  752 2426
4 1899 2238 1194 2648
4 2444 2485  665 2923
4 1930 1222 2199 2140
4 1299  540  118 2781
4 2140  250 1291 1222
4 2923 1699 1972 2132
4 2132 1414  309 2923
4 2923 1685  309 2132
4 1685  309 2485 2923
4 2444 1685 2485 2923
4  257 2934  868  866
4 2923 1414 1699 2132
4 1922 2980 1194  548
4 1922  547 1302 2682
4 2682 2602 1302 1922
4 1396 1088 2980 2648
4 1396 1087 1088 2648
4 2648  971 2238 1396
4 2648 2238 2980 1396
4 2701 1793 1275 2017
4 2381 1275 1838 2017
4 2017 2016 2381 3090
4 2016 2381 1815 2017
4 2017 1815 1838 2381
4 1582 1815 1838 2017
4 2017 1579 1580 2896
4 2017 2896 1580 3090
4 3090 2016 1580 2017
4  261 1137 1138 2855
4 2210 3191 2211 2213
4  313  804 1375  261
4  608  313 1375  261
4 1137  395 2821  261
4  261  395 2821  314
4  261  260 2821 1137
4 1137 1136  395  261
4 2855 1137  260  261
4 1371  187  186  185
4 2707 1371 1469  185
4  185 1469  908  985
4 2707 1469  908  185
4  185 1370  908 2707
4  185 2904  187 2506
4  185 2707  187 2904
4 2506 2904 1019  185
4  185 1371  187 2707
4 1998 2683 1532 1755
4 1998 1863 2683 1755
4 1755 1998 1863  465
4 1754  465 1998 1755
4 2019 3098 1434 3179
4 3179 1434  555 1806
4 1806  557  555 3179
4 2019 1434  555 3179
4 2955 2019  555 3179
4 3179 3309  338  337
4 3179  557  338 3309
4  339 2865  340 3179
4  557  338  554 3179
4 2955 2865 3098 3179
4 1806 3309  557 3179
4 3179 2865  554 2955
4 3179 2019 3098 2955
4 2644 2886 2642 1651
4 2643 2642 2047 1651
4 1235 3067 3266 3328
4 3067 3266 2344 1235
4 2167  880 1725 1456
4 3308 2167 1725 1456
4 1456 1860 3153 3308
4 1456 3308 3153  954
4 1456  880 1860 3308
4 1456 2167  880 3308
4  930 2641 1348  207
4 1298  119 1348  753
4  930  753 1348 2641
4  930   38  312  207
4  112  585 1875 1523
4  956 2074  321 1560
4 1982  311 1491  930
4  930  310   39 1982
4  930   38   39  310
4  451  453  452 1741
4 1188 1680  816  692
4 3336 3274 3325 2315
4 1188 1650 2827 1649
4 2315 3325 1031 3274
4 2315 3325 2401 2399
4 2315 3336 3274 2376
4 2315 1031  495 3274
4 3258 2969 2276 3222
4 3222 2276 1163 2969
4 3017 2276 1163 3222
4 3222 1103 1163 3017
4 3222 2969 1163 1102
4 3258 2075 1102 3222
4 3222 2075 1102 1989
4 3258 1102 2969 3222
4 2448  206 1194  322
4  322  598 1194 2448
4 2508  598 1193  322
4  322 1193 1194  598
4 1193 1194 1922  322
4  322 1631 1922 1193
4 2417 3293 2416 2415
4 2845   90   89 2064
4  837 3319 1637  416
4  416  836  384  837
4  723  722 1544 1452
4  837 1637  384  416
4 1080 2862  371 1079
4  413 1009 3319  416
4  836  413 3319  416
4  416 1009 3319 1008
4  837  836 3319  416
4 2038 1539 1540  148
4 2300 1539 1540 2038
4 3084 2300 1540 2038
4   95 2501 1446 2038
4  304 3325 2401  751
4 2376 3336 2377  751
4  751 2377 3165 3336
4  751 3165 3325 3336
4  304 3165 3325  751
4  378 2401 2315  141
4  141  143  127  749
4  608  143  127  141
4  141  608  776  111
4  111  749  748  141
4  141  776  748  111
4  111  608  127  141
4  141  749  127  111
4 2038  148 1540 3084
4 2038 1444 1446   95
4 2038 2501 1538  148
4 2038 1538 1539  148
4 2582 1032 1033   79
4 2038   92 2300 1443
4  146   92 2300 2038
4 2038 1444   92 1443
4 2038 3084 2300  146
4   95 1444   92 2038
4 2160 2299 1539 2159
4 2160 2036 1539 2299
4 1702  950 2454 2160
4 2160  950  498 1702
4 2160 3081 1208 2159
4 2159 3074 1208 2160
4 2454 1207  336 1208
4 2159 3081 1600 2160
4 2159 2299 3074 2160
4 1079 3135 1791 1081
4 1079 1081 1791  826
4 2641  956  752  387
4 2943 2487 3317  387
4 3307 2487  953  387
4  387 2487 3317 3307
4 2943  117 2487  387
4  184 2945  187 1371
4 3229  462  297 1074
4 1073  464 2354 3229
4 1071 1073 2354 3229
4 1074  294  500 3229
4 3229  500  297  294
4 1074  500  297 3229
4 3229  464 2354 1269
4 2522 1387  904 1750
4 2522  904  172 1750
4 1555  311  930 1489
4 2513 3025 3075 3232
4 2513 1649 2514 3025
4 2513 2827 3158 3232
4 1649 1650 2827 2513
4 1750 2749  171 2522
4 2522 2749 1387 1750
4 2513 1650 2514 1649
4 1072 2538 1073 2917
4 1488 1933  311 2972
4 2437 1074 1073 1072
4 1072 2672 2806 3164
4 1072 2806 2437 3164
4 2673 2672 2806 1072
4 2911 1357  930 1489
4  369  931 2911 1489
4 1489 2911 1357  931
4 1489 1490 1491  368
4 1555 2157 1488 1489
4  363  360  905 2533
4  533 1142  847  774
4  434  697  435 2826
4 1560 1559  387  385
4  956 1559  387 1560
4 2641  956  387 1560
4 1560  386  119 2641
4 1560  119  387 2641
4  386  119  387 1560
4 1560  727 1559  385
4  728  386  385 1560
4  728  385  727 1560
4 2208 1010  984 1327
4 2208 1702 1010 1327
4 1327 1010  498 2037
4 1327 1702 2453 2208
4 1327  950 2453 1702
4 1185  488  345  489
4 1414 2398 1388  929
4  489  615 1543 2324
4 2324  457 1543  489
4  929 1342  928  652
4  929 2398 2923 1414
4  652 1387  928  929
4  929 1387 1414  652
4  929  926 1388 1387
4  929 1272 1342  652
4 1704 1496 2031 1497
4 1497 1704 1496 3040
4 1495 1715 3131 1497
4 2486 3125 1622  307
4 2486 1684 1622 3125
4 2486 3180 1684 3125
4  346  488  783  784
4  784 2302 1821  911
4 1981 2302 1821  784
4 1185 1981   35  784
4 1184 1185   35  784
4 1981  846 2302  784
4  605  603  332  917
4 2650 2951  499  947
4 2302  846  847  911
4 1272 1342 3002  929
4  927 1272 3002  929
4  929  928 3002  927
4 1342  928 3002  929
4 2140 1615 1291  250
4 1716 1997 1497 2918
4 1633 1716 1497 2918
4 2918  876 2421 2034
4  106  876 2421 2918
4 2034  106 2421 2918
4 2826  876  877 1231
4 2034  876  877 2826
4 1231 2034  877 2826
4  435  697  678 2033
4 1982  310  311  930
4 2826  697  435 2033
4 1557  117  118 1299
4 1299  117  119 1297
4 1299  118  119  117
4 1748 1297 1403 1299
4 1299 1297 1403 2781
4 2781 1297  117 1299
4  402   62  523  401
4  402  400 1045 1585
4  401  400 1045  402
4 3007   62  523  402
4  402 2710  400 3338
4 1585 3338 1584  402
4 2710  400   62  402
4  402 3007   62 2710
4 2338 3338 3007  402
4 2338 3007  381  402
4  402 3338 1584 2338
4 3338 2710 3007  402
4  567 1549 1537  566
4 2513 3326 2827 3232
4 3232 3326 3075 2513

CELL_TYPES 13969
10
10
10
10
10
10
10
10
10
10
10
10
10
10
10
10
10
10
10
10
10
10
10
10
10
10
10
10
10
10
10
10
10
10
10
10
10
10
10
10
10
10
10
10
10
10
10
10
10
10
10
10
10
10
10
10
10
10
10
10
10
10
10
10
10
10
10
10
10
10
10
10
10
10
10
10
10
10
10
10
10
10
10
10
10
10
10
10
10
10
10
10
10
10
10
10
10
10
10
10
10
10
10
10
10
10
10
10
10
10
10
10
10
10
10
10
10
10
10
10
10
10
10
10
10
10
10
10
10
10
10
10
10
10
10
10
10
10
10
10
10
10
10
10
10
10
10
10
10
10
10
10
10
10
10
10
10
10
10
10
10
10
10
10
10
10
10
10
10
10
10
10
10
10
10
10
10
10
10
10
10
10
10
10
10
10
10
10
10
10
10
10
10
10
10
10
10
10
10
10
10
10
10
10
10
10
10
10
10
10
10
10
10
10
10
10
10
10
10
10
10
10
10
10
10
10
10
10
10
10
10
10
10
10
10
10
10
10
10
10
10
10
10
10
10
10
10
10
10
10
10
10
10
10
10
10
10
10
10
10
10
10
10
10
10
10
10
10
10
10
10
10
10
10
10
10
10
10
10
10
10
10
10
10
10
10
10
10
10
10
10
10
10
10
10
10
10
10
10
10
10
10
10
10
10
10
10
10
10
10
10
10
10
10
10
10
10
10
10
10
10
10
10
10
10
10
10
10
10
10
10
10
10
10
10
10
10
10
10
10
10
10
10
10
10
10
10
10
10
10
10
10
10
10
10
10
10
10
10
10
10
10
10
10
10
10
10
10
10
10
10
10
10
10
10
10
10
10
10
10
10
10
10
10
10
10
10
10
10
10
10
10
10
10
10
10
10
10
10
10
10
10
10
10
10
10
10
10
10
10
10
10
10
10
10
10
10
10
10
10
10
10
10
10
10
10
10
10
10
10
10
10
10
10
10
10
10
10
10
10
10
10
10
10
10
10
10
10
10
10
10
10
10
10
10
10
10
10
10
10
10
10
10
10
10
10
10
10
10
10
10
10
10
10
10
10
10
10
10
10
10
10
10
10
10
10
10
10
10
10
10
10
10
10
10
10
10
10
10
10
10
10
10
10
10
10
10
10
10
10
10
10
10
10
10
10
10
10
10
10
10
10
10
10
10
10
10
10
10
10
10
10
10
10
10
10
10
10
10
10
10
10
10
10
10
10
10
10
10
10
10
10
10
10
10
10
10
10
10
10
10
10
10
10
10
10
10
10
10
10
10
10
10
10
10
10
10
10
10
10
10
10
10
10
10
10
10
10
10
10
10
10
10
10
10
10
10
10
10
10
10
10
10
10
10
10
10
10
10
10
10
10
10
10
10
10
10
10
10
10
10
10
10
10
10
10
10
10
10
10
10
10
10
10
10
10
10
10
10
10
10
10
10
10
10
10
10
10
10
10
10
10
10
10
10
10
10
10
10
10
10
10
10
10
10
10
10
10
10
10
10
10
10
10
10
10
10
10
10
10
10
10
10
10
10
10
10
10
10
10
10
10
10
10
10
10
10
10
10
10
10
10
10
10
10
10
10
10
10
10
10
10
10
10
10
10
10
10
10
10
10
10
10
10
10
10
10
10
10
10
10
10
10
10
10
10
10
10
10
10
10
10
10
10
10
10
10
10
10
10
10
10
10
10
10
10
10
10
10
10
10
10
10
10
10
10
10
10
10
10
10
10
10
10
10
10
10
10
10
10
10
10
10
10
10
10
10
10
10
10
10
10
10
10
10
10
10
10
10
10
10
10
10
10
10
10
10
10
10
10
10
10
10
10
10
10
10
10
10
10
10
10
10
10
10
10
10
10
10
10
10
10
10
10
10
10
10
10
10
10
10
10
10
10
10
10
10
10
10
10
10
10
10
10
10
10
10
10
10
10
10
10
10
10
10
10
10
10
10
10
10
10
10
10
10
10
10
10
10
10
10
10
10
10
10
10
10
10
10
10
10
10
10
10
10
10
10
10
10
10
10
10
10
10
10
10
10
10
10
10
10
10
10
10
10
10
10
10
10
10
10
10
10
10
10
10
10
10
10
10
10
10
10
10
10
10
10
10
10
10
10
10
10
10
10
10
10
10
10
10
10
10
10
10
10
10
10
10
10
10
10
10
10
10
10
10
10
10
10
10
10
10
10
10
10
10
10
10
10
10
10
10
10
10
10
10
10
10
10
10
10
10
10
10
10
10
10
10
10
10
10
10
10
10
10
10
10
10
10
10
10
10
10
10
10
10
10
10
10
10
10
10
10
10
10
10
10
10
10
10
10
10
10
10
10
10
10
10
10
10
10
10
10
10
10
10
10
10
10
10
10
10
10
10
10
10
10
10
10
10
10
10
10
10
10
10
10
10
10
10
10
10
10
10
10
10
10
10
10
10
10
10
10
10
10
10
10
10
10
10
10
10
10
10
10
10
10
10
10
10
10
10
10
10
10
10
10
10
10
10
10
10
10
10
10
10
10
10
10
10
10
10
10
10
10
10
10
10
10
10
10
10
10
10
10
10
10
10
10
10
10
10
10
10
10
10
10
10
10
10
10
10
10
10
10
10
10
10
10
10
10
10
10
10
10
10
10
10
10
10
10
10
10
10
10
10
10
10
10
10
10
10
10
10
10
10
10
10
10
10
10
10
10
10
10
10
10
10
10
10
10
10
10
10
10
10
10
10
10
10
10
10
10
10
10
10
10
10
10
10
10
10
10
10
10
10
10
10
10
10
10
10
10
10
10
10
10
10
10
10
10
10
10
10
10
10
10
10
10
10
10
10
10
10
10
10
10
10
10
10
10
10
10
10
10
10
10
10
10
10
10
10
10
10
10
10
10
10
10
10
10
10
10
10
10
10
10
10
10
10
10
10
10
10
10
10
10
10
10
10
10
10
10
10
10
10
10
10
10
10
10
10
10
10
10
10
10
10
10
10
10
10
10
10
10
10
10
10
10
10
10
10
10
10
10
10
10
10
10
10
10
10
10
10
10
10
10
10
10
10
10
10
10
10
10
10
10
10
10
10
10
10
10
10
10
10
10
10
10
10
10
10
10
10
10
10
10
10
10
10
10
10
10
10
10
10
10
10
10
10
10
10
10
10
10
10
10
10
10
10
10
10
10
10
10
10
10
10
10
10
10
10
10
10
10
10
10
10
10
10
10
10
10
10
10
10
10
10
10
10
10
10
10
10
10
10
10
10
10
10
10
10
10
10
10
10
10
10
10
10
10
10
10
10
10
10
10
10
10
10
10
10
10
10
10
10
10
10
10
10
10
10
10
10
10
10
10
10
10
10
10
10
10
10
10
10
10
10
10
10
10
10
10
10
10
10
10
10
10
10
10
10
10
10
10
10
10
10
10
10
10
10
10
10
10
10
10
10
10
10
10
10
10
10
10
10
10
10
10
10
10
10
10
10
10
10
10
10
10
10
10
10
10
10
10
10
10
10
10
10
10
10
10
10
10
10
10
10
10
10
10
10
10
10
10
10
10
10
10
10
10
10
10
10
10
10
10
10
10
10
10
10
10
10
10
10
10
10
10
10
10
10
10
10
10
10
10
10
10
10
10
10
10
10
10
10
10
10
10
10
10
10
10
10
10
10
10
10
10
10
10
10
10
10
10
10
10
10
10
10
10
10
10
10
10
10
10
10
10
10
10
10
10
10
10
10
10
10
10
10
10
10
10
10
10
10
10
10
10
10
10
10
10
10
10
10
10
10
10
10
10
10
10
10
10
10
10
10
10
10
10
10
10
10
10
10
10
10
10
10
10
10
10
10
10
10
10
10
10
10
10
10
10
10
10
10
10
10
10
10
10
10
10
10
10
10
10
10
10
10
10
10
10
10
10
10
10
10
10
10
10
10
10
10
10
10
10
10
10
10
10
10
10
10
10
10
10
10
10
10
10
10
10
10
10
10
10
10
10
10
10
10
10
10
10
10
10
10
10
10
10
10
10
10
10
10
10
10
10
10
10
10
10
10
10
10
10
10
10
10
10
10
10
10
10
10
10
10
10
10
10
10
10
10
10
10
10
10
10
10
10
10
10
10
10
10
10
10
10
10
10
10
10
10
10
10
10
10
10
10
10
10
10
10
10
10
10
10
10
10
10
10
10
10
10
10
10
10
10
10
10
10
10
10
10
10
10
10
10
10
10
10
10
10
10
10
10
10
10
10
10
10
10
10
10
10
10
10
10
10
10
10
10
10
10
10
10
10
10
10
10
10
10
10
10
10
10
10
10
10
10
10
10
10
10
10
10
10
10
10
10
10
10
10
10
10
10
10
10
10
10
10
10
10
10
10
10
10
10
10
10
10
10
10
10
10
10
10
10
10
10
10
10
10
10
10
10
10
10
10
10
10
10
10
10
10
10
10
10
10
10
10
10
10
10
10
10
10
10
10
10
10
10
10
10
10
10
10
10
10
10
10
10
10
10
10
10
10
10
10
10
10
10
10
10
10
10
10
10
10
10
10
10
10
10
10
10
10
10
10
10
10
10
10
10
10
10
10
10
10
10
10
10
10
10
10
10
10
10
10
10
10
10
10
10
10
10
10
10
10
10
10
10
10
10
10
10
10
10
10
10
10
10
10
10
10
10
10
10
10
10
10
10
10
10
10
10
10
10
10
10
10
10
10
10
10
10
10
10
10
10
10
10
10
10
10
10
10
10
10
10
10
10
10
10
10
10
10
10
10
10
10
10
10
10
10
10
10
10
10
10
10
10
10
10
10
10
10
10
10
10
10
10
10
10
10
10
10
10
10
10
10
10
10
10
10
10
10
10
10
10
10
10
10
10
10
10
10
10
10
10
10
10
10
10
10
10
10
10
10
10
10
10
10
10
10
10
10
10
10
10
10
10
10
10
10
10
10
10
10
10
10
10
10
10
10
10
10
10
10
10
10
10
10
10
10
10
10
10
10
10
10
10
10
10
10
10
10
10
10
10
10
10
10
10
10
10
10
10
10
10
10
10
10
10
10
10
10
10
10
10
10
10
10
10
10
10
10
10
10
10
10
10
10
10
10
10
10
10
10
10
10
10
10
10
10
10
10
10
10
10
10
10
10
10
10
10
10
10
10
10
10
10
10
10
10
10
10
10
10
10
10
10
10
10
10
10
10
10
10
10
10
10
10
10
10
10
10
10
10
10
10
10
10
10
10
10
10
10
10
10
10
10
10
10
10
10
10
10
10
10
10
10
10
10
10
10
10
10
10
10
10
10
10
10
10
10
10
10
10
10
10
10
10
10
10
10
10
10
10
10
10
10
10
10
10
10
10
10
10
10
10
10
10
10
10
10
10
10
10
10
10
10
10
10
10
10
10
10
10
10
10
10
10
10
10
10
10
10
10
10
10
10
10
10
10
10
10
10
10
10
10
10
10
10
10
10
10
10
10
10
10
10
10
10
10
10
10
10
10
10
10
10
10
10
10
10
10
10
10
10
10
10
10
10
10
10
10
10
10
10
10
10
10
10
10
10
10
10
10
10
10
10
10
10
10
10
10
10
10
10
10
10
10
10
10
10
10
10
10
10
10
10
10
10
10
10
10
10
10
10
10
10
10
10
10
10
10
10
10
10
10
10
10
10
10
10
10
10
10
10
10
10
10
10
10
10
10
10
10
10
10
10
10
10
10
10
10
10
10
10
10
10
10
10
10
10
10
10
10
10
10
10
10
10
10
10
10
10
10
10
10
10
10
10
10
10
10
10
10
10
10
10
10
10
10
10
10
10
10
10
10
10
10
10
10
10
10
10
10
10
10
10
10
10
10
10
10
10
10
10
10
10
10
10
10
10
10
10
10
10
10
10
10
10
10
10
10
10
10
10
10
10
10
10
10
10
10
10
10
10
10
10
10
10
10
10
10
10
10
10
10
10
10
10
10
10
10
10
10
10
10
10
10
10
10
10
10
10
10
10
10
10
10
10
10
10
10
10
10
10
10
10
10
10
10
10
10
10
10
10
10
10
10
10
10
10
10
10
10
10
10
10
10
10
10
10
10
10
10
10
10
10
10
10
10
10
10
10
10
10
10
10
10
10
10
10
10
10
10
10
10
10
10
10
10
10
10
10
10
10
10
10
10
10
10
10
10
10
10
10
10
10
10
10
10
10
10
10
10
10
10
10
10
10
10
10
10
10
10
10
10
10
10
10
10
10
10
10
10
10
10
10
10
10
10
10
10
10
10
10
10
10
10
10
10
10
10
10
10
10
10
10
10
10
10
10
10
10
10
10
10
10
10
10
10
10
10
10
10
10
10
10
10
10
10
10
10
10
10
10
10
10
10
10
10
10
10
10
10
10
10
10
10
10
10
10
10
10
10
10
10
10
10
10
10
10
10
10
10
10
10
10
10
10
10
10
10
10
10
10
10
10
10
10
10
10
10
10
10
10
10
10
10
10
10
10
10
10
10
10
10
10
10
10
10
10
10
10
10
10
10
10
10
10
10
10
10
10
10
10
10
10
10
10
10
10
10
10
10
10
10
10
10
10
10
10
10
10
10
10
10
10
10
10
10
10
10
10
10
10
10
10
10
10
10
10
10
10
10
10
10
10
10
10
10
10
10
10
10
10
10
10
10
10
10
10
10
10
10
10
10
10
10
10
10
10
10
10
10
10
10
10
10
10
10
10
10
10
10
10
10
10
10
10
10
10
10
10
10
10
10
10
10
10
10
10
10
10
10
10
10
10
10
10
10
10
10
10
10
10
10
10
10
10
10
10
10
10
10
10
10
10
10
10
10
10
10
10
10
10
10
10
10
10
10
10
10
10
10
10
10
10
10
10
10
10
10
10
10
10
10
10
10
10
10
10
10
10
10
10
10
10
10
10
10
10
10
10
10
10
10
10
10
10
10
10
10
10
10
10
10
10
10
10
10
10
10
10
10
10
10
10
10
10
10
10
10
10
10
10
10
10
10
10
10
10
10
10
10
10
10
10
10
10
10
10
10
10
10
10
10
10
10
10
10
10
10
10
10
10
10
10
10
10
10
10
10
10
10
10
10
10
10
10
10
10
10
10
10
10
10
10
10
10
10
10
10
10
10
10
10
10
10
10
10
10
10
10
10
10
10
10
10
10
10
10
10
10
10
10
10
10
10
10
10
10
10
10
10
10
10
10
10
10
10
10
10
10
10
10
10
10
10
10
10
10
10
10
10
10
10
10
10
10
10
10
10
10
10
10
10
10
10
10
10
10
10
10
10
10
10
10
10
10
10
10
10
10
10
10
10
10
10
10
10
10
10
10
10
10
10
10
10
10
10
10
10
10
10
10
10
10
10
10
10
10
10
10
10
10
10
10
10
10
10
10
10
10
10
10
10
10
10
10
10
10
10
10
10
10
10
10
10
10
10
10
10
10
10
10
10
10
10
10
10
10
10
10
10
10
10
10
10
10
10
10
10
10
10
10
10
10
10
10
10
10
10
10
10
10
10
10
10
10
10
10
10
10
10
10
10
10
10
10
10
10
10
10
10
10
10
10
10
10
10
10
10
10
10
10
10
10
10
10
10
10
10
10
10
10
10
10
10
10
10
10
10
10
10
10
10
10
10
10
10
10
10
10
10
10
10
10
10
10
10
10
10
10
10
10
10
10
10
10
10
10
10
10
10
10
10
10
10
10
10
10
10
10
10
10
10
10
10
10
10
10
10
10
10
10
10
10
10
10
10
10
10
10
10
10
10
10
10
10
10
10
10
10
10
10
10
10
10
10
10
10
10
10
10
10
10
10
10
10
10
10
10
10
10
10
10
10
10
10
10
10
10
10
10
10
10
10
10
10
10
10
10
10
10
10
10
10
10
10
10
10
10
10
10
10
10
10
10
10
10
10
10
10
10
10
10
10
10
10
10
10
10
10
10
10
10
10
10
10
10
10
10
10
10
10
10
10
10
10
10
10
10
10
10
10
10
10
10
10
10
10
10
10
10
10
10
10
10
10
10
10
10
10
10
10
10
10
10
10
10
10
10
10
10
10
10
10
10
10
10
10
10
10
10
10
10
10
10
10
10
10
10
10
10
10
10
10
10
10
10
10
10
10
10
10
10
10
10
10
10
10
10
10
10
10
10
10
10
10
10
10
10
10
10
10
10
10
10
10
10
10
10
10
10
10
10
10
10
10
10
10
10
10
10
10
10
10
10
10
10
10
10
10
10
10
10
10
10
10
10
10
10
10
10
10
10
10
10
10
10
10
10
10
10
10
10
10
10
10
10
10
10
10
10
10
10
10
10
10
10
10
10
10
10
10
10
10
10
10
10
10
10
10
10
10
10
10
10
10
10
10
10
10
10
10
10
10
10
10
10
10
10
10
10
10
10
10
10
10
10
10
10
10
10
10
10
10
10
10
10
10
10
10
10
10
10
10
10
10
10
10
10
10
10
10
10
10
10
10
10
10
10
10
10
10
10
10
10
10
10
10
10
10
10
10
10
10
10
10
10
10
10
10
10
10
10
10
10
10
10
10
10
10
10
10
10
10
10
10
10
10
10
10
10
10
10
10
10
10
10
10
10
10
10
10
10
10
10
10
10
10
10
10
10
10
10
10
10
10
10
10
10
10
10
10
10
10
10
10
10
10
10
10
10
10
10
10
10
10
10
10
10
10
10
10
10
10
10
10
10
10
10
10
10
10
10
10
10
10
10
10
10
10
10
10
10
10
10
10
10
10
10
10
10
10
10
10
10
10
10
10
10
10
10
10
10
10
10
10
10
10
10
10
10
10
10
10
10
10
10
10
10
10
10
10
10
10
10
10
10
10
10
10
10
10
10
10
10
10
10
10
10
10
10
10
10
10
10
10
10
10
10
10
10
10
10
10
10
10
10
10
10
10
10
10
10
10
10
10
10
10
10
10
10
10
10
10
10
10
10
10
10
10
10
10
10
10
10
10
10
10
10
10
10
10
10
10
10
10
10
10
10
10
10
10
10
10
10
10
10
10
10
10
10
10
10
10
10
10
10
10
10
10
10
10
10
10
10
10
10
10
10
10
10
10
10
10
10
10
10
10
10
10
10
10
10
10
10
10
10
10
10
10
10
10
10
10
10
10
10
10
10
10
10
10
10
10
10
10
10
10
10
10
10
10
10
10
10
10
10
10
10
10
10
10
10
10
10
10
10
10
10
10
10
10
10
10
10
10
10
10
10
10
10
10
10
10
10
10
10
10
10
10
10
10
10
10
10
10
10
10
10
10
10
10
10
10
10
10
10
10
10
10
10
10
10
10
10
10
10
10
10
10
10
10
10
10
10
10
10
10
10
10
10
10
10
10
10
10
10
10
10
10
10
10
10
10
10
10
10
10
10
10
10
10
10
10
10
10
10
10
10
10
10
10
10
10
10
10
10
10
10
10
10
10
10
10
10
10
10
10
10
10
10
10
10
10
10
10
10
10
10
10
10
10
10
10
10
10
10
10
10
10
10
10
10
10
10
10
10
10
10
10
10
10
10
10
10
10
10
10
10
10
10
10
10
10
10
10
10
10
10
10
10
10
10
10
10
10
10
10
10
10
10
10
10
10
10
10
10
10
10
10
10
10
10
10
10
10
10
10
10
10
10
10
10
10
10
10
10
10
10
10
10
10
10
10
10
10
10
10
10
10
10
10
10
10
10
10
10
10
10
10
10
10
10
10
10
10
10
10
10
10
10
10
10
10
10
10
10
10
10
10
10
10
10
10
10
10
10
10
10
10
10
10
10
10
10
10
10
10
10
10
10
10
10
10
10
10
10
10
10
10
10
10
10
10
10
10
10
10
10
10
10
10
10
10
10
10
10
10
10
10
10
10
10
10
10
10
10
10
10
10
10
10
10
10
10
10
10
10
10
10
10
10
10
10
10
10
10
10
10
10
10
10
10
10
10
10
10
10
10
10
10
10
10
10
10
10
10
10
10
10
10
10
10
10
10
10
10
10
10
10
10
10
10
10
10
10
10
10
10
10
10
10
10
10
10
10
10
10
10
10
10
10
10
10
10
10
10
10
10
10
10
10
10
10
10
10
10
10
10
10
10
10
10
10
10
10
10
10
10
10
10
10
10
10
10
10
10
10
10
10
10
10
10
10
10
10
10
10
10
10
10
10
10
10
10
10
10
10
10
10
10
10
10
10
10
10
10
10
10
10
10
10
10
10
10
10
10
10
10
10
10
10
10
10
10
10
10
10
10
10
10
10
10
10
10
10
10
10
10
10
10
10
10
10
10
10
10
10
10
10
10
10
10
10
10
10
10
10
10
10
10
10
10
10
10
10
10
10
10
10
10
10
10
10
10
10
10
10
10
10
10
10
10
10
10
10
10
10
10
10
10
10
10
10
10
10
10
10
10
10
10
10
10
10
10
10
10
10
10
10
10
10
10
10
10
10
10
10
10
10
10
10
10
10
10
10
10
10
10
10
10
10
10
10
10
10
10
10
10
10
10
10
10
10
10
10
10
10
10
10
10
10
10
10
10
10
10
10
10
10
10
10
10
10
10
10
10
10
10
10
10
10
10
10
10
10
10
10
10
10
10
10
10
10
10
10
10
10
10
10
10
10
10
10
10
10
10
10
10
10
10
10
10
10
10
10
10
10
10
10
10
10
10
10
10
10
10
10
10
10
10
10
10
10
10
10
10
10
10
10
10
10
10
10
10
10
10
10
10
10
10
10
10
10
10
10
10
10
10
10
10
10
10
10
10
10
10
10
10
10
10
10
10
10
10
10
10
10
10
10
10
10
10
10
10
10
10
10
10
10
10
10
10
10
10
10
10
10
10
10
10
10
10
10
10
10
10
10
10
10
10
10
10
10
10
10
10
10
10
10
10
10
10
10
10
10
10
10
10
10
10
10
10
10
10
10
10
10
10
10
10
10
10
10
10
10
10
10
10
10
10
10
10
10
10
10
10
10
10
10
10
10
10
10
10
10
10
10
10
10
10
10
10
10
10
10
10
10
10
10
10
10
10
10
10
10
10
10
10
10
10
10
10
10
10
10
10
10
10
10
10
10
10
10
10
10
10
10
10
10
10
10
10
10
10
10
10
10
10
10
10
10
10
10
10
10
10
10
10
10
10
10
10
10
10
10
10
10
10
10
10
10
10
10
10
10
10
10
10
10
10
10
10
10
10
10
10
10
10
10
10
10
10
10
10
10
10
10
10
10
10
10
10
10
10
10
10
10
10
10
10
10
10
10
10
10
10
10
10
10
10
10
10
10
10
10
10
10
10
10
10
10
10
10
10
10
10
10
10
10
10
10
10
10
10
10
10
10
10
10
10
10
10
10
10
10
10
10
10
10
10
10
10
10
10
10
10
10
10
10
10
10
10
10
10
10
10
10
10
10
10
10
10
10
10
10
10
10
10
10
10
10
10
10
10
10
10
10
10
10
10
10
10
10
10
10
10
10
10
10
10
10
10
10
10
10
10
10
10
10
10
10
10
10
10
10
10
10
10
10
10
10
10
10
10
10
10
10
10
10
10
10
10
10
10
10
10
10
10
10
10
10
10
10
10
10
10
10
10
10
10
10
10
10
10
10
10
10
10
10
10
10
10
10
10
10
10
10
10
10
10
10
10
10
10
10
10
10
10
10
10
10
10
10
10
10
10
10
10
10
10
10
10
10
10
10
10
10
10
10
10
10
10
10
10
10
10
10
10
10
10
10
10
10
10
10
10
10
10
10
10
10
10
10
10
10
10
10
10
10
10
10
10
10
10
10
10
10
10
10
10
10
10
10
10
10
10
10
10
10
10
10
10
10
10
10
10
10
10
10
10
10
10
10
10
10
10
10
10
10
10
10
10
10
10
10
10
10
10
10
10
10
10
10
10
10
10
10
10
10
10
10
10
10
10
10
10
10
10
10
10
10
10
10
10
10
10
10
10
10
10
10
10
10
10
10
10
10
10
10
10
10
10
10
10
10
10
10
10
10
10
10
10
10
10
10
10
10
10
10
10
10
10
10
10
10
10
10
10
10
10
10
10
10
10
10
10
10
10
10
10
10
10
10
10
10
10
10
10
10
10
10
10
10
10
10
10
10
10
10
10
10
10
10
10
10
10
10
10
10
10
10
10
10
10
10
10
10
10
10
10
10
10
10
10
10
10
10
10
10
10
10
10
10
10
10
10
10
10
10
10
10
10
10
10
10
10
10
10
10
10
10
10
10
10
10
10
10
10
10
10
10
10
10
10
10
10
10
10
10
10
10
10
10
10
10
10
10
10
10
10
10
10
10
10
10
10
10
10
10
10
10
10
10
10
10
10
10
10
10
10
10
10
10
10
10
10
10
10
10
10
10
10
10
10
10
10
10
10
10
10
10
10
10
10
10
10
10
10
10
10
10
10
10
10
10
10
10
10
10
10
10
10
10
10
10
10
10
10
10
10
10
10
10
10
10
10
10
10
10
10
10
10
10
10
10
10
10
10
10
10
10
10
10
10
10
10
10
10
10
10
10
10
10
10
10
10
10
10
10
10
10
10
10
10
10
10
10
10
10
10
10
10
10
10
10
10
10
10
10
10
10
10
10
10
10
10
10
10
10
10
10
10
10
10
10
10
10
10
10
10
10
10
10
10
10
10
10
10
10
10
10
10
10
10
10
10
10
10
10
10
10
10
10
10
10
10
10
10
10
10
10
10
10
10
10
10
10
10
10
10
10
10
10
10
10
10
10
10
10
10
10
10
10
10
10
10
10
10
10
10
10
10
10
10
10
10
10
10
10
10
10
10
10
10
10
10
10
10
10
10
10
10
10
10
10
10
10
10
10
10
10
10
10
10
10
10
10
10
10
10
10
10
10
10
10
10
10
10
10
10
10
10
10
10
10
10
10
10
10
10
10
10
10
10
10
10
10
10
10
10
10
10
10
10
10
10
10
10
10
10
10
10
10
10
10
10
10
10
10
10
10
10
10
10
10
10
10
10
10
10
10
10
10
10
10
10
10
10
10
10
10
10
10
10
10
10
10
10
10
10
10
10
10
10
10
10
10
10
10
10
10
10
10
10
10
10
10
10
10
10
10
10
10
10
10
10
10
10
10
10
10
10
10
10
10
10
10
10
10
10
10
10
10
10
10
10
10
10
10
10
10
10
10
10
10
10
10
10
10
10
10
10
10
10
10
10
10
10
10
10
10
10
10
10
10
10
10
10
10
10
10
10
10
10
10
10
10
10
10
10
10
10
10
10
10
10
10
10
10
10
10
10
10
10
10
10
10
10
10
10
10
10
10
10
10
10
10
10
10
10
10
10
10
10
10
10
10
10
10
10
10
10
10
10
10
10
10
10
10
10
10
10
10
10
10
10
10
10
10
10
10
10
10
10
10
10
10
10
10
10
10
10
10
10
10
10
10
10
10
10
10
10
10
10
10
10
10
10
10
10
10
10
10
10
10
10
10
10
10
10
10
10
10
10
10
10
10
10
10
10
10
10
10
10
10
10
10
10
10
10
10
10
10
10
10
10
10
10
10
10
10
10
10
10
10
10
10
10
10
10
10
10
10
10
10
10
10
10
10
10
10
10
10
10
10
10
10
10
10
10
10
10
10
10
10
10
10
10
10
10
10
10
10
10
10
10
10
10
10
10
10
10
10
10
10
10
10
10
10
10
10
10
10
10
10
10
10
10
10
10
10
10
10
10
10
10
10
10
10
10
10
10
10
10
10
10
10
10
10
10
10
10
10
10
10
10
10
10
10
10
10
10
10
10
10
10
10
10
10
10
10
10
10
10
10
10
10
10
10
10
10
10
10
10
10
10
10
10
10
10
10
10
10
10
10
10
10
10
10
10
10
10
10
10
10
10
10
10
10
10
10
10
10
10
10
10
10
10
10
10
10
10
10
10
10
10
10
10
10
10
10
10
10
10
10
10
10
10
10
10
10
10
10
10
10
10
10
10
10
10
10
10
10
10
10
10
10
10
10
10
10
10
10
10
10
10
10
10
10
10
10
10
10
10
10
10
10
10
10
10
10
10
10
10
10
10
10
10
10
10
10
10
10
10
10
10
10
10
10
10
10
10
10
10
10
10
10
10
10
10
10
10
10
10
10
10
10
10
10
10
10
10
10
10
10
10
10
10
10
10
10
10
10
10
10
10
10
10
10
10
10
10
10
10
10
10
10
10
10
10
10
10
10
10
10
10
10
10
10
10
10
10
10
10
10
10
10
10
10
10
10
10
10
10
10
10
10
10
10
10
10
10
10
10
10
10
10
10
10
10
10
10
10
10
10
10
10
10
10
10
10
10
10
10
10
10
10
10
10
10
10
10
10
10
10
10
10
10
10
10
10
10
10
10
10
10
10
10
10
10
10
10
10
10
10
10
10
10
10
10
10
10
10
10
10
10
10
10
10
10
10
10
10
10
10
10
10
10
10
10
10
10
10
10
10
10
10
10
10
10
10
10
10
10
10
10
10
10
10
10
10
10
10
10
10
10
10
10
10
10
10
10
10
10
10
10
10
10
10
10
10
10
10
10
10
10
10
10
10
10
10
10
10
10
10
10
10
10
10
10
10
10
10
10
10
10
10
10
10
10
10
10
10
10
10
10
10
10
10
10
10
10
10
10
10
10
10
10
10
10
10
10
10
10
10
10
10
10
10
10
10
10
10
10
10
10
10
10
10
10
10
10
10
10
10
10
10
10
10
10
10
10
10
10
10
10
10
10
10
10
10
10
10
10
10
10
10
10
10
10
10
10
10
10
10
10
10
10
10
10
10
10
10
10
10
10
10
10
10
10
10
10
10
10
10
10
10
10
10
10
10
10
10
10
10
10
10
10
10
10
10
10
10
10
10
10
10
10
10
10
10
10
10
10
10
10
10
10
10
10
10
10
10
10
10
10
10
10
10
10
10
10
10
10
10
10
10
10
10
10
10
10
10
10
10
10
10
10
10
10
10
10
10
10
10
10
10
10
10
10
10
10
10
10
10
10
10
10
10
10
10
10
10
10
10
10
10
10
10
10
10
10
10
10
10
10
10
10
10
10
10
10
10
10
10
10
10
10
10
10
10
10
10
10
10
10
10
10
10
10
10
10
10
10
10
10
10
10
10
10
10
10
10
10
10
10
10
10
10
10
10
10
10
10
10
10
10
10
10
10
10
10
10
10
10
10
10
10
10
10
10
10
10
10
10
10
10
10
10
10
10
10
10
10
10
10
10
10
10
10
10
10
10
10
10
10
10
10
10
10
10
10
10
10
10
10
10
10
10
10
10
10
10
10
10
10
10
10
10
10
10
10
10
10
10
10
10
10
10
10
10
10
10
10
10
10
10
10
10
10
10
10
10
10
10
10
10
10
10
10
10
10
10
10
10
10
10
10
10
10
10
10
10
10
10
10
10
10
10
10
10
10
10
10
10
10
10
10
10
10
10
10
10
10
10
10
10
10
10
10
10
10
10
10
10
10
10
10
10
10
10
10
10
10
10
10
10
10
10
10
10
10
10
10
10
10
10
10
10
10
10
10
10
10
10
10
10
10
10
10
10
10
10
10
10
10
10
10
10
10
10
10
10
10
10
10
10
10
10
10
10
10
10
10
10
10
10
10
10
10
10
10
10
10
10
10
10
10
10
10
10
10
10
10
10
10
10
10
10
10
10
10
10
10
10
10
10
10
10
10
10
10
10
10
10
10
10
10
10
10
10
10
10
10
10
10
10
10
10
10
10
10
10
10
10
10
10
10
10
10
10
10
10
10
10
10
10
10
10
10
10
10
10
10
10
10
10
10
10
10
10
10
10
10
10
10
10
10
10
10
10
10
10
10
10
10
10
10
10
10
10
10
10
10
10
10
10
10
10
10
10
10
10
10
10
10
10
10
10
10
10
10
10
10
10
10
10
10
10
10
10
10
10
10
10
10
10
10
10
10
10
10
10
10
10
10
10
10
10
10
10
10
10
10
10
10
10
10
10
10
10
10
10
10
10
10
10
10
10
10
10
10
10
10
10
10
10
10
10
10
10
10
10
10
10
10
10
10
10
10
10
10
10
10
10
10
10
10
10
10
10
10
10
10
10
10
10
10
10
10
10
10
10
10
10
10
10
10
10
10
10
10
10
10
10
10
10
10
10
10
10
10
10
10
10
10
10
10
10
10
10
10
10
10
10
10
10
10
10
10
10
10
10
10
10
10
10
10
10
10
10
10
10
10
10
10
10
10
10
10
10
10
10
10
10
10
10
10
10
10
10
10
10
10
10
10
10
10
10
10
10
10
10
10
10
10
10
10
10
10
10
10
10
10
10
10
10
10
10
10
10
10
10
10
10
10
10
10
10
10
10
10
10
10
10
10
10
10
10
10
10
10
10
10
10
10
10
10
10
10
10
10
10
10
10
10
10
10
10
10
10
10
10
10
10
10
10
10
10
10
10
10
10
10
10
10
10
10
10
10
10
10
10
10
10
10
10
10
10
10
10
10
10
10
10
10
10
10
10
10
10
10
10
10
10
10
10
10
10
10
10
10
10
10
10
10
10
10
10
10
10
10
10
10
10
10
10
10
10
10
10
10
10
10
10
10
10
10
10
10
10
10
10
10
10
10
10
10
10
10
10
10
10
10
10
10
10
10
10
10
10
10
10
10
10
10
10
10
10
10
10
10
10
10
10
10
10
10
10
10
10
10
10
10
10
10
10
10
10
10
10
10
10
10
10
10
10
10
10
10
10
10
10
10
10
10
10
10
10
10
10
10
10
10
10
10
10
10
10
10
10
10
10
10
10
10
10
10
10
10
10
10
10
10
10
10
10
10
10
10
10
10
10
10
10
10
10
10
10
10
10
10
10
10
10
10
10
10
10
10
10
10
10
10
10
10
10
10
10
10
10
10
10
10
10
10
10
10
10
10
10
10
10
10
10
10
10
10
10
10
10
10
10
10
10
10
10
10
10
10
10
10
10
10
10
10
10
10
10
10
10
10
10
10
10
10
10
10
10
10
10
10
10
10
10
10
10
10
10
10
10
10
10
10
10
10
10
10
10
10
10
10
10
10
10
10
10
10
10
10
10
10
10
10
10
10
10
10
10
10
10
10
10
10
10
10
10
10
10
10
10
10
10
10
10
10
10
10
10
10
10
10
10
10
10
10
10
10
10
10
10
10
10
10
10
10
10
10
10
10
10
10
10
10
10
10
10
10
10
10
10
10
10
10
10
10
10
10
10
10
10
10
10
10
10
10
10
10
10
10
10
10
10
10
10
10
10
10
10
10
10
10
10
10
10
10
10
10
10
10
10
10
10
10
10
10
10
10
10
10
10
10
10
10
10
10
10
10
10
10
10
10
10
10
10
10
10
10
10
10
10
10
10
10
10
10
10
10
10
10
10
10
10
10
10
10
10
10
10
10
10
10
10
10
10
10
10
10
10
10
10
10
10
10
10
10
10
10
10
10
10
10
10
10
10
10
10
10
10
10
10
10
10
10
10
10
10
10
10
10
10
10
10
10
10
10
10
10
10
10
10
10
10
10
10
10
10
10
10
10
10
10
10
10
10
10
10
10
10
10
10
10
10
10
10
10
10
10
10
10
10
10
10
10
10
10
10
10
10
10
10
10
10
10
10
10
10
10
10
10
10
10
10
10
10
10
10
10
10
10
10
10
10
10
10
10
10
10
10
10
10
10
10
10
10
10
10
10
10
10
10
10
10
10
10
10
10
10
10
10
10
10
10
10
10
10
10
10
10
10
10
10
10
10
10
10
10
10
10
10
10
10
10
10
10
10
10
10
10
10
10
10
10
10
10
10
10
10
10
10
10
10
10
10
10
10
10
10
10
10
10
10
10
10
10
10
10
10
10
10
10
10
10
10
10
10
10
10
10
10
10
10
10
10
10
10
10
10
10
10
10
10
10
10
10
10
10
10
10
10
10
10
10
10
10
10
10
10
10
10
10
10
10
10
10
10
10
10
10
10
10
10
10
10
10
10
10
10
10
10
10
10
10
10
10
10
10
10
10
10
10
10
10
10
10
10
10
10
10
10
10
10
10
10
10
10
10
10
10
10
10
10
10
10
10
10
10
10
10
10
10
10
10
10
10
10
10
10
10
10
10
10
10
10
10
10
10
10
10
10
10
10
10
10
10
10
10
10
10
10
10
10
10
10
10
10
10
10
10
10
10
10
10
10
10
10
10
10
10
10
10
10
10
10
10
10
10
10
10
10
10
10
10
10
10
10
10
10
10
10
10
10
10
10
10
10
10
10
10
10
10
10
10
10
10
10
10
10
10
10
10
10
10
10
10
10
10
10
10
10
10
10
10
10
10
10
10
10
10
10
10
10
10
10
10
10
10
10
10
10
10
10
10
10
10
10
10
10
10
10
10
10
10
10
10
10
10
10
10
10
10
10
10
10
10
10
10
10
10
10
10
10
10
10
10
10
10
10
10
10
10
10
10
10
10
10
10
10
10
10
10
10
10
10
10
10
10
10
10
10
10
10
10
10
10
10
10
10
10
10
10
10
10
10
10
10
10
10
10
10
10
10
10
10
10
10
10
10
10
10
10
10
10
10
10
10
10
10
10
10
10
10
10
10
10
10
10
10
10
10
10
10
10
10
10
10
10
10
10
10
10
10
10
10
10
10
10
10
10
10
10
10
10
10
10
10
10
10
10
10
10
10
10
10
10
10
10
10
10
10
10
10
10
10
10
10
10
10
10
10
10
10
10
10
10
10
10
10
10
10
10
10
10
10
10
10
10
10
10
10
10
10
10
10
10
10
10
10
10
10
10
10
10
10
10
10
10
10
10
10
10
10
10
10
10
10
10
10
10
10
10
10
10
10
10
10
10
10
10
10
10
10
10
10
10
10
10
10
10
10
10
10
10
10
10
10
10
10
10
10
10
10
10
10
10
10
10
10
10
10
10
10
10
10
10
10
10
10
10
10
10
10
10
10
10
10
10
10
10
10
10
10
10
10
10
10
10
10
10
10
10
10
10
10
10
10
10
10
10
10
10
10
10
10
10
10
10
10
10
10
10
10
10
10
10
10
10
10
10
10
10
10
10
10
10
10
10
10
10
10
10
10
10
10
10
10
10
10
10
10
10
10
10
10
10
10
10
10
10
10
10
10
10
10
10
10
10
10
10
10
10
10
10
10
10
10
10
10
10
10
10
10
10
10
10
10
10
10
10
10
10
10
10
10
10
10
10
10
10
10
10
10
10
10
10
10
10
10
10
10
10
10
10
10
10
10
10
10
10
10
10
10
10
10
10
10
10
10
10
10
10
10
10
10
10
10
10
10
10
10
10
10
10
10
10
10
10
10
10
10
10
10
10
10
10
10
10
10
10
10
10
10
10
10
10
10
10
10
10
10
10
10
10
10
10
10
10
10
10
10
10
10
10
10
10
10
10
10
10
10
10
10
10
10
10
10
10
10
10
10
10
10
10
10
10
10
10
10
10
10
10
10
10
10
10
10
10
10
10
10
10
10
10
10
10
10
10
10
10
10
10
10
10
10
10
10
10
10
10
10
10
10
10
10
10
10
10
10
10
10
10
10
10
10
10
10
10
10
10
10
10
10
10
10
10
10
10
10
10
10
10
10
10
10
10
10
10
10
10
10
10
10
10
10
10
10
10
10
10
10
10
10
10
10
10
10
10
10
10
10
10
10
10
10
10
10
10
10
10
10
10
10
10
10
10
10
10
10
10
10
10
10
10
10
10
10
10
10
10
10
10
10
10
10
10
10
10
10
10
10
10
10
10
10
10
10
10
10
10
10
10
10
10
10
10
10
10
10
10
10
10
10
10
10
10
10
10
10
10
10
10
10
10
10
10
10
10
10
10
10
10
10
10
10
10
10
10
10
10
10
10
10
10
10
10
10
10
10
10
10
10
10
10
10
10
10
10
10
10
10
10
10
10
10
10
10
10
10
10
10
10
10
10
10
10
10
10
10
10
10
10
10
10
10
10
10
10
10
10
10
10
10
10
10
10
10
10
10
10
10
10
10
10
10
10
10
10
10
10
10
10
10
10
10
10
10
10
10
10
10
10
10
10
10
10
10
10
10
10
10
10
10
10
10
10
10
10
10
10
10
10
10
10
10
10
10
10
10
10
10
10
10
10
10
10
10
10
10
10
10
10
10
10
10
10
10
10
10
10
10
10
10
10
10
10
10
10
10
10
10
10
10
10
10
10
10
10
10
10
10
10
10
10
10
10
10
10
10
10
10
10
10
10
10
10
10
10
10
10
10
10
10
10
10
10
10
10
10
10
10
10
10
10
10
10
10
10
10
10
10
10
10
10
10
10
10
10
10
10
10
10
10
10
10
10
10
10
10
10
10
10
10
10
10
10
10
10
10
10
10
10
10
10
10
10
10
10
10
10
10
10
10
10
10
10
10
10
10
10
10
10
10
10
10
10
10
10
10
10
10
10
10
10
10
10
10
10
10
10
10
10
10
10
10
10
10
10
10
10
10
10
10
10
10
10
10
10
10
10
10
10
10
10
10
10
10
10
10
10
10
10
10
10
10
10
10
10
10
10
10
10
10
10
10
10
10
10
10
10
10
10
10
10
10
10
10
10
10
10
10
10
10
10
10
10
10
10
10
10
10
10
10
10
10
10
10
10
10
10
10
10
10
10
10
10
10
10
10
10
10
10
10
10
10
10
10
10
10
10
10
10
10
10
10
10
10
10
10
10
10
10
10
10
10
10
10
10
10
10
10
10
10
10
10
10
10
10
10
10
10
10
10
10
10
10
10
10
10
10
10
10
10
10
10
10
10
10
10
10
10
10
10
10
10
10
10
10
10
10
10
10
10
10
10
10
10
10
10
10
10
10
10
10
10
10
10
10
10
10
10
10
10
10
10
10
10
10
10
10
10
10
10
10
10
10
10
10
10
10
10
10
10
10
10
10
10
10
10
10
10
10
10
10
10
10
10
10
10
10
10
10
10
10
10
10
10
10
10
10
10
10
10
10
10
10
10
10
10
10
10
10
10
10
10
10
10
10
10
10
10
10
10
10
10
10
10
10
10
10
10
10
10
10
10
10
10
10
10
10
10
10
10
10
10
10
10
10
10
10
10
10
10
10
10
10
10
10
10
10
10
10
10
10
10
10
10
10
10
10
10
10
10
10
10
10
10
10
10
10
10
10
10
10
10
10
10
10
10
10
10
10
10
10
10
10
10
10
10
10
10
10
10
10
10
10
10
10
10
10
10
10
10
10
10
10
10
10
10
10
10
10
10
10
10
10
10
10
10
10
10
10
10
10
10
10
10
10
10
10
10
10
10
10
10
10
10
10
10
10
10
10
10
10
10
10
10
10
10
10
10
10
10
10
10
10
10
10
10
10
10
10
10
10
10
10
10
10
10
10
10
10
10
10
10
10
10
10
10
10
10
10
10
10
10
10
10
10
10
10
10
10
10
10
10
10
10
10
10
10
10
10
10
10
10
10
10
10
10
10
10
10
10
10
10
10
10
10
10
10
10
10
10
10
10
10
10
10
10
10
10
10
10
10
10
10
10
10
10
10
10
10
10
10
10
10
10
10
10
10
10
10
10
10
10
10
10
10
10
10
10
10
10
10
10
10
10
10
10
10
10
10
10
10
10
10
10
10
10
10
10
10
10
10
10
10
10
10
10
10
10
10
10
10
10
10
10
10
10
10
10
10
10
10
10
10
10
10
10
10
10
10
10
10
10
10
10
10
10
10
10
10
10
10
10
10
10
10
10
10
10
10
10
10
10
10
10
10
10
10
10
10
10
10
10
10
10
10
10
10
10
10
10
10
10
10
10
10
10
10
10
10
10
10
10
10
10
10
10
10
10
10
10
10
10
10
10
10
10
10
10
10
10
10
10
10
10
10
10
10
10
10
10
10
10
10
10
10
10
10
10
10
10
10
10
10
10
10
10
10
10
10
10
10
10
10
10
10
10
10
10
10
10
10
10
10
10
10
10
10
10
10
10
10
10
10
10
10
10
10
10
10
10
10
10
10
10
10
10
10
10
10
10
10
10
10
10
10
10
10
10
10
10
10
10
10
10
10
10
10
10
10
10
10
10
10
10
10
10
10
10
10
10
10
10
10
10
10
10
10
10
10
10
10
10
10
10
10
10
10
10
10
10
10
10
10
10
10
10
10
10
10
10
10
10
10
10
10
10
10
10
10
10
10
10
10
10
10
10
10
10
10
10
10
10
10
10
10
10
10
10
10
10
10
10
10
10
10
10
10
10
10
10
10
10
10
10
10
10
10
10
10
10
10
10
10
10
10
10
10
10
10
10
10
10
10
10
10
10
10
10
10
10
10
10
10
10
10
10
10
10
10
10
10
10
10
10
10
10
10
10
10
10
10
10
10
10
10
10
10
10
10
10
10
10
10
10
10
10
10
10
10
10
10
10
10
10
10
10
10
10
10
10
10
10
10
10
10
10
10
10
10
10
10
10
10
10
10
10
10
10
10
10
10
10
10
10
10
10
10
10
10
10
10
10
10
10
10
10
10
10
10
10
10
10
10
10
10
10
10
10
10
10
10
10
10
10
10
10
10
10
10
10
10
10
10
10
10
10
10
10
10
10
10
10
10
10
10
10
10
10
10
10
10
10
10
10
10
10
10
10
10
10
10
10
10
10
10
10
10
10
10
10
10
10
10
10
10
10
10
10
10
10
10
10
10
10
10
10
10
10
10
10
10
10
10
10
10
10
10
10
10
10
10
10
10
10
10
10
10
10
10
10
10
10
10
10
10
10
10
10
10
10
10
10
10
10
10
10
10
10
10
10
10
10
10
10
10
10
10
10
10
10
10
10
10
10
10
10
10
10
10
10
10
10
10
10
10
10
10
10
10
10
10
10
10
10
10
10
10
10
10
10
10
10
10
10
10
10
10
10
10
10
10
10
10
10
10
10
10
10
10
10
10
10
10
10
10
10
10
10
10
10
10
10
10
10
10
10
10
10
10
10
10
10
10
10
10
10
10
10
10
10
10
10
10
10
10
10
10
10
10
10
10
10
10
10
10
10
10
10
10
10
10
10
10
10
10
10
10
10
10
10
10
10
10
10
10
10
10
10
10
10
10
10
10
10
10
10
10
10
10
10
10
10
10
10
10
10
10
10
10
10
10
10
10
10
10
10
10
10
10
10
10
10
10
10
10
10
10
10
10
10
10
10
10
10
10
10
10
10
10
10
10
10
10
10
10
10
10
10
10
10
10
10
10
10
10
10
10
10
10
10
10
10
10
10
10
10
10
10
10
10
10
10
10
10
10
10
10
10
10
10
10
10
10
10
10
10
10
10
10
10
10
10
10
10
10
10
10
10
10
10
10
10
10
10
10
10
10
10
10
10
10
10
10
10
10
10
10
10
10
10
10
10
10
10
10
10
10
10
10
10
10
10
10
10
10
10
10
10
10
10
10
10
10
10
10
10
10
10
10
10
10
10
10
10
10
10
10
10
10
10
10
10
10
10
10
10
10
10
10
10
10
10
10
10
10
10
10
10
10
10
10
10
10
10
10
10
10
10
10
10
10
10
10
10
10
10
10
10
10
10
10
10
10
10
10
10
10
10
10
10
10
10
10
10
10
10
10
10
10
10
10
10
10
10
10
10
10
10
10
10
10
10
10
10
10
10
10
10
10
10
10
10
10
10
10
10
10
10
10
10
10
10
10
10
10
10
10
10
10
10
10
10
10
10
10
10
10
10
10
10
10
10
10
10
10
10
10
10
10
10
10
10
10
10
10
10
10
10
10
10
10
10
10
10
10
10
10
10
10
10
10
10
10
10
10
10
10
10
10
10
10
10
10
10
10
10
10
10
10
10
10
10
10
10
10
10
10
10
10
10
10
10
10
10
10
10
10
10
10
10
10
10
10
10
10
10
10
10
10
10
10
10
10
10
10
10
10
10
10
10
10
10
10
10
10
10
10
10
10
10
10
10
10
10
10
10
10
10
10
10
10
10
10
10
10
10
10
10
10
10
10
10
10
10
10
10
10
10
10
10
10
10
10
10
10
10
10
10
10
10
10
10
10
10
10
10
10
10
10
10
10
10
10
10
10
10
10
10
10
10
10
10
10
10
10
10
10
10
10
10
10
10
10
10
10
10
10
10
10
10
10
10
10
10
10
10
10
10
10
10
10
10
10
10
10
10
10
10
10
10
10
10
10
10
10
10
10
10
10
10
10
10
10
10
10
10
10
10
10
10
10
10
10
10
10
10
10
10
10
10
10
10
10
10
10
10
10
10
10
10
10
10
10
10
10
10
10
10
10
10
10
10
10
10
10
10
10
10
10
10
10
10
10
10
10
10
10
10
10
10
10
10
10
10
10
10
10
10
10
10
10
10
10
10
10
10
10
10
10
10
10
10
10
10
10
10
10
10
10
10
10
10
10
10
10
10
10
10
10
10
10
10
10
10
10
10
10
10
10
10
10
10
10
10
10
10
10
10
10
10
10
10
10
10
10
10
10
10
10
10
10
10
10
10
10
10
10
10
10
10
10
10
10
10
10
10
10
10
10
10
10
10
10
10
10
10
10
10
10
10
10
10
10
10
10
10
10
10
10
10
10
10
10
10
10
10
10
10
10
10
10
10
10
10
10
10
10
10
10
10
10
10
10
10
10
10
10
10
10
10
10
10
10
10
10
10
10
10
10
10
10
10
10
10
10
10
10
10
10
10
10
10
10
10
10
10
10
10
10
10
10
10
10
10
10
10
10
10
10
10
10
10
10
10
10
10
10
10
10
10
10
10
10
10
10
10
10
10
10
10
10
10
10
10
10
10
10
10
10
10
10
10
10
10
10
10
10
10
10
10
10
10
10
10
10
10
10
10
10
10
10
10
10
10
10
10
10
10
10
10
10
10
10
10
10
10
10
10
10
10
10
10
10
10
10
10
10
10
10
10
10
10
10
10
10
10
10
10
10
10
10
10
10
10
10
10
10
10
10
10
10
10
10
10
10
10
10
10
10
10
10
10
10
10
10
10
10
10
10
10
10
10
10
10
10
10
10
10
10
10
10
10
10
10
10
10
10
10
10
10
10
10
10
10
10
10
10
10
10
10
10
10
10
10
10
10
10
10
10
10
10
10
10
10
10
10
10
10
10
10
10
10
10
10
10
10
10
10
10
10
10
10
10
10
10
10
10
10
10
10
10
10
10
10
10
10
10
10
10
10
10
10
10
10
10
10
10
10
10
10
10
10
10
10
10
10
10
10
10
10
10
10
10
10
10
10
10
10
10
10
10
10
10
10
10
10
10
10
10
10
10
10
10
10
10
10
10
10
10
10
10
10
10
10
10
10
10
10
10
10
10
10
10
10
10
10
10
10
10
10
10
10
10
10
10
10
10
10
10
10
10
10
10
10
10
10
10
10
10
10
10
10
10
10
10
10
10
10
10
10
10
10
10
10
10
10
10
10
10
10
10
10
10
10
10
10
10
10
10
10
10
10
10
10
10
10
10
10
10
10
10
10
10
10
10
10
10
10
10
10
10
10
10
10
10
10
10
10
10
10
10
10
10
10
10
10
10
10
10
10
10
10
10
10
10
10
10
10
10
10
10
10
10
10
10
10
10
10
10
10
10
10
10
10
10
10
10
10
10
10
10
10
10
10
10
10
10
10
10
10
10
10
10
10
10
10
10
10
10
10
10
10
10
10
10
10
10
10
10
10
10
10
10
10
10
10
10
10
10
10
10
10
10
10
10
10
10
10
10
10
10
10
10
10
10
10
10
10
10
10
10
10
10
10
10
10
10
10
10
10
10
10
10
10
10
10
10
10
10
10
10
10
10
10
10
10
10
10
10
10
10
10
10
10
10
10
10
10
10
10
10
10
10
10
10
10
10
10
10
10
10
10
10
10
10
10
10
10
10
10
10
10
10
10
10
10
10
10
10
10
10
10
10
10
10
10
10
10
10
10
10
10
10
10
10
10
10
10
10
10
10
10
10
10
10
10
10
10
10
10
10
10
10
10
10
10
10
10
10
10
10
10
10
10
10
10
10
10
10
10
10
10
10
10
10
10
10
10
10
10
10
10
10
10
10
10
10
10
10
10
10
10
10
10
10
10
10
10
10
10
10
10
10
10
10
10
10
10
10
10
10
10
10
10
10
10
10
10
10
10
10
10
10
10
10
10
10
10
10
10
10
10
10
10
10
10
10
10
10
10
10
10
10
10
10
10
10
10
10
10
10
10
10
10
10
10
10
10
10
10
10
10
10
10
10
10
10
10
10
10
10
10
10
10
10
10
10
10
10
10
10
10
10
10
10
10
10
10
10
10
10
10
10
10
10
10
10
10
10
10
10
10
10
10
10
10
10
10
10
10
10
10
10
10
10
10
10
10
10
10
10
10
10
10
10
10
10
10
10
10
10
10
10
10
10
10
10
10
10
10
10
10
10
10
10
10
10
10
10
10
10
10
10
10
10
10
10
10
10
10
10
10
10
10
10
10
10
10
10
10
10
10
10
10
10
10
10
10
10
10
10
10
10
10
10
10
10
10
10
10
10
10
10
10
10
10
10
10
10
10
10
10
10
10
10
10
10
10
10
10
10
10
10
10
10
10
10
10
10
10
10
10
10
10
10
10
10
10
10
10
10
10
10
10
10
10
10
10
10
10
10
10
10
10
10
10
10
10
10
10
10
10
10
10
10
10
10
10
10
10
10
10
10
10
10
10
10
10
10
10
10
10
10
10
10
10
10
10
10
10
10
10
10
10
10
10
10
10
10
10
10
10
10
10
10
10
10
10
10
10
10
10
10
10
10
10
10
10
10
10
10
10
10
10
10
10
10
10
10
10
10
10
10
10
10
10
10
10
10
10
10
10
10
10
10
10
10
10
10
10
10
10
10
10
10
10
10
10
10
10
10
10
10
10
10
10
10
10
10
10
10
10
10
10
10
10
10
10
10
10
10
10
10
10
10
10
10
10
10
10
10
10
10
10
10
10
10
10
10
10
10
10
10
10
10
10
10
10
10
10
10
10
10
10
10
10
10
10
10
10
10
10
10
10
10
10
10
10
10
10
10
10
10
10
10
10
10
10
10
10
10
10
10
10
10
10
10
10
10
10
10
10
10
10
10
10
10
10
10
10
10
10
10
10
10
10
10
10
10
10
10
10
10
10
10
10
10
10
10
10
10
10
10
10
10
10
10
10
10
10
10
10
10
10
10
10
10
10
10
10
10
10
10
10
10
10
10
10
10
10
10
10
10
10
10
10
10
10
10
10
10
10
10
10
10
10
10
10
10
10
10
10
10
10
10
10
10
10
10
10
10
10
10
10
10
10
10
10
10
10
10
10
10
10
10
10
10
10
10
10
10
10
10
10
10
10
10
10
10
10
10
10
10
10
10
10
10
10
10
10
10
10
10
10
10
10
10
10
10
10
10
10
10
10
10
10
10
10
10
10
10
10
10
10
10
10
10
10
10
10
10
10
10
10
10
10
10
10
10
10
10
10
10
10
10
10
10
10
10
10
10
10
10
10
10
10
10
10
10
10
10
10
10
10
10
10
10
10
10
10
10
10
10
10
10
10
10
10
10
10
10
10
10
10
10
10
10
10
10
10
10
10
10
10
10
10
10
10
10
10
10
10
10
10
10
10
10
10
10
10
10
10
10
10
10
10
10
10
10
10
10
10
10
10
10
10
10
10
10
10
10
10
10
10
10
10
10
10
10
10
10
10
10
10
10
10
10
10
10
10
10
10
10
10
10
10
10
10
10
10
10
10
10
10
10
10
10
10
10
10
10
10
10
10
10
10
10
10
10
10
10
10
10
10
10
10
10
10
10
10
10
10
10
10
10
10
10
10
10
10
10
10
10
10
10
10
10
10
10
10
10
10
10
10
10
10
10
10
10
10
10
10
10
10
10
10
10
10
10
10
10
10
10
10
10
10
10
10
10
10
10
10
10
10
10
10
10
10
10
10
10
10
10
10
10
10
10
10
10
10
10
10
10
10
10
10
10
10
10
10
10
10
10
10
10
10
10
10
10
10
10
10
10
10
10
10
10
10
10
10
10
10
10
10
10
10
10
10
10
10
10
10
10
10
10
10
10
10
10
10
10
10
10
10
10
10
10
10
10
10
10
10
10
10
10
10
10
10
10
10
10
10
10
10
10
10
10
10
10
10
10
10
10
10
10
10
10
10
10
10
10
10
10
10
10
10
10
10
10
10
10
10
10
10
10
10
10
10
10
10
10
10
10
10
10
10
10
10
10
10
10
10
10
10
10
10
10
10
10
10
10
10
10
10
10
10
10
10
10
10
10
10
10
10
10
10
10
10
10
10
10
10
10
10
10
10
10
10
10
10
10
10
10
10
10
10
10
10
10
10
10
10
10
10
10
10
10
10
10
10
10
10
10
10
10
10
10
10
10
10
10
10
10
10
10
10
10
10
10
10
10
10
10
10
10
10
10
10
10
10
10
10
10
10
10
10
10
10
10
10
10
10
10
10
10
10
10
10
10
10
10
10
10
10
10
10
10
10
10
10
10
10
10
10
10
10
10
10
10
10
10
10
10
10
10
10
10
10
10
10
10
10
10
10
10
10
10
10
10
10
10
10
10
10
10
10
10
10
10
10
10
10
10
10
10
10
10
10
10
10
10
10
10
10
10
10
10
10
10
10
10
10
10
10
10
10
10
10
10
10
10
10
10
10
10
10
10
10
10
10
10
10
10
10
10
10
10
10
10
10
10
10
10
10
10
10
10
10
10
10
10
10
10
10
10
10
10
10
10
10
10
10
10
10
10
10
10
10
10
10
10
10
10
10
10
10
10
10
10
10
10
10
10
10
10
10
10
10
10
10
10
10
10
10
10
10
10
10
10
10
10
10
10
10
10
10
10
10
10
10
10
10
10
10
10
10
10
10
10
10
10
10
10
10
10
10
10
10
10
10
10
10
10
10
10
10
10
10
10
10
10
10
10
10
10
10
10
10
10
10
10
10
10
10
10
10
10
10
10
10
10
10
10
10
10
10
10
10
10
10
10
10
10
10
10
10
10
10
10
10
10
10
10
10
10
10
10
10
10
10
10
10
10
10
10
10
10
10
10
10
10
10
10
10
10
10
10
10
10
10
10
10
10
10
10
10
10
10
10
10
10
10
10
10
10
10
10
10
10
10
10
10
10
10
10
10
10
10
10
10
10
10
10
10
10
10
10
10
10
10
10
10
10
10
10
10
10
10
10
10
10
10
10
10
10
10
10
10
10
10
10
10
10
10
10
10
10
10
10
10
10
10
10
10
10
10
10
10
10
10
10
10
10
10
10
10
10
10
10
10
10
10
10
10
10
10
10
10
10
10
10
10
10
10
10
10
10
10
10
10
10
10
10
10
10
10
10
10
10
10
10
10
10
10
10
10
10
10
10
10
10
10
10
10
10
10
10
10
10
10
10
10
10
10
10
10
10
10
10
10
10
10
10
10
10
10
10
10
10
10
10
10
10
10
10
10
10
10
10
10
10
10
10
10
10
10
10
10
10
10
10
10
10
10
10
10
10
10
10
10
10
10
10
10
10
10
10
10
10
10
10
10
10
10
10
10
10
10
10
10
10
10
10
10
10
10
10
10
10
10
10
10
10
10
10
10
10
10
10
10
10
10
10
10
10
10
10
10
10
10
10
10
10
10
10
10
10
10
10
10
10
10
10
10
10
10
10
10
10
10
10
10
10
10
10
10
10
10
10
10
10
10
10
10
10
10
10
10
10
10
10
10
10
10
10
10
10
10
10
10
10
10
10
10
10
10
10
10
10
10
10
10
10
10
10
10
10
10
10
10
10
10
10
10
10
10
10
10
10
10
10
10
10
10
10
10
10
10
10
10
10
10
10
10
10
10
10
10
10
10
10
10
10
10
10
10
10
10
10
10
10
10
10
10
10
10
10
10
10
10
10
10
10
10
10
10
10
10
10
10
10
10
10
10
10
10
10
10
10
10
10
10
10
10
10
10
10
10
10
10
10
10
10
10
10
10
10
10
10
10
10
10
10
10
10
10
10
10
10
10
10
10
10
10
10
10
10
10
10
10
10
10
10
10
10
10
10
10
10
10
10
10
10
10
10
10
10
10
10
10
10
10
10
10
10
10
10
10
10
10
10
10
10
10
10
10
10
10
10
10
10
10
10
10
10
10
10
10
10
10
10
10
10
10
10
10
10
10
10
10
10
10
10
10
10
10
10
10
10
10
10
10
10
10
10
10
10
10
10
10
10
10
10
10
10
10
10
10
10
10
10
10
10
10
10
10
10
10
10
10
10
10
10
10
10
10
10
10
10
10
10
10
10
10
10
10
10
10
10
10
10
10
10
10
10
10
10
10
10
10
10
10
10
10
10
10
10
10
10
10
10
10
10
10
10
10
10
10
10
10
10
10
10
10
10
10
10
10
10
10
10
10
10
10
10
10
10
10
10
10
10
10
10
10
10
10
10
10
10
10
10
10
10
10
10
10
10
10
10
10
10
10
10
10
10
10
10
10
10
10
10
10
10
10
10
10
10
10
10
10
10
10
10
10
10
10
10
10
10
10
10
10
10
10
10
10
10
10
10
10
10
10
10
10
10
10
10
10
10
10
10
10
10
10
10
10
10
10
10
10
10
10
10
10
10
10
10
10
10
10
10
10
10
10
10
10
10
10
10
10
10
10
10
10
10
10
10
10
10
10
10
10
10
10
10
10
10
10
10
10
10
10
10
10
10
10
10
10
10
10
10
10
10
10
10
10
10
10
10
10
10
10
10
10
10
10
10
10
10
10
10
10
10
10
10
10
10
10
10
10
10
10
10
10
10
10
10
10
10
10
10
10
10
10
10
10
10
10
10
10
10
10
10
10
10
10
10
10
10
10
10
10
10
10
10
10
10
10
10
10
10
10
10
10
10
10
10
10
10
10
10
10
10
10
10
10
10
10
10
10
10
10
10
10
10
10
10
10
10
10
10
10
10
10
10
10
10
10
10
10
10
10
10
10
10
10
10
10
10
10
10
10
10
10
10
10
10
10
10
10
10
10
10
10
10
10
10
10
10
10
10
10
10
10
10
10
10
10
10
10
10
10
10
10
10
10
10
10
10
10
10
10
10
10
10
10
10
10
10
10
10
10
10
10
10
10
10
10
10
10
10
10
10
10
10
10
10
10
10
10
10
10
10
10
10
10
10
10
10
10
10
10
10
10
10
10
10
10
10
10
10
10
10
10
10
10
10
10
10
10
10
10
10
10
10
10
10
10
10
10
10
10
10
10
10
10
10
10
10
10
10
10
10
10
10
10
10
10
10
10
10
10
10
10
10
10
10
10
10
10
10
10
10
10
10
10
10
10
10
10
10
10
10
10
10
10
10
10
10
10
10
10
10
10
10
10
10
10
10
10
10
10
10
10
10
10
10
10
10
10
10
10
10
10
10
10
10
10
10
10
10
10
10
10
10
10
10
10
10
10
10
10
10
10
10
10
10
10
10
10
10
10
10
10
10
10
10
10
10
10
10
10
10
10
10
10
10
10
10
10
10
10
10
10
10
10
10
10
10
10
10
10
10
10
10
10
10
10
10
10
10
10
10
10
10
10
10
10
10
10
10
10
10
10
10
10
10
10
10
10
10
10
10
10
10
10
10

CELL_DATA 13969
SCALARS cell_scalars int 1
LOOKUP_TABLE default
1
1
1
1
1
1
1
1
1
1
1
1
1
1
1
1
1
1
1
1
1
1
1
1
1
1
1
1
1
1
1
1
1
1
1
1
1
1
1
1
1
1
1
1
1
1
1
1
1
1
1
1
1
1
1
1
1
1
1
1
1
1
1
1
1
1
1
1
1
1
1
1
1
1
1
1
1
1
1
1
1
1
1
1
1
1
1
1
1
1
1
1
1
1
1
1
1
1
1
1
1
1
1
1
1
1
1
1
1
1
1
1
1
1
1
1
1
1
1
1
1
1
1
1
1
1
1
1
1
1
1
1
1
1
1
1
1
1
1
1
1
1
1
1
1
1
1
1
1
1
1
1
1
1
1
1
1
1
1
1
1
1
1
1
1
1
1
1
1
1
1
1
1
1
1
1
1
1
1
1
1
1
1
1
1
1
1
1
1
1
1
1
1
1
1
1
1
1
1
1
1
1
1
1
1
1
1
1
1
1
1
1
1
1
1
1
1
1
1
1
1
1
1
1
1
1
1
1
1
1
1
1
1
1
1
1
1
1
1
1
1
1
1
1
1
1
1
1
1
1
1
1
1
1
1
1
1
1
1
1
1
1
1
1
1
1
1
1
1
1
1
1
1
1
1
1
1
1
1
1
1
1
1
1
1
1
1
1
1
1
1
1
1
1
1
1
1
1
1
1
1
1
1
1
1
1
1
1
1
1
1
1
1
1
1
1
1
1
1
1
1
1
1
1
1
1
1
1
1
1
1
1
1
1
1
1
1
1
1
1
1
1
1
1
1
1
1
1
1
1
1
1
1
1
1
1
1
1
1
1
1
1
1
1
1
1
1
1
1
1
1
1
1
1
1
1
1
1
1
1
1
1
1
1
1
1
1
1
1
1
1
1
1
1
1
1
1
1
1
1
1
1
1
1
1
1
1
1
1
1
1
1
1
1
1
1
1
1
1
1
1
1
1
1
1
1
1
1
1
1
1
1
1
1
1
1
1
1
1
1
1
1
1
1
1
1
1
1
1
1
1
1
1
1
1
1
1
1
1
1
1
1
1
1
1
1
1
1
1
1
1
1
1
1
1
1
1
1
1
1
1
1
1
1
1
1
1
1
1
1
1
1
1
1
1
1
1
1
1
1
1
1
1
1
1
1
1
1
1
1
1
1
1
1
1
1
1
1
1
1
1
1
1
1
1
1
1
1
1
1
1
1
1
1
1
1
1
1
1
1
1
1
1
1
1
1
1
1
1
1
1
1
1
1
1
1
1
1
1
1
1
1
1
1
1
1
1
1
1
1
1
1
1
1
1
1
1
1
1
1
1
1
1
1
1
1
1
1
1
1
1
1
1
1
1
1
1
1
1
1
1
1
1
1
1
1
1
1
1
1
1
1
1
1
1
1
1
1
1
1
1
1
1
1
1
1
1
1
1
1
1
1
1
1
1
1
1
1
1
1
1
1
1
1
1
1
1
1
1
1
1
1
1
1
1
1
1
1
1
1
1
1
1
1
1
1
1
1
1
1
1
1
1
1
1
1
1
1
1
1
1
1
1
1
1
1
1
1
1
1
1
1
1
1
1
1
1
1
1
1
1
1
1
1
1
1
1
1
1
1
1
1
1
1
1
1
1
1
1
1
1
1
1
1
1
1
1
1
1
1
1
1
1
1
1
1
1
1
1
1
1
1
1
1
1
1
1
1
1
1
1
1
1
1
1
1
1
1
1
1
1
1
1
1
1
1
1
1
1
1
1
1
1
1
1
1
1
1
1
1
1
1
1
1
1
1
1
1
1
1
1
1
1
1
1
1
1
1
1
1
1
1
1
1
1
1
1
1
1
1
1
1
1
1
1
1
1
1
1
1
1
1
1
1
1
1
1
1
1
1
1
1
1
1
1
1
1
1
1
1
1
1
1
1
1
1
1
1
1
1
1
1
1
1
1
1
1
1
1
1
1
1
1
1
1
1
1
1
1
1
1
1
1
1
1
1
1
1
1
1
1
1
1
1
1
1
1
1
1
1
1
1
1
1
1
1
1
1
1
1
1
1
1
1
1
1
1
1
1
1
1
1
1
1
1
1
1
1
1
1
1
1
1
1
1
1
1
1
1
1
1
1
1
1
1
1
1
1
1
1
1
1
1
1
1
1
1
1
1
1
1
1
1
1
1
1
1
1
1
1
1
1
1
1
1
1
1
1
1
1
1
1
1
1
1
1
1
1
1
1
1
1
1
1
1
1
1
1
1
1
1
1
1
1
1
1
1
1
1
1
1
1
1
1
1
1
1
1
1
1
1
1
1
1
1
1
1
1
1
1
1
1
1
1
1
1
1
1
1
1
1
1
1
1
1
1
1
1
1
1
1
1
1
1
1
1
1
1
1
1
1
1
1
1
1
1
1
1
1
1
1
1
1
1
1
1
1
1
1
1
1
1
1
1
1
1
1
1
1
1
1
1
1
1
1
1
1
1
1
1
1
1
1
1
1
1
1
1
1
1
1
1
1
1
1
1
1
1
1
1
1
1
1
1
1
1
1
1
1
1
1
1
1
1
1
1
1
1
1
1
1
1
1
1
1
1
1
1
1
1
1
1
1
1
1
1
1
1
1
1
1
1
1
1
1
1
1
1
1
1
1
1
1
1
1
1
1
1
1
1
1
1
1
1
1
1
1
1
1
1
1
1
1
1
1
1
1
1
1
1
1
1
1
1
1
1
1
1
1
1
1
1
1
1
1
1
1
1
1
1
1
1
1
1
1
1
1
1
1
1
1
1
1
1
1
1
1
1
1
1
1
1
1
1
1
1
1
1
1
1
1
1
1
1
1
1
1
1
1
1
1
1
1
1
1
1
1
1
1
1
1
1
1
1
1
1
1
1
1
1
1
1
1
1
1
1
1
1
1
1
1
1
1
1
1
1
1
1
1
1
1
1
1
1
1
1
1
1
1
1
1
1
1
1
1
1
1
1
1
1
1
1
1
1
1
1
1
1
1
1
1
1
1
1
1
1
1
1
1
1
1
1
1
1
1
1
1
1
1
1
1
1
1
1
1
1
1
1
1
1
1
1
1
1
1
1
1
1
1
1
1
1
1
1
1
1
1
1
1
1
1
1
1
1
1
1
1
1
1
1
1
1
1
1
1
1
1
1
1
1
1
1
1
1
1
1
1
1
1
1
1
1
1
1
1
1
1
1
1
1
1
1
1
1
1
1
1
1
1
1
1
1
1
1
1
1
1
1
1
1
1
1
1
1
1
1
1
1
1
1
1
1
1
1
1
1
1
1
1
1
1
1
1
1
1
1
1
1
1
1
1
1
1
1
1
1
1
1
1
1
1
1
1
1
1
1
1
1
1
1
1
1
1
1
1
1
1
1
1
1
1
1
1
1
1
1
1
1
1
1
1
1
1
1
1
1
1
1
1
1
1
1
1
1
1
1
1
1
1
1
1
1
1
1
1
1
1
1
1
1
1
1
1
1
1
1
1
1
1
1
1
1
1
1
1
1
1
1
1
1
1
1
1
1
1
1
1
1
1
1
1
1
1
1
1
1
1
1
1
1
1
1
1
1
1
1
1
1
1
1
1
1
1
1
1
1
1
1
1
1
1
1
1
1
1
1
1
1
1
1
1
1
1
1
1
1
1
1
1
1
1
1
1
1
1
1
1
1
1
1
1
1
1
1
1
1
1
1
1
1
1
1
1
1
1
1
1
1
1
1
1
1
1
1
1
1
1
1
1
1
1
1
1
1
1
1
1
1
1
1
1
1
1
1
1
1
1
1
1
1
1
1
1
1
1
1
1
1
1
1
1
1
1
1
1
1
1
1
1
1
1
1
1
1
1
1
1
1
1
1
1
1
1
1
1
1
1
1
1
1
1
1
1
1
1
1
1
1
1
1
1
1
1
1
1
1
1
1
1
1
1
1
1
1
1
1
1
1
1
1
1
1
1
1
1
1
1
1
1
1
1
1
1
1
1
1
1
1
1
1
1
1
1
1
1
1
1
1
1
1
1
1
1
1
1
1
1
1
1
1
1
1
1
1
1
1
1
1
1
1
1
1
1
1
1
1
1
1
1
1
1
1
1
1
1
1
1
1
1
1
1
1
1
1
1
1
1
1
1
1
1
1
1
1
1
1
1
1
1
1
1
1
1
1
1
1
1
1
1
1
1
1
1
1
1
1
1
1
1
1
1
1
1
1
1
1
1
1
1
1
1
1
1
1
1
1
1
1
1
1
1
1
1
1
1
1
1
1
1
1
1
1
1
1
1
1
1
1
1
1
1
1
1
1
1
1
1
1
1
1
1
1
1
1
1
1
1
1
1
1
1
1
1
1
1
1
1
1
1
1
1
1
1
1
1
1
1
1
1
1
1
1
1
1
1
1
1
1
1
1
1
1
1
1
1
1
1
1
1
1
1
1
1
1
1
1
1
1
1
1
1
1
1
1
1
1
1
1
1
1
1
1
1
1
1
1
1
1
1
1
1
1
1
1
1
1
1
1
1
1
1
1
1
1
1
1
1
1
1
1
1
1
1
1
1
1
1
1
1
1
1
1
1
1
1
1
1
1
1
1
1
1
1
1
1
1
1
1
1
1
1
1
1
1
1
1
1
1
1
1
1
1
1
1
1
1
1
1
1
1
1
1
1
1
1
1
1
1
1
1
1
1
1
1
1
1
1
1
1
1
1
1
1
1
1
1
1
1
1
1
1
1
1
1
1
1
1
1
1
1
1
1
1
1
1
1
1
1
1
1
1
1
1
1
1
1
1
1
1
1
1
1
1
1
1
1
1
1
1
1
1
1
1
1
1
1
1
1
1
1
1
1
1
1
1
1
1
1
1
1
1
1
1
1
1
1
1
1
1
1
1
1
1
1
1
1
1
1
1
1
1
1
1
1
1
1
1
1
1
1
1
1
1
1
1
1
1
1
1
1
1
1
1
1
1
1
1
1
1
1
1
1
1
1
1
1
1
1
1
1
1
1
1
1
1
1
1
1
1
1
1
1
1
1
1
1
1
1
1
1
1
1
1
1
1
1
1
1
1
1
1
1
1
1
1
1
1
1
1
1
1
1
1
1
1
1
1
1
1
1
1
1
1
1
1
1
1
1
1
1
1
1
1
1
1
1
1
1
1
1
1
1
1
1
1
1
1
1
1
1
1
1
1
1
1
1
1
1
1
1
1
1
1
1
1
1
1
1
1
1
1
1
1
1
1
1
1
1
1
1
1
1
1
1
1
1
1
1
1
1
1
1
1
1
1
1
1
1
1
1
1
1
1
1
1
1
1
1
1
1
1
1
1
1
1
1
1
1
1
1
1
1
1
1
1
1
1
1
1
1
1
1
1
1
1
1
1
1
1
1
1
1
1
1
1
1
1
1
1
1
1
1
1
1
1
1
1
1
1
1
1
1
1
1
1
1
1
1
1
1
1
1
1
1
1
1
1
1
1
1
1
1
1
1
1
1
1
1
1
1
1
1
1
1
1
1
1
1
1
1
1
1
1
1
1
1
1
1
1
1
1
1
1
1
1
1
1
1
1
1
1
1
1
1
1
1
1
1
1
1
1
1
1
1
1
1
1
1
1
1
1
1
1
1
1
1
1
1
1
1
1
1
1
1
1
1
1
1
1
1
1
1
1
1
1
1
1
1
1
1
1
1
1
1
1
1
1
1
1
1
1
1
1
1
1
1
1
1
1
1
1
1
1
1
1
1
1
1
1
1
1
1
1
1
1
1
1
1
1
1
1
1
1
1
1
1
1
1
1
1
1
1
1
1
1
1
1
1
1
1
1
1
1
1
1
1
1
1
1
1
1
1
1
1
1
1
1
1
1
1
1
1
1
1
1
1
1
1
1
1
1
1
1
1
1
1
1
1
1
1
1
1
1
1
1
1
1
1
1
1
1
1
1
1
1
1
1
1
1
1
1
1
1
1
1
1
1
1
1
1
1
1
1
1
1
1
1
1
1
1
1
1
1
1
1
1
1
1
1
1
1
1
1
1
1
1
1
1
1
1
1
1
1
1
1
1
1
1
1
1
1
1
1
1
1
1
1
1
1
1
1
1
1
1
1
1
1
1
1
1
1
1
1
1
1
1
1
1
1
1
1
1
1
1
1
1
1
1
1
1
1
1
1
1
1
1
1
1
1
1
1
1
1
1
1
1
1
1
1
1
1
1
1
1
1
1
1
1
1
1
1
1
1
1
1
1
1
1
1
1
1
1
1
1
1
1
1
1
1
1
1
1
1
1
1
1
1
1
1
1
1
1
1
1
1
1
1
1
1
1
1
1
1
1
1
1
1
1
1
1
1
1
1
1
1
1
1
1
1
1
1
1
1
1
1
1
1
1
1
1
1
1
1
1
1
1
1
1
1
1
1
1
1
1
1
1
1
1
1
1
1
1
1
1
1
1
1
1
1
1
1
1
1
1
1
1
1
1
1
1
1
1
1
1
1
1
1
1
1
1
1
1
1
1
1
1
1
1
1
1
1
1
1
1
1
1
1
1
1
1
1
1
1
1
1
1
1
1
1
1
1
1
1
1
1
1
1
1
1
1
1
1
1
1
1
1
1
1
1
1
1
1
1
1
1
1
1
1
1
1
1
1
1
1
1
1
1
1
1
1
1
1
1
1
1
1
1
1
1
1
1
1
1
1
1
1
1
1
1
1
1
1
1
1
1
1
1
1
1
1
1
1
1
1
1
1
1
1
1
1
1
1
1
1
1
1
1
1
1
1
1
1
1
1
1
1
1
1
1
1
1
1
1
1
1
1
1
1
1
1
1
1
1
1
1
1
1
1
1
1
1
1
1
1
1
1
1
1
1
1
1
1
1
1
1
1
1
1
1
1
1
1
1
1
1
1
1
1
1
1
1
1
1
1
1
1
1
1
1
1
1
1
1
1
1
1
1
1
1
1
1
1
1
1
1
1
1
1
1
1
1
1
1
1
1
1
1
1
1
1
1
1
1
1
1
1
1
1
1
1
1
1
1
1
1
1
1
1
1
1
1
1
1
1
1
1
1
1
1
1
1
1
1
1
1
1
1
1
1
1
1
1
1
1
1
1
1
1
1
1
1
1
1
1
1
1
1
1
1
1
1
1
1
1
1
1
1
1
1
1
1
1
1
1
1
1
1
1
1
1
1
1
1
1
1
1
1
1
1
1
1
1
1
1
1
1
1
1
1
1
1
1
1
1
1
1
1
1
1
1
1
1
1
1
1
1
1
1
1
1
1
1
1
1
1
1
1
1
1
1
1
1
1
1
1
1
1
1
1
1
1
1
1
1
1
1
1
1
1
1
1
1
1
1
1
1
1
1
1
1
1
1
1
1
1
1
1
1
1
1
1
1
1
1
1
1
1
1
1
1
1
1
1
1
1
1
1
1
1
1
1
1
1
1
1
1
1
1
1
1
1
1
1
1
1
1
1
1
1
1
1
1
1
1
1
1
1
1
1
1
1
1
1
1
1
1
1
1
1
1
1
1
1
1
1
1
1
1
1
1
1
1
1
1
1
1
1
1
1
1
1
1
1
1
1
1
1
1
1
1
1
1
1
1
1
1
1
1
1
1
1
1
1
1
1
1
1
1
1
1
1
1
1
1
1
1
1
1
1
1
1
1
1
1
1
1
1
1
1
1
1
1
1
1
1
1
1
1
1
1
1
1
1
1
1
1
1
1
1
1
1
1
1
1
1
1
1
1
1
1
1
1
1
1
1
1
1
1
1
1
1
1
1
1
1
1
1
1
1
1
1
1
1
1
1
1
1
1
1
1
1
1
1
1
1
1
1
1
1
1
1
1
1
1
1
1
1
1
1
1
1
1
1
1
1
1
1
1
1
1
1
1
1
1
1
1
1
1
1
1
1
1
1
1
1
1
1
1
1
1
1
1
1
1
1
1
1
1
1
1
1
1
1
1
1
1
1
1
1
1
1
1
1
1
1
1
1
1
1
1
1
1
1
1
1
1
1
1
1
1
1
1
1
1
1
1
1
1
1
1
1
1
1
1
1
1
1
1
1
1
1
1
1
1
1
1
1
1
1
1
1
1
1
1
1
1
1
1
1
1
1
1
1
1
1
1
1
1
1
1
1
1
1
1
1
1
1
1
1
1
1
1
1
1
1
1
1
1
1
1
1
1
1
1
1
1
1
1
1
1
1
1
1
1
1
1
1
1
1
1
1
1
1
1
1
1
1
1
1
1
1
1
1
1
1
1
1
1
1
1
1
1
1
1
1
1
1
1
1
1
1
1
1
1
1
1
1
1
1
1
1
1
1
1
1
1
1
1
1
1
1
1
1
1
1
1
1
1
1
1
1
1
1
1
1
1
1
1
1
1
1
1
1
1
1
1
1
1
1
1
1
1
1
1
1
1
1
1
1
1
1
1
1
1
1
1
1
1
1
1
1
1
1
1
1
1
1
1
1
1
1
1
1
1
1
1
1
1
1
1
1
1
1
1
1
1
1
1
1
1
1
1
1
1
1
1
1
1
1
1
1
1
1
1
1
1
1
1
1
1
1
1
1
1
1
1
1
1
1
1
1
1
1
1
1
1
1
1
1
1
1
1
1
1
1
1
1
1
1
1
1
1
1
1
1
1
1
1
1
1
1
1
1
1
1
1
1
1
1
1
1
1
1
1
1
1
1
1
1
1
1
1
1
1
1
1
1
1
1
1
1
1
1
1
1
1
1
1
1
1
1
1
1
1
1
1
1
1
1
1
1
1
1
1
1
1
1
1
1
1
1
1
1
1
1
1
1
1
1
1
1
1
1
1
1
1
1
1
1
1
1
1
1
1
1
1
1
1
1
1
1
1
1
1
1
1
1
1
1
1
1
1
1
1
1
1
1
1
1
1
1
1
1
1
1
1
1
1
1
1
1
1
1
1
1
1
1
1
1
1
1
1
1
1
1
1
1
1
1
1
1
1
1
1
1
1
1
1
1
1
1
1
1
1
1
1
1
1
1
1
1
1
1
1
1
1
1
1
1
1
1
1
1
1
1
1
1
1
1
1
1
1
1
1
1
1
1
1
1
1
1
1
1
1
1
1
1
1
1
1
1
1
1
1
1
1
1
1
1
1
1
1
1
1
1
1
1
1
1
1
1
1
1
1
1
1
1
1
1
1
1
1
1
1
1
1
1
1
1
1
1
1
1
1
1
1
1
1
1
1
1
1
1
1
1
1
1
1
1
1
1
1
1
1
1
1
1
1
1
1
1
1
1
1
1
1
1
1
1
1
1
1
1
1
1
1
1
1
1
1
1
1
1
1
1
1
1
1
1
1
1
1
1
1
1
1
1
1
1
1
1
1
1
1
1
1
1
1
1
1
1
1
1
1
1
1
1
1
1
1
1
1
1
1
1
1
1
1
1
1
1
1
1
1
1
1
1
1
1
1
1
1
1
1
1
1
1
1
1
1
1
1
1
1
1
1
1
1
1
1
1
1
1
1
1
1
1
1
1
1
1
1
1
1
1
1
1
1
1
1
1
1
1
1
1
1
1
1
1
1
1
1
1
1
1
1
1
1
1
1
1
1
1
1
1
1
1
1
1
1
1
1
1
1
1
1
1
1
1
1
1
1
1
1
1
1
1
1
1
1
1
1
1
1
1
1
1
1
1
1
1
1
1
1
1
1
1
1
1
1
1
1
1
1
1
1
1
1
1
1
1
1
1
1
1
1
1
1
1
1
1
1
1
1
1
1
1
1
1
1
1
1
1
1
1
1
1
1
1
1
1
1
1
1
1
1
1
1
1
1
1
1
1
1
1
1
1
1
1
1
1
1
1
1
1
1
1
1
1
1
1
1
1
1
1
1
1
1
1
1
1
1
1
1
1
1
1
1
1
1
1
1
1
1
1
1
1
1
1
1
1
1
1
1
1
1
1
1
1
1
1
1
1
1
1
1
1
1
1
1
1
1
1
1
1
1
1
1
1
1
1
1
1
1
1
1
1
1
1
1
1
1
1
1
1
1
1
1
1
1
1
1
1
1
1
1
1
1
1
1
1
1
1
1
1
1
1
1
1
1
1
1
1
1
1
1
1
1
1
1
1
1
1
1
1
1
1
1
1
1
1
1
1
1
1
1
1
1
1
1
1
1
1
1
1
1
1
1
1
1
1
1
1
1
1
1
1
1
1
1
1
1
1
1
1
1
1
1
1
1
1
1
1
1
1
1
1
1
1
1
1
1
1
1
1
1
1
1
1
1
1
1
1
1
1
1
1
1
1
1
1
1
1
1
1
1
1
1
1
1
1
1
1
1
1
1
1
1
1
1
1
1
1
1
1
1
1
1
1
1
1
1
1
1
1
1
1
1
1
1
1
1
1
1
1
1
1
1
1
1
1
1
1
1
1
1
1
1
1
1
1
1
1
1
1
1
1
1
1
1
1
1
1
1
1
1
1
1
1
1
1
1
1
1
1
1
1
1
1
1
1
1
1
1
1
1
1
1
1
1
1
1
1
1
1
1
1
1
1
1
1
1
1
1
1
1
1
1
1
1
1
1
1
1
1
1
1
1
1
1
1
1
1
1
1
1
1
1
1
1
1
1
1
1
1
1
1
1
1
1
1
1
1
1
1
1
1
1
1
1
1
1
1
1
1
1
1
1
1
1
1
1
1
1
1
1
1
1
1
1
1
1
1
1
1
1
1
1
1
1
1
1
1
1
1
1
1
1
1
1
1
1
1
1
1
1
1
1
1
1
1
1
1
1
1
1
1
1
1
1
1
1
1
1
1
1
1
1
1
1
1
1
1
1
1
1
1
1
1
1
1
1
1
1
1
1
1
1
1
1
1
1
1
1
1
1
1
1
1
1
1
1
1
1
1
1
1
1
1
1
1
1
1
1
1
1
1
1
1
1
1
1
1
1
1
1
1
1
1
1
1
1
1
1
1
1
1
1
1
1
1
1
1
1
1
1
1
1
1
1
1
1
1
1
1
1
1
1
1
1
1
1
1
1
1
1
1
1
1
1
1
1
1
1
1
1
1
1
1
1
1
1
1
1
1
1
1
1
1
1
1
1
1
1
1
1
1
1
1
1
1
1
1
1
1
1
1
1
1
1
1
1
1
1
1
1
1
1
1
1
1
1
1
1
1
1
1
1
1
1
1
1
1
1
1
1
1
1
1
1
1
1
1
1
1
1
1
1
1
1
1
1
1
1
1
1
1
1
1
1
1
1
1
1
1
1
1
1
1
1
1
1
1
1
1
1
1
1
1
1
1
1
1
1
1
1
1
1
1
1
1
1
1
1
1
1
1
1
1
1
1
1
1
1
1
1
1
1
1
1
1
1
1
1
1
1
1
1
1
1
1
1
1
1
1
1
1
1
1
1
1
1
1
1
1
1
1
1
1
1
1
1
1
1
1
1
1
1
1
1
1
1
1
1
1
1
1
1
1
1
1
1
1
1
1
1
1
1
1
1
1
1
1
1
1
1
1
1
1
1
1
1
1
1
1
1
1
1
1
1
1
1
1
1
1
1
1
1
1
1
1
1
1
1
1
1
1
1
1
1
1
1
1
1
1
1
1
1
1
1
1
1
1
1
1
1
1
1
1
1
1
1
1
1
1
1
1
1
1
1
1
1
1
1
1
1
1
1
1
1
1
1
1
1
1
1
1
1
1
1
1
1
1
1
1
1
1
1
1
1
1
1
1
1
1
1
1
1
1
1
1
1
1
1
1
1
1
1
1
1
1
1
1
1
1
1
1
1
1
1
1
1
1
1
1
1
1
1
1
1
1
1
1
1
1
1
1
1
1
1
1
1
1
1
1
1
1
1
1
1
1
1
1
1
1
1
1
1
1
1
1
1
1
1
1
1
1
1
1
1
1
1
1
1
1
1
1
1
1
1
1
1
1
1
1
1
1
1
1
1
1
1
1
1
1
1
1
1
1
1
1
1
1
1
1
1
1
1
1
1
1
1
1
1
1
1
1
1
1
1
1
1
1
1
1
1
1
1
1
1
1
1
1
1
1
1
1
1
1
1
1
1
1
1
1
1
1
1
1
1
1
1
1
1
1
1
1
1
1
1
1
1
1
1
1
1
1
1
1
1
1
1
1
1
1
1
1
1
1
1
1
1
1
1
1
1
1
1
1
1
1
1
1
1
1
1
1
1
1
1
1
1
1
1
1
1
1
1
1
1
1
1
1
1
1
1
1
1
1
1
1
1
1
1
1
1
1
1
1
1
1
1
1
1
1
1
1
1
1
1
1
1
1
1
1
1
1
1
1
1
1
1
1
1
1
1
1
1
1
1
1
1
1
1
1
1
1
1
1
1
1
1
1
1
1
1
1
1
1
1
1
1
1
1
1
1
1
1
1
1
1
1
1
1
1
1
1
1
1
1
1
1
1
1
1
1
1
1
1
1
1
1
1
1
1
1
1
1
1
1
1
1
1
1
1
1
1
1
1
1
1
1
1
1
1
1
1
1
1
1
1
1
1
1
1
1
1
1
1
1
1
1
1
1
1
1
1
1
1
1
1
1
1
1
1
1
1
1
1
1
1
1
1
1
1
1
1
1
1
1
1
1
1
1
1
1
1
1
1
1
1
1
1
1
1
1
1
1
1
1
1
1
1
1
1
1
1
1
1
1
1
1
1
1
1
1
1
1
1
1
1
1
1
1
1
1
1
1
1
1
1
1
1
1
1
1
1
1
1
1
1
1
1
1
1
1
1
1
1
1
1
1
1
1
1
1
1
1
1
1
1
1
1
1
1
1
1
1
1
1
1
1
1
1
1
1
1
1
1
1
1
1
1
1
1
1
1
1
1
1
1
1
1
1
1
1
1
1
1
1
1
1
1
1
1
1
1
1
1
1
1
1
1
1
1
1
1
1
1
1
1
1
1
1
1
1
1
1
1
1
1
1
1
1
1
1
1
1
1
1
1
1
1
1
1
1
1
1
1
1
1
1
1
1
1
1
1
1
1
1
1
1
1
1
1
1
1
1
1
1
1
1
1
1
1
1
1
1
1
1
1
1
1
1
1
1
1
1
1
1
1
1
1
1
1
1
1
1
1
1
1
1
1
1
1
1
1
1
1
1
1
1
1
1
1
1
1
1
1
1
1
1
1
1
1
1
1
1
1
1
1
1
1
1
1
1
1
1
1
1
1
1
1
1
1
1
1
1
1
1
1
1
1
1
1
1
1
1
1
1
1
1
1
1
1
1
1
1
1
1
1
1
1
1
1
1
1
1
1
1
1
1
1
1
1
1
1
1
1
1
1
1
1
1
1
1
1
1
1
1
1
1
1
1
1
1
1
1
1
1
1
1
1
1
1
1
1
1
1
1
1
1
1
1
1
1
1
1
1
1
1
1
1
1
1
1
1
1
1
1
1
1
1
1
1
1
1
1
1
1
1
1
1
1
1
1
1
1
1
1
1
1
1
1
1
1
1
1
1
1
1
1
1
1
1
1
1
1
1
1
1
1
1
1
1
1
1
1
1
1
1
1
1
1
1
1
1
1
1
1
1
1
1
1
1
1
1
1
1
1
1
1
1
1
1
1
1
1
1
1
1
1
1
1
1
1
1
1
1
1
1
1
1
1
1
1
1
1
1
1
1
1
1
1
1
1
1
1
1
1
1
1
1
1
1
1
1
1
1
1
1
1
1
1
1
1
1
1
1
1
1
1
1
1
1
1
1
1
1
1
1
1
1
1
1
1
1
1
1
1
1
1
1
1
1
1
1
1
1
1
1
1
1
1
1
1
1
1
1
1
1
1
1
1
1
1
1
1
1
1
1
1
1
1
1
1
1
1
1
1
1
1
1
1
1
1
1
1
1
1
1
1
1
1
1
1
1
1
1
1
1
1
1
1
1
1
1
1
1
1
1
1
1
1
1
1
1
1
1
1
1
1
1
1
1
1
1
1
1
1
1
1
1
1
1
1
1
1
1
1
1
1
1
1
1
1
1
1
1
1
1
1
1
1
1
1
1
1
1
1
1
1
1
1
1
1
1
1
1
1
1
1
1
1
1
1
1
1
1
1
1
1
1
1
1
1
1
1
1
1
1
1
1
1
1
1
1
1
1
1
1
1
1
1
1
1
1
1
1
1
1
1
1
1
1
1
1
1
1
1
1
1
1
1
1
1
1
1
1
1
1
1
1
1
1
1
1
1
1
1
1
1
1
1
1
1
1
1
1
1
1
1
1
1
1
1
1
1
1
1
1
1
1
1
1
1
1
1
1
1
1
1
1
1
1
1
1
1
1
1
1
1
1
1
1
1
1
1
1
1
1
1
1
1
1
1
1
1
1
1
1
1
1
1
1
1
1
1
1
1
1
1
1
1
1
1
1
1
1
1
1
1
1
1
1
1
1
1
1
1
1
1
1
1
1
1
1
1
1
1
1
1
1
1
1
1
1
1
1
1
1
1
1
1
1
1
1
1
1
1
1
1
1
1
1
1
1
1
1
1
1
1
1
1
1
1
1
1
1
1
1
1
1
1
1
1
1
1
1
1
1
1
1
1
1
1
1
1
1
1
1
1
1
1
1
1
1
1
1
1
1
1
1
1
1
1
1
1
1
1
1
1
1
1
1
1
1
1
1
1
1
1
1
1
1
1
1
1
1
1
1
1
1
1
1
1
1
1
1
1
1
1
1
1
1
1
1
1
1
1
1
1
1
1
1
1
1
1
1
1
1
1
1
1
1
1
1
1
1
1
1
1
1
1
1
1
1
1
1
1
1
1
1
1
1
1
1
1
1
1
1
1
1
1
1
1
1
1
1
1
1
1
1
1
1
1
1
1
1
1
1
1
1
1
1
1
1
1
1
1
1
1
1
1
1
1
1
1
1
1
1
1
1
1
1
1
1
1
1
1
1
1
1
1
1
1
1
1
1
1
1
1
1
1
1
1
1
1
1
1
1
1
1
1
1
1
1
1
1
1
1
1
1
1
1
1
1
1
1
1
1
1
1
1
1
1
1
1
1
1
1
1
1
1
1
1
1
1
1
1
1
1
1
1
1
1
1
1
1
1
1
1
1
1
1
1
1
1
1
1
1
1
1
1
1
1
1
1
1
1
1
1
1
1
1
1
1
1
1
1
1
1
1
1
1
1
1
1
1
1
1
1
1
1
1
1
1
1
1
1
1
1
1
1
1
1
1
1
1
1
1
1
1
1
1
1
1
1
1
1
1
1
1
1
1
1
1
1
1
1
1
1
1
1
1
1
1
1
1
1
1
1
1
1
1
1
1
1
1
1
1
1
1
1
1
1
1
1
1
1
1
1
1
1
1
1
1
1
1
1
1
1
1
1
1
1
1
1
1
1
1
1
1
1
1
1
1
1
1
1
1
1
1
1
1
1
1
1
1
1
1
1
1
1
1
1
1
1
1
1
1
1
1
1
1
1
1
1
1
1
1
1
1
1
1
1
1
1
1
1
1
1
1
1
1
1
1
1
1
1
1
1
1
1
1
1
1
1
1
1
1
1
1
1
1
1
1
1
1
1
1
1
1
1
1
1
1
1
1
1
1
1
1
1
1
1
1
1
1
1
1
1
1
1
1
1
1
1
1
1
1
1
1
1
1
1
1
1
1
1
1
1
1
1
1
1
1
1
1
1
1
1
1
1
1
1
1
1
1
1
1
1
1
1
1
1
1
1
1
1
1
1
1
1
1
1
1
1
1
1
1
1
1
1
1
1
1
1
1
1
1
1
1
1
1
1
1
1
1
1
1
1
1
1
1
1
1
1
1
1
1
1
1
1
1
1
1
1
1
1
1
1
1
1
1
1
1
1
1
1
1
1
1
1
1
1
1
1
1
1
1
1
1
1
1
1
1
1
1
1
1
1
1
1
1
1
1
1
1
1
1
1
1
1
1
1
1
1
1
1
1
1
1
1
1
1
1
1
1
1
1
1
1
1
1
1
1
1
1
1
1
1
1
1
1
1
1
1
1
1
1
1
1
1
1
1
1
1
1
1
1
1
1
1
1
1
1
1
1
1
1
1
1
1
1
1
1
1
1
1
1
1
1
1
1
1
1
1
1
1
1
1
1
1
1
1
1
1
1
1
1
1
1
1
1
1
1
1
1
1
1
1
1
1
1
1
1
1
1
1
1
1
1
1
1
1
1
1
1
1
1
1
1
1
1
1
1
1
1
1
1
1
1
1
1
1
1
1
1
1
1
1
1
1
1
1
1
1
1
1
1
1
1
1
1
1
1
1
1
1
1
1
1
1
1
1
1
1
1
1
1
1
1
1
1
1
1
1
1
1
1
1
1
1
1
1
1
1
1
1
1
1
1
1
1
1
1
1
1
1
1
1
1
1
1
1
1
1
1
1
1
1
1
1
1
1
1
1
1
1
1
1
1
1
1
1
1
1
1
1
1
1
1
1
1
1
1
1
1
1
1
1
1
1
1
1
1
1
1
1
1
1
1
1
1
1
1
1
1
1
1
1
1
1
1
1
1
1
1
1
1
1
1
1
1
1
1
1
1
1
1
1
1
1
1
1
1
1
1
1
1
1
1
1
1
1
1
1
1
1
1
1
1
1
1
1
1
1
1
1
1
1
1
1
1
1
1
1
1
1
1
1
1
1
1
1
1
1
1
1
1
1
1
1
1
1
1
1
1
1
1
1
1
1
1
1
1
1
1
1
1
1
1
1
1
1
1
1
1
1
1
1
1
1
1
1
1
1
1
1
1
1
1
1
1
1
1
1
1
1
1
1
1
1
1
1
1
1
1
1
1
1
1
1
1
1
1
1
1
1
1
1
1
1
1
1
1
1
1
1
1
1
1
1
1
1
1
1
1
1
1
1
1
1
1
1
1
1
1
1
1
1
1
1
1
1
1
1
1
1
1
1
1
1
1
1
1
1
1
1
1
1
1
1
1
1
1
1
1
1
1
1
1
1
1
1
1
1
1
1
1
1
1
1
1
1
1
1
1
1
1
1
1
1
1
1
1
1
1
1
1
1
1
1
1
1
1
1
1
1
1
1
1
1
1
1
1
1
1
1
1
1
1
1
1
1
1
1
1
1
1
1
1
1
1
1
1
1
1
1
1
1
1
1
1
1
1
1
1
1
1
1
1
1
1
1
1
1
1
1
1
1
1
1
1
1
1
1
1
1
1
1
1
1
1
1
1
1
1
1
1
1
1
1
1
1
1
1
1
1
1
1
1
1
1
1
1
1
1
1
1
1
1
1
1
1
1
1
1
1
1
1
1
1
1
1
1
1
1
1
1
1
1
1
1
1
1
1
1
1
1
1
1
1
1
1
1
1
1
1
1
1
1
1
1
1
1
1
1
1
1
1
1
1
1
1
1
1
1
1
1
1
1
1
1
1
1
1
1
1
1
1
1
1
1
1
1
1
1
1
1
1
1
1
1
1
1
1
1
1
1
1
1
1
1
1
1
1
1
1
1
1
1
1
1
1
1
1
1
1
1
1
1
1
1
1
1
1
1
1
1
1
1
1
1
1
1
1
1
1
1
1
1
1
1
1
1
1
1
1
1
1
1
1
1
1
1
1
1
1
1
1
1
1
1
1
1
1
1
1
1
1
1
1
1
1
1
1
1
1
1
1
1
1
1
1
1
1
1
1
1
1
1
1
1
1
1
1
1
1
1
1
1
1
1
1
1
1
1
1
1
1
1
1
1
1
1
1
1
1
1
1
1
1
1
1
1
1
1
1
1
1
1
1
1
1
1
1
1
1
1
1
1
1
1
1
1
1
1
1
1
1
1
1
1
1
1
1
1
1
1
1
1
1
1
1
1
1
1
1
1
1
1
1
1
1
1
1
1
1
1
1
1
1
1
1
1
1
1
1
1
1
1
1
1
1
1
1
1
1
1
1
1
1
1
1
1
1
1
1
1
1
1
1
1
1
1
1
1
1
1
1
1
1
1
1
1
1
1
1
1
1
1
1
1
1
1
1
1
1
1
1
1
1
1
1
1
1
1
1
1
1
1
1
1
1
1
1
1
1
1
1
1
1
1
1
1
1
1
1
1
1
1
1
1
1
1
1
1
1
1
1
1
1
1
1
1
1
1
1
1
1
1
1
1
1
1
1
1
1
1
1
1
1
1
1
1
1
1
1
1
1
1
1
1
1
1
1
1
1
1
1
1
1
1
1
1
1
1
1
1
1
1
1
1
1
1
1
1
1
1
1
1
1
1
1
1
1
1
1
1
1
1
1
1
1
1
1
1
1
1
1
1
1
1
1
1
1
1
1
1
1
1
1
1
1
1
1
1
1
1
1
1
1
1
1
1
1
1
1
1
1
1
1
1
1
1
1
1
1
1
1
1
1
1
1
1
1
1
1
1
1
1
1
1
1
1
1
1
1
1
1
1
1
1
1
1
1
1
1
1
1
1
1
1
1
1
1
1
1
1
1
1
1
1
1
1
1
1
1
1
1
1
1
1
1
1
1
1
1
1
1
1
1
1
1
1
1
1
1
1
1
1
1
1
1
1
1
1
1
1
1
1
1
1
1
1
1
1
1
1
1
1
1
1
1
1
1
1
1
1
1
1
1
1
1
1
1
1
1
1
1
1
1
1
1
1
1
1
1
1
1
1
1
1
1
1
1
1
1
1
1
1
1
1
1
1
1
1
1
1
1
1
1
1
1
1
1
1
1
1
1
1
1
1
1
1
1
1
1
1
1
1
1
1
1
1
1
1
1
1
1
1
1
1
1
1
1
1
1
1
1
1
1
1
1
1
1
1
1
1
1
1
1
1
1
1
1
1
1
1
1
1
1
1
1
1
1
1
1
1
1
1
1
1
1
1
1
1
1
1
1
1
1
1
1
1
1
1
1
1
1
1
1
1
1
1
1
1
1
1
1
1
1
1
1
1
1
1
1
1
1
1
1
1
1
1
1
1
1
1
1
1
1
1
1
1
1
1
1
1
1
1
1
1
1
1
1
1
1
1
1
1
1
1
1
1
1
1
1
1
1
1
1
1
1
1
1
1
1
1
1
1
1
1
1
1
1
1
1
1
1
1
1
1
1
1
1
1
1
1
1
1
1
1
1
1
1
1
1
1
1
1
1
1
1
1
1
1
1
1
1
1
1
1
1
1
1
1
1
1
1
1
1
1
1
1
1
1
1
1
1
1
1
1
1
1
1
1
1
1
1
1
1
1
1
1
1
1
1
1
1
1
1
1
1
1
1
1
1
1
1
1
1
1
1
1
1
1
1
1
1
1
1
1
1
1
1
1
1
1
1
1
1
1
1
1
1
1
1
1
1
1
1
1
1
1
1
1
1
1
1
1
1
1
1
1
1
1
1
1
1
1
1
1
1
1
1
1
1
1
1
1
1
1
1
1
1
1
1
1
1
1
1
1
1
1
1
1
1
1
1
1
1
1
1
1
1
1
1
1
1
1
1
1
1
1
1
1
1
1
1
1
1
1
1
1
1
1
1
1
1
1
1
1
1
1
1
1
1
1
1
1
1
1
1
1
1
1
1
1
1
1
1
1
1
1
1
1
1
1
1
1
1
1
1
1
1
1
1
1
1
1
1
1
1
1
1
1
1
1
1
1
1
1
1
1
1
1
1
1
1
1
1
1
1
1
1
1
1
1
1
1
1
1
1
1
1
1
1
1
1
1
1
1
1
1
1
1
1
1
1
1
1
1
1
1
1
1
1
1
1
1
1
1
1
1
1
1
1
1
1
1
1
1
1
1
1
1
1
1
1
1
1
1
1
1
1
1
1
1
1
1
1
1
1
1
1
1
1
1
1
1
1
1
1
1
1
1
1
1
1
1
1
1
1
1
1
1
1
1
1
1
1
1
1
1
1
1
1
1
1
1
1
1
1
1
1
1
1
1
1
1
1
1
1
1
1
1
1
1
1
1
1
1
1
1
1
1
1
1
1
1
1
1
1
1
1
1
1
1
1
1
1
1
1
1
1
1
1
1
1
1
1
1
1
1
1
1
1
1
1
1
1
1
1
1
1
1
1
1
1
1
1
1
1
1
1
1
1
1
1
1
1
1
1
1
1
1
1
1
1
1
1
1
1
1
1
1
1
1
1
1
1
1
1
1
1
1
1
1
1
1
1
1
1
1
1
1
1
1
1
1
1
1
1
1
1
1
1
1
1
1
1
1
1
1
1
1
1
1
1
1
1
1
1
1
1
1
1
1
1
1
1
1
1
1
1
1
1
1
1
1
1
1
1
1
1
1
1
1
1
1
1
1
1
1
1
1
1
1
1
1
1
1
1
1
1
1
1
1
1
1
1
1
1
1
1
1
1
1
1
1
1
1
1
1
1
1
1
1
1
1
1
1
1
1
1
1
1
1
1
1
1
1
1
1
1
1
1
1
1
1
1
1
1
1
1
1
1
1
1
1
1
1
1
1
1
1
1
1
1
1
1
1
1
1
1
1
1
1
1
1
1
1
1
1
1
1
1
1
1
1
1
1
1
1
1
1
1
1
1
1
1
1
1
1
1
1
1
1
1
1
1
1
1
1
1
1
1
1
1
1
1
1
1
1
1
1
1
1
1
1
1
1
1
1
1
1
1
1
1
1
1
1
1
1
1
1
1
1
1
1
1
1
1
1
1
1
1
1
1
1
1
1
1
1
1
1
1
1
1
1
1
1
1
1
1
1
1
1
1
1
1
1
1
1
1
1
1
1
1
1
1
1
1
1
1
1
1
1
1
1
1
1
1
1
1
1
1
1
1
1
1
1
1
1
1
1
1
1
1
1
1
1
1
1
1
1
1
1
1
1
1
1
1
1
1
1
1
1
1
1
1
1
1
1
1
1
1
1
1
1
1
1
1
1
1
1
1
1
1
1
1
1
1
1
1
1
1
1
1
1
1
1
1
1
1
1
1
1
1
1
1
1
1
1
1
1
1
1
1
1
1
1
1
1
1
1
1
1
1
1
1
1
1
1
1
1
1
1
1
1
1
1
1
1
1
1
1
1
1
1
1
1
1
1
1
1
1
1
1
1
1
1
1
1
1
1
1
1
1
1
1
1
1
1
1
1
1
1
1
1
1
1
1
1
1
1
1
1
1
1
1
1
1
1
1
1
1
1
1
1
1
1
1
1
1
1
1
1
1
1
1
1
1
1
1
1
1
1
1
1
1
1
1
1
1
1
1
1
1
1
1
1
1
1
1
1
1
1
1
1
1
1
1
1
1
1
1
1
1
1
1
1
1
1
1
1
1
1
1
1
1
1
1
1
1
1
1
1
1
1
1
1
1
1
1
1
1
1
1
1
1
1
1
1
1
1
1
1
1
1
1
1
1
1
1
1
1
1
1
1
1
1
1
1
1
1
1
1
1
1
1
1
1
1
1
1
1
1
1
1
1
1
1
1
1
1
1
1
1
1
1
1
1
1
1
1
1
1
1
1
1
1
1
1
1
1
1
1
1
1
1
1
1
1
1
1
1
1
1
1
1
1
1
1
1
1
1
1
1
1
1
1
1
1
1
1
1
1
1
1
1
1
1
1
1
1
1
1
1
1
1
1
1
1
1
1
1
1
1
1
1
1
1
1
1
1
1
1
1
1
1
1
1
1
1
1
1
1
1
1
1
1
1
1
1
1
1
1
1
1
1
1
1
1
1
1
1
1
1
1
1
1
1
1
1
1
1
1
1
1
1
1
1
1
1
1
1
1
1
1
1
1
1
1
1
1
1
1
1
1
1
1
1
1
1
1
1
1
1
1
1
1
1
1
1
1
1
1
1
1
1
1
1
1
1
1
1
1
1
1
1
1
1
1
1
1
1
1
1
1
1
1
1
1
1
1
1
1
1
1
1
1
1
1
1
1
1
1
1
1
1
1
1
1
1
1
1
1
1
1
1
1
1
1
1
1
1
1
1
1
1
1
1
1
1
1
1
1
1
1
1
1
1
1
1
1
1
1
1
1
1
1
1
1
1
1
1
1
1
1
1
1
1
1
1
1
1
1
1
1
1
1
1
1
1
1
1
1
1
1
1
1
1
1
1
1
1
1
1
1
1
1
1
1
1
1
1
1
1
1
1
1
1
1
1
1
1
1
1
1
1
1
1
1
1
1
1
1
1
1
1
1
1
1
1
1
1
1
1
1
1
1
1
1
1
1
1
1
1
1
1
1
1
1
1
1
1
1
1
1
1
1
1
1
1
1
1
1
1
1
1
1
1
1
1
1
1
1
1
1
1
1
1
1
1
1
1
1
1
1
1
1
1
1
1
1
1
1
1
1
1
1
1
1
1
1
1
1
1
1
1
1
1
1
1
1
1
1
1
1
1
1
1
1
1
1
1
1
1
1
1
1
1
1
1
1
1
1
1
1
1
1
1
1
1
1
1
1
1
1
1
1
1
1
1
1
1
1
1
1
1
1
1
1
1
1
1
1
1
1
1
1
1
1
1
1
1
1
1
1
1
1
1
1
1
1
1
1
1
1
1
1
1
1
1
1
1
1
1
1
1
1
1
1
1
1
1
1
1
1
1
1
1
1
1
1
1
1
1
1
1
1
1
1
1
1
1
1
1
1
1
1
1
1
1
1
1
1
1
1
1
1
1
1
1
1
1
1
1
1
1
1
1
1
1
1
1
1
1
1
1
1
1
1
1
1
1
1
1
1
1
1
1
1
1
1
1
1
1
1
1
1
1
1
1
1
1
1
1
1
1
1
1
1
1
1
1
1
1
1
1
1
1
1
1
1
1
1
1
1
1
1
1
1
1
1
1
1
1
1
1
1
1
1
1
1
1
1
1
1
1
1
1
1
1
1
1
1
1
1
1
1
1
1
1
1
1
1
1
1
1
1
1
1
1
1
1
1
1
1
1
1
1
1
1
1
1
1
1
1
1
1
1
1
1
1
1
1
1
1
1
1
1
1
1
1
1
1
1
1
1
1
1
1
1
1
1
1
1
1
1
1
1
1
1
1
1
1
1
1
1
1
1
1
1
1
1
1
1
1
1
1
1
1
1
1
1
1
1
1
1
1
1
1
1
1
1
1
1
1
1
1
1
1
1
1
1
1
1
1
1
1
1
1
1
1
1
1
1
1
1
1
1
1
1
1
1
1
1
1
1
1
1
1
1
1
1
1
1
1
1
1
1
1
1
1
1
1
1
1
1
1
1
1
1
1
1
1
1
1
1
1
1
1
1
1
1
1
1
1
1
1
1
1
1
1
1
1
1
1
1
1
1
1
1
1
1
1
1
1
1
1
1
1
1
1
1
1
1
1
1
1
1
1
1
1
1
1
1
1
1
1
1
1
1
1
1
1
1
1
1
1
1
1
1
1
1
1
1
1
1
1
1
1
1
1
1
1
1
1
1
1
1
1
1
1
1
1
1
1
1
1
1
1
1
1
1
1
1
1
1
1
1
1
1
1
1
1
1
1
1
1
1
1
1
1
1
1
1
1
1
1
1
1
1
1
1
1
1
1
1
1
1
1
1
1
1
1
1
1
1
1
1
1
1
1
1
1
1
1
1
1
1
1
1
1
1
1
1
1
1
1
1
1
1
1
1
1
1
1
1
1
1
1
1
1
1
1
1
1
1
1
1
1
1
1
1
1
1
1
1
1
1
1
1
1
1
1
1
1
1
1
1
1
1
1
1
1
1
1
1
1
1
1
1
1
1
1
1
1
1
1
1
1
1
1
1
1
1
1
1
1
1
1
1
1
1
1
1
1
1
1
1
1
1
1
1
1
1
1
1
1
1
1
1
1
1
1
1
1
1
1
1
1
1
1
1
1
1
1
1
1
1
1
1
1
1
1
1
1
1
1
1
1
1
1
1
1
1
1
1
1
1
1
1
1
1
1
1
1
1
1
1
1
1
1
1
1
1
1
1
1
1
1
1
1
1
1
1
1
1
1
1
1
1
1
1
1
1
1
1
1
1
1
1
1
1
1
1
1
1
1
1
1
1
1
1
1
1
1
1
1
1
1
1
1
1
1
1
1
1
1
1
1
1
1
1
1
1
1
1
1
1
1
1
1
1
1
1
1
1
1
1
1
1
1
1
1
1
1
1
1
1
1
1
1
1
1
1
1
1
1
1
1
1
1
1
1
1
1
1
1
1
1
1
1
1
1
1
1
1
1
1
1
1
1
1
1
1
1
1
1
1
1
1
1
1
1
1
1
1
1
1
1
1
1
1
1
1
1
1
1
1
1
1
1
1
1
1
1
1
1
1
1
1
1
1
1
1
1
1
1
1
1
1
1
1
1
1
1
1
1
1
1
1
1
1
1
1
1
1
1
1
1
1
1
1
1
1
1
1
1
1
1
1
1
1
1
1
1
1
1
1
1
1
1
1
1
1
1
1
1
1
1
1
1
1
1
1
1
1
1
1
1
1
1
1
1
1
1
1
1
1
1
1
1
1
1
1
1
1
1
1
1
1
1
1
1
1
1
1
1
1
1
1
1
1
1
1
1
1
1
1
1
1
1
1
1
1
1
1
1
1
1
1
1
1
1
1
1
1
1
1
1
1
1
1
1
1
1
1
1
1
1
1
1
1
1
1
1
1
1
1
1
1
1
1
1
1
1
1
1
1
1
1
1
1
1
1
1
1
1
1
1
1
1
1
1
1
1
1
1
1
1
1
1
1
1
1
1
1
1
1
1
1
1
1
1
1
1
1
1
1
1
1
1
1
1
1
1
1
1
1
1
1
1
1
1
1
1
1
1
1
1
1
1
1
1
1
1
1
1
1
1
1
1
1
1
1
1
1
1
1
1
1
1
1
1
1
1
1
1
1
1
1
1
1
1
1
1
1
1
1
1
1
1
1
1
1
1
1
1
1
1
1
1
1
1
1
1
1
1
1
1
1
1
1
1
1
1
1
1
1
1
1
1
1
1
1
1
1
1
1
1
1
1
1
1
1
1
1
1
1
1
1
1
1
1
1
1
1
1
1
1
1
1
1
1
1
1
1
1
1
1
1
1
1
1
1
1
1
1
1
1
1
1
1
1
1
1
1
1
1
1
1
1
1
1
1
1
1
1
1
1
1
1
1
1
1
1
1
1
1
1
1
1
1
1
1
1
1
1
1
1
1
1
1
1
1
1
1
1
1
1
1
1
1
1
1
1
1
1
1
1
1
1
1
1
1
1
1
1
1
1
1
1
1
1
1
1
1
1
1
1
1
1
1
1
1
1
1
1
1
1
1
1
1
1
1
1
1
1
1
1
1
1
1
1
1
1
1
1
1
1
1
1
1
1
1
1
1
1
1
1
1
1
1
1
1
1
1
1
1
1
1
1
1
1
1
1
1
1
1
1
1
1
1
1
1
1
1
1
1
1
1
1
1
1
1
1
1
1
1
1
1
1
1
1
1
1
1
1
1
1
1
1
1
1
1
1
1
1
1
1
1
1
1
1
1
1
1
1
1
1
1
1
1
1
1
1
1
1
1
1
1
1
1
1
1
1
1
1
1
1
1
1
1
1
1
1
1
1
1
1
1
1
1
1
1
1
1
1
1
1
1
1
1
1
1
1
1
1
1
1
1
1
1
1
1
1
1
1
1
1
1
1
1
1
1
1
1
1
1
1
1
1
1
1
1
1
1
1
1
1
1
1
1
1
1
1
1
1
1
1
1
1
1
1
1
1
1
1
1
1
1
1
1
1
1
1
1
1
1
1
1
1
1
1
1
1
1
1
1
1
1
1
1
1
1
1
1
1
1
1
1
1
1
1
1
1
1
1
1
1
1
1
1
1
1
1
1
1
1
1
1
1
1
1
1
1
1
1
1
1
1
1
1
1
1
1
1
1
1
1
1
1
1
1
1
1
1
1
1
1
1
1
1
1
1
1
1
1
1
1
1
1
1
1
1
1
1
1
1
1
1
1
1
1
1
1
1
1
1
1
1
1
1
1
1
1
1
1
1
1
1
1
1
1
1
1
1
1
1
1
1
1
1
1
1
1
1
1
1
1
1
1
1
1
1
1
1
1
1
1
1
1
1
1
1
1
1
1
1
1
1
1
1
1
1
1
1
1
1
1
1
1
1
1
1
1
1
1
1
1
1
1
1
1
1
1
1
1
1
1
1
1
1
1
1
1
1
1
1
1
1
1
1
1
1
1
1
1
1
1
1
1
1
1
1
1
1
1
1
1
1
1
1
1
1
1
1
1
1
1
1
1
1
1
1
1
1
1
1
1
1
1
1
1
1
1
1
1
1
1
1
1
1
1
1
1
1
1
1
1
1
1
1
1
1
1
1
1
1
1
1
1
1
1
1
1
1
1
1
1
1
1
1
1
1
1
1
1
1
1
1
1
1
1
1
1
1
1
1
1
1
1
1
1
1
1
1
1
1
1
1
1
1
1
1
1
1
1
1
1
1
1
1
1
1
1
1
1
1
1
1
1
1
1
1
1
1
1
1
1
1
1
1
1
1
1
1
1
1
1
1
1
1
1
1
1
1
1
1
1
1
1
1
1
1
1
1
1
1
1
1
1
1
1
1
1
1
1
1
1
1
1
1
1
1
1
1
1
1
1
1
1
1
1
1
1
1
1
1
1
1
1
1
1
1
1
1
1
1
1
1
1
1
1
1
1
1
1
1
1
1
1
1
1
1
1
1
1
1
1
1
1
1
1
1
1
1
1
1
1
1
1
1
1
1
1
1
1
1
1
1
1
1
1
1
1
1
1
1
1
1
1
1
1
1
1
1
1
1
1
1
1
1
1
1
1
1
1
1
1
1
1
1
1
1
1
1
1
1
1
1
1
1
1
1
1
1
1
1
1
1
1
1
1
1
1
1
1
1
1
1
1
1
1
1
1
1
1
1
1
1
1
1
1
1
1
1
1
1
1
1
1
1
1
1
1
1
1
1
1
1
1
1
1
1
1
1
1
1
1
1
1
1
1
1
1
1
1
1
1
1
1
1
1
1
1
1
1
1
1
1
1
1
1
1
1
1
1
1
1
1
1
1
1
1
1
1
1
1
1
1
1
1
1
1
1
1
1
1
1
1
1
1
1
1
1
1
1
1
1
1
1
1
1
1
1
1
1
1
1
1
1
1
1
1
1
1
1
1
1
1
1
1
1
1
1
1
1
1
1
1
1
1
1
1
1
1
1
1
1
1
1
1
1
1
1
1
1
1
1
1
1
1
1
1
1
1
1
1
1
1
1
1
1
1
1
1
1
1
1
1
1
1
1
1
1
1
1
1
1
1
1
1
1
1
1
1
1
1
1
1
1
1
1
1
1
1
1
1
1
1
1
1
1
1
1
1
1
1
1
1
1
1
1
1
1
1
1
1
1
1
1
1
1
1
1
1
1
1
1
1
1
1
1
1
1
1
1
1
1
1
1
1
1
1
1
1
1
1
1
1
1
1
1
1
1
1
1
1
1
1
1
1
1
1
1
1
1
1
1
1
1
1
1
1
1
1
1
1
1
1
1
1
1
1
1
1
1
1
1
1
1
1
1
1
1
1
1
1
1
1
1
1
1
1
1
1
1
1
1
1
1
1
1
1
1
1
1
1
1
1
1
1
1
1
1
1
1
1
1
1
1
1
1
1
1
1
1
1
1
1
1
1
1
1
1
1
1
1
1
1
1
1
1
1
1
1
1
1
1
1
1
1
1
1
1
1
1
1
1
1
1
1
1
1
1
1
1
1
1
1
1
1
1
1
1
1
1
1
1
1
1
1
1
1
1
1
1
1
1
1
1
1
1
1
1
1
1
1
1
1
1
1
1
1
1
1
1
1
1
1
1
1
1
1
1
1
1
1
1
1
1
1
1
1
1
1
1
1
1
1
1
1
1
1
1
1
1
1
1
1
1
1
1
1
1
1
1
1
1
1
1
1
1
1
1
1
1
1
1
1
1
1
1
1
1
1
1
1
1
1
1
1
1
1
1
1
1
1
1
1
1
1
1
1
1
1
1
1
1
1
1
1
1
1
1
1
1
1
1
1
1
1
1
1
1
1
1
1
1
1
1
1
1
1
1
1
1
1
1
1
1
1
1
1
1
1
1
1
1
1
1
1
1
1
1
1
1
1
1
1
1
1
1
1
1
1
1
1
1
1
1
1
1
1
1
1
1
1
1
1
1
1
1
1
1
1
1
1
1
1
1
1
1
1
1
1
1
1
1
1
1
1
1
1
1
1
1
1
1
1
1
1
1
1
1
1
1
1
1
1
1
1
1
1
1
1
1
1
1
1
1
1
1
1
1
1
1
1
1
1
1
1
1
1
1
1
1
1
1
1
1
1
1
1
1
1
1
1
1
1
1
1
1
1
1
1
1
1
1
1
1
1
1
1
1
1
1
1
1
1
1
1
1
1
1
1
1
1
1
1
1
1
1
1
1
1
1
1
1
1
1
1
1
1
1
1
1
1
1
1
1
1
1
1
1
1
1
1
1
1
1
1
1
1
1
1
1
1
1
1
1
1
1
1
1
1
1
1
1
1
1
1
1
1
1
1
1
1
1
1
1
1
1
1
1
1
1
1
1
1
1
1
1
1
1
1
1
1
1
1
1
1
1
1
1
1
1
1
1
1
1
1
1
1
1
1
1
1
1
1
1
1
1
1
1
1
1
1
1
1
1
1
1
1
1
1
1
1
1
1
1
1
1
1
1
1
1
1
1
1
1
1
1
1
1
1
1
1
1
1
1
1
1
1
1
1
1
1
1
1
1
1
1
1
1
1
1
1
1
1
1
1
1
1
1
1
1
1
1
1
1
1
1
1
1
1
1
1
1
1
1
1
1
1
1
1
1
1
1
1
1
1
1
1
1
1
1
1
1
1
1
1
1
1
1
1
1
1
1
1
1
1
1
1
1
1
1
1
1
1
1
1
1
1
1
1
1
1
1
1
1
1
1
1
1
1
1
1
1
1
1
1
1
1
1
1
1
1
1
1
1
1
1
1
1
1
1
1
1
1
1
1
1
1
1
1
1
1
1
1
1
1
1
1
1
1
1
1
1
1
1
1
1
1
1
1
1
1
1
1
1
1
1
1
1
1
1
1
1
1
1
1
1
1
1
1
1
1
1
1
1
1
1
1
1
1
1
1
1
1
1
1
1
1
1
1
1
1
1
1
1
1
1
1
1
1
1
1
1
1
1
1
1
1
1
1
1
1
1
1
1
1
1
1
1
1
1
1
1
1
1
1
1
1
1
1
1
1
1
1
1
1
1
1
1
1
1
1
1
1
1
1
1
1
1
1
1
1
1
1
1
1
1
1
1
1
1
1
1
1
1
1
1
1
1
1
1
1
1
1
1
1
1
1
1
1
1
1
1
1
1
1
1
1
1
1
1
1
1
1
1
1
1
1
1
1
1
1
1
1
1
1
1
1
1
1
1
1
1
1
1
1
1
1
1
1
1
1
1
1
1
1
1
1
1
1
1
1
1
1
1
1
1
1
1
1
1
1
1
1
1
1
1
1
1
1
1
1
1
1
1
1
1
1
1
1
1
1
1
1
1
1
1
1
1
1
1
1
1
1
1
1
1
1
1
1
1
1
1
1
1
1
1
1
1
1
1
1
1
1
1
1
1
1
1
1
1
1
1
1
1
1
1
1
1
1
1
1
1
1
1
1
1
1
1
1
1
1
1
1
1
1
1
1
1
1
1
1
1
1
1
1
1
1
1
1
1
1
1
1
1
1
1
1
1
1
1
1
1
1
1
1
1
1
1
1
1
1
1
1
1
1
1
1
1
1
1
1
1
1
1
1
1
1
1
1
1
1
1
1
1
1
1
1
1
1
1
1
1
1
1
1
1
1
1
1
1
1
1
1
1
1
1
1
1
1
1
1
1
1
1
1
1
1
1
1
1
1
1
1
1
1
1
1
1
1
1
1
1
1
1
1
1
1
1
1
1
1
1
1
1
1
1
1
1
1
1
1
1
1
1
1
1
1
1
1
1
1
1
1
1
1
1
1
1
1
1
1
1
1
1
1
1
1
1
1
1
1
1
1
1
1
1
1
1
1
1
1
1
1
1
1
1
1
1
1
1
1
1
1
1
1
1
1
1
1
1
1
1
1
1
1
1
1
1
1
1
1
1
1
1
1
1
1
1
1
1
1
1
1
1
1
1
1
1
1
1
1
1
1
1
1
1
1
1
1
1
1
1
1
1
1
1
1
1
1
1
1
1
1
1
1
1
1
1
1
1
1
1
1
1
1
1
1
1
1
1
1
1
1
1
1
1
1
1
1
1
1
1
1
1
1
1
1
1
1
1
1
1
1
1
1
1
1
1
1
1
1
1
1
1
1
1
1
1
1
1
1
1
1
1
1
1
1
1
1
1
1
1
1
1
1
1
1
1
1
1
1
1
1
1
1
1
1
1
1
1
1
1
1
1
1
1
1
1
1
1
1
1
1
1
1
1
1
1
1
1
1
1
1
1
1
1
1
1
1
1
1
1
1
1
1
1
1
1
1
1
1
1
1
1
1
1
1
1
1
1
1
1
1
1
1
1
1
1
1
1
1
1
1
1
1
1
1
1
1
1
1
1
1
1
1
1
1
1
1
1
1
1
1
1
1
1
1
1
1
1
1
1
1
1
1
1
1
1
1
1
1
1
1
1
1
1
1
1
1
1
1
1
1
1
1
1
1
1
1
1
1
1
1
1
1
1
1
1
1
1
1
1
1
1
1
1
1
1
1
1
1
1
1
1
1
1
1
1
1
1
1
1
1
1
1
1
1
1
1
1
1
1
1
1
1
1
1
1
1
1
1
1
1
1
1
1
1
1
1
1
1
1
1
1
1
1
1
1
1
1
1
1
1
1
1
1
1
1
1
1
1
1
1
1
1
1
1
1
1
1
1
1
1
1
1
1
1
1
1
1
1
1
1
1
1
1
1
1
1
1
1
1
1
1
1
1
1
1
1
1
1
1
1
1
1
1
1
1
1
1
1
1
1
1
1
1
1
1
1
1
1
1
1
1
1
1
1
1
1
1
1
1
1
1
1
1
1
1
1
1
1
1
1
1
1
1
1
1
1
1
1
1
1
1
1
1
1
1
1
1
1
1
1
1
1
1
1
1
1
1
1
1
1
1
1
1
1
1
1
1
1
1
1
1
1
1
1
1
1
1
1
1
1
1
1
1
1
1
1
1
1
1
1
1
1
1
1
1
1
1
1
1
1
1
1
1
1
1
1
1
1
1
1
1
1
1
1
1
1
1
1
1
1
1
1
1
1
1
1
1
1
1
1
1
1
1
1
1
1
1
1
1
1
1
1
1
1
1
1
1
1
1
1
1
1
1
1
1
1
1
1
1
1
1
1
1
1
1
1
1
1
1
1
1
1
1
1
1
1
1
1
1
1
1
1
1
1
1
1
1
1
1
1
1
1
1
1
1
1
1
1
1
1
1
1
1
1
1
1
1
1
1
1
1
1
1
1
1
1
1
1
1
1
1
1
1
1
1
1
1
1
1
1
1
1
1
1
1
1
1
1
1
1
1
1
1
1
1
1
1
1
1
1
1
1
1
1
1
1
1
1
1
1
1
1
1
1
1
1
1
1
1
1
1
1
1
1
1
1
1
1
1
1
1
1
1
1
1
1
1
1
1
1
1
1
1
1
1
1
1
1
1
1
1
1
1
1
1
1
1
1
1
1
1
1
1
1
1
1
1
1
1
1
1

