#time	tref	diverr	energy	enstrophy	palinstrophy
0.000000e+00	0.000000e+00	1.063991e-10	3.838353e+00	8.235183e+01	1.960304e+04
7.107143e-03	1.990000e-01	1.188096e-10	3.838315e+00	8.234107e+01	1.958390e+04
1.421429e-02	3.980000e-01	1.188089e-10	3.838277e+00	8.233222e+01	1.956149e+04
2.132143e-02	5.970000e-01	1.188083e-10	3.838239e+00	8.232369e+01	1.954102e+04
2.842857e-02	7.960000e-01	1.188077e-10	3.838201e+00	8.231411e+01	1.952220e+04
3.553571e-02	9.950000e-01	1.188074e-10	3.838163e+00	8.230368e+01	1.950558e+04
4.264286e-02	1.194000e+00	1.188069e-10	3.838125e+00	8.229350e+01	1.949138e+04
4.975000e-02	1.393000e+00	1.188066e-10	3.838088e+00	8.228402e+01	1.947847e+04
5.685714e-02	1.592000e+00	1.188061e-10	3.838050e+00	8.227462e+01	1.946618e+04
6.396429e-02	1.791000e+00	1.188061e-10	3.838012e+00	8.226471e+01	1.945548e+04
7.107143e-02	1.990000e+00	1.188061e-10	3.837974e+00	8.225449e+01	1.944726e+04
7.817857e-02	2.189000e+00	1.188061e-10	3.837936e+00	8.224449e+01	1.944067e+04
8.528571e-02	2.388000e+00	1.188061e-10	3.837898e+00	8.223486e+01	1.943392e+04
9.239286e-02	2.587000e+00	1.188062e-10	3.837860e+00	8.222532e+01	1.942612e+04
9.950000e-02	2.786000e+00	1.188066e-10	3.837823e+00	8.221566e+01	1.941778e+04
1.066071e-01	2.985000e+00	1.188069e-10	3.837785e+00	8.220590e+01	1.940963e+04
1.137143e-01	3.184000e+00	1.188074e-10	3.837747e+00	8.219613e+01	1.940178e+04
1.208214e-01	3.383000e+00	1.188080e-10	3.837709e+00	8.218638e+01	1.939375e+04
1.279286e-01	3.582000e+00	1.188086e-10	3.837671e+00	8.217663e+01	1.938525e+04
1.350357e-01	3.781000e+00	1.188094e-10	3.837633e+00	8.216691e+01	1.937632e+04
1.421429e-01	3.980000e+00	1.188104e-10	3.837596e+00	8.215721e+01	1.936716e+04
1.492500e-01	4.179000e+00	1.188113e-10	3.837558e+00	8.214749e+01	1.935804e+04
1.563571e-01	4.378000e+00	1.188124e-10	3.837520e+00	8.213771e+01	1.934915e+04
1.634643e-01	4.577000e+00	1.188137e-10	3.837482e+00	8.212788e+01	1.934049e+04
1.705714e-01	4.776000e+00	1.188152e-10	3.837444e+00	8.211807e+01	1.933186e+04
1.776786e-01	4.975000e+00	1.188167e-10	3.837407e+00	8.210832e+01	1.932313e+04
1.847857e-01	5.174000e+00	1.188185e-10	3.837369e+00	8.209860e+01	1.931437e+04
1.918929e-01	5.373000e+00	1.188201e-10	3.837331e+00	8.208887e+01	1.930593e+04
1.990000e-01	5.572000e+00	1.188222e-10	3.837293e+00	8.207909e+01	1.929808e+04
2.061071e-01	5.771000e+00	1.188244e-10	3.837255e+00	8.206930e+01	1.929084e+04
2.132143e-01	5.970000e+00	1.188267e-10	3.837218e+00	8.205951e+01	1.928386e+04
2.203214e-01	6.169000e+00	1.188293e-10	3.837180e+00	8.204978e+01	1.927672e+04
2.274286e-01	6.368000e+00	1.188319e-10	3.837142e+00	8.204010e+01	1.926922e+04
2.345357e-01	6.567000e+00	1.188349e-10	3.837104e+00	8.203045e+01	1.926153e+04
2.416429e-01	6.766000e+00	1.188381e-10	3.837067e+00	8.202079e+01	1.925403e+04
2.487500e-01	6.965000e+00	1.188413e-10	3.837029e+00	8.201109e+01	1.924706e+04
2.558571e-01	7.164000e+00	1.188447e-10	3.836991e+00	8.200134e+01	1.924062e+04
2.629643e-01	7.363000e+00	1.188486e-10	3.836953e+00	8.199159e+01	1.923452e+04
2.700714e-01	7.562000e+00	1.188527e-10	3.836916e+00	8.198183e+01	1.922856e+04
2.771786e-01	7.761000e+00	1.188569e-10	3.836878e+00	8.197211e+01	1.922267e+04
2.842857e-01	7.960000e+00	1.188615e-10	3.836840e+00	8.196242e+01	1.921692e+04
2.913929e-01	8.159000e+00	1.188664e-10	3.836802e+00	8.195275e+01	1.921140e+04
2.985000e-01	8.358000e+00	1.188714e-10	3.836765e+00	8.194307e+01	1.920618e+04
3.056071e-01	8.557000e+00	1.188769e-10	3.836727e+00	8.193337e+01	1.920131e+04
3.127143e-01	8.756000e+00	1.188827e-10	3.836689e+00	8.192365e+01	1.919688e+04
3.198214e-01	8.955000e+00	1.188887e-10	3.836652e+00	8.191394e+01	1.919297e+04
3.269286e-01	9.154000e+00	1.188952e-10	3.836614e+00	8.190423e+01	1.918968e+04
3.340357e-01	9.353000e+00	1.189019e-10	3.836576e+00	8.189452e+01	1.918707e+04
3.411429e-01	9.552000e+00	1.189092e-10	3.836539e+00	8.188478e+01	1.918520e+04
3.482500e-01	9.751000e+00	1.189167e-10	3.836501e+00	8.187503e+01	1.918408e+04
3.553571e-01	9.950000e+00	1.189248e-10	3.836463e+00	8.186529e+01	1.918371e+04
3.624643e-01	1.014900e+01	1.189332e-10	3.836426e+00	8.185555e+01	1.918406e+04
3.695714e-01	1.034800e+01	1.189421e-10	3.836388e+00	8.184581e+01	1.918513e+04
3.766786e-01	1.054700e+01	1.189515e-10	3.836350e+00	8.183606e+01	1.918702e+04
3.837857e-01	1.074600e+01	1.189614e-10	3.836313e+00	8.182630e+01	1.918985e+04
3.908929e-01	1.094500e+01	1.189718e-10	3.836275e+00	8.181655e+01	1.919367e+04
3.980000e-01	1.114400e+01	1.189828e-10	3.836237e+00	8.180680e+01	1.919849e+04
4.051071e-01	1.134300e+01	1.189943e-10	3.836200e+00	8.179704e+01	1.920438e+04
4.122143e-01	1.154200e+01	1.190063e-10	3.836162e+00	8.178727e+01	1.921148e+04
4.193214e-01	1.174100e+01	1.190191e-10	3.836124e+00	8.177747e+01	1.921997e+04
4.264286e-01	1.194000e+01	1.190326e-10	3.836087e+00	8.176764e+01	1.922993e+04
4.335357e-01	1.213900e+01	1.190467e-10	3.836049e+00	8.175780e+01	1.924137e+04
4.406429e-01	1.233800e+01	1.190615e-10	3.836012e+00	8.174795e+01	1.925439e+04
4.477500e-01	1.253700e+01	1.190771e-10	3.835974e+00	8.173808e+01	1.926913e+04
4.548571e-01	1.273600e+01	1.190933e-10	3.835936e+00	8.172818e+01	1.928572e+04
4.619643e-01	1.293500e+01	1.191107e-10	3.835899e+00	8.171826e+01	1.930422e+04
4.690714e-01	1.313400e+01	1.191286e-10	3.835861e+00	8.170833e+01	1.932458e+04
4.761786e-01	1.333300e+01	1.191475e-10	3.835824e+00	8.169840e+01	1.934679e+04
4.832857e-01	1.353200e+01	1.191673e-10	3.835786e+00	8.168846e+01	1.937090e+04
4.903929e-01	1.373100e+01	1.191880e-10	3.835749e+00	8.167851e+01	1.939702e+04
4.975000e-01	1.393000e+01	1.192099e-10	3.835711e+00	8.166852e+01	1.942527e+04
5.046071e-01	1.412900e+01	1.192326e-10	3.835674e+00	8.165850e+01	1.945576e+04
5.117143e-01	1.432800e+01	1.192566e-10	3.835636e+00	8.164846e+01	1.948854e+04
5.188214e-01	1.452700e+01	1.192817e-10	3.835598e+00	8.163841e+01	1.952369e+04
5.259286e-01	1.472600e+01	1.193079e-10	3.835561e+00	8.162834e+01	1.956135e+04
5.330357e-01	1.492500e+01	1.193352e-10	3.835523e+00	8.161824e+01	1.960165e+04
5.401429e-01	1.512400e+01	1.193640e-10	3.835486e+00	8.160814e+01	1.964468e+04
5.472500e-01	1.532300e+01	1.193941e-10	3.835448e+00	8.159804e+01	1.969052e+04
5.543571e-01	1.552200e+01	1.194254e-10	3.835411e+00	8.158795e+01	1.973937e+04
5.614643e-01	1.572100e+01	1.194583e-10	3.835373e+00	8.157786e+01	1.979154e+04
5.685714e-01	1.592000e+01	1.194927e-10	3.835336e+00	8.156777e+01	1.984737e+04
5.756786e-01	1.611900e+01	1.195286e-10	3.835298e+00	8.155768e+01	1.990718e+04
5.827857e-01	1.631800e+01	1.195662e-10	3.835261e+00	8.154759e+01	1.997130e+04
5.898929e-01	1.651700e+01	1.196054e-10	3.835223e+00	8.153753e+01	2.004007e+04
5.970000e-01	1.671600e+01	1.196463e-10	3.835186e+00	8.152750e+01	2.011391e+04
6.041071e-01	1.691500e+01	1.196888e-10	3.835149e+00	8.151751e+01	2.019334e+04
6.112143e-01	1.711400e+01	1.197334e-10	3.835111e+00	8.150757e+01	2.027895e+04
6.183214e-01	1.731300e+01	1.197799e-10	3.835074e+00	8.149767e+01	2.037133e+04
6.254286e-01	1.751200e+01	1.198281e-10	3.835036e+00	8.148783e+01	2.047099e+04
6.325357e-01	1.771100e+01	1.198789e-10	3.834999e+00	8.147806e+01	2.057839e+04
6.396429e-01	1.791000e+01	1.199313e-10	3.834961e+00	8.146836e+01	2.069399e+04
6.467500e-01	1.810900e+01	1.199861e-10	3.834924e+00	8.145876e+01	2.081822e+04
6.538571e-01	1.830800e+01	1.200429e-10	3.834887e+00	8.144923e+01	2.095145e+04
6.609643e-01	1.850700e+01	1.201023e-10	3.834849e+00	8.143978e+01	2.109391e+04
6.680714e-01	1.870600e+01	1.201639e-10	3.834812e+00	8.143040e+01	2.124565e+04
6.751786e-01	1.890500e+01	1.202281e-10	3.834775e+00	8.142107e+01	2.140667e+04
6.822857e-01	1.910400e+01	1.202947e-10	3.834737e+00	8.141178e+01	2.157692e+04
6.893929e-01	1.930300e+01	1.203638e-10	3.834700e+00	8.140254e+01	2.175629e+04
6.965000e-01	1.950200e+01	1.204356e-10	3.834663e+00	8.139332e+01	2.194460e+04
7.036071e-01	1.970100e+01	1.205101e-10	3.834625e+00	8.138413e+01	2.214169e+04
7.107143e-01	1.990000e+01	1.205873e-10	3.834588e+00	8.137493e+01	2.234757e+04
7.178214e-01	2.009900e+01	1.206673e-10	3.834551e+00	8.136571e+01	2.256236e+04
7.249286e-01	2.029800e+01	1.207504e-10	3.834513e+00	8.135643e+01	2.278634e+04
7.320357e-01	2.049700e+01	1.208363e-10	3.834476e+00	8.134710e+01	2.301987e+04
7.391429e-01	2.069600e+01	1.209250e-10	3.834439e+00	8.133771e+01	2.326341e+04
7.462500e-01	2.089500e+01	1.210168e-10	3.834401e+00	8.132825e+01	2.351751e+04
7.533571e-01	2.109400e+01	1.211118e-10	3.834364e+00	8.131870e+01	2.378273e+04
7.604643e-01	2.129300e+01	1.212098e-10	3.834326e+00	8.130903e+01	2.405962e+04
7.675714e-01	2.149200e+01	1.213110e-10	3.834289e+00	8.129925e+01	2.434870e+04
7.746786e-01	2.169100e+01	1.214154e-10	3.834252e+00	8.128933e+01	2.465056e+04
7.817857e-01	2.189000e+01	1.215229e-10	3.834214e+00	8.127928e+01	2.496599e+04
7.888929e-01	2.208900e+01	1.216337e-10	3.834176e+00	8.126908e+01	2.529599e+04
7.960000e-01	2.228800e+01	1.217476e-10	3.834139e+00	8.125869e+01	2.564194e+04
8.031071e-01	2.248700e+01	1.218649e-10	3.834101e+00	8.124812e+01	2.600552e+04
8.102143e-01	2.268600e+01	1.219854e-10	3.834063e+00	8.123734e+01	2.638854e+04
8.173214e-01	2.288500e+01	1.221092e-10	3.834025e+00	8.122634e+01	2.679260e+04
8.244286e-01	2.308400e+01	1.222362e-10	3.833988e+00	8.121513e+01	2.721886e+04
8.315357e-01	2.328300e+01	1.223665e-10	3.833950e+00	8.120370e+01	2.766766e+04
8.386429e-01	2.348200e+01	1.225000e-10	3.833912e+00	8.119202e+01	2.813822e+04
8.457500e-01	2.368100e+01	1.226365e-10	3.833874e+00	8.118008e+01	2.862855e+04
8.528571e-01	2.388000e+01	1.227762e-10	3.833836e+00	8.116780e+01	2.913613e+04
8.599643e-01	2.407900e+01	1.229190e-10	3.833798e+00	8.115511e+01	2.965883e+04
8.670714e-01	2.427800e+01	1.230647e-10	3.833760e+00	8.114186e+01	3.019598e+04
8.741786e-01	2.447700e+01	1.232133e-10	3.833722e+00	8.112789e+01	3.074940e+04
8.812857e-01	2.467600e+01	1.233649e-10	3.833684e+00	8.111307e+01	3.132437e+04
8.883929e-01	2.487500e+01	1.235192e-10	3.833646e+00	8.109730e+01	3.192983e+04
8.955000e-01	2.507400e+01	1.236761e-10	3.833608e+00	8.108053e+01	3.257734e+04
9.026071e-01	2.527300e+01	1.238354e-10	3.833570e+00	8.106282e+01	3.327900e+04
9.097143e-01	2.547200e+01	1.239973e-10	3.833533e+00	8.104429e+01	3.404461e+04
9.168214e-01	2.567100e+01	1.241617e-10	3.833495e+00	8.102512e+01	3.487855e+04
9.239286e-01	2.587000e+01	1.243279e-10	3.833458e+00	8.100552e+01	3.577711e+04
9.310357e-01	2.606900e+01	1.244964e-10	3.833421e+00	8.098570e+01	3.672687e+04
9.381429e-01	2.626800e+01	1.246668e-10	3.833384e+00	8.096582e+01	3.770506e+04
9.452500e-01	2.646700e+01	1.248390e-10	3.833348e+00	8.094600e+01	3.868168e+04
9.523571e-01	2.666600e+01	1.250128e-10	3.833311e+00	8.092625e+01	3.962421e+04
9.594643e-01	2.686500e+01	1.251883e-10	3.833275e+00	8.090650e+01	4.050305e+04
9.665714e-01	2.706400e+01	1.253649e-10	3.833240e+00	8.088668e+01	4.129740e+04
9.736786e-01	2.726300e+01	1.255430e-10	3.833204e+00	8.086675e+01	4.199998e+04
9.807857e-01	2.746200e+01	1.257221e-10	3.833169e+00	8.084672e+01	4.262010e+04
9.878929e-01	2.766100e+01	1.259022e-10	3.833133e+00	8.082675e+01	4.318375e+04
9.950000e-01	2.786000e+01	1.260833e-10	3.833098e+00	8.080715e+01	4.373052e+04
1.002107e+00	2.805900e+01	1.262648e-10	3.833063e+00	8.078830e+01	4.430824e+04
1.009214e+00	2.825800e+01	1.264470e-10	3.833028e+00	8.077070e+01	4.496503e+04
1.016321e+00	2.845700e+01	1.266293e-10	3.832992e+00	8.075489e+01	4.574055e+04
1.023429e+00	2.865600e+01	1.268118e-10	3.832956e+00	8.074128e+01	4.665856e+04
1.030536e+00	2.885500e+01	1.269944e-10	3.832920e+00	8.073013e+01	4.772136e+04
1.037643e+00	2.905400e+01	1.271766e-10	3.832883e+00	8.072136e+01	4.890799e+04
1.044750e+00	2.925300e+01	1.273586e-10	3.832845e+00	8.071452e+01	5.017669e+04
1.051857e+00	2.945200e+01	1.275398e-10	3.832807e+00	8.070870e+01	5.147101e+04
1.058964e+00	2.965100e+01	1.277203e-10	3.832768e+00	8.070261e+01	5.273066e+04
1.066071e+00	2.985000e+01	1.278996e-10	3.832728e+00	8.069469e+01	5.390324e+04
1.073179e+00	3.004900e+01	1.280780e-10	3.832688e+00	8.068334e+01	5.495519e+04
1.080286e+00	3.024800e+01	1.282549e-10	3.832647e+00	8.066717e+01	5.588007e+04
1.087393e+00	3.044700e+01	1.284301e-10	3.832605e+00	8.064522e+01	5.670049e+04
1.094500e+00	3.064600e+01	1.286036e-10	3.832564e+00	8.061714e+01	5.746254e+04
1.101607e+00	3.084500e+01	1.287754e-10	3.832522e+00	8.058329e+01	5.822352e+04
1.108714e+00	3.104400e+01	1.289451e-10	3.832481e+00	8.054464e+01	5.903668e+04
1.115821e+00	3.124300e+01	1.291124e-10	3.832440e+00	8.050265e+01	5.993686e+04
1.122929e+00	3.144200e+01	1.292773e-10	3.832400e+00	8.045897e+01	6.093156e+04
1.130036e+00	3.164100e+01	1.294397e-10	3.832360e+00	8.041521e+01	6.199961e+04
1.137143e+00	3.184000e+01	1.295995e-10	3.832321e+00	8.037268e+01	6.309824e+04
1.144250e+00	3.203900e+01	1.297567e-10	3.832283e+00	8.033222e+01	6.417576e+04
1.151357e+00	3.223800e+01	1.299108e-10	3.832246e+00	8.029418e+01	6.518550e+04
1.158464e+00	3.243700e+01	1.300621e-10	3.832210e+00	8.025844e+01	6.609759e+04
1.165571e+00	3.263600e+01	1.302102e-10	3.832174e+00	8.022461e+01	6.690499e+04
1.172679e+00	3.283500e+01	1.303552e-10	3.832140e+00	8.019219e+01	6.762276e+04
1.179786e+00	3.303400e+01	1.304970e-10	3.832106e+00	8.016075e+01	6.828183e+04
1.186893e+00	3.323300e+01	1.306356e-10	3.832072e+00	8.013005e+01	6.891890e+04
1.194000e+00	3.343200e+01	1.307706e-10	3.832039e+00	8.010002e+01	6.956583e+04
1.201107e+00	3.363100e+01	1.309023e-10	3.832006e+00	8.007070e+01	7.024135e+04
1.208214e+00	3.383000e+01	1.310303e-10	3.831972e+00	8.004212e+01	7.094680e+04
1.215321e+00	3.402900e+01	1.311547e-10	3.831939e+00	8.001424e+01	7.166666e+04
1.222429e+00	3.422800e+01	1.312755e-10	3.831905e+00	7.998686e+01	7.237325e+04
1.229536e+00	3.442700e+01	1.313925e-10	3.831871e+00	7.995971e+01	7.303433e+04
1.236643e+00	3.462600e+01	1.315056e-10	3.831836e+00	7.993242e+01	7.362166e+04
1.243750e+00	3.482500e+01	1.316149e-10	3.831800e+00	7.990454e+01	7.411785e+04
1.250857e+00	3.502400e+01	1.317203e-10	3.831763e+00	7.987558e+01	7.452045e+04
1.257964e+00	3.522300e+01	1.318218e-10	3.831725e+00	7.984496e+01	7.484245e+04
1.265071e+00	3.542200e+01	1.319192e-10	3.831687e+00	7.981210e+01	7.510986e+04
1.272179e+00	3.562100e+01	1.320126e-10	3.831648e+00	7.977647e+01	7.535735e+04
1.279286e+00	3.582000e+01	1.321018e-10	3.831608e+00	7.973770e+01	7.562242e+04
1.286393e+00	3.601900e+01	1.321871e-10	3.831568e+00	7.969574e+01	7.593900e+04
1.293500e+00	3.621800e+01	1.322678e-10	3.831528e+00	7.965089e+01	7.633083e+04
1.300607e+00	3.641700e+01	1.323446e-10	3.831488e+00	7.960373e+01	7.680665e+04
1.307714e+00	3.661600e+01	1.324170e-10	3.831448e+00	7.955505e+01	7.735785e+04
1.314821e+00	3.681500e+01	1.324852e-10	3.831408e+00	7.950569e+01	7.795931e+04
1.321929e+00	3.701400e+01	1.325491e-10	3.831370e+00	7.945637e+01	7.857390e+04
1.329036e+00	3.721300e+01	1.326090e-10	3.831331e+00	7.940765e+01	7.915950e+04
1.336143e+00	3.741200e+01	1.326644e-10	3.831294e+00	7.935994e+01	7.967668e+04
1.343250e+00	3.761100e+01	1.327159e-10	3.831258e+00	7.931343e+01	8.009503e+04
1.350357e+00	3.781000e+01	1.327634e-10	3.831222e+00	7.926824e+01	8.039719e+04
1.357464e+00	3.800900e+01	1.328068e-10	3.831187e+00	7.922436e+01	8.058014e+04
1.364571e+00	3.820800e+01	1.328464e-10	3.831153e+00	7.918173e+01	8.065482e+04
1.371679e+00	3.840700e+01	1.328823e-10	3.831120e+00	7.914025e+01	8.064465e+04
1.378786e+00	3.860600e+01	1.329143e-10	3.831087e+00	7.909980e+01	8.058245e+04
1.385893e+00	3.880500e+01	1.329429e-10	3.831055e+00	7.906026e+01	8.050545e+04
1.393000e+00	3.900400e+01	1.329679e-10	3.831022e+00	7.902153e+01	8.044813e+04
1.400107e+00	3.920300e+01	1.329893e-10	3.830990e+00	7.898349e+01	8.043500e+04
1.407214e+00	3.940200e+01	1.330074e-10	3.830958e+00	7.894603e+01	8.047613e+04
1.414321e+00	3.960100e+01	1.330220e-10	3.830926e+00	7.890893e+01	8.056649e+04
1.421429e+00	3.980000e+01	1.330334e-10	3.830893e+00	7.887188e+01	8.068921e+04
1.428536e+00	3.999900e+01	1.330413e-10	3.830861e+00	7.883449e+01	8.082092e+04
1.435643e+00	4.019800e+01	1.330463e-10	3.830827e+00	7.879631e+01	8.093810e+04
1.442750e+00	4.039700e+01	1.330481e-10	3.830794e+00	7.875688e+01	8.102338e+04
1.449857e+00	4.059600e+01	1.330470e-10	3.830759e+00	7.871580e+01	8.107040e+04
1.456964e+00	4.079500e+01	1.330427e-10	3.830725e+00	7.867282e+01	8.108637e+04
1.464071e+00	4.099400e+01	1.330357e-10	3.830690e+00	7.862789e+01	8.109062e+04
1.471179e+00	4.119300e+01	1.330260e-10	3.830654e+00	7.858121e+01	8.110965e+04
1.478286e+00	4.139200e+01	1.330135e-10	3.830618e+00	7.853322e+01	8.117032e+04
1.485393e+00	4.159100e+01	1.329985e-10	3.830582e+00	7.848454e+01	8.129362e+04
1.492500e+00	4.179000e+01	1.329810e-10	3.830545e+00	7.843590e+01	8.149036e+04
1.499607e+00	4.198900e+01	1.329608e-10	3.830508e+00	7.838803e+01	8.175947e+04
1.506714e+00	4.218800e+01	1.329382e-10	3.830471e+00	7.834152e+01	8.208806e+04
1.513821e+00	4.238700e+01	1.329135e-10	3.830434e+00	7.829671e+01	8.245280e+04
1.520929e+00	4.258600e+01	1.328867e-10	3.830396e+00	7.825367e+01	8.282242e+04
1.528036e+00	4.278500e+01	1.328577e-10	3.830359e+00	7.821223e+01	8.316144e+04
1.535143e+00	4.298400e+01	1.328267e-10	3.830322e+00	7.817202e+01	8.343491e+04
1.542250e+00	4.318300e+01	1.327940e-10	3.830285e+00	7.813260e+01	8.361381e+04
1.549357e+00	4.338200e+01	1.327596e-10	3.830247e+00	7.809353e+01	8.367929e+04
1.556464e+00	4.358100e+01	1.327234e-10	3.830209e+00	7.805441e+01	8.362526e+04
1.563571e+00	4.378000e+01	1.326858e-10	3.830171e+00	7.801499e+01	8.345903e+04
1.570679e+00	4.397900e+01	1.326466e-10	3.830133e+00	7.797511e+01	8.319987e+04
1.577786e+00	4.417800e+01	1.326056e-10	3.830094e+00	7.793480e+01	8.287576e+04
1.584893e+00	4.437700e+01	1.325635e-10	3.830055e+00	7.789421e+01	8.251807e+04
1.592000e+00	4.457600e+01	1.325200e-10	3.830016e+00	7.785362e+01	8.215540e+04
1.599107e+00	4.477500e+01	1.324753e-10	3.829976e+00	7.781330e+01	8.180826e+04
1.606214e+00	4.497400e+01	1.324293e-10	3.829936e+00	7.777345e+01	8.148633e+04
1.613321e+00	4.517300e+01	1.323825e-10	3.829895e+00	7.773403e+01	8.118956e+04
1.620429e+00	4.537200e+01	1.323346e-10	3.829854e+00	7.769482e+01	8.091195e+04
1.627536e+00	4.557100e+01	1.322859e-10	3.829813e+00	7.765545e+01	8.064625e+04
1.634643e+00	4.577000e+01	1.322365e-10	3.829771e+00	7.761549e+01	8.038701e+04
1.641750e+00	4.596900e+01	1.321862e-10	3.829730e+00	7.757453e+01	8.013151e+04
1.648857e+00	4.616800e+01	1.321356e-10	3.829688e+00	7.753229e+01	7.987883e+04
1.655964e+00	4.636700e+01	1.320844e-10	3.829646e+00	7.748863e+01	7.962853e+04
1.663071e+00	4.656600e+01	1.320325e-10	3.829604e+00	7.744350e+01	7.937987e+04
1.670179e+00	4.676500e+01	1.319802e-10	3.829562e+00	7.739698e+01	7.913223e+04
1.677286e+00	4.696400e+01	1.319275e-10	3.829520e+00	7.734923e+01	7.888614e+04
1.684393e+00	4.716300e+01	1.318746e-10	3.829478e+00	7.730045e+01	7.864381e+04
1.691500e+00	4.736200e+01	1.318213e-10	3.829436e+00	7.725088e+01	7.840870e+04
1.698607e+00	4.756100e+01	1.317679e-10	3.829394e+00	7.720079e+01	7.818392e+04
1.705714e+00	4.776000e+01	1.317142e-10	3.829352e+00	7.715044e+01	7.797010e+04
1.712821e+00	4.795900e+01	1.316603e-10	3.829310e+00	7.710004e+01	7.776380e+04
1.719929e+00	4.815800e+01	1.316065e-10	3.829269e+00	7.704974e+01	7.755751e+04
1.727036e+00	4.835700e+01	1.315525e-10	3.829228e+00	7.699956e+01	7.734114e+04
1.734143e+00	4.855600e+01	1.314986e-10	3.829186e+00	7.694945e+01	7.710454e+04
1.741250e+00	4.875500e+01	1.314449e-10	3.829145e+00	7.689931e+01	7.683978e+04
1.748357e+00	4.895400e+01	1.313909e-10	3.829105e+00	7.684905e+01	7.654267e+04
1.755464e+00	4.915300e+01	1.313376e-10	3.829064e+00	7.679861e+01	7.621313e+04
1.762571e+00	4.935200e+01	1.312844e-10	3.829024e+00	7.674803e+01	7.585467e+04
1.769679e+00	4.955100e+01	1.312316e-10	3.828984e+00	7.669744e+01	7.547368e+04
1.776786e+00	4.975000e+01	1.311788e-10	3.828945e+00	7.664704e+01	7.507830e+04
1.783893e+00	4.994900e+01	1.311265e-10	3.828906e+00	7.659707e+01	7.467725e+04
1.791000e+00	5.014800e+01	1.310745e-10	3.828868e+00	7.654780e+01	7.427881e+04
1.798107e+00	5.034700e+01	1.310233e-10	3.828831e+00	7.649948e+01	7.389023e+04
1.805214e+00	5.054600e+01	1.309720e-10	3.828794e+00	7.645233e+01	7.351750e+04
1.812321e+00	5.074500e+01	1.309215e-10	3.828757e+00	7.640651e+01	7.316562e+04
1.819429e+00	5.094400e+01	1.308712e-10	3.828722e+00	7.636212e+01	7.283850e+04
1.826536e+00	5.114300e+01	1.308214e-10	3.828686e+00	7.631918e+01	7.253854e+04
1.833643e+00	5.134200e+01	1.307720e-10	3.828651e+00	7.627766e+01	7.226616e+04
1.840750e+00	5.154100e+01	1.307232e-10	3.828617e+00	7.623751e+01	7.201947e+04
1.847857e+00	5.174000e+01	1.306748e-10	3.828583e+00	7.619861e+01	7.179441e+04
1.854964e+00	5.193900e+01	1.306271e-10	3.828549e+00	7.616087e+01	7.158528e+04
1.862071e+00	5.213800e+01	1.305797e-10	3.828515e+00	7.612424e+01	7.138524e+04
1.869179e+00	5.233700e+01	1.305330e-10	3.828482e+00	7.608868e+01	7.118692e+04
1.876286e+00	5.253600e+01	1.304869e-10	3.828449e+00	7.605418e+01	7.098334e+04
1.883393e+00	5.273500e+01	1.304411e-10	3.828417e+00	7.602074e+01	7.076926e+04
1.890500e+00	5.293400e+01	1.303961e-10	3.828385e+00	7.598833e+01	7.054323e+04
1.897607e+00	5.313300e+01	1.303518e-10	3.828353e+00	7.595689e+01	7.030916e+04
1.904714e+00	5.333200e+01	1.303081e-10	3.828322e+00	7.592630e+01	7.007710e+04
1.911821e+00	5.353100e+01	1.302649e-10	3.828292e+00	7.589643e+01	6.986262e+04
1.918929e+00	5.373000e+01	1.302223e-10	3.828262e+00	7.586714e+01	6.968458e+04
1.926036e+00	5.392900e+01	1.301803e-10	3.828232e+00	7.583833e+01	6.956177e+04
1.933143e+00	5.412800e+01	1.301392e-10	3.828203e+00	7.580993e+01	6.950933e+04
1.940250e+00	5.432700e+01	1.300985e-10	3.828174e+00	7.578191e+01	6.953564e+04
1.947357e+00	5.452600e+01	1.300586e-10	3.828145e+00	7.575425e+01	6.964043e+04
1.954464e+00	5.472500e+01	1.300193e-10	3.828117e+00	7.572694e+01	6.981473e+04
1.961571e+00	5.492400e+01	1.299804e-10	3.828089e+00	7.569997e+01	7.004249e+04
1.968679e+00	5.512300e+01	1.299426e-10	3.828062e+00	7.567328e+01	7.030339e+04
1.975786e+00	5.532200e+01	1.299054e-10	3.828035e+00	7.564681e+01	7.057587e+04
1.982893e+00	5.552100e+01	1.298689e-10	3.828007e+00	7.562051e+01	7.083982e+04
1.990000e+00	5.572000e+01	1.298333e-10	3.827980e+00	7.559427e+01	7.107847e+04
1.997107e+00	5.591900e+01	1.297983e-10	3.827953e+00	7.556797e+01	7.127936e+04
2.004214e+00	5.611800e+01	1.297639e-10	3.827926e+00	7.554148e+01	7.143481e+04
2.011321e+00	5.631700e+01	1.297305e-10	3.827899e+00	7.551465e+01	7.154127e+04
2.018429e+00	5.651600e+01	1.296975e-10	3.827872e+00	7.548731e+01	7.159809e+04
2.025536e+00	5.671500e+01	1.296654e-10	3.827844e+00	7.545930e+01	7.160567e+04
2.032643e+00	5.691400e+01	1.296336e-10	3.827817e+00	7.543047e+01	7.156352e+04
2.039750e+00	5.711300e+01	1.296029e-10	3.827789e+00	7.540067e+01	7.146910e+04
2.046857e+00	5.731200e+01	1.295725e-10	3.827761e+00	7.536976e+01	7.131771e+04
2.053964e+00	5.751100e+01	1.295430e-10	3.827733e+00	7.533765e+01	7.110367e+04
2.061071e+00	5.771000e+01	1.295139e-10	3.827705e+00	7.530430e+01	7.082245e+04
2.068179e+00	5.790900e+01	1.294855e-10	3.827676e+00	7.526976e+01	7.047261e+04
2.075286e+00	5.810800e+01	1.294578e-10	3.827647e+00	7.523416e+01	7.005738e+04
2.082393e+00	5.830700e+01	1.294308e-10	3.827618e+00	7.519769e+01	6.958518e+04
2.089500e+00	5.850600e+01	1.294043e-10	3.827589e+00	7.516064e+01	6.906892e+04
2.096607e+00	5.870500e+01	1.293785e-10	3.827560e+00	7.512331e+01	6.852452e+04
2.103714e+00	5.890400e+01	1.293532e-10	3.827530e+00	7.508605e+01	6.796853e+04
2.110821e+00	5.910300e+01	1.293286e-10	3.827500e+00	7.504916e+01	6.741558e+04
2.117929e+00	5.930200e+01	1.293047e-10	3.827469e+00	7.501291e+01	6.687586e+04
2.125036e+00	5.950100e+01	1.292815e-10	3.827439e+00	7.497749e+01	6.635361e+04
2.132143e+00	5.970000e+01	1.292588e-10	3.827408e+00	7.494299e+01	6.584666e+04
2.139250e+00	5.989900e+01	1.292367e-10	3.827376e+00	7.490937e+01	6.534724e+04
2.146357e+00	6.009800e+01	1.292153e-10	3.827345e+00	7.487652e+01	6.484385e+04
2.153464e+00	6.029700e+01	1.291947e-10	3.827313e+00	7.484422e+01	6.432351e+04
2.160571e+00	6.049600e+01	1.291745e-10	3.827280e+00	7.481221e+01	6.377398e+04
2.167679e+00	6.069500e+01	1.291553e-10	3.827248e+00	7.478025e+01	6.318553e+04
2.174786e+00	6.089400e+01	1.291368e-10	3.827215e+00	7.474812e+01	6.255183e+04
2.181893e+00	6.109300e+01	1.291190e-10	3.827183e+00	7.471564e+01	6.187036e+04
2.189000e+00	6.129200e+01	1.291021e-10	3.827150e+00	7.468271e+01	6.114283e+04
2.196107e+00	6.149100e+01	1.290859e-10	3.827117e+00	7.464932e+01	6.037510e+04
2.203214e+00	6.169000e+01	1.290706e-10	3.827083e+00	7.461550e+01	5.957702e+04
2.210321e+00	6.188900e+01	1.290562e-10	3.827050e+00	7.458135e+01	5.876199e+04
2.217429e+00	6.208800e+01	1.290427e-10	3.827016e+00	7.454699e+01	5.794590e+04
2.224536e+00	6.228700e+01	1.290300e-10	3.826983e+00	7.451255e+01	5.714606e+04
2.231643e+00	6.248600e+01	1.290184e-10	3.826948e+00	7.447816e+01	5.637983e+04
2.238750e+00	6.268500e+01	1.290075e-10	3.826914e+00	7.444393e+01	5.566377e+04
2.245857e+00	6.288400e+01	1.289976e-10	3.826879e+00	7.440994e+01	5.501279e+04
2.252964e+00	6.308300e+01	1.289887e-10	3.826844e+00	7.437627e+01	5.443935e+04
2.260071e+00	6.328200e+01	1.289808e-10	3.826809e+00	7.434301e+01	5.395246e+04
2.267179e+00	6.348100e+01	1.289736e-10	3.826774e+00	7.431021e+01	5.355680e+04
2.274286e+00	6.368000e+01	1.289675e-10	3.826738e+00	7.427796e+01	5.325206e+04
2.281393e+00	6.387900e+01	1.289623e-10	3.826703e+00	7.424629e+01	5.303284e+04
2.288500e+00	6.407800e+01	1.289582e-10	3.826667e+00	7.421520e+01	5.288898e+04
2.295607e+00	6.427700e+01	1.289550e-10	3.826632e+00	7.418465e+01	5.280676e+04
2.302714e+00	6.447600e+01	1.289528e-10	3.826596e+00	7.415454e+01	5.277016e+04
2.309821e+00	6.467500e+01	1.289519e-10	3.826561e+00	7.412476e+01	5.276210e+04
2.316929e+00	6.487400e+01	1.289521e-10	3.826526e+00	7.409519e+01	5.276541e+04
2.324036e+00	6.507300e+01	1.289531e-10	3.826491e+00	7.406569e+01	5.276374e+04
2.331143e+00	6.527200e+01	1.289558e-10	3.826456e+00	7.403615e+01	5.274247e+04
2.338250e+00	6.547100e+01	1.289593e-10	3.826421e+00	7.400642e+01	5.268945e+04
2.345357e+00	6.567000e+01	1.289645e-10	3.826386e+00	7.397638e+01	5.259512e+04
2.352464e+00	6.586900e+01	1.289708e-10	3.826351e+00	7.394587e+01	5.245234e+04
2.359571e+00	6.606800e+01	1.289783e-10	3.826316e+00	7.391474e+01	5.225534e+04
2.366679e+00	6.626700e+01	1.289873e-10	3.826281e+00	7.388284e+01	5.199780e+04
2.373786e+00	6.646600e+01	1.289975e-10	3.826246e+00	7.384999e+01	5.167091e+04
2.380893e+00	6.666500e+01	1.290093e-10	3.826211e+00	7.381605e+01	5.126276e+04
2.388000e+00	6.686400e+01	1.290222e-10	3.826175e+00	7.378088e+01	5.075921e+04
2.395107e+00	6.706300e+01	1.290367e-10	3.826140e+00	7.374439e+01	5.014654e+04
2.402214e+00	6.726200e+01	1.290524e-10	3.826104e+00	7.370660e+01	4.941440e+04
2.409321e+00	6.746100e+01	1.290696e-10	3.826069e+00	7.366762e+01	4.855852e+04
2.416429e+00	6.766000e+01	1.290884e-10	3.826033e+00	7.362767e+01	4.758200e+04
2.423536e+00	6.785900e+01	1.291088e-10	3.825998e+00	7.358702e+01	4.649554e+04
2.430643e+00	6.805800e+01	1.291307e-10	3.825964e+00	7.354599e+01	4.531643e+04
2.437750e+00	6.825700e+01	1.291542e-10	3.825930e+00	7.350492e+01	4.406692e+04
2.444857e+00	6.845600e+01	1.291795e-10	3.825896e+00	7.346416e+01	4.277200e+04
2.451964e+00	6.865500e+01	1.292070e-10	3.825862e+00	7.342398e+01	4.145684e+04
2.459071e+00	6.885400e+01	1.292360e-10	3.825829e+00	7.338463e+01	4.014483e+04
2.466179e+00	6.905300e+01	1.292669e-10	3.825796e+00	7.334625e+01	3.885668e+04
2.473286e+00	6.925200e+01	1.293001e-10	3.825763e+00	7.330897e+01	3.761059e+04
2.480393e+00	6.945100e+01	1.293349e-10	3.825730e+00	7.327284e+01	3.642309e+04
2.487500e+00	6.965000e+01	1.293719e-10	3.825698e+00	7.323790e+01	3.530963e+04
2.494607e+00	6.984900e+01	1.294108e-10	3.825666e+00	7.320419e+01	3.428445e+04
2.501714e+00	7.004800e+01	1.294518e-10	3.825634e+00	7.317176e+01	3.335962e+04
2.508821e+00	7.024700e+01	1.294947e-10	3.825602e+00	7.314066e+01	3.254391e+04
2.515929e+00	7.044600e+01	1.295394e-10	3.825570e+00	7.311093e+01	3.184165e+04
2.523036e+00	7.064500e+01	1.295862e-10	3.825538e+00	7.308261e+01	3.125249e+04
2.530143e+00	7.084400e+01	1.296350e-10	3.825507e+00	7.305573e+01	3.077213e+04
2.537250e+00	7.104300e+01	1.296852e-10	3.825475e+00	7.303032e+01	3.039380e+04
2.544357e+00	7.124200e+01	1.297377e-10	3.825443e+00	7.300643e+01	3.010938e+04
2.551464e+00	7.144100e+01	1.297917e-10	3.825412e+00	7.298411e+01	2.991007e+04
2.558571e+00	7.164000e+01	1.298476e-10	3.825380e+00	7.296338e+01	2.978659e+04
2.565679e+00	7.183900e+01	1.299053e-10	3.825348e+00	7.294428e+01	2.972887e+04
2.572786e+00	7.203800e+01	1.299645e-10	3.825316e+00	7.292676e+01	2.972538e+04
2.579893e+00	7.223700e+01	1.300254e-10	3.825284e+00	7.291075e+01	2.976268e+04
2.587000e+00	7.243600e+01	1.300880e-10	3.825252e+00	7.289608e+01	2.982613e+04
2.594107e+00	7.263500e+01	1.301518e-10	3.825220e+00	7.288254e+01	2.990157e+04
2.601214e+00	7.283400e+01	1.302174e-10	3.825187e+00	7.286990e+01	2.997687e+04
2.608321e+00	7.303300e+01	1.302842e-10	3.825155e+00	7.285794e+01	3.004236e+04
2.615429e+00	7.323200e+01	1.303524e-10	3.825122e+00	7.284647e+01	3.009051e+04
2.622536e+00	7.343100e+01	1.304219e-10	3.825089e+00	7.283533e+01	3.011515e+04
2.629643e+00	7.363000e+01	1.304925e-10	3.825056e+00	7.282437e+01	3.011105e+04
2.636750e+00	7.382900e+01	1.305643e-10	3.825024e+00	7.281347e+01	3.007349e+04
2.643857e+00	7.402800e+01	1.306369e-10	3.824991e+00	7.280249e+01	2.999775e+04
2.650964e+00	7.422700e+01	1.307107e-10	3.824959e+00	7.279129e+01	2.987872e+04
2.658071e+00	7.442600e+01	1.307850e-10	3.824926e+00	7.277968e+01	2.971128e+04
2.665179e+00	7.462500e+01	1.308601e-10	3.824894e+00	7.276750e+01	2.949113e+04
2.672286e+00	7.482400e+01	1.309358e-10	3.824862e+00	7.275456e+01	2.921564e+04
2.679393e+00	7.502300e+01	1.310120e-10	3.824829e+00	7.274075e+01	2.888409e+04
2.686500e+00	7.522200e+01	1.310885e-10	3.824796e+00	7.272595e+01	2.849739e+04
2.693607e+00	7.542100e+01	1.311654e-10	3.824764e+00	7.271007e+01	2.805760e+04
2.700714e+00	7.562000e+01	1.312421e-10	3.824731e+00	7.269304e+01	2.756779e+04
2.707821e+00	7.581900e+01	1.313188e-10	3.824698e+00	7.267485e+01	2.703210e+04
2.714929e+00	7.601800e+01	1.313954e-10	3.824665e+00	7.265553e+01	2.645570e+04
2.722036e+00	7.621700e+01	1.314716e-10	3.824633e+00	7.263517e+01	2.584447e+04
2.729143e+00	7.641600e+01	1.315471e-10	3.824600e+00	7.261391e+01	2.520463e+04
2.736250e+00	7.661500e+01	1.316220e-10	3.824567e+00	7.259196e+01	2.454260e+04
2.743357e+00	7.681400e+01	1.316958e-10	3.824534e+00	7.256951e+01	2.386504e+04
2.750464e+00	7.701300e+01	1.317686e-10	3.824502e+00	7.254677e+01	2.317869e+04
2.757571e+00	7.721200e+01	1.318402e-10	3.824469e+00	7.252395e+01	2.249003e+04
2.764679e+00	7.741100e+01	1.319105e-10	3.824436e+00	7.250127e+01	2.180497e+04
2.771786e+00	7.761000e+01	1.319793e-10	3.824403e+00	7.247897e+01	2.112868e+04
2.778893e+00	7.780900e+01	1.320463e-10	3.824370e+00	7.245729e+01	2.046539e+04
2.786000e+00	7.800800e+01	1.321114e-10	3.824338e+00	7.243650e+01	1.981841e+04
2.793107e+00	7.820700e+01	1.321746e-10	3.824305e+00	7.241678e+01	1.919051e+04
2.800214e+00	7.840600e+01	1.322358e-10	3.824272e+00	7.239827e+01	1.858440e+04
2.807321e+00	7.860500e+01	1.322947e-10	3.824239e+00	7.238103e+01	1.800317e+04
2.814429e+00	7.880400e+01	1.323513e-10	3.824207e+00	7.236507e+01	1.745038e+04
2.821536e+00	7.900300e+01	1.324054e-10	3.824174e+00	7.235042e+01	1.692956e+04
2.828643e+00	7.920200e+01	1.324569e-10	3.824141e+00	7.233707e+01	1.644337e+04
2.835750e+00	7.940100e+01	1.325058e-10	3.824109e+00	7.232499e+01	1.599324e+04
2.842857e+00	7.960000e+01	1.325516e-10	3.824076e+00	7.231408e+01	1.557961e+04
2.849964e+00	7.979900e+01	1.325946e-10	3.824044e+00	7.230424e+01	1.520222e+04
2.857071e+00	7.999800e+01	1.326343e-10	3.824012e+00	7.229531e+01	1.485950e+04
2.864179e+00	8.019700e+01	1.326708e-10	3.823979e+00	7.228713e+01	1.454762e+04
2.871286e+00	8.039600e+01	1.327041e-10	3.823946e+00	7.227950e+01	1.426051e+04
2.878393e+00	8.059500e+01	1.327339e-10	3.823914e+00	7.227226e+01	1.399168e+04
2.885500e+00	8.079400e+01	1.327605e-10	3.823881e+00	7.226523e+01	1.373686e+04
2.892607e+00	8.099300e+01	1.327831e-10	3.823848e+00	7.225829e+01	1.349553e+04
2.899714e+00	8.119200e+01	1.328023e-10	3.823815e+00	7.225140e+01	1.326982e+04
2.906821e+00	8.139100e+01	1.328179e-10	3.823782e+00	7.224454e+01	1.306179e+04
2.913929e+00	8.159000e+01	1.328295e-10	3.823748e+00	7.223766e+01	1.287127e+04
2.921036e+00	8.178900e+01	1.328377e-10	3.823715e+00	7.223070e+01	1.269596e+04
2.928143e+00	8.198800e+01	1.328416e-10	3.823681e+00	7.222352e+01	1.253327e+04
2.935250e+00	8.218700e+01	1.328418e-10	3.823647e+00	7.221604e+01	1.238207e+04
2.942357e+00	8.238600e+01	1.328381e-10	3.823613e+00	7.220821e+01	1.224287e+04
2.949464e+00	8.258500e+01	1.328305e-10	3.823579e+00	7.220009e+01	1.211644e+04
2.956571e+00	8.278400e+01	1.328187e-10	3.823545e+00	7.219176e+01	1.200227e+04
2.963679e+00	8.298300e+01	1.328031e-10	3.823511e+00	7.218333e+01	1.189828e+04
2.970786e+00	8.318200e+01	1.327837e-10	3.823478e+00	7.217491e+01	1.180180e+04
2.977893e+00	8.338100e+01	1.327601e-10	3.823444e+00	7.216659e+01	1.171120e+04
2.985000e+00	8.358000e+01	1.327329e-10	3.823411e+00	7.215843e+01	1.162716e+04
2.992107e+00	8.377900e+01	1.327018e-10	3.823378e+00	7.215052e+01	1.155287e+04
2.999214e+00	8.397800e+01	1.326668e-10	3.823345e+00	7.214292e+01	1.149313e+04
3.006321e+00	8.417700e+01	1.326285e-10	3.823312e+00	7.213571e+01	1.145297e+04
3.013429e+00	8.437600e+01	1.325864e-10	3.823279e+00	7.212892e+01	1.143611e+04
3.020536e+00	8.457500e+01	1.325405e-10	3.823246e+00	7.212261e+01	1.144412e+04
3.027643e+00	8.477400e+01	1.324914e-10	3.823214e+00	7.211677e+01	1.147629e+04
3.034750e+00	8.497300e+01	1.324388e-10	3.823181e+00	7.211143e+01	1.153030e+04
3.041857e+00	8.517200e+01	1.323829e-10	3.823149e+00	7.210659e+01	1.160308e+04
3.048964e+00	8.537100e+01	1.323240e-10	3.823116e+00	7.210223e+01	1.169153e+04
3.056071e+00	8.557000e+01	1.322619e-10	3.823084e+00	7.209832e+01	1.179264e+04
3.063179e+00	8.576900e+01	1.321969e-10	3.823051e+00	7.209473e+01	1.190351e+04
3.070286e+00	8.596800e+01	1.321291e-10	3.823019e+00	7.209129e+01	1.202119e+04
3.077393e+00	8.616700e+01	1.320587e-10	3.822986e+00	7.208784e+01	1.214281e+04
3.084500e+00	8.636600e+01	1.319859e-10	3.822953e+00	7.208425e+01	1.226570e+04
3.091607e+00	8.656500e+01	1.319107e-10	3.822920e+00	7.208048e+01	1.238743e+04
3.098714e+00	8.676400e+01	1.318334e-10	3.822887e+00	7.207653e+01	1.250584e+04
3.105821e+00	8.696300e+01	1.317541e-10	3.822854e+00	7.207244e+01	1.261888e+04
3.112929e+00	8.716200e+01	1.316729e-10	3.822821e+00	7.206825e+01	1.272476e+04
3.120036e+00	8.736100e+01	1.315900e-10	3.822788e+00	7.206397e+01	1.282209e+04
3.127143e+00	8.756000e+01	1.315056e-10	3.822755e+00	7.205959e+01	1.291033e+04
3.134250e+00	8.775900e+01	1.314200e-10	3.822722e+00	7.205507e+01	1.299047e+04
3.141357e+00	8.795800e+01	1.313333e-10	3.822689e+00	7.205037e+01	1.306541e+04
3.148464e+00	8.815700e+01	1.312454e-10	3.822655e+00	7.204548e+01	1.313989e+04
3.155571e+00	8.835600e+01	1.311568e-10	3.822622e+00	7.204037e+01	1.321969e+04
3.162679e+00	8.855500e+01	1.310675e-10	3.822589e+00	7.203500e+01	1.331049e+04
3.169786e+00	8.875400e+01	1.309778e-10	3.822556e+00	7.202934e+01	1.341652e+04
3.176893e+00	8.895300e+01	1.308879e-10	3.822523e+00	7.202335e+01	1.353948e+04
3.184000e+00	8.915200e+01	1.307975e-10	3.822491e+00	7.201702e+01	1.367815e+04
3.191107e+00	8.935100e+01	1.307074e-10	3.822458e+00	7.201036e+01	1.382874e+04
3.198214e+00	8.955000e+01	1.306176e-10	3.822426e+00	7.200343e+01	1.398614e+04
3.205321e+00	8.974900e+01	1.305277e-10	3.822393e+00	7.199627e+01	1.414513e+04
3.212429e+00	8.994800e+01	1.304384e-10	3.822361e+00	7.198893e+01	1.430111e+04
3.219536e+00	9.014700e+01	1.303498e-10	3.822329e+00	7.198143e+01	1.444989e+04
3.226643e+00	9.034600e+01	1.302617e-10	3.822296e+00	7.197374e+01	1.458714e+04
3.233750e+00	9.054500e+01	1.301747e-10	3.822263e+00	7.196578e+01	1.470831e+04
3.240857e+00	9.074400e+01	1.300883e-10	3.822230e+00	7.195749e+01	1.480917e+04
3.247964e+00	9.094300e+01	1.300029e-10	3.822197e+00	7.194878e+01	1.488643e+04
3.255071e+00	9.114200e+01	1.299186e-10	3.822164e+00	7.193963e+01	1.493817e+04
3.262179e+00	9.134100e+01	1.298355e-10	3.822131e+00	7.193008e+01	1.496380e+04
3.269286e+00	9.154000e+01	1.297537e-10	3.822098e+00	7.192018e+01	1.496378e+04
3.276393e+00	9.173900e+01	1.296733e-10	3.822065e+00	7.191006e+01	1.493949e+04
3.283500e+00	9.193800e+01	1.295942e-10	3.822032e+00	7.189980e+01	1.489348e+04
3.290607e+00	9.213700e+01	1.295167e-10	3.821999e+00	7.188950e+01	1.482972e+04
3.297714e+00	9.233600e+01	1.294406e-10	3.821966e+00	7.187923e+01	1.475347e+04
3.304821e+00	9.253500e+01	1.293661e-10	3.821933e+00	7.186905e+01	1.467046e+04
3.311929e+00	9.273400e+01	1.292932e-10	3.821901e+00	7.185900e+01	1.458598e+04
3.319036e+00	9.293300e+01	1.292221e-10	3.821868e+00	7.184911e+01	1.450405e+04
3.326143e+00	9.313200e+01	1.291525e-10	3.821836e+00	7.183937e+01	1.442731e+04
3.333250e+00	9.333100e+01	1.290848e-10	3.821803e+00	7.182972e+01	1.435728e+04
3.340357e+00	9.353000e+01	1.290186e-10	3.821770e+00	7.182012e+01	1.429467e+04
3.347464e+00	9.372900e+01	1.289546e-10	3.821738e+00	7.181047e+01	1.423975e+04
3.354571e+00	9.392800e+01	1.288923e-10	3.821705e+00	7.180074e+01	1.419246e+04
3.361679e+00	9.412700e+01	1.288320e-10	3.821672e+00	7.179090e+01	1.415249e+04
3.368786e+00	9.432600e+01	1.287735e-10	3.821639e+00	7.178101e+01	1.411938e+04
3.375893e+00	9.452500e+01	1.287170e-10	3.821607e+00	7.177118e+01	1.409273e+04
3.383000e+00	9.472400e+01	1.286627e-10	3.821574e+00	7.176152e+01	1.407242e+04
3.390107e+00	9.492300e+01	1.286104e-10	3.821541e+00	7.175217e+01	1.405876e+04
3.397214e+00	9.512200e+01	1.285601e-10	3.821508e+00	7.174322e+01	1.405251e+04
3.404321e+00	9.532100e+01	1.285118e-10	3.821475e+00	7.173474e+01	1.405485e+04
3.411429e+00	9.552000e+01	1.284655e-10	3.821442e+00	7.172672e+01	1.406731e+04
3.418536e+00	9.571900e+01	1.284214e-10	3.821409e+00	7.171914e+01	1.409162e+04
3.425643e+00	9.591800e+01	1.283791e-10	3.821376e+00	7.171197e+01	1.412940e+04
3.432750e+00	9.611700e+01	1.283389e-10	3.821343e+00	7.170517e+01	1.418171e+04
3.439857e+00	9.631600e+01	1.283006e-10	3.821309e+00	7.169871e+01	1.424861e+04
3.446964e+00	9.651500e+01	1.282642e-10	3.821276e+00	7.169255e+01	1.432877e+04
3.454071e+00	9.671400e+01	1.282299e-10	3.821243e+00	7.168664e+01	1.441953e+04
3.461179e+00	9.691300e+01	1.281977e-10	3.821210e+00	7.168092e+01	1.451718e+04
3.468286e+00	9.711200e+01	1.281671e-10	3.821176e+00	7.167529e+01	1.461756e+04
3.475393e+00	9.731100e+01	1.281385e-10	3.821143e+00	7.166967e+01	1.471658e+04
3.482500e+00	9.751000e+01	1.281119e-10	3.821110e+00	7.166400e+01	1.481070e+04
3.489607e+00	9.770900e+01	1.280869e-10	3.821076e+00	7.165822e+01	1.489717e+04
3.496714e+00	9.790800e+01	1.280641e-10	3.821043e+00	7.165229e+01	1.497399e+04
3.503821e+00	9.810700e+01	1.280431e-10	3.821009e+00	7.164622e+01	1.503945e+04
3.510929e+00	9.830600e+01	1.280239e-10	3.820976e+00	7.163998e+01	1.509157e+04
3.518036e+00	9.850500e+01	1.280065e-10	3.820942e+00	7.163359e+01	1.512729e+04
3.525143e+00	9.870400e+01	1.279910e-10	3.820909e+00	7.162701e+01	1.514196e+04
3.532250e+00	9.890300e+01	1.279773e-10	3.820875e+00	7.162020e+01	1.512956e+04
3.539357e+00	9.910200e+01	1.279654e-10	3.820841e+00	7.161310e+01	1.508386e+04
3.546464e+00	9.930100e+01	1.279554e-10	3.820807e+00	7.160558e+01	1.500009e+04
3.553571e+00	9.950000e+01	1.279472e-10	3.820774e+00	7.159757e+01	1.487627e+04
3.560679e+00	9.969900e+01	1.279406e-10	3.820740e+00	7.158900e+01	1.471334e+04
3.567786e+00	9.989800e+01	1.279360e-10	3.820706e+00	7.157984e+01	1.451434e+04
3.574893e+00	1.000970e+02	1.279329e-10	3.820672e+00	7.157012e+01	1.428329e+04
3.582000e+00	1.002960e+02	1.279317e-10	3.820638e+00	7.155993e+01	1.402454e+04
3.589107e+00	1.004950e+02	1.279323e-10	3.820604e+00	7.154933e+01	1.374293e+04
3.596214e+00	1.006940e+02	1.279345e-10	3.820571e+00	7.153846e+01	1.344434e+04
3.603321e+00	1.008930e+02	1.279386e-10	3.820537e+00	7.152740e+01	1.313593e+04
3.610429e+00	1.010920e+02	1.279443e-10	3.820503e+00	7.151628e+01	1.282577e+04
3.617536e+00	1.012910e+02	1.279516e-10	3.820470e+00	7.150519e+01	1.252214e+04
3.624643e+00	1.014900e+02	1.279608e-10	3.820437e+00	7.149420e+01	1.223264e+04
3.631750e+00	1.016890e+02	1.279717e-10	3.820404e+00	7.148340e+01	1.196364e+04
3.638857e+00	1.018880e+02	1.279842e-10	3.820371e+00	7.147286e+01	1.171998e+04
3.645964e+00	1.020870e+02	1.279983e-10	3.820339e+00	7.146263e+01	1.150473e+04
3.653071e+00	1.022860e+02	1.280141e-10	3.820306e+00	7.145282e+01	1.131931e+04
3.660179e+00	1.024850e+02	1.280315e-10	3.820274e+00	7.144348e+01	1.116365e+04
3.667286e+00	1.026840e+02	1.280504e-10	3.820242e+00	7.143470e+01	1.103669e+04
3.674393e+00	1.028830e+02	1.280711e-10	3.820210e+00	7.142655e+01	1.093683e+04
3.681500e+00	1.030820e+02	1.280931e-10	3.820178e+00	7.141904e+01	1.086240e+04
3.688607e+00	1.032810e+02	1.281168e-10	3.820146e+00	7.141220e+01	1.081183e+04
3.695714e+00	1.034800e+02	1.281422e-10	3.820114e+00	7.140598e+01	1.078369e+04
3.702821e+00	1.036790e+02	1.281690e-10	3.820083e+00	7.140033e+01	1.077628e+04
3.709929e+00	1.038780e+02	1.281972e-10	3.820051e+00	7.139516e+01	1.078740e+04
3.717036e+00	1.040770e+02	1.282269e-10	3.820019e+00	7.139038e+01	1.081416e+04
3.724143e+00	1.042760e+02	1.282581e-10	3.819987e+00	7.138588e+01	1.085332e+04
3.731250e+00	1.044750e+02	1.282906e-10	3.819955e+00	7.138155e+01	1.090181e+04
3.738357e+00	1.046740e+02	1.283247e-10	3.819923e+00	7.137731e+01	1.095732e+04
3.745464e+00	1.048730e+02	1.283603e-10	3.819891e+00	7.137309e+01	1.101865e+04
3.752571e+00	1.050720e+02	1.283970e-10	3.819859e+00	7.136888e+01	1.108571e+04
3.759679e+00	1.052710e+02	1.284352e-10	3.819827e+00	7.136464e+01	1.115919e+04
3.766786e+00	1.054700e+02	1.284746e-10	3.819795e+00	7.136038e+01	1.123995e+04
3.773893e+00	1.056690e+02	1.285155e-10	3.819762e+00	7.135611e+01	1.132849e+04
3.781000e+00	1.058680e+02	1.285576e-10	3.819730e+00	7.135181e+01	1.142450e+04
3.788107e+00	1.060670e+02	1.286010e-10	3.819697e+00	7.134749e+01	1.152666e+04
3.795214e+00	1.062660e+02	1.286458e-10	3.819664e+00	7.134312e+01	1.163274e+04
3.802321e+00	1.064650e+02	1.286919e-10	3.819631e+00	7.133869e+01	1.173978e+04
3.809429e+00	1.066640e+02	1.287393e-10	3.819598e+00	7.133416e+01	1.184448e+04
3.816536e+00	1.068630e+02	1.287879e-10	3.819565e+00	7.132950e+01	1.194361e+04
3.823643e+00	1.070620e+02	1.288377e-10	3.819532e+00	7.132468e+01	1.203445e+04
3.830750e+00	1.072610e+02	1.288888e-10	3.819499e+00	7.131966e+01	1.211502e+04
3.837857e+00	1.074600e+02	1.289410e-10	3.819466e+00	7.131441e+01	1.218418e+04
3.844964e+00	1.076590e+02	1.289945e-10	3.819433e+00	7.130889e+01	1.224145e+04
3.852071e+00	1.078580e+02	1.290490e-10	3.819400e+00	7.130311e+01	1.228660e+04
3.859179e+00	1.080570e+02	1.291045e-10	3.819366e+00	7.129707e+01	1.231921e+04
3.866286e+00	1.082560e+02	1.291613e-10	3.819333e+00	7.129080e+01	1.233824e+04
3.873393e+00	1.084550e+02	1.292189e-10	3.819300e+00	7.128433e+01	1.234192e+04
3.880500e+00	1.086540e+02	1.292776e-10	3.819267e+00	7.127771e+01	1.232793e+04
3.887607e+00	1.088530e+02	1.293373e-10	3.819234e+00	7.127096e+01	1.229380e+04
3.894714e+00	1.090520e+02	1.293978e-10	3.819202e+00	7.126407e+01	1.223748e+04
3.901821e+00	1.092510e+02	1.294593e-10	3.819169e+00	7.125705e+01	1.215777e+04
3.908929e+00	1.094500e+02	1.295215e-10	3.819136e+00	7.124985e+01	1.205463e+04
3.916036e+00	1.096490e+02	1.295847e-10	3.819104e+00	7.124245e+01	1.192932e+04
3.923143e+00	1.098480e+02	1.296485e-10	3.819071e+00	7.123483e+01	1.178429e+04
3.930250e+00	1.100470e+02	1.297131e-10	3.819039e+00	7.122698e+01	1.162295e+04
3.937357e+00	1.102460e+02	1.297783e-10	3.819007e+00	7.121892e+01	1.144919e+04
3.944464e+00	1.104450e+02	1.298443e-10	3.818974e+00	7.121065e+01	1.126697e+04
3.951571e+00	1.106440e+02	1.299111e-10	3.818942e+00	7.120221e+01	1.108003e+04
3.958679e+00	1.108430e+02	1.299781e-10	3.818910e+00	7.119363e+01	1.089167e+04
3.965786e+00	1.110420e+02	1.300459e-10	3.818877e+00	7.118500e+01	1.070469e+04
3.972893e+00	1.112410e+02	1.301142e-10	3.818845e+00	7.117642e+01	1.052154e+04
3.980000e+00	1.114400e+02	1.301832e-10	3.818812e+00	7.116803e+01	1.034434e+04
3.987107e+00	1.116390e+02	1.302526e-10	3.818780e+00	7.115999e+01	1.017481e+04
3.994214e+00	1.118380e+02	1.303225e-10	3.818747e+00	7.115244e+01	1.001408e+04
4.001321e+00	1.120370e+02	1.303928e-10	3.818715e+00	7.114547e+01	9.862387e+03
4.008429e+00	1.122360e+02	1.304638e-10	3.818682e+00	7.113911e+01	9.719059e+03
4.015536e+00	1.124350e+02	1.305351e-10	3.818650e+00	7.113330e+01	9.582900e+03
4.022643e+00	1.126340e+02	1.306068e-10	3.818617e+00	7.112789e+01	9.453095e+03
4.029750e+00	1.128330e+02	1.306787e-10	3.818584e+00	7.112273e+01	9.330106e+03
4.036857e+00	1.130320e+02	1.307511e-10	3.818552e+00	7.111763e+01	9.216036e+03
4.043964e+00	1.132310e+02	1.308234e-10	3.818519e+00	7.111249e+01	9.114076e+03
4.051071e+00	1.134300e+02	1.308959e-10	3.818487e+00	7.110723e+01	9.027200e+03
4.058179e+00	1.136290e+02	1.309686e-10	3.818454e+00	7.110186e+01	8.956674e+03
4.065286e+00	1.138280e+02	1.310414e-10	3.818421e+00	7.109644e+01	8.901160e+03
4.072393e+00	1.140270e+02	1.311141e-10	3.818389e+00	7.109103e+01	8.856811e+03
4.079500e+00	1.142260e+02	1.311870e-10	3.818356e+00	7.108569e+01	8.818195e+03
4.086607e+00	1.144250e+02	1.312597e-10	3.818324e+00	7.108043e+01	8.779597e+03
4.093714e+00	1.146240e+02	1.313321e-10	3.818291e+00	7.107525e+01	8.736220e+03
4.100821e+00	1.148230e+02	1.314044e-10	3.818258e+00	7.107011e+01	8.685041e+03
4.107929e+00	1.150220e+02	1.314768e-10	3.818225e+00	7.106499e+01	8.625288e+03
4.115036e+00	1.152210e+02	1.315486e-10	3.818192e+00	7.105987e+01	8.558578e+03
4.122143e+00	1.154200e+02	1.316204e-10	3.818159e+00	7.105477e+01	8.488691e+03
4.129250e+00	1.156190e+02	1.316918e-10	3.818127e+00	7.104975e+01	8.420890e+03
4.136357e+00	1.158180e+02	1.317628e-10	3.818094e+00	7.104491e+01	8.360758e+03
4.143464e+00	1.160170e+02	1.318336e-10	3.818062e+00	7.104038e+01	8.312633e+03
4.150571e+00	1.162160e+02	1.319039e-10	3.818029e+00	7.103629e+01	8.278172e+03
4.157679e+00	1.164150e+02	1.319741e-10	3.817998e+00	7.103273e+01	8.255801e+03
4.164786e+00	1.166140e+02	1.320436e-10	3.817966e+00	7.102969e+01	8.241478e+03
4.171893e+00	1.168130e+02	1.321127e-10	3.817934e+00	7.102703e+01	8.230549e+03
4.179000e+00	1.170120e+02	1.321814e-10	3.817903e+00	7.102455e+01	8.219642e+03
4.186107e+00	1.172110e+02	1.322495e-10	3.817871e+00	7.102196e+01	8.207593e+03
4.193214e+00	1.174100e+02	1.323171e-10	3.817839e+00	7.101901e+01	8.195244e+03
4.200321e+00	1.176090e+02	1.323842e-10	3.817808e+00	7.101552e+01	8.184528e+03
4.207429e+00	1.178080e+02	1.324508e-10	3.817776e+00	7.101136e+01	8.177707e+03
4.214536e+00	1.180070e+02	1.325168e-10	3.817743e+00	7.100656e+01	8.177033e+03
4.221643e+00	1.182060e+02	1.325822e-10	3.817711e+00	7.100121e+01	8.184533e+03
4.228750e+00	1.184050e+02	1.326473e-10	3.817679e+00	7.099546e+01	8.201589e+03
4.235857e+00	1.186040e+02	1.327118e-10	3.817646e+00	7.098950e+01	8.228421e+03
4.242964e+00	1.188030e+02	1.327760e-10	3.817614e+00	7.098350e+01	8.263777e+03
4.250071e+00	1.190020e+02	1.328397e-10	3.817581e+00	7.097759e+01	8.305130e+03
4.257179e+00	1.192010e+02	1.329030e-10	3.817549e+00	7.097185e+01	8.349313e+03
4.264286e+00	1.194000e+02	1.329660e-10	3.817516e+00	7.096634e+01	8.393278e+03
4.271393e+00	1.195990e+02	1.330288e-10	3.817484e+00	7.096110e+01	8.434694e+03
4.278500e+00	1.197980e+02	1.330911e-10	3.817452e+00	7.095619e+01	8.472226e+03
4.285607e+00	1.199970e+02	1.331532e-10	3.817420e+00	7.095168e+01	8.505505e+03
4.292714e+00	1.201960e+02	1.332151e-10	3.817388e+00	7.094760e+01	8.534832e+03
4.299821e+00	1.203950e+02	1.332768e-10	3.817356e+00	7.094400e+01	8.560773e+03
4.306929e+00	1.205940e+02	1.333386e-10	3.817323e+00	7.094083e+01	8.583837e+03
4.314036e+00	1.207930e+02	1.334001e-10	3.817291e+00	7.093798e+01	8.604423e+03
4.321143e+00	1.209920e+02	1.334615e-10	3.817259e+00	7.093525e+01	8.623100e+03
4.328250e+00	1.211910e+02	1.335230e-10	3.817226e+00	7.093240e+01	8.640949e+03
4.335357e+00	1.213900e+02	1.335848e-10	3.817193e+00	7.092922e+01	8.659649e+03
4.342464e+00	1.215890e+02	1.336463e-10	3.817161e+00	7.092557e+01	8.681104e+03
4.349571e+00	1.217880e+02	1.337084e-10	3.817128e+00	7.092145e+01	8.706847e+03
4.356679e+00	1.219870e+02	1.337707e-10	3.817096e+00	7.091697e+01	8.737552e+03
4.363786e+00	1.221860e+02	1.338335e-10	3.817065e+00	7.091238e+01	8.772947e+03
4.370893e+00	1.223850e+02	1.338967e-10	3.817033e+00	7.090791e+01	8.811996e+03
4.378000e+00	1.225840e+02	1.339605e-10	3.817001e+00	7.090372e+01	8.853298e+03
4.385107e+00	1.227830e+02	1.340251e-10	3.816970e+00	7.089980e+01	8.895774e+03
4.392214e+00	1.229820e+02	1.340905e-10	3.816938e+00	7.089598e+01	8.939664e+03
4.399321e+00	1.231810e+02	1.341568e-10	3.816906e+00	7.089203e+01	8.987368e+03
4.406429e+00	1.233800e+02	1.342241e-10	3.816874e+00	7.088777e+01	9.043192e+03
4.413536e+00	1.235790e+02	1.342922e-10	3.816842e+00	7.088316e+01	9.111576e+03
4.420643e+00	1.237780e+02	1.343618e-10	3.816809e+00	7.087835e+01	9.194486e+03
4.427750e+00	1.239770e+02	1.344327e-10	3.816777e+00	7.087362e+01	9.289709e+03
4.434857e+00	1.241760e+02	1.345049e-10	3.816744e+00	7.086923e+01	9.391492e+03
4.441964e+00	1.243750e+02	1.345788e-10	3.816711e+00	7.086529e+01	9.493298e+03
4.449071e+00	1.245740e+02	1.346543e-10	3.816678e+00	7.086173e+01	9.590752e+03
4.456179e+00	1.247730e+02	1.347316e-10	3.816645e+00	7.085828e+01	9.682850e+03
4.463286e+00	1.249720e+02	1.348107e-10	3.816612e+00	7.085461e+01	9.770962e+03
4.470393e+00	1.251710e+02	1.348919e-10	3.816579e+00	7.085046e+01	9.856936e+03
4.477500e+00	1.253700e+02	1.349750e-10	3.816547e+00	7.084571e+01	9.942073e+03
4.484607e+00	1.255690e+02	1.350606e-10	3.816515e+00	7.084042e+01	1.002728e+04
4.491714e+00	1.257680e+02	1.351484e-10	3.816484e+00	7.083484e+01	1.011334e+04
4.498821e+00	1.259670e+02	1.352384e-10	3.816452e+00	7.082930e+01	1.020033e+04
4.505929e+00	1.261660e+02	1.353311e-10	3.816421e+00	7.082402e+01	1.028650e+04
4.513036e+00	1.263650e+02	1.354268e-10	3.816389e+00	7.081908e+01	1.036785e+04
4.520143e+00	1.265640e+02	1.355249e-10	3.816356e+00	7.081430e+01	1.043963e+04
4.527250e+00	1.267630e+02	1.356261e-10	3.816323e+00	7.080937e+01	1.049899e+04
4.534357e+00	1.269620e+02	1.357302e-10	3.816289e+00	7.080401e+01	1.054641e+04
4.541464e+00	1.271610e+02	1.358376e-10	3.816255e+00	7.079814e+01	1.058458e+04
4.548571e+00	1.273600e+02	1.359478e-10	3.816221e+00	7.079191e+01	1.061557e+04
4.555679e+00	1.275590e+02	1.360618e-10	3.816187e+00	7.078564e+01	1.063854e+04
4.562786e+00	1.277580e+02	1.361790e-10	3.816153e+00	7.077957e+01	1.065087e+04
4.569893e+00	1.279570e+02	1.363000e-10	3.816119e+00	7.077381e+01	1.065238e+04
4.577000e+00	1.281560e+02	1.364247e-10	3.816086e+00	7.076829e+01	1.064840e+04
4.584107e+00	1.283550e+02	1.365531e-10	3.816052e+00	7.076282e+01	1.064711e+04
4.591214e+00	1.285540e+02	1.366855e-10	3.816020e+00	7.075723e+01	1.065231e+04
4.598321e+00	1.287530e+02	1.368216e-10	3.815987e+00	7.075133e+01	1.065980e+04
4.605429e+00	1.289520e+02	1.369616e-10	3.815955e+00	7.074503e+01	1.066270e+04
4.612536e+00	1.291510e+02	1.371052e-10	3.815923e+00	7.073840e+01	1.065981e+04
4.619643e+00	1.293500e+02	1.372527e-10	3.815890e+00	7.073172e+01	1.065625e+04
4.626750e+00	1.295490e+02	1.374040e-10	3.815858e+00	7.072531e+01	1.065609e+04
4.633857e+00	1.297480e+02	1.375598e-10	3.815826e+00	7.071949e+01	1.065772e+04
4.640964e+00	1.299470e+02	1.377197e-10	3.815795e+00	7.071439e+01	1.065660e+04
4.648071e+00	1.301460e+02	1.378839e-10	3.815763e+00	7.070999e+01	1.064853e+04
4.655179e+00	1.303450e+02	1.380522e-10	3.815731e+00	7.070606e+01	1.063028e+04
4.662286e+00	1.305440e+02	1.382249e-10	3.815700e+00	7.070225e+01	1.060259e+04
4.669393e+00	1.307430e+02	1.384013e-10	3.815669e+00	7.069823e+01	1.057358e+04
4.676500e+00	1.309420e+02	1.385817e-10	3.815637e+00	7.069387e+01	1.055386e+04
4.683607e+00	1.311410e+02	1.387663e-10	3.815605e+00	7.068914e+01	1.054557e+04
4.690714e+00	1.313400e+02	1.389548e-10	3.815572e+00	7.068393e+01	1.053987e+04
4.697821e+00	1.315390e+02	1.391475e-10	3.815540e+00	7.067802e+01	1.052735e+04
4.704929e+00	1.317380e+02	1.393439e-10	3.815506e+00	7.067137e+01	1.050818e+04
4.712036e+00	1.319370e+02	1.395443e-10	3.815473e+00	7.066428e+01	1.048894e+04
4.719143e+00	1.321360e+02	1.397483e-10	3.815440e+00	7.065724e+01	1.047031e+04
4.726250e+00	1.323350e+02	1.399559e-10	3.815407e+00	7.065066e+01	1.044415e+04
4.733357e+00	1.325340e+02	1.401676e-10	3.815374e+00	7.064461e+01	1.040622e+04
4.740464e+00	1.327330e+02	1.403827e-10	3.815342e+00	7.063892e+01	1.036376e+04
4.747571e+00	1.329320e+02	1.406012e-10	3.815311e+00	7.063325e+01	1.032470e+04
4.754679e+00	1.331310e+02	1.408230e-10	3.815280e+00	7.062752e+01	1.028853e+04
4.761786e+00	1.333300e+02	1.410477e-10	3.815249e+00	7.062219e+01	1.025250e+04
4.768893e+00	1.335290e+02	1.412757e-10	3.815218e+00	7.061799e+01	1.022052e+04
4.776000e+00	1.337280e+02	1.415070e-10	3.815187e+00	7.061493e+01	1.020498e+04
4.783107e+00	1.339270e+02	1.417421e-10	3.815156e+00	7.061186e+01	1.021641e+04
4.790214e+00	1.341260e+02	1.419796e-10	3.815125e+00	7.060726e+01	1.024246e+04
4.797321e+00	1.343250e+02	1.422197e-10	3.815094e+00	7.060080e+01	1.024655e+04
4.804429e+00	1.345240e+02	1.424612e-10	3.815062e+00	7.059376e+01	1.020553e+04
4.811536e+00	1.347230e+02	1.427049e-10	3.815031e+00	7.058784e+01	1.014195e+04
4.818643e+00	1.349220e+02	1.429515e-10	3.814998e+00	7.058356e+01	1.009665e+04
4.825750e+00	1.351210e+02	1.432006e-10	3.814966e+00	7.057983e+01	1.008162e+04
4.832857e+00	1.353200e+02	1.434514e-10	3.814933e+00	7.057538e+01	1.008489e+04
4.839964e+00	1.355190e+02	1.437026e-10	3.814901e+00	7.057009e+01	1.009168e+04
4.847071e+00	1.357180e+02	1.439549e-10	3.814868e+00	7.056423e+01	1.008761e+04
4.854179e+00	1.359170e+02	1.442082e-10	3.814835e+00	7.055753e+01	1.007479e+04
4.861286e+00	1.361160e+02	1.444631e-10	3.814802e+00	7.054986e+01	1.005930e+04
4.868393e+00	1.363150e+02	1.447192e-10	3.814769e+00	7.054192e+01	1.002674e+04
4.875500e+00	1.365140e+02	1.449760e-10	3.814737e+00	7.053508e+01	9.970540e+03
4.882607e+00	1.367130e+02	1.452336e-10	3.814705e+00	7.052993e+01	9.902836e+03
4.889714e+00	1.369120e+02	1.454911e-10	3.814673e+00	7.052536e+01	9.837562e+03
4.896821e+00	1.371110e+02	1.457485e-10	3.814641e+00	7.051997e+01	9.788858e+03
4.903929e+00	1.373100e+02	1.460048e-10	3.814608e+00	7.051364e+01	9.778364e+03
4.911036e+00	1.375090e+02	1.462595e-10	3.814575e+00	7.050713e+01	9.811834e+03
4.918143e+00	1.377080e+02	1.465136e-10	3.814542e+00	7.050051e+01	9.850092e+03
4.925250e+00	1.379070e+02	1.467674e-10	3.814508e+00	7.049355e+01	9.854370e+03
4.932357e+00	1.381060e+02	1.470197e-10	3.814475e+00	7.048617e+01	9.829336e+03
4.939464e+00	1.383050e+02	1.472700e-10	3.814443e+00	7.047841e+01	9.832802e+03
4.946571e+00	1.385040e+02	1.475187e-10	3.814412e+00	7.047172e+01	9.902835e+03
4.953679e+00	1.387030e+02	1.477660e-10	3.814381e+00	7.046751e+01	9.979137e+03
4.960786e+00	1.389020e+02	1.480119e-10	3.814349e+00	7.046479e+01	9.997670e+03
4.967893e+00	1.391010e+02	1.482550e-10	3.814317e+00	7.046099e+01	9.987846e+03
4.975000e+00	1.393000e+02	1.484941e-10	3.814285e+00	7.045469e+01	1.000059e+04
4.982107e+00	1.394990e+02	1.487297e-10	3.814254e+00	7.044645e+01	1.001701e+04
4.989214e+00	1.396980e+02	1.489612e-10	3.814223e+00	7.043797e+01	1.004643e+04
4.996321e+00	1.398970e+02	1.491877e-10	3.814193e+00	7.043230e+01	1.013323e+04
5.003429e+00	1.400960e+02	1.494101e-10	3.814162e+00	7.043094e+01	1.017520e+04
5.010536e+00	1.402950e+02	1.496272e-10	3.814131e+00	7.043062e+01	1.011491e+04
5.017643e+00	1.404940e+02	1.498390e-10	3.814100e+00	7.042772e+01	1.015940e+04
5.024750e+00	1.406930e+02	1.500440e-10	3.814069e+00	7.042274e+01	1.040762e+04
5.031857e+00	1.408920e+02	1.502425e-10	3.814036e+00	7.041824e+01	1.061720e+04
5.038964e+00	1.410910e+02	1.504361e-10	3.814003e+00	7.041510e+01	1.063042e+04
5.046071e+00	1.412900e+02	1.506241e-10	3.813971e+00	7.041256e+01	1.057982e+04
5.053179e+00	1.414890e+02	1.508049e-10	3.813940e+00	7.040935e+01	1.054335e+04
5.060286e+00	1.416880e+02	1.509770e-10	3.813909e+00	7.040546e+01	1.052506e+04
5.067393e+00	1.418870e+02	1.511409e-10	3.813876e+00	7.040097e+01	1.060872e+04
5.074500e+00	1.420860e+02	1.512980e-10	3.813842e+00	7.039478e+01	1.077649e+04
5.081607e+00	1.422850e+02	1.514498e-10	3.813809e+00	7.038634e+01	1.083724e+04
5.088714e+00	1.424840e+02	1.515964e-10	3.813777e+00	7.037772e+01	1.083889e+04
5.095821e+00	1.426830e+02	1.517379e-10	3.813745e+00	7.037051e+01	1.087275e+04
5.102929e+00	1.428820e+02	1.518732e-10	3.813712e+00	7.036448e+01	1.084244e+04
5.110036e+00	1.430810e+02	1.520026e-10	3.813679e+00	7.036196e+01	1.086513e+04
5.117143e+00	1.432800e+02	1.521271e-10	3.813647e+00	7.036144e+01	1.101715e+04
5.124250e+00	1.434790e+02	1.522460e-10	3.813617e+00	7.035708e+01	1.131804e+04
5.131357e+00	1.436780e+02	1.523575e-10	3.813586e+00	7.034732e+01	1.162596e+04
5.138464e+00	1.438770e+02	1.524628e-10	3.813553e+00	7.033258e+01	1.164573e+04
5.145571e+00	1.440760e+02	1.525664e-10	3.813520e+00	7.032013e+01	1.160323e+04
5.152679e+00	1.442750e+02	1.526709e-10	3.813488e+00	7.031960e+01	1.174028e+04
5.159786e+00	1.444740e+02	1.527722e-10	3.813458e+00	7.032544e+01	1.196672e+04
5.166893e+00	1.446730e+02	1.528669e-10	3.813428e+00	7.032325e+01	1.205804e+04
5.174000e+00	1.448720e+02	1.529560e-10	3.813398e+00	7.031122e+01	1.209613e+04
5.181107e+00	1.450710e+02	1.530444e-10	3.813366e+00	7.030374e+01	1.221279e+04
5.188214e+00	1.452700e+02	1.531336e-10	3.813335e+00	7.030321e+01	1.227725e+04
5.195321e+00	1.454690e+02	1.532206e-10	3.813304e+00	7.030316e+01	1.247950e+04
5.202429e+00	1.456680e+02	1.533029e-10	3.813272e+00	7.029849e+01	1.260561e+04
5.209536e+00	1.458670e+02	1.533840e-10	3.813239e+00	7.028252e+01	1.251982e+04
5.216643e+00	1.460660e+02	1.534667e-10	3.813207e+00	7.026354e+01	1.266061e+04
5.223750e+00	1.462650e+02	1.535493e-10	3.813175e+00	7.025113e+01	1.278199e+04
5.230857e+00	1.464640e+02	1.536289e-10	3.813143e+00	7.024846e+01	1.265908e+04
5.237964e+00	1.466630e+02	1.537046e-10	3.813110e+00	7.025014e+01	1.252346e+04
5.245071e+00	1.468620e+02	1.537772e-10	3.813076e+00	7.024531e+01	1.252007e+04
5.252179e+00	1.470610e+02	1.538484e-10	3.813043e+00	7.023777e+01	1.272960e+04
5.259286e+00	1.472600e+02	1.539213e-10	3.813011e+00	7.023725e+01	1.311303e+04
5.266393e+00	1.474590e+02	1.539934e-10	3.812980e+00	7.023290e+01	1.316549e+04
5.273500e+00	1.476580e+02	1.540641e-10	3.812950e+00	7.021888e+01	1.317980e+04
5.280607e+00	1.478570e+02	1.541356e-10	3.812919e+00	7.020818e+01	1.330044e+04
5.287714e+00	1.480560e+02	1.542119e-10	3.812888e+00	7.020803e+01	1.340947e+04
5.294821e+00	1.482550e+02	1.542916e-10	3.812856e+00	7.021384e+01	1.365583e+04
5.301929e+00	1.484540e+02	1.543711e-10	3.812823e+00	7.021056e+01	1.371422e+04
5.309036e+00	1.486530e+02	1.544497e-10	3.812790e+00	7.019344e+01	1.355170e+04
5.316143e+00	1.488520e+02	1.545310e-10	3.812758e+00	7.017387e+01	1.360908e+04
5.323250e+00	1.490510e+02	1.546179e-10	3.812727e+00	7.016655e+01	1.398444e+04
5.330357e+00	1.492500e+02	1.547086e-10	3.812695e+00	7.016911e+01	1.418198e+04
5.337464e+00	1.494490e+02	1.547994e-10	3.812662e+00	7.016379e+01	1.428190e+04
5.344571e+00	1.496480e+02	1.548900e-10	3.812629e+00	7.015515e+01	1.475488e+04
5.351679e+00	1.498470e+02	1.549829e-10	3.812596e+00	7.014985e+01	1.496565e+04
5.358786e+00	1.500460e+02	1.550790e-10	3.812567e+00	7.014170e+01	1.478798e+04
5.365893e+00	1.502450e+02	1.551759e-10	3.812537e+00	7.012458e+01	1.442965e+04
5.373000e+00	1.504440e+02	1.552716e-10	3.812507e+00	7.010488e+01	1.423793e+04
5.380107e+00	1.506430e+02	1.553695e-10	3.812475e+00	7.009639e+01	1.427242e+04
5.387214e+00	1.508420e+02	1.554701e-10	3.812442e+00	7.009210e+01	1.430586e+04
5.394321e+00	1.510410e+02	1.555709e-10	3.812410e+00	7.007662e+01	1.440162e+04
5.401429e+00	1.512400e+02	1.556713e-10	3.812379e+00	7.005953e+01	1.465368e+04
5.408536e+00	1.514390e+02	1.557770e-10	3.812346e+00	7.005751e+01	1.475592e+04
5.415643e+00	1.516380e+02	1.558888e-10	3.812313e+00	7.006501e+01	1.472383e+04
5.422750e+00	1.518370e+02	1.560026e-10	3.812279e+00	7.006825e+01	1.483586e+04
5.429857e+00	1.520360e+02	1.561166e-10	3.812247e+00	7.006279e+01	1.498691e+04
5.436964e+00	1.522350e+02	1.562332e-10	3.812216e+00	7.004852e+01	1.500756e+04
5.444071e+00	1.524340e+02	1.563535e-10	3.812185e+00	7.003172e+01	1.526246e+04
5.451179e+00	1.526330e+02	1.564761e-10	3.812155e+00	7.002130e+01	1.576706e+04
5.458286e+00	1.528320e+02	1.566036e-10	3.812124e+00	7.001562e+01	1.601727e+04
5.465393e+00	1.530310e+02	1.567382e-10	3.812091e+00	7.001670e+01	1.616106e+04
5.472500e+00	1.532300e+02	1.568778e-10	3.812059e+00	7.002589e+01	1.643583e+04
5.479607e+00	1.534290e+02	1.570201e-10	3.812025e+00	7.002799e+01	1.666305e+04
5.486714e+00	1.536280e+02	1.571631e-10	3.811992e+00	7.001205e+01	1.684315e+04
5.493821e+00	1.538270e+02	1.573095e-10	3.811959e+00	6.998537e+01	1.687380e+04
5.500929e+00	1.540260e+02	1.574603e-10	3.811927e+00	6.995944e+01	1.666971e+04
5.508036e+00	1.542250e+02	1.576160e-10	3.811896e+00	6.994596e+01	1.668812e+04
5.515143e+00	1.544240e+02	1.577765e-10	3.811865e+00	6.994934e+01	1.700198e+04
5.522250e+00	1.546230e+02	1.579409e-10	3.811833e+00	6.995484e+01	1.711147e+04
5.529357e+00	1.548220e+02	1.581077e-10	3.811800e+00	6.994634e+01	1.709699e+04
5.536464e+00	1.550210e+02	1.582762e-10	3.811768e+00	6.992586e+01	1.736835e+04
5.543571e+00	1.552200e+02	1.584475e-10	3.811736e+00	6.990223e+01	1.773234e+04
5.550679e+00	1.554190e+02	1.586235e-10	3.811706e+00	6.988086e+01	1.793380e+04
5.557786e+00	1.556180e+02	1.588055e-10	3.811677e+00	6.986873e+01	1.815062e+04
5.564893e+00	1.558170e+02	1.589921e-10	3.811648e+00	6.986822e+01	1.841282e+04
5.572000e+00	1.560160e+02	1.591829e-10	3.811618e+00	6.987196e+01	1.866364e+04
5.579107e+00	1.562150e+02	1.593767e-10	3.811586e+00	6.987311e+01	1.904168e+04
5.586214e+00	1.564140e+02	1.595724e-10	3.811552e+00	6.986958e+01	1.945151e+04
5.593321e+00	1.566130e+02	1.597699e-10	3.811517e+00	6.986046e+01	1.956024e+04
5.600429e+00	1.568120e+02	1.599703e-10	3.811484e+00	6.984667e+01	1.933757e+04
5.607536e+00	1.570110e+02	1.601739e-10	3.811453e+00	6.983100e+01	1.909076e+04
5.614643e+00	1.572100e+02	1.603796e-10	3.811422e+00	6.981573e+01	1.908462e+04
5.621750e+00	1.574090e+02	1.605870e-10	3.811392e+00	6.980268e+01	1.935124e+04
5.628857e+00	1.576080e+02	1.607966e-10	3.811361e+00	6.979324e+01	1.974694e+04
5.635964e+00	1.578070e+02	1.610092e-10	3.811328e+00	6.978714e+01	2.015999e+04
5.643071e+00	1.580060e+02	1.612234e-10	3.811295e+00	6.978298e+01	2.061207e+04
5.650179e+00	1.582050e+02	1.614380e-10	3.811262e+00	6.977888e+01	2.105484e+04
5.657286e+00	1.584040e+02	1.616525e-10	3.811231e+00	6.977269e+01	2.133223e+04
5.664393e+00	1.586030e+02	1.618678e-10	3.811200e+00	6.976465e+01	2.146528e+04
5.671500e+00	1.588020e+02	1.620850e-10	3.811169e+00	6.975732e+01	2.167184e+04
5.678607e+00	1.590010e+02	1.623035e-10	3.811136e+00	6.975022e+01	2.202766e+04
5.685714e+00	1.592000e+02	1.625213e-10	3.811103e+00	6.973899e+01	2.237325e+04
5.692821e+00	1.593990e+02	1.627382e-10	3.811069e+00	6.972313e+01	2.262278e+04
5.699929e+00	1.595980e+02	1.629552e-10	3.811035e+00	6.970866e+01	2.288497e+04
5.707036e+00	1.597970e+02	1.631727e-10	3.811000e+00	6.969895e+01	2.320534e+04
5.714143e+00	1.599960e+02	1.633884e-10	3.810965e+00	6.968885e+01	2.342132e+04
5.721250e+00	1.601950e+02	1.636007e-10	3.810932e+00	6.967249e+01	2.342991e+04
5.728357e+00	1.603940e+02	1.638106e-10	3.810901e+00	6.965195e+01	2.337416e+04
5.735464e+00	1.605930e+02	1.640191e-10	3.810871e+00	6.963344e+01	2.344876e+04
5.742571e+00	1.607920e+02	1.642255e-10	3.810842e+00	6.961936e+01	2.373165e+04
5.749679e+00	1.609910e+02	1.644301e-10	3.810812e+00	6.960783e+01	2.419576e+04
5.756786e+00	1.611900e+02	1.646319e-10	3.810781e+00	6.959778e+01	2.479095e+04
5.763893e+00	1.613890e+02	1.648317e-10	3.810748e+00	6.958933e+01	2.543195e+04
5.771000e+00	1.615880e+02	1.650285e-10	3.810714e+00	6.958045e+01	2.595347e+04
5.778107e+00	1.617870e+02	1.652210e-10	3.810681e+00	6.956795e+01	2.624861e+04
5.785214e+00	1.619860e+02	1.654085e-10	3.810648e+00	6.955170e+01	2.638231e+04
5.792321e+00	1.621850e+02	1.655914e-10	3.810617e+00	6.953428e+01	2.643057e+04
5.799429e+00	1.623840e+02	1.657703e-10	3.810589e+00	6.951861e+01	2.640628e+04
5.806536e+00	1.625830e+02	1.659454e-10	3.810562e+00	6.950711e+01	2.627882e+04
5.813643e+00	1.627820e+02	1.661169e-10	3.810537e+00	6.949957e+01	2.603938e+04
5.820750e+00	1.629810e+02	1.662838e-10	3.810512e+00	6.949210e+01	2.579859e+04
5.827857e+00	1.631800e+02	1.664441e-10	3.810484e+00	6.948124e+01	2.573745e+04
5.834964e+00	1.633790e+02	1.665976e-10	3.810452e+00	6.946864e+01	2.594605e+04
5.842071e+00	1.635780e+02	1.667453e-10	3.810417e+00	6.945732e+01	2.632858e+04
5.849179e+00	1.637770e+02	1.668876e-10	3.810381e+00	6.944755e+01	2.680774e+04
5.856286e+00	1.639760e+02	1.670228e-10	3.810346e+00	6.943647e+01	2.720098e+04
5.863393e+00	1.641750e+02	1.671496e-10	3.810313e+00	6.942142e+01	2.731553e+04
5.870500e+00	1.643740e+02	1.672687e-10	3.810280e+00	6.940609e+01	2.716014e+04
5.877607e+00	1.645730e+02	1.673829e-10	3.810244e+00	6.939386e+01	2.679183e+04
5.884714e+00	1.647720e+02	1.674915e-10	3.810208e+00	6.938339e+01	2.650721e+04
5.891821e+00	1.649710e+02	1.675931e-10	3.810172e+00	6.936877e+01	2.635369e+04
5.898929e+00	1.651700e+02	1.676870e-10	3.810138e+00	6.934792e+01	2.624380e+04
5.906036e+00	1.653690e+02	1.677754e-10	3.810105e+00	6.933051e+01	2.630732e+04
5.913143e+00	1.655680e+02	1.678593e-10	3.810073e+00	6.932122e+01	2.650349e+04
5.920250e+00	1.657670e+02	1.679379e-10	3.810041e+00	6.931504e+01	2.683623e+04
5.927357e+00	1.659660e+02	1.680102e-10	3.810008e+00	6.930736e+01	2.731235e+04
5.934464e+00	1.661650e+02	1.680783e-10	3.809974e+00	6.929644e+01	2.778098e+04
5.941571e+00	1.663640e+02	1.681435e-10	3.809939e+00	6.928099e+01	2.818029e+04
5.948679e+00	1.665630e+02	1.682032e-10	3.809905e+00	6.925620e+01	2.852688e+04
5.955786e+00	1.667620e+02	1.682549e-10	3.809872e+00	6.922264e+01	2.888389e+04
5.962893e+00	1.669610e+02	1.682996e-10	3.809840e+00	6.919035e+01	2.917972e+04
5.970000e+00	1.671600e+02	1.683405e-10	3.809810e+00	6.916884e+01	2.932277e+04
5.977107e+00	1.673590e+02	1.683792e-10	3.809781e+00	6.915571e+01	2.934115e+04
5.984214e+00	1.675580e+02	1.684131e-10	3.809755e+00	6.914197e+01	2.931266e+04
5.991321e+00	1.677570e+02	1.684407e-10	3.809730e+00	6.912585e+01	2.922155e+04
5.998429e+00	1.679560e+02	1.684656e-10	3.809704e+00	6.911279e+01	2.909544e+04
6.005536e+00	1.681550e+02	1.684889e-10	3.809680e+00	6.910147e+01	2.913127e+04
6.012643e+00	1.683540e+02	1.685081e-10	3.809655e+00	6.908326e+01	2.927837e+04
6.019750e+00	1.685530e+02	1.685211e-10	3.809631e+00	6.905911e+01	2.937358e+04
6.026857e+00	1.687520e+02	1.685305e-10	3.809604e+00	6.904327e+01	2.941578e+04
6.033964e+00	1.689510e+02	1.685390e-10	3.809574e+00	6.904003e+01	2.937554e+04
6.041071e+00	1.691500e+02	1.685462e-10	3.809542e+00	6.904328e+01	2.940532e+04
6.048179e+00	1.693490e+02	1.685483e-10	3.809508e+00	6.904583e+01	2.955364e+04
6.055286e+00	1.695480e+02	1.685448e-10	3.809472e+00	6.904138e+01	2.968445e+04
6.062393e+00	1.697470e+02	1.685353e-10	3.809435e+00	6.902244e+01	2.963629e+04
6.069500e+00	1.699460e+02	1.685216e-10	3.809400e+00	6.898627e+01	2.952164e+04
6.076607e+00	1.701450e+02	1.685045e-10	3.809368e+00	6.894583e+01	2.956554e+04
6.083714e+00	1.703440e+02	1.684849e-10	3.809336e+00	6.891610e+01	2.962143e+04
6.090821e+00	1.705430e+02	1.684632e-10	3.809303e+00	6.890579e+01	2.972339e+04
6.097929e+00	1.707420e+02	1.684417e-10	3.809270e+00	6.891245e+01	2.983839e+04
6.105036e+00	1.709410e+02	1.684183e-10	3.809238e+00	6.891177e+01	2.984043e+04
6.112143e+00	1.711400e+02	1.683911e-10	3.809210e+00	6.889116e+01	3.011573e+04
6.119250e+00	1.713390e+02	1.683605e-10	3.809183e+00	6.886213e+01	3.053601e+04
6.126357e+00	1.715380e+02	1.683297e-10	3.809156e+00	6.883822e+01	3.086634e+04
6.133464e+00	1.717370e+02	1.682997e-10	3.809130e+00	6.882373e+01	3.106448e+04
6.140571e+00	1.719360e+02	1.682696e-10	3.809104e+00	6.881717e+01	3.127597e+04
6.147679e+00	1.721350e+02	1.682386e-10	3.809077e+00	6.881391e+01	3.153221e+04
6.154786e+00	1.723340e+02	1.682048e-10	3.809050e+00	6.880123e+01	3.160566e+04
6.161893e+00	1.725330e+02	1.681663e-10	3.809022e+00	6.877291e+01	3.144303e+04
6.169000e+00	1.727320e+02	1.681237e-10	3.808993e+00	6.873991e+01	3.110037e+04
6.176107e+00	1.729310e+02	1.680820e-10	3.808964e+00	6.871680e+01	3.069133e+04
6.183214e+00	1.731300e+02	1.680444e-10	3.808934e+00	6.871079e+01	3.068195e+04
6.190321e+00	1.733290e+02	1.680086e-10	3.808903e+00	6.871371e+01	3.110870e+04
6.197429e+00	1.735280e+02	1.679698e-10	3.808869e+00	6.870688e+01	3.149851e+04
6.204536e+00	1.737270e+02	1.679280e-10	3.808833e+00	6.868380e+01	3.171529e+04
6.211643e+00	1.739260e+02	1.678887e-10	3.808798e+00	6.865696e+01	3.186329e+04
6.218750e+00	1.741250e+02	1.678550e-10	3.808764e+00	6.864056e+01	3.195488e+04
6.225857e+00	1.743240e+02	1.678240e-10	3.808734e+00	6.863354e+01	3.197252e+04
6.232964e+00	1.745230e+02	1.677917e-10	3.808703e+00	6.862645e+01	3.202269e+04
6.240071e+00	1.747220e+02	1.677586e-10	3.808672e+00	6.861756e+01	3.233798e+04
6.247179e+00	1.749210e+02	1.677280e-10	3.808639e+00	6.860696e+01	3.282810e+04
6.254286e+00	1.751200e+02	1.677005e-10	3.808607e+00	6.859083e+01	3.326733e+04
6.261393e+00	1.753190e+02	1.676750e-10	3.808575e+00	6.856737e+01	3.348499e+04
6.268500e+00	1.755180e+02	1.676521e-10	3.808546e+00	6.853630e+01	3.351757e+04
6.275607e+00	1.757170e+02	1.676325e-10	3.808516e+00	6.850480e+01	3.363129e+04
6.282714e+00	1.759160e+02	1.676172e-10	3.808487e+00	6.847884e+01	3.366527e+04
6.289821e+00	1.761150e+02	1.676057e-10	3.808457e+00	6.845769e+01	3.347529e+04
6.296929e+00	1.763140e+02	1.675979e-10	3.808428e+00	6.844129e+01	3.334455e+04
6.304036e+00	1.765130e+02	1.675929e-10	3.808400e+00	6.842837e+01	3.348881e+04
6.311143e+00	1.767120e+02	1.675902e-10	3.808371e+00	6.841591e+01	3.372770e+04
6.318250e+00	1.769110e+02	1.675888e-10	3.808341e+00	6.840114e+01	3.371798e+04
6.325357e+00	1.771100e+02	1.675889e-10	3.808308e+00	6.838172e+01	3.344435e+04
6.332464e+00	1.773090e+02	1.675905e-10	3.808275e+00	6.835613e+01	3.326079e+04
6.339571e+00	1.775080e+02	1.675927e-10	3.808241e+00	6.832695e+01	3.342251e+04
6.346679e+00	1.777070e+02	1.675961e-10	3.808209e+00	6.830293e+01	3.375312e+04
6.353786e+00	1.779060e+02	1.676016e-10	3.808176e+00	6.829100e+01	3.392720e+04
6.360893e+00	1.781050e+02	1.676093e-10	3.808144e+00	6.828749e+01	3.389970e+04
6.368000e+00	1.783040e+02	1.676165e-10	3.808112e+00	6.828059e+01	3.381430e+04
6.375107e+00	1.785030e+02	1.676221e-10	3.808080e+00	6.826320e+01	3.373191e+04
6.382214e+00	1.787020e+02	1.676274e-10	3.808050e+00	6.823947e+01	3.362573e+04
6.389321e+00	1.789010e+02	1.676346e-10	3.808020e+00	6.821722e+01	3.357665e+04
6.396429e+00	1.791000e+02	1.676438e-10	3.807989e+00	6.819889e+01	3.374655e+04
6.403536e+00	1.792990e+02	1.676532e-10	3.807958e+00	6.818097e+01	3.413548e+04
6.410643e+00	1.794980e+02	1.676622e-10	3.807927e+00	6.816207e+01	3.458935e+04
6.417750e+00	1.796970e+02	1.676729e-10	3.807896e+00	6.814663e+01	3.498088e+04
6.424857e+00	1.798960e+02	1.676860e-10	3.807866e+00	6.813710e+01	3.525905e+04
6.431964e+00	1.800950e+02	1.677003e-10	3.807834e+00	6.812896e+01	3.547836e+04
6.439071e+00	1.802940e+02	1.677146e-10	3.807802e+00	6.811672e+01	3.575868e+04
6.446179e+00	1.804930e+02	1.677284e-10	3.807770e+00	6.810061e+01	3.616377e+04
6.453286e+00	1.806920e+02	1.677424e-10	3.807738e+00	6.808444e+01	3.663161e+04
6.460393e+00	1.808910e+02	1.677571e-10	3.807706e+00	6.806806e+01	3.704310e+04
6.467500e+00	1.810900e+02	1.677735e-10	3.807674e+00	6.804707e+01	3.733591e+04
6.474607e+00	1.812890e+02	1.677914e-10	3.807642e+00	6.801903e+01	3.750494e+04
6.481714e+00	1.814880e+02	1.678119e-10	3.807612e+00	6.798638e+01	3.758685e+04
6.488821e+00	1.816870e+02	1.678347e-10	3.807582e+00	6.795364e+01	3.768999e+04
6.495929e+00	1.818860e+02	1.678595e-10	3.807553e+00	6.792490e+01	3.793298e+04
6.503036e+00	1.820850e+02	1.678848e-10	3.807523e+00	6.790256e+01	3.831160e+04
6.510143e+00	1.822840e+02	1.679117e-10	3.807493e+00	6.788645e+01	3.869471e+04
6.517250e+00	1.824830e+02	1.679406e-10	3.807464e+00	6.787523e+01	3.902603e+04
6.524357e+00	1.826820e+02	1.679717e-10	3.807434e+00	6.786794e+01	3.940111e+04
6.531464e+00	1.828810e+02	1.680050e-10	3.807404e+00	6.786160e+01	3.983945e+04
6.538571e+00	1.830800e+02	1.680382e-10	3.807373e+00	6.785102e+01	4.020881e+04
6.545679e+00	1.832790e+02	1.680713e-10	3.807341e+00	6.783376e+01	4.040031e+04
6.552786e+00	1.834780e+02	1.681040e-10	3.807309e+00	6.781201e+01	4.044004e+04
6.559893e+00	1.836770e+02	1.681371e-10	3.807275e+00	6.778921e+01	4.044298e+04
6.567000e+00	1.838760e+02	1.681704e-10	3.807242e+00	6.776667e+01	4.049021e+04
6.574107e+00	1.840750e+02	1.682042e-10	3.807208e+00	6.774364e+01	4.061599e+04
6.581214e+00	1.842740e+02	1.682392e-10	3.807175e+00	6.771979e+01	4.084449e+04
6.588321e+00	1.844730e+02	1.682745e-10	3.807141e+00	6.769562e+01	4.114402e+04
6.595429e+00	1.846720e+02	1.683104e-10	3.807107e+00	6.767222e+01	4.147345e+04
6.602536e+00	1.848710e+02	1.683469e-10	3.807071e+00	6.765102e+01	4.182585e+04
6.609643e+00	1.850700e+02	1.683840e-10	3.807035e+00	6.763087e+01	4.217209e+04
6.616750e+00	1.852690e+02	1.684216e-10	3.806999e+00	6.760771e+01	4.249945e+04
6.623857e+00	1.854680e+02	1.684595e-10	3.806964e+00	6.758045e+01	4.283206e+04
6.630964e+00	1.856670e+02	1.684987e-10	3.806928e+00	6.755336e+01	4.310046e+04
6.638071e+00	1.858660e+02	1.685384e-10	3.806893e+00	6.753026e+01	4.317085e+04
6.645179e+00	1.860650e+02	1.685798e-10	3.806858e+00	6.750875e+01	4.301652e+04
6.652286e+00	1.862640e+02	1.686212e-10	3.806824e+00	6.748204e+01	4.277117e+04
6.659393e+00	1.864630e+02	1.686621e-10	3.806793e+00	6.744796e+01	4.265476e+04
6.666500e+00	1.866620e+02	1.687037e-10	3.806764e+00	6.741199e+01	4.277163e+04
6.673607e+00	1.868610e+02	1.687466e-10	3.806737e+00	6.738062e+01	4.305004e+04
6.680714e+00	1.870600e+02	1.687917e-10	3.806711e+00	6.735573e+01	4.333547e+04
6.687821e+00	1.872590e+02	1.688381e-10	3.806685e+00	6.733589e+01	4.347982e+04
6.694929e+00	1.874580e+02	1.688868e-10	3.806659e+00	6.732085e+01	4.342845e+04
6.702036e+00	1.876570e+02	1.689386e-10	3.806632e+00	6.731090e+01	4.323925e+04
6.709143e+00	1.878560e+02	1.689930e-10	3.806605e+00	6.730207e+01	4.298360e+04
6.716250e+00	1.880550e+02	1.690481e-10	3.806575e+00	6.728703e+01	4.270441e+04
6.723357e+00	1.882540e+02	1.691030e-10	3.806544e+00	6.726424e+01	4.250480e+04
6.730464e+00	1.884530e+02	1.691593e-10	3.806510e+00	6.724138e+01	4.248461e+04
6.737571e+00	1.886520e+02	1.692183e-10	3.806475e+00	6.722716e+01	4.265242e+04
6.744679e+00	1.888510e+02	1.692794e-10	3.806439e+00	6.722164e+01	4.291173e+04
6.751786e+00	1.890500e+02	1.693403e-10	3.806402e+00	6.721577e+01	4.310845e+04
6.758893e+00	1.892490e+02	1.693995e-10	3.806365e+00	6.720097e+01	4.317510e+04
6.766000e+00	1.894480e+02	1.694580e-10	3.806329e+00	6.717525e+01	4.315690e+04
6.773107e+00	1.896470e+02	1.695166e-10	3.806295e+00	6.714093e+01	4.315335e+04
6.780214e+00	1.898460e+02	1.695747e-10	3.806262e+00	6.710234e+01	4.326124e+04
6.787321e+00	1.900450e+02	1.696320e-10	3.806231e+00	6.706657e+01	4.351547e+04
6.794429e+00	1.902440e+02	1.696884e-10	3.806200e+00	6.704066e+01	4.382910e+04
6.801536e+00	1.904430e+02	1.697444e-10	3.806170e+00	6.702518e+01	4.407086e+04
6.808643e+00	1.906420e+02	1.698006e-10	3.806138e+00	6.701341e+01	4.420229e+04
6.815750e+00	1.908410e+02	1.698557e-10	3.806106e+00	6.699757e+01	4.426896e+04
6.822857e+00	1.910400e+02	1.699087e-10	3.806074e+00	6.697486e+01	4.432118e+04
6.829964e+00	1.912390e+02	1.699605e-10	3.806040e+00	6.694741e+01	4.436932e+04
6.837071e+00	1.914380e+02	1.700116e-10	3.806006e+00	6.691843e+01	4.446361e+04
6.844179e+00	1.916370e+02	1.700621e-10	3.805973e+00	6.689006e+01	4.472868e+04
6.851286e+00	1.918360e+02	1.701111e-10	3.805940e+00	6.686278e+01	4.516620e+04
6.858393e+00	1.920350e+02	1.701574e-10	3.805910e+00	6.683541e+01	4.560109e+04
6.865500e+00	1.922340e+02	1.702004e-10	3.805881e+00	6.680709e+01	4.587384e+04
6.872607e+00	1.924330e+02	1.702413e-10	3.805854e+00	6.677829e+01	4.594924e+04
6.879714e+00	1.926320e+02	1.702799e-10	3.805828e+00	6.675130e+01	4.591973e+04
6.886821e+00	1.928310e+02	1.703180e-10	3.805803e+00	6.672907e+01	4.592637e+04
6.893929e+00	1.930300e+02	1.703550e-10	3.805778e+00	6.671256e+01	4.606452e+04
6.901036e+00	1.932290e+02	1.703910e-10	3.805751e+00	6.670034e+01	4.633163e+04
6.908143e+00	1.934280e+02	1.704258e-10	3.805724e+00	6.668993e+01	4.662260e+04
6.915250e+00	1.936270e+02	1.704588e-10	3.805694e+00	6.667852e+01	4.681461e+04
6.922357e+00	1.938260e+02	1.704900e-10	3.805663e+00	6.666261e+01	4.689503e+04
6.929464e+00	1.940250e+02	1.705189e-10	3.805632e+00	6.663887e+01	4.693476e+04
6.936571e+00	1.942240e+02	1.705453e-10	3.805601e+00	6.660607e+01	4.690817e+04
6.943679e+00	1.944230e+02	1.705693e-10	3.805570e+00	6.656680e+01	4.674495e+04
6.950786e+00	1.946220e+02	1.705909e-10	3.805541e+00	6.652743e+01	4.649005e+04
6.957893e+00	1.948210e+02	1.706122e-10	3.805511e+00	6.649348e+01	4.628099e+04
6.965000e+00	1.950200e+02	1.706323e-10	3.805482e+00	6.646450e+01	4.627301e+04
6.972107e+00	1.952190e+02	1.706502e-10	3.805452e+00	6.643571e+01	4.654523e+04
6.979214e+00	1.954180e+02	1.706647e-10	3.805423e+00	6.640670e+01	4.701155e+04
6.986321e+00	1.956170e+02	1.706768e-10	3.805393e+00	6.638493e+01	4.744702e+04
6.993429e+00	1.958160e+02	1.706888e-10	3.805362e+00	6.637632e+01	4.768437e+04
7.000536e+00	1.960150e+02	1.706996e-10	3.805330e+00	6.637418e+01	4.766074e+04
7.007643e+00	1.962140e+02	1.707064e-10	3.805298e+00	6.636468e+01	4.735599e+04
7.014750e+00	1.964130e+02	1.707093e-10	3.805266e+00	6.634324e+01	4.687902e+04
7.021857e+00	1.966120e+02	1.707096e-10	3.805234e+00	6.631622e+01	4.641526e+04
7.028964e+00	1.968110e+02	1.707098e-10	3.805203e+00	6.628833e+01	4.611091e+04
7.036071e+00	1.970100e+02	1.707079e-10	3.805173e+00	6.625642e+01	4.603950e+04
7.043179e+00	1.972090e+02	1.707039e-10	3.805145e+00	6.621837e+01	4.628263e+04
7.050286e+00	1.974080e+02	1.706974e-10	3.805117e+00	6.618060e+01	4.682256e+04
7.057393e+00	1.976070e+02	1.706898e-10	3.805089e+00	6.615058e+01	4.741875e+04
7.064500e+00	1.978060e+02	1.706811e-10	3.805060e+00	6.612997e+01	4.786052e+04
7.071607e+00	1.980050e+02	1.706712e-10	3.805028e+00	6.611747e+01	4.808214e+04
7.078714e+00	1.982040e+02	1.706602e-10	3.804996e+00	6.611036e+01	4.806131e+04
7.085821e+00	1.984030e+02	1.706493e-10	3.804964e+00	6.610214e+01	4.782796e+04
7.092929e+00	1.986020e+02	1.706374e-10	3.804931e+00	6.608623e+01	4.751158e+04
7.100036e+00	1.988010e+02	1.706247e-10	3.804900e+00	6.606272e+01	4.722634e+04
7.107143e+00	1.990000e+02	1.706113e-10	3.804869e+00	6.603760e+01	4.702882e+04
7.114250e+00	1.991990e+02	1.705974e-10	3.804839e+00	6.601376e+01	4.692683e+04
7.121357e+00	1.993980e+02	1.705825e-10	3.804809e+00	6.598794e+01	4.689670e+04
7.128464e+00	1.995970e+02	1.705647e-10	3.804779e+00	6.595905e+01	4.693437e+04
7.135571e+00	1.997960e+02	1.705460e-10	3.804749e+00	6.593255e+01	4.701671e+04
7.142679e+00	1.999950e+02	1.705279e-10	3.804719e+00	6.591321e+01	4.711940e+04
7.149786e+00	2.001940e+02	1.705099e-10	3.804689e+00	6.589748e+01	4.724259e+04
7.156893e+00	2.003930e+02	1.704913e-10	3.804659e+00	6.587880e+01	4.737076e+04
7.164000e+00	2.005920e+02	1.704725e-10	3.804628e+00	6.585658e+01	4.742965e+04
7.171107e+00	2.007910e+02	1.704549e-10	3.804597e+00	6.583348e+01	4.736432e+04
7.178214e+00	2.009900e+02	1.704390e-10	3.804566e+00	6.580784e+01	4.723306e+04
7.185321e+00	2.011890e+02	1.704233e-10	3.804535e+00	6.577578e+01	4.715579e+04
7.192429e+00	2.013880e+02	1.704074e-10	3.804505e+00	6.574012e+01	4.719214e+04
7.199536e+00	2.015870e+02	1.703919e-10	3.804476e+00	6.571026e+01	4.733276e+04
7.206643e+00	2.017860e+02	1.703777e-10	3.804447e+00	6.569218e+01	4.753925e+04
7.213750e+00	2.019850e+02	1.703636e-10	3.804417e+00	6.568140e+01	4.773058e+04
7.220857e+00	2.021840e+02	1.703477e-10	3.804387e+00	6.566716e+01	4.784842e+04
7.227964e+00	2.023830e+02	1.703297e-10	3.804356e+00	6.564239e+01	4.789073e+04
7.235071e+00	2.025820e+02	1.703103e-10	3.804325e+00	6.560825e+01	4.787391e+04
7.242179e+00	2.027810e+02	1.702909e-10	3.804296e+00	6.557011e+01	4.782310e+04
7.249286e+00	2.029800e+02	1.702717e-10	3.804269e+00	6.553119e+01	4.778383e+04
7.256393e+00	2.031790e+02	1.702520e-10	3.804243e+00	6.549268e+01	4.783186e+04
7.263500e+00	2.033780e+02	1.702323e-10	3.804219e+00	6.545810e+01	4.801515e+04
7.270607e+00	2.035770e+02	1.702139e-10	3.804195e+00	6.543240e+01	4.829779e+04
7.277714e+00	2.037760e+02	1.701963e-10	3.804170e+00	6.541731e+01	4.861616e+04
7.284821e+00	2.039750e+02	1.701782e-10	3.804143e+00	6.541076e+01	4.892405e+04
7.291929e+00	2.041740e+02	1.701595e-10	3.804113e+00	6.541021e+01	4.919205e+04
7.299036e+00	2.043730e+02	1.701400e-10	3.804081e+00	6.541246e+01	4.937850e+04
7.306143e+00	2.045720e+02	1.701196e-10	3.804046e+00	6.541138e+01	4.943765e+04
7.313250e+00	2.047710e+02	1.700980e-10	3.804009e+00	6.540099e+01	4.935159e+04
7.320357e+00	2.049700e+02	1.700754e-10	3.803972e+00	6.538021e+01	4.915015e+04
7.327464e+00	2.051690e+02	1.700527e-10	3.803934e+00	6.535124e+01	4.890689e+04
7.334571e+00	2.053680e+02	1.700301e-10	3.803896e+00	6.531449e+01	4.870992e+04
7.341679e+00	2.055670e+02	1.700065e-10	3.803860e+00	6.526933e+01	4.863844e+04
7.348786e+00	2.057660e+02	1.699823e-10	3.803824e+00	6.521827e+01	4.873917e+04
7.355893e+00	2.059650e+02	1.699580e-10	3.803790e+00	6.516668e+01	4.900165e+04
7.363000e+00	2.061640e+02	1.699335e-10	3.803758e+00	6.511907e+01	4.937270e+04
7.370107e+00	2.063630e+02	1.699096e-10	3.803728e+00	6.507733e+01	4.978394e+04
7.377214e+00	2.065620e+02	1.698860e-10	3.803700e+00	6.504102e+01	5.016261e+04
7.384321e+00	2.067610e+02	1.698631e-10	3.803673e+00	6.500823e+01	5.045123e+04
7.391429e+00	2.069600e+02	1.698406e-10	3.803648e+00	6.497733e+01	5.062741e+04
7.398536e+00	2.071590e+02	1.698185e-10	3.803624e+00	6.494874e+01	5.069805e+04
7.405643e+00	2.073580e+02	1.697970e-10	3.803599e+00	6.492474e+01	5.068276e+04
7.412750e+00	2.075570e+02	1.697762e-10	3.803574e+00	6.490798e+01	5.061195e+04
7.419857e+00	2.077560e+02	1.697563e-10	3.803549e+00	6.489947e+01	5.052488e+04
7.426964e+00	2.079550e+02	1.697376e-10	3.803522e+00	6.489719e+01	5.044402e+04
7.434071e+00	2.081540e+02	1.697195e-10	3.803494e+00	6.489645e+01	5.035967e+04
7.441179e+00	2.083530e+02	1.697023e-10	3.803464e+00	6.489230e+01	5.025395e+04
7.448286e+00	2.085520e+02	1.696852e-10	3.803433e+00	6.488165e+01	5.013180e+04
7.455393e+00	2.087510e+02	1.696679e-10	3.803402e+00	6.486342e+01	5.002739e+04
7.462500e+00	2.089500e+02	1.696512e-10	3.803369e+00	6.483812e+01	4.998400e+04
7.469607e+00	2.091490e+02	1.696342e-10	3.803337e+00	6.480779e+01	5.000817e+04
7.476714e+00	2.093480e+02	1.696175e-10	3.803305e+00	6.477505e+01	5.004279e+04
7.483821e+00	2.095470e+02	1.696005e-10	3.803272e+00	6.474263e+01	5.002824e+04
7.490929e+00	2.097460e+02	1.695841e-10	3.803240e+00	6.471388e+01	4.997852e+04
7.498036e+00	2.099450e+02	1.695687e-10	3.803207e+00	6.469208e+01	4.995626e+04
7.505143e+00	2.101440e+02	1.695541e-10	3.803174e+00	6.467734e+01	4.999335e+04
7.512250e+00	2.103430e+02	1.695403e-10	3.803140e+00	6.466523e+01	5.007960e+04
7.519357e+00	2.105420e+02	1.695267e-10	3.803105e+00	6.465027e+01	5.020910e+04
7.526464e+00	2.107410e+02	1.695128e-10	3.803071e+00	6.463041e+01	5.038924e+04
7.533571e+00	2.109400e+02	1.694998e-10	3.803036e+00	6.460746e+01	5.062462e+04
7.540679e+00	2.111390e+02	1.694880e-10	3.803001e+00	6.458394e+01	5.090755e+04
7.547786e+00	2.113380e+02	1.694772e-10	3.802965e+00	6.456039e+01	5.119231e+04
7.554893e+00	2.115370e+02	1.694673e-10	3.802930e+00	6.453562e+01	5.140191e+04
7.562000e+00	2.117360e+02	1.694582e-10	3.802896e+00	6.450864e+01	5.146484e+04
7.569107e+00	2.119350e+02	1.694508e-10	3.802862e+00	6.447957e+01	5.135130e+04
7.576214e+00	2.121340e+02	1.694452e-10	3.802829e+00	6.444929e+01	5.108310e+04
7.583321e+00	2.123330e+02	1.694412e-10	3.802796e+00	6.441847e+01	5.069729e+04
7.590429e+00	2.125320e+02	1.694391e-10	3.802763e+00	6.438710e+01	5.022883e+04
7.597536e+00	2.127310e+02	1.694393e-10	3.802730e+00	6.435477e+01	4.973530e+04
7.604643e+00	2.129300e+02	1.694408e-10	3.802698e+00	6.432138e+01	4.931248e+04
7.611750e+00	2.131290e+02	1.694441e-10	3.802666e+00	6.428753e+01	4.906039e+04
7.618857e+00	2.133280e+02	1.694488e-10	3.802635e+00	6.425432e+01	4.902536e+04
7.625964e+00	2.135270e+02	1.694551e-10	3.802606e+00	6.422299e+01	4.918005e+04
7.633071e+00	2.137260e+02	1.694625e-10	3.802577e+00	6.419462e+01	4.944116e+04
7.640179e+00	2.139250e+02	1.694710e-10	3.802549e+00	6.416977e+01	4.970329e+04
7.647286e+00	2.141240e+02	1.694810e-10	3.802521e+00	6.414765e+01	4.988208e+04
7.654393e+00	2.143230e+02	1.694918e-10	3.802493e+00	6.412568e+01	4.994260e+04
7.661500e+00	2.145220e+02	1.695031e-10	3.802465e+00	6.410077e+01	4.988954e+04
7.668607e+00	2.147210e+02	1.695150e-10	3.802437e+00	6.407216e+01	4.973878e+04
7.675714e+00	2.149200e+02	1.695277e-10	3.802409e+00	6.404234e+01	4.950393e+04
7.682821e+00	2.151190e+02	1.695415e-10	3.802381e+00	6.401450e+01	4.920345e+04
7.689929e+00	2.153180e+02	1.695564e-10	3.802352e+00	6.398982e+01	4.887947e+04
7.697036e+00	2.155170e+02	1.695721e-10	3.802323e+00	6.396866e+01	4.859925e+04
7.704143e+00	2.157160e+02	1.695883e-10	3.802292e+00	6.395260e+01	4.842104e+04
7.711250e+00	2.159150e+02	1.696051e-10	3.802260e+00	6.394319e+01	4.837552e+04
7.718357e+00	2.161140e+02	1.696227e-10	3.802227e+00	6.393932e+01	4.845469e+04
7.725464e+00	2.163130e+02	1.696403e-10	3.802191e+00	6.393739e+01	4.859464e+04
7.732571e+00	2.165120e+02	1.696576e-10	3.802154e+00	6.393408e+01	4.869879e+04
7.739679e+00	2.167110e+02	1.696749e-10	3.802116e+00	6.392741e+01	4.868699e+04
7.746786e+00	2.169100e+02	1.696927e-10	3.802078e+00	6.391530e+01	4.854363e+04
7.753893e+00	2.171090e+02	1.697110e-10	3.802041e+00	6.389522e+01	4.831998e+04
7.761000e+00	2.173080e+02	1.697286e-10	3.802005e+00	6.386610e+01	4.807459e+04
7.768107e+00	2.175070e+02	1.697466e-10	3.801970e+00	6.382973e+01	4.782791e+04
7.775214e+00	2.177060e+02	1.697647e-10	3.801938e+00	6.378940e+01	4.756888e+04
7.782321e+00	2.179050e+02	1.697836e-10	3.801907e+00	6.374775e+01	4.728468e+04
7.789429e+00	2.181040e+02	1.698031e-10	3.801879e+00	6.370671e+01	4.698382e+04
7.796536e+00	2.183030e+02	1.698227e-10	3.801852e+00	6.366860e+01	4.670933e+04
7.803643e+00	2.185020e+02	1.698434e-10	3.801826e+00	6.363571e+01	4.653689e+04
7.810750e+00	2.187010e+02	1.698653e-10	3.801800e+00	6.360886e+01	4.654342e+04
7.817857e+00	2.189000e+02	1.698876e-10	3.801774e+00	6.358734e+01	4.675269e+04
7.824964e+00	2.190990e+02	1.699111e-10	3.801747e+00	6.357010e+01	4.708786e+04
7.832071e+00	2.192980e+02	1.699353e-10	3.801718e+00	6.355624e+01	4.738435e+04
7.839179e+00	2.194970e+02	1.699599e-10	3.801688e+00	6.354488e+01	4.747862e+04
7.846286e+00	2.196960e+02	1.699848e-10	3.801656e+00	6.353507e+01	4.730325e+04
7.853393e+00	2.198950e+02	1.700102e-10	3.801622e+00	6.352538e+01	4.691217e+04
7.860500e+00	2.200940e+02	1.700358e-10	3.801587e+00	6.351321e+01	4.642379e+04
7.867607e+00	2.202930e+02	1.700614e-10	3.801550e+00	6.349572e+01	4.593845e+04
7.874714e+00	2.204920e+02	1.700861e-10	3.801513e+00	6.347216e+01	4.550789e+04
7.881821e+00	2.206910e+02	1.701101e-10	3.801475e+00	6.344463e+01	4.515240e+04
7.888929e+00	2.208900e+02	1.701336e-10	3.801438e+00	6.341539e+01	4.487104e+04
7.896036e+00	2.210890e+02	1.701559e-10	3.801400e+00	6.338464e+01	4.464102e+04
7.903143e+00	2.212880e+02	1.701772e-10	3.801362e+00	6.335182e+01	4.443130e+04
7.910250e+00	2.214870e+02	1.701978e-10	3.801326e+00	6.331798e+01	4.422305e+04
7.917357e+00	2.216860e+02	1.702185e-10	3.801290e+00	6.328543e+01	4.401844e+04
7.924464e+00	2.218850e+02	1.702401e-10	3.801257e+00	6.325558e+01	4.383568e+04
7.931571e+00	2.220840e+02	1.702622e-10	3.801225e+00	6.322851e+01	4.369434e+04
7.938679e+00	2.222830e+02	1.702850e-10	3.801194e+00	6.320421e+01	4.359135e+04
7.945786e+00	2.224820e+02	1.703087e-10	3.801165e+00	6.318257e+01	4.350732e+04
7.952893e+00	2.226810e+02	1.703326e-10	3.801138e+00	6.316246e+01	4.345599e+04
7.960000e+00	2.228800e+02	1.703564e-10	3.801111e+00	6.314211e+01	4.348454e+04
7.967107e+00	2.230790e+02	1.703794e-10	3.801085e+00	6.312102e+01	4.361604e+04
7.974214e+00	2.232780e+02	1.704022e-10	3.801060e+00	6.310059e+01	4.380907e+04
7.981321e+00	2.234770e+02	1.704242e-10	3.801034e+00	6.308196e+01	4.396026e+04
7.988429e+00	2.236760e+02	1.704455e-10	3.801009e+00	6.306408e+01	4.396751e+04
7.995536e+00	2.238750e+02	1.704660e-10	3.800983e+00	6.304515e+01	4.381390e+04
8.002643e+00	2.240740e+02	1.704858e-10	3.800957e+00	6.302482e+01	4.357719e+04
8.009750e+00	2.242730e+02	1.705051e-10	3.800930e+00	6.300447e+01	4.336217e+04
8.016857e+00	2.244720e+02	1.705244e-10	3.800904e+00	6.298579e+01	4.322018e+04
8.023964e+00	2.246710e+02	1.705433e-10	3.800877e+00	6.296963e+01	4.312791e+04
8.031071e+00	2.248700e+02	1.705622e-10	3.800850e+00	6.295564e+01	4.304310e+04
8.038179e+00	2.250690e+02	1.705814e-10	3.800824e+00	6.294287e+01	4.294996e+04
8.045286e+00	2.252680e+02	1.706001e-10	3.800798e+00	6.293033e+01	4.284355e+04
8.052393e+00	2.254670e+02	1.706187e-10	3.800773e+00	6.291766e+01	4.271496e+04
8.059500e+00	2.256660e+02	1.706376e-10	3.800747e+00	6.290507e+01	4.256297e+04
8.066607e+00	2.258650e+02	1.706560e-10	3.800722e+00	6.289243e+01	4.239612e+04
8.073714e+00	2.260640e+02	1.706746e-10	3.800695e+00	6.287824e+01	4.220787e+04
8.080821e+00	2.262630e+02	1.706932e-10	3.800669e+00	6.286004e+01	4.197144e+04
8.087929e+00	2.264620e+02	1.707117e-10	3.800643e+00	6.283643e+01	4.168816e+04
8.095036e+00	2.266610e+02	1.707296e-10	3.800616e+00	6.280870e+01	4.142875e+04
8.102143e+00	2.268600e+02	1.707473e-10	3.800589e+00	6.278003e+01	4.130379e+04
8.109250e+00	2.270590e+02	1.707648e-10	3.800561e+00	6.275343e+01	4.138595e+04
8.116357e+00	2.272580e+02	1.707814e-10	3.800532e+00	6.273018e+01	4.165821e+04
8.123464e+00	2.274570e+02	1.707972e-10	3.800502e+00	6.270944e+01	4.202261e+04
8.130571e+00	2.276560e+02	1.708127e-10	3.800471e+00	6.268867e+01	4.234697e+04
8.137679e+00	2.278550e+02	1.708271e-10	3.800440e+00	6.266498e+01	4.252477e+04
8.144786e+00	2.280540e+02	1.708410e-10	3.800411e+00	6.263728e+01	4.251206e+04
8.151893e+00	2.282530e+02	1.708539e-10	3.800383e+00	6.260722e+01	4.231660e+04
8.159000e+00	2.284520e+02	1.708669e-10	3.800358e+00	6.257766e+01	4.196692e+04
8.166107e+00	2.286510e+02	1.708799e-10	3.800335e+00	6.255036e+01	4.149796e+04
8.173214e+00	2.288500e+02	1.708925e-10	3.800314e+00	6.252559e+01	4.097127e+04
8.180321e+00	2.290490e+02	1.709048e-10	3.800294e+00	6.250389e+01	4.047757e+04
8.187429e+00	2.292480e+02	1.709172e-10	3.800273e+00	6.248689e+01	4.007661e+04
8.194536e+00	2.294470e+02	1.709298e-10	3.800251e+00	6.247581e+01	3.974513e+04
8.201643e+00	2.296460e+02	1.709418e-10	3.800227e+00	6.246918e+01	3.942076e+04
8.208750e+00	2.298450e+02	1.709544e-10	3.800201e+00	6.246288e+01	3.908565e+04
8.215857e+00	2.300440e+02	1.709666e-10	3.800173e+00	6.245286e+01	3.877282e+04
8.222964e+00	2.302430e+02	1.709780e-10	3.800144e+00	6.243797e+01	3.850590e+04
8.230071e+00	2.304420e+02	1.709896e-10	3.800115e+00	6.241988e+01	3.826150e+04
8.237179e+00	2.306410e+02	1.710005e-10	3.800087e+00	6.240063e+01	3.798916e+04
8.244286e+00	2.308400e+02	1.710113e-10	3.800060e+00	6.238070e+01	3.765225e+04
8.251393e+00	2.310390e+02	1.710222e-10	3.800033e+00	6.235949e+01	3.725718e+04
8.258500e+00	2.312380e+02	1.710328e-10	3.800006e+00	6.233704e+01	3.686144e+04
8.265607e+00	2.314370e+02	1.710435e-10	3.799979e+00	6.231448e+01	3.654407e+04
8.272714e+00	2.316360e+02	1.710539e-10	3.799952e+00	6.229305e+01	3.634875e+04
8.279821e+00	2.318350e+02	1.710633e-10	3.799923e+00	6.227324e+01	3.625277e+04
8.286929e+00	2.320340e+02	1.710725e-10	3.799895e+00	6.225489e+01	3.618532e+04
8.294036e+00	2.322330e+02	1.710809e-10	3.799866e+00	6.223757e+01	3.607010e+04
8.301143e+00	2.324320e+02	1.710888e-10	3.799837e+00	6.222091e+01	3.586761e+04
8.308250e+00	2.326310e+02	1.710964e-10	3.799809e+00	6.220494e+01	3.559030e+04
8.315357e+00	2.328300e+02	1.711042e-10	3.799782e+00	6.218980e+01	3.527854e+04
8.322464e+00	2.330290e+02	1.711122e-10	3.799755e+00	6.217511e+01	3.496752e+04
8.329571e+00	2.332280e+02	1.711196e-10	3.799728e+00	6.216006e+01	3.467529e+04
8.336679e+00	2.334270e+02	1.711276e-10	3.799700e+00	6.214430e+01	3.441097e+04
8.343786e+00	2.336260e+02	1.711351e-10	3.799672e+00	6.212844e+01	3.419068e+04
8.350893e+00	2.338250e+02	1.711426e-10	3.799644e+00	6.211350e+01	3.403869e+04
8.358000e+00	2.340240e+02	1.711503e-10	3.799615e+00	6.210004e+01	3.395921e+04
8.365107e+00	2.342230e+02	1.711574e-10	3.799586e+00	6.208785e+01	3.390945e+04
8.372214e+00	2.344220e+02	1.711647e-10	3.799556e+00	6.207612e+01	3.381507e+04
8.379321e+00	2.346210e+02	1.711708e-10	3.799526e+00	6.206372e+01	3.361754e+04
8.386429e+00	2.348200e+02	1.711766e-10	3.799495e+00	6.204952e+01	3.330898e+04
8.393536e+00	2.350190e+02	1.711820e-10	3.799464e+00	6.203275e+01	3.292642e+04
8.400643e+00	2.352180e+02	1.711871e-10	3.799432e+00	6.201330e+01	3.251769e+04
8.407750e+00	2.354170e+02	1.711911e-10	3.799401e+00	6.199197e+01	3.211613e+04
8.414857e+00	2.356160e+02	1.711947e-10	3.799369e+00	6.197019e+01	3.173931e+04
8.421964e+00	2.358150e+02	1.711986e-10	3.799338e+00	6.194922e+01	3.139630e+04
8.429071e+00	2.360140e+02	1.712021e-10	3.799307e+00	6.192922e+01	3.108893e+04
8.436179e+00	2.362130e+02	1.712055e-10	3.799277e+00	6.190952e+01	3.080956e+04
8.443286e+00	2.364120e+02	1.712085e-10	3.799248e+00	6.188950e+01	3.054285e+04
8.450393e+00	2.366110e+02	1.712112e-10	3.799220e+00	6.186900e+01	3.027764e+04
8.457500e+00	2.368100e+02	1.712136e-10	3.799192e+00	6.184804e+01	3.002331e+04
8.464607e+00	2.370090e+02	1.712157e-10	3.799166e+00	6.182703e+01	2.980621e+04
8.471714e+00	2.372080e+02	1.712171e-10	3.799139e+00	6.180721e+01	2.963878e+04
8.478821e+00	2.374070e+02	1.712176e-10	3.799113e+00	6.179029e+01	2.949596e+04
8.485929e+00	2.376060e+02	1.712177e-10	3.799087e+00	6.177706e+01	2.933073e+04
8.493036e+00	2.378050e+02	1.712174e-10	3.799059e+00	6.176653e+01	2.910946e+04
8.500143e+00	2.380040e+02	1.712161e-10	3.799031e+00	6.175636e+01	2.883036e+04
8.507250e+00	2.382030e+02	1.712131e-10	3.799002e+00	6.174432e+01	2.851978e+04
8.514357e+00	2.384020e+02	1.712090e-10	3.798972e+00	6.172945e+01	2.821750e+04
8.521464e+00	2.386010e+02	1.712039e-10	3.798942e+00	6.171231e+01	2.796097e+04
8.528571e+00	2.388000e+02	1.711979e-10	3.798912e+00	6.169436e+01	2.777663e+04
8.535679e+00	2.389990e+02	1.711913e-10	3.798881e+00	6.167716e+01	2.767444e+04
8.542786e+00	2.391980e+02	1.711839e-10	3.798851e+00	6.166171e+01	2.763709e+04
8.549893e+00	2.393970e+02	1.711758e-10	3.798820e+00	6.164818e+01	2.761596e+04
8.557000e+00	2.395960e+02	1.711667e-10	3.798789e+00	6.163620e+01	2.755276e+04
8.564107e+00	2.397950e+02	1.711565e-10	3.798758e+00	6.162519e+01	2.741555e+04
8.571214e+00	2.399940e+02	1.711454e-10	3.798726e+00	6.161438e+01	2.721170e+04
8.578321e+00	2.401930e+02	1.711332e-10	3.798694e+00	6.160264e+01	2.696624e+04
8.585429e+00	2.403920e+02	1.711200e-10	3.798662e+00	6.158888e+01	2.670015e+04
8.592536e+00	2.405910e+02	1.711056e-10	3.798630e+00	6.157284e+01	2.642947e+04
8.599643e+00	2.407900e+02	1.710906e-10	3.798600e+00	6.155549e+01	2.616723e+04
8.606750e+00	2.409890e+02	1.710747e-10	3.798572e+00	6.153837e+01	2.591776e+04
8.613857e+00	2.411880e+02	1.710582e-10	3.798544e+00	6.152253e+01	2.567829e+04
8.620964e+00	2.413870e+02	1.710410e-10	3.798518e+00	6.150820e+01	2.545360e+04
8.628071e+00	2.415860e+02	1.710230e-10	3.798491e+00	6.149544e+01	2.526349e+04
8.635179e+00	2.417850e+02	1.710040e-10	3.798465e+00	6.148463e+01	2.512845e+04
8.642286e+00	2.419840e+02	1.709842e-10	3.798438e+00	6.147616e+01	2.505102e+04
8.649393e+00	2.421830e+02	1.709637e-10	3.798410e+00	6.146962e+01	2.501246e+04
8.656500e+00	2.423820e+02	1.709422e-10	3.798382e+00	6.146349e+01	2.498542e+04
8.663607e+00	2.425810e+02	1.709195e-10	3.798352e+00	6.145604e+01	2.495429e+04
8.670714e+00	2.427800e+02	1.708954e-10	3.798322e+00	6.144636e+01	2.492875e+04
8.677821e+00	2.429790e+02	1.708705e-10	3.798291e+00	6.143460e+01	2.493489e+04
8.684929e+00	2.431780e+02	1.708443e-10	3.798260e+00	6.142153e+01	2.498643e+04
8.692036e+00	2.433770e+02	1.708175e-10	3.798229e+00	6.140781e+01	2.506194e+04
8.699143e+00	2.435760e+02	1.707897e-10	3.798197e+00	6.139370e+01	2.511567e+04
8.706250e+00	2.437750e+02	1.707614e-10	3.798165e+00	6.137915e+01	2.511322e+04
8.713357e+00	2.439740e+02	1.707324e-10	3.798134e+00	6.136397e+01	2.505310e+04
8.720464e+00	2.441730e+02	1.707027e-10	3.798103e+00	6.134792e+01	2.495638e+04
8.727571e+00	2.443720e+02	1.706723e-10	3.798073e+00	6.133078e+01	2.484541e+04
8.734679e+00	2.445710e+02	1.706409e-10	3.798044e+00	6.131257e+01	2.473499e+04
8.741786e+00	2.447700e+02	1.706083e-10	3.798015e+00	6.129372e+01	2.463551e+04
8.748893e+00	2.449690e+02	1.705749e-10	3.797987e+00	6.127482e+01	2.455500e+04
8.756000e+00	2.451680e+02	1.705409e-10	3.797960e+00	6.125635e+01	2.449323e+04
8.763107e+00	2.453670e+02	1.705058e-10	3.797933e+00	6.123851e+01	2.443663e+04
8.770214e+00	2.455660e+02	1.704702e-10	3.797906e+00	6.122139e+01	2.436235e+04
8.777321e+00	2.457650e+02	1.704336e-10	3.797879e+00	6.120512e+01	2.424968e+04
8.784429e+00	2.459640e+02	1.703960e-10	3.797853e+00	6.119003e+01	2.409191e+04
8.791536e+00	2.461630e+02	1.703575e-10	3.797826e+00	6.117654e+01	2.389926e+04
8.798643e+00	2.463620e+02	1.703177e-10	3.797799e+00	6.116506e+01	2.368966e+04
8.805750e+00	2.465610e+02	1.702770e-10	3.797772e+00	6.115582e+01	2.347757e+04
8.812857e+00	2.467600e+02	1.702348e-10	3.797745e+00	6.114868e+01	2.326953e+04
8.819964e+00	2.469590e+02	1.701921e-10	3.797716e+00	6.114323e+01	2.306706e+04
8.827071e+00	2.471580e+02	1.701484e-10	3.797686e+00	6.113875e+01	2.287502e+04
8.834179e+00	2.473570e+02	1.701040e-10	3.797655e+00	6.113425e+01	2.270785e+04
8.841286e+00	2.475560e+02	1.700590e-10	3.797624e+00	6.112874e+01	2.258426e+04
8.848393e+00	2.477550e+02	1.700132e-10	3.797592e+00	6.112182e+01	2.251329e+04
8.855500e+00	2.479540e+02	1.699667e-10	3.797559e+00	6.111387e+01	2.248391e+04
8.862607e+00	2.481530e+02	1.699194e-10	3.797528e+00	6.110545e+01	2.246927e+04
8.869714e+00	2.483520e+02	1.698714e-10	3.797496e+00	6.109671e+01	2.244461e+04
8.876821e+00	2.485510e+02	1.698229e-10	3.797466e+00	6.108745e+01	2.240547e+04
8.883929e+00	2.487500e+02	1.697735e-10	3.797435e+00	6.107777e+01	2.236956e+04
8.891036e+00	2.489490e+02	1.697236e-10	3.797405e+00	6.106814e+01	2.236088e+04
8.898143e+00	2.491480e+02	1.696723e-10	3.797375e+00	6.105900e+01	2.239059e+04
8.905250e+00	2.493470e+02	1.696210e-10	3.797345e+00	6.105015e+01	2.244675e+04
8.912357e+00	2.495460e+02	1.695684e-10	3.797314e+00	6.104075e+01	2.249812e+04
8.919464e+00	2.497450e+02	1.695150e-10	3.797283e+00	6.102985e+01	2.251108e+04
8.926571e+00	2.499440e+02	1.694606e-10	3.797253e+00	6.101714e+01	2.246670e+04
8.933679e+00	2.501430e+02	1.694056e-10	3.797224e+00	6.100323e+01	2.236632e+04
8.940786e+00	2.503420e+02	1.693500e-10	3.797194e+00	6.098890e+01	2.222687e+04
8.947893e+00	2.505410e+02	1.692936e-10	3.797166e+00	6.097420e+01	2.207161e+04
8.955000e+00	2.507400e+02	1.692367e-10	3.797137e+00	6.095875e+01	2.192422e+04
8.962107e+00	2.509390e+02	1.691787e-10	3.797109e+00	6.094314e+01	2.180493e+04
8.969214e+00	2.511380e+02	1.691205e-10	3.797081e+00	6.092918e+01	2.172041e+04
8.976321e+00	2.513370e+02	1.690615e-10	3.797053e+00	6.091845e+01	2.165580e+04
8.983429e+00	2.515360e+02	1.690021e-10	3.797026e+00	6.091088e+01	2.157917e+04
8.990536e+00	2.517350e+02	1.689424e-10	3.796998e+00	6.090477e+01	2.145726e+04
8.997643e+00	2.519340e+02	1.688826e-10	3.796970e+00	6.089801e+01	2.127752e+04
9.004750e+00	2.521330e+02	1.688214e-10	3.796941e+00	6.088902e+01	2.106169e+04
9.011857e+00	2.523320e+02	1.687606e-10	3.796912e+00	6.087715e+01	2.085377e+04
9.018964e+00	2.525310e+02	1.686990e-10	3.796883e+00	6.086273e+01	2.069325e+04
9.026071e+00	2.527300e+02	1.686374e-10	3.796854e+00	6.084691e+01	2.059577e+04
9.033179e+00	2.529290e+02	1.685755e-10	3.796825e+00	6.083085e+01	2.054718e+04
9.040286e+00	2.531280e+02	1.685137e-10	3.796796e+00	6.081512e+01	2.051151e+04
9.047393e+00	2.533270e+02	1.684519e-10	3.796768e+00	6.079970e+01	2.045086e+04
9.054500e+00	2.535260e+02	1.683904e-10	3.796740e+00	6.078462e+01	2.034442e+04
9.061607e+00	2.537250e+02	1.683289e-10	3.796713e+00	6.077026e+01	2.019539e+04
9.068714e+00	2.539240e+02	1.682680e-10	3.796687e+00	6.075722e+01	2.002377e+04
9.075821e+00	2.541230e+02	1.682074e-10	3.796660e+00	6.074584e+01	1.985330e+04
9.082929e+00	2.543220e+02	1.681477e-10	3.796634e+00	6.073610e+01	1.970421e+04
9.090036e+00	2.545210e+02	1.680888e-10	3.796607e+00	6.072763e+01	1.959230e+04
9.097143e+00	2.547200e+02	1.680306e-10	3.796581e+00	6.071976e+01	1.952607e+04
9.104250e+00	2.549190e+02	1.679738e-10	3.796554e+00	6.071179e+01	1.950157e+04
9.111357e+00	2.551180e+02	1.679177e-10	3.796527e+00	6.070337e+01	1.950032e+04
9.118464e+00	2.553170e+02	1.678622e-10	3.796499e+00	6.069460e+01	1.949470e+04
9.125571e+00	2.555160e+02	1.678078e-10	3.796471e+00	6.068576e+01	1.946385e+04
9.132679e+00	2.557150e+02	1.677542e-10	3.796442e+00	6.067691e+01	1.940986e+04
9.139786e+00	2.559140e+02	1.677015e-10	3.796413e+00	6.066797e+01	1.935297e+04
9.146893e+00	2.561130e+02	1.676504e-10	3.796385e+00	6.065887e+01	1.930691e+04
9.154000e+00	2.563120e+02	1.676004e-10	3.796356e+00	6.064959e+01	1.926590e+04
9.161107e+00	2.565110e+02	1.675521e-10	3.796328e+00	6.064014e+01	1.921916e+04
9.168214e+00	2.567100e+02	1.675053e-10	3.796299e+00	6.063071e+01	1.916556e+04
9.175321e+00	2.569090e+02	1.674602e-10	3.796271e+00	6.062171e+01	1.910502e+04
9.182429e+00	2.571080e+02	1.674169e-10	3.796242e+00	6.061360e+01	1.902750e+04
9.189536e+00	2.573070e+02	1.673750e-10	3.796213e+00	6.060645e+01	1.892431e+04
9.196643e+00	2.575060e+02	1.673347e-10	3.796185e+00	6.059957e+01	1.880274e+04
9.203750e+00	2.577050e+02	1.672961e-10	3.796156e+00	6.059172e+01	1.868423e+04
9.210857e+00	2.579040e+02	1.672591e-10	3.796127e+00	6.058191e+01	1.859319e+04
9.217964e+00	2.581030e+02	1.672235e-10	3.796098e+00	6.057019e+01	1.853579e+04
9.225071e+00	2.583020e+02	1.671899e-10	3.796069e+00	6.055756e+01	1.848614e+04
9.232179e+00	2.585010e+02	1.671582e-10	3.796041e+00	6.054528e+01	1.840635e+04
9.239286e+00	2.587000e+02	1.671284e-10	3.796013e+00	6.053432e+01	1.827424e+04
9.246393e+00	2.588990e+02	1.671004e-10	3.795985e+00	6.052480e+01	1.809342e+04
9.253500e+00	2.590980e+02	1.670746e-10	3.795957e+00	6.051607e+01	1.789683e+04
9.260607e+00	2.592970e+02	1.670505e-10	3.795928e+00	6.050761e+01	1.773079e+04
9.267714e+00	2.594960e+02	1.670282e-10	3.795901e+00	6.049945e+01	1.761793e+04
9.274821e+00	2.596950e+02	1.670083e-10	3.795874e+00	6.049194e+01	1.754633e+04
9.281929e+00	2.598940e+02	1.669903e-10	3.795847e+00	6.048544e+01	1.748921e+04
9.289036e+00	2.600930e+02	1.669745e-10	3.795822e+00	6.047994e+01	1.741685e+04
9.296143e+00	2.602920e+02	1.669613e-10	3.795796e+00	6.047484e+01	1.730433e+04
9.303250e+00	2.604910e+02	1.669502e-10	3.795770e+00	6.046911e+01	1.714644e+04
9.310357e+00	2.606900e+02	1.669414e-10	3.795745e+00	6.046195e+01	1.696473e+04
9.317464e+00	2.608890e+02	1.669349e-10	3.795719e+00	6.045331e+01	1.680149e+04
9.324571e+00	2.610880e+02	1.669307e-10	3.795694e+00	6.044380e+01	1.669943e+04
9.331679e+00	2.612870e+02	1.669286e-10	3.795667e+00	6.043419e+01	1.667231e+04
9.338786e+00	2.614860e+02	1.669287e-10	3.795641e+00	6.042467e+01	1.669750e+04
9.345893e+00	2.616850e+02	1.669307e-10	3.795614e+00	6.041489e+01	1.673782e+04
9.353000e+00	2.618840e+02	1.669348e-10	3.795587e+00	6.040439e+01	1.676680e+04
9.360107e+00	2.620830e+02	1.669409e-10	3.795560e+00	6.039310e+01	1.678570e+04
9.367214e+00	2.622820e+02	1.669493e-10	3.795533e+00	6.038142e+01	1.682123e+04
9.374321e+00	2.624810e+02	1.669599e-10	3.795506e+00	6.036993e+01	1.689689e+04
9.381429e+00	2.626800e+02	1.669725e-10	3.795479e+00	6.035898e+01	1.700739e+04
9.388536e+00	2.628790e+02	1.669870e-10	3.795453e+00	6.034863e+01	1.712007e+04
9.395643e+00	2.630780e+02	1.670034e-10	3.795426e+00	6.033880e+01	1.719456e+04
9.402750e+00	2.632770e+02	1.670220e-10	3.795400e+00	6.032944e+01	1.720716e+04
9.409857e+00	2.634760e+02	1.670431e-10	3.795374e+00	6.032045e+01	1.716472e+04
9.416964e+00	2.636750e+02	1.670670e-10	3.795347e+00	6.031156e+01	1.709932e+04
9.424071e+00	2.638740e+02	1.670928e-10	3.795321e+00	6.030232e+01	1.705086e+04
9.431179e+00	2.640730e+02	1.671206e-10	3.795293e+00	6.029231e+01	1.704676e+04
9.438286e+00	2.642720e+02	1.671505e-10	3.795266e+00	6.028155e+01	1.708989e+04
9.445393e+00	2.644710e+02	1.671821e-10	3.795239e+00	6.027055e+01	1.715998e+04
9.452500e+00	2.646700e+02	1.672154e-10	3.795211e+00	6.026030e+01	1.722167e+04
9.459607e+00	2.648690e+02	1.672504e-10	3.795183e+00	6.025167e+01	1.723664e+04
9.466714e+00	2.650680e+02	1.672877e-10	3.795156e+00	6.024495e+01	1.718263e+04
9.473821e+00	2.652670e+02	1.673266e-10	3.795128e+00	6.023969e+01	1.706738e+04
9.480929e+00	2.654660e+02	1.673678e-10	3.795100e+00	6.023503e+01	1.692326e+04
9.488036e+00	2.656650e+02	1.674102e-10	3.795073e+00	6.023023e+01	1.678778e+04
9.495143e+00	2.658640e+02	1.674547e-10	3.795045e+00	6.022488e+01	1.668709e+04
9.502250e+00	2.660630e+02	1.675004e-10	3.795017e+00	6.021890e+01	1.663096e+04
9.509357e+00	2.662620e+02	1.675476e-10	3.794991e+00	6.021237e+01	1.661344e+04
9.516464e+00	2.664610e+02	1.675963e-10	3.794964e+00	6.020534e+01	1.661413e+04
9.523571e+00	2.666600e+02	1.676463e-10	3.794938e+00	6.019767e+01	1.660614e+04
9.530679e+00	2.668590e+02	1.676980e-10	3.794913e+00	6.018907e+01	1.657238e+04
9.537786e+00	2.670580e+02	1.677511e-10	3.794888e+00	6.017938e+01	1.651801e+04
9.544893e+00	2.672570e+02	1.678052e-10	3.794863e+00	6.016894e+01	1.646694e+04
9.552000e+00	2.674560e+02	1.678603e-10	3.794837e+00	6.015859e+01	1.644382e+04
9.559107e+00	2.676550e+02	1.679169e-10	3.794812e+00	6.014932e+01	1.645587e+04
9.566214e+00	2.678540e+02	1.679747e-10	3.794786e+00	6.014175e+01	1.648812e+04
9.573321e+00	2.680530e+02	1.680337e-10	3.794759e+00	6.013576e+01	1.651396e+04
9.580429e+00	2.682520e+02	1.680940e-10	3.794732e+00	6.013061e+01	1.651125e+04
9.587536e+00	2.684510e+02	1.681546e-10	3.794704e+00	6.012530e+01	1.647426e+04
9.594643e+00	2.686500e+02	1.682168e-10	3.794676e+00	6.011908e+01	1.641760e+04
9.601750e+00	2.688490e+02	1.682795e-10	3.794647e+00	6.011181e+01	1.636676e+04
9.608857e+00	2.690480e+02	1.683430e-10	3.794618e+00	6.010400e+01	1.633672e+04
9.615964e+00	2.692470e+02	1.684071e-10	3.794589e+00	6.009644e+01	1.631578e+04
9.623071e+00	2.694460e+02	1.684719e-10	3.794561e+00	6.008980e+01	1.627243e+04
9.630179e+00	2.696450e+02	1.685375e-10	3.794532e+00	6.008425e+01	1.618068e+04
9.637286e+00	2.698440e+02	1.686033e-10	3.794504e+00	6.007949e+01	1.604041e+04
9.644393e+00	2.700430e+02	1.686697e-10	3.794477e+00	6.007482e+01	1.587505e+04
9.651500e+00	2.702420e+02	1.687360e-10	3.794449e+00	6.006937e+01	1.571419e+04
9.658607e+00	2.704410e+02	1.688024e-10	3.794422e+00	6.006232e+01	1.558073e+04
9.665714e+00	2.706400e+02	1.688687e-10	3.794396e+00	6.005318e+01	1.548692e+04
9.672821e+00	2.708390e+02	1.689348e-10	3.794369e+00	6.004195e+01	1.543113e+04
9.679929e+00	2.710380e+02	1.690008e-10	3.794343e+00	6.002911e+01	1.539626e+04
9.687036e+00	2.712370e+02	1.690665e-10	3.794316e+00	6.001556e+01	1.535840e+04
9.694143e+00	2.714360e+02	1.691322e-10	3.794291e+00	6.000247e+01	1.530215e+04
9.701250e+00	2.716350e+02	1.691976e-10	3.794265e+00	5.999106e+01	1.522801e+04
9.708357e+00	2.718340e+02	1.692627e-10	3.794239e+00	5.998223e+01	1.514517e+04
9.715464e+00	2.720330e+02	1.693277e-10	3.794214e+00	5.997626e+01	1.506023e+04
9.722571e+00	2.722320e+02	1.693928e-10	3.794188e+00	5.997281e+01	1.497465e+04
9.729679e+00	2.724310e+02	1.694570e-10	3.794162e+00	5.997121e+01	1.489044e+04
9.736786e+00	2.726300e+02	1.695205e-10	3.794135e+00	5.997058e+01	1.481307e+04
9.743893e+00	2.728290e+02	1.695824e-10	3.794109e+00	5.996990e+01	1.474636e+04
9.751000e+00	2.730280e+02	1.696430e-10	3.794081e+00	5.996811e+01	1.468549e+04
9.758107e+00	2.732270e+02	1.697022e-10	3.794054e+00	5.996429e+01	1.461707e+04
9.765214e+00	2.734260e+02	1.697599e-10	3.794026e+00	5.995795e+01	1.452817e+04
9.772321e+00	2.736250e+02	1.698163e-10	3.793999e+00	5.994901e+01	1.441711e+04
9.779429e+00	2.738240e+02	1.698715e-10	3.793972e+00	5.993779e+01	1.429605e+04
9.786536e+00	2.740230e+02	1.699253e-10	3.793945e+00	5.992501e+01	1.418377e+04
9.793643e+00	2.742220e+02	1.699781e-10	3.793919e+00	5.991170e+01	1.409516e+04
9.800750e+00	2.744210e+02	1.700292e-10	3.793894e+00	5.989883e+01	1.403445e+04
9.807857e+00	2.746200e+02	1.700792e-10	3.793869e+00	5.988692e+01	1.399515e+04
9.814964e+00	2.748190e+02	1.701278e-10	3.793845e+00	5.987601e+01	1.396438e+04
9.822071e+00	2.750180e+02	1.701742e-10	3.793821e+00	5.986599e+01	1.393071e+04
9.829179e+00	2.752170e+02	1.702191e-10	3.793797e+00	5.985694e+01	1.389208e+04
9.836286e+00	2.754160e+02	1.702622e-10	3.793772e+00	5.984915e+01	1.385674e+04
9.843393e+00	2.756150e+02	1.703033e-10	3.793747e+00	5.984286e+01	1.383289e+04
9.850500e+00	2.758140e+02	1.703426e-10	3.793722e+00	5.983806e+01	1.381574e+04
9.857607e+00	2.760130e+02	1.703799e-10	3.793695e+00	5.983435e+01	1.378562e+04
9.864714e+00	2.762120e+02	1.704151e-10	3.793668e+00	5.983102e+01	1.372188e+04
9.871821e+00	2.764110e+02	1.704481e-10	3.793640e+00	5.982719e+01	1.362069e+04
9.878929e+00	2.766100e+02	1.704788e-10	3.793612e+00	5.982206e+01	1.349937e+04
9.886036e+00	2.768090e+02	1.705073e-10	3.793584e+00	5.981521e+01	1.338319e+04
9.893143e+00	2.770080e+02	1.705336e-10	3.793557e+00	5.980670e+01	1.328791e+04
9.900250e+00	2.772070e+02	1.705574e-10	3.793530e+00	5.979702e+01	1.321349e+04
9.907357e+00	2.774060e+02	1.705792e-10	3.793504e+00	5.978704e+01	1.314988e+04
9.914464e+00	2.776050e+02	1.705987e-10	3.793479e+00	5.977776e+01	1.308673e+04
9.921571e+00	2.778040e+02	1.706161e-10	3.793453e+00	5.976992e+01	1.301990e+04
9.928679e+00	2.780030e+02	1.706311e-10	3.793428e+00	5.976382e+01	1.295061e+04
9.935786e+00	2.782020e+02	1.706434e-10	3.793403e+00	5.975926e+01	1.288069e+04
9.942893e+00	2.784010e+02	1.706537e-10	3.793377e+00	5.975570e+01	1.281175e+04
9.950000e+00	2.786000e+02	1.706614e-10	3.793352e+00	5.975258e+01	1.274919e+04
9.957107e+00	2.787990e+02	1.706665e-10	3.793326e+00	5.974967e+01	1.269943e+04
9.964214e+00	2.789980e+02	1.706692e-10	3.793300e+00	5.974664e+01	1.266097e+04
9.971321e+00	2.791970e+02	1.706698e-10	3.793273e+00	5.974259e+01	1.262346e+04
9.978429e+00	2.793960e+02	1.706678e-10	3.793247e+00	5.973649e+01	1.257789e+04
9.985536e+00	2.795950e+02	1.706633e-10	3.793220e+00	5.972818e+01	1.252510e+04
9.992643e+00	2.797940e+02	1.706568e-10	3.793193e+00	5.971842e+01	1.247276e+04
9.999750e+00	2.799930e+02	1.706485e-10	3.793167e+00	5.970817e+01	1.242744e+04
1.000686e+01	2.801920e+02	1.706384e-10	3.793140e+00	5.969805e+01	1.238973e+04
1.001396e+01	2.803910e+02	1.706263e-10	3.793113e+00	5.968848e+01	1.235551e+04
1.002107e+01	2.805900e+02	1.706127e-10	3.793086e+00	5.967980e+01	1.232111e+04
1.002818e+01	2.807890e+02	1.705970e-10	3.793059e+00	5.967208e+01	1.228532e+04
1.003529e+01	2.809880e+02	1.705792e-10	3.793033e+00	5.966488e+01	1.224845e+04
1.004239e+01	2.811870e+02	1.705596e-10	3.793006e+00	5.965752e+01	1.221231e+04
1.004950e+01	2.813860e+02	1.705384e-10	3.792980e+00	5.964974e+01	1.218151e+04
1.005661e+01	2.815850e+02	1.705156e-10	3.792955e+00	5.964193e+01	1.216186e+04
1.006371e+01	2.817840e+02	1.704913e-10	3.792929e+00	5.963463e+01	1.215566e+04
1.007082e+01	2.819830e+02	1.704659e-10	3.792904e+00	5.962816e+01	1.215870e+04
1.007793e+01	2.821820e+02	1.704389e-10	3.792880e+00	5.962279e+01	1.216342e+04
1.008504e+01	2.823810e+02	1.704112e-10	3.792855e+00	5.961869e+01	1.216531e+04
1.009214e+01	2.825800e+02	1.703819e-10	3.792829e+00	5.961584e+01	1.216566e+04
1.009925e+01	2.827790e+02	1.703518e-10	3.792804e+00	5.961386e+01	1.216902e+04
1.010636e+01	2.829780e+02	1.703206e-10	3.792778e+00	5.961210e+01	1.217836e+04
1.011346e+01	2.831770e+02	1.702886e-10	3.792751e+00	5.960988e+01	1.219117e+04
1.012057e+01	2.833760e+02	1.702559e-10	3.792725e+00	5.960684e+01	1.220087e+04
1.012768e+01	2.835750e+02	1.702225e-10	3.792699e+00	5.960278e+01	1.220264e+04
1.013479e+01	2.837740e+02	1.701887e-10	3.792672e+00	5.959749e+01	1.219889e+04
1.014189e+01	2.839730e+02	1.701543e-10	3.792646e+00	5.959106e+01	1.219973e+04
1.014900e+01	2.841720e+02	1.701190e-10	3.792620e+00	5.958401e+01	1.221432e+04
1.015611e+01	2.843710e+02	1.700838e-10	3.792594e+00	5.957694e+01	1.224277e+04
1.016321e+01	2.845700e+02	1.700490e-10	3.792567e+00	5.957026e+01	1.227603e+04
1.017032e+01	2.847690e+02	1.700137e-10	3.792540e+00	5.956418e+01	1.229941e+04
1.017743e+01	2.849680e+02	1.699789e-10	3.792513e+00	5.955853e+01	1.230037e+04
1.018454e+01	2.851670e+02	1.699448e-10	3.792485e+00	5.955264e+01	1.227854e+04
1.019164e+01	2.853660e+02	1.699108e-10	3.792458e+00	5.954583e+01	1.224872e+04
1.019875e+01	2.855650e+02	1.698776e-10	3.792430e+00	5.953811e+01	1.223070e+04
1.020586e+01	2.857640e+02	1.698455e-10	3.792403e+00	5.953021e+01	1.223268e+04
1.021296e+01	2.859630e+02	1.698139e-10	3.792376e+00	5.952299e+01	1.224769e+04
1.022007e+01	2.861620e+02	1.697835e-10	3.792349e+00	5.951674e+01	1.226277e+04
1.022718e+01	2.863610e+02	1.697537e-10	3.792322e+00	5.951084e+01	1.227027e+04
1.023429e+01	2.865600e+02	1.697251e-10	3.792295e+00	5.950442e+01	1.227431e+04
1.024139e+01	2.867590e+02	1.696979e-10	3.792268e+00	5.949711e+01	1.228206e+04
1.024850e+01	2.869580e+02	1.696721e-10	3.792242e+00	5.948935e+01	1.229144e+04
1.025561e+01	2.871570e+02	1.696477e-10	3.792216e+00	5.948195e+01	1.229472e+04
1.026271e+01	2.873560e+02	1.696255e-10	3.792190e+00	5.947535e+01	1.229108e+04
1.026982e+01	2.875550e+02	1.696045e-10	3.792164e+00	5.946922e+01	1.228808e+04
1.027693e+01	2.877540e+02	1.695855e-10	3.792137e+00	5.946301e+01	1.229233e+04
1.028404e+01	2.879530e+02	1.695679e-10	3.792111e+00	5.945659e+01	1.229924e+04
1.029114e+01	2.881520e+02	1.695523e-10	3.792085e+00	5.945022e+01	1.229697e+04
1.029825e+01	2.883510e+02	1.695379e-10	3.792059e+00	5.944405e+01	1.228644e+04
1.030536e+01	2.885500e+02	1.695255e-10	3.792033e+00	5.943816e+01	1.227871e+04
1.031246e+01	2.887490e+02	1.695143e-10	3.792006e+00	5.943246e+01	1.227178e+04
1.031957e+01	2.889480e+02	1.695047e-10	3.791981e+00	5.942674e+01	1.225305e+04
1.032668e+01	2.891470e+02	1.694964e-10	3.791955e+00	5.942103e+01	1.222200e+04
1.033379e+01	2.893460e+02	1.694898e-10	3.791930e+00	5.941587e+01	1.219417e+04
1.034089e+01	2.895450e+02	1.694850e-10	3.791905e+00	5.941201e+01	1.218284e+04
1.034800e+01	2.897440e+02	1.694818e-10	3.791879e+00	5.940960e+01	1.218449e+04
1.035511e+01	2.899430e+02	1.694799e-10	3.791853e+00	5.940796e+01	1.218406e+04
1.036221e+01	2.901420e+02	1.694794e-10	3.791827e+00	5.940595e+01	1.217202e+04
1.036932e+01	2.903410e+02	1.694799e-10	3.791800e+00	5.940276e+01	1.215128e+04
1.037643e+01	2.905400e+02	1.694824e-10	3.791774e+00	5.939823e+01	1.213092e+04
1.038354e+01	2.907390e+02	1.694865e-10	3.791747e+00	5.939260e+01	1.212142e+04
1.039064e+01	2.909380e+02	1.694923e-10	3.791720e+00	5.938612e+01	1.213058e+04
1.039775e+01	2.911370e+02	1.694995e-10	3.791692e+00	5.937882e+01	1.215503e+04
1.040486e+01	2.913360e+02	1.695084e-10	3.791665e+00	5.937068e+01	1.217761e+04
1.041196e+01	2.915350e+02	1.695189e-10	3.791637e+00	5.936182e+01	1.217925e+04
1.041907e+01	2.917340e+02	1.695306e-10	3.791609e+00	5.935264e+01	1.215610e+04
1.042618e+01	2.919330e+02	1.695439e-10	3.791581e+00	5.934369e+01	1.212053e+04
1.043329e+01	2.921320e+02	1.695592e-10	3.791553e+00	5.933531e+01	1.208253e+04
1.044039e+01	2.923310e+02	1.695755e-10	3.791525e+00	5.932728e+01	1.204319e+04
1.044750e+01	2.925300e+02	1.695932e-10	3.791498e+00	5.931919e+01	1.200954e+04
1.045461e+01	2.927290e+02	1.696119e-10	3.791471e+00	5.931116e+01	1.199213e+04
1.046171e+01	2.929280e+02	1.696320e-10	3.791445e+00	5.930391e+01	1.198188e+04
1.046882e+01	2.931270e+02	1.696536e-10	3.791420e+00	5.929802e+01	1.195164e+04
1.047593e+01	2.933260e+02	1.696767e-10	3.791394e+00	5.929344e+01	1.188862e+04
1.048304e+01	2.935250e+02	1.697010e-10	3.791369e+00	5.928963e+01	1.181552e+04
1.049014e+01	2.937240e+02	1.697267e-10	3.791343e+00	5.928606e+01	1.177518e+04
1.049725e+01	2.939230e+02	1.697528e-10	3.791318e+00	5.928244e+01	1.179470e+04
1.050436e+01	2.941220e+02	1.697801e-10	3.791292e+00	5.927854e+01	1.186166e+04
1.051146e+01	2.943210e+02	1.698077e-10	3.791266e+00	5.927407e+01	1.193282e+04
1.051857e+01	2.945200e+02	1.698360e-10	3.791241e+00	5.926888e+01	1.196672e+04
1.052568e+01	2.947190e+02	1.698651e-10	3.791216e+00	5.926324e+01	1.194933e+04
1.053279e+01	2.949180e+02	1.698953e-10	3.791191e+00	5.925775e+01	1.189307e+04
1.053989e+01	2.951170e+02	1.699265e-10	3.791165e+00	5.925282e+01	1.182281e+04
1.054700e+01	2.953160e+02	1.699589e-10	3.791139e+00	5.924847e+01	1.176753e+04
1.055411e+01	2.955150e+02	1.699923e-10	3.791113e+00	5.924436e+01	1.175181e+04
1.056121e+01	2.957140e+02	1.700264e-10	3.791085e+00	5.923998e+01	1.177796e+04
1.056832e+01	2.959130e+02	1.700606e-10	3.791057e+00	5.923482e+01	1.181419e+04
1.057543e+01	2.961120e+02	1.700947e-10	3.791029e+00	5.922830e+01	1.181222e+04
1.058254e+01	2.963110e+02	1.701289e-10	3.791001e+00	5.921998e+01	1.174874e+04
1.058964e+01	2.965100e+02	1.701627e-10	3.790974e+00	5.920975e+01	1.165363e+04
1.059675e+01	2.967090e+02	1.701967e-10	3.790949e+00	5.919818e+01	1.159255e+04
1.060386e+01	2.969080e+02	1.702306e-10	3.790924e+00	5.918649e+01	1.161560e+04
1.061096e+01	2.971070e+02	1.702646e-10	3.790899e+00	5.917610e+01	1.172115e+04
1.061807e+01	2.973060e+02	1.702986e-10	3.790875e+00	5.916796e+01	1.186597e+04
1.062518e+01	2.975050e+02	1.703327e-10	3.790851e+00	5.916221e+01	1.200093e+04
1.063229e+01	2.977040e+02	1.703665e-10	3.790827e+00	5.915839e+01	1.209408e+04
1.063939e+01	2.979030e+02	1.704002e-10	3.790802e+00	5.915590e+01	1.213080e+04
1.064650e+01	2.981020e+02	1.704331e-10	3.790777e+00	5.915423e+01	1.210790e+04
1.065361e+01	2.983010e+02	1.704659e-10	3.790750e+00	5.915281e+01	1.203525e+04
1.066071e+01	2.985000e+02	1.704982e-10	3.790723e+00	5.915088e+01	1.193896e+04
1.066782e+01	2.986990e+02	1.705296e-10	3.790695e+00	5.914770e+01	1.185317e+04
1.067493e+01	2.988980e+02	1.705605e-10	3.790666e+00	5.914301e+01	1.180129e+04
1.068204e+01	2.990970e+02	1.705903e-10	3.790637e+00	5.913716e+01	1.178265e+04
1.068914e+01	2.992960e+02	1.706197e-10	3.790608e+00	5.913086e+01	1.177686e+04
1.069625e+01	2.994950e+02	1.706478e-10	3.790579e+00	5.912460e+01	1.175972e+04
1.070336e+01	2.996940e+02	1.706752e-10	3.790550e+00	5.911819e+01	1.171781e+04
1.071046e+01	2.998930e+02	1.707018e-10	3.790522e+00	5.911102e+01	1.165576e+04
1.071757e+01	3.000920e+02	1.707276e-10	3.790495e+00	5.910261e+01	1.159421e+04
1.072468e+01	3.002910e+02	1.707524e-10	3.790469e+00	5.909311e+01	1.155713e+04
1.073179e+01	3.004900e+02	1.707762e-10	3.790444e+00	5.908321e+01	1.155521e+04
1.073889e+01	3.006890e+02	1.707996e-10	3.790420e+00	5.907375e+01	1.157975e+04
1.074600e+01	3.008880e+02	1.708223e-10	3.790397e+00	5.906548e+01	1.161340e+04
1.075311e+01	3.010870e+02	1.708446e-10	3.790375e+00	5.905892e+01	1.164423e+04
1.076021e+01	3.012860e+02	1.708661e-10	3.790352e+00	5.905423e+01	1.166713e+04
1.076732e+01	3.014850e+02	1.708874e-10	3.790329e+00	5.905119e+01	1.167585e+04
1.077443e+01	3.016840e+02	1.709073e-10	3.790304e+00	5.904923e+01	1.165912e+04
1.078154e+01	3.018830e+02	1.709267e-10	3.790277e+00	5.904768e+01	1.160529e+04
1.078864e+01	3.020820e+02	1.709447e-10	3.790250e+00	5.904579e+01	1.151083e+04
1.079575e+01	3.022810e+02	1.709618e-10	3.790221e+00	5.904286e+01	1.138672e+04
1.080286e+01	3.024800e+02	1.709775e-10	3.790192e+00	5.903833e+01	1.125667e+04
1.080996e+01	3.026790e+02	1.709913e-10	3.790163e+00	5.903204e+01	1.114552e+04
1.081707e+01	3.028780e+02	1.710041e-10	3.790134e+00	5.902425e+01	1.106791e+04
1.082418e+01	3.030770e+02	1.710159e-10	3.790107e+00	5.901548e+01	1.102747e+04
1.083129e+01	3.032760e+02	1.710265e-10	3.790080e+00	5.900626e+01	1.102261e+04
1.083839e+01	3.034750e+02	1.710362e-10	3.790055e+00	5.899711e+01	1.104626e+04
1.084550e+01	3.036740e+02	1.710447e-10	3.790031e+00	5.898853e+01	1.107726e+04
1.085261e+01	3.038730e+02	1.710525e-10	3.790007e+00	5.898082e+01	1.107971e+04
1.085971e+01	3.040720e+02	1.710593e-10	3.789984e+00	5.897388e+01	1.102692e+04
1.086682e+01	3.042710e+02	1.710653e-10	3.789961e+00	5.896751e+01	1.093200e+04
1.087393e+01	3.044700e+02	1.710705e-10	3.789938e+00	5.896190e+01	1.084392e+04
1.088104e+01	3.046690e+02	1.710744e-10	3.789915e+00	5.895748e+01	1.080625e+04
1.088814e+01	3.048680e+02	1.710777e-10	3.789890e+00	5.895435e+01	1.082493e+04
1.089525e+01	3.050670e+02	1.710797e-10	3.789864e+00	5.895201e+01	1.087728e+04
1.090236e+01	3.052660e+02	1.710807e-10	3.789836e+00	5.894963e+01	1.093992e+04
1.090946e+01	3.054650e+02	1.710805e-10	3.789809e+00	5.894652e+01	1.099894e+04
1.091657e+01	3.056640e+02	1.710790e-10	3.789781e+00	5.894221e+01	1.104071e+04
1.092368e+01	3.058630e+02	1.710765e-10	3.789754e+00	5.893648e+01	1.104724e+04
1.093079e+01	3.060620e+02	1.710725e-10	3.789727e+00	5.892949e+01	1.100473e+04
1.093789e+01	3.062610e+02	1.710677e-10	3.789700e+00	5.892186e+01	1.091080e+04
1.094500e+01	3.064600e+02	1.710614e-10	3.789674e+00	5.891437e+01	1.077199e+04
1.095211e+01	3.066590e+02	1.710543e-10	3.789647e+00	5.890757e+01	1.060246e+04
1.095921e+01	3.068580e+02	1.710464e-10	3.789620e+00	5.890153e+01	1.042810e+04
1.096632e+01	3.070570e+02	1.710376e-10	3.789592e+00	5.889595e+01	1.028357e+04
1.097343e+01	3.072560e+02	1.710281e-10	3.789564e+00	5.889039e+01	1.019630e+04
1.098054e+01	3.074550e+02	1.710175e-10	3.789535e+00	5.888438e+01	1.017173e+04
1.098764e+01	3.076540e+02	1.710061e-10	3.789507e+00	5.887770e+01	1.019169e+04
1.099475e+01	3.078530e+02	1.709938e-10	3.789478e+00	5.887048e+01	1.022422e+04
1.100186e+01	3.080520e+02	1.709810e-10	3.789451e+00	5.886324e+01	1.024016e+04
1.100896e+01	3.082510e+02	1.709677e-10	3.789425e+00	5.885668e+01	1.022914e+04
1.101607e+01	3.084500e+02	1.709539e-10	3.789399e+00	5.885135e+01	1.020189e+04
1.102318e+01	3.086490e+02	1.709399e-10	3.789374e+00	5.884737e+01	1.017688e+04
1.103029e+01	3.088480e+02	1.709260e-10	3.789348e+00	5.884433e+01	1.016541e+04
1.103739e+01	3.090470e+02	1.709118e-10	3.789321e+00	5.884149e+01	1.016414e+04
1.104450e+01	3.092460e+02	1.708975e-10	3.789293e+00	5.883805e+01	1.015548e+04
1.105161e+01	3.094450e+02	1.708824e-10	3.789265e+00	5.883324e+01	1.011952e+04
1.105871e+01	3.096440e+02	1.708673e-10	3.789236e+00	5.882662e+01	1.005307e+04
1.106582e+01	3.098430e+02	1.708516e-10	3.789208e+00	5.881834e+01	9.978136e+03
1.107293e+01	3.100420e+02	1.708356e-10	3.789180e+00	5.880933e+01	9.928774e+03
1.108004e+01	3.102410e+02	1.708196e-10	3.789154e+00	5.880092e+01	9.923563e+03
1.108714e+01	3.104400e+02	1.708036e-10	3.789128e+00	5.879425e+01	9.945226e+03
1.109425e+01	3.106390e+02	1.707874e-10	3.789102e+00	5.878972e+01	9.953559e+03
1.110136e+01	3.108380e+02	1.707715e-10	3.789075e+00	5.878689e+01	9.927938e+03
1.110846e+01	3.110370e+02	1.707556e-10	3.789049e+00	5.878506e+01	9.891547e+03
1.111557e+01	3.112360e+02	1.707403e-10	3.789021e+00	5.878375e+01	9.882188e+03
1.112268e+01	3.114350e+02	1.707253e-10	3.788994e+00	5.878264e+01	9.901633e+03
1.112979e+01	3.116340e+02	1.707105e-10	3.788966e+00	5.878120e+01	9.908038e+03
1.113689e+01	3.118330e+02	1.706957e-10	3.788939e+00	5.877868e+01	9.866539e+03
1.114400e+01	3.120320e+02	1.706810e-10	3.788912e+00	5.877468e+01	9.797122e+03
1.115111e+01	3.122310e+02	1.706664e-10	3.788885e+00	5.876961e+01	9.755797e+03
1.115821e+01	3.124300e+02	1.706516e-10	3.788857e+00	5.876426e+01	9.769575e+03
1.116532e+01	3.126290e+02	1.706375e-10	3.788830e+00	5.875900e+01	9.805826e+03
1.117243e+01	3.128280e+02	1.706230e-10	3.788802e+00	5.875360e+01	9.808413e+03
1.117954e+01	3.130270e+02	1.706093e-10	3.788775e+00	5.874757e+01	9.751486e+03
1.118664e+01	3.132260e+02	1.705960e-10	3.788748e+00	5.874068e+01	9.655970e+03
1.119375e+01	3.134250e+02	1.705832e-10	3.788721e+00	5.873316e+01	9.568077e+03
1.120086e+01	3.136240e+02	1.705713e-10	3.788695e+00	5.872549e+01	9.529344e+03
1.120796e+01	3.138230e+02	1.705597e-10	3.788669e+00	5.871819e+01	9.554824e+03
1.121507e+01	3.140220e+02	1.705483e-10	3.788644e+00	5.871157e+01	9.623931e+03
1.122218e+01	3.142210e+02	1.705369e-10	3.788618e+00	5.870561e+01	9.691374e+03
1.122929e+01	3.144200e+02	1.705258e-10	3.788593e+00	5.870011e+01	9.718224e+03
1.123639e+01	3.146190e+02	1.705152e-10	3.788568e+00	5.869490e+01	9.699965e+03
1.124350e+01	3.148180e+02	1.705046e-10	3.788543e+00	5.869004e+01	9.663453e+03
1.125061e+01	3.150170e+02	1.704941e-10	3.788518e+00	5.868573e+01	9.635911e+03
1.125771e+01	3.152160e+02	1.704839e-10	3.788493e+00	5.868204e+01	9.621350e+03
1.126482e+01	3.154150e+02	1.704740e-10	3.788468e+00	5.867883e+01	9.608615e+03
1.127193e+01	3.156140e+02	1.704647e-10	3.788443e+00	5.867583e+01	9.593654e+03
1.127904e+01	3.158130e+02	1.704559e-10	3.788419e+00	5.867285e+01	9.584594e+03
1.128614e+01	3.160120e+02	1.704476e-10	3.788394e+00	5.866987e+01	9.586254e+03
1.129325e+01	3.162110e+02	1.704395e-10	3.788368e+00	5.866685e+01	9.587099e+03
1.130036e+01	3.164100e+02	1.704316e-10	3.788343e+00	5.866368e+01	9.565444e+03
1.130746e+01	3.166090e+02	1.704243e-10	3.788317e+00	5.866005e+01	9.508460e+03
1.131457e+01	3.168080e+02	1.704170e-10	3.788290e+00	5.865563e+01	9.424800e+03
1.132168e+01	3.170070e+02	1.704101e-10	3.788263e+00	5.865022e+01	9.339259e+03
1.132879e+01	3.172060e+02	1.704034e-10	3.788236e+00	5.864386e+01	9.275319e+03
1.133589e+01	3.174050e+02	1.703968e-10	3.788208e+00	5.863680e+01	9.240730e+03
1.134300e+01	3.176040e+02	1.703901e-10	3.788181e+00	5.862931e+01	9.225131e+03
1.135011e+01	3.178030e+02	1.703836e-10	3.788155e+00	5.862167e+01	9.207695e+03
1.135721e+01	3.180020e+02	1.703768e-10	3.788129e+00	5.861418e+01	9.168375e+03
1.136432e+01	3.182010e+02	1.703704e-10	3.788103e+00	5.860709e+01	9.098214e+03
1.137143e+01	3.184000e+02	1.703643e-10	3.788078e+00	5.860067e+01	9.005652e+03
1.137854e+01	3.185990e+02	1.703580e-10	3.788054e+00	5.859510e+01	8.914610e+03
1.138564e+01	3.187980e+02	1.703529e-10	3.788029e+00	5.859050e+01	8.852109e+03
1.139275e+01	3.189970e+02	1.703481e-10	3.788005e+00	5.858691e+01	8.831615e+03
1.139986e+01	3.191960e+02	1.703435e-10	3.787981e+00	5.858420e+01	8.844680e+03
1.140696e+01	3.193950e+02	1.703395e-10	3.787957e+00	5.858213e+01	8.867249e+03
1.141407e+01	3.195940e+02	1.703360e-10	3.787932e+00	5.858035e+01	8.874225e+03
1.142118e+01	3.197930e+02	1.703324e-10	3.787907e+00	5.857849e+01	8.851312e+03
1.142829e+01	3.199920e+02	1.703288e-10	3.787881e+00	5.857627e+01	8.799048e+03
1.143539e+01	3.201910e+02	1.703256e-10	3.787854e+00	5.857354e+01	8.729855e+03
1.144250e+01	3.203900e+02	1.703222e-10	3.787827e+00	5.857032e+01	8.660549e+03
1.144961e+01	3.205890e+02	1.703189e-10	3.787800e+00	5.856671e+01	8.603967e+03
1.145671e+01	3.207880e+02	1.703155e-10	3.787773e+00	5.856281e+01	8.564161e+03
1.146382e+01	3.209870e+02	1.703121e-10	3.787745e+00	5.855864e+01	8.537279e+03
1.147093e+01	3.211860e+02	1.703089e-10	3.787717e+00	5.855411e+01	8.516173e+03
1.147804e+01	3.213850e+02	1.703057e-10	3.787690e+00	5.854901e+01	8.494798e+03
1.148514e+01	3.215840e+02	1.703023e-10	3.787662e+00	5.854317e+01	8.469810e+03
1.149225e+01	3.217830e+02	1.702992e-10	3.787635e+00	5.853659e+01	8.439645e+03
1.149936e+01	3.219820e+02	1.702958e-10	3.787608e+00	5.852947e+01	8.403031e+03
1.150646e+01	3.221810e+02	1.702925e-10	3.787582e+00	5.852215e+01	8.358528e+03
1.151357e+01	3.223800e+02	1.702890e-10	3.787556e+00	5.851497e+01	8.305327e+03
1.152068e+01	3.225790e+02	1.702852e-10	3.787530e+00	5.850821e+01	8.244597e+03
1.152779e+01	3.227780e+02	1.702813e-10	3.787505e+00	5.850208e+01	8.180215e+03
1.153489e+01	3.229770e+02	1.702775e-10	3.787481e+00	5.849672e+01	8.117924e+03
1.154200e+01	3.231760e+02	1.702738e-10	3.787456e+00	5.849225e+01	8.062936e+03
1.154911e+01	3.233750e+02	1.702701e-10	3.787432e+00	5.848870e+01	8.017601e+03
1.155621e+01	3.235740e+02	1.702665e-10	3.787408e+00	5.848595e+01	7.981118e+03
1.156332e+01	3.237730e+02	1.702627e-10	3.787383e+00	5.848378e+01	7.951353e+03
1.157043e+01	3.239720e+02	1.702596e-10	3.787358e+00	5.848186e+01	7.926727e+03
1.157754e+01	3.241710e+02	1.702557e-10	3.787333e+00	5.847988e+01	7.906322e+03
1.158464e+01	3.243700e+02	1.702524e-10	3.787307e+00	5.847769e+01	7.888555e+03
1.159175e+01	3.245690e+02	1.702487e-10	3.787281e+00	5.847524e+01	7.870054e+03
1.159886e+01	3.247680e+02	1.702449e-10	3.787254e+00	5.847253e+01	7.845830e+03
1.160596e+01	3.249670e+02	1.702408e-10	3.787228e+00	5.846947e+01	7.810861e+03
1.161307e+01	3.251660e+02	1.702366e-10	3.787201e+00	5.846588e+01	7.762469e+03
1.162018e+01	3.253650e+02	1.702321e-10	3.787174e+00	5.846156e+01	7.702155e+03
1.162729e+01	3.255640e+02	1.702276e-10	3.787147e+00	5.845641e+01	7.635446e+03
1.163439e+01	3.257630e+02	1.702229e-10	3.787120e+00	5.845053e+01	7.569913e+03
1.164150e+01	3.259620e+02	1.702179e-10	3.787094e+00	5.844425e+01	7.512702e+03
1.164861e+01	3.261610e+02	1.702129e-10	3.787068e+00	5.843800e+01	7.468552e+03
1.165571e+01	3.263600e+02	1.702081e-10	3.787043e+00	5.843219e+01	7.438787e+03
1.166282e+01	3.265590e+02	1.702030e-10	3.787018e+00	5.842699e+01	7.421563e+03
1.166993e+01	3.267580e+02	1.701984e-10	3.786993e+00	5.842236e+01	7.412990e+03
1.167704e+01	3.269570e+02	1.701935e-10	3.786968e+00	5.841815e+01	7.408381e+03
1.168414e+01	3.271560e+02	1.701889e-10	3.786944e+00	5.841425e+01	7.403214e+03
1.169125e+01	3.273550e+02	1.701843e-10	3.786920e+00	5.841068e+01	7.394029e+03
1.169836e+01	3.275540e+02	1.701799e-10	3.786895e+00	5.840755e+01	7.379256e+03
1.170546e+01	3.277530e+02	1.701756e-10	3.786871e+00	5.840493e+01	7.359627e+03
1.171257e+01	3.279520e+02	1.701717e-10	3.786846e+00	5.840277e+01	7.337922e+03
1.171968e+01	3.281510e+02	1.701679e-10	3.786821e+00	5.840094e+01	7.318172e+03
1.172679e+01	3.283500e+02	1.701643e-10	3.786796e+00	5.839926e+01	7.304375e+03
1.173389e+01	3.285490e+02	1.701607e-10	3.786771e+00	5.839757e+01	7.298733e+03
1.174100e+01	3.287480e+02	1.701576e-10	3.786745e+00	5.839570e+01	7.300000e+03
1.174811e+01	3.289470e+02	1.701547e-10	3.786720e+00	5.839346e+01	7.303343e+03
1.175521e+01	3.291460e+02	1.701522e-10	3.786694e+00	5.839071e+01	7.302621e+03
1.176232e+01	3.293450e+02	1.701499e-10	3.786668e+00	5.838733e+01	7.293976e+03
1.176943e+01	3.295440e+02	1.701480e-10	3.786641e+00	5.838332e+01	7.277998e+03
1.177654e+01	3.297430e+02	1.701468e-10	3.786615e+00	5.837879e+01	7.258934e+03
1.178364e+01	3.299420e+02	1.701461e-10	3.786588e+00	5.837390e+01	7.241969e+03
1.179075e+01	3.301410e+02	1.701457e-10	3.786560e+00	5.836884e+01	7.230461e+03
1.179786e+01	3.303400e+02	1.701464e-10	3.786533e+00	5.836382e+01	7.224374e+03
1.180496e+01	3.305390e+02	1.701473e-10	3.786505e+00	5.835901e+01	7.220584e+03
1.181207e+01	3.307380e+02	1.701489e-10	3.786477e+00	5.835445e+01	7.214638e+03
1.181918e+01	3.309370e+02	1.701516e-10	3.786450e+00	5.835007e+01	7.202803e+03
1.182629e+01	3.311360e+02	1.701546e-10	3.786422e+00	5.834576e+01	7.183584e+03
1.183339e+01	3.313350e+02	1.701584e-10	3.786395e+00	5.834141e+01	7.158734e+03
1.184050e+01	3.315340e+02	1.701627e-10	3.786368e+00	5.833703e+01	7.133733e+03
1.184761e+01	3.317330e+02	1.701673e-10	3.786342e+00	5.833273e+01	7.116065e+03
1.185471e+01	3.319320e+02	1.701727e-10	3.786316e+00	5.832868e+01	7.110699e+03
1.186182e+01	3.321310e+02	1.701787e-10	3.786291e+00	5.832499e+01	7.116260e+03
1.186893e+01	3.323300e+02	1.701856e-10	3.786266e+00	5.832163e+01	7.126183e+03
1.187604e+01	3.325290e+02	1.701930e-10	3.786241e+00	5.831848e+01	7.133922e+03
1.188314e+01	3.327280e+02	1.702011e-10	3.786217e+00	5.831537e+01	7.136537e+03
1.189025e+01	3.329270e+02	1.702100e-10	3.786192e+00	5.831230e+01	7.133900e+03
1.189736e+01	3.331260e+02	1.702197e-10	3.786168e+00	5.830935e+01	7.126185e+03
1.190446e+01	3.333250e+02	1.702301e-10	3.786144e+00	5.830661e+01	7.112645e+03
1.191157e+01	3.335240e+02	1.702410e-10	3.786120e+00	5.830406e+01	7.092055e+03
1.191868e+01	3.337230e+02	1.702527e-10	3.786095e+00	5.830162e+01	7.064161e+03
1.192579e+01	3.339220e+02	1.702650e-10	3.786071e+00	5.829922e+01	7.030950e+03
1.193289e+01	3.341210e+02	1.702776e-10	3.786046e+00	5.829687e+01	6.996164e+03
1.194000e+01	3.343200e+02	1.702909e-10	3.786021e+00	5.829454e+01	6.963678e+03
1.194711e+01	3.345190e+02	1.703050e-10	3.785996e+00	5.829205e+01	6.937035e+03
1.195421e+01	3.347180e+02	1.703195e-10	3.785971e+00	5.828920e+01	6.920177e+03
1.196132e+01	3.349170e+02	1.703344e-10	3.785946e+00	5.828594e+01	6.917218e+03
1.196843e+01	3.351160e+02	1.703499e-10	3.785921e+00	5.828242e+01	6.930062e+03
1.197554e+01	3.353150e+02	1.703660e-10	3.785896e+00	5.827891e+01	6.955062e+03
1.198264e+01	3.355140e+02	1.703823e-10	3.785870e+00	5.827551e+01	6.981930e+03
1.198975e+01	3.357130e+02	1.703993e-10	3.785844e+00	5.827204e+01	6.998178e+03
1.199686e+01	3.359120e+02	1.704166e-10	3.785817e+00	5.826815e+01	6.997179e+03
1.200396e+01	3.361110e+02	1.704346e-10	3.785791e+00	5.826362e+01	6.981737e+03
1.201107e+01	3.363100e+02	1.704528e-10	3.785764e+00	5.825848e+01	6.959638e+03
1.201818e+01	3.365090e+02	1.704720e-10	3.785738e+00	5.825302e+01	6.937511e+03
1.202529e+01	3.367080e+02	1.704916e-10	3.785712e+00	5.824759e+01	6.918800e+03
1.203239e+01	3.369070e+02	1.705119e-10	3.785686e+00	5.824251e+01	6.903955e+03
1.203950e+01	3.371060e+02	1.705332e-10	3.785660e+00	5.823800e+01	6.890443e+03
1.204661e+01	3.373050e+02	1.705548e-10	3.785634e+00	5.823411e+01	6.874408e+03
1.205371e+01	3.375040e+02	1.705771e-10	3.785608e+00	5.823073e+01	6.854276e+03
1.206082e+01	3.377030e+02	1.706002e-10	3.785581e+00	5.822765e+01	6.832631e+03
1.206793e+01	3.379020e+02	1.706234e-10	3.785555e+00	5.822469e+01	6.814296e+03
1.207504e+01	3.381010e+02	1.706473e-10	3.785529e+00	5.822168e+01	6.802890e+03
1.208214e+01	3.383000e+02	1.706720e-10	3.785504e+00	5.821856e+01	6.798695e+03
1.208925e+01	3.384990e+02	1.706969e-10	3.785479e+00	5.821523e+01	6.798523e+03
1.209636e+01	3.386980e+02	1.707228e-10	3.785454e+00	5.821163e+01	6.797357e+03
1.210346e+01	3.388970e+02	1.707491e-10	3.785429e+00	5.820768e+01	6.790982e+03
1.211057e+01	3.390960e+02	1.707761e-10	3.785405e+00	5.820341e+01	6.778103e+03
1.211768e+01	3.392950e+02	1.708035e-10	3.785381e+00	5.819899e+01	6.760632e+03
1.212479e+01	3.394940e+02	1.708317e-10	3.785356e+00	5.819464e+01	6.742315e+03
1.213189e+01	3.396930e+02	1.708605e-10	3.785332e+00	5.819063e+01	6.726851e+03
1.213900e+01	3.398920e+02	1.708898e-10	3.785308e+00	5.818716e+01	6.716540e+03
1.214611e+01	3.400910e+02	1.709195e-10	3.785284e+00	5.818436e+01	6.711418e+03
1.215321e+01	3.402900e+02	1.709498e-10	3.785259e+00	5.818219e+01	6.708588e+03
1.216032e+01	3.404890e+02	1.709809e-10	3.785234e+00	5.818051e+01	6.702777e+03
1.216743e+01	3.406880e+02	1.710119e-10	3.785209e+00	5.817901e+01	6.689065e+03
1.217454e+01	3.408870e+02	1.710434e-10	3.785183e+00	5.817734e+01	6.666019e+03
1.218164e+01	3.410860e+02	1.710749e-10	3.785157e+00	5.817524e+01	6.636274e+03
1.218875e+01	3.412850e+02	1.711065e-10	3.785131e+00	5.817251e+01	6.604583e+03
1.219586e+01	3.414840e+02	1.711381e-10	3.785105e+00	5.816910e+01	6.575520e+03
1.220296e+01	3.416830e+02	1.711698e-10	3.785079e+00	5.816511e+01	6.552047e+03
1.221007e+01	3.418820e+02	1.712017e-10	3.785054e+00	5.816074e+01	6.534762e+03
1.221718e+01	3.420810e+02	1.712335e-10	3.785028e+00	5.815625e+01	6.521836e+03
1.222429e+01	3.422800e+02	1.712658e-10	3.785003e+00	5.815182e+01	6.510119e+03
1.223139e+01	3.424790e+02	1.712981e-10	3.784978e+00	5.814754e+01	6.497333e+03
1.223850e+01	3.426780e+02	1.713306e-10	3.784953e+00	5.814340e+01	6.483927e+03
1.224561e+01	3.428770e+02	1.713632e-10	3.784928e+00	5.813940e+01	6.472755e+03
1.225271e+01	3.430760e+02	1.713962e-10	3.784904e+00	5.813554e+01	6.466541e+03
1.225982e+01	3.432750e+02	1.714291e-10	3.784879e+00	5.813186e+01	6.465085e+03
1.226693e+01	3.434740e+02	1.714619e-10	3.784853e+00	5.812833e+01	6.464547e+03
1.227404e+01	3.436730e+02	1.714951e-10	3.784827e+00	5.812491e+01	6.459534e+03
1.228114e+01	3.438720e+02	1.715279e-10	3.784801e+00	5.812150e+01	6.446521e+03
1.228825e+01	3.440710e+02	1.715604e-10	3.784775e+00	5.811808e+01	6.425972e+03
1.229536e+01	3.442700e+02	1.715932e-10	3.784749e+00	5.811474e+01	6.401613e+03
1.230246e+01	3.444690e+02	1.716257e-10	3.784722e+00	5.811166e+01	6.377776e+03
1.230957e+01	3.446680e+02	1.716581e-10	3.784696e+00	5.810904e+01	6.357077e+03
1.231668e+01	3.448670e+02	1.716905e-10	3.784670e+00	5.810690e+01	6.339805e+03
1.232379e+01	3.450660e+02	1.717228e-10	3.784644e+00	5.810510e+01	6.324319e+03
1.233089e+01	3.452650e+02	1.717553e-10	3.784618e+00	5.810342e+01	6.307477e+03
1.233800e+01	3.454640e+02	1.717877e-10	3.784592e+00	5.810165e+01	6.285878e+03
1.234511e+01	3.456630e+02	1.718196e-10	3.784567e+00	5.809964e+01	6.259089e+03
1.235221e+01	3.458620e+02	1.718518e-10	3.784541e+00	5.809735e+01	6.232610e+03
1.235932e+01	3.460610e+02	1.718835e-10	3.784515e+00	5.809480e+01	6.215571e+03
1.236643e+01	3.462600e+02	1.719151e-10	3.784489e+00	5.809211e+01	6.212957e+03
1.237354e+01	3.464590e+02	1.719466e-10	3.784462e+00	5.808937e+01	6.219957e+03
1.238064e+01	3.466580e+02	1.719776e-10	3.784435e+00	5.808662e+01	6.225209e+03
1.238775e+01	3.468570e+02	1.720091e-10	3.784409e+00	5.808374e+01	6.219854e+03
1.239486e+01	3.470560e+02	1.720400e-10	3.784382e+00	5.808055e+01	6.203441e+03
1.240196e+01	3.472550e+02	1.720712e-10	3.784354e+00	5.807684e+01	6.182608e+03
1.240907e+01	3.474540e+02	1.721019e-10	3.784327e+00	5.807246e+01	6.166096e+03
1.241618e+01	3.476530e+02	1.721325e-10	3.784300e+00	5.806748e+01	6.160449e+03
1.242329e+01	3.478520e+02	1.721625e-10	3.784274e+00	5.806214e+01	6.167240e+03
1.243039e+01	3.480510e+02	1.721919e-10	3.784247e+00	5.805682e+01	6.182063e+03
1.243750e+01	3.482500e+02	1.722213e-10	3.784221e+00	5.805180e+01	6.196896e+03
1.244461e+01	3.484490e+02	1.722505e-10	3.784195e+00	5.804727e+01	6.205441e+03
1.245171e+01	3.486480e+02	1.722794e-10	3.784169e+00	5.804334e+01	6.207400e+03
1.245882e+01	3.488470e+02	1.723081e-10	3.784144e+00	5.804012e+01	6.207813e+03
1.246593e+01	3.490460e+02	1.723366e-10	3.784119e+00	5.803767e+01	6.211973e+03
1.247304e+01	3.492450e+02	1.723652e-10	3.784095e+00	5.803594e+01	6.220206e+03
1.248014e+01	3.494440e+02	1.723934e-10	3.784070e+00	5.803471e+01	6.227134e+03
1.248725e+01	3.496430e+02	1.724215e-10	3.784044e+00	5.803366e+01	6.226460e+03
1.249436e+01	3.498420e+02	1.724488e-10	3.784019e+00	5.803242e+01	6.216987e+03
1.250146e+01	3.500410e+02	1.724761e-10	3.783993e+00	5.803070e+01	6.204038e+03
1.250857e+01	3.502400e+02	1.725026e-10	3.783967e+00	5.802836e+01	6.195470e+03
1.251568e+01	3.504390e+02	1.725284e-10	3.783941e+00	5.802542e+01	6.196121e+03
1.252279e+01	3.506380e+02	1.725541e-10	3.783915e+00	5.802211e+01	6.204279e+03
1.252989e+01	3.508370e+02	1.725791e-10	3.783889e+00	5.801870e+01	6.212128e+03
1.253700e+01	3.510360e+02	1.726034e-10	3.783863e+00	5.801541e+01	6.210982e+03
1.254411e+01	3.512350e+02	1.726274e-10	3.783837e+00	5.801232e+01	6.198400e+03
1.255121e+01	3.514340e+02	1.726511e-10	3.783811e+00	5.800937e+01	6.180775e+03
1.255832e+01	3.516330e+02	1.726739e-10	3.783786e+00	5.800641e+01	6.168222e+03
1.256543e+01	3.518320e+02	1.726963e-10	3.783760e+00	5.800331e+01	6.166458e+03
1.257254e+01	3.520310e+02	1.727178e-10	3.783734e+00	5.799999e+01	6.172905e+03
1.257964e+01	3.522300e+02	1.727389e-10	3.783708e+00	5.799646e+01	6.179678e+03
1.258675e+01	3.524290e+02	1.727587e-10	3.783682e+00	5.799270e+01	6.180369e+03
1.259386e+01	3.526280e+02	1.727782e-10	3.783657e+00	5.798871e+01	6.174958e+03
1.260096e+01	3.528270e+02	1.727963e-10	3.783631e+00	5.798454e+01	6.168624e+03
1.260807e+01	3.530260e+02	1.728142e-10	3.783606e+00	5.798029e+01	6.165871e+03
1.261518e+01	3.532250e+02	1.728313e-10	3.783581e+00	5.797609e+01	6.165980e+03
1.262229e+01	3.534240e+02	1.728478e-10	3.783556e+00	5.797206e+01	6.164045e+03
1.262939e+01	3.536230e+02	1.728637e-10	3.783532e+00	5.796830e+01	6.156195e+03
1.263650e+01	3.538220e+02	1.728791e-10	3.783507e+00	5.796494e+01	6.143844e+03
1.264361e+01	3.540210e+02	1.728939e-10	3.783482e+00	5.796214e+01	6.132797e+03
1.265071e+01	3.542200e+02	1.729078e-10	3.783457e+00	5.795994e+01	6.128201e+03
1.265782e+01	3.544190e+02	1.729215e-10	3.783432e+00	5.795829e+01	6.130346e+03
1.266493e+01	3.546180e+02	1.729346e-10	3.783406e+00	5.795702e+01	6.135017e+03
1.267204e+01	3.548170e+02	1.729474e-10	3.783381e+00	5.795593e+01	6.137657e+03
1.267914e+01	3.550160e+02	1.729596e-10	3.783355e+00	5.795482e+01	6.137165e+03
1.268625e+01	3.552150e+02	1.729716e-10	3.783330e+00	5.795351e+01	6.135736e+03
1.269336e+01	3.554140e+02	1.729827e-10	3.783304e+00	5.795184e+01	6.135892e+03
1.270046e+01	3.556130e+02	1.729940e-10	3.783279e+00	5.794970e+01	6.138897e+03
1.270757e+01	3.558120e+02	1.730043e-10	3.783254e+00	5.794707e+01	6.145858e+03
1.271468e+01	3.560110e+02	1.730143e-10	3.783228e+00	5.794395e+01	6.158898e+03
1.272179e+01	3.562100e+02	1.730244e-10	3.783203e+00	5.794040e+01	6.180147e+03
1.272889e+01	3.564090e+02	1.730340e-10	3.783177e+00	5.793651e+01	6.209599e+03
1.273600e+01	3.566080e+02	1.730432e-10	3.783152e+00	5.793244e+01	6.244347e+03
1.274311e+01	3.568070e+02	1.730520e-10	3.783126e+00	5.792839e+01	6.279693e+03
1.275021e+01	3.570060e+02	1.730602e-10	3.783100e+00	5.792455e+01	6.311092e+03
1.275732e+01	3.572050e+02	1.730679e-10	3.783074e+00	5.792113e+01	6.335870e+03
1.276443e+01	3.574040e+02	1.730753e-10	3.783047e+00	5.791816e+01	6.353581e+03
1.277154e+01	3.576030e+02	1.730821e-10	3.783021e+00	5.791547e+01	6.364720e+03
1.277864e+01	3.578020e+02	1.730887e-10	3.782994e+00	5.791283e+01	6.369137e+03
1.278575e+01	3.580010e+02	1.730951e-10	3.782968e+00	5.791001e+01	6.366026e+03
1.279286e+01	3.582000e+02	1.731009e-10	3.782941e+00	5.790698e+01	6.355565e+03
1.279996e+01	3.583990e+02	1.731063e-10	3.782915e+00	5.790378e+01	6.339686e+03
1.280707e+01	3.585980e+02	1.731115e-10	3.782889e+00	5.790045e+01	6.320991e+03
1.281418e+01	3.587970e+02	1.731159e-10	3.782864e+00	5.789694e+01	6.301380e+03
1.282129e+01	3.589960e+02	1.731198e-10	3.782838e+00	5.789328e+01	6.282010e+03
1.282839e+01	3.591950e+02	1.731240e-10	3.782813e+00	5.788958e+01	6.263467e+03
1.283550e+01	3.593940e+02	1.731278e-10	3.782788e+00	5.788603e+01	6.245308e+03
1.284261e+01	3.595930e+02	1.731316e-10	3.782763e+00	5.788269e+01	6.225620e+03
1.284971e+01	3.597920e+02	1.731353e-10	3.782737e+00	5.787943e+01	6.201779e+03
1.285682e+01	3.599910e+02	1.731384e-10	3.782712e+00	5.787604e+01	6.172474e+03
1.286393e+01	3.601900e+02	1.731414e-10	3.782686e+00	5.787243e+01	6.139387e+03
1.287104e+01	3.603890e+02	1.731443e-10	3.782660e+00	5.786874e+01	6.106600e+03
1.287814e+01	3.605880e+02	1.731471e-10	3.782634e+00	5.786517e+01	6.078245e+03
1.288525e+01	3.607870e+02	1.731497e-10	3.782608e+00	5.786184e+01	6.056623e+03
1.289236e+01	3.609860e+02	1.731523e-10	3.782581e+00	5.785870e+01	6.042069e+03
1.289946e+01	3.611850e+02	1.731549e-10	3.782555e+00	5.785575e+01	6.034353e+03
1.290657e+01	3.613840e+02	1.731576e-10	3.782529e+00	5.785309e+01	6.034144e+03
1.291368e+01	3.615830e+02	1.731605e-10	3.782503e+00	5.785081e+01	6.041695e+03
1.292079e+01	3.617820e+02	1.731631e-10	3.782477e+00	5.784886e+01	6.053947e+03
1.292789e+01	3.619810e+02	1.731661e-10	3.782451e+00	5.784712e+01	6.064485e+03
1.293500e+01	3.621800e+02	1.731692e-10	3.782425e+00	5.784552e+01	6.066995e+03
1.294211e+01	3.623790e+02	1.731723e-10	3.782399e+00	5.784391e+01	6.058407e+03
1.294921e+01	3.625780e+02	1.731757e-10	3.782373e+00	5.784204e+01	6.039014e+03
1.295632e+01	3.627770e+02	1.731787e-10	3.782346e+00	5.783958e+01	6.010690e+03
1.296343e+01	3.629760e+02	1.731823e-10	3.782320e+00	5.783633e+01	5.975641e+03
1.297054e+01	3.631750e+02	1.731856e-10	3.782295e+00	5.783240e+01	5.937263e+03
1.297764e+01	3.633740e+02	1.731893e-10	3.782269e+00	5.782821e+01	5.901155e+03
1.298475e+01	3.635730e+02	1.731930e-10	3.782244e+00	5.782424e+01	5.872927e+03
1.299186e+01	3.637720e+02	1.731976e-10	3.782219e+00	5.782066e+01	5.854322e+03
1.299896e+01	3.639710e+02	1.732024e-10	3.782194e+00	5.781735e+01	5.842206e+03
1.300607e+01	3.641700e+02	1.732073e-10	3.782170e+00	5.781408e+01	5.831056e+03
1.301318e+01	3.643690e+02	1.732134e-10	3.782146e+00	5.781081e+01	5.815701e+03
1.302029e+01	3.645680e+02	1.732196e-10	3.782122e+00	5.780769e+01	5.793145e+03
1.302739e+01	3.647670e+02	1.732267e-10	3.782098e+00	5.780492e+01	5.764488e+03
1.303450e+01	3.649660e+02	1.732346e-10	3.782074e+00	5.780260e+01	5.735536e+03
1.304161e+01	3.651650e+02	1.732435e-10	3.782048e+00	5.780074e+01	5.712424e+03
1.304871e+01	3.653640e+02	1.732529e-10	3.782023e+00	5.779909e+01	5.694554e+03
1.305582e+01	3.655630e+02	1.732631e-10	3.781996e+00	5.779714e+01	5.673770e+03
1.306293e+01	3.657620e+02	1.732739e-10	3.781970e+00	5.779439e+01	5.643178e+03
1.307004e+01	3.659610e+02	1.732849e-10	3.781943e+00	5.779064e+01	5.606695e+03
1.307714e+01	3.661600e+02	1.732963e-10	3.781917e+00	5.778618e+01	5.577045e+03
1.308425e+01	3.663590e+02	1.733084e-10	3.781891e+00	5.778161e+01	5.562686e+03
1.309136e+01	3.665580e+02	1.733207e-10	3.781865e+00	5.777756e+01	5.558029e+03
1.309846e+01	3.667570e+02	1.733343e-10	3.781840e+00	5.777444e+01	5.547815e+03
1.310557e+01	3.669560e+02	1.733487e-10	3.781815e+00	5.777227e+01	5.521190e+03
1.311268e+01	3.671550e+02	1.733644e-10	3.781790e+00	5.777081e+01	5.482400e+03
1.311979e+01	3.673540e+02	1.733805e-10	3.781765e+00	5.776981e+01	5.447870e+03
1.312689e+01	3.675530e+02	1.733973e-10	3.781739e+00	5.776903e+01	5.431019e+03
1.313400e+01	3.677520e+02	1.734155e-10	3.781713e+00	5.776822e+01	5.429708e+03
1.314111e+01	3.679510e+02	1.734346e-10	3.781687e+00	5.776704e+01	5.429561e+03
1.314821e+01	3.681500e+02	1.734544e-10	3.781661e+00	5.776517e+01	5.418731e+03
1.315532e+01	3.683490e+02	1.734750e-10	3.781635e+00	5.776251e+01	5.398259e+03
1.316243e+01	3.685480e+02	1.734970e-10	3.781610e+00	5.775916e+01	5.378565e+03
1.316954e+01	3.687470e+02	1.735195e-10	3.781584e+00	5.775531e+01	5.366541e+03
1.317664e+01	3.689460e+02	1.735427e-10	3.781559e+00	5.775111e+01	5.356459e+03
1.318375e+01	3.691450e+02	1.735668e-10	3.781534e+00	5.774672e+01	5.335089e+03
1.319086e+01	3.693440e+02	1.735917e-10	3.781509e+00	5.774234e+01	5.296840e+03
1.319796e+01	3.695430e+02	1.736174e-10	3.781483e+00	5.773819e+01	5.252541e+03
1.320507e+01	3.697420e+02	1.736440e-10	3.781458e+00	5.773448e+01	5.222089e+03
1.321218e+01	3.699410e+02	1.736718e-10	3.781432e+00	5.773137e+01	5.217274e+03
1.321929e+01	3.701400e+02	1.737007e-10	3.781407e+00	5.772894e+01	5.230645e+03
1.322639e+01	3.703390e+02	1.737305e-10	3.781383e+00	5.772716e+01	5.241690e+03
1.323350e+01	3.705380e+02	1.737614e-10	3.781359e+00	5.772586e+01	5.234298e+03
1.324061e+01	3.707370e+02	1.737932e-10	3.781335e+00	5.772473e+01	5.208090e+03
1.324771e+01	3.709360e+02	1.738256e-10	3.781312e+00	5.772348e+01	5.174528e+03
1.325482e+01	3.711350e+02	1.738593e-10	3.781288e+00	5.772190e+01	5.145291e+03
1.326193e+01	3.713340e+02	1.738931e-10	3.781264e+00	5.771982e+01	5.125698e+03
1.326904e+01	3.715330e+02	1.739281e-10	3.781240e+00	5.771712e+01	5.115286e+03
1.327614e+01	3.717320e+02	1.739636e-10	3.781214e+00	5.771387e+01	5.109724e+03
1.328325e+01	3.719310e+02	1.739997e-10	3.781189e+00	5.771039e+01	5.102907e+03
1.329036e+01	3.721300e+02	1.740367e-10	3.781162e+00	5.770704e+01	5.090182e+03
1.329746e+01	3.723290e+02	1.740747e-10	3.781136e+00	5.770393e+01	5.070280e+03
1.330457e+01	3.725280e+02	1.741134e-10	3.781109e+00	5.770095e+01	5.045126e+03
1.331168e+01	3.727270e+02	1.741526e-10	3.781082e+00	5.769791e+01	5.019472e+03
1.331879e+01	3.729260e+02	1.741925e-10	3.781056e+00	5.769483e+01	4.999485e+03
1.332589e+01	3.731250e+02	1.742329e-10	3.781031e+00	5.769202e+01	4.988213e+03
1.333300e+01	3.733240e+02	1.742746e-10	3.781006e+00	5.768980e+01	4.981494e+03
1.334011e+01	3.735230e+02	1.743171e-10	3.780981e+00	5.768817e+01	4.970943e+03
1.334721e+01	3.737220e+02	1.743604e-10	3.780956e+00	5.768669e+01	4.952540e+03
1.335432e+01	3.739210e+02	1.744043e-10	3.780930e+00	5.768475e+01	4.930888e+03
1.336143e+01	3.741200e+02	1.744493e-10	3.780905e+00	5.768208e+01	4.914081e+03
1.336854e+01	3.743190e+02	1.744948e-10	3.780879e+00	5.767880e+01	4.905267e+03
1.337564e+01	3.745180e+02	1.745412e-10	3.780853e+00	5.767521e+01	4.899507e+03
1.338275e+01	3.747170e+02	1.745879e-10	3.780826e+00	5.767153e+01	4.888888e+03
1.338986e+01	3.749160e+02	1.746357e-10	3.780799e+00	5.766785e+01	4.870858e+03
1.339696e+01	3.751150e+02	1.746836e-10	3.780773e+00	5.766432e+01	4.850360e+03
1.340407e+01	3.753140e+02	1.747321e-10	3.780747e+00	5.766119e+01	4.833868e+03
1.341118e+01	3.755130e+02	1.747810e-10	3.780721e+00	5.765867e+01	4.824005e+03
1.341829e+01	3.757120e+02	1.748304e-10	3.780696e+00	5.765683e+01	4.819562e+03
1.342539e+01	3.759110e+02	1.748811e-10	3.780671e+00	5.765561e+01	4.817258e+03
1.343250e+01	3.761100e+02	1.749318e-10	3.780646e+00	5.765472e+01	4.813120e+03
1.343961e+01	3.763090e+02	1.749832e-10	3.780621e+00	5.765362e+01	4.804373e+03
1.344671e+01	3.765080e+02	1.750353e-10	3.780596e+00	5.765194e+01	4.791294e+03
1.345382e+01	3.767070e+02	1.750875e-10	3.780571e+00	5.764981e+01	4.776373e+03
1.346093e+01	3.769060e+02	1.751402e-10	3.780545e+00	5.764749e+01	4.760667e+03
1.346804e+01	3.771050e+02	1.751931e-10	3.780519e+00	5.764486e+01	4.743293e+03
1.347514e+01	3.773040e+02	1.752462e-10	3.780494e+00	5.764160e+01	4.724749e+03
1.348225e+01	3.775030e+02	1.752993e-10	3.780468e+00	5.763783e+01	4.708131e+03
1.348936e+01	3.777020e+02	1.753528e-10	3.780443e+00	5.763416e+01	4.696357e+03
1.349646e+01	3.779010e+02	1.754065e-10	3.780418e+00	5.763114e+01	4.688490e+03
1.350357e+01	3.781000e+02	1.754605e-10	3.780393e+00	5.762890e+01	4.680940e+03
1.351068e+01	3.782990e+02	1.755148e-10	3.780368e+00	5.762731e+01	4.673386e+03
1.351779e+01	3.784980e+02	1.755692e-10	3.780343e+00	5.762607e+01	4.670398e+03
1.352489e+01	3.786970e+02	1.756235e-10	3.780317e+00	5.762474e+01	4.674241e+03
1.353200e+01	3.788960e+02	1.756782e-10	3.780292e+00	5.762296e+01	4.679409e+03
1.353911e+01	3.790950e+02	1.757327e-10	3.780266e+00	5.762086e+01	4.678190e+03
1.354621e+01	3.792940e+02	1.757872e-10	3.780240e+00	5.761895e+01	4.667686e+03
1.355332e+01	3.794930e+02	1.758418e-10	3.780214e+00	5.761749e+01	4.651139e+03
1.356043e+01	3.796920e+02	1.758968e-10	3.780188e+00	5.761620e+01	4.636402e+03
1.356754e+01	3.798910e+02	1.759516e-10	3.780161e+00	5.761460e+01	4.629512e+03
1.357464e+01	3.800900e+02	1.760062e-10	3.780135e+00	5.761246e+01	4.628759e+03
1.358175e+01	3.802890e+02	1.760603e-10	3.780109e+00	5.760984e+01	4.627232e+03
1.358886e+01	3.804880e+02	1.761149e-10	3.780084e+00	5.760676e+01	4.619355e+03
1.359596e+01	3.806870e+02	1.761690e-10	3.780059e+00	5.760319e+01	4.604937e+03
1.360307e+01	3.808860e+02	1.762235e-10	3.780034e+00	5.759917e+01	4.589447e+03
1.361018e+01	3.810850e+02	1.762774e-10	3.780010e+00	5.759516e+01	4.580501e+03
1.361729e+01	3.812840e+02	1.763322e-10	3.779987e+00	5.759192e+01	4.581736e+03
1.362439e+01	3.814830e+02	1.763865e-10	3.779963e+00	5.758981e+01	4.588956e+03
1.363150e+01	3.816820e+02	1.764410e-10	3.779938e+00	5.758848e+01	4.593528e+03
1.363861e+01	3.818810e+02	1.764958e-10	3.779913e+00	5.758718e+01	4.590169e+03
1.364571e+01	3.820800e+02	1.765500e-10	3.779888e+00	5.758537e+01	4.578993e+03
1.365282e+01	3.822790e+02	1.766035e-10	3.779862e+00	5.758286e+01	4.560764e+03
1.365993e+01	3.824780e+02	1.766565e-10	3.779836e+00	5.757991e+01	4.535673e+03
1.366704e+01	3.826770e+02	1.767094e-10	3.779811e+00	5.757707e+01	4.507869e+03
1.367414e+01	3.828760e+02	1.767617e-10	3.779785e+00	5.757479e+01	4.486084e+03
1.368125e+01	3.830750e+02	1.768138e-10	3.779760e+00	5.757302e+01	4.476148e+03
1.368836e+01	3.832740e+02	1.768655e-10	3.779734e+00	5.757138e+01	4.474290e+03
1.369546e+01	3.834730e+02	1.769164e-10	3.779709e+00	5.756970e+01	4.470392e+03
1.370257e+01	3.836720e+02	1.769677e-10	3.779683e+00	5.756808e+01	4.458620e+03
1.370968e+01	3.838710e+02	1.770185e-10	3.779658e+00	5.756649e+01	4.443090e+03
1.371679e+01	3.840700e+02	1.770694e-10	3.779632e+00	5.756465e+01	4.431317e+03
1.372389e+01	3.842690e+02	1.771199e-10	3.779607e+00	5.756230e+01	4.426244e+03
1.373100e+01	3.844680e+02	1.771700e-10	3.779581e+00	5.755959e+01	4.425361e+03
1.373811e+01	3.846670e+02	1.772191e-10	3.779555e+00	5.755696e+01	4.423357e+03
1.374521e+01	3.848660e+02	1.772679e-10	3.779530e+00	5.755486e+01	4.415726e+03
1.375232e+01	3.850650e+02	1.773162e-10	3.779504e+00	5.755328e+01	4.402911e+03
1.375943e+01	3.852640e+02	1.773641e-10	3.779478e+00	5.755178e+01	4.392166e+03
1.376654e+01	3.854630e+02	1.774118e-10	3.779453e+00	5.754980e+01	4.391528e+03
1.377364e+01	3.856620e+02	1.774594e-10	3.779428e+00	5.754721e+01	4.400380e+03
1.378075e+01	3.858610e+02	1.775070e-10	3.779404e+00	5.754436e+01	4.409247e+03
1.378786e+01	3.860600e+02	1.775546e-10	3.779379e+00	5.754169e+01	4.408996e+03
1.379496e+01	3.862590e+02	1.776018e-10	3.779355e+00	5.753923e+01	4.398511e+03
1.380207e+01	3.864580e+02	1.776485e-10	3.779331e+00	5.753664e+01	4.383745e+03
1.380918e+01	3.866570e+02	1.776949e-10	3.779306e+00	5.753386e+01	4.370601e+03
1.381629e+01	3.868560e+02	1.777410e-10	3.779280e+00	5.753127e+01	4.360438e+03
1.382339e+01	3.870550e+02	1.777868e-10	3.779255e+00	5.752907e+01	4.351813e+03
1.383050e+01	3.872540e+02	1.778327e-10	3.779229e+00	5.752698e+01	4.342212e+03
1.383761e+01	3.874530e+02	1.778784e-10	3.779204e+00	5.752467e+01	4.330510e+03
1.384471e+01	3.876520e+02	1.779245e-10	3.779179e+00	5.752232e+01	4.319636e+03
1.385182e+01	3.878510e+02	1.779702e-10	3.779154e+00	5.752014e+01	4.314722e+03
1.385893e+01	3.880500e+02	1.780157e-10	3.779128e+00	5.751784e+01	4.317391e+03
1.386604e+01	3.882490e+02	1.780605e-10	3.779103e+00	5.751493e+01	4.322475e+03
1.387314e+01	3.884480e+02	1.781052e-10	3.779078e+00	5.751165e+01	4.322830e+03
1.388025e+01	3.886470e+02	1.781490e-10	3.779053e+00	5.750895e+01	4.317388e+03
1.388736e+01	3.888460e+02	1.781935e-10	3.779027e+00	5.750727e+01	4.311562e+03
1.389446e+01	3.890450e+02	1.782374e-10	3.779001e+00	5.750577e+01	4.309280e+03
1.390157e+01	3.892440e+02	1.782805e-10	3.778976e+00	5.750346e+01	4.309463e+03
1.390868e+01	3.894430e+02	1.783234e-10	3.778950e+00	5.750057e+01	4.309057e+03
1.391579e+01	3.896420e+02	1.783656e-10	3.778924e+00	5.749824e+01	4.307516e+03
1.392289e+01	3.898410e+02	1.784085e-10	3.778898e+00	5.749725e+01	4.307985e+03
1.393000e+01	3.900400e+02	1.784510e-10	3.778873e+00	5.749732e+01	4.312661e+03
1.393711e+01	3.902390e+02	1.784939e-10	3.778847e+00	5.749719e+01	4.319941e+03
1.394421e+01	3.904380e+02	1.785361e-10	3.778822e+00	5.749556e+01	4.326466e+03
1.395132e+01	3.906370e+02	1.785771e-10	3.778796e+00	5.749245e+01	4.329842e+03
1.395843e+01	3.908360e+02	1.786180e-10	3.778771e+00	5.748941e+01	4.330124e+03
1.396554e+01	3.910350e+02	1.786581e-10	3.778746e+00	5.748774e+01	4.328685e+03
1.397264e+01	3.912340e+02	1.786981e-10	3.778721e+00	5.748681e+01	4.325286e+03
1.397975e+01	3.914330e+02	1.787380e-10	3.778695e+00	5.748494e+01	4.319354e+03
1.398686e+01	3.916320e+02	1.787770e-10	3.778670e+00	5.748156e+01	4.312296e+03
1.399396e+01	3.918310e+02	1.788162e-10	3.778644e+00	5.747767e+01	4.305720e+03
1.400107e+01	3.920300e+02	1.788554e-10	3.778619e+00	5.747453e+01	4.299330e+03
1.400818e+01	3.922290e+02	1.788944e-10	3.778593e+00	5.747221e+01	4.292649e+03
1.401529e+01	3.924280e+02	1.789336e-10	3.778567e+00	5.746995e+01	4.287574e+03
1.402239e+01	3.926270e+02	1.789728e-10	3.778541e+00	5.746727e+01	4.286059e+03
1.402950e+01	3.928260e+02	1.790112e-10	3.778514e+00	5.746424e+01	4.287191e+03
1.403661e+01	3.930250e+02	1.790492e-10	3.778488e+00	5.746100e+01	4.288746e+03
1.404371e+01	3.932240e+02	1.790871e-10	3.778463e+00	5.745772e+01	4.290021e+03
1.405082e+01	3.934230e+02	1.791248e-10	3.778437e+00	5.745488e+01	4.291922e+03
1.405793e+01	3.936220e+02	1.791621e-10	3.778412e+00	5.745287e+01	4.293803e+03
1.406504e+01	3.938210e+02	1.791996e-10	3.778386e+00	5.745163e+01	4.293399e+03
1.407214e+01	3.940200e+02	1.792369e-10	3.778361e+00	5.745100e+01	4.289148e+03
1.407925e+01	3.942190e+02	1.792742e-10	3.778336e+00	5.745047e+01	4.281610e+03
1.408636e+01	3.944180e+02	1.793108e-10	3.778311e+00	5.744917e+01	4.274622e+03
1.409346e+01	3.946170e+02	1.793470e-10	3.778286e+00	5.744687e+01	4.271137e+03
1.410057e+01	3.948160e+02	1.793826e-10	3.778261e+00	5.744457e+01	4.271457e+03
1.410768e+01	3.950150e+02	1.794186e-10	3.778236e+00	5.744309e+01	4.276366e+03
1.411479e+01	3.952140e+02	1.794544e-10	3.778211e+00	5.744192e+01	4.285120e+03
1.412189e+01	3.954130e+02	1.794897e-10	3.778185e+00	5.744018e+01	4.293214e+03
1.412900e+01	3.956120e+02	1.795247e-10	3.778159e+00	5.743782e+01	4.294492e+03
1.413611e+01	3.958110e+02	1.795597e-10	3.778132e+00	5.743534e+01	4.285906e+03
1.414321e+01	3.960100e+02	1.795949e-10	3.778106e+00	5.743301e+01	4.271394e+03
1.415032e+01	3.962090e+02	1.796300e-10	3.778079e+00	5.743085e+01	4.260363e+03
1.415743e+01	3.964080e+02	1.796651e-10	3.778053e+00	5.742874e+01	4.258720e+03
1.416454e+01	3.966070e+02	1.797001e-10	3.778027e+00	5.742646e+01	4.264417e+03
1.417164e+01	3.968060e+02	1.797349e-10	3.778002e+00	5.742400e+01	4.272039e+03
1.417875e+01	3.970050e+02	1.797699e-10	3.777978e+00	5.742153e+01	4.277635e+03
1.418586e+01	3.972040e+02	1.798051e-10	3.777953e+00	5.741900e+01	4.279782e+03
1.419296e+01	3.974030e+02	1.798401e-10	3.777929e+00	5.741635e+01	4.278929e+03
1.420007e+01	3.976020e+02	1.798753e-10	3.777906e+00	5.741393e+01	4.275966e+03
1.420718e+01	3.978010e+02	1.799101e-10	3.777882e+00	5.741224e+01	4.272075e+03
1.421429e+01	3.980000e+02	1.799453e-10	3.777857e+00	5.741125e+01	4.271093e+03
1.422139e+01	3.981990e+02	1.799804e-10	3.777832e+00	5.741058e+01	4.277510e+03
1.422850e+01	3.983980e+02	1.800157e-10	3.777806e+00	5.740989e+01	4.288844e+03
1.423561e+01	3.985970e+02	1.800510e-10	3.777780e+00	5.740849e+01	4.296420e+03
1.424271e+01	3.987960e+02	1.800863e-10	3.777753e+00	5.740571e+01	4.295300e+03
1.424982e+01	3.989950e+02	1.801212e-10	3.777726e+00	5.740193e+01	4.286857e+03
1.425693e+01	3.991940e+02	1.801566e-10	3.777699e+00	5.739819e+01	4.275151e+03
1.426404e+01	3.993930e+02	1.801922e-10	3.777673e+00	5.739478e+01	4.264308e+03
1.427114e+01	3.995920e+02	1.802272e-10	3.777648e+00	5.739147e+01	4.256923e+03
1.427825e+01	3.997910e+02	1.802626e-10	3.777623e+00	5.738856e+01	4.252284e+03
1.428536e+01	3.999900e+02	1.802985e-10	3.777599e+00	5.738645e+01	4.248184e+03
1.429246e+01	4.001890e+02	1.803349e-10	3.777574e+00	5.738477e+01	4.243801e+03
1.429957e+01	4.003880e+02	1.803711e-10	3.777549e+00	5.738293e+01	4.241503e+03
1.430668e+01	4.005870e+02	1.804075e-10	3.777525e+00	5.738087e+01	4.244651e+03
1.431379e+01	4.007860e+02	1.804444e-10	3.777500e+00	5.737870e+01	4.253162e+03
1.432089e+01	4.009850e+02	1.804814e-10	3.777475e+00	5.737649e+01	4.263153e+03
1.432800e+01	4.011840e+02	1.805182e-10	3.777450e+00	5.737429e+01	4.270628e+03
1.433511e+01	4.013830e+02	1.805558e-10	3.777425e+00	5.737214e+01	4.273618e+03
1.434221e+01	4.015820e+02	1.805938e-10	3.777400e+00	5.737014e+01	4.272633e+03
1.434932e+01	4.017810e+02	1.806323e-10	3.777374e+00	5.736834e+01	4.269185e+03
1.435643e+01	4.019800e+02	1.806714e-10	3.777349e+00	5.736653e+01	4.265418e+03
1.436354e+01	4.021790e+02	1.807108e-10	3.777324e+00	5.736454e+01	4.263200e+03
1.437064e+01	4.023780e+02	1.807508e-10	3.777298e+00	5.736249e+01	4.261492e+03
1.437775e+01	4.025770e+02	1.807911e-10	3.777273e+00	5.736063e+01	4.259177e+03
1.438486e+01	4.027760e+02	1.808307e-10	3.777248e+00	5.735899e+01	4.259234e+03
1.439196e+01	4.029750e+02	1.808702e-10	3.777223e+00	5.735734e+01	4.266945e+03
1.439907e+01	4.031740e+02	1.809098e-10	3.777198e+00	5.735528e+01	4.283569e+03
1.440618e+01	4.033730e+02	1.809500e-10	3.777173e+00	5.735244e+01	4.302765e+03
1.441329e+01	4.035720e+02	1.809905e-10	3.777148e+00	5.734908e+01	4.314687e+03
1.442039e+01	4.037710e+02	1.810321e-10	3.777122e+00	5.734619e+01	4.315133e+03
1.442750e+01	4.039700e+02	1.810750e-10	3.777096e+00	5.734462e+01	4.309601e+03
1.443461e+01	4.041690e+02	1.811186e-10	3.777070e+00	5.734406e+01	4.307345e+03
1.444171e+01	4.043680e+02	1.811626e-10	3.777044e+00	5.734367e+01	4.312758e+03
1.444882e+01	4.045670e+02	1.812061e-10	3.777017e+00	5.734291e+01	4.323043e+03
1.445593e+01	4.047660e+02	1.812504e-10	3.776991e+00	5.734158e+01	4.332051e+03
1.446304e+01	4.049650e+02	1.812944e-10	3.776966e+00	5.733959e+01	4.334400e+03
1.447014e+01	4.051640e+02	1.813384e-10	3.776941e+00	5.733693e+01	4.328806e+03
1.447725e+01	4.053630e+02	1.813829e-10	3.776917e+00	5.733364e+01	4.319581e+03
1.448436e+01	4.055620e+02	1.814291e-10	3.776893e+00	5.732991e+01	4.313847e+03
1.449146e+01	4.057610e+02	1.814761e-10	3.776869e+00	5.732636e+01	4.314721e+03
1.449857e+01	4.059600e+02	1.815241e-10	3.776844e+00	5.732358e+01	4.320693e+03
1.450568e+01	4.061590e+02	1.815725e-10	3.776818e+00	5.732147e+01	4.330194e+03
1.451279e+01	4.063580e+02	1.816217e-10	3.776791e+00	5.731974e+01	4.344572e+03
1.451989e+01	4.065570e+02	1.816714e-10	3.776765e+00	5.731834e+01	4.364030e+03
1.452700e+01	4.067560e+02	1.817211e-10	3.776739e+00	5.731696e+01	4.380988e+03
1.453411e+01	4.069550e+02	1.817713e-10	3.776713e+00	5.731486e+01	4.384556e+03
1.454121e+01	4.071540e+02	1.818231e-10	3.776688e+00	5.731170e+01	4.372504e+03
1.454832e+01	4.073530e+02	1.818758e-10	3.776664e+00	5.730811e+01	4.355230e+03
1.455543e+01	4.075520e+02	1.819293e-10	3.776639e+00	5.730492e+01	4.345962e+03
1.456254e+01	4.077510e+02	1.819836e-10	3.776614e+00	5.730233e+01	4.349645e+03
1.456964e+01	4.079500e+02	1.820384e-10	3.776589e+00	5.730012e+01	4.361470e+03
1.457675e+01	4.081490e+02	1.820944e-10	3.776564e+00	5.729807e+01	4.372342e+03
1.458386e+01	4.083480e+02	1.821516e-10	3.776539e+00	5.729605e+01	4.376030e+03
1.459096e+01	4.085470e+02	1.822091e-10	3.776514e+00	5.729394e+01	4.373791e+03
1.459807e+01	4.087460e+02	1.822674e-10	3.776489e+00	5.729196e+01	4.371888e+03
1.460518e+01	4.089450e+02	1.823269e-10	3.776464e+00	5.729047e+01	4.375457e+03
1.461229e+01	4.091440e+02	1.823879e-10	3.776440e+00	5.728942e+01	4.383756e+03
1.461939e+01	4.093430e+02	1.824500e-10	3.776414e+00	5.728810e+01	4.392083e+03
1.462650e+01	4.095420e+02	1.825136e-10	3.776389e+00	5.728594e+01	4.397732e+03
1.463361e+01	4.097410e+02	1.825772e-10	3.776364e+00	5.728306e+01	4.401723e+03
1.464071e+01	4.099400e+02	1.826421e-10	3.776339e+00	5.728002e+01	4.405901e+03
1.464782e+01	4.101390e+02	1.827083e-10	3.776315e+00	5.727717e+01	4.412869e+03
1.465493e+01	4.103380e+02	1.827754e-10	3.776290e+00	5.727460e+01	4.425766e+03
1.466204e+01	4.105370e+02	1.828449e-10	3.776266e+00	5.727257e+01	4.445288e+03
1.466914e+01	4.107360e+02	1.829161e-10	3.776241e+00	5.727127e+01	4.467169e+03
1.467625e+01	4.109350e+02	1.829891e-10	3.776215e+00	5.727031e+01	4.483605e+03
1.468336e+01	4.111340e+02	1.830629e-10	3.776189e+00	5.726898e+01	4.488029e+03
1.469046e+01	4.113330e+02	1.831375e-10	3.776163e+00	5.726686e+01	4.483055e+03
1.469757e+01	4.115320e+02	1.832128e-10	3.776136e+00	5.726406e+01	4.478900e+03
1.470468e+01	4.117310e+02	1.832886e-10	3.776109e+00	5.726095e+01	4.481616e+03
1.471179e+01	4.119300e+02	1.833649e-10	3.776082e+00	5.725805e+01	4.486319e+03
1.471889e+01	4.121290e+02	1.834424e-10	3.776056e+00	5.725571e+01	4.485677e+03
1.472600e+01	4.123280e+02	1.835211e-10	3.776030e+00	5.725381e+01	4.479897e+03
1.473311e+01	4.125270e+02	1.836013e-10	3.776005e+00	5.725198e+01	4.477414e+03
1.474021e+01	4.127260e+02	1.836831e-10	3.775981e+00	5.725004e+01	4.486149e+03
1.474732e+01	4.129250e+02	1.837660e-10	3.775956e+00	5.724790e+01	4.506610e+03
1.475443e+01	4.131240e+02	1.838504e-10	3.775932e+00	5.724558e+01	4.530753e+03
1.476154e+01	4.133230e+02	1.839369e-10	3.775908e+00	5.724331e+01	4.547676e+03
1.476864e+01	4.135220e+02	1.840252e-10	3.775884e+00	5.724131e+01	4.553738e+03
1.477575e+01	4.137210e+02	1.841149e-10	3.775859e+00	5.723941e+01	4.556436e+03
1.478286e+01	4.139200e+02	1.842061e-10	3.775835e+00	5.723725e+01	4.568500e+03
1.478996e+01	4.141190e+02	1.842980e-10	3.775810e+00	5.723483e+01	4.597826e+03
1.479707e+01	4.143180e+02	1.843910e-10	3.775785e+00	5.723240e+01	4.635549e+03
1.480418e+01	4.145170e+02	1.844866e-10	3.775759e+00	5.723019e+01	4.659729e+03
1.481129e+01	4.147160e+02	1.845847e-10	3.775734e+00	5.722809e+01	4.658251e+03
1.481839e+01	4.149150e+02	1.846846e-10	3.775708e+00	5.722585e+01	4.640654e+03
1.482550e+01	4.151140e+02	1.847859e-10	3.775683e+00	5.722336e+01	4.623677e+03
1.483261e+01	4.153130e+02	1.848883e-10	3.775658e+00	5.722079e+01	4.617017e+03
1.483971e+01	4.155120e+02	1.849919e-10	3.775632e+00	5.721824e+01	4.620219e+03
1.484682e+01	4.157110e+02	1.850963e-10	3.775605e+00	5.721562e+01	4.631439e+03
1.485393e+01	4.159100e+02	1.852013e-10	3.775579e+00	5.721284e+01	4.651771e+03
1.486104e+01	4.161090e+02	1.853086e-10	3.775553e+00	5.720966e+01	4.675747e+03
1.486814e+01	4.163080e+02	1.854174e-10	3.775527e+00	5.720601e+01	4.692406e+03
1.487525e+01	4.165070e+02	1.855280e-10	3.775502e+00	5.720268e+01	4.702377e+03
1.488236e+01	4.167060e+02	1.856401e-10	3.775477e+00	5.720061e+01	4.711925e+03
1.488946e+01	4.169050e+02	1.857538e-10	3.775453e+00	5.719970e+01	4.719161e+03
1.489657e+01	4.171040e+02	1.858689e-10	3.775428e+00	5.719896e+01	4.722364e+03
1.490368e+01	4.173030e+02	1.859855e-10	3.775404e+00	5.719749e+01	4.732099e+03
1.491079e+01	4.175020e+02	1.861023e-10	3.775379e+00	5.719500e+01	4.757542e+03
1.491789e+01	4.177010e+02	1.862193e-10	3.775353e+00	5.719166e+01	4.785621e+03
1.492500e+01	4.179000e+02	1.863366e-10	3.775327e+00	5.718786e+01	4.796571e+03
1.493211e+01	4.180990e+02	1.864545e-10	3.775301e+00	5.718438e+01	4.791232e+03
1.493921e+01	4.182980e+02	1.865735e-10	3.775276e+00	5.718191e+01	4.786874e+03
1.494632e+01	4.184970e+02	1.866939e-10	3.775252e+00	5.718040e+01	4.795112e+03
1.495343e+01	4.186960e+02	1.868152e-10	3.775228e+00	5.717931e+01	4.809716e+03
1.496054e+01	4.188950e+02	1.869372e-10	3.775204e+00	5.717800e+01	4.823036e+03
1.496764e+01	4.190940e+02	1.870601e-10	3.775179e+00	5.717598e+01	4.841902e+03
1.497475e+01	4.192930e+02	1.871831e-10	3.775152e+00	5.717317e+01	4.866534e+03
1.498186e+01	4.194920e+02	1.873071e-10	3.775125e+00	5.717000e+01	4.888182e+03
1.498896e+01	4.196910e+02	1.874315e-10	3.775098e+00	5.716699e+01	4.916124e+03
1.499607e+01	4.198900e+02	1.875568e-10	3.775072e+00	5.716434e+01	4.952236e+03
1.500318e+01	4.200890e+02	1.876815e-10	3.775047e+00	5.716172e+01	4.970354e+03
1.501029e+01	4.202880e+02	1.878066e-10	3.775022e+00	5.715897e+01	4.968495e+03
1.501739e+01	4.204870e+02	1.879318e-10	3.774998e+00	5.715664e+01	4.970001e+03
1.502450e+01	4.206860e+02	1.880587e-10	3.774974e+00	5.715495e+01	4.981281e+03
1.503161e+01	4.208850e+02	1.881866e-10	3.774950e+00	5.715364e+01	5.000041e+03
1.503871e+01	4.210840e+02	1.883157e-10	3.774926e+00	5.715267e+01	5.018626e+03
1.504582e+01	4.212830e+02	1.884465e-10	3.774902e+00	5.715162e+01	5.036714e+03
1.505293e+01	4.214820e+02	1.885774e-10	3.774877e+00	5.714935e+01	5.072935e+03
1.506004e+01	4.216810e+02	1.887079e-10	3.774851e+00	5.714540e+01	5.120312e+03
1.506714e+01	4.218800e+02	1.888386e-10	3.774825e+00	5.714056e+01	5.152158e+03
1.507425e+01	4.220790e+02	1.889703e-10	3.774798e+00	5.713601e+01	5.197120e+03
1.508136e+01	4.222780e+02	1.891035e-10	3.774772e+00	5.713291e+01	5.289753e+03
1.508846e+01	4.224770e+02	1.892378e-10	3.774747e+00	5.713211e+01	5.385910e+03
1.509557e+01	4.226760e+02	1.893740e-10	3.774723e+00	5.713307e+01	5.429649e+03
1.510268e+01	4.228750e+02	1.895124e-10	3.774699e+00	5.713326e+01	5.430080e+03
1.510979e+01	4.230740e+02	1.896513e-10	3.774675e+00	5.713035e+01	5.423714e+03
1.511689e+01	4.232730e+02	1.897908e-10	3.774652e+00	5.712522e+01	5.433823e+03
1.512400e+01	4.234720e+02	1.899324e-10	3.774627e+00	5.712054e+01	5.459227e+03
1.513111e+01	4.236710e+02	1.900763e-10	3.774601e+00	5.711690e+01	5.487819e+03
1.513821e+01	4.238700e+02	1.902211e-10	3.774574e+00	5.711368e+01	5.525727e+03
1.514532e+01	4.240690e+02	1.903678e-10	3.774547e+00	5.711154e+01	5.570553e+03
1.515243e+01	4.242680e+02	1.905160e-10	3.774522e+00	5.711014e+01	5.589345e+03
1.515954e+01	4.244670e+02	1.906658e-10	3.774499e+00	5.710732e+01	5.582723e+03
1.516664e+01	4.246660e+02	1.908161e-10	3.774475e+00	5.710330e+01	5.573679e+03
1.517375e+01	4.248650e+02	1.909681e-10	3.774450e+00	5.710082e+01	5.554214e+03
1.518086e+01	4.250640e+02	1.911230e-10	3.774424e+00	5.710047e+01	5.539522e+03
1.518796e+01	4.252630e+02	1.912794e-10	3.774397e+00	5.710007e+01	5.566044e+03
1.519507e+01	4.254620e+02	1.914371e-10	3.774371e+00	5.709828e+01	5.621164e+03
1.520218e+01	4.256610e+02	1.915962e-10	3.774348e+00	5.709517e+01	5.664136e+03
1.520929e+01	4.258600e+02	1.917566e-10	3.774326e+00	5.709069e+01	5.682050e+03
1.521639e+01	4.260590e+02	1.919179e-10	3.774302e+00	5.708528e+01	5.688864e+03
1.522350e+01	4.262580e+02	1.920827e-10	3.774275e+00	5.708055e+01	5.713677e+03
1.523061e+01	4.264570e+02	1.922514e-10	3.774246e+00	5.707819e+01	5.774667e+03
1.523771e+01	4.266560e+02	1.924215e-10	3.774220e+00	5.707764e+01	5.801721e+03
1.524482e+01	4.268550e+02	1.925917e-10	3.774195e+00	5.707614e+01	5.770081e+03
1.525193e+01	4.270540e+02	1.927615e-10	3.774171e+00	5.707176e+01	5.767719e+03
1.525904e+01	4.272530e+02	1.929322e-10	3.774147e+00	5.706542e+01	5.784696e+03
1.526614e+01	4.274520e+02	1.931064e-10	3.774121e+00	5.706043e+01	5.811806e+03
1.527325e+01	4.276510e+02	1.932866e-10	3.774095e+00	5.706073e+01	5.898219e+03
1.528036e+01	4.278500e+02	1.934710e-10	3.774071e+00	5.706517e+01	5.894288e+03
1.528746e+01	4.280490e+02	1.936551e-10	3.774047e+00	5.706648e+01	5.758375e+03
1.529457e+01	4.282480e+02	1.938369e-10	3.774024e+00	5.706056e+01	5.768519e+03
1.530168e+01	4.284470e+02	1.940165e-10	3.773999e+00	5.705095e+01	5.973308e+03
1.530879e+01	4.286460e+02	1.941980e-10	3.773974e+00	5.704297e+01	6.145956e+03
1.531589e+01	4.288450e+02	1.943852e-10	3.773947e+00	5.704033e+01	6.196451e+03
1.532300e+01	4.290440e+02	1.945777e-10	3.773920e+00	5.704112e+01	6.118000e+03
1.533011e+01	4.292430e+02	1.947705e-10	3.773895e+00	5.703899e+01	5.970850e+03
1.533721e+01	4.294420e+02	1.949609e-10	3.773871e+00	5.703394e+01	5.904728e+03
1.534432e+01	4.296410e+02	1.951505e-10	3.773846e+00	5.703063e+01	5.939892e+03
1.535143e+01	4.298400e+02	1.953394e-10	3.773819e+00	5.703041e+01	5.944275e+03
1.535854e+01	4.300390e+02	1.955297e-10	3.773793e+00	5.703478e+01	5.950133e+03
1.536564e+01	4.302380e+02	1.957215e-10	3.773769e+00	5.704030e+01	6.022191e+03
1.537275e+01	4.304370e+02	1.959115e-10	3.773746e+00	5.703795e+01	6.176498e+03
1.537986e+01	4.306360e+02	1.960978e-10	3.773724e+00	5.702785e+01	6.367837e+03
1.538696e+01	4.308350e+02	1.962828e-10	3.773700e+00	5.701348e+01	6.424691e+03
1.539407e+01	4.310340e+02	1.964704e-10	3.773674e+00	5.700014e+01	6.286996e+03
1.540118e+01	4.312330e+02	1.966622e-10	3.773648e+00	5.699597e+01	6.107211e+03
1.540829e+01	4.314320e+02	1.968529e-10	3.773622e+00	5.699873e+01	6.041964e+03
1.541539e+01	4.316310e+02	1.970405e-10	3.773597e+00	5.700374e+01	6.135126e+03
1.542250e+01	4.318300e+02	1.972268e-10	3.773572e+00	5.700844e+01	6.217768e+03
1.542961e+01	4.320290e+02	1.974104e-10	3.773547e+00	5.700641e+01	6.182923e+03
1.543671e+01	4.322280e+02	1.975892e-10	3.773521e+00	5.699823e+01	6.186326e+03
1.544382e+01	4.324270e+02	1.977686e-10	3.773495e+00	5.699365e+01	6.233133e+03
1.545093e+01	4.326260e+02	1.979521e-10	3.773470e+00	5.699219e+01	6.157809e+03
1.545804e+01	4.328250e+02	1.981359e-10	3.773446e+00	5.698651e+01	6.109795e+03
1.546514e+01	4.330240e+02	1.983120e-10	3.773423e+00	5.697518e+01	6.097358e+03
1.547225e+01	4.332230e+02	1.984816e-10	3.773398e+00	5.696473e+01	5.984516e+03
1.547936e+01	4.334220e+02	1.986567e-10	3.773372e+00	5.696464e+01	5.952882e+03
1.548646e+01	4.336210e+02	1.988376e-10	3.773347e+00	5.696982e+01	6.036521e+03
1.549357e+01	4.338200e+02	1.990137e-10	3.773324e+00	5.696663e+01	6.022996e+03
1.550068e+01	4.340190e+02	1.991814e-10	3.773298e+00	5.696045e+01	6.060329e+03
1.550779e+01	4.342180e+02	1.993497e-10	3.773269e+00	5.695852e+01	6.033587e+03
1.551489e+01	4.344170e+02	1.995235e-10	3.773240e+00	5.695729e+01	6.101283e+03
1.552200e+01	4.346160e+02	1.996973e-10	3.773216e+00	5.695393e+01	6.268651e+03
1.552911e+01	4.348150e+02	1.998646e-10	3.773193e+00	5.694792e+01	6.233000e+03
1.553621e+01	4.350140e+02	2.000283e-10	3.773169e+00	5.694314e+01	6.191601e+03
1.554332e+01	4.352130e+02	2.001915e-10	3.773143e+00	5.694005e+01	6.110947e+03
1.555043e+01	4.354120e+02	2.003554e-10	3.773118e+00	5.693499e+01	6.028675e+03
1.555754e+01	4.356110e+02	2.005190e-10	3.773093e+00	5.693439e+01	6.183502e+03
1.556464e+01	4.358100e+02	2.006801e-10	3.773067e+00	5.692928e+01	6.098425e+03
1.557175e+01	4.360090e+02	2.008373e-10	3.773040e+00	5.691942e+01	6.242458e+03
1.557886e+01	4.362080e+02	2.009975e-10	3.773013e+00	5.691887e+01	6.389516e+03
1.558596e+01	4.364070e+02	2.011638e-10	3.772987e+00	5.692059e+01	6.311240e+03
1.559307e+01	4.366060e+02	2.013294e-10	3.772964e+00	5.692045e+01	6.460747e+03
1.560018e+01	4.368050e+02	2.014882e-10	3.772942e+00	5.691342e+01	6.357982e+03
1.560729e+01	4.370040e+02	2.016437e-10	3.772918e+00	5.690447e+01	6.244858e+03
1.561439e+01	4.372030e+02	2.018019e-10	3.772892e+00	5.690390e+01	6.249693e+03
1.562150e+01	4.374020e+02	2.019644e-10	3.772866e+00	5.690359e+01	6.237316e+03
1.562861e+01	4.376010e+02	2.021274e-10	3.772841e+00	5.690249e+01	6.380416e+03
1.563571e+01	4.378000e+02	2.022909e-10	3.772815e+00	5.690015e+01	6.401097e+03
1.564282e+01	4.379990e+02	2.024567e-10	3.772789e+00	5.689981e+01	6.376595e+03
1.564993e+01	4.381980e+02	2.026249e-10	3.772764e+00	5.689836e+01	6.347172e+03
1.565704e+01	4.383970e+02	2.027954e-10	3.772742e+00	5.689364e+01	6.398944e+03
1.566414e+01	4.385960e+02	2.029659e-10	3.772720e+00	5.688577e+01	6.326750e+03
1.567125e+01	4.387950e+02	2.031352e-10	3.772695e+00	5.687725e+01	6.355314e+03
1.567836e+01	4.389940e+02	2.033058e-10	3.772665e+00	5.687953e+01	6.472636e+03
1.568546e+01	4.391930e+02	2.034829e-10	3.772636e+00	5.689035e+01	6.367990e+03
1.569257e+01	4.393920e+02	2.036637e-10	3.772609e+00	5.689605e+01	6.396623e+03
1.569968e+01	4.395910e+02	2.038388e-10	3.772587e+00	5.688207e+01	6.409379e+03
1.570679e+01	4.397900e+02	2.040120e-10	3.772567e+00	5.686525e+01	6.378571e+03
1.571389e+01	4.399890e+02	2.041955e-10	3.772545e+00	5.685970e+01	6.376738e+03
1.572100e+01	4.401880e+02	2.043812e-10	3.772518e+00	5.685089e+01	6.460818e+03
1.572811e+01	4.403870e+02	2.045632e-10	3.772491e+00	5.684123e+01	6.624521e+03
1.573521e+01	4.405860e+02	2.047531e-10	3.772465e+00	5.685064e+01	6.693369e+03
1.574232e+01	4.407850e+02	2.049470e-10	3.772439e+00	5.686055e+01	6.550185e+03
1.574943e+01	4.409840e+02	2.051320e-10	3.772416e+00	5.684401e+01	6.419130e+03
1.575654e+01	4.411830e+02	2.053202e-10	3.772395e+00	5.682744e+01	6.489459e+03
1.576364e+01	4.413820e+02	2.055222e-10	3.772372e+00	5.683047e+01	6.537593e+03
1.577075e+01	4.415810e+02	2.057195e-10	3.772344e+00	5.682772e+01	6.514728e+03
1.577786e+01	4.417800e+02	2.059091e-10	3.772317e+00	5.681472e+01	6.591900e+03
1.578496e+01	4.419790e+02	2.061058e-10	3.772292e+00	5.681332e+01	6.563270e+03
1.579207e+01	4.421780e+02	2.063054e-10	3.772267e+00	5.681614e+01	6.498319e+03
1.579918e+01	4.423770e+02	2.064981e-10	3.772241e+00	5.680946e+01	6.600812e+03
1.580629e+01	4.425760e+02	2.066936e-10	3.772216e+00	5.680599e+01	6.642271e+03
1.581339e+01	4.427750e+02	2.068985e-10	3.772190e+00	5.681150e+01	6.636984e+03
1.582050e+01	4.429740e+02	2.070996e-10	3.772163e+00	5.681099e+01	6.657259e+03
1.582761e+01	4.431730e+02	2.072918e-10	3.772138e+00	5.680080e+01	6.667727e+03
1.583471e+01	4.433720e+02	2.074880e-10	3.772115e+00	5.679971e+01	6.798685e+03
1.584182e+01	4.435710e+02	2.076897e-10	3.772090e+00	5.680700e+01	6.896186e+03
1.584893e+01	4.437700e+02	2.078878e-10	3.772063e+00	5.680790e+01	6.951365e+03
1.585604e+01	4.439690e+02	2.080822e-10	3.772036e+00	5.680366e+01	7.023161e+03
1.586314e+01	4.441680e+02	2.082767e-10	3.772010e+00	5.679992e+01	7.132650e+03
1.587025e+01	4.443670e+02	2.084669e-10	3.771987e+00	5.679371e+01	7.112332e+03
1.587736e+01	4.445660e+02	2.086547e-10	3.771966e+00	5.678776e+01	6.958369e+03
1.588446e+01	4.447650e+02	2.088441e-10	3.771946e+00	5.678675e+01	6.958572e+03
1.589157e+01	4.449640e+02	2.090327e-10	3.771924e+00	5.678573e+01	7.050348e+03
1.589868e+01	4.451630e+02	2.092170e-10	3.771898e+00	5.677721e+01	6.977765e+03
1.590579e+01	4.453620e+02	2.093995e-10	3.771870e+00	5.676787e+01	6.920106e+03
1.591289e+01	4.455610e+02	2.095823e-10	3.771843e+00	5.676629e+01	6.913435e+03
1.592000e+01	4.457600e+02	2.097653e-10	3.771817e+00	5.676800e+01	6.852459e+03
1.592711e+01	4.459590e+02	2.099470e-10	3.771793e+00	5.676560e+01	6.855496e+03
1.593421e+01	4.461580e+02	2.101285e-10	3.771768e+00	5.675873e+01	6.928015e+03
1.594132e+01	4.463570e+02	2.103103e-10	3.771741e+00	5.675005e+01	7.058058e+03
1.594843e+01	4.465560e+02	2.104908e-10	3.771712e+00	5.673783e+01	7.139841e+03
1.595554e+01	4.467550e+02	2.106716e-10	3.771684e+00	5.672522e+01	7.099196e+03
1.596264e+01	4.469540e+02	2.108563e-10	3.771660e+00	5.672252e+01	7.103958e+03
1.596975e+01	4.471530e+02	2.110449e-10	3.771638e+00	5.673191e+01	7.313012e+03
1.597686e+01	4.473520e+02	2.112311e-10	3.771616e+00	5.674026e+01	7.447440e+03
1.598396e+01	4.475510e+02	2.114145e-10	3.771592e+00	5.673675e+01	7.326019e+03
1.599107e+01	4.477500e+02	2.115982e-10	3.771568e+00	5.672765e+01	7.255727e+03
1.599818e+01	4.479490e+02	2.117822e-10	3.771544e+00	5.671906e+01	7.320687e+03
1.600529e+01	4.481480e+02	2.119643e-10	3.771520e+00	5.670703e+01	7.388460e+03
1.601239e+01	4.483470e+02	2.121460e-10	3.771493e+00	5.669561e+01	7.546634e+03
1.601950e+01	4.485460e+02	2.123326e-10	3.771466e+00	5.669298e+01	7.627253e+03
1.602661e+01	4.487450e+02	2.125272e-10	3.771438e+00	5.669939e+01	7.689132e+03
1.603371e+01	4.489440e+02	2.127248e-10	3.771412e+00	5.671080e+01	7.866268e+03
1.604082e+01	4.491430e+02	2.129175e-10	3.771388e+00	5.671135e+01	7.839968e+03
1.604793e+01	4.493420e+02	2.131023e-10	3.771368e+00	5.669405e+01	7.692262e+03
1.605504e+01	4.495410e+02	2.132873e-10	3.771348e+00	5.667731e+01	7.604500e+03
1.606214e+01	4.497400e+02	2.134799e-10	3.771325e+00	5.667618e+01	7.549150e+03
1.606925e+01	4.499390e+02	2.136767e-10	3.771298e+00	5.668335e+01	7.659082e+03
1.607636e+01	4.501380e+02	2.138683e-10	3.771269e+00	5.667947e+01	7.792743e+03
1.608346e+01	4.503370e+02	2.140527e-10	3.771240e+00	5.666403e+01	7.846225e+03
1.609057e+01	4.505360e+02	2.142393e-10	3.771214e+00	5.665511e+01	7.892150e+03
1.609768e+01	4.507350e+02	2.144294e-10	3.771189e+00	5.665585e+01	7.887334e+03
1.610479e+01	4.509340e+02	2.146192e-10	3.771165e+00	5.665891e+01	7.910974e+03
1.611189e+01	4.511330e+02	2.148070e-10	3.771144e+00	5.666113e+01	8.026235e+03
1.611900e+01	4.513320e+02	2.149919e-10	3.771122e+00	5.665960e+01	8.137172e+03
1.612611e+01	4.515310e+02	2.151756e-10	3.771098e+00	5.665356e+01	8.115746e+03
1.613321e+01	4.517300e+02	2.153599e-10	3.771070e+00	5.664846e+01	8.108857e+03
1.614032e+01	4.519290e+02	2.155428e-10	3.771039e+00	5.664371e+01	8.165139e+03
1.614743e+01	4.521280e+02	2.157211e-10	3.771011e+00	5.663175e+01	8.223421e+03
1.615454e+01	4.523270e+02	2.158955e-10	3.770990e+00	5.661458e+01	8.279531e+03
1.616164e+01	4.525260e+02	2.160699e-10	3.770970e+00	5.660290e+01	8.298973e+03
1.616875e+01	4.527250e+02	2.162477e-10	3.770947e+00	5.659804e+01	8.260430e+03
1.617586e+01	4.529240e+02	2.164280e-10	3.770921e+00	5.659193e+01	8.245534e+03
1.618296e+01	4.531230e+02	2.166069e-10	3.770896e+00	5.658952e+01	8.221540e+03
1.619007e+01	4.533220e+02	2.167860e-10	3.770871e+00	5.660580e+01	8.148765e+03
1.619718e+01	4.535210e+02	2.169699e-10	3.770845e+00	5.663551e+01	8.185763e+03
1.620429e+01	4.537200e+02	2.171510e-10	3.770821e+00	5.664019e+01	8.166539e+03
1.621139e+01	4.539190e+02	2.173182e-10	3.770798e+00	5.660829e+01	8.564516e+03
1.621850e+01	4.541180e+02	2.174793e-10	3.770771e+00	5.658011e+01	8.958520e+03
1.622561e+01	4.543170e+02	2.176524e-10	3.770740e+00	5.656867e+01	8.587167e+03
1.623271e+01	4.545160e+02	2.178375e-10	3.770709e+00	5.657162e+01	8.726931e+03
1.623982e+01	4.547150e+02	2.180204e-10	3.770686e+00	5.658280e+01	8.959327e+03
1.624693e+01	4.549140e+02	2.181952e-10	3.770665e+00	5.658530e+01	8.950774e+03
1.625404e+01	4.551130e+02	2.183617e-10	3.770644e+00	5.656961e+01	8.883515e+03
1.626114e+01	4.553120e+02	2.185267e-10	3.770623e+00	5.654327e+01	8.837895e+03
1.626825e+01	4.555110e+02	2.186967e-10	3.770601e+00	5.652794e+01	8.892766e+03
1.627536e+01	4.557100e+02	2.188755e-10	3.770575e+00	5.653150e+01	8.988004e+03
1.628246e+01	4.559090e+02	2.190588e-10	3.770547e+00	5.654001e+01	9.085622e+03
1.628957e+01	4.561080e+02	2.192352e-10	3.770520e+00	5.654035e+01	9.282920e+03
1.629668e+01	4.563070e+02	2.194034e-10	3.770495e+00	5.653571e+01	9.170755e+03
1.630379e+01	4.565060e+02	2.195717e-10	3.770471e+00	5.653449e+01	9.018054e+03
1.631089e+01	4.567050e+02	2.197401e-10	3.770446e+00	5.653421e+01	9.132558e+03
1.631800e+01	4.569040e+02	2.199086e-10	3.770422e+00	5.652840e+01	9.197587e+03
1.632511e+01	4.571030e+02	2.200836e-10	3.770399e+00	5.652576e+01	9.163733e+03
1.633221e+01	4.573020e+02	2.202605e-10	3.770373e+00	5.652651e+01	9.274202e+03
1.633932e+01	4.575010e+02	2.204270e-10	3.770344e+00	5.651616e+01	9.356357e+03
1.634643e+01	4.577000e+02	2.205885e-10	3.770318e+00	5.649778e+01	9.379917e+03
1.635354e+01	4.578990e+02	2.207541e-10	3.770295e+00	5.648840e+01	9.555418e+03
1.636064e+01	4.580980e+02	2.209157e-10	3.770272e+00	5.647604e+01	9.600994e+03
1.636775e+01	4.582970e+02	2.210739e-10	3.770251e+00	5.645832e+01	9.715028e+03
1.637486e+01	4.584960e+02	2.212429e-10	3.770229e+00	5.645707e+01	9.858429e+03
1.638196e+01	4.586950e+02	2.214140e-10	3.770206e+00	5.646234e+01	9.935013e+03
1.638907e+01	4.588940e+02	2.215771e-10	3.770180e+00	5.645797e+01	9.889568e+03
1.639618e+01	4.590930e+02	2.217387e-10	3.770153e+00	5.645912e+01	9.862736e+03
1.640329e+01	4.592920e+02	2.219021e-10	3.770125e+00	5.646503e+01	9.799864e+03
1.641039e+01	4.594910e+02	2.220593e-10	3.770097e+00	5.645587e+01	9.815034e+03
1.641750e+01	4.596900e+02	2.222149e-10	3.770070e+00	5.644795e+01	1.000221e+04
1.642461e+01	4.598890e+02	2.223756e-10	3.770042e+00	5.645609e+01	1.011680e+04
1.643171e+01	4.600880e+02	2.225353e-10	3.770015e+00	5.645766e+01	1.011990e+04
1.643882e+01	4.602870e+02	2.226882e-10	3.769991e+00	5.644055e+01	1.018580e+04
1.644593e+01	4.604860e+02	2.228370e-10	3.769967e+00	5.642231e+01	1.043033e+04
1.645304e+01	4.606850e+02	2.229874e-10	3.769943e+00	5.641068e+01	1.048653e+04
1.646014e+01	4.608840e+02	2.231439e-10	3.769919e+00	5.639916e+01	1.062453e+04
1.646725e+01	4.610830e+02	2.232993e-10	3.769899e+00	5.639577e+01	1.067509e+04
1.647436e+01	4.612820e+02	2.234544e-10	3.769880e+00	5.641348e+01	1.054255e+04
1.648146e+01	4.614810e+02	2.236122e-10	3.769855e+00	5.642799e+01	1.039010e+04
1.648857e+01	4.616800e+02	2.237615e-10	3.769828e+00	5.641131e+01	1.039838e+04
1.649568e+01	4.618790e+02	2.239029e-10	3.769800e+00	5.638730e+01	1.067438e+04
1.650279e+01	4.620780e+02	2.240512e-10	3.769772e+00	5.638331e+01	1.087941e+04
1.650989e+01	4.622770e+02	2.242005e-10	3.769743e+00	5.638118e+01	1.084651e+04
1.651700e+01	4.624760e+02	2.243395e-10	3.769715e+00	5.636713e+01	1.082207e+04
1.652411e+01	4.626750e+02	2.244804e-10	3.769690e+00	5.636094e+01	1.093770e+04
1.653121e+01	4.628740e+02	2.246275e-10	3.769666e+00	5.636746e+01	1.124114e+04
1.653832e+01	4.630730e+02	2.247730e-10	3.769642e+00	5.637309e+01	1.164821e+04
1.654543e+01	4.632720e+02	2.249151e-10	3.769619e+00	5.636845e+01	1.157695e+04
1.655254e+01	4.634710e+02	2.250570e-10	3.769591e+00	5.635978e+01	1.163102e+04
1.655964e+01	4.636700e+02	2.251964e-10	3.769558e+00	5.634641e+01	1.158499e+04
1.656675e+01	4.638690e+02	2.253352e-10	3.769523e+00	5.633657e+01	1.156746e+04
1.657386e+01	4.640680e+02	2.254802e-10	3.769492e+00	5.634056e+01	1.178272e+04
1.658096e+01	4.642670e+02	2.256259e-10	3.769466e+00	5.634037e+01	1.179865e+04
1.658807e+01	4.644660e+02	2.257601e-10	3.769443e+00	5.631317e+01	1.183085e+04
1.659518e+01	4.646650e+02	2.258928e-10	3.769426e+00	5.627948e+01	1.185132e+04
1.660229e+01	4.648640e+02	2.260414e-10	3.769411e+00	5.626658e+01	1.180711e+04
1.660939e+01	4.650630e+02	2.261997e-10	3.769393e+00	5.626788e+01	1.176702e+04
1.661650e+01	4.652620e+02	2.263460e-10	3.769371e+00	5.626390e+01	1.162202e+04
1.662361e+01	4.654610e+02	2.264870e-10	3.769348e+00	5.626962e+01	1.158535e+04
1.663071e+01	4.656600e+02	2.266393e-10	3.769324e+00	5.628523e+01	1.159387e+04
1.663782e+01	4.658590e+02	2.267836e-10	3.769300e+00	5.627943e+01	1.169198e+04
1.664493e+01	4.660580e+02	2.269126e-10	3.769280e+00	5.624908e+01	1.174606e+04
1.665204e+01	4.662570e+02	2.270580e-10	3.769265e+00	5.624079e+01	1.182642e+04
1.665914e+01	4.664560e+02	2.272182e-10	3.769244e+00	5.625551e+01	1.190560e+04
1.666625e+01	4.666550e+02	2.273666e-10	3.769214e+00	5.625681e+01	1.194549e+04
1.667336e+01	4.668540e+02	2.275102e-10	3.769184e+00	5.624805e+01	1.177404e+04
1.668046e+01	4.670530e+02	2.276567e-10	3.769162e+00	5.624535e+01	1.171544e+04
1.668757e+01	4.672520e+02	2.277928e-10	3.769144e+00	5.623976e+01	1.162699e+04
1.669468e+01	4.674510e+02	2.279266e-10	3.769127e+00	5.623413e+01	1.185395e+04
1.670179e+01	4.676500e+02	2.280720e-10	3.769111e+00	5.623323e+01	1.226999e+04
1.670889e+01	4.678490e+02	2.282166e-10	3.769087e+00	5.622994e+01	1.267242e+04
1.671600e+01	4.680480e+02	2.283526e-10	3.769055e+00	5.621943e+01	1.278995e+04
1.672311e+01	4.682470e+02	2.284856e-10	3.769022e+00	5.620659e+01	1.264410e+04
1.673021e+01	4.684460e+02	2.286207e-10	3.768992e+00	5.619779e+01	1.249645e+04
1.673732e+01	4.686450e+02	2.287564e-10	3.768966e+00	5.618718e+01	1.236914e+04
1.674443e+01	4.688440e+02	2.288869e-10	3.768944e+00	5.616774e+01	1.240985e+04
1.675154e+01	4.690430e+02	2.290168e-10	3.768924e+00	5.615367e+01	1.260944e+04
1.675864e+01	4.692420e+02	2.291527e-10	3.768902e+00	5.615316e+01	1.272423e+04
1.676575e+01	4.694410e+02	2.292854e-10	3.768877e+00	5.615105e+01	1.272927e+04
1.677286e+01	4.696400e+02	2.294102e-10	3.768853e+00	5.613913e+01	1.278227e+04
1.677996e+01	4.698390e+02	2.295348e-10	3.768830e+00	5.613039e+01	1.284835e+04
1.678707e+01	4.700380e+02	2.296601e-10	3.768807e+00	5.612854e+01	1.286654e+04
1.679418e+01	4.702370e+02	2.297888e-10	3.768781e+00	5.613153e+01	1.288067e+04
1.680129e+01	4.704360e+02	2.299194e-10	3.768752e+00	5.613068e+01	1.289024e+04
1.680839e+01	4.706350e+02	2.300396e-10	3.768724e+00	5.611539e+01	1.292469e+04
1.681550e+01	4.708340e+02	2.301515e-10	3.768700e+00	5.609448e+01	1.298775e+04
1.682261e+01	4.710330e+02	2.302677e-10	3.768678e+00	5.608566e+01	1.295850e+04
1.682971e+01	4.712320e+02	2.303924e-10	3.768658e+00	5.608978e+01	1.293868e+04
1.683682e+01	4.714310e+02	2.305139e-10	3.768638e+00	5.609011e+01	1.303236e+04
1.684393e+01	4.716300e+02	2.306261e-10	3.768617e+00	5.607809e+01	1.326632e+04
1.685104e+01	4.718290e+02	2.307366e-10	3.768591e+00	5.607028e+01	1.362784e+04
1.685814e+01	4.720280e+02	2.308497e-10	3.768562e+00	5.607663e+01	1.380111e+04
1.686525e+01	4.722270e+02	2.309622e-10	3.768531e+00	5.608346e+01	1.383431e+04
1.687236e+01	4.724260e+02	2.310679e-10	3.768502e+00	5.607255e+01	1.390119e+04
1.687946e+01	4.726250e+02	2.311647e-10	3.768476e+00	5.604650e+01	1.397378e+04
1.688657e+01	4.728240e+02	2.312580e-10	3.768454e+00	5.602595e+01	1.396665e+04
1.689368e+01	4.730230e+02	2.313559e-10	3.768432e+00	5.602479e+01	1.398980e+04
1.690079e+01	4.732220e+02	2.314552e-10	3.768407e+00	5.603319e+01	1.412460e+04
1.690789e+01	4.734210e+02	2.315483e-10	3.768384e+00	5.602487e+01	1.418411e+04
1.691500e+01	4.736200e+02	2.316378e-10	3.768364e+00	5.599763e+01	1.429543e+04
1.692211e+01	4.738190e+02	2.317267e-10	3.768346e+00	5.597044e+01	1.466040e+04
1.692921e+01	4.740180e+02	2.318144e-10	3.768328e+00	5.595825e+01	1.506872e+04
1.693632e+01	4.742170e+02	2.319042e-10	3.768307e+00	5.596509e+01	1.515840e+04
1.694343e+01	4.744160e+02	2.319927e-10	3.768283e+00	5.597606e+01	1.497520e+04
1.695054e+01	4.746150e+02	2.320772e-10	3.768255e+00	5.598095e+01	1.493112e+04
1.695764e+01	4.748140e+02	2.321554e-10	3.768226e+00	5.597545e+01	1.511998e+04
1.696475e+01	4.750130e+02	2.322268e-10	3.768197e+00	5.595961e+01	1.541397e+04
1.697186e+01	4.752120e+02	2.322966e-10	3.768170e+00	5.594338e+01	1.574379e+04
1.697896e+01	4.754110e+02	2.323646e-10	3.768142e+00	5.592996e+01	1.607005e+04
1.698607e+01	4.756100e+02	2.324337e-10	3.768111e+00	5.592190e+01	1.635677e+04
1.699318e+01	4.758090e+02	2.325023e-10	3.768080e+00	5.591822e+01	1.658725e+04
1.700029e+01	4.760080e+02	2.325663e-10	3.768050e+00	5.591138e+01	1.678903e+04
1.700739e+01	4.762070e+02	2.326233e-10	3.768025e+00	5.589411e+01	1.701393e+04
1.701450e+01	4.764060e+02	2.326712e-10	3.768004e+00	5.586841e+01	1.720813e+04
1.702161e+01	4.766050e+02	2.327196e-10	3.767984e+00	5.585231e+01	1.738013e+04
1.702871e+01	4.768040e+02	2.327722e-10	3.767964e+00	5.585089e+01	1.763797e+04
1.703582e+01	4.770030e+02	2.328231e-10	3.767944e+00	5.585007e+01	1.797242e+04
1.704293e+01	4.772020e+02	2.328688e-10	3.767924e+00	5.584062e+01	1.824187e+04
1.705004e+01	4.774010e+02	2.329104e-10	3.767903e+00	5.582636e+01	1.831696e+04
1.705714e+01	4.776000e+02	2.329541e-10	3.767882e+00	5.581903e+01	1.827424e+04
1.706425e+01	4.777990e+02	2.329971e-10	3.767861e+00	5.581650e+01	1.834976e+04
1.707136e+01	4.779980e+02	2.330347e-10	3.767839e+00	5.581001e+01	1.865187e+04
1.707846e+01	4.781970e+02	2.330737e-10	3.767814e+00	5.580266e+01	1.888863e+04
1.708557e+01	4.783960e+02	2.331145e-10	3.767787e+00	5.579557e+01	1.884074e+04
1.709268e+01	4.785950e+02	2.331568e-10	3.767758e+00	5.579063e+01	1.865788e+04
1.709979e+01	4.787940e+02	2.332021e-10	3.767728e+00	5.578992e+01	1.863772e+04
1.710689e+01	4.789930e+02	2.332414e-10	3.767698e+00	5.578491e+01	1.889473e+04
1.711400e+01	4.791920e+02	2.332720e-10	3.767666e+00	5.577221e+01	1.928584e+04
1.712111e+01	4.793910e+02	2.332993e-10	3.767632e+00	5.575939e+01	1.969192e+04
1.712821e+01	4.795900e+02	2.333241e-10	3.767601e+00	5.575032e+01	2.017037e+04
1.713532e+01	4.797890e+02	2.333489e-10	3.767572e+00	5.574436e+01	2.081841e+04
1.714243e+01	4.799880e+02	2.333740e-10	3.767542e+00	5.573736e+01	2.147325e+04
1.714954e+01	4.801870e+02	2.333968e-10	3.767514e+00	5.572474e+01	2.193181e+04
1.715664e+01	4.803860e+02	2.334258e-10	3.767489e+00	5.571098e+01	2.214888e+04
1.716375e+01	4.805850e+02	2.334590e-10	3.767465e+00	5.569476e+01	2.217708e+04
1.717086e+01	4.807840e+02	2.334871e-10	3.767440e+00	5.566911e+01	2.220305e+04
1.717796e+01	4.809830e+02	2.335132e-10	3.767417e+00	5.564034e+01	2.234702e+04
1.718507e+01	4.811820e+02	2.335385e-10	3.767395e+00	5.561729e+01	2.256057e+04
1.719218e+01	4.813810e+02	2.335594e-10	3.767371e+00	5.560329e+01	2.276076e+04
1.719929e+01	4.815800e+02	2.335812e-10	3.767344e+00	5.560179e+01	2.289516e+04
1.720639e+01	4.817790e+02	2.336056e-10	3.767315e+00	5.560814e+01	2.284588e+04
1.721350e+01	4.819780e+02	2.336254e-10	3.767286e+00	5.561231e+01	2.271304e+04
1.722061e+01	4.821770e+02	2.336456e-10	3.767261e+00	5.561224e+01	2.280090e+04
1.722771e+01	4.823760e+02	2.336641e-10	3.767237e+00	5.560431e+01	2.317128e+04
1.723482e+01	4.825750e+02	2.336802e-10	3.767215e+00	5.558769e+01	2.345209e+04
1.724193e+01	4.827740e+02	2.336981e-10	3.767194e+00	5.556838e+01	2.354768e+04
1.724904e+01	4.829730e+02	2.337131e-10	3.767169e+00	5.554723e+01	2.368206e+04
1.725614e+01	4.831720e+02	2.337259e-10	3.767138e+00	5.552902e+01	2.405573e+04
1.726325e+01	4.833710e+02	2.337414e-10	3.767105e+00	5.551929e+01	2.446532e+04
1.727036e+01	4.835700e+02	2.337545e-10	3.767070e+00	5.550977e+01	2.462206e+04
1.727746e+01	4.837690e+02	2.337661e-10	3.767037e+00	5.549470e+01	2.460335e+04
1.728457e+01	4.839680e+02	2.337768e-10	3.767009e+00	5.547533e+01	2.471057e+04
1.729168e+01	4.841670e+02	2.337864e-10	3.766989e+00	5.545751e+01	2.500770e+04
1.729879e+01	4.843660e+02	2.337960e-10	3.766976e+00	5.544465e+01	2.530220e+04
1.730589e+01	4.845650e+02	2.338048e-10	3.766961e+00	5.542999e+01	2.546542e+04
1.731300e+01	4.847640e+02	2.338102e-10	3.766942e+00	5.540990e+01	2.551402e+04
1.732011e+01	4.849630e+02	2.338163e-10	3.766920e+00	5.539589e+01	2.543844e+04
1.732721e+01	4.851620e+02	2.338275e-10	3.766897e+00	5.539369e+01	2.528162e+04
1.733432e+01	4.853610e+02	2.338362e-10	3.766875e+00	5.539018e+01	2.526195e+04
1.734143e+01	4.855600e+02	2.338400e-10	3.766854e+00	5.537535e+01	2.544483e+04
1.734854e+01	4.857590e+02	2.338471e-10	3.766836e+00	5.535813e+01	2.587179e+04
1.735564e+01	4.859580e+02	2.338580e-10	3.766819e+00	5.534583e+01	2.639784e+04
1.736275e+01	4.861570e+02	2.338661e-10	3.766799e+00	5.534031e+01	2.666150e+04
1.736986e+01	4.863560e+02	2.338735e-10	3.766773e+00	5.533501e+01	2.638395e+04
1.737696e+01	4.865550e+02	2.338765e-10	3.766745e+00	5.532112e+01	2.614289e+04
1.738407e+01	4.867540e+02	2.338732e-10	3.766719e+00	5.530613e+01	2.648802e+04
1.739118e+01	4.869530e+02	2.338725e-10	3.766698e+00	5.530124e+01	2.709476e+04
1.739829e+01	4.871520e+02	2.338760e-10	3.766679e+00	5.529488e+01	2.714061e+04
1.740539e+01	4.873510e+02	2.338764e-10	3.766660e+00	5.526942e+01	2.641735e+04
1.741250e+01	4.875500e+02	2.338776e-10	3.766638e+00	5.523484e+01	2.585923e+04
1.741961e+01	4.877490e+02	2.338826e-10	3.766612e+00	5.521144e+01	2.621055e+04
1.742671e+01	4.879480e+02	2.338885e-10	3.766582e+00	5.520318e+01	2.689918e+04
1.743382e+01	4.881470e+02	2.338968e-10	3.766548e+00	5.520034e+01	2.716651e+04
1.744093e+01	4.883460e+02	2.339084e-10	3.766510e+00	5.519382e+01	2.707586e+04
1.744804e+01	4.885450e+02	2.339166e-10	3.766474e+00	5.517501e+01	2.693862e+04
1.745514e+01	4.887440e+02	2.339181e-10	3.766444e+00	5.514603e+01	2.691008e+04
1.746225e+01	4.889430e+02	2.339214e-10	3.766420e+00	5.512407e+01	2.714086e+04
1.746936e+01	4.891420e+02	2.339265e-10	3.766395e+00	5.511054e+01	2.745781e+04
1.747646e+01	4.893410e+02	2.339254e-10	3.766368e+00	5.509318e+01	2.744439e+04
1.748357e+01	4.895400e+02	2.339205e-10	3.766343e+00	5.507710e+01	2.720041e+04
1.749068e+01	4.897390e+02	2.339153e-10	3.766325e+00	5.506205e+01	2.687657e+04
1.749779e+01	4.899380e+02	2.339119e-10	3.766311e+00	5.503930e+01	2.655261e+04
1.750489e+01	4.901370e+02	2.339208e-10	3.766293e+00	5.502750e+01	2.669736e+04
1.751200e+01	4.903360e+02	2.339405e-10	3.766263e+00	5.503577e+01	2.691044e+04
1.751911e+01	4.905350e+02	2.339530e-10	3.766224e+00	5.503607e+01	2.669204e+04
1.752621e+01	4.907340e+02	2.339534e-10	3.766184e+00	5.502232e+01	2.676853e+04
1.753332e+01	4.909330e+02	2.339451e-10	3.766154e+00	5.500750e+01	2.698641e+04
1.754043e+01	4.911320e+02	2.339361e-10	3.766139e+00	5.498320e+01	2.657816e+04
1.754754e+01	4.913310e+02	2.339368e-10	3.766133e+00	5.495637e+01	2.653232e+04
1.755464e+01	4.915300e+02	2.339500e-10	3.766125e+00	5.495142e+01	2.735920e+04
1.756175e+01	4.917290e+02	2.339664e-10	3.766105e+00	5.495686e+01	2.786629e+04
1.756886e+01	4.919280e+02	2.339783e-10	3.766072e+00	5.494647e+01	2.776208e+04
1.757596e+01	4.921270e+02	2.339834e-10	3.766032e+00	5.492461e+01	2.757371e+04
1.758307e+01	4.923260e+02	2.339869e-10	3.765995e+00	5.490490e+01	2.717453e+04
1.759018e+01	4.925250e+02	2.339901e-10	3.765964e+00	5.488357e+01	2.642816e+04
1.759729e+01	4.927240e+02	2.339905e-10	3.765938e+00	5.485902e+01	2.589498e+04
1.760439e+01	4.929230e+02	2.339915e-10	3.765912e+00	5.484154e+01	2.603260e+04
1.761150e+01	4.931220e+02	2.339957e-10	3.765884e+00	5.483405e+01	2.650731e+04
1.761861e+01	4.933210e+02	2.340005e-10	3.765853e+00	5.483087e+01	2.667666e+04
1.762571e+01	4.935200e+02	2.339985e-10	3.765821e+00	5.482482e+01	2.624980e+04
1.763282e+01	4.937190e+02	2.339883e-10	3.765789e+00	5.480808e+01	2.589918e+04
1.763993e+01	4.939180e+02	2.339707e-10	3.765761e+00	5.478158e+01	2.634437e+04
1.764704e+01	4.941170e+02	2.339554e-10	3.765738e+00	5.475961e+01	2.721463e+04
1.765414e+01	4.943160e+02	2.339476e-10	3.765720e+00	5.474623e+01	2.761419e+04
1.766125e+01	4.945150e+02	2.339449e-10	3.765701e+00	5.473345e+01	2.744668e+04
1.766836e+01	4.947140e+02	2.339449e-10	3.765677e+00	5.472312e+01	2.700659e+04
1.767546e+01	4.949130e+02	2.339483e-10	3.765645e+00	5.471933e+01	2.669801e+04
1.768257e+01	4.951120e+02	2.339501e-10	3.765611e+00	5.471619e+01	2.678521e+04
1.768968e+01	4.953110e+02	2.339409e-10	3.765579e+00	5.469630e+01	2.685128e+04
1.769679e+01	4.955100e+02	2.339253e-10	3.765550e+00	5.467040e+01	2.708252e+04
1.770389e+01	4.957090e+02	2.339131e-10	3.765520e+00	5.465734e+01	2.690484e+04
1.771100e+01	4.959080e+02	2.339027e-10	3.765490e+00	5.464031e+01	2.648875e+04
1.771811e+01	4.961070e+02	2.338914e-10	3.765463e+00	5.461854e+01	2.693491e+04
1.772521e+01	4.963060e+02	2.338859e-10	3.765440e+00	5.460711e+01	2.744650e+04
1.773232e+01	4.965050e+02	2.338855e-10	3.765416e+00	5.460460e+01	2.790132e+04
1.773943e+01	4.967040e+02	2.338813e-10	3.765388e+00	5.460311e+01	2.816704e+04
1.774654e+01	4.969030e+02	2.338742e-10	3.765359e+00	5.459276e+01	2.778157e+04
1.775364e+01	4.971020e+02	2.338670e-10	3.765330e+00	5.457460e+01	2.738191e+04
1.776075e+01	4.973010e+02	2.338573e-10	3.765304e+00	5.454844e+01	2.733244e+04
1.776786e+01	4.975000e+02	2.338397e-10	3.765282e+00	5.451564e+01	2.754251e+04
1.777496e+01	4.976990e+02	2.338206e-10	3.765265e+00	5.449382e+01	2.770029e+04
1.778207e+01	4.978980e+02	2.338064e-10	3.765248e+00	5.448722e+01	2.764575e+04
1.778918e+01	4.980970e+02	2.337920e-10	3.765225e+00	5.448463e+01	2.755914e+04
1.779629e+01	4.982960e+02	2.337787e-10	3.765198e+00	5.448077e+01	2.737698e+04
1.780339e+01	4.984950e+02	2.337650e-10	3.765171e+00	5.447063e+01	2.689216e+04
1.781050e+01	4.986940e+02	2.337531e-10	3.765141e+00	5.445684e+01	2.656687e+04
1.781761e+01	4.988930e+02	2.337373e-10	3.765109e+00	5.444205e+01	2.665399e+04
1.782471e+01	4.990920e+02	2.337151e-10	3.765079e+00	5.442358e+01	2.687127e+04
1.783182e+01	4.992910e+02	2.336894e-10	3.765055e+00	5.440196e+01	2.712745e+04
1.783893e+01	4.994900e+02	2.336631e-10	3.765034e+00	5.437766e+01	2.742903e+04
1.784604e+01	4.996890e+02	2.336370e-10	3.765015e+00	5.435619e+01	2.754970e+04
1.785314e+01	4.998880e+02	2.336123e-10	3.764994e+00	5.433967e+01	2.712249e+04
1.786025e+01	5.000870e+02	2.335884e-10	3.764968e+00	5.432125e+01	2.655714e+04
1.786736e+01	5.002860e+02	2.335614e-10	3.764938e+00	5.430105e+01	2.669095e+04
1.787446e+01	5.004850e+02	2.335328e-10	3.764910e+00	5.428912e+01	2.727605e+04
1.788157e+01	5.006840e+02	2.335048e-10	3.764890e+00	5.427588e+01	2.735266e+04
1.788868e+01	5.008830e+02	2.334761e-10	3.764873e+00	5.425451e+01	2.726305e+04
1.789579e+01	5.010820e+02	2.334491e-10	3.764854e+00	5.424008e+01	2.736845e+04
1.790289e+01	5.012810e+02	2.334191e-10	3.764830e+00	5.423023e+01	2.728718e+04
1.791000e+01	5.014800e+02	2.333859e-10	3.764801e+00	5.421920e+01	2.740936e+04
1.791711e+01	5.016790e+02	2.333530e-10	3.764769e+00	5.421542e+01	2.800713e+04
1.792421e+01	5.018780e+02	2.333199e-10	3.764734e+00	5.420921e+01	2.818553e+04
1.793132e+01	5.020770e+02	2.332856e-10	3.764700e+00	5.418137e+01	2.777715e+04
1.793843e+01	5.022760e+02	2.332474e-10	3.764668e+00	5.413694e+01	2.771011e+04
1.794554e+01	5.024750e+02	2.332071e-10	3.764641e+00	5.409639e+01	2.807186e+04
1.795264e+01	5.026740e+02	2.331693e-10	3.764620e+00	5.406843e+01	2.833415e+04
1.795975e+01	5.028730e+02	2.331323e-10	3.764603e+00	5.405412e+01	2.830901e+04
1.796686e+01	5.030720e+02	2.330946e-10	3.764586e+00	5.404873e+01	2.780590e+04
1.797396e+01	5.032710e+02	2.330562e-10	3.764565e+00	5.403976e+01	2.710733e+04
1.798107e+01	5.034700e+02	2.330139e-10	3.764540e+00	5.402676e+01	2.682855e+04
1.798818e+01	5.036690e+02	2.329681e-10	3.764515e+00	5.401555e+01	2.683450e+04
1.799529e+01	5.038680e+02	2.329215e-10	3.764491e+00	5.400632e+01	2.683481e+04
1.800239e+01	5.040670e+02	2.328740e-10	3.764468e+00	5.400364e+01	2.693820e+04
1.800950e+01	5.042660e+02	2.328261e-10	3.764443e+00	5.400582e+01	2.717032e+04
1.801661e+01	5.044650e+02	2.327757e-10	3.764415e+00	5.400274e+01	2.761977e+04
1.802371e+01	5.046640e+02	2.327224e-10	3.764384e+00	5.399186e+01	2.819416e+04
1.803082e+01	5.048630e+02	2.326693e-10	3.764351e+00	5.397730e+01	2.852040e+04
1.803793e+01	5.050620e+02	2.326161e-10	3.764316e+00	5.396421e+01	2.849685e+04
1.804504e+01	5.052610e+02	2.325590e-10	3.764281e+00	5.394978e+01	2.827479e+04
1.805214e+01	5.054600e+02	2.325004e-10	3.764252e+00	5.392456e+01	2.803055e+04
1.805925e+01	5.056590e+02	2.324447e-10	3.764230e+00	5.389144e+01	2.822910e+04
1.806636e+01	5.058580e+02	2.323894e-10	3.764210e+00	5.386664e+01	2.892514e+04
1.807346e+01	5.060570e+02	2.323353e-10	3.764188e+00	5.385559e+01	2.916248e+04
1.808057e+01	5.062560e+02	2.322826e-10	3.764165e+00	5.384259e+01	2.870665e+04
1.808768e+01	5.064550e+02	2.322249e-10	3.764145e+00	5.381561e+01	2.830013e+04
1.809479e+01	5.066540e+02	2.321625e-10	3.764129e+00	5.378470e+01	2.815381e+04
1.810189e+01	5.068530e+02	2.321054e-10	3.764115e+00	5.376585e+01	2.818057e+04
1.810900e+01	5.070520e+02	2.320542e-10	3.764101e+00	5.376054e+01	2.846496e+04
1.811611e+01	5.072510e+02	2.320023e-10	3.764089e+00	5.375527e+01	2.878293e+04
1.812321e+01	5.074500e+02	2.319514e-10	3.764076e+00	5.374300e+01	2.887182e+04
1.813032e+01	5.076490e+02	2.319058e-10	3.764061e+00	5.373230e+01	2.896152e+04
1.813743e+01	5.078480e+02	2.318614e-10	3.764042e+00	5.373540e+01	2.931937e+04
1.814454e+01	5.080470e+02	2.318119e-10	3.764020e+00	5.374218e+01	2.947376e+04
1.815164e+01	5.082460e+02	2.317580e-10	3.763997e+00	5.373533e+01	2.941262e+04
1.815875e+01	5.084450e+02	2.317037e-10	3.763975e+00	5.372379e+01	2.981067e+04
1.816586e+01	5.086440e+02	2.316508e-10	3.763952e+00	5.371863e+01	3.029442e+04
1.817296e+01	5.088430e+02	2.315997e-10	3.763928e+00	5.371065e+01	3.018233e+04
1.818007e+01	5.090420e+02	2.315515e-10	3.763898e+00	5.369142e+01	2.976836e+04
1.818718e+01	5.092410e+02	2.314981e-10	3.763864e+00	5.365943e+01	2.932290e+04
1.819429e+01	5.094400e+02	2.314378e-10	3.763829e+00	5.361934e+01	2.877703e+04
1.820139e+01	5.096390e+02	2.313782e-10	3.763797e+00	5.358382e+01	2.854795e+04
1.820850e+01	5.098380e+02	2.313127e-10	3.763770e+00	5.355631e+01	2.875706e+04
1.821561e+01	5.100370e+02	2.312416e-10	3.763750e+00	5.353551e+01	2.881979e+04
1.822271e+01	5.102360e+02	2.311797e-10	3.763736e+00	5.352768e+01	2.852624e+04
1.822982e+01	5.104350e+02	2.311230e-10	3.763721e+00	5.352477e+01	2.812923e+04
1.823693e+01	5.106340e+02	2.310606e-10	3.763700e+00	5.351885e+01	2.794074e+04
1.824404e+01	5.108330e+02	2.310013e-10	3.763678e+00	5.351225e+01	2.792171e+04
1.825114e+01	5.110320e+02	2.309418e-10	3.763655e+00	5.349046e+01	2.777629e+04
1.825825e+01	5.112310e+02	2.308805e-10	3.763632e+00	5.345919e+01	2.775692e+04
1.826536e+01	5.114300e+02	2.308287e-10	3.763607e+00	5.345390e+01	2.828414e+04
1.827246e+01	5.116290e+02	2.307778e-10	3.763578e+00	5.346804e+01	2.869031e+04
1.827957e+01	5.118280e+02	2.307157e-10	3.763549e+00	5.346990e+01	2.854899e+04
1.828668e+01	5.120270e+02	2.306525e-10	3.763520e+00	5.346533e+01	2.840491e+04
1.829379e+01	5.122260e+02	2.305933e-10	3.763492e+00	5.345931e+01	2.813332e+04
1.830089e+01	5.124250e+02	2.305302e-10	3.763462e+00	5.343705e+01	2.759457e+04
1.830800e+01	5.126240e+02	2.304623e-10	3.763431e+00	5.340119e+01	2.719936e+04
1.831511e+01	5.128230e+02	2.303998e-10	3.763402e+00	5.336835e+01	2.718531e+04
1.832221e+01	5.130220e+02	2.303451e-10	3.763376e+00	5.334448e+01	2.735004e+04
1.832932e+01	5.132210e+02	2.302905e-10	3.763350e+00	5.332270e+01	2.736877e+04
1.833643e+01	5.134200e+02	2.302362e-10	3.763326e+00	5.330514e+01	2.723756e+04
1.834354e+01	5.136190e+02	2.301804e-10	3.763304e+00	5.329251e+01	2.692171e+04
1.835064e+01	5.138180e+02	2.301212e-10	3.763284e+00	5.327749e+01	2.656539e+04
1.835775e+01	5.140170e+02	2.300639e-10	3.763264e+00	5.326637e+01	2.667395e+04
1.836486e+01	5.142160e+02	2.300090e-10	3.763241e+00	5.326229e+01	2.712546e+04
1.837196e+01	5.144150e+02	2.299449e-10	3.763216e+00	5.324694e+01	2.699620e+04
1.837907e+01	5.146140e+02	2.298765e-10	3.763194e+00	5.321815e+01	2.624574e+04
1.838618e+01	5.148130e+02	2.298225e-10	3.763174e+00	5.319792e+01	2.557801e+04
1.839329e+01	5.150120e+02	2.297756e-10	3.763150e+00	5.318178e+01	2.519745e+04
1.840039e+01	5.152110e+02	2.297174e-10	3.763120e+00	5.315952e+01	2.522614e+04
1.840750e+01	5.154100e+02	2.296586e-10	3.763088e+00	5.314992e+01	2.561453e+04
1.841461e+01	5.156090e+02	2.296029e-10	3.763058e+00	5.315355e+01	2.579167e+04
1.842171e+01	5.158080e+02	2.295411e-10	3.763032e+00	5.314451e+01	2.546367e+04
1.842882e+01	5.160070e+02	2.294805e-10	3.763016e+00	5.312434e+01	2.518140e+04
1.843593e+01	5.162060e+02	2.294280e-10	3.763006e+00	5.311500e+01	2.537005e+04
1.844304e+01	5.164050e+02	2.293775e-10	3.762993e+00	5.311787e+01	2.549900e+04
1.845014e+01	5.166040e+02	2.293289e-10	3.762972e+00	5.312091e+01	2.529168e+04
1.845725e+01	5.168030e+02	2.292773e-10	3.762941e+00	5.311306e+01	2.520142e+04
1.846436e+01	5.170020e+02	2.292148e-10	3.762904e+00	5.309051e+01	2.541413e+04
1.847146e+01	5.172010e+02	2.291483e-10	3.762871e+00	5.305802e+01	2.555719e+04
1.847857e+01	5.174000e+02	2.290882e-10	3.762846e+00	5.302554e+01	2.554095e+04
1.848568e+01	5.175990e+02	2.290391e-10	3.762825e+00	5.300585e+01	2.536215e+04
1.849279e+01	5.177980e+02	2.289916e-10	3.762801e+00	5.299494e+01	2.483236e+04
1.849989e+01	5.179970e+02	2.289345e-10	3.762778e+00	5.297426e+01	2.420334e+04
1.850700e+01	5.181960e+02	2.288740e-10	3.762757e+00	5.294758e+01	2.399455e+04
1.851411e+01	5.183950e+02	2.288202e-10	3.762739e+00	5.293541e+01	2.395371e+04
1.852121e+01	5.185940e+02	2.287670e-10	3.762720e+00	5.292349e+01	2.323966e+04
1.852832e+01	5.187930e+02	2.287094e-10	3.762700e+00	5.289520e+01	2.259911e+04
1.853543e+01	5.189920e+02	2.286539e-10	3.762680e+00	5.288139e+01	2.325675e+04
1.854254e+01	5.191910e+02	2.286030e-10	3.762661e+00	5.289314e+01	2.397316e+04
1.854964e+01	5.193900e+02	2.285519e-10	3.762643e+00	5.289377e+01	2.354471e+04
1.855675e+01	5.195890e+02	2.284995e-10	3.762624e+00	5.287278e+01	2.303511e+04
1.856386e+01	5.197880e+02	2.284424e-10	3.762602e+00	5.284982e+01	2.289706e+04
1.857096e+01	5.199870e+02	2.283834e-10	3.762576e+00	5.282790e+01	2.253010e+04
1.857807e+01	5.201860e+02	2.283297e-10	3.762547e+00	5.280979e+01	2.254862e+04
1.858518e+01	5.203850e+02	2.282784e-10	3.762517e+00	5.280017e+01	2.285097e+04
1.859229e+01	5.205840e+02	2.282234e-10	3.762491e+00	5.278181e+01	2.251342e+04
1.859939e+01	5.207830e+02	2.281657e-10	3.762471e+00	5.275797e+01	2.225447e+04
1.860650e+01	5.209820e+02	2.281076e-10	3.762457e+00	5.275072e+01	2.215743e+04
1.861361e+01	5.211810e+02	2.280529e-10	3.762443e+00	5.275273e+01	2.158448e+04
1.862071e+01	5.213800e+02	2.280057e-10	3.762424e+00	5.276217e+01	2.169087e+04
1.862782e+01	5.215790e+02	2.279592e-10	3.762396e+00	5.278797e+01	2.277548e+04
1.863493e+01	5.217780e+02	2.279058e-10	3.762364e+00	5.280535e+01	2.312123e+04
1.864204e+01	5.219770e+02	2.278480e-10	3.762336e+00	5.279338e+01	2.246666e+04
1.864914e+01	5.221760e+02	2.277916e-10	3.762317e+00	5.276672e+01	2.203159e+04
1.865625e+01	5.223750e+02	2.277395e-10	3.762302e+00	5.273920e+01	2.212556e+04
1.866336e+01	5.225740e+02	2.276884e-10	3.762284e+00	5.270599e+01	2.227928e+04
1.867046e+01	5.227730e+02	2.276304e-10	3.762261e+00	5.266749e+01	2.221091e+04
1.867757e+01	5.229720e+02	2.275695e-10	3.762235e+00	5.262456e+01	2.183051e+04
1.868468e+01	5.231710e+02	2.275109e-10	3.762207e+00	5.258692e+01	2.163528e+04
1.869179e+01	5.233700e+02	2.274597e-10	3.762180e+00	5.256638e+01	2.121830e+04
1.869889e+01	5.235690e+02	2.274164e-10	3.762154e+00	5.255098e+01	2.033463e+04
1.870600e+01	5.237680e+02	2.273694e-10	3.762131e+00	5.253524e+01	1.993052e+04
1.871311e+01	5.239670e+02	2.273127e-10	3.762113e+00	5.252460e+01	2.020509e+04
1.872021e+01	5.241660e+02	2.272556e-10	3.762102e+00	5.252386e+01	2.060869e+04
1.872732e+01	5.243650e+02	2.272090e-10	3.762092e+00	5.253855e+01	2.061677e+04
1.873443e+01	5.245640e+02	2.271678e-10	3.762076e+00	5.255609e+01	2.046244e+04
1.874154e+01	5.247630e+02	2.271226e-10	3.762054e+00	5.256017e+01	2.056073e+04
1.874864e+01	5.249620e+02	2.270727e-10	3.762029e+00	5.254732e+01	2.062282e+04
1.875575e+01	5.251610e+02	2.270174e-10	3.762005e+00	5.251731e+01	2.034620e+04
1.876286e+01	5.253600e+02	2.269575e-10	3.761984e+00	5.248038e+01	1.982337e+04
1.876996e+01	5.255590e+02	2.269029e-10	3.761966e+00	5.245577e+01	1.961088e+04
1.877707e+01	5.257580e+02	2.268577e-10	3.761946e+00	5.244745e+01	1.947835e+04
1.878418e+01	5.259570e+02	2.268168e-10	3.761922e+00	5.244100e+01	1.902520e+04
1.879129e+01	5.261560e+02	2.267733e-10	3.761896e+00	5.242595e+01	1.881564e+04
1.879839e+01	5.263550e+02	2.267219e-10	3.761875e+00	5.240764e+01	1.924890e+04
1.880550e+01	5.265540e+02	2.266659e-10	3.761860e+00	5.239184e+01	1.928749e+04
1.881261e+01	5.267530e+02	2.266124e-10	3.761846e+00	5.237747e+01	1.908701e+04
1.881971e+01	5.269520e+02	2.265645e-10	3.761826e+00	5.237990e+01	1.942939e+04
1.882682e+01	5.271510e+02	2.265213e-10	3.761796e+00	5.239478e+01	1.961059e+04
1.883393e+01	5.273500e+02	2.264764e-10	3.761764e+00	5.240439e+01	1.941882e+04
1.884104e+01	5.275490e+02	2.264267e-10	3.761733e+00	5.239946e+01	1.899148e+04
1.884814e+01	5.277480e+02	2.263781e-10	3.761707e+00	5.237906e+01	1.870056e+04
1.885525e+01	5.279470e+02	2.263301e-10	3.761684e+00	5.235933e+01	1.883769e+04
1.886236e+01	5.281460e+02	2.262801e-10	3.761663e+00	5.234649e+01	1.885556e+04
1.886946e+01	5.283450e+02	2.262240e-10	3.761644e+00	5.232882e+01	1.844174e+04
1.887657e+01	5.285440e+02	2.261676e-10	3.761628e+00	5.230780e+01	1.820576e+04
1.888368e+01	5.287430e+02	2.261204e-10	3.761614e+00	5.229795e+01	1.854631e+04
1.889079e+01	5.289420e+02	2.260759e-10	3.761598e+00	5.230129e+01	1.910513e+04
1.889789e+01	5.291410e+02	2.260318e-10	3.761579e+00	5.230963e+01	1.919653e+04
1.890500e+01	5.293400e+02	2.259954e-10	3.761553e+00	5.231237e+01	1.884395e+04
1.891211e+01	5.295390e+02	2.259537e-10	3.761521e+00	5.230022e+01	1.883582e+04
1.891921e+01	5.297380e+02	2.258936e-10	3.761489e+00	5.227587e+01	1.937785e+04
1.892632e+01	5.299370e+02	2.258287e-10	3.761466e+00	5.225124e+01	1.978423e+04
1.893343e+01	5.301360e+02	2.257764e-10	3.761450e+00	5.223316e+01	1.955846e+04
1.894054e+01	5.303350e+02	2.257361e-10	3.761430e+00	5.222537e+01	1.935651e+04
1.894764e+01	5.305340e+02	2.256949e-10	3.761404e+00	5.222591e+01	1.946462e+04
1.895475e+01	5.307330e+02	2.256505e-10	3.761374e+00	5.222648e+01	1.926221e+04
1.896186e+01	5.309320e+02	2.256075e-10	3.761341e+00	5.221799e+01	1.875599e+04
1.896896e+01	5.311310e+02	2.255588e-10	3.761305e+00	5.219701e+01	1.849569e+04
1.897607e+01	5.313300e+02	2.255025e-10	3.761273e+00	5.217221e+01	1.844932e+04
1.898318e+01	5.315290e+02	2.254471e-10	3.761251e+00	5.215225e+01	1.843985e+04
1.899029e+01	5.317280e+02	2.253998e-10	3.761239e+00	5.213800e+01	1.852028e+04
1.899739e+01	5.319270e+02	2.253651e-10	3.761228e+00	5.213223e+01	1.877621e+04
1.900450e+01	5.321260e+02	2.253337e-10	3.761208e+00	5.213500e+01	1.888525e+04
1.901161e+01	5.323250e+02	2.252955e-10	3.761183e+00	5.214101e+01	1.861776e+04
1.901871e+01	5.325240e+02	2.252528e-10	3.761159e+00	5.214588e+01	1.819211e+04
1.902582e+01	5.327230e+02	2.252110e-10	3.761139e+00	5.214258e+01	1.789884e+04
1.903293e+01	5.329220e+02	2.251686e-10	3.761123e+00	5.212973e+01	1.795017e+04
1.904004e+01	5.331210e+02	2.251264e-10	3.761107e+00	5.211603e+01	1.832404e+04
1.904714e+01	5.333200e+02	2.250959e-10	3.761086e+00	5.211005e+01	1.870056e+04
1.905425e+01	5.335190e+02	2.250763e-10	3.761056e+00	5.210808e+01	1.850916e+04
1.906136e+01	5.337180e+02	2.250500e-10	3.761019e+00	5.209085e+01	1.774142e+04
1.906846e+01	5.339170e+02	2.250090e-10	3.760983e+00	5.205670e+01	1.766563e+04
1.907557e+01	5.341160e+02	2.249662e-10	3.760956e+00	5.202934e+01	1.793726e+04
1.908268e+01	5.343150e+02	2.249360e-10	3.760937e+00	5.200906e+01	1.725485e+04
1.908979e+01	5.345140e+02	2.249066e-10	3.760922e+00	5.198801e+01	1.665095e+04
1.909689e+01	5.347130e+02	2.248781e-10	3.760905e+00	5.198419e+01	1.705317e+04
1.910400e+01	5.349120e+02	2.248636e-10	3.760877e+00	5.200486e+01	1.763085e+04
1.911111e+01	5.351110e+02	2.248477e-10	3.760839e+00	5.201150e+01	1.742233e+04
1.911821e+01	5.353100e+02	2.248170e-10	3.760801e+00	5.198461e+01	1.689649e+04
1.912532e+01	5.355090e+02	2.247914e-10	3.760772e+00	5.195290e+01	1.649295e+04
1.913243e+01	5.357080e+02	2.247787e-10	3.760752e+00	5.193312e+01	1.645739e+04
1.913954e+01	5.359070e+02	2.247701e-10	3.760732e+00	5.193105e+01	1.691344e+04
1.914664e+01	5.361060e+02	2.247637e-10	3.760705e+00	5.194607e+01	1.686918e+04
1.915375e+01	5.363050e+02	2.247493e-10	3.760673e+00	5.194810e+01	1.629823e+04
1.916086e+01	5.365040e+02	2.247204e-10	3.760644e+00	5.192583e+01	1.633299e+04
1.916796e+01	5.367030e+02	2.246960e-10	3.760622e+00	5.191153e+01	1.657992e+04
1.917507e+01	5.369020e+02	2.246870e-10	3.760602e+00	5.190590e+01	1.636483e+04
1.918218e+01	5.371010e+02	2.246760e-10	3.760576e+00	5.189599e+01	1.638625e+04
1.918929e+01	5.373000e+02	2.246581e-10	3.760546e+00	5.188178e+01	1.631439e+04
1.919639e+01	5.374990e+02	2.246409e-10	3.760518e+00	5.186129e+01	1.594059e+04
1.920350e+01	5.376980e+02	2.246235e-10	3.760493e+00	5.183825e+01	1.584494e+04
1.921061e+01	5.378970e+02	2.246042e-10	3.760473e+00	5.181766e+01	1.592394e+04
1.921771e+01	5.380960e+02	2.245872e-10	3.760459e+00	5.181465e+01	1.631758e+04
1.922482e+01	5.382950e+02	2.245767e-10	3.760446e+00	5.182452e+01	1.630120e+04
1.923193e+01	5.384940e+02	2.245721e-10	3.760431e+00	5.182058e+01	1.584873e+04
1.923904e+01	5.386930e+02	2.245662e-10	3.760411e+00	5.181377e+01	1.597722e+04
1.924614e+01	5.388920e+02	2.245542e-10	3.760387e+00	5.181267e+01	1.598166e+04
1.925325e+01	5.390910e+02	2.245404e-10	3.760361e+00	5.180897e+01	1.550100e+04
1.926036e+01	5.392900e+02	2.245270e-10	3.760332e+00	5.179971e+01	1.533955e+04
1.926746e+01	5.394890e+02	2.245148e-10	3.760300e+00	5.179191e+01	1.572482e+04
1.927457e+01	5.396880e+02	2.245055e-10	3.760270e+00	5.178012e+01	1.600093e+04
1.928168e+01	5.398870e+02	2.244976e-10	3.760241e+00	5.176041e+01	1.624836e+04
1.928879e+01	5.400860e+02	2.244901e-10	3.760216e+00	5.174209e+01	1.644856e+04
1.929589e+01	5.402850e+02	2.244814e-10	3.760197e+00	5.172164e+01	1.643104e+04
1.930300e+01	5.404840e+02	2.244749e-10	3.760185e+00	5.169949e+01	1.630075e+04
1.931011e+01	5.406830e+02	2.244744e-10	3.760173e+00	5.168738e+01	1.613917e+04
1.931721e+01	5.408820e+02	2.244725e-10	3.760158e+00	5.168580e+01	1.586615e+04
1.932432e+01	5.410810e+02	2.244627e-10	3.760138e+00	5.169019e+01	1.563531e+04
1.933143e+01	5.412800e+02	2.244542e-10	3.760114e+00	5.170128e+01	1.572015e+04
1.933854e+01	5.414790e+02	2.244502e-10	3.760085e+00	5.170967e+01	1.582966e+04
1.934564e+01	5.416780e+02	2.244429e-10	3.760055e+00	5.170556e+01	1.581195e+04
1.935275e+01	5.418770e+02	2.244313e-10	3.760028e+00	5.168585e+01	1.590479e+04
1.935986e+01	5.420760e+02	2.244153e-10	3.760005e+00	5.164943e+01	1.592617e+04
1.936696e+01	5.422750e+02	2.244005e-10	3.759988e+00	5.160404e+01	1.565493e+04
1.937407e+01	5.424740e+02	2.244023e-10	3.759974e+00	5.158466e+01	1.598440e+04
1.938118e+01	5.426730e+02	2.244206e-10	3.759955e+00	5.161358e+01	1.671833e+04
1.938829e+01	5.428720e+02	2.244321e-10	3.759926e+00	5.165017e+01	1.654997e+04
1.939539e+01	5.430710e+02	2.244252e-10	3.759890e+00	5.164507e+01	1.599077e+04
1.940250e+01	5.432700e+02	2.244079e-10	3.759860e+00	5.160172e+01	1.594434e+04
1.940961e+01	5.434690e+02	2.243934e-10	3.759839e+00	5.155042e+01	1.600417e+04
1.941671e+01	5.436680e+02	2.243901e-10	3.759824e+00	5.151665e+01	1.603861e+04
1.942382e+01	5.438670e+02	2.243942e-10	3.759810e+00	5.150815e+01	1.600248e+04
1.943093e+01	5.440660e+02	2.244000e-10	3.759796e+00	5.151339e+01	1.571263e+04
1.943804e+01	5.442650e+02	2.244072e-10	3.759779e+00	5.152716e+01	1.552486e+04
1.944514e+01	5.444640e+02	2.244140e-10	3.759758e+00	5.154877e+01	1.529653e+04
1.945225e+01	5.446630e+02	2.244245e-10	3.759734e+00	5.156422e+01	1.493246e+04
1.945936e+01	5.448620e+02	2.244330e-10	3.759707e+00	5.156095e+01	1.490762e+04
1.946646e+01	5.450610e+02	2.244325e-10	3.759678e+00	5.154119e+01	1.509764e+04
1.947357e+01	5.452600e+02	2.244303e-10	3.759654e+00	5.151694e+01	1.521389e+04
1.948068e+01	5.454590e+02	2.244348e-10	3.759633e+00	5.150721e+01	1.537126e+04
1.948779e+01	5.456580e+02	2.244471e-10	3.759611e+00	5.151956e+01	1.537890e+04
1.949489e+01	5.458570e+02	2.244651e-10	3.759586e+00	5.153500e+01	1.517737e+04
1.950200e+01	5.460560e+02	2.244755e-10	3.759558e+00	5.152667e+01	1.509175e+04
1.950911e+01	5.462550e+02	2.244754e-10	3.759532e+00	5.149414e+01	1.534808e+04
1.951621e+01	5.464540e+02	2.244801e-10	3.759509e+00	5.146220e+01	1.587178e+04
1.952332e+01	5.466530e+02	2.244945e-10	3.759490e+00	5.144346e+01	1.629638e+04
1.953043e+01	5.468520e+02	2.245117e-10	3.759474e+00	5.142643e+01	1.626647e+04
1.953754e+01	5.470510e+02	2.245294e-10	3.759461e+00	5.140415e+01	1.593589e+04
1.954464e+01	5.472500e+02	2.245492e-10	3.759447e+00	5.139133e+01	1.581236e+04
1.955175e+01	5.474490e+02	2.245694e-10	3.759428e+00	5.139134e+01	1.582644e+04
1.955886e+01	5.476480e+02	2.245888e-10	3.759405e+00	5.139047e+01	1.577209e+04
1.956596e+01	5.478470e+02	2.246053e-10	3.759381e+00	5.138182e+01	1.569702e+04
1.957307e+01	5.480460e+02	2.246231e-10	3.759359e+00	5.137205e+01	1.562878e+04
1.958018e+01	5.482450e+02	2.246472e-10	3.759342e+00	5.136861e+01	1.549232e+04
1.958729e+01	5.484440e+02	2.246755e-10	3.759328e+00	5.136936e+01	1.535809e+04
1.959439e+01	5.486430e+02	2.247022e-10	3.759310e+00	5.137139e+01	1.539396e+04
1.960150e+01	5.488420e+02	2.247269e-10	3.759285e+00	5.137547e+01	1.566469e+04
1.960861e+01	5.490410e+02	2.247478e-10	3.759256e+00	5.137078e+01	1.589009e+04
1.961571e+01	5.492400e+02	2.247586e-10	3.759230e+00	5.134308e+01	1.573026e+04
1.962282e+01	5.494390e+02	2.247723e-10	3.759211e+00	5.130889e+01	1.544778e+04
1.962993e+01	5.496380e+02	2.248040e-10	3.759194e+00	5.130042e+01	1.554039e+04
1.963704e+01	5.498370e+02	2.248398e-10	3.759171e+00	5.131171e+01	1.568330e+04
1.964414e+01	5.500360e+02	2.248611e-10	3.759145e+00	5.131500e+01	1.551643e+04
1.965125e+01	5.502350e+02	2.248749e-10	3.759124e+00	5.130546e+01	1.516476e+04
1.965836e+01	5.504340e+02	2.248950e-10	3.759108e+00	5.129199e+01	1.492259e+04
1.966546e+01	5.506330e+02	2.249245e-10	3.759088e+00	5.128291e+01	1.492024e+04
1.967257e+01	5.508320e+02	2.249520e-10	3.759060e+00	5.127558e+01	1.480783e+04
1.967968e+01	5.510310e+02	2.249755e-10	3.759034e+00	5.126345e+01	1.459738e+04
1.968679e+01	5.512300e+02	2.250028e-10	3.759010e+00	5.125737e+01	1.473080e+04
1.969389e+01	5.514290e+02	2.250341e-10	3.758984e+00	5.125865e+01	1.485467e+04
1.970100e+01	5.516280e+02	2.250592e-10	3.758955e+00	5.124559e+01	1.471880e+04
1.970811e+01	5.518270e+02	2.250734e-10	3.758929e+00	5.121751e+01	1.476185e+04
1.971521e+01	5.520260e+02	2.250859e-10	3.758911e+00	5.119523e+01	1.494698e+04
1.972232e+01	5.522250e+02	2.251079e-10	3.758896e+00	5.118891e+01	1.494263e+04
1.972943e+01	5.524240e+02	2.251378e-10	3.758877e+00	5.119042e+01	1.479639e+04
1.973654e+01	5.526230e+02	2.251673e-10	3.758852e+00	5.118987e+01	1.473604e+04
1.974364e+01	5.528220e+02	2.251952e-10	3.758825e+00	5.119170e+01	1.483969e+04
1.975075e+01	5.530210e+02	2.252271e-10	3.758798e+00	5.119844e+01	1.487438e+04
1.975786e+01	5.532200e+02	2.252605e-10	3.758772e+00	5.119425e+01	1.487766e+04
1.976496e+01	5.534190e+02	2.252891e-10	3.758748e+00	5.117368e+01	1.510745e+04
1.977207e+01	5.536180e+02	2.253192e-10	3.758725e+00	5.114846e+01	1.535576e+04
1.977918e+01	5.538170e+02	2.253541e-10	3.758703e+00	5.112877e+01	1.541934e+04
1.978629e+01	5.540160e+02	2.253909e-10	3.758677e+00	5.111562e+01	1.535875e+04
1.979339e+01	5.542150e+02	2.254248e-10	3.758650e+00	5.110071e+01	1.522397e+04
1.980050e+01	5.544140e+02	2.254547e-10	3.758625e+00	5.108219e+01	1.520386e+04
1.980761e+01	5.546130e+02	2.254864e-10	3.758608e+00	5.107448e+01	1.537804e+04
1.981471e+01	5.548120e+02	2.255240e-10	3.758594e+00	5.107911e+01	1.551227e+04
1.982182e+01	5.550110e+02	2.255581e-10	3.758578e+00	5.107735e+01	1.531313e+04
1.982893e+01	5.552100e+02	2.255938e-10	3.758557e+00	5.106978e+01	1.491419e+04
1.983604e+01	5.554090e+02	2.256398e-10	3.758532e+00	5.106949e+01	1.482923e+04
1.984314e+01	5.556080e+02	2.256811e-10	3.758504e+00	5.107145e+01	1.528816e+04
1.985025e+01	5.558070e+02	2.257120e-10	3.758479e+00	5.106916e+01	1.560765e+04
1.985736e+01	5.560060e+02	2.257483e-10	3.758460e+00	5.106584e+01	1.540787e+04
1.986446e+01	5.562050e+02	2.257932e-10	3.758442e+00	5.106479e+01	1.541627e+04
1.987157e+01	5.564040e+02	2.258360e-10	3.758421e+00	5.106295e+01	1.575790e+04
1.987868e+01	5.566030e+02	2.258719e-10	3.758395e+00	5.105110e+01	1.578932e+04
1.988579e+01	5.568020e+02	2.259057e-10	3.758367e+00	5.102921e+01	1.552938e+04
1.989289e+01	5.570010e+02	2.259446e-10	3.758340e+00	5.100820e+01	1.542951e+04
1.990000e+01	5.572000e+02	2.259851e-10	3.758317e+00	5.099485e+01	1.561310e+04
1.990711e+01	5.573990e+02	2.260228e-10	3.758296e+00	5.098653e+01	1.579072e+04
1.991421e+01	5.575980e+02	2.260615e-10	3.758278e+00	5.097828e+01	1.578981e+04
1.992132e+01	5.577970e+02	2.261042e-10	3.758260e+00	5.096863e+01	1.565279e+04
1.992843e+01	5.579960e+02	2.261482e-10	3.758243e+00	5.095917e+01	1.559110e+04
1.993554e+01	5.581950e+02	2.261930e-10	3.758225e+00	5.095223e+01	1.570953e+04
1.994264e+01	5.583940e+02	2.262390e-10	3.758207e+00	5.094432e+01	1.576401e+04
1.994975e+01	5.585930e+02	2.262845e-10	3.758191e+00	5.093209e+01	1.556754e+04
1.995686e+01	5.587920e+02	2.263320e-10	3.758176e+00	5.092085e+01	1.535372e+04
1.996396e+01	5.589910e+02	2.263795e-10	3.758158e+00	5.091788e+01	1.531626e+04
1.997107e+01	5.591900e+02	2.264227e-10	3.758137e+00	5.092006e+01	1.533824e+04
1.997818e+01	5.593890e+02	2.264590e-10	3.758116e+00	5.091461e+01	1.531686e+04
1.998529e+01	5.595880e+02	2.264924e-10	3.758097e+00	5.089417e+01	1.520631e+04
1.999239e+01	5.597870e+02	2.265307e-10	3.758082e+00	5.087217e+01	1.508696e+04
1.999950e+01	5.599860e+02	2.265798e-10	3.758070e+00	5.086935e+01	1.517137e+04
2.000661e+01	5.601850e+02	2.266351e-10	3.758053e+00	5.088459e+01	1.543034e+04
2.001371e+01	5.603840e+02	2.266869e-10	3.758028e+00	5.089940e+01	1.571743e+04
2.002082e+01	5.605830e+02	2.267358e-10	3.758000e+00	5.090173e+01	1.580160e+04
2.002793e+01	5.607820e+02	2.267828e-10	3.757972e+00	5.088671e+01	1.544270e+04
2.003504e+01	5.609810e+02	2.268274e-10	3.757948e+00	5.086090e+01	1.522003e+04
2.004214e+01	5.611800e+02	2.268717e-10	3.757928e+00	5.083721e+01	1.561416e+04
2.004925e+01	5.613790e+02	2.269142e-10	3.757910e+00	5.081690e+01	1.608337e+04
2.005636e+01	5.615780e+02	2.269591e-10	3.757890e+00	5.080375e+01	1.613045e+04
2.006346e+01	5.617770e+02	2.270117e-10	3.757868e+00	5.080101e+01	1.583741e+04
2.007057e+01	5.619760e+02	2.270607e-10	3.757843e+00	5.079439e+01	1.562538e+04
2.007768e+01	5.621750e+02	2.271028e-10	3.757821e+00	5.077929e+01	1.552348e+04
2.008479e+01	5.623740e+02	2.271519e-10	3.757802e+00	5.076570e+01	1.533450e+04
2.009189e+01	5.625730e+02	2.272091e-10	3.757782e+00	5.075907e+01	1.538293e+04
2.009900e+01	5.627720e+02	2.272677e-10	3.757758e+00	5.075988e+01	1.564821e+04
2.010611e+01	5.629710e+02	2.273224e-10	3.757729e+00	5.076113e+01	1.571529e+04
2.011321e+01	5.631700e+02	2.273705e-10	3.757701e+00	5.075571e+01	1.568856e+04
2.012032e+01	5.633690e+02	2.274135e-10	3.757675e+00	5.074353e+01	1.569644e+04
2.012743e+01	5.635680e+02	2.274568e-10	3.757654e+00	5.072814e+01	1.561427e+04
2.013454e+01	5.637670e+02	2.275017e-10	3.757636e+00	5.071143e+01	1.542818e+04
2.014164e+01	5.639660e+02	2.275523e-10	3.757619e+00	5.069540e+01	1.534420e+04
2.014875e+01	5.641650e+02	2.276111e-10	3.757601e+00	5.068825e+01	1.546975e+04
2.015586e+01	5.643640e+02	2.276714e-10	3.757581e+00	5.068970e+01	1.563162e+04
2.016296e+01	5.645630e+02	2.277261e-10	3.757559e+00	5.068949e+01	1.550060e+04
2.017007e+01	5.647620e+02	2.277783e-10	3.757537e+00	5.068495e+01	1.528115e+04
2.017718e+01	5.649610e+02	2.278298e-10	3.757514e+00	5.068098e+01	1.553396e+04
2.018429e+01	5.651600e+02	2.278796e-10	3.757487e+00	5.067637e+01	1.593829e+04
2.019139e+01	5.653590e+02	2.279279e-10	3.757460e+00	5.066502e+01	1.584853e+04
2.019850e+01	5.655580e+02	2.279796e-10	3.757437e+00	5.065190e+01	1.568566e+04
2.020561e+01	5.657570e+02	2.280349e-10	3.757416e+00	5.064650e+01	1.577187e+04
2.021271e+01	5.659560e+02	2.280920e-10	3.757394e+00	5.064825e+01	1.583751e+04
2.021982e+01	5.661550e+02	2.281472e-10	3.757369e+00	5.064812e+01	1.582306e+04
2.022693e+01	5.663540e+02	2.281992e-10	3.757343e+00	5.064130e+01	1.577356e+04
2.023404e+01	5.665530e+02	2.282477e-10	3.757315e+00	5.062841e+01	1.583456e+04
2.024114e+01	5.667520e+02	2.282926e-10	3.757288e+00	5.061375e+01	1.591718e+04
2.024825e+01	5.669510e+02	2.283403e-10	3.757264e+00	5.060255e+01	1.577534e+04
2.025536e+01	5.671500e+02	2.283926e-10	3.757241e+00	5.059207e+01	1.569010e+04
2.026246e+01	5.673490e+02	2.284477e-10	3.757219e+00	5.057867e+01	1.577116e+04
2.026957e+01	5.675480e+02	2.285061e-10	3.757199e+00	5.056390e+01	1.595924e+04
2.027668e+01	5.677470e+02	2.285623e-10	3.757179e+00	5.054490e+01	1.624754e+04
2.028379e+01	5.679460e+02	2.286130e-10	3.757161e+00	5.052264e+01	1.660972e+04
2.029089e+01	5.681450e+02	2.286648e-10	3.757144e+00	5.051111e+01	1.687895e+04
2.029800e+01	5.683440e+02	2.287200e-10	3.757124e+00	5.051107e+01	1.668097e+04
2.030511e+01	5.685430e+02	2.287775e-10	3.757100e+00	5.050993e+01	1.613958e+04
2.031221e+01	5.687420e+02	2.288351e-10	3.757073e+00	5.050099e+01	1.583232e+04
2.031932e+01	5.689410e+02	2.288935e-10	3.757044e+00	5.049163e+01	1.614532e+04
2.032643e+01	5.691400e+02	2.289546e-10	3.757017e+00	5.049016e+01	1.662468e+04
2.033354e+01	5.693390e+02	2.290123e-10	3.756993e+00	5.048715e+01	1.660241e+04
2.034064e+01	5.695380e+02	2.290658e-10	3.756974e+00	5.047627e+01	1.632380e+04
2.034775e+01	5.697370e+02	2.291252e-10	3.756958e+00	5.047088e+01	1.626460e+04
2.035486e+01	5.699360e+02	2.291918e-10	3.756936e+00	5.047369e+01	1.634534e+04
2.036196e+01	5.701350e+02	2.292539e-10	3.756909e+00	5.046852e+01	1.641446e+04
2.036907e+01	5.703340e+02	2.293095e-10	3.756882e+00	5.045040e+01	1.632937e+04
2.037618e+01	5.705330e+02	2.293685e-10	3.756860e+00	5.043158e+01	1.615367e+04
2.038329e+01	5.707320e+02	2.294343e-10	3.756840e+00	5.041968e+01	1.611900e+04
2.039039e+01	5.709310e+02	2.295015e-10	3.756820e+00	5.040914e+01	1.619249e+04
2.039750e+01	5.711300e+02	2.295666e-10	3.756798e+00	5.039663e+01	1.615267e+04
2.040461e+01	5.713290e+02	2.296294e-10	3.756777e+00	5.038128e+01	1.601618e+04
2.041171e+01	5.715280e+02	2.296922e-10	3.756759e+00	5.036833e+01	1.599943e+04
2.041882e+01	5.717270e+02	2.297605e-10	3.756738e+00	5.036575e+01	1.609419e+04
2.042593e+01	5.719260e+02	2.298344e-10	3.756713e+00	5.036954e+01	1.616535e+04
2.043304e+01	5.721250e+02	2.299061e-10	3.756684e+00	5.036369e+01	1.610942e+04
2.044014e+01	5.723240e+02	2.299734e-10	3.756658e+00	5.034417e+01	1.595477e+04
2.044725e+01	5.725230e+02	2.300442e-10	3.756638e+00	5.032662e+01	1.580552e+04
2.045436e+01	5.727220e+02	2.301188e-10	3.756620e+00	5.031964e+01	1.583999e+04
2.046146e+01	5.729210e+02	2.301919e-10	3.756600e+00	5.031684e+01	1.623051e+04
2.046857e+01	5.731200e+02	2.302617e-10	3.756578e+00	5.031281e+01	1.668702e+04
2.047568e+01	5.733190e+02	2.303318e-10	3.756556e+00	5.030417e+01	1.680342e+04
2.048279e+01	5.735180e+02	2.304052e-10	3.756534e+00	5.029285e+01	1.693162e+04
2.048989e+01	5.737170e+02	2.304791e-10	3.756510e+00	5.028348e+01	1.729627e+04
2.049700e+01	5.739160e+02	2.305494e-10	3.756486e+00	5.027290e+01	1.748493e+04
2.050411e+01	5.741150e+02	2.306189e-10	3.756466e+00	5.026043e+01	1.742862e+04
2.051121e+01	5.743140e+02	2.306899e-10	3.756448e+00	5.025151e+01	1.729767e+04
2.051832e+01	5.745130e+02	2.307649e-10	3.756431e+00	5.024744e+01	1.700036e+04
2.052543e+01	5.747120e+02	2.308398e-10	3.756410e+00	5.024144e+01	1.654601e+04
2.053254e+01	5.749110e+02	2.309059e-10	3.756385e+00	5.022526e+01	1.619773e+04
2.053964e+01	5.751100e+02	2.309683e-10	3.756358e+00	5.020496e+01	1.622200e+04
2.054675e+01	5.753090e+02	2.310312e-10	3.756332e+00	5.019080e+01	1.640063e+04
2.055386e+01	5.755080e+02	2.310922e-10	3.756309e+00	5.018004e+01	1.641859e+04
2.056096e+01	5.757070e+02	2.311549e-10	3.756289e+00	5.017365e+01	1.651272e+04
2.056807e+01	5.759060e+02	2.312209e-10	3.756269e+00	5.017557e+01	1.671488e+04
2.057518e+01	5.761050e+02	2.312819e-10	3.756247e+00	5.017429e+01	1.662170e+04
2.058229e+01	5.763040e+02	2.313385e-10	3.756225e+00	5.016621e+01	1.644677e+04
2.058939e+01	5.765030e+02	2.313977e-10	3.756202e+00	5.016161e+01	1.650210e+04
2.059650e+01	5.767020e+02	2.314544e-10	3.756179e+00	5.015528e+01	1.642881e+04
2.060361e+01	5.769010e+02	2.315062e-10	3.756156e+00	5.014054e+01	1.621899e+04
2.061071e+01	5.771000e+02	2.315592e-10	3.756134e+00	5.013146e+01	1.641519e+04
2.061782e+01	5.772990e+02	2.316122e-10	3.756112e+00	5.013691e+01	1.672367e+04
2.062493e+01	5.774980e+02	2.316644e-10	3.756088e+00	5.014319e+01	1.654884e+04
2.063204e+01	5.776970e+02	2.317157e-10	3.756062e+00	5.013824e+01	1.629662e+04
2.063914e+01	5.778960e+02	2.317615e-10	3.756035e+00	5.012482e+01	1.634761e+04
2.064625e+01	5.780950e+02	2.318026e-10	3.756011e+00	5.010855e+01	1.638486e+04
2.065336e+01	5.782940e+02	2.318462e-10	3.755989e+00	5.009320e+01	1.631681e+04
2.066046e+01	5.784930e+02	2.318907e-10	3.755968e+00	5.008008e+01	1.628750e+04
2.066757e+01	5.786920e+02	2.319339e-10	3.755948e+00	5.006603e+01	1.631542e+04
2.067468e+01	5.788910e+02	2.319785e-10	3.755929e+00	5.005213e+01	1.656807e+04
2.068179e+01	5.790900e+02	2.320255e-10	3.755909e+00	5.004649e+01	1.697503e+04
2.068889e+01	5.792890e+02	2.320721e-10	3.755884e+00	5.004704e+01	1.708239e+04
2.069600e+01	5.794880e+02	2.321159e-10	3.755854e+00	5.004239e+01	1.692372e+04
2.070311e+01	5.796870e+02	2.321563e-10	3.755822e+00	5.003140e+01	1.686777e+04
2.071021e+01	5.798860e+02	2.321963e-10	3.755793e+00	5.001727e+01	1.680807e+04
2.071732e+01	5.800850e+02	2.322352e-10	3.755767e+00	4.999887e+01	1.664306e+04
2.072443e+01	5.802840e+02	2.322741e-10	3.755745e+00	4.998356e+01	1.661254e+04
2.073154e+01	5.804830e+02	2.323128e-10	3.755724e+00	4.997981e+01	1.669669e+04
2.073864e+01	5.806820e+02	2.323505e-10	3.755702e+00	4.997851e+01	1.665767e+04
2.074575e+01	5.808810e+02	2.323846e-10	3.755679e+00	4.997093e+01	1.657267e+04
2.075286e+01	5.810800e+02	2.324198e-10	3.755656e+00	4.996477e+01	1.664917e+04
2.075996e+01	5.812790e+02	2.324592e-10	3.755631e+00	4.996455e+01	1.691855e+04
2.076707e+01	5.814780e+02	2.324985e-10	3.755605e+00	4.996320e+01	1.714958e+04
2.077418e+01	5.816770e+02	2.325340e-10	3.755579e+00	4.995436e+01	1.706267e+04
2.078129e+01	5.818760e+02	2.325660e-10	3.755555e+00	4.993880e+01	1.666879e+04
2.078839e+01	5.820750e+02	2.325961e-10	3.755532e+00	4.992012e+01	1.629457e+04
2.079550e+01	5.822740e+02	2.326286e-10	3.755508e+00	4.990316e+01	1.631205e+04
2.080261e+01	5.824730e+02	2.326619e-10	3.755484e+00	4.988857e+01	1.673976e+04
2.080971e+01	5.826720e+02	2.326925e-10	3.755460e+00	4.987581e+01	1.728927e+04
2.081682e+01	5.828710e+02	2.327224e-10	3.755437e+00	4.986600e+01	1.767036e+04
2.082393e+01	5.830700e+02	2.327499e-10	3.755416e+00	4.985513e+01	1.770775e+04
2.083104e+01	5.832690e+02	2.327752e-10	3.755399e+00	4.984125e+01	1.748810e+04
2.083814e+01	5.834680e+02	2.328040e-10	3.755384e+00	4.983513e+01	1.729552e+04
2.084525e+01	5.836670e+02	2.328369e-10	3.755367e+00	4.983898e+01	1.722582e+04
2.085236e+01	5.838660e+02	2.328682e-10	3.755347e+00	4.983829e+01	1.717991e+04
2.085946e+01	5.840650e+02	2.328954e-10	3.755326e+00	4.982633e+01	1.715986e+04
2.086657e+01	5.842640e+02	2.329212e-10	3.755307e+00	4.980958e+01	1.719502e+04
2.087368e+01	5.844630e+02	2.329453e-10	3.755291e+00	4.979149e+01	1.718674e+04
2.088079e+01	5.846620e+02	2.329679e-10	3.755281e+00	4.977443e+01	1.706357e+04
2.088789e+01	5.848610e+02	2.329939e-10	3.755273e+00	4.976590e+01	1.694523e+04
2.089500e+01	5.850600e+02	2.330237e-10	3.755260e+00	4.976707e+01	1.699049e+04
2.090211e+01	5.852590e+02	2.330522e-10	3.755241e+00	4.977100e+01	1.715517e+04
2.090921e+01	5.854580e+02	2.330775e-10	3.755217e+00	4.977094e+01	1.718116e+04
2.091632e+01	5.856570e+02	2.331002e-10	3.755190e+00	4.976505e+01	1.705245e+04
2.092343e+01	5.858560e+02	2.331203e-10	3.755164e+00	4.975169e+01	1.695227e+04
2.093054e+01	5.860550e+02	2.331377e-10	3.755143e+00	4.973232e+01	1.690748e+04
2.093764e+01	5.862540e+02	2.331580e-10	3.755127e+00	4.971529e+01	1.680352e+04
2.094475e+01	5.864530e+02	2.331818e-10	3.755110e+00	4.970192e+01	1.672299e+04
2.095186e+01	5.866520e+02	2.332030e-10	3.755092e+00	4.968754e+01	1.688520e+04
2.095896e+01	5.868510e+02	2.332229e-10	3.755072e+00	4.967575e+01	1.722013e+04
2.096607e+01	5.870500e+02	2.332444e-10	3.755050e+00	4.967171e+01	1.742746e+04
2.097318e+01	5.872490e+02	2.332673e-10	3.755027e+00	4.967044e+01	1.740340e+04
2.098029e+01	5.874480e+02	2.332870e-10	3.755002e+00	4.966354e+01	1.729785e+04
2.098739e+01	5.876470e+02	2.333048e-10	3.754979e+00	4.965354e+01	1.724204e+04
2.099450e+01	5.878460e+02	2.333250e-10	3.754956e+00	4.964733e+01	1.718029e+04
2.100161e+01	5.880450e+02	2.333448e-10	3.754935e+00	4.964121e+01	1.702293e+04
2.100871e+01	5.882440e+02	2.333614e-10	3.754915e+00	4.963115e+01	1.684895e+04
2.101582e+01	5.884430e+02	2.333796e-10	3.754894e+00	4.962234e+01	1.678225e+04
2.102293e+01	5.886420e+02	2.333986e-10	3.754873e+00	4.961562e+01	1.681575e+04
2.103004e+01	5.888410e+02	2.334157e-10	3.754851e+00	4.960668e+01	1.684835e+04
2.103714e+01	5.890400e+02	2.334335e-10	3.754829e+00	4.959899e+01	1.682887e+04
2.104425e+01	5.892390e+02	2.334542e-10	3.754807e+00	4.959565e+01	1.675194e+04
2.105136e+01	5.894380e+02	2.334732e-10	3.754783e+00	4.959111e+01	1.658230e+04
2.105846e+01	5.896370e+02	2.334894e-10	3.754758e+00	4.958186e+01	1.633973e+04
2.106557e+01	5.898360e+02	2.335051e-10	3.754733e+00	4.956862e+01	1.618719e+04
2.107268e+01	5.900350e+02	2.335210e-10	3.754708e+00	4.955145e+01	1.625038e+04
2.107979e+01	5.902340e+02	2.335370e-10	3.754685e+00	4.953366e+01	1.642087e+04
2.108689e+01	5.904330e+02	2.335548e-10	3.754663e+00	4.951892e+01	1.654754e+04
2.109400e+01	5.906320e+02	2.335727e-10	3.754642e+00	4.950742e+01	1.664347e+04
2.110111e+01	5.908310e+02	2.335921e-10	3.754619e+00	4.950087e+01	1.676419e+04
2.110821e+01	5.910300e+02	2.336117e-10	3.754594e+00	4.949857e+01	1.686935e+04
2.111532e+01	5.912290e+02	2.336294e-10	3.754564e+00	4.949559e+01	1.691294e+04
2.112243e+01	5.914280e+02	2.336449e-10	3.754534e+00	4.948872e+01	1.690929e+04
2.112954e+01	5.916270e+02	2.336578e-10	3.754506e+00	4.947912e+01	1.688457e+04
2.113664e+01	5.918260e+02	2.336704e-10	3.754481e+00	4.947164e+01	1.684647e+04
2.114375e+01	5.920250e+02	2.336857e-10	3.754457e+00	4.946560e+01	1.681355e+04
2.115086e+01	5.922240e+02	2.336993e-10	3.754435e+00	4.945532e+01	1.681128e+04
2.115796e+01	5.924230e+02	2.337124e-10	3.754414e+00	4.944277e+01	1.687221e+04
2.116507e+01	5.926220e+02	2.337274e-10	3.754394e+00	4.943338e+01	1.704102e+04
2.117218e+01	5.928210e+02	2.337430e-10	3.754374e+00	4.942606e+01	1.727880e+04
2.117929e+01	5.930200e+02	2.337574e-10	3.754355e+00	4.941789e+01	1.742364e+04
2.118639e+01	5.932190e+02	2.337744e-10	3.754335e+00	4.941121e+01	1.740358e+04
2.119350e+01	5.934180e+02	2.337954e-10	3.754313e+00	4.940695e+01	1.729035e+04
2.120061e+01	5.936170e+02	2.338154e-10	3.754289e+00	4.939953e+01	1.714974e+04
2.120771e+01	5.938160e+02	2.338319e-10	3.754262e+00	4.938718e+01	1.700301e+04
2.121482e+01	5.940150e+02	2.338484e-10	3.754235e+00	4.937367e+01	1.687469e+04
2.122193e+01	5.942140e+02	2.338654e-10	3.754209e+00	4.936050e+01	1.677577e+04
2.122904e+01	5.944130e+02	2.338825e-10	3.754186e+00	4.934889e+01	1.668630e+04
2.123614e+01	5.946120e+02	2.339010e-10	3.754164e+00	4.934066e+01	1.656526e+04
2.124325e+01	5.948110e+02	2.339202e-10	3.754142e+00	4.933484e+01	1.641054e+04
2.125036e+01	5.950100e+02	2.339375e-10	3.754120e+00	4.932757e+01	1.630577e+04
2.125746e+01	5.952090e+02	2.339521e-10	3.754098e+00	4.931765e+01	1.638615e+04
2.126457e+01	5.954080e+02	2.339677e-10	3.754077e+00	4.930855e+01	1.669250e+04
2.127168e+01	5.956070e+02	2.339826e-10	3.754058e+00	4.929998e+01	1.704661e+04
2.127879e+01	5.958060e+02	2.339954e-10	3.754040e+00	4.928899e+01	1.722850e+04
2.128589e+01	5.960050e+02	2.340095e-10	3.754023e+00	4.927741e+01	1.721972e+04
2.129300e+01	5.962040e+02	2.340254e-10	3.754006e+00	4.926659e+01	1.717259e+04
2.130011e+01	5.964030e+02	2.340415e-10	3.753989e+00	4.925577e+01	1.719899e+04
2.130721e+01	5.966020e+02	2.340569e-10	3.753973e+00	4.924648e+01	1.725633e+04
2.131432e+01	5.968010e+02	2.340715e-10	3.753956e+00	4.923764e+01	1.726686e+04
2.132143e+01	5.970000e+02	2.340844e-10	3.753938e+00	4.922809e+01	1.725359e+04
2.132854e+01	5.971990e+02	2.340990e-10	3.753919e+00	4.922262e+01	1.722843e+04
2.133564e+01	5.973980e+02	2.341155e-10	3.753897e+00	4.922102e+01	1.712589e+04
2.134275e+01	5.975970e+02	2.341303e-10	3.753873e+00	4.921518e+01	1.692984e+04
2.134986e+01	5.977960e+02	2.341436e-10	3.753848e+00	4.920417e+01	1.672768e+04
2.135696e+01	5.979950e+02	2.341573e-10	3.753823e+00	4.919464e+01	1.662328e+04
2.136407e+01	5.981940e+02	2.341721e-10	3.753800e+00	4.918808e+01	1.663374e+04
2.137118e+01	5.983930e+02	2.341850e-10	3.753778e+00	4.918069e+01	1.663568e+04
2.137829e+01	5.985920e+02	2.341969e-10	3.753759e+00	4.917175e+01	1.651437e+04
2.138539e+01	5.987910e+02	2.342105e-10	3.753741e+00	4.916265e+01	1.633425e+04
2.139250e+01	5.989900e+02	2.342246e-10	3.753722e+00	4.915300e+01	1.625917e+04
2.139961e+01	5.991890e+02	2.342384e-10	3.753702e+00	4.914359e+01	1.633607e+04
2.140671e+01	5.993880e+02	2.342507e-10	3.753680e+00	4.913505e+01	1.647280e+04
2.141382e+01	5.995870e+02	2.342614e-10	3.753658e+00	4.912580e+01	1.656648e+04
2.142093e+01	5.997860e+02	2.342709e-10	3.753635e+00	4.911610e+01	1.657405e+04
2.142804e+01	5.999850e+02	2.342811e-10	3.753613e+00	4.910714e+01	1.650669e+04
