# vtk DataFile Version 2.0
Unstructured Grid
ASCII
DATASET UNSTRUCTURED_GRID
POINTS 5120 double
0.054937511682510376 -0.025719037279486656 0.15688049793243408
0.083952099084854126 -0.034508101642131805 0.15971861779689789
0.081261626869623682 0.00073156080970381249 0.15159168102290524
0.061092605281785464 -0.00086604266173901691 0.18006702811889583
0.11619392037391663 0.42594107985496521 0.74095642566680908
0.099256657063961029 0.43491324782371521 0.72090643644332886
0.087604708971992296 0.41338894527540115 0.76216430114803557
0.090174253625337444 0.45141566255908022 0.75691373152659558
0.66451084613800049 0.073554597795009613 1.2824908494949341
0.61936359733973667 0.068125059234702273 1.2916200411064338
0.63806087068431916 0.098720141219252114 1.3160630417353458
0.64932453325927031 0.09234141493411982 1.2724725064773357
-0.015008780173957348 0.26999625563621521 1.0681658983230591
0.039565605492044804 0.24964085793104812 1.0686356800981036
-0.0052542068899438877 0.24595453601912701 1.0411913468548599
0.015585091896355152 0.29224357008934021 1.0743914842605591
0.40668311715126038 0.18128164112567902 1.3765460252761841
0.37403581199845759 0.18832632232742513 1.3481121194898629
0.41646653126666977 0.19389294329405835 1.32910194464924
0.39604806536425219 0.1577925408773744 1.3580895790548586
-0.16793999075889587 -0.1081775575876236 0.72197449207305908
-0.12874779105186462 -0.11577644199132919 0.72392761707305908
-0.14993461966514587 -0.1101306825876236 0.69283020496368408
-0.15617701661253877 -0.075639577629286706 0.70438333169482348
-0.30218118432219837 0.27558187814744528 0.87601831350421722
-0.28747376504780281 0.31939167008874159 0.84189985483540675
-0.25644197224836718 0.26960189472342705 0.83117204073263773
-0.31175245125075601 0.27344278320872023 0.81089974492783679
-0.12497886270284653 -0.12215461581945419 0.84462463855743408
-0.099995323763613947 -0.10258697224755955 0.80909897166156652
-0.13260826468467712 -0.1201099306344986 0.80620300769805908
-0.13560818959822712 -0.085408835257184484 0.81800981002121609
0.27743354439735413 0.31873282790184021 1.1830950975418091
0.25382819771766663 0.33109244704246521 1.1484881639480591
0.28308692574501038 0.32511100172996521 1.1487628221511841
0.24702567396933017 0.30480098591782256 1.1510685610979507
-0.26532102185787632 -0.01251520085786607 0.55311827267634117
-0.28078736396289639 -0.032342310656243926 0.59018774809073893
-0.26937151611663673 0.002722622603460709 0.60827033877333614
-0.30669714018321392 -0.006302822183594999 0.58597277820891902
0.1289406695730386 -0.020263480435195078 1.1018558840042871
0.17927441430232186 -0.048840717357098468 1.1331025902036809
0.18377919747883043 0.015975545189268945 1.1426617566192641
0.13771829122300197 -0.044518275819182968 1.1435288795296121
0.077245868742465973 -0.091575980186462402 0.45149719715118408
0.080305255949497223 -0.090263731777667999 0.48189270496368408
0.10299506783485413 -0.071068167686462402 0.45549499988555908
0.070517518474432161 -0.063115584814818021 0.47862689753253995
-0.33011803030967712 0.012275325134396553 0.54906189441680908
-0.31125816702842712 0.016852963715791702 0.52510559558868408
-0.33441337943077087 0.040107358247041702 0.52995789051055908
-0.2924230615590433 0.027678690754116525 0.56351433691111452
-0.29643425345420837 0.1648937463760376 0.54024237394332886
-0.25409087668723501 0.16156773519384143 0.52623926021519274
-0.27591118216514587 0.1725231409072876 0.51894110441207886
-0.25698237430218113 0.15498379412924718 0.55365093580511482
0.11518077064377388 0.040375147398402436 0.12811831584613823
0.13314644992351532 0.081123001873493195 0.10286439210176468
0.14011203571223893 0.014670536584338197 0.087235748898024712
0.097518287514599428 0.049260585406611018 0.087263675586410766
-0.0040987455286085606 0.24777944386005402 1.2824603319168091
-0.025308463722467422 0.23987540602684021 1.2632952928543091
0.0067884004674851894 0.25739246606826782 1.2575885057449341
-0.020289851569211169 0.21272030620236332 1.268972938492817
-0.38252409655284947 0.15879884761199387 0.86337045455566752
-0.44193098519402224 0.14845386933423493 0.85138071908822521
-0.41171445709925653 0.14670827341698012 0.89718218284450602
-0.41983438774813875 0.18066847811252371 0.89974840702110059
-0.35369285941123962 0.18604239821434021 0.94191473722457886
-0.37958702445030212 0.15991935133934021 0.95561712980270386
-0.38588127493858337 0.1885448545217514 0.93098944425582886
-0.36626866272371145 0.15118915281092926 0.91607452942740331
0.034257465554884389 -0.051973693845224551 0.80409086580742695
0.037804218695790773 -0.049783117745823308 0.74792443322758428
0.01705686125487332 -0.064853356862824521 0.76755471614171045
-0.0026984639874969955 -0.034234425858255785 0.77966064104714439
0.59643375873565674 0.067847803235054016 1.3617755174636841
0.61796391010284424 0.053382478654384613 1.3398638963699341
0.58313164203083523 0.057836140203786884 1.3214259474186096
0.59858578006937546 0.092633927420339726 1.3391261528762355
0.1705434394362384 0.20916371919743942 0.7494914161899483
0.13466563268091605 0.17481064534856411 0.72921294151569427
0.18938906782609014 0.17025833380162542 0.75352196867852506
0.15185607588281042 0.14880730198368528 0.77534393603162499
-0.26606148310361499 0.096498139408087838 0.97131831693101556
-0.26688286884628032 0.06846188136953206 1.0091953771165327
-0.28554226881345141 0.041712933612843048 0.96669215728552382
-0.23986456001398074 0.060599683531576319 0.95951662989706432
-0.45083034038543701 0.4535595178604126 0.84282410144805908
-0.45385921001434326 0.44562491774559021 0.87779724597930908
-0.47315394878387451 0.4373241662979126 0.84517395496368408
-0.43989331613917504 0.42716638475059537 0.84696432495124674
-0.10568413138389587 -0.11840096116065979 0.90575134754180908
-0.077096790075302124 -0.12776985764503479 0.89043152332305908
-0.10855676303233364 -0.088426144033610612 0.88692578135194711
-0.058054429713882541 -0.099294682664797754 0.88223204310052439
-0.16954216361045837 0.33042103052139282 0.91902655363082886
-0.14747795462608337 0.35498768091201782 0.91753119230270386
-0.14100059866905212 0.32639271020889282 0.92766302824020386
-0.14601107158002241 0.32963081461718352 0.89328349866760215
0.10566476223333196 0.21576502766468186 0.77737662410519204
0.12534990526771272 0.23644608728595432 0.72832752924342159
0.056072485332929675 0.22191827904829792 0.72857501956645365
-0.3164953561905966 0.11909977608877323 0.96701573455975554
-0.31260813284083949 0.069371449549296874 0.99713744597797571
0.53407871723175049 -0.020622648298740387 1.2898455858230591
0.52843296527862549 -0.010185637511312962 1.3139544725418091
0.55429661273956299 -0.0036243570502847433 1.3061114549636841
0.53142932223630279 0.021838462743820824 1.3087831112725214
-0.084032464213670138 0.082854345932903459 1.1229976475504002
-0.12785508542962293 0.059797529633155183 1.0793264913896152
-0.12592272087712583 0.068614709389503745 1.1285749149494801
-0.11266530094769098 0.11650473584917974 1.0777586440073086
-0.45600304007530212 0.10199698805809021 0.86430847644805908
-0.45741447806358337 0.09891471266746521 0.89485657215118408
-0.42475406686701722 0.091342035476915051 0.89676680945138598
-0.44531826681310438 0.12609290044842028 0.89081800112559362
0.0046481516717922803 0.093732002553400959 1.288712206003136
-0.043222278356552124 0.072852686047554016 1.2755328416824341
-0.023050159215927124 0.054664213210344315 1.2845965623855591
-0.032358024269342422 0.085578516125679016 1.3038531541824341
-0.17880423367023468 0.16669423878192902 1.1081744432449341
-0.15854819118976593 0.16645009815692902 1.1335345506668091
-0.18360312283039093 0.14240224659442902 1.1335650682449341
-0.16260134028583095 0.13530388733565976 1.1183808707479361
0.28133979439735413 -0.07283821702003479 1.1894732713699341
0.30036750435829163 -0.07711067795753479 1.1519061326980591
0.2690896928897083 -0.039035589128699533 1.1773897630899515
0.3223155180804102 -0.054642285386317706 1.161922312751557
-0.25792869925498962 0.086280427873134613 1.0762530565261841
-0.23671898245811462 0.063026033341884613 1.0804949998855591
-0.24941429495811462 0.052497472614049911 1.0593768358230591
-0.23339471340710277 0.091312960989522379 1.069189147223601
0.025271226635847136 0.011407403584568121 1.2318241144804281
0.0047437245957553387 0.010718900710344315 1.2796832323074341
-0.019487233832478523 0.025428373366594315 1.2619525194168091
0.00075355172157287598 -0.0057300729677081108 1.2546893358230591
-0.27057060599327087 0.12174186110496521 1.0606585741043091
-0.23722741481794546 0.12945846371193021 1.0552396410309883
-0.25054344534873962 0.12088736146688461 1.0822955369949341
0.15743842720985413 0.37778434157371521 0.84230530261993408
0.13931098580360413 0.40283927321434021 0.81853210926055908
0.15420356392860413 0.37906607985496521 0.80809509754180908
0.12763997691949233 0.36841996877311367 0.84922453793971264
0.64224827289581299 0.22000846266746521 1.3422747850418091
0.60648685622529741 0.20689449223344614 1.311752214292174
0.60790073871612549 0.21353873610496521 1.3363543748855591
0.64506136768366695 0.22073791577655114 1.3077500036366689
0.087992143357292496 0.049010713820996872 0.31126654179861613
0.13353519058455662 0.077367562192921985 0.28779560413064453
0.083811438726421703 0.063051021689645048 0.25182186041242882
0.076693713575225683 0.11388651416437788 0.27487651388747625
-0.0013536855537489712 -0.088971528401265682 0.52197230180037735
-0.00038322698674164712 -0.112633116543293 0.47749817371368408
0.021757276728749275 -0.114006407558918 0.51088440418243408
-0.0082109859213232994 -0.114464171230793 0.50829041004180908
0.0366941486052937 0.064642640211305946 1.02333000674575
0.0069243196155934087 0.019817486132410952 1.0056040641967541
0.0043656985885375177 0.040120659637734563 1.061353414044816
-0.010886181311564564 0.080427432314897157 1.0417693019055596
0.20253837289297616 -0.043245919832775571 1.2825821813840581
0.20327717198495809 -0.04183628614251713 1.2326651429600042
0.20140635853212041 0.0026155723808746912 1.2700459138264542
0.23813706654077302 -0.040255693891665507 1.2681277847724184
0.027731085196137428 0.46863517165184021 0.69618719816207886
-0.0057772141881287098 0.46668204665184021 0.68880194425582886
0.014005805365741253 0.44516715407371521 0.68236273527145386
-0.0030800440484971769 0.44722394826819567 0.71707462574778469
0.1391163841886425 0.30289289760953009 0.87981237356221709
0.15165870587175476 0.3179724430217406 0.81364903838980807
0.17082196651633691 0.33819150402556364 0.85582805814930951
-0.12896904349327087 0.5058056116104126 0.93947333097457886
-0.095277637243270874 0.5145641565322876 0.93791693449020386
-0.11234034997915845 0.49085336941964686 0.90071215382250591
-0.093966358898732671 0.5355410320801306 0.91171420605499054
0.50307773289551572 0.038970549082898348 1.1849262886136052
0.51691826688273701 -0.0033308295280681777 1.1970432097022798
0.48882155693507839 -0.00086760505516096285 1.1630106525829282
0.52889696009202725 0.0060978773429121265 1.1562756625802368
0.53954899311065674 -0.023735437542200089 1.2097979784011841
0.51332676410675049 -0.030022058635950089 1.2029925584793091
0.52300846576690674 -0.032799158245325089 1.2302447557449341
-0.22358879446983337 0.044227208942174911 1.0729571580886841
-0.18303807052681245 0.052551391967007963 1.0518389225228304
-0.20826877140811281 0.072572769351697361 1.0780431911728585
-0.19950279593467712 0.029609289020299911 1.0818072557449341
-0.42662533353216886 0.31967726069311519 0.76390020726572738
-0.38015812725351883 0.27000776707579738 0.80026465173526951
-0.40904529195322953 0.33019829714888072 0.82014468777607763
-0.4362074787384968 0.27821460797798281 0.81027650800254203
0.38243690133094788 -0.068840406835079193 0.93010431528091431
0.35351386666297913 -0.077049635350704193 0.94588190317153931
0.37685978412628174 -0.071953199803829193 0.96040827035903931
0.36199142057827155 -0.047398227201543373 0.94090881493415046
0.38629113117578784 -0.023643517401043486 0.84736091164056382
0.41463294625282288 -0.057182688266038895 0.86028015613555908
0.42291569262624046 -0.017678301969561036 0.87365715839924152
0.36877092262268102 -0.038228011164454463 0.88216688629673778
0.12994079060285305 0.037363203415634934 0.24963142650082301
0.14534715807010032 0.060115495583623904 0.20154043382517026
0.17352252653876554 0.042383063848026953 0.22457641776265316
0.13874036363069861 -0.0034370153961361732 0.21113540446177168
-0.093882642318729836 0.32733862878389225 0.86353935077117827
-0.10117618086460239 0.25539663767111032 0.83640813612452414
-0.14971102817696011 0.29316804020880516 0.863556957295185
-0.11533047017053641 0.31148717596487929 0.78288420785447288
-0.24542938453941393 0.11487065801199016 0.46573933792573469
-0.19872110227217471 0.099415128239156325 0.47037593866630301
-0.20895005097273422 0.12234832935168907 0.43771486521214492
-0.21308172327184913 0.14792819075442853 0.4756785475261146
0.15089240670204163 0.2443004846572876 0.51036560535430908
0.12985052168369293 0.2486950159072876 0.49055969715118408
0.15292181074619293 0.2299572229385376 0.48277771472930908
0.14097410627520196 0.21182811383603617 0.49535828920770036
0.11889238252190397 0.13148549849714763 1.0704135507185031
0.17625315026235203 0.19559551112657472 1.0500238137655633
0.18221286473934448 0.10431589194560301 1.0845015422219515
0.18605826389980648 0.13111344470811384 0.9981733114374074
-0.083962335152479736 0.16493376681529909 0.41891931781828196
-0.057589038937010589 0.16643058187444137 0.38435938373342099
-0.0271739136142321 0.092065458808076955 0.40847286176257663
-0.086066068684346561 0.10715123040408134 0.41907966193430102
0.084112308919429779 0.2835766077041626 0.50594055652618408
0.072492741048336029 0.2601085901260376 0.47038760781288147
0.10270514339208603 0.2583996057510376 0.48305237293243408
0.083391934139211449 0.2514818160670384 0.52594792475962016
-0.24825039997435863 -0.03094007313991301 0.68045291942482033
-0.20789475577085195 0.012742626967112288 0.70579584018080954
-0.26231292510647508 -0.034547402318503263 0.71586122550267561
-0.20446592852878603 -0.056374397542483086 0.72590077035974432
-0.0048064306397623061 -0.047730889067144025 0.36738896903715279
0.025068433955311775 -0.067894339561462402 0.33986389636993408
0.032964855432510376 -0.079094290733337402 0.36577332019805908
0.00060859386576339602 -0.069633841514587402 0.35493957996368408
0.16396155953407288 -0.054008863866329193 0.83290588855743408
0.13325839510107515 -0.029078190735185055 0.85255237665499561
0.18782644518286482 -0.015155346443622719 0.84471730283506885
0.16243552078005155 -0.023310430722702547 0.81180363087278229
-0.21870294298604881 0.21934107703914635 0.84693157553555998
-0.32004138410287919 0.1849229342875586 0.79441680699114936
-0.28752372805832904 0.21796211301108476 0.88072178764077813
0.55770694256362641 0.034995291849122055 1.1913957191690259
0.5824567281155596 0.023972478000065554 1.245160382772275
0.55281101276260114 -0.00023514591266753267 1.2238747419719149
0.6038286606657135 0.029129038374154786 1.2060031075182358
0.49632850289344788 -0.028587723150849342 1.0263262987136841
0.49613776803016663 -0.027489092200994492 1.0621539354324341
0.49691387770491624 0.0071616431547986232 1.052881557997464
0.47077519291743974 -0.0094649745273090499 1.0561544214138423
0.59004652286293213 0.1196724023961738 1.2927472945153911
0.56934046811110961 0.065772825050289807 1.2715320926234404
-0.34079152345657349 0.1731029599905014 0.66454046964645386
-0.32339650392532349 0.1834484189748764 0.64336127042770386
-0.34207326173782349 0.2017894834280014 0.66594427824020386
-0.3174344408920155 0.18503408936809196 0.67906528438219915
-0.35305299327391831 0.45152984895049136 0.82377251119758454
-0.36946094686341541 0.41285823912979286 0.82547067128178686
-0.35539347028050289 0.41375855157540686 0.7759595926410241
-0.31411720192167508 0.39001199473042947 0.81730062414585203
0.082288891077041626 0.013679182156920433 -0.43177306652069092
0.10824409127235413 0.019904766231775284 -0.43253600597381592
0.11409942805767059 -0.060654986649751663 -0.46663022041320801
0.093725353479385376 0.028693828731775284 -0.45679748058319092
0.045171882957220078 0.26706653833389282 1.1993304491043091
0.024740366265177727 0.26349598169326782 1.2304583787918091
0.012701180763542652 0.25122791528701782 1.2021991014480591
0.041750371430307458 0.24099177947637329 1.2214080196236698
-0.05659037735165285 0.15729963056951041 0.4765538992791068
-0.02039148435477843 0.088808836818920031 0.49375955935536242
-0.1041059582477759 0.12192714154004479 0.45823664844445988
0.12776073519857489 0.23057122346876341 1.1538188155332743
0.0972743194194996 0.25608682855779907 1.2030752164236969
0.15083965945733702 0.24871431833711508 1.2010104393640919
0.12852343943532835 0.27765834937523642 1.1769409204274717
-0.10936021725585408 0.032711725112921523 0.41511623247816887
-0.064520448553913534 -0.0027711144928209155 0.42780769074547942
-0.081132368184877679 0.032246487347082048 0.37570412628061772
0.43681572077889291 0.17254323822284312 1.0957866158096325
0.46088326310203553 0.18235839236938312 1.1433489898294775
0.46648819352156617 0.19008697726032298 1.1127763276768738
0.44762300270569066 0.21075176965056241 1.1420561105173892
-0.48504051566123962 0.19510611891746521 0.79811584949493408
-0.47205235718024774 0.22359260666000325 0.82418538628138283
-0.48565086722373962 0.18323478102684021 0.82381165027618408
-0.45611649140889254 0.19869720600499205 0.79522521394503698
0.015730049461126328 0.41931876540184021 0.66743963956832886
-0.013124320656061172 0.43613395094871521 0.67522162199020386
-0.021516838989785569 0.40484619430373048 0.70942300139101055
0.026179250802954527 0.42790721882334293 0.70749705835134713
0.49551978707313538 0.13883168995380402 1.3658038377761841
0.50537693500518799 0.10736807435750961 1.3690387010574341
0.47323432564735413 0.12650258839130402 1.3734637498855591
0.49611347206840722 0.12147697021968962 1.3446313918903794
0.13101781904697418 0.35974845290184021 0.69057190418243408
0.12539749785918008 0.33668941167974187 0.73236920372092074
0.12909522652626038 0.38101920485496521 0.71513855457305908
0.10085385475302548 0.36832186276134365 0.70558145311076303
0.54984104633331299 0.034308988600969315 1.3462725877761841
0.51759159564971924 0.024879058822989464 1.3466082811355591
0.52578556537628174 0.053535062819719315 1.3587542772293091
0.51283170088306806 0.061747554678856731 1.3348151680216964
0.044328577816486359 -0.049789074808359146 -0.48076218366622925
0.030171284452080727 -0.022325681522488594 -0.47075018286705017
0.035696178674697876 -0.013145769014954567 -0.44370543956756592
0.06034909188747406 0.0073428978212177753 -0.46509110927581787
0.052811779748462434 -0.066978324675582582 0.41087693882784571
0.053648144006729126 -0.099937796592712402 0.44237244129180908
0.08089335676237526 -0.054845486535043141 0.43832578972959646
0.035999213318920774 -0.080723520629154472 0.45098602166839097
0.22092261910438538 0.016730861738324165 1.3680316209793091
0.21871009469032288 -0.0098499488085508347 1.3627215623855591
0.19726869941853392 0.024274797508605117 1.3382505506657898
0.24302739949584162 -0.013929851927654982 1.3375414446532683
0.18017660323675946 0.083537824949799333 0.55190196042539674
0.11751295539911345 0.085874203702905924 0.51697859491947706
0.16118499518944954 0.047532785008750238 0.52151058849224963
0.13720610141655246 0.047314498579815838 0.57878497182886479
0.12555393416982502 0.090381706151346039 0.23409109078963464
0.16070380806922913 0.1126781702041626 0.22865785658359528
0.12695767923200088 0.11194344492252185 0.258493753576296
0.16109106316428271 0.079036174530827244 0.23896433974882997
-0.25044247353880933 -0.036355302582824281 0.58130030561766211
0.22739996016025543 0.20536002516746521 0.78651916980743408
0.21803107857704163 0.1955333799123764 0.76085388660430908
0.23686803877353668 0.17633780837059021 0.77126038074493408
0.20922816754711107 0.1873258691516558 0.78849922452701515
-0.038497596521328045 0.42535270639887679 0.90675956962929904
-0.05080489187447422 0.38821938323568206 0.91753856443496873
-0.095416321431697163 0.40219564459276502 0.89628378431185662
-0.067006457973571118 0.42730521962244711 0.87494978574684878
0.48270240426063538 0.23917350172996521 1.1542254686355591
0.44151324738799591 0.23496488945204994 1.2005039255826278
0.48718461265883012 0.21901565244576687 1.1880337797493958
-0.18534263968467712 -0.1016467958688736 0.69456970691680908
-0.17058740556240082 -0.1018909364938736 0.66499817371368408
-0.20398126542568207 -0.094841375946998596 0.66908752918243408
-0.16476460471656829 -0.077698587189445417 0.65894222231909372
0.13384070992469788 -0.0079883765429258347 1.3485919237136841
0.14429298043251038 -0.035210054367780685 1.3374835252761841
0.11076178401708603 -0.029869478195905685 1.3281451463699341
0.154476211956738 -0.0050275629293686439 1.3262297206869138
-0.36272603273391724 0.1014782041311264 0.61778753995895386
-0.33694006404738763 0.10695146183964103 0.64641845343840909
-0.3532685445929386 0.077030113110380771 0.63944395125324349
-0.34076101160762529 0.091017227460596581 0.60446392912111635
-0.049966670572757721 0.5710827112197876 0.94066351652145386
-0.014612054452300072 0.5677257776260376 0.93422430753707886
-0.017885163273836754 0.56060441194125976 0.896388749554202
-0.022400531615661523 0.61040528060255328 0.91640715298437492
-0.17825381187100911 0.50713172784141181 0.73891446695642593
-0.14457248373263656 0.4794844300216865 0.72855529183148471
-0.17821419570405184 0.47378055048958567 0.77500611692120813
-0.19808603566857638 0.47764790274997571 0.72728150386705526
0.0090772192925214767 0.23987539112567902 1.3015948534011841
0.021215585991740227 0.25641590356826782 1.2844744920730591
0.026140673298383262 0.21982550796181483 1.2882396440381996
0.23779030728654763 0.27911767908377949 1.2593172525772454
0.20083215316552769 0.26861722233844709 1.216841460682847
0.22680783571411048 0.29443207528187121 1.2041249926475801
0.26420115278655115 0.28810404278012269 1.2201777475088118
-0.13311180472373962 -0.11132087558507919 0.90166199207305908
-0.11542081889145919 -0.07757643596664951 0.9274228792497049
-0.11873802542686462 -0.10775031894445419 0.93025696277618408
0.50776364786789441 0.057867848223129389 1.2966611543879019
0.49518027706952961 0.027106792228046558 1.3271138025024831
-0.35026723146438599 0.121436707675457 0.63670843839645386
-0.33298665285110474 0.1488720029592514 0.64546698331832886
-0.35312828421592712 0.1271740049123764 0.66808050870895386
-0.00079949232990067867 0.10610558028450431 0.29375882214169319
-0.0099921489191745969 0.079266053076969406 0.33796278785515715
-0.028139655771551912 0.11426415358195968 0.30126333849448689
-0.02836113790712088 0.073151160735066389 0.29180581809903455
-0.029413079842925072 0.5380932092666626 0.73592108488082886
-0.0029085627757012844 0.5544811487197876 0.75233954191207886
-0.034265376627445221 0.5617748498916626 0.75310248136520386
-0.026169742279226988 0.53457812860248954 0.76367697392024414
-0.37955650687217712 0.1012950986623764 0.71666449308395386
-0.38302788138389587 0.075324639678001404 0.70177191495895386
-0.36931023001670837 0.099860772490501404 0.68761175870895386
-0.35793114208605903 0.082287165341936003 0.71546838759827691
0.19762244820594788 0.0011669420637190342 0.33138003945350647
0.18275275826454163 -0.031242724508047104 0.32951840758323669
0.15833982233597629 -0.002416093091228858 0.35161087329371088
0.1770730289186277 0.011894816665087639 0.32266778994998957
0.016127173020550795 -0.03733950351165926 0.5246568848954638
-0.034363359132094394 -0.040336198543977415 0.4748630956429597
-0.03948840378988399 -0.064205045020163901 0.53113833855365233
-0.033154860328597158 0.0090559241292281888 0.51496844560100508
0.044424206018447876 -0.082329161465167999 0.61659729480743408
0.059782177209854126 -0.077629454433917999 0.59370911121368408
0.033158778451676085 -0.061404729469054675 0.59748376741951004
0.05588035265978835 -0.041973920076962191 0.61134606731584795
0.21201911568641663 0.1300426721572876 0.44966617226600647
0.20556464791297913 0.1579967737197876 0.45164981484413147
0.19971290230751038 0.14911617338657379 0.41759219765663147
0.18434300090895853 0.14179609987240288 0.43807843377534766
-0.30212578177452087 0.43820914626121521 0.71989935636520386
-0.26855644583702087 0.45368155837059021 0.71373480558395386
-0.27166494307425987 0.45538205333615417 0.75285559269808022
-0.27285532935718687 0.40602736736938277 0.72278825612256836
0.32085245847702026 0.089789949357509613 1.3833209276199341
0.28806892037391663 0.093329988420009613 1.3813372850418091
0.30401438474655151 0.11707266420125961 1.3853961229324341
0.32818535278219685 0.11808487392357134 1.3607563792671942
0.18626227974891663 0.021003365516662598 0.38301575183868408
0.18639197945594788 -0.004936575423926115 0.36009705066680908
0.17835414854394871 0.030345761514585914 0.34853409842537719
-0.17573724687099457 0.6796947717666626 0.85936468839645386
-0.20611749589443207 0.67255359888076782 0.86937445402145386
-0.16783094579409844 0.64268166414211447 0.88373539778969001
-0.19687789134252634 0.67083824201843423 0.91323713231190728
0.47067580766856959 0.10569658790620383 1.0606772886089448
0.44147140834924298 0.11427889737840985 1.0134757272922057
0.48755223182671598 0.10601252528838941 1.0208876766504846
0.46888861766035317 0.055448045597561002 1.0253639571008886
-0.11297339312952071 0.2425158608480496 0.95033378466646923
-0.14632545920274032 0.21146349094696587 0.97024197946356228
-0.15820973074681013 0.22482525894401667 0.92322627450302186
-0.11263173323658716 0.19476489924863258 0.90389764253865401
-0.10571465641260147 0.6392284631729126 0.97505682706832886
-0.13965019583702087 0.6243969202041626 0.96440619230270386
-0.13784099830533666 0.67702554694748474 0.93331503101303048
-0.12278894679726174 0.61788311903209292 0.92700514539333156
0.19619904399429633 0.21125016871433799 1.1938491160938671
0.17959259039036241 0.26007919089495218 1.1479629039107231
0.14447608590126038 -0.028892861679196358 0.058156128972768784
0.13771156368827722 0.0016242835060536354 0.028786809519255961
0.097140417548203892 0.0058439169657097268 0.061721297855725561
-0.14307579398155212 0.1035839319229126 0.35503116250038147
-0.11852440983057022 0.1078869104385376 0.34068790078163147
-0.12679465115070343 0.1308971643447876 0.35164371132850647
-0.11163610390899206 0.10034362127503348 0.3735568031778036
0.45738807320594788 -0.048759855329990387 1.2795611619949341
0.4315453414099682 -0.027366903821092754 1.2679439896040381
0.43543079144685815 -0.015409126368952303 1.3086796179376905
0.45887913254697288 -0.0059664870535173714 1.2662306822305467
0.087942272424697876 0.28574329614639282 1.2400408983230591
0.077482365071773529 0.28259998559951782 1.2115679979324341
0.10896124690771103 0.29413563013076782 1.2157183885574341
0.13369575142860413 0.041602760553359985 -0.25144469738006592
0.10497108846902847 0.035560276359319687 -0.23594175279140472
0.10011878609657288 0.033881809562444687 -0.26609313488006592
0.098211993628386368 0.0069310056479641264 -0.25094144708646166
-0.34889397025108337 -0.00032845194800756872 0.95641052722930908
-0.33352836966514587 0.016395179554820061 0.98518860340118408
-0.31370720267295837 -0.0070728370919823647 0.96724426746368408
-0.33963013861260472 0.037770998529638534 0.97041724755367942
-0.25565513968467712 0.1911083459854126 0.52498358488082886
-0.27520164847373962 0.1889110803604126 0.55473822355270386
-0.10861381888389587 0.19510610401630402 1.1527301073074341
-0.12874016165733337 0.18958242237567902 1.1256915330886841
-0.097482532262802124 0.20883901417255402 1.1162005662918091
-0.096017520671035209 0.16762353764283192 1.1489000486112633
-0.13594993948936462 -0.02428472600877285 0.40913879871368408
-0.11686119437217712 -0.045219786465167999 0.41103088855743408
-0.11247429251670837 -0.017601374536752701 0.38622009754180908
-0.11509376087330389 -0.026349738081433639 0.42623339122971132
0.13012920365446723 -0.02826399142511864 -0.37039406219138771
0.10436072945594788 0.016029033809900284 -0.39994323253631592
0.11894610468880432 -0.022741862536582259 -0.41265675372171801
0.077332726763464588 -0.026537321645103865 -0.37951945370373552
-0.43213832378387451 0.45505484938621521 0.81880676746368408
-0.46045100688934326 0.4407116174697876 0.81383240222930908
0.20829518968835756 0.32237087418034732 0.93365067777627975
0.19188272663679029 0.31981355973744308 0.88821666630761531
0.16936430852639253 0.34674713826456327 0.92331637216840323
0.18850415434752507 0.34977133626156182 0.89761630767146827
0.045293953269720078 0.30472525954246521 1.0958758592605591
0.063238285481929779 0.32529410719871521 1.0860491991043091
0.075849674642086029 0.31693229079246521 1.1105242967605591
0.063041124732334961 0.27701722522434002 1.0998028310598924
0.30381599068641663 0.091468438506126404 0.74449646472930908
0.25291909456904949 0.0790652309275508 0.75772832665055379
0.27734962105751038 0.098121270537376404 0.72719299793243408
0.28387934482871041 0.063428462802117197 0.74424401415776609
-0.19899925589561462 -0.092766188085079193 0.79457581043243408
-0.19070610404014587 -0.098564527928829193 0.75166809558868408
-0.21751579642295837 -0.086632154881954193 0.76747620105743408
-0.17660417416342072 -0.081272400568258116 0.79463912401518033
0.24865524436828543 0.03812768081940146 0.72767657149324239
0.2483603054182846 0.081486568047411057 0.72417326973770468
-0.50975978374481201 0.41336783766746521 0.83104431629180908
-0.52604854106903076 0.39282950758934021 0.82433044910430908
-0.49203859892100538 0.37851246486452012 0.80293535733910837
-0.49839556121317385 0.38266716558062708 0.8539076954873922
-0.26393300294876099 0.30619010329246521 0.61635321378707886
-0.28918629884719849 0.29788929224014282 0.62938421964645386
-0.27840596437454224 0.27030140161514282 0.61098212003707886
-0.26121268213615606 0.27092620000318768 0.65705445370756155
-0.012805288391151829 -0.066059730269009825 0.81395188708340305
-0.014600199996397289 -0.071093598518380374 0.78246813495929135
-0.051827090582084165 -0.031372294709448363 0.79476701297591368
-0.30830626826252561 0.011937338699082202 0.92747198352287741
-0.23138184891900537 0.033392968248494193 0.90893409097286593
-0.29679124214687841 0.092841701905036003 0.89375032142350941
-0.031122064217925072 0.6977611780166626 0.97862732410430908
-0.028855218291288537 0.68315569608679905 0.94518144757839495
-0.060522700202798818 0.69219229555602912 0.97415621086836579
-0.055806894323833629 0.70537984102170392 0.94764380858219377
0.31178912093770467 0.075960066567432705 1.3439096027310988
0.32466102396743063 0.11795286554969038 1.3032903709272969
0.34687177729745916 0.04588254300139559 1.2964352464076387
0.28707113952265778 0.045156606035145923 1.2711262534512791
-0.0024541653087128928 0.16272207852316378 0.34781211442966853
-0.032213062047958374 0.1732250452041626 0.33080020546913147
-0.028695913031697273 0.1937023401260376 0.35881534218788147
3.6386823921930045e-05 0.1909862756729126 0.34718814492225647
-0.031813948588847792 0.029834356971138693 0.37283390341618455
0.0053307879540262044 0.012521409136592027 0.37512562282337697
-0.031791047324920649 -0.03178852866558677 0.39342748935864269
-0.030334552505429616 -0.009312584017061391 0.34715947495406396
0.16671575605869293 0.2189098447561264 0.64360535144805908
0.16358007490634918 0.25345572829246521 0.62801086902618408
0.13097314814169564 0.23924595511346314 0.6082397351785751
0.13083884799180656 0.25115692127683947 0.65710491124824455
-0.062566783669681519 -0.079622438475822649 0.46872182502427734
-0.081811763346195221 -0.085106261074542999 0.43327820301055908
-0.051202621310949326 -0.091118223965167999 0.42274963855743408
-0.069299541413784027 -0.098778136074542999 0.45506775379180908
-0.11264352327590586 0.045815913195598183 1.0254809531686895
-0.10528046433632841 0.011097976136492256 0.95949189359540188
-0.047761578370150756 0.012728682550018506 1.0316772726542489
-0.082298680729086832 -0.032595020066115886 1.0165056817874283
0.28063789010047913 0.16178092360496521 0.82170593738555908
0.29964271187782288 0.14109000563621521 0.81886780261993408
0.29148688912391663 0.16648063063621521 0.84801208972930908
0.27184033281246139 0.13701967167336027 0.82748661445567473
0.20066879878043489 0.16118236439960501 1.2657358874529121
0.17556246393728939 0.23004248231200633 1.2631838341176704
0.19790310662473576 0.20602292284880799 1.303832967111598
0.23152667952764946 0.22510853805214578 1.2642430580326898
-0.12075986484667678 0.3054487083183629 0.57470641913608944
-0.15744797992310394 0.31948628707303517 0.60186987042086137
-0.10258267430828026 0.31640900093233781 0.62839088178598324
-0.13123497366905212 0.35343131422996521 0.58888739347457886
0.14777959883213043 0.19431270658969879 0.40721619129180908
0.13301673531532288 0.18915523588657379 0.38045227527618408
0.16179481148719788 0.17325557768344879 0.37160217761993408
0.1248758906253538 0.17767869616924986 0.40709074035225917
0.041482984901220966 0.026104004837032284 0.24653731919889926
0.019817746535294313 -0.00082006425531638046 0.28295985517762601
0.012876658700406551 -0.010155076161026955 0.23668396472930908
0.049665002342869198 -0.021358609622014937 0.26489114192463198
0.19985023140907288 0.1272655725479126 0.59221374988555908
0.19221320748329163 0.1255870908498764 0.62251770496368408
0.18070808053016663 0.1566234678030014 0.60545837879180908
0.17147542114837766 0.10642122056282796 0.59561963602339285
0.1567189421729476 0.021022817391188497 -0.053003232654536638
0.13719002902507782 0.056678436696529388 -0.075083613395690918
0.11478778807317598 0.02919565115179424 -0.085672979291715287
0.10247408494532322 0.027423102427935251 -0.048111459246617999
-0.37838129505224238 0.37530711231957525 0.78621599202910875
-0.40990278962891041 0.3594771554086314 0.75150146412536567
-0.37595934263585329 0.31336476637438038 0.75158294829735184
0.1607027564262517 0.21932714290632976 0.71072031475157871
-0.0027178251184523106 0.2357860803604126 0.41161075234413147
0.0035153902135789394 0.2555309534072876 0.44005313515663147
-0.047582711459786042 0.22742715181715073 0.45014323754944779
0.014129918284989018 0.21106263973778433 0.46886050689307179
8.6280479325306653e-05 0.25628827462909132 0.60829093741334994
-0.048780013702119575 0.22332982672903728 0.57508339857981505
0.029454631370706814 0.16524584643362064 0.59214719696890927
-0.022964845326147322 0.17640288048015862 0.64667381528276113
0.62107609783785556 0.043551468197862868 1.1584158424474527
0.60964938230805865 0.091074303432292142 1.1147406002322371
0.64448615510907925 0.092478436515343682 1.1523064256764162
0.6423843341878267 0.065337580506583393 1.1094433044776437
-0.32562434673309326 0.53501087427139282 0.85329169034957886
-0.30662712454795837 0.55445057153701782 0.82469671964645386
-0.30932796001434326 0.55954700708389282 0.85786932706832886
-0.29505004231697352 0.52919302241191946 0.84292441780262939
0.014051586389541626 -0.045982714742422104 0.30174744129180908
0.0092008344207880725 -0.031728838166598369 0.34004528379596632
-0.0049505564066876576 -0.018281907705746777 0.31075891645843057
0.0047971312887966633 -0.055046439170837402 0.32787048816680908
0.50369591145008563 0.19421035512550733 1.1462470646307157
0.48925605416297913 0.1950450986623764 1.1050006151199341
0.49204274621304173 0.16217094474794427 1.1190639393911304
-0.17466148734092712 0.6803966760635376 0.97374457120895386
-0.18213066458702087 0.7066417932510376 0.95030701160430908
-0.15608391165733337 0.7099987268447876 0.95586121082305908
-0.17823659659561886 0.67871021971659606 0.95014937288391388
0.56957066059112549 -0.0057605775073170662 1.0815020799636841
0.54645150358172156 0.025395426665286852 1.0604698222125637
0.58605778217315674 -0.00069465843262150884 1.0574847459793091
0.55451023578643799 -0.009086991660296917 1.0552264451980591
-0.24259922199057668 0.31718676288670977 0.69335658087547125
-0.2430040256116168 0.30834242518335814 0.64339411456205209
-0.28550616010176966 0.33822844058864321 0.67785987316964069
-0.23348146548077564 0.35498044634688403 0.65710884684929038
0.049903194629867788 0.12467709938331331 1.0474346931323664
0.097887017069287596 0.16103399356008025 1.0059238596267148
0.10585113914822923 0.084271998618392532 1.0262361205801578
0.053693920373916626 -0.072716131806373596 0.69966614246368408
0.037901077419519424 -0.080131910741329193 0.72789490222930908
0.066061168909072876 -0.066429510712623596 0.74342834949493408
0.33210581541061401 0.30631217360496521 1.1170550584793091
0.35380378365516663 0.29193839430809021 1.1319781541824341
0.33363166451454163 0.30301627516746521 1.1564227342605591
0.31894625184883563 0.28182317071356122 1.1308832634120489
-0.069981521997198731 0.077632545677557716 0.37382727435615204
-0.092351094424602431 0.060295171162921199 0.34842059670788278
-0.082366141723550987 0.097288659829474863 0.33929019502015784
-0.05750948619322635 0.061599454981456046 0.3456180160411822
-0.34716209769248962 -0.0035327819641679525 0.60146057605743408
-0.33084780155410248 0.027793926211112475 0.58220155180488409
-0.33877990341590519 0.0093933500263860947 0.61903824077605218
0.0081693194806575775 0.37671622633934021 0.61940497159957886
-0.028520438820123672 0.37912711501121521 0.62111395597457886
-0.013002250343561172 0.36618766188621521 0.59792059659957886
-0.0095332274766753988 0.35687261860616493 0.63701360349074687
-0.21130545437335968 0.11661490052938461 1.1272784471511841
-0.23322470486164093 0.10672720521688461 1.1026507616043091
-0.22906668484210968 0.1411510556936264 1.0938006639480591
-0.20308525344837294 0.12209492353050888 1.0879870207364497
-0.23665133538713654 0.34559296551032653 0.83026940185891362
-0.26500843103308408 0.41503049272476183 0.80338021235766699
-0.27060583374069702 0.36656825446012092 0.86808742808383477
-0.23048621976765601 0.40389355133776461 0.84439891464764416
-0.33979210257530212 0.16364249587059021 0.96806830167770386
-0.32764170098183515 0.15405739898378965 0.9421745472097971
-0.3528268867196056 0.12079870830874512 0.94752899438851557
0.28504238629611839 0.020436391225362172 0.71939389847677904
0.25768775066535138 0.0093824285810488375 0.70394534498700168
0.24838825805660644 0.0019885748031968184 0.73317102437033199
-0.019632192328572273 0.23667104542255402 1.2030841112136841
-0.0071657616645097733 0.24835929274559021 1.2307940721511841
-0.037408683449029922 0.23410756886005402 1.2299395799636841
0.0046035202323389457 0.21570354024951319 1.2347265997264285
0.080475291512995706 0.23052499172476199 1.1825821176518276
0.081619093014919528 0.24827645673832055 1.2366102837820638
0.36788001656532288 -0.048515714704990387 1.3197222948074341
0.33996406197547913 -0.057060640305280685 1.3113604784011841
0.34065070748329163 -0.044029630720615387 1.3293353319168091
0.35508769207163976 -0.02402631580554504 1.3151744596310786
-0.14619591808610671 0.31496241925531221 0.65721960752270137
-0.13080384412886148 0.35717311331383822 0.6342575282238343
-0.17870657521259944 0.34990922170879846 0.63534056151865337
-0.15019968248709323 0.37755826944212573 0.66548735332769526
0.47565909293076214 0.14467484434702704 1.2503989719178559
0.5198397291254151 0.20118554572553626 1.2391932192551665
0.48980323620309957 0.15844958015957322 1.192408184326756
0.47075537993089794 0.19599783806777474 1.2276458101967895
-0.042604301124811172 0.42307242751121521 0.66698187589645386
-0.039216849952936172 0.45322379469871521 0.68413275480270386
-0.057139925309179038 0.43178894078842389 0.7117781457688489
0.16454139351844788 0.34278067946434021 0.75963318347930908
0.18388953804969788 0.31244620680809021 0.78175842761993408
0.17350593209266663 0.33896598219871521 0.79121887683868408
0.15053615849634391 0.31742384127298673 0.77270411310817033
-0.017173918082265732 0.15217749906845457 1.2542251388489218
-0.062777841933166462 0.12525161681498598 1.2219842250316624
-0.015672694227201408 0.086206525417824628 1.2447712340377688
-0.035942679239264481 0.10141243312106524 1.2736736229909678
0.071386486291885376 -0.0090869497507810593 -0.036936644464731216
0.11918180527789804 0.003383710664984464 -0.027264510538775197
0.098420574215320175 -0.0034137539578577777 -0.065662627748688543
-0.23181328177452087 0.66620594263076782 0.90712469816207886
-0.22124657034873962 0.6888805627822876 0.91649353504180908
-0.23365196585655212 0.6588817834854126 0.93681830167770386
-0.029448443065130517 0.19028071436678884 1.0290402497999485
0.033401368665685174 0.21369827478320416 0.97493783084122054
-0.028470577616788263 0.25927173524726288 0.99263141066385396
0.19470039010047913 0.1534801721572876 0.57289612293243408
0.1650073065077225 0.17960359493427891 0.55020136499211492
0.19521155953407288 0.1805187463760376 0.55458557605743408
0.18588391550079289 0.13706535525157965 0.53914725275127495
0.0041104790847677469 0.014126975186550953 0.32575171490358745
0.42820563912391663 -0.056511305272579193 0.89272034168243408
0.39130225777626038 -0.064751051366329193 0.89476495981216431
0.41097083687782288 -0.060814283788204193 0.92009460926055908
0.39890822831831058 -0.026984933776180185 0.92118007944130487
0.40884348608712862 0.20419118396504513 1.1508488152013565
0.38899201317944515 0.18403489698772166 1.091271412779633
0.39757486592591379 0.12564388904202647 1.1376028570555778
0.35187859972249591 0.18702961556171693 1.1514008262087119
-0.065100290237504965 0.62416555326824641 0.91913587823230014
-0.025873833952911179 0.66273182596346647 0.91722724089516317
-0.0404222201227609 0.64944938839334843 0.87168340570132596
-0.29371055960655212 0.1513134241104126 0.50819891691207886
-0.31131157279014587 0.1442333459854126 0.52586859464645386
-0.27768330200991759 0.1079312114884423 0.51807195412583129
-0.291661969775033 0.1375414883011446 0.55484012942426042
-0.033265918493270874 0.2492137998342514 0.42656436562538147
0.2755999180359095 0.16620369823305645 1.2905186555082415
0.26586453362970985 0.18672215106559167 1.3299901240076808
0.30265478108434923 0.19269193540281351 1.3306394812810944
0.28735952234218715 0.21026968679136002 1.3113309657352463
0.025427011772990227 0.36005362868309021 0.58995544910430908
0.0045005272341615329 0.32409993905117357 0.61115718997400115
-0.019884903926967387 0.34041348372439245 0.595670479526626
-0.085191585123538971 0.6650768518447876 0.99040716886520386
-0.064943172037601471 0.6443554162979126 0.97700995206832886
-0.062083615272416875 0.65944862347036537 0.94876741790970487
-0.060617301613092422 0.6274791955947876 0.80049628019332886
-0.062151534062021598 0.57839273291705251 0.80354742590523431
-0.041338851917378676 0.61417245533359244 0.82925655183641944
-0.078854464368186855 0.61005917468346449 0.81762614288386481
0.047247078269720078 0.051459863781929016 1.3421527147293091
0.05415745380029368 0.046301994432872064 1.3045932491832781
0.07647871735015413 0.08326866881455687 1.3345392581399673
0.090968957615588736 0.049844982745428049 1.3312070433386611
0.19104591012001038 0.058936715126037598 0.39647400379180908
0.18008247017860413 0.032935734838247299 0.41331970691680908
0.15094086464963549 0.049552245230014162 0.41943996474642192
0.158366707491952 0.038666043293843544 0.38261583716024766
0.12383472275312275 0.19637668681326395 0.65079179780782392
0.082441998964643673 0.14107527693025196 0.67678042357172286
0.066186331758435982 0.22518377294052738 0.63581272209547879
0.088489199488130249 0.14918016557899444 0.61777043391701691
0.059884953309943006 0.35356849592673434 0.99133525509049358
0.072825145834162927 0.38207751495731346 0.94531398408056921
0.05905596180758807 0.32621643436933162 0.95218094281183463
0.04086497320023777 0.38517121064578125 0.96849338556324505
-0.10221274942159653 -0.12120857089757919 0.74763977527618408
-0.099366992712020874 -0.12575569748878479 0.78551208972930908
-0.073610149323940277 -0.12111701816320419 0.75960266590118408
-0.099893369381854946 -0.10122853381331066 0.77304676083746604
0.66864597797393799 0.055732343345880508 1.1147052049636841
0.67143833637237549 0.092353440821170807 1.1346637010574341
0.66095554828643799 0.09128531813621521 1.1078082323074341
0.61987617482491097 0.16924427789438048 1.2999321049405619
0.60961511103850685 0.17060625059093137 1.3383555208347278
0.57386910291998339 0.18155007823139707 1.2967781344422504
0.56816440053482276 0.15984282668115057 1.3365049717097757
0.079946666955947876 -0.051475923508405685 1.2769671678543091
0.073535728216062954 -0.017681278487004168 1.2645529099808186
0.1215656667036205 -0.043053211868303388 1.2570307165645656
0.085523104239439887 -0.047131934278389492 1.2415616839408028
0.13426007073678242 0.13081017993796312 0.29923903125004458
0.16182558530161725 0.10339133180147364 0.27366364329974807
-0.061998222023248672 0.21527822315692902 1.1751605272293091
-0.021547741053213103 0.194823543206811 1.1495364570600251
-0.037144104119953641 0.19132333868861362 1.1983315283050071
-0.063823399088014626 0.18372464512799913 1.1481052747124914
0.17373906891841626 0.20112187446172766 0.80674541915285103
0.21516519940790979 0.15572904787809602 0.79535782123936516
0.23162830640011764 0.18889505908108184 0.84818940962646616
0.55297672748565674 -0.011894614435732365 1.1573687791824341
0.5705557491690314 0.035942034680614424 1.1359625678982275
0.57531559467315674 -0.006950767245143652 1.1752215623855591
-0.36853959371736711 0.43140007268444813 0.87962391147333996
-0.35195338726043701 0.38883167505264282 0.91066473722457886
-0.39086601750626521 0.37764903690800411 0.89191814285386739
-0.35263016725129837 0.37061851041145133 0.88150007806041719
0.06695637385833407 0.13672137205793483 1.1057554886079357
0.094769768497189169 0.19967488724653551 1.0598802147734796
0.12448803955521139 0.18967884067977914 1.1004090378273532
-0.10431084036827087 0.1543041467666626 0.35228458046913147
-0.12922844290733337 0.1533275842666626 0.36943545937538147
-0.11235237811286305 0.14770821005370907 0.39005644198875511
0.30991950631141663 -0.07955208420753479 1.2142535448074341
0.31745761855082189 -0.039752424325838434 1.2008205946132648
0.27690216529827161 -0.050275763665331472 1.2172146842177742
0.37625142669146011 0.0033157955037346389 0.8057371302563624
0.34308510578984958 -0.025335412986486651 0.80803543779386489
0.35870388439765488 -0.037576032468278224 0.83848362343537064
0.33849005291703016 -0.0054114025331125221 0.85113672101147686
-0.25689876079559326 0.59571033716201782 0.92943304777145386
-0.28170192241668701 0.59165149927139282 0.91313666105270386
-0.27005183696746826 0.62100940942764282 0.91319769620895386
-0.26872416355143558 0.59088550792961303 0.88510431262476608
-0.38052110349408558 0.3799509125627023 0.8488278273398856
-0.17973412352543022 0.4403972650068449 0.84722973281433334
-0.1820645337474735 0.50414641694028206 0.89245269237197156
-0.16494397724943502 0.45483824614222351 0.90329840920439608
-0.14024185322976024 0.48765115126759934 0.82906511469623334
0.50967991352081299 0.1623912900686264 1.0800677537918091
0.48915690183639526 0.1580883115530014 1.0562335252761841
0.52772343158721924 0.1417919248342514 1.0632220506668091
0.47706415508359373 0.14700168934940328 1.0763091738666706
-0.27648525065190693 0.15179740093846139 0.96292878899451984
-0.31249017496267428 0.17819276234409323 0.91507920924823605
0.38613754792791444 0.067572271340049866 1.0208242399886402
0.37601634858327004 0.076807599921872041 0.95525264132355747
0.4061812674773731 0.014555116932973511 0.99292893303251428
0.34702388026867453 0.042781384057775804 0.97761730645112199
-0.35234242677688599 0.1200634092092514 0.60756415128707886
-0.34768852591514587 0.1264415979385376 0.58253973722457886
-0.31661118589228204 0.12459916725294579 0.60403433027434794
0.11425968978466054 0.0032517299617225801 0.34717018558741097
0.13424335956966996 0.0021841960578769821 0.39590816756946756
0.10412211230651883 0.041788478872396111 0.3853403951317258
0.098005436360836029 0.29169425368309021 1.1868487596511841
0.072340153157711029 0.27899894118309021 1.1837970018386841
0.58702315321775933 0.063361837876623681 1.0430719904033761
0.61722385883331299 0.10221061855554581 1.0554705858230591
0.59353124582547101 0.09386841895200157 1.0745883015269071
0.6219468491223672 0.055496548105714923 1.0625553053752546
0.17893041670322418 0.36637076735496521 0.86842834949493408
0.19863714277744293 0.34363517165184021 0.86430847644805908
0.15568449566244633 -0.056799433667850854 0.92753375567657881
0.16414111724859043 -0.041825880707091298 0.8723429864445934
0.12727796178838147 -0.040298730317326031 0.89584138143086733
0.18292296570187436 -0.010299095946878695 0.91213775726453372
-0.015237664803862572 0.5321422815322876 0.92647284269332886
-0.01131192066922034 0.50855786748760623 0.89151013882685104
-0.035837028175592422 0.5048595666885376 0.93684881925582886
-0.052929257291064603 0.51992878225475936 0.89597479719683371
0.14521615207195282 0.1593395471572876 0.30659973621368408
0.17430703341960907 0.1484142541885376 0.31624329090118408
0.15517251193523407 0.1652599573135376 0.33733093738555908
0.1406230117162256 0.14138436777209795 0.34309914807928316
-0.1195691207778002 0.060154978143386682 0.38265383558269023
-0.10131305885060871 0.22027331950048823 0.48448697719507405
-0.15036112233800941 0.19709215284441386 0.46673586218870688
-0.12458248723849982 0.15687259128607361 0.47786346638785832
-0.11149081546830415 0.19209929148367233 0.53110787801429193
0.26708046141380148 -0.044010666409870156 1.2560004958208382
0.2420272652402517 -0.041606302094656503 1.2217891312851683
0.2403110524277442 -0.00032066538733039511 1.256494446572973
-0.34187492728233337 -0.024742508307099342 0.78651916980743408
-0.33067170520962746 0.0093778748889487267 0.80204118499503974
-0.28650806762475611 -0.023418276690230291 0.79938698798232422
-0.31119640366668927 -0.0051783932212506227 0.75909580951855238
-0.15345274234334114 0.032355812190995571 0.46784610478647731
-0.18407103417748141 0.003129391961660045 0.52252544061673123
-0.21009162326937553 0.034347637958315053 0.4787302818434751
-0.18989405599310111 0.0024048967959546083 0.46761894729090647
0.020823250624206223 0.34477559714059763 0.95920260089830667
-0.0072753886477576087 0.27025005856400741 0.92632701008017182
-0.02722296063566455 0.3413315687424846 0.94320032236388884
0.0077540750102137092 0.33794932888189561 0.8765499521204958
-0.18695126475369545 0.53344229704048907 0.77361518167493271
-0.2046009095430554 0.53073053422575622 0.84144672820862021
-0.14870817273008938 0.56736909772430011 0.80342135287752725
0.50982487201690674 -0.0027088313363492489 1.3321429491043091
-0.16477960547816256 0.26126274941451755 0.93013380662216882
-0.15792259573936462 0.25150257349014282 0.97508734464645386
-0.13715538382530212 0.27689319849014282 0.96196478605270386
-0.17250236868858337 0.26889759302139282 0.95308417081832886
0.44972053170204163 -0.047294992953538895 0.86900818347930908
0.46327796578407288 -0.045830149203538895 0.89827454090118408
0.13500995501784063 0.063877671190532434 1.1538107845556487
0.045260392655774979 0.025776537551462565 1.1192487955135029
0.067990204770841653 0.077692949679036255 1.0840120977092456
0.1217361090500079 0.057886434058795587 1.0844981955970991
0.22087682783603668 0.2615429162979126 0.82390320301055908
0.15168533381153462 0.25582862049220662 0.82913872640186492
0.19753917126599344 0.2262250279831812 0.83632115738050061
0.19876553668990585 0.27720184989885827 0.85271975734558236
-0.18470177054405212 0.11423453688621521 1.1481829881668091
0.26487640364198167 0.014854380946365599 0.75608172860101663
0.27197560602909326 -0.0074972816525207186 0.79269691673150189
0.2461931912275015 0.046660960191984117 0.78667480113404797
0.22764883185399098 -0.0073149656992083471 0.76613513684674961
0.20650306344032288 0.2268139123916626 0.76482117176055908
0.087100734411351702 0.17462855508789821 0.82643188551524405
-0.011701114718996729 0.19200411625258373 0.81148336293811485
-0.17017540335655212 0.7129284143447876 0.92091858386993408
-0.14471611380577087 0.7123790979385376 0.90450012683868408
-0.13389763236045837 0.7222362756729126 0.93236267566680908
0.046801793540568952 0.40916372211274554 0.69438300201472225
0.055174584277791226 0.43723249193090219 0.72711686793123809
0.044332649558782578 0.43640860915184021 0.68114203214645386
0.42365851998329163 -0.056328210979700089 1.1505328416824341
0.44222806890926403 -0.016970752279317911 1.1673874799345167
0.4375603114352265 -0.015197113151366818 1.1261740323320195
0.39910447555256284 -0.033462514921772553 1.1429211972077553
0.34654060006141663 0.01477773766964674 1.3599139451980591
0.35795417428016663 0.043799955397844315 1.3653765916824341
0.37268735298544298 0.044181528785935398 1.3364477898851115
0.33603556868878814 0.04936279132762187 1.3483818394394149
-0.1035829769819331 -0.056264817605897827 0.78171828879845962
-0.10843663656112809 -0.038308886045465881 0.84763590901046704
-0.10262384485702129 0.031573991975186913 0.81131385500529474
-0.16235646019332714 -0.038044847680538417 0.80830210054102247
-0.37480339407920837 0.27207142114639282 0.90376776456832886
-0.39540275931358337 0.29959827661514282 0.90709412097930908
-0.36097130179405212 0.30078846216201782 0.90169256925582886
-0.39342095725116583 0.2644317043565777 0.86900825603916532
0.59585392475128174 0.12284048646688461 1.3733721971511841
0.63050663471221924 0.13156852126121521 1.3678485155105591
0.61176121234893799 0.097144685685634613 1.3684588670730591
0.5983820682218518 0.1313454515514039 1.3466984186719606
-0.52048671245574951 0.33609732985496521 0.88374817371368408
-0.52884089946746826 0.31339222192764282 0.85954773426055908
-0.51344159024085956 0.349858730032027 0.83324143259009953
-0.49961206201191338 0.30670945270890348 0.84410892017212746
0.19180981139 -0.00047179386291109075 1.2107560653318095
0.1963344990839786 0.34890120271383468 0.96388207595659914
0.16725502806822803 0.2959252335051189 0.96070410512421212
0.46991641228638953 0.10512936145967312 1.165446331823847
0.45506531273322304 0.034065608318005133 1.2029338425394838
0.43203570968881627 0.09979628350988938 1.2219782207719945
0.41640864796195493 0.040444080661684895 1.1519068209086349
-0.08322935486291351 -0.084772371504502023 0.83828805594415323
-0.061410112222024082 -0.045906826813527653 0.89998079143606868
-0.039169164344569393 -0.058368777689688303 0.84923260121905642
-0.08033571300120558 -0.049114871601567606 0.95041924824225432
-0.080901871135927547 -0.087957962865508152 0.9312715040648416
-0.036926139331139134 -0.085828289750805323 0.93507152789920334
0.047542311423301752 -0.046100952216436335 0.36967329455203374
0.050614702078919688 0.0064850764651438993 0.40015655026809305
0.07021162845570314 -0.021615728285455774 0.41128918463284897
0.054089668780627001 0.0014683455994392984 0.35510300104697723
-0.14084038138389587 -0.087944395840167999 0.51201355457305908
-0.11241759812798088 -0.064801081532100221 0.52960764268650673
-0.14074266964745719 -0.05650192417837907 0.49987212327937242
-0.1537978409655229 -0.05492237584593148 0.54853519799761663
0.011477342628123629 0.38369407775918019 0.68174477147471912
0.46290321174652677 0.058876154620537746 1.2723324272324319
0.5084784961591533 0.087583633956554607 1.230658399295057
-0.099287747713929161 -0.062700376599003863 0.46390811845119811
-0.10817893594503403 -0.086967833340167999 0.45763123035430908
-0.15517666931634272 0.42622178077045758 0.69668119801328865
-0.17773862181704411 0.38415991586740889 0.69193235639564388
-0.13661157669589141 0.39437684345072099 0.72909750215862557
-0.18924251865037042 0.40280107667655096 0.73953670614212652
-0.041493693590896406 0.60637574687208096 0.87525536795719516
-0.084742533355500582 0.63180232019941696 0.85766355799712435
-0.067935399933448479 0.66270176637659239 0.88688069776269818
0.36507844955711749 0.1566743365425558 1.2249787640700973
0.3247450048453957 0.095229524403333168 1.1537469368414635
0.32617011666297913 0.0062023266218602657 0.71883118152618408
0.34530463814735413 0.029243098571896553 0.73140442371368408
0.31220128121830365 0.031324458930029289 0.74439451795851808
0.33859730753530903 0.0026944705349168947 0.75283677558302475
-0.32103139162063599 0.13223990797996521 1.0163470506668091
-0.29497700929641724 0.15042838454246521 1.0189410448074341
-0.29825001955032349 0.12345083802938461 1.0419512987136841
-0.29012602591753278 0.11806023256049317 1.0111425359365509
-0.0096038100894016345 0.048645710348238384 0.56331861223548618
0.055247488051436748 0.088320642342561248 0.60728010409993494
0.042886399122689489 0.10014408377872017 0.54540138928237392
-0.0098449844503081807 0.11590309026010678 0.5733027953124854
-0.16648223911278348 -0.070018162313798593 0.75564626092216103
-0.13882275201659527 -0.090254226950354358 0.77963551054158498
0.36646311850326796 0.14657502547670603 0.96453088055843972
0.40000115480654558 0.11916972642137356 0.97365486347346841
0.40285316109657288 0.14713248610496521 0.94762152433395386
0.39354606860050023 0.15328186128419508 0.98536053041764249
0.11247839778661728 -0.049248073250055313 -0.25318419933319092
0.11130347847938538 -0.044456813484430313 -0.21058166027069092
0.14668861031532288 -0.037041042000055313 -0.22132384777069092
0.10917314469953511 0.0034055024312668273 -0.21963547671601641
0.10016948212973296 0.097338255433860099 0.40986478951218364
0.12458537137407348 0.087226760467594089 0.45138680229014166
0.072108775009440712 0.1599558775869005 0.44959212663148085
0.054839647973000484 0.095445260734053058 0.46968649659548523
0.24001136422157288 0.16156728565692902 1.3622027635574341
0.27964830978977773 0.13377753350112301 1.3505721279862934
0.23358053512205459 0.17293479469434558 1.3132767589422771
-0.12683281302452087 0.080695748329162598 0.34303775429725647
0.067617565393447876 -0.069389723241329193 0.86275207996368408
0.04401572348333975 -0.032400350318220125 0.85769106609738521
0.084188610315322876 -0.058281324803829193 0.84532654285430908
0.058118969202041626 -0.067345045506954193 0.83376038074493408
-0.30767995119094849 0.27640491724014282 0.63441962003707886
-0.30388814210891724 0.2476574033498764 0.62306708097457886
-0.27031536619868679 0.23891736423820278 0.62789618518260426
-0.2992594430708741 0.24546263908322655 0.65707669147620229
0.41969065890653529 0.012971746472299527 0.8250848826772631
0.43572059273719788 0.068000420928001404 0.84373968839645386
0.44317964130901805 0.043038157326969466 0.87069419466967968
0.45402308353657128 0.021169108544644467 0.83383982372238863
-0.12047441821598594 0.26501020676751397 0.9036062727600408
-0.13383659720420837 0.30231434106826782 0.94334906339645386
-0.098397845716812191 0.28868102175023974 0.92965509226939358
-0.13470365696658471 0.30143383743972074 0.90879806104017857
0.13796384249081711 0.36245731220727601 0.79814403695761005
-0.33976161479949951 0.51657825708389282 0.88329046964645386
-0.35328090190887451 0.51972156763076782 0.84618109464645386
-0.31825448530916745 0.48796584822963257 0.84111817273807321
-0.36240873034108867 0.4796915108080485 0.85874576584473605
0.030933550491807019 0.32624325532604842 1.0000059762319071
0.020298117439983533 0.28339130225829839 1.0185474845048823
-0.017081309673862961 0.30827006186432832 0.97677083005190102
0.035415530179666824 0.2853212195620845 0.96924219970360925
0.049795299768447876 0.097877152264118195 0.20280945301055908
0.056394729763269424 0.12314570695161819 0.22401916980743408
0.035342960819000437 0.082633588291402993 0.23704567620113742
0.086626327239550563 0.10037276274439781 0.22670018757105062
0.49304023385047913 0.042792875319719315 1.3579303026199341
0.48109318532091294 0.089360558930689588 1.3333728192922309
0.46480555646263416 0.056700245546573463 1.3292764796701253
-0.23643669486045837 0.36167103052139282 0.90572088956832886
-0.20827659964561462 0.36667591333389282 0.90700262784957886
-0.22211632132530212 0.33576160669326782 0.90758246183395386
-0.20298518587033965 0.35259629397860481 0.88113337237775935
0.18721595406532288 0.081458687782287598 0.22621645033359528
0.16953864693641663 0.089728958904743195 0.20241273939609528
0.26452460885047913 -0.064232267439365387 1.2961932420730591
0.29156318306922913 -0.061455171555280685 1.3148699998855591
0.29564490914344788 -0.071007169783115387 1.2829791307449341
0.26483456796213389 -0.032658840166344648 1.3051876353972331
0.15041176974773407 0.081275597214698792 0.12444031983613968
0.1265956194506809 0.066217762429016391 0.16376676033451248
0.11604132503271103 0.087104447185993195 0.12654604017734528
-0.41027730863583123 0.2154898810481945 0.80675684652970814
-0.40394734166001878 0.20082719311059638 0.75268045340427991
-0.38563356060334752 0.16213606120943572 0.75931288403768304
0.22429481148719788 -0.065208815038204193 0.83565247058868408
0.25389686226844788 -0.077629461884498596 0.85475647449493408
0.26080909371376038 -0.065422438085079193 0.82451355457305908
0.23733810724886756 -0.034363436244724113 0.83063563871011792
0.46399332734210996 0.0049859282061757351 1.0093171572439397
0.48504462838172913 -0.034935377538204193 0.99147522449493408
0.46726813912391663 -0.041832353919744492 1.0181475877761841
0.20005622506141663 0.025947222486138344 0.16380798816680908
0.19788184762001038 0.046271931380033493 0.13335144519805908
0.19611945748329163 0.005500447005033493 0.13249695301055908
0.16212540698082079 0.030237350463861442 0.1353313985518016
0.12415900826454163 -0.059746112674474716 -0.32160460948944092
0.093420177698135376 -0.057823508977890015 -0.32145202159881592
0.11092200875282288 -0.055565208196640015 -0.29441344738006592
0.081845061739668976 -0.018791008895414359 -0.30986639789254056
-0.096513599157333374 0.068427644670009613 1.2070208787918091
-0.082033008337020874 0.075873933732509613 1.2305499315261841
-0.074701160192489624 0.050239168107509613 1.2087908983230591
-0.075329277972166334 0.077870753219291128 1.2037986145337713
-0.19549406289582313 0.58805119402753825 0.80854830134932398
-0.23224817216396332 0.61807972192764282 0.81273382902145386
-0.23821435868740082 0.59567981958389282 0.79018133878707886
-0.24111608041687399 0.58733151978367537 0.83656126987351753
0.45825782418251038 -0.04189339280128479 1.1100360155105591
0.49559608101844788 -0.02645149827003479 1.0965777635574341
0.46594825387001038 -0.040520098060369492 1.0785418748855591
0.44368981675651176 -0.020265389836418714 1.0935280970047203
-0.25565742792079554 0.10968249698663371 0.58221628444705875
-0.29456696791121706 0.099762607755160326 0.64700935843715379
-0.30258178550686654 0.07532262067150379 0.58650645279232971
-0.017877431586384773 0.22589834034442902 1.3019610643386841
0.01018323830061253 0.18360456354104632 1.2979906731863349
0.32675698042346846 0.066326760131240683 0.82207776451900094
0.32475036535424678 0.06450782692757269 0.77704055689733265
0.36463338838687492 0.054238974164353623 0.81204900415184522
0.34217180974101841 0.040746232365909546 0.77294300173635033
-0.15871605277061462 0.024177189916372299 0.39049255847930908
-0.14328941702842712 -0.00057256611762568355 0.39693176746368408
-0.15357503386151636 0.0033670193353659544 0.43426446367909699
0.0014718635690058996 0.22772830883308398 1.0840217956721672
-0.42069375241933604 0.11155543372669863 0.85227522208996276
-0.37581814263472341 0.087405676071216132 0.82458692297833625
-0.43057426810264587 0.08213004469871521 0.82222473621368408
-0.41507133841514587 0.053321458399295807 0.81770813465118408
-0.4048851992304765 0.064731646526689987 0.8571311080664793
0.057264477014541626 -0.103630430996418 0.50734436511993408
0.032392650842666626 -0.111565001308918 0.48354065418243408
0.036645126927439431 -0.084180762361107705 0.50071774418215276
0.18652930855751038 0.011665014550089836 -0.26890075206756592
0.16956916451454163 0.027320533990859985 -0.29993712902069092
0.18952766060829163 0.00815549585968256 -0.30439269542694092
0.14423705054929292 -0.0074032534672493211 -0.30123456425861866
-0.030420154333114624 -0.12184944003820419 0.84615051746368408
-0.0055178091861307621 -0.11245002597570419 0.86717712879180908
-0.0048311636783182621 -0.10631599277257919 0.83037292957305908
-0.02989884672616961 -0.09100653523877697 0.84498761988222904
0.015707166865468025 -0.095970533788204193 0.85124695301055908
0.010776026399616331 -0.062900743589046806 0.84333761877233693
-0.0012880580503044736 -0.05803489557830474 0.87057584687273137
0.21645177900791168 0.35364493727684021 1.0644427537918091
0.21465888619422913 0.34601554274559021 1.0990802049636841
0.18324866890907288 0.34934195876121521 1.0903521776199341
0.19653235302910743 0.33102641525439064 1.0568728571790573
0.073209911584854126 -0.077812545001506805 0.35942566394805908
0.050260692834854126 -0.087150931358337402 0.39122498035430908
-0.1570389657174027 0.052533222499289128 0.41312552262954017
-0.31759056448936462 0.2411266416311264 0.91710394620895386
-0.32521232962608337 0.2109142392873764 0.93105047941207886
-0.34146559993165232 0.20196226247693461 0.89396342606773171
-0.44482950319835413 0.24205640760537139 0.77355050497273081
-0.47020134329795837 0.29181632399559021 0.75011169910430908
-0.48347550007207463 0.28558409389242811 0.79653780214630676
-0.0045107314363121986 0.1202160120010376 0.25697815418243408
0.030522095235364977 0.10413276616854489 0.26384960773002325
0.029371198252933578 0.13403370883163337 0.28498760695222197
-0.36222196575815302 0.22451599766783836 0.85286600953243408
0.49040046334266663 0.11551628261804581 0.98051947355270386
0.51269352436065674 0.11734733730554581 1.0075274705886841
0.48528116941452026 0.13214835524559021 1.0065814256668091
-0.32672294974327087 0.1485363245010376 0.58156317472457886
-0.30269798636436462 0.1701427698135376 0.57246893644332886
-0.27749865116978129 0.15774346198501546 0.59761743718351013
0.047437816858291626 -0.091057203710079193 0.90681946277618408
0.023580700159072876 -0.095573805272579193 0.88408386707305908
0.026151806116104126 -0.10347785800695419 0.92241394519805908
0.0099172066573985692 -0.07931364679720683 0.91197105110805143
0.43235997027294742 0.17696890007157309 1.1993894630544608
0.40732585751553224 0.14684033974249638 1.2801637871221214
0.030958319082856178 0.5461193323135376 0.75783270597457886
0.065160900354385376 0.5381237268447876 0.78181952238082886
0.043226383626461029 0.5611339807510376 0.78828924894332886
0.051838014902789643 0.50706792712921822 0.78135223802861853
0.14620025975175516 0.0055669681520416348 -0.25600304898868698
0.3680693040544652 0.022468903530591198 0.77956734186504495
0.32632675966174574 -0.003576298383524636 0.78271163025941215
0.35453903857344965 -0.011712065402587051 0.76832704390998463
0.074056210508607653 0.20948882469227265 1.287457827993034
0.10595707549672966 0.15712404314424053 1.3016165050344073
0.117365833169692 0.20140819412173269 1.3091003740330378
0.067944571199408596 0.18309875892828309 1.3172363080626592
-0.098367542028427124 0.12857778370380402 1.2651873826980591
-0.06061053011484379 0.12442351159894799 1.2743549820105318
-0.074113984620772788 0.15395427099995701 1.2638575672798906
-0.18815790116786957 0.5123974084854126 0.94057196378707886
-0.15925012528896332 0.5326610803604126 0.94127386808395386
-0.16123375296592712 0.49686390161514282 0.93953436613082886
-0.18714605229019945 0.53655638492688562 0.91754357256825458
0.48520484566688538 -0.019951242953538895 0.84276306629180908
0.50555241107940674 -0.0082935281097888947 0.85652649402618408
0.49045386910438538 0.0037303993012756109 0.83122742176055908
0.4719020521085795 -0.0056592007212276953 0.86238224167153299
-0.12355963942965695 -0.095176879582141882 0.850857950136376
0.39729469012745444 -0.022691965785297693 1.2954819329277616
0.40048299353026423 -0.04036578218464025 1.2335822567280397
0.40906342314053135 0.023135189923814744 1.250581106627654
0.5000950049478613 0.038466794898870608 1.0839944115754863
0.43399029119595595 0.029780160818120648 1.073109105338893
0.13065925240516663 0.39874991774559021 0.74174988269805908
0.14737525582313538 0.37287101149559021 0.75243103504180908
0.14338508248329163 0.39350089430809021 0.78056824207305908
0.11501027326338234 0.37936880154214558 0.74909282226586615
0.41583839058876038 0.30417591333389282 1.2523089647293091
0.43294349312782288 0.29294544458389282 1.2239886522293091
0.43770844124304331 0.26382437746247167 1.2428889098762865
0.40034260520083975 0.27250858260545913 1.2273383531128497
0.65653055906295776 0.20636709034442902 1.1944171190261841
0.6189277067140615 0.17423364843455719 1.2262947737325913
0.65681517242317067 0.19516651381059821 1.2437909167874688
0.61522918576128682 0.22683500037070586 1.2208614257080601
-0.086389392614364624 -0.11556282639503479 0.92787659168243408
0.41130834883368567 0.025682285248675388 1.2996061654783759
-0.30024132132530212 0.57852894067764282 0.84132879972457886
-0.30124843120574951 0.58756214380264282 0.86583441495895386
-0.2798372311105029 0.56463698489716507 0.86685158996133838
0.50739878416061401 0.29080921411514282 1.2829180955886841
0.51244181394577026 0.28733021020889282 1.3116351366043091
0.48290839791297913 0.29520374536514282 1.2949420213699341
0.49124820898819277 0.26104731819085003 1.2888458983616489
0.26785102486610413 -0.016014469787478447 0.71037781238555908
0.28330817818641663 -0.023247135803103447 0.73384582996368408
0.58083927631378174 0.1282726377248764 1.0770465135574341
0.55200587053695727 0.081385271932906678 1.0626234661342249
0.56882331088988081 0.11141890252869392 1.1056885624488955
0.55731022357940674 0.12491568922996521 1.0575152635574341
0.56629002094268799 0.13028678297996521 1.3720599412918091
0.56821262836456299 0.15821036696434021 1.3633013963699341
-0.15475639700889587 -0.11119880527257919 0.83488953113555908
0.52630295723361598 0.23373888845523538 1.2086453768128407
0.57209109926193491 0.20544449032851592 1.2161507521240804
0.54207054074443006 0.19588453174746473 1.1771259039432305
0.45037718404551863 -0.0043960206547034647 0.95390001101022159
0.48929405659272118 -0.0083899030216574022 0.97416877453328055
0.46117985248565674 -0.046013258397579193 0.97093689441680908
0.48640266060829163 -0.034752272069454193 0.95940124988555908
0.32370031168440316 0.15920199272235402 1.1054009724790059
0.3386157314221655 0.2256270602628217 1.1233695813196851
0.36076271245973118 0.2210835622736271 1.0666438413032706
0.10333839058876038 0.1648021936416626 0.29961121082305908
0.069585949182510376 0.1769787073135376 0.32097351551055908
0.050633748322847033 0.11897656957149506 0.31833235946511557
0.09359143592333137 0.15199320588494103 0.34948025528805166
-0.068239070475101471 0.2845531702041626 0.48164859414100647
-0.045648429542779922 0.3030468225479126 0.50359076261520386
-0.057828928767352482 0.26141389634041468 0.49941926677184412
-0.032310971843393405 0.27908219311697752 0.50835007519343778
0.50230228900909424 -0.027489086613059044 0.93626892566680908
0.49314704537391663 -0.033409498631954193 0.90587341785430908
0.45716761568854414 -0.014012369700661451 0.90976306188223321
0.49701302263157143 0.0026973559175951026 0.93468427951024191
0.14916051924228668 -0.080498136579990387 1.0717059373855591
0.14253821969032288 -0.076530851423740387 1.1116839647293091
0.18572822213172913 -0.077995695173740387 1.0859881639480591
0.16930615460443729 -0.046805951246431256 1.0776904935712652
0.53189671039581299 0.078315362334251404 0.95384705066680908
0.48047233080228779 0.085490646571736204 0.97043318296808234
0.51927769184112549 0.10047111660242081 0.97993957996368408
0.49781623482704163 0.098670586943626404 0.95311468839645386
-0.14725503315298155 0.075502141607348888 0.4827976652044304
-0.08289613298757012 0.052904991237853478 0.47762024896446797
-0.093505162788490692 0.1151818199221725 0.50541413834171411
0.006537626880700689 0.17231261269837589 1.1006038019667157
-0.033812548956464752 0.20883297073548734 1.0746533334456909
-0.034003739270077098 0.14201129774665477 1.0692582971318989
-0.2006756307760586 0.23219643183629957 0.58252992311739105
-0.15183907049982076 0.24211552267479575 0.52970913614120352
-0.15449052085623621 0.27138060488567095 0.55974766340633419
-0.15858670110172474 0.23606832905838335 0.5930330039223376
0.059820320457220078 0.5281139612197876 0.75410956144332886
0.069311290979385376 0.5033642053604126 0.74028509855270386
0.087560795247554779 0.5121837854385376 0.77806586027145386
0.15985805691210991 0.019355589397896306 0.81841546853938085
0.12045460954479155 0.067281842807561651 0.79780320503778446
0.13798259214069097 0.05097315319688045 0.85264003458263249
0.19512541492909591 0.051905874713600614 0.81488152997021268
0.083524845540523529 -0.068870902061462402 0.32262146472930908
0.11219611763954163 -0.067924864590167999 0.31279480457305908
0.082032483533028971 -0.039383988105309416 0.28410874699992755
0.1132658645781708 -0.037272445533544626 0.3131857199081976
0.09489534920996423 0.20496547589448794 0.57420914872120876
0.072762783047199922 0.16852287572590771 0.51704920928248932
0.12422237499140719 0.16219784647897331 0.57151628819665867
0.094427179849538426 0.13186342195981904 0.56811765843310758
0.10870184749364853 0.33246573805809021 0.59560120105743408
0.067129284143447876 0.35532340407371521 0.59904968738555908
0.079115062952041626 0.33362540602684021 0.57140076160430908
0.078164002687867024 0.32148666946391269 0.60244632248368424
-0.0015963020268827677 0.035255033522844315 1.2964984178543091
-0.0047548715956509113 0.063819490373134613 1.3126422166824341
0.021375805139541626 0.044715482741594315 1.3212786912918091
0.028541153637268991 0.072990832456440349 1.305305919099264
0.1858826471906454 0.28267188575959923 1.0362708245992505
0.20360865815995952 0.33355605657741039 1.0051027649446833
0.14325625470117143 0.33329550351925419 1.0214245210817321
0.68115818500518799 0.12122305482625961 1.2737628221511841
0.68723881244659424 0.13843496143817902 1.2970477342605591
0.65628220376243518 0.14101153818877216 1.2640414401291193
0.65745171198314978 0.13065992759775746 1.3008064807715707
0.51833731863987553 0.047810303507755669 1.0277731626780018
0.55138095826925759 0.075463528024569945 1.024129906178904
0.38498511910438538 -0.062340177595615387 1.2974749803543091
0.36779003726380782 -0.048777170529051964 1.2769919345922232
0.40546256189449409 -0.05024772326037031 1.2700261358836669
0.39925857208392168 0.038744781294880105 0.92590436448730784
0.46526893611498077 0.054011356997621135 0.92505365792334959
-0.10916487069249094 -0.02138242726474519 0.47358359672505473
-0.14629539847373962 -0.067222952842712402 0.45958435535430908
-0.16700240202216426 -0.027724212497743851 0.48179020072795875
-0.35321531809689782 0.068898347743881747 0.94756905720934292
-0.35463124513626099 0.06949576735496521 1.0063067674636841
-0.38089162111282349 0.08978995680809021 0.99141424894332886
-0.37804585695266724 0.053260412067174911 0.98897284269332886
0.63986790180206299 0.10663565993309021 1.0863848924636841
0.65788090229034424 0.07709464430809021 1.0856524705886841
0.13326850533485413 -0.037895537912845612 -0.18293273448944092
0.16277137398719788 -0.025841092690825462 -0.18555724620819092
0.15556781079389206 0.0077534781184974561 -0.21141470916447469
0.13412328955415867 0.01198251099642342 -0.17599268897187142
0.041502144187688828 0.47385364770889282 0.92900580167770386
0.061323307454586029 0.47644764184951782 0.90797919034957886
0.066396854817867279 0.45502430200576782 0.92821234464645386
0.050118010259934849 0.44751169639127214 0.90398644415036322
0.21904202808735532 0.062687288069486882 0.69698601360017132
0.26874366402626038 0.073279969394207001 0.67329895496368408
0.24025240458289499 0.041098120354072551 0.65680791609176759
0.24236121773719788 0.088355645537376404 0.65840637683868408
0.38940810640218809 0.21802021756452364 1.234424665224942
0.43014338528158336 0.202286519943597 1.2636820364285097
0.65587437152862549 0.17792470753192902 1.1791888475418091
0.67561930418014526 0.17945060133934021 1.2138262987136841
0.65820712352308464 0.1472189307751266 1.2228673486555619
0.48508104494959053 0.21087866650163517 1.2935094655638302
0.48295393152991845 0.23064721721840586 1.2437123351044705
-0.34843172454865862 0.04703509265652505 0.61416884300618291
-0.37261372804641724 0.061866387724876404 0.60301703214645386
-0.35568970526583343 0.071117908505965846 0.61757959834033349
-0.35189299335254476 0.057591681887948387 0.58989341384334038
0.27434063169997192 0.15519205115622711 0.9909128111998684
0.32669761028037653 0.14282135986608863 0.93330239494789302
0.31009951254254292 0.20358144574534159 0.96465771405761647
0.34025880851212303 0.16798494858093826 0.9750568461101049
0.49463153566323353 0.045179183858171698 0.9733695233409464
0.51513065685667248 0.084352294766976671 1.0044420101317195
0.26470008492469788 -0.072288908064365387 1.1567279100418091
0.24041572213172913 -0.069420255720615387 1.1837054491043091
0.42760570144882604 -0.023637527986295297 1.034027490329176
-0.27346977591514587 0.48810538649559021 0.73418158292770386
-0.28024467825889587 0.51499134302139282 0.75230902433395386
-0.30782493948936462 0.49201163649559021 0.75346869230270386
-0.27191995879521197 0.48224582804397015 0.79243167646694945
-0.44494698171655184 0.2357875960504803 0.86454619534651456
-0.44244128452024839 0.18262300305631002 0.83165424546866595
-0.32705101370811462 0.29834705591201782 0.89915961027145386
-0.29511436820030212 0.29935413599014282 0.90254706144332886
-0.30229465638213449 0.32043384241314138 0.8767739606068683
0.20526602177192216 0.26285491283868084 0.89818439024000762
0.11644489142523851 0.2446737671948824 1.2803841834625298
0.12547887861728668 0.28415638208389282 1.2705279588699341
0.15697980934858075 0.2635471601157876 1.2577424855923436
0.12564484202385345 0.27164570442855873 1.2305393972836001
-0.34314558458109834 0.018424208547683112 0.75268809491388156
-0.35851463675498962 -0.0074695553630590439 0.72942078113555908
-0.33506950736045837 -0.028435131534934044 0.74727356433868408
-0.36345848441123962 -0.0066455821506679058 0.76353943347930908
0.25464367596431858 0.2386399932690195 1.0090759156329325
0.33348130873437415 0.20023175667323104 1.0094495156588752
-0.031444338347334934 -0.082961970467179472 0.49746610971093258
-0.0057227783495590228 -0.08637470259896958 0.4669742976329781
0.19505134224891663 0.33878287672996521 1.1278277635574341
0.23489966988563538 0.33902701735496521 1.1227618455886841
0.19458818642108602 0.32424969933868542 1.1015484294422242
0.091985851526260376 0.081855423748493195 0.14326965808868408
0.064413219690322876 0.073585160076618195 0.14604675769805908
0.082845836877822876 0.075721397995948792 0.11610902100801468
0.073794121588474565 0.04518570648618115 0.12505727579881534
0.10740485042333603 0.46533927321434021 0.83006781339645386
0.094938419759273529 0.49579581618309021 0.81367987394332886
0.07418438348914172 0.45790231230654888 0.78594022838867239
0.061817674035204453 0.47630309749348215 0.8295623031127064
-0.28402885794639587 -0.056999586522579193 0.79024231433868408
-0.24995598196983337 -0.072990797460079193 0.76704895496368408
-0.27989372611045837 -0.058891672641038895 0.75514709949493408
-0.24647510713633727 -0.037719254513580755 0.76164349023564715
0.30292335152626038 -0.088646315038204193 1.0153094530105591
0.27926459908485413 -0.084617994725704193 1.0415240526199341
0.31853309273719788 -0.083153150975704193 1.0492449998855591
0.27374348868907677 -0.052985736667232233 1.0254050902761271
-0.46841606497764587 0.16828116774559021 0.79857361316680908
0.14509406685829163 -0.027366986498236656 0.11745177954435349
0.069135814905166626 -0.07891121506690979 1.0785113573074341
0.035391002893447876 -0.07335701584815979 1.0826312303543091
0.066244266927242279 -0.07323494553565979 1.1100360155105591
0.055037000257611657 -0.036227434616981122 1.0784568807914796
-0.26439025153894502 0.15894111268229652 0.70364544764966264
-0.28380565109670897 0.205869845760521 0.65213479913914729
-0.25632944292803467 0.14688950082343108 0.64597776970066167
-0.30185861200794845 0.1617924723787513 0.64104451558149422
0.52355697669664503 0.1725154304194888 1.2990787631805152
0.49381843209266663 0.18567617237567902 1.3516436815261841
0.45821553727995046 0.17116834639561304 1.3153239969293569
0.49098081557936829 0.14585703314208279 1.3381612390480282
0.40127387642860413 0.011298760771751404 0.76524847745895386
0.38690009713172913 0.035590749233961105 0.76277649402618408
0.37392249703407288 0.014258966781198978 0.74715149402618408
0.18072909498297102 0.11544838931974565 0.76910065693436747
0.17339028587500643 0.13085400745303594 0.8377662956557278
-0.07450032987192079 0.57393964986358559 0.86741532256777154
-0.036481578407177612 0.55407800301631005 0.84986160402775701
-0.16863426566123962 -0.080223448574542999 0.52657043933868408
0.51100742816925049 -0.015343088656663895 0.88573181629180908
0.52717411518096924 0.0090709729120135307 0.89894592761993408
0.51922428607940674 0.012549977749586105 0.87169373035430908
0.49472327123355903 0.02215877699065126 0.89163710689731979
-0.11319907754659653 -0.094841368496417999 0.49654114246368408
-0.13363061845302582 -0.081840880215167999 0.48250305652618408
0.19635596871376038 -0.09069100022315979 0.98701965808868408
0.22703376412391663 -0.09035530686378479 1.0029803514480591
0.19946989963240319 -0.055577707510632693 0.95999514733868885
0.21895484163209183 -0.052987471470382824 1.0291505781996078
0.23407620479702224 0.13869452114279562 0.84127840891493921
0.022586654168566696 -0.03465594142221836 0.39268797217475077
-0.00055910803340334585 0.012251352149590571 0.43625540031659099
0.072713993489742279 0.37207755446434021 1.0280963182449341
0.10111059993505478 0.37436637282371521 1.0347796678543091
0.10681376895817794 0.34799813976359872 1.0328374194590073
0.10629266538054211 0.36316036109920546 1.0061779339587948
0.12264107847916489 0.0887299268838668 0.61515842949480948
0.08652422783421089 0.063339821487838469 0.57204176259791883
0.13960980312001153 0.11252467123385212 0.56940750157598474
-0.052899822617493215 0.47323769029483115 0.87940740533111184
-0.072801570943767199 0.44663015277989326 0.91763018115652972
-0.027421961943208742 0.47285963222502359 0.90926062077842129
-0.078186574455310909 0.18044318112412538 1.2178686333136775
-0.10968193411827087 0.16602285206317902 1.2545367479324341
-0.090654224157333374 0.19898183643817902 1.2482806444168091
0.031438334587569665 0.18809503983643652 1.048630944739831
0.076153217870927048 0.25142474335482662 1.019190695523855
0.39193549752235413 0.071021661162376404 0.80406677722930908
0.35684028267860413 0.081397637724876404 0.78871643543243408
0.37677589058876038 0.059028256684541702 0.77635681629180908
-0.18605980277061462 -0.065758116543292999 0.50505554676055908
-0.21380028128623962 -0.056541807949542999 0.51210510730743408
-0.19999107718467712 -0.074242003262042999 0.53993713855743408
-0.18200632340599349 -0.04287789777709583 0.52215777579842759
-0.055597156286239624 -0.045982714742422104 0.36131775379180908
-0.029413072392344475 -0.067589163780212402 0.37016785144805908
0.51181841947941598 0.11205304190703748 1.0975034467153164
0.5108423850370577 0.10167380617303153 1.0492859030800592
0.13242552687717984 0.19948257433345493 1.2372079973917285
0.16167274117469788 0.093146875500679016 1.3669940233230591
0.15865913033485413 0.12192495167255402 1.3632098436355591
0.18661323189735413 0.11560781300067902 1.3687030076980591
0.19262730278282894 0.10065879084547719 1.3387349136142739
0.43610085957686628 0.072269097107189012 0.97261689183201183
-0.086999744176864624 0.20343740284442902 1.1725665330886841
-0.079942554235458374 0.20951040089130402 1.1454974412918091
0.12754034306041417 0.1530916070796971 0.47576432329825291
0.20217719674110413 0.2017589807510376 0.73680603504180908
0.18558326363563538 0.2010570764541626 0.70375549793243408
0.20165076851844788 0.1780773401260376 0.71965515613555908
0.17133699204654121 0.18516331120246932 0.71002064664755382
0.61644845827850625 0.033312930794939327 1.0992557712521849
0.59859328505530285 0.066764960830908604 1.0847792900832856
0.5769502046950874 0.020306723556532898 1.1010999521094109
-0.28406700491905212 0.099799737334251404 0.46898376941680908
-0.28658470511436462 0.1316295862197876 0.48146545886993408
-0.30385765433311462 0.1018444150686264 0.48943054676055908
-0.22355064749717712 -0.087334059178829193 0.73820984363555908
-0.21220745011299655 -0.061414474707021112 0.77262415301586629
0.57819187641143799 0.25449329614639282 1.3206683397293091
0.60562717914581299 0.26776844263076782 1.3140765428543091
0.61918431827721498 0.25091792443313682 1.2904215646374431
0.57207246282049906 0.26359756411158958 1.2883520611963133
0.22749848584081236 0.31578534119467655 1.082174896390051
0.21916828567920837 0.29674394784717345 1.1252053083067983
0.16536166970693844 0.29800846638592288 1.093820748159257
0.22951197924295236 0.254170700129212 1.0892698703346761
-0.05652495451513008 0.19182913009998248 0.95448184662071489
-0.061503039893174814 0.12600875507607728 1.0195957879092079
-0.035996626334059006 0.078785142043976339 0.97382619284645366
0.0092552327970583503 0.13660550577278138 1.001345943495382
-0.11517353496110626 0.61677566654650595 0.87811270094690808
-0.095310902752286042 0.64719559151660067 0.92190871220339199
0.20052161812782288 -0.094231031835079193 0.94414246082305908
0.21510139107704163 -0.091270826756954193 0.90535461902618408
0.19661952804092106 -0.059267345869090625 0.90356564128192851
0.23532057984497284 -0.071368248323917416 0.91519037750259624
0.44122978535123081 -0.0046584208959543913 1.2333001844913647
0.46891580989249532 -0.012448705344928099 1.1928951032278086
0.43393319523374885 -0.034331408684651288 1.2062114962466961
0.40741951116815539 -0.002402099553173942 1.1951204968086873
0.17803014814853668 0.31034046411514282 1.2328082323074341
0.21028724312782288 0.31864124536514282 1.2183734178543091
0.20511449873447418 0.31189686059951782 1.2453509569168091
0.19671153045314194 0.28369324978822996 1.2478773633846183
-0.22176536917686462 0.39667472243309021 0.65321844816207886
-0.18669304251670837 0.39640006422996521 0.64485663175582886
-0.21082498098890348 0.39533001145459512 0.68228329699023493
-0.19143161936947067 0.37275782181854167 0.65520225834930057
0.35079780220985413 -0.081169523298740387 1.1777545213699341
0.34408393502235413 -0.083000577986240387 1.2076007127761841
0.36540738498874398 -0.033181911897213222 1.1831777698079833
0.36408823728561401 0.26786002516746521 1.0621234178543091
0.30677449723722555 0.2195113807831886 1.0635167275912143
0.35034769773483276 0.26258048415184021 1.0267840623855591
-0.43591481447219849 0.30246695876121521 0.72758972644805908
-0.45878013968467712 0.32114371657371521 0.73872864246368408
-0.26590904593467712 0.58496814966201782 0.79744452238082886
-0.2406284368778222 0.54383047453022038 0.79003462759031384
-0.28652366995811462 0.56232410669326782 0.79543036222457886
-0.25273308157920837 0.56687122583389282 0.77122992277145386
0.087347179651260376 -0.084923170506954193 1.0551348924636841
0.10191093054946861 -0.04173299902040941 1.0571273679984681
0.080198043688904208 -0.064136192952795601 1.0303106346267208
-0.24705681204795837 0.115455262362957 0.43398010730743408
-0.25184807181358337 0.089606873691082001 0.43898499011993408
-0.22353419371090841 0.077926377038651545 0.44477653120167521
0.47957435250282288 0.28205066919326782 1.3209429979324341
0.46177564562888618 0.24310868815040321 1.3176964471975856
0.47212043404579163 0.25788074731826782 1.3340655565261841
0.10052314400672913 -0.042625796049833298 0.60170471668243408
0.094854503870010376 -0.052360903471708298 0.57585632801055908
0.080320507287979126 -0.059624087065458298 0.59929382801055908
0.079216102789980439 -0.020531422486006687 0.58505621646609007
-0.069665759801864624 0.21695668995380402 1.2309161424636841
-0.050739442211420009 0.19351258232195467 1.2452152792925713
-0.049707267433404922 0.22321279346942902 1.2022296190261841
0.26990711181163718 0.16147186593457261 1.1940693645707832
0.33132927639119708 0.22221009233384134 1.1920913416609216
-0.15369571645548344 -0.072463880700622624 0.86529146244892974
-0.19241481048943868 -0.064484031389591037 0.84362381307993628
-0.15902416696775085 -0.082698924224058584 0.83807435304011668
0.079206608235836029 0.14084590971469879 0.24626648426055908
0.10806860774755478 0.13275875151157379 0.24025453627109528
-0.18027088057451626 0.09226132982071103 1.0936473106204982
-0.15331263876367862 0.094706823475860083 1.1279699921886461
-0.036546320090143053 0.0094717057642917761 1.1389054963099221
-0.084680250257868392 0.035444955355559964 1.1305011558051155
-0.065157288779216713 0.022134345854444279 1.0806354732860619
-0.063348844143385222 -0.010896166910148559 1.1053650704884226
-0.37935069643238789 0.097211909646153991 0.89707618820454715
-0.18258842825889587 -0.018455870449542999 0.44270813465118408
-0.20502647757530212 -0.027550108730792999 0.46754941344261169
-0.17563804984092712 -0.049827940762042999 0.46623718738555908
0.53766945092288521 0.012761926465278637 1.1121132639574591
0.4863034310061512 -0.0020112420707425155 1.1138916294823462
0.50656628612959798 0.048968005907084292 1.1398269388159052
-0.051916824035625066 0.00097097872139041415 0.6182542248484818
-0.1516684050877965 0.015044639974805634 0.59524152773452832
-0.092608809147229285 0.065294257256546528 0.54804442093406525
-0.079312495273066427 -0.011395567380042673 0.54340286582786557
-0.13292977621567734 -0.0037388888056364361 0.52106297476049446
-0.064454883337020874 0.2259899377822876 0.40862002968788147
-0.046945422887802124 0.2068859338760376 0.38142886757850647
-0.013843096573620966 0.187143511583199 0.41357140381006396
0.30352607369422913 0.31366690993309021 1.1634722948074341
0.30141334795010949 0.2832979207624059 1.1797083706688429
0.28589789558636125 0.30141650887866689 1.1448517111064029
-0.29093735479627236 0.42354394923237937 0.85909542416724682
-0.32762807795037652 0.46448039855987822 0.88491685043809742
-0.3228092405114471 0.42463942119370429 0.88640353109306935
0.55761539936065674 0.1423107236623764 1.0866595506668091
0.53495609760284424 0.1604992002248764 1.0973712205886841
0.50736814737319946 -0.026420982554554939 1.1755877733230591
0.53993803262710571 -0.017235193401575089 1.1827594041824341
0.19736304879188538 0.010566385462880135 -0.33240783214569092
0.17381110787391663 0.021278053522109985 -0.32908141613006592
0.19605842232704163 -0.01393923070281744 -0.32230654358863831
-0.098280015417445327 0.54782563901744341 0.78058964131931496
-0.0836613565099876 0.52903171748509659 0.84312962499700217
-0.10613531140791889 0.59042174364015743 0.82131273261964255
-0.29380974173545837 -0.056816473603248596 0.69859802722930908
-0.27943596243858337 -0.064293280243873596 0.72334778308868408
-0.26249870657920837 -0.076836004853248596 0.69304382801055908
0.025404123589396477 0.2042003870010376 0.36598697304725647
0.056921154260635376 0.1937328577041626 0.35704529285430908
0.051466133445501328 0.2142406702041626 0.39104187488555908
0.031059691179539415 0.17852415994275705 0.37953474824058109
-0.031869743019342422 0.22876699268817902 1.1707659959793091
-0.0033663236536085606 0.24118764698505402 1.1783343553543091
0.019570533572228644 0.22055264190818114 1.1817371189353445
0.22539344429969788 0.36432608962059021 0.94594299793243408
0.21269813179969788 0.36130484938621521 0.91582214832305908
-0.39891993999481201 0.46073108911514282 0.90468323230743408
-0.39885127544403076 0.42957264184951782 0.92012512683868408
-0.42630183696746826 0.45239979028701782 0.89577209949493408
-0.41738058261314304 0.42057522903806333 0.88278791719142535
-0.20237907767295837 -0.080284491181373596 0.57884705066680908
-0.23225578665733337 -0.075706854462623596 0.59377014636993408
-0.20898613333702087 -0.084709540009498596 0.61269104480743408
-0.21769701618829429 -0.044057072683691703 0.59340636016471171
-0.052568290382623672 0.32947498559951782 0.97292059659957886
-0.061807483434677124 0.29541736841201782 0.99239081144332886
-0.054574322793852451 0.31012108054899867 0.93492737222305544
-0.36444267630577087 0.2132640928030014 0.91975897550582886
-0.36130699515342712 0.2466503232717514 0.90852850675582886
-0.34158501029014587 0.2332531064748764 0.91585272550582886
-0.36635642603275315 0.22793832445004475 0.89145944422049028
0.27062812447547913 0.17658193409442902 1.3598529100418091
0.30900102453469275 0.16252444399833343 1.344140572120619
0.36337870359420776 0.15061147511005402 1.3894854784011841
0.35059190465175594 0.15516460894463038 1.3489025277183995
0.33576029539108276 0.12680776417255402 1.3920184373855591
0.33619517087936401 0.16272695362567902 1.3838092088699341
-0.18128381669521332 0.1818004697561264 0.42674747109413147
-0.16452965140342712 0.1667858362197876 0.40355411171913147
-0.14647851884365082 0.1908642053604126 0.41353335976600647
-0.1365742666351166 0.16388817883146958 0.42893807062879252
-0.13520990312099457 0.58185535669326782 0.76189154386520386
-0.13439865208197715 0.52126974571297258 0.76198105543754169
-0.31516438722610474 0.15393790602684021 0.99257391691207886
0.35251169711565034 0.095515775423795135 0.90704257505965213
0.30545367303405579 0.1011665320828419 0.93349060949291307
0.32281672904270731 0.11530346851305176 0.8820357032204178
0.29413220272535601 0.062522442261530267 0.89089533781213825
0.38966842947069924 0.082774358935751594 1.282546845187065
0.42589522404278835 0.089339894373054674 1.3216474479880238
0.052595287561416626 0.015357640571892262 -0.25467956066131592
0.039343029260635376 -0.019157741218805313 -0.28193175792694092
0.048010021448135376 0.0077587640844285488 -0.28168761730194092
0.067450946143350579 -0.011155953766284943 -0.28049976046882968
0.1173107186559993 0.28610776609733335 0.62881415402283558
0.11221044022737407 0.29496001672919026 0.67743472775602276
0.14981664717197418 0.30936393141746521 0.65096008777618408
0.095228831040005638 0.32582925379605238 0.6459833125337362
-0.23366170250374438 0.013819598362124732 0.57290322317337483
-0.21655007053052511 -0.031121457329404214 0.54735674280251634
-0.20496544241905212 0.6665416955947876 0.96489447355270386
-0.21785148978233337 0.6396557092666626 0.95857733488082886
-0.11348900943994522 0.6333385705947876 0.80574530363082886
-0.14145837724208832 0.62265735864639282 0.79823797941207886
-0.15014765967393398 0.61412263168729919 0.83786419682505808
0.49102607369422913 -0.041252531111240387 1.2224932909011841
0.48543372750282288 -0.03768196702003479 1.1942645311355591
0.49695305880132373 -0.0064448315246494851 1.2354102093826036
-0.32707390189170837 -0.024162665009498596 0.60106384754180908
-0.30442621162370737 -0.017425079616794386 0.62390126978321903
-0.14148126542568207 0.20340690016746521 1.0780841112136841
-0.15194877982139587 0.18448600172996521 1.1037799119949341
-0.17421899735927582 0.18750724196434021 1.0781451463699341
-0.15235354197197754 0.15338627917411601 1.0830074342185638
0.15532865373430252 0.0081740997575093753 0.87344714031276216
0.20996441045649863 0.069873759033020635 0.86877197485898572
-0.16806969046592712 0.6073986291885376 0.95442694425582886
-0.13918480277061462 0.5927196741104126 0.94810980558395386
-0.17336449027061462 0.5710521936416626 0.94298285245895386
-0.15490099588139955 0.58456657894164687 0.91102492019916903
0.55968578684503556 0.10798528585967582 1.3405138638592764
-0.15593132376670837 -0.10976447910070419 0.75188171863555908
-0.11246993430218373 -0.072671759794053589 0.73857817508313972
0.10214820504188538 -0.090446852147579193 1.0278521776199341
0.12080207467079163 -0.08498421311378479 1.0528765916824341
-0.35934624075889587 -0.016167068853974342 0.86131775379180908
-0.35156425833702087 -0.019554521888494492 0.82350647449493408
-0.34943189122464285 0.029448094084088893 0.86553784270291578
-0.31008582912285487 -0.021919332869295302 0.84777302547384203
-0.068109363317489624 0.49652820825576782 0.93861883878707886
-0.054460380226373672 0.5351024866104126 0.93483465909957886
0.096185929647970542 0.028300686360227392 0.19830698442775338
0.10317371304491275 0.075874041250706639 0.20019587970483108
0.059868219974332899 0.061919755016222405 0.20615766027508392
0.53886044303634084 0.12266049882889121 1.1521883003256264
-0.030076839029788971 0.6240917444229126 0.80022162199020386
-0.023111199960112572 0.5978771448135376 0.78242987394332886
-0.0027712343726307154 0.6106334924697876 0.79842108488082886
-0.018411287780493901 0.58252359674847476 0.82481975652941486
0.068753785892497324 0.19496589507644693 1.1425866518724981
0.10137767315384338 0.23691988482647869 1.1026478940379465
0.32566660642623901 0.31003531813621521 1.0826312303543091
0.30869883298873901 0.32297477126121521 1.0547076463699341
0.29914903549335897 0.27954626757939183 1.0501025379220248
0.27841701226986859 0.31698142601978907 1.0630611044173164
0.63410007953643799 0.021705236285924911 1.2422991991043091
0.61766636371612549 0.0054393680766224861 1.2230731248855591
-0.014355847977830015 -0.012762152321717124 0.83769126405544336
0.064558721272392969 -0.0024152824358093347 0.78872487066648334
-0.0081713721740588295 0.034027017685914249 0.76950482170350343
0.60825169086456299 0.14878043532371521 1.3665667772293091
0.59397709369659424 0.17359122633934021 1.3602191209793091
0.58627903461456299 0.14670524001121521 1.3704119920730591
-0.24758130734725725 0.30844407670353385 0.76820870833596477
0.1437260290900691 0.068520238470895098 0.9328924422402799
0.10894555134723302 0.0057129084617866636 0.87762040655401818
0.08507077575034179 0.087944051536437154 0.86705877512500074
0.16082153164314938 0.12211488673633003 0.44537067254390128
0.15748306535710893 0.088059581401282394 0.48101480447853218
0.28599372506141663 0.29660755395889282 1.2939654588699341
0.32676501629971372 0.27842017373494943 1.2756498017200506
0.31170478463172913 0.30686146020889282 1.2766619920730591
0.32260718941688538 0.29312855005264282 1.3008319139480591
0.045480405285185238 0.039705300472538237 0.69308293328689474
0.0080389230428369596 0.097640985073001521 0.63685195594574051
0.10262310363090743 0.089817497053409939 0.65723267578822697
0.19096198678016663 -0.018303245306015015 -0.28846254944801331
0.17716804146766663 -0.035789821296930313 -0.31690493226051331
0.082663658242709215 -0.010561556929768371 0.22929453125430443
0.18273210997707912 0.089954877827019275 0.50896336428003131
0.13587389522082655 -0.023175907092829247 0.26475888401771108
0.10043921321630478 -0.050285693258047104 0.23936951160430908
0.099989829772665781 0.00087620946861499324 0.28181602874954786
0.18643012642860413 -0.037987131625413895 0.78374207019805908
0.18582740426063538 -0.050712961703538895 0.81447327136993408
0.21173682808876038 -0.047203440219163895 0.80196106433868408
0.21318048273889148 -0.0053221349231482896 0.80474301833099215
-0.22904880390531487 0.31485056448206294 0.87298251779245961
-0.20968928482022534 0.28102480140633079 0.87770104420585182
-0.26485139429273319 0.28901310156437432 0.8831796071411101
0.0050983713535629862 0.021537026884314626 0.26516537654096123
0.031553343517800474 0.056946562475395736 0.29635281635320171
-0.32361015677452087 0.41242179274559021 0.71245306730270386
-0.30531096958439341 0.35310252928849661 0.75794311713524154
-0.31344042090772584 0.42464105739171909 0.75197427357341406
0.26625937439574554 0.12162011913241097 0.88045197026366862
0.2439640398437882 0.095224843695434269 0.83252006958549007
0.47985664010047913 0.21103627979755402 1.3461505174636841
0.44679863882344195 0.21907374919961067 1.3161736344926778
-0.25899681448936462 -0.070885084569454193 0.86067688465118408
-0.23979364335536957 -0.076286695897579193 0.88512146472930908
-0.22174974573945619 -0.059837755325800303 0.88229867963205466
-0.25630365884401707 -0.047557577403404376 0.89540469269391998
0.43973401574317927 -0.020821914761722987 0.83145795014951451
0.41905799508094788 -0.036613840609788895 0.80003845691680908
0.41618171334266663 -0.050346747040748596 0.82445251941680908
0.41253230448342748 -0.034389698079326417 0.83991593843550705
0.05721340590824673 0.29194135880202982 1.0604066083572914
0.068121105432510376 -0.090843558311462402 0.41771423816680908
0.091398395597934723 0.2390819787979126 0.44997131824493408
0.070763468182809305 0.22119727331507316 0.47046042743225336
0.1521811227823382 0.24724170034105394 1.1022883020320746
0.13020358951880992 0.24531127258839511 1.0641795563343694
0.18846718966960907 0.1687084436416626 0.69530212879180908
0.21176736056804657 0.1509472131729126 0.71877014636993408
0.18164916930681654 0.14251182613605534 0.72301069591119338
0.50609409809112549 0.1354747861623764 1.0344134569168091
0.53424656391143799 0.12033805996179581 1.0345965623855591
0.16853919625282288 0.019080791622400284 -0.38090026378631592
0.15492072701454163 0.023719461634755135 -0.35441100597381592
0.13329139351844788 0.018806133419275284 -0.38080871105194092
0.16683833178588792 -0.013322194277166534 -0.37739189119570188
0.22939886152744293 -0.081566236913204193 0.87419617176055908
0.46479363240599164 0.11360616849273401 1.3014572708525682
0.13224616646766663 -0.018608458340167999 0.54637634754180908
0.083837729073118927 -0.015422595461641288 0.53638884201109305
0.11342160882139649 -0.006632052831688739 0.5794528205313948
0.11831476589151324 0.020147041649822041 0.5386913054768766
-0.053361501227392097 0.035439043616866589 0.89142201419482114
0.026105601361632334 0.040109915864620559 0.87426623827535954
0.0012747581431927541 0.15547608635046878 0.89633668057421134
0.18308845162391663 0.0026623134035617113 0.097920536994934082
0.17164435982704163 -0.012901651673018932 0.11818420886993408
0.20393960177898407 0.056861523538827896 0.30263248085975647
0.20354285836219788 0.027747754007577896 0.28816714882850647
0.20376411080360413 0.031654000282287598 0.32045474648475647
0.17425222622697203 0.045759499009171818 0.31341669644334241
0.44176173952580178 0.093423085842122236 0.94472221220414043
0.43172237049250783 -0.043055920682540307 1.2454490879401472
0.43809333443641663 0.025489408522844315 1.3582659959793091
0.45618262887001038 -0.0010303655872121453 1.3456317186355591
0.42369666695594788 -8.4321174654178321e-05 1.3489276170730591
0.4155651860419306 0.0061363537287722454 1.3299116875677981
0.36556068062782288 0.090827561914920807 0.81557190418243408
0.32948708828067336 0.10127102821582794 0.8498364136323594
0.35691657662391663 0.11121330410242081 0.84080994129180908
0.33798804879188538 0.1034618467092514 0.80440247058868408
0.20628181099891663 0.37595328688621521 0.96858704090118408
0.18038764595985413 0.38230094313621521 0.98595154285430908
0.18000617623329163 0.38562735915184021 0.95924866199493408
0.15904060006141663 0.33948478102684021 1.1151934862136841
-0.13094060662702439 0.55247913546155525 0.87027910587627932
0.17948737740516663 -0.043876972049474716 -0.37522402405738831
0.19737067818641663 -0.024284688755869865 -0.37159243226051331
0.19206061959266663 -0.029106464236974716 -0.39814272522926331
0.11925699878280463 -0.0086715142686124638 1.1718638954018255
0.13761613812498324 0.01184153266870424 1.2385275239591098
-0.092628814596028688 0.36259982992806222 0.66317399195893367
-0.12195763736963272 0.38925895094871521 0.63319891691207886
-0.11853583002315515 0.39967567865911768 0.67971994925399204
0.50575077533721924 0.25275379419326782 1.1839190721511841
0.48863807320594788 0.27301743626594543 1.2078143358230591
0.47337928414344788 0.25980335474014282 1.1824847459793091
0.14262074753698065 0.19484607362480286 0.60398271950172666
0.15200408944244054 0.18839902633234396 0.58085135260499443
0.15487493574619293 -0.056999534368515015 -0.31641665101051331
0.13906684517860413 -0.065391868352890015 -0.35074892640113831
0.15953233841399944 -0.013158845261170986 -0.33746872011315826
-0.0010594877443032219 0.27150502353041361 0.67583350130610476
0.054833307703249637 0.29246289992815289 0.63678339663455086
0.026787263601432007 0.34568673439169245 0.65771266427772834
0.066640799257499633 0.29741496520813893 0.68726676247731966
0.54037302732467651 0.29016834497451782 1.2907916307449341
0.52701192975054556 0.24486508218742789 1.2891343528788073
-0.067689746618270874 -0.04891243577003479 1.0780230760574341
-0.045983539386669346 -0.031130757537925002 1.0626542068520137
-0.086715409895834705 -0.018361429425615375 1.0675216220684323
0.047414932399988174 -0.043297167867422104 0.24666321277618408
0.070898205041885376 -0.044426318258047104 0.22334776818752289
0.038091804832220078 -0.029198044911026955 0.21898376941680908
0.047702949770413554 0.21469472632077616 0.51259240917792281
-0.12089715152978897 0.60672718286514282 0.78166693449020386
0.17498603463172913 0.039191864430904388 -0.17798888683319092
0.17759528756141663 0.035651829093694687 -0.21320617198944092
0.15071693062782288 0.044379856437444687 -0.19687926769256592
0.093497090112662384 -0.0045459521584546372 0.67442111451838671
0.13798317131778715 0.0098756567749242515 0.69246490375873293
0.12174231589657686 0.042077730024606859 0.6675990339731066
0.1124158095772495 0.052632031012643216 0.71723449180652898
-0.037970125331468825 -0.048208789109701264 1.0142993716400046
-0.036460192077194697 -0.015690817415086614 0.96437922677380505
0.22932017897713658 0.0026830386408184205 0.8769603898517071
0.38573279976844788 -0.012596501968801022 0.75893121957778931
0.36295905709266663 -0.018944159150123596 0.74620544910430908
-0.36413750052452087 0.024146644398570061 0.97594177722930908
-0.38177163235247902 0.19127494503461631 0.89886361020613703
0.19059577584266663 0.2302929162979126 0.72752869129180908
0.17315496504306793 0.1825023740530014 0.66588318347930908
0.15280726829304642 0.15058234502683443 0.68072019944989215
0.13448576871314386 0.20373102914141872 0.68805800967909148
0.61752140522003174 0.020576084032654762 1.2945758104324341
0.63445866107940674 0.027778232470154762 1.2683306932449341
0.60059854931687073 0.030392183815395532 1.2760778951661642
0.60741707775425247 0.042083488362420998 1.2990809178611955
-0.058437045235306989 -0.082384588283550067 0.79462194082283155
-0.032120865187753589 -0.096109511787710766 0.79996947156699294
-0.064393848180770874 0.22141225636005402 1.1208087205886841
-0.053499076515436172 0.21930654346942902 1.1490985155105591
-0.050734036172981806 0.20288179117373789 1.1168310072414669
0.055036693811416626 0.27188834547996521 1.1623431444168091
0.08617285951854177 0.26326205338498931 1.1622673302838762
0.048483491678538986 0.24292585402928296 1.1524324532477117
-0.21426565945148468 0.080085359513759613 1.1193743944168091
-0.18811973929405212 0.048499669879674911 1.1170855760574341
-0.21389181911945343 0.056190095841884613 1.0966998338699341
-0.13805483247361394 0.4007926214574225 0.84985667324382863
-0.12000620430360134 0.36243578614489635 0.89576324205533608
-0.10035887354633807 0.36946688680067102 0.83057559093784206
-0.31334099173545837 0.32926136255264282 0.89986151456832886
-0.32702815532684326 0.36350208520889282 0.90453070402145386
-0.31355848639252171 0.36763078053049569 0.87215094495857226
-0.3428212536626698 0.33299851562145638 0.87931483012868994
0.017954315430322245 -0.035798639125224407 1.1078972492555299
-0.0032061033416539431 -0.062858976423740387 1.0912982225418091
-0.021671570606337526 -0.037659862598199464 1.0958263319286636
0.0019860302382667698 -0.047043483314459622 1.0694508082717942
-0.17788784797865229 0.051747444368340161 0.97334180304878881
-0.24102552031276064 0.033157750524438936 0.99411823869313909
-0.21381175781902714 0.086911879708509526 1.0030414865032109
0.21156996957513924 0.17203860690611883 0.89362016657001853
0.48465552926063538 -0.035332098603248596 0.87148010730743408
0.33833900094032288 -0.082634367048740387 1.0826312303543091
0.31784260118257607 -0.024006700225314554 1.0490288752235841
0.31745245403914457 -0.046751978685942372 1.1023872057472461
0.69876682758331299 0.21216543018817902 1.3078204393386841
0.68767368793487549 0.24060781300067902 1.2958575487136841
0.66528357166539309 0.18377013971787556 1.2908543246237096
-0.28648552298545837 -0.054771792143583298 0.60493957996368408
-0.30956444144248962 -0.041527163237333298 0.60851013660430908
-0.30230888724327087 -0.050438299775123596 0.64027893543243408
0.39891747805868294 0.1189146010039896 1.3639849262763033
0.42402965380488766 0.1353675372512283 1.3406733260933883
0.42042760437752175 0.10246370906771426 1.3562433140863854
0.38364800827703927 0.12037011053359917 1.3312780379418991
0.52871525287628174 0.037299729883670807 0.91496765613555908
0.53652775287628174 0.011817554011940956 0.92528259754180908
0.52614443046925297 0.022760589544445039 0.95298104657881311
0.5060640992730584 0.045534489115005114 0.92978725636032189
0.13094916939735413 0.30823478102684021 0.58424866199493408
0.12499061226844788 0.29859122633934021 0.55833923816680908
0.14639869332313538 0.28327140212059021 0.57231628894805908
0.12684456845676068 0.26474505848325547 0.57133961978161074
-0.031432921186673374 -0.05641067714578004 0.43200797318796585
0.017869383985229387 -0.050092116218570903 0.47576496708230737
0.0057528283953076614 -0.063927337019496017 0.42048169836664251
0.036447476631320475 -0.028634798102128527 0.44454657113590401
0.13709846138954163 -0.068352073431015015 -0.40888491272926331
0.13716712594032288 -0.070610374212265015 -0.44120302796363831
0.10737434029579163 -0.068779312074184418 -0.41718566417694092
0.49543586373329163 -0.02764168381690979 1.1490679979324341
0.48135200142860413 -0.03487434983253479 1.1692095994949341
0.11149749159812927 0.035211466252803802 -0.48195624351501465
0.32568946480751038 0.1973949521780014 0.93037903308868408
0.29178444333511788 0.17729828219330127 0.9188242284202669
0.41811957955360413 -0.064751066267490387 1.2006121873855591
0.40636377638696114 -0.044028584905825022 1.1809711162244683
0.10436072200536728 0.32724723219871521 1.1137591600418091
0.094350963830947876 0.34098014235496521 1.0845233201980591
0.10532201459406532 0.29453695095924254 1.0925972891394313
-0.26590141654014587 0.1270824670791626 0.45610535144805908
-0.26664909720420837 0.101234070956707 0.45024597644805908
-0.37689384818077087 0.075294122099876404 0.66313666105270386
-0.36282524466514587 0.1039196103811264 0.66145819425582886
-0.33806298507580712 0.07352013104355043 0.67775964989592141
0.14269885427796217 0.092466758133351409 0.37740084862380652
0.16446287542849272 0.088121681584057476 0.41414770051359917
0.51028263568878174 -0.02178230881690979 1.1278582811355591
0.54171574115753174 -0.011680989526212215 1.1324359178543091
0.019544748589396477 0.2220531702041626 0.39330020546913147
0.037850980031488131 0.19989670715145996 0.42204109658755856
0.1055050801431949 0.0016271922531230093 -0.13820805906207387
0.076315075159072876 -0.010734893381595612 -0.14472472667694092
0.090461819977873489 0.0094755005098101433 -0.17779301354070043
0.10879022928164193 -0.014911696033972013 -0.16260548040972606
0.24733606212225853 0.13011325676543434 0.79066429063878307
0.26211372017860413 0.1224132627248764 0.74654114246368408
0.21531334349750808 0.10261161267691146 0.74144543596589207
0.21757830345102583 0.14251858852584742 0.76006328014245528
0.52785313129425049 0.23340567946434021 1.1658831834793091
-0.098947376012802124 0.048102937638759613 1.1862994432449341
-0.061790633385246346 0.048643016100047586 1.168584597042059
0.001485970220528543 0.35477405786514282 1.0013934373855591
-0.024316642433404922 0.34455066919326782 0.98347967863082886
-0.013818595558404922 0.37857776880264282 0.97636908292770386
0.64032566547393799 0.060309980064630508 1.0444842576980591
0.64205753803253174 0.083411790430545807 1.0611468553543091
0.62122166156768799 0.079627610743045807 1.0322467088699341
-0.33623165528258941 0.26555441296203197 0.74033710654824691
-0.37649175257948142 0.2700822760568502 0.71232893353524596
-0.33665029807019542 0.31389889623743905 0.70169271091175844
-0.077482635112177442 0.13158186834609467 0.36872277432194539
-0.035317573829524919 0.15492907762839631 0.36034365242999278
0.53875553607940674 0.0087047433480620384 1.3315020799636841
0.077881865472562289 0.34654570792873451 0.6936070681516725
0.069004562334615202 0.35508997348659804 0.75232729405740728
0.11087623238563538 -0.034263957291841507 0.12614929676055908
0.076063305139541626 -0.028282511979341507 0.12566100060939789
0.077993916230653437 0.011431969175207602 0.10681686912758065
0.65367710590362549 0.030067054554820061 1.1831256151199341
0.66209232807159424 0.03711661696434021 1.1510821580886841
0.63690769672393799 0.01438102126121521 1.1584674119949341
0.46168450151434454 -0.032002337356109058 1.2353604445912292
0.46845832467079163 -0.048820886760950089 1.2446490526199341
-0.1949579460870188 0.33748832482670432 0.67642086101269394
-0.13207739455092163 0.3419421226042596 0.70080455032984867
-0.038339465856552124 -0.054710783064365387 1.0895282030105591
-0.059892509132623672 -0.039238367229700089 1.1094866991043091
-0.035665781027929291 0.075330638265585212 1.1999941370786806
-0.065109453656563371 0.098391533486798216 1.1633245895718241
-0.26682460308074951 0.40424305200576782 0.90984076261520386
-0.24722658932011057 0.41900862192364097 0.87733188059220424
0.013403082266449928 0.5811535120010376 0.77898138761520386
0.0018329503566050047 0.5361895216955278 0.80289789616389151
0.018740963519122189 0.46950245818373432 0.79954650756113843
0.063339817252094907 0.42903464410621428 0.8169127690720217
0.14647621056537191 0.02866427772069563 0.17077206558504707
0.12846901642619768 -0.001984475664922537 0.16420293677305983
0.20104804635047913 0.0087047852575778961 0.30550113320350647
-0.4190812752619365 0.275362272036898 0.74853401751596393
-0.23133277377573616 -0.0114972329343003 0.63754315246316107
-0.10301384329795837 0.36887320876121521 0.60695379972457886
-0.14167961478233337 0.37366446852684021 0.61375921964645386
-0.32188444634287605 0.062902674207669526 0.63858075110346013
-0.28396267299254652 0.028130099125947428 0.6587684041645312
0.16298809563873853 0.36390287250507292 0.99438440373342674
0.15743983617262597 0.33880971420429334 0.97226711137765265
0.1303223658489619 0.36809962845364397 0.97901734067296298
0.53594384444625121 0.0091498088198614033 1.0242384099052837
0.52420628070831299 -0.017662432044744492 1.0470477342605591
0.49983764594496183 0.0026730290287810331 1.0148364629522608
-0.039399951696395874 0.35413321852684021 0.57674139738082886
-0.0088976370170712471 0.35156974196434021 0.57320135831832886
-0.35552391409873962 0.1800914853811264 0.68901556730270386
-0.34962639212608337 0.1519237607717514 0.68208807706832886
-0.062037111169532005 -0.068012508161582858 0.97172327109857526
-0.068963862955570221 -0.084160245954990387 1.0010577440261841
-0.10256134678140495 -0.053632744281824941 0.98667625648417978
-0.30992302298545837 0.045875180512666702 0.50255310535430908
-0.28929314017295837 0.019874203950166702 0.50404846668243408
-0.27418151206627883 0.060091634761681945 0.5096721523526585
-0.30164433556182213 0.061167891745035202 0.53052822262153021
-0.24850489972344417 0.078443414823746865 0.4775101454981226
0.011202804614202885 0.31800188094737591 0.71965546404738201
-0.041070563595753042 0.29725157655160905 0.78068454485125394
-0.078168218494543334 0.29301345189938344 0.6909004725714909
0.29339280687825137 0.042107861944144995 0.78411721251887345
0.33188473470824176 0.023389037486009935 0.8152588333952141
-0.10838494449853897 0.6074901819229126 0.95491522550582886
0.30248084664344788 -0.047142405062913895 0.79005920886993408
0.32385078072547913 -0.055626291781663895 0.80965149402618408
0.3271626455870722 -0.042555319392062613 0.82434464095146254
0.28800195843308468 0.30022471835857223 1.0197493523162857
0.10673347115516663 -0.07234993577003479 1.1901446580886841
0.14616328781140911 -0.042305519895541051 1.2175256318407743
0.11234869807958603 -0.071068204939365387 1.2235614061355591
0.13960853219032288 -0.072563566267490387 1.1997882127761841
-0.18987607925529937 -0.0059650554020622918 0.76783599077018749
0.27678451783652142 0.23932069261329827 1.1417397747952589
0.26566178517792999 0.24941977622927872 1.210688798528889
0.2600768418042827 0.28637729081069108 1.1793873273407403
0.14637580513954163 0.10166133195161819 0.20012392103672028
0.12103094905614853 0.11426509171724319 0.21022523939609528
0.22316480631862473 -0.036281818042897991 1.1676350806162907
0.24846473336219788 -0.07390633225440979 1.1299334764480591
0.23235431835475381 -0.043649762615168203 1.1063489919321516
0.27867353232557651 -0.045188097409738309 1.130749746476275
0.077352672815322876 0.38590201735496521 0.66051208972930908
0.077406071126461029 0.36640128493309021 0.63332092761993408
0.024130012840032578 0.25485953688621521 1.1665240526199341
-0.18205431207083533 0.19384845741657411 0.54650178356266044
-0.21511581549137901 0.16131086844886872 0.6026241218063193
-0.19849051508620724 0.13347636780511071 0.56057956298882661
-0.12686353166796763 0.15357138952457161 0.60755757679965949
0.58761417865753174 -0.0090564833953976631 1.2322283983230591
0.2833566663970648 -0.012852053713691776 1.2792518739796466
0.27535887652869767 -0.0090127525975436697 1.2189978785385023
-0.20068535208702087 0.48108631372451782 0.93538397550582886
-0.22108636796474457 0.5128856897354126 0.93840521574020386
-0.23576251774334767 0.507262052447222 0.90259991528904282
0.13797134968642052 0.22837963836806624 0.54984562403053627
0.12489015537022835 0.18570869866000933 0.5356704914932281
0.16149480621233225 0.21146976984996455 0.52634334486065437
-0.10728193999416613 0.19542914746605416 0.43841321778696674
0.12631056361615065 0.070079885214200624 1.3394067286501972
0.13574042916297913 0.046577055007219315 1.3618365526199341
0.15991376603517185 0.039977236063590611 1.3347348377162229
0.17093244408441663 0.064033262446333408 1.3476486775347185
0.10227027535438538 0.0048595238476991653 1.3424578905105591
0.074972309172153473 0.026801662519574165 1.3416644334793091
0.10348334908485413 0.039222314953804016 1.3537188768386841
-0.066172812574718021 -0.0082009053050340099 0.37150197149403419
-0.058366626501083374 -0.019035696983337402 0.34013855457305908
-0.065590493929619298 0.01970313795682924 0.34844634254037582
0.13529029488563538 0.40729480981826782 0.85213196277618408
0.11520209163427353 0.43698841333389282 0.85805237293243408
0.12406744807958603 0.43183097243309021 0.82567322254180908
0.097372094952086624 0.40813887978982288 0.83549573378789033
-0.42056450247764587 0.27225452661514282 0.71596252918243408
-0.42513450980186462 0.2410656064748764 0.72023499011993408
-0.40094929933547974 0.25025135278701782 0.70055115222930908
-0.39362315913547019 0.24331131479655194 0.74617565470108238
0.012984410956781524 0.55461351407412685 0.85901520636713657
-0.029643349763985694 0.5099175077550937 0.84434487058658469
0.032486167391222502 0.5319366515314089 0.84595935186901905
0.078217409737507321 0.27572131821986201 0.58032061702595916
0.0062499508930262309 0.38977592157611007 0.9371188401680266
0.061783113407042969 0.41225345931095297 0.91018362387115914
0.41436988607456832 0.11079011464114588 1.066149537847346
0.4544815793236911 0.13692062606481539 1.0409909695537709
0.45094949842341991 0.1300844338988883 1.0981176368917904
0.062605219279287985 -0.047663566004158525 0.51750676643580351
0.55654433125080838 0.063997564194390497 1.0973943991940065
0.58387212815091516 0.028090510633237215 1.0634971467497401
0.44338050484657288 0.092109285295009613 1.3736468553543091
0.42041602730751038 0.076118074357509613 1.3714801073074341
0.41599100828170776 0.11038931459188461 1.3830767869949341
-0.30174431204795837 0.015357581898570061 0.99825012683868408
0.14307227730751038 0.05225338414311409 -0.10593688488006592
0.12026038765907288 0.05359615758061409 -0.095499873161315918
0.11818519234657288 0.051917694509029388 -0.12308776378631592
-0.25081813335418701 0.64609485864639282 0.90614813566207886
-0.23563845937519964 0.61040567303661275 0.89091625446504707
-0.24354729056358337 0.6264110803604126 0.93462103605270386
-0.098336765302503862 0.11791887721370531 1.1530849040063995
-0.050404813946399542 0.13901740277234567 1.1638758627787358
-0.072097359473435305 0.12972807331750197 1.1224575618903505
-0.41864189505577087 0.19467887282371521 0.92226135730743408
0.082861095666885376 0.026313448324799538 -0.22315490245819092
0.054258495569229126 0.013099337927997112 -0.22519958019256592
0.073572766938811207 -0.0086474143373402139 -0.24504531725404488
0.078849050662894507 -0.0037361689777290472 -0.21217640870349944
0.24007618490951155 0.017641380902027336 0.68681806783441923
0.26151723830528856 0.048649005058552575 0.69325896411624588
0.06919931055000067 -0.033551451270234713 -0.42188510403556151
0.080348312854766846 -0.067040085792541504 -0.47804141044616699
0.086980968713760376 -0.068016372621059418 -0.44291198253631592
0.51666080951690674 -0.023369217291474342 0.99562561511993408
0.52564823627471924 -0.018211748450994492 1.0198260545730591
0.54468357563018799 -0.011467360891401768 1.0008441209793091
0.52520060961246973 0.0095080986606352318 0.99131142573830433
-0.21467005224005858 0.071305414738512374 0.73998090582111131
-0.12219456728937153 0.044390240185096644 0.67488052192759262
-0.14370118605045143 -0.011021772966964005 0.73784074954469203
0.10460834484959912 0.3887774572964473 0.79550514666731953
0.12814918160438538 0.41562613844871521 0.76546204090118408
0.17207543468366046 0.011766376806530959 0.19478668457582096
0.17278256352931087 0.0043662067079647008 0.23810698833401892
-0.29023246128552938 0.10836617223317273 0.74441850092292006
-0.32644762997613508 0.071365251728854134 0.80079581292664725
-0.34195621838486295 0.071119519228131242 0.7448916100851326
-0.3043807916750948 0.039425422419666539 0.7743526972866307
0.66000187397003174 0.14817006886005402 1.1650286912918091
0.63574802875518799 0.16962394118309021 1.1534320116043091
0.64469730854034424 0.14218863844871521 1.1362811326980591
0.62945505601060281 0.135089375748076 1.1849495040051063
0.036230232566595078 0.5180736780166626 0.73158758878707886
-0.00099792849090156281 0.49157019114063238 0.74742669621152347
-0.071557520626576901 0.17867946667896933 1.1847753583485789
0.30879801511764526 0.31952628493309021 1.1078387498855591
0.3214692441169914 0.2664323901709495 1.0872968394937625
-0.27186279623185994 0.52654341781956104 0.79995937258050243
-0.30363640189170837 0.51999622583389282 0.77058905363082886
-0.20062563103695749 0.066617907575305016 0.52912554356439745
0.14844337105751038 0.18976552784442902 1.3334552049636841
0.17465797066688538 0.17322500050067902 1.3398638963699341
0.15529294803852306 0.14278073885176121 1.3075596648890757
0.15435146899715746 0.19021523839537136 1.3021328407001496
0.057272284466773293 -0.021515022132455944 1.0140587179840799
0.28195014595985413 -0.07723274827003479 1.1214495897293091
0.31906715035438538 -0.08074226975440979 1.1160479784011841
0.41242042183876038 0.087745286524295807 0.85594671964645386
0.38659492135047913 0.091102220118045807 0.83662903308868408
0.38765108950327343 0.036062104538815594 0.86098349259854867
0.36358257707752067 0.082604786604532868 0.85409911978417496
-0.016496509313583374 -0.10442390292882919 0.74004089832305908
0.0042478153482079506 -0.096611395478248596 0.76314270496368408
-0.0048239511733955296 -0.068827805294942646 0.74052496026116221
-0.037014749027450812 -0.090124595448747555 0.7619130666655678
0.023306043818593025 0.016669828444719315 1.3027240037918091
0.040319924366460674 0.010253047811158005 1.2705516538574233
0.010239683942756182 0.042486114759914602 1.2760645444362064
0.093961864709854126 -0.072563566267490387 1.1608172655105591
0.073560863733291626 -0.067039884626865387 1.1872454881668091
0.099061390724015319 -0.04742116526487352 1.1814538122233884
-0.31616535317502192 0.45548976253096102 0.78554327865073548
-0.31244338766448809 0.49959754871712631 0.80219878966007374
-0.15587028861045837 0.1295849084854126 0.36787906289100647
-0.14373423383281508 0.10459895611277392 0.39255943371052848
0.37716595163531802 -0.038888549200214846 0.97258130516967389
0.32709910391625041 -0.047503058880995153 0.94523078252311876
0.32926180966960866 -0.045191729531479083 0.99376389049449232
0.17603889107704163 -0.0081103835254907608 -0.089396357536315918
0.16415992379188538 -0.022545197978615761 -0.053660277277231216
0.13407894513913438 -0.0046755386067357223 -0.069948880437315938
-0.37302571535110474 0.26358753442764282 0.68062323331832886
-0.37880879640579224 0.2343822568655014 0.68776434659957886
-0.35088521242141724 0.2339855283498764 0.66661566495895386
-0.34423570646151203 0.27024940579636481 0.68734871253564722
0.12468543648719788 0.36222037672996521 1.0614215135574341
0.12611213326454163 0.34122428297996521 1.0998736619949341
0.1203533246026723 0.32619407507686654 1.0673573813616817
0.39717689156532288 -0.06679573655128479 1.1367694139480591
0.36231055855751038 -0.07735481858253479 1.1171771287918091
0.34543161059587879 -0.040304212972584991 1.1341346506007894
0.36103740669280149 -0.040171762318439733 1.0982749192637313
0.36496561765670776 0.12354238331317902 1.3914386034011841
0.36796889895160079 0.11937672576338269 1.3671997113174239
0.30116545318512611 0.02887188066095079 1.333040548850138
0.25371375679969788 0.30948597192764282 1.2727862596511841
0.28197567443868149 0.26222216194952036 1.2774864515760649
0.28993567900660405 0.29152574547640286 1.2494934519354211
-0.33539757132530212 0.070594422519207001 0.51854437589645386
-0.33682929088615515 0.068314871166024388 0.56463285868380697
-0.32076576669225326 0.10920161239428994 0.55120541864234718
0.62654697895050049 0.16870841383934021 1.3661090135574341
0.61896336078643799 0.19419059157371521 1.3536883592605591
-0.37866386771202087 0.052497487515211105 0.63652533292770386
-0.35382538350754938 0.037110313747655999 0.6539703431732995
-0.063798755407333374 -0.12435188144445419 0.79292786121368408
-0.047052234411239624 -0.11779060214757919 0.77339661121368408
-0.23112665116786957 0.66068226099014282 0.88060492277145386
-0.21917137503623962 0.68045765161514282 0.89159125089645386
-0.21585093319919024 0.63952623698960431 0.91091793185897385
0.18348518013954163 0.14511832594871521 1.3568621873855591
0.14667750947299146 0.1237128174967229 1.3397936167622631
-0.009668201208114624 0.090369775891304016 1.3279315233230591
0.39201945066452026 0.13309438526630402 1.3873492479324341
0.33440986275672913 0.1510692685842514 0.88268005847930908
0.30587592720985413 0.17240104079246521 0.87569153308868408
0.31607642769813538 0.15280875563621521 0.86186707019805908
0.29975022550927133 0.1457254740248945 0.89455948041133992
0.31458869576454163 -0.039726629853248596 0.76567566394805908
0.29893641621489808 -0.0063281055755027996 0.75383471282188597
0.14028754830360413 0.1383739709854126 0.25752747058868408
0.17836584150791168 0.17429317533969879 0.40334045886993408
0.24191869795322418 0.20905265212059021 0.81441223621368408
0.22141851484775543 0.23276481032371521 0.80379211902618408
-0.19911252591546361 -0.021953670115858935 0.87042793875430235
-0.24693741889098106 -0.0406050353045284 0.84566163447680198
-0.46785148978233337 0.13074454665184021 0.91072571277618408
-0.46791252493858337 0.11933097243309021 0.88164246082305908
-0.0051463294252675536 -0.0014644660113823111 1.0853249999515275
0.0072572400847637827 -0.016835371017586854 1.1525532596747685
-0.022413742964722844 -0.0256209235820248 1.1203121596989978
0.033516994379953383 0.013774628244289331 1.030499140924698
0.026418834924697876 -0.0083545185625553131 -0.24582946300506592
0.38051749571446702 0.0014749887984789978 1.125789172563493
0.36349504535440269 0.057995570647748539 1.1064338999493928
-0.34702476859092712 0.007606135681271553 0.57127869129180908
-0.36105522513389587 0.022834405303001404 0.58769714832305908
-0.28344902396202087 0.32486683130264282 0.90163153409957886
-0.26481669851721401 0.32315842324016875 0.88117548375778898
0.093989960165094102 0.30431841866170145 1.0344339334624901
0.078579136782897685 0.32634509712443832 1.0561382445145773
0.26969024710591566 0.096180188379188916 0.79358010160253967
0.29136481881141663 0.1109996885061264 0.76164734363555908
0.16809667646884918 0.2230602353811264 0.60728943347930908
0.17506231367588043 0.1913524717092514 0.59972107410430908
0.21711556613445282 0.121070496737957 0.54463684558868408
0.20660987496376038 0.1306225061416626 0.56508362293243408
0.20876900851726532 0.1514049768447876 0.54115784168243408
-0.20563682913780212 0.44150504469871521 0.68025702238082886
-0.23047434766466732 0.42101336190000649 0.70514176549121954
-0.19369551219003062 0.44018695734027696 0.70443813334077798
-0.016427850350737572 0.5748363733291626 0.76784247159957886
-0.027663659078922903 0.57435148798644908 0.79108045337727795
0.34582343697547913 0.23139150440692902 1.3467608690261841
0.35075965523719788 0.25266224145889282 1.3341571092605591
0.37895789742469788 0.24115712940692902 1.3496600389480591
0.37585997298707896 0.2268826377241957 1.3262427710406506
-0.0069063627161085606 0.24225576221942902 1.1488848924636841
-0.033624503761529922 0.23163564503192902 1.1342059373855591
-0.0093094848377683788 0.22350044727825075 1.1163213651766295
-0.36390098929405212 0.1273265928030014 0.69878119230270386
-0.36812004446983337 0.1563793271780014 0.70674628019332886
-0.37751945853233337 0.1308055967092514 0.72673529386520386
-0.34421616492050477 0.1290284139549655 0.7243062918715053
0.41364112496376038 0.23233754932880402 1.3524371385574341
0.44582191109657288 0.21912343800067902 1.3510028123855591
-0.024894894689444454 0.13314723904271863 1.3041744494300409
0.012863991923925778 0.13314020576558672 1.3282938210703061
0.076785260086033189 0.34799818930779541 0.89359322286791076
0.14796928337153281 0.35816645483066489 0.89002395518452782
0.10521648750569122 0.37470956147782358 0.90367102962439172
0.075681835412979126 0.0079418756067752838 -0.40461242198944092
0.057241581380367279 0.5638500452041626 0.85536688566207886
0.056821968406438828 0.5444103479385376 0.87996405363082886
0.21827922942760059 0.044463163105573023 0.75559533915139332
0.21739288381602445 0.097956704410843198 0.79463577643526695
-0.053304053076473366 -0.071305546993717953 0.6627588243631628
-0.050691455602645874 -0.1092151552438736 0.65092957019805908
-0.093540112486215549 -0.072395346217612455 0.62395431892755171
-0.055172892989788697 -0.079621239364778343 0.60254409879325188
0.30613532662391663 0.1207042783498764 0.79301941394805908
0.32578864693641663 0.1237560361623764 0.82524597644805908
0.30456917938004291 0.086133604319060933 0.79773877475652399
0.34401527047157288 0.21967276930809021 0.97993957996368408
0.36034980416297913 0.19766959547996521 0.97594177722930908
-0.40189537405967712 0.06577262282371521 0.97166931629180908
0.67172825336456299 0.09098014235496521 1.1661883592605591
0.6386048137977306 0.07470620433681352 1.2008801782380676
0.66899698972702026 0.08365592360496521 1.1961871385574341
0.020216137170791626 -0.00093876739265397191 0.21202576160430908
0.045762162148726582 0.022884091040769283 0.19369327858320229
0.18492712080478668 0.35935172438621521 1.0583087205886841
0.19830909371376038 0.36557731032371521 1.0330096483230591
-0.069440911777511452 0.27015726333606194 0.94576793917983237
-0.44114489153141462 0.1940100874882866 0.87664910833096354
-0.46689837699172271 0.18593403476444623 0.85484989597806049
0.20178046822547913 0.058753613382577896 0.24495422840118408
0.19120612740516663 0.082740433514118195 0.25514709949493408
0.17489537239706593 0.052117415796356995 0.2715534399984102
0.12051215022802353 0.26987418532371521 0.51363098621368408
-0.20651853950441701 0.1223157470022315 0.94047663447079355
-0.19729578724708322 0.12489268316199206 0.84505736878547788
-0.12130964413053025 -0.087713145491916944 0.66197143375042045
-0.14486569736427901 -0.068483050027767667 0.61596257733648396
-0.15759453177452087 -0.100548155605793 0.63472473621368408
0.24412360787391663 0.31668815016746521 0.89961731433868408
0.25701728463172913 0.32404288649559021 0.93098938465118408
0.23808875679969788 0.34479483962059021 0.92473328113555908
-0.25725053253989466 0.095735598790408286 1.0401708508364067
-0.24663579051447571 0.13632127719868564 1.006614711253357
-0.060097228885029205 0.14798067797595849 0.56078948656172634
-0.0002079359637996239 0.163479010377064 0.52536513738558577
-0.45407280325889587 0.33780631422996521 0.91313660144805908
-0.45658287405967712 0.30734977126121521 0.91090881824493408
-0.48858055472373962 0.32804068922996521 0.90620911121368408
-0.47548047945969724 0.34207636480961529 0.87907027756604894
-0.048120353370904922 0.14398916065692902 1.3279010057449341
-0.072625972330570221 0.13394887745380402 1.3074542284011841
-0.049876190446858072 0.17287119985853291 1.289568666962478
0.10443701595067978 0.48123893141746521 0.78975409269332886
0.11635406483629318 0.34025090351652015 0.93705603301585561
0.14035790867468415 0.37942282205973638 0.91879385874264441
-0.25853650697890374 0.011133554854592193 0.75973160789338234
-0.25649694608661938 0.017416669002873426 0.69463189881198339
-0.38056358695030212 0.42072257399559021 0.74461859464645386
-0.41239014100435439 0.39537587732824592 0.768065786191789
0.17338386178016663 0.28247791528701782 1.2857562303543091
0.16506019234657288 0.25806385278701782 1.3051654100418091
0.14257636666297913 0.27680164575576782 1.2927752733230591
-0.25962245464324951 0.45767933130264282 0.92409247159957886
-0.21558193210209484 0.45754330663898735 0.8840754897445654
-0.27728896832076066 0.46498086971856917 0.89303964687008897
0.2501040101815023 0.17005515159722373 1.0863387578457322
0.15665259957313538 0.00061761471442878246 0.57024109363555908
0.17951789498329163 0.018409363925457001 0.56151306629180908
0.17020944347810474 0.038511025096416102 0.56069986044013387
0.16949839596131283 0.028691998895244437 0.58762840980225928
0.087816073376765225 0.032939174636121685 1.289562338187507
0.045438911765813828 -0.00276986975222826 1.3063861131668091
0.34124580025672913 -0.035271063446998596 0.75746643543243408
0.33768287301063538 -0.015159977599978447 0.73912537097930908
-0.20925316214561462 0.42267566919326782 0.91814154386520386
-0.23127922415733337 0.39459949731826782 0.90935248136520386
-0.20683773987998552 0.4091071711445336 0.87715194295577847
0.26363196969032288 0.31687122583389282 1.2407122850418091
-0.34155446290969849 0.13693961501121521 0.99391669034957886
-0.34791295804379008 0.28863383968675643 0.8628044514723775
0.19981208443641663 0.26630359888076782 1.3061114549636841
0.19834824552444355 0.25965704539552337 1.279476214130735
-0.37090369368306253 0.21011252616610471 0.72270904046250539
0.081022411584854126 0.2003246545791626 0.37752258777618408
0.11192145943641663 0.20484127104282379 0.40044128894805908
0.080526500940322876 0.2134472131729126 0.40227234363555908
0.078988040624683939 0.18549429648681348 0.39758702988227529
-0.32925891212444169 0.24224078815129332 0.87582581922061842
-0.39861473441123962 0.2148815244436264 0.91450989246368408
0.12219062447547913 0.2373729944229126 0.46413147449493408
0.10761035348498281 0.21725165127230456 0.50446838421419893
0.14273641173836496 0.10378391275419747 0.71682318939752121
0.16744364367708303 0.070517325892832536 0.76116247052104624
0.28529182076454163 0.022590268403291702 0.67732727527618408
-0.28890404105186462 -0.04747810959815979 0.91859924793243408
-0.27979830492178176 -0.012843825208053746 0.88647405690841385
-0.31626304984092712 -0.039635088294744492 0.90816223621368408
-0.27761140551633784 -0.017156575905824034 0.92197056345721196
-0.19687828421592712 0.41925773024559021 0.66353338956832886
-0.16323265433311462 0.41773185133934021 0.65984076261520386
0.17958655953407288 0.02637445367872715 0.53465759754180908
0.20224586129188538 0.042487733066082001 0.54698669910430908
0.63430472439030594 0.13385500027593761 1.3344821614117506
0.13149085640907288 -0.03875003382563591 -0.048991087824106216
0.12901130318641663 0.25272327661514282 1.3101092576980591
0.24476674722307903 0.30929602380946208 1.039670961420986
0.462703815754198 0.023530362715093043 1.1417096094222061
0.21712318062782288 0.100928895175457 0.57149231433868408
0.21372047066688538 0.100654236972332 0.60643494129180908
0.038488537073135376 0.1551586389541626 0.27950012683868408
0.070409923791885376 0.1590343713760376 0.28255188465118408
0.039060737937688828 0.1703869104385376 0.30562317371368408
-0.058103190801701406 0.074428552182674121 1.0733479633561536
0.15411332866247457 0.22987430122707497 1.0033161367873225
0.054603858171884276 0.0073549842862238902 1.1807300391435378
0.061034659392135149 -0.037329870167862531 1.1400048310669462
0.35095524313328413 -0.0086826204140706548 1.2560130958593048
0.35575924671901227 0.044846732056750181 1.2022329939814818
-0.12730583548545837 -0.1194080263376236 0.76591980457305908
-0.15084251761436462 -0.1125415712594986 0.78178894519805908
0.35492992236385079 -0.056202372373978841 1.0144984983067573
0.39232456684112549 -0.06984749436378479 0.98479181528091431
0.39700143037010471 -0.040776896392517824 1.0056639964140064
0.0027918828960978373 -0.024532424970944038 1.040674577175474
-0.27497276663780212 0.27912098169326782 0.91100043058395386
-0.24738487601280212 0.27753406763076782 0.91673773527145386
-0.2513999067222224 0.25485014510154336 0.89474729055197877
-0.22788414359092712 0.26636466383934021 0.57140082120895386
-0.23697075247764587 0.2381664514541626 0.55891913175582886
-0.20748314261436462 0.25458484888076782 0.54567450284957886
-0.055497974157333374 -0.11983528733253479 0.91911804676055908
-0.026262132450938225 -0.11443367600440979 0.91704285144805908
-0.036004871129989624 -0.12523689866065979 0.88551819324493408
0.43347758054733276 0.18643912672996521 1.0450030565261841
0.43604105710983276 0.16776236891746521 1.0186358690261841
0.43012558565314146 0.1529193291284503 1.0567476980665198
0.40166472761579902 0.17889196155506379 1.0484733496113525
0.30212989449501038 0.16760976612567902 1.3729754686355591
0.31457346677780151 0.14359243214130402 1.3844805955886841
0.29036539793014526 0.14005239307880402 1.3832904100418091
0.48392310738563538 0.046546563506126404 0.85188782215118408
0.48700538277626038 0.059577565640211105 0.87614929676055908
-0.15334495902061462 -0.097465895116329193 0.92879211902618408
-0.15995201468467712 -0.10359992831945419 0.89302551746368408
-0.14361557191299304 -0.084381925849322442 0.89994903430794626
0.12741571688154626 0.019563245978189384 0.75281402639799777
0.13090105753650833 -0.0082447742264269135 0.72641384625412364
0.17201959140188006 0.041882002500897353 0.72302833552372092
-0.16648277640342712 0.13675649464130402 1.1626788377761841
0.14342364533336124 0.24311081286582598 0.68858919746619374
0.11427329434416782 0.26978075491137737 0.70568252070577231
0.088964886343030875 0.25575114377838587 0.68184381841013841
0.33689688244488369 0.085233199527489784 0.95138020371194765
0.29847258156211509 0.061355311089748954 0.9761786213669017
0.33871949387207523 0.10442869241869844 0.9899971558380507
0.086076226570659886 0.37325787983446373 0.97869182103561214
0.16800483315939085 0.13068992487277595 0.39764912036748812
0.17582856201895447 0.1086195183721448 0.35981411905618066
0.17722492506544385 0.089703304178344406 0.38295084664673423
-0.2786999614903326 -0.031120650320662906 0.65759719532736727
-0.25955527291375002 -0.044179419285154641 0.61722806256871976
0.16552752522532749 -0.045213561114156989 1.1760071604696587
-0.31237968802452087 -0.048820871859788895 0.67543518543243408
-0.33649620413780212 -0.031273264437913895 0.68431580066680908
-0.30211859462244745 -0.011968121802351902 0.69235986603679978
-0.32423660891013445 -0.0089666370123230397 0.6538464215607267
-0.38334834575653076 0.39456897974014282 0.91551703214645386
-0.40072047710418701 0.36176258325576782 0.91472351551055908
-0.41810023784637451 0.39502674341201782 0.92088806629180908
-0.24933800101280212 0.043647397309541702 0.45207703113555908
-0.24612602591514587 0.015418640337884426 0.46568787097930908
-0.2486311448285064 0.033798309933845964 0.49850722625178062
0.31222184032867478 0.016927371786570198 1.094717947261709
0.030158059612412459 -0.064111853813160882 0.87933319158770795
0.40891852974891663 0.040870293974876404 0.78603094816207886
-0.21211058881604289 -0.054649808589475213 0.91876039531876486
-0.18228062991265553 -0.020618192215484447 0.93582591857768793
-0.1814412537195465 -0.066151087738770778 0.89700628548197692
0.55470412550179615 0.13575561573864114 1.2273637162968987
-0.43739497661590576 0.42429313063621521 0.91060364246368408
0.27626624703407288 0.045356377959251404 0.66020691394805908
-0.26155351076458844 0.48338268219325414 0.84552092542087953
-0.21751134823732726 0.43932425631560285 0.80446542810216704
-0.36583125591278076 0.36072498559951782 0.90797919034957886
-0.34665092825889587 0.33151966333389282 0.90211981534957886
0.0041112414041948623 0.1423769282443294 0.38344212162153385
-0.0067689735424988602 0.1864032761659549 0.38034113998136915
-0.0040377071127295494 -0.081718802452087402 0.38292419910430908
0.43828406929969788 -0.042137544602155685 1.3060504198074341
0.29840674996376038 -0.0078052422031760216 0.71590149402618408
0.30303779244422913 0.020393000915646553 0.70171082019805908
0.28542152047157288 0.002021418884396553 0.69557678699493408
0.33781257271766663 -0.060905832797288895 0.83266168832778931
0.31297126412391663 -0.064842596650123596 0.83446228504180908
0.44033637642860413 0.082526788115501404 0.87492865324020386
0.46247687935829163 0.065559014678001404 0.86031073331832886
0.56210911273956299 0.16126212477684021 1.1147967576980591
0.57056248188018799 0.18433341383934021 1.1392718553543091
0.53850376605987549 0.18509635329246521 1.1255694627761841
0.096286665531743865 -0.06622659720369678 0.9807232858571131
0.11976522793435508 -0.066847448068038523 1.0156941103901767
0.11678268488911522 -0.026135307271961786 1.0089386880284616
-0.021730277687311172 0.25254020094871521 1.0910540819168091
-0.044618457555770874 0.24945792555809021 1.0727130174636841
0.17994514107704163 0.31833606958389282 1.1991168260574341
-0.070828564197232671 0.35416431804762744 0.72431345382699264
0.52982151508331299 -0.010857007466256618 0.94310486316680908
0.51695835590362549 -0.012108227238059044 0.91554749011993408
-0.15813621878623962 0.031501375138759613 1.1239825487136841
-0.16836723685264587 0.013740146532654762 1.0925494432449341
-0.16965579797199409 0.057024861701725028 1.1024394037606131
-0.47279533743858337 0.19019278883934021 0.89250671863555908
-0.48539909720420837 0.20276603102684021 0.87303650379180908
0.15095321977249956 0.017833804184859959 1.0271537875682517
0.021423001600103211 -0.072022459619327572 0.55943684744740485
0.0038739750161767006 -0.1080860048532486 0.56447327136993408
-0.0026414382894276666 -0.075161182084193423 0.59871310688751378
-0.031207419192987869 -0.088168291713866059 0.56523268746469757
0.42201820015907288 0.11246452480554581 0.90825384855270386
0.41250524396713928 0.099590023588061724 0.93341489090858165
0.39063850045204163 0.12320671230554581 0.89604675769805908
0.38918351300491522 0.086560938194043563 0.89971258451980596
0.20747199654579163 0.081306099891662598 0.46492496132850647
0.190711488845282 0.10623200542162135 0.46601859908730342
0.17580092856929169 0.078402610127749323 0.44657833437694905
0.18217698969039051 0.069463114161807407 0.48006266093765837
0.39699378609657288 0.089362695813179016 1.3765460252761841
0.15388311445713043 0.29651600122451782 1.2573443651199341
0.031789928674697876 0.2379833459854126 0.42354312539100647
0.11213508248329163 -0.051597975194454193 0.84068787097930908
0.088512770119865386 -0.030075413674500982 0.83018675813981524
0.083992355812934225 -0.036894349503441136 0.87176488758643389
0.16086834989890159 0.039259916411495697 1.2817649111060727
0.12411716342831615 -0.0087924666287495599 1.2993086208239597
0.16893357926771235 -0.027150928485379901 1.271939737457676
0.17192537823357251 0.02379581469310791 1.3051064251594262
-0.15333534413239866 0.13549189283865945 0.39941043781957181
-0.15210899710655212 -0.041893370449542999 0.43648254871368408
0.071205334581695423 0.11701337745553173 0.76595557416841009
0.12317481637001038 0.2182995080947876 0.43291199207305908
0.10874506142747413 0.19790768296519132 0.45266527598861395
0.32312598824501038 0.1764904111623764 0.90453064441680908
0.30329719185829163 0.2100292295217514 0.91325867176055908
0.26030555367469788 0.082923494279384613 1.3807269334793091
0.26709883630037484 0.073379914528977463 1.3316665361047471
0.24337592720985413 0.046607572585344315 1.3753253221511841
0.24371558395009457 0.095962927987403218 1.3597141556498173
0.61554539203643799 0.0043102214112877846 1.1331073045730591
0.53397190570831299 0.084296785295009613 1.3655902147293091
0.54038822650909424 0.11521109193563461 1.3700152635574341
0.52087975124118213 0.10241289371178362 1.3438738498792953
0.24121680855751038 -0.08580818772315979 1.0326129198074341
0.25249305367469788 -0.08177986741065979 1.0655413866043091
0.13978685432439905 -0.016380773183486446 0.95809993230458701
-0.34310782324825484 0.3977166579297054 0.8400502480783435
-0.24149931682403436 0.19541885307847143 0.92239197921627203
-0.29970475671193042 0.051018525092790076 0.71828564983617249
-0.26427555560571281 0.080639644040341754 0.79035261051922134
-0.014904954635554739 0.12751884034885441 0.73006295701474044
-0.053275489073583808 0.22101105925428055 0.74971267657077756
-0.10588133575213284 0.18710128105889284 0.69730494032207035
0.13909366182735766 0.14352002402695657 0.61822851582270011
0.15418706912583985 0.10969380805398793 0.65000122906437352
0.19019141793251038 -0.0015491025988012552 -0.12314879894256592
0.16428199410438538 -0.018028594553470612 -0.12052428722381592
0.15229604916273332 0.017372910552610536 -0.098325339031960252
0.15127143429936191 0.019952307130802573 -0.13538843814519524
0.027392261095716946 0.0067615976948482764 0.49963943310605519
0.019759475284912269 -0.015866009442535554 0.57521659034586747
-0.19285757839679718 0.46509513258934021 0.69185370206832886
-0.16890099745763484 0.44469643744716381 0.73953741185641808
-0.15784630179405212 0.46717032790184021 0.69005316495895386
-0.17670615017414093 0.48856315016746521 0.70390814542770386
0.34301665298994183 0.16123266189611468 1.0412346049637047
0.25628486275672913 -0.026451485231518745 0.74068176746368408
0.24951758980751038 -0.036674872040748596 0.77046692371368408
0.04685597649632154 0.52067666359407294 0.8212658705096777
0.47072425484657288 0.20993766188621521 1.1112567186355591
0.44625678658485413 0.21875724196434021 1.1065264940261841
-0.081155965326213303 0.49847856887203246 0.79653974015525897
-0.030355327130282092 0.48962749735491329 0.80221481513275994
-0.046982731943249804 0.4426991968222837 0.77155772649617971
-0.056043941468499656 0.49607027619693567 0.75606626480730754
0.22966590523719788 0.35877189040184021 1.0264483690261841
0.0039035718198550864 0.4850007053379578 0.84765841116449092
-0.22438313348776759 0.37822541079529792 0.87955616886025167
-0.24023219903739459 0.34768004639894379 0.88203799626491775
-0.26940231559672034 0.024203284235279583 0.52942708838595443
0.080610424280166626 0.044074669480323792 -0.014506218023598194
0.070127636194229126 0.025855675339698792 0.010975958779454231
0.071989208459854126 0.011146203614771366 -0.014628291130065918
0.10185653433764952 0.025575586863497354 0.0090682237552122125
-0.095343965346286016 0.40769946019960501 0.75716643638810099
-0.11327943413556343 0.43362424108920289 0.71152127974807033
-0.078402875109591055 0.39422537992884227 0.69954660877236952
-0.13624272909696231 0.1297481665404252 0.98829502625605203
-0.17987436546104205 0.19095981047273353 0.98182252602952202
-0.13303618752196433 0.19968858297996223 1.0173274282018392
-0.022661061957478523 0.2667919397354126 0.45378604531288147
-0.052446220070123672 0.2673412561416626 0.45543399453163147
-0.015865522070025881 0.25684389144772474 0.48240651359538389
0.36038904439396796 0.25757122497080576 1.1134881217564951
0.30058875679969788 0.29309806227684021 0.97298157215118408
0.29704874753952026 0.31760367751121521 0.99498474597930908
0.27369052142933215 0.28843539004290869 0.9816249972862876
0.29366515645345193 0.10467773622328636 0.83919925575762699
-0.045648429542779922 0.21793325245380402 1.2852984666824341
-0.049745414406061172 0.22470816969871521 1.2550555467605591
-0.069848865270614624 0.21002921462059021 1.2667742967605591
0.097799450159072876 0.04532589390873909 -0.10160338133573532
0.078230053186416626 0.030036589130759239 -0.10904967039823532
0.11180912838542729 0.0024868381755613817 -0.10225289550803777
-0.32164174318313599 0.2194286435842514 0.64272040128707886
-0.31852466934467016 0.22236657778145244 0.6682548426516457
0.076914695682487433 0.019155305355787525 0.84896322071077079
0.082183857291111398 0.020515017713039329 0.98683023109747026
0.073596640376588945 0.019620209922449991 1.0534232124578422
-0.34617790579795837 0.098701111972332001 0.53267401456832886
-0.33093437552452087 0.1254040002822876 0.52672308683395386
-0.34135612845420837 0.1265941858291626 0.55412787199020386
0.027387768030166626 -0.042381636798381805 0.27412903308868408
0.037840042263269424 -0.053734179586172104 0.29228699207305908
0.034793161171014171 -0.029839240038137132 0.30362972454918485
0.18182198703289032 0.14850582182407379 0.34987366199493408
0.24756704801251667 0.10581217975492903 1.2627407009505978
0.25171243176410157 0.044887586850402859 1.190897573576712
0.31110883309985982 0.11101878734952073 1.2439662807447027
0.40745368599891663 0.021461088210344315 1.3569842576980591
0.45448939689298484 0.24286605805794273 1.2783364794101413
0.45630923519795102 0.27575075988079173 1.2846717352911803
-0.013261645101010799 -0.1013111025094986 0.67885315418243408
0.007909923791885376 -0.093559637665748596 0.64754211902618408
-0.020776599645614624 -0.1018909364938736 0.64333069324493408
-0.015978590514860971 -0.067311287625122229 0.64245600415393467
-0.022032012903642005 0.11678985392202615 1.1273114276358567
0.012611596448974938 0.14635667039296185 1.1783054331482801
0.58919491660160217 0.091762916906739697 1.1756749241818389
0.41362586617469788 0.25769767165184021 1.1361590623855591
0.44190803170204163 0.24005851149559021 1.1352435350418091
0.42056329253387964 0.21348641206532057 1.1126444391875938
0.055532604455947876 0.2786327600479126 0.48717227578163147
0.033956672996282578 0.2631908655166626 0.45992007851600647
0.033755708246926669 0.25322336327291878 0.4901016987329791
0.0080396244302392006 -0.040916837751865387 1.1912127733230591
-0.012262194417417049 -0.036461271345615387 1.1725665330886841
-0.015329211950302124 -0.023430265486240387 1.1941424608230591
0.011653383936084127 -0.016379481113766348 1.2017063809118165
-0.22493156790733337 0.026313416659832001 0.44035828113555908
-0.18898687359237387 0.041015115268658218 0.44140014370289482
0.17925849556922913 0.37580069899559021 1.0124713182449341
0.17671487536161179 0.34624158933582255 1.0269544282671264
0.00096716906409710646 0.6002269983291626 0.94215887784957886
0.024786138907074928 0.5872570276260376 0.91942328214645386
-0.26098808646202087 -0.075859449803829193 0.65764343738555908
-0.28591331839561462 -0.063164137303829193 0.66682922840118408
-0.19935020804405212 -0.098076239228248596 0.72173035144805908
-0.034753250046612928 -0.040156665998865963 0.57702473041198066
0.64771091938018799 0.019111247733235359 1.1268206834793091
0.62698185443878174 0.0058361017145216465 1.0992633104324341
0.21766488254070282 0.1255565881729126 0.51616394519805908
0.18492734728962218 0.13698381902750231 0.48402999767228883
0.036596183640053313 0.13119870221739152 1.279457730051651
0.040385269147126104 0.16288783080788716 1.3317736786459098
0.22241698822359524 0.061793060852586353 1.3433553535325788
0.23571279060125785 0.12107295984995342 1.3236274897087941
0.58412754535675049 0.19776114821434021 1.3430987596511841
-0.20742209763279426 0.021191237063959454 1.0146474672121419
-0.22272241284589522 0.0081143717754102156 0.96500016209543893
-0.24192985892295837 -0.005791099276393652 1.0009356737136841
0.17566509180963169 -0.044734444767102886 1.0237442623886113
0.14565939229039651 -0.056592553496765535 0.97688132411254958
0.15120521187782288 0.31571158766746521 1.1737262010574341
0.15842977667815203 0.28798448555570888 1.2157173965042469
0.18984542741518212 0.29313689479647376 1.1716099147367163
-0.10539741596116219 -0.060661033987568655 0.57309847220497634
0.072057674038554495 0.24565305603419119 1.1296864727890499
0.50536167621612549 0.040320973843336105 0.87053406238555908
0.51939213275909424 0.032752614468336105 0.89067566394805908
0.50638401508331299 0.058601003140211105 0.90025818347930908
0.42081278562545776 0.14676626026630402 1.3846026659011841
0.39006632566452026 0.16019399464130402 1.3865557909011841
0.31386710634642312 0.21246526163106969 1.2575405069384167
0.25535263981951167 0.22471985818706541 1.3024733219992983
0.67835819721221924 0.10587272047996521 1.2946368455886841
0.67717564105987549 0.11548575013875961 1.3220721483230591
0.19902624189853668 -0.078789137303829193 0.87257874011993408
0.18971839547157288 -0.063133619725704193 0.84438049793243408
0.17123235762119293 -0.067253492772579193 0.86632263660430908
0.21716547653435264 -0.049176899733423367 0.87236117666309909
0.18203559517860413 -0.009666813537478447 0.65828430652618408
0.19205168933833536 0.015200066273010938 0.68906727135418611
0.16258753077816748 0.02328764212376002 0.65873752142074471
0.16219916939735413 -0.018547428771853447 0.67888367176055908
-0.092569209635257721 0.38709220290184021 0.63432806730270386
0.16512122750282288 0.31085929274559021 0.71757996082305908
0.16832557320594788 0.28833732008934021 0.70522034168243408
0.17797675728797913 0.28397330641746521 0.73424255847930908
0.15211633734183305 0.30148631379692442 0.73344905043397057
0.16061218442941591 0.3303844724925456 1.0678734153978837
0.20351751488020636 0.014416764740836897 0.6694715372154747
0.24186530709266663 -0.0046008946374058723 0.66322815418243408
0.094375029222849058 0.15900615446798186 0.41704455213490116
0.11363716386884853 0.14961856409367796 0.38204559937928584
0.12666594345593959 0.13183536925641853 0.4210865615243285
0.036629866913875458 0.098528187307252491 1.3274170843237247
0.068906694141636984 0.09354582518188409 1.2819810583632012
-0.034167286104079042 0.12214237351232447 0.33781345928602302
0.031003733951003993 0.14153442098069996 0.35045604058014113
-0.47157463431358337 0.16422232985496521 0.90273010730743408
-0.45572838187217712 0.15747794508934021 0.92601501941680908
-0.43850581061739674 0.1542909489767291 0.91414462025246079
0.098951488733291626 -0.060417555272579193 0.87190735340118408
0.082594059407711029 0.45941883325576782 0.89803045988082886
0.092153690755367279 0.43787342309951782 0.92497748136520386
-0.11813541096665713 0.12745075475439341 1.125474330443891
-0.14412102103233337 0.6561352014541626 0.97758978605270386
-0.17741687233009346 0.63240083038465189 0.93891410730408542
-0.21740135550498962 0.6844249963760376 0.94319641590118408
0.41510303397508252 0.24896587853729693 1.3124139956991434
-0.083612293004989624 0.2635570764541626 0.45891299843788147
-0.066812366247177124 0.2492748349905014 0.43471255898475647
-0.10828017884003022 0.2484752386145091 0.57263754009904355
-0.072829957785946114 0.28543564755833412 0.54527922189387112
-0.023351112639314813 0.27548239061103913 0.54183568106905555
-0.083154536783695221 0.6430431604385376 0.81404608488082886
-0.041215755045413971 0.6504589319229126 0.82347601652145386
-0.072252131998538971 0.6626049280166626 0.83647650480270386
0.52445042133331299 -0.018211754038929939 1.1543780565261841
-0.10814079642295837 0.44422107934951782 0.93816107511520386
-0.093614429235458374 0.40998035669326782 0.93938177824020386
0.12512794137001038 0.30301627516746521 1.1913348436355591
0.11418738961219788 0.30811271071434021 1.1629840135574341
0.064738765616472266 0.041178211828602769 0.50953702692594072
0.095920989508219673 -0.012608339036594415 0.47935476522824505
0.094498686790590272 -0.043275308873702074 0.90669267344744475
0.67011851072311401 0.15326650440692902 1.1940203905105591
0.085628043080829552 0.29147774179788039 0.73520470841627761
0.017692616165148604 0.25153927638526652 0.81941930675080576
0.088818559751411841 0.28900756416059298 0.80954871839892784
-0.014673083089292049 -0.095268614590167999 0.41765320301055908
0.36656013131141663 0.30255848169326782 1.2185565233230591
0.32067721170725011 0.27255518392075412 1.2211807973515989
0.33101478219032288 0.30689197778701782 1.2176409959793091
0.34941688179969788 0.29959830641746521 1.1888324022293091
-0.49563774466514587 0.20987662672996521 0.84499084949493408
-0.49867424368858337 0.21448478102684021 0.81544983386993408
-0.50850093364715576 0.23508414626121521 0.83891785144805908
0.12533365351182957 0.032313709459111578 1.3238499927567042
0.44742258524106432 0.15166763293173735 1.3507916945784106
0.40624824166297913 -0.018913665786385536 1.3377276659011841
0.37306122059638747 0.0038713421325924278 1.3203095972664385
-0.32437312602996826 0.40064197778701782 0.90974920988082886
0.074865482747554779 0.10395015776157379 0.19762146472930908
0.10165992379188538 0.10437740385532379 0.18910707533359528
0.091575402512032153 -0.013747884170544679 0.62188666562371675
0.035724754892423681 0.018911003035751637 0.62106010335846962
-0.13516412675380707 0.1731029748916626 0.39165225625038147
0.079453672310472248 0.48524461356244802 0.78064649641320571
0.42191138863563538 0.29083976149559021 1.3098040819168091
0.38978400826454163 0.29215198755264282 1.3123065233230591
0.40335583334625835 0.2613727752297087 1.279736140616043
0.47309699654579163 0.095100007951259613 1.3718768358230591
0.49841132760047913 0.074012361466884613 1.3660784959793091
0.45722785592079163 0.060523588210344315 1.3645831346511841
0.11228725523233078 0.11185925171215205 1.3314511705853143
0.10995308309793472 0.073066309094429016 1.3636676073074341
0.13664069771766663 -0.052818696945905685 1.3089495897293091
0.1807382797162119 -0.038007116159596087 1.3182658328678616
0.67822092771530151 0.14112052321434021 1.2242633104324341
-0.40185741657539392 0.43123335330819473 0.83296278362557963
-0.40456569194793701 0.47159537672996521 0.82762634754180908
-0.38385948538780212 0.47037467360496521 0.80125921964645386
0.15312781929969788 0.23236806690692902 1.3160601854324341
0.14209571480751038 0.20996816456317902 1.3243914842605591
0.0079637117307456498 0.081522665064034494 0.81868683809221565
-0.47525200247764587 0.25299796462059021 0.75584900379180908
-0.46940025687217712 0.2201000303030014 0.75938904285430908
-0.45050224661827087 0.2326732724905014 0.73930847644805908
0.45200935006141663 0.27622178196907043 1.2003680467605591
0.46462836861610413 0.28845933079719543 1.2286883592605591
0.48550167926340698 0.26120372681162568 1.2302576555826394
-0.12462792545557022 0.31226310133934021 0.54073065519332886
-0.092676021158695221 0.32385978102684021 0.54100531339645386
-0.12217446319274189 0.28441838044029505 0.54112800450326903
-0.31550327807609463 0.13993692273601968 0.67659757111690477
-0.33443139225979607 0.16246440629578301 0.71309463367921233
-0.29550293784196408 0.11355787803100215 0.69659289507567668
0.31192603707313538 0.26374015212059021 0.96648132801055908
0.25802558661826608 0.25708736563466844 0.94544896658997601
0.28792396187782288 0.28443107008934021 0.94395935535430908
0.29601112008094788 0.25589713454246521 0.93745911121368408
-0.52671992778778076 0.34973868727684021 0.79387390613555908
-0.47542895377948086 0.33187783793767911 0.78925369202671225
0.15066352486610413 0.33621940016746521 0.70140564441680908
0.15578283369541168 0.31128653883934021 0.68517029285430908
0.13299115106282058 0.30390617822928584 0.71522545134321147
-0.10592827200889587 0.19242055714130402 1.1905719041824341
-0.22853131005440508 -0.06051185427832137 0.62178282054859668
0.10349097847938538 0.1514354944229126 0.26707947254180908
0.060277403219548352 0.1812079116167698 1.2322993386731256
-0.35612666606903076 0.42389637231826782 0.91740912199020386
0.15869727730751038 0.37342032790184021 1.0368243455886841
0.15912450850009918 0.35965690016746521 1.0651446580886841
-0.23446161075247468 0.13101556568111633 0.5072261092789675
0.59889042377471924 0.0013805358903482556 1.0821124315261841
-0.098321773111820221 0.095771424472332001 0.32146182656288147
-0.10712608695030212 0.060798287391662598 0.33034241199493408
0.16448035836219788 0.32968863844871521 1.1442462205886841
0.14729344796953736 0.29064432758401587 1.1388488942463821
0.18155747482974069 0.30976327697961126 1.1382368449169036
-0.37518483400344849 0.29309803247451782 0.68538397550582886
0.10635963082313538 0.05265011265873909 -0.072398059070110321
0.23499122262001038 0.26743274927139282 1.3119403123855591
-0.24339470267295837 0.48279532790184021 0.71941107511520386
0.35091987252235413 0.0036998847499489784 0.73451721668243408
-0.055004816761121483 0.27876843190867862 0.87733328672807298
-0.066885913942725514 0.22523792470152115 0.88739415745415207
0.66384708881378174 0.12799794971942902 1.3493243455886841
0.68420994281768799 0.14435537159442902 1.3270159959793091
0.14935889840126038 -0.0095142163336277008 0.45226013660430908
0.16460242867469788 0.013618108816444874 0.43953430652618408
0.15628638863563538 -0.0065540098585188389 0.42314636707305908
0.13251749084927605 0.014879148818772305 0.43252114925317509
0.13080422580242157 0.16907460987567902 1.3428241014480591
0.11295905709266663 0.14752919971942902 1.3562213182449341
-0.16319180154515381 0.1120515338935426 1.0407246704299211
0.15589728951454163 0.25815543532371521 0.56038391590118408
0.16767707467079163 0.2355419397354126 0.57494080066680908
0.030859140679240227 0.20557363331317902 1.3371478319168091
0.0039044900331646204 0.17429311573505402 1.3472796678543091
-0.11266501992940903 0.2552257776260376 0.45961490273475647
-0.10189315149292374 0.2600101278928913 0.51054528228790552
0.21387305855751038 0.32489737868309021 1.1871539354324341
-0.53315150737762451 0.31946524977684021 0.83150207996368408
-0.53845393657684326 0.34448966383934021 0.85069763660430908
-0.53741633892059326 0.33905753493309021 0.81682312488555908
0.27136817574501038 -0.049339670687913895 0.79347717761993408
0.24124732613563538 -0.050072092562913895 0.80116760730743408
-0.17093834280967712 0.41846424341201782 0.92220038175582886
-0.15893730521202087 0.38825184106826782 0.91756170988082886
-0.1717513160678508 0.411259889091598 0.88577192317135056
-0.14135521689141634 0.40226179627507874 0.90125224478008525
-0.25172600150108337 0.51294666528701782 0.73766058683395386
-0.22932781349012069 0.49667445920389203 0.75689826204467625
0.35816016793251038 0.21005971729755402 1.3616229295730591
-0.065492488443851471 0.52579456567764282 0.72505682706832886
-0.085679858922958374 0.55533558130264282 0.74333685636520386
-0.10070214420557022 0.53134876489639282 0.72768133878707886
-0.074574590750174335 0.52965674398958162 0.75925376928439481
-0.059007323541240213 -0.10423215619256344 0.82743022352617135
0.064475615310161105 0.39402095903566392 0.72976653434872341
0.10401121140557515 0.022801405425053635 -0.1530017820963486
-0.061052177101373672 0.078193262219429016 1.2531024217605591
-0.060396045446395874 0.094581201672554016 1.2809344530105591
0.44936680505538007 0.076550114363151275 1.1144704480712151
0.27910438179969788 0.31598624587059021 0.95638000965118408
-0.31078327367022973 0.027411042809229715 0.62253115829148431
-0.14731010794639587 -0.092308409512042999 0.57829773426055908
-0.17621788382530212 -0.089378729462623596 0.60118591785430908
-0.14582237601280212 -0.097496397793292999 0.60780823230743408
-0.24892601370811462 0.28382071852684021 0.59621161222457886
-0.23339256644248962 0.31818351149559021 0.60530585050582886
-0.22264418413588782 0.27007294625590317 0.61151835776528884
0.24116880180683919 0.012787236076215704 1.0378629385274334
0.25880179884882343 0.074354617620116165 1.1198882960138132
0.27922172031744169 0.091585108687989955 1.0401636746610281
-0.086398874525247638 0.36384608711269567 0.90353930336484722
-0.054177858297528039 0.38509906784010822 0.86951532287976119
-0.12494492438949047 -0.023519567213763137 1.0215734687761744
-0.1732540119127518 -0.015270224978173957 0.99090210774325416
0.016058113425970078 0.48841053247451782 0.92924994230270386
-0.014360282570123672 0.47360950708389282 0.94405096769332886
0.0065401062342132317 0.44122071698157012 0.92968949513704358
0.40288367867469788 -0.041038911789655685 1.3198443651199341
0.039408565512217532 0.066333531687306643 0.37392232870790998
0.079816476360208069 0.044595265413591323 0.16592124145129519
0.18363013863563538 0.0047070151194930077 -0.44410216808319092
0.19530311226844788 -0.011101092211902142 -0.41974917054176331
0.17871680855751038 0.0087658502161502838 -0.40848815441131592
0.16361917847709134 -0.028135610250036153 -0.42143834274870456
0.37492208758675105 0.12972204918306082 1.0118370418234039
-0.39408083304245356 0.42337656277590219 0.79351946288397435
0.43863502144813538 0.17310293018817902 1.3713885545730591
0.2645265163698311 0.16098131584686573 0.84776333377829549
-0.12947258353233337 0.051612496376037598 0.35286438465118408
0.12715736031532288 0.38373526930809021 1.0208941698074341
0.0037137542385607958 0.26605948805809021 1.0969134569168091
-0.013536307029426098 0.24668081104755402 1.1176959276199341
0.11166709096275551 0.39252915464133953 0.9387630501583123
0.025755073875188828 0.43347889184951782 0.96196478605270386
-0.16801066503463069 0.33727734248133107 0.84028220473954007
-0.18754816448914299 0.38699557936086826 0.84325342190943908
-0.216903159260731 0.38018301546955291 0.78369100152573057
0.055647041648626328 0.5174633264541626 0.88390082120895386
0.048005236522949926 0.50302827236523528 0.86176024725545297
0.018346717219897474 0.52015076377646441 0.87917886728365879
0.15382972359657288 0.39166983962059021 0.96962463855743408
0.15502479778484807 0.37142871366057129 0.94901809747260824
0.0057051507427604547 0.41126059363707501 0.87902833443328132
0.021179430476921463 0.43286059327674459 0.83435551438902467
0.049302866059267716 0.45122502793549801 0.86786944109472197
0.048318772974041253 0.39817839115792486 0.85330136503727527
-0.41044026613235474 0.29892688989639282 0.71111023426055908
-0.38884907960891724 0.31168323755264282 0.69844549894332886
-0.40974599123001099 0.32837635278701782 0.71346008777618408
-0.001581049058586359 0.6361461877822876 0.82045477628707886
0.023031378164887428 0.6075817346572876 0.81432074308395386
0.032377388328313828 0.6174389123916626 0.84679144620895386
0.0081415289329790416 0.60394377853942038 0.86440883257537693
0.17367377877235413 -0.028099410235881805 0.22163879871368408
0.15231910347938538 -0.036766402423381805 0.20949280261993408
0.15569129586219788 -0.045677535235881805 0.24031555652618408
-0.22214683890342712 0.51093250513076782 0.72646063566207886
-0.21123678982257843 0.48511466383934021 0.70906561613082886
-0.19192679226398468 0.50971180200576782 0.71935003995895386
-0.38231834769248962 0.33075672388076782 0.90755194425582886
-0.40133313085123734 0.3307953320739706 0.88130282097448198
0.075079113245010376 -0.053795214742422104 0.25905334949493408
0.18544593453407288 0.23413808643817902 1.3173114061355591
0.11614814400672913 -0.046318430453538895 0.77660095691680908
0.1313377340202079 -0.013701165662824883 0.78434116459387015
0.10922436652340903 -0.024520568861745438 0.75200271811641428
0.48795905709266663 0.012183746322989464 1.3452655076980591
0.46687141060829163 0.027595121413469315 1.3573809862136841
0.46161454396701879 0.015562328302067984 1.3167348258414524
0.51726017042680872 0.10664024192013856 1.3001908344595061
0.54823626361156319 0.06917456969222148 1.3234945445827229
-0.21001162746609742 0.10478207179523137 1.0464464832669738
-0.24725517630577087 0.067634217441082001 0.43678772449493408
0.19198432564735413 0.2026134729385376 0.50835144519805908
0.17638219892978668 0.2126232385635376 0.48802673816680908
0.19236578047275543 0.1937023401260376 0.48000061511993408
0.17225100939739429 0.18440690731488932 0.48047971052924821
0.24686222716478684 0.16736240379845502 0.81606779441179156
0.16387763619422913 -0.034141916781663895 0.76378357410430908
0.15079322457313538 -0.043266672641038895 0.79497253894805908
0.47192969918251038 -0.034691251814365387 1.3036700487136841
-0.25209626439865307 0.57153170460855185 0.90805983230638954
0.12107496797269773 -0.004183298986782439 0.83012486379605499
0.27450370454441209 0.29647697218209912 1.1001738451256315
0.25662276193394784 0.32252345662980181 1.1009745193646672
-0.20137199759483337 0.53238636255264282 0.73399847745895386
0.58386814594268799 -0.0064930077642202377 1.2639971971511841
0.61081516742706299 0.0073009384796023369 1.2601519823074341
0.34014145514267413 0.2634097801150197 1.1691295413747367
0.033842239528894424 -0.044334731996059418 -0.44938170909881592
0.057211074978113174 -0.064384780824184418 -0.44959533214569092
-0.048686445922643304 0.16546038490222464 1.1167156609260793
-0.032129146158695221 0.41022449731826782 0.96095770597457886
-0.039865348488092422 0.44733387231826782 0.95161932706832886
-0.0076998211443424225 0.44065052270889282 0.96019476652145386
-0.046365592628717422 0.36768299341201782 0.96101874113082886
-0.061781271668652341 0.34143165041287732 0.90997007113433792
-0.20680412650108337 0.37216910719871521 0.62758368253707886
-0.20520958304405212 0.34104117751121521 0.60524481534957886
-0.17070183157920837 0.35562857985496521 0.60194891691207886
-0.036716901070223802 -0.083721109262838087 0.72992309580909565
-0.26354393362998962 0.30442005395889282 0.90593451261520386
-0.26787742972373962 0.016486732289195061 1.0099383592605591
0.10780921578407288 0.1914440393447876 0.37245666980743408
0.10565021131653471 -0.018542574146296301 -0.19475788118027706
0.057109675556301642 0.3770729980932756 0.69475198204669419
0.35899180173873901 0.23273429274559021 1.0117694139480591
0.31955145329866586 0.24538115794294979 1.0170680465502426
0.16596046090126038 -0.08846321702003479 0.93498718738555908
0.17812171578407288 -0.08348885178565979 0.90239441394805908
0.037809517234563828 0.27011832594871521 1.1386004686355591
0.034920205411523061 0.2458514754631598 1.1098629604495343
-0.27474391460418701 -0.004082114901393652 0.98671448230743408
-0.24701866507530212 -0.02883186936378479 0.97395813465118408
-0.25960885152920943 0.0019786346723659415 0.95549759714540872
0.19228187203407288 -0.00096927693812176585 0.066578984260559082
0.16351905465126038 -0.020256387069821358 0.084065556526184082
0.16714177306940092 0.034412488646062681 0.055904548722393192
-0.11483019344268384 -0.0025363898267176045 1.0614028839512473
-0.11941704154014587 -0.049858484417200089 1.0427447557449341
0.40028968453407288 -0.06649056077003479 1.1048175096511841
-0.39766667833475966 0.077068672298205881 0.93797127485848719
-0.41703662211681347 0.12366091219576462 0.92408063911057059
0.056192489352353256 -0.042129425123531995 0.32397809505779518
0.034345772117376328 0.6210705041885376 0.92516058683395386
0.043028023093938828 0.6116100549697876 0.89192694425582886
0.009741946731903043 0.63758680741098606 0.91280362488786893
-0.31112083792686462 0.1269603967666626 0.50359076261520386
-0.017518848180770874 0.14331777393817902 1.3476763963699341
-0.030351491644978523 0.11374624073505402 1.3317462205886841
0.026418834924697876 -0.083641432225704193 0.81990540027618408
-0.0029543330892920494 -0.1011585146188736 0.79802429676055908
-0.29282557964324951 0.51044422388076782 0.92192572355270386
-0.31438624858856201 0.52060657739639282 0.90654486417770386
-0.29147517681121826 0.53797107934951782 0.91804999113082886
-0.27627620620765797 0.5202847186853039 0.88954601128341604
-0.15137657523155212 0.12165030092000961 1.1893817186355591
-0.16894707083702087 0.094794832170009613 1.1709491014480591
-0.13867761566845316 0.11662344465108317 1.1577529321854154
-0.21325096487998962 -0.05150642991065979 0.96898376941680908
-0.18674644827842712 -0.07952156662940979 0.94283020496368408
-0.16324792802333832 0.2298656553030014 0.46690860390663147
-0.13323388993740082 0.2344432920217514 0.44875064492225647
0.62071506688568145 0.052796037955231141 1.2486243270747561
-0.068536616861820221 0.7164684534072876 0.90767395496368408
-0.041597221046686172 0.7137218713760376 0.92097961902618408
-0.074479907751083374 0.7293468713760376 0.93980896472930908
-0.096490703523159027 -0.085533536970615387 0.98830139636993408
-0.098312131213252385 -0.075993006151481093 0.96207318789778018
0.34249465547301916 0.054756202625441501 0.87234782670232169
0.33469298280967569 0.047947680511024132 0.93087882076270578
0.26394185862630826 -0.070043791319475968 0.89214144644131843
0.25041022896766663 -0.092918775975704193 0.89833557605743408
0.22473421308438146 0.29577298033787308 0.98057852775191001
0.25903290928408373 0.3248440840149121 1.0072099438493116
0.24023766865411195 0.32856577471955783 0.96714295203512424
-0.28678575204498274 0.23395540576683715 0.70465407148967996
-0.33652556866800165 0.22495488439171851 0.70061965393455616
-0.15245069928714972 0.36633958760425045 0.88180431604508724
-0.19384178519248962 0.1499706506729126 0.40871158242225647
-0.15754543372332927 0.12638404897800001 0.44061463689843539
-0.067482162731445333 0.22646738981721454 1.0249302966485685
-0.32232078909873962 0.46256217360496521 0.74513739347457886
-0.29445061087608337 0.46607169508934021 0.73347967863082886
-0.14338861405849457 -0.11382331699132919 0.86876404285430908
0.28094306588172913 0.079688660800457001 0.70021545886993408
0.29427924752235413 0.051765073090791702 0.69072449207305908
0.30695167183876038 0.071662537753582001 0.71944153308868408
0.014013438485562801 0.055732376873493195 0.21016418933868408
0.44502845406532288 0.11997183412313461 1.3785296678543091
0.45570438140044089 0.11501108349934558 1.3492135459458856
-0.38318046927452087 0.0015636408934369683 0.88115417957305908
-0.35975059866905212 -0.014030842110514641 0.89650452136993408
0.26003852486610413 0.067390069365501404 0.64418518543243408
0.24493232369422913 0.059150326997041702 0.62218201160430908
0.23538032174110413 0.085334412753582001 0.62624084949493408
-0.17822592927540717 0.084918356883167276 0.42816119014220444
0.57687205076217651 0.24649772047996521 1.1974688768386841
0.59944736957550049 0.22660025954246521 1.1822100877761841
-0.20993219316005707 -0.086388014256954193 0.88802063465118408
0.59306925535202026 0.28025013208389282 1.2508136034011841
0.56612223386764526 0.27655750513076782 1.2413836717605591
0.58764475584030151 0.26306873559951782 1.2238970994949341
0.60251086723571978 0.2531332270309784 1.2517957481875615
-0.31483635306358337 0.077003106474876404 0.49867737293243408
-0.38668999075889587 0.2416759580373764 0.90685003995895386
-0.41228660941123962 0.24030265212059021 0.90556824207305908
-0.40492424368858337 0.26868396997451782 0.90501892566680908
-0.034318774938583374 -0.06630745530128479 1.0543719530105591
-0.0068758418783545494 -0.08220711350440979 1.0288287401199341
0.38650336861610413 0.064307764172554016 1.3703509569168091
0.36531918406869401 0.082143377563088787 1.3398255145684068
0.39519930644844603 0.085616357642509661 1.3551846460224002
0.35851874947547913 0.1495739072561264 0.90700256824493408
0.37815012902844625 0.12468790825862555 0.93464898469730895
0.40360084176063538 0.30750232934951782 1.2841998338699341
0.43314948678016663 0.30255851149559021 1.2813311815261841
-0.44419273734092712 0.16495475172996521 0.77068054676055908
-0.41914543509483337 0.1420665830373764 0.76497375965118408
-0.41202720999717712 0.1628490537405014 0.74788391590118408
-0.42768316230716663 0.17235364612042889 0.78655771625293902
0.37331767223627227 0.20770929597385468 1.282824052055288
0.094228893518447876 0.31082877516746521 1.1367083787918091
0.10405692877729038 0.2811636130579564 1.1313234638236853
0.60710776164783786 0.19342069094661737 1.1840495563268227
-0.076150745153427124 0.5640331506729126 0.93773382902145386
-0.092920161783695221 0.5441356897354126 0.93721503019332886
0.58904850482940674 0.16388663649559021 1.1277362108230591
0.58630397744447593 0.16235490561430954 1.1656317195330073
-0.097078174352645874 0.58591419458389282 0.76472967863082886
0.17491738498210907 0.067542687058448792 0.12035096436738968
0.18369881808757782 0.051551472395658493 0.10100281983613968
0.43834510445594788 -0.046287912875413895 0.84166443347930908
-0.093942485749721527 -0.12676277756690979 0.85689270496368408
-0.10476097464561462 -0.12691536545753479 0.82225525379180908
0.10493014850041285 -0.010898972272810645 -0.27800395470185713
0.072134166955947876 0.023933080956339836 -0.27747619152069092
0.093542248010635376 0.028419164940714836 -0.29874694347381592
-0.13777437876527782 0.2562501207430119 0.72905684561878181
-0.070828612420630932 0.24467637058475616 0.64463137166466145
-0.26152214407920837 -0.069267645478248596 0.60243713855743408
-0.27520927786827087 -0.067711248993873596 0.63249695301055908
-0.49721705913543701 0.41193351149559021 0.88255798816680908
-0.47767055034637451 0.42768058180809021 0.87190735340118408
-0.46853053569793701 0.41812857985496521 0.89845764636993408
-0.46660196369020907 0.39508544715868699 0.87803867297174676
0.13667794487822313 0.28500433995856878 0.75953113097164671
-0.045030441135168076 0.028541170060634613 1.2206927537918091
-0.019967883825302124 0.0046153864823281765 1.2340594530105591
-0.010592474886666455 0.0218064936337844 1.1900710598817923
-0.0099359674426082231 0.043983397826343112 1.2366171122591356
-0.22637617664023796 -0.02961317976971737 0.80758541711689347
-0.20728518317482389 0.033118952700477676 0.81851128800521211
-0.23392662405967712 0.091529481112957001 0.42088806629180908
0.049467239528894424 -0.050255145877599716 -0.34699523448944092
0.037603527307510376 -0.028160423040390015 -0.36023986339569092
0.089698127630745902 -0.019273123325415184 -0.34269699788195712
0.56744968891143799 -0.014152917079627514 1.2047320604324341
0.59739506244659424 -0.0027088248170912266 1.1987506151199341
0.20058266818523407 0.1432567834854126 0.69533264636993408
0.20582404732704163 0.1276623010635376 0.67848694324493408
0.18604260940434267 0.099060882610389436 0.70607707965486566
0.17548535013678346 0.12219783760832062 0.67898607003644307
-0.26706108450889587 0.25098377466201782 0.92332953214645386
-0.23049339652061462 0.34903678297996521 0.62190741300582886
-0.24913200736045837 0.37338981032371521 0.64330023527145386
-0.25835591554641724 0.33780631422996521 0.62791937589645386
0.17383399605751038 -0.022423161193728447 0.70967590808868408
0.21665282897374077 0.0061336328826091377 0.71776402915788318
0.17555126529742093 0.0047803184718675984 0.76165071321163125
0.20611396431922913 -0.020622625946998596 0.71541321277618408
-0.13291344046592712 0.17813833057880402 1.1496478319168091
-0.14670738577842712 0.16135366261005402 1.1610003709793091
-0.13537673058509644 0.15563435190550481 1.1336178126942091
0.19088569283485413 0.32138785719871521 0.81700623035430908
0.20125404000282288 0.28861197829246521 0.80247986316680908
0.21507085859775543 0.2930675745010376 0.83568298816680908
0.18272744479986047 0.30483827262248148 0.84433915436398155
0.020803600549697876 -0.092979796230792999 0.61971008777618408
0.036527782678604126 -0.091820128262042999 0.59383118152618408
-0.1489271980889123 0.038487388435237427 0.88215742903420813
-0.021921016275882721 0.7108837366104126 0.94783508777618408
-0.010003901086747646 0.7032543420791626 0.90916931629180908
-0.00058922829339280725 0.6950145959854126 0.94099915027618408
0.22198692671223055 -0.027500490168049223 1.3118764578394499
-0.34344304878383758 0.33877996575688996 0.83289100927730308
0.33715778407870406 0.0016443534470659319 0.9031657901975908
0.36020553627315655 -0.0021083153088222637 0.95514274780334152
-0.16166914662542964 0.012748143405360795 1.0388379795394649
-0.14901909232139587 -0.034202966839075089 1.0422564744949341
-0.16168388724327087 -0.011864099651575089 1.0629168748855591
0.54314722719796671 0.047170048479325814 0.99027894659050397
0.27528191487184528 -0.046046610785422736 0.8657743097647268
0.28884630558309954 -0.0054195577012311393 0.90423559767778661
0.27787171189307813 0.029947069905772197 0.84038373199107408
-0.12250312557140494 0.14538045374120362 1.1614532299685882
0.19778703334826739 0.12234100439902618 1.1851169450156591
-0.25806602835655212 0.1538158655166626 0.46852600574493408
0.095953136682510376 0.24243886768817902 1.3176165819168091
0.10279669612646103 0.27344471216201782 1.2972918748855591
0.037870556116104126 0.039893753826618195 0.16103088855743408
0.032034069299697876 0.020850785076618195 0.16823303699493408
0.038862377405166626 0.019477494060993195 0.14354431629180908
0.05472498026625687 0.021105595483002559 0.150604074205585
-0.20305046439170837 0.31351432204246521 0.58650702238082886
-0.18234428763389587 0.33206900954246521 0.58751410245895386
-0.19658126049451677 0.3184413746931874 0.61916499981369044
0.18927587568759918 0.1817089319229126 0.45540344715118408
0.20516029000282288 0.1667248010635376 0.47932925820350647
0.20181861519813538 0.1237560510635376 0.39702335000038147
0.18804755806922913 0.14923824369907379 0.38307678699493408
0.19676032662391663 0.1173473596572876 0.36485779285430908
0.3255222240829847 0.044191495866754159 1.0339906323325716
0.42699256539344788 0.057471856474876404 0.81145209074020386
0.41065803170204163 0.074958421289920807 0.82982367277145386
0.39776341581260094 0.049580875122524709 0.82476068355115384
0.009138256311416626 0.028327589854598045 0.21199524402618408
0.025488050654530525 0.01123774703592062 0.18932068347930908
-0.13141044974327087 0.37836414575576782 0.92357367277145386
-0.074233754248716033 -0.0038865175598485385 0.73667515826118601
-0.20586801241661978 0.21544281598577122 0.6631613127970033
-0.12135651680685559 0.24672147055546118 0.63585205683661661
-0.0045303051558215823 0.64244881403940268 0.87445334274553677
-0.20950387185919667 0.55723725971824545 0.91811846851047929
-0.22993941379068347 0.057882471631900058 1.0411655254369898
0.21208016574382782 0.1557689905166626 0.50847351551055908
0.21729102730751038 0.1357799768447876 0.48302188515663147
0.33184638619422913 0.18964345753192902 1.3684588670730591
0.32411780953407288 0.21372182667255402 1.3500262498855591
0.34562964109335387 0.19679152964166599 1.3286432994602613
-0.35903343558311462 0.1020275205373764 0.56007879972457886
-0.36139854788780212 0.1035533994436264 0.58910101652145386
-0.52282893657684326 0.28284412622451782 0.85887634754180908
-0.48214931322160343 0.26674562480252284 0.83372214562086244
-0.52263820171356201 0.26200065016746521 0.83168518543243408
0.29181537090473064 -0.058586567519860362 0.97774000252068916
0.24855323728770298 -0.040399320054057192 0.99014187709832024
0.29223998195369821 0.0088457216257209915 0.99905706397614036
0.3027790109424211 0.0026971642073536366 0.95483194573134877
0.012056426243445386 0.093586244739754715 1.0972423146199173
0.30339637398719788 -0.083580389618873596 0.88115411996841431
0.28858771920204163 -0.075950995087623596 0.84871399402618408
0.27561011910438538 -0.085625067353248596 0.87459290027618408
-0.12512714688205256 0.084171621385710826 0.43326473433057722
-0.11962881791979003 0.12494880448519963 0.41758641640589667
0.27655616402626038 0.025153715163469315 1.3704425096511841
0.28662696480751038 0.060004789382219315 1.3787432909011841
0.30417457222938538 0.037482816725969315 1.3709002733230591
0.14621170874095785 0.28400469884414159 0.70081323744564816
-0.0050650760202183079 -0.061402038641910357 0.94485455764810233
-0.0060442378744482994 -0.10250129550695419 0.97133362293243408
-0.02887957951570148 -0.070348284472399158 0.9839993417854449
0.068891674280166626 0.012214323505759239 -0.12980163097381592
0.072302013635635376 0.027991913259029388 -0.15372741222381592
-0.42598137259483337 0.04715690016746521 0.89421570301055908
-0.44227775931358337 0.074561692774295807 0.87688171863555908
-0.080988497848559798 0.25103076815974823 0.98553504193264907
0.52817356586456299 0.18271598219871521 1.3483477830886841
-0.30215464823570959 0.50063198337462456 0.88610600270889561
-0.30683311820030212 -0.049156572669744492 0.84383118152618408
-0.31700310111045837 -0.042381666600704193 0.81111633777618408
0.18008247017860413 -0.07479134202003479 1.1207782030105591
0.16121497750282288 -0.07405892014503479 1.1440020799636841
-0.24278435111045837 -0.078270331025123596 0.62852966785430908
0.43486610054969788 0.13428458571434021 0.95894354581832886
0.24620709199863131 0.01858654280009895 1.321060309482442
0.21825682082825382 0.052326016001876016 1.2958187957724518
-0.41417869925498962 0.04221305251121521 0.93694031238555908
-0.38997825980186462 0.03644523024559021 0.96239203214645386
-0.10186884581578354 0.073548336737803394 1.1664792406820552
-0.45301997661590576 0.39304313063621521 0.91481506824493408
0.60257548093795776 0.28501087427139282 1.2857867479324341
-0.026120374073069129 -0.016355926690012079 0.6787525675264785
-0.036475389855383178 0.05041666836175461 0.68865360031452361
-0.39466270804405212 0.024238204583525658 0.80833929777145386
-0.37118706107139587 -0.0013355253031477332 0.79921448230743408
-0.36387166641880603 0.040695026645061742 0.7795450035956607
-0.37533087654511899 0.035605002199163134 0.82541121570229292
-0.15238365530967712 0.39502677321434021 0.63954657316207886
0.41782203316688538 0.047828275710344315 1.3633624315261841
0.43897453481658039 0.076221562002251858 1.3514800375641338
0.67848789691925049 0.20191152393817902 1.3373004198074341
0.69481480121612549 0.17517812550067902 1.3124591112136841
0.64481009954631696 0.17825128380460389 1.3291713963131078
0.57215702533721924 0.095038965344429016 1.3734027147293091
0.10301795601844788 0.45716056227684021 0.74068182706832886
0.20333686470985413 0.061744332313537598 0.33632388710975647
0.19939246773719788 0.024634959176182747 0.35088077187538147
0.032446056604385376 0.074836380779743195 0.19737732410430908
0.087904132902622223 0.022193580865859985 -0.33622252941131592
0.051672130823135376 0.0052258078940212727 -0.34058654308319092
0.074575573205947876 0.010535867884755135 -0.37092101573944092
-0.3673836302331232 0.36370571292402576 0.72866455631890803
0.20303931832313538 0.044562943279743195 0.20869934558868408
0.20158210396766663 0.012855181470513344 0.19304382801055908
0.19991889595985413 0.011512406170368195 0.22261536121368408
-0.40387862201869096 0.2104445182299062 0.8709548920881881
0.14574693121730009 0.075421863030332228 0.67010822682152094
0.1047623842312544 0.28628849294455727 0.9721984506869028
0.068274665308612259 0.26581446876641057 0.89790860234626302
0.29792612791061401 0.32822379469871521 1.0257769823074341
0.28028693795204163 0.34171256422996521 1.0440570116043091
0.27822703123092651 0.34003409743309021 1.0112811326980591
-0.11921346895027374 0.43995412346161206 0.88403061500837687
-0.36734947562217712 0.2075878232717514 0.68709295988082886
0.67180460691452026 0.10459098219871521 1.2199298143386841
0.62352980718443629 0.10484397667281618 1.2382203320025915
-0.17969690263271332 0.2041088193655014 0.45097842812538147
-0.18110416147112962 0.15695196373339504 0.45338731714089386
0.10562720894813538 0.42032584547996521 0.95091736316680908
0.26852884716496012 0.16582133706371105 0.87893414121571967
0.29702464309859128 0.13942706394261653 0.85832922816061363
-0.38303551077842712 0.053413018584251404 0.68535345792770386
-0.35828074711364194 0.038970629361733983 0.71100503090908695
0.20321479439735413 0.25727042555809021 0.78587830066680908
-0.088487468659877777 -0.105400450527668 0.54616272449493408
-0.11778435111045837 -0.098289854824542999 0.52995789051055908
-0.12021812051534653 -0.098595030605792999 0.56169617176055908
-0.19489725835539284 -0.05757456677310293 0.63134982681860796
0.15174689888954163 -0.030205113813281059 -0.016642453148961067
0.15729617735640997 0.027406103745402689 -0.0050517000798631223
-0.081364911170439924 0.2766535003489789 0.59999586548275108
0.35743501344765666 -0.0024747367110683795 1.0079899381217332
-0.48079094290733337 0.16782340407371521 0.84602844715118408
0.33937392835851937 0.0083097344308868844 1.3372893093725082
0.38591592309378409 0.020151555673221487 1.3376029712343995
0.17401710152626038 0.2249828577041626 0.51289856433868408
0.66412937641143799 0.11917838454246521 1.1514483690261841
0.048080659319405618 0.17060122444555176 0.40940393737014946
0.2411015853526442 0.054643550156287253 0.95138446701274404
0.24888850669018783 0.14849123058757363 0.92549199215752198
-0.15802177786827087 -0.01647222600877285 0.42107117176055908
0.56652653217315674 0.016242586076259613 1.3257342576980591
0.40337195992469788 -0.067680753767490387 1.1703082323074341
0.38078895211219788 -0.079216398298740387 1.1960955858230591
-0.21546350136183623 0.49481038852898479 0.81808558260906106
-0.17419609427452087 -0.084709540009498596 0.56139099597930908
-0.18423273152762668 -0.055741178633786762 0.57493547384365062
0.10487952083349228 -0.07601204514503479 1.1265765428543091
0.074323803186416626 -0.07015267014503479 1.1394549608230591
0.09997032637572198 -0.052259583264158346 1.1293816393788461
0.20254340767860413 0.025062194094061852 0.57845032215118408
0.18242469429969788 0.0090404646471142769 0.59343445301055908
0.2032573227628009 0.055612371605308977 0.59308249946075364
0.43947425484657288 0.26193958520889282 1.1665850877761841
0.19373910129070282 0.1236034631729126 0.32866394519805908
0.42666601526144965 0.075672368249599373 0.90038759374393995
-0.33120034042733582 0.10911538462142174 0.69591721030269094
0.16274085640907288 0.39517936110496521 0.93944275379180908
0.19888131320476532 0.092048287391662598 0.30803409218788147
0.16457378000163836 0.099139893111760288 0.32638420647131877
0.17633181099017936 0.079051378290794921 0.29775001691864539
-0.35298329591751099 0.29245716333389282 0.67067450284957886
-0.33651143312454224 0.31989246606826782 0.66490668058395386
-0.3160589172588319 0.30079774263643516 0.67588834736158254
0.35662879192356683 0.25505392182766212 1.2998642014186168
0.29186072945594788 0.31507068872451782 1.2196856737136841
0.24870887398719788 0.31964832544326782 1.2098284959793091
-0.42776665091514587 0.1853405088186264 0.74559509754180908
-0.43592606829898678 0.19986840527434185 0.76650426413089867
-0.072676918302979482 0.46808437014204779 0.8347600123221196
-0.25002699296077263 0.2092278840058735 0.60830036128503506
-0.27935492876004098 0.19470127102824772 0.61617132117786744
0.35317820310592651 0.29138907790184021 1.0933123826980591
-0.30150780081748962 0.26593738794326782 0.90981024503707886
-0.076666966774553633 0.1334029274328403 0.8432671999161353
-0.19735895097255707 -0.093346022069454193 0.86211121082305908
-0.19081291556358337 -0.095634840428829193 0.83061707019805908
-0.22539697587490082 -0.081810377538204193 0.85374939441680908
0.24855630099773407 0.112952820956707 0.72105896472930908
0.25031104683876038 0.095527283847332001 0.69286072254180908
-0.21354851126670837 0.1617199033498764 0.43236267566680908
-0.054338306188583374 -0.12676277756690979 0.82503235340118408
-0.030526963993906975 -0.1167529970407486 0.80559265613555908
0.17045415937900543 0.2066723108291626 0.45964539051055908
0.1717512534075501 0.16644535556007903 0.45438420934134505
0.14590756009501932 0.19817148260280343 0.46466207285843036
-0.0014732689332525191 -0.021433029706439056 0.73544944699899295
0.062717064282876822 -0.037393628669695658 0.69864319634974603
0.077522099824270982 -0.012623658746688244 0.73140561478639166
-0.20252405107021332 0.20517690479755402 1.0094805955886841
-0.18629632890224457 0.19861564040184021 1.0419512987136841
-0.21739374101161957 0.18585927784442902 1.0362750291824341
-0.20139601565269169 0.15436244499766949 1.0126819185084142
0.16920293867588043 0.2474437803030014 0.66826355457305908
0.16285528242588043 0.27524527907371521 0.65083801746368408
0.14109549536964569 0.27989359395758406 0.66829243634553392
0.046056896448135376 0.36395987868309021 1.0242816209793091
0.053960945457220078 0.34979972243309021 1.0454913377761841
0.023290781304240227 0.34055289626121521 1.0291949510574341
0.069813223639578426 0.33941055762511835 1.0220917480604719
-0.33101086760725285 -0.0011262469647708975 0.71832345543356091
-0.33588882316481167 0.019303868427311164 0.67775684286225268
-0.35770592093467712 -0.011070627719163895 0.69270813465118408
0.10009392998018725 0.33514496880493316 0.99160176450908843
0.064583836874966688 0.30839044094020968 0.99861759976673858
0.30848741808187935 0.0039193195904887778 1.1526780485440795
-0.46682554123744119 0.40398065748761958 0.82930441183768844
-0.43066295364729729 0.41713042638636971 0.80369851605816134
-0.011819696985185146 0.6778637170791626 0.96837347745895386
0.12155738472938538 0.29553943872451782 1.2439776659011841
0.099844120442867279 0.28391224145889282 1.2660113573074341
0.056071306961035253 0.12865464432674528 0.39525400216480117
0.56718266010284424 0.024421313777565956 0.96754944324493408
0.54705631732940674 -0.0078662857413291931 0.97099792957305908
0.57722294330596924 0.0038524633273482323 0.99834167957305908
0.55545939887707685 0.012320955934690278 1.001230139229899
0.064146190881729126 -0.036033980548381805 0.19008360803127289
0.099409252405166626 -0.040153857320547104 0.19768249988555908
0.098303242677499889 -0.013606675221297397 0.18426935186143478
0.14890876412391663 -0.040123313665390015 -0.25821959972381592
-0.39077934622764587 0.071357347071170807 0.73433417081832886
0.18956457509250046 0.11329118618340162 0.43040119213233174
0.20463724291470059 0.046000368459054829 0.64385865348675553
0.37486091256141663 0.018836576491594315 1.3568316698074341
-0.39407276462377883 0.051258626314928321 0.89712077974486137
-0.35992732982719611 0.029161159555335707 0.91952794895114276
-0.0071581299416720867 -0.100426085293293 0.61812317371368408
-0.22483909665269647 0.18284050640620952 0.9720397927362816
0.10478796809911728 0.29486808180809021 0.53447449207305908
0.13416877388954163 0.27963981032371521 0.54320251941680908
0.084999880343256062 0.014189860140422226 0.5834343014602883
-0.20369894802570343 0.16687735915184021 1.0883074998855591
-0.040743532378623 0.30971995092698101 0.63215000992016557
-0.047562038899382111 0.36137435934445339 0.63331567341141648
0.22098365426063538 0.1047435849905014 0.67287170886993408
0.22244851291179657 0.1202159970998764 0.70418274402618408
0.58481419086456299 0.039374910295009613 1.3439532518386841
0.39234748482704163 -8.4321392932906747e-05 1.3470965623855591
0.38075080513954163 -0.024925630539655685 1.3358966112136841
0.17085853219032288 0.20639760792255402 1.3260089159011841
0.20447364449501038 0.20255240797996521 1.3323565721511841
0.17082801461219788 0.073676712810993195 0.14976991713047028
-0.24369224905967712 -0.06667366623878479 0.91649353504180908
0.28259864449501038 -0.0067676729522645473 1.3623553514480591
0.31059089303016663 0.010535795241594315 1.3628741502761841
-0.30273613333702087 0.17612418532371521 0.97063177824020386
0.19114509224891663 0.021094942465424538 -0.19300353527069092
0.18704810738563538 -0.007225369568914175 -0.18702208995819092
-0.11258670415559727 0.10762929808372555 1.1875387957429435
-0.20531639456748962 0.22336538136005402 0.98140448331832886
-0.19665793976686324 0.21805062834790159 0.94284985410662914
0.15419593453407288 0.016517315059900284 -0.40268981456756592
0.25065436959266663 0.000709133455529809 1.3670855760574341
0.26486793160438538 -0.029594821855425835 1.3547564744949341
0.56120884418487549 0.062781885266304016 1.3594256639480591
-0.15435968339443207 0.60245472192764282 0.78011053800582886
-0.18490777909755707 0.60098987817764282 0.78026312589645386
0.36796393990516663 0.28888663649559021 1.1608172655105591
0.38253608345985413 0.27506217360496521 1.1292315721511841
0.40211310982704163 0.27756461501121521 1.1625262498855591
0.37332183603377123 0.24132390175454987 1.1463013759522991
0.48260322213172913 0.29779773950576782 1.2611285448074341
0.51674479246139526 0.28610950708389282 1.2553302049636841
-0.12012657523155212 -0.101219542324543 0.59703552722930908
-0.098230205476284027 -0.1049121767282486 0.57948791980743408
-0.20153569178386196 0.15470727240897916 1.0545719572066998
0.051748417317867279 0.38629874587059021 1.0040484666824341
-0.072037412188298094 -0.073688187933441326 0.55481881805308164
-0.28209096193313599 0.2360912412405014 0.59734076261520386
-0.070801445585487774 -0.088731235180342843 0.74116670200246992
-0.12866449681539593 -0.034157596427705529 0.90692520244053221
0.16918006539344788 0.2348400354385376 0.54286682605743408
0.14838233590126038 0.25922355055809021 0.53340637683868408
0.60566532611846924 0.001502602593973279 1.1655780076980591
0.17952552437782288 -0.021721217781305313 -0.21564757823944092
0.056158720148499736 -0.019348892337635464 0.48472963776826433
-0.22358879446983337 0.024512853473424911 1.0495501756668091
0.092023998498916626 -0.079338431358337402 0.40681946277618408
0.077772289514541626 -0.083855032920837402 0.38887512683868408
0.092559842646052076 -0.053761703337604085 0.38672816381378333
0.37753883004188538 -0.07683601975440979 1.0157366991043091
0.41357246041297913 -0.06539192795753479 1.0087786912918091
0.019086986780166626 0.1412426233291626 0.26466858386993408
0.026380687952041626 0.12543453276157379 0.24001039564609528
0.042196422815322876 -0.017357198521494865 -0.41434752941131592
0.037695080041885376 -0.027580587193369865 -0.38959777355194092
0.037428054958581924 -0.048881851136684418 -0.41688048839569092
-0.18731463337790802 0.27282094782846855 0.80877155379115151
-0.18543080586668267 0.33654201618729973 0.74968942849882259
0.16223731637001038 -0.066185325384140015 -0.42493715882301331
0.1723204106092453 -0.064995259046554565 -0.46171420812606812
0.031652595847845078 0.6384044885635376 0.87108343839645386
0.64707005023956299 0.06665763258934021 1.3188983201980591
0.64893925189971924 0.044654455035924911 1.2886248826980591
-0.23127920925617218 0.45508536696434021 0.69814032316207886
0.58618748188018799 0.20532950758934021 1.1603900194168091
-0.11835734430155684 0.67244834127121134 0.88510823165224528
-0.077635336630116833 0.69170092865070998 0.91443410474554121
0.063665539026260376 -0.015861844643950462 -0.18729674816131592
0.074361950159072876 0.024390840902924538 -0.19993102550506592
0.17588632124769496 0.072925395041861629 0.61324543035342582
0.13440390003626909 0.048468232962411477 0.63442958950765749
-0.16756162597404731 0.1265627341828407 0.49446413226885272
-0.45041832327842712 0.2005077451467514 0.75139343738555908
-0.13139519095420837 0.41220816969871521 0.65767401456832886
0.2019448330191663 0.051893614190692189 1.2310527340562041
-0.10871887617342114 -0.038577771516509311 0.67565699134467594
0.25827613472938538 0.15891227126121521 0.78291809558868408
0.24805273115634918 0.18637809157371521 0.79744446277618408
0.51952183246612549 0.13443717360496521 1.3650103807449341
0.38819712400436401 0.18424186110496521 0.99074280261993408
0.36510291695594788 0.17951163649559021 0.95653259754180908
0.37166059657415873 0.17461820004597578 0.99931382315336637
-0.066882318687827416 0.32950644880157148 0.59018524615343393
0.0095578739419579506 -0.07497444748878479 1.0582171678543091
0.028227003291249275 -0.08702889084815979 1.0310870409011841
0.035591298648270292 -0.060869773596520904 1.0364781023036092
-0.073762744665145874 0.34421497583389282 0.95241278409957886
-0.19458185136318207 0.2096935361623764 0.47475162148475647
-0.19613677085285389 0.18055469351746414 0.47700506349811539
-0.21353667209214527 -0.060467789086859014 0.68323240617160375
-0.17678466078329014 -0.023089527641287313 0.66917775933294843
-0.18872246146202087 0.44672352075576782 0.92906683683395386
-0.22372612357139587 0.45389515161514282 0.92686957120895386
0.55476200580596924 0.23804435133934021 1.3268634080886841
0.54191410541534424 0.26770740747451782 1.3200885057449341
0.018757646746175766 0.15053372886423638 0.45112118447094857
0.33905619382858276 0.29355582594871521 1.0497332811355591
-0.25247368216514587 -0.076256178319454193 0.72969543933868408
0.16766944527626038 -0.066215910017490387 1.2936602830886841
0.18997777998447418 -0.068169035017490387 1.2709552049636841
0.16705907881259918 -0.069755956530570984 1.2547503709793091
-0.37687095999717712 0.013984302058815956 0.73927795886993408
0.11200289483903356 0.32846270296360541 0.69153432539299264
0.33531779050827026 0.25043448805809021 0.99052917957305908
0.20106330513954163 -0.047905370593070984 1.3418170213699341
0.19853093327648083 -0.0034547827560827741 1.319296038881939
-0.039720386266708374 -0.1061633974313736 0.61833679676055908
-0.43020366557364831 0.28625178305738042 0.87609266850184175
-0.45197041882632416 0.31699766950073827 0.85241102291844706
-0.22075067460536957 0.1939464807510376 0.48265564441680908
-0.24970422685146332 0.1796947717666626 0.49275696277618408
-0.23233972489833832 0.1716076135635376 0.46089661121368408
-0.083940356969833374 0.068275086581707001 0.31081116199493408
-0.1835926186401885 0.38297301868478129 0.88910366585361444
0.33499732613563538 0.27249866724014282 1.3208514451980591
0.32300903952839116 0.22795868974373693 1.3107252561696447
0.31857123970985413 0.24381215870380402 1.3322955369949341
0.30257239937782288 0.27033191919326782 1.3146563768386841
-0.20151267036191772 0.24463314495313757 0.90667214673000163
-0.17284621392036675 0.28768730798605685 0.90316062086346027
-0.16402522405833725 0.24284800316040023 0.87259870838105269
-0.25602135062217712 0.25226551294326782 0.58501166105270386
-0.016313401982188225 -0.09151497483253479 0.99950134754180908
-0.038820113986730576 -0.08205452561378479 1.0167132616043091
0.18385139107704163 -0.055961932986974716 -0.40534487366676331
-0.13749432466882505 0.28225529302348512 0.60527719190244922
0.065977245569229126 0.2283703088760376 0.42226138710975647
0.058561470359563828 0.2452770322561264 0.44600406289100647
-0.0066240732558071613 0.052558545023202896 0.23436462879180908
-0.0043199961073696613 0.017005568370223045 0.24071228504180908
-0.40951713919639587 0.45044669508934021 0.79533874988555908
0.026304394006729126 -0.041313566267490387 1.2152301073074341
0.043943554162979126 -0.046135343611240387 1.2374469041824341
0.052892837673425674 -0.057762537151575089 1.2089434862136841
0.058932361223356294 -0.031762015878800537 1.2200905121140759
0.077245868742465973 0.058600977063179016 1.3553973436355591
-0.37079036235809326 0.50379139184951782 0.87032049894332886
0.16556373238563538 -0.013817233964800835 1.3544512987136841
-0.094629138708114624 0.32392078638076782 0.94786566495895386
-0.11749443411827087 0.32068592309951782 0.94026678800582886
-0.099730394628734592 0.31942548566734097 0.90946803081856142
0.32110828372725697 -0.022373103627445851 1.3011891314408357
0.38377207517623901 0.10797841846942902 1.3853961229324341
0.32458323240280151 0.28281363844871521 1.0022479295730591
0.069532535970211029 0.25937610864639282 1.3089190721511841
0.069471500813961029 0.27930408716201782 1.2735491991043091
0.36016669869422913 -0.053551092743873596 0.81026178598403931
0.38748756051063538 -0.057396315038204193 0.83287531137466431
0.39633487418438756 -0.026400752813668295 0.81312762747944212
-0.35188469290733337 -0.016685862094163895 0.66191589832305908
-0.32959923148155212 -0.035759344696998596 0.65428650379180908
-0.34140190482139587 -0.019188301637768745 0.62996399402618408
0.11934486031532288 0.42215690016746521 0.91869080066680908
0.11843519150159316 0.39890053276549353 0.89678567592045799
0.67370426654815674 0.065711595118045807 1.1480609178543091
-0.46776942290058521 0.35703241489212062 0.83468314754036499
0.068885795468094715 0.17204450004118021 0.37357678954111828
-0.22801385819911957 0.54660755395889282 0.74629706144332886
0.14442266523838043 0.2213817834854126 0.45531189441680908
-0.28724846243858337 -0.0046924464404582977 0.52415955066680908
0.15912452340126038 0.36444815993309021 0.78273499011993408
0.1206801672249838 0.337979870619946 0.7748271819706678
0.57295054197311401 0.28244739770889282 1.3055926561355591
0.091138795588340468 -0.025809472143224318 0.95775771996791992
0.11815796266532409 -0.0093437133857336707 0.92410094603565529
0.071752904319871191 0.0090772228592103672 0.91025213396927895
0.65584519283814147 0.23297300010593164 1.2621413165106909
0.66012400388717651 0.23297841846942902 1.2120867967605591
0.14532294869422913 0.052131317555904388 -0.13630186021327972
0.17543616890907288 0.04523434117436409 -0.14713561534881592
0.16735664010047913 0.044410370290279388 -0.11695372313261032
-0.076463557779788971 0.6192699670791626 0.95973700284957886
-0.0037783074658364058 -0.10936775803565979 0.93504822254180908
-0.032625049352645874 -0.11019173264503479 0.94810974597930908
-0.13851343095302582 0.25501212477684021 0.47697940468788147
-0.22035483221990149 0.064325205064975549 0.62811225557739236
-0.17961724353462369 0.1175614131308123 0.66925564763459389
-0.28662282228469849 0.32703360915184021 0.63734930753707886
-0.2904725685112069 0.29240153233223559 0.66338454991539098
-0.26812157034873962 -0.06401863694190979 0.89391052722930908
-0.26436790823936462 -0.05577889084815979 0.92546570301055908
0.055894135979054661 0.092135481763101046 0.96164250035507626
-0.051301325628240253 0.097532998127542458 0.53255356445169577
-0.088973111301171873 0.41723719266919007 0.82398126819249196
0.010236887261271477 0.22116811573505402 1.3182269334793091
-0.42695793509483337 0.2107921689748764 0.72997009754180908
0.43329447507858276 0.20679435133934021 1.0752459764480591
0.40720957517623901 0.20783194899559021 1.0457659959793091
-0.0420822454947858 0.33921697812817425 0.67388027517008775
-0.030365621592794774 0.37443401367338691 0.67639372633511052
0.19619575142860413 0.017158167436718941 -0.030802605673670769
0.18870368599891663 0.034095421433448792 -0.062998652458190918
0.19061103463172913 -0.0013354823458939791 -0.059183955192565918
0.084394603967666626 0.089362747967243195 0.16981995105743408
-0.18670034793571824 0.57247429957625295 0.87526884987300102
-0.1449228313728643 0.53896732395253266 0.91559313130679254
0.22205178439617157 0.1684032529592514 0.74327576160430908
-0.43534266948699951 0.36347156763076782 0.91795837879180908
-0.42017540335655212 0.32746082544326782 0.91463196277618408
-0.16414055228233337 0.29929310083389282 0.93541449308395386
-0.25679954886436462 0.40146598219871521 0.66945379972457886
-0.23658737596765719 0.36875710219910712 0.71370950338071837
-0.32740196585655212 0.100959412753582 0.50871771574020386
-0.38392841498854646 0.11849036461909516 0.95172515611722341
0.21986211836338043 0.32877311110496521 0.87666809558868408
0.20418371260166168 0.35391959547996521 0.88774597644805908
0.26730501258504502 -0.047966293481638791 1.0768901943950393
-0.26310905814170837 0.60962635278701782 0.82054632902145386
0.17169012129306793 0.1898571252822876 0.43080627918243408
0.14669465465734635 0.1706447342227283 0.43223847878789168
-0.20392784476280212 -0.08306160569190979 0.91942322254180908
-0.21940025687217712 -0.06810799241065979 0.93687927722930908
-0.051614612340927124 -0.1130603700876236 0.68480408191680908
-0.080545268952846527 -0.11385383456945419 0.67027771472930908
-0.079706043004989624 -0.1188281923532486 0.71443665027618408
-0.095236200060383677 -0.089160612596995106 0.70051898919107769
-0.31774318218231201 0.43228870630264282 0.91710394620895386
-0.29690730571746826 0.41104847192764282 0.91124457120895386
0.053983837366104126 -0.081993483006954193 0.88268005847930908
0.039991527795791626 -0.080223463475704193 0.85561096668243408
0.12701240181922913 -0.045372359454631805 0.22099792957305908
0.13643470406532288 -0.033775676041841507 0.18361389636993408
0.49043098092079163 0.21417960524559021 1.1285601854324341
0.51878178119659424 0.21430167555809021 1.1418353319168091
-0.065400928258895874 0.042853955179452896 0.30049622058868408
-0.055854795338336274 0.084465387077544377 0.31289140536532661
0.23145881295204163 -0.095726393163204193 0.96992981433868408
0.26462379097938538 -0.09191170334815979 1.0012408494949341
0.26654636859893799 -0.097435377538204193 0.96104919910430908
0.25115943397583396 -0.067939547789759289 0.95395249438286256
-0.32779866456985474 0.07770499587059021 1.0212603807449341
-0.32361778616905212 0.042762365192174911 1.0110675096511841
-0.089616633951663971 0.6162487268447876 0.78944891691207886
-0.04965813094230094 -0.090559484719409833 0.70071906754632818
0.037847664207220078 0.32395133376121521 1.0643512010574341
-0.080774158239364624 0.37424427270889282 0.94231146574020386
0.41402827096786649 -0.029352791675271897 0.95273051823474797
0.44201484322547913 -0.052574537694454193 0.92058289051055908
0.11850562691688538 0.029853492975234985 -0.31638610363006592
0.085714489221572876 -0.055443186312913895 0.77968323230743408
0.057752761989831924 -0.068321600556373596 0.77354919910430908
0.059759289026260376 -0.065544500946998596 0.80333435535430908
-0.10885033011436462 0.1755748987197876 0.37599673867225647
0.21666540205478668 -0.064506925642490387 1.2679949998855591
-0.10014075188084012 0.16726610470347358 1.0420882344446736
-0.33031639456748962 0.53119617700576782 0.81950873136520386
0.054601818323135376 -0.0037158399354666471 -0.39600646495819092
0.13795295357704163 -0.029747381806373596 0.69838440418243408
-0.13831506669521332 -0.1100696474313736 0.66072571277618408
0.086340092122554779 -0.079338431358337402 0.51170837879180908
0.10645881295204163 -0.055778868496417999 0.50734436511993408
0.18913093209266663 0.28421744704246521 0.76759827136993408
0.17455878853797913 0.31107291579246521 0.74971497058868408
0.17029216532443134 0.049643661011690994 0.18187838221544295
-0.18403802812099457 -0.097038649022579193 0.88344299793243408
-0.13539122859112784 -0.050549381492313673 0.96427281109445995
0.08113811848547238 0.031013838545511336 1.22710382232487
0.40601938962936401 0.22632560133934021 1.0701800584793091
0.37836283445358276 0.23661002516746521 1.0449420213699341
-0.29125389456748962 0.2286754697561264 0.92955511808395386
0.18655711472051795 -0.010574907080977889 0.98148093747925202
0.15316596627235413 0.042152073234319687 -0.22550475597381592
0.17581763863563538 0.036170627921819687 -0.24595153331756592
0.13328376412391663 -0.031212212517857552 0.45546448230743408
0.14171424508094788 -0.030113581568002701 0.42387878894805908
0.12225928157567978 -0.050377249717712402 0.43837463855743408
0.11076405807030576 -0.012353131659311092 0.43566590785928566
0.041738651692867279 0.5709606409072876 0.89220160245895386
-0.072421526737277642 0.58463787264120937 0.91385676575290886
-0.50122249126434326 0.36032828688621521 0.89778625965118408
-0.18073448538780212 -0.09319344162940979 0.91118347644805908
-0.26896770678677501 0.050537425657644339 0.61731936947851163
-0.11413599897212325 0.45629535417492317 0.771242138036074
-0.10192587982914114 0.50203937274469923 0.74318607949297932
-0.08703652532989789 0.46101139137462055 0.72487770932785112
0.23866956328992317 -0.041909907430002169 0.90850595603479822
0.024770855510134318 0.38948046013270654 0.72330956846052585
-0.30833607912063599 0.1961132138967514 0.62151068449020386
-0.29956227540969849 0.2201000303030014 0.61531561613082886
0.19057288765907288 0.25620231032371521 0.74937927722930908
0.15453276056391976 0.26177371057087873 0.72675871729340213
0.16691717653404875 0.25982048595190538 0.77635741984965956
-0.084649890661239624 0.1743847131729126 0.36015811562538147
0.023789526889336894 -0.067682085853470797 0.63267811755729886
-0.19471916556358337 0.34070545434951782 0.91084784269332886
-0.18354388880317854 0.32509287693104749 0.8896528083237103
0.27250933636906605 0.21581499155189016 0.94124003893073471
0.21418160719005169 0.20542034073906845 0.95792048794722662
-0.014985889196395874 -0.036796927452087402 0.31172668933868408
0.0035764279309660196 -0.029899951070547104 0.28133118152618408
-0.018533557653427124 -0.013634082861244678 0.28917419910430908
-0.032232634691143791 0.057280299115885572 1.1112504411990769
-0.086946345865726471 0.7262645959854126 0.97411072254180908
-0.096605159342288971 0.6988598108291626 0.99596130847930908
-0.10093510641576645 0.69556048865035713 0.95536624764332556
0.026908172945307226 0.0079263187442296882 0.95912229459975462
-0.031914943750207952 0.30342376565281126 0.57772647754898809
-0.028779838234186172 0.33765372633934021 0.55122870206832886
-0.025949331000447273 0.037665966898202896 0.25807678699493408
-0.022790759801864624 0.010169629007577896 0.27010071277618408
0.059822911644779229 0.2089533966421471 1.095080054047511
0.10183539241552353 -0.053947813808917999 0.54140198230743408
0.076070934534072876 -0.071434386074542999 0.56749451160430908
0.059571246364057438 -0.04576332286239853 0.56524460989441827
0.38893714547157288 0.039680082350969315 1.3612567186355591
0.41050813674478809 0.050380416980870479 1.3379027179553189
-0.18202385306358337 -0.066521070897579193 0.97227966785430908
-0.1600929642535393 -0.066866630611643219 0.93217434379273711
0.39251533150672913 -0.048637766391038895 0.80022150278091431
0.40545478463172913 -0.022087469696998596 0.77754700183868408
0.24262061715126038 -0.055199068039655685 1.3192950487136841
0.21558967232704163 -0.056419771164655685 1.3203936815261841
0.23239722847938538 -0.039024751633405685 1.3498431444168091
0.16465581953525543 0.28128775954246521 0.67876160144805908
0.099630504846572876 -0.062309622764587402 0.28117859363555908
-0.28846153616905212 0.38098868727684021 0.66866034269332886
-0.11026838435059391 0.56853961372690831 0.91567051162816127
0.10741248726844788 -0.08016243577003479 1.0878192186355591
0.044416572898626328 0.45166736841201782 0.94713324308395386
0.56432926654815674 0.22821769118309021 1.1738482713699341
-0.21058299267377836 -0.061787749724449038 0.8063924104373652
-0.29161247611045837 0.20154532790184021 0.95091742277145386
0.18672004342079163 0.053931828588247299 0.42674744129180908
-0.10359368473291397 -0.068993009626865387 1.0166522264480591
-0.14611229300498962 -0.054710779339075089 1.0147601366043091
-0.028016895055770874 0.099708199501037598 0.26378357410430908
-0.030694814398884773 0.1295238733291626 0.28233826160430908
0.61750614643096924 0.025611495599150658 1.0332232713699341
0.61617100238800049 0.011756513267755508 1.0599871873855591
0.63715946674346924 0.033851239830255508 1.0495806932449341
0.28229276326310232 -0.05595440603116747 0.92395165056250184
0.31725802340532511 -0.056762378482500195 0.89910361622843082
0.14221309326409215 0.053557897075087117 0.024035723467818751
0.131727588645765 0.28465022665881257 1.0398857525642093
-0.10033592581748962 -0.040916834026575089 1.0691729784011841
-0.046777576208114624 -0.11479987949132919 0.74269592761993408
-0.076577998697757721 0.1260448694229126 0.31502261757850647
-0.071657039225101471 0.1570812463760376 0.33482852578163147
-0.099176265299320221 0.1295238733291626 0.33501163125038147
-0.43145927786827087 0.15293081104755402 0.93895447254180908
-0.40822014212608337 0.16794547438621521 0.94002258777618408
0.60541355609893799 0.18195304274559021 1.1465655565261841
-0.17153343558311462 0.0065075112506747246 0.41389954090118408
0.24138521887238462 0.22176277429521393 0.90886648634072675
0.14306334301359608 0.05072701452484029 0.33776704670601759
0.10437961254453454 0.10361995978492122 0.34236209318582705
0.13766303658485413 -0.01897466741502285 0.48283874988555908
0.15872016549110413 0.0075451089069247246 0.47963440418243408
0.12714160403445035 0.0041935429611393397 0.46274475895818845
-0.24433311820030212 0.42768055200576782 0.91737860441207886
0.19084664164378079 0.052579859473219442 1.3193518619465443
0.1521003546433477 0.079149781812675235 1.3209360453874939
-0.21338830888271332 0.58075672388076782 0.76634711027145386
-0.19091974198818207 0.55716663599014282 0.74748724699020386
-0.17142663896083832 0.58014637231826782 0.76125067472457886
-0.1253443272554689 0.18730347988850177 1.0681547673802971
0.038953930139541626 -0.06267586350440979 1.1425372362136841
0.028204115107655525 -0.06603279709815979 1.1115924119949341
0.0030576293356716633 -0.055717863142490387 1.1280719041824341
-0.14023002982139587 0.2750316858291626 0.50453680753707886
0.0031415456905961037 0.6711498498916626 0.94429510831832886
0.0093747610226273537 0.6820141077041626 0.92342102527618408
0.22368078053338186 0.25954281301358462 1.1625330094187074
0.56501113725578633 0.028190072671368801 1.2915559414446094
0.59219944477081299 0.020484529435634613 1.3154803514480591
-0.31977260112762451 0.48990589380264282 0.91438788175582886
-0.31990990042686462 -0.042168039828538895 0.70937073230743408
-0.34253868460655212 -0.024742504581809044 0.71315491199493408
-0.19644587106618167 0.59969562294276857 0.91775354022561539
0.55079472064971924 0.20850333571434021 1.1508074998855591
-0.26664909720420837 0.19040641188621521 0.97890204191207886
-0.098876987955883525 0.17020939612821803 1.1029497347659889
0.25663581490516663 -0.067924894392490387 1.2419940233230591
0.22928443551063538 -0.066460050642490387 1.2404986619949341
0.67043894529342651 0.11972770094871521 1.1878558397293091
0.27187934517860413 -0.095055006444454193 0.92717468738555908
0.41811195015907288 0.23471793532371521 1.1029559373855591
0.38750284910202026 0.24768790602684021 1.0791522264480591
0.38527625699974732 0.2248475174607395 1.112139133705077
0.54122745990753174 0.15314444899559021 1.3625689744949341
0.53451751465104025 0.14050803193009215 1.3344252579163651
0.47453895211219788 0.16211660206317902 1.3637286424636841
-0.23375879228115082 0.5435863733291626 0.93855780363082886
-0.23220759850681655 0.55341067065440874 0.88713502001494171
-0.12769493460655212 0.018867131322622299 0.37303650379180908
-0.14907249808311462 0.043525334447622299 0.37209048867225647
0.061994705349206924 -0.065422452986240387 1.1623736619949341
-0.079126209020614624 0.20825918018817902 1.2002459764480591
0.079396313745407843 0.19827042432214043 0.42374714711584266
0.17958654463291168 -0.032677050679922104 0.29076108336448669
0.15905584394931793 -0.050377242267131805 0.27351865172386169
0.14988196122098524 -0.021678049950538195 0.31380521043914839
0.046384960412979126 -0.036613862961530685 1.2670794725418091
0.027532726526260376 -0.012230318039655685 1.2793170213699341
0.033384472131729126 0.00095335266087204218 -0.47486388683319092
0.13011756539344788 0.1531444787979126 0.28218567371368408
0.15151038765907288 0.28568229079246521 0.60097229480743408
0.15964332222938538 0.25623282790184021 0.59297668933868408
-0.04075604822555403 0.21121005829936423 0.51403616012062292
-0.031465385109186172 0.2269665002822876 0.40056338906288147
0.23476235568523407 0.1368480771780014 0.73262512683868408
0.33245554761740653 -0.057215976618939707 1.268664900418907
0.60940372943878174 0.12146720290184021 1.0808917284011841
0.62695133686065674 0.13272818922996521 1.1071063280105591
0.50242567819945561 -0.00024853182717348929 1.2864236581134363
0.13110474976633846 0.20140346755174832 0.91813852044646782
-0.099595867097377777 -0.10036507248878479 0.95799744129180908
-0.073968730866909027 -0.09542122483253479 0.97520935535430908
0.033552318811416626 -0.081352606415748596 0.75859558582305908
0.012006909586489201 -0.092064283788204193 0.73451721668243408
0.21710029244422913 -0.036217108368873596 0.77373230457305908
0.016857739017290842 0.41698765572948882 0.76657287773971394
0.045364856255182655 0.47134517752015126 0.7431435716357806
-0.10390730254645757 0.021120514894683865 1.1018443799266162
0.29170814156532288 -0.059227366000413895 0.81664001941680908
0.30085866508624992 -0.028462822930801452 0.82239519216361312
0.13570811502563085 0.02004383543575821 0.30474313926030877
-0.075769275426864624 -0.072380430996417999 0.40971863269805908
-0.074482774386026782 -0.053422067682168853 0.43107773182647374
0.083364635705947876 -0.053306907415390015 -0.28812682628631592
0.073316715657711029 -0.048332545906305313 -0.25791442394256592
0.21922887861728668 0.30612903833389282 1.2686358690261841
0.22677436470985413 0.29093128442764282 1.2938739061355591
0.31149116158485413 -0.026420965790748596 0.73820984363555908
0.25861945748329163 0.34995231032371521 1.0294696092605591
0.28815933868065297 -0.013144627360219402 1.3341172697731984
0.45472541451454163 -0.00093878875486552715 0.79454529285430908
-0.21549883278229681 0.15721866528446135 0.45685948059929127
-0.28978145122528076 0.61307483911514282 0.88185614347457886
0.37444892525672913 0.30387073755264282 1.2868548631668091
-0.085832439363002777 -0.1025318056344986 0.48424255847930908
-0.0075852534989026841 0.0047443354346003224 0.29063070954018433
0.60449039936065674 0.030189134180545807 1.0080767869949341
0.59836399555206299 0.06604728102684021 1.0031634569168091
0.58745396137237549 0.037391282618045807 0.98540222644805908
0.5672511761522836 0.035008299284674943 1.0186703638688093
-0.52892482280731201 0.29187735915184021 0.82741272449493408
-0.51659572124481201 0.27799186110496521 0.79686462879180908
0.35340705513954163 -0.026970306411385536 1.3402606248855591
0.11917922224409254 -0.056571182310371892 0.93691037306091551
0.36058631539344788 0.1283031553030014 0.87593567371368408
0.38605323433876038 0.10752067714929581 0.86501038074493408
-0.24181543290615082 0.63208729028701782 0.83742254972457886
-0.20553779174496994 0.62905473013513913 0.86231687734659868
-0.12757286429405212 0.25659900903701782 0.98918646574020386
-0.096322871744632721 0.27973133325576782 0.98430365324020386
-0.10344109684228897 0.25836902856826782 1.0086261034011841
0.13039220869541168 -0.037376746535301208 0.088002316653728485
0.55871403217315674 -0.0082630207762122154 1.1095172166824341
0.22647681832313538 -0.070915617048740387 1.1535235643386841
0.21503272652626038 -0.07421150803565979 1.1189166307449341
0.19839413258112587 -0.042638426940552678 1.1118277058541028
0.089819096028804779 0.12210810929536819 0.21739685535430908
-0.056291427463293076 -0.067375548183917999 0.38823425769805908
-0.087587207555770874 -0.048698782920837402 0.38963806629180908
0.47161689400672913 -0.013878242112696171 0.81779968738555908
-0.16481977269137149 0.20691138959880459 0.49829370338868018
0.055814888328313828 0.27655750513076782 1.2358905076980591
0.048730686907979159 0.2435786090955348 1.2641000104640101
-0.35851463675498962 0.48993644118309021 0.79494208097457886
0.35583291527362937 0.11568917968474424 0.95757830075451245
0.13934911787509918 -0.066063329577445984 1.2757769823074341
-0.36093315482139587 -0.00078620179556310177 0.63875305652618408
-0.33703023195266724 0.1417308896780014 0.61153143644332886
-0.48615443706512451 0.36243399977684021 0.75780212879180908
-0.44705618674839337 0.35417092172072545 0.75653366442576919
-0.46380028128623962 0.34696158766746521 0.74428284168243408
0.57162016985589015 0.22612780854967302 1.2858138417678793
0.61256090396821949 0.21132595743764193 1.2668921104454294
0.56241173622230212 0.24051496243104775 1.2365716404747225
-0.31167775392532349 0.31092029809951782 0.64680975675582886
-0.33023244142532349 0.28687244653701782 0.65306586027145386
-0.39557820558547974 0.27991443872451782 0.69798767566680908
0.12929101800983936 0.0095484705454335211 0.60565838673334604
-0.37723720073699951 0.49546012282371521 0.83009833097457886
-0.35190758109092712 0.51090198755264282 0.81502264738082886
0.058263927698135376 -0.027306001633405685 1.2946673631668091
0.073805004358291626 -0.0078663062304258347 1.3249408006668091
-0.38440880179405212 0.44556388258934021 0.77238959074020386
-0.36375603079795837 0.46643790602684021 0.77766913175582886
-0.48403343558311462 0.32605704665184021 0.75453674793243408
-0.50183284282684326 0.30472525954246521 0.77373230457305908
0.070783043412009958 0.032403422837450027 0.43839522194105496
-0.36271840333938599 0.31925159692764282 0.68254584074020386
-0.34617027640342712 0.34882313013076782 0.68156927824020386
-0.37949544191360474 0.34076648950576782 0.69847601652145386
0.10648933053016663 -0.044487372040748596 0.70644104480743408
-0.23584160208702087 0.25150257349014282 0.93419378995895386
-0.21795830130577087 0.28006702661514282 0.92336004972457886
-0.35556969046592712 0.39798697829246521 0.71526068449020386
-0.35026726126670837 0.42261466383934021 0.73204535245895386
-0.15902122855186462 -0.06661263108253479 0.98753845691680908
-0.15277454464014667 0.41659044484144941 0.79438926561792333
-0.47088801860809326 0.36304435133934021 0.91142761707305908
-0.43028255026836026 0.37923099427280182 0.85829364029730759
-0.24741539359092712 -0.023949034512042999 0.49950134754180908
-0.20898013388906206 -0.020890488076782409 0.50013626687732238
-0.22508417069911957 -0.036827456206083298 0.49174985289573669
-0.23377403616905212 -0.011375793255865574 0.47725403308868408
-0.21363243460655212 -0.027092369273304939 0.99895203113555908
-0.21335014700889587 -0.0031971060670912266 1.0267535448074341
-0.18164238333702087 -0.024528892710804939 1.0288592576980591
0.20793762477743807 0.25736902971305042 0.95425822287192041
-0.13504967093467712 0.010840976610779762 1.1155291795730591
-0.13133415579795837 0.029151521623134613 1.1433001756668091
-0.10473807901144028 0.006782138254493475 1.1367388963699341
0.24068275094032288 0.19019277393817902 1.3444110155105591
0.19214454293251038 -0.013420459814369678 0.30742368102073669
0.19876685738563538 -0.0049670888110995293 0.27913391590118408
0.17321361493747028 0.0080875248219755332 0.28233138360111887
0.19739356637001038 0.074500687420368195 0.28007999062538147
0.18733802437782288 0.10098994523286819 0.27699768543243408
0.043233138303217927 0.084924464295851154 1.1877606617217902
0.12029069949908081 0.1567941952409562 1.159685649923957
-0.38633140921592712 0.041633229702711105 0.71346014738082886
-0.38040336966514587 0.029121022671461105 0.68767279386520386
-0.19767937064170837 0.28424796462059021 0.56245917081832886
-0.22217735648155212 0.29245719313621521 0.58482855558395386
-0.17915015950397009 0.28404037025195605 0.58297328756900957
0.33275428414344788 -0.084160253405570984 1.2378741502761841
0.35466872548648953 -0.059010104432830418 1.2304873457365122
0.026830818504095078 0.36634024977684021 1.0089007616043091
0.083768674512335883 0.25462149764182268 1.0740361856492
0.057066112756729126 -0.105644591152668 0.47038757801055908
-0.077869730446737881 0.34716721432972936 0.63548470891142494
-0.026940912707642477 0.44095107991973836 0.84184992375498924
0.16084113717079163 0.33222159743309021 0.73122131824493408
-0.04393875424720757 0.46958619351290953 0.72267228908083236
0.21109595894813538 0.099982813000679016 1.3734637498855591
0.23193183541297913 0.079871729016304016 1.3769122362136841
0.20638862252235413 0.065314844250679016 1.3732196092605591
0.20222106634391868 0.069581652229708135 1.354595062551212
-0.040780875831842422 0.39740714430809021 0.64516180753707886
-0.063852168619632721 0.37921866774559021 0.62276190519332886
0.095541149377822876 -0.033195842057466507 0.091328740119934082
0.23469367623329163 0.21842153370380402 1.3303729295730591
-0.36638817191123962 0.096351251006126404 0.64058417081832886
-0.096284717321395874 0.2148205041885376 0.40950503945350647
-0.11567863821983337 0.1946789026260376 0.39949527382850647
0.3337136056412805 0.1712571445337458 1.2938102246942234
-0.22724327445030212 -0.069816961884498596 0.56190979480743408
-0.1835294259720841 0.28011541130894607 0.64037759145654671
0.26582923531532288 0.16913565993309021 0.80544006824493408
0.16027656197547913 0.020698146894574165 1.3634845018386841
0.12692084908485413 0.020392971113324165 1.3544207811355591
-0.077356189489364624 0.5903393030166626 0.94670599699020386
-0.33948692679405212 0.26676136255264282 0.90489691495895386
-0.14447198808193207 0.6671520471572876 0.84203070402145386
-0.10924706608057022 0.6594005823135376 0.83205145597457886
0.15518775582313538 -0.030235663056373596 0.73396790027618408
0.19026008248329163 -0.028221502900123596 0.74623596668243408
0.10732092708349228 -0.064049087464809418 -0.35181701183319092
-0.27076134085655212 0.069526307284832001 0.45638000965118408
0.65347117185592651 0.26935535669326782 1.2824908494949341
0.173603034141422 0.068056683352513553 0.35770626533136529
0.19768348336219788 0.079169869422912598 0.36586490273475647
0.12497535347938538 0.074561730027198792 0.019917609170079231
0.11757482263109974 0.050640283306888134 0.046156259207596084
0.12360206991434097 0.080024369060993195 0.05043518915772438
0.10082831978797913 0.069831512868404388 0.03465760126709938
0.12206092476844788 -0.027885803952813148 0.60564148426055908
0.57932476923523546 0.072470892627299527 1.2299565518353084
-0.11408495205099112 0.11673793198041463 0.90861909172605115
-0.1287852085397608 0.19220531903715216 0.82725910701684557
0.38303199410438538 -0.061394114047288895 0.86382013559341431
-0.40679593521754698 0.16105221126105243 0.81407665027380616
-0.39567560291003945 0.11966305799672856 0.79119871271273512
0.0019691595754585101 -0.026235442640148567 0.89738325196718827
0.18078437447547913 -0.023796411231160164 -0.25190249085426331
0.57172220945358276 0.28772693872451782 1.2734576463699341
0.54662150144577026 0.28397327661514282 1.2596942186355591
0.56084395211704086 0.26249171096598578 1.256534691240446
-0.0087679335847496986 0.20111806690692902 1.3299456834793091
-0.47742637991905212 0.14380607008934021 0.88335144519805908
-0.45523134726719516 0.15805652549438481 0.88379034013134328
-0.39915642142295837 0.2161022275686264 0.70796692371368408
0.30851569771766663 -0.015465181320905685 1.3538409471511841
0.32402625679969788 -0.032432954758405685 1.3429461717605591
-0.084939807653427124 0.040504097938537598 0.32317078113555908
-0.038086724964496471 0.033435057056404038 0.31767167962287163
-0.17083917558193207 -0.10329475253820419 0.86037170886993408
0.67062962055206299 0.05786857008934021 1.1765948534011841
0.10843482613563538 0.35990104079246521 0.65691101551055908
0.13858617842197418 0.33713492751121521 0.66804993152618408
0.21508613228797913 0.1039196103811264 0.64027893543243408
0.27676978707313538 0.19553336501121521 0.86110413074493408
0.26281562447547913 0.18881949782371521 0.83043396472930908
0.066387610495139623 -0.0022844910656629517 0.30775961926397744
-0.23883995413780212 0.1432262659072876 0.44392883777618408
0.12944617867469788 -0.074119962751865387 1.1586199998855591
-0.43492302298545837 0.34592396020889282 0.72929871082305908
-0.40141472220420837 0.36002308130264282 0.71523010730743408
-0.42287620902061462 0.38080555200576782 0.73277771472930908
0.065488956868648529 -0.067406065762042999 0.62978088855743408
0.048365304114298353 -0.036669029808467583 0.6547922301493454
0.088964603841304779 -0.051231756806373596 0.62529480457305908
-0.20150934159755707 0.18158683180809021 1.0622149705886841
-0.27292808890342712 0.1586376428604126 0.49287903308868408
0.47175422310829163 0.097388841211795807 0.92714422941207886
0.44619575142860413 0.096473313868045807 0.90392035245895386
0.035948916349521763 0.061140434478147931 1.2597678416575995
0.23798957467079163 -0.099632643163204193 0.93398010730743408
0.082136303186416626 -0.041862823069095612 -0.22831238806247711
0.069280773401260376 -0.087456107139587402 0.53868591785430908
0.46731525219965897 -0.018981919056519334 1.149209339543696
0.18295875191688538 0.066688187420368195 0.19908630847930908
0.16042914986610413 -0.055260103195905685 1.3232012987136841
-0.12030968070030212 0.070289216935634613 1.1922808885574341
-0.14495262503623962 0.072089754045009613 1.1757403612136841
0.19029822945594788 -0.010094039142131805 0.20274841785430908
-0.13673554226629672 0.37208099875990164 0.78061021666257202
0.20017829537391663 -0.08657112717628479 1.0237628221511841
0.21379674971103668 -0.08190193772315979 1.0557452440261841
0.16979804635047913 0.35492667555809021 0.81529724597930908
0.37203803658485413 -0.074516691267490387 1.1562701463699341
0.036687996238470078 0.17221792042255402 1.3521929979324341
0.064123302698135376 -0.052238862961530685 1.2527667284011841
0.038908150047063828 -0.026878684759140015 -0.33066833019256592
0.061727676540613174 -0.053093288093805313 -0.31711852550506592
0.28289619088172913 -0.035698313266038895 0.76320374011993408
0.20654883980751038 0.36994132399559021 1.0012103319168091
0.52729618549346924 -0.015404133126139641 1.1083270311355591
0.67461216449737549 0.16855581104755402 1.3427935838699341
0.64964878559112549 0.15613517165184021 1.3559466600418091
-0.28582939505577087 0.58380848169326782 0.81874579191207886
-0.27795678620230091 0.55710113272088235 0.82255391785166121
-0.33699977397918701 0.45954090356826782 0.91753119230270386
-0.35448634624481201 0.48880726099014282 0.90315741300582886
-0.059793323278427124 0.056861482560634613 1.2328692674636841
-0.30497917532920837 0.060889806598424911 1.0291033983230591
-0.30326256155967712 0.087256990373134613 1.0390216112136841
-0.27880272269248962 0.06348380446434021 1.0479632616043091
-0.068353511393070221 0.42969471216201782 0.94658392667770386
0.061628490686416626 -0.095573805272579193 0.93117249011993408
0.052667956271222199 -0.049156319914839507 0.91143220626851362
0.040949138394638346 -0.078977828394740962 0.94059811520130965
0.082928495966074656 -0.066935424093128498 0.93982426034656075
-0.36699852347373962 0.051673516631126404 0.57158392667770386
-0.35077843070030212 0.033332452178001404 0.55666077136993408
-0.32547935843467712 0.38184317946434021 0.68871039152145386
0.38743633995221405 0.14570318083103576 1.0694922510657618
0.34506664784612684 0.094714597666083644 1.0709282905393089
0.25228703022003174 0.34445914626121521 0.95375549793243408
0.11559882760047913 -0.036796912550926208 -0.0023907439317554235
-0.061846988017276144 0.38074571427288806 0.76363530802419521
-0.38927635550498962 0.039130788296461105 0.74248236417770386
0.20071235299110413 0.0072399643249809742 -0.22855651378631592
-0.10112939029932022 -0.067497618496417999 0.42207825183868408
-0.23832794883011807 -0.025996900432455783 0.91608987798377295
0.28721442818641663 0.31418567895889282 1.2603961229324341
0.064703136682510376 0.22635610401630402 1.3273211717605591
0.14668861031532288 0.35651358962059021 0.72432434558868408
0.18498818576335907 0.12476313859224319 0.29616272449493408
0.0079350649448147875 0.58711929158593879 0.81760926269160761
-0.054676601248859348 0.5556628456681536 0.77089434744805063
0.16699805855751038 -0.038780540227890015 -0.28565493226051331
0.049850668213487825 0.38632176057959949 0.80640432322358191
0.23430457711219788 0.36038932204246521 0.98094666004180908
0.23039754515877103 0.23446237323205552 0.87252149684862079
0.12676063179969788 0.042548801749944687 -0.21659360826015472
0.48252692818641663 -0.014702240005135536 1.3286334276199341
0.45671668648719788 -0.024834074079990387 1.3247882127761841
0.57402622699737549 -0.0031970988493412733 1.0334674119949341
0.54981815814971924 -0.011375810019671917 1.0270587205886841
0.25096717476844788 -0.06838265061378479 1.2140704393386841
0.090052208362498096 -0.0057844052682894439 0.39232414894478207
-0.28750786185264587 0.60337024927139282 0.84459418058395386
0.098728579166226238 -0.024352331053481609 1.2191139528445945
0.0046396844633286669 0.13937653228318694 0.31683551765127532
0.012884288094937801 0.1578441858291626 0.29262268543243408
0.20705999433994293 0.3217540979385376 0.84859192371368408
0.092413090169429779 0.20938833057880402 1.3308917284011841
0.064092785120010376 0.19412954151630402 1.3418475389480591
0.46378913521766663 -0.035911936312913895 0.84175598621368408
-0.17413505911827087 -0.1035999208688736 0.77702820301055908
-0.10195008401914664 0.14328449092435239 1.193525457372947
0.052946239709854126 -0.090080626308917999 0.56624329090118408
0.029035717248916626 -0.101555235683918 0.57143127918243408
0.044187694787979126 0.37766227126121521 0.62727844715118408
0.015859749168157578 0.39466056227684021 0.64565008878707886
-0.25589865193225986 0.054295145487406313 0.55415255564402233
-0.22446617484092712 -0.07869759202003479 0.90880310535430908
-0.4714569623108007 0.27864969465853368 0.87722991577008924
-0.12849603593349457 0.22464713454246521 1.0515948534011841
-0.10285723026405023 0.21252847725524215 1.0376552361009082
-0.10743380536341963 0.22573087829060595 0.99652665886820446
-0.097538611193819832 0.17672680068792082 0.98123711090587062
0.24573232640760301 0.29145223139546211 0.93578606509837448
0.46716132760047913 -0.041222002357244492 1.0473223924636841
0.058996345847845078 0.46085318922996521 0.70244330167770386
0.077047489583492279 0.47779044508934021 0.72725409269332886
0.18631568551063538 0.020911846309900284 -0.35755431652069092
0.17945684492588043 -0.08232918381690979 1.0507403612136841
0.21135508974126097 -0.049651198396063786 1.0678849852357313
0.47272315621376038 -0.043602369725704193 0.93175232410430908
0.19389849872294274 0.000435690827783116 1.0799358303886699
0.16420025870788746 0.024754340817395755 0.6199676292021763
0.24383406496806775 -0.0054848496920170894 1.1225032532616883
-0.51077449321746826 0.30573233962059021 0.88551819324493408
0.095533519983291626 0.17517812550067902 1.3450518846511841
0.11968818306922913 0.19553335011005402 1.3332720994949341
0.18971009070339467 0.09143837899129699 0.66172891467235961
0.16718326668987402 0.053087716793898107 0.68456267629349388
0.15837551657362089 0.061430109019233681 0.6476345317177219
0.44347968697547913 0.11426506191492081 0.93153876066207886
0.020901363479361584 -0.048907477462602003 0.68995729994712762
0.55359470844268799 -0.022179041057825089 1.2308245897293091
0.56482517719268799 -0.017998132854700089 1.2533465623855591
0.55013244408493034 0.0053014876186087394 1.266504059243118
0.035914506589804572 0.27308753624354143 0.52516998454370911
0.024883684307978847 0.30550156210540175 0.57183015260525827
0.0038997538712051026 0.28173331019741465 0.51328874935757662
-0.22490229066718131 0.43956507161127956 0.74253666144448893
0.14923681318759918 -0.068626783788204193 0.88545715808868408
0.12511266767978668 -0.059593576937913895 0.86815369129180908
0.059263378381729126 -0.070000067353248596 0.66472351551055908
0.058851391077041626 -0.00011476437794044614 -0.42685973644256592
-0.14530357718467712 -0.090294249355792999 0.54515564441680908
0.24605359345304198 -0.013168296780331098 0.95092840554957758
-0.35785917286663649 0.11113795279460296 0.75887205335935326
0.15722480416297913 -0.065178245306015015 -0.38279238343238831
-0.050836729903033902 -0.053624130265642674 0.75614091076198908
0.23122993111610413 0.070441834628582001 0.59196960926055908
0.34435859322547913 0.30866199731826782 1.2756243944168091
0.38056769967079163 0.30753284692764282 1.2535601854324341
0.35879800211764529 0.26833737436001098 1.2381840523759686
-0.040300227701663971 0.7008434534072876 0.88991272449493408
-0.012155390344560146 0.6862255334854126 0.87511169910430908
0.67178165912628174 0.23316152393817902 1.3242999315261841
0.042890690267086029 0.40088614821434021 0.66039007902145386
0.10792635183584075 0.068842822360846351 1.3063851452714832
-0.13932976126670837 -0.0076526748016476631 1.0889483690261841
-0.13150200247764587 -0.028496179729700089 1.0651751756668091
0.010336068458855152 0.33768424391746521 0.55342590808868408
0.10928168147802353 0.46451529860496521 0.76936835050582886
0.11916174739599228 0.44004020094871521 0.76811707019805908
0.17036300419350753 0.18040916957842243 0.50592503848324799
0.063688427209854126 -0.021232949569821358 0.094258427619934082
0.061468273401260376 0.0042187096551060677 0.072041630744934082
0.049436718225479126 0.0058971750549972057 0.098744519054889679
-0.26419243216514587 0.0020824577659368515 0.49467957019805908
-0.26653465628623962 -0.028007876127958298 0.52141296863555908
-0.23727646511716577 0.0047934844782805928 0.52040590321970503
-0.25246320336134986 0.53474078105611389 0.84804308521660554
0.28078284859657288 0.14588126540184021 0.79875671863555908
0.34141364693641663 0.19928702712059021 0.95467102527618408
0.31693854928016663 0.22724112868309021 0.94960510730743408
0.052107006311416626 -0.058098163455724716 -0.38138854503631592
0.075887821614742279 -0.063499778509140015 -0.35080993175506592
-0.066119661962150397 0.09010110550621267 0.60316541512098976
-0.11451259188916978 0.09082028603537054 0.75357228921641584
-0.017564624547958374 -0.1063770204782486 0.58968079090118408
-0.024904100224375725 -0.1111682802438736 0.55873596668243408
-0.046449512243270874 -0.1100391298532486 0.58626282215118408
-0.056489799171686172 0.5507580041885376 0.74257391691207886
-0.50357234477996826 0.40650138258934021 0.80330383777618408
-0.52015864849090576 0.38089713454246521 0.79753601551055908
-0.49620997905731201 0.39081534743309021 0.77794373035430908
0.64532297849655151 0.26837879419326782 1.2563983201980591
-0.18879112601280212 0.24344594776630402 0.96611517667770386
-0.31090721487998962 -0.041771315038204193 0.77208435535430908
0.20390906929969788 0.027534140273928642 0.094014286994934082
0.19588294625282288 0.1258922666311264 0.65285217761993408
0.048605110496282578 0.14258541166782379 0.25395691394805908
0.13256660103797913 0.015723859891295433 -0.42054259777069092
0.27472510933876038 0.26856192946434021 0.91277039051055908
0.28540626168251038 0.2382885068655014 0.91106140613555908
0.30454359514934914 -0.0477107177307345 1.2450560808146562
0.020429760217666626 -0.089714415371417999 0.39934265613555908
-0.24122532333163235 0.18955991596718128 0.5758700800142782
-0.25757774710655212 0.22089347243309021 0.94926947355270386
-0.23401054739952087 0.20832023024559021 0.97948187589645386
-0.012498709373176098 0.31900748610496521 0.52525818347930908
-0.054666373878717422 0.32224234938621521 0.53142279386520386
0.030004646629095078 0.27997550368309021 1.1095782518386841
-0.081811755895614624 -0.1101917177438736 0.61851990222930908
-0.072709880769252777 -0.1096118837594986 0.57429993152618408
-0.0017641483573243022 -0.0089343758299946785 0.26155579090118408
0.13912025094032288 0.088325150310993195 0.15123476088047028
0.26340310818902468 0.19890026151152349 0.89681431854899096
0.089719921350479126 0.40482291579246521 0.68550598621368408
0.10935798287391663 -0.039268866181373596 0.67409241199493408
0.18474401533603668 0.1775585412979126 0.58000671863555908
0.087304610798240007 0.35304013190607519 0.82606485415571318
-0.18835625052452087 -0.093773253262042999 0.63683044910430908
-0.28079399466514587 -0.061699293553829193 0.82759582996368408
-0.28760704398155212 -0.059318922460079193 0.86440002918243408
0.12884345650672913 -0.054924361407756805 0.25804626941680908
-0.098665088415145874 0.2374034970998764 0.43437686562538147
0.15191473066806793 0.2067943811416626 0.43587219715118408
0.48582282662391663 -0.040459070354700089 1.2768450975418091
0.28437629342079163 0.24448354542255402 1.3252459764480591
0.065977245569229126 0.41306266188621521 0.67574042081832886
-0.20160852372646332 -0.048820860683917999 0.48683652281761169
0.37232032418251038 0.27103382349014282 1.3283282518386841
0.016790535300970078 0.38626819849014282 0.99034613370895386
0.0029965897556394339 0.41037708520889282 0.97276800870895386
0.19422736763954163 -0.0069812443107366562 0.16930115222930908
0.067060612142086029 0.5453563928604126 0.83299750089645386
0.052297737449407578 0.5665966272354126 0.82219427824020386
0.029561518324444591 0.55957339356584002 0.82097875325417746
0.53111088275909424 -0.014458087272942066 1.0783282518386841
-0.073121882975101471 0.16168935596942902 1.3081561326980591
-0.051812976598739624 0.17603261768817902 1.3188983201980591
-0.49624049663543701 0.42200431227684021 0.85262024402618408
0.68491953611373901 0.23541983962059021 1.2381488084793091
0.69268625974655151 0.20288810133934021 1.2437640428543091
0.54151737689971924 0.10428581386804581 1.0067340135574341
0.036001354455947876 -0.0035327589139342308 0.16048157215118408
-0.15968500077724457 -0.072807677090167999 0.49034607410430908
-0.070360042154788971 0.26880604028701782 1.0181475877761841
-0.16358362138271332 0.7021557092666626 0.88515198230743408
0.24693023825004318 0.25727932739870324 0.91059856234115322
0.31889167428016663 -0.07952156662940979 1.1813861131668091
0.17834296822547913 0.26001700758934021 0.70860779285430908
0.16902977228164673 0.0028747972100973129 -0.47926527261734009
0.16154304146766663 -0.052849166095256805 0.30946835875511169
0.13391698896884918 -0.061455126851797104 0.29204282164573669
0.13616767525672913 -0.064232230186462402 0.32793149352073669
0.051049941403874199 0.31233669763378658 1.0313626199153916
-0.2758421716768798 0.017507101920020758 0.83381429416156383
-0.45211204886436462 0.11237296462059021 0.82945740222930908
-0.44272789359092712 0.08356437087059021 0.84880554676055908
0.0018197247656883415 0.07182000889346532 0.26153309635419419
0.65738499164581299 0.048713292926549911 1.2484332323074341
0.66962254047393799 0.084083162248134613 1.2491961717605591
0.65245640183810072 0.076968069357541816 1.2310832703563452
0.025826759358169849 0.22788895885046936 0.55723033197028726
-0.46827873587608337 0.12586173415184021 0.85411560535430908
0.49224677681922913 0.28717762231826782 1.2358599901199341
-0.13947471976280212 0.093909822404384613 1.1962481737136841
-0.17724022269248962 0.6418834924697876 0.97374457120895386
-0.19429191946983337 0.6199413537979126 0.95695990324020386
0.19112983345985413 0.0043407250195741653 1.3634539842605591
0.19257178902626038 -0.035026878118515015 -0.34531679749488831
0.19768348336219788 -0.0063098352402448654 -0.35251891613006592
-0.001649713609367609 0.6496654748916626 0.95833319425582886
-0.29557216167449951 0.38318592309951782 0.90535467863082886
0.23795904219150543 0.26847037672996521 0.85716736316680908
0.054769665002822876 -0.018913602456450462 -0.21494567394256592
0.080213695764541626 -0.037926051765680313 -0.19675721228122711
-0.22558006644248962 -0.089470282196998596 0.70171082019805908
-0.41446861624717712 0.11029777675867081 0.77177917957305908
-0.41667351126670837 0.080878831446170807 0.79427063465118408
-0.40461906790733337 0.080329515039920807 0.76485168933868408
-0.16656089377220995 0.17277716607162055 0.92920155331094423
-0.21342541440276033 0.28710722303105246 0.70893488999209475
0.17010322213172913 -0.017082557082176208 0.044636841863393784
0.19144263863563538 0.0042492304928600788 0.029835820198059082
0.25494208931922913 0.28696399927139282 1.2963458299636841
-0.096223682165145874 0.23386344313621521 1.0623370409011841
-0.073047995577947139 0.20325587532094355 1.0737914120780023
-0.23803582198064518 0.23979176448168352 0.76110599432014381
-0.28508267343788596 0.27550410343805354 0.74943417561714509
0.013647230342030525 -0.099144339561462402 0.42696106433868408
-0.0028627801220864058 -0.1065295934677124 0.44643127918243408
0.026846082881093025 -0.1082996129989624 0.45314514636993408
0.068484835161748331 0.12777945443414418 1.3363072370314777
-0.028589099645614624 -0.048393640667200089 1.1179095506668091
-0.021119922399520874 -0.040062345564365387 1.1466876268386841
-0.52230250835418701 0.36579093337059021 0.87205994129180908
-0.034105151891708374 -0.104118712246418 0.45470154285430908
-0.056848376989364624 -0.1059497743844986 0.48012268543243408
-0.031816333532333374 -0.111870177090168 0.49290955066680908
0.50214207172393799 -0.038444910198450089 1.2507830858230591
-0.27512535452842712 0.037574402987957001 0.47765076160430908
-0.29323753714561462 0.069678887724876404 0.48000061511993408
-0.36822682619094849 0.084937676787376404 0.60234564542770386
0.60339426396660023 0.13200788889771237 1.1373761023076312
0.65306675434112549 0.11676749587059021 1.1195269823074341
-0.38201317191123962 0.040046315640211105 0.66228216886520386
-0.22163887555121858 0.58059891927609897 0.91530553141263138
-0.099885798990726471 0.7247387170791626 0.92232239246368408
0.22210517525672913 0.035590760409832001 0.59319031238555908
0.23773780465126038 0.033027283847332001 0.61501038074493408
0.027403026819229126 0.042701374739408493 0.18767273426055908
0.58072483539581299 0.22397574782371521 1.3279315233230591
0.54872715473175049 0.20770987868309021 1.3346148729324341
-0.060327380895614624 -0.12804451584815979 0.85915100574493408
-0.0094346650704143411 0.065782211605577776 1.1546356181025514
0.20012484490871429 -0.017822250723838806 -0.47650328278541565
0.20086494088172913 -0.020195329561829567 -0.44739806652069092
0.1974048912525177 -0.065382890403270721 -0.47397661209106445
-0.072809070348739624 0.40647086501121521 0.65672796964645386
-0.10419639945030212 0.40488395094871521 0.65111273527145386
-0.014851534049766014 -0.078665457235085709 0.888584703162558
0.047742988914251328 0.5918956995010376 0.86525458097457886
0.093855053186416626 0.48578605055809021 0.75572699308395386
0.21641366183757782 0.095008485019207001 0.49837222695350647
-0.17894376599362422 0.18871222774956845 0.88944924163097105
-0.17176231741905212 0.53440052270889282 0.73094671964645386
-0.15297874808311462 0.55713611841201782 0.74409979581832886
0.082037121057510376 -0.021660186350345612 -0.16935242712497711
0.38185116621001852 0.16866853832979042 1.3083706255253178
-0.25557884573936462 0.42871817946434021 0.69112128019332886
-0.22887596487998962 0.42249259352684021 0.67506903409957886
-0.055398792028427124 0.121894471347332 0.29811584949493408
-0.048143237829208374 0.1064220666885376 0.28099548816680908
-0.072854854166507721 0.096564888954162598 0.29723083972930908
0.50403416156768799 0.022040946409106255 0.84846985340118408
0.38505381345748901 0.20960196852684021 1.0210467576980591
0.36741465330123901 0.20850333571434021 0.99757874011993408
0.040967798427645669 0.34017422622277999 0.61633955952404351
-0.28938469290733337 0.03681144118309021 1.0225421190261841
0.19244971871376038 0.057014115154743195 0.17009460926055908
0.44669929146766663 -0.050926588475704193 0.94798767566680908
-0.13054069876670837 0.11673697084188461 1.2150775194168091
0.15293708443641663 0.38617667555809021 1.0015460252761841
0.099569469690322876 -0.069328673183917999 0.48598206043243408
-0.40568718314170837 0.1870800107717514 0.72649109363555908
-0.38777336478233337 0.1607738584280014 0.72990912199020386
0.23388494551181793 0.31568104028701782 1.2424517869949341
0.25088325142860413 0.24408681690692902 1.3224078416824341
0.26387611031532288 0.22077138721942902 1.3329364061355591
0.46678748726844788 0.11530265957117081 0.95549505949020386
-0.087205737829208374 0.10004384815692902 1.2540179491043091
-0.11285576224327087 0.12021597474813461 1.2406207323074341
-0.098904460532372354 0.14462201668339081 1.2302640308761348
0.44478281179455487 -0.026255909866202323 0.9872872662884884
0.12403693795204163 -0.031395323574542999 0.51256287097930908
0.14456000924110413 -0.0050891698338091373 0.51183044910430908
0.038122326135635376 -0.082420721650123596 0.64357483386993408
-0.32255730032920837 0.18640860915184021 0.95088690519332886
0.35576453804969788 0.29160267114639282 1.3064166307449341
-0.36390098929405212 0.014716728590428829 0.61598694324493408
-0.0094353524631260142 0.23859116722148926 0.51963974425641934
0.13178361483458764 -0.034768490712945757 0.35839747172744568
0.15897956490516663 -0.051201220601797104 0.34285458922386169
0.64547550678253174 0.025092689320445061 1.2149249315261841
-0.25689110159873962 -0.051689520478248596 0.54597961902618408
-0.39493769298610581 0.45600470161227413 0.85805254684184695
0.15096107125282288 0.34958609938621521 1.0879412889480591
0.13053633978735238 0.099760566921976518 1.2503859761151703
0.094057953900453808 0.04009316252849332 0.62725730078474318
0.20266547799110413 0.1802440881729126 0.52660095691680908
0.18799415230751038 0.2072521448135376 0.53740417957305908
-0.031785819679498672 -0.0041126399300992489 1.2076007127761841
-0.053720325231552124 0.005164705216884613 1.1888018846511841
0.090009838342666626 -0.022392615675926208 0.025899052619934082
0.084539562463760376 -0.020134314894676208 -0.0090740928426384926
0.36784226565902972 -0.046391255133020518 1.053154781136082
0.36764344047447178 0.011004465738253762 1.0591173422457094
-0.33908256888389587 -0.02080574631690979 0.92708313465118408
-0.33757194876670837 -0.030510334298014641 0.88499939441680908
-0.32150889266158406 -0.0032376495262587011 0.88746906443450591
0.52426737546920776 0.26389271020889282 1.2078448534011841
0.51310557126998901 0.27869373559951782 1.2271624803543091
-0.42605766654014587 0.053748700767755508 0.85335266590118408
0.016073368489742279 0.6772533655166626 0.89766424894332886
-0.41066049420816281 0.39427173556610284 0.81654886371860524
0.13577857613563538 -0.039726633578538895 0.75627624988555908
0.014796947840715823 0.46715692797295599 0.88616739168271752
0.12025275826454163 0.22446401417255402 1.3213702440261841
0.47327247262001038 0.078132249414920807 0.89674872159957886
0.16261117160320282 0.047706268727779388 -0.084269396960735321
0.065023571252822876 -0.062675826251506805 0.29649841785430908
0.033773571252822876 -0.059776660054922104 0.31633484363555908
-0.37397941946983337 -0.0015186362434178591 0.92287170886993408
-0.37516960501670837 0.013434975408017635 0.95241272449493408
0.42967811226844788 -0.057182706892490387 1.2785235643386841
0.41139808297157288 -0.052605070173740387 1.2955218553543091
-0.24036865524972933 -0.057924133512950643 0.65029766764532315
-0.42643153667449951 0.46518665552139282 0.85750305652618408
0.048248267554827556 0.02104134782833884 0.55664084827360727
-0.31272301077842712 0.34891471266746521 0.66158026456832886
-0.11834130436182022 0.7148815393447876 0.90196716785430908
-0.27978691458702087 0.35514029860496521 0.64732855558395386
-0.19786247611045837 0.01120721735060215 0.42970764636993408
-0.12220939993858337 0.5378795862197876 0.93898504972457886
-0.11023125797510147 0.09244498610496521 1.2202960252761841
0.010239577973737505 -0.055226256793622544 0.993844640077999
0.62299931049346924 0.050422284752130508 1.0229693651199341
0.17263618111610413 0.058448448777198792 -0.0014141772408038378
0.18558326363563538 0.060554161667823792 0.03325379267334938
0.15693488717079163 0.069831505417823792 0.020436407998204231
0.039640579372644424 -0.096153616905212402 0.41945374011993408
-0.49242576956748962 0.23041495680809021 0.86903870105743408
-0.48433861136436462 0.25522574782371521 0.89156067371368408
0.051237255334854126 0.082038477063179016 1.3574420213699341
0.064817577600479126 0.11338002979755402 1.3687030076980591
0.23708167672157288 -0.020317450165748596 0.71593201160430908
0.030382249494433383 0.34253746283300834 0.77905412885894409
-0.13687309622764587 0.14133413136005402 1.2065936326980591
0.081609874963760376 0.052436485886573792 0.018941046670079231
0.070966869592666626 0.035377155989408493 0.036580204963684082
-0.24844536185264587 -0.07329598069190979 0.83278381824493408
-0.031350947916507721 0.6508556604385376 0.96761053800582886
-0.29421412944793701 0.56464344263076782 0.90669745206832886
-0.26775538921356201 0.55957752466201782 0.92897528409957886
-0.26823141597018518 0.54842037604119132 0.89800765314150122
0.54315012693405151 0.24741324782371521 1.1902667284011841
-0.16530022025108337 0.25238761305809021 0.49782291054725647
0.10291114449501038 0.065375946462154388 0.0042315754108130932
0.59187138080596924 -0.0025562329683452845 1.1098529100418091
0.61808604001998901 0.27558094263076782 1.2591754198074341
0.63093394041061401 0.27640491724014282 1.2786151170730591
0.0094129135832190514 0.080207467079162598 0.22142517566680908
0.32526221871376038 0.077491387724876404 0.74681580066680908
0.34784522652626038 0.068976983428001404 0.76234924793243408
0.32422462105751038 0.094733819365501404 0.77324402332305908
0.045110851526260376 -0.030571313574910164 -0.30485045909881592
0.039976269006729126 -0.0029529046732932329 -0.30955016613006592
-0.39322838187217712 0.02100333571434021 0.93553656339645386
-0.14109978079795837 0.5617138147354126 0.94212836027145386
0.047941356897354126 0.047950398176908493 0.13963806629180908
0.13090339303016663 0.32514151930809021 1.1359759569168091
0.20353522896766663 0.1808544397354126 0.50044739246368408
-0.25847801566123962 0.036231603473424911 1.0344744920730591
0.29311195015907288 -0.08129158616065979 1.0819598436355591
-0.37740501761436462 0.034919366240501404 0.61516302824020386
0.16158118844032288 0.071876175701618195 0.091298229992389679
-0.25209987163543701 -0.065208807587623596 0.57481873035430908
-0.27794826030731201 -0.052574526518583298 0.57356750965118408
0.32138933890075383 -0.040374952132491738 0.85998778714458268
-0.16236709267023294 0.17648131777849324 1.0374599285683437
-0.52514064311981201 0.31446036696434021 0.79863464832305908
-0.19261345267295837 0.39380604028701782 0.91234320402145386
0.018720777705311775 -0.088585272431373596 0.78545105457305908
0.10771003365516663 -0.074303023517131805 0.38072693347930908
0.11522915103847178 -0.034762532253339619 0.39440869138511658
0.13309302926063538 -0.050041556358337402 0.39687073230743408
-0.31299769878387451 0.54236561059951782 0.88603705167770386
0.12676826119422913 -0.038658514618873596 0.72780334949493408
0.012441782280802727 0.25879630446434021 1.1292010545730591
0.026433903767015741 0.21740034864439167 1.134949845092597
-0.14499077200889587 0.29215201735496521 0.53163641691207886
0.13793769478797913 -0.07979622483253479 0.91582214832305908
0.35195749998092651 0.10071523487567902 1.3850604295730591
0.37325873970985413 0.086677148938179016 1.3788348436355591
0.25977912545204163 0.25159415602684021 0.88274109363555908
-0.30663478374481201 0.56833606958389282 0.88210028409957886
0.29900187253952026 0.32724723219871521 1.0853472948074341
0.16225343087567198 0.14859216912354725 0.57405305283596841
0.12921538224940821 0.0056368144119499381 0.64780954734744078
-0.22429069876670837 0.058448426425457001 0.42274963855743408
-0.21035942435264587 0.089606873691082001 0.40126526355743408
-0.045778125524520874 0.053931836038827896 0.27657043933868408
-0.013686244719694049 0.037133643857878484 0.28883118633795296
0.63850224018096924 0.10651358217000961 1.3535357713699341
-0.27987849712371826 0.43341785669326782 0.91786688566207886
-0.37416252493858337 0.023841483518481255 0.64058417081832886
0.10338416695594788 -0.041588164865970612 -0.17454040050506592
-0.44468864798545837 0.07669791579246521 0.90651428699493408
0.28094306588172913 -0.07207527756690979 1.2264910936355591
-0.037217944860458374 0.0042186989448964596 0.29582703113555908
-0.10966668277978897 0.35111194849014282 0.93105047941207886
-0.10746178776025772 0.38501697778701782 0.93224066495895386
-0.49455437064170837 0.27634391188621521 0.76787292957305908
0.19518867135047913 -0.025658056139945984 1.3580218553543091
0.019071726128458977 0.077582910656929016 1.3415118455886841
0.032018810510635376 0.11038930714130402 1.3592730760574341
-0.078355640172958374 -0.12676277756690979 0.83571350574493408
-0.046045161783695221 0.6276928186416626 0.96080511808395386
0.44640174508094788 -0.051781080663204193 0.99855530261993408
0.24989904463291168 0.35108146071434021 1.0569354295730591
0.24541297554969788 0.34561881422996521 1.0898333787918091
0.39515510201454163 0.25513419508934021 1.1098529100418091
0.14801612496376038 0.049934055656194687 -0.16657529771327972
0.11800208687782288 0.050544407218694687 -0.15391050279140472
0.12207618355751038 0.046821258962154388 -0.18503843247890472
-0.14115318655967712 0.15055043995380402 1.1832476854324341
0.17263616621494293 0.2153392881155014 0.67525207996368408
-0.092149585485458374 0.14432485401630402 1.2881060838699341
-0.080354541540145874 0.11646230518817902 1.2853595018386841
0.067487858235836029 0.42917594313621521 0.95824164152145386
0.63085001707077026 0.22672232985496521 1.1941729784011841
0.62547123432159424 0.20084342360496521 1.1706744432449341
-0.16958031058311462 0.1011120080947876 0.36726871132850647
-0.19205650687217712 0.117042176425457 0.38832584023475647
0.15993323922157288 0.1438976526260376 0.28575623035430908
-0.19683250784873962 0.5952526330947876 0.94466131925582886
-0.15522941946983337 0.072852730751037598 0.36296573281288147
0.22401252388954163 -0.07854500412940979 1.0856829881668091
0.13312354683876038 -0.063286185264587402 0.36150082945823669
0.17954841256141663 0.10239375382661819 0.24940980970859528
0.16972175240516663 0.12372554093599319 0.26488220691680908
0.19317451119422913 0.030555389821529388 -0.12357604503631592
0.42748847603797913 0.0098339170217514038 0.78059875965118408
-0.078752368688583374 0.30905872583389282 0.96739691495895386
0.34109321236610413 -0.08364143967628479 1.0192462205886841
-0.081292957067489624 0.1975780725479126 0.38441959023475647
-0.32683739066123962 -0.010918034240603447 0.57393372058868408
0.15625587105751038 0.061042450368404388 -0.02836119756102562
0.18230262398719788 0.04633297398686409 -0.029429314658045769
0.43777289986610413 -0.055321123450994492 1.0613909959793091
0.084356449544429779 0.45435294508934021 0.71523016691207886
0.37082496285438538 -0.039055243134498596 0.77473932504653931
0.38464179635047913 0.29227408766746521 1.1907855272293091
0.38286282175737618 0.24285918865830874 1.1883072773748371
0.070913463830947876 -0.062218036502599716 -0.41410338878631592
0.088766247034072876 -0.063225112855434418 -0.38358581066131592
0.31927314400672913 -0.066429533064365387 1.2989398241043091
-0.065772980980237206 0.23126571022690323 0.53428885229242706
-0.081888222759459034 -0.054245057977243744 0.50601563328729049
0.20023933053016663 0.095161080360412598 0.34044376015663147
-0.080232478678226471 0.3030773401260376 0.50987738370895386
-0.16143213212490082 0.21976432204246521 1.0241900682449341
0.35954871773719788 -0.08132210373878479 1.0488482713699341
0.37699714303016663 -0.07534065842628479 1.0797930955886841
0.090665973722934723 0.04270138218998909 -0.13526427745819092
0.051145706325769424 -0.051872603595256805 0.27257263660430908
0.072691112756729126 0.5242992639541626 0.85695379972457886
-0.22852501273155212 0.5949169397354126 0.93929022550582886
-0.21075615286827087 0.5690380334854126 0.94017523527145386
-0.098932124674320221 0.45645865797996521 0.68779486417770386
-0.070733882486820221 0.43811759352684021 0.67839545011520386
0.35746589303016663 -0.07357063889503479 0.91240411996841431
0.12361732125282288 0.036414772272109985 -0.28342711925506592
0.54443943500518799 0.08402213454246521 0.98454773426055908
-0.070344783365726471 0.6877208948135376 1.0008137226104736
0.58737003803253174 0.11304435878992081 1.0529376268386841
0.20611396431922913 0.026710158213973045 0.25252261757850647
-0.44273746322470731 0.37382244664358266 0.78850754949398394
-0.33896812796592712 0.48020133376121521 0.76729315519332886
-0.17763696610927582 0.22852285206317902 0.99297064542770386
0.074339054524898529 0.49060779809951782 0.87944525480270386
0.51331150531768799 -0.023918529972434044 0.96544373035430908
0.45993629097938538 0.19171865284442902 1.3581744432449341
-0.10701926797628403 0.032691597938537598 0.34792053699493408
-0.18460260331630707 0.2307506650686264 0.49144473671913147
0.21722236275672913 0.24033316969871521 1.3201800584793091
-0.10036644339561462 0.0039135199040174484 0.36165344715118408
0.29349341988563538 -0.039818212389945984 1.3441363573074341
0.17454352974891663 0.075446732342243195 0.17839540541172028
0.15389838814735413 0.089301712810993195 0.17595399916172028
-0.20785698294639587 0.2172618955373764 0.50230902433395386
-0.23257622122764587 0.2030407190322876 0.51237982511520386
-0.20668943573397711 0.17177120958935863 0.50945333812275284
0.050710827112197876 0.0066906451247632504 -0.19465148448944092
0.065038830041885376 0.024879120290279388 -0.17685973644256592
0.13239112496376038 0.099494531750679016 1.3650103807449341
0.080145023763179779 0.5229870080947876 0.81679266691207886
0.35079780220985413 0.072394922375679016 1.3762408494949341
-0.017755361273884773 0.1556774377822876 0.30257144570350647
-0.0049913837574422359 0.1417614221572876 0.27876770496368408
0.12573066353797913 0.027930891141295433 -0.45350158214569092
-0.22602257132530212 0.16529044508934021 1.0649920701980591
-0.017701959237456322 0.6251903772354126 0.95296210050582886
-0.038598872721195221 0.5984569787979126 0.94917792081832886
0.48197761178016663 0.028846366330981255 0.83272278308868408
-0.26393306255340576 0.37280994653701782 0.90410345792770386
-0.059175349771976471 0.49777945876121521 0.70827215909957886
-0.031770564615726471 0.48358878493309021 0.69896429777145386
-0.028108453378081322 0.5116039514541626 0.71733587980270386
-0.075045903386390139 0.11365316126053232 0.65939678354859277
-0.30875572562217712 -0.010612858459353447 0.54811584949493408
-0.28533348441123962 -0.032738100737333298 0.54741394519805908
-0.16840538382530212 -0.1062244325876236 0.80601990222930908
-0.21648582816123962 -0.088249579071998596 0.64281189441680908
-0.11447318643331528 -0.12215461581945419 0.87782776355743408
0.41492286324501038 0.1014782041311264 0.88268011808395386
0.19795814156532288 0.092048279941082001 0.39333072304725647
-0.14383873343467712 0.6887584924697876 0.97713196277618408
-0.12240014225244522 0.7002331018447876 0.98653137683868408
-0.11685357242822647 0.6716686487197876 0.98833197355270386
0.13249793648719788 0.077857621014118195 0.076588757336139679
-0.038530200719833374 0.20264394581317902 1.3147784471511841
-0.067132800817489624 0.19391591846942902 1.2967120409011841
-0.3066650734322165 0.27142176593893175 0.69545374601509535
-0.14351858840112602 0.027365264031787285 1.0908317320087608
0.10465064644813538 0.017493875697255135 -0.36698424816131592
0.62154978513717651 0.26978260278701782 1.2306109666824341
0.16724982857704163 -0.019859662279486656 0.15166199207305908
0.25236335396766663 0.28424796462059021 0.88960754871368408
0.26679053902626038 0.29782828688621521 0.92064392566680908
-0.17478355765342712 0.26901969313621521 0.52916449308395386
0.44592872262001038 -0.032738104462623596 0.81367981433868408
-0.17474542558193207 0.62531238794326782 0.80455511808395386
0.13513007760047913 -0.024834048002958298 0.66142761707305908
0.35640537738800049 -0.07918587327003479 0.98454767465591431
0.56394779682159424 0.10697135329246521 1.0303851366043091
0.071478031575679779 0.31485709547996521 0.53813660144805908
0.10045447945594788 -0.049583811312913895 0.74495422840118408
-0.38196739554405212 0.0039745313115417957 0.83977234363555908
-0.40653404593467712 0.025245280936360359 0.87007629871368408
0.46198096871376038 0.13205680251121521 0.98314398527145386
-0.27719295024871826 0.48517566919326782 0.92738837003707886
-0.53196895122528076 0.37488517165184021 0.84627258777618408
-0.12866386771202087 -0.07894173264503479 0.98543274402618408
0.25518622994422913 -0.07756844162940979 1.0988970994949341
0.40275397896766663 -0.066978849470615387 1.2749530076980591
-0.24742302298545837 0.2117687463760376 0.54414862394332886
-0.22776195397044291 0.19133525009799229 0.54380820548643627
0.087400585412979126 0.35718497633934021 1.0544940233230591
-0.28313424776537705 -0.032195031050302393 0.7539504586890371
-0.29617005735258412 -0.013884163915898815 0.72524835969544799
-0.086793750524520874 0.17093618214130402 1.2858172655105591
0.59639561176300049 0.010535811074078083 1.0305987596511841
0.19509711861610413 0.035346582531929016 1.3690692186355591
0.019453199580311775 -0.088371649384498596 0.70375549793243408
-0.01378881119843686 -0.068358841297540995 0.70025764393407286
0.23060430586338043 0.30103263258934021 0.86732971668243408
-0.49029716849327087 0.22284659743309021 0.78361999988555908
0.093320995569229126 -0.029808379709720612 -0.14338196814060211
0.12177100777626038 -0.037590362131595612 -0.14722716808319092
0.32666599750518799 -0.085747145116329193 0.96242243051528931
0.32492652535438538 -0.086540602147579193 0.99257379770278931
0.084730289876461029 -0.06642952561378479 1.2132769823074341
0.19053626695143863 0.1510879471531818 1.3225674404867775
0.22060218453407288 0.33277091383934021 1.1543170213699341
0.077665477991104126 0.025672582909464836 -0.24869811534881592
0.13855567574501038 -0.050590842962265015 -0.28733336925506592
0.12729470431804657 0.1700817346572876 0.32494080066680908
-0.059472892433404922 0.6024547815322876 0.77876776456832886
0.13556495308876038 -0.029747344553470612 -0.11826599389314651
0.60822123289108276 0.24805411696434021 1.2054034471511841
-0.048478934913873672 0.1478649377822876 0.31001773476600647
0.095205448567867279 0.46451526880264282 0.86601752042770386
0.089780956506729126 0.49454459547996521 0.84608954191207886
-0.20050129524017959 0.17183647151038767 0.76402286816158904
-0.061014026403427124 0.012580513954162598 0.31831848621368408
-0.086015552282333374 0.018806099891662598 0.33910095691680908
-0.14762292802333832 0.6869579553604126 0.86394226551055908
0.12237372994422913 -0.068443633615970612 -0.38144960999488831
0.081754826009273529 -0.058555979281663895 0.71642029285430908
0.0054064415518759752 -0.035563192247195015 0.62679984859640925
-0.014024591073393822 0.6626049280166626 0.84706610441207886
0.12429633736610413 0.024177225306630135 -0.34653747081756592
0.011495736427605152 0.31388053297996521 1.0454913377761841
-0.0079058147966861725 0.32068592309951782 1.0158587694168091
0.33505073189735413 -0.0098804645240306854 1.3540850877761841
0.36421790719032288 -0.0051502399146556854 1.3505450487136841
0.19436469674110413 0.00052610418060794473 -0.38440978527069092
0.085134647786617279 -0.054954905062913895 0.81660950183868408
-0.23291954398155212 0.30664783716201782 0.91084784269332886
0.013418341055512428 0.6452709436416626 0.84898871183395386
-0.20423303544521332 0.1862255185842514 0.45399963855743408
0.15958228707313538 -0.0056079728528857231 0.60094177722930908
-0.13069068733134653 0.1190475853829796 0.53876268996171828
-0.34272229801460136 0.097473512225573086 0.9869142313932685
0.14671149849891663 0.027717262506484985 -0.32621276378631592
0.14364448189735413 0.034125953912734985 -0.30051696300506592
-0.27200490236282349 0.14789542555809021 1.0407916307449341
-0.22193321585655212 0.23255118727684021 0.95720404386520386
-0.19858726859092712 0.058601018041372299 0.40092957019805908
0.095281749963760376 0.22119869291782379 0.42244446277618408
0.061407238245010376 0.0016857611481100321 -0.16404235363006592
0.066747806966304779 -0.057518403977155685 1.2305499315261841
0.18087592720985413 -0.012779576703906059 -0.026102902367711067
-0.12619194388389587 -0.063072562217712402 0.43687927722930908
-0.50893580913543701 0.33527335524559021 0.77254211902618408
-0.31976494193077087 0.1486889123916626 0.55162543058395386
0.18002143502235413 0.2311474084854126 0.69725525379180908
0.15646184980869293 0.39160880446434021 0.87990295886993408
0.4036388002739546 0.15198717291978989 1.0215408372804049
-0.31412681937217712 -0.044578935950994492 0.87279236316680908
0.10153784602880478 0.1747814416885376 0.32912170886993408
0.088117748498916626 0.1854625940322876 0.35179626941680908
0.067518383264541626 0.40750846266746521 0.98750799894332886
0.45087257027626038 0.14670522511005402 1.3758136034011841
0.16975226998329163 -0.023979537189006805 0.18709290027618408
-0.097741931676864624 0.34809073805809021 0.57387274503707886
-0.070901721715927124 0.36008414626121521 0.59010809659957886
0.077102073068536545 0.43593391605500453 0.8643109707509391
0.18591131269931793 0.30103260278701782 1.2627764940261841
0.037649296224117279 0.6486278772354126 0.89958685636520386
-0.054857105016708374 0.11109121143817902 1.3093463182449341
-0.45179161429405212 0.19129142165184021 0.91234314441680908
-0.43409141898155212 0.17444571852684021 0.92894470691680908
-0.19702325761318207 0.5411754846572876 0.94283026456832886
-0.12799249589443207 0.23993644118309021 1.0199481248855591
-0.15033899247646332 0.23859365284442902 1.0002642869949341
0.18102090060710907 0.03253902867436409 -0.095805041491985321
-0.31619435548782349 0.1687694638967514 0.60823553800582886
0.61755955219268799 0.15674552321434021 1.1275531053543091
0.59202396869659424 0.1424327939748764 1.1040850877761841
-0.26070582866668701 0.51926380395889282 0.93367499113082886
0.12686744332313538 0.1775890588760376 0.35231506824493408
-0.14956077933311462 0.31388053297996521 0.55467718839645386
0.16960731148719788 0.057868555188179016 1.3672076463699341
0.14542213082313538 -0.056389231234788895 0.85298645496368408
0.047193676233291626 -0.034080836921930313 -0.26194274425506592
0.11034671431589579 0.04396244601925739 0.4530540894683151
0.19191619217646375 0.097324779133236838 1.2810836934998613
0.0049573467113077641 0.1738353967666626 0.31880676746368408
0.029997020959854126 -0.10106697678565979 0.97893249988555908
0.046415477991104126 -0.09584847092628479 1.0056658983230591
0.062055736780166626 -0.09944954514503479 0.98009216785430908
0.054243315078654472 -0.059068746139198235 0.97459849352429961
0.10370460152626038 0.31696280837059021 0.56181824207305908
0.63612192869186401 0.24759635329246521 1.2145892381668091
-0.25560173392295837 0.33731800317764282 0.90334051847457886
-0.13237939774990082 0.7001720666885376 0.88148987293243408
-0.11978325992822647 0.6808544397354126 0.85753363370895386
-8.5682746430393308e-05 0.11228139698505402 1.3489581346511841
0.27412238717079163 0.13400992751121521 0.77281677722930908
-0.34847432374954224 0.10462149977684021 1.0125628709793091
0.18703284859657288 0.085944727063179016 1.3712664842605591
0.11334814876317978 -0.068748839199542999 0.41597473621368408
-0.11173424869775772 0.7222362756729126 0.98070251941680908
-0.10775169730186462 0.7317882776260376 0.95177185535430908
0.51244175434112549 0.20896108448505402 1.3395282030105591
-0.23813043534755707 0.18833121657371521 1.0084735155105591
-0.29051387310028076 0.35300403833389282 0.90208929777145386
-0.35103017091751099 0.04068717360496521 0.99504584074020386
-0.099473811686038971 0.49658927321434021 0.70717352628707886
-0.13105186820030212 0.7162548303604126 0.96498596668243408
0.19978919625282288 0.012122771702706814 -0.091715693473815918
0.078161381185054779 0.43238028883934021 0.69661444425582886
0.69498264789581299 0.19397695362567902 1.2773333787918091
0.68971073627471924 0.16437490284442902 1.2795611619949341
0.20444312691688538 0.049171097576618195 0.27272525429725647
0.063947826623916626 0.018104225397109985 -0.30933654308319092
-0.37392601370811462 0.0099865011870861053 0.70732605457305908
0.67381107807159424 0.099250398576259613 1.2694903612136841
0.10509816275163968 0.42898505970046558 0.79660888299495758
-0.19271263480186462 0.0039745233952999115 1.0569659471511841
0.092306286096572876 0.39118155837059021 1.0059100389480591
0.093267589807510376 0.41098746657371521 0.97801697254180908
0.48190894722938538 -0.031608965247869492 1.1252337694168091
-0.23962578177452087 0.015052406117320061 1.0232135057449341
0.43501868844032288 -0.053764734417200089 1.1768389940261841
0.46144691109657288 -0.044151697307825089 1.1793719530105591
0.45534339547157288 -0.04113045334815979 1.1463824510574341
-0.10173210501670837 0.48191028833389282 0.93855780363082886
-0.28993400931358337 0.41184195876121521 0.69389837980270386
-0.20593439042568207 0.63510853052139282 0.82466620206832886
-0.22311578691005707 0.65094715356826782 0.85295599699020386
0.27000251412391663 0.26758533716201782 1.3111773729324341
0.65189182758331299 0.18851432204246521 1.3570758104324341
-0.052141040563583374 -0.028191005811095238 1.1402484178543091
0.11248602718114853 -0.034386049956083298 0.63744080066680908
-0.19667993485927582 0.65833240747451782 0.84648627042770386
-0.17232690751552582 0.65042835474014282 0.83122748136520386
0.32911506295204163 0.032966215163469315 1.3670245409011841
0.12776008248329163 0.33744010329246521 0.63475525379180908
0.14029517769813538 0.31394156813621521 0.61452209949493408
-0.12443719059228897 0.14438588917255402 1.2281695604324341
0.18346229195594788 -0.031090134754776955 0.25600156188011169
0.19558539986610413 -0.0013049783883616328 0.24986755847930908
0.010534436441957951 -0.101616270840168 0.59340393543243408
-0.067651607096195221 0.47006949782371521 0.69405096769332886
0.17912879586219788 0.036597844213247299 0.44051086902618408
0.1594065322443427 0.046273244150001384 0.45574231222750183
0.59397709369659424 0.095008470118045807 1.0262347459793091
0.15408149361610413 0.017402326688170433 -0.45127379894256592
0.18007484078407288 0.2071605920791626 0.57042419910430908
-0.031495898962020874 -0.113701231777668 0.52684509754180908
0.086225658655166626 -0.052910219877958298 0.65413391590118408
0.011221075430512428 0.6294933557510376 0.94435614347457886
0.55187046527862549 0.010444262064993382 0.94743835926055908
-0.41215690970420837 0.42896232008934021 0.76707947254180908
-0.41034874320030212 0.40802723169326782 0.74303162097930908
-0.054423914011222645 -0.055106257808041417 0.71534953284466185
0.33772101998329163 -0.045677557587623596 0.78499329090118408
0.19950690865516663 0.077796578407287598 0.42903628945350647
0.041021488606929779 0.5008312463760376 0.90752142667770386
0.33579078316688538 0.055488217622041702 0.73558533191680908
0.32091346383094788 0.041114434599876404 0.71297180652618408
0.48603644967079163 0.1787181943655014 1.0819293260574341
0.46297279000282288 0.1983104795217514 1.0891619920730591
-0.32047444581985474 0.10538443177938461 1.0270282030105591
-0.0012911249650642276 -0.11211434006690979 0.90071594715118408
-0.041032645851373672 0.26880604028701782 1.0438433885574341
-0.012605520896613598 0.29199942946434021 1.0428973436355591
0.27473273873329163 0.34113273024559021 1.0752459764480591
0.25364509224891663 0.35004386305809021 1.0045367479324341
0.13016334176063538 -0.09178963303565979 0.97542297840118408
0.67700779438018799 0.11634024232625961 1.2473345994949341
-0.32681447267532349 0.25327259302139282 0.64607733488082886
-0.31930286677743369 0.25948892019103464 0.67221494158883066
0.38854041695594788 0.16562613844871521 0.96181213855743408
-0.47055229544639587 0.39267691969871521 0.76311218738555908
-0.47271144390106201 0.41864737868309021 0.78633606433868408
-0.038324210792779922 -0.014488577842712402 0.31517517566680908
0.31671729683876038 -0.052208345383405685 1.3252154588699341
-0.082856982946395874 -0.023704886436462402 0.36555969715118408
-0.10146507620811462 0.025672517716884613 1.1634112596511841
0.15099158883094788 -0.029411651194095612 -0.15177428722381592
-0.22946342825889587 -0.080986402928829193 0.79091370105743408
-0.25506004691123962 -0.070213697850704193 0.80351746082305908
0.52689655136224955 0.035052211339539896 1.2459723504268641
0.13553443551063538 0.40750846266746521 0.94649231433868408
0.35091224312782288 -0.078819677233695984 1.2601214647293091
0.1421925276517868 0.026685640215873718 -0.48088693618774414
-0.10999473929405212 -0.0091785537078976631 1.1100360155105591
0.43704813718795776 0.15018424391746521 0.99019354581832886
0.044698864221572876 0.027534136548638344 0.11720764636993408
0.052938614040613174 0.034888878464698792 0.089528210461139679
0.056707527488470078 0.057807572185993195 0.11278260499238968
0.046560429036617279 0.48981437087059021 0.71513861417770386
-0.10951408743858337 0.21652945876121521 1.0826312303543091
0.10004248470067978 0.35126456618309021 0.62260925769805908
-0.036447376012802124 -0.1106494814157486 0.71233093738555908
0.10085120797157288 0.037116672843694687 -0.20441709458827972
0.13004127144813538 0.42279776930809021 0.79411804676055908
0.11733832210302353 0.45151481032371521 0.79811590909957886
0.19287696480751038 -0.071831144392490387 1.1497393846511841
0.043340828269720078 0.5905529260635376 0.83498114347457886
0.037588264793157578 0.41068226099014282 0.98137396574020386
-0.10904106497764587 0.5736461877822876 0.94041937589645386
-0.26643544435501099 0.16989859938621521 1.0142413377761841
0.10544411092996597 0.062720909714698792 -0.02350890263915062
0.13511481881141663 0.069587364792823792 -0.0081585608422756195
0.076215885579586029 -0.084740065038204193 0.91039001941680908
0.10328497737646103 -0.075889967381954193 0.90691101551055908
0.20100226998329163 0.28861194849014282 1.2832232713699341
-0.013391349464654922 0.40988883376121521 0.65901678800582886
-0.011545035988092422 0.38986930251121521 0.63945502042770386
0.56953251361846924 0.08652457594871521 1.0036517381668091
0.054243240505456924 -0.070640921592712402 0.33394348621368408
-0.15544304251670837 0.33533439040184021 0.57591742277145386
-0.17650780081748962 0.31137809157371521 0.56947821378707886
0.19824042916297913 -0.068016454577445984 1.2416278123855591
-0.077867358922958374 -0.0025867235381156206 0.34587585926055908
0.66007816791534424 0.048926923424005508 1.0709124803543091
-0.43563255667686462 0.22141227126121521 0.90892517566680908
-0.46878227591514587 0.21961173415184021 0.89360535144805908
0.22174657881259918 -0.014274966903030872 0.68590271472930908
0.21142402291297913 -0.005638491827994585 0.65004456043243408
0.074949413537979126 -0.0015796271618455648 0.011098027229309082
-0.0025041995104402304 -0.022758878767490387 1.2233477830886841
0.022695692256093025 -0.027305999770760536 1.2467242479324341
0.41909614205360413 -0.068901456892490387 1.2523394823074341
0.39359870553016663 -0.074638761579990387 1.2503253221511841
-0.13165459036827087 -0.093773268163204193 0.95341980457305908
0.20931069552898407 0.16876944899559021 1.3498736619949341
0.69911783933639526 0.22644767165184021 1.2690325975418091
0.27463355660438538 0.19950063526630402 1.3458148241043091
0.29559150338172913 0.21933706104755402 1.3388568162918091
0.11010566353797913 0.40790519118309021 0.71114075183868408
0.50553715229034424 0.26245838403701782 1.3288165330886841
-0.17440208792686462 0.44266471266746521 0.67641180753707886
-0.13651451468467712 0.44119986891746521 0.67705267667770386
0.68736094236373901 0.17081412672996521 1.2471514940261841
0.51204502582550049 0.1787181943655014 1.1023455858230591
0.19832435250282288 0.035560265183448792 0.0070391912013292313
0.028173595666885376 0.1041637659072876 0.21712219715118408
-0.26513847708702087 0.2199779748916626 0.57198065519332886
0.11831489205360413 -0.047050837427377701 0.47722351551055908
-0.022114908276277483 0.38210924119651141 0.81629369782692707
-0.48647487163543701 0.42581900954246521 0.81990540027618408
0.55326664447784424 0.045295339077711105 0.94005310535430908
0.12746253609657288 0.06110348179936409 -0.04554259404540062
0.16112342476844788 0.05353512242436409 -0.055277705192565918
0.13245978951454163 0.1244884729385376 0.23408998548984528
0.17073644697666168 0.1865001767873764 0.62990295886993408
0.17826667428016663 0.1536022275686264 0.64043152332305908
-0.099695056676864624 0.19303090870380402 1.2211199998855591
0.16094031929969788 0.075446732342243195 0.05678284540772438
-0.087228633463382721 0.6801830530166626 0.85661810636520386
-0.33304008841514587 -0.033775713294744492 0.84889709949493408
0.50042545795440674 0.080482102930545807 0.92497742176055908
0.13797511849039812 0.036786762649896172 0.48408595625913564
-0.44517692923545837 0.13022574782371521 0.93578064441680908
0.55630320310592651 0.26166492700576782 1.2153826951980591
-0.034562915563583374 0.2842174768447876 0.47673526406288147
0.19974341988563538 -0.040489520877599716 -0.42786681652069092
-0.054803699254989624 -0.110222227871418 0.54933655261993408
0.47995585203170776 0.14795646071434021 1.0295916795730591
0.46978583931922913 0.018409354612231255 0.81117737293243408
0.45815101265907288 0.048499688506126404 0.82707703113555908
0.44487586617469788 0.033729180693626404 0.79567444324493408
0.20828071236610413 0.1230846643447876 0.42412295937538147
0.21032539010047913 0.1024852991104126 0.44246402382850647
-0.43241295218467712 0.10889396816492081 0.80226624011993408
-0.45233330130577087 0.13892325758934021 0.80327332019805908
-0.12664209306240082 0.17627675831317902 1.1765033006668091
0.029325632378458977 0.2842479944229126 0.48650088906288147
0.14221778512001038 -0.017204653471708298 0.62550842761993408
0.00057044730056077242 -0.115105040371418 0.53539001941680908
0.036214977502822876 -0.106621153652668 0.54042541980743408
-0.37082850933074951 0.45844227075576782 0.91557806730270386
-0.38493525981903076 0.48426014184951782 0.89247626066207886
-0.37934534674436221 0.080391413051711824 0.76494028479396348
-0.47619041800498962 0.15009269118309021 0.85805237293243408
-0.46962150931358337 0.14795646071434021 0.82783997058868408
0.15287604928016663 -0.027458528056740761 -0.085978388786315918
0.26880469918251038 0.33872184157371521 0.98128235340118408
-0.35432577854026309 0.2580130490481829 0.88759921850219314
-0.0072573116049170494 -0.099785223603248596 0.71300232410430908
0.20350471138954163 0.1027599573135376 0.41695132851600647
-0.49910148978233337 0.25327262282371521 0.78197205066680908
0.17024818062782288 -0.029991507530212402 0.35902890563011169
0.43494239449501038 -0.05486336350440979 1.0921527147293091
0.41065803170204163 -0.06667366623878479 1.0762225389480591
0.40588961886563901 -0.034258297376367319 1.0864033057935663
-0.17218193411827087 0.37955436110496521 0.62395209074020386
0.014349127188324928 0.6646801233291626 0.86992377042770386
-0.14769920706748962 0.44211536645889282 0.93178290128707886
0.027822643518447876 -0.084251776337623596 0.67290222644805908
0.13680091500282288 -0.048729319125413895 0.82512390613555908
0.11353126168251038 -0.046440500766038895 0.80641663074493408
-0.30808433890342712 0.53742176294326782 0.79524725675582886
-0.045106746256351471 0.6692882776260376 0.99101752042770386
-0.048311091959476471 0.6976391077041626 0.99837219715118408
0.12815681099891663 0.098243363201618195 0.18071474134922028
-0.039804313331842422 0.051856596022844315 1.2542926073074341
0.31422248482704163 0.30789908766746521 1.1903582811355591
-0.22921164333820343 0.080146394670009613 1.0948687791824341
-0.29752528667449951 0.58698230981826782 0.89156073331832886
-0.28349480032920837 -0.02211800217628479 0.96355164051055908
0.36775794625282288 0.18231923878192902 1.3775836229324341
0.52403729555396417 0.25384108674153594 1.242236040436546
-0.39376243948936462 0.10379753261804581 0.74489325284957886
-0.39883598685264587 0.1344982236623764 0.74791443347930908
0.11299720406532288 -0.09276619553565979 0.99977600574493408
0.096044696867465973 -0.096886061131954193 0.97551453113555908
0.14641395211219788 0.40747794508934021 0.91280090808868408
0.36290565133094788 0.045508965849876404 0.74986755847930908
-0.074235767126083374 0.46244007349014282 0.94395941495895386
0.19178596138954163 -0.01323735062032938 0.22969543933868408
-0.042276233434677124 -0.09725227952003479 0.98006165027618408
0.53799265623092651 0.27451282739639282 1.2346392869949341
-0.51799952983856201 0.39917713403701782 0.85841858386993408
-0.50798976421356201 0.38654288649559021 0.88542664051055908
0.50924503803253174 0.16068227589130402 1.3578692674636841
0.15234199166297913 -0.08794441819190979 1.0168048143386841
0.018171459436416626 -0.10427131503820419 0.95238220691680908
0.11589637398719788 -0.034447081387042999 0.57335388660430908
-0.046182490885257721 0.47663074731826782 0.94295233488082886
0.24697701632976532 0.1487499326467514 0.75813782215118408
-0.047205102248170858 0.53528730881164854 0.80212786077679454
0.10702338069677353 -0.072105757892131805 0.34517395496368408
0.085317760705947876 -0.036278173327445984 1.3062640428543091
0.036970291286706924 -0.055504240095615387 1.1805621385574341
0.41599863767623901 0.16928824782371521 0.99934881925582886
-0.23531518876552582 -0.086418524384498596 0.66820251941680908
-0.15868555009365082 0.20713004469871521 1.0544329881668091
0.065633922815322876 0.16550405323505402 1.3538714647293091
0.082082897424697876 0.14194448292255402 1.3630877733230591
0.048269420862197876 0.14124257862567902 1.3636981248855591
-0.056962821632623672 0.1839367151260376 0.35716739296913147
-0.20459160208702087 0.25785022974014282 0.94313544034957886
-0.28970512747764587 0.1984020471572876 0.59093207120895386
0.14198890328407288 0.077888146042823792 0.03618348017334938
-0.021135179325938225 -0.10796394199132919 0.77147400379180908
0.089166722796421571 -0.040721998079406227 0.35316338687025767
0.15105262398719788 0.14780385792255402 1.3523761034011841
0.10414711385965347 -0.091820143163204193 0.93852722644805908
-0.30455955862998962 -0.030754474923014641 0.93968689441680908
-0.48855003714561462 0.18720206618309021 0.85335266590118408
0.047514110803604126 -0.0082935001701116562 0.12740051746368408
0.43426337838172913 -0.060326013714075089 1.2288409471511841
0.45692268013954163 -0.05028572678565979 1.2079974412918091
-0.12180504202842712 0.16980703175067902 1.2097369432449341
0.46608558297157288 0.22516593337059021 1.1284991502761841
0.10964027047157288 0.38306388258934021 0.68455994129180908
-0.13455376029014587 0.47251087427139282 0.93871039152145386
-0.36650261282920837 0.37027698755264282 0.70161932706832886
-0.031167834997177124 -0.080894835293292999 0.39687073230743408
0.42847266793251038 -0.05419197678565979 1.1221820116043091
-0.30545222759246826 -0.035148993134498596 0.57649719715118408
0.26815620064735413 0.15171010792255402 1.3741046190261841
0.33047309517860413 -0.07900276780128479 0.89613825082778931
0.32911506295204163 -0.08403816819190979 0.92937189340591431
-0.29989802837371826 0.46005970239639282 0.92207831144332886
0.19226659834384918 -0.015495670959353447 0.68492615222930908
0.13524451851844788 -0.028801310807466507 0.14757263660430908
-0.24067863821983337 -0.043571840971708298 0.51778137683868408
-0.45855125784873962 0.27536734938621521 0.90712463855743408
-0.43274101614952087 0.25894886255264282 0.90569031238555908
0.065496601164340973 0.033668175339698792 0.062916882336139679
-0.088548511266708374 0.19174917042255402 1.2726641893386841
0.046537548303604126 0.021247463300824165 1.3259173631668091
0.27532783150672913 0.22116813063621521 0.88304626941680908
0.56567966938018799 0.061835862696170807 0.97401916980743408
0.15779700875282288 0.0064159557223320007 0.53914368152618408
0.60976994037628174 0.034766755998134613 1.3232012987136841
0.072973400354385376 0.0066296062432229519 -0.097361445426940918
-0.13068565726280212 0.41135364770889282 0.92851752042770386
-0.088403552770614624 -0.031334314495325089 1.0978289842605591
0.014318609610199928 0.5532909631729126 0.91582220792770386
0.036733772605657578 0.5349498987197876 0.90028876066207886
0.087858349084854126 -0.063072599470615387 1.2431536912918091
0.15815559029579163 0.035560280084609985 -0.27372252941131592
0.45883005857467651 0.16532096266746521 1.0382891893386841
-0.042726371437311172 0.23636588454246521 1.1033831834793091
0.0082532456144690514 0.1047435998916626 0.23448671400547028
-0.0099504897370934486 0.086707711219787598 0.24370302259922028
0.37604346871376038 -0.075371183454990387 1.2709246873855591
-0.22068199515342712 0.2276989221572876 0.53084295988082886
-0.19295677542686462 0.2421642392873764 0.51787298917770386
0.081380993127822876 -0.021080361679196358 0.061055302619934082
0.11406531929969788 -0.037590369582176208 0.050130005925893784
0.63485544919967651 0.27594715356826782 1.3057452440261841
0.40114417672157288 -0.07003059983253479 1.0442706346511841
0.070676952600479126 0.0052563087083399296 0.040852665901184082
0.22495856881141663 -0.026970282196998596 0.74403870105743408
0.14179053902626038 0.073676660656929016 1.3651019334793091
-0.12551292777061462 0.20105704665184021 1.1011554002761841
0.21465125679969788 0.108710877597332 0.46840396523475647
0.031431343406438828 0.32019767165184021 0.53227722644805908
0.65994089841842651 0.25638538599014282 1.2329303026199341
-0.15416131913661957 0.2112194150686264 0.43709293007850647
-0.12500940263271332 0.2155224084854126 0.42274966835975647
0.15199866890907288 -0.043877005577087402 0.37178525328636169
-0.24619469046592712 0.16944083571434021 1.0393573045730591
0.62650883197784424 0.011634437367320061 1.1906329393386841
0.60975468158721924 0.23984488844871521 1.3264361619949341
-0.19548973441123962 0.6980968713760376 0.89354431629180908
-0.20054802298545837 0.7043224573135376 0.92873108386993408
0.26938456296920776 0.11780508607625961 1.3841143846511841
0.24531379342079163 0.13571889698505402 1.3755999803543091
-0.16582812918485465 0.16045454605841825 0.49646025882295836
0.12507453560829163 -0.03325686976313591 -0.088328249752521515
0.082403331995010376 -0.056785956025123596 0.68547546863555908
-0.044671863317489624 0.027289990335702896 0.28468811511993408
0.09268188337939709 0.39616866230386838 0.87118001398737321
-0.065126270055770874 0.34146842360496521 0.55949896574020386
0.18706336617469788 0.37335929274559021 0.89873230457305908
-0.44822868704795837 0.26651725172996521 0.73427307605743408
0.090643070638179779 -0.080833792686462402 0.43068420886993408
0.19386878609657288 0.37900504469871521 0.93373596668243408
0.096143871545791626 -0.03456912562251091 -0.036417845636606216
0.30418220162391663 -0.090202711522579193 0.91374689340591431
-0.12656576931476593 0.47092399001121521 0.69337958097457886
0.68353092670440674 0.14356192946434021 1.2592669725418091
-0.13527092337608337 0.52695423364639282 0.72462958097457886
-0.11851677298545837 0.55689197778701782 0.74391669034957886
-0.27718966845815135 0.30201626349082789 0.70633673130354768
0.24726690351963043 0.22922477126121521 0.84731018543243408
0.16189399361610413 0.016883527860045433 -0.42618834972381592
0.63116276264190674 0.078437410295009613 1.3499346971511841
0.36865058541297913 -0.083794035017490387 1.2324420213699341
0.16254249215126038 -0.017631888389587402 0.39021790027618408
0.67835062742233276 0.21167716383934021 1.2175189256668091
0.16974464058876038 0.009009956382215023 0.40831482410430908
0.048856880515813828 -0.0053027551621198654 -0.37085998058319092
-0.40441307425498962 0.050391770899295807 0.78856384754180908
-0.19084343314170837 0.28314930200576782 0.93379706144332886
-0.19812187552452087 0.30963855981826782 0.91713446378707886
0.33599677681922913 0.13281974196434021 0.85530579090118408
0.20152869820594788 -0.064628995954990387 1.2956744432449341
0.49484840035438538 0.23514516651630402 1.3369952440261841
0.52593052387237549 0.23712880909442902 1.3324481248855591
0.32475104928016663 -0.077812589704990387 1.2711383104324341
0.35342994332313538 -0.071373380720615387 1.2908831834793091
0.032682567834854126 0.1854015588760376 0.33528625965118408
-0.14216028153896332 0.64438587427139282 0.81944769620895386
0.080068737268447876 -0.074119940400123596 0.88695251941680908
-0.24080070853233337 0.48496204614639282 0.93318670988082886
0.075102008879184723 -0.098015211522579193 0.95592224597930908
0.045835644006729126 -0.10161628574132919 0.95396912097930908
0.069074787199497223 0.02512325718998909 -0.043162226676940918
0.26703467965126038 -0.052818693220615387 1.3337298631668091
0.27518287301063538 -0.070885099470615387 1.2617999315261841
-0.037355273962020874 0.29120594263076782 1.0175982713699341
0.45984476804733276 0.18186149001121521 1.0643206834793091
-0.24033531546592712 0.5718456506729126 0.93605536222457886
-0.39743980765342712 0.052985765039920807 0.76137268543243408
0.10920539498329163 -0.054191987961530685 1.2931414842605591
0.19573798775672913 0.030860558152198792 0.05046570673584938
-0.065629817545413971 -0.07131233811378479 1.0276690721511841
-0.046876765787601471 0.6791149377822876 0.85725897550582886
0.22472968697547913 0.34128531813621521 0.90053284168243408
-0.028772206977009773 0.17487294971942902 1.3383685350418091
-0.099000781774520874 0.24591788649559021 1.0352374315261841
0.32432380318641663 0.058448392897844315 1.3741351366043091
0.44505134224891663 0.27429920434951782 1.3266803026199341
0.45362678170204163 0.29453235864639282 1.3054705858230591
0.12404456734657288 0.39942130446434021 0.98338806629180908
0.15587438642978668 0.28964957594871521 0.62871277332305908
0.45922678709030151 0.14893302321434021 1.0105181932449341
-0.18804344534873962 0.08194693922996521 1.1404315233230591
0.13013280928134918 0.41709095239639282 0.88484680652618408
0.10575690120458603 0.43888050317764282 0.89134711027145386
0.19273200631141663 0.042731873691082001 0.51518738269805908
-0.24264702200889587 -0.05175057053565979 0.94756042957305908
-0.083986133337020874 -0.056877527385950089 1.0486041307449341
0.40154090523719788 -0.064659498631954193 0.95332825183868408
-0.21914085745811462 0.124915711581707 0.41579163074493408
0.40836921334266663 0.26700553297996521 1.3366595506668091
-0.10346398502588272 0.6967235803604126 0.87736999988555908
-0.092309810221195221 0.7111889123916626 0.89702332019805908
0.40997141599655151 0.18793448805809021 1.0210467576980591
-0.35640129446983337 0.067329041659832001 0.54527777433395386
-0.25306477581599873 0.081255209298656525 0.68450849875946951
0.010244518518447876 -0.050865564495325089 1.1598712205886841
-0.064615093171596527 -0.10799446702003479 0.95030701160430908
0.43260017037391663 -0.017509832978248596 0.79008972644805908
-0.14119131863117218 0.49439200758934021 0.70604437589645386
0.65945255756378174 0.093696199357509613 1.3385516405105591
0.66807377338409424 0.08805045485496521 1.3122149705886841
-0.15841087698936462 -0.083153150975704193 0.96178162097930908
0.035635136067867279 0.5820385217666626 0.80647772550582886
0.1427749571398875 0.13570920585643889 0.5302435556587406
0.21130195260047913 0.010322202928364277 0.61363708972930908
-0.010078253259153694 0.36283909203406994 0.73683775606871049
-0.16878685355186462 0.29297599196434021 0.54948920011520386
-0.50780665874481201 0.36399039626121521 0.77904236316680908
0.40283027291297913 -0.07640877366065979 1.2245074510574341
-0.44120964407920837 0.40824088454246521 0.75957214832305908
0.19356649962984085 0.1984933905518057 1.1316816773459251
-0.38707146048545837 0.021461106836795807 0.77290838956832886
0.080977395176887512 0.032041650265455246 -0.47667938470840454
0.1850346058679303 0.12474492912686079 0.57126763505587308
-0.28357872366905212 0.54251819849014282 0.77119940519332886
0.015936046838760376 0.14258535206317902 1.3564959764480591
0.29903233051300049 -0.093223951756954193 0.94612604379653931
0.014677193947136402 0.3025280237197876 0.50630676746368408
-0.074296802282333374 0.23004874587059021 1.0874835252761841
-0.069970935583114624 0.25003772974014282 1.0519000291824341
0.30294623970985413 -0.077873624861240387 1.2487078905105591
0.22141090035438538 0.071693055331707001 0.55473816394805908
0.41487708687782288 0.1291271299123764 0.92949408292770386
0.29481330513954163 0.19513663649559021 0.88814270496368408
-0.10784324258565903 -0.11339607089757919 0.65297424793243408
-0.36747917532920837 0.079047784209251404 0.57610052824020386
0.16496101021766663 -0.091026686131954193 0.96947205066680908
-0.027444692328572273 0.068000435829162598 0.25758850574493408
0.28092017769813538 -0.092064283788204193 0.89931213855743408
-0.36534291505813599 0.11923941969871521 0.99135321378707886
-0.45273002982139587 0.37451896071434021 0.74553406238555908
0.27458781003952026 0.33426627516746521 1.1141558885574341
-0.41064628958702087 0.09989127516746521 0.97246277332305908
-0.42437157034873962 0.07575187087059021 0.95222961902618408
-0.037065356969833374 -0.033378962427377701 0.33473694324493408
0.10153022408485413 0.11353262513875961 1.3689166307449341
0.18968786299228668 0.1709057092666626 0.43117249011993408
0.21485725045204163 0.13523063063621521 1.3674823045730591
-0.21528038382530212 -0.0012134384596720338 0.45341980457305908
0.39145484566688538 0.20978505909442902 1.3659259080886841
-0.10266289860010147 0.42652091383934021 0.67165106534957886
-0.36334404349327087 0.14249381422996521 0.97667425870895386
0.13722053170204163 -0.016441712155938148 0.58427917957305908
0.21922126412391663 0.048041932284832001 0.57075989246368408
-0.12486442923545837 -0.105858214199543 0.62849915027618408
-0.10831627249717712 0.29926258325576782 0.95793646574020386
0.046346809715032578 0.33924064040184021 0.56303894519805908
0.66547214984893799 0.25904041528701782 1.3060199022293091
-0.40171226859092712 0.02124747633934021 0.90511047840118408
0.33695808053016663 -0.07894173264503479 1.1481829881668091
0.17191901803016663 -0.016044957563281059 0.009053349494934082
0.19260230660438538 0.0036388805601745844 -0.002116084098815918
-0.10627160221338272 0.2795482873916626 0.48521915078163147
-0.11395440250635147 0.29682120680809021 0.51643866300582886
-0.075570911169052124 0.026771148666739464 1.1863604784011841
0.10370460152626038 -0.035087920725345612 -0.11191833019256592
0.53652775287628174 -0.027702724561095238 1.2586261034011841
-0.43023857474327087 0.06357535719871521 0.92445862293243408
0.081243664026260376 -0.09575691819190979 1.0037127733230591
0.38770118355751038 0.1412120908498764 0.92265808582305908
-0.38007530570030212 0.1857677549123764 0.70857733488082886
0.18228736519813538 0.036262150853872299 0.48799622058868408
0.19071021676063538 0.054969426244497299 0.45903503894805908
0.18871131539344788 -0.064659439027309418 -0.44309511780738831
0.13853946523320301 -0.052721384819410425 1.0486427431005909
0.36005988717079163 -0.061455149203538895 0.84816461801528931
0.053159859031438828 -0.036827415227890015 -0.23749816417694092
-0.020906299352645874 -0.052971243858337402 0.34450256824493408
-0.35362419486045837 0.44776114821434021 0.75322455167770386
-0.11358055472373962 -0.1164478212594986 0.68776428699493408
0.081060558557510376 0.087745264172554016 1.3648883104324341
-0.51150691509246826 0.24249991774559021 0.80724060535430908
0.001012948458082974 0.2784801721572876 0.47231021523475647
0.059637218713760376 0.081824906170368195 0.18150818347930908
0.11106696724891663 0.091071732342243195 0.15987123548984528
0.37363258004188538 0.16028556227684021 0.93700134754180908
-0.21636375784873962 0.6160656213760376 0.94588202238082886
-0.28865224123001099 0.16800650954246521 0.99477118253707886
0.19560065865516663 0.049171090126037598 0.36681091785430908
0.013868476264178753 0.5190502405166626 0.91579169034957886
0.10341468453407288 -0.03142581507563591 -0.069865107536315918
0.24364295601844788 0.32608756422996521 1.1774798631668091
-0.40503868460655212 0.031562421470880508 0.83806335926055908
0.42535987496376038 0.20203359425067902 1.3642474412918091
-0.38920006155967712 0.39041858911514282 0.72386664152145386
0.21577277779579163 -0.068260587751865387 1.2121783494949341
0.17378059029579163 -0.041984960436820984 1.3440448045730591
0.67991465330123901 0.25855213403701782 1.2660113573074341
-0.064996570348739624 0.5745311975479126 0.75780218839645386
-0.20842920243740082 0.61072498559951782 0.79662054777145386
-0.078622266435269317 -0.086798525190717124 0.51876095861948957
0.12356391549110413 -0.069023512303829193 0.89076721668243408
0.50314915180206299 -0.025261320173740387 1.3052264451980591
0.061117321252822876 0.29184684157371521 1.1292010545730591
0.083181530237197876 0.29077872633934021 1.1584674119949341
0.39976325631141663 0.29718738794326782 1.2223407030105591
-0.15174278616905212 0.1536327600479126 0.38365665078163147
0.18651404976844788 0.1501842737197876 0.67101013660430908
0.30119910836219788 0.19351918995380402 1.3554278612136841
0.056890636682510376 -0.043693874031305313 -0.28504455089569092
-0.20643791556358337 0.036811467260122299 0.41957581043243408
0.037435680627822876 0.23993642628192902 1.3117572069168091
0.30823341012001038 0.31775626540184021 1.1358538866043091
0.025068426504731178 0.6554943323135376 0.92995184659957886
0.57913029193878174 -0.00432625412940979 1.1403094530105591
-0.043779227882623672 0.36759147047996521 0.60161322355270386
0.036497265100479126 0.27008777856826782 1.2614947557449341
0.046423103660345078 0.26444202661514282 1.2902423143386841
0.64032566547393799 0.25028187036514282 1.3239947557449341
0.0073987497016787529 0.49780997633934021 0.70842474699020386
0.34889045357704163 0.31088978052139282 1.2427874803543091
0.41879096627235413 0.28336292505264282 1.1935015916824341
-0.16049370169639587 0.056953035295009613 1.1488238573074341
-0.11419853568077087 -0.023826990276575089 1.0865374803543091
0.66373264789581299 0.05033072829246521 1.2071124315261841
0.66831791400909424 0.07361564040184021 1.2238970994949341
0.11316505074501038 -0.034019820392131805 0.16426575183868408
0.23138251900672913 -0.060875333845615387 1.2939959764480591
-0.53714931011199951 0.36646232008934021 0.81935608386993408
0.65508091449737549 0.027350993826985359 1.0976458787918091
0.15884223580360413 -0.013634097762405872 0.64983093738555908
-0.45715507864952087 0.24536857008934021 0.90309631824493408
0.24734319746494293 -0.013664616271853447 0.69069397449493408
0.082418590784072876 -0.013328889384865761 -0.11851012706756592
0.58588993549346924 0.0027233001310378313 1.2926226854324341
-0.25892052054405212 0.53784900903701782 0.75496405363082886
0.18795600533485413 0.32758292555809021 1.1656085252761841
0.44754615426063538 0.29740098118782043 1.2534381151199341
-0.039979789406061172 0.7176281213760376 0.96553528308868408
0.14422431588172913 -0.030022010207176208 0.022847294807434082
0.42556583881378174 -0.058708574622869492 0.97453796863555908
0.038305431604385376 -0.016319626942276955 0.18785583972930908
-0.12491783499717712 0.33316764235496521 0.56233710050582886
0.081503070890903473 0.056159630417823792 0.05138123407959938
0.16665473580360413 -0.072105802595615387 1.1764117479324341
0.039625316858291626 -0.076866522431373596 0.78874695301055908
-0.18413719534873962 -0.047661211341619492 0.99806702136993408
-0.063157886266708374 0.39823108911514282 0.95024603605270386
0.29601871967315674 -0.09279671311378479 0.98024469614028931
-0.43956169486045837 0.08490714430809021 0.93300354480743408
-0.43170341849327087 0.10660514235496521 0.94878113269805908
-0.12652000784873962 0.048865877091884613 1.1685076951980591
0.044370796531438828 0.062110554426908493 0.16902649402618408
0.24585546553134918 -0.066063322126865387 1.2683306932449341
0.44000068306922913 0.24845083057880402 1.3424273729324341
0.17957130074501038 -0.0014575829263776541 0.62718689441680908
-0.38897117972373962 0.12515982985496521 0.97533148527145386
0.10167519003152847 0.071906700730323792 0.065907604992389679
0.51309788227081299 -0.032768644392490387 1.2769366502761841
-0.040513847023248672 0.5828319787979126 0.76790350675582886
0.049200199544429779 0.29920157790184021 0.51073181629180908
-0.50316035747528076 0.27774772047996521 0.88106262683868408
0.56024754047393799 -0.013389981351792812 1.2791339159011841
-0.30413231253623962 -0.047020334750413895 0.73705017566680908
-0.080774158239364624 -0.12810555100440979 0.81154358386993408
0.016607427969574928 0.46201282739639282 0.94832342863082886
-0.29539665579795837 -0.052391435950994492 0.89177429676055908
0.013090282678604126 -0.09407845139503479 1.0035907030105591
0.51021397113800049 0.19727286696434021 1.1212664842605591
-0.48520073294639587 0.29206046462059021 0.90141785144805908
-0.32338890433311462 -0.036278143525123596 0.62746155261993408
-0.43284019827842712 0.13217887282371521 0.78383362293243408
0.37587565183639526 0.26804313063621521 1.0938922166824341
-0.48188957571983337 0.17148551344871521 0.87474548816680908
0.17500892281532288 0.028815861791372299 0.46272766590118408
0.022466808557510376 -0.027763720601797104 0.25313293933868408
0.14087501168251038 -0.070885106921195984 1.2368670701980591
-0.34703236818313599 0.26523548364639282 0.66362494230270386
0.41245093941688538 0.15653190016746521 0.97432440519332886
0.26452460885047913 0.015815366059541702 0.65511047840118408
-0.18412193655967712 0.031318303197622299 0.40483585000038147
-0.039811939001083374 -0.019462978467345238 1.1717425584793091
-0.073137134313583374 -0.00057259883033111691 1.1588641405105591
-0.046563956886529922 0.7169262170791626 0.98610413074493408
-0.16288931667804718 0.51108509302139282 0.71666449308395386
-0.26887688040733337 0.62549549341201782 0.85377997159957886
-0.27140983939170837 -0.03987923264503479 0.94542419910430908
0.074300915002822876 0.062568321824073792 0.083821423351764679
0.42447486519813538 -0.057793043553829193 0.94319641590118408
0.090902477502822876 0.043220184743404388 -0.17331969738006592
0.11208930611610413 -0.065330907702445984 1.2597552537918091
0.076833873987197876 0.03507198765873909 -0.076334826648235321
-0.24994073808193207 0.64478260278701782 0.86617010831832886
0.10484901070594788 0.079658165574073792 0.094777233898639679
0.44258704781532288 -0.057152189314365387 1.2564593553543091
0.31670206785202026 0.30866202712059021 1.0248919725418091
-0.081399768590927124 -0.016930019482970238 1.1267291307449341
-0.50995814800262451 0.25498160719871521 0.86330139636993408
0.13115516304969788 0.12671621143817902 1.3629046678543091
0.31816688179969788 0.31299549341201782 1.2474566698074341
-0.070176936686038971 0.7149730920791626 0.99480164051055908
-0.0073488699272274971 0.5036083459854126 0.93062323331832886
-0.42778953909873962 0.29083973169326782 0.90993225574493408
0.23911872506141663 0.10822255909442902 1.3778887987136841
-0.45347008109092712 0.10507926344871521 0.92348206043243408
0.32806220650672913 -0.071403883397579193 0.86183649301528931
0.35768714547157288 -0.068260572850704193 0.88011652231216431
0.13973060250282288 -0.08904305100440979 0.94649231433868408
0.63135349750518799 0.042426668107509613 1.3132525682449341
0.0028592597227543592 0.5284496545791626 0.73112982511520386
0.20224586129188538 -0.069969572126865387 1.1816912889480591
-0.015123221091926098 0.2978283166885376 0.49675479531288147
-0.0089434105902910233 0.2123790979385376 0.37831607460975647
-0.48486506938934326 0.39051017165184021 0.90376770496368408
0.048170238733291626 -0.08248177170753479 1.0557757616043091
-0.18483147025108337 0.081397645175457001 0.38338199257850647
0.16755500435829163 0.01868402399122715 0.51002991199493408
-0.37258324027061462 0.0069652614183723927 0.66908752918243408
0.34697547554969788 0.1752697080373764 0.93089783191680908
0.16791358590126038 -0.052360862493515015 -0.34696474671363831
-0.22482659874393143 -0.027987398801912155 0.95437500354571791
0.18688026070594788 0.057380329817533493 0.070149548351764679
-0.41382011771202087 0.13574942946434021 0.95586121082305908
-0.20410330593585968 0.14881093800067902 1.1129657030105591
-0.16681846976280212 0.46744495630264282 0.93565863370895386
0.43094459176063538 -0.023552339524030685 1.3318072557449341
-0.39753139019012451 0.48639637231826782 0.85817444324493408
-0.22906669974327087 -0.062187563627958298 0.53465759754180908
0.55961430072784424 0.18106803297996521 1.3511248826980591
-0.060907222330570221 0.7304760217666626 0.96928894519805908
-0.37260609865188599 0.042243584990501404 0.59337347745895386
0.21204964816570282 0.066993348300457001 0.52251160144805908
0.22067849338054657 0.095496766269207001 0.53331482410430908
-0.093583911657333374 -0.1047901064157486 0.51436340808868408
0.64104282855987549 0.022712321951985359 1.0745135545730591
0.18690314888954163 -0.059929292649030685 1.3207293748855591
-0.26557338237762451 0.62961536645889282 0.88457220792770386
0.18375220894813538 0.3477245569229126 0.84157288074493408
0.46643653512001038 0.23416860401630402 1.3425799608230591
-0.17743858695030212 0.36350208520889282 0.91139715909957886
0.081998974084854126 -0.01921878382563591 -0.089152216911315918
-0.20104393362998962 0.6934581995010376 0.95952332019805908
-0.46923241019248962 0.19196280837059021 0.77440369129180908
-0.40976893901824951 0.47367054224014282 0.88261902332305908
-0.065835803747177124 0.068275094032287598 0.28999817371368408
-0.048738330602645874 0.081336617469787598 0.27428162097930908
0.52667057514190674 0.063117608428001404 0.92549622058868408
0.065939098596572876 -0.08989754319190979 1.0304156541824341
-0.062166064977645874 -0.110008604824543 0.51405823230743408
-0.17382988333702087 0.051734562963247299 0.38380923867225647
0.17764869332313538 -0.012108184397220612 -0.15409362316131592
-0.035425040870904922 0.31516224145889282 0.99550360441207886
0.062650822103023529 0.5477367639541626 0.80754584074020386
0.23895850777626038 0.010230649262666702 0.63582336902618408
-0.37251457571983337 0.077216729521751404 0.62721747159957886
-0.28397545218467712 0.09555777907371521 1.0576373338699341
-0.071481563150882721 0.6964184045791626 0.88026916980743408
0.31332221627235413 0.14188346266746521 0.84132874011993408
-0.045335628092288971 0.7282482385635376 0.94606506824493408
-0.17309746146202087 0.1427074670791626 0.39030948281288147
0.16905799508094788 0.38950309157371521 0.91267883777618408
0.17532935738563538 -0.071190275251865387 1.2141925096511841
-0.25086387991905212 0.14646109938621521 1.0651141405105591
0.19801917672157288 0.017127655446529388 -0.15769469738006592
-0.22204002737998962 -0.082756422460079193 0.81926453113555908
0.14649787545204163 0.30722767114639282 1.2174884080886841
-0.32947716116905212 0.43750724196434021 0.73195379972457886
0.056180834770202637 -0.069770865142345428 -0.47390833497047424
-0.43908867239952087 0.4341198205947876 0.78825867176055908
0.22013483941555023 -0.048265606164932251 -0.45729115605354309
0.14467376470565796 -0.074765823781490326 -0.48050901293754578
0.070165783166885376 0.00339474156498909 -0.067362666130065918
0.43818488717079163 -0.055229570716619492 1.0292865037918091
0.20254340767860413 0.062324158847332001 0.49089542031288147
0.26594367623329163 0.00019036488083656877 0.67918884754180908
0.25980201363563538 0.036780942231416702 0.63441956043243408
-0.33108696341514587 0.50998646020889282 0.78651922941207886
0.088880695402622223 0.051704064011573792 -0.047007441520690918
0.067152172327041626 0.34210929274559021 1.0677996873855591
0.46036353707313538 0.29990345239639282 1.2792254686355591
0.080618053674697876 -0.02184329554438591 -0.060007929801940918

CELLS 21006 105030
4    3    0    2    1
4    4    5    6    7
4    8    9   10   11
4   12   15   13   14
4   19   18   17   16
4   20   21   22   23
4   27   24   26   25
4   29   28   31   30
4   35   34   33   32
4   38   36   37   39
4   40   41   42   43
4   47   46   45   44
4   49   50   48   51
4   52   54   55   53
4   59   56   58   57
4   62   60   61   63
4   64   65   66   67
4   71   70   69   68
4   75   72   74   73
4   79   76   78   77
4   83   80   82   81
4   84   85   86   87
4   88   89   90   91
4   95   92   94   93
4   99   98   97   96
4  100  101   81  102
4   84  103   86  104
4  108  106  105  107
4  109  110  111  112
4  113  114  115  116
4  117  118  119  120
4  124  121  123  122
4  128  125  127  126
4  132  131  130  129
4  133  134  135  136
4  139  137  138  132
4  143  142  141  140
4  147  146  145  144
4  148  149  150  151
4  152  154  155  153
4  156  158  159  157
4  163  160  162  161
4  164  165  166  167
4  168  169  143  170
4  174  171  173  172
4  175  176  177  178
4  179  180  181  176
4  184  182  183  185
4  188  186  187  189
4  193  190  192  191
4  197  194  196  195
4  198  199  200  201
4  205  202  204  203
4  209  206  208  207
4  213  210  212  211
4  214  215  216  217
4  218  219  220  221
4  225  222  224  223
4  229  226  228  227
4  231  233  232  230
4  234  236  237  235
4   26  238  240  239
4  244  241  243  242
4  245  246  247  248
4  249  250    9   78
4  254  251  253  252
4  258  255  257  256
4  259  262  260  261
4  263  264  265  266
4  268  267  221  269
4  270  271  272  273
4  220  274  276  275
4  277  278  279  280
4  284  283  282  281
4  285  286  287  288
4  292  289  291  290
4  296  295  294  293
4  298  299  297  300
4  303  304  301  302
4  308  305  307  306
4  312  309  311  310
4  316  313  315  314
4  320  317  319  318
4   38   36  321   37
4  323  324  322  325
4  326  327  328  329
4  331  332  280  330
4  333  334  335  336
4  338  339  337  340
4  342  344  343  341
4  345  346  347  348
4  352  349  351  350
4  355   60  353  354
4  357  356  359  358
4  360  362   94  361
4  364  108  363  300
4  365  366  367  342
4  371  368  370  369
4  374  372  373  375
4  379  377  376  378
4  380  381  382  383
4  387  384  386  385
4  388  389  390  391
4  395  393  392  394
4  399  396  398  397
4  401  402  400  403
4  406  404  382  405
4  407  408  409  410
4  411  412  413  414
4  418  415  417  416
4  422  419  421  420
4  423  424  270  272
4  425   58  426  427
4  429  430  428  431
4  432  433  434  435
4  436  437  438  271
4  439  440  441  442
4  446  443  445  444
4  448  447   55   53
4  452  450  449  451
4  455  453  454  456
4  460  457  459  458
4  462  461   88   91
4  463  464  465  466
4  470  467  469  468
4  471  473  474  472
4  477  475  476  478
4  479  474  480  472
4  481  482  483  484
4  486  487  485  488
4  489  490  491   75
4  494   86  492  493
4  495  496  497  498
4  502  499  501  500
4  505  504  506  503
4  507  508  509  510
4  511  512  513  514
4  515  516  517  518
4  522  519  521  520
4  524  525  523  526
4  527  528  529  530
4  534  532  531  533
4  537  535  536  538
4  542  540  539  541
4  544  545  543  546
4  550  547  549  548
4  186  551  553  552
4  554   81   80  101
4  558  555  557  556
4  562  559  561  560
4  563  564  565  566
4  570  569  568  567
4  571  574  572  573
4  279  575  577  576
4  581  579  578  580
4  585  582  584  583
4  586  587  588  589
4  214  590  591  592
4  594  595  593   73
4  598  596  597  599
4  600  601  602  603
4  604  605  606   39
4  610  607  609  608
4  614  612  611  613
4  618  615  617  616
4  621  103  620  619
4  624  622  623  479
4  628  625  627  626
4  266  271  630  629
4  632  633  631  634
4  149  150  151  319
4  635  636  637  638
4  639  640  641  642
4  645  644  287  643
4  647  648  646  649
4  650  651  652  653
4  654  655  656  550
4  657  658  659  410
4   14  660  662  661
4  664  663  666  665
4  369  507  220  603
4  508  667  507  369
4  669  670  668  671
4  675  672  674  673
4  676  677  348  678
4  682  679  681  680
4  557  556  555  683
4  684  685  686  687
4  609  688  689  690
4  691  692  693  497
4  696  695  697  694
4  698  699  700  701
4  705  702  704  703
4  709  706  708  707
4  713  710  712  711
4  716  714  715  717
4  566  718  720  719
4  721  722  723  724
4  725  726  727  728
4  730  729  319  149
4  733  732  734  731
4  735  736  325  737
4  739  740  241  738
4  744  741  743  742
4  747  745  746  214
4  749  430  748  750
4  125  751  752  753
4  754  755  756  757
4  761  760  759  758
4  762  743  744  741
4  763  764  765  766
4  769  767  768  770
4  494  772  620  771
4  776  775  774  773
4  344  777  779  778
4  780  781  705  782
4  271  437  783  784
4  788  785  787  786
4  789  790  466  170
4  794  791  793  792
4  797  795  796  798
4  802  800  799  801
4  274  600  803  221
4  807  804  806  805
4  808  809  163  810
4  811  812  813  814
4  815  816  817  818
4  820  819  822  821
4  766  823  824  825
4  826  298  108  364
4  830  829  828  827
4  832  831  668  196
4  836  833  835  834
4  837  838  839  840
4  611  123  841  124
4  845  842  844  843
4  846  735   80  325
4  100  102  847  848
4  421  850  849  851
4  854  853  288  852
4  855  856  857  858
4  859  860  861  862
4  865  866  863  864
4  870  869  868  867
4  874  871  873  872
4  878  875  877  876
4  810  161  162  879
4  881  463  465  880
4  885  882  884  883
4  888   95  887  886
4  889  890  887  891
4  893  894  892  895
4  896  897  898  899
4  900  287  288  285
4  639  901  884  902
4  518  904  515  903
4  905  906  907  908
4  911  676  910  909
4  913  674  675  912
4  914  915  916  917
4  921  918  920  919
4  925  922  924  923
4  866  926  863  927
4  930  929  931  928
4  935  934  933  932
4  936  937  938  939
4  940  941  942  685
4  431  601  803  943
4  944  946  947  945
4  948  949  950  951
4  955  952  954  953
4  959  956  958  957
4  960  142  143  140
4  964  961  963  962
4  965  966  967  968
4  972  969  971  970
4  973  975  974  300
4  978  976  977  979
4  320  980  981  318
4  982  983  984  985
4  986  988   56  987
4  991  239  990  989
4  992  993  994  995
4  245  997  998  996
4 1002 1000  999 1001
4 1003 1004 1005 1006
4 1010 1008 1007 1009
4 1013 1012 1014 1011
4 1018 1015 1017 1016
4 1021  779 1020 1019
4  355   63 1023 1022
4 1024 1025 1026 1027
4 1028 1029  274 1030
4 1031   13   14   12
4   66 1032  115  116
4 1034 1035 1033 1036
4 1039  154 1038 1037
4 1043 1040 1042 1041
4 1045 1046 1044 1047
4 1050 1047 1049 1048
4 1053 1051 1052 1054
4 1055  232 1056  892
4 1057  815 1030  274
4  240 1058 1060 1059
4  189 1061 1063 1062
4 1064  368 1065 1066
4  989  239  187 1067
4  413 1069 1068 1070
4 1071 1072 1073  682
4 1077 1074 1076 1075
4  639 1078  884 1079
4 1083 1081 1080 1082
4  439  441 1084  442
4 1087 1085  917 1086
4 1091 1088 1090 1089
4 1093 1094  651 1092
4 1097 1095 1096 1098
4 1100 1101 1099 1102
4   28   31 1103   29
4  433 1105 1104 1106
4 1107 1108  411  414
4 1111 1109 1110 1112
4 1113 1114 1115 1116
4 1117 1118 1119 1120
4   95 1121   92   93
4  267  218  220  221
4 1122 1106  901  435
4 1125 1124 1123  569
4 1129 1127 1126 1128
4  624 1130  622 1131
4 1132 1135 1133 1134
4 1136 1137  874  724
4   31   30   28 1138
4  640 1139 1140 1141
4 1143 1144 1142 1145
4  673 1147 1148 1146
4 1149 1150 1151 1152
4 1156 1153 1155 1154
4 1160 1157 1159 1158
4 1161 1162 1163 1164
4 1165 1167 1168 1166
4 1169  269 1171 1170
4 1174  660 1173 1172
4 1175 1176 1177 1178
4 1083 1179 1181 1180
4 1185 1182 1184 1183
4 1189 1186 1188 1187
4 1193 1190 1192 1191
4 1197 1194 1196 1195
4 1200 1198 1199 1201
4  881 1202 1203 1204
4 1205 1206 1207 1208
4  465  168  464  881
4 1209 1133  583 1210
4 1213 1104 1212 1211
4 1159 1142 1215 1214
4 1218 1216  898 1217
4  494  239   64  772
4 1219 1222 1220 1221
4  566 1223  720 1224
4 1228 1225 1227 1226
4 1232 1231 1230 1229
4 1235 1236 1233 1234
4 1238  912 1079 1237
4 1241 1239 1118 1240
4  640 1242 1243  642
4 1247 1244 1246 1245
4 1248 1249 1250 1251
4 1167 1252 1253 1166
4 1254 1255  125  127
4 1108  996  248 1256
4 1260 1257 1259 1258
4 1261  282  989 1262
4 1263 1264   24 1265
4  840  838  839 1266
4 1270 1267 1269 1268
4 1274 1273 1272 1271
4 1248 1275 1276 1250
4  153  155 1278 1277
4 1281 1280 1052 1279
4 1285 1284 1283 1282
4 1286 1287 1288 1289
4 1293 1291 1290 1292
4  300  298  299  973
4 1297 1296 1295 1294
4 1298  283 1262  284
4 1002   56   58 1299
4 1302 1300 1301 1303
4 1304 1305 1306 1307
4 1311 1308 1310 1309
4 1085 1314 1313 1312
4   83 1315 1316 1183
4  347  798 1317 1318
4  899 1319  898  896
4 1084  934  935  932
4 1321 1322 1320 1323
4  903 1324  898 1325
4 1326 1327 1328 1329
4 1330  736 1316  737
4  509 1331  508 1332
4 1333 1334 1335 1336
4 1339 1337 1338  316
4 1342  326 1341 1340
4 1343 1344 1094 1345
4  591 1346 1347  661
4 1348 1349 1350 1026
4 1352 1353 1351 1354
4  509 1355  230 1356
4 1358 1357  770  411
4  272  528 1359  423
4 1360 1361 1362 1363
4  996 1364 1142  775
4 1366  731 1365  734
4  939  937  938 1367
4 1368 1369 1370 1371
4  739 1372 1374 1373
4  681 1376 1375 1377
4 1378  229 1293 1379
4 1380 1381 1382 1383
4 1384 1386 1387 1385
4 1391 1388 1390 1389
4  274  600  276  803
4  911 1392  910 1393
4 1397 1394 1396 1395
4 1398 1399 1400 1401
4 1405 1402 1404 1403
4 1409 1406 1408 1407
4 1410 1411 1412  752
4 1415 1413 1414 1148
4  186 1062 1417 1416
4 1421 1418 1420 1419
4 1424 1422 1423 1300
4  206 1425 1427 1426
4 1428 1430 1429 1129
4 1172 1173 1031 1346
4 1431 1432 1433 1434
4 1435 1437 1436  733
4  912 1439  675 1438
4 1442  866 1441 1440
4 1443 1444  151  972
4  124 1445 1446  841
4 1449 1447 1448 1450
4  494   64 1451   71
4 1218 1454 1453 1452
4 1457 1455  178 1456
4 1458 1459 1460 1461
4  815  816 1462 1169
4 1463 1464 1465  219
4 1467  599 1468 1466
4  255 1469 1470 1471
4  769 1472 1473 1357
4  176  180 1474 1475
4 1476 1042 1477 1478
4 1481 1479  695 1480
4 1483 1484 1482  228
4 1488 1486 1485 1487
4 1491 1490 1489  625
4  880 1492  463 1493
4 1497 1494 1496 1495
4 1501 1499 1498 1500
4  967 1502 1504 1503
4 1508 1507 1506 1505
4  685  941 1510 1509
4 1513 1514 1511 1512
4 1518 1517 1516 1515
4  825 1479 1520 1519
4  619 1521  103  620
4 1525 1522 1524 1523
4  901 1122 1527 1526
4 1531 1529 1528 1530
4 1535 1533 1532 1534
4 1501 1459 1537 1536
4  659 1538 1539  410
4 1542 1540 1481 1541
4  923 1337 1338 1193
4 1543 1544 1399 1545
4 1546  606 1547   39
4 1550 1548 1549 1551
4 1185 1553 1552  236
4 1556 1554 1555 1557
4  871 1558  874   79
4 1560  926   23 1559
4 1422 1562 1561 1424
4  214  745  835  836
4 1566 1563 1565 1564
4  174 1567  798 1568
4 1570  150 1571 1569
4 1572 1134 1357 1473
4 1576 1574 1573 1575
4  747  270 1578 1577
4 1582 1579 1581 1580
4  244 1583  242 1584
4 1585 1586   75 1587
4 1590 1589 1588  874
4   25 1591   26   27
4 1184 1592 1594 1593
4 1596 1595  937 1367
4 1598 1599 1597 1600
4 1603 1601 1602  923
4 1604 1605 1042 1478
4 1143 1142  996 1252
4 1569  198  150 1606
4  591 1391  590 1346
4  314  313  315 1607
4 1610 1608 1188 1609
4 1346  660   14  661
4 1611 1612 1613 1614
4   26 1615 1617 1616
4  540  539 1618 1619
4 1620 1621  399 1622
4 1624 1330 1553 1623
4 1625 1242 1310 1626
4 1627 1628 1629 1630
4 1634 1632 1631 1633
4  470  467 1635   15
4  307  306  305 1636
4 1638  223  224 1637
4 1640 1202 1639  215
4 1643 1641 1370 1642
4 1644 1069 1645 1358
4 1648 1646 1647 1649
4 1395 1650 1396 1397
4 1651  901  884  639
4 1652 1653 1654 1655
4 1656 1657 1658 1390
4 1001 1659 1660 1002
4 1664 1661 1663 1662
4 1214 1364 1215 1665
4 1398  433 1105 1666
4 1668 1669 1667 1670
4 1672 1671 1674 1673
4 1677 1675 1676  880
4 1279 1678 1053 1281
4 1317 1679 1481 1480
4 1649 1680 1682 1681
4 1684 1683  833  879
4 1687 1685  638 1686
4  866   31  478  927
4  332 1690 1689 1688
4 1692 1192 1691 1190
4 1003 1693 1694 1695
4 1696 1697 1698 1699
4 1127 1126 1700 1701
4 1702 1703 1704 1450
4 1606 1707 1706 1705
4  938 1708  558 1191
4  825 1541 1481 1709
4 1712 1711 1710 1227
4 1716 1713 1715 1714
4  846  323  322  325
4 1343 1436  733 1435
4 1718  522 1717  521
4 1552 1553 1719  236
4 1721 1720 1314 1087
4  444  443 1722  446
4 1060   71 1723   64
4 1368  846 1724   80
4 1725  706 1726 1727
4 1728 1729 1730 1731
4  489 1732  490 1733
4 1736 1366 1735 1734
4 1739  629 1738 1737
4 1741 1742 1740 1445
4 1046  489 1047 1049
4 1193 1337  709  923
4 1745 1743 1744  328
4 1746 1747 1748 1749
4 1753 1750 1752 1751
4 1754 1755 1756   87
4 1757 1330 1316  737
4 1159 1158  832 1758
4  940 1509  941  685
4 1759 1296 1761 1760
4  147 1762 1764 1763
4 1547 1767 1766 1765
4 1771 1768 1770 1769
4  649  648  169  647
4 1772 1773 1774 1775
4 1779 1777 1776 1778
4 1780 1781 1782 1783
4  459 1784 1786 1785
4 1787 1788 1474  177
4  261  262 1789  304
4 1250 1249 1791 1790
4 1400 1105 1793 1792
4 1795 1794  469 1796
4  206 1425 1798 1797
4 1799 1800 1801  343
4 1802 1803  704  705
4 1804 1805 1455  178
4 1807 1806 1465  555
4 1811 1808 1810 1809
4 1815 1812 1814 1813
4  332 1816  330 1688
4 1010 1817 1818 1009
4 1129 1428 1127 1128
4  819 1820 1819 1821
4  788 1822 1824 1823
4 1827  553 1826 1825
4 1828  219  220 1829
4  298  297 1830  108
4  296  294 1832 1831
4 1833 1834    2 1835
4 1836 1837 1838  563
4  432 1840  433 1839
4  638  906 1841 1842
4 1702 1844 1843 1703
4 1846  651 1010 1845
4 1847 1469 1848  617
4 1850 1849 1080  373
4 1851 1852 1288 1289
4  282  989 1262  284
4 1853   56 1002 1854
4 1664 1663  383 1855
4  189  186 1856 1062
4  321 1857 1501 1536
4 1858 1859  534  636
4 1020 1801 1860 1861
4 1864 1862 1204 1863
4   60 1022   61   63
4  707 1601 1602 1603
4 1191 1708 1638  938
4 1867 1865  247 1866
4  690  609 1869 1868
4 1474  176  177 1399
4  254  251 1871 1870
4 1874 1872  522 1873
4 1875 1876 1877 1878
4 1375 1877 1879  681
4 1882 1880 1881 1696
4 1883 1025 1884 1027
4  420  419 1885  422
4 1888 1886  755 1887
4 1580 1581 1582 1889
4 1891 1890 1893 1892
4  926  229 1379 1894
4 1897 1895 1467 1896
4 1899 1898  317 1570
4  995  236 1614 1613
4 1901 1903 1902 1900
4 1904 1905 1831 1698
4 1491 1906  265  263
4  737  736 1316  735
4 1907 1908 1909 1910
4  244  242  243 1911
4 1912  808  810 1913
4 1914 1915  764 1916
4  213 1917 1918 1919
4 1920  267  218  557
4 1924 1921 1923 1922
4 1733 1732 1047  489
4  701 1926 1925 1927
4  510 1928 1930 1929
4 1931 1932 1933 1934
4 1938 1937 1936 1935
4 1782  305 1783  308
4 1850 1939 1940 1941
4 1532 1197 1942 1697
4  713 1943 1944  711
4 1945  411 1946 1947
4  384 1781 1948 1039
4  785 1133 1950 1949
4 1952 1953 1951 1770
4   86  444  445 1954
4  682   55 1019  681
4 1956 1957 1955  549
4 1947  278  279  277
4  760 1958 1960 1959
4 1963  452 1961 1962
4   67   70 1723 1964
4 1968 1965 1967 1966
4 1392 1679 1481 1317
4 1970 1233 1969  479
4 1972 1973  261 1971
4 1977 1976 1975 1974
4  227 1980 1979 1978
4    6 1981 1112 1982
4  200  201 1983 1984
4 1988 1985 1987 1986
4 1992 1989 1991 1990
4 1994 1080 1083 1993
4  269  218  806  267
4 1995  734  452 1365
4  599  596 1997 1996
4 1998 1258 1260 1999
4  168  464 1266  840
4 1253 1167 1068 1069
4 2000  816  817  815
4 2004 2001 2003 2002
4 1303 1423 1424 2005
4 1903 2006 2007  126
4   15   13 1635  470
4 2011 2008 2010 2009
4 2015 2012 2014 2013
4  509  275 1780 1332
4 2018  134 2017 2016
4  676  693  677  911
4 2021 2020 2019 1890
4 2023 1260 2022 1259
4 2025  749  430 2024
4 2026 2027  193 2028
4 2029 2030  547 2031
4 2034 2032 2033 2035
4  958  957  956  829
4 2038 1795 2037 2036
4  898 1325 1324  896
4 2042 2039 2041 2040
4 2043 1513 1511 2044
4  499  501 2045  502
4 2048 2046 2047 1597
4 2051 1878 2050 2049
4 2052 1589 2053  722
4  343 2054 2055 1799
4 1733 2056 1732 2057
4 2060 2059 2058  657
4 2062 1361 1363 2061
4 2063 1199  117 1201
4  733  625 1489 1437
4 2043 1511 2064 2044
4 2068 2066 2065 2067
4 2069 1086  917 2070
4 2071  729  319  730
4  537 2072  535  538
4 2073 2074  322  325
4 1629 1441 2076 2075
4  114 2078 2077  116
4 2081 2079 1447 2080
4  157  158 2082  156
4 1357 1472 1135  769
4 1967 1528 2083 1966
4 2085 1108  885 2084
4 2087  604 2086  605
4 1264 2088 2089 1265
4 2090 1335 2091 2038
4  842  916  474 1883
4  472 2092  474 2093
4 2094 2095 1691 1692
4  666 2096 2098 2097
4 2099 2100 1408 2101
4 2102 1849 1574 2103
4 1560 1559   23   21
4 2106 2104 2105 2107
4 2110 2109  732 2108
4 2112 2113 2111 2114
4  214  215  217  591
4 1626 2115   18 2116
4 2063  117 2117 2118
4 2121  143 2120 2119
4 1042 1477 1695 1043
4 2122  459  460 1971
4 2123 2124 1939 1941
4 2125 1814 2126  472
4   87   86 1755   85
4 1112 1982 1981 1111
4 2130 2127 2129 2128
4 2133 2132 1674 2131
4 1251 2134 1276 2135
4 1221 1222 2136 1219
4  565 2139 2138 2137
4 2141 1707 1606 2140
4  688 1869  689  690
4 1054 2143 2142 1051
4 1503  662 2144  967
4 1261 1262 2145 2146
4 2147 2148  320 2149
4 1917  225 1779 2150
4  493 2151 2152  494
4 2155 2153 2154  336
4 2156 2157 2158  463
4 2160   85 2159   84
4 2161 2162  561  925
4 2164 2165 2163 2166
4 2167 2168 2169 2117
4 1286 1287 2170 1288
4 2120 2171 2172 2121
4 2174 2173  228  227
4  257  551 2176 2175
4  972 1571  971  969
4 1269 2179 2178 2177
4 2180 2181 2182 1916
4 2183 1414 1248 1275
4 2184 2185 2186 2187
4 2017 2188  699 2189
4   84  921  103  104
4 2190 2191  917 1087
4 1848 2193 2194 2192
4 2048 2195  356 2046
4  842  843 2070 1883
4 2196  619 1521  103
4   27 2197   24   25
4 2199 2178 2198 2177
4  706  708  102 1727
4 2200 1825 1938  239
4 2204 2202 2201 2203
4 2205 1060 1508 1067
4 1508 2206 1723 1505
4 1638  224 2208 2207
4 1183 2209   83 2210
4 2211 1969  623 1970
4 2215 2214 2213 2212
4  906 2216  905 2217
4 2186 2218  315 2219
4  249   10 2220  874
4 2221  655 2031  656
4  742  741 1471  744
4 2179 2178 2222 1267
4  472  474  844  479
4 1054 1203 2223 1202
4  883  856  885 2224
4 2225 2226  543  546
4 2228 2229 2227 1151
4  521 2230  158  159
4  591 1347  746 2231
4 2233 2232 2021 1683
4 1401 2234 1106 2235
4  927 2237 2236   30
4 2238 2026 2240 2239
4  157 2241  158  521
4 1617 2242 2244 2243
4 1175 2247 2246 2245
4 2250 2248 2249   95
4 2254 2251 2253 2252
4 1510 2257 2256 2255
4 2258 2259  954 1323
4 2262  360 2260 2261
4 2265 1714 2264 2263
4  122 2266  123  124
4 1160 1142 1143 1252
4 2269 2267 2268  101
4 2272 2270 2271 1523
4 1853  199  201 1983
4  711 2273  712 2171
4 2276 2274 2275 1802
4 1281 1052 1054 1053
4 2278 1547 2277   38
4  879 1683   42 2279
4 2280 2281 2282 2283
4 2285 2286 2284  743
4 2289 2287  817 2288
4 2290 2084 2041 2042
4 1050 1048 2291 1075
4 2292 1350 1085 1026
4 1437  731 1489  733
4  277  278  674 1947
4 2294 2295 2293 2075
4  752 2234 1412 2235
4  249 1118 2296  723
4 1190 1708  225 2208
4 1497 1495 1496 2297
4 1970 2298 1235 1234
4 2300  618 2299  616
4 2302 2301 1747  744
4 1488 1465 2304 2303
4  230  233  232 2305
4 1683  834 2232  833
4  434 2306  433  432
4  622 2309 2308 2307
4 2310 1887 2311 1888
4  953 2313 2312  954
4 1572 2314 2316 2315
4 2317 1424 2318 2319
4 2321   12 2320   14
4 1403 1402 2322  357
4  205 1881 1882 2323
4 1157 2324 2325 1160
4 1387 1386 1639  424
4 2314 2316 1473 1572
4 2328 2327 2326 1741
4 2146 2329 2145 2330
4 1642 1814 1815 1643
4 2331  216  217  592
4 1347   14  966  661
4 2335 2332 2334 2333
4 2337 2336 2339 2338
4 2340 2341 2342 2343
4 1770 1953 1768 2344
4 1270 1268 1269 2345
4  555 2346  558 1807
4  673 1147 1146  675
4 2349  946 2348 2347
4 2350 2351 2352 2353
4 2024 2025  750 2354
4  559 1697  689 1696
4 2355 1217 1216 1218
4   81 2209   83 2356
4 2202 2357 2358  538
4 1791 2359 2360 1790
4 2361 2363 2364 2362
4 2365  563 1372  739
4 2366 2367 1558 2368
4 1912  808  163  810
4 1297 2370 2369 1295
4 1328  794  791 2371
4 2372 1748  258 1469
4  494  240  772 2373
4 2375 2374 1978 2173
4  820  819  821  967
4 2378  562 2377 2376
4  546 2379 2380  544
4  947  945   72 1049
4 2381 2382 2383 2384
4 2385 2386  922  387
4 2390 2387 2389 2388
4 2391 1414 1248 2183
4  661 1388 1658 1391
4 2392 2393  842  845
4 1851 1083 2394 1289
4  280 2395  279 2396
4 2398 2399 2397 2400
4 2401 1051 2143 1054
4 1851 1850 2398 2402
4  615 2403  617 2404
4 2405   51   36 1536
4 2409 2407 2406 2408
4 1160 2325 1323 1321
4  645 2412 2410 2411
4 2413  416 2414 2415
4 2418 2416  557 2417
4 1148 2419 1997 1147
4 1889 2420 2422 2421
4 1359 1267 2004  528
4 1525 2423 1672 1024
4 2426 2425 2424 1436
4 2427 2428 2429  549
4 2431  253 2034 2430
4 1593 2348 2349 2432
4 2434 2319 2433 2331
4 2051 2436 2435 2437
4 2438  571 2439 2440
4  802 2441  801  537
4 2444 1438 2443 2442
4 1669 2445 1667 1670
4 2446 1429 1129 2447
4 2451 2450 2449 2448
4 2452  732 2453 1172
4 2454 1992 2138  565
4 2455 2456  672 2457
4 2460 2458  223 2459
4 2464 2463 2462 2461
4 2466  817 1427 2465
4 2468 1203 1862 2467
4  271  630 1359 1270
4 2469 2470  346  348
4  226 1484 2472 2471
4   23   20  926 2473
4 2474 2334 2335 2332
4 1372 2475 2365 2476
4  336  334   23  333
4 2477 2478 1607  666
4 1438  675 1895 1439
4 2118 1023 2480 2479
4 1160 1323 1775 1772
4 1988 2374  814 1271
4 2362 2481 2364 2482
4 2483  722  723  145
4  820 1504 2144  967
4 2486 2484 2485 1755
4 2487 2488 2318 2319
4 2491 2489 2490 2322
4  628  627   61  626
4 1462 2492 1461 1459
4  270  629 2493 1577
4 2494 2495 2496 1323
4 2498 2497 2064   19
4  684  530 2500 2499
4 1208 2502 2501 1206
4 2506 2505 2504 2503
4 1755 2484 2485 1754
4 2510 2507 2509 2508
4 2434 2433 2082  156
4 1685 2511  636 1686
4  549  547 2383  548
4 2515 2512 2514 2513
4 1678 1053 1281 2516
4 1969 2517 1235 2518
4 2149  149  320  198
4 2521 2519 2520  936
4  700 1201 2522 2523
4  503 2524 2525 2303
4 1917 1918  664 1692
4 2528 2526 2077 2527
4 2529 2347  946 2349
4 1231 2530 2531 1232
4  109 2532 1961 1963
4  420 2533  421 2534
4  410  659 1538 2535
4 1626   18 2536 1238
4 2537 2538 2417  557
4 1910  807 1178 2539
4 1156 2540 1155 2541
4 2544 2542 2543  696
4 2545  738 1805  178
4 1341 2546  328 2547
4 1971  259  261  304
4  783 2549 2548  273
4 2550 1653 2551 1655
4 2349 2552  793 1593
4 1240 1239 2553 1241
4  280  278  279 2395
4 2556 2554  102 2555
4 1278 1780 1782 2557
4 2559 2560 2558 2561
4 2564 2562 2563  282
4 2353  340 2565 2351
4 2566 1310 1651 1769
4 1670 2568 1104 2567
4  744 1748 1471 2569
4 1570 2570  972 2571
4 2572 2573 1434  391
4 2574 1517 1516 1518
4 2575 1288 1289 1083
4 2536 2576 2578 2577
4 2580 2581 2579  974
4 1921 2582  700 2583
4  338 2584  340 2585
4 1241 2586 2553 1240
4 2588 2589  255 2587
4 2590 2591 1090 2004
4 1587 1586 2356 2592
4 1061 2593 2595 2594
4 1169  817 2000  207
4 1689 2597 2596 2598
4 2599 2600  531 2601
4 2604 2602 2603 1304
4 1021  779 1019  682
4 1218 1452 1030 2355
4 2607 2608 2605 2606
4 2609  483  877 2610
4 2613 2611 2512 2612
4 1995 1365  452 2614
4 1499 1501 2278 2615
4 2616 1443 1444  151
4 1023  650 2617 2479
4  742 2284 2618  741
4 2468 2619 2620 2142
4 2621   55 1909   53
4  582 2622  584 1950
4  601 2624  943 2623
4 2224  882  885  883
4 2625 2489 2626 2627
4  278  672  280 2457
4 2384 2429 2383 1957
4 2035 2032 1826 2628
4 1867 1977 1865 1975
4  550  548  549 2629
4 2047  356 2500 2630
4  398  397 1257 2631
4  914 2632  915  917
4 2634  958 2633  956
4 2502 2635 2636 1208
4 2637 2638 2639 2640
4 2062 2641 2582 2642
4  519 2413 2643  112
4  127 1254 1903  126
4 2644 2645 1779 1917
4 1183 1316   83  847
4 2646 2647 1023 2480
4 2649 2537  804 2648
4 2491 2322  358 2650
4  877  876 2652 2651
4  847 1316   83  735
4  877 2652 2653 2651
4 2654 2655  995  843
4 1488  506 2304 1485
4 2659 2656 2658 2657
4 2660 1258 1257 2661
4 2107 2106 2104 2662
4 2663 2664 2665 2666
4  888 1732 2667  886
4 1435 1437  627 1436
4 1831 2668 1832  296
4  227  226  228 2174
4 2669 1228 2384 1808
4 2119  711  819  712
4 2671  118 2670  653
4  885  674  882 2672
4 2422 2420 2673 2421
4  755  756  757 1888
4   39  605  606 2674
4 2676 2677 2675 2154
4 2678 2679  587 2680
4 2290 2681 2682 2683
4 1745 2684 2685  328
4 2687  519 2686  520
4  472 1814 2126 1812
4 2688 2689 1342 2690
4 2691 2567  434 1104
4  369 2303  220 2692
4 1285 1283 2693 1282
4 2697 2694 2696 2695
4  773  412  929 2698
4 2699  255 2587  256
4 2700   16   18   19
4  526  523 2701  525
4  803  943  601 2702
4 1335 2036 2619 2703
4 1031 2704 2320 2705
4 2121 2171 2706  711
4  750  748 1828  430
4 2690 1943 1944 2707
4 2710 2708 2709  615
4 2711 2713 1941 2712
4 2714 1862 1864 2715
4 2716 2717 2718 2719
4  553 2720 2722 2721
4 2592 1585 1586 1657
4 2726 2723 2725 2724
4  201 2728 2727 2729
4  352 2730 2732 2731
4 1749 2733 2734  869
4  178  176  241  175
4 1606 1706 2735 1705
4  529 2736  528 2590
4  790  464  466  170
4 2738 1586 2739 2737
4 2740 2741  364 2742
4 2743 2744 1558 2368
4  138 2159 2160 2745
4 1426 1425 1798  206
4 2183 1414 1275 1387
4 1427 2287 1879 2746
4 2750 2747 2749 2748
4 2125 2126  844  472
4 1330 2701  526 2751
4 2752 2753  237 2738
4 2754  432 2306  434
4  758  759  761 2755
4 2738 2756  237 1182
4 2757 1582 1384 2758
4 2759 2730 2732  349
4 1730 2760  242 2761
4 2561 2762 2559 1467
4 2763 2764  301 1971
4 1172  732 1736 2765
4 1210 1133 1358 1209
4 2690 2766 2768 2767
4 2769  327  821 2770
4 2674  606 1547 2283
4 2506  236  995 2504
4  637 2773 2772 2771
4 2012 2014 2774 2015
4 2775 1615 1617 2089
4 1270  438  271  436
4  327 1943  326 2766
4  948  487  488  950
4 1755   85   86 2776
4 2202 2777  538 2204
4 2778 1227 1228 1225
4  296 2668 2779 1831
4 1415 2780 1148 2781
4 1396 2783 1394 2782
4 1014  824 1419 1011
4 1739 2493 2785 2784
4 2788 2486 2786 2787
4 2789 2790   58 2791
4 2793 2792 1704 2686
4 2794 2039  858 2042
4 2192 2181 2194 1848
4 1451 2795 2796  115
4  231  572  892 2797
4 2470 2798 2799 2800
4  681  679 2801  680
4 2118 2802 2117 2803
4 2804 2805 1046  489
4 1616 2244 1617   26
4 2809 2808 2807 2806
4 2810 2811 2266 2812
4 2813 2814 2293 2294
4 2816 2815  805  804
4 1729    9 2817 1730
4 2819 2820 2818  498
4 2822 1872 1874 2821
4 1525 1522 2824 2823
4 2825 1650  993 2826
4 1209 1107  247  583
4 2827 1203 2828 2829
4 2831 2830 1825  239
4 1745  202 2832 2708
4 2057  716 1732 2015
4 2833 1516 2834 2354
4   14 2835  662  660
4 2836 2837  398 1622
4 2838 1440 2262 1103
4 2841 2839 2840  474
4 2842  539 1571  971
4 1289 2402 2717 2718
4 2843  291 2579 2844
4 1565 1563 2846 2845
4 2849 2848 2847 1236
4 1169  815 2466 2850
4 1120 2852 1140 2851
4 1629 2295 2293 2853
4 2854 2855 2856 2857
4  967 1504  821  820
4 1875 2858 2049 1878
4   86 1219  103  494
4 2860 2861 2859  870
4 2862 2863 2241 1753
4 2864 2865 2866  861
4 2868 1522 1249 2867
4 1464 1465  219 2304
4  112 1445 2643  110
4 1113 2870 2869 2578
4  872  871 1588  874
4 2872 2873 2871 2874
4  563  564 1372  739
4 1237 1079 2875  912
4 2876  469 1796 2877
4 2878 1140 1120 2852
4  883  882  884  902
4  174 2879 2880 1568
4 2314 2881 2882 1572
4 2883 1479  695 1481
4 2472 1482  226 2277
4 1000 2884 2885 1002
4  831 2886  196 1631
4 2888 2887  886 1103
4 2889  441 2891 2890
4 2378 1882 2893 2892
4 2894 1765 2895 2278
4 2899 2897 2896 2898
4  169 2900  838 2556
4 2904 2901 2903 2902
4 1992 2553 1989 1239
4 2173 2905 1894 2906
4  208 2907 1427 1425
4 2908 2909 2910  460
4  241 2912 2911  740
4 2913 2914 2915 2916
4 2243 2917 2242 2244
4 1003 2910 1006 1043
4  881 1202 2827 1203
4  589 2918 2920 2919
4 2924 2921 2923 2922
4 2927 2925  122 2926
4 2931 2928 2930 2929
4  388 2933 2932  390
4  116  114 2078  113
4 2934 1754 2151  493
4 2499  530 1438  684
4 2578 2536 2107 2875
4 2935 2936 2937  496
4  810 2938  163  985
4 1078  332  280  331
4 1265 2197 1749 2939
4 2941  671 2940 1214
4 2942 2943 2792 2944
4 1774 1252 2945 1165
4 1719 2946 2948 2947
4 2532 2927 2812 2949
4  216 2950   42 2682
4 1797 2951 1376  206
4  494 1219  103  621
4 1267 2952 2222 2953
4 2957 2956 2955 2954
4  532 2958 2960 2959
4 2750 2749 2962 2961
4  494  492 2213  493
4 2964 2965 2963 2274
4 1087 2632 1314 1721
4 2966 2681 1760 2290
4 1398 1105 1106 1401
4 2969  953 2967 2968
4 2141 2970 2971 2140
4  163  808  985  982
4  642 1242 1243 1238
4 1744 2659 2832 2972
4 2823 1522 1524 1525
4 1560 1980  863 2973
4  314  315  316 1655
4 2378 2974 2892 2975
4 2976 2726  348  909
4 2977 1098 1557 1556
4  666  665  663 2098
4  130  184 2978  132
4   11    9   10  249
4 1169 2850 2466  207
4 2477 2979 2980 2478
4  686 2981 2983 2982
4 1684 2351 2352 2350
4  344 2984 2050 2985
4 2988 2986 2987  878
4 2992 2989 2991 2990
4 2993  745  835  590
4 2994 2995 2996 2946
4 1572 1457 1949  739
4 2998  221  269 2997
4 2045 3001 3000 2999
4 3002 2612 2512 2513
4  891 3003 3005 3004
4 3007 3006 1808 2669
4 1036 3008  115 3009
4 1503  662 3010 2144
4 1311 3011 1308 1309
4 3012  963 1470  961
4  813 3013 1566 3014
4 1624 2948 1525 1553
4 1368 1370   82 1371
4   41 1162 3015 3016
4 1310 1308 1242 1309
4 3017 1500 1499 2615
4 3018 1364  929 1665
4 3019  502  810 3020
4 2136 3022 3021 2795
4 3023 1817 1010 1007
4 2297 2286 3024 1497
4 3025 2854 2857 1383
4 3027 2573 3026 1458
4 3031 3028 3030 3029
4 1859 1686 3032  636
4 3034 3033 1667 2581
4 3035 3036 3037 1764
4 3038  873   76   79
4    7    4    5 3039
4 3041 3040 1663  406
4  971 3042 1571 2842
4 3043 3044 3045 2910
4 2992 2940 2941 2027
4  552  553 3046  551
4 1399  175  177  883
4 3048 3049 3047 1983
4 1508 2859 3050 2206
4 2916 3051 2915 2209
4  712 3052  968 3053
4 1146  675 1895 1438
4 3054 3055 3056 2828
4  766 3057  765  763
4 3058 2034 2033 2831
4 1939 2713 1940 1941
4 2138 1992 3060 3059
4 3062 3061  805 1515
4 2706 2531 1944 3063
4 1623 3064 2068 3065
4 3066 3067 1801  379
4  839 3068  837 2074
4 1107 1456 1455 1457
4 2454  563  564  565
4 1767 1547 2277 2278
4  897 3069 3071 3070
4 1459 3072 1857 1501
4  426  655 3074 3073
4  557  267  804 1920
4  552  186  551  188
4 3075  531 2540 2539
4 3076 2991 2966  776
4 2146  283 1262 3077
4 2568  861 3078 3079
4 3080 2748 2747 1919
4 3081 1989 1991 1992
4 3082 1465 1488 2303
4 3083 1523 1623 3084
4 3085 2355  453  456
4 3086  297 2744  108
4 2674   51   38   39
4 3087 3088 1792 1793
4 2300 2661 1260 3089
4 1736 1735  732 2109
4 3091 1353  899 3090
4 2265 2923 2922 2125
4  204   99  959  202
4 1302 3093 3092 3094
4 2187 3095 3097 3096
4  280 2456  672 3098
4 2275 3099  802 2441
4  521 1718 1390  157
4 1665 3100 1215 1214
4 3101 1801  379  378
4 1692 1917 1691 2645
4 3102 1677 2714 2715
4 3105 3103 3104 3040
4 3108 3106 1827 3107
4 3091 3090  899 2675
4 1505 2859 1506 1508
4 2297 2898   89 1497
4 1232 2531 1944 2530
4 2578 2536 3109 2107
4  359   32 3111 3110
4  762 2939 1749 2734
4 2874 3113  990 3112
4 3057  766  173 3114
4 3115 1305 3116 1306
4  599 2419 1997 3117
4  240   24 2205 3118
4 2934  865 2152 3119
4 3121 3122 3120 1441
4 3124  473 3123  480
4  499  501 2865  862
4 3125 2833 3062  208
4 2667 3127 3126 2056
4  864 1585  887  888
4 3129 3130 2750 3128
4 3131 1601 3133 3132
4 1900  161  809  879
4 3136 3134 3135 3137
4 3140 3138  514 3139
4 3143 3141 3142 3144
4 3147 2281 3146 3145
4 1691 2094  513  511
4 3149  710 3144 3148
4 2235 1412 3150 2084
4 3152 3151   91  462
4 1593 2756  235 2348
4  496 2935  495 3153
4 1270 3154  436 3155
4  936 2519 3156  938
4 3158 3159 3157 3160
4 3163 3161    1 3162
4  932  934 3164 1084
4 3165  377  376  379
4  394 2963 3166 2274
4 3097 2849 3167 2848
4 3079  861 3078 3168
4 1219 2795 3169 3170
4 2451 3171 2449 2450
4 1876 1877 1878 2405
4 3137 2151 2160 3172
4 3173 3174 1777 1779
4 3175 2572 2573 1434
4  798  795  347 1568
4 2886 1633  195 1634
4 3176  121  614 1551
4  891  890  887   95
4 3178  610 3177  690
4 3180 2914 3179 2915
4   78 3181  297 3086
4 3183 3182 2567 2568
4  529 3185 3184 2002
4 3034 2579 1951 2581
4 1002  986  987 3186
4 3187 2293 1629 1630
4 3189 3188 2999 2045
4  771  772  620 3190
4 3192 1710 3191 1227
4 2949 2812 3193 2810
4 3172 2414 3195 3194
4 3196  459 2697 1649
4 3188 3198 3197  312
4 2366 3199  299 2744
4 3200 3201  825 1011
4 3203 3204 3202 3205
4 3206 3207 1126 1129
4 2492 3209 3208 3071
4 2643  614 3210 2745
4 3211 2273  710  713
4 3069 3209 3212 2492
4 3213 3115  950 3116
4 1426 1798 1879  206
4   29 1732 2667 2056
4  472  473 1813 2093
4 1118 1140 2296  723
4  132  614  138  139
4  716 1732 3214  717
4 2830 2831  254 2603
4 1318 1317  696  695
4 2174 2277 1857  226
4 2432 1183 1586 2592
4 2294 3215 2295 2075
4 3216 3217  210 1917
4  739  563  241 3218
4 1227  934 3219 1226
4 3220   47 1948 1781
4 3221  183 2484 2978
4 3224 3222  305 3223
4 2239 3225 3226 2240
4  788 1824  786 1823
4 3228 3227 1064 1065
4 1971 3230 3229 3231
4 1461  387 1170 1460
4 3233 3232 2708  615
4 2697 3234 1785 3235
4 2725 2799 3236 2726
4  152  386 2332  384
4 3237    8 3238    9
4 2101 2099 2100 3239
4 3240 1141 2882 2878
4 3242  421 3241 1393
4 3243 3244 1810 1968
4 3246  316 1337 3245
4  366 1871  367 2602
4 1665 1364 2337 1214
4  207 3062  209 3247
4 3113 3248 1061 2595
4  638 3032 3249 1686
4 1233 1236 3179 3124
4   42 3250 2950  833
4 3251 1458 1979 3026
4 1207  721 1118  249
4 2751 3252  736 3253
4 3254  289 1311  292
4 2886  195  196 1634
4 3256 3255 2135 3257
4 3178 3177 3258  690
4 3261 2863 3260 3259
4 2770 1504  821 3262
4 1331  894  892  893
4 1727   81  102  707
4 1480 1679  766  173
4 3263 3061  805 3264
4  226 3265 1857 3266
4 2181 3268 3267 1914
4 1079  884 1651 1526
4 1505 2206 2859 1508
4  539 2970 2141 2140
4 3269 3270 1380 1383
4 3082 2303 3156 3271
4 3272 1413 3117 1997
4   27  187  553 1825
4 1308 1310 1651 1311
4 3273 3265  228  229
4 3276 3274 3275 2352
4 2474  386  387  384
4 1271 3277 1272 1274
4 2457  279  280  277
4 2612 1533 2613 3278
4 1684 2352 1891  879
4 3279 2134 2781 1250
4 3280 3281 2938 2585
4 3282 3171 2334 2130
4 2183 2682 1438 2950
4 1438 1439 1895 1896
4   75  489   72 1585
4  206 1376 2621 2951
4 3284 2734 3283  188
4  209 3287 3286 3285
4  602 3288  601 2623
4 3289 2709  979 2403
4 3293 3290 3292 3291
4 3296  827 3295 3294
4  950 2680 3115 3297
4 1717 2863 3299 3298
4 2697 3300 1682 1680
4 3050 1262 2145 1261
4 2975 1910 2893 2378
4  533  532  531 3301
4  207 2834 2850  208
4 1807 3303 1638 3302
4 1618 3304  539 3305
4 2588  461 3306 2587
4 1910 2161  807  560
4 3308 3309 3307 3310
4  701  698 1926 3311
4 3312  962  961  964
4 2585 3281  340 3313
4  868 2734  870 3283
4  958 3314 3316 3315
4 2887   94  886 1103
4 2234 1912 3317  502
4 3318 2043 2064 2044
4 1577  629 2493 1739
4 3319 2420 2422 1889
4 1267 3321 3320 2953
4 3322 3323 3324  756
4 2508 2921 1714 2510
4 2283 3327 3326 3325
4 3329 2531 1944 3328
4 3330  563  565  566
4 2610  483  877 3331
4 2519 3332 3156 3082
4 3333 2661  823 1419
4 2682 1438 2950 2443
4  213  212 3334 2207
4 2405 3335   51   49
4 3336 3337  649  960
4 1383 3338 1700 3270
4 3339 3340 3341 2433
4 1120 3342 1119 3343
4 3344 3345 3346 2384
4  419 3347 1393  693
4  891 3349 3348 3004
4 2605 3319 2420 2422
4 2682 2950   42 2443
4  238 1616 3294 3296
4  804 2816 2815 3350
4 2303 3156 1488 3082
4 2150  211  210 2208
4 3352 1459 1979 3351
4 3354 3353  587  486
4 1630 3355 3356 2212
4 1657 1658 1390 3357
4 1438  527  530  423
4 1986 3030  812 3031
4 3358  387 1170  268
4 1745  328 2685 3359
4 2228 2227  151 1066
4 3360 1022  353  355
4 2595 3248 3361 3113
4   11    9 2817 3238
4 3362 3363 2251 2254
4  864 1440 2075  866
4 1305 2974  950  488
4  106  826 1830  108
4 1558 3038 2367 2366
4 3364 3365 1685 2412
4 3366 3367 3368  547
4  177 2545 1474 1787
4 2942 2686 2687  519
4 1282 3369 1283 2693
4 3371 1098 1557 3370
4  792  794 2506  236
4   82 3372 1370 1368
4 2734 2285 3373 3374
4  959  957   98 3375
4  530  357  356 1896
4 1396 1394 1328 2782
4 3376 3377  589 1408
4 2051 2801 3378 2436
4   69   71  621 3379
4 1183 2756 1184 2432
4 2120  464  465  168
4 3380 3381  790  464
4 2290 1761 3382 1760
4 1013 3383 1418 1014
4 3384 3130 3385 3129
4  241  178 1457  739
4 3140 1533 1532  514
4  912 2499 2875 1237
4 2293 3387 3386 2814
4 3388 3389 3390 3391
4 2569 3392 3393 1471
4 2011 2339 2010 2008
4 2291 3395 3394 1075
4  201 3396 3397 2728
4  575 3399 3398  330
4 3288 3400 3401  603
4 2542  694 2543  696
4  821 2769 1820 1821
4 3405 3404 3403 3402
4  104 1220 3407 3406
4  194  196 2010  197
4  697  695 1481 3408
4 3409 3390 3391 3388
4 1635 3410  467  468
4 2769 3262 3411 2770
4  747 1639 1578  270
4 1159 3412  671 3413
4 1860 1801  343 2055
4 1900  127  809 1255
4  521 2079 2241  158
4 1988 1985 2375 2374
4 1250 2781 1276 2134
4 2891 3414 2889 1006
4  620 1521  103 3190
4  879 1913 1900 2443
4   72 3417 3416 3415
4  749 3418 2574  750
4 3419  161  160  163
4 2454  241 1457  739
4 3420 1551 2643  112
4  708  514  706  513
4  567 3421  568  570
4 3422 3230 3229 1971
4 3423 1714 1713 2264
4  484 2899 2166 3331
4 3424  334   22  336
4 3425 3426   47 1948
4 3427 3428 2900  649
4 3415 3416 1586   73
4 1983  199 3429 1853
4 3430 2261 1440 2295
4 3290 1598 3109 3291
4 2443 1438 2950 2442
4 1106 1105 1104 2234
4 1756 1754 2151 2413
4  520 3215 3431 2294
4 2188  726 3432 1684
4 1148 3434 3433 3363
4  240 3435 2917 3118
4 3436 1328 2487 2488
4 1208 1206 2501 1205
4 1270  272  273 2490
4 1227 1711 3438 3437
4 3442 3441 3440 3439
4 2470 3443  347 2726
4 1854 1833   56 1299
4  348  347 3444  909
4 2906  866  865 2934
4 2166  875 2165 3445
4 2295 2261 3446 3430
4 1021 2674   51 3447
4 3448 3449 3450  350
4 2946 2506 2825 3451
4 2668  288  852 3452
4 1305 3454 3453 2430
4 3457   80 3456 3455
4  750 3458 1828  748
4 2334 2932 3459 3171
4 3461 3460  979  978
4 1617 2775 2242 2243
4 2828 2422 1889 2223
4 3084 3462 3463 1248
4  573 3464 3466 3465
4 3467 2079 1447 1449
4 3468 3469 3470  497
4 1390 1656 1657 3471
4 1868 3473  690 3472
4 1293 1292  228 3273
4 2108 1490  732 1491
4 3305 3474 3475 1618
4  747 3476  745 1577
4 3479 3477 1432 3478
4 2920 3353  485  587
4 2436 2435 3378 2051
4 2445 3480 3481 3079
4 2421 2422 1889 2828
4 3483 3431 2294 3482
4 3485 3484 1632 3324
4  292  974 1651 2743
4 3486 3487 3488 2938
4   68   71 1060  772
4 3002 2267 3140 3489
4  813 2905 1293 2173
4 3490 1608 1188 1189
4  399 3376 3377 3491
4  582 2622 1950 1374
4 3371 3492  174 1679
4 1423 1422 1562 3493
4 2707 3494 1944 2690
4 3476  746 1578  747
4 1140 2852 3240 3495
4 3496  475  478 3121
4 3497 1059 3435  772
4 2194 2181 2658  763
4 2070 1131  622 2307
4  704  702 3498  703
4 3499 3500 2686 1874
4 3502 3501 1064  368
4  788 3503 3505 3504
4 2752  237 2923 2738
4 2947 3506 2946 3507
4 3508 3074  426 2409
4  766  763  764 3089
4 3472 3075 3258 2540
4 2090 1335 3144 2091
4 1640 1202 2231 3509
4  220  600  276  274
4 2751 2701  737 1330
4  277  278  280 2457
4 1704 2793  522 3510
4 2015  716 3214 3511
4 1525 2824 2992 2947
4 3514 3512 3513 1828
4  824  764 1916 2181
4 2796 3516   66 3515
4 3053  820  822 2555
4 2615 1499 1501 1500
4 1512  403 1771 2044
4 3318 1768 2866 2044
4 2878 3517 2882 3240
4 2266 2927 2812  124
4 2330 1261 2145 2146
4  320 1898  317  318
4 1246 1245 1244 2054
4 1030 3518 1029 3085
4 2239 3225 2240 2238
4 3463 3462 3519 2606
4 3521 3104 3520  149
4 3523 2637 3522 3524
4 3525 2180 2181 2182
4 2350 3526 3527 1923
4  823 3528 3530 3529
4 1551 1548 3531 1550
4 3534 3532 3533 1750
4 3229  303 2763 3231
4 2649 1176 2601 3535
4  345  347 3444  348
4 3536 3537  677  496
4 1944  711 1943 2119
4 2750 3128 3130 2748
4 3538 1385 1387  424
4 1894 2173 1978  227
4 3524 3522 2551 3439
4 1731 3539 1730 3540
4 3025 2857 1382 1383
4 2269  706  708  514
4 2503 2505 2783 1396
4 3012 2807 3541 2806
4 2942 2792 2686  519
4 3145 3543 3542 1273
4 3544  409 1557 3370
4 2751 2701  526  523
4 1067 1060  240 2205
4 1141 3240 3545 3495
4 3546 2160  771 3172
4 3547  450  452  451
4  163 3549  809 3548
4 3550 2553 1992 1241
4 2299 1469 2022 1260
4 2826 3551 2825 1397
4 2595 3361 1061 3113
4  275  274 1216 1170
4 3554 3552 3433 3553
4   79    9   78  249
4 1348 2292 2969 1026
4 3011 3555 3556  724
4  939  314  937 1367
4 3266 1459 1979 3251
4 2551 1653 1948 3426
4  959 3316  958  956
4 3557 1310 1311 2566
4   90 2897 3151   91
4 1190  513  706 1691
4 3559 1916 2977 3558
4 1330 1553 1316 1624
4  803 3561 3560 1028
4 2233 3562 3093 2019
4 1343  733 1995 3563
4 3302 1638 1807 3564
4 3565 3566 3567 1608
4 3495 1816 3545 1141
4 3048 3047 3429 1983
4 3568 3569  726 2017
4 1323 2259 1215 2496
4  302  304 3570  303
4  319 3571  729 2071
4 3572 3573  513 1779
4 1130  622  623  624
4 1697 1533 1532 1535
4 2162  267 2161 3574
4  557  555 3575  683
4 3080  210  212  213
4 1330 1812  736 2751
4 1813 3576 3123 1814
4  632 3317 1212 3577
4 3089  766  823  824
4 3578 1223 3579  564
4  826  108 3580  364
4 3131 2014   74   75
4 1757 3581  217 3463
4 3582  362  361  890
4  403  402  400 1513
4 3582 3583  890 2822
4 1524 2065 1249 2867
4 2812 2266  841 2811
4 3584  594 3585 2014
4 3586 1611 1613 1614
4  494  239 2152 2375
4 1595 3166 2341 2342
4  167 1994 3587 3588
4 3589 1449 2792  110
4 2743  974 2368  292
4 3590 1887 1886 3591
4 3083 2992 1525 2271
4 1185 1316 1184 1553
4 3592 1608 1610  198
4 3593  517 1780 3594
4 1531 3595 2889 3596
4  356 2046 3597 3598
4 2190 2191 3599 2069
4 2401 3600 2223 2828
4  312 3198 3601 3188
4 3602  952 1631  955
4 2451 2450 2127 3282
4  209 3287 3603 2951
4  760  759 3604  761
4 2674 2055  606 2283
4 2577 3605 2578 3109
4 1619  151 1065 1151
4 2633 1504 2144  820
4 2408 2406 2409  655
4  904 3606  515  903
4  667  540  573 3607
4 3609 3610 3608 3611
4 2987 3613 2988 3612
4 3183 3614 2568  634
4 3339 3615 3340 2371
4   49 1876 1878 2405
4 1218  898 1354 1351
4 2338 3616 3617 1522
4 3618 1959 1014 3619
4 3010 3620 3622 3621
4   58 3623  425 2790
4 3624  582 1455 1374
4  156  158 2434  835
4 3625 3626 3627 1902
4  972 1899 2571 3628
4  509 3629 3594 3630
4 1102 1101 1099 3631
4  807  806 3632  805
4  630 3633 3634 3321
4 3635  963  255 2023
4 3351 1536 1459 1857
4 2868  929  928 3636
4 3276 3637 2352  727
4 3638 3327  606 2283
4  778 3639  777  779
4 3023  111 1961  109
4 3641 3642 2610 3640
4 1444  317  319  972
4 1842 1685 2323 1882
4 1916  764 1098 1915
4 2857 3643 3645 3644
4 3647 3646 3107 3108
4 1826 2628 2032 3648
4 1491  265  266  263
4 3649 1654  316 2184
4 3650 3635 3651  255
4 2823 2010 2940  757
4 3652 2189 3653 2188
4 1214 1364 1142 1215
4  614  139  612  613
4 2523 1089 2617 2479
4 3655 2589 3654  255
4 3657 1062 3656 2610
4 3031 1033 1565 1986
4  668  196  671 1159
4 2130 2334 2451 3171
4 1970 1234 1233 3124
4  894 3442 3658 2551
4 1169  815 1057 2997
4 1364 1166 1215 1665
4 3659 3660 3661 1827
4 3470 1393  693  419
4  156 2993  835  590
4 2581 1952 1951 3034
4 3662 3133 1713 3132
4  821 1820  819 1821
4 1970 2840 2211 2298
4  864  886  863  491
4 3663 3664 3294 2244
4 2999 3197 2363 3019
4 3665 3666  257 1622
4 3482 3667 3431 2687
4 1364 2337  929 1665
4 3359 1743 3668 1745
4 3659 2721 2628 1827
4 1601 2573 3026 3027
4 2899 3669 3670 3373
4  280  278  575  330
4 3672 3674 3673 3671
4 3677 3675 3676 2687
4  189 1063 2610  186
4 1275 3678 2606 3463
4 3589 3681 3680 3679
4  124 1551  112 1445
4   67 3516   66   70
4  685 1509 3682  940
4 3684 3565 3683 3685
4 3687 2148 3686 3105
4 3688  833  745 3689
4 3690 3691 3066 3067
4 3694 2958 3692 3693
4 3696 3695  751 1411
4  710  819  965 3697
4 1326 1328 2487 1329
4 1807 3564  938 3082
4 1298  281  283  284
4 3476 2785 3698   13
4   44  306 3699  308
4  430 1828  750  431
4  533 1685 3700  636
4 3483 2295 2262 3446
4 2584 2351 2352  727
4  312 3488 2938 3486
4 1078  672  674  675
4  900  288  852  285
4  361 3215 3431  889
4 3359  329 3701 3114
4  241  738  740 1475
4  294 3702 2613 2611
4 1920  557  218 1463
4 1994 3703 2399 2400
4 3704 3705 3706 3707
4  196 1102 1631  955
4 2162 3271  558 1191
4 1242  640 1308  639
4 3709  608 3708 3178
4 1835 3710   58 1833
4 1390  519 2230 1389
4  549 2629  548 1956
4  685 2500  942 3711
4  343 1799 1800 3712
4 3500 2943 2686 2687
4 1276 2134 2781 2780
4 3228  970 1065  971
4 3713 3714  218 1920
4  747 1639  215 1640
4 1510  684  686 3715
4 1525 2947 2992 3083
4 1498 3716 1501 3091
4 3693 2245 3692 3694
4 3717 2960  532 3694
4 3718 1812  526 2751
4 1923 1922 3720 3719
4 3721 1885  676  422
4 3722  869 1263 2197
4 3723 3724 1392 1542
4 1462 1170 1461 1216
4  753  809 1913  127
4 2923 3725 3726 2752
4  797 1567  798 1342
4 2910 1004 3727 1003
4 3591  994 2654 3590
4 3728 1426 1798 1879
4  812 1274  811 3029
4  147 3342 1382 3729
4  970  151 1065  971
4  880 1203 1862 1863
4 1214 2010 3100  954
4 2276 3730 2275 3731
4 3405 3403 2990 3402
4  554 2267 1727  101
4 3733 3732 3735 3734
4 3736 1431 2572 1434
4 2828 2223 1889 3055
4  168 2931  464  840
4 1525 2940 2824 2947
4 2454 2296  902 3737
4 1021 2050  605 1247
4 3738 3739  418 3119
4 2686  522 1704 2793
4 2051 2984  344  778
4  856  858 1793 1401
4  201 1569  199 1853
4 1726 2209 1643   81
4 3740 3323  194 1634
4 1717 3299 3005 3298
4 3083 1623 1553 3084
4 1802  705 3730 2276
4 3117 3203  597 2419
4  239 3741  991 3742
4 1585  945 3743 1050
4 1084 3744 3219  934
4 1447 2080 2079  834
4 1908 3115 3116 1306
4 1383 3745 3747 3746
4 3360 2646 3748 1023
4 1947  411 1357 2672
4  184  183 2328  185
4 3749 2077  116 3750
4  252 3453 1305 1307
4 2200 3751 1938 1937
4 3601 3753 3317 3752
4  258 1748  617 1469
4 2836 2837 1259 2022
4  603 3400 3755 3754
4  739  564 1134 2454
4 1442 1138 2838 3756
4  563 1837 3330 3757
4 3759  293 3758 3278
4 1465  558  267 3271
4 3167 1236 2849 3760
4  525 3761 3762 2701
4 2786  445   86 2788
4  542 1610  539 3763
4 3764 3125 3287 3603
4 1890 3765 2019 2021
4 3768 3766 3767  552
4  560  559 2893  562
4 1078 1238  912 1079
4 2283 3326 2281 3325
4 1611 2753 1612  237
4  391 3771 3770 3769
4  156 3357 1391  590
4 3210 1550 3772 3176
4 3773  679  681   53
4  169 2900  649 3457
4 1665 3774 1215 3775
4 2640 3440 2639 2637
4  951  949  950 3454
4 3150 1903 1761 2041
4 3776 2188 3432 2523
4  903 3594  515  516
4 1397 3777 1394 1395
4 2778 3778  935  933
4 2715  465  880 1863
4 3779 2332 1948 1039
4 1585  945 1586 2432
4 2301 2734  743  744
4 2654 2393 2655  843
4 1787 1788  177 3780
4 1867 1975 1866  245
4  684  941  942 2482
4 1027 1085 1884 1086
4  980 3781  200  320
4 1896 1439 1895 1467
4 2585 2584 3274 3782
4 3783 3784 3193 3023
4 1984 2727 1983 3785
4 3786 3359 3668 1745
4 1393 1885 3347  419
4   68   69   71  620
4 2079 1303 1750 1753
4 2369 3787 3788 1329
4 1690  332 2598  331
4  170  169  143 3789
4 1412 3088 1410 3790
4 2568 3317  634 3078
4 2646 3791 2647 2480
4 3568  725 3792  726
4 1006 3793 2910 3794
4 2070 3599 2069 3795
4 1862 1676 2467 3796
4 3797 1107 1456 1455
4 3798 3799 2636 2635
4 2895 1767 2277 2278
4 3801 1123 1125 3800
4 3803 3541 3802 1470
4  756  194  197 3740
4 1927 1922 2565 1921
4  562  708  102  707
4 1023 1022 3748 3360
4 2901 1009 3804 1845
4 3807 3805 3806   85
4 3808  326  327 1341
4 3083 2681 2991 2271
4 3809 3810 3811 3812
4 2603 2830 2831  239
4  881 1863 2171 3052
4 1247 3813 2050 3814
4 3743 1077 3810 3003
4 3815 1621  588  399
4 1945  674 3816 3817
4 2829 2157 2158 3818
4 1463 1464 3575 1465
4 3296 1616 3232  238
4 2834  269 3247 1169
4 2221 3819 3073  655
4 2865 1526  501  500
4 2156  463  464 1266
4 2410 2323 2412 3820
4 3030 3821 1271 3277
4  239  991 2603 2114
4 1170  274  220  275
4 1861 1801 1860 3146
4 1711 3438 3822 1227
4  288  166  167  164
4 3823  516 3594  903
4 3824 2213 2215  493
4  363 2743 2744  250
4 2048 3825 2195 2046
4 2019 3093 2233 3094
4 3826 1088 1091  355
4 1061 1856 1938 1936
4 1112  295 1110 3827
4 2425 2424 1436   63
4 3828 3104  729  730
4 1939 1576 2726 3829
4 3830 2103  375  374
4 3831 1604 1043 1084
4 1806 1465 2304 1488
4  292 2844 1651  974
4 1852 1934 2719 3832
4 3833 2401 3796 1203
4 3834  839  840  837
4 1712 3835 1227 1228
4 2742 3837 3836 1668
4  645 2411 2410 3450
4 2857 2856 3747 2855
4 3839  585 3838 1865
4 2119  168 2171 3053
4  809 3549 3840 3548
4 3841 3658  893  894
4 1014 3800 1125 3842
4  728 3843  727 1892
4 2525 1151 3844 2229
4 1601 1713 1715 1716
4  136  134 3569 2017
4 1591 1621   25  615
4 1066 2229 2227 3845
4  840 2931  464 3846
4 1091 3848 3847 3826
4 1102  831 3849 1758
4 2054 1244 1246  343
4  478  476  926 3850
4 2686  519  522  520
4 3321 1267 3634  630
4 2614 3851 1995 1343
4  513 2094  512  511
4 3852 3853 2933 2332
4 1698  607 3855 3854
4 1691  513  706  511
4 3856 1019 3447 3351
4 2293 3857 3386 3387
4 2277 1482 2282 2280
4 2987 3858 3283 3284
4 3859 3531 2415 3860
4 1305 2430 3453  252
4 2473  476   20  926
4 1160 1159 1323 1158
4 1388 3861  415 3862
4 1619  667 3763  895
4 2606 3863 3678 2827
4 1970 1969  623  479
4 1807 2346  558 3303
4 1256  998  248 3864
4  853 3865 3588 3866
4 1649 1647 1695 3867
4 3284 3331 2166 3670
4 1031 2320 2110 2705
4 3869 1163 1164 3868
4  874  721 2220  249
4 1145 1157 3870 1160
4 3871 2681 1329 2487
4 2187 3097 3872 3096
4 1304 2830  254 2603
4  642  332 1243  640
4   25 2197   24 1265
4 1949 1374  583 1950
4  308  306  307   44
4 1450 1703 1704 1449
4 2682 3873 2681 2290
4 2726 3236 2800 2799
4  730 3104 3105 3828
4 3874  875 2165 2166
4 3875 3876 1089 1090
4 3879 3051 3878 3877
4 1849 1575 2103 3829
4 1665 3880 3774 3775
4 2014   73 3881 3131
4 2693    3 2141 2957
4 1202 1275 1387  215
4 3882 3883  243 3884
4 2592 1183 1594 2432
4 3887 3885 3886 2541
4  616 3888  398 2300
4 3889 3890  793  792
4 2585 2352  160 3274
4  593 3891 3881 3132
4 2827  463  880 2829
4  304  259 3892 1971
4 2765  732 2452 1172
4  899 3090 1319 3893
4 2538 1463  683  557
4 3894 3451 1719 2947
4  239 1986 1033 3895
4  493 3824 2213 2075
4 2697 3896 3300 1680
4 2973 3131  491 3897
4 2522  117 2118 2479
4 1227 1225  934 1226
4 3097 2226 3898 2225
4 3900 3605 3899 3901
4  678 3902  677 3903
4 3035  144 3904  147
4 3452  288  900  287
4  852  285  854 3905
4 2875 2536 2107   18
4 2582  700 2523 3906
4  369 1151 2525 2692
4 2004  528  529  527
4 2089 1264 1617 2775
4 2944 3907 3908 2792
4 2362  500  502 2442
4  423  424  357 3538
4  333 3265   23  336
4 1858 2511  636 3700
4 3472 1869 3886 3909
4    7 3039 3910 3911
4   82  323 3372 1368
4 3879 2380 1337 3051
4 1497 3670  743 2286
4 1367 3912 3130  213
4 1835 3914 3913 3915
4  116 1032  115  113
4 3917 3671 3916 3918
4 3919 1125 1014 3801
4  526 3920  523  524
4  170 2931  464  168
4 1593 2756 2348 2432
4  902  882 1572  175
4 1790 3921 3922 1250
4 2927  450 1549  122
4 2834 1518  269 2998
4  881 1863 1203  880
4 3371 1556 1098 1096
4 1388 3738 3862  418
4  866 1441 2905 3496
4  570 2809 2299 3919
4  460 3924 2908 3923
4  500  941 1510  684
4 2934 2152 2906  493
4  735   82  325   83
4  922  925 3358 3925
4 2906  865 1894 3926
4 3929 3927 3928 2335
4 2666 3930  372 2663
4  581  421  410  849
4 3931 3932 3933  483
4  294 3827 3702 2611
4 1569 3163 1606    3
4 3158 1976 3159 3160
4  613 3176  614 3210
4 3729 3934 3342 1382
4 3195 3194 2414 3935
4 1790 2360 1791 1250
4  355 1022 1023 3360
4 1250 1791 3462 2360
4  814 3936  813  811
4 1818 2903 1845 2901
4 3742 1033 3895  239
4 2226 2849 3245 3097
4 2999 3000 2045 2362
4 1451   71 2796 3379
4 3937 1001 1000 2885
4 3877 3760  544 3938
4 1065 3227 3939 3228
4  110 1446  111  112
4 2674 3146 2055 2283
4  459  458 1648 3940
4 3941 3942 2608 2606
4  753  752 3943  751
4 1596 2478 2341 1595
4  305  232 1056 3944
4 1939  796 1318 1940
4 1908 3115 3945 1073
4 3172 3546 3947 3946
4 2541 3949 3948 1154
4 1031 2704   13   12
4 3950   15  467  470
4 1191 1367 2208 1918
4 3209 3951 3952 2130
4  886  863 1732   29
4  248 1108 1018 1456
4 3953  540 1618 3607
4 1084 1040 3822 3744
4  987  988 3954  986
4 3064 1791 3955 3084
4 2291  945 3810  944
4 1266  463 3863 2156
4 2122  259  459 1971
4 1816  575 1141  332
4  122  121 1549 1551
4  852 2668 2779 3956
4 1908 1909 1910 3352
4 1713 3662 3957 3423
4 1692  545 3958 2095
4 2640  781  782  704
4 3832 1934 2719 3959
4 3499 2793  522 2686
4  336  334  335 3960
4 2076 1627 3962 3961
4 1392  910 3241  911
4 2678  487 3297 2680
4 1188 3963 3490 1609
4 3423 3725 2921 2264
4 2648 3964 2537  804
4 3596 2889 1531 1967
4 3384 3965  535 3385
4 3966 1840  435 1839
4 3291 3967 3292 3293
4  140 3789  143  960
4 3956 3968 2779  852
4 1454 1453 3969 1218
4  834 2079 1447 3467
4 3970 2578 2536 3109
4  713 3972 1943 3971
4  999 3973 1853 1002
4 1941 3974 3976 3975
4  910 2542 1540 3724
4 3083 1248 2683 2271
4  100  101 2900 3457
4  246 3977 1866  247
4 3091 2675 2154 2676
4  101   81  102 1727
4 2169 3978 2167 3979
4 2410  907 2323 3786
4 2336 2339 3100 2337
4  160  162 2938  163
4   90 2897 3980 3151
4 1119 3981 3342 3982
4 1210 1253 1358 3983
4    3 3984    2    0
4 2742  975 3481 1667
4 3511 2012 2774 2015
4  135  133 2904 2018
4 2027  193 2940 2941
4  490   72   74   75
4 1770 1768 2866 2344
4 3985 1351  898 1218
4  923  561  925 1602
4 3010 2835  662 3986
4 2882 1140 2296 1118
4  410  421  409 3987
4 1971  304  301 2763
4 3941 3942 2606 3988
4  128 3989  125  126
4  554 3990 3456 1724
4 2697 3235  261 3991
4 1705 2735 1606  542
4 1189 3992 3994 3993
4  170  790  464 3846
4 2091 1635 3995 2090
4  888  489  491 1585
4 1988 3996 2375 1986
4  707 2209 2356 1716
4 2910 1004 3794 3924
4 1269 1268 1267 2179
4  113 3998 3997 1032
4 3999  971 1619  539
4 4000 4001 4002   11
4  516  517 3594  515
4 2051 2435 2050 2984
4 4003 3574 2162  560
4 3750   65  116 4004
4 2637 3442 3524 2640
4  188  187  553 2939
4  820 1504  822 2633
4 1458 1979 3026 3027
4 2598 2597 4005 1689
4 4006 3784 2812 3193
4 1539 4007 4008 2534
4 3313 4009 3281  311
4 1649 4011 1695 4010
4 4012 3536 2800  677
4  195  194  196 1634
4 1469 3393 4013 1847
4 4014 1266  840 3834
4 2010  952  194  754
4 1968 4016 4015 3778
4 3273 1378 4017  229
4  312  985 3601 3198
4 2290 3873 2681 3382
4 1966 1965 3244 1968
4 4018 4019 4020 3742
4 3083 1592  217 3084
4 2413 2151 4021 3738
4 2892 3717  635 2975
4 2108 1906 1490 1491
4 1530 1529 1528 2083
4 3233 3232 1591 4022
4 2791 4023  426 4024
4 2555  820  822 2633
4 2400 1994  375 2398
4 2047 2046  356 4025
4 4026 2835 4027 3860
4  883 1398 1399 1545
4 4029 4028   27  239
4 4030 4031 4032  308
4  435 3580 2742 2754
4  480 1233 1814 3180
4 1593  235  793 2349
4 1914 2181  764  765
4 3019 1912  985  810
4 2479 4033 2118 2522
4 3089  763 2181 2300
4 2671  120  118  653
4 4035 3534 4034 2081
4  484 4036 2166 3445
4 1277 4037 4039 4038
4 3580 3966 1545 4040
4 1602  561  709  923
4 2868  774  929 3636
4  719  718 3330  566
4  236  794 1719 1552
4  894  307 3442 2551
4 1233 2922 2265 2508
4 1816  330 3399  332
4 1879 4042 3728 4041
4 2710 3888  399  616
4  344 2985 4043  341
4  121 1550 1549 1551
4 2413  416 2415 3862
4  616 1621  399 2710
4  769 1357  770 1358
4 4044 3579 1991 4045
4 3691 4046 3066 2055
4  486  488  587 3354
4  758 1959 4047 2755
4 4048 2820 3470 3242
4  734  731  732 1735
4 4049 2848 4050 3898
4 3115 2974  950 1305
4 3094   40 2233 1683
4 2141 2842 4051 2970
4  706  513  514  511
4 3269 4052 4053 3643
4 2668 1112 1832  296
4   95 2250 4054 1044
4 2452 1962 1846 4055
4 4058 4056 3235 4057
4 1685 4060 4059 2511
4 2867 3616 1522 1524
4 4061 1047  888 1050
4  952  196 1631  955
4 2642 3875 1089 4033
4 1050  887  888 4061
4 3827  295  294 1112
4 2307 1131 3599 2070
4 2598 4005 1129 3207
4 2726 3443 1939 4062
4 2819 3902  677 3242
4 3820  287 2323 2412
4 4063 3588    7 2575
4 3235 4056 3991 4057
4 2478 4064 2980 2477
4 3717 2680 3694 1178
4 2151 4065 2152 2373
4 4067 3529 4066  823
4 1770 1951 2844 2843
4 2778 4068 1810 3243
4   19 1769 1771 4069
4 3209 3208 2129 2492
4 3193  651 1010 1846
4 2100 4070 4071 3376
4 1175 2680 3115 2974
4 1586 1601 2356 1716
4 3401 4072 4073 4074
4 1323 2258 2494 4075
4  509 1780 1782 1332
4  743  742 2284 2301
4 1977 3158 1976 1974
4 2452 3467 1846  109
4 3359 3820 1745 2410
4 3257 4077 4076 3255
4 1349 1671 1024 1026
4  610 1698 4078  607
4   85 3805 4079 3807
4 2119  168 2120 2171
4 1002 4080  999 1000
4 3097 2848 4049 3898
4 3355 1627 3962 1630
4 4081 3870 3413 1159
4 3193 4006 4082 2810
4 2830  488 2974 1305
4  333 2473   20   23
4 1091 1023 1088 2479
4 2703 4083 2619 1862
4 1690 1689 2596 2598
4   45 3425 4084   47
4  991 2873 4085 4086
4 3143 3697 3141  965
4 4087 3111  359  358
4 4089 4088 3967 2500
4  321 1537   36 1536
4 1665 4090 3774 3880
4   25   24 1617 1265
4 2778 1228 1811 1225
4 1031 2110 2785 2705
4 4091 4092 4093  651
4 1415 1997 1581 2781
4 1802 1803  705 2276
4 2508 2922 1969 1233
4  997 1144 4094 1143
4 1329 3787 3788 3868
4  852 3968 2779 3905
4 2442  527 1438 2950
4 1655 4095 2551 4096
4 1813 3123  480  472
4 3331 2899 3151  484
4 2830 1305  254 2431
4 3770 3891 4097 3769
4 3190 4098  772  620
4 1623 1757 1330 1553
4 1598 3899 1600 4099
4  606 4100 1244 2087
4 3351 1459 2000 1909
4 3358  267 2162  268
4 4101 3574 4003  560
4 3994 4103 3567 4102
4 2538  683 2417  557
4 4000 4104 2817 4002
4 4105 1537   36  321
4 1300 3493 1422 1423
4 1860 1246  343  344
4 1494  741 1497 4106
4 2516 1053 4107 1678
4 1525 1623 1553 3083
4 1089 4108 2582 2523
4  942 2482  527 2442
4  923 1601 4109 1603
4  664 4110 3912 4111
4 1305 3116 1306 1307
4 3175 2572 1654 3649
4 2903 2901 4113 4112
4  378 2111  379 3101
4  932 1005 3595 2889
4 1802 3104  802 2275
4 2409 4115 3819 4114
4 4116 1760 2042 4117
4 4120 4118 4119 2214
4 2204 2520 3332 2777
4 1178 1177 3694 3301
4 1067 3741 3050  989
4 3790 2039 2041  858
4 2598 4122 4121 1689
4 3998 3009 4123 1036
4   78 3540 3181 3086
4 1570 2571  972 1899
4  435  434 2742 1122
4 3903 4124 2936  677
4 3861 3622 3010 3620
4  256  551 4125 2699
4  321   38 1857 1536
4 4126 3725 2264 2738
4 4127  796 2713 2402
4 4128 2590 1090 1267
4 2350 3526 1923 2353
4  954 3100 1215 4129
4 2383  548  547 4130
4  989  187  870 1067
4 1390 3738 1658 1656
4 2823 2940 2824 1525
4 2797 4131 4132 2439
4 1172  660 1173 1346
4  503 2304 1488  506
4  443 4133 4134 3170
4 1896 2559  359 2048
4 1169 2000 3247  207
4 4136 2306 4135  433
4 4137 3072 1857 3265
4 2588 4138 2587 4106
4 1609 1606 1188 1610
4 2550 1653 4139 2385
4  588 4140 3353 3646
4 3470 4048 4141  851
4 3000  401  499 2362
4  588 2920 3353 4142
4  706  708 1727 2269
4  818 4143 1030 1452
4  172 4144 2880  174
4 1218 1351 3969 1454
4 2900 2554  101  100
4 1191 1708 2208 1638
4 3882 3883 1911  243
4  724  722  874  249
4  602 1828  431  600
4  990 1061 3113  989
4 4091 1008 4145  651
4 1718 4146 3003 3471
4 1822 1824 4147  788
4 3490 4131 1186 1188
4 2089 1615   25  615
4  265  626  625  628
4 4149 4150 4148 3508
4  750 2574 3714 3418
4  268 2550  922 2385
4 1592  217  591  592
4 1753 3261 1303 1301
4 2017 2189  699 2016
4 2778 1810 1811 1228
4 2492 1459 2129 1458
4 1269  528 2199 2178
4 4030 4151 1782  308
4 3402 1394 1328 3405
4 3926 1979 1978 3352
4 3841  893  782  895
4 3858 4152 1261 4153
4 2522 4154 4033 4155
4  624 2922  623 4156
4  139  129  137  132
4 1049 1046  489 2804
4 2523  117 1201 2479
4 1881 4157  822 2555
4 2810 4158 4082 3193
4 4160 2407 4159 2409
4 1274 1271 3030  812
4 1569  199  987 1570
4 3490 2735 4131 1188
4 1904 1905 3758 1831
4 3289 2659 2832 2658
4 4161 2905 2076 3496
4 2487 2681 2331 3871
4  496 4162 4012 3153
4 2070 1131 3795 2392
4  124  123  614  611
4  637 1859  636 2773
4 2699  255  257 3654
4 3521 1151  151  148
4 3148  712 2171 3052
4 2755 4163 4165 4164
4 3694 2960  532 2958
4 2780 1148 2781 1276
4 3495 4166 1139 1140
4 2693    2    3 2957
4 2371 3615 2488 3339
4 1801 1799  377  378
4 3350 4167 2815 3632
4 1419 3528  823 3333
4  999 1853 3429 1002
4 1402 2322  357 2490
4 3034 2866 1770 1527
4  747  746 1578 1640
4 3733 4168 3735 3732
4 3096 3095 2185 2187
4 1743 3057  766  763
4  739 4169 1374 2365
4 4171 4170 3934 1382
4 1525 2940 2948 2823
4 2842 3042 4172  971
4 4173 4174 4175 1025
4   23 1559  926   20
4 3796 1203 1862  880
4 3940  458  260  459
4 1276 1148 2391 4076
4 2029 2381 2382 2383
4 1683 2021   43 2279
4 1542 1679 1481 1392
4 2042 1761 4116 1759
4  185 1741 2327 2328
4 1634 3323 3324 1633
4 4177 1529 4176 1531
4  200 3047 3781  980
4 3170 4178 4134 3022
4 1870  251  253  254
4 3699 1038 1039  308
4 3371 3492 1557 4179
4  775 1108  773 4117
4 2957 2693 1285 4180
4 4181 1794 1796 2877
4 3912 4110 4182 2747
4 2978   85 1755 4183
4 2085 1945  674 2672
4 1760 4184 3382 1296
4 1185 2948 1719 1614
4 1244 4100 4185 2087
4 1867 1866  247  245
4 3324 1633 3323 3484
4 1557 1555  422 1554
4 1942  225 1779 1190
4  269 1171 3247 1169
4   62  628 3634  355
4   58   57   56 4186
4  321 4187 4188 4105
4 1189  780 1610 3763
4 2310 4189  756 1888
4 2822 1872  890  889
4 4190 3137 3210 3135
4 1183 1182 2263 2210
4 3879 3872 3246 3245
4 1851 1083 3588 1994
4 1698 3364  610 3177
4 2651 4191 2653  877
4 1039  154  152  153
4 3289 2657 2658 4192
4 3861 2415 3862 3860
4   72  489  490 4193
4 3278  293  294 2611
4 1248 2683 2271 2272
4 2601  531 2540 2600
4   11 3238 2817    8
4 3297 3213 3115  950
4  383  380 3683 1855
4 4195 4196 3224 4194
4 4197  569 1125  570
4 3678 3863 1266  463
4 1383 1381 1382 3025
4 2739 3662 3133 4198
4 2555 4157 2554 1880
4  519  110 1449 2230
4 1275 2781 2422 1889
4 1385 2757 1895 1387
4 4199 4200 2110 2785
4   95 2887 4054   93
4 1730 3539  242 2760
4 2601 1176 1177 4201
4 2519 2520 3332 2204
4 4202 3615  791  793
4 2044 4203 2865 4204
4 2445 3480 3033 3481
4 2390  350  349  352
4 4205 4014 1266 3988
4 2810 4006 2812 3193
4 1125 4206  569 4197
4 1582 4207 1579 1580
4 1275 1581 2781 1889
4  664 4208  666  663
4  864 1440  866 1442
4 1379 1291 1293 1378
4 2748 2747 3912 2750
4  320  149  317  198
4 1715 4109 3246 4209
4 4211 2907 4210 1427
4 4212 3755 4213  371
4 2220 2635  872 4214
4 1218 1453  818 1452
4 2182 3525 2180 4215
4 4100 4216 2055 1244
4 3643 3645 3747 2857
4 4217 4068 1811 2778
4 3009 4218 3008  115
4 3605 4099 1598 3109
4 3840 4219  125  753
4 3607 4220 3475 3466
4 4222 3411 4221 2684
4  881 1863  465 2171
4 1122 2568 1670 3079
4 1063 1062 4223 3657
4  310 4224 4009 3281
4 1442   31 1103 1138
4 4226 4154 4225 2522
4 4227 2887 4054  886
4  617 1469 1748 4013
4 3193 4145 3851 4082
4 2674  605   51   39
4 4162 4228  693  677
4 2950  527 1438  423
4 2377 2376  562  102
4 1225 4217 1811 2778
4 1458 2451 2130 2474
4  987  988   56 1282
4 2418  557  558 3574
4  395 2478 2341  392
4 3783 4006 4145 3193
4 3109 2578 3901 3605
4 3186 1000 4080 1002
4 4229  998 4094 1256
4 1384 4231 4230 1051
4 3340 2552  793 3615
4   32 1468 1897   35
4  128 3150  752 1412
4 1731 3539   78  250
4 3554 4232 3552 3553
4  925  561  924 2162
4  172 1567  173  174
4 1696  708  102  562
4 4233 4234 4235 1228
4  336 3072 2154 3960
4 2101 3888  352 3239
4 2388 3888  352 2101
4 1191  314  924  939
4 4236 3851 3193 2949
4 1605 3831 1604 1043
4 2110  732 4200 2108
4  253 2034 2831 2431
4 2017 3569  726 3652
4 1727 4237  706  511
4 1963  452 3547 2532
4 4239 1092 4238 1093
4  484 2899 3151 3980
4  713  711 1944 4240
4 1610 1606 1608 1609
4 1200 1198 1201 2018
4 4241 4242 1117 2878
4  150  151  319  972
4 4243 4244 2025 2354
4 3470 4141  421  851
4 1302 3493 1303 3094
4 2697 3896  457 1784
4 3065 1524 2068 1623
4  960 3337  169 3959
4 1998 2661 1260 1258
4 1874 2821 1872 1873
4 1900 1903 1902 3873
4  143 3959  168 2119
4 2071 4245  729  730
4 3544 4246 2534 4008
4 4247  943  428  431
4  188 3670 3331 3284
4 3869 3382 1902 4248
4 4249 4102 3224 4195
4  730 4251 4250  318
4 2383 1955  548 4130
4 2384 4252 2383 2381
4 4253 2292  754  952
4 3588  853 3587  167
4 4254 3262 1502 1504
4 1227 1228  935 2778
4 2238 1296 2028 4255
4   30  927   29  717
4 3540 3539   78 1731
4 1922 2565 1921 1923
4 3970 2106 2105 2107
4 2517 1233 3878 2508
4 3418 4256 3714  218
4 2824 1522 2339 2823
4  604 4257  605   39
4 1630 1628 1629 3187
4    1 3163    2    3
4 3074 4258 4148 4259
4  248 1017 1018 4260
4    7    5  853 4261
4 4262 3322 3324  755
4  207  817 1427 2466
4  763 2658 2194 2709
4 3018 1364  412  929
4 1983  999 3429 3048
4 3276 2352  161 1891
4 2471 2472  226 2277
4 2946 2995 2996  993
4 2951 3287 3286  209
4 2499 1598 3109 3901
4 4263 3901 4264 1116
4  905 2388  350 2389
4 3697 3211 3141  710
4 3320 2952 3826 1088
4 2598 1139  332 1688
4 1570  199  317  198
4  460 4265 4266 3923
4 3877 3051 2380 3879
4  660 2835 1173   14
4 1926 1925 3653 2188
4 2766 2768 1943 2690
4 4267  984 3317 3577
4 3358  387  922 1460
4 2490 1269  272  357
4  557 2538 1463 3964
4 3050  989 1262 1261
4 1162   40 3094   43
4 1155 2540 4268 2541
4  898 4269  897 1324
4  581  410 2534 1538
4 1948 3426 1653 3477
4 3040 3731 4270 3730
4  599 1468 1895 1467
4  279 3398  575  576
4  992  994 2655  995
4 4271 2540 2649 1155
4 1696 1697  708  559
4 2810 4236 4158 3193
4  997 4229  998 4094
4 4272 3134 2414 4190
4  972  151  319 1444
4 1369 1725 1641 1371
4 2209 3878 2265 1716
4 3106 2628 2035 1827
4 2084  857  885  858
4 3283 2734  870  188
4 2455  672 4264 3205
4 3175 2572 3649 4109
4 2471 2895 2277 4137
4 1159  196  671 1214
4 3520 1664 3730  406
4 3040 3103 1661 3105
4  189  187 1061 1856
4 4273 1759 4274 4116
4 1808 2428 2429 4275
4  554 2267 3456 3990
4  884 1106  901 1526
4 1188 2735 4131 4276
4 2262 3446 2295 2261
4 1941 4277 3974 2123
4 2912 1911 1584  244
4 2867 1522 1249 1524
4 4279 4278 4246 4047
4  645 4280 3450 4281
4  197  669  190 4282
4 1043 3414 2889 4283
4 3807  131 4183 2978
4  865 1980 3926 2973
4 2386 2573 1434 3175
4 3009  114 4218  115
4  300 2580  974  973
4 1170  274  815 2997
4  939 3271  220  268
4 2375  239 1986  494
4 3730 3104 3520 1802
4 2945 1165 1253 4284
4 2281 3146 2282 2283
4 1824  786  785  788
4 2230 1449 3589  110
4  721 3037 1208 1764
4 3714  218 1518  750
4 1151  151 1065 1066
4  616 1621  258 1622
4  201 3162 3397 3396
4  497  691 4285 3469
4  787 4286 1133 1135
4 4287 2147  200 2149
4 4205 1266 3834 3988
4 3640  483 2610 4288
4 2528   66   67 3516
4 3184 2590  529 2004
4 1018 1456  857 1015
4 2264 3725 4198 3423
4 1471 3802  741 2618
4  145  146  722 2053
4 3459 2449 2932 4097
4  764 1097 1095 1914
4 2271 2991 2992  776
4 3364 1685 2323 2412
4 3267 2192 2181  765
4  443 3170  446  492
4 1259 4289 2022 2023
4 2234  752 3696 3943
4 2414 3935 3194 4290
4  174 3492 1317 1679
4 3370  409 1542 3619
4  791 3889 1396 2783
4 1230 4291 2530 2718
4  442 2889 1084  932
4 1621 1591   27 4029
4  851  850 4141  421
4  414 1364  996  775
4 1774 3158 1977 4292
4 1626   18 1310 4293
4 1756 3137 2160 2745
4 3899 1600 1599 1598
4 3129 3384 3128 2961
4 4011 3867 1477 1476
4  601 2624 3754 4294
4 2857 3645 3747 2856
4  213 3130 2358 2207
4 1375 4042 3728 1879
4 2000 3918 3856 2289
4 4068 1810 1811 2778
4   11 3060 2817    9
4  683  556 2416  557
4 4295 3263 2815 3632
4 2500 4296  529 3711
4 2262 2260 3446 2261
4  819  965  967  968
4 1478 1042 1477 1695
4 4297  276 1928 1930
4 1088 3826 3847 2952
4 1026 2010 2011 2823
4 3601 3188 4298 3752
4 3429 4300 4299 3186
4  989 1262  284 2874
4 1237 1238  331 1115
4 4303 4302 4301 3285
4 3243 4304 4305 1810
4  939  220 2692 1332
4  138 3137 3210 2745
4  274 1216 1030  456
4 2680  488  587 2678
4 1921 3527 2582 4306
4 2431 1305  951 2830
4 3674  817 3918 3672
4 4017  333  335 3265
4 4307 1181 1287 2575
4 3823 3593 3630 3594
4 1029  274 1030  456
4 3259 3261 2241 1753
4 3420 3531 1551  112
4 2207 2357 3334 2358
4 1743 2658 2659 3057
4  403 4308 2865 4203
4 4309 4310 3844  370
4 1973 1786  261  459
4 2262  362 2260  360
4 1916 3268 2181 1914
4 3873 3627   42 3871
4 4311 3940  260  459
4 3210 3176 3772 4312
4 4314 4228 4313  348
4  459  458  260  259
4 2258 4315 1102  955
4  617 4013 4316 1847
4 3744 1040 1604 1084
4  557 2417 2416  683
4 2524 1828  220 1829
4 1006 1004 2910 1003
4  810  985  163 1912
4 1638  225 2208  224
4 1124 3842 3604  761
4 4317 4318 4319 3703
4 3352 3926 1979 4320
4   39 4321   36 4322
4  305  894  892 1331
4  478 3850 2237 4323
4  637 2918  589 2771
4 1102 1101 4315 4075
4 2572 4209 3649 4109
4  417  415  827  828
4 1332  507  508  509
4 3324 3485 3484 4262
4  722 2053  146 2483
4 1658 1594  847 3581
4 3010 3622 3986 3621
4 1716 3878 2265 1714
4 3313 3719  311  340
4 1500 4324 3072 2615
4  360   92 4325   94
4 3034 1667  975 2581
4 1039 1781  152  384
4 2338 3617 4326 2339
4 2276 2963 4327 2965
4 1914 3267 2181  765
4 3848 2646 1091 2480
4 3371  171  174 4144
4 4144 4179 3492 3371
4 3060  250    9  249
4 3470 4328 4330 4329
4 1550 3531 1551 4190
4 2244 3664 1616 2243
4  348 4314 3444  345
4  493 2213 2215  492
4  273 2489 2626 2549
4   57 4331   58   59
4 1502 1504  821  967
4 2169 4332 2424 4333
4 1568 2879 3444  174
4  488 4334 3354  951
4 2327  183 2328 4335
4 1162 3015 1163 1164
4 2122  259  458  459
4 4336  457 2910  460
4  307   44  306 1636
4 4337 2854 2856 2857
4 3871 2682   42 3873
4 2672 1945 1108 2085
4  687  684  685 2500
4 1002 4338 1660 1001
4 4106 2587   91 4138
4 3988 4339 3863 4340
4 3581 3678 2231 3463
4 1177 3692 4341 2247
4 4126 3725 4198 2264
4  861 3480 2864  860
4 2479 4033 1091 2480
4 1631 4342 3631 3849
4 1542 4343 1541 3200
4 2087  604  605  606
4 1125 3800 1123 3842
4 1714 3423 4344 2510
4 4345 2026  193 2028
4 4286 4346  785 1133
4 3173 4347  225 1942
4 2850  815 2466 1057
4  595 3415 4348 3133
4 3031 4349 1565 4350
4 3838  584 1950  583
4  209 3764  206 2951
4 4003 1942  708 1190
4  303 2763  304 1971
4 2788 2485 1755 2486
4 1665 4351 4090 3018
4 1916 2809 2182 4352
4 3089 2181 2299 2300
4  843 3795 1886 2654
4 2452 3467 2993 4055
4 3829 1575 2724 1849
4 2387 2389 2388 2101
4  488  950 1305  951
4 1656 1585  887  864
4  684  527 1438 2442
4 4006 4082 4145 3193
4 2657 2972   97 2832
4 1709 3408 1540 1481
4  482 4353  877  484
4 1643 2915 2916 2913
4 1030  815 1216  274
4  230  232 1331 2305
4 3978 2167 2168 2169
4 2612 3759 1533 3278
4 2295 3386 3446 2814
4  707   81 2209 1726
4 2630 4296  530 2500
4  864  863  865  491
4  344  365  777  341
4  434 3837 2306 2754
4 1851 2399 3701 2398
4 3110 2195  359 2048
4 3797 1804 1805 1455
4  213 2208 2358 1367
4 3499 4354 3500 1874
4  176 1544 1474  180
4 1902 4248 3382 4355
4 1213 1211 1212 4356
4 2997 2834  269 2998
4 2897 2899 3151   91
4   91   90 2897   89
4  840 4014  837 2930
4 1440   94 3215 2262
4 4357  448  447 4358
4 2458  225 3885 2460
4 1994 1083 3588 1993
4 3144 4359 1335 1333
4 4361  814 4360 2173
4   81 1726 1727 1371
4 1708  558 1638  938
4 3799 3037 2220  722
4 2903 2902 2901 4112
4 1025  471 4175 4173
4 2712 2713 2402 4127
4 2169 4362 3978 4333
4 4266  457  459  460
4 4363 3504 3503 1950
4  600  601  803  431
4  888  887 3743 1585
4 3472 2541  559  560
4 1367 3912 2478 2750
4 2460  558 1638 1708
4 3707  311 2481 4364
4 4366 3881 2014 4365
4 1087 1086  755  754
4 2500  942  684  685
4 2577 3970 2578 2536
4  342  777  344  365
4 2906 2905 1894  866
4 4367 3846 2930  840
4 4027 1173 1174  660
4 4022 1842  635 1841
4  282  281 2563 4368
4 4022 3717  488  587
4  519 1754  183 2643
4 4369 4370 4217 1811
4 1416 1935 2720 1856
4 2091 1796 1635 2090
4 2454 2296 2882 1572
4  641  278  882 1078
4  213 2748  212 3080
4 2028 4372 4371 4345
4 3428 2514 2900 2515
4 4373 1892 3843  728
4  298  300  108  364
4 4374  529  942  527
4 2388  905  907  908
4 2491 2650   35 4375
4 1183 1182 2756 2738
4 1371 1725 1727 4237
4 3526  311 3707 1924
4 1043 1042 1604 1605
4 3033 1667 3481 3034
4 3463  215  217 1248
4 2890 4376 1967  442
4 1941 1939 3976 1850
4 4127  326 1342 3701
4 1111 1981 1112  960
4 1043 3164 4377 3831
4 2454 1992 3060 2138
4 1724 1369   80  554
4  802  729 1152 4378
4 2994 2946 3507 4189
4  697 4379  695 3408
4   58 2790  425 4023
4 2384 2429 1808 4380
4  726 3653 2188 3652
4  393 2478 3129  395
4 2998 2834 2025 2997
4 1120 4381 4241 2852
4 3925  562  925 2161
4 2743  901  363 1651
4 2524 4072 3512 4382
4 3193 4158 3851 4236
4  462   88   90   91
4 2501   10 1208   11
4  681 1878 2051 3378
4 1525 1524 1672 2423
4 3109 4099 3290 3970
4  112 2230 1963  109
4 3178 3700 3177 3364
4 1716 1601 2356  707
4 1565 3169 3170 1451
4 1289 4383 1286 4384
4 4385 1304 2974 3352
4 1930 3754 4386 4387
4 4388 3987  409 3241
4 2997  274  803  221
4  847   83 2356  100
4  459 1786  261 1785
4 2204 2520  538 2519
4 4220  667  573 3607
4  787 3578 4286 1132
4 4389 1786 4266  459
4 3932 2609  483  877
4 2925  450  449  452
4 4348 3662 4390 3133
4 2788   86  492  445
4 4391 3459 3881 2451
4 1232 1230 4127 1229
4 2415  416 2414 4272
4  705 1803  704  702
4 2770 4221 3314 3262
4 3118 2242 2244   24
4 3948 2541 1156 3887
4  798 1568 1567  797
4  678 4392  696 2543
4 3281 3019  311  312
4  595 4348 4390 3133
4 2317 2005 1424 2319
4 4393 3414 2910 1043
4  995 1613 2655  992
4  745 2453 2993 3688
4 1287 2170 1288 2575
4 3033 2864 2866 3481
4 3497  772 2373  771
4 2328 1446  111  110
4 1026 2969 2011 2010
4 1892 1890 2021 1891
4 2025  430  428 2024
4 1060 1505 1723   68
4 1084 3438 3822 1040
4 3412  775 1142 1214
4  965 4394 3143 4395
4 3078 4396 3614 4397
4 1213 4135  433 4136
4 1606 1610  539  542
4 1874 1873  522 3499
4 1397 1650 2825 2826
4  115 2795 3169 1451
4  786 1373  787  788
4 1695 1478 1605 4010
4 4385  239 1985 2375
4 3022 4178 2795 3170
4 1649 1646 3867 4398
4  408 2060  409  410
4 4137 1857 2278 2277
4 1328 2990 3405 3894
4 2362 3000 2363 2999
4  757 4189 2948 3591
4 1166 4090 1364 4351
4  332 1139 1141 1816
4 2348  946  947 4399
4 1617 1616 1615 4400
4  864 1585  865 1656
4 2976 4401 2726 2723
4 2036 1204 2516 2038
4 2881 4044 2882 1572
4 3287 4402 3264 3603
4  156 3357  590  592
4  160 2352  161 3275
4 1760 2681 3382 2290
4 2187 2184 3096 4403
4 3679 2326 3680  111
4 1821 2769 1943  821
4 2873 4085  990  991
4 1364 2337  774  929
4   64 3741 3050 1067
4 2839 2840  474 1970
4 3645 1139 1140  640
4 1907 3632 1176  807
4 1169 1460 1171 4404
4 4290 4272 3134 2414
4 2196  103 4405  621
4 2778  933  935  934
4 3388 3389 3391 3409
4 2384 3345 1710 4233
4 2247 1175 1176 1177
4 1043 1041 4406 4407
4 2159 4408  921  137
4 3361 1061 3113  990
4 1415 1414 1997 2781
4 3215 2295 2262 3483
4 3172 3195 2373 4409
4  565 1992 4044 2454
4  879  161  809  810
4 4410 2850 2466 1057
4 2837 1257 1259  398
4 4411 2202 2358 3564
4 4305 4412 4304 3243
4  728 4413 3310 4373
4  547 4414 3368 3366
4  904 3823 4415  903
4 4191 4416 2609 2610
4  115 3009  114  113
4 4067 1519 3530  825
4 2051  680 2436 4417
4 1228 1810  935 2778
4  554 4237 2267 4418
4 1758 1158 1102 1159
4 4419 2120 2172 3329
4  268  922  924  925
4 2254 2253 4420 2252
4 4002 3059 3060 4001
4 3739  238 3232 4385
4 1902 4355 1903 1901
4 1733 1047 2667 3127
4  355  628   63   60
4 1566 3962 2213 4421
4 1152 4422 1150 4423
4   65 2145 2146 3750
4  713 4424  711 4240
4 1799  377 3066 1801
4 1726 1641 1643 2913
4 1848 4316 2193 1847
4 3017 1499 2894 2615
4 3993 1187 3994 1189
4  932 3596 3778 1967
4 4425  291 2844 2566
4 3397 4426 1854  201
4   24 1263 2197 3722
4 3168 2568 3078 3079
4 4152 2987 1261  282
4 3578  564 1134  787
4  661 1346 1391  591
4  754 2010 2969 1026
4 1323 1320 1102 1100
4 4428 1858 4427 3258
4 2699 2176  257  551
4 1450 1704 3589 1449
4 1323 1100 1102 4075
4  776 1214  775 2941
4 2719 4429 1934 1852
4 2177 2345 4430 1269
4 3175 2573 1338 4139
4 2800 3236 4431 2799
4   51 2050  605 1021
4 4432 2117  653 1093
4 2438 3465  571 2440
4  897  898  899 1462
4  256  741 2587  762
4 2527 4433 4434 2528
4  186 2610 4288 3641
4 3210 3135 3137 3136
4 1500 1498 1501 3091
4 4130 1955 3346 2383
4 3180 1233 1814 2915
4 3611 3610 3608 3159
4 4435 3558 4279 2977
4  781  382 4102  780
4 4436 4437 3861 2415
4 2951 3764 3603  209
4 2997 2850 2025 1057
4 2433 3340 3341 1592
4 2383 4438 3346 4130
4 2430 3454  949  951
4 1043 1693 4377 1003
4  236 1553 1719 1185
4 1986  812 1565 3031
4 3906 2565  701 2188
4 3901 3605 2578 3900
4  250    9   78 1731
4 3607 3466 3953 3465
4  252 4439 3453 1307
4 3084 3519 3955 1757
4 2949 4236 2812 2810
4 1087 1720  754 4262
4 3053 3581 3052  661
4 4441 3579 4440 4044
4 1184 1182 2756 1183
4 1592 2331  217  592
4   81   82   83 1643
4 1749  869 1263 2302
4  560 3075  559 3472
4 4165 2808 2809 4442
4  296  294 3278  293
4  879  162  810 3250
4  845 1614  844 2125
4  302 2763  301  303
4 2041 2040 2039 3790
4 1827  553 3046 3661
4  554 1369 4418 1724
4 2123 3975 3974 1941
4 1152 4443 4422 4423
4 2447 2578 2536 2576
4  201 3163 1606 1569
4  839 3581  838  735
4 2796   66   71 1451
4 2047 1597 1598 1599
4 4345 2026 2028 2238
4  132  614  184 2745
4 2601 4201 1177 4444
4 2598 4122 4005 3207
4  538  535  536 2202
4  301 2763  304  303
4  124 2927 1551  122
4 4385 3926 1978 3352
4 1923 4445 1922 3719
4 1984  201 1983 2727
4 1633 1632 3324 1634
4 4412 3007 3006 1809
4  446 3407  444 1954
4  556  557  558 2418
4 1752 4034 2081 1844
4 4446 2347 3890  235
4 2415 4437  416 4272
4 1157 4292 2324 1160
4 3423 4344 3957 1713
4 2083 1528 4447 1529
4  442 1965  440 4376
4 1630 3187 3824 3356
4 4448  782 2640 3658
4 3703 3450 2400 4317
4 2353 2352  162 3281
4 3045 2122  458  460
4 1846 1818 3467 4055
4  198 3685 2149 3592
4 3265 3072 1857 3266
4 1460  387 1170 3358
4 2003 3527 4108 4449
4 2234 3317 1212  634
4 3959  168  169  143
4 2400  372 4319 2663
4 4450 3844 2525  503
4  653  117 2117  120
4 3752 3753 3317 3078
4 3739 4065 2152 3738
4 2303 2304 1488  503
4 1560 2236  927 1559
4 4454 4452 4451 4453
4 1777 1776 4455 1942
4 1215 1159 1323 1160
4 1480  766 2397 3114
4 1120 4381 4337 4456
4 1411 1412  752 3696
4 2626 1796 1386 1639
4 1570  317  972  150
4 2103 1849 1850 2102
4  588 4140 3491 4142
4 2404 4457 1615  978
4  978  977 3460  979
4 2607 2605 2420 2422
4 2566  291 1311 3557
4 3987  421  409 3241
4 3805 3806   85  104
4   44 3699   47  308
4 2575 4063 3588 1180
4  538 2358 3385 2357
4 2514 2900 3456 3457
4 4139 2573 1338  923
4  757 2010 1884 2823
4 4388 4459 4458 3241
4  707   81 1726 1727
4 1717 2863 2241 2862
4 2127 3282 2450 2128
4 1033   64 1451  494
4 3420 3531 4027 3860
4 1415 3319 3279 2781
4 2598 2596 1115 2597
4 2403 2194 1848 2193
4  249  721  722  874
4 1839  433  435 1398
4 2146 2330  282 2562
4 2522 4460 2118 2063
4  208 2850 1427 4211
4 4384 4383 4291 1289
4 1976 1977 1865 3160
4 2089   25  617  615
4  331  672 4264 3098
4 4461 1813 2092 1812
4 2235 2234  502 1913
4 4462 2196  918 4405
4  533 3301 3075 2975
4 2126 1814 1815 1812
4 4463 1363 3707 1924
4  252  253  254 2431
4 3224 4196 4464 4194
4  622  914  916 2307
4 2431 2430 1305  252
4 1267 1088 1090 2952
4  648 3336  646  649
4 3468 4465 4466 3470
4  606  604 4100 2087
4 1308 4053 1701 4467
4 3065 2423 1524 1623
4 2500 4088 4296 3711
4 2540 3949 2541 1154
4 3134 4468 3947 3172
4 1967 3596 2889  932
4 1377 2801 3378  681
4 4083 2467 2619 1862
4 2272 3636  928 2698
4 3985 1454 1351 1218
4 2089 4457  617 4469
4  682 1072   55   52
4 3470 4330 3469 4329
4 3407  444 4470  446
4 2079 1703 1752 1450
4 1202 1386 2516 3509
4 1919 4111 2747 3080
4 4471 2663 2665 3449
4 1330 3064 2701  737
4  757  197  756  194
4  384 2332  152 1039
4 4194 3222 4464 3224
4 2333 2332  152 2335
4 1536 3918   36 2405
4  661  662  966  968
4 4360  228 1293 1292
4  509  230  508 1331
4 4144 3492  174 3371
4  128  752  127  125
4 3470 4465 4466 4472
4   37  321 2278 2894
4  661   14 1346 1347
4 2130 2127 2451 1458
4 2130 3952 3929 3951
4  147 3342 1764 3644
4 2029 4473 2381 4438
4 4474 2668  853  852
4 1764 3036 4476 4475
4 3483 3446 2262 2260
4 4142 4140 3353  588
4 2149 4287 4477 1662
4 2413 3420 2643  112
4 1347 1635 3698 2090
4  325 1815   82  324
4 2890 4478 2891 1531
4 2975  560 2539 2893
4 3067 4479 1272 3277
4 1850 1939 1318 1940
4 2173 2905 1293 1894
4 1715 1713 4109 4209
4  248  998  996  245
4 1643 1642 1814 3180
4   11 4480 1207 1205
4 2812 3193 1961 2949
4 1790 3922 2360 1250
4 2605 3279 2781 1250
4 1218 1454  898 3985
4 1359 1267  630 1088
4 1032   65   66   64
4 3910 1288    7 4481
4 4482 3676 3221 2484
4 2273 4424 4483 4484
4 2520 2274  538 2521
4  883  175  177 2224
4  533 1882 2893 3177
4 1889 2781 2422 3319
4 3999 1619  371 4213
4 1306 3115 2974 1908
4 4478 4177 1006 1531
4 3138  514 2267 3140
4 1804 1016 4485 1456
4 3697 3141  965  710
4 2386 2332 2474  384
4 2484 3676 4486 2486
4  651 3851 3193 4145
4 3289 2658 2194 4192
4  856 4488 4487 4489
4 4446  234  235  792
4 2156 4339 3863 1266
4 2272 3636 2270 1523
4 1155  804 2649 2537
4  173 4490 1567  172
4  864 3215  887 1656
4 1527 1769 2844 1651
4 1860 3146 2055 2674
4 1930  276  601 4387
4 2474 2492 2130 2129
4 1328  794 1396  791
4 2258 2494 2259 1323
4 1638 1807 3564  938
4 2745 3137 2160  138
4 3206 2597 4005 2598
4 1187 3490 1188 1189
4  399 4491 4070 3376
4  200 2147 3047  980
4 4492 4493 3618 3619
4 2939 1748  258 2372
4  895  667  508 2692
4 3918  816 2000 1536
4 4494 3293 3967 2047
4 4310 3227 3845 1066
4 1983 3973 1853  999
4 3799 4495 3798 3037
4 2525 2229 3844 4450
4 1844 4496 2081 1450
4 3736 1431 4497 2572
4  860 2865  861  862
4 3044 3793 2910 1006
4 2003 1363 4374 2062
4 1171 2161  807 4404
4 2495 1321 1772 1323
4 3619 4498  409 4499
4  862 4500 3078  859
4 2494 2496 2259 1323
4  497  693  496 4162
4  472 2126  844 2092
4 1323 2495 1322 2494
4 4501 4502 1534 1532
4  615  617 2089 2404
4  386 3212 2335 2474
4 3851 4082 4093 4503
4 3717 1175 2680 1178
4 2040 1761 2041 2042
4 1556 4279 4246 3544
4 2196 1521  918  103
4 2976  677  348 2800
4 1962 3851  651 1995
4 1664 3520 3105  149
4  773 1364  414  775
4  557  683 3575 1463
4 2888   28 1103   29
4  968  966  967  662
4  607  689 4078  610
4 3499 1873 2821 1874
4 1749 1263 1746 2302
4 1589 2483 2053  722
4 3003 3005 1872  891
4 4505 4504 3684 3685
4 3622 3986 2835 3010
4  788  785 1950 1373
4 2334 2933 2932 4506
4 4317 4507 4318 3703
4 2642 3875 2641 1089
4  510 1928  509  507
4 4509 4508  704 3498
4 1062  186 1063  189
4 3215  864 2075 2934
4 3612 2988 2987  878
4 3715  912 1079  500
4 1860  343  342  344
4  493 2215 2788  492
4 2953 3155 1268 1267
4  637 2772 2960 2918
4 3370 1542  825 1011
4 1686 2511 4060 1685
4 1210 4346  785 4510
4 4216 4185 2054 1244
4  640 3643 1308  723
4 1526  901  884 1651
4 2823 1024 2011 1026
4 1487 1488 2204 3082
4  459 3940 4511 4311
4 1917 3216 2645 4512
4 2524 4382  504 4309
4 3461   99  204 2708
4 2244 2917 2242 3118
4  242 1911 1584 2761
4 3866 4261 3039    7
4 2169 3979 4332 4333
4 4513  386  152 1277
4 1713 3770 2572 4514
4  852  854 3968 3905
4 2074 3068  735  839
4 3481 2865 2866 1527
4 3868 1161 1163 1164
4 2528 3516 4434 3515
4 3943 1912 3317 2234
4 2412 3365 2323 3364
4  987 1569 2693 1853
4  526 3718  523 3920
4 2204 2201 3332 1487
4 4012 4515 4313 2800
4  756 3323  194 3740
4 2324 3158 4516 1774
4 4409 3663 3195 2373
4 2176 4518 4517 2175
4 3239 3888 2100 2101
4  249   10  874   79
4 3436 1328 2990 1329
4 1716 1714 2265 2263
4   39   51   36 4321
4 3436 2487 2681 2331
4 4227 2888  886   29
4 2973 3897 1560 4519
4 2519 2358 3385  538
4 2123 1939 3976 1941
4 4262 4520  755 1087
4 2342 1803 3166 4521
4 3284 2166  878 3858
4  735   80   82   83
4 1649 3867 1695 4011
4 3850 1559  926  927
4 2712 1230 4291 4522
4 3918 2405 3856 2289
4 1779 3573 2645 2644
4  915 4523 4524  916
4  279 4525  277 4526
4 1264 2242   24 1617
4 2474 2129 2130 1458
4  267  218  221  269
4 4405 4527 4462 3406
4 2128 3951 2129 2130
4 1077 1076 4528 1075
4   12 4529 4530   14
4  492 1219   86  494
4 1384 4531 4230 4231
4 4329 4328 4472 3470
4  150 1606 1610  539
4 4532 2401 1203 2828
4  804 3964 2816 2648
4  916 2841 4173 4523
4 3919 1125 4165 3559
4  321 2894 4187 1499
4  696 2723 1576 1575
4 2318 2317 2488 4533
4  651 1008 2670 4091
4  533  635  532 3301
4   11 3060 1207 4534
4 4335  111 3589  110
4  328 2659 1743 1744
4 1371   82 1643 1370
4 2697  457  459 1784
4 3647 4535  948 4536
4 1198 1199 1201 2018
4 2791 2885   58 1659
4 1066 2227 1151 2228
4  861 2864 2865  860
4 2159  921   85 3806
4 3257  931  928 4537
4  493 2152 2906  494
4 1781   47 1948 1039
4 2334 2335 2130 2474
4 1346   14 1031   13
4 4538 4539 3933  483
4 1986 3895 1985 1987
4 4386 4540 3755  510
4 3366 4259 3367  547
4 2781 1997 1581 1414
4 2400 3449 3450 3448
4   60 1022   63  355
4  780 3567 4102 1189
4 1266  463  464  881
4 3538 1895 1387 1385
4  632 4541  633 3317
4 1856 1062  186 1416
4 1928  455 4297 4542
4 3023 4543 1818 1817
4 3959  143 1981 1934
4 3592 3520 1664  149
4  169  647 2928 2929
4  639 1238 1242  642
4 1376  679 2801  681
4 3586 1613 2655 1614
4 1228 4544 1225 1226
4 1291 4546 4545 1293
4 1644 1069 1358  413
4 1890 1893 2021 1891
4 3337  169  649  960
4 1542 1481  910 1392
4  649  646 3337 3336
4  902  175 4547  883
4 2172 4548 2715 3102
4  348 4515 4313 2469
4  527 2003 2004 1359
4 1414 1147 1997 1895
4 1143 4292 1977 1974
4 1681 4398 1682 1649
4 2578 2446 1115 2447
4 4549 1212 3696 3577
4 1339 2379  546 4208
4 4311 1789 4550  261
4 2183 1248 2391 2683
4 1214  196 2010  954
4 3521  149 3520  148
4 3589 3907 2792 4551
4 2150 3173  222  225
4  931 4420  929 4552
4 3076 2240 2238 2026
4 4426 1854  201 1983
4 2443  127 1900 3873
4 2209 3051 1716 1603
4 4553 4554 4555 1285
4  603  507 1930 3755
4 3588 3866 3865 4556
4  369  600 2524  603
4 2557 3944 2305 1782
4 1878   51 2405 3856
4 3574  557  804 1155
4 2706 2171 2172 2715
4 1948 3779 3477 3478
4  910  676 3444  909
4 3859 4557 3531 3860
4 1889 3055 1582 3054
4 1624 2423 2948 2092
4 4221 3314 3316 2770
4 1535 3758 4558 1905
4 3650 2589 3635  255
4 2865 2864 4308  860
4 3479 1432 1433 3478
4 4478 4177 3044 1006
4 1122  434 2742 1670
4 4559 3390 3214 3409
4 2773  532  636  637
4 2373 2917  240 3435
4 1753 1751 1843 2862
4 3988 3462 3519 3942
4  362 1121   92  890
4 1162 1164   40   41
4  935 4560 1228 3835
4 1387 1385 1386  424
4  378 1800  367 3101
4  273 1738  271  783
4 4481 3911 4562 4561
4 1191 3271  938  939
4 1941 1939 2713 2124
4  863 1732 3214 3897
4 3195 2414 4021  416
4 4526 2396  277  279
4 2699 3306 2587 2589
4  147 3037 1764 3035
4 2279 3016   41 4563
4 2746 2287 4210 1427
4  615 1621   25  258
4 4052 2483  723  145
4  810 1912  502 3019
4 2022 3635 4289 3655
4  460 4266  457 3727
4 1237 1115 1116 2578
4 1176 1907 1175 2247
4 3976 4564 1939 2123
4 3995 1635 1347 2090
4 3484 3322 3323 3324
4  591  215  746  214
4 2386 2332 3479  390
4 1639 1796 1386 1640
4 3211 3971 4565  713
4 1084  439  935 3835
4 2578 3605 2869 3900
4  456 4415  454 3823
4  422 4566 3444 3721
4 2670 3804 1845  652
4 1971 2763 3229  303
4 3172 4567 2160 4468
4 1757 3519 3463 3084
4 3946 3546 2373 3172
4 3019 2045 1912  502
4 1551  121 1550 3176
4   36 4321 3335 4322
4 2791 2790   58 4023
4 3697 3211  710  713
4 4569 4168 4568 2409
4 2767  326 1342 2690
4 4093 4503 4092 1344
4  213  211  212 2207
4 3812 4570 2552 4571
4 2229 2227 1151 1066
4 2762  599 1895 1467
4 1440 3215 2295 2262
4  677 2937 3537 2936
4 3271  220 3156  939
4  794 1592 1553 1552
4 2404 1615  979  978
4 4308  499 2865  862
4  356 3597 4572 3598
4  305  306 4151 1636
4 3471 2005 4146 4454
4  944 3394 3810 2291
4 1480 1340 3114 1940
4 2692 3658  782  936
4 4297 4387  276 1930
4 1136 3038 2367 1558
4 3677 2943 2686 2942
4 4574 4573 3708 3365
4 1210 4575  785 3609
4 2969  952 2010  754
4 4132  231 4576 2797
4 4444 4577 4578  532
4  277  674 3816 1947
4 1185 2948 1624 1553
4  472  471  473 2093
4 1442 3120 1441 3121
4 2090 1796 3509 2038
4 2741  975  364 2742
4  160 4579  161 3419
4 2402 1940 1941 1850
4 1391 1658 1390 1388
4 2745  183  184 2978
4 1930 4387 4580 4297
4 1823 1822 4581  788
4 1653 3477 4095 1652
4 2145 4582 1261 4583
4 1323 1321 1322 2495
4 1307 1073 1306  779
4 4022  586 1591 3233
4 3351 1020 1019 3447
4 4584 2518 4585 2517
4 2409 2408 4115 4586
4 3447 1860 1861 1020
4 2464 4587 3307 4588
4 1311 1308 3556 2743
4 4093 4092 1092 1344
4 1213 4590 4589 4356
4  848  203 2633 2555
4 1531 2890 4478 1530
4 3483 2260  361 4591
4 2191  914 3599 2070
4 1841 3717  635 4022
4  942 4592 2482  940
4 3342 3982 3981 4593
4  785 3609 4510 1824
4 3112 3361 3113  990
4  145 2483  146 4052
4 3869 3788 1329 2370
4 2021 2232 3843 1683
4 1985 1304  239 4385
4 3150  752  127  128
4 4168 3735 4159 3733
4  394 2072 2274  395
4 3470 4472 4466  851
4 4089 4595 4594  687
4  296 4596 1112  295
4 3116  950 1305 3115
4 3617 2008 4326 2339
4  433 2306 4135  432
4 1428 1127 4597 1129
4 1825 4334 2035 1827
4 1104  433  434 2306
4 2023  255 2022  963
4 4598 4599 2389  905
4  348 4228  676 4314
4 1456 4485 1015 1016
4 1908 3115 1073 3116
4  498 3470  497 3468
4 1948 3477 3479 3478
4 1764 4476 4600 4475
4  206 2621 1879  207
4  577 1473 4601 2316
4 2114  991 2603 4086
4 3732 4569 4150 3508
4  269 1170  221  268
4 2440 3763  540  667
4 2734  743  744  762
4 4602 4149 3074 2791
4  969 4603 3042  971
4 2929 2931  838  840
4 4604 3297 3213 3115
4 2551 3426 4084 4605
4 2716 2685 3701 4606
4 1210 2945 3611 1209
4 1986 3996  812 1988
4 1155 4271 2540 1154
4 1384 2757 1387 2223
4 3151 4607 3931  481
4  717  715 2236  714
4 1774 4608 1773 1772
4 2461 4587 3307 2464
4  547 4609 4258 4610
4 2479  117 1201 2522
4 3929 3927 2335 2130
4 3812 3810 3811 4454
4 2356   81  102  100
4  319 4611 2071  318
4  866  865 1894 2906
4 1452 1030  818 1218
4   67   65 2145   64
4 2195  356  359 2048
4 2952 4128 1090 1267
4  436  437  271  630
4 4612 4613  706 2379
4 2757 1997 1581 1579
4 3209 3208 3951 2129
4  221  274 1170 2997
4 4614 1345 1344 1343
4 1089 1088 1090 1359
4  745 2993 2452 1172
4  610  689 4078 1698
4 4615 4331 3733 2791
4 3738 2413 1754  520
4 3470 3469 4465 4329
4   14   12 4529 2321
4 3385 3130 2358 1367
4 4149 4148 3074 3508
4 2835 3420 4027 3860
4  244 2138 2817 4104
4 3508 4569 4168 3732
4 4307 1081 1083 2394
4 3508 4168 3733 3732
4 1803 1595 3166 2274
4 2680  487  488 2678
4 2544 4616  910  911
4 1818 1010 1846 3023
4 3402 1327 3403 2990
4 4120 1563 1566 4617
4 1795 1794 1796 2038
4 4618 1168 3774 1166
4  162 2352  160 3281
4 2014  490   74   75
4 3351 1857 1861 3447
4  639 2743 1308 1651
4 3497 4098 1059  772
4 3089  764  766  824
4  363 3539 4547  250
4 1027  916  917 1086
4 1420 1998 1419 3801
4 2550 2551 4619 1655
4 2009 2968 2010 2969
4 2252  412 1946 4420
4 3170 1451 1219  494
4 1757 3064 3955 3084
4 2528 2077  116 4620
4   71 3516   69   70
4  319 2616 3571 2071
4  863 1732   29  717
4  883 1398 1545  435
4 3468 3469 4465 3470
4 1025 4175 1674 1349
4  651 4092 4145 4091
4 1841  586  587 4022
4 3233 2708 2710  615
4 1139 4121 4621 4166
4  740 3218  241  244
4 4077 2780 2134 1276
4 1176 4167 3632 4295
4 3512 3401 2524  602
4  661 3581 3052 1347
4 4092 4145 4093  651
4 1025 4174 4175 1349
4 1156 4622 1155 1153
4  651 4093 3851 4145
4 3353  587  588 3354
4 2695 4623 1682 2697
4   43 2019 3094 3765
4 1775 1772 1323 2495
4 1243 1115 1238 2446
4 2335 4624 3928 3929
4 1523 1522 2824 1525
4 4329 4472 4465 3470
4 4494 4025 1597 2047
4   13   14  966 1347
4  456 3630  454  455
4 2235 3150 1913 2443
4 1206 3036 4476 1764
4 1043 2910 1695 1003
4  413 4625  411 1644
4 1089 1090 2004 1359
4 2275 4270 3104 3099
4 2703 2036 1334 1335
4 2643 1445  183  110
4  156 2993  158  835
4  473 1813 3123  480
4 1827 1621  588 3815
4 1853   56  987 1002
4  240  238 2152  239
4 4595 3967 3291  687
4 2877 4181 1794 2876
4 1089 2617 1088 1359
4  591 3581 3357  661
4 4628 4626 4627  955
4 4389 4266  457  459
4  239   64 1060 1067
4 1210 1253 2945 1209
4 1455 3624 1805 3797
4 1942 4455 1197 1776
4 3132 1601 1713 3770
4 3135 3772 3210 4190
4 2409 4586 4115 4114
4  392 4629 4630 3166
4 1782 3944 4151 4030
4 4137 2277 2278 2895
4  417  827 3296 3294
4  368 4310 1064 3502
4  370 3401 2524 4072
4 1036 3169  115 3008
4 4631 4632   65 3741
4 2373 3195 4065 3294
4 2586 4534 1207 1241
4 4633 2614 3851  452
4 1427 2907 4210 2746
4 2630 4088 4296 2500
4 1622  398 2022  616
4 2317 2005 4454 1424
4 1927 2583 1922 1921
4  878 2651 4191 3612
4 2460 4634 2458 2459
4 4604 2246 3297 3115
4 4383 1286 1932 4429
4 3856 1878   51 1021
4 4344 4635 4497 4209
4  279  576 4525 4526
4 1177 3301  531 4444
4 1183 1315 1185 2210
4  229 2473  476 1378
4 4573  287 3365  900
4  650 2453  651  733
4 3053 3052  968  661
4  913  675 1438  912
4 4637  154 4636  152
4 2238 4273 4255 3225
4 1408 4071 2100 2099
4 4275 2428 3006 1808
4 2804 1046 1048 1049
4 4638 4639 3803  964
4  376  379 3895 4640
4 1073   55 1019  682
4 1011 4343  825 3200
4 2121  711 1944 2119
4 2035 2831 4334 1825
4 1628 2853 3122 1629
4  822  202 2685 4606
4  324 3253  322  325
4 3083 2947 1719 1525
4  327 2769 1943 2766
4 1555 1885 4566  422
4  263  629  271  266
4 4120 1565 1566 1563
4 4641 4642 3077   65
4 2940  193  197  671
4 2031 2030 2221 4643
4 2828 4532 3056 4644
4  208 2834 2850 4244
4  621 1219 2795 1451
4 2274  394 2963 2964
4 3502 3501  368  370
4 4645 1506  867 2859
4 1418 1420 1419 3801
4 1289 4307 2394 4384
4  174 3444 1317 3492
4  709 1691 2379 1192
4 1023 1022   63 4332
4  650 2617  628 1023
4 4351 4090 1364 1665
4 2539  807 2649 4268
4 3409 4366 2774 4646
4 1481 1541 1540 1709
4 3132 3881 1601 3770
4 2241 2863 3261 3259
4 3712 1800  343  342
4 2486 2786 1755 2788
4  533  531 3075 3301
4 1036 1033 3031 1035
4 3678  463 1266  881
4 1796 2877  470 1578
4 1896  359 2047 2048
4 4521 4630 4647 3166
4 3544 2060 3619 1959
4  769 1473  767 1357
4 2774 4646 2014 2012
4 1078  672 4264  331
4 1757 1266 3519 3834
4 4648 2987  282 1063
4 2921 2923 2922 2265
4  780 3567  382 4102
4 1434 1433 3479 1432
4 4649  381 3567  382
4 2412 3365 1685 4059
4 1341 3057  328 2546
4 2603 2831 2200  239
4 3461 2832   99 2708
4   19 1512 2044 1511
4 3087 4487  855 1793
4 3432  133 3310  726
4 3553 3434 3433 1148
4 1487 1486 3332 1488
4 1892 3843  727 1891
4  305 4151 1056 1636
4 3108 3646 3354 3647
4 1352 3969 3672 1354
4 4652 4651 4260 4650
4 2098  665 4110  666
4   51 1878 2050 1021
4 2752 1611 3726 2923
4 2127 4366 3026 4519
4   83   82  325  736
4 3080 3216  210 1919
4  636 4653 3032 1859
4 3236 4654 4401 2976
4 3851  452 1961 2949
4 2659 3057  765 4655
4 3881 3459 3770 4656
4 1470 2182 1469  963
4 4613 2379 2380 1726
4 3467 1447 1448 1449
4 4658 4657 2753 2738
4 2443 3150  913 2235
4 1011 1542 3619 3370
4 2913 1642 1641 1643
4 3000  401  400  499
4 2472 2280 1482 2277
4 3273 4017 1484 3265
4 3801 4659 1998  568
4  497 4661 4660  495
4 3402 1328 2990 3405
4 2643 2745  183 1445
4 1899 2571 4662 1570
4 2904  135 4663 2901
4  496 2937  677 2936
4 2742 3837  434 2754
4  573  572 2440  667
4 1145 1142 1143 1160
4 4664 2561 2560 2559
4 1420 4659 1998 3801
4 1740 4665 1445  184
4  761  759 3604 4666
4 2310 2311 4189 1888
4  445 4667  492 2788
4 1577 2617  629 1491
4 4668   16 2498   19
4 1129 1701 4669 3207
4 1679  766  824  825
4  287 3365 2323 2412
4 1870 1871  254 2603
4 3742 4671 4670 4018
4 2949 2927  452 2532
4 1266  839  840 3834
4 4059 3708 3365 3178
4 3132  593 4390  595
4   19   16 2497 2700
4   19 2498 2497   16
4 1159 1142 3412 3413
4  214  833  216 3689
4 3785 3049 1983 1984
4 1459 2492  899 1462
4  193  192 2026 4345
4  175 4547  241  902
4   73 3415 3416  595
4  599  597 2419 3117
4 3341 1594 1657 3357
4 2317 4533 4672 4673
4 2515  294  649 3702
4 3237    8    9   10
4  690 3177 3258 3472
4 1898  199  317 1570
4 3079  861 3481 1122
4 1493  463  465  466
4 4548 4674 2172 2706
4 1085 1350 1313 4675
4 4676 2546 4490 1341
4 1984 3049 4677 3785
4  320 2147  200  980
4  815 1030 2466 1057
4 3298 4678 3299 3005
4 3918 3335 3916 3917
4 2509 3878 3879 1715
4 3207 4122 4679 4669
4  792 2504 2506 2505
4 3341 2552 3340 3339
4 4681 4680 2896  484
4 3254 4682 3555 3556
4  385  384  386 1277
4 1241 4534 3059 2586
4 2434  835  836  592
4 2773 2772 2960  637
4 3499 3500 2793 2686
4 1371 1370 1643 1641
4  590  745  835  214
4   50 2050  605   51
4 2318 1562 1561 4683
4 3004 4684 3348 3003
4 3762 2701  737 2751
4 1434 1431 1432 4685
4 1363 1361 1362 2061
4  847  735   83  100
4 1747  742 2569  744
4 4671 4670 3895 3742
4  209 3286 4303 3285
4 1342 2689  797 4686
4 1781  152 1278 1039
4 2700 3557 4425 2566
4 2832 1743 2709 2658
4 2918 2920 2679  587
4  456  274 1216  275
4 2108  732 4200 1491
4 3477 1432 1653 3479
4   37 4188  321 2894
4 1071 4439 3639  779
4 1815 4687 1812 1813
4 2398  375 4688 1850
4 1578 2877 1639 1796
4  821 1504  822  820
4 4102 4249 4689 3994
4  995  994 2946  993
4 3310 3309 4413 3308
4 4397 2568  634 3078
4 1592 3581 3357  591
4 3140  514 1532 3139
4 3475 3953 1618 3607
4  726 4690 3653 3652
4 2516 1054 1281 1386
4  831 3849  196 1102
4  466 3381  790  789
4 1270  630 1359 1267
4 3847 1088 1090 1091
4 2477 2096 2098  666
4 2233 3562 2021 4691
4  464  465  466 2120
4 2779 1831 1698 1904
4 1602  562 3925 4320
4 3255 4692 4420  931
4 3990 2267 3456 3002
4  276  275  274  455
4 2315 2314 2882 1572
4 3811 1076 1077 1074
4 3265 4017 1484 4693
4 1550 4694 3531 4190
4  834 2434  835  836
4 2672  882  885 2224
4 4091 2670  651 1093
4 1491  625  628  265
4 4370 1225 4217 1811
4 3601 2999 3019 3188
4 3245  316 2186 2187
4 2045 1912 3317 3601
4   19 1771 2044 1512
4 3591  755  757 1888
4 3137 3210 2643 4190
4 3419 3549 4579  161
4 1218  818 3672  816
4  369  667 1619 2692
4  990 1938 1061  989
4  939 3658 2692  936
4 1309 3557 1310 1311
4 4286 4510  786  787
4 3946 3435 2917 2373
4  263  629 1491 1739
4 3688 2232  133 2903
4  168  169  838 2556
4  893  894 1783 1331
4    7 3039    5 4261
4  905 4598 4599 2217
4 2440 4276 2439 2438
4  527  530  942  684
4 3331  483 3151 4288
4  939  314  924 2550
4 2765 1173 1736 1172
4 4696 4697 4695 4033
4 1986 1985 2375 1988
4  651 1092 4093 4091
4 2500 4089 4088 3711
4 1829  505  504 4698
4 3178 3708 3365 4574
4 3935 4409 4699 3195
4  826 2740  298  364
4 3440 2639  781 2640
4 3636 1249  928 2868
4 2640 3442  781 3440
4 4197 2809 3012  570
4 3078 2045 3601 3752
4 1755 4486 2776 2486
4 2355 1454 1217 1218
4  493  492 2788   86
4 2278 1501  321 1857
4 1073 4700 3945  448
4 1189 1608 1610 3567
4  312  310 2938 3488
4 1736  451 1366 1734
4 2405 3918   36 3335
4 1569 2693 1571 1570
4  819 1821 1819 3971
4 3508 3732 3733 4701
4 1218 1216 1030  815
4 4380 2429 2383 2384
4 1901 3625 1254 1900
4 2013 4702 2805  490
4   27 2205  240   24
4 1134 4441  564 3578
4 2394 1941 2402 2712
4 1940 4688 1318 1850
4  420  421  422 2534
4 1007 3193 1010 3023
4 3747 2855 4679 3746
4 2038 1204 3509 2090
4  249 2743 2744 1558
4  895 3763  780 4703
4 2968  953 2008 2010
4 2061 4704 4374 2062
4 3812 3615 2317 4705
4  945 3810 2349 3341
4  681 1375 4042 1377
4 4028 1304 2974 4385
4 4262 2190 4520 1087
4 4706 2214 4118  492
4 2703 1862 1204 1864
4 3644 3645 2857 1120
4 4707 3077  283 2146
4 2276 4327  702 3731
4 1834 4708    2 1835
4 1839 4709 1400 4710
4  834 2080 2079 1750
4 1491  628 2453 2617
4 2269 2267 1727  514
4 2992 2028 2989 2027
4 4711 4093 3851 1343
4 1120 3645 2857 2856
4 2396 2395 4712  280
4 2991 2990 1297 2681
4  666  313 1607 2096
4 3593  516  517 3594
4 1012 4492 3618 3619
4 4001 3060 4002   11
4 2779 3956 4713 1904
4 4714 3057  765  173
4 3688 3776 2479  652
4 2515 2900 3456 2514
4 2457 3362 3433 3552
4 3081 3550 1992  565
4 1585  489   72 1049
4 3046 3665 3815 4715
4 2950  527 4449 2442
4 2557 4716 1780 1782
4 3609 3608  785 3611
4  101 2900 3456 2268
4   83  736 1316 1315
4 4288  551 4125  188
4 1501 4187 3716 1499
4 4384 2394 1289 2712
4 1662 1661 2149 1664
4  410  408 2060 2059
4 2432 2756 1184 1593
4  283  282 1262  284
4 1608 3566 3567 3993
4  325  736   82 1815
4 2154 3960 3072 2676
4  638  636  637 4653
4  582 1455 1374  583
4 2348 4399 1586 3415
4 2379 1337  709 1193
4 4652  857  858 4717
4 4322 4718   36   39
4 2751 3762 2701  523
4 2223 1051 4230 2401
4 4719 2255 2257  941
4  741 2587 1497 4106
4  758  760 1960 1959
4  975  363  364 2742
4 2341 1607 1596 2343
4 1458 4391 2474 2386
4 1261 4152 2330 4583
4 3688 3432 4108 2523
4 1210 3983 1358 1645
4 3574  557  558  267
4 3057  765 2658 2659
4 2942 2327  183 4482
4 2030 2221 3073  655
4  237 1611 2753 2752
4  263  629  266 1491
4 1634  196 1631  952
4 4721 4282 4720 3507
4 3282 3171 3927 2334
4 4722 3392 3802 1470
4  237 2753  234 4657
4 2163 3670 2734 2166
4 2716 1944 1232 2690
4 3352 1304 1978 4385
4  180  181  176 1545
4 2290 1760 2966 4117
4 3241 1392  409 3723
4 2535 1538  410  581
4 3079 3168 2568 4397
4 2243 4400 3664 1616
4 2508 2507 2517 4723
4 2368 2367 3556 3254
4  435  901 1545  883
4 2710  615  618  616
4 4669 3746 4679 3207
4 1299 1833 4724 1854
4 1910 2539 1178 2975
4  952 2010  954 2969
4 1409  589 1408 1406
4 3925 2161 3358 1460
4 4588  136 3569 2017
4 3205 2419 2762  597
4 3908 2943 2792 2686
4 4027 4557 3547  451
4 2282 1482 3542 2280
4 1018 4260 1017 4650
4 1392 3492  422 1557
4 2235  912  913 2444
4 2592 1585  865 1587
4  874 1588  722 1589
4 2342 3166 2341 4630
4 3917 4105 4725   36
4 2521 1595 3385 1367
4 1973 1786  459 1971
4   43   40   41 1162
4  735  736 1316   83
4 2023  963  570 3421
4 3116 3453 1305 3454
4  339 4690 3653 2351
4 3672 4725 3918 3671
4 3083 2991 2992 2271
4 3283 4726 3858 4727
4 3294 3195 4065  417
4 3914 4728 1835  427
4 3587 1288  853 3588
4 1296 4184 1761 1760
4 3301 3717  635  532
4 4476 1207 1208 1764
4 1436 1345 1094 4729
4  686 4594  685 1509
4  699 2016 4730 1200
4 1304  239 2603 1985
4 2060  408 2058 2059
4 3747 4679 4669 3746
4 2011 1522 2339 3617
4 3493 1162   40 3094
4 2559 2558 3901 2561
4 1927 1922 3720 2565
4 3942 4731 2360 3955
4 2800 2726  348 2976
4 4403 2184 3649 2187
4 4732 4575 2945 3611
4 1424 3261 4454 4452
4 4733 2218  315 2186
4 1731 4734   78 3540
4 2373 4065 2152  238
4 2428 4735 2429  549
4 1545  175 1399  883
4  363 2744  108 3539
4 2093  471 4175 2133
4  328 2546 4736 2547
4  736 3252 4687  324
4 2628 1826 2035 1827
4 3623 3710   58  427
4 4737 1702 1704 1450
4 3722   24 2205 4645
4   36 4322 3335 3917
4 2990 2989 3894 2992
4 1697  689 4078 3886
4 1054 1051 2142 1053
4  955 4315 1102 1101
4 3635  255 2022 2023
4 3351 1020 1306 1019
4 1939 3443 4738 4739
4  152 2333 3928 4636
4 4010 1681 1680 1649
4 3658 2551 3524 4448
4  728 4740 4413 4373
4 1084 4741 1043 4407
4 1946 2253  770 4742
4 4302 4303 4358   53
4 3574  557  267  804
4 3171 3459 2334 2451
4 2442  527  942  684
4 2394 1081 1083 1082
4 3004 4451 4684 3003
4 1754 2484 2687 2942
4 1332  893  508 2692
4 1210 3611  583 1209
4  151 1149  729 2616
4 2973 3131 3026 3027
4 1726 2380 2916 2209
4 2110 2705 4743 2109
4  451  734  452 3547
4 2593 1062 4223 1063
4  612 1740 4665  614
4 3999 4745 1065 4744
4 1213 4356 1212 4746
4  461 3306 2587 3152
4 2632 1314  917 1087
4 1611  237 1614 2923
4 1507 2205 1508 4645
4 4301 4748 4747 1907
4  915 4523  916 1027
4 1872  522 1717 1718
4  227 2173 1978 2174
4 1462 1216 1461 4269
4 4114 4749 4750  427
4 1299 4338 1660 1002
4 2672 1107  411 1357
4 1358  769 1135 1645
4 4142 3491  588  589
4 1382 4751 3729 4171
4 4752 2240 4116 1256
4  174 2880 3492 4144
4 2409 4160 2407 4753
4 4355 1903 3382 1902
4 1535 1698 4078 1697
4 2396  279  280 2457
4  845 3726 4754 3586
4 2390 2388  350  352
4 3918 3671 4725 3917
4  813 2076 1566 3961
4  273  271 1270  438
4 1921 2583 1922 4755
4 1756 1755 2978   85
4 2938 3488 3280 3487
4 1289 1083 2394 4307
4 1963  734  452 1962
4  188 2734 2939  762
4  282 2563  283 2562
4 3696 4590 1212 4746
4 3841 3442 3658  894
4 2084 1108 4652 4117
4 1696 1882 2893 2377
4 2133 4175 1025  471
4 3541 2182 1470 3012
4  637 4653  636 1859
4  451  450 4756 3547
4 1055 4194 4689 3224
4 1086  916  917 2070
4  370 4073 3401 4072
4 2667 1044 3126 3127
4 1160 1772 1773 1321
4 1384 2223 1387 1202
4 2048 2559  359 3110
4 1634  194 3324 3323
4  358 2650 2322 1403
4 1135 1133 1357 1358
4 2341 4630 4757 2340
4  202 2684 2685 1745
4 3262 1502 1504  821
4 3886 4347 3885 4758
4  883 1106  901  884
4 4041 4042 1877 1879
4 3197  309 2363 3019
4 3829 2723 2726 2724
4  961 3541 1470 3012
4 4456 4759 3934 3342
4  615 1615   25   26
4 1125  761 4165 3559
4  112  110 2643  519
4  791 4202 2783 2782
4 4067 4066 1520  823
4 4761 2816 4760 1920
4 1523 1249 2068 3084
4 3305 3304 3474 1618
4 1247  344 1244 1021
4 1392 3492 3444  422
4 1607 4064 2478 2477
4 1904 3956 3968 2779
4 4102 4762 4103 4649
4 2708  202   99  204
4  325  735  839 2074
4 4714 2546 3057  173
4   31 4323   30 1138
4 3136 4763 3137 3210
4 2385  387  922  268
4  735 3581  838  847
4 2973 3926  865 1587
4 2684 3411  328 4222
4 4613 2380 2916 1726
4 2431 2430 2034 4535
4  244 4764  563 1836
4 3532 3562 3093 2233
4  975 2580 2581  973
4 2017  134 3569 2016
4 1382 4765 1381 1380
4 3005 1872 1717 1718
4 1900 4563 3627 3625
4  524  525  526 3065
4   49 3335 1876 2405
4 3689 2617  629 1577
4  849 4767 4766  410
4 2681 1297 2991 1760
4 3206 2597 2598 2447
4  860 3480 3168  861
4  188 3331 4125 4288
4 3359 3057  328  329
4 3110 2559  359 1467
4 2018 1199  117  119
4 4739 4738 1939 2713
4 3430 2853 3446 2295
4 1828  218  219  750
4  483 3931 3932  482
4 1836 1838 4764  563
4 3296 3294 3295 1616
4 2621 4303 1909 3247
4 2385 3658  939 2550
4 2090 3144 3995 2091
4 3921 2134 1250 1251
4 2440 2439 4132  571
4 3114  766 2397 3448
4 4768 4769  941 2364
4  462   90 3151   91
4  178 2545  177 1804
4 4404 4770  806 3247
4 2031 2221 4771 4643
4 1091 2617 1088 1089
4 3202 4264 2762 3205
4 1649 1681 4398 4011
4 2048  356 2047 2046
4  459 4511  261 4311
4 1346 1347  746  591
4  736 3253 3252  324
4 3428 2512 2514 2515
4  112  519 2413 1389
4 1046 3127 1044 1047
4 3131 1586 3133 1587
4 3037 4495 3798 3035
4 1713 4772 4514 3957
4 2719 2717 2718 1852
4 2109 1734 4743 1736
4 2479 4033 2480 2118
4 3862 3420 2415 2413
4 4701 4615 3733 3508
4 4773 4212 3755 4213
4 1359 4108 2950  527
4 4540  667 3755  510
4 1239 1990 1992 2878
4 3100 2339 2010 1214
4 1160 1215 1159 1142
4  773 1108  414 1945
4  141 4561 1981 4481
4  520  521  522 1718
4 3178 1685 3700 3364
4 1238 2446 1115 2578
4 3959 4774  143 1934
4 3448 2388 2411  907
4 1392  676 3444  910
4 1957 1955 2383 2384
4  687 3967 2500 4089
4 4775 4428 4427 3258
4 4404 2000 3247 1169
4 2521 1802 1803  936
4 1526 1527 2865 3481
4 2708 2832  979 3461
4 4028 1591   26 3232
4 3410 1635 3995 2091
4 3526  311 1923 2353
4 2409 4568 2406 4168
4 4683 2487 2488 2318
4 3815 3660 1621 3046
4 3448 3449  350 1520
4 1383 1700 1701 3270
4  466 3381 4776 1493
4 2521  937  938  936
4  696 2542  910 2544
4 1036 4123 4350 3008
4 3756 3430 2261 1440
4  267 2161  807 1171
4 2440  572 2797  895
4  501 2045 3078  862
4 4306 3527 2582 2062
4 2661 2759 2730 3333
4 4586 2408 2407 2409
4 3580  901  363 4547
4  143 1931 4419  140
4 1391 1388  660  661
4 2362  401 2364 2361
4 4777 2595 1856 1061
4 1598 1597 3293 1600
4 1382 4171 4170 3025
4  834   40 2434  836
4  307 4464 4778 3222
4 1883 2092 2948 2133
4  880 4779 1492 1493
4  655 4780 3819 4115
4  825  766 1520 1479
4 3995  965  966 4394
4  333   20   22   23
4 2375 2152 2906 1978
4  707   81  102 2356
4 4742  768  770 1946
4  928  929  931 2698
4  238 2244  240 2373
4  644  287  167  645
4  754 2010 1026 1884
4 1163 1164 3627 3869
4  563 1838 2365 2475
4 4405  918  103 2196
4 2383 4380 2382 4643
4  151 2228 1149 2616
4  459 1648 3196 3940
4 1238 1079 2875 1237
4 3741 1033 1032 3742
4 2994 4781 4720 3507
4 2128 3951 3389 2129
4 2411 4782 3450 4280
4 2791 1659   58 2789
4 2648 3350  804 2649
4 2692  893  782 3658
4 3588 1180 3866 4556
4 2362  941 2364  401
4  634  631 1104 3183
4  424  270  272  273
4 1971  259 3892 2122
4 2047 4025 2630 4494
4  215 1202 2231 1640
4 4783 4600 2586 1241
4 3715  686  687  684
4 1587 2376 2356 1601
4 2791 3733 3508  426
4 3264 4303 3632 4301
4 1278 4032 1038  153
4 2360 1791 3462 3955
4  503  504 1829  505
4 4785 4784 2665 1520
4 3125 3062 3603  208
4 2521 1367 3385 2519
4   36 4105 4322 3917
4 3214 3897 2774 4519
4 3995 3149 1347  966
4  879  162 3250 1684
4 3377  586 1591 4786
4 1615 2708  979 3461
4 1154 2540 1155 1156
4  658 4767 2535  410
4 2073 4787  839  737
4 3786 3359 1745 2410
4  242  241 3737  244
4 1008 2670 3804 1010
4 1086 3591  755 1884
4 1213 4589 4135 4356
4 4542 3630 1355 1928
4 2934 2075 2294  493
4 4410 4211 4210 2850
4 1726 4613  706 1725
4  764  763 2181 3089
4 1458 2127 2129 2130
4 2235 2234  501  502
4 2590 1090 1267 2004
4 2697 2696 4788 3196
4   79 4789   10 4214
4 2791   58  426 4023
4 1310 1309 1242 1625
4 1376 3773  679  681
4 1265 1617 2089 1264
4 1577 2453  745 3689
4 3087  855  858 1793
4 1411 3695 4790 3696
4 1568  346  795  347
4  851 4472  421 3470
4  389 1433 3479  391
4 1050  888 1049 1047
4 1537 1459  816 1536
4   11 4534 1207 4480
4 1590 1136 1137  874
4  249 1207 1208   11
4 1874 3500 3431 4354
4 3851 4711 2614 4633
4  966   13 1635   15
4  401  499  941  403
4 4102 4762  382 4791
4 2384 2382 2383 4380
4  879 2352  162 1684
4 1775 1252 1774 1165
4 1591   26   27 4029
4 1119 3981 4792 3343
4 2270 3636  774 1522
4 2367 3556 1558 2368
4   53   54  679   52
4  344 2985  777  778
4 1138 2838   28 1103
4 4240 1231 2531 1944
4 1490 1489  732 1491
4  228  226 3265 1484
4 1617 4400 2775 2243
4 1897  359  358 1896
4 2692  220  508 1332
4  551 1621  257  258
4 1638 2208 2358 2207
4 2276  705 3730  702
4 3426   47 1948 2551
4  735 1757 1316  737
4   23   21 1559   20
4 1713 3957 4514 4497
4 1771 1526 2865  500
4 4195 4102 3224 4703
4  112 2413 3420 1389
4 2680 2245 2678 3693
4 4385  238 3232 4028
4 2446 1129 1242 1243
4 2515 3702  649 3428
4 3251 1980   23 1560
4  705  704  781 4793
4 2401 3600 4230 2223
4  205 3232 2892  203
4   58 3733  427   59
4 3671 3674 3918 3672
4 4045 3579  564 4044
4 1687 1685 2412 1842
4 2910 4794 2909 3044
4 4019 1035 4795 1033
4 1770 1769 1768 1953
4 2331 3436 1592 3083
4  284  281  282 4368
4  110 2792 3589 4335
4 3703 4507 3450 4317
4 3153 2935 2937  496
4 3295 4797 3664 4796
4 1552  793 3340 1593
4 2067 4798 1524 3065
4 1478 1477 1476 1695
4 1359 1090 1267 1088
4  645 2399 2410 3820
4 1488 1485 2304 1806
4  160 3274 3275 4799
4 3955 3064  737 3761
4  888 1047 2667 1732
4 2947 2948 1719 1525
4 4801 4467 4800 1242
4  906 1407 2216 2217
4 3742 3895  991  239
4 1061 2594  284 4368
4   25 1617 2089 1265
4 4307 1081 1181 1083
4 2151 2373  771 3172
4 3982 3981 4792 1119
4 1572 1473  577 2316
4 3877 2914 3179 3938
4  622 4524  916 2308
4 4803 4549 4802 3577
4 1867 1977 1143 1252
4 1186 4576 4703 2797
4 4249 4689 4703 4102
4 1150 4804 2229 2525
4 2822  361  890 3582
4 2118 2803 2117 2063
4 1458 1979 3027 3925
4 4805 3723 4499 1542
4  315 4619 1596 2343
4 1160 3870 1159 1157
4 1078  912  884 1079
4 1823 1223  786  787
4 2516 1054 2468 2142
4  403 1514 2256 1513
4 1986 3030 4640 1987
4 2672 1945  674 1947
4 3753 3614  633  634
4 1657 3341 3743  945
4 2843 1769 2844 1770
4 2076 4161 3122 1627
4 4542  455 3630 1928
4 1940 2397 3114 1480
4 4106  741 2587  256
4  547 3367 4438 4130
4 1461 4269  387  386
4 2552 4570 3810 4806
4 4312 3136 3772 3210
4 2297 3024 2899 1497
4 1916 1915 4807 1914
4 1300 1423 1424 1303
4 1658 1594 1657 2592
4 2146 1261  282 2330
4 3942 4205 3519 3988
4 1340  796  798 1342
4 3301 2539  531 3075
4 1479 2883 2664 4785
4 4316 1848 2403  617
4 1995  734  733 1962
4 1449 2079 1447 1450
4   15   13   14  966
4 1067  187   27  239
4 1557 1679 1542 1392
4 3544 2534 1557  409
4 2717 3701 2402 1851
4 3888 3377  908 2710
4 3626 4248 1163 3627
4 2556 2900  838  100
4 3811 4808 4809 3809
4 3832 1981 1934 3959
4  862  861 3078  501
4 3277 4479 3690 3067
4 2492 3071 3208 2675
4 3083  794 1553 1719
4 2712 1941 2402 2713
4 4044 2881 4440 4441
4  616 1469  617  618
4 3451 3506 2946 2947
4  422 3492 3444 4566
4 1491 2453 4200 1577
4 3472 3886  559 2541
4 4810  654  656  550
4 3911 3910    7 4481
4 2445 3481 1670 3079
4 1877 2000  681 3856
4  520  519 2413 1754
4 2015 2057 3511 4702
4 2063  117 2118 2522
4  787  786  785 4510
4 1733  489 1047 1046
4 2725 3236 4401 2726
4 2519 3564  538 2204
4 2922  479 1233 2125
4 3170 1219 2795 3022
4  496 3537  677 2937
4 4795 1033 3030 4640
4  661  662   14  966
4 1850 1082 1080 1849
4  104  921   85   84
4 3339 3615 2552 3340
4 4214  872 2220  874
4  312 3019 2938 3281
4 4632 1262   65 3741
4 4549 3695 4802 3577
4  689  559 3177 3472
4 3160 3159 3611 3838
4 3442 3524 2640 4448
4 2688 4522 1229 4127
4  565  720  564 4045
4 4705 4673 4533 2317
4 2963 4327 2274 2276
4 1842  635 1841  638
4  312 4811  985 3198
4 1520 3449  350 4784
4 3266 1459 1857 3351
4 1900 3625 1902 1901
4 1299 4338 1002 1854
4 2432 1586 2348  945
4 3607  540 4213  667
4  982  984 4812  808
4  460 2909 3230 3923
4 3346 4252 2383 2384
4   14 4530  662 4813
4  320  199  317 1898
4 1856 1938  187 1061
4 1774 4516 1773 4608
4  810  809  163  161
4 4742 4814 2253  770
4 3568 4588  726 3310
4  273  438 1270 2548
4 3901 3109 2499 2875
4   14 2835 1173 2321
4 1343 4093 1094 1344
4 3459 4097 2932  388
4 1701 3269 3270 4801
4 4047 4279 4278 4815
4 4427  531 3258  533
4 4640 3821 3030 4816
4 4817 2584 3637  727
4 4602 4818 4149 2791
4 3455 2514 3456 3457
4 1717 4819 3299 2862
4 1493 2158 1492  463
4 2780 3279 2134 2781
4 2933 2932  390 2334
4 2481 3706 2363 3705
4 1191 2208 2358 1638
4  152 3928 4513 4636
4 1520  823  349  351
4 2544 4820  911  678
4  466  463  464 4821
4 1392 1481  910 1317
4  161 3275 2352 3276
4 3721 3347 4314  676
4 3673 1352 3969 3672
4 1285 2693   56 1282
4 2926 2266 2812 2949
4 1472 1132 4441 1134
4   11   10 1208  249
4 4405 4462 1220 3406
4  104   86  446 1219
4 2400 2663 4319 4317
4  711 2273 2171 2706
4 2118 2647 1023 4822
4 3432 2232  133 3688
4 2285 3373 3670 2734
4 3559 4047 2977 3370
4 3083 1523 1248 2271
4  937 1803  704  936
4 3765 2019 2021   43
4 1364  412  929  773
4 3860 4823 3861 4436
4 1832 1831  294 2554
4  639  640 1308 2296
4  862 4308  499 4824
4  228 1484 3265 3273
4 1622  398  399  396
4 2470 2800 2726  348
4 2205 1058 3722 1507
4  591 3357 1391  661
4 2822 3431 1874  889
4  360  362   92   94
4 1160 1773 2325 1321
4 4029 2830 4028  239
4 1182  236  237 1614
4 1002 1000 2884 3186
4  689 3886  559 3472
4 3790 1412 2041  128
4  558 2459 2346  556
4 1971 3230  460 3422
4 4280 4782 4599 2411
4 4774 1944 2121 3329
4  880 1863 1862 1677
4 4448 3658 2640 3442
4 2997 1170  269 1169
4  881 1204 3052 3509
4 2901 1009 1845 1818
4 4825 2576 4826 2447
4 2706 4827 1864 4548
4  341 3712  343  342
4 1471 4013 1469 3393
4 2692  667 1619  895
4 3140 4828 1532 1534
4 1093 1094 2169  650
4 1147 2762  599 1895
4  218  221  269 2998
4 4829 4552 4351  412
4 1653 3175 1655 4139
4 2268 2267 3456  101
4 2039 2041  858 2042
4 1031 4200 2110 1172
4 1343 1345 1436 1435
4 1741 1740 4830 1445
4 3329 4831 4774 4832
4 4064 2478 2341 1607
4 4833 2219  313  315
4 2350 2188 2351 2565
4 3824 3356 3187 4834
4 2631  397 3888  398
4  851 4048 4466 3470
4  530  356 2199 2630
4 3696 4746 1212 4549
4 1430 4597 1429 1129
4  340 3719  337 3313
4  628  264  626   62
4  377 3690 3066 3067
4 2497 4425 2843 1769
4 2243 1616 2244 1617
4 4835 4819 1717 1703
4 1534 1533 1532 3140
4 4194 4249 4689 4703
4 4368  282  284 1061
4 3101 1985 2604 2114
4 4836 3412  671  193
4 2133 2423 2948 1024
4 3212 2492 2130 2474
4  878  877 2166 3331
4  256  255 2587 4106
4 3541 4722 3802 1470
4  308   47 1783 1781
4 4345 2239 2026 2238
4 2362 3019 2045 2999
4 2119  711 2171 2121
4 2533 4328 4330  421
4 2550 1653 2385 3220
4  399 3377  588 3491
4  379 3066 3067  377
4 2788 2786 4667 2787
4 3295 4796  827 3375
4 4748 1907 3632 1176
4 2648 3350 2816  804
4 3942 3462 3519 3955
4 4837 4211 4244  208
4 1120 1140 3645 2851
4 2975 2974 1910 2378
4 2479  650 2453  652
4 1447 4055 2080  834
4 3524 4619 4509 4448
4 1886 1086 3591  755
4 4331   58 3733 2791
4 4838 3970 2536 2107
4 3906 4108 2582 3527
4 4211 2907 1427  208
4 1848 2182 1469 4215
4 2075  866 1441 2905
4  880 1675 1676 3796
4 1853 1569 1854  201
4 3527 2565 1921 3906
4 1143 1145 4292  997
4 1888 3591  755 1886
4 2889 3596 3595  932
4  126 2006 1254 1903
4  971  969 4603  970
4 4168 4159 2406 2409
4 1315 2209 2915 2210
4 4311  260  261  459
4 1183 2263 1586 1716
4 2594 3248 1061 3113
4  717 1732   29 2056
4 1726  706 2379  707
4 4662 4300  199  987
4 1457  177  178  175
4  550 4810  654 2408
4 2690 1229 4127 2688
4 1119 4475 4600 3982
4 1796 1794  469 2876
4 1150 1151 1152 2525
4 4839 4840 4141 3241
4  770  767  768 4525
4 2291 3395  945  944
4  307   47 2551 3220
4 4029 1591 4028 4022
4 1084 3219 1227  934
4 2431 1305  254  252
4 3180 2913 2915 1643
4 2100  397 3888 3239
4  275 1780 3594  509
4 2724 2725 2726 3829
4 3665 3815 1620 1621
4 2252 4841 4420 2254
4 1219  103 4405  104
4 1560  714 2236   21
4 1333 4483 2273  710
4  104   85   86   84
4  560 2541 2540 3472
4 1948  384 3479 1653
4 2050 2435 4842 2984
4 3447 4843 1861 3351
4 4844 3532 2080 2233
4 1835 1834 3710 1833
4  649 3428 3702  646
4 1256  996 4094  775
4  258  615 1621  616
4 4759 3343 3981 3342
4 2451 3881 4366 4656
4  150  151 1065 1619
4  771 4567 2160 3546
4   26   24 1617   25
4   43 2021 3094 2019
4 3199  297 2744   78
4  976 4316 2403 2404
4 1811 1809 1810 4068
4 4531 4230 1582 1384
4 3718 3252 1812 2751
4 1209 1107 1133 1358
4 4637 4636 2333  152
4 2813 2814 3387 2293
4 1066  151 1065 3939
4 1756   84 2160 2151
4  677 2936 3537 4124
4 1093 2117  653  650
4 4845 2248  890  891
4 3051 3246 1715 1603
4 3485 4846 4253 3324
4 4782 4847 2389  350
4 4849 3237 4848   10
4 3737  250 3060  249
4 1833   56   58 1835
4 4069  912 1079 3715
4 2612 1533 3140 3002
4 1043 1005 1006 1003
4 4591 4850 3431 3483
4  971  539 1571  150
4 3578 1223  564  787
4  422 1885 4566 3721
4 3317  983  984 4267
4 3645 1701 4669  640
4 1003 1694  457 1695
4 1216 4415 1217 2355
4 1009 3804 1845 1010
4 1630 3824 1629 2075
4  862 2865  861  501
4 2726 2799 2800 2470
4 4078 3854 1698 1905
4 2231 1202 3678  881
4  525 3064 2701 3065
4  413  412 1946 1070
4 2888   28 2887 1103
4 2399 3587 3701 4606
4 2901 2903 1845 2904
4 1368  323   80   82
4   13 1635 3698 1347
4  232 1331  892  230
4 1653  384 4139 2385
4 1793 1412  858 3087
4   81   80   82 1371
4 3869 3382 1329 2681
4  858 2084 2041 1412
4 4786  588 1827 1621
4 3976 3975 1082 4851
4   67 2206 3050 4582
4 1278 4031 1782 4030
4  510  667  573 4540
4  104  921 4405 4527
4 1458 4391 2573 3026
4 3717 2960  635  532
4  147  144 3037 3035
4  461 4138   88   91
4 4743 2320 2110 1031
4 2606 4340 3863 2607
4 1607  313 4852  314
4 3096 4853 3097 3872
4 1894  926 1980  866
4  549 1957 2429 2427
4 3591 2311 2946 3590
4 2766 1943  326 2690
4  566 1837  563 2475
4 3131 1586   73 3133
4 4157 3587 4854 4606
4  149  729  151 3521
4 1057 1030 2466 3518
4 4692 4552 4420  931
4 1348 2292 2967 2969
4 3846 2931  464  170
4  357  358 3538 2491
4 2014 3897 2774 2015
4 3884  242 4547  250
4 4855 3692 4341 1177
4 2900 3337  294 2554
4 3598 4572  356 2199
4 3694 3301 1177 4444
4 1304 2602  254 1307
4  482 3932  483  877
4 3919 1014  824 1419
4 4421 4617 4119 1566
4 2610 2609  483 4856
4  733  732 2453 1962
4 2554 3337  294 1832
4 3696 4590 4790 4857
4 4858 3768 4518 2176
4 1731    9 1730  250
4  423 4859 2950 3689
4  494 1451 1033 1565
4 2127 4366 2451 3026
4 2739 4348 2737 3415
4 3030 3028 4795 4860
4 3127 1044 1047 2667
4 2621  681   55   53
4 4120 2846 1565 1563
4  304  262 1789 4861
4 2150 3174  225 1779
4 4547  901  363  902
4 4862 2096  666 2097
4  249 3060 1207   11
4 4443 4422 4378 1152
4 1067 2205   27 2197
4 4288  186  552  188
4 4689 4703 4102 1189
4  427 4160 2409 4753
4 3113  284 1061 2594
4 4075 1100 1322 1323
4 4136 1211 1104 1213
4 2125 1614  844 1185
4  997  998  996 4094
4 2003 2001 2641 2002
4  800  799  729  802
4 1567 1340  798 1342
4 4652 4274 4116 4651
4 2285 2733 2734  743
4 1672 1674 2423 2132
4  645 4281 3450 4507
4   10 3237    8 4849
4 2814 2295 2293 3483
4 4863 4659 1999 1998
4 2592 1658  848 3119
4 2500  356  530 2630
4 4029 1591 4786 1621
4 1827 1621 3046  553
4 1084 1604 1043 1040
4 3143  965 3144 3995
4  369 3401 2524  370
4  463 4821 2158 2156
4 3554 3433 1148 3553
4  583 3838  584  585
4 4864 2647 2480 2118
4 4157 3587 4606 3832
4 1639 1796 2877 2626
4 4564 1939 2726 3829
4  358  356 1405  357
4 1002 4186  986 2884
4 1823 4581 1224  788
4 1084 4283  441  439
4 1071 4439  779 1073
4 1568 2879  345 3444
4 1083 1179 1080 1081
4  456 4415 1216 2355
4 1303 1300 3493 1302
4 1900  809 1913  879
4  618 1848 2403 2194
4 3241 4459 1392 3723
4  736 1815 2126 1315
4  219 3513 1828 3458
4 1703 1449 2079  521
4  169  648 2928  647
4 4186  986   56 1002
4  604 4100 3638  606
4 4201 4855 4341 1177
4  835  158 2434  834
4 3906  700 2523  699
4 3786 2708 3233  205
4 1491 1906 4200 2108
4  804 2649 4268 1155
4 1182 2263 2923 2738
4 2761 1911 2760  242
4  242 1584 1583 2761
4 4025 2630  356 2047
4 3776  699 1201 2018
4  944  945 3810 2349
4 2778  934 1227 1225
4 4669 4621 1139 4121
4 2767 3808 4676 1341
4 1034 4631 3997 1032
4 2993 2230 2452 1174
4 4522 4127  796 2713
4 2559 1598 2499 3901
4 4398 1646 2696 1649
4 3375 4797   96 3295
4 4686 4676 1567 1341
4 1364 1252 1166  414
4 3413  668  671 1159
4 3463 3678 2231 1275
4 1884  843 2948 1883
4 3297 1175 2680 3115
4 4721 4865 4371 2027
4  116   66 1032   65
4  203 3296 3739  418
4 2442 1438  684 2444
4 4404 2161  807 1910
4 3887 4866 3885 4634
4 4867 4868 2321 4027
4 4802 4869  984 3943
4 2690  326 1342 4127
4 4676 4490 1567 1341
4  600  601  431  602
4 2356   81 2209  707
4   80 1724 3455  846
4 1814 3576 3123 3180
4  496 3536 3537 2937
4   23  334   22  333
4 3714 1517 1518 1920
4 1078  672  912 1237
4 3278 1533 1535 3759
4  903 1216  456 4415
4  975 2581 2741  973
4  793 3889  791 4202
4 2224  177 3780 1456
4  778  779  344 2051
4  723 1140 2296  640
4 1451 1219 2795 3169
4 1976 1975 3839 1865
4 1891 2352  727 3276
4 3129 3128 2750 2961
4 1555 4566 3492  422
4 4717 2794 2039  858
4  805 2815 3061 3263
4 3193 1961 1846 3023
4  599 2419 2762 1147
4  927   31  478 4323
4 1515 4760 3061  805
4 2718 4291 2712 1230
4 3521 2520 3156  936
4 2464  133 2903 2902
4 3097 4870  313 2225
4 1191 1708  558 2162
4  926 1980  229 1894
4 1759 1296 4184 1761
4 1016 1456  247  248
4 1065 4744 1064 3228
4 3615 2488  791 2371
4 1142 1144 3870 1145
4 2414 3194 3134 4290
4 1119 4792 1117 3343
4 3351 1857 2174 1861
4 1026 1349 1671 1348
4  435 1106  901 1398
4 2337 4871 3880 2336
4 3740  195  194  197
4 1247 2050  344 1021
4 1903 2006 1254 1901
4  732  734 1736 2765
4 2906 2075  866 2934
4 2321 2320 1173 1031
4 1243 2598  331 1115
4  455  275  274  456
4    6 4596 2668    5
4 2612 3759 1534 1533
4  739  563  564 2454
4 4805 1541 1540 1542
4 2359 2360 4872 1791
4 3437  439 3438 1084
4 2235 3150  752 1913
4 4276 2439 4131 1188
4 3543 3542 2281 2282
4 1055 4689 4703 3224
4 1250 3279 2134 3922
4 2129 3951 3389 4873
4  344 4874 4043 2985
4 4875 1326 1394 1328
4 1266 4367  464 2156
4  278  575  577  279
4 3245 3097 3872 2187
4 2448 2127 4366 2451
4 3999 4213  371 4876
4 1383 1701 3643 3269
4 1349 1671 1674 1024
4 3082 3156  938 3271
4 2005 1423 2319 2434
4 3704 1363 2364 3707
4 3101 2602 2604 1020
4 3496 1441  478  866
4  627 2425 1436   63
4  413 1644 1069 1070
4 4606  202 1881  822
4 2975  635 2892 1882
4 2289 3918 2405 3916
4 2516 2037 1386 4107
4 2603 1871 2111 2112
4 4206 4666 4163 1125
4  124  123  841 2266
4  846 2074  735  325
4  819  710  712  713
4 1968 1966 4015 4304
4 3311 1927 1926  701
4 3501  368  370  371
4  787  785 1133 4286
4  242 1911 2760 3883
4 1791 1249 2068 2359
4 2826 4877 2996 2825
4 1389 2413 3738 1390
4 3979 4332 4822 2169
4 4405 4462 4878 1221
4 1569 2693    3 2141
4 4538 4879 4858 4288
4 2961 2749 3128 2750
4 1187 3490 1186 1188
4 3351   38 1857 3447
4  909 1317  696 1318
4 1149 4422 1150 1152
4 4423 4443 2777 1152
4  100 2554  102 2556
4  515  518 4037 4038
4 3851 3193 1961 1846
4 1666 1105 1213  433
4  271  783 1738  784
4  278 2395 4712 3398
4 3696 1412  752 2234
4 2804 4193  489   72
4 2263 2739 2264 2738
4 4537  930  931  928
4  124 2927 2812 2532
4 4741 1040 3438 1084
4  537 4443  801  802
4  493 2485 2788 3824
4 1084  440  935  439
4 2299 2182 1848 2181
4 1996 4880 2757 1468
4 1910 1908 1178 1907
4 1870 2831 2200 2603
4  528 2590 2736 2178
4 1513 4203  400  403
4 1609 3396 1606 1608
4  583  585  582 3977
4 2795 4882 2136 4881
4 1545 1543  181 4040
4  787 4510  785 4286
4 3834  839  737 1757
4 2144  662 3010 1388
4 1160 2324 1774 4292
4  413 1166  412 1068
4 1727  706 1726  707
4 1670 1667 3481 2445
4 1719 2506 3451  794
4  510 4883 1355 1929
4 4318 4319 3703 1994
4  406 3041  404  405
4   91 2899 3151 3670
4 1318 1576  696  909
4 1020 1801 2604 3101
4 1045 2250 4061   95
4  928 3636  929 2698
4 3481 2866  861 2864
4 1325 1324  904  903
4 3955  737 3834 4787
4  984 1912  808  985
4  278  577  882 1947
4 4563 3627   41 1900
4 4322 4188   36   37
4 4448  937  939  314
4 2490 1270  272 1269
4  685 3682  942  940
4 1983 1854  201 1853
4 4033 4696 4155 4884
4 1753 2863 2241 3259
4 4651 4752 4116 4652
4 2528 4620 3515 2527
4 4040 3966 1545  435
4 1307  366  251  252
4  392 3166 2341  395
4 3671 3674 3916 3918
4 1958  659 1960 2060
4 4534 3060 1207 1241
4  305 4151 1782 3944
4 3494 1229 1232 2690
4 2770 3314 1504 3262
4 3089 2181  824 2299
4 2668 4596 3956 4474
4 3814 2086   48  605
4 1877 1875 4042 4041
4 4279 4047 3544 2977
4 2072 4885 3385  395
4 4374 2061 1363 4886
4 2915 1233 3877 3179
4  413 1253 1358 1209
4 2144 1503 1504 4254
4 3970 2105 3109 2107
4 1061 1938  187  989
4  792 1396 2506  794
4  713  819  710 3697
4  817 2288 4887 3674
4 1379 2905 1293 4546
4 2146 3077   65 4641
4  784  629 1738  271
4 1917 3174 3217 2150
4 1094 1345 1344 4729
4 1323 1322 1320 1100
4 1002 2884  986 3186
4 2124 2711 2713 1941
4 2723 2726 2976  696
4 1342 4127  796 2688
4 1321 1320 2325 1323
4 2351 4817 2584  339
4 2000 1459 1460 4404
4  756 3324  755  754
4  738 1805  178  739
4  652 1845  651 2453
4 4888 2115   18 2107
4 2532 1446  111 2812
4 4280 4599 4889 2411
4 3471 3339 3810 3341
4  277 3362 2396 4526
4 2623 3288 3401  602
4 4139 2386  922 2385
4 1644  769  770 1358
4  175  176 4547 1545
4 2444  501  502 2235
4 4335 3907 3589 3679
4 1651  974  363 2743
4  741 1471  744 2372
4 2868 2337  774 2339
4 2992 2989 3894 3506
4  273  270 2877 2626
4 2707 4565 3972  713
4 2392 3795 2070  842
4 4199 4200 2785 1739
4 1652 4096 4095 1655
4 3052  712 3149 3148
4 1009 1845 1818 1010
4 1739  629 1491 1577
4 3487 3280 2938 2585
4  902  901 1651  639
4 2555 4157 1880 1881
4 2196 4890  103  621
4  615   25 1591   26
4 2509 3872 3246 3879
4 4891 2184 1654 3649
4 3078 3168  861  859
4 2822 3431  361 4591
4 2118 4033 2480 4697
4 2899 3024 3669 3373
4  858 1412 2041 3790
4 1665 3100 2337 3775
4 1339  546 4862 4208
4 4521  702 3498 1803
4  145  146 3037  144
4 2219 4892  313 3097
4 1973 4265 1786 1971
4  989 3113  990 2874
4 1238   18 1310 1626
4 1749 2734 2197  869
4 3831 3744 1604 1084
4 3207 4122 4669 2598
4 3871 1329 3869 2487
4 3559 1959 4047 3370
4  537  536 2520  538
4 2677 2155 4893 2154
4 3362 2251  277 2254
4 3894 2989 3405 3506
4 4894 3315 3314  958
4 4688 2666  375 2400
4 2378 3739 2377 2892
4 4885 3384 3385 3129
4 1469 1848  617  618
4 4527 4462  918 4405
4 1197 1195 1196 4895
4 1839 1840  435  432
4  583  584 1950  582
4 3370 1098 2977 3559
4  681 3378 2051 2801
4  243  181  176  179
4  731 1365  734 1995
4 2635 3799 2636 2220
4 1307 1020 2602  366
4 2865 2866 1771 2044
4 4896 3729 3342  147
4 3088 1412 1105 1793
4  730 4250  320  318
4 1738  270 2877  273
4 1756  183 2484 1754
4 4791  382 4102  781
4 3169 4897 4178 3021
4 2831 4334 4536 2035
4  616  615  617  258
4 3409 3389 2127 3388
4 1347   14 1346   13
4 4860 3277 3821 3030
4 3710 3913 1835  427
4 2814 3446 2295 3483
4 4663 3804 1845 2904
4 1049  947  945 3395
4  901 1545 3580  435
4 3938  544 3877 2380
4 4886 3704 1362 1363
4  514 2267 2268 2269
4 4898 2040 2007 2041
4 1275 2781 1276 1250
4 3169 4350 4897 3008
4  858  857  885  856
4 1553 2126 1624 1185
4 1399 1474  176 1544
4 1086 1883  843 1884
4 1491  629  266 2617
4 3074 4899 4414 4900
4 4773 4220 3475 4213
4   75  490   72  489
4 4213 3474 3475 4773
4 2026 2027 2028 2941
4 3588  853  167  288
4 2649 4901 4902 4271
4 4282  191  190  193
4  639 2296  902  641
4 2901 4113 4903 1818
4  189 2610 3284  188
4  621   71  620  494
4 1645 4346 1133 1210
4 1332 1783 3658 2385
4 2404 1615 2089  615
4  681 2801 2051  680
4  964 4639  741 4638
4 1227 3822 3219 3744
4 1750 3534 3532 4844
4  991  990 2874  989
4 3053 3581  838  168
4 2275 2274  802 1802
4  602 2623  429 3514
4   67   66 1723   70
4 1032 4631 1033 1034
4  384  386 2332 2474
4 1560  863 3897 2973
4 3350 2815  804 3632
4 2910 4393  457 4336
4 1160 1774 1775 1252
4  678  677 2976 3903
4 4535 2430  949  951
4 4350 4897 2845 3169
4 4391 3770 2573 3026
4  491  863 1732  886
4 2044 2043 4203 3318
4 3577 4802 4869 3695
4 1182  236 1614 1185
4  763  766 3668  351
4 3269 4053 1701 3643
4 1120 2856 2857 4381
4 2183 1146 2682 2683
4 1178 1175 1176 1907
4 1844 4496 4034 2081
4  994 2946 3591  995
4  747  215  216  214
4 3439 4605 3522 2551
4 3700  636 1685 2511
4 1278 4031 4032  153
4 3781  981  199  320
4 3797 3977 1107 1455
4 1808 4369 4370 4904
4 1651  974 2844 1527
4 1289 1852 1288 1286
4  500 4069 1079 3715
4 3778  935 1967 1968
4 3258 2600  531 4427
4 4040 4905  181 1545
4 1304 1306 4843 2604
4 1091 1089 1090 3875
4 2750 3130  213 2748
4 3021 4906 2795 3169
4  772   71 1060   64
4  641  577  882  278
4 4673 4907 4672 2317
4   53   54   55  448
4 2997  815 1170 1169
4  725 3652 4690  726
4  845 2393 1614 3586
4 1930 1929 4580 4386
4 3032 2217 1407  638
4 1471 1469 1470 2182
4  848  100  102 2555
4 2868 4908 4871 2338
4 4468 3546 3947 3172
4 2199 2736 2198 2178
4 1607  313  315 4833
4  287 2399  167  645
4 4304 1966 3244 1968
4 3114 2397 2398 2399
4 2603 4086 4909 2112
4  773  929 2272 2698
4 4452 4146 3261 4454
4 1939 3443 2123 4062
4 4583 2330 1261 2145
4 4361 3542 2282 1482
4 4611 2071 1444  319
4 4910 4911 4509 2343
4  266  626  628  264
4 2782 4875 1328  791
4 1168 4090 3774 1166
4 3859 4026 4557 3860
4 4569 4168 2409 3508
4 4320 2161 1910  562
4 4862  663  543 2097
4 3723 1392  409 1542
4 2133 1024 1025 1674
4 2383 2381 4438 2029
4 1306 2974 1305 1304
4  902  241 1572 2454
4 2210 2209   83 1315
4 3300 4912 3234 4623
4 4683 2487 2318 4913
4 4195 4102  781 4791
4 1275 2606 3462 3463
4 3452 2779  852 2668
4 1507 3722 2205 4645
4 2350 3527 4108 3906
4 2204 1807 3564 1487
4 1733 3127 2667 2056
4 3153 4162 4660  496
4 2386 3479  391  390
4 1270  271  630  436
4 2299 1848  618 2181
4 2726 2725 2799 4062
4 1884 1024 1025 1883
4  533 3075 2893 2975
4  287 3365  900 4854
4  603 3754  601 3288
4 1924 1922 1923 4445
4 4853 4050 4049 3167
4  886 1047 2667  888
4 3092 1162 3094   43
4 1630 2213 2215 3824
4  527  529 2004 4374
4  836   40  833  834
4 2668 1112    6 1832
4 2566 2844 1311  291
4 4612  706 1691 2379
4  680 2051  681  682
4  243  176  241 1475
4 2748  212 3130  213
4 3834  837  840 4014
4 4101 3885 3887 2541
4 1084 3744 3164 3831
4 4027 1736 2765 1173
4 1129 4597 1701 1127
4 1222 1220 4470 1219
4 4746 4356 4590 1213
4  100 2900  838 3457
4  756 4914 2310 3322
4 1994 1083 1850 1851
4 1585  888 1049 1050
4  960  169  649  648
4 1842  906 1841 3233
4 1403 4087 1404  358
4 1307 3639  779  366
4  898 3985 1217 1325
4 3277 1272 3067 1271
4 2217 4598 2216  905
4  526 2092 1812 3920
4 3733 4701 3732 3734
4 3247 2621  209  207
4  287  644  286  643
4  730 3828 3105 3687
4  104  103   86 1219
4 4226 4460 2118 2522
4 1909 4358   55 3945
4 3623  425 4750  427
4  537 2964 2072 2274
4 1967 4915 4015 2083
4 1757  737 3834 3955
4  268 1332  220  939
4  311  309 4009  310
4 2107 2106 2536 4838
4 1532 1534 4828 4502
4 4297 3560  274  276
4  592 2433 2434  156
4 2555  847 1658  848
4 4916 4883 1355  510
4  215 1275 1387 2183
4  347  798 3444 1317
4 2857 4170 3934 4337
4 4215 1847 3393 1469
4 3567  382  383 3592
4 3246 4209 3872 2509
4  888 1732  491  489
4 1861 2282 2374 3146
4 4301 1907 4303 3632
4 2097  663  666 4862
4  780 4703 4102 3841
4 4633 2925  449  452
4  922 2474 2386 1458
4 2992 3506 3894 2947
4 1093  651  653 2670
4 2344 1952 2866 1770
4 4023  425   58  426
4 4120 3170 1565 2846
4 3133 1586   73 3415
4 4917 3654 2175  257
4 2616  729  151  319
4 2745  614 3210  138
4 1841 2960  635 3717
4 3075  559 3177 2893
4 4918   22 3391 2153
4  951  488 4334 2830
4 4884 4919 4033  700
4 2554 2268 2269 1699
4 4913 3868 1161 4683
4 3948 4758 3909 3886
4 3694 4578 1177 4855
4 3369 2571 2570 1570
4  427 4749 4750 3710
4 2785 2705 2110 4199
4 4920 2988 2564 2987
4  845 1611 2923 3586
4 2941 2026 3412  775
4 3450 4507 4471 4317
4 3293 3967 2047 3291
4 4921 2418 2460 3887
4 4616 4839 4459 3241
4  566  564  565  720
4 3603 4402 3062 3125
4  348  676 3444 4314
4 1039 3425 1948 3779
4  112 1963 1174 3547
4 2299 3089 1998 3919
4  231  232 4576  892
4 2271 2824 2270  776
4  104 1954   86 4079
4 4355 2006 4184 3382
4  382 4103 3567 4649
4 2042 2794 2039 2040
4  490 4193  489 2805
4  364  826 2740 3836
4 3418 4256  218  219
4  845 4754 2393 3586
4  844 2092 2948 1883
4  225 3173 3174 2150
4 3926 3739 2377 2378
4 3063  711 1944 2706
4 2443  810 1913  502
4 2373 3497 3546 3946
4 1116 2578 1115 1113
4 1570 2693 1571 4922
4 1818 4113 2903 2901
4 1453  818 3672 1218
4 1570 3369 2571 4923
4  845 2392 2393 4754
4 2151 2414 4021 3172
4 4652 4717 2794 4650
4  928 4924 3256 4537
4 3544 4278 4246 4925
4 4683 3868 2487 4913
4 3335 3916 1876 2405
4 3369 4922 2693 1570
4 4086 4909 2200 2603
4 3243 4304 3244 1968
4 1586 1601 3133 1587
4  214  216  836  592
4 2479 1089 4033 2523
4 1160 1157 1143 1145
4  106  826  108 3580
4  614 1740 1445  611
4 1608 3565 3566 4504
4 2093 4175 2131 2133
4 1467 2561 2762  598
4 2706 1864 2715 4548
4 1020 2602 1306 1307
4  325 2074  839 2073
4  207 2621 2000 3247
4 1757 3064  737 3955
4 1848 2403  617  618
4 2532 1446 2812  124
4  771  921 2160 4926
4 3707 1363 2364 2481
4 2133 2131 1674 4175
4  206 3764 1425 1797
4 3101 1800 1801  378
4  379 2114 1987 3101
4 1332 3658  893 2692
4 1522 2339  774 2824
4 3946 3497 3435 2373
4  370 4309 4310 3502
4 1905 1195 1197 4078
4 3730 3731  702 4927
4 3811 3809 1076 1074
4  500 1526  501 2444
4 2230 1448 3589 1449
4 3724 4616 4459  910
4 1792 4487 1793 1400
4  617 4316 1848 1847
4   84  921 2159 2160
4 1924 4445 1923 4364
4 3154  436  438 1270
4 3502 4382 4072  370
4 4447 3596 1531 1967
4  898 1454 1217 3985
4 1019 1073 1306 1908
4 4284 1165 4732 2945
4 2713 4738  347 4928
4 3765 3016   43 2279
4 4366 2774 4519 3409
4  666 2096 1607 2477
4 3291 1598 2047 3293
4 2500 2630 4088 4494
4 1703 4835 4819 2862
4  442 4376  441 2890
4 3409 3388 2448 4559
4 4929 4771 2429  656
4 2477 2098 2979  666
4 1511 2064 2044   19
4 2976 4654 4401 4392
4 4880 2757 1468 2758
4  218  267 1465  557
4 1189 1187 3490 3993
4 1523 3636 1249 2272
4 4867  451 4557 4027
4 1623 1757 1553 3084
4  776 2824 2992 2271
4  592  217  591  214
4 3341 1592 3340 1593
4 4361 3145 2374 2282
4 2827 2223 2422 2828
4 3111 2650 4930  358
4 2031 2029 2030 4643
4  519  110  183 2942
4 3493 1161 1562 4913
4  593 4772 3891 3132
4  358 4087 3111 1403
4  919 4408  921 2160
4  923  561  924  925
4 2758 1280   33 4880
4  317 1899 1444 4611
4 3962 2076 2213 1630
4  202 3316   99  959
4 4867 4026 4868 4027
4 3132 4514 1713 4772
4  347  795  796 4928
4 1035 4931 3028 3031
4 1984  200  201  198
4  652 2479  117 3776
4  905  906  638 1687
4 4932 2700   16   18
4  539 1618 1619 3999
4  963  255 1470  964
4  802 3104  729  800
4 3550 2586 2553 1241
4 1189 1188 2797 3763
4 3351 2174 4843 1861
4 3241 4459 4458 4839
4   98 4221 3316 1744
4 1980   23  229 3266
4 2774 3511 3214 4559
4 2755 1959  761  758
4  666 2098  663 2097
4 2603 4909 2200 1870
4 2520 1802 3521  802
4  639 1308 1310 1651
4 4334 2035 1827 3108
4  189 1856 1061 1062
4 1551 1549 3531 1548
4 3288 2624 3754  601
4 2175 4518 4933 2176
4 3205 3202 4264 3204
4  545  543  546 4862
4 3104  729 3521  802
4  921 4408  920  137
4 4334 3354 4536 3108
4 3677 2686 2687 2942
4 2031 4929 4771 2221
4 3644 3643  723  145
4 1695 1477 1476 4011
4 3920 3718 1812  526
4 4650 4651 2794 4652
4 1373  564 1949  739
4 3544 1554 4246 1556
4   68   71  772  620
4 2681 1329 3869 3871
4 2374 1985 2604 3101
4 1319 1353  899 1354
4 4482 3221  183 2484
4 2135 4077 1276 3257
4 1602  922  925  923
4 1147 2419 1997  599
4 1879 4042 1877 1375
4 1945 2698  412  773
4 1691 2645  513 2094
4 3549 4934  161  809
4  325  324   82  323
4 1619  540  539 3763
4 1103   28 4325 2838
4 2684 3411 4221 3262
4  562 2161 1910  560
4 3419 4579 3275  160
4 4521 4647 1803 3166
4 2738  237 2923 1182
4 2585 4935  340  338
4 3649 4403 4635 4891
4  864 1440   31 1103
4 2279   42   43 1683
4 3076 4116 2238 2240
4 2235  913 2443 2444
4  634 3317 1212  632
4 3257 2135 4077 3255
4 3756 2261 2838 1440
4 3342 3981 4936 4593
4 3919 1125 2809 4165
4 3040 1661 1663 1664
4  592  835  836  214
4  695 2883 4379 4937
4 3502 4309 4382  370
4 2493 1738  270 2877
4  862  501 2045  499
4  823 3333 3528 3529
4  656 4780 4929 2221
4 3994 4689 4102 1189
4 4278 1959 2060 3544
4  739 3218  241  740
4 4086 2200  991 2603
4 2217 3249  905  638
4 4254 3314 1504  958
4 4373 2020 3309 3310
4  616 1469 2022  258
4 3257 4420  931 3255
4 4222  328 2684 1744
4 3884 4905  243 3882
4 2231 1275 3678 1202
4 4913 1161 1562 4683
4  638 2217 3249 3032
4 1987  379 2374 3067
4  621 1451   71  494
4  902 2743  363  250
4 3841  781 4195  780
4 1813 2092 1812  472
4  375 4319 2400  372
4 2447 1128 1129 3206
4  590 2993  159  156
4 2868 1249  928 4924
4 1723   66   71   70
4 4021 3195 4065 2373
4 2402 2398 1940 1850
4 2447 2536 1429 4825
4 1332  385 1780 1783
4 2686 2943 2793 3908
4  560 2161  561  562
4  188  187 2939 2197
4 1922 3720 2565 1923
4 3171 2449 3459 2451
4  522 3510 2793 4835
4 2573 4139 2386  922
4  198 3685 1608 1984
4 2694 2696 4788 2697
4 2056 1732 2667 1733
4 1136  871 1558  874
4 1011 1013 1012 4938
4  173 1097 4714  171
4 3069 3212 4939  897
4 3132 3133 1713 1601
4  279 2396 2395 4526
4 2378 3926 3352 4320
4 1526 1122 1106  901
4  512  513  514 1532
4 2375  239 2152 4385
4    8 3238    9   11
4 1893 2021 1891 2279
4 3727 4389 4266  457
4 1842  635 1685 1882
4 4127 1229 1230 4522
4 3554 2419 1148 1147
4 2098 4110 2979  666
4 4645  867  870 2859
4 4022 3232 2892 3233
4 2473  476  926  229
4 3049  200 1983 1984
4 1987 1271 3030 3821
4 3128 3334 3965 3130
4  358 3111 2650 1403
4 2225 2097 2096 4862
4 3909 4895  688 3886
4 4669 1129 2598 1243
4 3348 3003 1077  891
4  900  285  852 3905
4 2023 4289 2022 3635
4 1318  347 2726  909
4 4373 3309 4413 3310
4 2938 4224 3280 3488
4 4880 4231 4531 2758
4 2469 4515 2800  348
4 2906 1978 2152 3926
4  793 4571 2552 4940
4 1760 1297 2991 2028
4 3041 1663  380  383
4   91 4138 2587  461
4 2371 1592 2331 3436
4 1602 2573  922  923
4  319 2071 4251  318
4 2819 2818 3242  498
4 2674 2055 1244  606
4  973 2580  299  300
4 4120 2846 4119 4118
4 2070 1086  843 1886
4 3955 4731 3761 4787
4 4645 3722  869  867
4 1511 2498 2064   19
4 2292 1085 2969 1026
4 3689  833 4108 3688
4 2444  684 3715 2499
4 1885 1393  676  422
4 2754 3837 3836 2742
4 3580 4941 2754 3966
4   18 4932 2700 4293
4 2613 2900 3456 2515
4  531 3075 3258  533
4  318 4611 1899  317
4  699 2189 2188 4730
4  137 2159  138  132
4 4309  504 2524 3844
4 4862 2097  543 2225
4 1480 4688 1318 1940
4 2768 3972 1943 2690
4 1560 3214 3897  863
4  802  801  799 4378
4 1895 1147 1146 1414
4 4942 4943 1738 2877
4  554 4418 3990 1724
4 1571  150  539 1569
4 4239 4091 1092 1093
4 2998 2025  431 2997
4 1152 4378  729 1149
4 3101 2374 1987  379
4 2603 2200  991  239
4 2283  606 1547 3327
4 1397 3405 3451 1328
4 1373  785 1133  787
4 1116 4944 3900 1113
4 2357 3965 3130 2358
4 2877 2493 1738 4942
4 3040 3104 1664 3730
4 2719 4774 1944 2119
4 1122  975 3481 2742
4 1178 2539 1177 3301
4 2254 4841 2251 2252
4 1346 1173 1031  660
4  318 1899 1898  317
4  963 1260 2022 2023
4 4106 1494  741 4639
4 2183 1248 2683  217
4  968 3052 1347  661
4 1317 3492 3444 1392
4  414 1252 1253 1209
4  667 3755 4213 3607
4 2378 2893  562 1910
4 4581 1224  788  566
4  591 3581  217 1592
4 3696 1105 1212 4590
4 2217  905  906  638
4 1093 4091 2671 4239
4 1602 2376 3027 1601
4  707 2376  562 1602
4 4091 2671 2670 1093
4 4239 4238 2168 1093
4  484  483  877  482
4  339 4817 4690 2351
4  657  659 2060  410
4 2183 1414 1146 2391
4 2617 1088 3634  355
4 2354 4945  750  749
4 3558 2977 3559 2755
4 1214 3100 2337 1665
4 1589 2483  722  724
4 1497 2898 2899 2297
4 1446  841 1445 4830
4 3277 3690 3821 3067
4 1280   33   35 2758
4  611 1445  614  124
4   91   88   89 4138
4  645 2399  167 3703
4 1093 4432 2168 4239
4 1332 3658  939 2385
4 1093 2671 4432 4239
4 1213 1105 1104  433
4 1726 1725 1641 4946
4 2982 4595 3292 3291
4 1509 4947 1510  686
4 3270 3338 1380 1383
4 1214 2823 2940 2824
4 2627 2626 1386  424
4 3612 2651  876  878
4  399 3888 2100  397
4 1531 4176 1006 4948
4 4019 4631 1033 3742
4 3027 1601 1587 3131
4 2781 3319 1581 1415
4 1560 3251 1980 2973
4   85 4079 4183 3807
4 4753 4586 2407 2409
4  219 4256  218 1463
4   64 1262 2145 3050
4 1848 3525 2182 4215
4 4186  986   57   56
4 4489 4717  855  857
4 2350 3250 4449 3020
4   77    9   78   79
4 2117 4822 2169 3979
4 2200 4085 4909 4086
4 3017 2894 2278 2615
4 3816 4420 2254 2253
4 1251 1249  928 3636
4 3709 1685 3700 3178
4 3835 4560  440  935
4 1102 3631 1099 3849
4 1773 1774 1775 1160
4 1234 1233 1235 1970
4 1266 3581  838  839
4  539 1707  541 2140
4   85 2776 4183 4079
4 1530 2890 1528 1531
4 4949 4410 4210 2466
4  509 1782  230 1331
4 2892 3717 2974 4022
4 2718 4127 2717 2716
4 3779 3425 1037 1039
4 2575 3588 1288 1083
4 2734  744 1749  762
4 3218 1838 2365  563
4 4659 1998  570 2023
4 2516 4107 1386 1678
4  503 1829 2304  505
4 3131 1601 3026 3027
4 3544 1959 3619 3370
4 2354 1516 1518 2574
4 2534 1539 4007 1538
4 2439 4132 2797 2440
4 1996 4207 1579 2757
4 1848 2192 2181 3525
4 4269 1216  898 1462
4 4210 2850 1427 2466
4 1783 1780 1781  385
4 2304 1465  219 2303
4 4651 4260 4752 4652
4 1894 1980  865  866
4 1757 1266 3581 3463
4 3382 4184 1295 1296
4 2374 3067 1801 3146
4 1907 4748 4747 2247
4  185 1742 2328  184
4   47   46  307 4605
4  448 3945 1073   55
4 1802 3104 3521  802
4 1698 3854 3905 1904
4 4338 1853 1002 1854
4 2029  547 2383 2031
4  638  635  636 1842
4  455 1029  453  456
4 3370  409 3619 3544
4  778 2985 2984  344
4  990 3751 2200 4085
4 3840  125  127  753
4  319 1444  151 2616
4 1688 1816 1139  332
4 2738 3725 2923 2752
4 3320 3826 4950 1088
4  717   30 2236  715
4 3083 3436  794 3894
4 4155 4154 4033  700
4  228 1482  226 1484
4 2127 4366 4519 3409
4 1851 1289 2402 2717
4 1603 1601 1716  707
4  884 1526  912 2235
4  776 2966 3076  773
4  431  429  430 3514
4 3685 1855 3684 1662
4 1971  261  459 1973
4 2973 3251 3026 4519
4 2965 3731 4327 2276
4 2892 1882 2377 2378
4 3817 2682 2683 2290
4 1863 3148 1864 2171
4 4911 2342 4509 2343
4 2866 4204 2864 2344
4 3456 2513 2514 3990
4 2404 4316  617 4457
4 2786   86 1755 2788
4 2478 4182 2979 2962
4  100  735  838  847
4 3811 4146 3003 4451
4 2402 2394 1289 1851
4  406 4927  404 3041
4 4165 4163 1125 4206
4   98   97 4221 1744
4  570 1998 3801 3919
4 3862 1388  660 1389
4  599 4951  596 1996
4 1547 3327  606 1546
4 4539 4607 3931 3151
4 1960 4278 1959 2060
4 4515 4952 3536 4012
4 3360 2646 1023  355
4 4953 3218 2365  739
4  787 1223  786 3578
4 4227 2888 2887  886
4 2805  489  490 1733
4  775 2026 2240 3076
4 3479 1434 4139 2386
4 1214 2823 2339 2010
4 3681 3680 1448 3589
4  901 1398 1106  883
4 3258 4954  690 1868
4  148  150 1610  539
4   35  358 1897 4930
4  391 1433 1434 1431
4 4770 4303 3264  209
4 2976 4654 4431 3236
4 2075 2905 2076 2906
4 1919 3216 4111 3080
4  956  827 3296  417
4 3101 1985 1987 2374
4  217 2683  216 2681
4 3943 4219  751 4869
4 1093 2670  653 2671
4   62  264 3634  266
4 2268 1533 3140  514
4 2667 4054  886 4227
4  391 3771 1433 1431
4  815  816  818 1218
4  540 4213 1618 3607
4 2228 1149 1150 1151
4 3012  961 4197  567
4  336   22   23  334
4 3584 3416   73   74
4 3429  199  987 1853
4 4206  569 1124 1125
4 3364 1685 3700 1882
4 1825 1621   27 4029
4 1855 3684 3683 3685
4 3919 1998 2299  570
4  813  812 1566 3996
4 3129 2961 2962  393
4 3634 4955 4956 3321
4  147 4896 1382 4957
4 3592 3567  382  780
4 4651 4274 2794 4652
4  502 1912 3317 2045
4  456  454 3594 3823
4 4404 4770 1907  807
4 1077 4684 3348 1076
4  197  196  671  669
4 3508 4150 4148 4569
4  112 3531 1551 3547
4 4504 3565 3685 1608
4 1984  200 2149 4287
4  457 3896 4389 1784
4 4359 2036 1795 2038
4 2004 2591 1090 2001
4 3943 4869 3577 4802
4  521 2241 1717  157
4   40 2331 2434  836
4 1049  489  888 1585
4 4958 4556 1993 1994
4 3833 3796 1675  880
4 4770 4303  209 3247
4 2559 4959 3901 2560
4 2957    3 2141 2955
4 1622  257  258 2022
4 1172 1173 2110 1031
4  108  363 3580  364
4 1910 2974 1178 1908
4 4607   90 3980 3151
4 3992 3994 4103 3567
4 4335  110 2792  519
4  563 1837 1838 2475
4 3923 3924 4266  460
4 2430 1305  951 2431
4 1852 1289 2717 2718
4 1622 1620 1621 3665
4 1271 3145 2374  814
4 4096 3523 3524 4619
4 3079 3481 1670 1122
4 4186 2885   58 2791
4 2027 4865 3506 4721
4 4693 4017  335 3265
4 1114 4960 2596 1115
4  312 3486  985 4811
4 1141 1816 4166 3495
4 4355 2370 4248 3382
4 3058  253 2034 2831
4 1608 3396 3963 1609
4 4310  368 3844  370
4 4961 1446  111 2328
4  551 2939  258 2372
4 2617  628 3634  266
4 3907 4962 3908 2792
4 1987 3030 4640 3821
4 1850 1576 4688 1318
4 2070 2069 1886 3795
4 2107 2536 3109 3970
4 3463 3581 3678 1266
4 3447 1020 1019 1021
4 2212 2213 2215 1630
4 1704 1449 1703  521
4  815  816 1218 1462
4 3024 3670 2899 1497
4  734  452 3547 2765
4 1328 3402 1327 1326
4 1238   18 2536 2875
4 3064 1757 1330 1623
4   13 3698 3476  746
4 1367 3912  213 1918
4 4963 4964 2138 4002
4 3163 4965 3397 3162
4  973 2741  975  364
4 1367 3130 2750 3129
4 2697 4623 4912 4057
4 2004 3184 2001 2002
4 3489 2612 3140 3002
4 1735  732  734 1736
4 3838 1950 3611  583
4 2555  100  102 2556
4  926 1980   23  229
4 3988 3678 2606 3863
4 1861 2374 4843 1801
4 2981 1512 2983   17
4 1419 1418 1014 1013
4 2595 3361 1938 1061
4  556  555 2346  558
4 3547 4756 1549  450
4 1952 3033 2864 2866
4 2969 2010  954  953
4 3769  388 3459  391
4 1452 4143 4887  818
4 2555 4157  822 2556
4 4656 2448 4366 2451
4 4386 3755 1930  510
4 3711 3185 4296  529
4    6 1288 3587 1852
4 2634  415  418 1388
4 2168 2169 2117 1093
4 2080 2079 1750 2081
4 3104 3103 4270 3040
4 1833   56    2 1854
4 1542 4499  409 3723
4  464 3846  790 3380
4 1578 1796 1639 1640
4 3384 3128 3130 3129
4 3251 2154  336 3266
4 3763 1188 2797 2440
4 3500 2943 2793 2686
4  317  149  150  198
4 3886 4895 1196 4347
4 3493 1423   40 4913
4 3476 4200 1031 1172
4  980 2147 2148  320
4  329  328 1341 3057
4  427 3710 4750 3623
4 2197 2734  870  869
4 4507 4471 4280 3450
4  293 3827  295  294
4 4236 4633 3851 2949
4 2658 2656 2192 4192
4 1367 1595 3385 3129
4 2280 2282 2277 2283
4  589 4142 3491 2919
4 1957 2429 2383  549
4 1151 3156 2525 2692
4  511 3138  514 2267
4 3875 3848 3847 1091
4  241  176 4547  175
4  925 2162  924  268
4 4966  160 2938  163
4 1514 2256 1512  403
4 1019 2051  681 1021
4 4542 1929 4580 1928
4 2978  131 2159 3807
4 3506 3405 3451 1397
4 1247 3814  605 2087
4 4777 2593 2595 1061
4 4471 4782 3450  350
4 4782 2411  350  905
4 3074 4609 4568 4569
4  877 4967 2652 4353
4 4609  655  547 3074
4  160 4799 3275 3419
4  409  422 2534 1557
4 2372 1471  744 1748
4 4774 4429 1934 2719
4 2503 1395 1650 1396
4 1310 1238 1242  639
4 4966 3419 4799  160
4  571  574 4132  572
4 1282 3369 2693  987
4 1135 1133 1134 1357
4  566 2475 4968  718
4 1968 4304 4015 3243
4 3872 2509 4209 4969
4  621  619  620   69
4 1449 2792 1704 3589
4  460  458  459 2122
4  855  856  858 1793
4 2587 2589 3306 2588
4 3884 1545  243 4905
4  885  883  884 2235
4 4679 4669 3645 3747
4 3018 4351 1364 1665
4 1665 1364 1166 4090
4  634  633  631 3614
4 2272  774 2270 3636
4 1458 2129 2492 2474
4  558 3303 2346 2459
4   11 1207 1208 1205
4 1214 1364 2337  774
4 1243 1129 2598 2446
4 3621 1503 3986 3010
4  965  710 3144 3149
4 1882 2893 2377 2378
4 2144 4254 4894 3621
4 1827 1826 2035 1825
4 1006 3044 3793 4177
4 1050 2291 3743 1077
4 4340 2673 2157 3863
4 2145 2330 2329 4583
4 2234 3696 3577 3943
4 1905 1195 4558 1197
4  944 3395 3394 2291
4 2681 2682  216 3871
4  601 2702 2624 4294
4 4970 4727 1261 3858
4 2432 2349 3341  945
4 3817 2683 2966 2290
4 2649  804 1176 3350
4 2349 4806 3810  944
4 3467 2993  158  159
4 1390 1388 3862 1389
4  369  667 4213 1619
4 4971 4584 2922 1969
4 3624 4953 4169 1374
4 1279 1053 1052 1281
4 3097 4049 3167 4853
4 1787 1804 1456  177
4 4364 3706 2481 3707
4 3688 2479 2453  652
4 1808 4972 4369 4904
4 3045  458 4336  460
4  185 2327  183 2328
4 3160 3838 1865 3839
4 4844 4035 2462 2080
4 1623 2423  526 3065
4 3544 1959 4047 4278
4 3382 4184 1761 2006
4 4863 1420 4659 1998
4 2173 3996 2906 2375
4 1285 4554 1835 4553
4 1730 3540 3539 4973
4 2643 1551 3210  614
4  265  626  628  266
4 3377 1621  588 4786
4 1439 2762 3205 1147
4 2762 2561 3202  598
4 3268 3525 2180 2181
4 1896  356  530 2047
4 1478 1605 1042 1695
4 3388 2448 2127 3409
4  266  265  626  264
4 2973  865  491 1587
4 3185 3184 2736  529
4 4808 4809 4454 3811
4 3858 4727 4726 4970
4 3547 2927  452  450
4 1946 2253  412 1945
4 4974 4863 1258 1998
4  704 1803 2342 3498
4 2004 1089 2003 2641
4  807 3632 1176  804
4 2491 4375 2627 4975
4 1267 3320 2952 2953
4 3254  289 4682 1311
4  877 4036 2652  875
4 1038 1278 1039  308
4  770  577  279  277
4 1525 1523 1623 3083
4 4213 4212 3474 4773
4  291 2579 2844  292
4 3851 4158 4503 4711
4 1115 2597 1114 4976
4 3489 3138 3990 2267
4 1935 4777 1936 1856
4 2582 2583 4306 4884
4 1565 3996  812 1986
4 2567  434 1104 1670
4  423  270 4859 3689
4 1654 1431 1434 4685
4 2234 1122 1104 1106
4 2226 3898 2849 3097
4  498 4977  496 2935
4 2166 2165 3669 3445
4 2549 4181 2489 2626
4 1536 1537 1501  321
4 1566  812 1565 3996
4  108  297 1830 3086
4 1374  582 4169 3624
4  910 2544 2542 3724
4 3724 2544 4616  910
4 3760 2849 3167 3245
4 1917  513 1779 1190
4 4978 4899 3073  426
4 1704  522 2792  521
4 4382  504 3513 1829
4 1063  282 1061 2987
4  116 4004   65  113
4 1781 1783 2385 3220
4   39 1547   37   38
4  163  161  809 3549
4 3935 3195  827  417
4 4012 3536  677  496
4   52 4417  680  682
4 2977 4435 1098 1556
4 3588 1993 1180 4556
4 3094 3493 3092 1302
4 3222 1636 4778  305
4 3925  925 3358 2161
4  422 1885 1393  419
4 2706 2273 1864 4827
4  215 4859 1387 1639
4 1065  971 1619 3999
4 1318  798 1317 1480
4 1180 3866 4063 3588
4 1948 2332 3479  384
4 2365 1372 1374  739
4 2551 4084   47 4605
4 2042  858 4652 2084
4 3624 4953 1374  739
4 2582 2003 4108 1089
4 2792  110 1449  519
4 4334 4536 2035 3108
4 4442 4352 2809 1916
4 4298 4541  983 3601
4  503 3844 2525 2524
4  418 3738 3862 4021
4  189  187  870  989
4 4094 4081 1144 4979
4 3679 4551 3907 3589
4 4835 4819  522 1717
4 2277  226 2282 1482
4 2140 1707 4980 2141
4  650 1023 2169 2117
4 4981 4444 2599  531
4 3035 3904 1762  147
4  375 1850 1994 1080
4 3369 2693  987 1570
4 2127 2128 2450 2448
4  818 4887  817 2465
4 1883  843 2948  844
4 2954 2693 2141 2957
4  221  600  220  274
4 3373 3024 3670 2899
4  539 3763 1610  148
4  701 2188 2565 1925
4  654 4115 4780  655
4 2373 2152  240  238
4 1366 1735  734 1736
4  886 1732 2667   29
4 2075 2076 1629 1630
4 1739 4200 2785 2493
4 1116 2558 3901 3900
4 2299 2182 1916 2809
4 3873 2681 3382 1902
4 3719 4364  311 1923
4 4898 3790 2040 2041
4 2220 2052 1588 3799
4  472 1812 2126 2092
4 1229 4127 1232 2690
4 2413 2151 2414 4021
4 1531 2891 1006 4478
4 2335 3928  152 2333
4  954 2312 4129 2313
4   19   16   17 4668
4 1237  672 4264 1078
4 3078 3614  634 4397
4 1307 3453 3116 4439
4 1810 4305 3244 4304
4  344  779 1020 1021
4 2232  834 4055 3688
4 1383 3747 2857 3643
4 4863 1421 1420 1419
4 1440   31 1103 1442
4  952  194  196 2010
4 3201 3530  825 1011
4  375 2102 1850  373
4  791 2783 1396 2782
4 3616 1673 2011 1672
4  188  186 2610 4288
4  817 2465 4887 2288
4 2947 2027 3507 2940
4 1816 3399  575  332
4 2267 3138 4237  511
4  427 4982 3733 4160
4 2579 1951 2844 3034
4 4880   34   33 1468
4  102 2356  847  848
4  257 3666 2175 4917
4 2946 3590 2311 2995
4 1545  176 1399  175
4 1968 4015 1967 3778
4   84  921 2160  771
4 3917 4725 1537   36
4  954 2008 2312  953
4 3839 3838 3159 3160
4 3116 4700 1073 4439
4 1248  217 3463 3084
4 3507 4781 4877 2994
4  219 4256 1464 4698
4 1614  995 2948 1719
4 2279 4983 3016 4563
4 1103 1440   94  864
4 1402 1404 4430 1405
4 2592 1656 1657 1658
4  325 3253  322 2073
4 3137 4468 4763 3136
4   47 3425 1037   45
4 2337  774  929 2868
4 3902  677  911  678
4  530  528 2199  357
4 3197  309 3019  312
4 4027 2321 1173 4868
4  895  667  572  508
4 3429 4080 4299 3781
4 4182 2979 3912 2478
4 2823 1524 1672 1525
4 2453 2993 2452  745
4 4118 3170  492 4120
4 1408  589 1841 3377
4 3097 3095 4853 3096
4 4863 1999 1258 1998
4 2592 1594 2356  847
4 4109 2573 1713 1601
4 2273 1864 2171 2706
4 2590  528  529 2004
4 3383 3800 1418 1014
4 3116 3945 1073 4700
4  755 1887 4520 3322
4  805  806 1518 1920
4  582 4169 2622 1374
4 2090 1204 1335 2038
4 3095 4853 4049 3097
4 2001 2641 3876 1090
4 3322 3324  755  756
4 3106 2628 2032 2035
4 1242 1309 4467 1625
4 3046 3661 2722 3767
4 1204 2619 1862 2703
4  729 3571 4245 2071
4 1757 1592 3581 1316
4 3757  563 2138  565
4 3012 2807 2809 4197
4  981 1898  199  320
4 2943 2792 2686 2942
4 1075 4061 1077 2291
4  296 4713 2779 3956
4 1580 4207 4531 1582
4 2829 3863 2422 2827
4 3967 2500 2047  687
4 2577 3970 4099 3109
4 3577 3695 3696 4549
4 2977 1915 1098 4435
4 3944  232 1331  305
4 1090 3876 2591 4128
4  936 2520 1802 3521
4 2698 2391 2272 3817
4  406 3520  383  382
4 3160 1976 1977 3158
4 3523 3524 4619 4509
4 2633  203 1881 2555
4 1918 1190 2208 1191
4 2145 4433 4582 4583
4 2383 4438  547 2029
4 1522 3636  774 2868
4   72 2804 4193 4984
4 2051 2049 2050 2435
4 4590 4589 1105 1213
4  941 4719 4769 4768
4 1984 4287 3685 4505
4 1277 1781 1278  385
4  924  314 1338 2550
4 2264 3133 2739 2263
4 2687 3482 3667 4985
4 2938 3486 3487 4966
4 4635 4209 3872 3649
4  681 1877 1878 2858
4  927  926  478  866
4 1609 3396 3162 1606
4  419  691  693 3470
4 2713 1939  347 4738
4 1486 3332 1488 2525
4  495 4977  496  498
4  881  168 1266 3581
4 2130 3951 3282 2128
4  510 4883  572 4916
4  729  800 3104 3828
4 1200  698 4730  699
4 3808 2766 4986  326
4 1367 1595 2478 1596
4 1946 4829 2252 4742
4  208 1427  206 1425
4 2175  551 3046  257
4 2989 1294 3403 4987
4 2493 4200 2785 3476
4 1098 1915  764 1095
4 3551 3506 2825 1397
4  659 1539 2060  410
4  991 2200  990  239
4 1172 2453 2452  745
4 2796 4988 2795 4989
4 1148 3553 3434 1413
4 2951 3286 3773 2621
4 1925 3653 2188 2351
4 2716 4127 1232 2718
4  188 2734  870 2197
4  865 1980  863  866
4  415 3010 3861 1388
4 4444  531 1177 2601
4  111 3784 4961 4990
4 4385 3232 2892 4028
4 4922 4991 2693 1571
4  763 3668 2300  351
4 1326 3402 1394 1328
4   29   31 1103  886
4 2183 4859 1387  215
4  501 2045 3317 3078
4  825 1519 1520 4067
4 1640 1639 1578  747
4 2399 2400 3703 3450
4 1947 1945  411 2672
4 1160 1774 1143 4292
4  250 3060 2817 3737
4 1235 2849 3167 1236
4 2446 1115 2598 1243
4 4004 2078  116 3750
4 2018 1198 2016 1200
4 2410 3359 3668 3786
4 2094 3573 2645  513
4 3737 3060 2296  249
4 1639 2626  270  424
4 4081 3413 1142 1159
4 4358 4301 4303 4302
4 2938  310 4224 3488
4 3030 4860 1271 1274
4  463 1493 2158 4821
4  178  738  241 1475
4 4992  982 4812  808
4  629 2493 1738  270
4  588 1827 3108 4786
4 2474 2332 2335  386
4 2823 2940 2948  757
4 2513 3456 2515 3002
4  163 3419 3549 4992
4  808 4219 4812 3548
4  145 4052  146 4765
4 3079 2445 3168 3182
4 3205 3203 2455 4232
4 2716 4127  326 2690
4  475 3850  476  478
4 1567  798  173  174
4 2050 2984 4874 2985
4  206 1798 1879 1375
4 2440 1188 2797 4131
4 2188  699  701 3906
4 4825 4993 2536 1429
4 1631 3631 1102 3849
4   58  426 3733 2791
4 3371  173  174  171
4  757 2010  197  194
4 1080 1083 1850 1994
4 4057 3991 3235 2697
4 1265   25 2197 2939
4 4852  666 4862 1339
4 2966 2991 2271  776
4 3023 3193 1961 2812
4 1138 2838 1103 1442
4 1177 4201 4855 4444
4 2976 4431 2800 3236
4 1011 3528 1419 1013
4 1405  528 2199 1269
4 3627   40   42 3871
4 4515 4313 2800  348
4 4028  239 2830 1304
4 3101 1801  342 1020
4 3999 3474 4213 4876
4 2114 2113 2111  376
4 1031 2320 1173 4743
4 2893 3177 1882 1696
4 1399  856 1400 1401
4 2415 3861  416 4437
4 1185 2126 1316 1553
4 2235  674  885  913
4 2118 4697 2480 4864
4 1942 1776 1779 1777
4 3577 1212 3696 2234
4  968  662  967  820
4 1323 1102  954 2258
4  336 2153 2154 3251
4 3910 4562 1288 4481
4 1697 1942 1532  708
4 2713 2124 1939 4739
4 4862  663 4208  545
4  545 4208 2379 1692
4  248 1016 1017  246
4    7 4063 3039 3866
4 1063 3613 2987 3612
4 3935 3194 4409 3195
4 2509 3167 2517 4994
4 3362 3433  673 2457
4 3920 4461 2092 1812
4  696 1576 2103 1574
4  207 2621 1879 2000
4 1770 2843 1769 1953
4 1235 2517 1233 3167
4 1963 1961 1846 1962
4 4404 1460 2161 3925
4 2666 2665 1479 2664
4 3271  267 1465  220
4 1041 4406 1477 1043
4 2738 2739 2264 4126
4 1867  997 1143 1974
4 3646  948  486 3354
4 2613  294 2900 2515
4 4682 3011 1308 1311
4  484  483 3151 3331
4 3491 3376 3377  589
4 3057  328 2659 1743
4 1572  575 1141 2316
4  888  886  887  864
4 2445 3033 1667 3481
4  494  103  620  621
4 1057  274 1030 1028
4 3379 1221 4878 4995
4  201 3163 1854 3397
4 1116 1114 4960 4944
4  572 4916 4883 3464
4 2771 2773 4653  637
4 2068 1249 1524 2065
4  772 3497 4098 3190
4 1633 3323  195 1634
4 1507 2205 1060 1508
4  678  910  696  909
4   79    9   10   77
4 3494 1231 1944 1232
4 2199  356 1405 4572
4 3560  274  276  803
4 1753 1303 1750 1301
4  910 1392  676 1393
4  249   10 1208 2220
4   15 3410  467 1635
4 1580 4531 3055 1582
4 3872 3167 2509 4994
4  713  819 1943  711
4  275  385 1216 3594
4  561  562  925 1602
4 3984 2956 2955 2957
4   13 1635  470 3698
4  891 3005 1872 4678
4 3471 3003 1718 3743
4 2220 3799 1588  872
4 3508 4615 4150 4701
4 2349  235  793 3890
4 2742  363 3580  901
4 1574  695 2103  696
4 3059 1992 3060 1241
4  583 1950 1374  582
4 4987 3404 3403 2989
4 3132 4772 4390  593
4 2534 4007 4008 1554
4 4862 4208  546  545
4  978  976  979 2404
4 4926 4567  919 2160
4 1984 4504 4677 4505
4  547 3073  655 2030
4 3733 3735 4982 4996
4 1667  975 3481 3034
4  173 1340  798 1567
4 4391  390 3459 2334
4 2114 4086 2603 2112
4 3294 4065 3296  417
4 2703 4083 1862 1864
4 4421 2213 1566 4120
4 1471 2569 2618  742
4 2079 1750 1752 1753
4  178 2545  738 1475
4  724 1137  874 1590
4 1293  228  229 3273
4 3190  103  620  771
4  739 2365  563 3218
4 4593 3982 4475 3342
4 2334 2333 2332 4506
4 3119 1656 3738 2934
4 3763 1188 2440  542
4 3768 3766  552 3641
4 4061 1077 2291 1050
4 2902  133 2903 2904
4 4040 4997 1545 3580
4 3688 2617 4108 3689
4   43   40 3094 1683
4 3829 1850 2103 1849
4 2674 1860 1861 3447
4  741 2284 2618 1495
4  374 2102 4998 2103
4 4454 4146 3261 2005
4 1066  368 3844 4310
4  330  278  332  280
4 4153 4970 1261 3858
4 4634 2458 4999 3885
4 2525 2524 3844  369
4  717  714 3214  716
4 3025 3338 3745 1383
4 1988 3030  812 1986
4 2271 2681 2683 3083
4 1791 3462 3955 3084
4 1696  689  559 3177
4  641 1141 1572  575
4 4395 1819  965  967
4 1039  152 1278  153
4 4186   56   58 1002
4 3149  710  712  965
4  983 3317  985 3601
4 1692 1691 2379  545
4 1692 4512 2645 2094
4 2649 3535 4902 4901
4  405  380  382  383
4 2197 2734 2939  188
4 1670  434 1104 1122
4  878 2987 3858 5000
4 3884 5001 3539  107
4 3769 4514 3771 3770
4 1252 1774 1143 1160
4  726 4817 4690  725
4  878 2986 5000 3874
4  913 1146  675  674
4  116   65 1032  113
4 3321 3155 1267  630
4 2141 2954 2955 4051
4 4360 3936  814 5002
4 4990 4543 1448 3023
4 1241 2586 3059 3550
4 2345 1269 1270 2490
4  415 4894  829 3621
4 2477 2979 2478  666
4 2718 2402 2717 4127
4 4944 4263 4960 1116
4 4880 1468   35 2758
4 1462 1461  897 4269
4 2107 4888 2115 2106
4 1303   40 2233 3094
4 4409 3663 4699 3195
4 4285 4661 4660  497
4 1854 4338 3397 4724
4 4448  314  939 2550
4 1630 2076 1629 1627
4 2640 2639  781 4793
4 1934 1852 4429 1286
4 4110 3912  666  664
4  711 4240 4484 3063
4  756  197 4189 4914
4  737 4787 3762 2073
4  494 2151 2373  771
4 1159  668  196  832
4 2431 2034 4536 4535
4  696 2543 4392 2723
4 2872 2873 2874  991
4 4028 2830 2974 1304
4 4190 4694 3135 1550
4   29 2888 5003 4227
4  696 4379  694 1573
4 1928  507  276  275
4 3647 3107 3106 3108
4 3023 2812 1961  111
4  905 2411  350 2388
4 4131 1186 1188 2797
4 2184  316 3649 2187
4 2015 4702 2012 2013
4 1021 2050  344 2051
4 4597 4800 1429 1129
4 1815 3576 1814 1642
4  753  751 3943 4219
4 3948 2541 3886 3472
4 2683 2271 2272 2966
4 1480  798 1317  174
4  956 3316  958 2633
4 3472 3473  690 1869
4 1249 2065 2359 2867
4  272  273 2490 2491
4 4990 3680  111 1448
4 3995 3142 3144 3143
4 3679 3907 2327 4335
4  834 1303   40 2233
4 4519 2014 4366 3131
4   19 1511 2498 4668
4 3830 4937 4998  374
4 2719 3959 4774 2119
4 2669 1809 1808 3007
4  953 2967 4627  955
4 2482 1363 4449 3020
4 3062 1515 2833 3125
4 1630 3962 2076 1627
4 5004 2688 1229 2690
4 1871 2602  254 2603
4 3509 2231 3052  881
4  938 1367 2358 1191
4 1405 1404  356 4087
4 2207 2208 2358  213
4  880 3796 1203 3833
4 4666  759 4163  761
4 2076 3962 3013 3961
4 4195 4762 4102 4791
4 4108 2582 2523 3906
4 2868 4871 2337 2338
4 4421 5005 3962 2213
4 4414 3073  655  547
4 1387 1639 4859  424
4 3688  834 2993  835
4 4067 3530  823  825
4  686 4594 4947 4595
4 5006 4452 4451 4146
4 2658 2709 2832 3289
4  414 1107  247 1209
4 1952 3033 2866 3481
4 2040 1759 1761 2042
4 2274 2964 2441  537
4 1521  919  918  921
4 2729 3963 3566 1608
4  273 2549 2877 4943
4  719 3330  565  566
4  256  551 2372  762
4  443 4118 3170  492
4 4814 4525  277  770
4 2927  122 2266 2926
4 1713 4514 2572 4497
4 3630  454 3594  456
4 2712 2711 2713 4522
4 3577 4549 1212 4803
4 1718  887 1656 3743
4 1593 2552  793 3340
4 4815 4047 2977 2755
4  589 3491 3376 2919
4 2224 1456 1108 1107
4 2656 2192  765 2658
4 1184 1316 1594 1592
4  942 3682 3185 4592
4  211  210 2208  213
4 1143  996 4094  997
4 4196 4762 4249 4102
4  320  981 1898  318
4 3779 4637 2332 1039
4  850 4458 4141  421
4  835  834  833 3688
4 2617  629 1359 3689
4 2809 2806 4352 4442
4  783 2548  438  273
4 4439 1073 3116 1307
4  320  199  200  198
4  575 3398 5007  576
4 2989 4865 4371 4987
4 2316 3545 3399  575
4 3082 1807 2204 1487
4 1515 1516 1518 3062
4 1423 2331 2319 2434
4 3258 1858 3700 4428
4 3999 1618 1619 4213
4 1883  916 1025 1027
4  832  831  196 1159
4  792  236 2506 2504
4 2948  995  843 3591
4 3064 3761 4872 2066
4 3874 5008 5000 3858
4 3625 3626 4563 3627
4 2775 1264 2088 2089
4 3450 4471 3449 4317
4 2004 2641 2003 2001
4  618 2181 2194  763
4  125  752  127  753
4 1546 3327 5009 1547
4  384 1781  152 1277
4 1631 1632 4342 1633
4 4626 1101 4315  955
4 2946 3591  995 2948
4 4385 1978 2152 2375
4 1581 2223 1582 1889
4 1510 4947 2255 2981
4  635 1685 1882  533
4  891 2248 2249 3349
4  206 2951 3764 1797
4 4768 4719 2257  941
4  739  564 1372 1373
4 3543 3542 2282 3145
4  470 2784 2493 4942
4  991 3741 2874 2872
4 2287 2465 4210 1427
4 2534  420 4007 1554
4 1437  625  627  733
4 4648 2593 4223 1063
4 1332  507  220  508
4 4859 1895 1438 2183
4 4593 4475 1763 3342
4 3125 1515 4402 3062
4  952  194 3324 1634
4 2213 5005 2214 4421
4 2868 2339  774 1522
4 3742 5010 2872 4018
4  510 4540 4883 1929
4 2258 4627 4315  955
4  529  530 2500  942
4 1382 4751 1381 4957
4 4355 4184 2370 3382
4  545  663  543 4862
4 3532 4691 3562 2233
4 1816 4166 1139 1141
4 1997 5011 2419 1413
4 2957 4708    2    0
4 1401 1398 1399  883
4 2036 2619 1204 1335
4 2633  202 1881  203
4  344 1244 1246 1247
4  993 2996 2946 2825
4 2183 4859  215  216
4 2301 2734  744 1749
4 1605 1042 1695 1043
4  208 4211 2907 4837
4 1927 2583 1921  701
4 2343 4509 1596 2342
4 3886 1869  689 3909
4 1021 1020  344 1860
4  229 3265   23  333
4  320 4250  980  318
4 3760  544 2226 3245
4 2412  287 3365  643
4 1072  448 1073   55
4 4027 3547 1736  451
4 2146 4707 3077 5012
4 3734 4615 4331 3733
4 2072 3384  535 3385
4 2743 1308 1651 1311
4  963 3421  962  567
4  955 2967 4627 4628
4 1049 1048 1047 1046
4  141 1981 1934 4481
4 2275 3104  802 3099
4 2671 4432  120  653
4 1385 2757 1384 2758
4 2592 2376 2356 1587
4 1118 1992 3060 2296
4 4584 4585 4723 2517
4 2253  673 2254 3816
4 1529 1528 4447 1531
4 2957 2954 2693 4180
4 1696 1698  689 3177
4  148 1151 1619 2692
4 1896 2499 1439 2559
4  700 4154  698 3311
4 3523 4910 5013 4619
4 1127 1126 1701 1129
4 2687 3500 2943 3677
4  566  718 4968 4581
4  616 1260 2299 2300
4 3935  416 3195  417
4  678 3903 4392 4820
4 3496 1379 1894  866
4 3050 2206 2860 4582
4 2822 2821 1874 4354
4 1923 3720  340 3719
4  843 1086 3591 1886
4 3476 1031 1346 1172
4 2459 4634 4921 2460
4 1776 4502 1194 1532
4  128 1412  752 1410
4 1737 2493 1738 1739
4 3131   73 3881 3132
4 4194 4249 3224 4195
4  203 2892  205 2377
4 4232 3552 2455 3554
4 3611 3608  785 4363
4 1704 4551 4962 4737
4 1440 3430 3120 3756
4   43 3092 1162 3765
4 1570 2693  987 1569
4 1539 2060  410 2534
4 2438 4276 1705  542
4 2777 2520 3332 1152
4 2186  316 1655 4733
4 2894 1765 2278   37
4 4854 2323 1881 3820
4  415  829 3620 3621
4  167  644 4318  165
4 1680 1682 2697 1649
4  328 4222 3411 2547
4 2432 1586 1657 2592
4  491 1732  490  489
4 2144  956  415  958
4  115 4906 2795 4988
4 5014 1707  541  542
4 4416 3640 4856 2610
4 3054 1580 3055 1582
4  727 3637 5015 3276
4 2278 2277 1857   38
4 3861  416  415 3862
4 1970  622  623 2211
4 1619 1151  368  369
4 3183 2568 1104  634
4 3516 4434   67 2528
4 3698 1635  470 1796
4  245  997  996 1867
4 3454 3213  949  950
4  950  488 2680  487
4 4372 1294 2028 2989
4 3105 3828 3104 3103
4  400 4308  499  403
4 2278 1857  321   38
4 1795 2037 1794 2038
4 1082 1080 1083 1850
4 1634  195  194 3740
4 1371 1727  554 4237
4  859 4396 3189 3078
4 2540 4902 2600 4271
4 1205 4480 1208   11
4  727 2351  726 4817
4 3057 4655 4736 2546
4 2035 3647 4536 5016
4  352 2732  349 2390
4 1686 3249  638 1687
4 1261 4583 4970 4153
4 3378 2049 1878 2051
4 2529 4806 2552 2349
4  752 1410 1411 3989
4 3084 1592  217 1757
4 2182 3541 4722 4352
4 2661 2660 1258 4974
4  963 3012 2299  570
4  384 1781 2385 3220
4 2994 4877 3507 2825
4 1749 1748  744 1747
4  239 1825 1938  187
4 2291 3394 1074 1075
4  266 3634  630 3633
4  729 1149  799 3571
4 3448 2399 2397 3114
4 4003  708  561 1190
4 1036 4931 4123 1035
4 1802 3104 3520 3521
4 3131 2014 3897 4519
4 2935 2819  496  498
4 4076 3434 2780 1148
4  897 3212 4939 4269
4 2443  810 3250  879
4 4404  806  807 1171
4 4654 4431 2800 2976
4  542 2438  540 5014
4 4180 2954 2956 2957
4 4577 2959 4578  532
4 1219   86  446  492
4 1662 3685  383 1664
4  849 3987  421  410
4 4509 5013 4619 3523
4 3158 3157 4516 1774
4   14 4529 2835 2321
4  493 3996 2213  494
4 5014  541 3953  540
4 1787 1804 4485 1456
4  540 2438 3465 5014
4 1055 1186 4576 4703
4 3067 3691 3146 4479
4 1536   38   36  321
4  520  521 1718 1390
4  729 1152 3521  802
4 1809 1808 1810 2669
4 3592  780 3520  148
4  328 2684 1744 1745
4 3337 1981 1112 1832
4  691 4660  692  497
4 2358 1367 2208 1191
4  290 2580  974 2368
4 1450 1447 2081 2079
4 5012 4707 2330 2146
4 1020 1801 4843 2604
4 2149  200  320 2147
4 3770 2572 2573 1713
4  989  239 1938  187
4 2440  667  572  895
4 5011 3553 2419 1148
4  645 3450 3703 4507
4  754 1086 1085 1087
4  510  572  573  667
4  290 2580 2579  974
4 3730 3520  705 1802
4 2960 2772 2679 2918
4  129  131 2159  132
4  296 3956 2668 4596
4 2615 3072 4137 4324
4 3764  206  208  209
4 1713 1601 2573 3770
4  931 4552  929 5017
4 2882 1141 2296 1140
4 3082 1488 2204 3332
4 3477 4095 3426 1653
4 1386 4107 2037 1678
4 1392 1679 3492 1557
4 4449 3527 4108 2350
4 4941 2754 3836 3580
4 4815  758 4278 4047
4 2509 1714 3878 1715
4  427  425   58 3623
4 1036 1565 3031 1033
4 4534 3059 3060 1241
4 3662 4772 4390 3132
4 4027 4026 4557 4867
4 1577 4200 1491 1739
4 2158 1492  463 2829
4 2518 5018 1235 1969
4  891 4678 3349 3004
4  640 1141 2296  641
4 4604 2246 3115 3945
4 4949 4143 5019 2466
4 1997 1413 1414 1415
4 2627 4375 1385 1279
4 2442 3250 4449 2950
4 4591  362 2260  361
4 2064 1768 2044   19
4 2532 2812 1961 2949
4  163 3548  808 4992
4 1745 1743 3668 3786
4  730 4245  729 3828
4 4931 4123 4350 1036
4 2975 1882 2893  533
4  342 1020  344  779
4 2051  779  344 1021
4  293  295 4713  296
4 3424   22 2153  336
4 2373 3663 2917 3946
4 1357 1572 1457 1949
4 2824 2823 2339 1214
4 1957 4275 4234 2669
4 2674 1244  605  606
4 5016 2034 4536 2035
4 1719 1614  995  236
4  542 1707 1606 1705
4  162  161  160 2352
4 1970  622  474  479
4 2373  240  772 3435
4 3034  975  974 2581
4 4746 4590 4790 3696
4 2067 1524 2068 3065
4  397 2837  396  398
4 2412  643 3365 4059
4 1085 2292  754 1312
4 2140 1707 1606  539
4 5021 4113 5020 1447
4  495 4661 5022  497
4  627 1436  628   63
4 3756 3121 3120 1442
4 2246 4747 1175 4358
4 3304 4876 3474 3999
4 3641 1417 3656 3642
4 1860 2674 1244 1021
4 1252 1253 1166  414
4 1119 3644 1118  721
4  532 2959 2773 4577
4  695 1576 2103  696
4 1592 3436  794 3083
4   94   92 4325   93
4  502  810 3250 2443
4 1248 1791 3462 1250
4  173  764  765 1097
4 2390 5023 2732  349
4 3679 2326  111 4335
4  652  650  117 2479
4   44   46  307   47
4 3585 4646 2014 4366
4  422  676 3444 1392
4 3820 2412 2410  645
4 3988 4205 4339 3941
4  292  291 2579  290
4 4268  807 2649  804
4 2978  131 4183 3221
4  662 3986 2835 4529
4 1699 1533 2269 1697
4 2989 2027 2028 4371
4  897 4269 4939 1324
4 2208 1190 1708 1191
4 3313 3719 4009  311
4 4094 4229 1144  997
4  989  284 3113 2874
4 2208  213 1917 1918
4 3146 3325 2281 3147
4 3452  852  900  288
4 1827 3661 3046 3660
4  225  222 4347 3173
4 2523 2479 2617 3688
4 2283 3146 2055 3638
4 3765 3016 1162   43
4  630 1267 3634 1088
4 1996 1579 1997 2757
4 4488 4710 1399 1400
4 1120 1117 1118 4241
4  636 1859  534 2773
4 1277  152 1278 1781
4  602 4074 3401 2623
4 3741 1262   65   64
4 2540 4271 3949 1154
4 2920 3353  587  588
4 4293 1309 3557 1310
4 1664 3685 2149 1662
4  905 4599 3249 2217
4 1814 1642 3576 3180
4  395 2478 3129 1595
4 1159 3413  668  832
4 3755 4220 4540 4386
4  762 2587 1497  741
4 2841 4524  916  474
4 3776 2188  699 2017
4 3565 3567 3685 1608
4 4160 4159 4982 3733
4 1063 2593 1061 4648
4 3020  311 2481 3526
4 3463 3678 3519 1266
4 4510 4575  785 1210
4 3109 3290 2105 3970
4  168 3581 3052 3053
4  171 1097 1096 3371
4 1975 1866 1865 1867
4 5024 3383 3618 1014
4 2578 2870 2869 2576
4 4230 2223 1582 1384
4  213 3334 3130 2207
4 2849 3167 3245 3097
4  805 4760 2815 2816
4  650 1094  651 1093
4 1317 3444  910 1392
4 1953 2497 1769 1768
4  866  926 1980  863
4 3085  453 1030  456
4 2119  822 2556 3053
4  713 4565 4240 2707
4  185 3221  182  183
4 2101  906 1408 2216
4 4617 4119 1566 4120
4 4933 3767 3046  552
4 2169 4822 1023 4332
4 1873 3299 3005 1717
4 2272 1249 1251 3636
4  156 2433 3357  592
4 4744 4745  971 3999
4 4828 3572  512 1532
4 3101  379 2114 2111
4 3236 4401 2726 2976
4 2812  841 1446 2811
4 3147 4479 1272 3145
4   72  945 1586 1585
4 4221 3316 2684 2770
4  713 3211 3971 3697
4 3221  131  182 2978
4 1581 3272 1997 1415
4 3302 3303 2346 1807
4 2574 1516 4945 2354
4 2707 2768 5004 2690
4 1924 4463 1363 1360
4 3494 5004 1229 2690
4  479 1233  480 1970
4  732 2453 4200 1491
4 1262 1298 4632 4642
4 3087 1792 4487 1793
4 1240 4792 1117 1119
4  399 1620  396 4491
4 2154 2129 2492 1459
4 4086 2200  990  991
4  652  118 2670 4663
4  707  706  708  102
4 2978 3221 4183 4486
4 1178 2680 3694 1175
4 2344 3318 1953 1768
4 1066 2227  151 3939
4   72 4984 3416 3417
4 3131 3881 1601 3132
4 1240 1117 1239 1118
4 1823 1373  788  566
4 2062 2003 2582 1089
4  846 3455   80 3457
4 3999 3501 4745 4876
4 3901 2558 4263 2561
4 3917 1537 3918   36
4 3518 5019 2466 1057
4 2690 5004 2689 2768
4 2224  857  885 1108
4 3428 3702 2512 2515
4 2730 2732  349  352
4 2560 2558 4959 3901
4 3324 4253  952 4846
4 2215 4706 2212 5025
4  981 1898 4300  199
4 2904  119  652 4663
4 4352 4807 2182 1916
4 2508 2924 2921 4723
4 2771 2918 2772  637
4 1538 1539  410 2534
4 4003  225 1942 1190
4 3546 4567 2160 3172
4 2344 1952 2864 2866
4 2534 4008 4246 1554
4 4040 4997 4905 1545
4 2233 3532 4691 4844
4 4867 2321 1173 4027
4 2075 3824 2293 2294
4 4837 1425 2907  208
4 2048  359 2047  356
4 4522 1230 4127 2712
4 1602  925 3925  562
4 3781  981 4299  199
4  713 4565 3972 3971
4 4992 3548 3549  163
4 1285 4555 5026 4554
4 2697 4511  459 3940
4 4109  316 3649 3175
4  671 3413 3412 5027
4 4973  107 3086 3539
4 3406 1220 4405  104
4 2413 3420 2415 4190
4 4055 2080 2903 1447
4   78 3539 2744  250
4 1949 1134  787 1133
4 1192 1691 2379 1692
4 1796  468  469 1795
4 4190 3134 3135 4272
4 2299 2182 3012  963
4 3472 2541 2540 3949
4 1419 2661  823 3089
4 3472 3948 2541 3949
4 2289 2000 3918  817
4 3121 4323  478 1442
4 1584 1583 4104  244
4 1358 1645 1253 1069
4 2708 1743 2832 1745
4 2770  822 2685  327
4 4275 5028 4234 2669
4 2335 4513  152 3928
4 2291 1074 1077 1075
4 2362 2481 3020 3019
4  294  293 3827 2611
4 4419  143 2120 3329
4 3147 1272 3543 3145
4 1286 1932 4429 1934
4 3074  655  547 4414
4 1677 1863 1862 2715
4 2716 1944  822 2719
4 1183 1315 1316 1185
4 4526 4814 4525  277
4 1438 2499 1439 1896
4 3355 3356 3187 1630
4 1011 1012 4492 4938
4 2241  158 2082  157
4  629  271  630 1359
4 1699  102 2269 2554
4 1699 1533 3278 2554
4 1396 2783 3889 2505
4 4069 1769   18   19
4 4519 4366 3026 3131
4 1429 4993 1430 4825
4 2906 1978 1894 2173
4 1284   56 1285   59
4 3364 3700 3177 1882
4 2598 1689 4121 1688
4  399  397 4070 4491
4 1656  864 3215 2934
4  603  601  602 3288
4 1811 4370 1225 4544
4  112 3420 1174 1389
4 2038 1794 1796 2037
4 2657 2656 4736 2659
4 2349  235 2348 1593
4 2225 2096  313 4862
4 3101 2602  342  367
4 4740 5029  727  728
4 1256 2240 4094 4229
4  932 4377 1005 2889
4 1769   18 1310 1079
4 3351 1459 1909 1910
4 2427 5030 2428  549
4  491 1585  865  864
4 2520 3156 1152 3521
4 2214 4118  492 4120
4 3053  822 2556 2555
4  587 2960  589 1841
4 4240 3494 1231 1944
4 1323 1320 2325 1158
4 5031 4493 2058 3619
4  645 3703  167  644
4 1564 4349 1565 3031
4   56   57 5032  988
4 4808 4453 2317 4454
4  972  151  971  150
4 4297 4294 3560  276
4 3167 4853 4585 4994
4  432 1840 5033  433
4 2421 5034 3054 1889
4 3942 4205 4731 3519
4 2505 2504  234  792
4 2342 3498 1803 4521
4  309 3019  311 2481
4 3563  731  733 1995
4   82  324 3372  323
4 3471 3339 4454 3810
4 3509 1204 2516 1202
4  533 3700 3258 1858
4 3900 3899 4959 3901
4 1757 1592 1553 3084
4 1450 1447 1448 5035
4 3053  712 2171 2119
4  874  872  873 4214
4 3815 4491 1620  399
4 4281  643  644  645
4 3534 1751 4034 1752
4 2657 4736 2972 2659
4 1889 2421 5034 3319
4 3121 1441  478 3496
4 2371 2488  791 1328
4  712 2171 3052 3053
4 3820  287 3587 4854
4  744 2569 1471  742
4  879  810 1913 2443
4 3646  486 3353 3354
4 2539 1176  807 1178
4 2578 2576 2869 2577
4 1177 4341 1176 2247
4 2975 3301 2539 1178
4 3251 1980 1979 3266
4 1180 1083 3588 2575
4  157 1717 1718 4146
4 2523 2617 4108 3688
4 2200 4909 3751 3058
4  295 4596 4713  296
4 4985 3500 3667 2687
4  350 4847 3449 4471
4 3999 4876 4745 3304
4  521 1390  159  157
4 4027 4867  451 1734
4  754 1720 3485 4262
4 4024 3074  426 2791
4 4596 3956 4713  296
4 4153 5036 5000 3858
4  112  110 2230  109
4 4519 3897 1560 3214
4  963 2182 1469 2299
4 2144  956  958 2634
4  244 3218 2912  740
4  500  499  941 2362
4  779 1073 1019  682
4 1315 2126 1316 1185
4 3949 4775 2600 2540
4  206 1879  681 1375
4  903  904 3606 1324
4 4026 4823 2835 3860
4 4403 4994 3096 3872
4 2923 1611 3726 3586
4 1860  344  342 1020
4 3258 4428 4954 1868
4  423  357  528  530
4 3701  326 1342 1340
4 4107 2036 2620 2516
4  447 4358   55   53
4 1684  833 3250  879
4 1214  775 1364  774
4 2523 1201 2522 2479
4   19 2064 1768 2497
4 1467 1439 2559 1896
4 3862  416 4021 2413
4  493 2788   87   86
4  157  156 2433 3471
4 2397 3449 2400 3448
4  955 1102 1631 3631
4 4022 3717  587 1841
4 1736 1173 2110 1172
4  244 4104 4764 1836
4  273 2548 2489 2549
4 3795 2393  843  842
4  446  445   86  444
4 3332 3156 1488 2525
4 1132 3578 1134  787
4 2062 5037 2582 4306
4 4101 2541 4268  560
4  583 1107  247 3977
4 2075 3824 2294  493
4 4069  912 3715 2875
4 3927 2333 3928 2335
4 2800 2470 2798 2469
4 1455 1374  583 1949
4  331 2596 2598 1690
4 1556 1555 4179 1557
4 1315 2209   83 1643
4 2865 4203 4308 4204
4 3161    1    0    3
4 2319 1424 2318 1423
4 3206 4005 1129 2598
4 2550 3658  939 4448
4 1850 1576 3976 3829
4 3841 3224 4195  894
4 3231 3923 4265 1971
4 2208  224  225 2150
4 5014 2438 1705  542
4 1442 4323   31 1138
4 2269 1532  708 1697
4 4027  451 1736 1734
4 3662 3957 4772 3132
4 2848 2849 3167 1235
4 3471 3339 2005 4454
4 3051 3246 3879 1715
4  158 3467 2230 1449
4  812  811 1564 3029
4 3644 1118 1140 1120
4 1643 1814 2915 3180
4 2364 3705 2363 2361
4 3388 2128 3389 2127
4 1169  817 2466  815
4 2949 2925 2927 2926
4  698 1926  699  701
4  961 4197 2807 3012
4 1036 1035 4123 1034
4  407 3987 4766  410
4 3829 1576 2103 1850
4 1237 1238  912 1078
4   56  988 1284 1282
4 3211 4424 2273  713
4 2062 4306 3527 1360
4 3278 2613  294 2554
4 1944 4240 3494 2707
4 4190 3135 3772 1550
4 4095 3426 1653 2551
4 3525 2192 2193 1848
4 3476 2785 1031 4200
4 4711 1344 4503 4093
4 1917  210 2208 2150
4  193  191 2027 4282
4 2504 1612  234  236
4 4173  471  474 1025
4   84  921   85 2159
4 2934  864  865 1656
4  178  176  177 1474
4 2784 2493 2785  470
4  954 2313 2259 2258
4  238 3232 3296 3739
4 2364  401  941 4768
4  630  437  271  263
4 3956 2668 2779  296
4 1764 1762 3036 4475
4  479 2922 1969  623
4 5010 2872 2871 2874
4 5038 4959 1598 2559
4 2642 4696 3875 4033
4  833 2950  216 3689
4 3768 4518 2176  552
4 2053  146 3037  145
4 1572 1141 2882 2315
4 1844 5035 4496 1450
4 4816 4795 3030 4640
4  137  920  921 2159
4 4125 3670 3331  188
4 1780 3629  517 3593
4 3390 3391 3214 3409
4  659 1539 1960 2060
4 3035 1762 3036 1764
4 2169 1436   63  650
4 2181 1916  824 2299
4 2949 2927 2812 2926
4 3170 2845 2846 4133
4 1499 1498 3716 1501
4 4559 2012 4646 2774
4 1949 1134 1572 2454
4 3452 3587 1832 2668
4 2637 3440 3442 2640
4  687 2500  685 4089
4 4295 4748 3632 1176
4 2893  560 1910 2975
4 4899 4414 3073 3074
4  484 3445 2899 4681
4 1166 1168 1068 1167
4 1577 2493 4200 1739
4  961  963 1470  964
4 2143 2142 2619 2468
4 3841 4102 4195 4703
4 1491  628  266  265
4  202 3316 2633 2770
4 2362 3000  401 2361
4 4494 1597 3293 2047
4 2347  235 2348 2349
4  700 4919 4033 4155
4  903 3594  456 1216
4 3665 3815 1621 3046
4 3755 4773 4220 4386
4 3364 3365 1880  900
4  305 3222 1636 3223
4 3247 3062  209 4770
4 3738 1754 2151 2934
4  246 1016 3977  247
4 1241 1992 3060 1118
4 4853 3167 3097 3872
4  497 4661 5022 5039
4 2349  944  946 2529
4  331 1115 2598 2596
4 2279 2021 1891 1683
4 4696 4695 3875 4033
4  427  426 3733   58
4 2442  500  502 2444
4  762  551 2939  188
4 4021 3195 2373 3172
4  739 1455 1374 3624
4  701 2583  700 3311
4 1359 1088  630 2617
4 2595 1936 1856 1061
4 4830 1445 1446 2328
4  493 3996 2906 2075
4  827  828  415  829
4 1265 1264 1746 1263
4 2441  801  800  802
4 1455 3977  582 3624
4   14   15 4530   12
4 1447 5035 4496 5021
4  239   64 3741 3742
4 3912 3130  213 2750
4  939 3156 2692  220
4 1856 1935 4777 1416
4  857 4717 1015 4489
4 3026 3881 2451 4391
4 2044 1513 4203 2043
4  797  795 5040  796
4 1689 4122 4005 2598
4  399 3815 4491 3491
4 4888   18   17 2107
4 2173  813  814 4360
4 2566 2497 4425 2700
4 2113 4086 4671  991
4  792 4446  234 2505
4 1716 3133 2264 2263
4 3019  985 2938  810
4 4491  397  396  399
4 1967 2083 4015 1966
4  410 4767 4766  658
4 1003  457 2910 1695
4 2044 2865 2866 4204
4 4203 2865  403 2044
4 4753 3914 4749  427
4 1318  347  798  796
4 1574 1573 4379  695
4 4623 4912 3234 2697
4 1967 3778 4915 3596
4 1939  796  347 1318
4 1257 2661 1260  398
4 3003 1077 3810 3811
4 3554  673 1148 3433
4 2071 2616 1444  319
4 1861 1857 2174 2277
4 3990 3455 2514 3456
4  528 1267 1269 1359
4 4937 4998  695 3830
4 2250 2249 4061   95
4  288  287  167  286
4  772   64 1060  239
4 4598 2216  905 2101
4 4397  859 3168 3078
4 1045 2250   95 1047
4  521  522 1703 1704
4  267  218  806 1920
4 3283 2861 5041 4727
4 1826 1937 1938 1935
4 2302 2301  744 1749
4  560  559  561 4003
4  498 2820 3470 3468
4 2355 1452 1454 1218
4 2969 2968 2967 1348
4 3875 3847 3876 1090
4 1941 2124 4277 2123
4 4768 5042 4769 2364
4 4731 3519 3834 3955
4 1636 4778  305  307
4  188 3331 2610 3284
4 2433 2371 2319 3339
4 1887 1886 3591 1888
4 3662 4390 3133 3132
4 4832 1932 4774 4429
4 1456  857 3780 2224
4 2016  699 2017 2018
4 1019 2000 1909 3351
4 2670 1845  651  652
4 1403 1404 1405  358
4 4939 4269  515 3606
4  173  171 4490  172
4 1328 3405 3451 3894
4 4423 2777 3332 1152
4 2070  914 3599 2307
4 1093 4238 1094 1092
4  661  820  662  968
4 1349 1024 1025 1026
4 4620 4989 5043 2796
4 1860 1244 1246  344
4 1393  676  910  911
4  288  286  167  166
4 4521 4327  702 1803
4 1152 1150 3332 4423
4 1829  504 2524 4382
4 4942 3950  467  470
4 1555 4566 4179 3492
4   27  240   26   24
4 3266 3072 1857 1459
4  403  400 4308 4203
4  421  409  422 2534
4 3758 1831 3278  296
4 4706 4118  445  492
4 2623 4074 3512  602
4 5013 4911 4508 4509
4 4989 4988 5043 2796
4  987  986 3954 3186
4 4271 3949 2600 2540
4 2621 1879  681  206
4 2299 1260 1998 3089
4 3078 4500 3189  859
4  940 4592 3682  942
4 4403 4635 4994 3872
4 1520 4784 4066 4067
4 4163 1125  761 4165
4 2823 1024 1026 1884
4 3233  586 1591 3377
4 4688 1576 2103  695
4 2444  912 3715  500
4 1664 3105 2149  149
4 4106  255 2587 2588
4 4340 2156 4339 3863
4 3611 3159 3608 4363
4 3889 4446 3890  792
4  834 3467 2993  158
4 1467 4664 2561  598
4  519 1754 2687 2942
4  738 4953 1805  739
4 4791 4649 4762  382
4 3099 3103 4270 3104
4 1339 4852  666  313
4 1764 3037 1208 2636
4 4003 1190  561 1191
4 1036 1034 4123 3998
4 2362  502 3020 2442
4 4509 2638 5013 3523
4 3291 3290 1598 3293
4 3089  763 2300  351
4  892 4576 4703 1055
4 1399  176  177  175
4 3710 4749 3913  427
4  532 2773  534 4577
4  250 3539 2744  363
4 3352 1979 1978  227
4  497 4285 4661 5039
4 1109    4 1112    6
4 2363 2481 2364 2362
4 3351 1908 1306 3352
4 2403 2193 1848 4316
4 1826 2720  553 2721
4 2211 5018 1969 1970
4  379  377 3690 3165
4 2352 3274 3637 3276
4 3132   73 3881  593
4 2687 3431 2686 3500
4 2919 4142 2920  589
4  792 3889 4446 2505
4 1132 3578 4441 1134
4 4160 4982 4728  427
4 1289 1287 1083 4307
4  713 2273  710  711
4 1267 4128 2222 2952
4 2349  945 2348  946
4   27   25 1591 1621
4 4064 2980 4757 2478
4 2523 4033 2582 1089
4 1624 1553 1525 1623
4   53  681  682  679
4 1888 2310 1887 3322
4 2904 4663 3804 2901
4 1726 4946 1641 2913
4 4359 1795 2091 2038
4 4205 4787 4731 3834
4  214  216  747 3689
4  392 4630 4757 2341
4  955 2967  952  953
4 2369 1327 3787 1329
4  634  633 3317  632
4 1672 4798 1524 3616
4 3097 4892  313 4870
4 2337 3775 3100 2336
4 4920 2564 2563  282
4 1934 1933 1852 1286
4 3901 2558 4959 3900
4 1882 3364 1880 1696
4 1457  882 1572 1357
4 4022 2974 2892 4028
4  460 2908 2909 3923
4 2820 3470 3242  498
4 2138 1836  563 3757
4 4110 4182 2979 3912
4  378 1799 1800 1801
4  175  241  178 1457
4 3689 4108 1359 2617
4 2502 4849   10 1208
4  424 1385 1386 2627
4 2051 4417 2436 2437
4 3281  311 3020 2353
4 3601 2045 1912 3019
4  374  373 2102  375
4 2959 2773 2960  532
4 1603 1337 4109  923
4 2500 4088 3967 4494
4 4920 4648 2987  282
4 5035 3681 1448 3589
4 4374 2003 2004  527
4 3167 3245 3097 3872
4  673 1146 2391 3816
4 3203  597 2419 3205
4 2094 4512 2095 1692
4 4442 3558 1916 4165
4 4209 4344 4969 2510
4  272  357  528  423
4 2388 3888  351  352
4 4706 2212 2214 2215
4  607  609  688  689
4  122  121 1551  124
4  349 2661  823 2759
4 3829 4851 3976 1849
4 1609 3162 1706 1606
4  329  326 2685 2716
4   17 4668 4888 2662
4 2949 3851  452 4633
4 3858 5036 4152 4153
4 1832 3337 1981 3959
4 1288 1083 3588 1851
4 4189 5045 5044 4914
4  331 2596 3098 4960
4 3689  216  747 4859
4    2    0 4708 1834
4  221  220 1170  274
4 4189 2995 2311 5044
4 3195 4409 3947 3194
4 1686  636 1685  638
4  477  475  478 1379
4 1917 3217 1779 2644
4 2090 3149 3052 1347
4 2825 2946 3507 2994
4 2213 2076 3996 2075
4 2129 4873 2153 4893
4 3689 2950  216 4859
4 2398 2397 4688 2400
4 4302 4357  447 4358
4  305 1056  892 3223
4  399 4070 2100 3376
4 1730  242 2817 2761
4 4078  607 1698 3854
4 2523  699 1201 3776
4 2378 2974 3352 4385
4 2604 2603 1985 1304
4  744 1747  742 2301
4 1690 2596 3098  331
4 1359 2003 4108  527
4 3240 1140 1141 2878
4 1538  578 4007  581
4 1692 2095 3958 4512
4  377 3066 1801  379
4 1122 2568 1104 1670
4 3152 4125 4288 2176
4 4695 3875 4033 1091
4 3148  710 3144 1336
4  158 2079 3467 1449
4   41 1164 3627 3015
4 1389  660 1174 1391
4 3538 4859 1387 1895
4 1087  754  755 4262
4 3074 4568 2409 4569
4 3796 2143 2467 2468
4 4467 1701 1308 1242
4 3284 3858  878 2987
4  741  743 1497  762
4 3830 1479  695 4937
4 3321 3633  436  630
4  555  558 1465 1807
4  338 2584 2351  340
4 3909  688  689 3886
4 2496 1215 1323 1775
4 5045 3507  197 4189
4  472  479  844 2125
4 2075 3996 2213  493
4  783 4943 2549  273
4 3860 3859 4823 4436
4 2173 2374  814 1988
4  333 2473   23  229
4  989 3741 2874  991
4  160 3275  161 4579
4 3688 3776 3432 2523
4 4443 4378  801  802
4  706 4237 1725  511
4 2997 2025  803 1057
4 3020  162  810 3019
4 3689  833  745  214
4 3115 3297 1175 2246
4 1756 2159 2978 2745
4  305 1636 1056 3223
4 2474 3212 1461  386
4 1445 2745  614 2643
4  521 1717 1718  157
4 1008 4145  651 1010
4 2851 2852 4381 1120
4 2882 1992 2296 2454
4  547 2383 2031  549
4 3365 1880  900 4854
4 3935  828  416  417
4 3832  822 4606 4157
4 4288 2176 4125  551
4 2825 4877 3506 3551
4 2231  215  746  591
4 4716 3629 1780  509
4 1336 4483 2273 1333
4 5035 4551 3681 3589
4 1684 3432 4108  833
4 3689  745  747  214
4 1450 1844 5035 4737
4  808 3548 4812 4992
4  239 2205  240   27
4  282 2330 1261 2562
4 4180 4991 2954 2693
4 2873  990 2874  991
4  457 1694 4389 3896
4 4854 1880 1881 2323
4  217 1592 3581 1757
4 1571 2141  539 2842
4 2720 2722  186  553
4 3132 4772 1713 3957
4  653  651  652 2670
4 1148 3433  673 3363
4 4895 1197 4078 3886
4 4920 3613 2988 2987
4 4281 2411 2412  645
4  282 4920 4648 4368
4 2493 2785  470 3698
4 2566 2700 3557 4293
4  282 2564 2987 4920
4 2413 1754 2643 1756
4 4612 2095  545 1691
4  776 1214 2941 2824
4 3868 3787 2487 1329
4 3627   41 1900   42
4 1684 2188 2351 2350
4 2902 2901  135 2904
4 3785 2727 4677 1984
4  792  234  236 2504
4 3524 2637 2638 3523
4 3988 4340 3863 3941
4 4559 3511 2012 2774
4 1089 2617 4108 2523
4 3641 4879 3642 3640
4  996 1252 1142 1364
4 2727 4504 4677 1984
4  514  706 1727 2269
4 1956 1955  548  549
4 1273 3145  814 4361
4 1169 2834 2850  207
4 4053 1701 3643 1308
4  494 3996 2906  493
4 1427 1426 2907 2746
4  656 2429 2031 4771
4 1701 1127 4597 3270
4  282 2564 2562 4152
4 4487  856 1793 1400
4 1450 1702 1844 4737
4  369  368 1619  371
4  148  149 3520 3592
4 2727 4426  201 1983
4 2815  805  804 3632
4 1536   51 3447 3856
4 1484 2472 1482  226
4  142  141 1111  960
4 2626 4181 2489 2625
4 1070 1644 4625  413
4 3851 4503 4093 4711
4 3967 2047 3291  687
4 3053 2556  847 2555
4  234  236  235  792
4  660 1346 1174 1391
4  239  240   26   27
4 3739 3926 2152 4385
4 2755 2977 3559 4047
4 2566 4425  291 3557
4 4293 2700   18 2566
4 2638 3524 4509 2640
4 1670 3481 2742 1122
4 1450 5035 4551 4737
4 1622 3666  257 4917
4 3858 4970 4726 4153
4 3213 4700 3115 3116
4  446 4470 1722  444
4 3507  197 4189 2940
4 3152   91 4125 2587
4 4200 2110 2785 1031
4   51   48  605   50
4 1865 3839  585 1866
4 2104 2983 3291 2107
4  681 3773 2621 1376
4 2127 3391 2153 3389
4  492 4118  445  443
4 4755 1922 1921 1924
4  942 2482  941  940
4 4492 4499 4498 3619
4 3162 3397 3163  201
4 1704 4835 1703 1702
4 4259 4258  547 3074
4   21  714 3391 1560
4 2746 1426 1879 1427
4 3352 1979 1910 4320
4  889  361  890 2822
4 2825 2996 2946 2994
4 1097 4714  765  173
4 1990 4440 1991 4044
4  292 1651 1311 2743
4  268  387  922 3358
4  658 2059 4766  410
4 2238 4116 1760 1296
4 3924 2908 3794 2910
4 3693 2679 2680 2960
4 2454  241 1572 1457
4 4877 3506 3507 2825
4 3078 3317 3601 2045
4 2788  492 2215 4667
4 4538 4858 4539 4288
4 2454 1572 1949  739
4  364  300  363  975
4  712 2273  710 3148
4 3148 2090 3149 3052
4 1265 1746 1749 1263
4 1971 2763 2764 3231
4 3152 4125 2699 2587
4 3854 3905 3855 1698
4 4948 3595 3794 1006
4  244  241 3737 2454
4  565  563 2138 2454
4 3358 1170 1171  268
4 4646 2014 4366 2774
4 1550 4694 1548 3531
4 3898 4870 4892 3097
4 3357 1657 1658 1594
4 3906 3527 2565 2350
4 4747 1907 1175 4358
4  542 1606 1188 2735
4 2841 2840  622  474
4 4335  111 2328 2326
4 3472 2540 3258 4775
4 3630 1355 1928  509
4  990 1938 2200 3751
4 2451 3459 3881 4656
4 4197 2808 2809 4165
4 3816 2391 4420 2698
4 4165 2809 1916 4442
4 2972   97 2832 1744
4 3449 2400 2666 2397
4 2788 4667 2215 5025
4  273 4943 1738  783
4  379 3690 3067 3165
4 2200 2033 3751 1937
4 1036 1032  115 1451
4  542 1705 2735 4276
4  903 3823  516  904
4 1449 1448 3589 1450
4  813 3996 1566 2076
4 4482 3677 3676 2942
4  449 1366 1365  734
4 1768 1771 2044   19
4  595  593   73 3132
4 4867 1173 1736 4027
4 2838 1440 1103 1442
4 1438 1896 1895  423
4 2976 4392 4401 2723
4 2925 2927  452 2949
4 2942 3677 2944 4482
4 3865  854  853  288
4 4820 3902  911  678
4  479 2922  623  624
4 3834 4014 1266 4205
4  267  806  269 1171
4 1971 3422  460 2122
4 4216 2054 2055 1244
4  403  402  941  401
4 1382 3643 2857 3644
4 1202 1054 2468 2516
4 4130 4438  547 2383
4 1833 4965 4724 1854
4 1010 4145 3193 1007
4 1934 1931  143  141
4 1291 1290 4546 1293
4 2782 4202 5046  791
4 1467 2762  599  598
4 2617  628 1023  355
4  743 3373 3670 2285
4  412 4552 4351 3018
4 1940 4688 2398 2397
4 2355 1216 1030 1218
4 4338 3397 4426 1854
4 3238 1729    9 2817
4  640 1308 2296  723
4 2486 2786 2776 1755
4  314 4619  937 1596
4  257 1621 3046 3665
4 1084 1040 1043 1041
4  944  946  945 2349
4 3020 2481 1363 3526
4 1323 2494 1322 4075
4 1078  674  882  884
4  912 2499 3715 2875
4 1949 1133  583 1107
4 4177 4176 3793 1006
4 3976 1082 1850 1849
4  997 1145 1144 1143
4 3238 5047    9 1731
4 3214  716 3390 3511
4 2424 1436   63 2169
4   11 4480 1208 2501
4 2350 4108 3250 1684
4 3616 2065 4798 1524
4 2101 3888  908 2388
4  375  373 1080 5048
4 1335 2036 1334 4359
4  336 2155 2153 3424
4   36 1537 3918 1536
4 3746 1701 3747 1383
4 1103   94 2262 2838
4 4021 4065  417  418
4  497 3468 3469 5039
4 3270 1127 1700 1701
4 2901 4903 1009 1818
4 2770 3316 2633 1504
4 3552 2396 2456 2457
4 1916 2181  764 1914
4 3152 2587 2699 3306
4 5049  879 1900 2279
4 1057 3561  803 1028
4 3094 1423   40 3493
4   74 4984 4193 3584
4 4204 2864 4308 2865
4  608  607 4574  610
4 2421 4644 2673 2422
4 3887 5050 1156 3948
4 3755 3400 4212 4773
4  637 1841  638 1409
4 3017 2278 4137 2615
4 1032 3998 3009  113
4 1315 1814 2915 1643
4 3909  688 1869  689
4 1261  989  870 3050
4  147 3644 1764  721
4 2878 1141 2882 1140
4   78  250 2744  249
4 3385 1367 2358 2519
4 2444 1526  912  500
4 3421 4659  570 2023
4 1878   50 1875   49
4  555 3575 5051 1465
4 2899 2898 2896 5052
4 2621 1376 3773 2951
4 1169 2000 1462 1460
4  214  833  745  836
4 1963 1846 2452 1962
4 2573 1434  391 2386
4 1032 1451 1033   64
4 1252 1215 1775 1160
4 4214 4848 4789   10
4 2610 4856  483 3640
4 2674   38 1547   39
4   10 4789   77 3237
4 3215 1440 2075  864
4  610  609  690  608
4 2957 1835 1285    2
4 3357 1391  590  591
4 1027  916 1025 4523
4 3043 3044 2910 1006
4 3998 1034 1032 1036
4 1879 2746 2287 3728
4 1653 1948 2385 3220
4 4523 4174 1025 1027
4 2192 2181 2658 2194
4 2233 2080 1750 3532
4 2345 1402 1405 2490
4 4368 2594 2593 1061
4 2164 3858 2166 3284
4 2432 1594 1657 3341
4 1953 2843 1951 1770
4   10 4848 4789 3237
4 1299 1833   56   58
4 1527  975  901 1651
4  419  691  692  693
4 2021 4691 3562 2020
4 3644 1382  145  147
4  308 4032 1278 4031
4   37 1547 2278   38
4 2022 1260  398 1259
4 1462  898 1218 1216
4  741  255 4106  964
4 3674 4887  817  818
4 1158  832 3870 1159
4 2960  635  532  637
4 3266  226 3265  227
4 1177 2539  531 3301
4 2203 2202 3564 2204
4  493 2294 2485 3824
4 2299 1916  824 3919
4 4397 3168 2568 3078
4 3717  488 2680 2974
4 3877 3051 2915 2916
4  672 4264 3205  675
4 2997 1170  221  269
4  422 1555  420 1554
4 4421 2214 2213 4120
4 1165 4608 2945 1774
4 2103 1574 1576 1575
4 1039 2332 1948  384
4 4101 2162 4003 3574
4 3251 1458 2127 2129
4 2572 4514 3771 4497
4 4579 3276 3275  161
4  906  907  638 1687
4  431 2025  750  430
4 2249 3348 1077  891
4  104 4470  446 3407
4 2378 3926 3739 4385
4 1303 5053 1424 1300
4 4396 3752 3189 3078
4  979 2403 2709  615
4 4172 4744 4745  971
4 1532  512  513 3572
4 5006 2863 3260 4146
4  696 1317  697  695
4 3574  804  807 4268
4  727 3637 2352 2584
4 4027 3547 3531 3420
4 5054 4243 4244 2025
4  246 1016  247  248
4 3920 3718 3252 1812
4 2397 1479 2666 3449
4  395 4629 3166  394
4 1191 3271  558  938
4 3331  877 2610  878
4  230  572  892  231
4 1342 1340 1341 1567
4 1655 4096 5055 4733
4 2645  513 1917 1691
4 3510 2793 2792 1704
4 2090 3149 1347 3995
4  173 4714 4490  171
4 3046 3660 3661 4715
4 1354 1353 1537 1352
4 2331 2371 2319 2433
4 1364 1252 1142 1215
4 4033 2582  700 2523
4 1704 3510  522 4835
4  361 4591  362 3582
4 2770 3262  821 2769
4 3753 3614  634 3078
4 2060 1960 4925 1539
4  970 3628 1443  972
4  690  688 1869  609
4 1650 2825 3451 1397
4  583 1865  247 1209
4  929 5017 3018  930
4  148 1151  151 1619
4 2528 2796  116   66
4 2634 1658  848 2555
4  231  232  892  230
4 1439 4264 2762 3901
4 4411 2202 2357 2358
4 3728 2746 1426 1879
4 3352 1306 4843 1304
4 3750   66  116   65
4 1178 1908 1175 1907
4 3170 4178 3169 4897
4 4404 1907 1909 1910
4 3939  970 1443  151
4 1716 3878 1715 3051
4 1214 2010  671 2940
4 2717 3587 3701 1851
4 2529 3890  235 2349
4  458 1648  457  459
4  459 4389 1786 1784
4  913 2682 1438 1146
4 4785 4067 4784 1520
4 3952 3929 4624 2335
4 4225  698 1201 2522
4 2572 4635 4497 3736
4 2017 2189 3569 3652
4  894 3442 4195 3841
4 3000  499 2045 2362
4 1419 2661 1998 4974
4 2364 3704 3705 5042
4 1190  708  561  709
4 2977 4279 4047 4815
4 4436 3622 4823 3861
4 2358 2207 2357 1637
4 3717  488  587 2680
4  355 4950 3634  354
4 2482 2481 1363 3020
4 3645 4621 4669 4679
4  413 4351  412 1070
4 1692 3958  664 4512
4 3665 1620 3666 1622
4  448  447 4358   55
4 3539  107 5001 4973
4 1990 1991 1992 4044
4   87 1755 2788 2485
4 1961  111 2812 2532
4 2022  255 1469  963
4 2107 2115 2536 2106
4 5056 3147 3325 3146
4 2729 3396 1608  201
4  387  386 4269  385
4 2013 4702  490 2015
4 1390  519 2413  520
4 1796 2037 1794 4181
4 4484 4424  711 2273
4  653 2670  652  118
4 3688 2453 1845  652
4 4093 1094  651 1343
4 1107 1133 1357 1949
4 3109 3970 2578 2577
4  148  780 1610 3592
4  753  127 1913  752
4 2350 3527 2565 1923
4 2353 2565 1923 2350
4 2545 1474  176  178
4 2047 1597 2046 4025
4 1664 1855  383 1662
4  308 4151  305  306
4  424  270 1639 4859
4 1520 4067 1519 4785
4 2589  255 2587 2699
4 1071  779 2051  682
4 1455 4953 1805 3624
4 3188 3197 3019  312
4  340 3720  337 3719
4 3551 4865 3506 3405
4 1025 4173 4174 4523
4 2315 3240 3545 1141
4  554   80 3456  101
4 4701 3732 4150 3508
4 4481 1288    6 1852
4  682 4417 1072   52
4 1375 4042 1877  681
4 3284 2610  878 3331
4 2867 5057 2359 1249
4  395 3385 3129 4885
4 2354  749  750 2024
4  207 1879  817 2000
4 2028 2989 1297 2991
4 2402 2713 1940  796
4 1695 1605 5058 4010
4  207 2834 3062 3247
4  704  782 2640 4448
4 2577 3605 2869 2578
4  410 3987 4766  849
4 2285 2301 2733  743
4 4144 1096 4179 3371
4 1708  558 2162 4101
4  669  190  671  197
4 2797 1186 4576 4131
4 4140 3491 3815  588
4 1987 3895 4640 1986
4 2584 2352  340 2585
4 3746 1701 4669 3747
4 1401 1412 1105 2234
4  124 2266 2927  122
4  257 3654  255 3655
4 1642 3372 1370   82
4 2398 1994  375 1850
4 1510 2256 1512 1514
4 1332  275  385  387
4 4101  558 2162 3574
4 3754 4386 3400 3755
4 1159 3870 3413  832
4 1434 1432 1653 4685
4  884  912  674 2235
4 3807 4183   85 2978
4  100  838 2556  847
4 1758 1158 1320 1102
4  215 1248 1275 2183
4 2550  314 4619 4448
4 1854 4724 3397 4965
4 2516 1386 1281 1678
4 4373 3843 3310  728
4 4590 1105 1212 1213
4 1403 1402  357 1405
4 2152 4021 4065 2151
4  713 4240 1944 2707
4 3503  785 1950  788
4 2551  307 1783  894
4 3776  117 1201 2523
4 4080  999 3429 1002
4 3861 4823 2835 3622
4 2779  852  900 3452
4 2360 4872 1791 3955
4  268 2162  924  939
4  147 3037  145  721
4 1159 1157 3870 1158
4 2800 3536 4515 4952
4  888   95 1047 4061
4  140 4419  143 2120
4 3925 1979 1910 1459
4  673 2391 2254 3816
4 1002   56  987  986
4 3091 1537 1501 1459
4    5  853    6    7
4 2213 3824 2076 2075
4 1461 1459 2492 1458
4  706 1725 4613 4612
4  749  748 3418  750
4 3339 3810 2552 3812
4 2235  674  884  885
4 4287 2147 3047  200
4  170  143 2120  140
4 4625  411  770 1946
4  658 2535  659  410
4 3160 3839 1865 1976
4 3377  906 1841 1408
4 3078  859 4396 4397
4 3567 3685 1608 3592
4 5059 2485 2788 2787
4 2349 2347  235 2529
4  507  600  220  603
4 4147 3503 3505  788
4 1202 1275 2223 1387
4 3049 4287 3047  200
4 3019 2045  502 2362
4  909 1576 2726 1318
4 1555  420 1885  422
4 3078 3752 3753 4396
4 1218 1030  818  815
4 2709 2658 1743  763
4 2503 2505 1396 2506
4 2934  520 1754 2294
4 5010 2871 4632 2874
4 3750 2078  116 3749
4 2806 2807 2809 3012
4 2601  531 1177 2539
4 3552 2455 3554 2457
4 4783 4476 4600 1207
4 3116 3115 3945 4700
4 3635 3651  963 2023
4  159 2230  158 3467
4 1377 1376 2801  681
4 4806 3810 2552 2349
4 3776  133 2017 2018
4  726 3308 3792 3568
4 1764 3036 2636 1206
4  423  527  528 1359
4 4111 3912  664 1919
4 2328 1445 1446  110
4 4433   67 2528 3750
4 3711 3682  942  685
4 2532 2927 3547 1551
4   29   31  927   30
4 2572 4497 3771 1431
4 4895 1195  688 4078
4 1487 2346 1806 1807
4  470 3950 2784 4942
4 1264 1746 2088 1265
4 2623  429  943  602
4 4668 1512   17   19
4 2361 3000 2363 2362
4 3151 3980 2899 2897
4 1419  823  824 3089
4 2975 3301 3717  635
4 4192 2193 2194 2403
4  423 1896  357  530
4 2791 4615 5060 4149
4 1888 1887 2311 3590
4 2169 2426 1436 4729
4 4357 2246 3945 4358
4 2515 2512 2613 3702
4  497 3469 4285 5039
4 5002 1273  814 4361
4 2457 2396  277 3362
4 1383 3746 1701 1700
4 2796 4620 4989 5061
4 4774 1944 4429 2719
4 4369 4068 1809 1811
4  456  275 3594 3630
4 1133 1135 4346 1645
4  366 1020 2602  342
4 1565 1986 1033  494
4  639 1308 1242 1310
4 3875 1089 4033 1091
4 1592 3340 2371 2433
4 4618 1252 1166 1775
4 2515 2613  294 3702
4 3074 4900 3366 4602
4 3074 4258  547 4609
4  540 3465 3953 5014
4 2113 4671 3895  991
4 2154 4893 2153 2155
4 1807 2346 1806  555
4  960 3336 3337 1110
4 2495 2496 1323 1775
4 4190 3531 2415 4694
4  497 4977 5022  495
4  550 4568  655 4609
4  906 1841 1408 1409
4  348  346  347 2470
4 1881  102 1880 2555
4 1616 3232 2708  204
4 3339 3615 2317 3812
4 4091 4092 1092 4093
4 2669 4275 5028 3007
4 1996 1997  599 2757
4 2503 2783 1395 1396
4 2038 1386 2516 2037
4 3200 3201 3530  825
4  404  382  705  406
4 1637 2358 1638 3564
4 1497 3024 3670 2286
4 3668  766 1743 3359
4 1781   47 1039  308
4 4436 3620 3622 3861
4 3726 4754 2922  845
4 1070 4829 4351  412
4 1843 1703 1752 1753
4 2038 1796 2091 2090
4 1793 3088 1412 3087
4 1368 1724 1369   80
4 3186 1853  987 1002
4 3074 4259 4148 4602
4 2283 2055  606 3638
4  226 2277 1857 4137
4 1723 2206   70 1505
4  722 3037 2220  721
4  886 1732  491  888
4  250 4547  363  902
4 2708  202  205 1745
4   23   22 3391   21
4 1679  764  766  173
4 2690 2689 1342 2767
4 3046  553 1621  551
4  681 1879 2000 1877
4 2828 4644 3056 2421
4  611 5062  123  614
4 3531 4756 3547 4557
4 1286 1852 4429 1289
4 3298 3004 4678 3005
4 1919  213 1917  210
4 1030 2355 1452 3085
4 1902 1903 3382 3873
4 3278 1533 2613 2554
4 4063 3039 3910    7
4 2765  734 1963 1962
4  765 5063 4655 4714
4   75   73   74 3131
4 3220 3658 2551 1783
4 1380 4765 4052 3643
4 1949 1455 1457 1107
4 4911 3498 4508 2342
4 4408 2159 2160  138
4 4893 4873 3951 2129
4   14 4529 4530 4813
4 1917 3216 3217 2644
4 1895 2762 1439 1147
4 1617 1264 2242 2775
4  852  853  288 2668
4  300  299 2744 2366
4 2276 1803  705  702
4  909  676 3444  348
4 1684 4108 3250  833
4 2574 3714 1517 1518
4  753 3840 4219 3548
4  143  141 1931  140
4 1388  820 1658 2634
4 2042 2041  858 2084
4 3200 1709 1541  825
4 2644 3216 2645 1917
4  466 4779  465 1493
4 3251 2153   23  336
4 2647 1023 2480 2118
4 2691 2567 5064  434
4 1672 1522 1524 2823
4  998  996 4094 1256
4 1389 1174  159 1391
4 4320 3926 1979 3027
4 1139 4669 2598 1243
4 1423   40 2331 2434
4  971 3042 4172 4603
4 2672 1107 1457 2224
4 2977 3558 1915 4435
4 4821 3381  464  466
4 3650 5065 2588 4106
4  971 4744 1065 3228
4 3089 2661 1998 1419
4 1900 1903  127 1254
4 4361  228 4360 5002
4  132  129 4665  612
4 1391 1390 3357  156
4 1495 1494  741 1497
4 2334 3927 2333 4506
4 1097  764 1098 3371
4 4317 3449 3450 2400
4 2536 2106 2115 4838
4 3786 1842 2323  205
4 2326 4961 3680  111
4  956  202 3316 2633
4  794 1396  791  792
4 1184 1553 1316 1592
4 2246 1175 3945 4358
4 4335 2792 2942  519
4   39   36   37 4718
4  240  239 2152  494
4  642  331 1243  332
4  244 1584  242 1911
4 2284  741  743 1497
4   78   77   76 3181
4 2557 4031 1782 1278
4  481  483 3151  484
4  845  843  844 1614
4 1783  894  305 1331
4   35 1280 1385 4375
4  273  270  271 1738
4  972  317  319  150
4 1201  699  700  698
4 1665 2337  929 3018
4 3317 4541  633 3753
4    2 1833 4965    1
4 4264 2762 3205 1439
4 3919 1014 1419 3801
4 2708 1615 3232 1616
4 1853 1569 2693 1854
4 1537 1352 5066 4725
4  840 2930 2931 3846
4 1170  387 1216  275
4 1475 2911  241  243
4 4519 3131 3026 2973
4 5067 4053  723  724
4 3508 4148 3074 4569
4 1867  996  414 1252
4 3526  311 2481 3707
4 2546 4490 1341  173
4 1170 1332  220  268
4 2300  618 2710 2709
4 4120 4119 1566 4421
4 4030 4032 4151  308
4 2181 2182 1916 2299
4  116 5043 2796 4620
4 1387 1895 4859 2183
4 1077 3810 2291 3743
4 1158 1157 2325 1160
4 1159  196 1102  831
4  498 3468  497 5068
4 1672 1524 2011 3616
4 4344 4969 4635 4209
4  414 1253  413 1209
4 1606 3161 1706 1707
4 1696 2893  562 2377
4  701 1925 2565 1927
4  581 4328  578 2533
4 2718 4429 1232 1944
4 1634  194  196  952
4  608 4954  609  690
4 1524 3616 2065 2867
4  972 2571 2570 3628
4  141 1931 1933 1934
4   63   61  628  627
4 1341  327  328  326
4 2247 4747 1907 1175
4 1640 1796 1386 3509
4 2432 2348 2349  945
4  494   84  103   86
4 1136 2367 3555 3556
4 4066 1520  823  349
4 2934 2151 2152  493
4  725 4740 3792  728
4 3894 1328 2990 3436
4   49 1878   51 2405
4 4942  469 2877  470
4  266  264 3633  263
4 3052  168 2171  881
4 1779 2644 3217 3174
4 1917 3217  210 2150
4 4938 3201 4343 1011
4 4338 1853 1854 1983
4  331 3098 4264 4960
4 2354 1518  750 2574
4  788 4581 3505 1822
4 1442 1440 1441 3756
4 3966 2754 3580  435
4 3151 3931  483  481
4 1458 4391 2451 2474
4  988 1284 5032   56
4 3868 1161 1164 4913
4 1615 4797  978 4400
4 2208  224  211 2207
4  306 4032 3699  308
4 3224  305  307  894
4 4565 4240 4424  713
4  544 2226 3245  546
4  929  930 3018 4871
4  239 1825  187   27
4 2811 4006 3784 2812
4 1407  906 1408 1409
4 1825  553 1621 1827
4  227 2173  228 1293
4  718 2475 1837  566
4 4737 1702 3510 1704
4 2855 4679 3645 3747
4 2468 2143 1203 3796
4 4268 2161  807 3574
4 4643 4380 4771 2429
4 1572 1357  882  577
4 3801 1014 1419 1418
4 2024 4243  428 2025
4  606 1546 3327  604
4 2364 5042 3705 2361
4 1677 1676 1862  880
4 2353 2352  340 2351
4 1906  265 1490 1491
4 4352 2809 2182 3012
4 1584 4104 4764  244
4 1515 2833 1516 3062
4 3871 1902 3869 2681
4 2263 1586 3133 2739
4 1608 4504 3566 2729
4 3820  287 2399 3587
4 2304 1485  506 5051
4 3388 2448 2128 2127
4 1572 4044 1134 2314
4  218  750  221 2998
4 2243 4400 1616 1617
4 1094 1436  651 1343
4 3108 4536 2035 3647
4 1120 3343 4241 4456
4 2314 4441 2881 4044
4 1070 4829  412 1946
4  128 2007 2041 4898
4 1397 1396 2506 1650
4 4101 1155 1156 2418
4 2555  100  847  848
4 3201 3528 3530 1011
4 4324 3265 3072 4137
4 3734 4331 4996 3733
4 3501  368  371 3999
4 2144  820  662 1388
4  645  287 2412  643
4 1342 1567 1341 4686
4 4644 3818 2673 2829
4 2800 4952 4515 2798
4 3612 2987 1063  878
4 3029 1274 3030  812
4 3070 3069 4939  897
4  156 2433 2082  157
4  894  307 3224 4195
4 3619 3618 1959 5031
4  587  586  488 4022
4 3160 3157 2945 3610
4 1971 3923 3230 3231
4 1593 3341 1594 2432
4 2343  315 4619 4910
4 3591  755 1884  757
4 5058  457 1695 1649
4 3107 4140 1827 3108
4 1823 1224 1223  566
4 3696 1411 1412 3088
4  460 2909 2910 4794
4 2460  225 3885 1708
4 3689 2453  745 3688
4 2747 2749 3912 2750
4 1687 4060 1685 1686
4 2874 1262  284 1298
4  139  612  129  132
4 1596 4852 2478 1367
4 1387 1414 1895 2183
4 3760 2226 2849 3245
4  869 1263 2197 1749
4 4886 3704 2482 2364
4  839 2074 4787 2073
4 3819 3073  655  426
4 3132 3770 1713 4514
4   21 4918   22 3391
4  524 3920 2131  526
4 1384 1386 1054 1202
4 1401 1399  856  883
4 1002 1853 3429 3186
4  374 3930  372  375
4 1897 4930  358 3111
4 1244 4185 5069 2087
4 3266 1980   23 3251
4 1011 3201 4343 3200
4  109 1846 2452 1963
4 3432 3843 3310 2232
4  399 1621  588 3377
4 1701 3270 4597 4801
4 4932 4888 2115   18
4  833 2950   42  216
4 4012 3536 4515 2800
4 2781 1414 1148 1415
4 1057 5019 2466 4410
4 1145 3870 1142 1160
4 4606 2399 3587 3820
4 3476 2493 4200 1577
4 1738 4942 2493 1737
4 3943 1912  808  984
4 1566 3014 4617 1564
4  677 4313 2800 4012
4  728 4740 5029  725
4 1241 1118 1119 1240
4 1013 1012 3383 1014
4 3858 5008 5000 4153
4  583 1133 1950  785
4 2358 1638 3564  938
4 5071 5070 4870  313
4 2319 2487 2488 3436
4  978 1615  979 3461
4  950 3213  949  487
4 1828  218  750  221
4 3442  781 4195 3841
4 1877 2000 3856 2289
4 3961 3013 2076 1566
4 3067 3066 2055 3691
4 4189 2946 3591 2311
4   46 4464 4778  307
4  853    5 2668 4474
4 4311 4550 4511  261
4 2992 2947 3894 3083
4  825 3200 1709 1519
4 4391 2334 2451 2474
4 1357  767  577 1473
4 1324 3070 5072  897
4 4854 1880 3452 1832
4 1160 1142 1159 3870
4 3084 1757 3064 1623
4 3221  182  183 2978
4  101 2267 3456  554
4 4512 1917  664 1692
4 1232 1944 4429 2530
4  887  361  890  889
4 4055 1962 2453 2452
4 5044 2994 3507 4189
4 1560 3391 3214  714
4 1596 2341 2342 1595
4 1389  519 2230  112
4 3912  213 1918 1919
4 4124 4952 3537 2800
4 3012 4352 2809 2806
4 3222  305  307 3224
4 3082 3564  938 2519
4 4734 3181   77   78
4  916  622 2070  842
4  718 1837 3330  566
4  730 4251  319 2071
4 2750 3912 2478 2962
4 2989 3404 4865 4987
4  308 1038 1278 4032
4  825 1709 1479 1519
4 5017 3018 4552  929
4 2364 4768 5042 2361
4 2474 2451 2130 2334
4   52  680  679  682
4 1971  459  460 4266
4 2153 4873 4918 3424
4  838 2929  837 3068
4  309 4364 2363 2481
4 3874  875 2166  878
4 3592  382 3520  780
4 2423 1524 1672 3065
4 3737  241  902 2454
4 1479 1709 2883 1519
4  608 4574 3708 3178
4 1218 3969 3672 1453
4 4456 4381 4241 1120
4  369 3755  507  603
4 1214 2823 2010 2940
4  878  876  877 2651
4 2484 1755 2978 1756
4 3254 4682 3556 1311
4 4938 4343 4492 1011
4   12 2704 2320 1031
4 1215 1323 1775 1160
4 3776  652 2904 2018
4 3084 1249 1791 1248
4 3167 1233 3877 3878
4 2224  856 3780  177
4 3743 1718  887 3003
4  979  977 2403  976
4 3688 2479 2617 2453
4 4770 1907 4303 1909
4  308 4032 4151  306
4 4938 1013 3528 1011
4 3224 3223  892 1055
4  788 5073 3505 4581
4 2828 1203 2223 2401
4 3104 3520 3105 1664
4 1733 1046 3127 2805
4  630 3155  436 3321
4  493 1754 2294 2934
4 1568  347  798 3444
4 2585 5074 3280 4935
4 1266 3678 3519 3988
4 1653  384 3479 4139
4  384  387 2474 2386
4 1575 1576 2103 3829
4 3371  764  173 1097
4 2506  992 1650 2503
4 4775 2600 2540 3258
4 2154 3208 2129 4893
4 1306 1073 3116 1908
4  929  412 4420 2698
4  823 3529 3530 4067
4 1826 2033 2200 1937
4 1491 1489  733  625
4 2363 3019 2481 2362
4 1570 2571 4662 4923
4  111 4961 3680 4990
4 1393 3241 3242  911
4 3741 4631 4632 5010
4  352 2661  349 2730
4 1679  764  173 3371
4 3341 3810 2552 3339
4  193  190  671 4836
4  604 3638 3327  606
4 3084  217 3463 1757
4 2063 2803 4460 2118
4 3269 1380 4052 3643
4 4085 3751 3361  990
4 3775 3100 1215 1665
4 3820 1881 4854 4606
4  829  956  415  827
4 3932 4967 2609  877
4  947  945 2348   72
4 1148 1414 1997 1413
4  148  895  782 2692
4 3778 4915 4015 1967
4 1527 2866 1770 1771
4 4055 3467 1846 2452
4 1526 2865  861 3481
4 3110 5038 3825 2048
4 3257 1276 1251 2391
4 1930 4580 1928 4297
4  966 3149 1347  968
4 3099  800 3104  802
4 2300 2710 3668 2709
4 2252 4552  412 4420
4 3352 2974 1306 1304
4 3547 4557 4756  451
4 4640 1033 3742 4019
4   78  297 2744 3086
4 2669 1810 1811 1808
4  304 1972  261 1971
4  258 2022  257  255
4  924 2550  922  268
4  114 5043  115  116
4 3036 2636 3037 1764
4 2983 1510  686 3715
4 3351 1306 4843 3352
4  390  389 2933 3852
4  562  102 2376  707
4 1519 3200 3530  825
4 2466 2850 1427  207
4 1289 1083 1288 1851
4 3514 3512 1828  602
4  414 1108  411 1945
4  116 2796  115   66
4  256  551  762 4125
4   35 2650 4930 4375
4 4553 4180 2956 2957
4 1934 1932 4774 1931
4 1225  934  933 2778
4 2130 3929 3282 3951
4 3160 3610 3611 3159
4 4525  767  577  770
4  248 1456 1018 1016
4 1304 2602 1306 2604
4 2804  947   72 1049
4  474 4173  916 2841
4 4833  315 1607 2343
4  315 4833 5055 4910
4 1877 1878 2405 3856
4  910 1317  697  696
4 3268 3267 2192 2181
4 4546 4545 2905 3496
4   10 2220  874   79
4 3445 2899 2166  484
4 3750  116 2528 2077
4 1445 2745  183  184
4 3723 3724 4459 1392
4  189 3283 3284 2987
4  761 1959 1014 5024
4 2429 4275 2428 2427
4  327 2547 4986 3808
4 2825  993 2996 2826
4  163  985 2938 4966
4 2026 2028 2238 3076
4 3780 1399  856 1788
4 1089 2003 4108 1359
4  827 4796 4699  830
4  737  839  325  735
4 2688 4928 4522  796
4 1949 1357 1572 1134
4  287  643  286 4573
4 3919 1916  824 3559
4 3354 3646  948 3647
4 3150 3873 1903  127
4 1497 2899   91 3670
4 1304 4843 1985 2604
4 3172 3134 2414 3194
4 2451 2448 2449 4656
4 1026 1085 2969  754
4 2092 2131 4461 3920
4 2038 2036 1335 4359
4  552 2722  186 3766
4 4381 4337 2856 2857
4 2947 3506 2027 2992
4   51   50 1878   49
4 2368 2366 2367  290
4 2415 4694 3531 3859
4 1720 3485 1312  754
4 1330 1812  526 1624
4 1703 2079 2241  521
4 2385  385  387 1332
4 3930 2664 2666 3830
4 2913 2916 1643 1726
4 4827 2273 1864 1336
4 1700 3746 3745 1383
4 2493 4942 2784 1737
4  752 1411  751 3989
4 2716 2685  329 3701
4  351  766 3668 3448
4 2443 1900   42 3873
4 1703 2241 1717  521
4 4492 1542 3619 1011
4 1535 1534 1532 4501
4 4302 4301 4747 4358
4  379 3895 4640 1987
4 2845 3169 3170 1565
4  666 4852 1607  313
4  993 2995  994 2946
4 2042 4274 2794 2040
4 2800 4431 4952 2798
4 4553 4708 1835 2957
4 4616 4459  910 3241
4 1413 2419 1997 1148
4  115 4218 4906 4988
4 3160 1977 2945 3157
4 3739 3232 2892 4385
4  622 1130 2309 2307
4 5024 5075 3604  761
4 2233 2232 2080 4691
4 1756   85 2160   84
4 1093 1092  651 4091
4 4078 1698  689 1697
4  685  942  684  941
4 2690 2768 2689 2767
4 3617 2008 2339 2011
4 1935 2720 1856 1826
4 1896  357  359  358
4 1094 1344 4362 4729
4 3437 3438 1227 1084
4 1883 1024 1025 2133
4 2492  897  899 1462
4 4317 2663 3449 2400
4 2556 4157 2554 2555
4  780 4102 4195 3841
4 1829 3513  219 4698
4 4637  154  152 1039
4  870 2859  867 2861
4 1598 3293 3290 1600
4 4199 2705 2704 2785
4 2112 2111 2603 2114
4 2785 3950 2704 4199
4 1836 4104 2138  244
4  803 3560  274 1028
4  616 1469  618 2299
4 2650 4930  358   35
4 2873 4085 3112  990
4 3178 3709 4954 4428
4  734 3547 1736 2765
4  693  496 3242  498
4  874  871 1588 1590
4 1400 1792 4487 4710
4 3939 1443 2228  151
4  242 4547  243 3884
4 4858 4518 4517 2176
4 2233 4691 2080 4844
4 2364 4886 3704 5042
4 4199 3950 2784 2785
4  101   81 1727  554
4 3119  865 1656 2934
4  770 2253  277 4814
4  843 1886 3591 2654
4  589 2920  588 4142
4  616  618 2710 2300
4 1940  798 1318 1480
4 3852 4637 3853 2332
4 1369   80  554 1371
4 1697 1533 1535 1699
4 4917 2022  257 1622
4 1904 4713 2779  296
4  571  572 2440  573
4 1150 2229 1151 2525
4 2422 1275 2606 2605
4 1668 3837  434 2742
4 3331 3151 4125 4288
4 2156 2157  463 3863
4 1276 2780 1148 4076
4 3448 3450 2399 2410
4 1965  440  935  442
4  995 2654 3591  994
4 2199 4572 1405 2177
4 1655 1654  316 3175
4 1570 1898 4662 1899
4 2362  499  502  500
4  709  706 1691 1190
4 3464 3466 4540  573
4 2906  865 2152 2934
4 2303 2524  220 1829
4 2224  175  882  883
4 3050 1261 2145 4582
4 3592 3685  383 3567
4 3058 1870  253 2831
4 1143 1157 4292 1145
4 1143  997 4292 1974
4 2939 1748 1749 1265
4  750 3418 3458  748
4 3577  632 4267 4803
4 1745 1881  205 3820
4 2091 4359 3144 3142
4 3034 2844 1770 1951
4  456  453  454 2355
4 2944 3908 2943 2792
4 3371 1097  173  171
4 1144 1142 4094 1143
4 3381  790  464  466
4 1190 1917 1691 1692
4 1300 3493 1423 1303
4 1929 4580 1928 1930
4 3323  194 3324  756
4  709  708  561  707
4 2960 2958 2680 3693
4  352 2390 2387 2731
4 2283 1547 2277 1767
4 1278 1781 1782 1780
4  329  328 2685  327
4  336  334 2155 3424
4 3619  409 1542 4499
4 2113 4671 4670 3895
4 1387 2223 2757 1581
4 2324 1773 2325 1160
4 1695 1693 5058 1605
4  167 3703 1994 4318
4  650  628   63 1023
4 4710 1792 4709 1400
4 1458 2492 1461 2474
4 1560 1980   23  926
4 1996 4880 4207 2757
4 2057 2056 3127 1733
4 1500 3072 1501 2615
4 3846 5076 2928 2931
4 3190 1521  103  771
4 2975 2539 3075 2893
4  157 2241 1717 4146
4   64   65 3741 1032
4 2575 1181 4063 1180
4  442 3778 1967  932
4 2532  452 1961 1963
4  566  720  565  719
4 1610 3763  780  148
4 1060 1058 2205 1507
4 2706  711 2273 4484
4 4554 3915 3914 1835
4 2442  500 2482 2362
4 1653 4685 3477 1652
4 1524 2065 4798 2067
4 1852 4429 2718 2719
4 4924 5057 1249  928
4 2092 2423 2948 2133
4 1852 1981 1934 3832
4 1463 4256 1464  219
4 1372 4169 2622 2476
4 1359  528 2004  527
4 3053  820 1658  661
4  442 1531 1967 2890
4 3352 1908 1909 3351
4 1401  883  885 2235
4 2150  224  211 2208
4 1640 3698  746 1578
4 1585 3743  888 1050
4 3694 2245 2680 3693
4 2698 2391 4420 3257
4 2544 4820 4616  911
4 3078 2568 3317  501
4  365  777  779  342
4 2191 3599 2069 2070
4 3668 3448  766 3359
4 1732 3214 3897 2015
4 3218 2912 4764  244
4  712  965  710  819
4  693 1393  676 3347
4   50 1875 2049 1878
4 1744  328 2659 2972
4  142 1111 3336  960
4  844  479  842 2125
4 1947  674 3816 1945
4 3688 3776  652 2904
4  879  833 3250   42
4  864  866  863   31
4 1938 3751 3361 1936
4  737 1330 3064 1757
4 2197  187  870  188
4  510 3755  507  667
4 4400 4797 1616 1615
4 1267 2590  528 2178
4  312  985 2938 3019
4 2585 3274 5074 3782
4 2362 2045  502  499
4 3921 3256 2135 1251
4 4849 2501   10 1208
4 3452 1832 1880 2779
4 4108  833 3432 3688
4 1659 2885   58 1002
4 2316 3545  575 1141
4 3726 2924 2921 2923
4 1332  385 1781 2385
4 2634  820 1658 2555
4 1293 1378 1291 3273
4  370  368 2524  369
4  460 4794 2910 3045
4 4547  108  363 3580
4 2239 4979 2026 2240
4 2760 3539  242 3884
4  630 3633  437  263
4   87   84 1756 2151
4  640 1139 4669 3645
4 2235 1526  501 1106
4 1445 1740 4830  611
4 2578 3900 2869 1113
4 2128 3389 2127 2129
4 2583  700 1921  701
4  159 2993 2230 3467
4 1393 1392  676  422
4 1971 3892 3229 3422
4  107 3086 3539  108
4 3198 4298 4811 3601
4  374 3930  375 3830
4 3878 3051 2915 3877
4 4278 4246 4047 3544
4 2090 1796 3698 3509
4  201 3397 4426 2728
4   25 1748  617  258
4  209 3062 3264 4770
4 1618 3305  539  541
4 1898 4662  199 1570
4 2557 4716  517 1780
4 1984 4504 1608 2729
4  292 3556 1311 3254
4 1445  614 1551 2643
4 3678 2827  463  881
4 2710 1621  399 3377
4 3284 2164 3283 3374
4 2466 4410 5019 4949
4 4109 4209 1713 2572
4 1924 4755 1922 4445
4  109 2532  111 1961
4 2464 3307  133 4588
4 1387 2757 1895 1997
4 1790 3921 1250 1251
4  577  882 1572  641
4 4024 2789 4818 2791
4 2008 4326 2339 3100
4  239 1825   27 4029
4 1593 2349 3341 2432
4 1347 1635  966   13
4 2584 3274 2352 2585
4 1666 5033  433 4135
4 2315 3240 1141 2882
4 2464 4112 2903 2463
4  464 3380 4821 2156
4 2354 2834 1518 1516
4   12 2320   14 1031
4  792 1396  791 3889
4 1309 4682 3557 1311
4  775 2240 4094 1256
4 4481 1981 1934 1852
4  655  547 2031  550
4 1625 5077 1429 1626
4 1880 2779 1832 1831
4 1098 1916 2977 3559
4  170 5076 3789  140
4  843 2655 1614 2393
4  682 4417 2051 1071
4  369 2303 2524  220
4  592 2434  835  156
4 2748 3912  213 2750
4 3220 3658 2385 2550
4 3801 1123  568  569
4  452 1366  734  451
4 4001 4534 3059 3060
4  785 4510  786 1824
4 2341 2980 4757  392
4 2141 4991 2954 4051
4 1012 4492 1014 1011
4 3515 3516   66 2528
4  879 1900   42 2443
4 4536  948  951 4535
4  757  194  756  754
4 2223 2827 1275 1202
4  757  755 1884  754
4  889 1872  890  891
4 2555 2633  848 2634
4 4105 4187 3716  321
4 1578 2877  470 2493
4 2997 2850 1057 1169
4 4799 3274 5074 2585
4 4854 3365 2323  287
4 3770 4097 3459 3769
4 3886 1197 4078 1697
4 4512 2645 1917 1692
4 1387 1997 1895 1414
4 3426 4084   47 2551
4 3627 1902 3869 3871
4   86 2776 1954 2786
4 3592  198 1610  148
4 2698  928 1251 3257
4  101 2267 1727 2269
4 4571 4705 3615 3812
4 2934  864 2075  866
4 4003 3885 1942  225
4  300 2580  299 2366
4  528 2199  529  530
4 2543  910  696  678
4 2055 4216 3638 5056
4 3205  597 2762 3202
4 2169   63 1023  650
4 1595 3385 3129  395
4 2976 4124 2800 4654
4 4281 4280 2411  645
4  983  984 1912 3317
4 3478 3779 3479 1948
4 3885 1942 3886 4003
4 1629 3857 2293 3187
4 2487 1326 3787 4683
4 3086 3540 3539   78
4 4528 2249 3348 1077
4 1842  907 2412 1687
4 4702 2057 3127 1733
4 1942 1196 1197 4455
4 3370 1679 1557 3371
4 3329 2706 2121 2172
4 1528 4447 1531 1967
4  891 3348 3003 3004
4 1844 1843 1703 1752
4 3271 3156  938  939
4 1804 2545 1805  178
4 3960  334 2155  336
4 4891 3736 4635 3649
4  622 1131 1130 2307
4  772  239  240  494
4 3873 2681 1902 3871
4 2525 2303 2524  369
4 3871 1164 2331 2487
4  879  161 1891 2279
4 4619 3523 5055 4096
4  500  684 3715 2444
4   96 5078   97   99
4  686 4947 1510 2981
4 1779 3174  225 3173
4 1564  812 1565 1566
4 2575 1181 1083 4307
4 1311 3557  291  289
4 3172 3546 4567 4468
4 2429 5079 4771 4929
4 1558 3199 3038 2366
4 3902  677 3242  911
4 1451   66 1032  115
4  650 1094 1436  651
4 2018  119 2904  135
4  881 1202 1204 3509
4  775 3076 1256 4117
4  377 3690 3067  379
4  968  819  712  820
4 1649 5058  457 1680
4   79   77   10 4789
4 4344 1714 4209 1713
4 2758 2757 1582 4207
4 3156 2303  220 3271
4 2766 4986  326  327
4 2541 3886  559 4003
4 1103   94  886  864
4 1894 3926  865 1980
4  189 1261 3283 2987
4 1161 1162 1164   40
4 4268 2539  807  560
4  207  817 2466 1169
4 2719 1944  822 2119
4 1883  474  844  472
4 3672 3673 4725 3671
4  455 4297  274  276
4 2130 3212 2335 3952
4 1315  736   82   83
4 3601 3198 4298 3188
4 1781 1782 1783  308
4 3207 3746 1701 4669
4 2442 3250 2950 2443
4 1021  344 1244 1860
4  549  548 2383 1955
4 4403 4635 3872 3649
4  525 2701  526 3065
4 2040 1759 2007 1761
4 3921 2135 2134 1251
4 3959 1981 1832 3832
4 3178 4059 3708 3709
4 3154 2345 1270 2490
4  252  366 4439 1307
4  227 1980  229 3266
4 3871 3627 1902 3873
4 4784 5023 1520  349
4 4801 3269 4053 1701
4 4244 2834 2850 2354
4 1389 1388  660 1391
4 1826 1938  553 1856
4  581  580  421  849
4  754  194 2010  757
4 2554 3337 1832 2556
4 2443 1913 1900  127
4 2939   25 2197   27
4 4407 4283 1043 1084
4 3776 2479  117 2523
4 2649 2648 3350 4901
4 1701 1700 3746 3207
4 3040 4927 3730  406
4   62   60  628  355
4 1020 2602  342 3101
4  971 4172 4744 4603
4 3765 4983 3016 2279
4 1010 2670  651 1008
4 4144  171 1096 3371
4 1269 2178 2199 2177
4 4335 3907 2327 2944
4 2865 2866  861 3481
4 4269 3212 1461  897
4  239   26 4028   27
4  650 1436  628  733
4 2300  908 2710 3888
4  763 2709  618 2300
4  239 1060  240 1067
4 3078 3753 3614 4396
4  350 4847 5023 4784
4 2470 4738  346  347
4 1644  769  768  770
4 4650 4717 1015 1018
4  581 5080  578  579
4 3471 2005 2433 2082
4 1733 2805 3127 4702
4  131  130  182 2978
4 3271 1465 1807 3082
4 2982 2981 4947  686
4 3711 3682 3185  942
4 1701 4467 4053 4801
4 1631 1632 3324 4846
4 1924 1360 3527 4755
4  552 4933 3767 3768
4 4284 3983 1253 1210
4 2585 3274  160 4799
4  284 2594 5081 4368
4 4217 4016 4068 2778
4 2517 4723 2507 4585
4 1105 1792 4857 3088
4 4202 4705 5046 3615
4 1321 1772 1323 1160
4 1844 2081 1752 1450
4 1701 1126 1700 3207
4 2034 2831 4536 2035
4 4268 2540 2649 2539
4 1931 4774  143 3329
4 3266   23  336 3251
4  887  889 1718  520
4 1626 1429 1242 2446
4 3339 2317 4454 3812
4 2555 2554  102 1880
4 4296 2736 2199  529
4 1450 2081 1752 2079
4 1882 2323 1880 3364
4 5054 4247 2025 1057
4  327 4986  326 3808
4 1242 1701 1129 4800
4 1398 1545  435 1839
4  628   63 1023  355
4 2721 3661 2722  553
4 2520 1802 2274 2521
4 2681 3382 1297 1760
4 2809 2182 3012 2299
4  519  110 2230  112
4 2950 1438 4859  423
4 2342  704 4509  937
4  347  346  795 4738
4 4648 4223 3613 1063
4 1570  199  987 4662
4  112 2532  111  109
4 2940  671  197 2010
4 1442 1441  478 3121
4 2556 2554 2900  100
4 1730    9 2817  250
4 1726 2379 2380  707
4 2228 1149 1151  151
4 1096 1556 4179 3371
4 1573 4379  695  696
4 2010  197 2940  757
4 1266 3519 3834 3988
4 3670 2587   91 1497
4 1566 4617 1563 1564
4 1861 2174 4843 2374
4 2160 4763 3137 4468
4 4650 1015 1017 1018
4 2362 2482  941  500
4 2361 4768  401 2364
4 2731 2390 2732  352
4 2508 4723 2921 2510
4 2418 2459  558  556
4 1708  225 2208 1638
4  314 4852 1607 1596
4 3709 4059 1685 3178
4 3429 4299  199 3781
4 2579  974 2844  292
4 1602  561  562  707
4 4362 3978 1094 2169
4 3627   40   41   42
4  701 2565 1921 1927
4 2118 1023 2117 4822
4 2585 3782 5074 4935
4 3535 4902 2601 2649
4 1905 1698 4078 1535
4 4697 4695 4033 2480
4 3007 1809 1810 2669
4 4241 1118 1120 2878
4 1174 1173 2765 1172
4  385 1780 1781 1278
4 4003 3886  559 1942
4 2631 2660 1257 2661
4 4523 4173  916 1025
4 2169 2424 1436 2426
4 2153 3389 4918 4873
4 2634  820 2144 1388
4  870  867  868 2861
4 1224  718  720  566
4 1129 4800 1701 4597
4  419 1393  421 3470
4 1721 2632  917 1087
4 4639 1494 5082 4106
4 1696  102 1880 2377
4   82 1815  736 1315
4 1342  797 1567 4686
4  331 4264 1116 4960
4  553 1621 2939   27
4 2278 2895 1767 1765
4 3949 4775 2540 3472
4  531  534 4427 4981
4  494   84   86   87
4 2143 1203 1054 2468
4 4436 4437 3620 3861
4  613 4312 3210  138
4 2978  183  184  182
4 1382 3934 2857 4170
4 1542 1392  910 3724
4 3169 3021 4906 3008
4  272  424  357  423
4 1731   77   78 4734
4 2178 2590 2222 1267
4 2108 1490 1489  732
4  104  103 4405  921
4 2148 3686 3105 2149
4 2394 1083 1850 1082
4 2264 3133 1713 3662
4 2160 4567 4763 4468
4 3711 4089 3682  685
4  827 3935  828  830
4  369  507  508 2692
4  189  186 2610  188
4 3594 3629 1780 3593
4 5021 1447 1448 1818
4 1672 1673 4798 3616
4 2235 1526 1106  884
4 1438 1146 2682 2183
4 4423 2201 1486 3332
4 2278 1767 1547 1765
4  243 2911 1911 3882
4 3027 2376 1587 1601
4 4600 1240 2586 1241
4 2252 4692 4552 4420
4 2522  117 1201 2063
4 3363  673 1148 2254
4 4609 4568  655 3074
4 4189 2946 3507 2947
4 1208  721 1207  249
4 2995 2311 2946 4189
4 1328 1396 3451 1397
4 2114 2113 4086 2112
4 1565 3170  492  494
4 2300 1260 2299 3089
4  174 1568 2880  172
4 3757 3330  563  565
4 2977 1557 3544 1556
4  686 4595 4947 2982
4 2550 4139  922 2385
4 4787  837  839 3834
4  771  772 2373  494
4  203 3232 2892 3739
4 1683 2021 3094   43
4 1220  446 4405  104
4 2986 5000 2987  878
4  275  507  276  220
4  391 3770 2573 4391
4 1802 3730 2275 2276
4 1583  242 2817  244
4 1066  368 1065 1151
4 3878 2517 2509 3167
4 1332 1780 1782 1783
4 1719  995 2506  236
4 3647 3106 2035 3108
4 3911    4    6    7
4 2458  223  225 2460
4 1227 3191 3822 1711
4 1974 1975 1977 1867
4 4567 4763 4408 2160
4 2279   41 1900 4563
4 2188 3432 4108 1684
4 3806  921   85  104
4  164 3588  167  288
4 3041 1663  383  406
4 3062 4402 3061 1515
4  118  117  652  653
4 2301 2733 2734 1749
4  959  202 3316  956
4  418 4065 3739 3738
4 1699 1831 1880 2554
4 4536 3647 4535 5016
4 4619 2551 3524 4096
4 2233 3532 3533 1302
4 3959 3337 1981  960
4 5065 4639 5082 4106
4 2117  120 2803 4432
4 1237 1439  675  912
4 3615  791  793 3340
4  220 1465  218  267
4  277  577  279 1947
4 1924  311 3707 4364
4 1713 4344 1714 3423
4  273 2626 2877 2549
4 2084  857 4652 1018
4  324 3372 1815   82
4 3602 3631 4626  955
4  375  372 2666 3930
4  230 4716 1356 2305
4 2973 1980  863  865
4 3245 2380 1337 3879
4 2592 1594 1657 2432
4 3483 3482 2294 2814
4  395 2072 4885  394
4  395 3166 2274  394
4 4819 1873  522 1717
4 4045 1223  720  564
4 3777 3402 3404 3405
4 1084 3835 1227 3437
4 2036 2619 2620 1204
4  308 1278 1039 1781
4 1061 4648 2593 4368
4 2923  237 1614 1182
4 4645 1506 1508 1507
4  957 3315  958  959
4  707  708  561  562
4 2608 3922 2605 3462
4 2345 1405 1269 2490
4 2834  806 3062 3247
4 1775 1166 1215 1252
4  894  305  307 1783
4 5045 5044 3507 4189
4 1462 1216 1218  815
4 3283 3374 2164 5041
4 4723 2924 2922 2508
4 2899   89 2897 2898
4 3265  333 2473 4017
4  909  910  911  678
4  437  783  438  271
4  678  676  911  909
4 4078 1195 1197 4895
4 2964 2965 2274 2275
4  249 1558  874  724
4 4716 1356 3629  509
4 3405 4865 2989 3404
4   78 4734 3181 3540
4 2235 3150  913 2085
4 1281 1386 1384 1385
4 2485 2484 2687 1754
4 2697 3991 2694 4057
4  903  516  515  518
4 1761 4184 2007 2006
4 2554  102 1880 1699
4 2089 4457 2088 2775
4  905  906  908 2101
4 1307 1305  254 1304
4 1920  804  806  267
4 2541 1155 1156 4101
4 3592 3685 1608  198
4 5005 3962 2213 1630
4  667  540 4213 1619
4 1391 1390  159 1389
4 4536 4535 2034 5016
4 1442 2838 1440 3756
4  342  367 2602  366
4 3722  869 2197 4645
4 2031 2429 2383 4643
4 4053 1308  723  724
4 3266 2154  336 3072
4 3331  877 2166  484
4 3282 2450 3171 2451
4 4202 2783 3889  791
4  802 1802 2274 2520
4 4547  901 1545 3580
4  184 1445  614 4665
4 1304 2830 1305  254
4  603  600  276  507
4 2524 3512 3513 4382
4 3959 4774 1934 2719
4 3800 1123  568 3801
4 1764 4600 1119 4475
4 1236 2848 2847 1235
4 2910 3794 3793 2908
4 2506 2504  992 2503
4 3524 4509 2640 4448
4 1209 1358  413  414
4  169 2928 2931 2929
4 3160 2945 3611 3610
4   19 1512   17 4069
4 3377 1621 1591 2710
4 2169 1094 1436  650
4  600 2524 1828  220
4 2587  461 4138 2588
4 4589 1105 1213 1666
4 3448  766 2397 1520
4 1509 1510  685  686
4 2183 1146 1895 1438
4 3806 4527  921  104
4 3872 3096 4853 4994
4 5011 4232 3203 2419
4  227  228  229 1293
4  549 2428 4735 5030
4 1626 1625 2116 4293
4 2238 2239 3225 4345
4 2344 3318 1768 2866
4  941 4719 1509  940
4 4824 3000  400  499
4 3017 2894 2895 2278
4 1373 1372  788  566
4  161 4579 4934 3549
4 1048 2291 1049 1050
4 1784 4389  457  459
4  324 1815  736  325
4 4571 2529 4806 2552
4 4619 4910 5055 3523
4 2274 3385  538 2521
4  150 1065  971 1619
4  256  255  257 2699
4 3742 4019 4631 4018
4  895 3763 4703 2797
4 2486 4486 2484 1755
4 1569 3163    2 1854
4  893 1783 3658 1332
4  391 3459 3770 4391
4 3626 4248 3627 1902
4 3047 3781 4080 3429
4 1250 3922 2134 3921
4 1419 1013 3528 1421
4 4822 2802 2117 2118
4 4854  287 2323 3820
4  510  230  509 1355
4 3008 3021 4897 3169
4 2271 1523 1525 3083
4  849 4767  410  581
4 3146 2282 2283 1861
4 1364 1166  412  414
4 2541 3885 3886 4003
4 2133 1024 2948 1883
4 1793 1792 1105 3088
4 3311 4919 2583  700
4 1512 1514 1511 4668
4 1761 2007 1903 2006
4 2969 2967  952 2292
4 4469 4013 4316  617
4 4506 2933 2332 2334
4 4972 2428 4735 2429
4 1724   80 3456  554
4 1666 4135 1213 4589
4 1346 3476  745  746
4  544 3245 2380  546
4 4946 4613 2916 1726
4 2745 3137 2643 1756
4  650  117 2117  653
4 1320 1102 1159 1323
4 2749 2962 4182 2750
4  727 2584 2351 4817
4 3509 1796 3698 1640
4 4993 2115 2536 1626
4 2716  822 2685 4606
4 3167 3245 3872 3879
4 1401 1105 1106 2234
4 3483 2295 2294 3215
4 1779 1778 2644 3174
4  175  882 1572 1457
4  489 2805 4193 2804
4 3046 3815 3660 4715
4 2343 4833  315 4910
4 3405 3402 1394 3777
4 2326 4961  111 2328
4 3766  186  552 3641
4 4215 2182 1469 1471
4 3233  907  908 3786
4 3737 2296  902  250
4 1025 1674 1024 1349
4  840  464 1266 4367
4 3003 4061  887 3743
4 1640 2231  215  746
4 2338 2336 4871 2337
4 2353  162 3020 3281
4 2457 2456  280 2396
4  109 2532 1963  112
4  263  271  630  266
4 1070 4625 1946  413
4 1920  218 1518 3714
4 1414 1997 1581 1387
4 3763 1188 1610 1189
4  538 2358 3564 2519
4 2859 1506 1508 4645
4  870 4727 1261 2860
4 2965 2274 2275 2276
4  897 5072 4939 3070
4 1531 4478 4177 1530
4 1066 3845 2227 3227
4 2895 1767 2472 2277
4 3724 1540  910 1542
4 1219 2136 3022 1222
4 4592 2002 3185 4374
4 1043 2889 1006 1005
4 2370 2369 1329 1297
4 3134 3137 2414 4190
4  542 1188 1610 3763
4 1210 1133  583  785
4  784 1737 4943 1738
4  196  195  668  669
4 2317 4673 4907 4453
4 2598 4121 1139 1688
4 1966 4015 1967 1968
4 2504 1612  236  995
4 4360 5002  228 1483
4 2372  741  255  256
4 2210 2923 2265 2125
4  819 3971 1819 3697
4 3664 1616 3294 2244
4 1471 3393 1469 4215
4 3872 4994 2509 4969
4  352 3239 2631 2731
4 1891 5015  727 1892
4 3170 2795 3169 4178
4  239 3895 2114 1985
4 1061 2593 1062 4777
4 3040 4270 3104 3730
4  189  870 3283 1261
4 1340  326 1341  329
4 3866 4063 3588    7
4 4879 2176 4288 3641
4 3002 3456 2515 2613
4   15 4394 3410 1635
4 2024 4243 2025 2354
4  427   58 1835 3710
4 1087 2191  917 1721
4  711  819  712  713
4 3267 4655 2656  765
4 3830 4998 2103  374
4 1183 1316 1594 1184
4 3948 3909 3473 3472
4 4138 5082 1496 4106
4  577  576 5007 4601
4  100 2554  101  102
4 1883  916 2070  842
4  174  798  173 1480
4 1371 1726 1727 1725
4 3912 1918  664 1919
4 2048 5038 3825 1599
4 3591 2654 1886 3590
4 3037 2636 3798 3799
4  952 4846 4253 3602
4  208 4244 2850 4211
4 1469 1748 1471 2372
4 1021 2674  605   51
4 3998 1034 3997 1032
4 4979 2026 2240 3412
4 4079 2776 1954   86
4 1802 1803 2274 2521
4 2569 2618 3392 1471
4 4688 2666 2397 1479
4 1158 2325 1323 1160
4 1813 1812 1814  472
4 1451 3169  115 1036
4 2386  390  391 4391
4 1275 1581 2223 1387
4 4799 3487  160 2585
4 1387 1275 1581 1414
4  112 1551 2643 1445
4 1103 2887   94 4325
4 4536 3354  951  948
4  547 3367 4610 4259
4 3371 1096 1098 1097
4 3247  806 3062 4770
4 4664 3110   32 1467
4 1006 3794 2910 1004
4  621 4890  103  619
4 3310  726  133 4588
4 2224  857 3780  856
4 3681 3680 4543 1448
4 3084 1248  217 3083
4  542 2735 1188 4276
4 2375 1978 2906 2173
4 1845 4055 2453 3688
4 4770 4303 3632 3264
4  937 1595 2342 1803
4 1737 1906 2784 1739
4 2829  463 3863 2827
4 3405 3506 2989 4865
4 2829  463  880 1492
4  484 3980 3151  481
4 3415 4348 3133 2739
4 2289 1876 1877 4041
4 3862 2835 3420  660
4 1191 1367  314  939
4 3830 2664 1479 4937
4 2369 2990 1329 1297
4 2290 2682 2085 3817
4 4665  614  184  132
4 3916 1876 2405 2289
4 4282 5045 4720 3507
4 4365 2448 4646 4366
4 1297 1295 3403 1294
4 2874  284 3113 2871
4 3257 4076 4841 3255
4 2254 4420 3257 4841
4 1666  433 1213 4135
4  482 4680 4353  484
4  955 4626 1101 3631
4 1895 3538 1897   35
4 3145 1272 3543 1273
4 1087 4520 1086 2190
4  239 1825 2831 2200
4 3779 3477 3425 1948
4 4895 1196 1197 3886
4 1800 1801  343  342
4 3241 4459  910 3724
4 1049 3395 1048 2804
4 1267 1269 1359 1270
4  737 1757  839  735
4 3704 4463 1363 3707
4 2331 2433 2434  592
4 2079 1750 2081 1752
4 1910 1459 1909 4404
4 2990 2989 3405 3894
4  989  187 1061  189
4 4157 1880 1881 4854
4 2262 2838   94  360
4 4846 1632 4342 1631
4 3894 2681 2991 3083
4 4573  643 3708 3365
4 1727 1725  706 4237
4 3144 3142 4359 1333
4 2522 4225  698 4154
4 4277 3974 2394 1941
4 1182 1614 2923 1185
4  966 4530   14   15
4 2479 2617 1023 1088
4  641 1572  902  882
4 2290 2682  913 2085
4 2290 3150 2084 2085
4 3392 3802 1470 1471
4 4387 3754  601 1930
4  913 3150 2682 2290
4  652 2670 3804 4663
4 3641 4538 4879 3640
4 3742 2872 4671 4018
4 1359 2003 2004 1089
4 1582 3055 2223 4230
4 2649 3350 3535 4901
4 2117 1023 2169 4822
4 3811 4809 4454 4451
4 4293   18 1310 2566
4 3678 1266 3581  881
4 2951 3286 2621  209
4 4774 4831 1932 4832
4 3594  385 1780  275
4 4043  344 1246 1247
4 2303 1488 2525  503
4 1670 1669 5064 1668
4  721 2220  722  874
4 4951 1466   34 1468
4 2074 4787  837  839
4 1638 1708  225  223
4  723 1308 2296  249
4 3152 4539 3151  462
4  802 3099  800 2441
4  842  622 2070 1131
4 2657 2658 2659 3289
4 1918 1367 4852 1191
4  603  601 1930  276
4 3359 3448 2399 2410
4  939 3156  938  936
4 2803 2167 2802 2117
4 2734  868 2733 3374
4  484 4353 4036 4680
4 4544 1808 1228 1811
4 3462 3922 2360 3942
4 3701 2398 3114 1940
4 2750 2749 3128 2748
4 4984 4193   72   74
4 3192 1710 1227 1228
4 3620 3010 3861  415
4 2795 3021 4178 3022
4   53  447 4358 4302
4 5083 5084 3401  371
4 4648  282 1061 1063
4 2440 3465  540 2438
4 4404 1459 1460 1910
4 2373 3294 4065  238
4 2913 4946 2916 1726
4 1159  831 1102  832
4 3046 2722  553 3767
4 3009 3008 4123 1036
4 3233  908 2710 3786
4 3078 3317  634 3753
4  340 3313  337  338
4 1756 2484 1755 1754
4 3019 2999 3197 3188
4  342  365  344  341
4 4555 5026 1284 1285
4 3180 2913 2914 2915
4 3694 2680 2960 2958
4  414 1358  413  411
4 1509 4947 2255 1510
4  525 2066 3761 3064
4  603 3755 3401  369
4 1879  817 2000 2289
4 3882  179  181  243
4 1500 2676 1498 3091
4 2791 2885 5060 4186
4  357  356 1405  530
4 1718 1872  522  889
4 1775 5085 1774 1772
4 1122 1527  975  901
4 2505 3889 1396  792
4 3993 3567 1608 1189
4 1982 1109 1112    6
4 1420  568 4659 3801
4 4959 3901 1598 2559
4 3903 4392 4654 2976
4 1560 3391   23 3251
4  573  574 3464  571
4 4481 1982 3911 4561
4 3551 3404 4865 3405
4  573  571 3464 3465
4 1254 1255  127 1900
4 2487 2331 2319 4913
4 3860 2415 3862 3420
4 1599 1597 3825 2048
4  324 3372 4687 1815
4 1055 4703  892 3224
4 3841  894  893  895
4 2878 1140 2882 1118
4 3607  667 3755 4220
4 3291 3109 2499 1598
4  108  297  300  298
4 2960 2679  587 2918
4 3091 1498 1353 3090
4 2125  842  845  624
4 2197 2205 4645 1067
4 2997  803  431  221
4 2990 1327 1328 3402
4 1308 3556  723  724
4   38 1547 2277 1861
4 1909 1459 2000 4404
4 1862 2467 1203 3796
4 4094 2240 3412 4979
4 3405 3551 3404 3777
4  326  328 1341  329
4 3860 4557 4027 4026
4  325 2074  322  846
4 1760 1296 4116 1759
4  879 1683 1891 1684
4 1697  689 3886  559
4  156 1390 3357  157
4 3647  948 3354 4536
4  384 3479 4139 2386
4  696 1573 2723 1575
4 5014 1705 1707  542
4 3801 1418 1420 3800
4 1066 1064  368 4310
4  902  882  884  639
4 4638 3803 1470  964
4 4069   18   17   19
4 4445 4755 1360 1924
4 3243 4412 4068 1810
4  416 4021 3195  417
4  772 3435  240 1059
4 3087  855 2039  858
4  696  910 1317  909
4 2544 2543  910  696
4 3723 4388  409 3241
4 1021 1878  681 3856
4 5084 4073 3401  371
4 4817 4690 2351  726
4   32   34 1468   35
4  472 1813 2092 2093
4 5068 3468 2820  498
4 2166 3670 2899 3669
4 3146 2055 1801 1860
4 2916 2914 4946 2913
4 4143 4887  818 2466
4  955 4628 4626 3602
4 2918  587 2960  589
4  640  332  641  642
4 1379  477 1291 1378
4  791 5046 3615 4202
4  955 1101 1102 3631
4 3843  726  727 1684
4 2354 4244 2834 2833
4 1279 2625 1678 2627
4 3872 4635 4994 4969
4 3619 4493 3618 5031
4  903 4269  515  385
4 4117 4116 3076 2240
4  473 2839  474  480
4 1006 4176 3794 4948
4 1197 4558 1194 1195
4 3485 4253  754 3324
4  484  877 2166 4036
4   52   55  682   53
4  737 3761 3762 4787
4 2824 2339  774 1214
4  902  901  363 2743
4   41 4563 3015 3626
4 3481 3033 2864 3480
4 3050 2859  870 2860
4 3863 4340 2673 2607
4  271  784  629  263
4  442  935 1967 3778
4 3856 2000 1019 3351
4 4127 3701 2402 2717
4  280 3398 4712  330
4 2457  278  672  277
4 4394 3410 1635 3995
4  249    9   10   79
4 2877 2626 1796 4181
4 4425 2843 1769 2566
4 2101 3239  352 2731
4 1250 2605 3279 3922
4 1136  871 3038 1558
4 3271 2303 1465 3082
4 4400 2775 4457 2089
4  385  386 4269 1277
4  954 4627 2313 2258
4  243  179 2911 3882
4 3747 4669 3645 1701
4 2090 3698 1347 3509
4 4260 4652 1018 1256
4  739 1805 1455 4953
4 3817 2272 2966 2683
4 2606 3941 4340 2607
4 1938 1936 3361 2595
4  538 2072 2274  537
4 1801 2374 2604 3101
4 3069 3071 2492  897
4  252 1305  254 1307
4 1487 1807 1488 3082
4  511  514  706 1727
4   63   60  628   62
4 1908 1175 2974 1178
4  958 1504 3316 3314
4 2461 4691 2080 2464
4 1457  241 1572  175
4   65 4632 3997 4642
4  640 1139 1141  332
4  294  646 3702 3827
4 1149 1151  151 3521
4 3535 4201 4341 1176
4 2534 2533 4007  420
4 1744 2832   99   97
4 2893  559 3177 1696
4  816  899 1354 1462
4  814 1271 3145 1273
4  586  588 3354 4786
4 2300 1260  398  616
4  271 1738  270  629
4  510 1929 1930 4386
4 2038 1335 2091 4359
4 2634  956 2633  203
4 2263 2923 2264 2265
4 3640 4538  483 4288
4 2005 3261 1424 1303
4  167 2399 1994 3703
4 1307 1305 3116 3453
4 1731 1729    9 3238
4 2047 2499 2559 1598
4  362   92   94  361
4 1151  368 3844 1066
4 1263 2197 1749 1265
4 1445  183 2328  184
4 2399 1994 3587  167
4 4180 1283 4991 2693
4  771 1521  921 4926
4 2589 3654  255 2699
4 1858  534 4427  533
4  292 3254  289  290
4 1373  785 1950 1949
4 2181  618 2299 2300
4 1169 2834  269 2997
4 2719 1944 2718 2716
4  500  499 2865  403
4 2912  241  243  244
4  387 1461 2474  922
4   15 4394 1635  966
4  547 4610 4258 4259
4 3002 2512 2515 2513
4  670 4836 5027 3412
4 3091 2154  899 1459
4 1185  844 1624 2948
4  992  993  995 2506
4 2349 3890  793 2529
4 2761 1583  242 2817
4 2444  913 2443 1438
4 3858 2164 5008 4726
4  462  461   91 3152
4  695 2103 4688 3830
4 3324 3484 3322 4262
4 1228 3835 4235 1712
4 1928  275  276  455
4  831 2886  195  196
4 4320 1910 3352 2378
4  975  974  901 1651
4 1823 1223 1373  566
4 4081 1142 3412 4094
4 2318 1423 1424 1562
4 3352 1909 1910 3351
4 3781  199  200  320
4 4109 2572 2573 3175
4  874 1136  871 1590
4 2874 2872 3741 5010
4 4786  488 3354  586
4 3764 4837 3125  208
4 2566 3557 1310 4293
4 4758 4347 4895 3886
4  323   80   82  325
4 1612  234  236  237
4 3734 4996 3735 3733
4 1285    2 1835   56
4 1622 4917 2022 2836
4 3259 5053 3260 3261
4 2521 2520 1802  936
4  184 1740 4665 1742
4 3190 3497 3546  771
4  608 4954  690 3178
4  494 2152  240 2373
4  589 3376 1406 2919
4 3641 3768 3766 4879
4 3544 4925 4246 4008
4 3199 3038   76   79
4 1066 3227 1064 4310
4 4916 1355  230  510
4 3307  133 3310 2464
4 4059 4281 4889 2412
4 1067 2205  240  239
4  816 2000 1462 1169
4  929 3018 2337 4871
4  477 1291 4545 1379
4 3436 2487 2331 2319
4 2244 2243 2917 3663
4 2635  872 3799 2220
4 1409 3032  638 4653
4 4804  506 4450  503
4  639  882  884  641
4 3817 2391 3816 2698
4  350 3450 2411 4782
4 2206 2860 2859 3050
4 2532 2927 1551  124
4  942  529  530  527
4  432  433  435 1839
4   79 2744   78 3199
4 2378 1910  562 4320
4  248  246 1017 3864
4 1739 4200 1491 1906
4 4214 4789  873   79
4 2603 1870 1871 2112
4 2675 2154  899 3091
4 3109 3605 4099 2577
4 4797 3664 1616 3295
4 4334 3354 3108 4786
4 3780  177 1399 1788
4 2661 1260  398 2300
4  803 2702  601 4294
4 1537 4725 5066 4105
4 4129 2259 1215  954
4 2254 1148 2391  673
4 2279 1900   42  879
4 3984 2955    3 2957
4   79 3038  873  871
4  358  356  359 4087
4  585 3838 1865  583
4 2548 1270  273 2490
4 3358 2161 1171 4404
4  972 2570 1571  969
4 1371 1643 1726 1641
4 2431 2831 4536 2034
4 1949 1950  583 1133
4 3412 2026 2240  775
4  833  834 2232 3688
4 2082 2241 1303 2079
4 4510 4346 4575 1210
4  207 2834 3247 1169
4 4786 1827 3108 4334
4 2338 2339 2337 2868
4  842  622  474  916
4 1199  117 1201 2018
4   53 4303 1909 2621
4 1988 3996  813 2173
4 2601 2599 2600 4902
4  820  712  968 3053
4 4280 3450 2411  645
4 1565 2846 3170 2845
4 4226 4225 4460 2522
4 1354 1537 3672 1352
4  121 5062  614  124
4  566 4968 1372 4581
4 2181 2194 1848  618
4 3082 3332 2204 2519
4 3058 1870 2831 2200
4 3389 4918 3391 2153
4 2490 1405 1269  357
4  727 5029 5015 3637
4 4595 3967 3292 3291
4 1340 3057  173 3114
4 4969 4635 4209 3872
4  968  965  712  819
4 4294 3560  276  803
4 2300 2181  618  763
4 4698 3458 3513  219
4 4871 3880 3018 2337
4  976 2403  979 2404
4 1277 4039 1278  153
4 2388 3888  908 2300
4 5025 3824 2788 5059
4 2904 2903 1845 3688
4 1286 4562 1933 4481
4  511 4612  706 1691
4  863   31  927   29
4 3761 3762 2701  737
4 3747 2856 3645 2855
4  110 1445  183 2328
4 2712 2394 1941 4277
4 4642 4632 1262   65
4  509 4716  230 2305
4 4082 4092 4145 4093
4  503  504 4450 4309
4  138 4408 2159  137
4 1482  226 2282  228
4 3031 3030  812 3029
4  655  654 4115 2408
4 4979 4081 5027 3412
4 2133 2092  474 1883
4 3444 4314  676 3721
4 3440 3442  781 4195
4 3281 3019  162 3020
4 4268 2541 2540  560
4  724 1558  874 1136
4 3257 3256 3255 4537
4  472 2092  844 1883
4 2960  587 2680 3717
4 2388  908 3668 2300
4 2555  100 2556  847
4 3450 4281 4280 4507
4 2478 2962 2980  393
4 2391 2683 2272 3817
4 4028 2974 2892 4385
4  533  534  636 1858
4 1421 1013 1418 1419
4 2073  839  325  737
4 2935 2819 2936  496
4 2286 1495 2284 1497
4 1340 3701 3114 1940
4 2765  732  734 1962
4 2057 3511  716 2015
4 2379  545 4613  544
4 2502 4849 4848   10
4 1087 1721 1720 4262
4 2182 2180 4722 4215
4 3611 4732 4575 3609
4 3611 3610 4732 3609
4 4755 2583 4306 1921
4 3409 2774 4519 3214
4 3992 4103  381 3567
4  672 3098 2456 2455
4 2138 2139 4964 4963
4 3052 2090 1204 3148
4  707  706  102 1727
4 3742 4631 3741 5010
4  887 3215  361  889
4  208 2833 4244 4837
4 2265 1233 1814 2125
4  878 3874  875  876
4 4760  805 1518 1920
4    9   77 5047 3237
4 3755  507 1930  510
4 1862 4083 1676 2714
4  836  745  835  833
4 2405 3916 3918 3335
4 1405 1404 4430 3597
4  691 4285 4660  497
4 4444 3301  532 3694
4 2223 2757 1582 1384
4  899 3893 2492 2675
4 1424 4907 1561 5086
4  141  143 1981  960
4  678 2543  910 2544
4 2685  328 2684  327
4 1782 2305 1331 3944
4 2962 4182 3912 2478
4   80  101   81  100
4 2792 3907 4962 4551
4 3577 3317 1212 2234
4 4184 1295 2370 3382
4 2455  672 3205 3554
4  935 3244 1810 4560
4 4114 4753 4749  427
4  597 2419 2762  599
4 3471 3341 3743 1657
4  391  390 3459 4391
4  427 3913 1835 3914
4 3069 3952 4624 3212
4 4233 4234 1228 2384
4 2924 2921 2922 2508
4  531 4444 4577 4981
4 3088 1411 4790 3696
4 3144 3141 3142 1333
4 2332 4506 2333 3853
4  370 2524 3844 4309
4 2958 4578  532 3694
4 3190 3546 4926  771
4 4098   68 1059  772
4 4758 4999 4347 3885
4 3322 2310  756 1888
4 2234 1122 2568 1104
4 2874 1262 3741  989
4 1984 4505 4677 3049
4  645  287 2399 3820
4 2200 1870 4909 3058
4 4614 1344 4093 1343
4 4517 2176 2699 3152
4  245 3864  246  248
4  330 2456 4712  280
4 2265 2923 2264 2921
4 1861 1801 4843 1020
4 3199 2744 1558   79
4 4185 5069 1245 1244
4 1020 4843 1861 3447
4 2773 2960  532  637
4 2569 3393 4013 1471
4 1241 3059 1992 3550
4 1634 3323  195 3740
4  712  819  822  820
4  545 3958 4208 1692
4   79   78 1558  249
4 1521  921  103  771
4 1670 1669 2445 3182
4 1945  411  412 1946
4  721 3037 1764  147
4 3832 2717 2719 1852
4 3742 3741  991 2872
4 1277 4039 5087 4038
4 3547 1549 2927  450
4 3871 2681 2682 3873
4 3886 3909 4895 4758
4 1797 1375 1798  206
4 5014  541  540  542
4 1870  253 2831  254
4 3190 4926 1521  771
4  208 4837 1425 3764
4  208 3125 2833 4837
4  623 4156 2922 4971
4  180 1543  181 1545
4 1175 2246 3297 2245
4 4599 4889 2411 1687
4 2343 2341 1607 4064
4 1408 3377 2100 3376
4 1601 1713 4109 1715
4 4789   77   76   79
4 2385 1332  387  268
4 1057 5054 4247 5088
4  771 3546 2373 3497
4 3583 1872  890 2822
4 4013 1469 1748 1471
4  629  784 1737  263
4 5023  350 1520  349
4 3725 3726 2921 2923
4 1572 2296 2882 1141
4 3742 3741 1033   64
4 3636  928 1251 2272
4   79  873   76 4789
4 3331 2166  878 3284
4 3412 3413 1142 4081
4 2745 3137 3210 2643
4 2710 2709  618  615
4 1873 3005 1872 1717
4 2153 4918   22 3424
4 5089 1226 4544 1228
4  905 2389  350 4782
4 2030  655  547 2031
4  591 2231  217 3581
4 3256 2135 1251 3257
4 4428 3709 3700 3178
4 1692 2645 1691 2094
4 2351 2352  727 1684
4 2356 1601 2376  707
4 2957 2955 2141 2954
4 1033 4019 1035 1034
4  780  781  782 3841
4  251 1871 2602  254
4  177 1399  856 3780
4   35 3538 1897  358
4  357 1405 2199  530
4 1371 1641 1726 1725
4 1686 3032  636  638
4  750  431  221 2998
4 3178 4954 3258 4428
4 4577  534  532  531
4 3588 1288  853    7
4  771  103  620  494
4 4137  226 2277 2471
4 4681 2896 2899  484
4 2945 3611 1865 3160
4 1940  796  798 1340
4 3955 3519 3834 1757
4 1523 1248 2271 2272
4 1241 1240 1119 4600
4 1827 3660  588 4140
4 3049 4505 4287 1984
4 1233 1814 2915 2265
4 5041 3374 2734 3283
4 1563 2846 4119 4120
4  541  540  539 1618
4 1997 3272 1413 1415
4 4637 2333 2332  152
4  638 1407  906 2217
4  379  376 2111  378
4 4682 3011 3555 3556
4  427 4749 3913 3914
4  351  350 1520 3448
4 4353 4036  877  484
4  717  927   29  863
4 3035 3036 3798 3037
4 1532 4502 3572 1776
4  816 1537 3672 1354
4 1944 4240  711 3063
4  263  784  437  271
4 1539 4008 4925 2534
4 1302 3532 3093 2233
4 3395 1048 2291 1049
4 2641 1089 2003 2062
4  618 2403 2709 2194
4  503  506 4450  504
4 1159 3870 1142 4081
4 2199 3598 2198 2630
4 3331  483  877  484
4 2132 1674 2423 2133
4 4640 1033 3030 1986
4 2177 1405 2199 1269
4 1572 2881 4044 2314
4 1867  996 1143  997
4 1191 1708 2162 4003
4 3101 2111 2114 1871
4 1061 2595 3248 2594
4 2921 1714 2264 2265
4 1670 2567 5064 1669
4 4428 3700 3258 3178
4 3178 4574  610  608
4 2378 2892 2893 2975
4  771 4926 4567 3546
4 1209 1977 1865 1867
4 1450 4551 1704 4737
4 4087  356 1405  358
4 3145 1272 3067 4479
4 2659 4736 3057 4655
4 1302 1301 3533 1303
4 2206 1723 3050 1508
4 2851 2856 3645 1120
4 3641 2610 4288 3640
4 5025 4834 3824 5059
4  653  120 2117 4432
4  881 2827  463  880
4 2963 4327 4647 2274
4  484 4680 4036 4681
4 3926  865 2152 2906
4 3079 4397 2568 3182
4  876 3874 2986  878
4  967 5090  662 4813
4  878 2988 2986 3612
4  652  119  117  118
4  280 2456 4712 2396
4  823  824  825 1011
4 1243  332 2598 1139
4 5016 3647 3106 2035
4 4253 4628 2292  952
4 1082 5091 3976 2394
4 1497 2284  741 1495
4  741  255 1471 2372
4   64 1262   65 2145
4 2925  122  450 2927
4  431  430 1828 3514
4 3586 3726 2923  845
4 3436 1328  794 3894
4  957   98 3315  959
4  856 1793 1400 1401
4 3264 4301 3263 3285
4 1726 2916 1643 2209
4 1201 2063 1199 4225
4 2153 2155 4893 3424
4  132  130 4665  129
4 4290 3935  828  416
4  321 4187 1501 1499
4 4445 4463 3707 1924
4 1308 1701 3643  640
4 3812 4454 3811 4808
4  780 4102  781 4195
4 1823  786 1373  787
4 1866 1865  247  583
4 1619 4213 1618  540
4 1018 1108 4652 2084
4 3121 4323  475  478
4 1831 1698 1535 1699
4  193 3412  671 2026
4 1807  558 1638 3303
4 3685  383 1664 3592
4  385 1780 1278  515
4 3043 3045 4336 2910
4 3965 3130 2358 3385
4 2357 3965 2358 3385
4 1129 1430 4597 1428
4 2657 2659 2832 3289
4 2947 2940 2824 2992
4  411 1945 1108 2672
4 4235 4560 1228 1810
4 2119  819 1943  822
4 2194 2192 2193 4192
4 4437 3620 3861  416
4 2332 3853 2333 4637
4  867  870 2197 4645
4 4303 3286 4302 3285
4 1878 2858 1877 1875
4   86 1755 2788   87
4 4328  580  421  581
4  470   15   13 3950
4 1916 4807 2182 2180
4 1331 1782  305 1783
4 1340  326  329 3701
4 4993 2116 2115 1626
4 4029 1827 4786 4334
4  351  763  766 3089
4 3594 3630 3629 3593
4 1262 3077  283 4642
4 3880 3018 2337 1665
4 2499 3291  687 3715
4 3165 3067  379 1987
4 1653 3175 1434 1654
4 4533 3615 2317 2488
4 3542 2282 3145 4361
4 3132 3891 3770 4772
4 1774 5085 4608 1772
4 3506 2946 3507 2825
4  661 1388  820 1658
4 3573 2645  513 1779
4 1896 2499 2559 2047
4 2566   18 1310 1769
4 4644 3833 3818 2829
4 4641 4004   65 3750
4 2295 2853 3120 3430
4 4902 2540 2601 2649
4  394 2963 4629 3166
4 4678 4845 1872  891
4 3678 2606 3519 3988
4 1988 3030 1987 1271
4 3020 3526 4449 2350
4 5081 1298 2871  284
4 2617 1023 1088  355
4 1307 2602  254  251
4   95   93 4054 2250
4 4734   77 5047 1731
4 4813 4529 3986  662
4 1261 2562 2330 4152
4 4767 2535  410  581
4 4139 3175 1434 1653
4  290 2366 2580 2368
4 2025 4243 4247 5054
4 1299 4724 4338 1854
4  762  741 2372  256
4 4544 4370 4380 1808
4 4213 4220 3755 4773
4 3733 4159 4982 3735
4 1397 2825 3451 3506
4 1277 1278  515  385
4 4283  441 2891 2889
4 1531 4948 3596 4447
4 2765  452 1963  734
4 3769  388 4097 3459
4  622 2308  914 2307
4 2169 4729 4362 4333
4 1456  177  178 1457
4 2671 4432  653 1093
4  384  387 2386 2385
4 2175 4933  551 2176
4  163 4966 3419 4992
4 1034 4019 4631 1033
4 1839 1840 1543 4040
4 1541 1481 1542  825
4 3049 4287  200 1984
4 4074 4072 3512 3401
4 4972 4369 1809 1808
4 4765 4052 3643  145
4   29  863   31  886
4 1206 4476 1207 1208
4 3108 4140  588 3646
4 2464 4691 3307 2461
4   65   66   67 3750
4 3719  311  340 1923
4 1567 1340 1341  173
4 3429 1853  987 3186
4 4300  199  987 3429
4 2992 2027 2989 3506
4 3601 3317  985 1912
4  132 2159  138 2745
4 2517 4585 5092 2518
4  678  348 2976  677
4 1008 1007 4145 1010
4 3601 3189 3188 3752
4 2466 1030  818 4143
4 1510  684  685  686
4 4587 2902  133 2464
4  862 4824 3001 4500
4 3670 2286 3024 3373
4 3023 1961 1846  109
4 1094 4238 2168 3978
4 2410 2411  907 3448
4 3088 4857 1105 3696
4  802 4443 2520  537
4 3742   64 1033  239
4 4420  412 1946 2253
4 3339 2005 2319 2433
4 3675 2787 2485 5059
4 1624 2126 1316 1330
4 2482  941 2364 2362
4  907 2411  905 2388
4 2081 3534 2080 4035
4 4581 5073 4968 1372
4  357 1405  528 2199
4 1481 2883 1479 1709
4 3872 4853 3167 4994
4 2101  905  906 2216
4  687 2047 3291 2499
4 1241 1119 1207 4600
4 1769   18   19 2566
4 1047 1048 4061 1045
4  587  485 2679 2678
4 2520 4443  536  537
4 3567 4103  381 4649
4 4096 3523 3522 3524
4 1657  945 3743 1585
4 1342 4686 1341 2767
4 1214 1215 1159  954
4 1897  359 1467   32
4 3556 3011 1308 4682
4 4721 3506 2027 3507
4 1049  945   72 1585
4 2230 1963 1174  112
4 1133 4286 4346 1135
4 2574 4945  750 2354
4 2160  919 4408 4567
4  348 2470 2800 2469
4 4571 3615 2552 3812
4 2692  220 3156 2303
4 1684 2352  162 2350
4 3058 2033 3751 2200
4  207 1427  206  208
4 3329 2172 2121 2120
4  159 2993  158  156
4 1598 2559 2047 2048
4 2605 1275 2781 2422
4  721 3644  723  145
4 4522 4127 2713 2712
4  671 5027 3412  670
4 1554  420  422 2534
4 2172 2715 2171  465
4  891 4845 3349 4678
4 2658 2194 2709 3289
4  685 4594 3682 1509
4 2973 3131 3897 4519
4 2107 2104 2983 2662
4 2940 3507  193 2027
4 4233 1712 1710 1228
4 3186 4080 4299 3429
4 4671 3895  991 3742
4  345 3721 4314 3444
4 3083  794 1719 3894
4 2005 2241 1303 2082
4  281 2563  283  282
4 1810 4412 4305 3243
4 3281 2352  160 2585
4  363  974  300 2743
4 1215 1252 1166 1364
4  230  233  572  231
4 3685 3684 4287 1662
4  887   95  890   94
4 2665 3449 1479 1520
4 2662 2982 2104 2983
4 3382 2006 1903 4355
4 2008 2312 3100  954
4 2835 4868 4823 4026
4 1273 3542 3145 4361
4 2290 3150 1903 1761
4 2782 4875 1394 1328
4  879 1683  833   42
4 4727 4726 5041 3283
4 2970 2971 4051 2141
4 1649  459 2697  457
4 2247 2246 4747 1175
4 4087 3111 2195  359
4 1944 2706 2121 3329
4 3023 1010 1846 3193
4 2094  512 3573  513
4 2276 3731 2275 2965
4 1006 3595 3794 1004
4 3481 1122  861 1526
4 2245 2247 3692 1175
4 4920 4648 3613 1063
4 3674 1453 4887  818
4  349 2759  823 4066
4  909 3444  910 1317
4  950  487  949  948
4 4335 2792 3589 3907
4 3218 4764  563  244
4 1962 3851  452 1961
4 2231  215  217 3463
4  769 1135 1357 1358
4 2766 2768 3972 1943
4 4283  441 2889  442
4  239 3895  991 2114
4  113 4004   65 1032
4 1481 3408 2883 1709
4 1481  910 1317  697
4  574 4916  233  230
4  794 1553 1719 1552
4  326 3808 2766 2767
4  990 4085 2200 4086
4 3589 2792 1704 4962
4 3137 3134 4468 3136
4  385 4269  387 1216
4 4102 3567  382 4103
4 1006 3414 2910 3043
4 4804 4450 2229 2525
4 3472  690 3177  689
4 3694 3692 1175 2245
4 3862 4021 3738 2413
4 1372 2365 4169 2476
4  204  956 3296  203
4 2505 1396 2506  792
4  912 1438  913 2444
4  906  907  908 3233
4 2464 2232 3310 4691
4 2482 2481 3020 2362
4 3195 4699 3294 3663
4 3379 1219 4405 1221
4 1237 3901 2875 2578
4 3227 1064 1065 1066
4 3370 1557 3544 2977
4 3731 4270 3730 2275
4 3261 3260 4146 4452
4  341 5093 4043 1246
4  601 4387  276 4294
4 2715 1863  880 1677
4 3700 3177 3258 3178
4  682  681 1019 2051
4 4928 4522  796 2713
4  174  798 3444 1568
4 3005 4678 3299 1873
4 2841 4173  471  474
4 4000 4963 4104 4002
4 3663 2243 3664 2244
4 4588 3307  133 3310
4 2840  622  474 1970
4 1701 3643 3747 1383
4 4900 3366 4414 3074
4 3971 1821 1943  713
4 1044 4054   95 1047
4 1896  359 1467 1897
4 1374 4169 1372 2365
4 1450 2079 1703 1449
4 1839 1545  435 4040
4  968 3149 3052  712
4  794 3451 1719 3894
4 1850 1576 2103 4688
4 2989 4371 2028 4372
4  677 4228 4313 4162
4 2453 2617  628  650
4 3065 2423  526  524
4 3605 4099 3899 1598
4 2411  907 2412 2410
4 1424 4452 4907 5086
4 3425 3426 4084   47
4  956  827 3295 3296
4 1542 3723 3724 4805
4  271 1270  272  273
4  586  587  589 1841
4 2038 1796 1386 2037
4 1829  219  220 2303
4   83  736  325  735
4 1256 1108  996  775
4 4469  617 2089 1265
4 2081 2080 1447 4035
4  524 2131 2423  526
4 2556 3959  822 2119
4 5021 3681 4543 1448
4 1162 3015 1164   41
4 2823 2339 2010 2011
4 2084  857  858 4652
4 4901 1153 2649 1155
4 2422 2605 2606 2607
4 4035 5020 2080 1447
4   85 2159 2978 1756
4  796  798 1318 1940
4  936 2519 2520 3156
4  290 3254 2367 2368
4 2414 3137 2151 2413
4 1747 2569 1748  744
4  423 1895 4859 3538
4 3175 2572 1434 1654
4  173 2546 4490 4714
4 1834 3710 3913 1835
4 1111 4561 1982 1981
4 1805 1455  178  739
4 2934  864  866  865
4 2135 4077 2134 1276
4 4733  315 1655 2186
4 1228 3192 1710 5089
4  350 2388 2411 3448
4 5093 2054 1245 1246
4  107  105  108 3884
4 4127 2402 2712 2718
4 2151 4021 4065 2373
4 1238  331 1243  642
4 2749 4182 3912 2750
4 4309  504 3844  503
4 1458 2573 2386  922
4 1516 2834 1518 3062
4 3471  156 3357  157
4  513  512 3573 3572
4 2368 3556 1558 2743
4 3320 2952 1088 1267
4 4201 4341 1176 1177
4 2146 1262   65 3077
4 1358 3983 1253 1645
4 4569 4609 4258 3074
4 3641 3656 2610 3642
4 3589 4551 3681 3679
4 1337 4109 3246 1603
4 2893  562 2377 2378
4  921 5094  920 3806
4 1191 1190 1708 4003
4  704  703 4508 2638
4 1378  477  476  229
4 2234 1105 1212 3696
4  975  974  300  363
4 2951 2621  206  209
4 2638  703 4793  704
4  167 4318 1994 4958
4 2616 3571 1149  729
4 2041 2007 1761 2040
4 3182 2567 2568 1670
4 4209 3872 3649 3246
4 3693 2958 2679 2960
4 2209 3051 3878 1716
4 3785 3048 3973 1983
4 2770 3411 2684 3262
4 2965 2963 2274 2276
4  369  667 3755 4213
4 2020 2019 3562 2021
4 3873 1903  127 1900
4 2054 2055 1244  343
4 4117 3076  773  775
4  737 3064 2701 3761
4 1002  999 3973 1001
4  223  224  225 1638
4 1108 2085  773 4117
4 5071 2225 2096  313
4 3104 3520 1664 3730
4 2452 4055 2993 3688
4  109 3467 2230 2452
4 2581 2579  974 3034
4 1518 4760 1517 1515
4 1699 1697 2269 1696
4 4998 4379  695 2103
4 4588 4587  133 2464
4 3231 2763 3229 1971
4 2117 2167 2168 4432
4 2070  914  917 2191
4 3448 2388  907 3668
4 1702 4835 3510 1704
4 2468 1203 1204 1863
4 1818 4543 1448 5021
4 1415 3272 3319 1581
4  905 4599 2389 4782
4  696  694  697 2542
4 3412 5027 3413 4081
4 4910 5055  315 4619
4 3163    1 4965 3162
4 4854 3365 1880 3364
4 2534  409  410  421
4 1463 1465  218  219
4  229 4017 2473 1378
4  948  488 3354  951
4 4319 2400 1994  375
4  492   86  446  445
4 2697 2696 1682 2695
4 4140  588 1827 3108
4 1523 1623 1524 1525
4  366  251 1871 2602
4  394  393 4885  395
4 3171 2449 2932 3459
4 4669 4679 4621 4121
4 1272 3067 1271 3145
4 2477 5071 2096 1607
4 1497 2286 1495 2297
4  884  883 1106 2235
4 4791  382  781  705
4  393  392 2478  395
4  426 4978 4899 4023
4 4850 3482 3667 3431
4 2444 2499 3715  912
4 2307  914  916 2070
4  201 1606 1608  198
4  219 4256 3458 3418
4 3489 2513 2612 3002
4 3763  540  539  542
4  703 4793  704  705
4 3239 2631  397 3888
4 4272 2414 2415 4190
4 3002 2613 2515 2512
4 2189 2188  726 2017
4   35   33 1468 4880
4 1315 1814 2126 2210
4 2991 2989 1297 2990
4 2715 1862 1864 1863
4 1393 1392 3241  911
4 3864 4260 1017  248
4  952 2292 2967 4628
4  215 1275 2231 1202
4 2765 3547 1963  452
4 4923 3369  987 1570
4 1621  257  258 1622
4  900 3364 3365 1698
4  510 1355 1928 1929
4  583  582 1455 3977
4 2478 2979 2980 2962
4 4023 4978  425  426
4 4081 1144 1142 4094
4 2354 2850 2025 2834
4 4244 2850 2025 2354
4 2336 3775 3880 2337
4 3556 2367 3555 3254
4  321 3716 1501 4187
4 3597 1404  356 1405
4  488 2680 2974  950
4  124  614 1551 1445
4 1557 4179 3492 1555
4 3112 3248 2871 3113
4 1742 1445 2328  184
4 1207 4783 1206 1205
4   87 2151 1756 1754
4  204 3232 3296 1616
4  714 3214 1560  717
4 1269 2345 1268 2179
4 4106 4138 5082 5065
4 2177 2179 2345 1269
4 4622 2417 2418 1155
4 3920 3252 4461 1812
4  840 3846  464 4367
4 4832 4774 1944 4429
4 4236 4633 4711 3851
4 3131 3881 4366 3026
4 2178 2736  528 2199
4 3851 4145 4093 4082
4 3158 3157 1977 3160
4  958 4894 2144 4254
4 2431 2831  254 2830
4 1670  434 2742 1668
4 1014 3383 3800 3842
4 3143 3142 3410 3995
4 3467 2993 2230 2452
4  203  956  202  204
4 3903 4392 2976  678
4 4350 3169 1565 1036
4  538 3965  535 2357
4  743 2286 3670 3373
4 3999 4745  971 4172
4 1079 1769 1771 1527
4 4786 4334 3354  488
4 4601  576 4525  577
4 2685  326  327 2716
4 1063 3657 3613 4191
4 1797 1376 1375  206
4 2311 3591 4189 1888
4  678 4820 2543 2544
4  239 1986 1985 2375
4 4820 3903 3902  678
4 2828 3055 1889 3054
4 2601 2599 4201 4444
4 1409 1407  638 3032
4 1160 1773 1774 2324
4 4931 4350 3031 1036
4 1883 2092  474  472
4  590  745  746 1346
4 2035 2034 2032 5016
4 1079 1527 1771 1526
4 4658 1586 2348 2738
4 2401 1203 2223 1054
4   98 3316   99 1744
4 3995 3143  965 4394
4 2758   33   35 4880
4 3641 2176  552 4879
4 3766 3642 1417 3641
4 1271 4860 3277 1274
4 3233  906  907 1842
4 2011 2010 2969 2009
4 1643 2209   83   81
4 1623 1330 2701  526
4 1251 2391 1276 1248
4 5010 2872 3741 3742
4 2114 3895  991 2113
4 2465  817  818 2466
4 3182 1669 2567 1670
4 4559 3214 2774 3409
4 1185 1614 1719  236
4  159 2230 1390  521
4 4833 5055 2218  315
4 1668 1667 2742 1670
4 4584 4723 2922 2508
4 1480 1479  766  825
4 4772 4514 3770 3132
4  989  870 3050 1067
4  551 2176 4125 2699
4  701 1927 2583 3311
4 2945 1252 1977 1209
4 4583 4433 2329 2145
4  202 3316 2684 1744
4 3930 2666  375 3830
4   94 3215  361  887
4 4538 4879 4288 3641
4 1623 2423 1525 1624
4 4569 4258 4148 3074
4 3351 1536 3447 3856
4 4453 4907 2317 4454
4 1400 1105 1666 1398
4 3053 2171 3052  168
4 4791 3440 2639  781
4 4631 3741 1032 3742
4 2617  629  630 1359
4 1472 1135 1134 1357
4 1527 2866 3481 3034
4  240 3118 2205 1058
4 3083 3436 2681 2331
4  614  611 5062  613
4 1075 3395 1048 2291
4 1079 1078 1238  639
4 4420 4841 4692 3255
4 2056  715   29  717
4 1947  770 1946 2253
4 4364 4445 3706 3707
4 3063 4240 2531 1944
4 2738 2923 2264 2263
4 3451  794 1396 1328
4 1526 1122 1527 3481
4 1810 5028 4305 3007
4 1752 1751 1750 3534
4 1799 3066 2055 1801
4 4829 2252 4552  412
4  834 2232 2080 2233
4 3481 2864  861 3480
4  341 5093 1246  343
4 2629 5030  549  550
4 2296 1992 3060 2454
4 1587 1601 3133 3131
4  279  278  575 3398
4 4069 1512 1771   19
4  249 1118 3060 2296
4 1006 3043 3044 4478
4 5052 2898 3024 2899
4 2028 4371 2027 4345
4 1744   97   99   98
4 1442 3121 1138 3756
4 3720  340 2565 1923
4 2490 2489  273 2548
4  667 3763  540 1619
4 2742 2741  975 1667
4 3379 2795 2796 1451
4 2186  313  316 3245
4  240 2917 2244 3118
4 2827  463 3863 3678
4 2743  901 1651  902
4 3756 3120 1441 1442
4 4616 4839 3241  911
4 3871 3627   40 1164
4  456 2355 1030 3085
4 1358 1133 1357 1107
4 2062 4704 5037 1361
4 2202 2358 3564  538
4 1079 1310 1651  639
4 2003 2002 2641 4704
4  109 1448 1818 3023
4 1736  732 2110 2109
4 3251 1459 2154 3266
4 4509 4508 2342 4911
4 1536   51   38 3447
4  230 4916  572  574
4 4761 4760 1517 1920
4 4442 3558 1915 1916
4 3919 3089 1998 1419
4 4192  977 2403 3289
4 2239 4979 4836 2026
4 1901 1254 1903 1900
4  183  185 3221 4482
4 2081 4496 4034 4035
4 1223  720  564  566
4 1645 1133 1358 1210
4   75  491 3897  490
4   94 2838 4325  360
4 3694 4578  532 4444
4 2239 4836  192 2026
4  848 2376 2356 2592
4 1523 2824 2270 2271
4 4420 2698  412 1945
4 1760 3382 1297 1296
4 3645 2856 4621 2855
4 2027 4345 4371  191
4 3934 4337 4759 4456
4  757 4189 2940 2947
4 3091 3072 1501 1500
4 3462 2608 3922 3942
4  789 5076  790  170
4 4033 4697 4155 4696
4 3398 4712  278  280
4  881 3581 2231 3052
4 3242  421 3470 4141
4 3589 4962 1704 4551
4  132 4665  614  612
4 1122  433  434 1104
4 2429 4380 4771 4904
4  411  412 1946  413
4 3938 4946 4613 2916
4 4979 4081 3412 4094
4 3938 2914 4946 2916
4  929 4552  412 3018
4   37 4718   36 4322
4 1926 1925 2188  701
4 1556 1554 1557 3544
4 3141  965  710 3144
4 4763 4408 2160  138
4  268  267 1171 3358
4 2200 2033 2831 3058
4 1252 4618 1168 1165
4 4220 3475 4213 3607
4 1450 4496 1447 5035
4 3114 3057  329 1340
4 2130 3171 2451 3282
4 3304 4172 4745 3999
4 1776 1197 1942 1532
4  494 3996 2213 4120
4 2963 4647 3166 2274
4   82 3372 1815 1642
4 3999 4172  971 3304
4 1581 1579 1997 3272
4  704 3498 4508  703
4  792 3890  235 4446
4 4546 4161 2905 2076
4 2812 2811 4006 2810
4 1110  646 3337  294
4 3089 2661  823  351
4 2372 1469  258  255
4 1750 3532 2080 4844
4 2890 1528 1531 1967
4 4783 1206 4476 1207
4 4156 2392 1130  624
4 1846 1845 1818 4055
4  776 2272 2966  773
4 2334 3171 3927 4506
4  892  232 4576 1055
4  955 3631 1631 3602
4 4998 1574 4379 2103
4 2582 2641 1089 2642
4  219 1464  505 4698
4 1901 4355 3626 1902
4 4017 2473 3265  229
4 4354 4850 3667 3431
4 3757 1836 4963 2138
4  939 3271 2162 1191
4 1672 1024 2423 1674
4 1209 1865  247 1867
4  911 4616 4839 5095
4 2120  465  466 4776
4  632 4267 4541 3317
4 2687 2943 2686 3677
4  176 4547 1545  243
4 4442 1915 4807 1916
4 4354 3431 1874 2822
4  693  692 4228 4162
4 2093  471  474  472
4 2519 2358 3564  938
4 2220 4848   10 2502
4  954 1102 1159  196
4 2949 2926 2266 4236
4  587  485  488  486
4  551 2939 2372  762
4 2788  445 4667 2786
4 1803 1595 2274 2521
4 4794 2909 3230  460
4 2364 2481 1363 2482
4 3506 2946 2825 3451
4 1753 2241 1703 2079
4 1412 3087 3088 3790
4  672 3205 3554  675
4 4054   95 1047 2667
4 2688 5040  796 1342
4 3879 2509 3872 3167
4 2769 3411  327 2770
4 1372 2476 3504 5073
4  393  392 2980 2478
4 2987 1061 1063  189
4 1393  421 3470 3242
4 3456 3455   80 1724
4  662 5090 1503 4813
4    7 4261  853 3866
4 1525 1553 1719 3083
4  970  151  971  972
4 1808 2428 3006 4972
4  655 4115 2409 2408
4  782 3520 3521 1802
4  442  935 1084  440
4 1790 2359 1249 1791
4 4862  313  666 2096
4 2542 3408  694  697
4 2574 3714 1518  750
4 3465  571 2440  573
4 1105 1104 1212 1213
4 4287 3685 2149 1984
4  935 4560  440 1965
4 2729 2727  201 1984
4 2610 3657 1063 4191
4 1947 2253 1946 1945
4 4505 4504 3685 1984
4 3370  764 1098 3559
4 2736  528 2199  529
4 4813 4395  966  967
4  721 3644  145  147
4 1624 2423  526 1623
4  893 1331 1783 1332
4  239 1986 3895 1985
4 4845 3349 2248  891
4 2268  101 2900 2554
4 2265 2915 3878 2209
4 3786 1842  907 2323
4 1299 1660   58 1002
4  791 1328 2488 4875
4 2221 4780  655  656
4  634 3614  631 3183
4 2253  277 3816 1947
4 1467 2559  359 1896
4 4803  632 1212 3577
4 1983 4426 3973 3785
4 1548 4557 4756 3531
4 3302 1637 1638 3564
4 2113 4086  991 2114
4 1417 3656 2610 3641
4 4281 4280 4889 2411
4 1141 3399  575 1816
4 2125  479  480  472
4 3344 4233 3345 2384
4  775 1108  996  414
4 2690 3494 5004 2707
4  126 1254  125  127
4 1684  162 3250 2350
4 1277  515 4939 4269
4  391 3479 1434 1433
4 3640 4538 3933  483
4  446 1722 4134  443
4 1983 3048 3049 3785
4 2386 4391 2573 1458
4 2844 1651 1311  292
4 1456 1016 3977 3797
4 3420 3531 2415 4190
4 4030 2557 4031 1782
4 2448 4646 4366 3409
4 1190 1192 1918 1692
4 1905 3758 1831 1535
4  172 1568 1567  174
4 2667 5003 3126 4227
4 3634   62  354 4955
4  762  744 2372  741
4 3665 2175 3046  257
4  895  893  782 2692
4 1662 1855 1663 1664
4 1779 3572 3573 1778
4 3198 3488 3197  312
4  592 2433 3357 1592
4 1190  513 1942  708
4 2874 2871 4632 1298
4  696 1573 1576 1574
4  145  722  723  721
4 2942 3676 2484 3677
4  421  419 2533  420
4  385  384 1781 2385
4   39   38   36   51
4  230 1331 1782 2305
4 4509 5013 4911 4910
4 2962 2478 2750 3129
4 2738 4658 1586 2737
4  967 1503  662 5090
4 4227 4054 3126 2667
4 3817 1146  913  674
4 2617 3634  630  266
4 2737 4658 2753 2738
4  355  628 3634 2617
4  939 2550  924  268
4 2342 4630 2341 2340
4 2669 1228 1810 4235
4 2362 2363 3019 2999
4  746 2231 1347 1640
4 2292  754  952 2969
4 2062 4704 2641 2642
4 2385  384  387  385
4 5024 3842 1014  761
4  802  799  729 4378
4 3065  524  525 5096
4 1568  345  347 3444
4   96   99 3295 3461
4 2525 1150 4804 1486
4 1558 2743 3556  249
4 4913 2487 1164 3868
4  391  388  389 3769
4 2705 4743 2320 2110
4   65 4642 4004 4641
4 4489 1015  857 3780
4 1942  225 3885 4347
4 2515 2900  649  294
4  900 3365  610 1698
4 4913 1164   40 1161
4 1510 1514 1512 2981
4 1431 2572 1434  391
4 1573 2723 2543  696
4 5095 3902 2818 3242
4 1356 4916 1355  230
4 3612  876 2986  878
4  427 3914 4728 4753
4  308   47 1039 3699
4  472  474  480  473
4 2672 1108  885 2085
4 1269 4430 1405 2345
4 3832 1981    6 1852
4 1653 3479 1434 4139
4   41   42   43 2279
4 1173 2321 2835 4868
4 3178 3365  610 4574
4  542 4276 2440 2438
4 1401  856  885  883
4 4332 1022 3748 1023
4  900 1698  610 3855
4 3941 4340 4339 3988
4 2427 1956 2629  549
4 3641  552 4288  186
4  284 5081  281 4368
4  637  532  636  635
4  355 2646 4950 3360
4  897 1324 3070  896
4 1697 1942  708  559
4 4038  515 4939 1277
4  202 2832   99 1744
4 1603 3051 2380 2209
4 1459  816  899 3091
4 1532 3572 1779 1776
4 3026 1458 2127 3251
4   35   33 4930   32
4 2173  228 4360 4361
4 1945 2253 4420 3816
4 4714 2546 4655 3057
4 1684 3843 3432 1683
4 2870 2578 1115 2447
4  220  600 2524  369
4 3002 2513 3456 3990
4 1905 3854 1195 4078
4  355 1088 3634 4950
4 1889 3054 1580 5034
4 4166 4621 1139 3645
4 1401  885  858 2084
4 4640 3895 3742 1033
4 3727 1694 4389  457
4 1389  519 2413 1390
4 2738 2753  237 4657
4  328 4736 4222 2547
4 2559 3901 2762 2561
4 2279 1683 1891  879
4 2923 1611  237 2752
4 4946 1725 4613 1726
4 1842 1685  638 1687
4 4197 4206 4163 4165
4  590  159 1391  156
4 3812 2317 4454 4808
4  531 4577  534 4981
4  520  522 2686 1874
4  645  643 2412 4281
4  184  130  182 1742
4 2542  910  697  696
4  140  789 2120  170
4  552  551 3046 4933
4 2742 2740 2741 1668
4  525 2067 2066 3065
4  272  270 1359  629
4 2830 2831 4334 4536
4 1593 2552 3340 3341
4 3350 3535 1176 2649
4 1940  796 2713 1939
4  903 1217 1216 4415
4 1280 1385 1384 2758
4 3094 1303   40 1423
4 2888   30   28   29
4  413 1068  412 4351
4 1448 3680 4543 4990
4 2791 2789 2790 4023
4 2252 4841 4692 4420
4 3712 1799 5093  343
4  240 2244   24 3118
4 3339 2317 2488 2319
4  363  974  901  975
4 3062 1516 2834 2833
4 4190 3137 2414 2413
4  498 5097 4977 2935
4 1716 2209 2356 1183
4 2608 2605 2606 3462
4 1909 4303 4358 1907
4 1673 4798 2132 1672
4 4619 4509 1596 2343
4 5055  315 4619 1655
4 1122  433 1104 1106
4 4926  919  921 2160
4  221  218  219 1828
4 1672 4798 2132 5096
4  170 5076  790 3846
4  661  820  968 3053
4 2255 1514 2256 1510
4 3767  553 3046  552
4  921 1521  919 4926
4 4702 2805  490 1733
4 3148 1204 1864 1336
4 4307 1287 1083 2575
4 4101 3885 4003 1708
4 3670 3331 3151 4125
4 2940 2941 2824 2992
4 3826 4950 1088  355
4 3609 4575 3611 1210
4 2178  528 1267 1269
4 4638 3802  741 1470
4  926  863  927 1560
4 1146 2391 3816 3817
4 2107 2105 3291 2104
4 1616 3295 3296  204
4 1071 4417 1072  682
4 3894  794 3451 1328
4  354 4950  353  355
4 2270 1522 2824 1523
4  970 1443  151  972
4 3979 4822 2167 2117
4  494 2151   84   87
4 1953 2497 2843 1769
4 2397 2400 2399 3448
4 1414 1275 2781 1276
4 3117 5011 2419 1997
4 3862  660 3420 1389
4  856  885  858 1401
4 1760 1761 3382 4184
4 1243 1238 1242 2446
4 4820 2543 4392  678
4 2270  774 2824 1522
4 4386 1929 4540  510
4 1801 2374 4843 2604
4 1749 2939 2197 2734
4 2621 2000 1909 1019
4   38  321 2278   37
4 4288  483 2610 3331
4 2179 2178 1267 1269
4 2023 2299  570  963
4 4096 3522 2551 3524
4  414  411  412 1945
4 3263  805 3632 3264
4 2525 3156 1488 2303
4   53 4302 4303 3286
4 1363 1362 4463 3704
4 3860 3420 3862 2835
4  859  861 3078  862
4 3065 1524 1672 4798
4 4338 4426 3973 1983
4 1215 4129 3100 3775
4 3224  892  305  894
4 1602 2376  562 4320
4 3698 2785  470   13
4 1949 1133  787 1373
4 4655 2656  765 2659
4  509  507 1928  275
4 1455 1374 1949  739
4  897 3071 2492 3893
4 2282 2277 2283 1861
4 4374 4592 2061 4886
4 5049  879  161 1900
4 2210 2263 2923 1182
4   74 3416   72 4984
4 2451 3459 2334 4391
4 2708  202 2832   99
4 4027 2765 1174 1173
4 2568 3182 4397 3183
4 3786  908 2710 3668
4  967  819  821 1820
4 1389 2413 3420 3862
4 1171  806  807  267
4  808  809 1913  753
4 2997 2834 2850 1169
4 4563 5049 1900 2279
4 2550 1655 1338 4139
4  466 1493  463 4821
4 1206 4476 1208 1764
4 3817 2698 3816 1945
4 2062 1361 5037 4306
4 1731    9   78   77
4  724 5067 4053 3011
4 4857 4590 4589 1105
4 3069 3071 3209 2492
4 2296 1140 1141  640
4 3553 4232 2419 3554
4 2154 2677 2155 2676
4 2354 5098 4244 2833
4 1122  501 2568  861
4 1049 1047  888  489
4 3284 2734 2166 2163
4 4087 2195  356  359
4 2899 3980 2896 2897
4 3162 3161 1706 1606
4  126 2007 1903 1761
4 1935 1856 1938 1826
4 1325 1217  898  903
4 3301 3717 3694 1178
4  612  611 1740  614
4 3295 3664 3294 4796
4 1952 3033 3481 3034
4 1235 3167 1233 1236
4 4943 1738 2877  273
4  576 4525  577  279
4 1990 4440 4044 2882
4  456 1216 3594  275
4 3431  889 3215  520
4 2966 2271 2272  776
4  341 3712 5093  343
4 3765 3092 3094   43
4 1119 1240 4792 3982
4 1338  316 1655  314
4 3102 5099 2715 2172
4 1243 1701 1242  640
4 4195 3440 3442 3441
4 1480 1679 1481  825
4 2975 2974 1178 1910
4  266  629  630 2617
4 2279 1893 4983 5100
4 1627 3122 2076 1629
4  575  577 1572  641
4 3026 3881 1601 3131
4 4786 3354 3108  588
4 3670 3331 2899 3151
4 3467 1448 1818  109
4 1350 1085 1026 1027
4 4410 5054 2850 1057
4 3856 1878  681 1877
4 2150  225 2208 1917
4 3437 1712 3835 1227
4   69   71  620  621
4  103  918  921 1521
4 3704 3706 4463 3707
4  634 3614 2568 4397
4 1861   38 1547 2674
4 2117 2167 2802 4822
4 3007 4275 3006 2669
4 1723   70   71   68
4 1075 1048 4061 1050
4  747  215  746 1640
4 1465 3575  557  555
4 2791 4615 4331 4186
4 4879 3768  552 3641
4 1412 3150 2041  128
4 2645  513 1779 1917
4 4029 1825 4334 2830
4 4107 2036 2516 2038
4  352  350  351 2388
4 4907 1561 4672 2318
4 1408 1406  589 3376
4  859 4500  860  862
4  877 2609 2653 4967
4 1247 1245 1246 4043
4  311 4364 4009  309
4  641 1078  884  639
4 1788 4488 1544 1399
4 1716 2263 2210 1183
4 1358 1135 1133 1645
4 3607 3953  540 3465
4 1336 1335 3144 3148
4 1510 2255 1514 2981
4 1861 1547 2283 2674
4 1465  557  558  555
4 3148 2090 1335 3144
4  880 1675 1492 4779
4 2833 4244 2834  208
4 3238 4000 1729 2817
4 3619 4499 1542 4492
4 1526 1527 1651 1079
4 1571 4991 2141 4051
4  655 3819 2409 4115
4 1005 3595 2889 1006
4  793 2529 3890 4940
4  821  819 1943 1821
4 1092 4093 1094  651
4 2851 4381 2856 1120
4 3417 2804  947   72
4  184 1742  182  185
4 2414 4272  416 4290
4 4868 2835 1173 4027
4 3048  999 3973 1983
4 1941 3976 2394 1850
4 2318 1561 4672 4683
4 1451 2795  621 3379
4 2188 2189 3653 4730
4 3379 4890  621   69
4  248  247  414 1108
4 3286   54 3773   53
4   86 1954  445 2786
4 3285 3287 4402 3264
4 2244 1616 3294  238
4 2220 2635 4848 2502
4 2230  521 1449  519
4 1713 4497 4209 4344
4 1265 2088 2089 4469
4 3641 3766 3642 4879
4 5101  137 4408  138
4 3351 1908 1909 1019
4 2715 3102 1677 4779
4  406 1664 3730 3040
4 4958  164 3588  167
4   72 4399  947 3417
4  782  704  705 1802
4 3905 1698 2779  900
4 4478 3043 2891 1006
4 2903 2232 2080  834
4 3679 2327 2326 4335
4  623 2922 1969 4971
4  897  896 3070 3893
4 3065 2067 4798 5096
4 5101  139  137  138
4  138 4763 4408 5101
4 4335  183 2328  110
4 2133  471  474 2093
4  325   80   82  735
4 2089 2775 1615 4400
4 1554 2534 1557 3544
4  757 4189  756  197
4 2017  136  133 4588
4 1683  834   40 2233
4 4436 3859 2415 3860
4 3355 3187 1628 1630
4 4251 3687 3828  730
4 3118 1264 2242   24
4 1862 2714 1676 1677
4 3199 3181  297   78
4 3856   51 3447 1021
4 4081 1144 3870 1142
4 2550 1653 1655 4139
4  922  387 1461 1460
4 3494 1229 1231 1232
4 2750 4182 3912 2962
4  634 1104 1212 2234
4 4066 2759 2732  349
4 3873 2682   42 2443
4 3108  588 3354 3646
4 2676 2675 3090 3091
4 3715 1510  684  500
4 2497 4425 1769 2566
4 2459 4921 2418 2460
4 1861 2277 2174 2282
4  533 4427  531  534
4 3875 3847 1090 1091
4 3650 2588  255  964
4 3601 1912  985 3019
4 3278 2611 2613 2612
4 4018 4020 4670 4640
4 3707 3706 4463 4445
4 4033  700 2522 2523
4 1164   40 2331 4913
4 2944 3907 2792 4335
4 4709 4589 5033 1666
4  268 1332  939 2385
4   81 1643 1726 1371
4  541 3305 3953 1618
4 2062 1363 4374 2061
4 4913 2318 2319 2487
4 1877 1879 2000 2289
4 3225 4752 3226 2240
4  897 3070 3071 3893
4 1964 3516 4434   67
4 1920  805  804 2816
4 1352 1351 3969 1354
4 3478 3779 3852 3479
4   38 2277 1857 1861
4 3027 3926 1979 2973
4 3266 3072  336 3265
4  620 4098  619 3190
4 1402  357 1405 2490
4 2080 2462 5020 4035
4 3091 1537 1354 1353
4  724 2483  723 5067
4 1498 1353 3716 3091
4 4139 1655 1338 3175
4 4640 4020 4795 4019
4 4385  238 2152 3739
4  642 1238  331 1078
4 2442 2482  527 4449
4 3094 3093 3092 2019
4 4420 2253 1946 2252
4  313  546 4862 1339
4 1828 3513 2524 3512
4 2399 3701 2398 3114
4 4683 4533 4672 2318
4 3364 3365  610 3178
4  520 1754 2294 2687
4 4512 4111  664 1919
4  349 4066 1520 4784
4 1774 3157 4516 4608
4  592  216  836 2331
4 3148  710  712 3149
4  964 2588 4106 3650
4 2303 1829 2304  503
4 4198 3133 2739 2264
4 4993 1430 5077 1429
4 5016 3106 2032 2035
4 2939  551  553  188
4 2460  223 3303 2459
4 3114  766  173 1480
4 1209 1107 1358  414
4 1107  411 1358  414
4 1412 1105 1793 1401
4 3886  689 4078  688
4 1118 1140 1120 2878
4  424 4859 1387 3538
4 1536 2000 3918 3856
4 2718 4127 1232 1230
4 1332 3658 2692  939
4  426 4978 4750 4114
4 3759 2611  293 3278
4 1166 1068 1253 1167
4  860 4824 4308  862
4 4512 3216 4111 1919
4 2188 4730 3653 1926
4 3653 2188 2351  726
4 4211 4210 2850 1427
4 3332 2201 2777 4423
4 2107   18   17 4069
4 3060 2138 2817 3737
4 1113 4944 1114 1116
4 2343 2342 1596 2341
4 3817  913 2085  674
4 1329 1327 2990 2369
4 2971 3984 2955    3
4 1709 1479 1481  825
4 2822 3583 2821 3582
4 2121 2172 2706 2171
4 1445 4830  841  611
4 3412 4836 5027 4979
4  755 3322 4520 4262
4 2983 2982 2981 2662
4 2548  438 1270 2490
4 1570  198  150 1569
4 3245  313 3097 2186
4 3487 5074 3280 2585
4 1175 1177 3694 1178
4 4327  702 1803 2276
4 2323 1880 1881 1882
4   32 3111 4930 1897
4 5046 3615 2488  791
4 2822 3582 2821 4354
4 2886 3849 4342 1631
4 2435 4842 2049 2050
4 3736 1431 1434 1654
4 2479 2617 1088 1091
4  515  517 1780 4037
4 1746 4469 2088 1265
4 2133 1674 1025 4175
4 5042 4886 4769 2364
4 2560 2558 3901 2559
4 1177 4855 4578 4444
4 2468 1862 1204 2619
4  566 1224  788 1823
4  676 3347 1393 1885
4 2050 4842 4874 2984
4 2318 4672 2317 4533
4 4076 1148 2391 2254
4  780 3567 1189 3592
4 1553 2126 1316 1624
4  140  789 4419 2120
4 4617 1563 4119 4120
4  244  563 2138 1836
4 4366 4365 2448 4656
4 1019 1020 1073  779
4 3922 2605 3462 1250
4 5083 4212 5084  371
4 1947 1357  882 2672
4 1768 1953 2064 3318
4 2174 2282 2277  226
4 2948 2946 4189 2947
4 3679  111 3589 4335
4  359 3111 2195 3110
4 3567 1608 1610 3592
4 3136 3135 3772 3210
4 4024 4023 2789 2791
4 2182 4722 3392 4215
4  315 5055 2218 4733
4 3008 4906 3169  115
4 2025  750 2354 2998
4 2319 2488 2318 2317
4 3464 4883  572  573
4  170  789 5076  140
4 4075 2258 1102 1323
4 1887 4520 1886  755
4 1807  558 1465 3271
4 4995 4881 5061 3379
4  864  866   31 1442
4 1456 3977 1107 3797
4 2224 1108  885 2672
4 2368 2744  300 2743
4 2682  913 2085 3817
4 1125 1014  761 3559
4  985 1912 3317  983
4 2350  162 3020 2353
4 1510 1512 2983 2981
4 2651 4191  877  878
4 3832 4606 2717 3587
4 2674 3146 2283 1861
4   53   54  447 3286
4 3960 2155 2154  336
4 3062  805 1518 1515
4 2510 3423 2921 1714
4 2092 2423  526 1624
4 2762 1439 2559 1467
4 1252  996 1143 1867
4  268  922  925 3358
4 1340 4127  796 1342
4   94 4325 2887   93
4  661  966 1347  968
4 3650 5065 4106  964
4 2238 4372 2028 4345
4 1557  409 1542 3370
4 1342 5040  796  797
4 4640 4816 4795 4020
4 3379 2795  621 1219
4  854 4474  853  852
4 1297 2369 3403 1295
4 1491 2453  733  732
4 4225 1200 1199 1201
4  168  465 2120 2171
4  279 2395  278 3398
4 4205 4339 4014 3988
4 3178 3365 1685 3364
4  202 1881  205 1745
4  789  466 2120  170
4 3582 3583 4845  890
4 2578 1115 1238 1237
4 2676 3960 2155 2154
4 3084 1592 1553 3083
4 2370 4248 3382 3869
4 4020 3165 4670 4640
4  732  731 1489 1735
4  951 3454 1305 2430
4 1884 2010 1026 2823
4 2031  549  656  550
4 1383 3270 1701 3269
4 4535  951 4536 2431
4 2393 1614  843  845
4  603 3401 2524  369
4 1898 4662 4300  199
4  891 4061 1077 2249
4 2454  563  241  739
4 3146 3638 3325 5056
4 2521 3385  538 2519
4 2572 2573 1713 4109
4 3830  375 4688 2666
4 2488 1328 2487 1326
4 3457  735  838  100
4 3113 3248 3361 3112
4 3065 4798 1672 5096
4 1937 1938 2200 1826
4 2015 3511 2012 4702
4  383 1663  380 1855
4 3817 2682  913 1146
4 2561 4263 4264 2762
4 2468 1203 1054 1202
4 3885 4999 4347  222
4 1771 2865  403  500
4  733 1489  732  731
4  964  962 3651 3650
4 3619 1959 2060 2058
4 2331 2434  836  592
4  974 2581  975 2580
4 1057 4247  803 3561
4 4698  505  219 1829
4  502  501 3317 2234
4  660   14 1031 1346
4  147 1763 3342 4896
4  303 3892 3229 1971
4 3632 1907 4303 4770
4 3906  699 2523 2188
4 3747 2854 2855 3745
4 2173  228 1293 4360
4  696 4392 2976 2723
4 1643 2209 2915 1315
4  698  700 1201 2522
4 1908 1175 3115 2974
4  989 1262 3741 3050
4 1959  761 3559 2755
4 2575 1287 2170 1181
4 2159 3806   85 3807
4 2794  858 4652 2042
4 4412 3007 1809 1810
4  569 1123 1125 3801
4 1360 4306 1361 2062
4 3091 3716 1537 1353
4 4320 2376 3027 1602
4 3352 1978 4843  227
4 4296 2736 2198 2199
4 1854 3163    2 4965
4  307 4778  305 3222
4 1027 1350 1085 4675
4  577 5007  575 2316
4 4939 4624 3212 3069
4 3070 3069 5072 4939
4 1745 2684 1744  202
4  631 1104 1212  634
4 2521 1803  937  936
4 1423 1303   40 2434
4 4481 1852 1934 1933
4   37   36  321 4188
4 1595 2478 2341  395
4 2406 2409  655  550
4 4982 4728  427   59
4  253 2831  254 2431
4  862  499 2045 3001
4 3759 4501 1534 1535
4 1103  886   31  864
4 2141 2971 4980 2140
4  819 1943  822  821
4 3233 1591 2710 3377
4 4358 4357 4747 4302
4 2282 3542 2281 2280
4 3937 1659 2885 2791
4  733 2453  651 1962
4 3883 2760  242 3884
4 2941 2027  193 2026
4  370 4382 2524 4309
4 3283  868 2734 5041
4 1007 3783 3193 3023
4 1032 4004 3997  113
4 1465 1806 5051  555
4 1644  768 4625  411
4 3716 1537 1501 3091
4 1146 2682 2683 3817
4 2719 4429 2718 1944
4 4083 1676 2467 1862
4 2612 2512 2613 3002
4  446 4470 1219 1222
4 1796 1386 3509 2038
4 2862 2241 1703 1753
4  457 3727 1694 1003
4 2792 3908 2793 3510
4 4937 2883 2664 1479
4 3146 3067 3145 2374
4  282  989 1061  189
4  982 4966  985  163
4 3945 1175 3115 1908
4  975  901  363 2742
4  287 2399 3587  167
4 1460 1170 1462 1169
4 5090 1503 1502  967
4 1924 1363 3707 3526
4 1340 4127 3701 2402
4  922 1461 2474 1458
4 2708  202  204  205
4  405 3041  380  406
4 3165  376 4670 4640
4 2734 3373 2163 3374
4 2998  750  431 2025
4 2443 2682  913 3150
4  108 2744  300  297
4 3476  745  746  747
4 2384 5102 4252 2381
4 4375   33 4930   35
4 3284 2163 2166 2164
4 3165 4816 3821 4640
4 1353  899 1354 3091
4 1450 1448 3589 5035
4  349 5023 4066 4784
4 3095 3097 2186 2187
4 3811 4454 3810 3003
4  950 3297 3213  487
4 1344 4362 4238 1094
4  132  184 2978 2745
4  959 3316   99   98
4 3809 1076 4809 3811
4  503  506 1488 4804
4 2697 1784  459 1785
4  728  726  727 3843
4 4000 1583 1729 2817
4 1462 1460 2000 1459
4 4636  155 4513  152
4 2443  502 1913 2235
4 2661 2730 2660 3333
4  599 4951 1466  598
4 2002 3184  529 2004
4 2219  313  315 2186
4 1459  816 2000 1462
4 1614  995  843 2948
4 3943 4869  751 3695
4 1027 1085  917 1314
4  602 2524 1828  600
4 4582 2145 3050   67
4  574 3464 4916  572
4 1468 4951  599 1996
4 4251 3828 4245  730
4 1469 1848  618 2299
4 5059 3824 2293 4834
4 4196 4762 4102 4195
4  248 1456  247 1107
4 4974 4863 1998 1419
4 1287 1288 1289 2575
4 3102 2714 4548 2715
4 2172 4674 5099 4419
4 5052 4681 2896 2899
4 3266 1980 1979  227
4 2087 3813 5069 1247
4  243 2911  241 2912
4 4138 1496 1497 4106
4 3548  808  809  163
4 3462 3519 3955 3084
4 1577 2493  270 1578
4 1315 1814 1815 2126
4 4685 3477 1432 1653
4 1093 2169 2117  650
4 2851 2856 4621 3645
4 1626 2116 5077 4993
4 1856 4777 1062 1416
4  840  837  838 2929
4 3559 1125 1014 3919
4  350 2389 2388 2390
4 2713 4522 2711 4739
4 4910 5013 4619 4509
4 1459 3072 2154 3266
4 1025  916  474 4173
4 1913 2234  752 2235
4 2690 2688 2689 5004
4 4640 3165 4816 4020
4 1570 1571  972 2570
4 1079  912  884 1526
4  331  330  280 3098
4  842 1131 2070 2392
4   36 3335 3918 3917
4 3536 3537 2800  677
4  967 1820 1502 5090
4 2966 2683 2271 2991
4 2245 2678 3297 2680
4  243 1911  242 3883
4 1828  750  431  221
4 3377  586  589 1841
4 3286 4302  447   53
4 2980 4757 2478 2341
4  825 4343 1542 3200
4 1354  898  899 1319
4 2276  702 3730 3731
4 3559  764  824 3370
4 3472 4775 3258 1868
4 3496 1441 2076 5103
4  530 2199  529 4296
4 4663  118  119  652
4 3689 2950 1359 4108
4 2149 3686 3105 1661
4 4395 1820 1819  967
4   17 1512 2983 4069
4 4226 4697 4155 4033
4 1568  345  346  347
4 2262   94  361  360
4 1360 1362 4463 1363
4  570 3421  963  567
4  363 3580  364 2742
4 3559 1098 1916  764
4 3911 3039    4    7
4  414  412  413 1166
4  782 1802 3521  936
4 3444 3721 4566 2879
4 2187  316 2186 2184
4 1673 2132 1674 1672
4 3668 2709 2710 3786
4 1377 2858 1877  681
4  244 1911  243 2912
4 3559 1014  761 1959
4 1589  722  874  724
4 3999 1064 4745 3501
4 4375 1280   33   35
4  616 1260 1469 2299
4 4640 4670 3895  376
4 1021  681 1019 3856
4 2499 2500  684  687
4 4226 4155 4154 2522
4 3888 2661  398 2300
4  566  563 1372 2475
4 2412 4889 2411 4281
4 1765 1547 2278   37
4 1141 4166 1139 3495
4 4192 2192 2658 2194
4 1749 1746 1747 2302
4  242 4547  241  243
4 4966 3419  160  163
4 1226 3192 1227 1228
4 4481 4561 1933  141
4 4057 3235 4912 2697
4 3930 4937 2664 3830
4 5023 4066 2732  349
4 2402 4127  796 1340
4  258   25 1748 2939
4 1132 1135 4286  787
4  332 2598  331 1243
4  730 2148  320 4250
4 2835 4529 3986 4868
4 2823 1522 2339 2011
4 2316  575  577 1572
4 3169 4178 2795 3021
4  187  553 2939   27
4 1066 3939 1065 3227
4 3559 1916 4165 2809
4  862 2045 3078 4500
4 3919 2809 1916 3559
4 3281  160  162 2938
4 3559 2809 4165 3919
4 3521 1151 1152 1149
4 5021 4113 1447 1818
4 3558 1916 4165 3559
4 3722 2197   24 4645
4 2244   24 1617   26
4 2934  520 1656 3738
4 3950 2784 2785  470
4 1697 1197 1942 3886
4 4634 2458 3885 2460
4 2345 5104 1402 2490
4 2457  277  672  673
4 5086 4452 3260 3261
4 1947  277  770 2253
4 1479  695 4688 3830
4 4656 4097 3459 3770
4 1202 2827 1203 2223
4  395 4885 3129  393
4  422 1393  421  419
4 2754  434 2742  435
4 1339 4208 4852 1192
4 4374 2482  942 4592
4 3365  643  287 4573
4 4494 3967 2500 2047
4 4059 3365 1685 3178
4  115 2795 2796 4988
4 2384 1710 1228 4233
4 1274  811 1271  812
4  149 3104 3520 3105
4  804 2537  557 3964
4 2080 4035 3534 4844
4  112 3547 1174 3420
4 1865 1975 1977 1976
4 2488 4533 3615 5046
4 1928 1929 1355 4542
4 2649 2540 2601 2539
4 2910 3045 4794 3044
4  635  637 1841  638
4 3189 3188 2045 3601
4 3715 3291  686 2983
4 2187 3096 3872 4403
4 2997  274  815 1057
4  560 2541  559 4003
4 1169 1171 3247 4404
4 4190 3210 2643 1551
4 2138 2817 3737  244
4 1513 4203  403 2044
4 4037 4039 1278 1277
4 3102 4674 5099 2172
4  235 2756  237 4657
4 4501 4558 1194 1535
4 4471 4784 4847 3449
4  197 2010  671  196
4 1223 1373  564  787
4 3844 4450 3845 4309
4 1875 4042 2858 1877
4  186 3766 2722 1416
4 2277 2472 2280 1767
4 4972 4735 5079 2429
4 1069 1167 3983 1253
4 3795  843 2070  842
4 2492 3893 3071 2675
4 2981 2983 1510  686
4 2676 3090 1498 3091
4 4907 2317 4454 1424
4 1861 2277 2283 1547
4 1297 2990 2989 3403
4 4896 4936 1763 3342
4 3466 4220 4540  573
4 3015 1163 1164 3627
4 2149 2147 2148 4477
4 3621 4894 2144  415
4 1059 1507 1058 1060
4 4650 4260 4652 1018
4 3239 4070 4071 2100
4 2117 2803 2167 4432
4 2377  102  562 1696
4 4784 5023  350 1520
4 1192 4208 2379 1339
4 1098 1096 4435 1095
4  602  943  431  429
4 2949  452 1961 2532
4  822 1943 1944 2716
4 3129 2478 2750 1367
4 3439 3442 2551 3524
4 2379  545 1691 4612
4 2855 4679 4621 3645
4 1761 4116 1760 2042
4 1919  210 1917 3216
4 3894 2990 2991 2681
4 3394 1074 3810 2291
4  496  693  677 4162
4 3177  690  610  689
4 1971 1973 4265 2764
4 2358 3334 3130 2357
4 1277 4269 4939  386
4 4891 4403 2184 3649
4 3237 3238 5047    9
4 1172  732 2453 4200
4 1756 3137 2643 2413
4  931 4692 4552 5017
4 1950 2622  584 3504
4 2121 4774  143 2119
4 4966 4799 3487  160
4 1504 3262 3314 4254
4 3090 1319 1353  899
4 1738 1737  629  784
4 1950 3504  584 4363
4 2289 1877 1879 4041
4 1579 1581 2757 1582
4 2024  749 4945 2354
4  963  255 1469 1470
4 3495 3240 1140 1141
4 4595 3291  686  687
4 1896 2499  530 1438
4 3860 3531 2415 3420
4 4226 4697 4033 2118
4 5078 2657   97 2832
4 3830  695 2103 4998
4  169 2900 2556  649
4  416 4021  417  418
4  932 3164 4377 2889
4 4656 3891 3770 3881
4 2594 5081 3248 3113
4  771   84  103  494
4 4100 4216 3638  606
4  843 3591  995 2654
4 3447 1857 1861   38
4 1666 4589 1105 4709
4 1027 1026 1884 1085
4  452 1365  734  449
4  221 1828  220  600
4 3619  408  409 4498
4 3611 3838 3159 4363
4 1459 3072 1501 3091
4 1471 3392 3393 4215
4 1666 1840 5033 4709
4 4136 2306  433 1104
4  881  168 3581 3052
4 2366 3199 2744 1558
4 3069 4624 5087 4939
4 2171  168  465  881
4 1629 3824 2293 2075
4 1895 2757 1468  599
4 4589 4135 5033 1666
4 2877 2876  469 4942
4 4000 4001 4964 4002
4 1231 1230 2530 1232
4  953 2967  952 2969
4  530 1405 2199  356
4 1176 4748 1907 2247
4 1565 2845 3169 4350
4 2613 3702 2512 2611
4 2015 3897 2774 3214
4 2061 1361 4704 2062
4 4022 2830 2974 4028
4 3264 3263 3061 4402
4 4728 1835  427   59
4  713 3971  819 3697
4  782  781  705  704
4 3091  899 1354  816
4 4146 4452 3260 5006
4 3420 3547 3531  112
4 4640  376  379 3165
4 4406 4393 1695 1043
4 1587 3131  491 2973
4 2454 4044 1134 1572
4 1520 2665 3449 4784
4 1811 4370 1808 4369
4 2781 3319 3279 2605
4  697 3408 1540 2542
4 1643   82   83 1315
4 4351 1364 1166  412
4  342 3712  365  341
4  622 2840 4524 2308
4 1788 1474  177 1399
4  378  377 1801  379
4 1976 3839 3159 3160
4 1679 3492 1557 3371
4 1053 2142 1054 2516
4 4190 3772 3210 1550
4 4035 4496 5020 1447
4 1883  474  842  844
4  864   94  886  887
4 5103 4161 3122 2076
4 3949 3948 3473 3472
4 2299 2809 1916 3919
4  771 2151   84  494
4 1715 4209 3246 2509
4 2014  490 3897 2015
4 2508 2517 1969 4584
4  971  970 4603 3228
4 3938 3760 3179 3877
4 1414 1275 1581 2781
4 1535 4501 4558 3758
4 1994 5048 1080 1993
4 2496 5085 4618 1775
4 1208 2501 4480 1205
4 1704 4962 2792 3510
4 4069 2983   17 2107
4  620   68  619 4098
4 2464 2902 2903 4112
4 1243 1139 4669  640
4 1569  198 1606  201
4  632  631 1212  634
4  168  143 2120  170
4 3153 2937 3536  496
4 1874  889 3431  520
4  244 2912  241  740
4 4591 2260 4850 3483
4 1054 1051 2223 2401
4  296 1831 2779 1904
4  340  337 2351  339
4   19 1768 1771 1769
4  936 1802  704  782
4 1754  183 2643 1756
4 2023 1998 2299 1260
4 1021 1020 1860 3447
4  771  921  103   84
4 3285 4402 3263 3264
4 3887 4921 2418 5050
4  321 4188   36 4105
4 2156 3380 4367  464
4 1107 1357 1457 1949
4 3840  127  809  753
4 1537 1353 5066 1352
4 1839 1840 1666 4709
4  846 2074 3068  735
4 4506 3171 2932 2334
4 3769 3459 3770  391
4 4806 3394 4570 3810
4 3860 2835 3861 4823
4 3118 3722 1263   24
4 3763  780 4703 1189
4 1383 2854 3747 3745
4 2630 4296 2198 2199
4 2479 1089 2617 1091
4 3493 1562 1423 4913
4   86 2776   85 4079
4 2681 2991 2683 2966
4 1471 3392 2182 4722
4  435 1545 3580 3966
4 1424 5086 1561 1422
4  614 4665 1445 1740
4 1282 1284   56 1285
4 2042 1761 2041 2290
4 4283 2889 1084  442
4 3515   66 2796 2528
4 3119 1658  418 3738
4 1471 3392 3802 2618
4 1383 3643 1382 1380
4 3059 2139 4964 4002
4 3408 4379  694  697
4 1557 3492  422 1555
4 1880 1831 1832 2554
4 4381 4337 2857 1120
4 1640 2231 1347 3509
4 4284 1253 2945 1210
4 2792 4962 3908 3510
4 1058 3118 3435  240
4 1190 2208 1917 1918
4 2751  523  526 3718
4  250 3539 4547 3884
4 2214  492 2215 4120
4 3943 3317 3577 2234
4 1036 4350 3169 3008
4 2269 1533 1532 1697
4 1059 1505 1507 1060
4 2992 2941 2824  776
4  674  278  672 1078
4  574 3464  572  573
4 4242 3517 1990 2878
4 3286 3773 2621   53
4 2915 3179 3877 2914
4 2692  893  508  895
4 2018  133 2904 3776
4 3034 1952 3033 2581
4 2723 1576 2726  696
4 3131  491 3897   75
4 1265 1748  617   25
4 1384 2223 1054 1051
4 3437 3835  439 1084
4 3020  810 3250  502
4 2015 3214 2774 3511
4  990 3112 3361 4085
4  967 1504 2144 1503
4 2640  704 4509 2638
4 3672 1453 3969 3673
4 4814 3362 2251  277
4 1060 1059 1505   68
4 2610 3642 3656 3640
4 1369 4418 4237  554
4 2408 2406  655  550
4 4894 2144  415  958
4  772 1060  240  239
4 3701  326  329 2716
4 3285 3287 3264  209
4 2269 1533 2268  514
4 2791 3937 1659 2789
4 1332  275  387 1170
4 2375 1986 3996  494
4  813 3014  812  811
4  624  479 2922 2125
4 2080 2461 2462 4844
4  927 2237  478 3850
4  216 4859 2950 2183
4 2555  820 1658 3053
4 2053 3037  722  145
4 1622  396 5105 2836
4 2117 2063 2803  120
4 4804 4450 2525  503
4 1079 1238 1310  639
4 2769 1820 1502  821
4  821 3262 1502 2769
4  442  441 2889 2890
4 4374 1363 4449 2482
4 2789 3937 4818 2791
4 1155  557  804 2537
4 1193 1337 1339 2379
4 4044 4440 1991 3579
4 3918  817 2000  816
4 3645 4166 4621 2851
4  355 1022  353   60
4 4702 2057 1733 2015
4 4682 1308 3556 1311
4 3674 3673 1453 3672
4  960 3789  169  648
4  964  963  255 3650
4  652 3804 1845 4663
4  188  870 3283  189
4 3478  389 1433 3479
4 2905 1379 1894 3496
4  753  125  751 4219
4 1067  239 3741  989
4 2642 4704 5037 2062
4 1302 1303 2233 3094
4 1214 1142 3412  671
4 2487 1164 2331 4913
4 1077 2249 4061 4528
4  967  662  966 4813
4 1957 4234 2384 2669
4 3677 2944 2943 2942
4 2942 2944 2327 4482
4 2421 3054 3056 1889
4 1844 4034 1843 1752
4 2197   24 2205   27
4  333  335 3265  336
4  936  937  939 4448
4 3996 1565 1566 4120
4 2998 1518  269  218
4 2817 1583 4104 4000
4 2878 1117 1239 4242
4 4363 3503  785 1950
4 3903 2936 3902  677
4 1826 1856  553 2720
4 3937 2885 5060 2791
4 1059 1058 3435  240
4 1832 1112    6 1981
4 4619 4509  937 1596
4  343 5093 2054 1799
4  411  770 1946 1947
4 1133 1134 1357 1949
4 2630 4296 2199  530
4 2585 2352  340 3281
4   68   71 1723 1060
4  651 2453 1845 1962
4 4323   31  478 1442
4 2858 3378 1878  681
4  546 4208 2379  545
4 4880 4951   34 1468
4 2754 3836 3580 2742
4 1713 2572 4209 4497
4 3241 4388 4459 3723
4  514 3138  512 3139
4 2889 1531 1967  442
4 3943  984 4812 4869
4 2021 3843 3310 4373
4 1736 1734 1735 2109
4 1039 2332  152 4637
4 1475  179 2911  243
4 1623 1330  526 1624
4 4075 2258 4315 1102
4 3005 3004 4146 3298
4 3016   41   43 2279
4 3009 1032  115 1036
4  650  651  653 1093
4 3007 3006 1809 1808
4 1615  978 4457 4400
4 3266 3265  229  227
4  148  150  539 1619
4 3493 3092 1162 3094
4 4040 3966  435 1839
4  770 4814  768 4742
4 1523 1248 1249 3084
4 2338 2867 1522 2868
4 2402  796 1940 1340
4 4958  164 4556 3588
4 2437 2984 2435 2051
4 2150 3174 1779 1917
4  114 2077 5043  116
4  292 3556 2368 2743
4 2504  992  995 2506
4 4105 3716 1537  321
4  373 1080 1850  375
4 1036 1033 1032 1451
4 4195 4249 4102 4196
4 1683 2021 2233 3094
4  954  196 1159 1214
4 1091 1089 4033 2479
4   83  735   80  100
4 3215 3431 2294 3483
4 4395 5090 1820  967
4  364  298  300  973
4  153  154 1038 1039
4 4120 2214 4119 4421
4  730 3687 4250 4251
4 3442 3658 2640 3841
4 4666 4163 1125  761
4 4374  527  942 2482
4 1701 3643 3645 3747
4 1189 4703 4102  780
4  675 3205 1439 4264
4 3370 1959 1014 3559
4 1593 1592 1552 1184
4 3491 3376 4491  399
4 2850  815 1057 1169
4  128 1410  752 3989
4 3713 4761 3714 1920
4 2384 1955 3346 3344
4 3959 3337  169 2556
4 1504  822 2633 2770
4 3065 3064 2701 1623
4 1174 1963 2765 3547
4  729 4378  799 1149
4  301 5106 1972 2764
4 1520 1479 2397 3449
4 1247 4043  344 4874
4 4502 1194 1532 1535
4 3094 2019 3092 3765
4 2744  299  297 3199
4 1522 1524 2011 1672
4 2804 3395  947 1049
4  371 4213 1619  369
4 2146  282 1262  283
4  547  548 4610 4130
4  500 4069 1771 1079
4 1812 1813 4687 4461
4 3319 2421 2420 1889
4  395  392 4629  394
4 1900 1255 5049 3625
4 4896 3729 4936 3342
4 1273 1272 1271 3145
4 2358 1637 2357 4411
4  530 2500  942  684
4  898 1324  897  896
4 1043 1693 1695 1605
4 2240 4116 1256 4117
4  533 3177 3258 3700
4 3211 1333 3141  710
4 4612  545 4613 2379
4  336  335 3072 3960
4  696  694 2543 1573
4 1458 2127 2451 3026
4 1577  745  747 3689
4  483 3933 4856 3932
4 2488 3615 2317 3339
4 3454 3453 4700 3116
4 4027 4868 2835 4026
4 1265   24 1617 1264
4 2351  339 2584  338
4 2739 1586 3133 3415
4 2664 1479 2666 3830
4 4883  572  573  510
4 2471 2895 2472 2277
4  336 3265 3072  335
4 4520 2069 1886 1086
4 1737 2784 2493 1739
4 1523 1249 1524 2068
4  936 3521  782 2692
4  736  325  737 2751
4 2993 2230 1174  159
4 2235  883 1106 1401
4 2692  895 1619  148
4 2275 3731 4270 2965
4  507 1928 1930  510
4 4940 4571 4202 3615
4 3439 2637 3440 3442
4 1249 1522 3636 1523
4 4191 2609 2653  877
4 1702 2862 4835 1703
4 1475 2545  176  178
4  753 1913 3943  752
4 4372 1294 4255 2028
4 3187 3824 2293 1630
4 2371  794 1592 3436
4 2669 1808 2384 1957
4 4391 2573  391 2386
4 3675 2486 2484 2485
4 1692 1917 1918 1190
4  347 4738  795 4928
4 1889 2223 2422 1275
4 1661 3105 2149 1664
4 3076 1760 2238 4116
4 3335   51   36 2405
4 1006 2891 3414 3043
4 4553 1835 1285 2957
4 3172 3137 2414 3134
4 3694 3692 4578 4855
4 5059 2687 2485 3675
4 2522 2063 1201 4225
4 2817 1583 1729 2761
4 4573  285  287  900
4 1071 2437 4417 2051
4  779 3639  777  365
4 4332 2424   63 2169
4 2979 3912 2478  666
4  351 3668 2300 2388
4 3955 3761  737 4787
4  339 1925  337 2351
4 3311  698  700  701
4 2032 1937 2033 1826
4  761 1124 1125 4666
4 3177  689  610 1698
4  214  745  746  590
4 2319 2488 2371 3436
4 4157 1832 1880 4854
4 3164 4377 2889 1043
4 2551 1783 3658  894
4  940 4769 2482  941
4 4069 1512 2983 3715
4 3152 3306 4517 5107
4  803 2702 3560 3561
4 2404  617 2089 4457
4 3442 3658 2551 3524
4 3359  328 2685  329
4   41 3015 3627 3626
4  747 4859  215 1639
4 1934 4774  143 1931
4 1026 2009 2969 1348
4 1947 1357  770  577
4 3516   66   71 2796
4   40 1161 1162 3493
4  315  316 1655 2186
4 4057 5108 4912 4058
4 2274 4647 1803 4327
4 1154 3948 2541 1156
4  496  495 4660 3153
4 2413 1754 2151 3738
4 3281 2352  340 2353
4 4901 2537 1153 1155
4 3385 3965 3130 3384
4 1266 4339 4014 4367
4 3696  751  752 1411
4  763  766 1743 3668
4  682 1073   55 1072
4 2017 4588  726 3568
4 1210 4346 4575 3983
4 2047  530 2500  356
4 4606 2717 2719 3832
4 4685 1653 1434 1654
4 1363 2061 1362 4886
4  565 3081  719 4045
4 4373 1892 1890 2021
4 1202 1386 1387 1384
4 3377  586 1841 3233
4 2942 2484 2687 3677
4 1323 1159  954 1102
4  163  982 4966 4992
4 2659  765 2658 2656
4 3811 4684 1077 1076
4  788 1950 1372 1373
4 5096  524 2423 3065
4 4094 1142 3412  775
4  971 2842  539 3304
4  183 2484 2978 1756
4 4897 2845 3169 3170
4 3020 3250 4449 2442
4 2084 1108  857 1018
4 2404  976 4316 4457
4  401  400  499  403
4 2038 2036 2037 4107
4 2767 4686 2689 1342
4 2680 3115 2974  950
4 3591  843 2948 1884
4 3463 2606 3519 3678
4 4114 4978 3819  426
4 4544 4370 1808 1811
4 1703 2862 1843 1702
4 3696 3695 4790 4549
4 2585 3487 5074 4799
4    3 3163 1606 3161
4 3899 1599 5038 1598
4 2466 4887  818 2465
4  161  162  163  810
4 1213 4136 1211 4356
4  971 4603 4744 3228
4  724 1308 3556 3011
4 1396 1395 1394 2783
4 1114 4960 1115 1116
4  431  943  428  429
4 4797 1616 1615 3461
4   39   48   51 4321
4 4288 3331 2610  188
4 2658 2181  765  763
4  937 2342  704 1803
4 3329 4674 2172 4419
4 1235 5092 3167 4050
4 3529 3333 2759  823
4  972 1443 1444 3628
4 2582 2642 4696 4884
4 2987  282 1061  189
4 2055 2054 4046 1799
4  330 3398  575  280
4 1147 2419 3205 3554
4 2782 1328 1396  791
4  370 4072 2524 4382
4 2230  110 3589  109
4 1255 4934  809 1900
4  941 1510  684  685
4 1966 4376 1965 1967
4 1311 4682 3011 1309
4 1235 2848 2849 1236
4 1884 1024 2948 2823
4 4911 2340 4521 2342
4 1755 2776   86 2786
4 3531 4694 1548 3859
4  173 3057 1341 2546
4 1868  690 3258 3472
4 3965  535 3385  538
4  122 1549 2927 1551
4 1924 3527 1921 4755
4   13 2704   15   12
4 4914 2310 4189  756
4 1149  729 1152 3521
4  203  202 1881  205
4 3379   71  621 1451
4 2268 3140 3002 2267
4  632 4267 3317 3577
4  285  854  288  852
4 3780 4485 1456 1787
4  853 4261    5 4474
4  590 2993  745 1172
4 1032   65 3741 4631
4   41 3016 3015 4563
4 3457  101   80  100
4 4369 4217 4068 1811
4 1285 4180 1283 4555
4 2125 1233 1814  480
4 2356 2209   83 1183
4 4882 3021 4906 2795
4 3063 4484  711 2706
4 4935 4224 3280 2585
4 4927  404  702  705
4 1202 1203 1204 2468
4 1396 2506 3451 1397
4 3315 3316  958  959
4  722 1589 1588 2052
4 1857 1536   38 3351
4 2767  326 1341 1342
4 3700 2511 1685 3709
4 2523 2188  699 3776
4 4085 4909 3751 2200
4 2101  908 1408  906
4 1367  937  938 2521
4 2101 2388  905 2389
4  788 3504 3505 5073
4 3715 1512 1510  500
4  144 4495 2053 3037
4 3964  557  804 1920
4 1967 4376 1528 1966
4  520  889  522 1874
4 2626  270 2877 1639
4 4369 1809 1808 1811
4 2738 1182 2263 1183
4 3480 3168  861 3079
4 3421  962 3651  963
4 4248 1163 3627 3869
4 3442 4605 3441 3439
4 4571 4806 4570 2552
4 3419 3549  161  163
4 3833 4532 2401 1203
4  500 4069 1512 1771
4 1244 1246  343 1860
4  826  298 1830  108
4  204 3295 3296  956
4 3209 3952 3212 2130
4 2607 3863 2606 2422
4 4825 4838 2576 2536
4 3534 2080 1750 2081
4 4523 2841 4524  916
4 1460 1170 1171 3358
4 1984 2727 4504 2729
4 1971 2764 4265 3231
4 2878 1239 1990 4242
4 4656 3891 4097 3770
4 3075 3177 3258  533
4 4632 1262 3741 2874
4 1647 4406 4393 1695
4 4060 1685 2412 1687
4 4835 4819 3499  522
4  519 2413 1754 2643
4 4232 3203 2419 3205
4 2260 2814 4850 3483
4  945 1586 2348   72
4  708  559  561  562
4 4568 2409  655 3074
4 2179 2953 1268 1267
4 2904 1845  652 3688
4  823 4066 2759 3529
4  350 4782 4847 4471
4 4537 3256  928 3257
4 2566 2843 2844 4425
4 4240 4484 4424  711
4 2335  386  152 4513
4 3074 4024 4899 4900
4 3266   23  229 3265
4 3382 1903 1761 2290
4 4898 3989 1410  128
4  404  703  702  705
4 4105 4322 4188   36
4 3102 4548 4674 2172
4 3301 3717  532 3694
4 4752 4116 4652 1256
4 4058 3235 4912 4057
4 1289 1286 1287 4384
4 4528 2250 2249 4061
4 3019  502 3020 2362
4 1461 1216 1170  387
4 3779 1037 4637 1039
4 2892 1881  205 2377
4 1037 3699 1038 1039
4 1030 1029  453 3085
4 1462 1354 1218  898
4  661 1388  660  662
4 1847 4013 1469  617
4 3750 5012 2146 4641
4 1172  660 1346 1174
4 1311 4682 3557  289
4 2150  222  224  225
4 4934  161  809 1900
4 4089 4594 3682  685
4 3436 2331 2371 2319
4   93 1121 2248   95
4 3581  847 1658 3053
4 1624 2948  844 2092
4  520 3431 2686 2687
4 3166 4630 4647 4629
4  188 3283 3284  189
4 1247 2050  605 3814
4 1191 2162  561 4003
4 3874 5008 3858 2166
4 3220 1948 2385  384
4 2303 2524 1829  503
4 3724 1392  910 3241
4 3808 2547 2546 1341
4 3550 3059 1992 2138
4 1980 3926 1978 1894
4 1247 5069 1245 3813
4 1581 2223 2757 1582
4 2342 4521 4630 2340
4 4777 2595 1936 1856
4 4911 4521 3498 2342
4 2582 4306 5037 4884
4 2092 1812 2126 1624
4 2235 2234 1412 1401
4 2546 4736 3057  328
4  755 1886 1086 4520
4  457 4336 4393 1648
4  508 1331  893 1332
4 3887 2541 3886 3948
4 2026  671  193 2941
4 2519 1367  938 2521
4 3594 3593  516 3823
4 3091 3072 2154 1459
4 3577 4267  984 4802
4 3620 3861  416  415
4 3894 3436 2681 3083
4 1340 3057 1341  173
4 3010 3986  662 1503
4 2261 1440 2295 2262
4 4001 4534 3060   11
4 2582 4919 2583 4884
4 2479 4033 2522 2523
4   55  448   54   52
4 2778 4016 4068 3243
4 3364 2323 1880 4854
4 3354  488  587  586
4 1051 1052 1054 1384
4 4884 2642 5037 2582
4 3918 4725 1537 3917
4 3357 3581 1658  661
4 2688 2689 5040 1342
4 4488 4710 1544 1399
4 4706 2214  492 2215
4 5024 3842 3383 1014
4 4584 2518 2517 1969
4 1384 4230 2223 1051
4    3    1 3163 3161
4   55 1072  448   52
4 3361 1938 1061  990
4 3062  806 1518  805
4 3377  586  588  589
4  220 2303 1465 3271
4 3588 4556 3865  164
4 2220 2636 3037 3799
4 3873 3627 1900   42
4 4001 3059 4964 4002
4  630  436  437 3633
4 3276 5015  727 1891
4 3766 1417  186 3641
4 2828 3056 1889 2421
4 2960 2958 2679 2772
4  603 2524  602  600
4 5053 1422 5086 1424
4  500  941  403 1510
4 1385 2757 1387 1384
4  424 2626 1386 1639
4 3461  978 1615 4797
4 4207 1579 2757 1582
4 1383 1380 1381 3338
4  888 1585  491  864
4 3977 1107 1455  583
4 4727 2861  870 3283
4 1087 1086  917 2190
4 3898 4892 4049 3097
4 3289 2194 2403 4192
4  416  415 3862  418
4 1739 1906 1491  263
4  282  989  284 1061
4 2552 4571 2529 4940
4 3688 4055 2453 2452
4 2959 2958 4578  532
4 1324 3606 4269 4939
4 4591 3431  361 3483
4 2353 2351 2565 2350
4  398 1259 1260 1257
4 1945 2253 3816 1947
4 4002 4963 4964 4000
4 3002 1533 2613 2612
4 3563 2614 1365 1995
4 3002 3990 2267 3489
4 3628 1899 1444  972
4  970  969 2570  972
4  764 1095 1915 1914
4 3615 5046 4533 4705
4 4344 4497 3957 1713
4 1388 3010 2144  415
4 3737  242 2817  250
4 3417 4984 2804   72
4 3025 4171 4751 1382
4 4395  965  966  967
4  469 1796 2877  470
4 2698  931  928 3257
4 4940 2529 2552  793
4 3364 3365 2323 4854
4 2334  390 3459 2932
4 3080  210  213 1919
4  472 3123 1814 1813
4 2792  521  522  519
4 3450 2399 2410  645
4    7  853    6 1288
4 1679  173  174 3371
4 4019 4020 3742 4640
4  982  984  808  985
4 3245 3872  316 2187
4 4940 3889 3890  793
4 2615 1501 2278 1857
4   87 1755 1756   85
4 2743  974  300 2368
4 1193 2379 1339 1192
4 3115 2974 1305 1306
4 1977 4292 3158 1974
4 2368  974  300 2580
4 4656 4097 2449 3459
4  518  904 3606  515
4 2873 3112 2871 2874
4 2692 2303 2525  369
4 1027 4675  917  915
4 3167 2509 3878 3879
4 4025 2630 3598  356
4 3004 4678 3005  891
4 1104 2567 2568 3183
4 4475 1763 3342 1764
4   18 4888   16 4932
4  358  357 1405 1403
4  488  486  487  948
4 1520 1519 1479 4785
4 1031 2320   14 2321
4 4935 3313 4224 2585
4  739  178 1457 1455
4 1338  316 4109 3175
4 2350 2188 2565 3906
4 4214  873  874   79
4 4321 3335   51   36
4 3700 3177 1882  533
4 2938 3487  160 4966
4 3988 1266 3678 3863
4 3644 3643 1140  723
4 2304 5051  505 1464
4 3479  390 2332 3852
4 3539 4547  108  363
4 2993 4055 3467  834
4  717  716 1732 2056
4 1465  218  219  220
4  717 3214 1560  863
4 4157 3587 1832 3452
4   26 1616 2244  238
4 3427  647 3428  649
4  280  330 2456 3098
4 3218  563  241  244
4 2303 1465  219  220
4 4689 1186 4703 1189
4 2166 5008 3858 2164
4 4716 1780 1782  509
4 4002 4104 2138 4963
4  492 3170  446 1219
4 2229 1151 3844 1066
4 3610 4732 3157 2945
4 1649  457 1695 1647
4 1983 1853 3429  999
4 4453 4452 4907 4454
4 3886 1197 1942 1196
4 1572 2316 1141 2315
4 3003 1872 1718  891
4 3245 1337 3246 3879
4 1178 3717 2974 2975
4 2941  775 3412 1214
4 1925  337 2351 2565
4 1098 1556 4435 1096
4 4284 4732 4575 2945
4  145 3643 1382 3644
4 3257 3255  931 4537
4 2174  227 1857 3351
4 3310 4588 3308 3568
4 4538 4539  483 4288
4  762  743 1497 3670
4 2994 2995 2946 4189
4 2953 3321 3155 1267
4 3802  741 1470 1471
4  168 1266  838  840
4  566 3330  563 1837
4 3862  416 2415 3861
4 2046 4087 2195  356
4 4486 3221 2484 2978
4 1923 2565 1921 3527
4 1222 4470 1722  446
4 4787 4014  837 3834
4 4025 3598 2046  356
4 2172  465 2120 5099
4 1386 2516 3509 2038
4 4208 4852  666 4862
4 2742 3580  364 3836
4 4099 3290 1598 3109
4  356 4087 1404 3597
4 2307  916  622 2070
4 1026 1024 2011 1671
4 2848 4050 3167 3097
4 3479  389  390 3852
4   74   73   72 3416
4 4339 3863 1266 3988
4  732 2109 1489 2108
4 2685  327  822 2716
4 2981 4668 1514 1512
4 1136 2367 3556 1558
4 3989  125  751  752
4 1317 1679 3492 1392
4 3023  111 1448 4990
4 1818 2903 1447 4055
4 4499  407 4498  409
4 4116 1759 1296 4273
4  274  815 1216 1170
4  816 1537 3918 3672
4 1988  813  814 2173
4 1672 2132 2423 5096
4 2283 3326 2277 2280
4 2756 4657 2347 4658
4  144 2053  146 3037
4 2630 3598  356 2199
4 1674 1024 2423 2133
4  945 3395  947  944
4 1696 1881 1882 2377
4 4146 3003 3005 1718
4 1630 2076 2213 3824
4  959   99 3295   96
4 3775 4129 3774 1215
4  533 3177 2893 3075
4 4062 4564 1939 2726
4 3472 3177 3258 3075
4 2616 3571  729  319
4 4022 2830 4028 4029
4 3861 2835 3010 3622
4 4160 2409 3733  427
4  780  382 3520  705
4 1465 3575 5051 1464
4 4602 4149 4148 3074
4 1744 2972 4221 4222
4  186 1856  187  189
4 1382 4896 4751 4957
4 2413 3137 2151 1756
4  818 1453 4887 1452
4 1336 2273 1864 3148
4  204  202  959  956
4 2668  853 3587    6
4 3857 3386 2853 2293
4 1098 4435 1915 1095
4 3646 3353  588 3354
4   62   61  628   63
4  611  841 1445  124
4 1178 3301 3717 2975
4 1535 1197 1532 1697
4 3069 3209 3952 3212
4 2182 4352 4722 2180
4  503 4450 3844 4309
4  661 1658 3357 1391
4  239 2830 1825 4029
4  775 2240 3412 4094
4   79 2220  874 4214
4 2841 2840 4524  622
4 2015 2014  490 2013
4 2957 4708 2956 4553
4 1829  504 3513 4698
4 4402 3062 3264 3603
4 3014  812 1566  813
4 3900 2578 3901 1116
4 4102 4249 4103 4762
4 1934  143 1981  141
4 1656 3215  887  520
4 4117 2966 3076 1760
4  993 2946  995 2506
4 2659 2972  328 4222
4  722 2052 2220 3799
4 3396 3162 1606  201
4  357  528 1269  272
4   74   73 2014 3131
4 3146 4479 3691 5056
4 1557  409  422 1392
4 2202 2201 2777 2204
4 3418 3458  219  750
4 1932 4774 4429 1934
4 4695 3848 1091 2480
4 3082 3156 1488 3332
4 3760  544 3245 3877
4 5100 4934 5049  161
4 1473 4601  767  577
4  796  795 5040 4928
4 4733 1652 2184 1655
4 3829 1576 2726 2723
4 1154 2541 2540 1156
4 2463 2462 2080 2464
4 4368 4648  282 1061
4 2532 3547 1963  112
4 3552 3362 2396 2457
4  494 1451 1219  621
4 2055 1244  343 1860
4 4117 2085 2966 2290
4 3283 1261  870 4727
4  460 3727 2910 3924
4 1253 1165 1167 4284
4 1690  330  332  331
4  707  561  709 1602
4 4120  492 2213  494
4 4454 4453 4809 4808
4 1103 4325   94 2838
4  256  551  257 2372
4 2042 4116 4652 4274
4 2051 2437  778 1071
4 1010 3804 1845 2670
4 3955 2360 4872 4731
4 3898 2848 2849 3097
4 1389  660 3420 1174
4 4944 3900 2558 1116
4 1846 3193  651 3851
4 5010 4632 3741 2874
4 1788 1544 1474 1399
4 2429 2031  549  656
4  820  819  967  968
4 1863 1864 2715 2171
4 3743 3810 2291  945
4 1304 2830 2974 1305
4 1373  564 1372  566
4  177 1804 2545 1787
4 3283 2164 3858 4726
4 1181 4063 2170 2575
4  269  806 1518 2834
4   58 1659 1660 2790
4 4710 1544 1399 1839
4 1810 3007 4305 4412
4  739 1374 1949 1373
4 1043 4406 3414 4407
4  550 2406 2409 4568
4 1625 5077 4800 1429
4 3189 2999 3001 2045
4 5070 2219 4870  313
4  798  796  347  795
4 3180 3123 1814  480
4  206 1879 1427  207
4  199  200  201 1983
4 2457  672 3554  673
4  250 3539 1730 1731
4 1341 4686 4676 2767
4  336 2153   23   22
4 2934  520 3215 1656
4 3905 2779  852  900
4 3856 1536 2000 3351
4  313 2225 4870 5071
4 4407 4283 3414 1043
4 3227 3939 2227 1066
4  828 3620  416  415
4 1185  236 1552 1182
4 2444  502 2443 2235
4 2204 3564  538 2202
4 3204 2455 4264 3205
4 1909 4770 1907 4404
4 3447   51   38 2674
4 2688 4522 4127  796
4 2125  479 1233  480
4 2220  721 1208  249
4 2205 3118 3722 1058
4 2100 2099 4071 3239
4  666 2979 3912 4110
4   10   77    9 3237
4 1714 4209 1713 1715
4 3132   73 3133 3131
4  199 3429  200 1983
4 4769 2482  941 2364
4 2372 1748  744 2939
4 4062 3443 2799 2726
4  395 3166 2341 1595
4 2478 2341 1607 1596
4 2102 1850 2103  375
4 4219  808 3943  753
4  634 2568 1104 2234
4  615 1615 3232 2708
4  422  409 3241 1392
4 2703 1204 1335 1336
4 1985 2603 2114  239
4 2975 3717 2974 2892
4 1228 1712 4235 4233
4 4029 4334 4786 2830
4 1079 1526 1771  500
4 1122  901 2742  435
4 4711 4614 1344 4093
4 3830 2666 4688 1479
4  616  615 1621 2710
4 1397 3551 3405 3777
4 2829 1492  880 3833
4  294 1110  646 3827
4 2960  635  637 1841
4  640 1139  332 1243
4  348  346 4314  345
4 1753 2241 1303 3261
4 4835 3499 2793  522
4 1026 1671 2011 2009
4 5044 2994 4720 3507
4 2604 1306 4843 1020
4 4120 2213 2215 2214
4 1480  695 1481 1317
4 2872 4671  991 3742
4 1834 3913 4708 1835
4 2669 4234 4235 5028
4  697  694  695 4379
4 1715 3246 3879 2509
4 1002 2885   58 4186
4 3786 2708  205 1745
4  352 2631 2730 2731
4 1335 4359 1334 1333
4 1241 3060 1207 1118
4  787 1133 1134 1132
4  700 4919 2582 4884
4  255 2589 3635 3655
4 2085 3150  913 2290
4 2601 2600 2540 4902
4 1946 4829 4625 1070
4   18 2116 4932 4293
4  498 2819 5097 2935
4 4791 3440  781 4195
4 2235  912  674  913
4  671  670  190  669
4  446  444   86 1954
4  785 4510 4346 4286
4 2861  868  870 3283
4 1280 1052 1384 1281
4   55 3945 4358  448
4 4631 4632 3997   65
4 1270  436  630 3155
4 4736 4222 2972 2659
4  236  794 2506 1719
4 5051  505  506 2304
4 1867  247  414  996
4 1655 1653 2551 4095
4 1609 1706 2735 1606
4 1664 1661 3105 3040
4  235 4446 2347 4657
4 2789 2790 1659   58
4  468  467 1635  470
4 1629 1441 2295 3120
4 3777 1394 3405 1397
4 1010 1845  651 2670
4 2912 1584 4764  244
4  570  963 3012  567
4 4301 4748 1907 3632
4 3257 4841 4420 3255
4 3350 4167 3632 1176
4 2312 3775 4326 3100
4 4022 3717  635 2892
4 2517 4585 2507 4994
4 3634 4950 1088 3320
4 2717 3701 4606 2716
4 3740  669  195  197
4 2969  754 1085 2292
4 2633  956  202  203
4  636 1859 1686 1858
4  342  779  344  777
4  492 2213 2215 4120
4 1039 1037   47 3425
4  912 2499 1438 2444
4 1134 1132 1135 1472
4 3211 4565 4424  713
4 1165 1168 1252 1166
4 3836 2740  364 2742
4 4117 4652 1256 1108
4 1863 1203 1862 2468
4 2044 2866 1771 1768
4  503 1488 2525 4804
4 1536 1459 1857 1501
4  594 4365 3585 2014
4  261 3235 1785 5109
4 2092 2126  844 1624
4 4739 3443 2124 1939
4 2672 1357  882 1457
4 1318 1576 2726 1939
4 3743  887 1656 1585
4 4843  227 2174 3351
4 2862 2241 1717 1703
4 3166 4629 4647 2963
4 4186   57 4331   58
4 1063 4223 3613 3657
4 2234 1912  502 1913
4 3979 2167 2169 2117
4 3801 1125 1014 3800
4  608  690  610 3178
4 3043 4336 4393 2910
4 1185 1552 1184 1182
4 1271  812  814 1988
4   80  846  323 1368
4 1189 4703 2797 1186
4 2790 1299 1660   58
4  313 5070 2219 4833
4 4198 3662 3133 2264
4  675  912  674 1078
4  927 2237   31 4323
4 4587 2463 4112 2464
4 1379  476  478  477
4 1626 2116   18 4293
4 2328 1741 1742  185
4 1802 3520  705  782
4 2199 4572 2198 3598
4 3271 1807  938 3082
4 4967 2652 2653  877
4 4050 4049 3167 3097
4 4571 4570 4705 3812
4 1430 4597 4800 1429
4 4834 3387 3187 2293
4 1774 3157 1977 3158
4 3152 4517 2176 4858
4 2566 1651 1311 2844
4 2592  865 1656 3119
4 2634 3739  418  203
4 3196  457  459 1649
4 2085 3150 2084 2235
4 3321 3320 4956 3634
4  549 2383 2031 2429
4  557 2537 2538 3964
4 4247 2025  803  431
4 1533 3140 3002 2268
4 1717 4146 2241 2863
4 2961 2962 2750 3129
4  962 3651  963  964
4 1464 5051 1465 2304
4 1120 1118 1119 3644
4 4492 4498 4493 3619
4 3879 1337 3246 3051
4 3533 1303 1750 2233
4 1309 4467 1308 1242
4 2668    5 4596 4474
4 1954 3407   86  446
4 1643 1814 1815 1315
4  892 3223 1056 1055
4 4992  982  808  163
4 2998  431  221 2997
4  675 3205 3554 1147
4 1388  660 2835 3862
4 2904  133 2903 3688
4 3504 1950 1372  788
4 1294 2028 1297 1760
4 3688  834 4055 2993
4 1741 1742 1445 2328
4 3037 4495 2053 2052
4 3159 3610 3157 3160
4 3799 2052 4495 3037
4 3813 4842 4874 2050
4 2299 1260 2022  963
4  278  575  332  641
4 2176 4858 3768 4879
4 2046 3597 4087  356
4 2366 2744  300 2368
4 3644 3342 1382  147
4 2119 3959 4774  143
4  100   81   80   83
4 4554 3914 4728 1835
4  978 4457  976 2404
4 3097 3898 4870 2225
4 1853 2693   56 1854
4 4061   95  887  888
4 1738  783 4943  784
4 4684 3348 3003 1077
4  641  882  884 1078
4 1806 5051 1485 2304
4 3906 2188 4108 2350
4 1047 1046 1048 1045
4 3824 2294 2485 5059
4 4600 1119 1207 1764
4 2370 2369 3788 1329
4  653  118  117  120
4 3595 2889 1006 1531
4  247 3977 1456 1016
4 1214 3100 1215  954
4 3452  167  288  287
4  787  564 1134 1373
4  641 1141  332  640
4 3036 2636 3798 3037
4 2687 3676 2484 3675
4 1463 3575  557 1465
4 2103 4998 1574 2102
4  124  841 2812 2266
4 2400 2399 1994 2398
4 4553 4555 4180 1285
4 2209 3051 2380 2916
4  765 5063  764 1914
4 4111 2747 3912 1919
4  553  186  187  188
4 3119  865 2152 3926
4 2638 4508  704 4509
4 4913 1423 2318 1562
4 1307 3116 1306 1073
4  503 2524 1829  504
4 1467 1466   32 4664
4  206 1375  681 1376
4  592  216  217  214
4 2257  402  941  403
4 3310 4413 3792 3308
4 1010 1007 1817 1009
4 1467   32  359 3110
4 2754  432  434  435
4 1744 3316   99  202
4  605 3814 2086 2087
4 1152 3332 3156 2520
4  726 3652 3569 3568
4 2115   18 2536 1626
4  374 2102 2103  375
4 4876 3501  371 3999
4 3448 3450 2400 2399
4 2070  916  917  914
4 2957 3984 4708    0
4 2422 1275 2223 2827
4 2443 2950   42 3250
4 1939 2123 4564 4062
4 2176  552 4288 3641
4 1997  599 2757 1895
4  629  270 1359 3689
4  924 1338 4139 2550
4 1506  867 3722 4645
4 4486 2776 4183 1755
4 1796  470 3698 1578
4 1382 4170 2857 3025
4 2715 1677  880 4779
4 1786 4266  459 1971
4 1619  150  151  148
4  460 2122 3422 3045
4 4442 2806 2808 2809
4 3443 2123 2124 1939
4 3509 1202 2231  881
4  113 3009 1032  115
4  414 1166  413 1253
4 1745 3820  205 3786
4 2293 2853 2295 3386
4 3309 4691 3307 3310
4 4197 2808 2807 2809
4  494 1986 3996 1565
4 2191 2069  917 2070
4  550 5030  656 5110
4  227  226 1857 3266
4   99   97 2832 5078
4 3627 3015 1163 3626
4 1748 4469 4013 1747
4 2030 2221  655 2031
4 1251 1249 1250 1790
4 4272 4694 3135 4190
4 3208 2129 2492 2154
4 2939  744 2372  762
4 1491 2617 2453 1577
4 1166 1168 1252 4618
4 3897  863  491 2973
4 1296 1295 3382 1297
4  682  779 1073 1071
4 3380 4821 3381  464
4 2013 3585 2012 2014
4 4132  572 2797 2440
4  268  267  220  221
4  268 3271  267 2162
4 1190 1192 1691  709
4 4653  637  638 1409
4 2969 2009 2968 1348
4 2854 3747 2857 1383
4  388  389 2933  390
4 4500 3189 3001 2045
4 2919 2771 1406  589
4 4102 4103  382 4649
4 2827 1275 3678 2606
4 5059 2813 2687 3675
4 2107   18 2536 2115
4 3160 3611 1865 3838
4 2830  488 1305  951
4 4552  412 4420  929
4  205 2892 3233 1842
4 5057 1790 1249 1251
4 4752 5111 2240 1256
4 1754  183 2484 2942
4  833 4108 2950 3689
4 3759 3758 1535 3278
4  922  925 3925 1602
4 3574  267 2161  807
4  249 1308 3556  723
4 3409 3214 4519 3391
4  675  674 1146  673
4  145 3037  722  721
4 2557 2305 4716 1782
4 1383 2857 1382 3643
4   63   61 2424 1022
4 1507 1506 3722 4645
4 3338 1700 3745 1383
4 4165 4206 1125 4197
4  348 2800  677 4313
4  899 2492 2154 2675
4 1513 1514 1512  403
4  198  200  320 2149
4 1021 1878 2050 2051
4 5057 1790 2359 1249
4 1622 1621  257 3665
4 2679  587 2680 2960
4 5024 3618 1959 1014
4 1744 1743 2832 2659
4 1338  314 1655 2550
4 2920  485 2679  587
4 2374 2282 3145 3146
4  520  889 3215  887
4 3146 3147 4479 5056
4  770  767 1357  769
4 3976 4851 1082 1849
4 2466 4210 2850 4410
4 1090 3847 4128 2952
4  340  339 2351  338
4 4729 4362 1094 2169
4 4623 3234 3300 2697
4 3272 3117 1579 1997
4 2957    2    3 3984
4 3067 1271 3145 2374
4  148  198  149 3592
4 3730  702  705 4927
4 4808 4453 4673 2317
4 1459 1460 1461 1462
4 3991 4511  261 2697
4 2507 2517 2509 2508
4 2409  426 3733  427
4 1622 2837  396 2836
4 3899 5038 4959 1598
4 1027 1883  916 1086
4 3733 4159 2409 4160
4 3729 3934 4936 3342
4  500  501  502 2444
4 1304  239 2830 2603
4 2490 2548  438 5104
4 2022 1259  398 2837
4 1156 2418 1155 4622
4  209 4303 3264 3285
4 2025 2834 2850 2997
4 1027 4174 1025 1349
4  524 2131 2132 2423
4 3619 4492 1014 1012
4 2125  479  842  624
4 1164 3627 3869 3871
4 1948 1653 3479 3477
4  917  915 1314 2632
4 4526  576 2395  279
4 2617  628  266 1491
4  576 3398 2395  279
4  953 4627 2313  954
4 4683 3868 3787 2487
4 2455  672 3554 2457
4 4383 4291 1289 2718
4  426 4899 3074 4024
4 3194 3947 3195 3172
4 2968  953 2010 2969
4 2582 3527 4108 2003
4 1643 1815   82 1315
4 2444  500  684 2442
4 2057 1732 1733 2015
4 4953 4169 1374  739
4 4283 2891 3414 2889
4 4327 1803 2274 2276
4 1021 1019 3447 3856
4 3117 5011 3203 2419
4 3502 4072 4073  370
4  426 4023 4899 4024
4 2843 2579 1951 2844
4 3717 2680 2960 3694
4 1279 1280 1385 1281
4 2555  820 2633 2634
4   35 1468 1895 2757
4 1214 1142  671 1159
4 1571 4051 2141 2842
4 2717 1852 3587 1851
4 3670 2734 2166 3284
4 1055 4689 1186 4703
4 2699 2587 4125  256
4 2797 4703  892 4576
4 1456 1804 1016 3797
4 1536 1459  816 2000
4  363  300  108 2744
4 3314 1504 3316 2770
4 3342 4759 3343 4456
4 1908 3945 4358 1909
4 3232 2892 3233  205
4  305 1331  892  232
4 2434 1303   40  834
4 4817 3637 5029  727
4 4657  234  237  235
4 1907 1908 1175 3945
4 4021  416 2414 2413
4 3339 2317 2005 4454
4 2585 3280 3281 4224
4 3877 1236 3167 3760
4 2819  677  496 3242
4  314  315 4619 1596
4  733 1436  628  627
4 3530  823  825 1011
4 2619 2620 1204 2468
4 3723 4388  407  409
4  768 4625  770 1946
4  391 2572 2573 3770
4 4854 3587 3452  287
4 2716 1943  327  822
4 3760 1236 3179 3877
4 4028 3232   26  238
4 4456 3342 2857 1120
4  572 4132  231  574
4 1879 3728 2287 4041
4 1049  489   72 2804
4 3939 2228 2227  151
4 1180 1181 1083 2575
4 1002 1659 2885 1001
4 4177 4176 1006 1531
4 3856   51 2405 1536
4 3391 3390 4918 3389
4 2995 3590  994 2946
4 1634 3324 1631 1632
4 2171 2273  712 3148
4 3935  416 2414 3195
4 1194 1197 1532 1535
4 3650 2588 2589  255
4 2184 1654  316 1655
4 4047 4278 1959  758
4 1810 4235 4560 5028
4 1545 1544 1399  180
4  474 4524  622 2841
4 5061 4989 2796 3379
4 1086 4520 2069 2190
4 1359 2617 4108 1089
4 2446 1238 1242 1626
4  911  676  693 1393
4 3701 2685  329 3359
4  681 4042 1877 1377
4 1551 3547 3531 1549
4  965 3143 1819 4395
4  583 1107 1133 1209
4 2234 1122  501 2568
4 1016 1015 1456 1018
4 2974 1175 2680 3717
4 2328 4830 1445 1741
4 1603 1715 1716 1601
4  883  175 4547 1545
4 3257  928 1251 3256
4 2457  672  280 2456
4 1577 1172 3476  745
4  369 3755 3401  371
4   39  606 1547 2674
4 1910 1907  807 4404
4 3129 4885 2961  393
4 2952 3847 1088 1090
4  779  778 3639 1071
4 1063 4191 3613 3612
4 3357 1594 1658 3581
4  673 3363 3433 3362
4 1456  177 1457 2224
4 2253 2252 2251 4742
4  227 1980 1978 1894
4  681 2858 3378 1377
4 2397 1479  766 1480
4  256  741  255 4106
4  763 1743 2709 3668
4 3811 1077 3810 1074
4 1192 4852 1918  664
4 1142  775 1364 1214
4 4445 1360 4463 1924
4  787 1135 1133 1132
4  230 1356  233 2305
4 2957 4180 1285 4553
4 3649 3736 1654 4891
4 3507  193  197 2940
4 1701 4597 4800 4801
4 1649 3196  457 1648
4 2475 2365  563 1372
4 2447 1429 1129 1428
4 4200 2108 1906 4199
4 1363 3704 2482 4886
4 2690 4127 1342 2688
4  427 2409  426 4114
4 3694 3692 1177 2247
4  687  685  686 4594
4 1107 1456 1108  248
4 1905 1831 1698 1535
4  834 2080 1750 2233
4 4518 4933 2176  552
4 1952 2866 1770 3034
4 2289 2288  817 3674
4  369  368 2524 3844
4 1867  247  248  245
4 3674 1453  818 3672
4 3379   69   71 3516
4  435 2754  432 3966
4  678 2976  696 4392
4 1265  617 2089   25
4 4535 2430  951 2431
4 3242  677  496  693
4 2335 2333 2334 3927
4 1176  804 3632 3350
4 1888 2311 3591 3590
4 1242 4800 1429 1625
4 2480 4697 3791 4864
4  770 4525  768 4814
4 2398 2399 1994 1851
4 3097 4892 4049 3095
4   91 2897 2899   89
4 3828  800 4245  729
4  728  726 3310 3792
4 1827 3660 1621 3815
4  788  786 1373 1823
4 5002  814 4360 4361
4 3114 2399 3701 3359
4 1185 2126  844 2125
4 1592 1553 1552 1184
4 1475  176  241  178
4  866  926  478 1379
4 2047 2630 2500 4494
4 3258 2540 3075  531
4 3045 4794 3422  460
4 3872  316 3649 3246
4  264 3633 3634  266
4 4645  869 2197  867
4 3220   47 1783  307
4 2173 2374 1978 2174
4 2631 3888 2661  398
4 1011 1014  824 3370
4 3354  486  488  948
4 4781 4877 3506 3507
4 1818 4903 4543 5021
4  827 3294 3195 4699
4 1993 1180 1083 3588
4 2017  134  133  136
4 2442 2482 4449 3020
4  649 2900 2556 3337
4 1116 4960 4264 4263
4 1962  651  733 1995
4 2878 1992 2882 1990
4 4846  952 3324 1631
4 1772 1773 1775 1160
4 2181 3525 2192 3268
4  383 1855 3685 1662
4  794 1592 3340 2371
4 1343  651  733 1436
4 1491  732  733 1489
4 3502 4073 3501  370
4 2620 1204 2468 2516
4 4796 4699 3294  827
4 2152 3926 1978 4385
4 4707 2562 2330 2146
4 1912  808  985  163
4 2133 2092 2423 2131
4 1303 1301 5053 1300
4 1113 2870 2578 1115
4 3853 4506 2933 2332
4 1155  557 2418 3574
4 1283 4922 4991 2693
4  845 1614 2923 1611
4 2973 1980 3926 1979
4 1587 1586   75 3131
4 3079 2568 1670 3182
4 3767 2722  553  552
4 4199 2108 2705 2110
4 3359 3057  766 1743
4 1728 4734 5047 1731
4 1977 2945 1865 3160
4 1919 3912  213 2748
4 2118  117 2117 2479
4 1189 1188 1610 1608
4 1753 1843 1703 2862
4  241  740 2911 1475
4 3504 3503 1950  788
4 1614 1613  236 1612
4  917  914 2632 2191
4  484 2896 2899 3980
4 3677 3676 2484 2687
4  689  690 3886 3472
4  266  264  628   62
4 2830 4334  951 4536
4  835  833  745 3688
4 1835 3915 4708 4553
4 1210 4575 2945 4284
4  489 1732 1047  888
4 3117  596 1579 1997
4  886   95 1047  888
4 1565 1451 3170  494
4  417 3195  827 3294
4  739 1572 1457 2454
4  150 1571  971  972
4 2305 1782  230  509
4 1743 3057  328 3359
4  539 2842 2141 2970
4 1842  635  636 1685
4 2479 1023 2117 2118
4 1851 1852 1289 2717
4 3796 2467 1203 2468
4 4657 2756  237 2738
4 2133  474 1025 1883
4 3274 3275 2352  160
4 2781 2780 3279 1415
4 2275 2965 4270 3099
4 1926 2188  699  701
4 3554 2419 3205 4232
4 2829 2422 2828 2827
4 1631 2886 3849  831
4 1237  912  675  672
4 2312 4129 3100  954
4  526 2131 2092 3920
4 2672 1107 1357 1457
4   36 4725 1537 4105
4  960 1110 1112 1111
4  178 1456 1455 1804
4  836  833  216  214
4 2093 4461 1813 2092
4 3359 3057  329 3114
4  313 4870 4892 2219
4  878  877 2610 4191
4 4488 1399  856 1400
4 3810 3003 4454 3471
4 1808 3006 1809 4972
4  775 1364  774  773
4 2910 3727  457 1003
4 4937 2883 1479  695
4  193 4345 2027  191
4 4620 3515 2796 2528
4 2469 4314 4313  348
4 1851 1083 1850 2394
4 2308  914 4524  916
4 2041 3150 2084 2290
4 2125 1814 2265 2210
4 2465 4210 1427 2466
4 1166 4090 1068 1168
4 4181 2626 1796 1386
4 1166 1167 1252 1165
4 3289 2832  979 2709
4 4557 3547 3531 4027
4  874 2220  722 1588
4 2862 2863 3299 1717
4 1587 1601 2356 1586
4 2480 4033 1091 4695
4 3478 3852  389 3479
4 1063 2610 3284  189
4 1801 2055 3067 3066
4 3461 3295  204   99
4 4966 3486  985 2938
4 1329 3787 2487 1326
4  693 3470  497  498
4  243  179  176 1475
4 3584 4984 3416   74
4 4624 4513  386 2335
4 4117 3076 1256 2240
4 2832 2659 1743 2658
4   35 2757 1895 1385
4 4048 2820 4466 3470
4 1200  698  699 1201
4 1959 5075 1958 5031
4 2013 3585 2014   74
4  699 4730 2188 1926
4  151 1443 2228 2616
4 2055 3691 4046 5056
4 1253 1645 3983 1069
4 2233 3533 1303 1302
4 4658 2347 2756 2348
4   70 3516   66   71
4  883 1398 1106 1401
4  162  810 3250 3020
4 4010 5058 1695 1649
4 3507 3506 2027 2947
4 1835 3913 4708 3915
4 4416 3657 3656 2610
4 2374 1978 1985 2375
4 2170 3910 4562 1288
4 2829 3818 1492 3833
4  451 1366  734 1736
4 3034  974 2844 2579
4 2829 3833 4532 4644
4 2232  133 2903 2464
4  120 2063 1199  117
4 3317  501 2568 2234
4 2062 1089 2582 2641
4  338 3782 2584 2585
4 2744  250 2743  249
4 1756  183 2643 2745
4 1913  502  810 1912
4 1367 1595  937 2521
4 4264 4960 3098 3204
4 2469  346 4314  348
4  509 1356  230 4716
4 3676 4486 3221 2484
4 2156 4367 4339 1266
4 1707 1606    3 2141
4 1623 2423 1524 1525
4  820  822  712 3053
4 1903 4355 2006 1901
4 4298  983  985 3601
4 3351 1459 1979 3266
4 1863 3148 1204 1864
4 3886  688 4078 4895
4 1527  974 2844 3034
4 4710 1543 1544 1839
4 3374 2734 3283 3284
4  446 4134 3170  443
4 4424  711 2273  713
4 4732 4608 3157 2945
4  567  961  963 3012
4 4333 3979 3978 2169
4  856  857  885 2224
4 2618 4638 3802  741
4 3375  830 4796  827
4 1387 1581 2757 1997
4 1243 1129 1242 1701
4  656 4929 2031 2221
4 2663 3449 2400 2666
4   46   45 4084   47
4 4923  988 3954  987
4 4260 1018  248 1256
4   22 3391 2153   23
4 2850 4211 4244 5054
4  296 4713 1831 1904
4  733 1437  731 3563
4 3329 2120 2121  143
4  159 2230 1174 1389
4 3868 3788 1329 3869
4 1729    9 1730 1731
4 2029 2030 3368  547
4 4416 4856 2609 2610
4 3031 1564 4349 3029
4 1118 1119 1207 1241
4   72 3416 1586 3415
4  746 3698 1347   13
4  984 3317 3577 3943
4  838 2556  847 3053
4  630 1088 3634 2617
4 1375 3728 1798 1879
4  776  774 2270 2272
4 3999 1065  971 4744
4 3432  726 3310 3843
4 4394 3143 3410 3995
4 3461 1615 2708 1616
4 1774 1977 2945 1252
4 4997 4905 1545 3580
4  662 1503 3986 4813
4 1373 1950 1372 1374
4 1867 1252  414 1209
4  615   25  617  258
4 2235 1526  912 2444
4 2717 4127 3701 2716
4 2062 3527 2582 2003
4 4721 4781 3506 3507
4 4423 1486 1150 3332
4  112 1446  111 2532
4    6  853 3587 1288
4 3204 2455 3098 4264
4 3124 3180 3179 1233
4 1569 2141  539 1571
4 1185 1614 2923 2125
4 1248 1275 3462 3463
4  250  242 2817 1730
4 3775 3880 2337 1665
4 3115 3945 1073 3116
4  303  304 3892 1971
4 2093 2131 4461 2092
4  498 3470 3242  693
4 1057 5088 3561 1028
4   64 1451   66 1032
4 2520 2777  536 4443
4 3885 4758 4999 4866
4 2739 4348 4198 4126
4  382 4791 4649  405
4  180  176 1399 1545
4 3619 1959 1014 3370
4 2708 1743 2709 2832
4 2175 4517 2176 2699
4  107 5001  105 3884
4 2171  465 2715 1863
4 2827 1275 2606 2422
4 2575 1083 1289 1287
4 1908 1073   55 1019
4  803 4247  943 2702
4 2536 2577 3970 4838
4 2091 1335 3144 4359
4 3738 2152 3739 3119
4 3232 2708  204  205
4 3246 3649 4109  316
4 1708 2162 4003 4101
4 3081 3550 1989 1992
4 2442  502 2443 2444
4  198  150 1606 1610
4 3926 1978 1894 2906
4 3685 3683 3567 3565
4 4010 4011 1681 1649
4 4283 2889 1043 1084
4 3943 3696 3577 3695
4 3110 3825 2195 2048
4 1047 4061   95 1045
4 2989 4372 1294 4987
4  148  895 3763  780
4  839 1757 3581  735
4 1035 4931 3031 1036
4 4829 2252  412 1946
4 3100 3775 4326 2336
4 2023 3651  963 3421
4  827  830  829 3375
4 3523 2638 3524 4509
4 4301 3263 3632 3264
4 3247 4303 1909 4770
4 4717  855  857  858
4 2141 4051 2955 2971
4 4373 1890 2020 2021
4  926 1980  863 1560
4 3233  906 1841 3377
4 1178 1176 1177 2539
4 3811 4684 4809 4451
4 1640 3698 1347  746
4 1019 2000  681 2621
4 1963 2230 2452  109
4 1479 1519 2883 4785
4 1825 1938  553 1826
4 2705 2704 2785 1031
4 4320 1979 1910 3925
4  615 3232 1591 3233
4 4145 3193  651 1010
4 1598 1600 3290 4099
4 4228 4313  676  677
4 1471 2182 1470 4722
4 1447 5020 2903 4113
4 2441 2274  802 2275
4 5068 4977  497  498
4 2713 4928 4522 4739
4 2338 2867 3616 1522
4  577 4601 5007 2316
4 4770  805  806 3062
4 4786 1621 1591 3377
4 4055 1447 1818 3467
4 4704 2003 4374 2062
4 2718 2402 2712 1289
4 1680 3896 5058  457
4 3483 3431  361 3215
4 2457 3433 3554 3552
4 2368 2580  300 2366
4 3858 5000 2987 5036
4 1826 2032 1937 3648
4 4942  467  469  470
4 4229 4979 3226 2240
4  757 2948 1884 3591
4 2316 3399 5007  575
4 3398  278  575  280
4 3054 1580 1582 1889
4  164 3865 3588  853
4 3351  227 1857 3266
4 3616 1522 1524 2011
4  797 1568  795  798
4 1190  513 1779 1942
4 1968 3244  935 1965
4 2692  507  220  369
4 1788 4488  856 3780
4 4643 4380 2429 2383
4 1756 2159 2160   85
4 2304  505  219 1464
4 2715 4548 1864 2714
4 1999 1260 1998 2023
4 4321   49   48   51
4 2293 3386 2295 2814
4  964  255 4106 2588
4 1825 4334 1827 4029
4  992 1650  993 2506
4 2841  473 2839  474
4 3151 4607   90  462
4  845 2923 2922 3726
4 3545 3399  575 1141
4 4575 2945 3611 1210
4 3874 2165 5008 2166
4  755  754 3324 4262
4 1619  539  971  150
4  670 4836 3412  671
4 1432 1653 3479 1434
4 3129 1595 2478 1367
4 2177 4430 1405 1269
4  521 1449 2792 1704
4 2550 3658 2551 3220
4 2610 1062 1063 3657
4  696 1576 2726  909
4 1621 2939   25  258
4 4350 1565 3031 1036
4 1436 2426 1345 4729
4 3100 4326 2339 2336
4  494 2152 2906 2375
4 4927  404  705  406
4 1648 1647  457 1649
4 2131 2132 2423 2133
4 4828  512  514 1532
4 2692 1151 1619  369
4 2554 2613  294 2900
4 4214 4848   10 2220
4 3114 3057  766 3359
4 2190 2191 2069  917
4  592  835  590  156
4 1930 4386 4580 4387
4  500 2482  941  684
4 3265   23  336 3266
4 3148 2273  710 1336
4  605   50   48 3814
4 2791  426 3508 3074
4 3472  690 3886 1869
4 3974 3976 2394 1941
4  773  412  414 1364
4 1554 4246 2534 3544
4 2415 4272 3859 4436
4  592  590  591 3357
4  147 3729 1382 4896
4 3209 3212 2492 2130
4 4176 3794 3793 1006
4 1086 1883  916 2070
4 3589  111 1448  109
4 1006 1005 3595 1004
4 5076 2928 2931  170
4  471  474 1025 2133
4 1341 4676 2546 3808
4 4190 2414 2415 2413
4 2447 2446 2536 2578
4 3977 1866  247  583
4 1473  577 1357 1572
4 2129 2153 2127 3251
4 3053  168 2556 2119
4 1779 1776 3572 1778
4 2153 4893 4873 3424
4 1896 1895 3538 1897
4  216 2682 2683 2183
4 3906 2582 1921 3527
4 3470 2820 4466 3468
4 4189 5044 2311 2310
4 4444 2599  531 2601
4 4703 3224 4195 3841
4 3212 2492 1461  897
4  827 4699 3195 3935
4 4525  577  279  770
4 2684  327  328 3411
4 2129 1458 1459 3251
4  287  900 3452 4854
4 2005 2241 2082  157
4  189  989  870 1261
4 1011  824  825 3370
4 2510 4344 1714 4209
4  514 2267 3140 2268
4  249 3556 1558  724
4 4388 4458 3987 3241
4 1247 1244  605 1021
4 3939  970  151 1065
4 2241 4146 3261 2863
4 3779 2332 3479 1948
4 3124 2839  480 1970
4  366  779 1020  342
4 3027 3926 2376 4320
4 2758 2757   35 1385
4  520 1656 3738 1390
4 1462  897  898 4269
4 4191 1063 2610  878
4 2238 2240 4116 3225
4 1335 2619 1204 2703
4 2285 3373 2286  743
4 4165 1125 2809 4197
4 4843 1978 2174  227
4 2698 2391 1251 2272
4 3157 1977 2945 1774
4 2044  403 1771 2865
4 3352 2974 1910 1908
4  209 3264 3603 3287
4 1079 1769   18 4069
4 1594 1592 3341 1593
4  693 3347  692  419
4  664 3958  663  665
4  539 1606 2141 1569
4 2468 2467 2619 2143
4  881  168  464 1266
4 2758 1468   35 2757
4 2187 3097 2186 3245
4 4190 3420 2643 2413
4 1717 1873 3299 4819
4 1141 1139 1140 3495
4 3489 3990 2513 3002
4  869  868 2733 2734
4 1918 2208  213 1367
4 3037  144 4495 3035
4 1668 1667 2741 2742
4 3108 3354 4536 3647
4  203 3232  204  205
4 1424 5053 1422 1300
4  640 1701 3643 3645
4 3837 2306 5064  434
4 3273 1378  229 1293
4  539  150 1606 1569
4  517 1780 3594  515
4 4052 4053 3643  723
4  903 1216  898 4269
4 2779 3905 3968 1904
4 1235 4050 3167 2848
4   72 1586 2348 4399
4   56   58 1835   59
4  369 3401  370  371
4  966 4394  965 4395
4 1596  314 4852 1367
4  309 2363 3019 2481
4 3894 3405 3451 3506
4   53   55  682  681
4  945 2291 3743 1050
4 1851 3588 1288 3587
4 1104  631 1211 2691
4  629  270  271  272
4   79 1558  874  249
4  249  250 2296 3737
4 4138   89   91 1497
4 4656  593 3891 3881
4 4475 3342 1119 1764
4  695 1481 1317  697
4 3239  397 4070 2100
4 2857 4337 3934 4456
4  964 5065 3312 3650
4 2131 2092 2423  526
4 4957  144 4765  147
4 1891 3276 5015 5100
4  669  668  196  671
4 3271  558  267 2162
4 3183 2691  631 1104
4 1388 2835 3010 3861
4 2267 3138 3990 4418
4 2551  307 3442 4605
4 2519 3564 2204 3082
4 1746 1747 4469 1748
4  487 3297 2680  950
4 1649 3896 2697 1680
4 4117 1108 2085 2084
4 4874 4043 1245 1247
4 2422 3319 2781 2605
4  617 4013 1748 4469
4  889 1872  522 1874
4 1959 1958 2058 5031
4 4055 2903 1845 1818
4 1874 3431 2686  520
4  423 1896 1895 3538
4 2409  655 3074  426
4 2438  540 2440  542
4 2209 2265 2210 1716
4 2001 2641 1090 2004
4 2623 3288 4074 3401
4 4481    6    7 3911
4  741  255 1470 1471
4 3492 2880 4566 4144
4 2187  316 3649 3872
4  815 1030  818 2466
4 3532 3533 1750 2233
4 3304  539  971 3999
4 1695 4406 1477 1647
4  677 2936 3902 2819
4 2566 1769 2844 2843
4 1829 1828  219 3513
4 2176 4125 2699 3152
4 2328 4961 1446 4830
4 3687 4250 2148  730
4 2384 1808 1228 4544
4 2290 3150 3873 1903
4 4681 3445 4036  484
4  564 4441 3579 3578
4 4800 1429 1129 1242
4 4441  564 4044 1134
4 2903 4055 2232  834
4 2159 5094  921 3806
4 1718 3005 1872 3003
4 3211 4424 4483 2273
4  589 2771 2918 2919
4   21  714 3390 3391
4   73  595 3416 3584
4 1104 2306 2691 4136
4 2060  409 2534 3544
4 1795 1796 2091 2038
4  115 3008 4906 4218
4 3370 1014  824 3559
4  304 2764 1972 1971
4 2682 3150 3873 2290
4 1188 2735 1606 1609
4 3813 4874 1245 1247
4 3322 4914 3323  756
4 2835 3861 3862 3860
4 2549 4181 2626 2877
4 1331 2305  232 3944
4 2686 2793 2792 3908
4 3810 4806 3394  944
4 4079   85   86  104
4  627   61 2425   63
4  201  198  199 1569
4 1310 1651 1311 2566
4 3801 1998 1419 3919
4  954  196 2010  952
4 4197 1125 2809  570
4  770  577 1357  767
4  909  347 3444 1317
4 3580  105  108  106
4 3172 3947 3195 4409
4 3364  610 3177 3178
4 4294 2702 3560  803
4 1147 1146  675 1895
4 3472 3909 3886 3948
4 2066 2359 4872 1791
4 1209 1253 1358 1210
4 2431  951 4536 2830
4  542  541  539 1707
4 3823 3594  456  903
4   13 1031 1346 3476
4 1193 1338 1339 1337
4 1392  409 1542 1557
4 4351 4090 1068 1166
4 1419 1421 3333 4974
4 2874 3112  990 2873
4  625  628  733 1491
4 4500 3189 2045 3078
4 1351 3969 1354 1218
4  515 1780 1278 4037
4 4906 2795 3169  115
4 4917 3666 5105 1622
4 4064 5112 1607 2343
4 1704  522 1703 4835
4 1242 1701 1308  640
4 1877 4042 2858 1377
4  384 2332 3479 2386
4 1974  245 1975 1867
4 4974 1258 2661 1998
4  385 4269  515 1277
4 3789  169  143  960
4 2561 4263 3901 4264
4 2813 3482 2294 2687
4 1552  236  235 1182
4 2085 2084  885 2235
4 1793  855  856 4487
4 1084 2889 1043 3164
4 1050 1077 3743 4061
4  705  703 4793  404
4 3407   86  446  104
4 1468 1466  599 4951
4 2087 5069 1244 1247
4 4939 3606  515 4038
4 3975 1082 5091 3976
4 3816 2698 4420 1945
4 2035 2831 1826 2033
4  710 4483 2273 3211
4 2480 4695 3791 4697
4 2610 4416 3657 4191
4 1247 4874 2050 3813
4 1629 3120 2295 2853
4 2188  726 2017 3432
4 3480  861 3481 3079
4 2254 4841 3257 4076
4  372 4319 1994  375
4  258 1621 2939  551
4 1140 2851 2852 3495
4 2394 1850 3976 1082
4 1390 3738 3862 1388
4 1874  522 2686 3499
4 2615 1857 4137 3072
4 2075 2076 3996 2906
4  618 2194 2709  763
4 2423 2948 1525 1624
4 3995  966 1347 1635
4 4901 2648 2537 2649
4 2075 2295 2293 1629
4 2687 3431 2294  520
4 4003  559  561  708
4  238 4065 2152 3739
4 4555 1284 1283 1285
4 2603 2602  254 1304
4 3534 4034 2081 1752
4 3439 2637 3442 3524
4    6 2668  853    5
4 2348 2347  946 4399
4 2272 2391 1251 1248
4 3174 3217 1779 1917
4  741 2618 4638 1495
4 2375 3996 2906  494
4  121  614 1551  124
4 1475 2545 1474  176
4 4363 3838  584 1950
4 2350 2188 4108 1684
4 2166 2163 3670 3373
4 3711  529 2500  942
4 1344 1092 4093 1094
4 1212 1211 1104  631
4  969 3042 4922 1571
4 4405  921  103  918
4  836  216 3871 2331
4 2211 5018 5113 1969
4  821 1943  327 2769
4 2508 3878 2265 1233
4 2005 3261 4454 1424
4   67 1723 3050 2206
4 2001 3876 2591 1090
4 4384 4307 1287 1289
4 2384 5102 1710 3345
4  938 1638 1807  558
4  600  276  601  603
4 2947 3507 4189 2940
4 3866 3865 4261  853
4 2666 3449 1479 2665
4 4022 1842 1841 3233
4 1864 2703 4083 4827
4   39 4257  605   48
4  599  596  597 3117
4  291 2844 1311  292
4 2658 2657 2656 4192
4 1539 4925 2060 2534
4 4784 4847 3449  350
4 3172 4468 3137 3134
4 1106  433 1105 1398
4 1880 1698 2779 1831
4 1367 3912 4852 2478
4 4028 3232 2892 4022
4 4953 2365 4169  739
4 1315 2126 1185 2210
4 1940 1340  798 1480
4 3065 3064 2068 2066
4 3343 1117 1119 1120
4 2125 2923 1185 2210
4 2289 1879  817 2287
4  556 4921 2416 2418
4  218  557 1465 1463
4 1571 3042 4051 2842
4 1874 4354 2821 3499
4 2805 1046  489 1733
4 2692  667  508  369
4 2238 4255 2028 4372
4  618 2403  617  615
4 1656 1585  865 2592
4 3564 4411 2202 2203
4 3318 2064 1768 2044
4  403  402 2256 2257
4 3799 2052 3037  722
4  406  705 3730 3520
4 2611 2613  294 3278
4 2716 1943  326  327
4  926   20 1559  476
4  563 1836 1837 3757
4 1655 2551 4619 4096
4 2048 2559 2047 1896
4 4264 4263 4960 3204
4  758 1960 4278 1959
4 1894 1980  229  227
4  305  307 1783  308
4 2822 4591  361 3582
4 1637  223 3303 1638
4  560 2161  807 4268
4 4366 3585 4646 4365
4 1962  734  452 1995
4 4690 3653 2351  726
4 3672  817 3918  816
4 1389 2230 1390  159
4 3076 1760 2966 2991
4 4884 4033 2582  700
4 3133 3415   73  595
4   35 1895 3538 1385
4 2221 4780 3819  655
4 1250 1275 2781 2605
4 4824 3001 3000  499
4 1841  587 2960 3717
4 2013 2805 4193  490
4 3006 2428 4735 4972
4 3118 1263 1264   24
4 2755 4047 3559 1959
4 4379  694  695  696
4 2210 1315   83 1183
4  728 5029  727  725
4 2879 2880 3492  174
4  939 1367  938 1191
4 3518 4143 1030 2466
4  911  910 3241 4616
4 1284 5032   56   59
4  455 4297 3560  274
4 4674 2172 2706 3329
4 4573  285  286  287
4 2190 2069 1086  917
4 2985 4874 2050  344
4 2762 4263 4264 3202
4 1842  906  907  638
4 2797  231  572 4132
4  880 1676 1862 3796
4  891 1718  887  889
4 1603 4109 1715 1601
4 4003 2162  561  560
4  296 2668 1112 4596
4 3806 4527  920  921
4 3881  593 4365 4656
4  581 4767  579  849
4  693 4660  692 4162
4 1731 1728 4734 3540
4 2047  356  359 1896
4 3043 4393 3414 2910
4 5095 3902 3242  911
4 1986 1033 3895 4640
4 4997 4941  105 3580
4 4264 3202 4263 3204
4 2819 5097 2820  498
4  321 1537 1501 3716
4 4474 3956 2668  852
4  621  103 4405 1219
4 4146 3003 4454 3811
4 1297 3382 1329 2370
4 3984 4708 2956 2957
4 3065 2066 2068 2067
4 4868 4823 3986 2835
4 3316 3315 3314 4221
4 2048 5038 2559 3110
4 1616 3295  204 3461
4 4481 4562 1933 4561
4 1919 1917  664 4512
4 1220 4470 1219  446
4 4484 4827 4483 2273
4 3329 4774 1944 4832
4 4003 1708  225 1190
4 1409  906  638 1407
4 3586 1611 1614  845
4 3926 2376 1587 3027
4  974 2580  975  973
4 3950 2704   15   13
4  560 2539 2540 4268
4 4027 2835 1173  660
4 2044 4204 2866 3318
4  513 1779 1942 1532
4 3012 3541 2182 4352
4 3082 1807 1488 1465
4 1551 2927 3547 1549
4 4061 4528 2250 1045
4 4793  704  781 2640
4 2119 3959  168 2556
4 4897 4133 2845 3170
4  830 3935 4699  827
4 1378  477  229 1379
4  726  133 2017 3432
4 3298 2863 4146 3005
4  268 1332  387 1170
4  249 2743 1308 2296
4 2429 1957 4275 2427
4 3958  663 4208  664
4 1861 3146 1860 2674
4 2585 3313  340 4935
4  685 4089 2500 3711
4 4269  387 1216 1461
4 1959 5024 5075 5031
4 5031 5024 3618 1959
4 4385 1304 1978 1985
4  606 3638 2055 4216
4 1850 2102 1849  373
4 2699  551  257  256
4 3389 2153 2127 2129
4  678  677  911  676
4 4335 2326 2328 2327
4  132  612  614  139
4 4270 3104 3730 2275
4 2107 2983   17 2662
4 1888 4189  757 3591
4 1920 1463  218 3713
4 2364 4769 2482 4886
4  261  259  262  304
4 1575 2724 2723 3829
4 1220 4470  446  104
4  455 4297  276 1928
4  909  348 2976  678
4 1971 1972 1973 2764
4 4880 4207 2757 2758
4 3687 2148 3105  730
4 5061 3515 3516 2796
4   71 1451   66   64
4  229 2473 3265  333
4 3106 3659 2628 1827
4 1329 2681 2990 3436
4 4037 2557  517 1780
4 3619 2058 2060  408
4  847 1316 1594 1183
4  566 1224  718 4581
4 3670 3151   91 4125
4  342  366  779  365
4 4335 2327 2942 2944
4 2384 2381 2382 5089
4 2697 4788 4511 3940
4 1237 1116  331 4264
4 1962 3851 1961 1846
4 1315 2126  736 1316
4  603 3755 1930 3754
4 1526 1527  901 1651
4 3124 3180 1233  480
4  371 3401  370 4073
4 2283 2281 3146 3325
4   66  116 2528 3750
4 2615 4324 4137 3017
4 3019  985 3601  312
4 2385 2550  939  268
4 1942 4347 1196 4455
4  972 1444  317 1899
4 2373 3435  772 3497
4 3107 4140 3660 1827
4 3607 4213 1618 3475
4 4010 1680 5058 1649
4  110 1445 1446  112
4 2825 4877 2996 2994
4 1061 1936 1938 2595
4 3072 1857 1501 2615
4 2607 2673 3863 2422
4 3558 1915 1916 2977
4  340 3281  311 3313
4 2203 3302 1487 3564
4 2157 2158  463 2829
4 2337 2339 3100 1214
4 1845 1818 1010 1846
4 3150 1903 2041  128
4  104 4079   85 3805
4 1941 3975 3976 2123
4 1388 2835  662 3010
4 2687 2813 4985 3675
4  464 4821  463 2156
4 2278 2894  321 1499
4 4368 4920 2563  282
4  996  247  414  248
4  689 1697 1698 1696
4  458 1648 4336  457
4 1447 4496 5020 5021
4 2162 3574 2161  560
4 1146 1147 1148 1414
4 2770  202 2685  822
4   26 1615 3232  615
4 2047 3293 1598 1597
4  184 2745  614 1445
4 3281  160 2938 2585
4  617 4457 4316 4469
4 1643 2913 1642 3180
4 3004 4146 3003 3005
4 4162 4660  496  497
4  754 2010 1884  757
4 1214 2940 2941 2824
4 3371 4179 1557 1556
4 3851  651 1995 1343
4 1616 1615 3232   26
4 4537  930 5017  931
4  954 4129 2259 2313
4 3304 3474 1618 3999
4 3454 3213  950 3116
4 1146  675 1438  913
4 2667   95 1047  886
4 1303 3261 1424 5053
4  488  487  485 2678
4  397 4070 2100  399
4 2121 2120 2171 2119
4 1045 1044 2250 1047
4 2283 5009 3326 3327
4 3175 2573 4139 2386
4 4114 3819 2409  426
4  802 1152 3521 2520
4 1231 2531 1944 1232
4 3963 3993 3566 1608
4 3404 3403 2989 3405
4 1969 4584 2518 4971
4  938  558 1807 3271
4 4581 5073 1372  788
4 1715 1714 4209 2509
4  895 4703  892 2797
4 3251 1459 2129 2154
4 2319 2317 2005 3339
4 3302 4411 1637 3564
4 2343 5112 4833 4910
4 3630 3629 1355  509
4  816 1354 1218 1462
4 1654 4891 3736 4685
4 4989 2795 2796 3379
4 1169 1170 1462  815
4 2523 3432 4108 2188
4 4894  829  957  958
4 1719  995 2948 2946
4 4383 1286 4429 1289
4 4587 2902  136  133
4 1462  899 1354  898
4 2388  905  908 2101
4  695 1576  696 1318
4 4133 4178 4134 3170
4 3520  383 1664  406
4  509 3629 1355 1356
4 3060 2817 4002   11
4 4157 3959 1832 3832
4 3482 3431 2294 2687
4 1332 1331 1782  509
4  549 1956 1957 2427
4  435  432 1840 3966
4 2823 1024 2948 1525
4 2836 4917 5105 1622
4 3999  539 1618 3304
4 2687 3675 4985 3677
4 4914 2310 5044 4189
4  541 3953  540 1618
4  331  672  280 1078
4 1622 3666 5105 1620
4 4077 4076 2780 1276
4 3564 3302 4411 2203
4 1994 4556 3588 4958
4 1459 1979 1910 3352
4  753  808  809 3548
4 2946  995 2506 1719
4 3483 2814 3446 2260
4 2373 2244  240 2917
4 1765 1766 1547   37
4 4663 1845  652 2904
4  936 2519  938 2521
4  443 4118 4133 3170
4 3089 2181  764  824
4 2707 3972 1943  713
4 1390 1718 1656 3471
4 3034 1951 1770 1952
4 3247  806  269 2834
4 4704 2641 2003 2062
4 1009 1008 3804 1010
4 2615 2278 4137 1857
4 2305 4716 1782  509
4  547 3367 3368 2029
4 4605 3441  307 3442
4 3193 4082 3851 4158
4 2745  183 2978 1756
4  116 2078 2077 3749
4 2373 4409 3663 3946
4  375 1080 1994 5048
4 3807 3806 5094 2159
4   26 2244  240  238
4 3786  907  908 3668
4 2095  545 1691 1692
4  931 3255 4692 5017
4 4086 2873 4671  991
4 3814   50 2050  605
4 1770 1952 1953 2344
4 1269 1405  528  357
4 2528 3515 4434 2527
4  629  271 1359  272
4 1625 2116 5077 1626
4 4733 2184  316 1655
4 1239 1990 1989 1992
4 2669 5028 1810 3007
4  174 1679 1317 1480
4 2386 1434 4139 3175
4 2710 3377  399 3888
4 3084 2068 1791 1249
4 1771 1769 1770 1527
4 1450 1703 1752 1844
4 4482  185 2327  183
4 3170 4133 4178 4897
4 1409 1841  638  906
4 3151 4539 4607  462
4 4186 4615 5060 2791
4 1002 3973 1853 4338
4 4364  311 1923 1924
4 2941 3412  671 1214
4 4583 4970 4582 1261
4 1400 4710 4487 4488
4 2738 2263 1586 1183
4 2038 2516 3509 1204
4 2725 4564 2726 3829
4 3234 1784 3896 2697
4 2272 1248 1249 1523
4 3373 3669 3670 2166
4 4783 2586 4534 1207
4  553 1938  187 1856
4 1388 3738 1658 1390
4 2355 4415  454  456
4 2800 4124 4952 4431
4  497  692  693 4660
4 1687 2411 2412 4889
4 4232 2455 3205 3554
4 2286 2284  743 1497
4 1842  907 2323 2412
4 3592 1610 1189  780
4  546  313 3097 3245
4  746 1346 3476   13
4 1190  225 1779 1917
4 1466   32   34 1468
4 3139 4828  512  514
4 4865 4371 2027 2989
4  511 4612 1725  706
4 3600 3055 2223 2828
4 2245 3297 1175 2680
4  341 4043  344 1246
4 2138 2137 2139 3757
4 1148 5011 3553 1413
4  155  152 1278 1277
4 4920 3613 2987 1063
4 1499 1501  321 2278
4 1577 1172 2453 4200
4  284 1298  281 5081
4 3207 4669 1129 2598
4  642  332  641 1078
4  455 3630  275  456
4 3329  143 2121 4774
4 3850  926  478  927
4  724  721  722  249
4 3003 4061 1077  891
4 2090 1796 1635 3698
4 4680 3980 2896  484
4  459  260  261  259
4 4879 3768 2176  552
4 2958 3692 4578 3694
4 1386 4181 2626 1678
4  825 1481 1542 1679
4 4948 3596 3595 1531
4  484 4680 3980  481
4  515 1780 3594  385
4  891 1872  890 4845
4 1105 4709 4857 1792
4 4449 3526 3527 2350
4 3327 5009 1547 2283
4 3401 4074 5083 3288
4 2899 4681 3445 5052
4 1529 4948 4176 1531
4 1172 2993 2452 1174
4  595   73 3133 3132
4 3547 1736 2765 4027
4  723 3643 1140  640
4  560 2161 2162  561
4  110  111 2328 4335
4 2194 2403 2709 3289
4 5031 2058 1959 3619
4 1559 2237 2236  927
4 1658 1390 3357 1391
4 2687 3667 3431 3500
4  960 1981 1112 3337
4  922 2573 4139  923
4  735 1757 3581 1316
4 2024 4945 5098 2354
4 3752 3189 2045 3601
4  991 2873 4671 2872
4 5045 5044 4720 3507
4 4606 2685 3701 3359
4 4209 4497 2572 4635
4  565 1992 2138 3550
4  520 1718 1656 1390
4 2433 3339 2005 3471
4 2939 1748  744 1749
4 1535 1197 4078 1905
4  138 3137 2160 4763
4  249 2744   78 1558
4 5043 2796  115  116
4   21 1559 2236 1560
4  936 3156 3521 2692
4 2556 3959 1832 4157
4 3988 4014 1266 4339
4 4222 2972  328 1744
4 4613  706 2379 1726
4  794  793 3340 1552
4  220 3271  267  268
4 1125 3842 1123 1124
4 2523 3776 2479 3688
4 1448 5035 1447 5021
4  128 1903 1761  126
4  730 3105 2149 2148
4 2302  869 2733 1749
4 1031 1173   14  660
4  181  176 1545  243
4    4 4596 1112    6
4 1525 2948 1719 1553
4 2687 4985 3500 3677
4 3132 4390 3133  595
4 1920 1517 1518 4760
4 3645 1139 4669 4621
4 2093 2092  474 2133
4  266  628 3634   62
4 2835 4823 3986 3622
4  776  774 2824 2270
4 1585  489  491   75
4 2837  396  398 1622
4 2929 2931  169  838
4 2721 3648 2628 1826
4 1209 2945 3611 1865
4 1081 1179 1181 1083
4 3148 2273 1864 2171
4 2240 4979 3226 2239
4 3449 4471 2663 4317
4 1119 4600 1240 3982
4 4606 1881 1745 3820
4 4786  586 1591 4022
4    4    5 4596    6
4 1826 3648 1937 1935
4 2604 2114 1985 2603
4 3869 3788 1163 3868
4 2604 4843 1985 2374
4 1057 4410 5054 5088
4  696 2726 2976  909
4 2384 3344 4234 1957
4 2454 3060 2296 3737
4   89 2899   91 1497
4 1316 2126  736 1330
4  640 1701 4669 1243
4 2151 4021 2373 3172
4 1962  732  734  733
4 3964 1463  557 1920
4 4345 4372 4255 2238
4 1332  275  507  509
4  371 3755 4213  369
4  347 4738 1939 3443
4 3833 1203  880 2829
4 1401 2084  858 1412
4 1759 4184 2007 1761
4  126 1903  127  128
4 2022 2837  398 2836
4 2343 4619 4509 4910
4 4432 2168 2117 1093
4 4483 2703 1334 1336
4 2309 2308 2211  622
4  368 1065 1619 3999
4 1221 1219 2795 3379
4 2427 2629 5030  549
4 1057 2025  803 4247
4 1445 1446  112  124
4  148 3520 3521  782
4 1340 3701 1940 2402
4 2575 1288    7 3910
4 4741 1041 1040 1084
4 5078 2832  979 3289
4 1864 4083 1862 2714
4 3568 4588 3569 2017
4 3471 1657 1390 3357
4 4064 5112 5070 1607
4 3879 3877 3878 3167
4 4094 4979 1144 4229
4 2071 4251 4245  730
4 1754 2485 1755   87
4 4391 2334 2474 2386
4 2384 4233 4234 3344
4 2027  191 4371 4721
4 3963 3490 1608 1188
4 2418 4921 2416 4622
4 1239 1118 1992 1241
4 1629 2853 2293 3857
4 2475 4968 1372  566
4 1690 3098  330  331
4 2539 1176 1177 2601
4  277 4814 3362 4526
4  927 1559 2237 3850
4 2706 2715 2172 4548
4 2597 1114 2596 1115
4 3852 2933  390 2332
4 3521 3156 1152 1151
4 2584 3274 3637 2352
4  642 1078  641  639
4  674 1146 3816 3817
4  550 2409  655 4568
4 4166 1139 1140 3645
4 1520 3449 2397 3448
4 3757 4963 2139 2138
4 3663 3664 4699 3294
4 2755 4164 4165 3558
4  150 1571  972 1570
4 4549 4746 4790 3696
4 1169  816 2000  815
4  442 1967 1968 1965
4  542 1188 2440 4276
4 2354 4243 4244 2024
4 1930  276 1928  507
4 1174 2452 1963 2230
4 3652 2189  726 2017
4 4886 2482 1363 4374
4 2386 1434  391 3479
4 3351  227 1979 3352
4 2697 2695 4623 4057
4 4859  424  270  423
4 1942 1777 1779 3173
4 1808 4380 2429 4904
4 3357 3341 1594 1592
4 1970 1233  480 3124
4 2973 3251 1979 3026
4  567 4197 3012  570
4 4592 3185  942 4374
4 2433 3340 2371 3339
4 2404 2403  979  615
4 4995   69 4890 3379
4  383 3683 3685 1855
4  100   81   83 2356
4 2289 2405 3856 1877
4 1839 1399 1400 1398
4 2565 2188 2351 1925
4  891 1872 1718  889
4 1087 2190 1721 4262
4 5073 2476 4968 1372
4  507  667 3755  369
4  800  799 4245  729
4 1946  768 4625 4742
4  113 4004 2078  116
4 3352  227 4843 3351
4 1947  674  882  278
4 2672  674  882 1947
4 1178 1176  807 1907
4 2381 4438 4252 2383
4  684  530 1438  527
4 2852 4241 1120 2878
4 1943 3972 1821 3971
4  249  721  723  724
4 4436 4272 4437 2415
4 1586   73   72   75
4 3379 4881 1221 4995
4 3975 5091 3974 3976
4  939 2162  924 1191
4 4272 3859 4694 2415
4  120 2063  117 2117
4 1093 2168 1094 4238
4 2987 2988 2564 5036
4 3288 3754 3400  603
4   13 1346 1347  746
4  100  735   80 3457
4 2496 4129 2259 1215
4 3938 4613 2380 2916
4  348 4313  676 4228
4 5088 3561 4247 1057
4 1182 2756  237  235
4 4391 3459 3770 3881
4  793 3615 2552 4571
4 1027 1025 1026 1349
4 3538  424 4859  423
4 5061 3516   69 3379
4  660 3420 1174 4027
4 2814 2293 2294 3483
4 1903 1761 2041  128
4 3701 2398 1940 2402
4  128 4898 3989  126
4 3162 3163 1606  201
4 5075  760 3604  761
4 3379 4878 4890 4995
4 4691 2232 2021 2233
4 3463 1275  215 1248
4 1228 1226 3192 5089
4 3144 3141  965 3143
4 2394 4307 1081 5091
4 4520 1086  755 1087
4 1593 1594 1184 2432
4 1684  726  727 2351
4 3959  822 2719 3832
4 2661  349  351  352
4 4752 5111 3226 2240
4  730 3104  729  149
4 3750 2145   67   65
4 4958 3588 1994  167
4 3269 1380 3643 1383
4  387 2474 2386  922
4 1078 1238  331 1237
4 3408 2883  695 1481
4  207 2850 1427  208
4 4146 3298 3004 5006
4 1577 3476 1578  747
4 1152 2777 2520 4443
4 4391  390 2334 2386
4 3811 3003 1077 4684
4 3088 1410 1411 1412
4 3688 2232  833 3432
4  725 3792  726  728
4  205 2323 1882 1842
4 1783 1331 1782 1332
4 1850 2394 1941 2402
4  592 2331 2433 1592
4 1854 4965    2 1833
4 2975  635 1882  533
4 2162  558  267 3574
4  533  636 3700 1858
4  807 1907 3632 4770
4 1342  796  798  797
4 1219 4405  621 3379
4 2209 2915 2916 1643
4  834 4055 2080 2903
4 1419 3089  824 3919
4  673  672 3554  675
4 4078  688  689  607
4   27 2939   25 1621
4  727 4817  726  725
4  371 4073 3501 5084
4 2659 4222  328 4736
4 2050 3813 4842 3814
4  810  162 2938 3019
4   21 3390 4918 3391
4 1867  245  997 1974
4 2454 1992 4044 2882
4 1590 1589  874  724
4 4746 4590 1212 1213
4 1286 1933 1852 4481
4 3491 3815  588  399
4  964 4639 3803 3312
4 3225 4752 2240 4116
4 1333 4483 1334 1336
4 2836  398 2022 1622
4 1050 3743  888  887
4   53 3773  679   54
4 5089 5102 1710 2384
4 1957 3344 1955 2384
4  932 2889 1967  442
4  351  823  349 2661
4  498 5097 2820 5068
4 4334 3354  951 4536
4 4358 2246 4747 4357
4 3638 3325 3327 2283
4 5112 4833 1607 2343
4  935 1967 1968  442
4 3500 3431 2686 1874
4 2410 3450 2411 3448
4  917 2191 2632 1721
4  156  158 2082 2434
4 3173  225 1779 1942
4 4146 3004 4451 5006
4 2204 3332 1488 1487
4 3602 4628  952  955
4 4881 1221 2795 3379
4 3345 5102 4252 2384
4   41 1900   42 2279
4 4975 2489 2627 2491
4 1408 2216  906 1407
4    6 1109    4 1982
4 3518 1028 5019 1057
4 5071 4064 5070 1607
4 3944 1331 1782  305
4 2432 2756 2348 1586
4 1303 3261 2241 2005
4 2966 3076  773 4117
4 2875 3901 3109 2578
4 5088 4410 5019 1057
4 3493 1423 1303 3094
4 3897 1732  491  863
4 4765 3643 1382  145
4 5089 2381 5102 2384
4 3457 2900 3456  101
4 3833 4532 1203 2829
4 2422 3863 2606 2827
4 2061 4704 2002 4374
4 1620  396 5105 1622
4 4765  146  145  147
4  116 2077 5043 4620
4  390 2332 2334 2386
4 1842 2892 1882  205
4  157 1718 1390 3471
4 3559 1916  824  764
4  911 4820 4616 5095
4 3359  328 1743 1745
4 1028 5088 5019 1057
4  403 2256  941 2257
4 1122  433 1106  435
4 4560 1228 1810  935
4 5095 4820 3902  911
4 2280 3326 2281 2283
4 3737 3060 2138 2454
4 3374 2163 2734 3284
4 5089 4544 2382 2384
4 1607 5071 4064 2477
4 5112 4833 5070 1607
4 3838 3611 1865  583
4 2076 1441 2905 2075
4 2982 4595 3291  686
4 3829 2724 4851 1849
4  470  469 1796  468
4 2866 3318 4204 2344
4  127 1255  125 3840
4 1965  935 1968  442
4  568 4659 1998  570
4 3379 3516 2796 5061
4 2770 2684 2685  202
4 2744   78 1558   79
4 4876 4212 4213  371
4 2044 1511 1512 1513
4 1386 2037 1796 4181
4  644 4318 3703  167
4  715   30   29  717
4 3696 1412 1105 3088
4  717  927 1560 2236
4 4612 2094 2095 1691
4 1325  904 1217  903
4 1825 1938  187  553
4  638  636 1685 1842
4  739  241  178  738
4  272 1269 1359  528
4 1269 1359 1270  272
4 2386 2334 2474 2332
4 1991 1992 4044  565
4 3374 2285 2733 2734
4 4479 3146 3067 3145
4 2188 2351  726 1684
4  753 4219  808 3548
4 1192 2379  709 1193
4  686 2983 3291 2982
4 3379 4989 2795 4881
4 1398 1399 1545 1839
4  267  804  806  807
4 5011 3553 4232 2419
4 1011 4492 1542 4343
4 2673 2157 3863 2829
4 3707 3705 2364 3704
4  413  411 1358 1644
4 2669 3006 1808 4275
4 2556  168  169 3959
4 4659 1999 1998 2023
4 1691 4612 2094  511
4 1851 1850 1994 2398
4 4277 4291 2711 2712
4  570  568 4659 3421
4 2374 1985 1987 1988
4 1480 1340  798  173
4 4120 3996 1565  494
4 1062 1417 3656 2610
4 4691 2232 2080 2464
4  152 4636  155  154
4   62  354   60  355
4 1416 2720  186 1856
4  680 2436 2801 2051
4   59 1835  427   58
4  237 1612  234 2753
4 2506 1650 1396 2503
4  176  179  180 1475
4 1585 1586 1657 2432
4  295  294 1112  296
4 4715 3665 4933 3046
4 1822 4147 3505  788
4 3408 2883 4379  695
4 3449 4784 2665 4471
4 4243 4247  428 2025
4 3826 2646 4950  355
4 2060  657 2058 1958
4 5083 3400 4212  371
4 4691 3307 3310 2464
4 1147 2419 2762 3205
4 1097 5063  764  765
4 1833 3623 3710   58
4 2277 2280 3326 1767
4 1053 1054 1281 2516
4 2607 2420 2673 2422
4 2354 1516 5098 2833
4 1033  239   64  494
4 1026 2292 1350 1348
4  909  347 1317 1318
4 4527  918  920  921
4 3100 3775 4129 2312
4 1379 4545 2905 4546
4 5101  613  139  138
4 1336 4483 2703 4827
4 3072  335 3265 4324
4 1644 1645  769 1358
4 3375  827 3295  959
4 4030 1782 1278  308
4 2592 1594  847 1658
4  967 4395 5090 4813
4 2672 1107 1108  411
4 2890 4376 1528 1967
4  115 4218 5043  114
4 3067 3690 3821 3165
4 1435  627 2425 1436
4 4779 3102 5099 2715
4 1192 4852 1339 1193
4 1120 3342 2857 3644
4 3715 2983 1510 1512
4  243 4905  181 3882
4 2271 2992 1525 2824
4 1115 1238  331 1243
4 4022 2830  488 2974
4 1523 1522 3636 2270
4 1626 5077 1429 4993
4 3485 4253 1312  754
4 1250 2360 3462 3922
4  385 1216 3594  903
4  442 2889 1531 2890
4  228 5002 1482 1483
4 3145 2281 2282 3543
4 3843  727 1891 1684
4 1566 4617 3013 4421
4   43 1162   41 3016
4 2372  255  258  256
4 1391  660 1346  661
4 3464 4540 4883  573
4  960  141  143  142
4 3474 4213 1618 3999
4 2554 1533 2268 1699
4 2024 5098 4244 2354
4 1209 1252 1977 1867
4 1995 3851  452 1962
4 1243 4669 1129 1701
4 4875 1326 1328 2488
4  650  628 2453  733
4 3833 1675 1492  880
4  880 1677 1675 4779
4  923  561  709 1193
4  788 4147  785 1824
4 1366 1735  731  734
4 3375   96   98  959
4 2668 3587 1832 3832
4 3175 2573 4109 1338
4 1468 1895 1467 1897
4 1780  275  385 1332
4 1768 2497 2064 1953
4  707  102 2376 2356
4 2770  327 2684 3411
4 2339 3617 1522 2338
4 3379 5061 4989 4881
4 1981 1111 4561  141
4 3312  961 3803  964
4 2797  572  892  895
4  483 4856 2609 3932
4 3288 3401  602  603
4  238 3294 4065 3296
4 4125 2587   91 3670
4 4126 4348 2737 2739
4 1970 2839 2840 1234
4  108 3539 2744 3086
4 1221 4878 4405 3379
4 1233 1234 1236 3124
4 3719 4364 4009  311
4 3415 4658 1586 2348
4  902 2743 2296  639
4 1970 2211 5018 2298
4  205 3820 2323 3786
4 4537 5017 3255  931
4 4995 5061   69 3379
4 4041 1875 1876 1877
4 3121 1138 4323 1442
4  405  380  383  406
4   64 3741 1033 1032
4 4469 4457 2088 2089
4 2874 4632 1262 1298
4 2493 2785 3698 3476
4 2290 2084 2042 4117
4 3278 3759 2611 2612
4 2886  196 1631 1634
4 1578  270 2877 2493
4 1156 5050 2418 4622
4 3369 2570 4922 1570
4 2384 3346 4252 3345
4 4310 3845 3844 1066
4 2690 1943  326 2716
4 1810 4068 1809 4412
4 4539 3931  483 3151
4 3192 3191 3219 1227
4  733  627  628  625
4 4247  428 2025  431
4 2751  736  325 3253
4 2295 3120 1440 3430
4  964  255 1470  741
4  308 1782  305 4151
4 4878 4890  621 3379
4 4455 1194 1196 1197
4  343  344 1246  341
4 3225 4273 4116 2238
4  423 2950 1359 3689
4 3801 1420  568 3800
4  965 3697 1819 3143
4 4274 2794 4652 2042
4 1215 3774 1166 4618
4 2021 3765 1893 1890
4 5065 4639 4106  964
4 1587 1585 1586 2592
4 2009 2969 2011 1026
4 2562  283  282 2146
4 4207 4531 1582 2758
4 2491  357  358 2322
4 3506 3551 4877 4781
4 3124 1234 2839 1970
4 4783 2586 1207 1241
4 2117  650 1023 2479
4 4544 4380 2382 2384
4 3084 3519 3463 3462
4 1808 1228 1811 2669
4  457 5058 1694 3896
4 4122 4121 4679 4669
4 1262   65 2145 2146
4 2712 4291 1289 4384
4 2119 1943 1944  822
4  673  674 1146 3816
4 3054 3056 1889 2828
4  295 1109 4596 1112
4 2841  471  473  474
4 1654 2572 1434 3736
4  566 1372  788 4581
4 2518 5018 5092 1235
4  498  496 3242 2819
4 2215 3356 3824 5025
4 2463 2462 5020 2080
4 4656 4365 3881 4366
4 2350  162 3250 3020
4 2530 4832 1944 4429
4 3697 1819  819  965
4  221  803  431  600
4 3492 4566 4179 4144
4 1169 1170 1171 1460
4 3214 3511 3390 4559
4 2123 4564 3975 3976
4 4904 4972 2429 1808
4 4438 3346 4252 2383
4 4393 2910 1695 1043
4 3194 3134 3947 3172
4 1455 1804 1456 3797
4  494   64   71  772
4 1920 3964 1463 3713
4 3942 2608 2606 3462
4 3943  752 1913 2234
4 2220 3037 1208  721
4 3291 2105 3109 3290
4 4451 4146 4454 3811
4  461 2587   91 3152
4 4300 4299  199 3429
4 3578 4286  786  787
4 2806 4352 3541 3012
4 3456 3990 3455 1724
4 2998  750 2354 1518
4  878 4191 1063 3612
4 1928 4297 4580 4542
4 4262 3485  754 3324
4 2339 2336 4326 2338
4 3052 3148 1204 1863
4 5103 4161 2076 3496
4 1019   55 1909 2621
4 2606 3462 3519 3988
4 4779  465  880 2715
4 3428 2900  649 2515
4  456  453 1030 1029
4   27  553 1621 1825
4 4731 3761 4872 3955
4 2343 1607 1596  315
4 3053  838 2556  168
4 4872 3064 1791 3955
4 1587 3926  865 2592
4   59 4728 1835 4554
4 2412 4281  643 4059
4 1648 3196  457  459
4 2470 3443 4738  347
4 3680  111 1448 3589
4   21 3391   23 1560
4 1234 2298 2840 1970
4  410  658 2059  657
4 1338 1337 4109  316
4 3685 3684 3565 4504
4 4864 4226 4460 2118
4  138  613 4312 5101
4 3496  478 1379  866
4 1914 5063 3267  765
4 1640 1202 1386 1639
4 2582 1089 4033 2642
4 2159  129 5094 3807
4 2840 2211  622 1970
4 4836 2026 3412  193
4 2508 4723 2517 4584
4 1343 1094 1436 1345
4 3778 4016 2778 1968
4 1286 1852 1288 4481
4 4481 4562 1288 1286
4 2692 3521  782  148
4 3075 2539 2540  560
4 1908   55 1909 1019
4  230 4916  233 1356
4 4367 4014 1266  840
4  932 3164 2889 1084
4 3567 3566 3992 3993
4  564 1134 1949  739
4 1655  315 4619  314
4 2827 1203 2223 2828
4 1574 1573  695  696
4 1552 2756  235 1593
4 3829 1576 3976 1939
4 1629 3122 3120 2853
4 2068 2359 1249 2065
4   64 1723 3050   67
4  351 1520  823  766
4  209 2621  206  207
4 4834 3187 3824 2293
4  570 4197  569  567
4 3128  212 3334 3130
4 3122 3120 1441 1629
4 1895 1997  599 1147
4 2868 3636 1249 1522
4 3444  345 3721 2879
4 2860 4727 2861  870
4 2283 3326 1547 1767
4 2308 2840 2211  622
4 1201 1200  698 4225
4 3379 4405  621 4878
4 1578 3698 3476 2493
4  907 2323 2412 2410
4 1288    6    7 4481
4  410  408 4766  407
4 3689  270 1359  423
4 2044 1512  403 1513
4 4093 4082 4092 4503
4 1595 2274 3385  395
4  103  619 4890 2196
4  739 1134 1949 2454
4 2868  930  929 4871
4 4976 2870 1115 2447
4 2945 4732 4608 1165
4 2508 2922 2265 2921
4 1695 1694  457 5058
4  591  215  217 2231
4 4592 2061 2002 4374
4 4190 4694 2415 4272
4 2551 4605 3442 3439
4 1587  865  491 1585
4  355  354 3634   62
4 4642 4004 3997   65
4  934 1227  935 2778
4 1078  278  332  641
4 2457  673 3554 3433
4 1190 1192  709 1193
4  383  381 3683  380
4 1696 3364 3177 1882
4 3119 3738 2152 2934
4 3605 3899 3901 1598
4 2526 4433 2528 3750
4  646 3337  294  649
4 3509 1204 3052 2090
4 2254 3363 4841 4076
4  713 1821  819 3971
4 1184 2756 1552 1593
4 2246 1175 3115 3945
4  411 1357  770 1947
4 3693 2958 2680 3694
4  547 4414 3073 2030
4 4786  586  588 3377
4 2810 4236 3193 2949
4 2479  650 2617 2453
4 2016 2189 3569 2017
4 2721 3661  553 1827
4 1826 1938 2200 1825
4  666 2478 1607 4852
4 3461 2708  204 1616
4 4875 5046 2488  791
4 4358 1175 3945 1907
4 1983 4426 1854 4338
4 3590 1887 3591 1888
4 1629 1628 2853 3857
4 1813 3576 1814 1815
4 1841  589  637 2960
4 1640 1796 3698 1578
4 3496 4161 2905 4546
4 1588 3799 2052  872
4  730  319  320  149
4 2554 1533 2613 2268
4  456 1216 1030 2355
4  138 4312 4763 5101
4  282 2562 1261 4152
4  900 2779 1880 1698
4 2003 1363 4449 4374
4 1993 1180 1179 1083
4 4894  957 3315  958
4 3186 4300  987 3429
4  911 4839 3242 5095
4 2023 1260 2299  963
4  565 1991 1992 3081
4 2258 1102  954  955
4 1559  926  927 1560
4 1390  521 2230  519
4 4076 3363 1148 2254
4 2669 4275 1808 1957
4 1336  710 3144 1333
4  724  722  723 2483
4 1586 2756 2348 2738
4 3376 3377 2100  399
4 4044 3579  564 4441
4 3484 1633 1632 3324
4 3544  409 3619 2060
4 4354 3582 4591 2822
4 1943  327  822  821
4 1827 3659 3660 3107
4 2051 2050  344 2984
4 1035 4795 1033 3031
4 3945  448 4700 4604
4 2437  778 2984 2051
4 3581  838  847 3053
4 2482  527 4449 4374
4 1360 1363 3527 2062
4 4519 3897 2774 2014
4 1172 1346  745  590
4 3321 4955 3633 3634
4  147 3904 1763 4896
4 1030 1452 3518 3085
4 1917  225 2208 1190
4 3030 3277 1271 4860
4 1001 4338 3973 1002
4 1307  251  254  252
4 2138 4963 4104 1836
4 2675 3208 2492 2154
4 3834 1266  839 1757
4  805  804 3632  807
4  296 3758 1831 4713
4 1296 2028 1760 2238
4 2863 4146 3005 1717
4  330  278  575  332
4 4886  940 4769 2482
4 1151  368 1065 1619
4 1900 1254 1255 3625
4 1601 3133 1713 1716
4 1086 1883 1884 1027
4  866 2905 1894 3496
4 4338 3973 1853 1983
4 4374 2002 2003 4704
4 2646 1023 1091 2480
4 4205 4731 3519 3834
4 3199   76   78   79
4 3636  774  929 2272
4  460 3422 3230 4794
4 1414 1148 2391 1276
4 1360 1361 1363 2062
4  598  597 2762  599
4 4584 4723 2924 2922
4  198 1608  201 1984
4 1624 1812  526 2092
4 1330  736  737 2751
4  641  575  577  278
4  714 3390 3391 3214
4  653  117  652  650
4 4354 4591 3431 2822
4  642  640 1242  639
4 1148 1413 3434 1415
4 3797 3624 3977 1455
4 4164 2808 4163 4165
4  308 4031 1278 4030
4 4385  239  238 4028
4 4802  984 3577 3943
4 1397 1328 1396 1394
4 2834 2025 2354 2998
4 3929 3282 3927 2130
4 2626 1678 4181 2625
4 2059  408 4766  410
4 1643 1370   82 1642
4 3941 4340 3863 2606
4 2451 2449 3459 4656
4 1648 1647 4393  457
4  938 2358 1638 1191
4 1993 1179 1080 1083
4  570 1125 3801  569
4  371 4212 5084 4876
4 4234 1228 2384 2669
4 1336 1204 1864 2703
4  149 3104 3105  730
4 1276 1148 2781 1414
4 1032 3997   65 4631
4 2055 4046 3066 1799
4  551  553 1621 2939
4 1636   44 4778  307
4 4987 4372 4371 2989
4 3988 2606 3462 3942
4 4763 3137 3210  138
4 4076 2391 3257 2254
4  955 1102  954  196
4 3498 2342  704 4509
4 3050 2860 1261 4582
4  239 1938 2200  990
4 3247 2000 1909 2621
4 1281 1054 1384 1386
4 3091 2676 3072 1500
4 4721 4781 4865 3506
4 4739 4928 4738 2713
4 1997  596 1579 1996
4 1692 1918  664 1192
4 2091 3144 3995 3142
4 1399 1544  176  180
4 3134 3135 3137 4190
4 1688 1689  332 2598
4 1057 1028 1030 3518
4 2186  315  316  313
4 1537 5066 3716 4105
4 3214  714 3390  716
4  140  142 3789  960
4 1182 2756  235 1552
4 3826 3848 2646 1091
4  960 3336 3789  648
4 3151 4125 4288 3152
4 1532 4828 3572 4502
4  371 5084 3501 4876
4 1587  491   75 1585
4 3264  805 3632 4770
4  902  901  884  883
4 3641  186 2610 1417
4  498  496  497  693
4 1868 4775 3473 3472
4 5061 4620 3515 2796
4 2160  921 2159 4408
4 2021 1892 3843 4373
4  891 4061  887 3003
4 1927 3720 1925 2565
4  244 4104 2817 1583
4   53   55 1909 4358
4   53 4358 1909 4303
4  889 3431  361 2822
4  973 2740 2741  364
4 4991 2954 2693 2141
4  936 1802 1803  704
4  743 2301 2284 2285
4  442  441 1084 4283
4 3486  985 2938  312
4 1282 2693   56  987
4 3370 1098 1557 2977
4 2554 1831  294 3278
4 1687  905  907 2411
4 5068 4977 5022  497
4 4073 3501  370  371
4 4507  644 4318 3703
4 1715 3878 3879 3051
4 2028 2027  193 4345
4  148  780 3520  782
4 4374  529 2004 2002
4 3373 2163 3670 2734
4 3224 4703 4102 4249
4 3401 5083 3400 3288
4 1744   97 4221 2972
4 3553 2419 1148 3554
4  664 4852  666 4208
4 1839 5033 1666 1840
4 2726 3443 2799 2470
4 2863 3260 4146 3261
4 1831  294 3278  296
4  702 3498 1803  704
4 4960 2596 1115  331
4 1398  433 1666 1839
4 4838 2577 2576 2536
4  382 4649  381  405
4   92   94  361  890
4  573 4540  667 4220
4 1764 1763 1762 4475
4  492  445  446  443
4 1959  760 1958 5075
4 4864 2802 2647 2118
4 3261 3259 5053 1301
4 3906  700 1921 2582
4 2729 3396 3963 1608
4 4498  408 4493 3619
4  574  233  572  230
4 3241 4458 4141 4839
4 2006 1903 1761 3382
4 4404 2000 1909 3247
4 1085 1312  754 1720
4 3832 3587 2717 1852
4   64   66   71 1723
4 3695 4869 3577 3943
4  128 1761 2041 2007
4 1074 3809 4570 3810
4 2210 2923 1185 1182
4 4449 1363 3527 3526
4 4104 2138 2817 4002
4 1295 2370 3382 1297
4 1827 2628 1826 2721
4 1975 1866 3839 1865
4 2899 3445 3669 5052
4 3048 3047  999 3429
4 3776 2188 2017 3432
4 2987 1261  282  189
4  708  513  706 1190
4 4074 5084 4073 3401
4 3432  133 2017 3776
4 1630 1627 1628 3355
4 1527 2844 1770 3034
4 3689 4859  747  270
4 2745 2159 2978  132
4 2787 2486 2485 2788
4 1277  386 4939 5087
4 2697 3196 4788 3940
4  293 4713 3758  296
4 3991 2694 4511 2697
4  415  828 3620  829
4 1108  996  414  248
4  149  317  319  320
4 1470 4722 2182 3541
4 4429 2530 4832 4383
4  497 5068 3468 5039
4 4444 4578 1177 3694
4 1508 1723 1060 1505
4 3561 2702 4247  803
4 2690 2768 3972 2707
4 4448 3524 4619 2551
4 4428 3709 1858 3700
4  844  843 2948 1614
4 4018 4670 3742 4640
4 4709 1105 1666 1400
4 4482 3676 2484 2942
4  741 4638 1494 1495
4 2126  844 1624 1185
4 1290 4546 1293  813
4 3351 1459 1910 3352
4  520  519  521 1390
4 1235 2298 2847 1234
4  406 3040 4927 3041
4 1680 3896  457 1649
4  217  215  216 2183
4 2216 2099 1408 2101
4 4740 4413 3792  728
4  341 2985  777  344
4  761 4165 3559 2755
4 1118 1992 2296 2882
4 3705 2363 2481 2364
4 3588 1288    7 2575
4 1301 5053 3261 1303
4 4214 2635 4848 2220
4 2752 4126 2753 2738
4 4782 4599 2411  905
4  641  882  902  639
4  502 2045 3317  501
4 2539  531 2540 2601
4 2713  796  347 1939
4 3615  791 3340 2371
4 1631 1633 4342 2886
4 2721  553 1826 1827
4 1061 1062 1856 4777
4 2496 4618 1215 1775
4  959  827 3295  956
4  959   96 3295 3375
4 3302 1637 3303 1638
4 2692 1151 3521  148
4 4194 4249 4703 3224
4 2251 2253  277 2254
4   36   51   38 1536
4 4074 5083 5084 3401
4 2114 2111 2603 1871
4 1210  785 3611 3609
4 2002 2003 2004 4374
4  385 3594  515  903
4 1892 4740 5029  727
4 1902 3626 4248 4355
4 2454  564 4044  565
4 4588 4587  136  133
4 1440   94 2262 1103
4 2522 4155 4033 4226
4 4640 4795 1033 4019
4 2203 1487 2201 2204
4 3738  520 1754 2934
4 1183 1586 2756 2432
4 1002 1660   58 1659
4 1693 5058 1694 1695
4 2454  563 2138  244
4 2175 2176  257 2699
4 3121 5103 3122 1441
4 3234 1785 1784 2697
4 2813 4834 2787 5059
4 5076 3789  169  170
4 5059 3387 2293 2813
4 1562 1561 1424 2318
4 1067   64 3741  239
4 2933  390 2332 2334
4 2350 2352  162 2353
4 4209 2509 1714 4969
4 1968 4016 2778 3243
4 2030 4414 3368  547
4  381 3683 3567  383
4 2698 4420  929  931
4 1945  412  414  773
4 2694 4788 4511 2697
4 1373 1134  787 1949
4 1763 3342 1764  147
4  215 1639 1387 1202
4 1424 1562 1423 1422
4 1672 1024 2011 2823
4 3621 1503 3010 2144
4   31  886  863  864
4  866 1441  478 1442
4 2947 4189 2948  757
4 2610 1417  186 1062
4  478  475 3850 4323
4  355 4950  353 3360
4  965  966 3149 3995
4 4385 1304  239 4028
4 3463 1266 3519 1757
4  750 3714  218 3418
4  452  450 2927 2925
4 2473  926   23  229
4 4106   91 1497 4138
4  628 2453  733 1491
4  993 2946 2506 2825
4 3549 3840 4934  809
4 4439 3639  779 1307
4 3759 3758 4501 1535
4 3481 1527  975 1122
4 2945 1252 1253 1165
4  250 4547  902 3737
4 3283 5041 2164 4726
4 4057 2695 2694 2697
4 2375 1978 1985 4385
4 1873 1872  522 1717
4 3384 3128 3965 3130
4  923  707  709 1602
4 1440 2075  866 1441
4  805  804  806 1920
4 2004 2590 2591 3184
4 3955 4731 3519 3942
4  583 3611 1865 1209
4 1749 2301 2733 2302
4 4608 3157 2945 1774
4 1271 3030  812 1988
4 3347  692 4228  693
4 3925 2161 1910 4320
4 4787  839  737 3834
4 3721  676 3444  422
4 2634 2144  415 1388
4 1001 1000 2885 1002
4 3420 3547 1174 4027
4 3130 3128  212 2748
4 2951 3764 3287 3603
4  460 4336  457  458
4 3173 4455 4347 1942
4  360  362  361 2262
4 3303  558 1638 2460
4 3053  822  712 2119
4  350 3449 3450 4471
4 1003 1693 1695 1043
4  210 2208  213 1917
4 1357 1473 1134 1472
4 1695 4011 1476 1478
4  955  196  954  952
4 1230 2530 1232 2718
4 3339 2488 2371 2319
4 3023 1818 1010 1817
4 2778 4217 4016  933
4 2008 2339 2010 3100
4 2225  313 3097  546
4 2533  421 2534  581
4 1606 3161 3163 3162
4 2851 4166 1140 3645
4  198  199  317  320
4 1261  282 1262 2146
4  276 4294 4387 4297
4 3266  227 1979 3351
4  289  291 1311  292
4 3186 4300 3954  987
4 2159  920  921 5094
4 1812 4461 4687 3252
4 2353 3526 3020 2350
4  754 1086  755 1884
4 3234 3896 3300 2697
4 2893 2539 3075  560
4 5100 3276  161 1891
4 2114 2111  379  376
4 3879 3245 3877 3167
4  418 4021 3862  416
4 3210  614 1551 3176
4 4821 1493 3381  466
4  494 1219 3170  492
4 2060  409  410 2534
4 2879 2880 4566 3492
4 1049  945 2291 3395
4 3509 1202 1386 1640
4 2410 3820 1745 3786
4 3147 3543 2281 3145
4 4743 4867 2321 1173
4 2283 3325 3146 3638
4 1113 4976 2870 1115
4  763 3057  765 2658
4 4742 4829 4625 1946
4 2263 1586 2739 2738
4 4907 2317 1424 2318
4  605   48 4257 2086
4  667  572  508  510
4  427 4753 2409 4114
4 2882 1992 4044 1990
4 3150 3873  127 2443
4 1940 2398 3114 2397
4 3862 2413 3738 1389
4 4365 3585 2014 4366
4 1329 1327 3787 1326
4  936 3156 2692  939
4 3409 2127 4366 2448
4 2811 3784 4961 1446
4 1437  627 1436  733
4 4089 4594  685  687
4  959   98   99   96
4  370 4310  368 3502
4 3894 2947 1719 3083
4 3119 2152 3739 3926
4 2014 4365 3881  594
4 1141 3545 3399 1816
4 2738 2756 2348 4658
4 3175 1654  316 3649
4 3067 1801  379 2374
4 4356 4136 4135 1213
4 3047 3781 3429  200
4  386 4269 3212 1461
4 2598 1689  332 1690
4 3550 2553 1989 1992
4 2975 3301  635  533
4 1212 4746 1211 4803
4 2170 3910 1288 2575
4 3291  686  687 3715
4 3463 2231  215 1275
4  816 1537 1354 3091
4 1955 3346 2383 2384
4 1446 4830 4961 2811
4 1613 2655 1614  995
4  708  102 1727 2269
4  967 1819  819 1820
4  572  230  508  510
4 2992 2991 3894 2990
4 1436 1435 1345 2426
4  700 4919 4154 3311
4 4410 5054 4211 2850
4  266 3633  630  263
4 2811 4830  841 1446
4 4772 4514 3891 3770
4 2442  502 3250 2443
4 1209 1977 2945 1865
4 2978  182  184  130
4 4539 3931 3933  483
4  221  219  220 1828
4 3707 2481 2364 3705
4 2356 1183 1594 2592
4 4622 2417 2416 2418
4 2263 2923 2265 2210
4 2702 2624  943  601
4 1807 1487 2346 3302
4 5021 5035 3681 1448
4  149 3104  729 3521
4 4439  779 1073 1307
4 1760 1296 1297 1294
4 1785  261  459 2697
4  340 2351 2352 2584
4 2852 3240 4242 2878
4 1753 1703 1752 2079
4 2878 4242 3517 3240
4  598 4951  596  599
4  162 2938  163  810
4  895  667 3763 2440
4 1207 1118 3060  249
4 4727 1261 3858 3283
4  247 1107 1456 3977
4  427 4750  426  425
4 4077 4076 1276 3257
4  975 1667 2741 2581
4  903 4415  456 3823
4  881 3581 3678 2231
4  594   73 3881 2014
4  355 2646 1091 3826
4 2120 5099 4776 4419
4 2681 2331  216  217
4 2447 2576 2536 4825
4  170  466 2120  464
4 4328 4330  421 3470
4  460  457 2910 3727
4 1470 3803 3541  961
4 2119 3959  822 2719
4 1318  695 4688 1480
4 1699  102 1880 1696
4 1111 1110 3336  960
4 2235 2084  885 1401
4 2635 2636 1208 2220
4 1552 1592 3340  794
4  556 2416  557 2418
4 3860 3861 2415 4436
4 1969 1233 1235 2517
4 3645 3643 1140 3644
4  464 4367 3846 3380
4 1416 2720 2722  186
4 4512  665 3958  664
4 4454 4451 4809 4453
4 4126 4198 2739 2264
4 3581 2231 3052 1347
4  220  275  507 1332
4   17   16   18 4888
4 1373 1950 1374 1949
4 3359 3820 2399 4606
4  232 1056  892  305
4 4452 4451 4146 4454
4  853 3587  167  288
4  551 1621 3046  257
4 1251 1276 1250 1248
4  825 1679  766 1480
4  293 3758 3278  296
4 1983 2727 4426 3785
4  405 4791  404  382
4 1731 1728 1729 3238
4 2649 1176  807 2539
4 4649 4762  382 4102
4 2638 5013 4508 4509
4 3145 3146 2282 2281
4 2290 2681 2683 2966
4 1622  396  399 1620
4 2257 2256  941 1510
4 1971 4266  460 4265
4 4022 1591 4786 4029
4 3118 3722   24 2205
4  861 1122  501 1526
4 4843 1020 1306 3351
4  878 5000 3858 3874
4  815 1216 1170 1462
4 3601  983 3317 4541
4 1241 4600 1207 4783
4 2261 2838 1440 2262
4 4625  411 1946  413
4 1949  785 1133 1373
4 3082 3564 2204 1807
4 2944 2792 2942 4335
4 3663 2917 2244 2373
4 4146 3005 1717 1718
4 2631 2730 2660 2661
4 1236 3167 1233 3877
4 2051  778  779 1071
4 4153 4583 4152 1261
4  964 3803 1470  961
4  811 1564 3014  812
4 1744 4221 2684 4222
4 4564 4851 3976 3829
4 3454  950 1305 3116
4 4002 4964 2138 2139
4 3065  525 2067 5096
4 3632 2815  805 3263
4 3514 1828  431  602
4 3098  672  280  331
4 1863 1862 1204 2468
4 3607 3755 4213 4220
4 2051 3378 2049 2435
4  275  385  387 1216
4 4551 4962 2792 3589
4  985  984 1912  983
4 2075 1441 2295 1629
4 2738 4126 3725 2752
4 4126 2737 2753 2738
4  235  793  792 1552
4  455 3560 1029  274
4 3186 4080 3429 1002
4 2680 2678 2679 3693
4 2233 1303 1750  834
4 1655 1652 4096 4733
4 1488 4804  506 1485
4 4264 3098  672 2455
4 2592 3926 2376 1587
4 1714 4969 2509 2510
4 1460  922 3358 3925
4 1653 3175 1654 1655
4 2173 2905 3996  813
4  762  744 1749 2939
4 3726 4754 2924 2922
4 3113 5081  284 2594
4 4260 4752 4652 1256
4 4606 3587 4854 3820
4  664  665 4110 4111
4 4273 4255 1296 2238
4  546 2380 1337 3245
4 2299 1469 1848 2182
4 4584 2922 1969 2508
4  148  895  780  782
4 3660 1621 3046 1827
4 3698 3476  746 1578
4  808 1913 3943  753
4 4141  421 3241 3242
4 1552  235  793 1593
4 3220 1653 2551 2550
4 1853 1569  199  987
4 3176  121 5062  614
4 1984 1608  201 2729
4 3031 3028 4349 4931
4  639 2743 1651  902
4 3027 1979 3026 2973
4 4156 4584 2924 2922
4 1172  732 4200 2110
4 3281 4224 4009 3313
4 2745 2159 2160 1756
4 4404 2161 1910 3925
4 3078 3189 2045 3752
4 1078  278  672  280
4 3257 2391 1251 2698
4 1486 1485 4804 1488
4 2120 4419 4776  789
4 1742  130 4665  184
4 4193  490   72   74
4 1019 1908 1306 3351
4  218  806 1518  269
4 4190 3531 1551 3420
4 4227  886 2667   29
4 1698 1905 3854 1904
4  157 1390 3357 3471
4 3415 3417 1586   72
4 3919 1125 3801  570
4 2844 2843  291 4425
4 3029 1564  812 3031
4 1691  513 1917 1190
4 2248   95  890  891
4 1087 1314 1085 1720
4 3242 2820 2818 4048
4  923 1338  924 1193
4 2942  183 2484 4482
4  270 2877 1639 1578
4 4716 3629  517 1780
4 4165 4164 2808 4442
4 2457 2455 2456 3552
4  249    9 3060   11
4 2050 2049 1878   50
4 3451 2506 2825 1650
4 1920 2816  804 3964
4 1745 2708 1743 3786
4 4098   68  772  620
4 1889 1581 2781 3319
4 1487 1806 1485 1488
4 2464 4587 2463 2461
4 4640 4020 3742 4018
4 4931 4350 4349 3031
4 1079   18 1310 1238
4 1758 1100 1099 1102
4  850  849 3987  421
4 3786 2708 1743 2709
4  498 2818 3242 2820
4  787 1223 1373 1823
4 1727  514 2267  511
4  250  242 4547 3737
4 1619 3763  539  148
4  616 1260  398 2022
4 3083 1592 2331  217
4 1970  474  480  479
4 1064 4745 1065 3999
4 3665 3666 2175  257
4 1078  332  331  642
4  249  250 2743 2296
4 2068 2065 1524 2067
4 2371  791 3340  794
4 2248 2249   95  891
4 1699 1698 1535 1697
4  530  527  528  423
4 4468 3137 2160 3172
4  991 4085  990 4086
4 3239 2631 3888  352
4  316 1337 4109 3246
4  770  277  279 4525
4 3245  316 1337  546
4  511 3138  512  514
4 2306 2691 5064  434
4 3824 2293 2294 5059
4  198  150  317 1570
4 2440 4131 2797 2439
4 3084 1623 2068 1523
4 3145 4479 3146 3147
4 3912 4852  666  664
4 3167 2517 1233 3878
4 1213  433 1104 4136
4 2348 2756  235 2347
4  381 3567  382  383
4 2728 2727 4426  201
4 1995  731 1365 3563
4 5068 5097 4977  498
4  280 4712  278 2395
4 1750 1751 3533 3534
4 3471 3339 3341 2433
4 1304 1978 4843 3352
4 2575 2170 3910 4063
4 4928  796  347 2713
4 2824 1214  774  776
4  899  896  897 3893
4 5069 1245 1244 1247
4 3942 2360 3462 3955
4 4288 4858 2176 4879
4  684 2482  942 2442
4 2701  523 3762  525
4  620   69  619   68
4 2893 3075  559  560
4 1962  732 2453 2452
4  546 2226  543  544
4  110  183 2942 4335
4 2638 4793 2639 2640
4  217 2681 2331 3083
4  911  677 3242  693
4 1389 3738 3862 1390
4 3829 2725 4564 2724
4 1892 5029 5015  727
4 3188 2999 2045 3601
4 2567 5064  434 1670
4 2118 4226 4697 4864
4 3447   38 1861 2674
4  267 2161 1171 3358
4 2926 2266 2927 2812
4 4971 5113 1969  623
4 1158 1320 1159 1323
4 2922 4156 4584 4971
4 1696  102 2269 1699
4 2068 1623 1524 1523
4 1190  706  708  709
4 2892 1842  635 4022
4 1265 4469 1748 1746
4  479  622  474  842
4 1723 1505   70   68
4  307   47 1783  308
4  391  390 3479  389
4  537 2520 2274  538
4  355 1088 1091 1023
4 2686 2792 1704  522
4 4512 4111  665  664
4 1840 5033  433 1839
4 1884 3591  843 1086
4 4333 4729 2426 2169
4  620  619 1521 3190
4 2508 2509 3878 2517
4 4937 4998 4379  695
4 2578 1238 2536 2875
4 1552  793  792  794
4 4069 1238   18 1079
4  562  559 2893 1696
4 1459 1460 1910 3925
4 1480  695 1317 1318
4 3756 3120 1440 1441
4 1109    4 4596 1112
4 3634 4950 4956  354
4 1826 2831 2200 2033
4 4633 2926 2925 2949
4 2942 1754  183  519
4 4633 2925  452 2949
4 1398 1666 1400 1839
4 3150  127 1913 2443
4 1021 2674 1244  605
4  149 3105 2149  730
4 2410  907 3668 3448
4 1294 2028 2989 1297
4 1258 1257 2661 1260
4 1578 2493 3476 1577
4  412 1068 1166 4351
4 1151 3156 1152 2525
4 5018 1235 1969 1970
4 4853 4585 5092 3167
4  984 4812  808 3943
4 1520  766 2397 1479
4 2569 4013 1748 1471
4 5059 4834 3387 2813
4  245  246 1866  247
4 5025 3824 2215 2788
4 2949 4633 2926 4236
4 5059 4834 2787 5025
4 1084 1041 1043 4741
4  470   13 2785 3950
4 3283 1261 3858 2987
4 3408 1540 1481  697
4 3830 3930 4937  374
4  475  478 1379 3496
4  203 1881  848 2377
4 2183 2683  216  217
4   75 2014 3897 3131
4 3675 2813 2787 5059
4 3233 1842  907 3786
4   75  490 3897 2014
4 3769 3771 1433  391
4  538  536 2520 2777
4 1937 1936 3751 1938
4  700 1921  701 3906
4  391  389 1433 3769
4  923 1337 4109 1338
4 1183 2209 2210 1716
4 3816  673  277 2253
4 3961 1627 4161 2076
4 2210 1182 1185 1183
4 1447 2080 2903 5020
4 1697 1197 4078 1535
4  217 1248 2683 3083
4 3540 1728 1730 1731
4  699  700  701 3906
4 2384 4380 1808 4544
4  519  521 1449 2792
4  398 2837 1257  397
4 4857 4590 1105 3696
4 3083 2991 3894 2992
4 3952 3929 2335 2130
4 2959 2773 2772 2960
4 3064 2068 1791 3084
4 2254  673  277 3362
4  236  235  792 1552
4 1683 3843 2021 1891
4 3324 4846 1632 3485
4 1014 3383 3618 1012
4 2377 1881 1882 2892
4 2605 1275 2606 3462
4 4564 4851 3975 3976
4 1023 3748 2647 2646
4 4386 4773 3400 3755
4 1011 3530  823 3528
4 2292 1350 1313 1085
4 3606 4269  515  903
4 1531 2889 1006 2891
4 4364 4445 3707 1924
4  312 3197  310 3488
4 4688 1479 2397 1480
4 1665 1166 1215 3774
4 1191 1190 1192 1918
4 1016 1017 1018  248
4 1074 3809 3810 3811
4 1747 2569 4013 1748
4 1716 2265 2210 2263
4 1958 1960 1959 2060
4 1707 1606  539  542
4  406  380  383 3041
4 2585  160 2938 3487
4  931 5017  929  930
4 3324  754  952 4253
4 2343 2340 5112 4911
4 2146 5012 3077 4641
4 1896  357  358 3538
4 2713 1940 1941 2402
4   75 1586   73 3131
4 3396 1606 1608  201
4 1825 2831 1826 2035
4 3113 3248 2871 5081
4 2530 4832 2531 1944
4 3866 3588  853    7
4 2225  313  546 4862
4 2192 2181  765 2658
4 4191 2609  877 2610
4 3524 2637 3522 3439
4 2141 4980    3 1707
4 3003 4451 4146 3004
4  431  943  803 4247
4 2442 2482 3020 2362
4 4838 4993 2115 2536
4 2948 3591 4189 2946
4  825 1479 1481 1480
4 1028  274  803 1057
4 3770 1601 2573 3026
4 1819  819  965  967
4 2882 1990 4440 3517
4 1480 1679  173  174
4 2056  716  715  717
4  157 2433 2082 3471
4 2565 1925  337 3720
4 1212 4356 1211 4746
4 4113 2903 1447 1818
4 2042 1759 4274 2040
4 2488 1326 2487 4683
4 3298 2863 3005 1717
4  382 3520  705  406
4 2474 2492 1461 3212
4 2509 4994 2507 4969
4  838 2931  169  168
4 1839 1666 1400 4709
4 1606 1188 1610  542
4 1358  411  770 1644
4  138  139  614  613
4 3104 3103 3828 3099
4 4642 1298  283 1262
4 3432 2232  833 1683
4 4754 2922  845  624
4 3507 4282 2027 4721
4 1253 1167 3983 4284
4  741 4639 1494 4638
4 4569 2409 3074 3508
4 2678  485  488  587
4 2743 2744  300  363
4  435  433 1106 1398
4 4698 4256 3458  219
4 1888  756  757 4189
4 2402 1850 2394 1851
4 1212 4549 4746 4803
4  421 4458 3987  850
4 3180 3179 1233 2915
4 4309 4310 3845 3844
4 3167 4050 5092 4853
4  802 4378 1152 4443
4 2720  186 1856  553
4 2627 1385 1281 1279
4  834 2079 3467  158
4 1623 1330 3064 2701
4  431  428 2025  430
4  419 2533 4330  421
4 3820  287 2412  645
4 1023 4822 2647 3748
4 2013 2014  490   74
4 3694 1175 2680 2245
4 2190 1721 2191 1087
4  726  725 3652 3568
4 2173 1293  813 4360
4  109 1818 1846 3023
4 3116 3213 4700 3454
4 2614 3851  452 1995
4 4332 3748 4822 1023
4 1894 1293 1379 2905
4  193 2027 3507 4282
4   30 2236  927  717
4 3108 3107 4140 3646
4 3770 4514 3891 3769
4 4037 1278  515 1277
4 3182 4397 3168 3079
4 3616 3617 1522 2011
4  577 1357  882 1947
4  960 3337 1112 1110
4  721 3644 1118  723
4  664 4852 1918 3912
4 2000 1536 1459 3351
4 3817  674 2085 1945
4 2342 1595 3166 1803
4 2440 4132  572  571
4  871 3038 1558   79
4 2532 2927  452 3547
4 4076 3363 3434 1148
4 1011 1014 3619 4492
4 1070 4351 1068  413
4 1835 4554 3915 4553
4 1968  935 2778 3778
4  371 3755 3401 3400
4  840 2931  838  168
4 2232  133 3310 3432
4  328 3411  327 2547
4 2556 3337 1832 3959
4 1301 1751 1750 1753
4 2005 4146 3261 2241
4 1148 1147 1997 1414
4  761 5075 1959 5024
4 3149 3052 1347  968
4 4803  631 1211 1212
4 1052 1054 1384 1281
4 3640 3933 4856  483
4 3863 2156 2157 4340
4 2762 3202  597  598
4 1094 1092 4238 1344
4  405  380  381  382
4 1970 5018 1235 2298
4  548 4610 4609  547
4  189  282  989 1261
4 2138 3059 2139 3550
4 3661 2722  553 3046
4 2187 2185 2186 3095
4   67 2145 3050   64
4  479  622  623 1970
4 2304  219 1829 2303
4 2518 5092 2517 1235
4 2476 3504 2622 1372
4  318 4611  317  319
4 3903 4124  677 2976
4  451  734 3547 1736
4 1120 4337 2857 4456
4  397 3888  398  399
4 2015  490 3897 1732
4 5035 4551 3589 1450
4 5012 2330 2329 2146
4  615 1591 2710 3233
4 2817    9 3060  250
4 3450 4280 4782 4471
4 3350 3535 4167 1176
4 2600  531 2540 3258
4 4911 2340 2342 2343
4 1764 2636 1208 1206
4 3245 3877 2380 3879
4 2166 3331 2899 3670
4 3264 3061 3062 4402
4  572  231  233  574
4 4384 4277 2394 2712
4 1189 3994 4689 1187
4 2492 1461  897 1462
4  600 1828  431  221
4 1510  941  403 2256
4 2826 3551 4877 2825
4  776  774 2272  773
4   28 4325 2887 1103
4 2476 2475 4968 1372
4  788 3503  785 4147
4   39  605   51   48
4  566 1373  564 1223
4  923 1338 4139  924
4  968  966 3149  965
4  102 2376 2356  848
4 2146 2562  283 4707
4 4513 5087  386 1277
4 3858 4726 5008 4153
4  711 2273  710  712
4  623 2211  622 2309
4  919 4408  920  921
4 1395 2826 1650 1397
4 4450 3845 2229 3844
4 2697 4912 3234 3235
4 4374 3185  529 2002
4  912 2499 1439 1438
4 2947 2027 2940 2992
4 3097 2219 4892 3095
4 3084 1523 1248 3083
4  223 3303 1638 2460
4 3589 3680  111 3679
4 4254 1504 2144  958
4 2048 1598 2559 5038
4 2811 3784 1446 2812
4 1532 1779 1942 1776
4  655 2031  656  550
4 2076 4546 4161 3961
4 2826 3777 3551 1397
4 4624 3928 4513 2335
4 4651 4752 4274 4116
4 1397 2826 3777 1395
4 3531 1549 3547 4756
4 4376 1965 1967  442
4 4373 2020 3310 2021
4 4824 3001  499  862
4 2522 4033 2118 4226
4 3305 3475 3953 1618
4  173  765  766 3057
4 2906 2076 3996 2905
4 3496 2905 2076 1441
4 3046 4933  551 2175
4  371 4212 3755 3400
4 3020 1363 4449 3526
4 4710 1399 1400 1839
4 1764 3644 1119  721
4 4907 4672 2317 2318
4 2642 4696 4033 2582
4 1209  247  414 1867
4  235 2347 2756 4657
4 1373  564 1134 1949
4 1312 2292 1313 1085
4 2210 1814 2915 1315
4 1142  996 4094 1143
4 3584   73 2014   74
4 1044 4054 1047 2667
4 1486 1150 3332 2525
4 4547  241  902 3737
4 1696 1698 1880 1699
4 3610 4732 2945 3611
4 1592 3581 1594 3357
4 3110 2560 5038 2559
4  414 1252  996 1364
4 1849 1575 1574 2103
4  724 3556  723  249
4 2747 2749 4182 3912
4 4706  445 4667  492
4 2875 3291 2107 3109
4  319  729  151  149
4 3185  529  942 4374
4  863  927 1560  717
4 2159  137 5094  129
4 3807  129  131 2159
4 1630 3356 2215 2212
4 4476 4600 1207 1764
4 4854  900 3452 1880
4 1882 1685 2323 3364
4 5059 2293 2294 2813
4 5039 5068 5022  497
4 1627 1628 3122 1629
4 4216 2054 4046 2055
4  371 3400 3401 5083
4 2446 2536 1429 2447
4 1969 2518 5113 4971
4  520  519 1754 2687
4  128 3790 1410 4898
4  198 1606 1608 1610
4  673  277  672  674
4 1671 1024 2011 1672
4 1301 3533 1303 1750
4 2882 3517 2881 2315
4  249  721 1118  723
4 4666 1124 3604  761
4 2062 1363 3527 2003
4 1852 1981    6 4481
4 4116 4652 1256 4117
4 1354 1351  898 1319
4 1242 1429 1129 2446
4 3899 4959 3901 1598
4 2125  842  844  845
4  932 3778  935  442
4 1394 1328 3405 1397
4  521  522 1717 1703
4 1684  727 1891 2352
4 1683  833 3432 1684
4 3817 2391 2683 1146
4 4165 3558 4164 4442
4 3121 5103 1441 3496
4 1670 5064  434 1668
4 2263 1714 2264 1716
4 1762 4475 1763 4593
4 3829 1939 3976 4564
4 3286 2621 4303   53
4 1346  746  590  591
4  687 2500 2047 2499
4 1651  901  363  974
4 1988 2374 2375 2173
4 4033 4155 4919 4884
4 5099  465 2715 2172
4 3198 4811  985 3601
4 3382 3873 1903 2290
4 2298 5114 5018 1235
4 1723 1964   70 2206
4 5053 5086 3260 3261
4 2868 4924  928  930
4 2180 4352 4807 2182
4 5056 3691 3146 2055
4  340 2565 1923 2353
4  424 2626  270  273
4 2413 3137 2643 4190
4  890 4845 1872 3583
4  417  416  415  828
4 5059 2787 2788 5025
4 2488 4875 1326 4683
4 4165 2808 4163 4197
4 1548 4756 1549 3531
4 1372 2622 1950 3504
4 4061  887 3743 1050
4 1524 1522 1249 1523
4 1828 3458 3513  748
4 2255 2257  941 1510
4 3771 3770 2572  391
4 1172  732 2110 1736
4  923 4139  922  924
4 2421 4644 2422 2828
4  587 3353  485  486
4  418 3738 1658 1388
4 2587   91 1497 4106
4 4452 4907 4454 1424
4 3945 4357  448 4604
4  623 2309  622 1130
4  538  535 3385 2072
4 3108 2035 1827 3106
4 1206 2502 2636 1208
4 1919 3216 1917 4512
4 3152 5107 4517 4858
4 3025 4751 1381 1382
4 3452 1880  900 2779
4 1098 1095  764 1097
4 2999 3019 2045 3601
4 2828 2401 3600 4532
4 4971 4156 1130  623
4 3148 2090 3144 3149
4 3780  856  857 4489
4 2509 4969 2507 2510
4 2762 3901 4264 2561
4  418 3296  417  956
4 1488 1465 1807 1806
4 1316 1592 1553 1757
4 4874 2050  344 1247
4 1409 1841 1408  589
4 4885 2961 3384 3129
4 2487 1164 3869 3871
4 4038  518 3606  515
4 5056 4216 4046 2055
4  417 3195 4065 4021
4 2374 1978 4843 1985
4 1020 1801  342 1860
4 4834 3387 2293 5059
4  623 5113 1969 2211
4 5006 3298 2863 4146
4 2070 1886  843 3795
4 3786  907 3668 2410
4 1480 1340  173 3114
4 2633 3316  958 1504
4 3592  149 2149  198
4 1818 4113 4903 5021
4 4939 5087  386 4624
4 4896 4751 3729 1382
4 1771 1527 2865 1526
4 1626 1242 1310 1238
4 1035 3028 4795 3031
4 3264  805 3062 3061
4 1720 1312 1314 1085
4 1226 3192 3219 1227
4 3029 3028 4349 3031
4 1504 2144  958 2633
4 2829 2673 2157 3818
4 2522  698  700 4154
4 1916 4807 2181 3268
4  126 2007 1761  128
4 4644 2673 2422 2829
4 2712 4291 2711 4522
4  406  382  383  405
4 3083 2681 2683  217
4 2289  817 3918 3674
4  848  847 1658 2592
4 1581 5034 1580 3272
4 2828 3055 3056 3600
4  318 4251  319  730
4  729  799 4245 3571
4 3471 3341 1657 3357
4  525 2066 3064 3065
4 4347 3885 1942 3886
4 4675 1314 1313 1085
4  500 1526  912 1079
4 1440 2075 1441 2295
4 3079 2568  861 1122
4 1775 5085 4618 1165
4 1994 4318 4319 4958
4 2134 1276 1250 1251
4 3282 2127 2451 2130
4 1732 2056  716 2057
4   69  619 4890  621
4 1767 3326 2277 2283
4 4122 4121 4669 2598
4 2918 2920  587  589
4 1884 1086 1085  754
4 3320 4950 4956 3634
4  412 4351 1364 3018
4  142 3336 3789  960
4 2048 1597 2047 1599
4 1707 3161 4980    3
4 3496 2905 1379 4545
4 1102  832  831 1758
4 4288  483 3151 4539
4 3001 3000  499 2045
4 1256 4652 1018 1108
4 1986 3030 1987 1988
4 2109 4743 2110 1736
4 4869 4219 4812 3943
4 4743 4867 1173 1736
4 4061 1045 1048 1075
4 1535 4502 1194 4501
4 3619 4493 2058  408
4 2912 2911 1911  243
4 2056 5003 3126 2667
4 2508 1233 1969 2517
4   67 4582 2145 4433
4  781 4793 2639 4791
4 3242 4840 2818 5095
4 2559 3110 2560 4664
4  880 1863  465  881
4  327 4986 2769 2766
4  700 2583 2582 4919
4 3467 4055 1447  834
4 3829 4564 4851 2724
4  677 3537 2800 4124
4 2739 2737 1586 3415
4 2306 2691  434 1104
4 2773 1859 4653  637
4  256  257  258 2372
4  589  587  588 2920
4  268 3271 2162  939
4 3268 2180 4807 2181
4 4120 2213 1566 3996
4 1426 1879 1427  206
4 1708  225 3885 4003
4 1685 2511 4059 3709
4  481 4607 3980 3151
4 2497 1769   19 2566
4 4739 2124 2711 2713
4 3495 2851 4166 1140
4  706 1691 2379  709
4  369 1151  368 3844
4 2541 3885 4003 4101
4 1388 1658  418 2634
4  602 3512 3401 4074
4  101   80 3456 3457
4 4294  276  601  803
4 4683 4875 4533 2488
4 4986 2769 3411  327
4 4743 2321 2320 1173
4  188  551  552 4288
4 3399 3398 5007  575
4 3858 2987 1261 4152
4  507  220  508 2692
4 2432 3341 1657  945
4 1535 1194 1197 4558
4 3059 3060 2138 4002
4  887  886   95   94
4 2555  203 1881  848
4 1757 1330 1553 1316
4 1767 1766 5009 1547
4 1452 3518 4143 1030
4 1077 4528 4061 1075
4 3526 1363 3527 1924
4  277  278  672  674
4 3068  837  838  839
4 1084 3164 1043 3831
4 3842 1125 1014  761
4 4157 2554 1832 2556
4 2974 3717  488 4022
4 2667 4054 3126 1044
4 2495 1772 2496 1775
4  494  239 1986 1033
4  807  267  804 3574
4 4582 2206 1964   67
4 2770  822  821 1504
4 1808 4275 2429 1957
4 3052 1863 1204  881
4 4940 4202 3889  793
4 1775 4618 1252 1165
4 3370 1014 3619 1011
4 2439 4131 1188 2440
4 1631 4846  952 3602
4 2812 4236 2266 2810
4 2148  320 2149  730
4 2441 3099 2965 2275
4  862 3001 2045 4500
4 2738 4657 2756 4658
4 2205 1508 4645 1067
4 3113 2871  284 5081
4 2693   56    2 1285
4  188  186  551  553
4 2177 4572 2198 2199
4 2899 2898 3024 2297
4  768 4625  411  770
4  675  672  912 1078
4 2433 2331 2371 1592
4 2848 4050 5114 1235
4 4803  632  631 1212
4 2393  843  842  845
4 2795 2136 1219 1221
4  761  760 1959 5075
4  914  915 4524  916
4 2834  806 1518 3062
4  343 2055 1801 1799
4 3357 3341 2433 3471
4 2547 4986 3411  327
4 4955   62  264 3634
4 4364 3706 2363 2481
4 3109 3901 1598 3605
4 2529 2552  793 2349
4 1631 3849  196  831
4 1011  823 1419 3528
4 2022 1260 1469  616
4 4225 2063 4460 2522
4 1873 3583 2821 1872
4   94  361  890  887
4  733 1436  651  650
4 4940 4571 3615  793
4 3743 3003 3810 3471
4  889 1872 1874 2822
4 4276 2439 1188 2440
4 1818 1817 4543 4903
4  671 4836  190  670
4 1267 2590 2222 4128
4 4209 3649 4109 3246
4  635  532  636  533
4 4958 5048 4319 1994
4  274 3560 1029 1028
4  759 4163  761 2755
4 4048 4840 2818 3242
4  308  307   47   44
4 1657 1656 3743 3471
4 3885 4866 4999 4634
4   53  679  682   52
4 3924 3727 4266  460
4 2119  711  712 2171
4 1699 1698 1880 1831
4 4002 2139 2138 3059
4 1235 5114 5092 4050
4  498 4977  497  495
4  794 1396 2506 3451
4 2673 3863 2422 2829
4 4988 5043 2796  115
4 2287 1879  817 1427
4 1828  430  748 3514
4  883  175  882  902
4 1188 3490 2735 1609
4 1227 1712 1711 3437
4 2690 3972 1943 2707
4 1265 1748 1749 1746
4 3559 1014  824 3919
4 4481 1933 1934  141
4  848 2356  847 2592
4 1982 3911    6 4481
4  413 1253 1166 1068
4  272 1359 1270  271
4 3358 1460 2161 4404
4 3812 4673 2317 4808
4 3366 4259  547 3074
4 1652 4685 4891 1654
4 4705 4808 4673 3812
4 3139 4828  514 1532
4 1018 4717 4652 4650
4 1248 1249 1791 1250
4 1011  824 1419  823
4 1011 3201 3528 4938
4 1916 4352 4807 4442
4 1497   89 2899 2898
4 3114  329 3701 1340
4 4489  855  856  857
4  280  278  332 1078
4 1566 3996 2213 2076
4 4904 5079 4771 2429
4 3067 3690 3691 4479
4 3284 3858 3283 2164
4 2184 3096 2185 2187
4 1333 1335 3144 1336
4 1810 4560 3244 5028
4 2751  325  737 2073
4 1731 5047    9   77
4 3601 4298 4541 3753
4 1547 1766 5009 1546
4 1152 4422 4378 1149
4 1908 2974 1306 3352
4 1545 1543 1544  180
4 3711 3185  529  942
4  150  198  149  148
4 2396  277  279 2457
4 1839 1544 1399 1543
4 2904 3804 1845 2901
4 2480 1023 1091 2479
4 4254 4894 3314  958
4 3688 3776  133 3432
4 1527 1769 1651 1079
4 3634 1088 1267 3320
4  245  996  248 1867
4 2085  885  913 2235
4  986  988   57   56
4 1203 3796 2143 2401
4 3832 3959  822 4157
4  806  269 1171 3247
4 1431 3771 2572  391
4 3376 4071 2100 1408
4 2142 2620 2468 2516
4  403  499  941  500
4 2259 1215  954 1323
4 1235 5114 2847 2298
4 4898 3790 2041  128
4 3927 2334 2335 2130
4  952 4253 4628 3602
4 5100 1893 1891 2279
4  958  956  415  829
4 3254 3556 2368  292
4 1577 2617 2453 3689
4  174 4144  171  172
4 1818 1009 1817 4903
4 2751 1812  736 3252
4 5036 2986 5000 2987
4  147  144 3904 4957
4 1159  832 1102 1758
4 2404 2403  617 4316
4  661 3581 1658 3053
4 3374 2164 2163 3284
4 1599 1598 2047 2048
4 1849 1850 3976 3829
4  775 1108  414  773
4  418 3296 3739 4065
4  546 3245 3097 2226
4 2256 1512  403 1510
4 1764 1207 1208  721
4  300  297 2744  299
4  598 1466  599 1467
4 1753 3259 3261 1301
4 1638 2207 2358 1637
4 2592 3926  865 3119
4 4791  404  382  705
4 3904 1763 1762  147
4 2848 5114 2847 1235
4 1467 3110 2559 4664
4 1234 1236 2847 1235
4  743 2733 2734 2301
4 2135 1276 1251 3257
4  960  169  143 3959
4 2369 3403 2990 1297
4  147 4765  146  144
4 3242 4141 3470 4048
4 1998 2299  570 2023
4 2432 1594 1184 1183
4 1529 4447 4948 1531
4 1076 4684 4809 3811
4  214  215  746  747
4 2516 1204 2468 1202
4 3994 4249 4103 4102
4 1405 4430 4572 3597
4 1102 3849 1099 1758
4  869  868 2734  870
4 2697 1785  261 3235
4 3670 2587  762 4125
4 2983 3291 2107 2875
4 3634  354 4956 4955
4  416 4437  828 4290
4 1550 1551 3210 4190
4 4348 4198 3662 2739
4 4190 1551 2643 3420
4 3634 3320 1267 3321
4 2795 4988 4906 4882
4 4753 4160 4728  427
4 1593 1592 3340 1552
4 1657 1585 1656 2592
4 2186 2184  316 4733
4 4816 4860 3821 3030
4 3885  222  225 2458
4 1943  711  819 2119
4 2372  257  258  551
4 4579 5100 3276  161
4 1557  422 2534 1554
4  882  278  674 1078
4 2027 2028 2941 2992
4 4418 3138 4237 2267
4 1277 5087 4939 4038
4 1891 1893 5015 1892
4 2249 4061   95  891
4 1962  732 2452 2765
4 1400 4487  856 4488
4 2260  361 2262 3483
4  250 2743 2296  902
4 5100 1893 5015 1891
4 3003 1718  887  891
4 1752 4034 1843 1751
4  507  600  276  220
4 3635 5115 3651 2023
4  833 4108 3250 2950
4 3672  817  818 3674
4 2766 3972 1821 1943
4  955 4627  954 2258
4 3715  684  687 2499
4 3780 1015  857 4485
4  560 2541 4003 4101
4 3377 2100  908 1408
4 3644 3342 2857 1382
4 1869  689  690 3886
4 3343 3981 3342 1119
4 4527  918  921 4405
4 4400 4797 3664 1616
4 2166 2165 5008 2164
4 3445  875 4036 2166
4 4180 1283 2693 1285
4 1934 1932 1933 1286
4 4957 4896 3904  147
4 2166 3669 2163 3373
4 4981 2599 2600  531
4 1011 1542  825 4343
4 4955  264 3633 3634
4  257  255 2022 3655
4 3668 1743 2709 3786
4  754 1312 2292 4253
4 1069 1068 1253  413
4 2700 2497   19 2566
4 3372 3576 4687 1815
4 4313  676  677  348
4 3175  316 1655 1338
4 1442 1440   31  864
4 3415 3417 4399 1586
4  976 4316 2193 2403
4 2745  614  138  132
4 1250 1275 3462 1248
4 3310 3309 4691 2020
4  258 1469 2022  255
4 1904 3905 1698 2779
4 3945 4700 3115 4604
4 4137 3265 1857  226
4 1931 4831 1932 4774
4 3943  752 3696  751
4  505  219 1829 2304
4 1994 1993 3588 4556
4  953  952  954 2969
4 1948 3425 3426 3477
4 2668 2779 1832 3452
4  145 3643  723 4052
4  624 2392  845 4754
4  188 3670 2734  762
4 2718 1289 2712 4291
4 5048  372 4319 1994
4 4152 2564 2987  282
4 2165 3669 2163 2166
4  539  541 3305 2140
4 2829 2158 1492 3818
4 3358 2162  925  268
4 1125 4666 1124 4206
4 1767 5009 3326 1547
4 2140 2970 3305  539
4 2976 2800 2726 3236
4  539 3304 2842 2970
4  887   94 3215  864
4  539 3305 3304 2970
4  864 1440   94 3215
4 2565 2351  340  337
4 2788 2787 4667 5025
4 2197  869  870  867
4 1480 2397 4688 1940
4  550  549  656 5030
4 2031 4771 2429 4643
4  316 1337  546 1339
4 2689  797 5040 1342
4 1734 4867 1736 4027
4 2525 3156 1152 3332
4 3370 1679  824  825
4 4647 1803 3166 2274
4 5036 4152 2987 3858
4 1590 1137 1589  724
4   63 1022 2424 4332
4 1883 1024 2948 1884
4 1018 1015  857 4717
4 3375  957  827  959
4 1815 3372 3576 1642
4 2357 3965 3385  538
4 2318 4533 2488 4683
4 4158 4503 4082 3851
4  930  929  928 2868
4  482 4353 4967  877
4 4294 4387 3754  601
4 1021 1878 2051  681
4 3621 4254 1503 2144
4 1409  637 1841  589
4  960 1111 1981  141
4 1592 3581 1316 1594
4 5073 3504 1372  788
4 1207 4480 4534 1205
4  649  294 2900 3337
4  606 2055 1244 4100
4 1202 1386 1639 1387
4   47   45 3699   44
4 4248 3627 1902 3869
4 4062 2725 4564 2726
4 1286 2170 4562 1288
4 2351 1925 3653  339
4  109 1961 1846 1963
4 1971 4265  460 3923
4 3238 1728 5047 1731
4    3 3163    2 1569
4 1466   32 1468 1467
4 4588 3308 3307 3310
4 2515 2514 3456 2513
4   13 2785 1031 3476
4  895  780  782 3841
4 2247 1175 1177 3694
4 3943 4812  808 4219
4 3940 3196  459 2697
4 1585 1656 3743 1657
4 1142 3412  671 1159
4  989  284 1061 3113
4  255 3651  963 3635
4   81 1727  554 1371
4  563 1838 4764 3218
4 2400 2666 2397 4688
4 1687  907 2412 2411
4 3188 3019 3601  312
4  963  962  961  567
4  229 1293 1379 1894
4 1043 2910 1006 3414
4 3148 2090 1204 1335
4 3654 2175  257 2699
4  553 1856  187  186
4 3526 2481 1363 3707
4  124 1446  112 2532
4   87   85 1756   84
4 2300 3888 2710  616
4  744  742  743 2301
4  673  277  674 3816
4 4958 1993 5048 1994
4 1155 2649 4268 2540
4 2020 4691 3310 2021
4 1571 2693 2141 4991
4 3696 4857 4790 3088
4 2610  186 1063 1062
4 4335  183 2942 2327
4  763 3057 2658 1743
4 3834 4787 4014 4205
4  560 2540 3075 3472
4 1888  755  756 3322
4 1218 1217  898 1454
4 4519 3214 1560 3391
4 3342 3934 4936 4759
4 3689  629  270 1577
4 1388 2835 3861 3862
4 4709 4857 4589 1105
4 1480 1479  695 4688
4 2585 4224 3281 3313
4 3752 3753 4298 3601
4 1525 1024 1672 2823
4 1971 2764  301  304
4 4839 4840 3241 3242
4 3012 2182 1470  963
4 4138 1496   89 1497
4 1497 1496   89 2297
4 3770 3881 1601 3026
4 3943  751 3696 3695
4  891   95  887 4061
4 3205 3204 2455 3203
4 2166 3669 2899 3445
4  705 4793  781 4791
4  724 3555 3556 1136
4 2661 3333 2660 4974
4 1067 2197   27  187
4 2271 2824 1525 1523
4  144 3037  145  147
4 5041 3374  868 2734
4  652 2453  651  650
4 1553 1552 1184 1185
4 3130 3334 3965 2357
4 1412 3150 2084 2041
4 1271 3821 3067 3277
4 2547  327  328 1341
4 3860 4026 4823 3859
4 4320 2161  562 3925
4 3332 2201 1486 1487
4 1835   56    2 1833
4 1634 1633 1631 2886
4 3026 3770 3881 4391
4 2755  761 4165 4163
4 2964  394 2072 2274
4 3626 4563 3627   41
4 3563 2614 1995 1343
4 5053 5086 3261 1424
4 4840 4141 3241 3242
4 1382 3729 3934 4171
4 1775 2496 5085 1772
4 2028 4255 1296 1294
4 1222 1722 1219  446
4 3836  826 3580  364
4 4574 3365  610  900
4  603  276 1930  507
4 1610  198  150  148
4 3881  593   73  594
4  531 4427 2600 4981
4 3944 4151 1056  305
4 3655 4917 2022  257
4 4404 1460 2000 1169
4 2662 2981 2983   17
4 3580 4997 3966 4040
4 2615 1500 4324 3017
4 1564 3014  812 1566
4  825 1520  823 4067
4 4154 4033  700 2522
4 4803 4802 4267 3577
4 1252 1142 1215 1160
4 2180 4807 2181 1916
4 2490 5104 1270 3154
4 3241 3987  421 4458
4  493   86   87  494
4 2697  261  459 4511
4 2565  337  340 3720
4 2432  945 1657 1585
4 3812 4705 4808 3809
4 2238 3225 4255 4345
4 5099 4776  465 2120
4 5078 2657 2832 3289
4 4939  386 3212 4624
4 2172 5099 2120 4419
4 1449 1448 3467 2230
4 3849  196 1102 1631
4 4925 2060 2534 3544
4 2130 3951 2129 3209
4 1367  314  937 1596
4 1755 4183   85 2776
4 3700 1858 2511 3709
4 1235 5018 5092 5114
4 1043 1042 1477 1041
4 4779 5099  465 2715
4 4611 1444  317  319
4 1928 3630  275  455
4 1024 2423 2948 1525
4 4382 3513 2524 1829
4 2666  372 2400 2663
4  793 4202 3615 4940
4 3161    0 4980    3
4 3120 1440 1441 2295
4 1759 4274 4116 2042
4 2502 2635 1208 2220
4  250 3539  242 1730
4 1783  385 1781 1332
4 2934 2075 3215 2294
4 2154 2153 2129 3251
4 4358 1907 4303 4301
4 4137 1484  226 2471
4 1965 4560 3244  935
4 3156 2520 3332 2519
4 1355 1928  509  510
4 1839  433 1666 5033
4  682  779 2051 1021
4 4360 1293  813 1290
4 1983 3429  200 3047
4 4715 3767 3661 3046
4 2458  223  222  225
4 1831 4713 3758 1904
4 1575 1573 1576  696
4  187 2939 2197   27
4  342 1800  367  365
4 4045 1991 4044  565
4 3868 2487 1164 3869
4 1354 1353 1351 1319
4 2295 2853 3446 3386
4 3233  586 1841 4022
4 2052 2053 3037  722
4 1585 1586   72   75
4 3725 2923 2264 2738
4 4155 4919 4154  700
4  723 3643 1308 4053
4 4295 4167 4748 1176
4 1462  816  899 1459
4  671  196 2010 1214
4  375  372  373 5048
4 3337  169 2556  649
4 3170 4133 2846 4118
4 3780 4488  856 4489
4  932  935 1084  442
4 1505 1507 1060 1508
4 2949 3193 1961 3851
4 4130 3367 4610  547
4 3363 4841 2251 2254
4 1134  564 4044 2454
4 2183 2682 2950  216
4 1914 1097 5063  764
4 2758 1385   35 1280
4 1770 1769 2844 1527
4 2690 1944 1232 3494
4 1864 2715 2171 2706
4 2681 2682 2683  216
4 2676 3072 2154 3091
4 3094 3093 2233 1302
4  816  817  818 3672
4  698 1926 4730  699
4 3409 4646 2774 4559
4  911 3241 3242 4839
4    3 3161 1606 1707
4  472 1814  480 2125
4 4037 2557 1780 1278
4 3317 4541  983 4267
4 2835 2321 4529 4868
4 2130 2129 2492 3209
4  559 1942 3886 1697
4 4606 1881 4854 4157
4 3753  633 3317  634
4 4941  106  105 3580
4 4601 4525  767  577
4 1920 4760  805 2816
4 2107 3109 3291 2105
4 1595 3166 2274  395
4  544 4613 2379 2380
4 3310 3792  726 3308
4 4744 1064 4745 1065
4 1609 3963 1608 1188
4 5096 2423 1672 3065
4  465 2120 2171 2172
4 4736 3057  328 2659
4  613 4312 3176 3210
4 1771 2866 1770 1768
4   34   33 1468   35
4 2204 1487 3564 2203
4 3034 2866 3481 1952
4 4234 4235 1228 2669
4 4521 4630 3166 2342
4   67 1964 1723 2206
4  857 1015 1456 4485
4 3370 1679  764  824
4 2279 1893 2021 3765
4 3925 1460 1910 4404
4 2149 2148 3686 4477
4 4128 2590 2591 1090
4 3295 1616 3294 3664
4 1189 3567 4102 3994
4 3764 3125 3603  208
4 1416 3766 1417  186
4  940 4719 4769  941
4 3079 3480 3168 2445
4  433 4135 5033  432
4 2693 1283 4922 3369
4 1104 2691 1211 4136
4 2230 1448 3467  109
4 2981 4668 1512   17
4 1172 2452 2765 1174
4 3820 2323 1881  205
4 3607  540  573 3465
4 1970 1235 1969 1233
4 3888 2661  351  352
4 1176 4167 4341 3535
4 4781 3551 4865 3506
4 3840 1255 4934  809
4  292  974 2368  290
4  723 1118 1140 3644
4 1845 1962 2453 4055
4  971  151 1065  150
4  613 3176 5062  614
4  308 1782 1278 1781
4 2568 4397 3614 3183
4 3835 1227  935 1084
4 1578  470 3698 2493
4 4641   65 2146 3750
4 4551 1704 3589 1450
4 2950 3250 4449 4108
4  847 3581 1316  735
4 2210 1814 2126 2125
4 2443 3250   42  879
4 3340  791  793  794
4 2264 2921 2923 3725
4 2707 1943 1944  713
4 2119  168  143 2120
4 2812 1446  111 3784
4 4973 3086 3540 3539
4 1382 3342 2857 3934
4 2401 2143 1203 1054
4 2467 2619 1862 2468
4  398 1257 2661 2631
4 1307 2602 1306 1304
4  410 3987  409  407
4 2643  110  183  519
4 1314 1085  917 1087
4  218 4256 3714 3713
4 2087 3814 3813 1247
4 4282 5045 3507  197
4 1596 2342  937 1595
4 3675 2484 2687 2485
4 4801 4800 1701 1242
4 1920 4761 3964 3713
4  872 1588 2220  874
4 1791 2359 2068 2066
4 3019  311 2481 3020
4 1920 3714 1517 4761
4 4881 1221 2136 2795
4  866  863   31  927
4 4761 3964 2816 1920
4  258 1469  617  616
4 3925 1460  922 1458
4 3835 1227 1228  935
4  448   54  447   53
4 1324 5072 4939  897
4  104  446 4405 1219
4  227 2173 1293 1894
4 3030 4860 4795 4816
4 2468 2142 1054 2143
4 3465 3466  573 3607
4   53 2621  681 3773
4 3856  681 1019 2000
4 3029 1274 4860 3030
4  842 3795 2393 2392
4 3029 4860 3028 3030
4 3512 2524 1828  602
4 1866  585 1865  583
4 4587 4112 2902 2464
4 1630 3824 2215 3356
4  117  119 1199  120
4 3854  607  688 4078
4  909 2976  696  678
4 3359 2685 1745 4606
4 3632 4295 3263 4301
4 5036 4152 2564 2987
4  446 1219 3170 4134
4 2556 3337 2900 2554
4 4037  153 4031 1278
4 4332   63 1023 2169
4 2904 3776  133 3688
4  223 1708  225 2460
4  834 2079 1303 1750
4 2791 4149 5060 4818
4  409  407 3987 4388
4  765 2181  764  763
4 1256 2240 3076  775
4 1468 4880 4951 1996
4 1810  935 2778 1968
4 1401 1793 1400 1105
4 2152 3738 4065 4021
4 2692 3156 3521 1151
4  575 1141  332  641
4 1141 2316 3545 2315
4 2966 2991 1760 2681
4 3869 2487 1329 3868
4  583 1866  585 3977
4 4670 3895 3742 4640
4 2946 2506 3451 1719
4 1513  402 2256  403
4 1353 5066 3716 1537
4 1626 2536 1429 2446
4  376 2113 4670 3895
4 3251 3391 2153 2127
4 3675 2486 3676 2484
4 3442 3658 3524 4448
4  480  473 2839 3124
4 1374 2622 1372 4169
4  368 2524 3844  370
4 4844 2461 4691 2080
4  697 1540  910 2542
4  158 1449 2230  521
4 1204 1863 1203  881
4  606 1244  605 2087
4 4292 1977 1774 1143
4 1902 3625 3626 1901
4 4458 4141  421 3241
4 4742 4814 2251 2253
4  765 4655 3057 4714
4 3701 4127  326 2716
4 4855 3692 1177 3694
4 1330 1812 2126  736
4  736 4687 1815  324
4  403  499 2865 4308
4  479  622  842  624
4 3824 2485 2788 5059
4 3448 3450 2411  350
4  376 2113 3895 2114
4  866  926 1379 1894
4 1493 4779 4776  466
4 3514 2623 3512  602
4 2947 2946 3451 1719
4  739 1457 1949 1455
4  399 3377 2100 3888
4 3243 1810 2778 1968
4 3117  596 1997  599
4 2973 3926 1587 3027
4 4628 2967  952  955
4 2797 4576  892  231
4 1066 1151  151 2228
4  494 2151 2152 2373
4 2085  674  885 2672
4  497 4660  496  495
4 1158 1320 1102 1159
4 2480 3848 3791 4695
4  546  545 2379  544
4 2480 2646 3791 3848
4 1650  993 2506 2825
4 2242 2244   24 1617
4  926  476 1559 3850
4 4010 1478 4011 1695
4 3417 4399 1586   72
4 4433 2145   67 3750
4 2690 4127 1232 2716
4 1090 3876 1089 2641
4 4768 2257  402  941
4 3508 2409 3733 4168
4 3252 4687 1812  736
4  901 3580 2742  435
4 4737 3510 4962 1704
4 1104 2691 2567 3183
4  879 2352  161  162
4 3184 2001 2591 2004
4 2315 2314 2881 2882
4 2308  914  916  622
4  877 3932 4967  482
4 3649 4635 2572 3736
4  421  409 3241  422
4 1615   25 1617 2089
4 2341 2340 4757 4064
4 4623 3300 1682 2697
4 1720  754 1085 1087
4 5092 3167 2517 1235
4 3688 2453 2993 2452
4  560 3574 2161 4268
4 3847 4128 3876 1090
4 3436 2681 2990 3894
4 3649 2572 1654 3736
4  722 1588 2220 2052
4 2491  272  273  424
4  549 1955 2383 1957
4  691  693 3470  497
4 3176 1550 1551 3210
4 1915 1098 1916 2977
4 2204 2777 3332 2201
4 3580  106  826 4941
4 3377  908 2710 3233
4    3 3984 4980 2971
4 4941 3836  826 3580
4 1946 2252 2253 4742
4  568 1998 3801  570
4  878 3858 2166 3874
4 1343 2614 3851 4711
4 4114 4750  426  427
4  909  676  348  678
4 2296 1572  902  641
4 1570 4662  987 4923
4 3903 4654 4124 2976
4 3688 4055 2903 1845
4 2444 1526  501 2235
4 3835 4235 4560 1228
4 3784 4961 1446  111
4  935  933 3778  932
4 1442   31  478  866
4 4876 4212 3474 4213
4 1569  198  199 1570
4 4779 5099 4776  465
4  332 3399  575  330
4 3923 3230  460 1971
4 4038 3606 5087 4939
4 3498 4508 2342 4509
4 1556 1098 1557 3371
4 1242 4467 1701 4801
4 2141 2955    3 2971
4 4236 4711 4158 3851
4 4451 4684 3003 3811
4 1756 2151 2160 3137
4 4004 3997   65 1032
4 4604 3213 4700 3115
4  761 3842 1125 1124
4 1776 1194 1197 1532
4  320 3781  981  980
4 3743 4061 1077 3003
4 1854   56 1002 1299
4  807 4770  806 4404
4 2141 1606    3 1569
4 2294 2814 3482 2813
4 2949 2266 2812 4236
4 2379 2380 1337  546
4 3988 3863 2606 3941
4 4939 5087 5072 3606
4  840 2930  837 2929
4 1172 1346 3476  745
4 4759 3981 4936 3342
4 2813 4985 3482 2687
4 2860 1261  870 3050
4 3342 4936 1763 4593
4 1581 3319 5034 3272
4 1160 4292 1143 1157
4 3846 2928 2930 2931
4 4120  492 1565 3170
4 2857 3934 3342 4456
4 2390 2387 2388  352
4 1390 2413 3738  520
4 2391 4420 3257 2254
4 5054 4244 2850 2025
4  557  558  267 1465
4  733 1435 1437 3563
4   51   49 3335 4321
4  522 3499 1873 4819
4 3521  729  151 1149
4 2426 1435 2425 1436
4 4948 3595 1006 1531
4 2971 4980    3 2141
4    1 1833 1834    2
4  501 2568  861 3078
4 3391 2127 4519 3409
4  416 4272 4437 4290
4 3443 1939  347 2726
4 3084 1791 3462 1248
4  808  809  810 1913
4 3665 2175 4933 3046
4 1178 1175 2974 3717
4 1379  926  478  476
4 3860 3531 4027 4557
4  313  316  546 1339
4 3075 3301 2539 2975
4 1536  816 1537 3918
4 3027 3131 1587 2973
4 2276 1803 2274 1802
4  624 4754 2922 4156
4   59 5032   56   57
4 1828  748 3513 3514
4 2482  940 4592 4886
4 2578 1238 2875 1237
4 4069 1769 1771 1079
4 2723 2725 4401 2726
4 2463 2080 2903 2464
4 1193  561  924  923
4 2750 3912 3130 1367
4 3470 4472  421 4328
4 3242 4840 4141 4048
4 4501 4502 1532 1535
4 1072  448 4700 1073
4 1165 5085 1774 1775
4 2758 1582 1384 4531
4 5096  524 2132 2423
4  519  522 2792 2686
4 3800 1418 1014 3801
4  877  875 2652  876
4 1914 3268 4807 1916
4  792  791  793 3889
4 1854   56    2 2693
4 3871   40 2331 1164
4 4505 3684 4287 3685
4  312 3281 2938  310
4  954 2010 3100 2008
4  891 2249 3348 3349
4 2662 4888   17 2107
4  732 1735 1489 2109
4  155 4513  152 1277
4  825 1679 1542 3370
4 3871 2331  216 2681
4   63 2425 2424   61
4 4529 2835  662   14
4 3131 3881 2014 4366
4 1131 3795 3599 2070
4  594  593 4365 3881
4 2447 2870 2578 2576
4 3584 2013 4193   74
4 1248 2391 2683 2272
4 1063 1062 1061 2593
4  756  194 3324  754
4  564 1223 3579 4045
4 2460 1708 1638  223
4 3574  804 4268 1155
4  369 1151 3844 2525
4 2882 3240 3517 2315
4 1526 1122  501 1106
4  941  401  402 4768
4 1050 2291 1049  945
4 1129 3207 4005 3206
4  243 4547  241  176
4 2491 2626 2627  424
4 2290 3150 1761 2041
4 1063 4648 2987 4920
4 1218 3672 1354  816
4 4668 1511 1512   19
4 5026 1284 1285   59
4  383 3567 3685 3683
4 3461 1616 3295 4797
4 2019 3562 2021 2233
4 2554 1831 3278 1699
4 2412 1685 2323 1842
4 2698 4420  931 3257
4 1999 1259 1260 2023
4 1960 4925 4278 2060
4 3527 1921 1923 1924
4 2394 5091 1081 1082
4 1907 1908 4358 1909
4  504 2524 3844  503
4 1883  916  474 1025
4 1880 2554 1832 4157
4 1071 1072 4439 1073
4 3452 3587  167  287
4 1073 4439 4700 1072
4 4354 4591 4850 3431
4   30 2237   31  927
4  138  614 3210  613
4 4250  980 2148  320
4 2755 4165 3559 3558
4 4437  828 3620  416
4 4810 5116 2406  550
4  244 2817 3737  242
4 3242 3902 2818 2819
4 4149 4615 4150 3508
4 3517 2881 4440 2882
4 1527  975  974 3034
4  239 2205   27 1067
4 1298 2871  284 2874
4 3086 3539 2744   78
4 3242 4839 4840 5095
4 3347 4228  676  693
4  687 4594  686 4595
4 2877 4943 2876 4942
4  426  425 4750 4978
4   50 1878 2050   51
4 2120 4776  466  789
4 4602 4900 4024 3074
4   73  594  595 3584
4 1683 3843 1891 1684
4 4358  448 3945 4357
4 3602 4846 4342 1631
4 2874 2871 3113 3112
4 1076 4528 3348 1077
4 1566 2076 2213 3962
4 1851 2399 3587 3701
4 2458  222 4999 3885
4 4893 2153 2129 2154
4 1894  229 1293  227
4  327 2684 2685 2770
4 2499  530 2500 2047
4 3924 2908 2910  460
4 4209 4969 1714 2510
4 1945 2253  412 4420
4  603  600  220  369
4 1919 1918  664 1917
4 3246 3872  316 3245
4 1483 3273 1484  228
4 4237 2267 1727  554
4 2328 2326 4961 1741
4  107  106 1830  108
4 4116 4752 4274 4273
4 1703  522 1717 4835
4 3273 4017 3265  229
4 5025 4834 3356 3824
4 3652 2189 2188  726
4  628  626   61   62
4 4554 5026 1285   59
4  375 2400 2666  372
4 1451 1033 1565 1036
4  890   92   95 1121
4 3146 2055 3067 1801
4 1097 4714 5063  765
4 4192 5078  977 3289
4  452 2614 1365  449
4  426 2409  655 3819
4  809 1255  127 3840
4 2929 2930 2931  840
4 2261  360 2838 2262
4 2388 3888 2300  351
4 2474 2335 2130 3212
4 1121 2248   95  890
4 3026 4366 2451 3881
4 2791 3074 3508 4149
4 1078  912  674  884
4 1552  794  792  236
4 3427 3428 2514 2900
4  859  860 3168  861
4 1829 2524 1828 3513
4 4643 2029 2383 2031
4 3632 4167 2815 4295
4  188 3670  762 4125
4 2575 3910    7 4063
4 1278  153 4039 4037
4  583 1950 3611  785
4 3042 4051 4991 1571
4  399 3888  398  616
4 2269  102 1727  101
4  484  482 4680  481
4 3952 4624 3212 2335
4  707 2209 1716 1603
4 1812 1815 2126  736
4 1621 1827 4786 4029
4  636 1686 2511 1858
4 2402 3701 2398 1851
4  662 1388  820  661
4 2234 1912 1913 3943
4   78 3181   76 3199
4  705  382  781  780
4 2035 2033 1826 2032
4 1607 5070  313 4833
4 3743 3810 3341 3471
4 1369 1641 1370 1371
4 1683 2232 3843 3432
4 1685 3700 1882  533
4 2978 4183 1755 4486
4 4273 1296 4116 2238
4 1662 4287 3685 2149
4 3632  805  806 4770
4  351 2388  350 3448
4 1969 1233 2922  479
4 2183 1438 4859 2950
4 3689 2617 2453 3688
4 2519 1367 2358  938
4  362   92  361  890
4 1143 1977 1774 1252
4 4367 2930 4014  840
4 1281 1385 1384 1280
4 3351 1536   38 3447
4 1493 4779  465  880
4 4486 2484 1755 2978
4  228 3273 1292 1483
4 3670 2587 1497  762
4  519  110 2942 4335
4 3470 4330  421  419
4 3527 1360 4306 4755
4 3590  994 2946 3591
4 1429 5077 4800 1430
4 4346  785 1133 1210
4 1115 4976 1114 1113
4  856 4487  855 4489
4 1831 1535 3278 1699
4 1872 4678 3005 1873
4 1788 4488 1399  856
4 3750 2077 2528 2526
4 2861 5041  868 3283
4 1535 4558 1197 1905
4 1089 2641 3876 3875
4 1208 4849 2501 2502
4  687 4595 3967 4089
4  207 3062  208  209
4 3780 1456  177 1787
4 2715 2714 1862 1677
4 1571 4922 4991 3042
4  984 1912 3317 3943
4 1695 3867 1477 4011
4 2116 4932 2115   18
4  208 1425  206 3764
4 3132 3957 1713 3662
4  802 2520 2274  537
4 2743 3556 1311  292
4 2168 1094 2169 1093
4 1460 1170 1461 1462
4 1878 1875 1876   49
4 2879 3492 3444  174
4 4394 1635  966 3995
4 1652 4891 2184 1654
4 4705 4533 3615 2317
4 3581 1316 1594  847
4 1625 1429 1242 1626
4  831  195  668  196
4 2056 5003 2667   29
4 1340 4127 1342 3701
4 1575 2723 1576 3829
4 2005 1423 1424 2319
4 2151 4021 3738 2152
4 4882 2136 3021 2795
4  565 2137 2138 3757
4 2973 3251 1980 1979
4 4162 4012 4313  677
4  636  534  532 2773
4  513  514 1532  708
4 1205 4783 4534 1207
4  890  362 1121 3582
4   74 4193  490 2013
4 4449 4108 3250 2350
4  684  500 2482 2442
4 4125  551  762  188
4 2718 4429 1289 4383
4 4933  551 2176  552
4 4168 4159 2409 3733
4 2026 3412  671 2941
4 2014  594   73 3584
4 1626 1238 2536 2446
4  552 4518 4933 3768
4 4881 4882 4989 2795
4  894 1783 3658  893
4 1297 2990 1329 2681
4  973  975  300  364
4  268  267  269 1171
4 1240 1117 1118 1119
4  218 1463 4256 3713
4 3589  110  111  109
4  662  660 2835 1388
4 1897  358 3538 1896
4    2 4965 3163    1
4 1220 3407 4470  104
4 4444 4577  532  531
4 1722 4134 1219  446
4  674  882  884  885
4  157  158  159  521
4 4343 4805 4499 1542
4 2832 2972 2659 2657
4 1542 4805 1541 4343
4 4022 3232 1591 4028
4   44   46 4778  307
4 1651  975  974 1527
4 1542 4492 4499 4343
4 3897  490  491 1732
4 2916 3051 2380 3877
4 4939 3606 5072 1324
4 2536 2446 1238 2578
4 4668 4888   16   17
4 3483 2293 2294 2295
4 1678 4181 2037 1386
4 2582 4696 4033 4884
4 1997 3117 5011 1413
4  108 3086 1830  107
4  521 1449 2079  158
4  791 4875 5046 2782
4 1918 3912 4852 1367
4 1030 1028 1029 3518
4 1714 1713 2264 1716
4 3615 4202 4705 4571
4   63 1436  628  650
4 4561 1982 1981 4481
4 3341 2552 2349 1593
4  754  952  194 3324
4  452  449 1366  451
4 2977 4047 3544 3370
4 2210 2915 2265 2209
4 5071 5070  313 1607
4 3154 2345 1268 1270
4 4862  543  546 2225
4  724 4053 1308 3011
4   32 1468 1467 1897
4 1036 3009 1032 3998
4 3294 3664 4699 4796
4 5091 4307 3974 2394
4 2394 4307 3974 4277
4  957  956  827  959
4   11 2817 4002 4000
4  494  492 1565 4120
4 1645 3983 4346 1210
4 1826 3648 2720 2721
4 1277  155 4039  153
4 1831 2668 2779 1832
4 5048  372 1994  375
4 1919 2748  213 3080
4  989  239 3741  991
4 1688 1690  330  332
4 4022  586  488 4786
4 3447 2674 1860 1021
4 1036 3169 1565 1451
4  167  166  286  165
4 2271 2991 2683 2681
4 1373  785  787  788
4 3131  491   75 1587
4 1614 2393 2655 3586
4 1242 4467 4800 1625
4  435 1398  901  883
4 1671 1674 1024 1672
4 1278 2557 4031 4037
4  725 4817 5029  727
4 1276 1248 2391 1414
4 2480 3791 2647 4864
4 2485 2788   87  493
4 3371 1679  764 3370
4 3471 1718 1656 3743
4 1897 3111  359   32
4 1698 3364 1880  900
4 2409 4753 4586 4114
4 2409 4159 2406 2407
4 2998 1518 2354 2834
4 1820 1502  821  967
4 1637 2207  224 1638
4  606 4216 2055 4100
4 1714 3878 1715 1716
4 2836 1259 4289 2022
4 2636 3037 1208 2220
4 1540 1481  910 1542
4 2682   42  216 3871
4 1221 1220 1219 4405
4  776 2270 2271 2272
4 1202 2223 1054 1384
4    1 1834    0    2
4 1745 2832 1744 1743
4 4117 1108 1256  775
4 3472 4775 3473 3949
4 1851 2399 1994 3587
4 5009 3326 1547 2283
4  750  749 2025 2024
4 1367 3130 2358  213
4  647  646 3428  649
4  616  398  399 1622
4 3173 1777 4455 1942
4 1246 4043 1245 5093
4  255 1469 1471 2372
4 5057 1249  928 1251
4 2479  650  117 2117
4 4333 2426 2424 2169
4 4106 2588 4138 5065
4 2466  817  818  815
4 3291 2105 3292 2104
4 2884 4186 2885 1002
4 1244 2054 1245 4185
4  758  760 1959  761
4 2939   25 1748 1265
4  423  270 1359  272
4 2481 4364  311  309
4 1754 2294 2687 2485
4 1971 1786 4266 4265
4 1718  889  522  520
4 4400 2775 1615 1617
4 2460  558 2418 2459
4 3678 1202 2827  881
4 2464 2080 2903 2232
4 2318 1561 1424 4907
4 2777 2520  538 2204
4  421  580 4472  851
4 1850 4688 2398 1940
4 3034  975 3481 1527
4 1510 1512  403  500
4 4539 3151 4288 3152
4 2207  211 2208  213
4 1112 3337  294 1110
4  697 1481  910 1540
4  987 2693   56 1853
4 2014 2012 4646 3585
4  985 4811  983 4298
4  969 3042 1571  971
4  481  482 3931  483
4 2454 2296 1572  902
4 1872 3583 4678 1873
4 2964 2441 2965 2275
4 2464 2462 2080 2461
4  649 3702  294  646
4 5052 3024 3669 2899
4 3448 2388 3668  351
4 1039 3699   47   45
4 2830 2831 4536 2431
4  903 3606 4269 1324
4 4827 4483 2273 1336
4  803  276  601  600
4 1649 4398 3867 4011
4 3193 4006 3784 3783
4  509  275 1928 3630
4  409 4498  408  407
4 3544 4246 4047 4279
4 2384 4544 1228 5089
4 1472 2314 1473 1134
4  815  817 2000 1169
4 4072 3512 3401 2524
4  435  433  434 1122
4 1920  806 1518  218
4 4496 1447 2081 1450
4 2254 3363  673 3362
4 3318 4204 4203 2044
4 5036 2988 2986 2987
4 3812 3615 2552 3339
4 1599 5038 1598 2048
4 2683 1146 2391 2183
4 3142 3410 3995 2091
4 3097 4050 4049 2848
4 2444 1438  684 2499
4  827  829  957 3375
4 4913 2331 2319 1423
4  762 2734  743 3670
4 1111 1982 1109 1112
4 1091 3847 1088 3826
4 4943 2876 2549 2877
4 1034 1033 1032 1036
4 1984 3685 2149  198
4 2370 3382 1329 3869
4 2446 1129 2598 2447
4 2829 1203 2828 4532
4 2378 1910 3352 2974
4 3960 4324  335 3072
4 4902 2599 4201 2601
4 3365  643 3708 4059
4  860 4308 2865  862
4 2758 4231 1384 1280
4 1654 3736 1431 4685
4 3011 4467 4053 1308
4  529 4296 2736 3185
4 3982 4475 3342 1119
4  157 4146 1718 3471
4 4993 2536 1429 1626
4  824  764  766 1679
4 2910 2909 3793 3044
4  167  286  287  644
4 4323 2237  478  927
4  198  200 2149 1984
4 1484  226 3265 4137
4 1565 4349 2845 4350
4  717 1732 3214  863
4 1764 1119 1207  721
4  497 4660  693 4162
4 1876 1877 2405 2289
4 4905  181 1545  243
4 2908 2909 3793 2910
4  227  226 3265  229
4 3031 1033 3030 4795
4  477  476  229 1379
4  933 3778 4016 2778
4 5065 3312 4639  964
4 4400 4457 1615 2089
4 4741  439 4283 1084
4 3909 1869 3473 3472
4 4994 2507 2517 2509
4 2060 2058 1959 1958
4  935  439  440 3835
4  493 2075 2906 2934
4 2675 3893 3090  899
4 4473 2381 4438 4252
4 1907  807 1178 1910
4 3247 4770 1909 4404
4 3359 3448  766 3114
4 1341 3808  326 2767
4 2751 1812  526 1330
4 3509 3698 1347 1640
4 5028 4305 3244 1810
4 4923 1282  988  987
4 2681 3382 1329 1297
4 2448 2450 2127 2451
4 3757 2137 3330  565
4 2282  228 2174 4361
4  660 2835 3420 4027
4 3233 1842 2892 4022
4  292 2579  974  290
4 1702 1844 1703 1450
4 3105 1661 3686 3103
4 2803 2802 4460 2118
4 2341 4630 3166  392
4  904 4415 1217  903
4 3040 3104 3105 1664
4 3786 2708 2710 3233
4 1059 1060  240  772
4  844  843  842 1883
4 1821  819 1943  713
4 2028 1760 2238 3076
4 1566 3013 2076 3962
4 3663 3294 3195 2373
4  470 1796 1635  468
4 1739 2493 1738  629
4  165  644  286  167
4 2034 2033 2831 2035
4 2623  943  601  602
4 3672 1352 1537 4725
4 1531 4177 1529 1530
4 3122 1441 2076 1629
4 1913  809  810  879
4 4337 4170 2854 2857
4 1297 3403 2989 1294
4 3414 2889 1006 1043
4 3155 1267  630 1270
4 2496 4618 4129 1215
4 1832  294 1112 3337
4 2309 2211 5113  623
4 1228 1710 1227 1712
4 3809 4570 3810 3812
4  743 3670 2734 2285
4 1564 4349 1563 1565
4 4118 2846 3170 4120
4 1112 1110  294 3827
4 3450 3703 2399  645
4 1571 2570 4922  969
4  682  680 2051 4417
4 4362 3978 4238 1094
4 1655 5055  315 4733
4  442  440 1084  439
4  598 4664 1466 1467
4 1863 3148 2171 3052
4  844  474  842  479
4 1742 1740 1445  184
4 3289  977  979 5078
4  676 4314 4228 3347
4 3354  587  588  586
4 3239 2099 2387 2101
4 2130 3927 2334 3282
4  261 4311 1789  262
4 2391 4420 2254 3816
4 3094 2021 2233 2019
4 3689  270  747 1577
4 1942  708  559 4003
4 4045 3081 1991  565
4 3182 2445 1670 3079
4 3068  735  838 3457
4 1695 1647 1477 3867
4 4290 3935  416 2414
4 1882  635 2892 1842
4 4395 4394 4530  966
4 1359  527 2950  423
4 3242  693 3470 1393
4  545 3958  663 4208
4  779 1020 1073 1306
4 4588  726  133 2017
4  956  415  827  417
4  728 1892 4740 4373
4 3893  896 1319  899
4 1687  907  638 1842
4 2279 2021   43 3765
4  934 3744 3164 1084
4  209 2621 4303 3286
4  137 5094  920 2159
4  764  765  766  173
4 2029 4473 3367 3368
4 4438 4473 3367 2029
4 4934 5049  161 1900
4 2882 4440 4044 2881
4 2561 3202 4263 2762
4 1900 4934 5049 1255
4 1754 2294 2485  493
4 1112 1109 1110  295
4 1419 3333 2661 4974
4 3483 4850 3482 2814
4 1251 3256  928 5057
4 3177 1698 3364 1696
4 4457 1615 2089 2404
4 1804 1456  177  178
4 4038 4037  515 1277
4 2269  708  102 1696
4 2464  133 3310 2232
4 1924 1363 3527 1360
4 4481 3910 4562 3911
4 1468 1895 1897   35
4  301 2764 1972  304
4 1969 5018 5113 2518
4 4604 4357 2246 3945
4  569  568 3801  570
4 2027 4282  191 4721
4 4349 2845 1563 1565
4 3790 1410 1412  128
4 4878 2196 4405  621
4 2712 1289 2402 2394
4 4960 1115 1116  331
4 1244 4216 4185 4100
4  552 3767 2722 3766
4 1684  726 3432 3843
4 1106 1122  501 2234
4  772 1059 1060   68
4  897 3212 2492 3069
4  581 4007 2534 2533
4  789 3381 4776  466
4 2957    2 1285 2693
4 1938 1936 1856 1935
4 1384 1052 4231 1051
4 3603 3287 4402 3125
4  682 2051 1019 1021
4 3151   91 4125 3152
4 1084  439 3438 4741
4  132  137 2159  129
4 5103 3122 1441 2076
4 1710 3192 5102 5089
4 1336 1204 1335 3148
4 3191 5102 1710 3192
4 4624  386 3212 2335
4 3187 3857 1628 1629
4 3790 3087 2039  858
4   45 1037   47 1039
4 2990 1327 3403 2369
4 4052 2483 4053  723
4  765 3267 4655 5063
4 2066 4872 3064 1791
4 2279  879  161 5049
4 1947  577  770  277
4 3724 4459 1392 3241
4 4913 1161   40 3493
4  349 2730 2661 2759
4  124 5062  123  121
4  126 4898 2007  128
4 3423 2921 1714 2264
4 2529  944 4806 2349
4 1292 1290 1293 4360
4 2839  474  480 1970
4 3786 2708 2709 2710
4 1050 4061 1047 1048
4  896 1325 3985  898
4 2403 2193  977 4192
4 1280 1052 4231 1384
4  956 3295  959  204
4 1414 1248 1275 1276
4 1596 4509  937 2342
4 4407 4741 4283 1084
4 2766 1821 2769 1943
4 2015  490 1733 4702
4 1389 2230 1174  112
4  204 3295  959   99
4 3172 2151 2414 3137
4 1848 1847 2193 3525
4  312 3019  311  309
4 2215 4667  492 4706
4 4224 3280 3281 2938
4 2663 2665 3449 2666
4 1248 1249 1251 2272
4  822  202 2633 2770
4 3759 1534 1533 1535
4  898 1319 1351 3985
4   81   82 1643 1371
4 1646 3867 1647 1649
4 3040 4927 3731 3730
4 4605  307   47 2551
4 3053  847 1658 2555
4  761 3842 3604 5024
4 3304 2842 4172  971
4 1553 2948 1719 1185
4 4477 1661 3686 2149
4  355 1023 1091 2646
4 1379 4545 1293 1291
4 3379   71 2796 3516
4   79  873  874  871
4  835 2993  158  834
4 4939 4269 3212  386
4 1858 4427 3258  533
4 1227 1710 3191 1711
4  132 2159 2978  131
4  352 3888 2661 2631
4 4167 4341 4748 1176
4 2483  146  722  145
4  104 3806 3406 3805
4 2294  520 3215 2934
4 1864 4827 4083 2714
4 1688 1816 4166 1139
4  573  540 2440 3465
4  170 2928  169 5076
4 2878 4241 4242 2852
4  310 3281  311  312
4  731  734  733 1995
4 4643 2029 2382 2383
4 1741 4830 4961 2328
4 3489 3138 2267 3140
4 3062 3603  208  209
4 3074 3073  655 4414
4  205 1842 3233 3786
4  833  834   40 1683
4 2758 4531 1384 4231
4 4117 2084 2085 2290
4  903  904  516  518
4 3200 1541 1542  825
4 3969 3672 1354 1218
4 2800 2799 4431 2798
4 4448 4509  937 4619
4 3583 2821 1872 2822
4  861  501 2865 1526
4 1176 4341 4748 2247
4  946  947  945 2348
4 1889 1580 1581 5034
4 3673 4725 1352 3672
4 3609 3608 4147  785
4 1338 2573 4109  923
4 1622 1621  399  616
4  421  410 2534  581
4 4664 2561 2559 1467
4  966  662   14 4530
4 4204 2864 2865 2866
4  820 2144 2633 2634
4 1912  808 1913 3943
4 3587 1852 1288 1851
4 4398 2696 1682 1649
4  480 3180 3123 3124
4  976 2193  977 2403
4 1063 2610  878 3284
4 4111 2747 4110 3912
4 1376 2621  681  206
4  690 4954  609 1868
4 2129 3389 2153 4873
4  961 2807 3541 3012
4 2125 1614 2923  845
4 4293 1625 1309 1310
4  147 1382  145 4765
4 2640 2638 3524 2637
4  817 2287 2465 2288
4 2154 2675 3208 2677
4  500 1512  403 1771
4  749 2574 4945  750
4 1648 3196 1646 1649
4 1649 1646 2696 3196
4  923 1601 2573 4109
4  690 1869 3473 1868
4 2605 1275 3462 1250
4 2166 4036  877  875
4 1815 3576 4687 1813
4 3471 4146 3003 4454
4  310 4224 3281 2938
4 3565 3566 3992 3567
4 1556 4435 4279 2977
4 1982 3911    4    6
4 2510 4723 2507 2508
4 1596  315 1607  314
4  170 3789  143  140
4  496 4012 3536 3153
4 4162 4012  677  496
4 3812 3810 2552 4570
4 3031 4795 3030 3028
4  348  347 2726 2470
4 2341 4757 2478 4064
4 2129 3208 3951 4893
4 2610 3640 3656 4416
4  318  319  320  730
4 2977 3558 4279 4815
4  167  164  165 4958
4  382 3520  383 3592
4 4462 4878 2196 4405
4 4926 4567 2160  771
4 3223  892  305 3224
4 2890 2891 2889 1531
4 3672 1537 3918 4725
4 3754  601 1930  603
4  721 1118 1119 1207
4 4330 3469  691 3470
4 4971 1130 5113  623
4 1053 4107 2620 2516
4  601 3288 2624 2623
4 3688 2993  745  835
4 3247 4303  209 2621
4 2209 3051 2915 3878
4 1107 1108  247  248
4   26 3232 1591  615
4  963 1469 2022 2299
4  456 1029  274  455
4 3526 3527 1923 1924
4 2655 1614  995  843
4  533  532  636  534
4  591  746  590  214
4 2738 2737 2739 4126
4 1018  857 4652 4717
4  238 1616 3232   26
4 1732  490 1733 2015
4 2272  928 1251 2698
4 2029 3367 4438  547
4 4447 2083 4915 1967
4 2410 3820 2399 3359
4  728 3792 3310 4413
4 4149 4615 3508 2791
4 3841  780 4703  895
4 2729 2728 3396  201
4 1401  858 1793 1412
4 1814 2915 2265 2210
4 2758 4207 4531 4880
4 2695 4398 2696 1682
4 3035 1762 1764  147
4  773  775 3076  776
4 3114 3448 2399 3359
4 1020 1073 1306 1019
4 4653 3032 1407 1409
4  979  977 3460 5078
4 1221 4462 1220 4405
4 2210 2126 1185 2125
4  127  809 1913 1900
4 1536 3918 2405 3856
4 3991 5109 3235  261
4 4758 3885 3886 3887
4  922 1460 1461 1458
4  858 3087 1412 3790
4 1084 3822 1227 3744
4 1556 4279 3544 2977
4   23 3391 2153 3251
4 3438 3822 1227 1084
4 4880 1280 4231 2758
4 1164 3627   40   41
4 4194 3223 3222 3224
4 5059 2294 2687 2813
4 2354 4945 5098 1516
4 1967 3596 4915 4447
4 4912 4623 5108 4057
4  546 2226 3097 2225
4  896 3985 1319  898
4 1808 4370 4380 4904
4 1331  572  230  508
4 2151   84 2160  771
4 3243 4016 4015 1968
4  995 1612 1613  992
4  615 1615 2708  979
4 3020  502 3250 2442
4 3707 3706 2481 3705
4 3823 3630  454 3594
4 4076 2391 1276 3257
4 3592 2149 1664 3685
4 2767 2766  326 2690
4 2712 4277 4291 4384
4 1228 1810 1811 2669
4   93 2887   94   95
4  203  956  418 2634
4 2987 1063 3284  189
4  864  886  491  888
4 3155 3154 1268 1270
4  265  625 1490 1491
4  538 2357  535 2202
4 2202 2777  536  538
4 1923 4364 4445 3719
4 2539 1176 2601 2649
4 1307 4439 3639  366
4 4057 4056 3991 2694
4  511 4237 2267 1727
4 1570 4922 1571 2570
4 3172 2373  771 3546
4  621 2196 4890 4878
4 4448 4619  937  314
4 5089 1710 1228 2384
4 1957 2429 1808 2384
4 5062  123  614  124
4 1348 2009 1671 1026
4  104 4527 4405 3406
4 4271 4901 1153 2649
4  953 4627  954  955
4  928 5057 3256 4924
4   35 4930 1897   32
4 2038 2037 2516 4107
4 2935  495 4977  496
4 3989  125  752  128
4 2566   18   19 2700
4 3750   67 2528   66
4 3640 4538 4288 3641
4 3739 4065 3296  238
4  415 3010 2144 3621
4  102 2376  848 2377
4 2294 2687 2485 5059
4 3564 1487 1807 3302
4 3375 4796 4797 3295
4  308 3699 1038 4032
4 3946 4409 3947 2373
4 4296  529  530 2500
4 3995 3144 3149  965
4  730  320 2149  149
4  858  855 2039 4717
4   26   25 1617 1615
4 1699 1535 3278 1533
4 2521 2274 3385 1595
4  518 4037  517  515
4 2015 1732 3214  716
4  895 1331  892  893
4 2551 4095 3426 4605
4  442  440  441 4376
4 3988 3942 4205 3941
4 4605 4095 3522 2551
4 4775 4427 2600 3258
4 1939  347 2726 1318
4 3739 3232 3296  203
4  924 4139  922 2550
4 4018 5010 4631 3742
4 3224 4464  307 3222
4 3089 2661 1260 1998
4 2592 1183 1586 2356
4 3224 4194 3223 1055
4 1839 1543 1545 4040
4 2701 3761 3064  525
4 2253  673  277 2254
4 2551 4095 3522 4096
4 2525 4804 1488 1486
4  410 2059 2060  657
4 1983 3047  200 3049
4 3358 2161 2162  267
4 3129 2962 2478  393
4  849  580  579  581
4 4691 2232 3310 2021
4  964 3312  962 3650
4  779 1020 1306 1307
4  406 1663 1664 3040
4 2516 2142 2620 1053
4 3950 2704   13 2785
4 1130 2309 5113  623
4 2008 2312 4326 3100
4 2011 2009 1671 1673
4  903 4269  898 1324
4  494 2151   87  493
4 1683   40   42   43
4  238 3294 2244 2373
4 1716 1713 2264 3133
4 3758 1831 1535 3278
4  149 2149 1664 3592
4  304 1789  261 4861
4 3556 2743 1308  249
4 3812 4570 4705 3809
4 3810 2552 2349 3341
4  418  415 3862 1388
4 2698 3636  929 2272
4  244  563  241 2454
4 4057 4056 5108 4058
4  197 4189 2940  757
4 3084 3064 2068 1623
4 3343 4241 1117 1120
4 1899  317  972 1570
4 4065 3296  417  418
4 3754 4386 3755 1930
4  325 3253  736  324
4  756 3740  197 4914
4 3377  906  908 3233
4  570 3012 2299 2809
4 4914 3740 3323  756
4  710 1333 4483 3211
4  325  323   80  846
4 3878 3877 2915 1233
4  527 2003 4449 4374
4 3607 3475 3953 3466
4 1401 1105 1400 1398
4 3869 4248 3788 2370
4  131  130 2978  132
4 1592 3341 2433 3357
4  847 1594 2356 1183
4 1277  384 1781  385
4 4035 4496 1447 2081
4 4106 5082 1496 1494
4 4507 4281  644  645
4 4585 5092 3167 2517
4 4456 3343 3342 1120
4  262 4311  260  261
4 3394 1074 4570 3810
4 3116 3453 4700 4439
4 1860 2055 1244 2674
4 1183   83 2356  847
4 2207 3334 3130 2358
4  635  636 1685  533
4 1383 3338 1381 3025
4 1225  933 4217 2778
4  261 4550 4511 3991
4 3752 3317 3601 3078
4 4106 1496 1497 1494
4 3220 1783 2551  307
4 3172 3947 2373 3946
4 3508  426 3733 2409
4 3535 4201 1176 2601
4 1040 1042 1604 1043
4 2989 3506 2027 4865
4  678  910  911 2544
4 2188 4108 2523 3906
4 1479 2664 2665 4785
4  130 4665  184  132
4 4717 2794  858 4652
4 3999  368 1065 1064
4 1801  379 2374 3101
4 1980 3926 1979 1978
4   95   94  886 2887
4 2250   93 2248   95
4 4644 2422 2828 2829
4 2823 2948 1884  757
4  752 1412 3150 2235
4 3025 3745 2854 1383
4 1827 2721 3661 3659
4 2634  956  415 2144
4 4886 4592 2482 4374
4 3815 3660  588 1827
4 4953  740 3218  739
4  566  564 1372  563
4 1827 3106 3659 3107
4 2400  375 4688 2398
4  908 2710 3668 2300
4  637 2960  589 2918
4 4348 3662 3133 2739
4 2114  379 3895  376
4  895 1331  572  892
4  508 1331  572  895
4 1270 5104  438 3154
4 2373 3294 2244 3663
4 3992 3994 3567 1189
4 1189 4689 1186 1187
4 3155 1268 1267 1270
4 3993 3992 3567 1189
4 2112 1870 4909 2603
4  739 4953  740  738
4  368 1619  371 3999
4 1307  779 1020  366
4  128 1903  127 3150
4 3400 3755 3401  603
4 3245  313  316  546
4 2519 2520  538 2521
4  358 2322  357 1403
4 1217 1216  898  903
4 1509 4594 4947  686
4 1251 3921 3256 5057
4 1251 1790 3921 5057
4 1608 3993 3490 3963
4 2490  438 1270 5104
4  170  464 2120  168
4 2152  239  238 4385
4 3873 3627 1902 1900
4  419 4330  691 3470
4 1230 4127 2712 2718
4 1900 3627 1902 3625
4  648 3336  649  960
4 3806 3406 4527  104
4 3289 2403  979  977
4  979 2709 2832 2708
4 2640 4793  704 2638
4 3805 4079 3407  104
4 1986 1033 3030 3031
4 1852 4429 1289 2718
4 2149 4477 1661 1662
4 3225 4273 4752 4116
4 1889 2223 1582 3055
4 4760 2815 3061  805
4 1688 4166 4121 1139
4 4287 4477 2147 2149
4 1769 1310 1651 1079
4 4859  215  216  747
4 1182 2756 1552 1184
4 2118 2802 4460 4864
4 2087 1244  605 1247
4 4729 1094 1436 2169
4  510  572  230 4916
4 2829 1203  880 2827
4 4421 3962 3013 1566
4 4770  805 3062 3264
4 4293 1625 1310 1626
4 2878 3240 1140 2852
4 4377 1005 2889 1043
4  203  956 3296  418
4  955 4627 4315 4626
4 5093 2054 1246  343
4  641 2296 1572 1141
4 4090 3774 1166 1665
4 2075  866 2905 2906
4 4624 4513 5087  386
4 2174  226 1857  227
4 2791 4818 5060 3937
4  423 1895 1438 4859
4 4448 4509 2640  704
4  311 4009 3281  310
4 3726 2924 2923 2922
4  493 2151   87 1754
4 4405 1219  446 1220
4  500  499  501 2865
4 3547 2765 1174 4027
4 2641 1089 1090 2004
4 3045 4336 2910  460
4 2532 1551  112  124
4 3123 1814  480  472
4  468 1796 1635 2091
4 3249  905  638 1687
4 3737 4547  241  242
4 1683   40  833   42
4 1864 4548 4827 2714
4  994 2654 2655  995
4 1165 1167 1252 1253
4 2604 2602 1306 1020
4 1642 1815   82 1643
4 4029 1621 1827 1825
4 4220 4540  667 3755
4 1409 4653  637 2771
4  520 1718  887 1656
4  392 2980 2478 2341
4 3129 3130 3385 1367
4  510  508  509  230
4 4904 4972 5079 2429
4 3814   50 4842 2050
4 1294 1296 2028 1760
4 3675 2787 2486 2485
4 3251 1458 1459 1979
4 3291 2104 3292 2982
4  115   66 2796 1451
4 1846 3851  651 1962
4  757 2940 2948 2947
4 1107 1455  583 1949
4  423 1896  530 1438
4 4546 4545 1293 1379
4 2489 2626 2627 2491
4 1197 4455 1194 1776
4 1846 1962 1845 4055
4  426 3819 3073 4978
4 4189 2994 2995 5044
4 3734 4701 4615 3733
4 1043 4741 1041 4407
4  505  506 2304  503
4  610 4574 3855  607
4 4972 2428 2429 1808
4 4157 3587 3452 4854
4 2828 3600 3056 4532
4  663 4208  666 4862
4 3812 4808 3811 3809
4   79   10 2220 4214
4 3067 1271 2374 1987
4 2110 2108 4200 4199
4 3192 3191 3822 3219
4 3191 3822 3219 1227
4 1759 1761 4116 1760
4  951  488  950  948
4 1336 1334 1335 2703
4  708 1942 1532  513
4 2144  958 2633 2634
4 2264 3662 1713 3423
4  191 4345  192  193
4 2118 2802 2647 4822
4 1597 2046 3825 2048
4 2069 1886 1086 2070
4 1703 4819 1717 2862
4  880  463  465 1493
4 2090 3144 3149 3995
4 3403 2990 2989 3405
4 2443 3873 2682 3150
4 2791 4024 3074 4602
4 2353  311  340 3281
4  470 2493 2877 4942
4 3611  785 1950 4363
4 2125 2923 2922  845
4 4029   26 4028 1591
4 3284 3670 2734  188
4 1084 1227  935  934
4  202 2832 1744 1745
4 4997 3966 4941 3580
4  349 5023  350 2390
4 3807   85 2159 2978
4 2228 1150 2229 1151
4 1339 1337  546 2379
4 3763 4703 2797 1189
4  240 2205 1060 1058
4 3362  673  277 2457
4 3565 3992  381 3567
4 3601 4541 3317 3753
4 3491 3377  588  589
4 1962 2452 1963 2765
4 4771 4929 5079 4904
4 2454 2138 3737  244
4  148  149  151 3521
4 4358 4747 1907 4301
4 3601 4811  985 4298
4 1655 2184 1654 1652
4 2516 2620 1204 2036
4 2800 2798 4515 2469
4  414 1108  247 1107
4 1148 3434 2780 1415
4 1043 4377 1005 1003
4   55 3945 1073 1908
4  431 2025  803 2997
4 1007 3783 4145 3193
4 1171 1170  269  268
4 2857 4170 2854 3025
4 3415 4399 4658 2348
4  168 1266 3581  838
4 3501 1064  368 3999
4 3890  235  793  792
4 4195 4464 3224 4196
4 4404 1460 1171 3358
4 1331  572  892  230
4 1075 1045 4528 4061
4 3617 1673 2009 2011
4 1811 1225 1228 4544
4 1057  274  803 2997
4 1569 2693    2    3
4 1614 2948  844 1185
4 1839 1399 1545 1543
4 2460 3303  558 2459
4 1924  311 1923 3526
4 2157  463 3863 2829
4  473 1813  480  472
4  774 2339 2337 1214
4  290 3254 2368  292
4 2525 3332 1152 1150
4 1985 1978 4843 1304
4 2385  384 1948 1653
4 2234 1412 1105 3696
4 1810 4304 3244 3243
4 4654 4431 4124 2800
4 1624 1812 2126 1330
4 4813 4530  662  966
4 4952 3536 3537 2800
4 2101 2100  908 3888
4  705  404 4793 4791
4  951  948  949 4535
4 1192 4208 4852  664
4 4815  758 4047 2755
4 2830  488 4334 4786
4 1043 3831 1693 1605
4 1183 1316 1184 1185
4 3831 1693 4377 1043
4 3625 4563 5049 1900
4 1237 4264  331 1078
4 1769 2844 1651 2566
4  736 1812 1815 4687
4 1647 4393  457 1695
4 3883  242  243 3884
4 3886 1196 1942 4347
4 1891 2352  161  879
4  798 3444 1317  174
4 4469 1748  617 1265
4 1737 4942 4943 1738
4 1947  577  279  278
4 2669 4235 1810 5028
4   98 4221 3315 3316
4  990 3361 1938 3751
4 2878 1118 1992 1239
4 4719 1509 2255  941
4  197  671  193  190
4   26   24  240 2244
4  496 2936  677 2819
4 1751 1843 1752 1753
4 4615 3733 3508 2791
4 3906 1921  701 2565
4 1527 2865 2866 1771
4 1974 1977 1143 1867
4 1824 3609 4147  785
4  785 4147 3503 3608
4 1962 1845  651 1846
4 2391 1148 1146  673
4 4875 5046 4533 2488
4 4345 2239  192 2026
4 3020 3019  311 3281
4 3172 2160  771 2151
4 1031 1173 2110 4743
4 2072 2274 3385  538
4  235 2347 3890 2529
4 1889 1581 2223 1275
4 1290 3936  813 4360
4 4078 1195  688 3854
4  385 4269 1216  903
4 1397 3506 3405 3551
4 3172 4021 3195 2414
4 1532  513 1779 3572
4 2264 4198 3662 3423
4 2324 4516 1773 1774
4 2055 3638 3146 5056
4 2770 3316 2684  202
4 2659 2656 4736 4655
4 2215 2212 3356 5025
4 1744 3316 2684 4221
4 1467 1439 1895 2762
4 1027 1314  917 4675
4 4750 4978 3819 4114
4 3617 2009 2008 2011
4  409 4499  407 3723
4 2452 1963 2765 1174
4 3619 2060  409  408
4 2555  822 1881 2633
4 3587 3701 4606 2717
4 1147 3205 1439  675
4 2877 1794 1796 2876
4  811 1271  812  814
4 1895 1414 1146 2183
4 2704   13 2785 1031
4 2466 4143 2465 4949
4  766 1520  823  825
4 2722  186  553  552
4  537 2441 2274  802
4 2066 3064 2068 1791
4 1333 3141  710 3144
4 1277  386  152  384
4 1129 1126 1701 3207
4   58 1833 3623 1299
4 2300 2709 3668  763
4 2742  975  901 1122
4 1134 2314 4441 1472
4 4813 4529  662   14
4  952 3324 1631 1634
4  739 4953 1455 3624
4 1910  560 2539 2975
4 4944 2558 4263 1116
4  350 1520  349  351
4 2282 2374 2174 1861
4 3146 1801 2374 1861
4 2187 3872 3649 4403
4  996  247  248 1867
4 3051 1715 1716 1603
4 2130 3282 2127 2128
4 3448  766 1520  351
4  964  741 1470 4638
4 3602 4342 3631 1631
4 1329 1328 2487 3436
4   40  833   42  836
4  624  622  842 1131
4 4137 2895 2278 3017
4  565  719  720 4045
4 4157 3959  822 2556
4  510  507  508  667
4 3062 3264 3603  209
4 3955 4872 3064 3761
4 1261 4582 4727 4970
4 2903 4113 5020 4112
4 3587 3588 1994 1851
4 1308 3011 4467 1309
4 3715 4069 1512  500
4 4693 1484 3265 4137
4 2262 3215  361   94
4  351  766  823 3089
4 1889 5034 1581 3319
4 1850 2103  375 4688
4 1577 1172 4200 3476
4 1039 4637  154 1037
4  750  218  219 3418
4 1515 4760  805 1518
4  311  340 1923 2353
4 4320 2376  562 2378
4  745 1172 2453 1577
4 2885 1001 1659 3937
4 3630  275 3594  509
4 3295 3294  827 4796
4 2212 5005 2213 1630
4 3265 4324  335 4693
4 1267 2953 2222 2179
4   29 5003 2667 4227
4  785 3608 3503 4363
4 2177 4430 4572 1405
4 2791 4331   58 4186
4 2466 4143 5019 3518
4 3047 4080  999 3429
4 3988 3519 3834 4205
4  124 1446 2812  841
4 1644  768  411  770
4 4301 4295 4748 3632
4 3285 4301 4303 3264
4 2023 5115 4289 3635
4 2119  819  822  712
4  527 2003 4108 4449
4 1754 2485   87  493
4  785 3611  583 1210
4 1075 4061 2291 1050
4 2070 1883  843 1086
4 4602 4024 4818 2791
4 2371 1328  794 3436
4 2466 2465 4210 4949
4 3091  816 1537 1459
4  742 2284  741  743
4 2829 4532 2828 4644
4 1222 1722 3022 1219
4  981 4300 4299  199
4 3436 1328 2488 2371
4 3074 3366 4259 4602
4 1210 3983 4575 4284
4 1935 3648 2720 1826
4 1421 3333 3528 1419
4 4786 2830  488 4022
4 2380  544 4613 3938
4 2335 2332  152  386
4 3483  361 2262 3215
4 3535 4902 4201 2601
4 1471 2618  741  742
4 4360  813  814 3936
4 2275 3104 3730 1802
4 2903 4112 5020 2463
4 2642 5037 2582 2062
4 3184 2590 2736  529
4 1067 1508 4645  870
4 2823 1522 2011 1672
4 3884 3539  242  250
4 4755 4306 3527 1921
4 4443 2520 1152  802
4 4605   46 4084   47
4 1186 1188 2797 1189
4 2649 4902 2540 4271
4  362 2260  361 2262
4 3865 4474 4261  853
4  329  327 2685  326
4  218 1518  750 2998
4 1622 2022  258  616
4 2050 4842 2049   50
4 2941  193 2940  671
4 3291 2499 2047 1598
4  640 3643 1140 3645
4 1138   28   31 1103
4 2959 2772 2958 2960
4  674  885  913 2085
4 4143 2465 4887 2466
4  620   71  772  494
4 3431 3500 3667 4354
4  890 1121 2248 4845
4 5086 4452 3261 1424
4 2677 4893 3208 2154
4 1170  275  220 1332
4 4229 4979 2240 4094
4 1447 1448 1818 3467
4 1385 4375 1280 1279
4  723 2483 4053 5067
4 2521 1595  937 1803
4 3864 4260  248 1256
4 4409 3947 2373 3172
4 3978 2168 1094 2169
4 3742 1033 1032 4631
4 2014 4366 2774 4519
4  862  860 4824 4500
4  639  640 2296  641
4  782 3520  705  780
4  909  347 2726  348
4  890   94   95   92
4  605 2086 4257  604
4 1612 1613  236  995
4 3267 2656 2192  765
4 3744 3219 1227 1084
4 3178  690 3258 4954
4 2607 3941 2608 2606
4 3721 1885 3347  676
4 4334 1825 2831 2830
4 3101 2114 2604 2603
4  509 1780 3594 3629
4  987 1282 3369 4923
4 3170 4134 1219 3022
4 3919 3089  824 2299
4 1380 4765 3643 1382
4 2247 3692 1175 3694
4  449 1366  734  452
4 2232 3843 3310 2021
4 1393  421 3241  422
4 1854 3397 3163 4965
4 1958  657  659 2060
4 1569 3163 1854  201
4 4353 4036 2652  877
4 1397 2506 3451 1650
4 1803 4327 4647 4521
4  615 2708 2709  979
4 2009 2968 2008 2010
4  829  957  956  827
4 4645   24 2205 2197
4 1968 1810  935 3244
4 2523  700 1201  699
4  350 4847 2389 2390
4 3581 2231  217 3463
4 1921 4306 2582 2583
4  209 3603  208 3764
4 3069 5087 5072 4939
4 3507 4781 4720 4721
4  161 5100 4934 4579
4 1192 4208  664 1692
4 1782 2557 3944 4030
4 2332 3852 4637 3779
4 2504  992 1612  995
4  104 3407   86 1954
4 1318 1576 4688  695
4 3650 3651  963  255
4  774 1214  775  776
4 2122 3422 3892 1971
4 1413 5011 2419 1148
4  902 4547  901  883
4  675 1147 3554  673
4 3401 2524  602  603
4 3074 4414  547 3366
4 2161 2162  925 3358
4   17 2981 4668 2662
4 1065 3939  970 3228
4  296 1112 1832  294
4  175  241 1572  902
4 1504 1503 1502 4254
4  466 4776  465 4779
4 3894 3506 3451 2947
4 3609 4510 4575  785
4  670 5027 3413  671
4 4957 4765 1381 1382
4 3550 2137 2139  565
4 4248 3788 1163 3869
4 3564 1637 2358 4411
4 1649 1682 2697 2696
4 2681 3382 1902 3869
4 1117 1239 1118 2878
4 1374 1950 1372 2622
4  351 2661 2300 3089
4 2072 4885 3384 3385
4  551 2176  552 4288
4  958  829  415 4894
4 1215 4129 3774 4618
4 3203 3202  597 3205
4 4317 4319 2400 3703
4  672 4264  675 1237
4  364 2740  298  973
4 4618 1166 1215 1775
4 3409 3391 2127 3389
4 1057 2850 2025 5054
4 4824  400 4308  499
4  229 3265  228  226
4 3582 4845 1121  890
4 2304 5051 1465 1806
4 2878 1990 2882 3517
4 4323   30 2237   31
4 4743 1173 2110 1736
4  917 4675 1314  915
4 3688 4055 2232 2903
4  422 1392 3241 1393
4 1202 1386 1054 2516
4 3925 1979 3027 4320
4  881  463  464  465
4  208 2834 3062  207
4 2914 3877 2915 2916
4 2603 2831  254 1870
4 1116 4263 3901 2558
4 3065 2701  526 1623
4 2938 3019  162 3281
4  565 2137 3330  719
4 2348 4658 2347 4399
4 2950 4108 4449  527
4 1237 2499 1439  912
4  338 4935 3782 2585
4 1046 3127 1047 1733
4  388  390 3459  391
4  615 2403 2709  618
4  667  540 2440  573
4 3786 3820 2323 2410
4 2385 4139 2386  384
4 4002 2138 2817 3060
4  779  366 3639  365
4 1405 4572  356 3597
4 2108 2109 2705 2110
4 3072 2676 3960 1500
4 2103  375 4688 3830
4  562 1910 2893  560
4  104 3406 3407 3805
4 4361  228 2174 2173
4 2075 3824 2076 1630
4 1047 2250   95 1044
4 3565  381 3683 3567
4    0 3984 4980    3
4 3843  726 3310  728
4  771 3497  772 3190
4 4241 1117 1118 2878
4 1692 4208  664 3958
4   26 4028   27 4029
4 2795 4989 4988 4882
4 1012 3618 1014 3619
4 2038 1204 1335 2036
4  476  926  229 1379
4 4657 4446  234  235
4 4957 4765 1382  147
4 1261 2860 4727 4582
4 2771  589  637 1409
4 1692 4208 2379 1192
4  775 1142  996 4094
4  167  165 4318 4958
4 3644 1140 3645 1120
4 1655  314 4619 2550
4 4863 1420 1998 1419
4 3370 1959 4047 3544
4 2443 1438  913 2682
4 4312 4763 3210  138
4  392 4629 3166  395
4  750  430 2025  749
4 4770  806 3632  807
4 4836  190  192  193
4 2066 2065 2359 2068
4 2290 2085 2966 3817
4 2212 5005 2214 2213
4  340 4935 3313  338
4 1118 1992 2882 2878
4 1888 1887  755 3322
4 1913  752  127 3150
4 4638 3803 3802 1470
4  270 1639 4859  747
4 2903 5020 2080 2463
4 1736 4743 4867 1734
4  967  662 2144  820
4 4319 2400 3703 1994
4  109  111 1448 3023
4 4979 4836 2026 3412
4  562  708  559 1696
4 4852 2478 1607 1596
4 3976 1939 1576 1850
4 1572 4044 2882 2454
4  188  187  870  189
4 1427 1879  817  207
4 3781  199 3429  200
4 1107  411 1357 1358
4 4477 2147 2148 3686
4 2079 2241 1303 1753
4 2710 1621 1591  615
4  112 3547 1551 2532
4 2296 2743 1308  639
4 3912 4852 2478  666
4 2663 3930 2664 2666
4 4125 2587  762  256
4 1749 1747  744 2302
4 1509 2255  941 1510
4  990  239 1938  989
4 4605 3441   46  307
4 3174 1778 1777 1779
4 4140 3815 3660  588
4  648 2928 3789  169
4 2916 3877 2380 3938
4 1215 1159  954 1323
4 3750 2329 2146 5012
4  885 1108  857 2084
4  556 2459 4921 2418
4  985 4811 3486  982
4 1891 3843 2021 1892
4  327  822  821 2770
4 4633  449 2614  452
4 1155 1153 2649 4271
4 2321 1173   14 1031
4 1967 4447 2083 1528
4 3031  812 1565 1564
4  169 2928 3789 5076
4  426 3073 3074 4899
4  982 4811  983  985
4  417  828  827 3935
4  951  950 1305 3454
4 3891 3770 3881 3132
4 1654 4685 1653 1652
4  610 3855 1698  607
4 4131 4132 4576 2797
4 1414 1148 1146 2391
4 1696 1698 3364 1880
4 3210 3136 4763 4312
4   65 3077 1262 4642
4 3469  691 3470  497
4 1013 1014 1419 1011
4 1165 5085 4608 1774
4 3747 3745 2855 3746
4 2947 2940 2948 1525
4 3447 1020 4843 3351
4 3583 4678 4845 1872
4  796 4928 5040 2688
4  235  236  237 1182
4 4927  705 3730  406
4 2533 4328  421  581
4 1202 2827 1275 3678
4 1665 3018 4090 3880
4 1698 3364 3365  610
4 1468  599 2757 1996
4 2353  311 3020 3526
4 3592  383 1664 3520
4 4850 3482 3431 3483
4 4021 3738 4065  418
4 3023 1448 1818 4543
4 1614 1612  237 1611
4 4124 2800  677 2976
4 2692 3156 2525 2303
4  268  220 1170  221
4 4925 4278 2060 3544
4 4282 3507  193  197
4 3051 1337 3246 1603
4 1408  906  908 3377
4 3014 4617 3013 1566
4 1209 1252 1253 2945
4 1667 3481 2742 1670
4 1984 3685 1608 4504
4  570 1125 2809 3919
4  972 3628 2570  970
4 2004  528 1267 2590
4 4635 2572 4209 3649
4 1039 1037 3699   45
4 2223 4230 3055 3600
4 2093 2131 2092 2133
4 2795 3022 1219 2136
4  421  849  580  851
4 2016 4730 2189  699
4 1091 3875 3848 4695
4 1241 2553 1992 1239
4  205 2708 3233 3232
4 4705 4673 2317 3812
4 3105 3103 3686 3687
4  804 1176  807 2649
4 1106 2234  501 2235
4 3893 2492  897  899
4 3924 1004 3727 2910
4 4852 1367  314 1191
4  875  877 2166  878
4 1884 1085 1026  754
4 2003 1363 3527 4449
4 1850 1939 1576 1318
4 4485 1456  857 3780
4 2028 2989 2991 2992
4 1848 2181 2182 3525
4 2233  834 2232 1683
4  474  916  622 4524
4 4814 2251 2253  277
4 4913 1562 2318 4683
4 2877 2549 4181 2876
4 1619  895 3763  148
4 1695  457 2910 4393
4  964 3651  963 3650
4  707  706 2379  709
4 3337 3336  646 1110
4 3416 1586   73   72
4  639 1078 1238  642
4 2295 2075 3215 1440
4 4913   40 2331 1423
4 4363 3838 1950 3611
4 1614  236  237 1612
4 2892 1881 1882  205
4 2536 4838 4993 4825
4  259  261  459 1971
4 3824 2215 2788  493
4  329 3057 1341 1340
4 1400 4709 1105 1792
4 4596 2668 1112    6
4 3531 1548 4557 3859
4 1043 4393 3414 4406
4  965  712 3149  968
4 3712  365 1800  342
4   58 1299 3623 2790
4 2314 1473 1134 1572
4 5091 3974 3976 2394
4 2022 4289 4917 3655
4 2738 1586 2756 1183
4  883 4547  901 1545
4  386  387 1461 2474
4  615 1615  979 2404
4 1668 3837 5064  434
4 4988 4218 5043  115
4 4708    2 1835 2957
4 3081  719 2137  565
4 3550 2139 2138  565
4  911  693 3242 1393
4 1116 3900 2578 1113
4 3444 4566 3492 2879
4 3691 3146 2055 3067
4 1427 1425 2907 1426
4  602  601  431  943
4  602  429  431 3514
4 1219 3022 4134 1722
4 2621 1879 2000  681
4 3644 3342 1119 1120
4 2916 2914 3877 3938
4 3687 3103 3828 3105
4  982 4966 3486  985
4 2073 3762  737 2751
4 3273 1292 1291 1293
4 3370 1679 1542 1557
4 4096 5055 4619 1655
4 1102 1100 1101 4075
4   79 3038 1558 3199
4  987 4300 3954 4662
4  987 4662 3954 4923
4  252 2430  253 2431
4 4813 4395 4530  966
4 5025 4706 4667 2215
4 4481 1981    6 1982
4  415 3620 3010 3621
4 3290 2105 3292 3291
4  880 2827 1203  881
4 1102 1100 1320 1758
4 4722 3392 1470 1471
4 1649 2696 2697 3196
4 2005 2433 2082 2434
4 3548 3840  809  753
4 2100  908 1408 2101
4 2833 2834 3062  208
4  960  143 1981 3959
4 4328  580 4472  421
4 4639  741 4106  964
4  542  540 2440 3763
4 2011 3617 1673 3616
4  153 1038 1278 1039
4  783  438  271  273
4 2718 2530 4429 4383
4 1892 4740  727  728
4 1673 1671 2011 1672
4 4429 4832 1932 4383
4 4715 4933 3767 3046
4 3877 3167 3245 3760
4 2887 4054  886   95
4  307   46 4464 3441
4  197 5045  669 4282
4  959 3315 3316   98
4  823 2759 2661 3333
4 1607 2096  313 5071
4 4029 2830 4786 4022
4  406  383 1664 1663
4 1618 3475 4213 3474
4 2047 2499  530 1896
4 4785 2665 1479 1520
4 2631 2730 2661  352
4  945 3810 3341 3743
4 1895 1439  675 1147
4 1301 1751 3533 1750
4 1050  945 1049 1585
4 1569 2693 2141 1571
4  560 2539  807 1910
4 2559 5038 4959 2560
4 1764 3342 1119 3644
4 2742 3836 2740 1668
4  197  195  196  669
4 1488 1806 1807 1487
4 1329 2487 2681 3436
4 2716 1943 1944 2690
4 3111  359  358 1897
4 3655 3635  255 2022
4  197 3740  669 5045
4 1090 1267 2004 1359
4 3567 1610 1189 3592
4 3580 4905  105 4997
4  607  609  689  610
4  395 2274 3385 2072
4 1233 2915 3878 2265
4 4079 1954 3407  104
4 3258 4775 4428 1868
4  212 3334 3130  213
4 2836 4289 4917 2022
4 2987 1063  878 3284
4 1039   47 1948 3425
4  639  884 1651 1079
4 2497 1769 1768   19
4  576 5007  575  577
4 3371  764 1098 3370
4  665 4110  666  664
4 1896  357  356  359
4  257 4917 3654 3655
4  610  689  690  609
4 4215 1847 1469 1848
4 1909 3945   55 1908
4 1332 1781 1783 2385
4 3845 2229 3844 1066
4  895 1331  893  508
4  544 3245 3877 2380
4 3310 3308  726 3568
4 1778 2644 3573 1779
4  358 1404 1405 4087
4 4215 3525 1847 1848
4 1459 2492 2154  899
4 3466 4220  573 3607
4 3339 4454 3810 3812
4 3846 5076 2931  170
4 2519 3156  938 3082
4 4228  676  693  677
4 1774 2324 3158 4292
4 2390 4847 5023  350
4  197  190  193 4282
4  319  150  317  149
4 2293 3187 3857 3387
4 3888 2661 2300  351
4 3289 5078 2657 4192
4 3458 1828  219  750
4 1256 1018  248 1108
4  953 2008 2010  954
4  168 2931  169  170
4 2857 2855 3747 2854
4   64   66 1723   67
4  565  564 4044 4045
4 2654 3795 2393  843
4 1329 1328 2990 1327
4 1265 2197   24 1263
4  895 3763 2797 2440
4  153  155  152 1278
4 1825 2831 2200 1826
4 4399  947 2348   72
4 4836  192 2026  193
4  424  357 3538 2491
4 2314 4441 4044 1134
4 1074 1077 3810 2291
4 3815 1620 1621  399
4 1919 2747 3912 2748
4 2362  499  941  401
4  178 1474  177 2545
4 1189 3490 1608 3993
4 2005 2319 2433 2434
4 3888 3377 2100  908
4 1427 2465  817 2287
4 3668  907  908 2388
4 1752 1750 2081 3534
4 3178  608 4954 3709
4  560 3574 4268 4101
4 3459 2932  390  388
4 2220   10 1208 2502
4 3083  794 1592 1553
4 1732 1047 2667 1733
4 4531 4230 3055 1582
4  966 4394 4530   15
4 3472  559 3177 3075
4 3050 1262 3741   64
4 4540 4883  573  510
4 4054  886   95 2667
4  109 1818 3467 1846
4 3538 1896  357  423
4 2374 1978 2174 4843
4 2934 2151 3738 2152
4 1419 4863 1421 4974
4 4514 3771 3770 2572
4  704 4509  937 4448
4 4121 1139 4669 2598
4 3877 3179 1233 1236
4 3479 3852 2332 3779
4 3104 3828  800 3099
4 1336 2703 1864 4827
4 2410 3448 3668 3359
4  565 3550 2137 3081
4 2140 1606 2141  539
4 4507  644 3703  645
4 4914 5045 3740  197
4  491  863  865 2973
4 2893 2892 1882 2975
4 2368 2744 1558 2366
4 3885 4347  225  222
4  226 2282  228 2174
4 1423 2318 2319 4913
4  670 3413  668  671
4  656 4780  655  654
4  170 2931  169 2928
4 4994 4585 3167 2517
4 4490 1567 1341  173
4 2858 3378 2049 1878
4 1801  343  342 1860
4 4028  238   26  239
4 1581 1580 1579 3272
4 1649  457 2697 3896
4  288 3588  853  164
4  164 3865  853  288
4  285  854  166  288
4 1987 3067 1271 3821
4  288  854  166  164
4 1987 3895 2114  379
4  285  166  286  288
4  288 3865  854  164
4 3865  854 4474  853
4  852 4474 3968  854
4  852 3956 3968 4474
4 3165 3821 3067 1987
4 3165  379 4640 1987
4 1987 3821 4640 3165
4 3119 3926 2376 2592
4 3119 2376  848 2592
4  100  102 2356  847
4 4385 2974 2892 2378
4 4787 4731 3834 3955
4 1656 3738 1658 3119
4 2592 1656 1658 3119
4   47 1948 2551 3220
4 1542 3724 1540 4805
4 3220 1781 1948  384
4 1271 2374 1987 1988
4 1783 3658 2385 3220
4 2173 3996 2375 1988
4 3961 3013 1566  813
4  813 4546 2076 3961
4 2905 2076 3996  813
4 2906 2905 3996 2173
4 1451 1219 3169 3170
4 1988  812  813 3996
4    0 3984    2 2957
4  812  813  814 1988
4 4546 2905 1293  813
4  813 2905 2076 4546
4 3014 1290 3936  813
4 3014 3961 1290  813
4  811 3014 3936  813
4  813 1290 4546 3961
4  813 3961 3013 3014
4 4711 2614 4614 1343
4 3509 3052 1347 2090
4 2231 3052 1347 3509
4 2392 1131 1130  624
4  624 1131  842 2392
4 4156 4754 2392  624
4 4574 4573 3365  900
4 2922 4754 2924 4156
4   37 1765 4718 4188
4   37 1766 4718 1765
4   37 4188 4718 4322
4 2894 4188 1765   37
4  624  842  845 2392
4 2894 4187 4188  321
4  624 2922  845 2125
4 4156 1130  623  624
4 4797   96 3295 3461
4 5078 3460  979 3461
4 3461 2832  979 5078
4 5078 2832   99 3461
4   96 5078   99 3461
4 4797  978 3460 3461
4 3461   96 3460 4797
4 3461 5078 3460   96
4  936 3658  782 4448
4 4448 3658  939  936
4 4448  704  782  936
4  936  704  937 4448
4 4448 3658 2551 2550
4 4448 2551 4619 2550
4 1339  666 4862  313
4  314  313 4852 1339
4 4208 4852 4862 1339
4 1687  906  907  905
4 1739 2784 2785 4199
4 1739 1737 1906  263
4  263 1737  629 1739
4 4199 1906 4200 1739
4 4599 2411  905 1687
4 1739 1906 2784 4199
4 1339  313  316  314
4 1339  316 1338  314
4 1183 1586 2356 1716
4 1716 1601 3133 1586
4 1716 1586 3133 2263
4 2731 2387  352 2101
4  839 1266 3581 1757
4 1341 2547  327 3808
4 2279 5049  161 5100
4 2279  161 1891 5100
4 1652 4095 1653 1655
4 3765 1893 4983 2279
4 2279 4983 5049 5100
4 4563 4983 5049 2279
4 4513 4039 5087 1277
4 1277 4513 4039  155
4   29  886 1103 2888
4 2888 5003  715   29
4 2888  715   30   29
4  651  733 1995 1343
4 1343 3851  651 4093
4   29 5003  715 2056
4 4711 4614 4093 1343
4  531 3301  532 4444
4 3197  310  309  312
4 3198 4811 3488  312
4 4811 3486 3488  312
4 2755 3558 2977 4815
4 2755  759 4163 4164
4  758 4164  759 2755
4 4815 3558 4164 2755
4 2755  758 4164 4815
4 2921 1714 2265 2508
4 2510 2509 1714 2508
4 2161  561  562  925
4 2125 1233 2922 2265
4 1714 3878 2265 2508
4 1602 3027 3925 1458
4 1458 1459 1979 3925
4 3925 1459 1460 1458
4 3674 3916 3918 2289
4 2289 3916 1876 4041
4 4041 2288 2287 2289
4 2289 2288 3916 4041
4 4041 2287 1879 2289
4 3674 2288 3916 2289
4 1601 2573 3027 1602
4 1602 1601 2573  923
4 2101 2389  905 4598
4  707 1601 2376 1602
4 1458  922 3925 1602
4 1458 2573  922 1602
4 1602 2573 3027 1458
4 4320 3027 3925 1602
4 2377 1880 1881  102
4 1696 1880 1881 2377
4 2555  102  848 2377
4 2377  102 1881 2555
4 2377 1881  848 2555
4 2103 4379  695 1574
4 2377  848 3119 2376
4 3739  848 3119 2377
4 2377 2892 3739  203
4 2377 1881  205  203
4 2377 3739  848  203
4 2447 1428 1129 1128
4 2447 1129 2598 3206
4 3926 3739 3119 2377
4 2377 2376 3119 3926
4   74 3585 2014 3584
4   74 2013 3585 3584
4 4914 5045  197 4189
4 2124 4277 2711 1941
4 4384 4277 4307 2394
4 2275 2441 2274 2964
4 4277 2711 1941 2712
4 4710 1840 1543 1839
4 1839 3966 1840 4040
4 4710 4709 1840 1839
4 2862 1751 3259 1753
4 1753 1751 3259 1301
4 2862 3259 2863 1753
4   39 1546  606  604
4 1766 1547   37   39
4   39 1766 1547 1546
4   39 4718   37 1766
4 4321   48 4257   39
4 4321 4257 4718   39
4 4322 4321 4718   39
4 4257 1546 4718   39
4   39 4257 1546  604
4 1546 1766 4718   39
4  900 3855  610 4574
4 2028 2991 1760 3076
4 3076 2028 2941 2026
4 4973 2760 3539 1730
4  900 3855  285 3905
4  900 4573  285 3855
4 3905 3855 1698  900
4 4574 3855 4573  900
4 4137 2471 2895 3017
4 4137 4693 2471 3017
4 3026 4391 2451 1458
4 3017 4693 4324 4137
4 4693 2471 1484 4137
4 4137 4324 3265 4693
4 4195  307 3224 4464
4 4195  307 3442  894
4 3224 4689 4703 4194
4 4194 4196 4249 4195
4 3441 4464  307 4195
4 3441  307 3442 4195
4 4791 4196 3440 4195
4 4195 4196 3440 3441
4 3441 4196 4464 4195
4 4195 4196 4762 4791
4 2234 1105 1104 1212
4 2267 3456 3002 2268
4 4484 4827 2273 2706
4 2706 3063 4548 3328
4 3328 3063 2531 2706
4 2554  101  102 2268
4 3063 4548 4827 2706
4 2706 4484 4827 3063
4 3587  167  288 3452
4  853 3587  288 3452
4 2668  853  288 3452
4 3452  853 3587 2668
4 3076 2991 2992 2028
4  776 2991 2992 3076
4 3076 2026 2941  775
4 3076  775 2941  776
4 3076 2941 2992  776
4 2028 2941 2992 3076
4 2634  418 3119 1658
4 1658  848 3119 2634
4  956  415  418 2634
4  956  415  417  418
4  203 3739  848 2634
4 2634 2633  848  203
4 3739  418 3119 2634
4 2634  848 3119 3739
4 3121  475 5103 3496
4 3496 5103 4545  475
4 3496 4545 1379  475
4 4546 5103 4545 3496
4 3496 5103 4161 4546
4 2018  699 2017 3776
4 2268 3456 3002 2613
4 2119 4774 1944 2121
4 3139 3489 1534 3140
4 3140 3489 3138 3139
4 3489 2612 1534 3140
4 3139 1534 4828 3140
4 3140 1534 1533 2612
4 2269  102 2268 2554
4 1379  475 4545  477
4 2269 1697  708 1696
4 2234 2568 3317  634
4  101  102 2268 2269
4 1699 2268 2269 1533
4 4547 1545  243 3884
4 2867 4924 5057 1249
4 2578 3901 1116 1237
4 2364 2482 1363 3704
4  724 3556 1558 1136
4 4606  822 1881 4157
4 4606 3820 1745 3359
4 3359 2399 3701 4606
4  202 1881 1745 4606
4 4606 2685 1745  202
4  822  202 1881 2633
4 3554 1147 1148  673
4 2338 1522 2339 2868
4 2216 4071 1406 1408
4 1408 4071 1406 3376
4 2216 2099 4071 1408
4 1407 2216 1406 1408
4 3884 4547  108 3539
4  717 2236 1560  714
4 1343 2614 4614 3563
4 3563 1435 4614 1343
4 1343 1435  733 3563
4 1343 4614 1345 1435
4 2091 3410 1635  468
4 4069 1238 1079 2875
4 2091  468 1796 1795
4 2875 2983 3715 4069
4 2875  912 1079 4069
4 2224 1107 1108 2672
4 2224  882 1457 2672
4 3142 4359 5117 2091
4 2091 5117 1795 4359
4 3142 5117 3410 2091
4 5117 1795  468 2091
4 2875 1238   18 4069
4 5117  468 3410 2091
4 1193 4852 1918 1192
4 1191 4852 1918 1193
4 1193 1192 1918 1191
4 1191 1190  561 1193
4 1193  561  709 1190
4 1191  561  924 1193
4  924 2162  561 1191
4 1043 1477 1695 4406
4  314 1338 1339 1193
4 1193 4852 1339  314
4 1193 1338  924  314
4 1193  314  924 1191
4 3262 4221 2684 2770
4 1191  314 4852 1193
4 1687 3249  905 4599
4 2412 4059 1685 4060
4 1687 4059 2412 4060
4 1687 4889 2412 4059
4 4060 4889 3249 1687
4 1687 4889 3249 4599
4 1686 4060 3249 1687
4 4060 4059 4889 1687
4 4320 3926 2376 2378
4 2378 2376 2377 3926
4 4385 3926 3352 2378
4 4385 2892 3739 2378
4 2597 1115 2598 2447
4 4825 1428 1429 2447
4 2447 2597 1115 4976
4 2447 1115 2598 2446
4 4826 5118 1128 2447
4 2447 5118 2870 4826
4 4826 1128 1428 2447
4 2447 4826 2870 2576
4 4976 5118 2870 2447
4 2447 5118 1128 3206
4 4976 3206 5118 2447
4 1129 1128 1126 3206
4 4825 4826 1428 2447
4 4825 1428 1430 1429
4 2447 3206 2597 4976
4 2107 3970 2106 4838
4 2662 2106 4888 2107
4 2186  313 3097 2219
4 1781   47 1783 3220
4 2186 2218 2185 4733
4 2219 2218 2185 2186
4 4733 2184 2185 2186
4  315 2219 2218 4833
4 1603 3246 1715 4109
4 3139 4828 1532 3140
4  638 3032  636 4653
4 2771 1407 1406 1409
4 2771 1406  589 1409
4 2771 4653 1407 1409
4 2235 1412 2084 1401
4 3884 3539  108  107
4 4973 5001 3539 3884
4 3884 2760 3539 4973
4 4547  108 3580 3884
4 3884 1545 3580 4547
4 4905 1545 3580 3884
4 3884  105 3580 4905
4 3884  108 3580  105
4 3883 4905 5001 3884
4 3883 5001 2760 3884
4 3884 3883 4905 3882
4 3884 5001 2760 4973
4 3884 5001  105 4905
4 2186 2219 3097 3095
4 3051 2380 1337 1603
4 1603 2380 1726 2209
4  707 2380 1726 1603
4 1603 2209 1726  707
4  923 1337  709 1603
4  923  707 1602 1603
4 1603  707  709  923
4  707 2379 2380 1603
4 1603 2380 1337 2379
4 1603 2379  709  707
4 1603 1337  709 2379
4 2101 2099 2387 4598
4 2101 2387 2389 4598
4 2387 2388  352 2101
4 2101 2216 2099 4598
4 2731 3239 2387 2101
4 4871 2337  929 2868
4 2867 4908 4924 2868
4 2868 2867 4908 2338
4 4908  930 4924 2868
4 2867 4924 1249 2868
4  928  930 4924 4537
4 4908 4871  930 2868
4 1107 1456 1457 2224
4 2224  177 1457  175
4 2875 3109 2107 2578
4 2875   18 2107 4069
4 4069 2983 2107 2875
4 2875 3291 3715 2983
4 2499 3291 3715 2875
4 2875 2499 3291 3109
4 4404  806 1171 3247
4 2982 2104 2983 3291
4 1260 1258 1259 1999
4 4659 5115 1999 2023
4 2023 4659 5115 3421
4 2023 1999 1259 5115
4 2023 5115 3651 3421
4 2023 1259 4289 5115
4  203 3232 3296  204
4 2751 3762 3253 2073
4 3718 3762 3253 2751
4 3718  523 3762 2751
4 3718 3253 3252 2751
4 2751 3253  325 2073
4 4849    8   10   11
4   11 2501   10 4849
4    8 4000 2817   11
4   11 4001 4480    8
4 4001 4480 4534   11
4   11 4000 4001    8
4   11    8 4480 2501
4 4849 2501    8   11
4 2817 3238 4000    8
4 2268 2613 3002 1533
4  711 1944 2706 2121
4 2018  652 2904  119
4 2018  117 1201 3776
4 2554 2613 2900 2268
4  773 2272 3817 2698
4  773 2966 3817 2272
4 4008 4925 2534 3544
4  915  916  917 1027
4  773 2698 3817 1945
4  774  929 2272  773
4  773  774  929 1364
4 1945 2085 3817  773
4 1945 1108 2085  773
4 2005 4146 2241  157
4 3471 2005 2082  157
4  157 2005 4146 3471
4  156 1390  159 1391
4  157 1390  159  156
4 3471  156 2433 3357
4 3328 4674 2706 3329
4 4832 2531 1944 3329
4 3328 2531 1944 2706
4 3329 1944 2706 3328
4 1931 4831 4774 3329
4 3329 4419  143 1931
4 3329 4674 4831 3328
4 3328 4832 4831 3329
4 4419 4674 4831 3329
4 2706 4548 4674 3328
4 1931 4419 4831 3329
4 3329 4832 2531 3328
4 2268 2900 3456 2613
4 1067 1723 3050   64
4   64 1723 1060 1067
4 1723 3050 1508 1067
4 1067 1060 1508 1723
4 1067  870 2197  187
4  870 2197 4645 1067
4 4645  870 1508 2859
4 1067 3050 1508  870
4 1907 1908 3945 4358
4 2490 1402 2322 5104
4 2345 1402 4430 1405
4 2490 2345 5104 3154
4 5104 2548 2489 2490
4 2490 2322 2489 5104
4 2114 1985 1987 3101
4 3895 2114 1985 1987
4 1800 1801  342 3101
4 3101  367  342 1800
4 1871 2602 2603 3101
4 3101 2603 2604 2602
4 1871 2603 2114 3101
4 1871  367 2602 3101
4 3101  367 2111 1871
4  378  367 2111 3101
4  581  578 4007 2533
4  581 1538  578 5080
4 4767  579 5080  581
4  581  580  578 4328
4 1538 4007 2534  581
4 2535 5080 1538  581
4  581 2535 5080 4767
4 1508  870 3050 2859
4 2434 1423 1303 2005
4 2434 1303 2082 2005
4  834 2079  158 2434
4 2434 2079 1303  834
4 2079 1303 2082 2434
4 2079 2241  158 2082
4 2434  158 2082 2079
4 4854 1832 3452 4157
4 2508 1714 3878 2509
4 2343 2340 2341 4064
4  514 1533 1532 2269
4  514 1532  708 2269
4 2018  133 2017  134
4 2904  136  135 2902
4 2018  117  652  119
4 3776  117  652 2018
4 2902  136  133 2904
4  136  135  133 2904
4 1198  134  135 2018
4 1198 2016  134 2018
4 2018  135  133  134
4 1198  135  119 2018
4  135 4663  119 2904
4 2018  699 1201 1200
4 2018 2016  699 1200
4 1198  119 1199 2018
4 3220 1948 2551 1653
4 3251 2127 3026 4519
4 3251 3391 2127 4519
4 4519 3251 1560 2973
4 4519 3391 1560 3251
4 4559 3388 3390 3409
4 3409 2448 4646 4559
4 1069 1253 1358  413
4 1274 1273 1271  814
4  814  811 1271 1274
4  656 5079 2429 4929
4 4735 2429  549  656
4 4735 5079 2429  656
4 5030 4735  549  656
4  814 3936 1273 5002
4  811 3936 1273  814
4 1274  811 1273  814
4  656 4771 2031 4929
4  839  735  838 3068
4 3457 3068  735  846
4 3457  735   80  846
4 3457 2514 2900 3427
4 3457 2929  838 3068
4 3457 2900  649 3427
4 3457 2900  838  169
4 1019  681   55 2621
4 3457  169  838 2929
4 3427  647  649 3457
4  647  169  649 3457
4 3457  647  169 2929
4  846 3068 3455 3457
4 3068 3427 3455 3457
4 3457 3455 2514 3427
4 3068 2929 3427 3457
4 3457 3427  647 2929
4  248 3864  998  245
4 2240 5111 3226 4229
4 1256 4260 5111 3864
4 1256 5111  998 3864
4 1256 4752 5111 4260
4 4229 5111  998 1256
4 1256  996  248  998
4 1256 5111 2240 4229
4 4844 3534 2080 1750
4  724 1137 1589 5067
4 5067 1137 3555  724
4  724 1137 3555 1136
4 3011 5067 3555  724
4  724 1589 2483 5067
4   59 1835 1285 4554
4 2718 1944 1232 2716
4   56 1835 1285   59
4 1292 5002 3936 4360
4 4360 1292 5002 1483
4 4360 1290 3936 1292
4 1483 1292  228 4360
4 1371 1369   80 1368
4 1369 4237 1725 1371
4 4780 4929 5119  656
4  654 5119 5110  656
4  656 5119 5079 4929
4  656 5110 5079 5119
4  654 4780 5119  656
4 4810  654 5110  656
4 1371   80  554   81
4  656 4735 5079 5110
4  656 5030 4735 5110
4 1371 4237  554 1369
4 1371   80   82 1368
4 1586 2737 4658 3415
4 2716 4606 2717 2719
4 2528 4434   67 4433
4 3654 3306 4517 2699
4 2699 3654 3306 2589
4 3306 4517 2699 3152
4 2699 2175 4517 3654
4 3841  781 2640 3442
4 3072 3960 4324 1500
4 2615 2894 2278 1499
4  590 1174  159 2993
4 1174  159 1391  590
4 1346 1174 1391  590
4  590 1346 1174 1172
4 1172 2993 1174  590
4 3581 2231 1347  591
4  661 3581 1347  591
4 3841  782 2640  781
4 3658  782 2640 3841
4 3658  893  782 3841
4  109 1448 3589 2230
4 3841 4703  892  895
4 4703  892 3224 3841
4  895  894  892 3841
4 3841  892 3224  894
4 4361 2374  814 2173
4 4361 1482  228 5002
4 4361 2282  228 1482
4  836 2331 3871   40
4   40   42 3871  836
4 1630 2293 1629 3824
4  214  835  590  592
4   42  216 3871  836
4  836   42  216  833
4  592 3357  591 1592
4 4361 2374 2174 2282
4 3145 2374  814 4361
4 2173 2374 2174 4361
4 4361 1273 3542 5002
4 5002 1482 3542 4361
4 2530 4429 1232 2718
4 2718 4291 2530 4383
4 1336 2273  710 1333
4 4489 4485 1015 3780
4 3152 2176 4288 4858
4 4858 4539 4288 3152
4  462 5107  461 3152
4 3152 5107 4539  462
4 3152  461 3306 5107
4 4858 5107 4539 3152
4 4620 2796  116 2528
4 4996 4982 3733   59
4   59 3733  427 4982
4 4331 4996 3733   59
4   59   58 3733 4331
4   59 5032 4996 5026
4   59 4982 4728 5026
4   59 5026 4728 4554
4   59 4996 4982 5026
4   59 1284 5032 5026
4   59 4331 4996 5032
4   57 5032 4331   59
4 4489 1787 4485 3780
4 3780 1788 4488 4489
4 3780 1787 1788 4489
4  550 2031  549  547
4 2627 1386 1281 1385
4  217 1248  215 2183
4  550  655  547 4609
4  550 5110  656 4810
4 2629 4609 5116  550
4 4810 5030 5116  550
4 1678 2626 1386 2627
4 2627 1678 2626 2625
4 1678 1386 1281 2627
4  550 4609  547  548
4 1279 4975 2625 2627
4 2627 4975 4375 1279
4 2627 2625 2489 4975
4 1279 1678 1281 2627
4  550 5030 5116 2629
4 5005 3355 3962 1630
4 1630 5005 3355 2212
4 4117 1760 3076 4116
4 3095 2219 2185 2186
4 2085 2966 3817 4117
4 4117 3817  773 2966
4 2085 3817  773 4117
4 4117 4652 2042 4116
4 2084 4652 2042 4117
4 4117 1760 2042 2290
4 2290 1761 1760 2042
4 2761 1728 1729 1730
4 2761 1729 2817 1730
4  366  251 2602 1307
4 1730 2761 1728 4973
4 4675 1314 1085 1027
4 1086 1085  917 1027
4 4973 3540 1728 1730
4 4973 2761 2760 1730
4 1115 1116  331 1237
4 3901 2499 1439 1237
4 2559 2499 1439 3901
4 4264 1439  675 1237
4 2491 1385 2627 4375
4 4375 1385   35 2491
4 4433 4582 1964   67
4 4433 1964 4434   67
4 3901 4264 1116 1237
4 4418 3990 2267  554
4 2491  358   35 2650
4 1964   70 3516   67
4 2491 3538   35  358
4 2527 2526 4433 2528
4 1237 2499 2875 3901
4 2322  357 2490 2491
4 4215 3392 2182 1471
4  822 4606 2719 3832
4 2716  822 4606 2719
4 1981    6 1832 3832
4 3832 3587 1832 4157
4 3832    6 1832 2668
4 3832 3587    6 2668
4 1852 3587    6 3832
4 2527 4620 2077 2528
4 2491  357  272  424
4  424 2626  273 2491
4 2491  273 2490 2489
4 2491 2626  273 2489
4  424 1385 2627 2491
4 1385 3538   35 2491
4 2491 1385 3538  424
4  357  272 2490 2491
4 4975 2322 2489 2491
4 4975 2650 2322 2491
4 4975 4375 2650 2491
4  550  654  655 2408
4 4810 5110 5030  550
4 5116 4568 2406  550
4 2408 4810 2406  550
4  550 5116 4568 4609
4 2629  548 4609  550
4 4433 2329 2145 3750
4 3750 2145 2146 2329
4 3750 5012 3749 2526
4 2526 5012 2329 3750
4 3750 3749 2077 2526
4 4641 5012 3749 3750
4 4004 3749 2078 3750
4 3750 4433 2329 2526
4 3750 4004 3749 4641
4 3901 2762 1439 2559
4 1237 4264 1439 3901
4  175  882 1457 2224
4  883  177 1399 2224
4 2224 1399  856  177
4  883 1399  856 2224
4 2224  857 1018 1456
4 1108  857 1018 2224
4 1456 1108 1018 2224
4 3023 3784  111 4990
4 3784 2812 3193 3023
4 3784  111 2812 3023
4 3023 1817 3783 4990
4 1007 1817 3783 3023
4 4990 1817 4543 3023
4 3023 3783 3784 4990
4 2417  557 2418 1155
4 1155 2417  557 2537
4 3887 2418 1156 5050
4 1155 2537 2649 4901
4 1155 1153 2417 2537
4 1154 4271 1153 1155
4 1155 4622 2417 1153
4 1024 1026 1884 1027
4 1027 1025 1884 1024
4 1349 1350 1026 1027
4 4523 4675 4174 1027
4 1027 4174 1350 4675
4 1027 4523 4675  915
4 1349 4174 1350 1027
4 1154 4622 5050 1156
4 1156 3948 5050 1154
4 2418 5050 4921 4622
4 1154 1153 4622 1156
4 3887 4758 3885 4866
4 3948 4758 3886 3887
4 3887 3885 2460 4634
4 4634 4921 2460 3887
4 4866 5050 4921 3887
4 4866 3948 5050 3887
4 4634 4866 4921 3887
4 3887 3948 4758 4866
4 2343 4911 5112 4910
4 4064 2340 5112 2343
4 1708 3885 2460 4101
4 3574  558 2418 4101
4 4101 4268 1155 3574
4 4101 2460 3887 3885
4 2418 2460 3887 4101
4 3574 2418 1155 4101
4 4101 1156 3887 2418
4 2541 1156 3887 4101
4 4101  558 2460 1708
4 4101 2418 2460  558
4 1854 2693    2 1569
4 2541 4268 1155 4101

CELL_TYPES 21006
10
10
10
10
10
10
10
10
10
10
10
10
10
10
10
10
10
10
10
10
10
10
10
10
10
10
10
10
10
10
10
10
10
10
10
10
10
10
10
10
10
10
10
10
10
10
10
10
10
10
10
10
10
10
10
10
10
10
10
10
10
10
10
10
10
10
10
10
10
10
10
10
10
10
10
10
10
10
10
10
10
10
10
10
10
10
10
10
10
10
10
10
10
10
10
10
10
10
10
10
10
10
10
10
10
10
10
10
10
10
10
10
10
10
10
10
10
10
10
10
10
10
10
10
10
10
10
10
10
10
10
10
10
10
10
10
10
10
10
10
10
10
10
10
10
10
10
10
10
10
10
10
10
10
10
10
10
10
10
10
10
10
10
10
10
10
10
10
10
10
10
10
10
10
10
10
10
10
10
10
10
10
10
10
10
10
10
10
10
10
10
10
10
10
10
10
10
10
10
10
10
10
10
10
10
10
10
10
10
10
10
10
10
10
10
10
10
10
10
10
10
10
10
10
10
10
10
10
10
10
10
10
10
10
10
10
10
10
10
10
10
10
10
10
10
10
10
10
10
10
10
10
10
10
10
10
10
10
10
10
10
10
10
10
10
10
10
10
10
10
10
10
10
10
10
10
10
10
10
10
10
10
10
10
10
10
10
10
10
10
10
10
10
10
10
10
10
10
10
10
10
10
10
10
10
10
10
10
10
10
10
10
10
10
10
10
10
10
10
10
10
10
10
10
10
10
10
10
10
10
10
10
10
10
10
10
10
10
10
10
10
10
10
10
10
10
10
10
10
10
10
10
10
10
10
10
10
10
10
10
10
10
10
10
10
10
10
10
10
10
10
10
10
10
10
10
10
10
10
10
10
10
10
10
10
10
10
10
10
10
10
10
10
10
10
10
10
10
10
10
10
10
10
10
10
10
10
10
10
10
10
10
10
10
10
10
10
10
10
10
10
10
10
10
10
10
10
10
10
10
10
10
10
10
10
10
10
10
10
10
10
10
10
10
10
10
10
10
10
10
10
10
10
10
10
10
10
10
10
10
10
10
10
10
10
10
10
10
10
10
10
10
10
10
10
10
10
10
10
10
10
10
10
10
10
10
10
10
10
10
10
10
10
10
10
10
10
10
10
10
10
10
10
10
10
10
10
10
10
10
10
10
10
10
10
10
10
10
10
10
10
10
10
10
10
10
10
10
10
10
10
10
10
10
10
10
10
10
10
10
10
10
10
10
10
10
10
10
10
10
10
10
10
10
10
10
10
10
10
10
10
10
10
10
10
10
10
10
10
10
10
10
10
10
10
10
10
10
10
10
10
10
10
10
10
10
10
10
10
10
10
10
10
10
10
10
10
10
10
10
10
10
10
10
10
10
10
10
10
10
10
10
10
10
10
10
10
10
10
10
10
10
10
10
10
10
10
10
10
10
10
10
10
10
10
10
10
10
10
10
10
10
10
10
10
10
10
10
10
10
10
10
10
10
10
10
10
10
10
10
10
10
10
10
10
10
10
10
10
10
10
10
10
10
10
10
10
10
10
10
10
10
10
10
10
10
10
10
10
10
10
10
10
10
10
10
10
10
10
10
10
10
10
10
10
10
10
10
10
10
10
10
10
10
10
10
10
10
10
10
10
10
10
10
10
10
10
10
10
10
10
10
10
10
10
10
10
10
10
10
10
10
10
10
10
10
10
10
10
10
10
10
10
10
10
10
10
10
10
10
10
10
10
10
10
10
10
10
10
10
10
10
10
10
10
10
10
10
10
10
10
10
10
10
10
10
10
10
10
10
10
10
10
10
10
10
10
10
10
10
10
10
10
10
10
10
10
10
10
10
10
10
10
10
10
10
10
10
10
10
10
10
10
10
10
10
10
10
10
10
10
10
10
10
10
10
10
10
10
10
10
10
10
10
10
10
10
10
10
10
10
10
10
10
10
10
10
10
10
10
10
10
10
10
10
10
10
10
10
10
10
10
10
10
10
10
10
10
10
10
10
10
10
10
10
10
10
10
10
10
10
10
10
10
10
10
10
10
10
10
10
10
10
10
10
10
10
10
10
10
10
10
10
10
10
10
10
10
10
10
10
10
10
10
10
10
10
10
10
10
10
10
10
10
10
10
10
10
10
10
10
10
10
10
10
10
10
10
10
10
10
10
10
10
10
10
10
10
10
10
10
10
10
10
10
10
10
10
10
10
10
10
10
10
10
10
10
10
10
10
10
10
10
10
10
10
10
10
10
10
10
10
10
10
10
10
10
10
10
10
10
10
10
10
10
10
10
10
10
10
10
10
10
10
10
10
10
10
10
10
10
10
10
10
10
10
10
10
10
10
10
10
10
10
10
10
10
10
10
10
10
10
10
10
10
10
10
10
10
10
10
10
10
10
10
10
10
10
10
10
10
10
10
10
10
10
10
10
10
10
10
10
10
10
10
10
10
10
10
10
10
10
10
10
10
10
10
10
10
10
10
10
10
10
10
10
10
10
10
10
10
10
10
10
10
10
10
10
10
10
10
10
10
10
10
10
10
10
10
10
10
10
10
10
10
10
10
10
10
10
10
10
10
10
10
10
10
10
10
10
10
10
10
10
10
10
10
10
10
10
10
10
10
10
10
10
10
10
10
10
10
10
10
10
10
10
10
10
10
10
10
10
10
10
10
10
10
10
10
10
10
10
10
10
10
10
10
10
10
10
10
10
10
10
10
10
10
10
10
10
10
10
10
10
10
10
10
10
10
10
10
10
10
10
10
10
10
10
10
10
10
10
10
10
10
10
10
10
10
10
10
10
10
10
10
10
10
10
10
10
10
10
10
10
10
10
10
10
10
10
10
10
10
10
10
10
10
10
10
10
10
10
10
10
10
10
10
10
10
10
10
10
10
10
10
10
10
10
10
10
10
10
10
10
10
10
10
10
10
10
10
10
10
10
10
10
10
10
10
10
10
10
10
10
10
10
10
10
10
10
10
10
10
10
10
10
10
10
10
10
10
10
10
10
10
10
10
10
10
10
10
10
10
10
10
10
10
10
10
10
10
10
10
10
10
10
10
10
10
10
10
10
10
10
10
10
10
10
10
10
10
10
10
10
10
10
10
10
10
10
10
10
10
10
10
10
10
10
10
10
10
10
10
10
10
10
10
10
10
10
10
10
10
10
10
10
10
10
10
10
10
10
10
10
10
10
10
10
10
10
10
10
10
10
10
10
10
10
10
10
10
10
10
10
10
10
10
10
10
10
10
10
10
10
10
10
10
10
10
10
10
10
10
10
10
10
10
10
10
10
10
10
10
10
10
10
10
10
10
10
10
10
10
10
10
10
10
10
10
10
10
10
10
10
10
10
10
10
10
10
10
10
10
10
10
10
10
10
10
10
10
10
10
10
10
10
10
10
10
10
10
10
10
10
10
10
10
10
10
10
10
10
10
10
10
10
10
10
10
10
10
10
10
10
10
10
10
10
10
10
10
10
10
10
10
10
10
10
10
10
10
10
10
10
10
10
10
10
10
10
10
10
10
10
10
10
10
10
10
10
10
10
10
10
10
10
10
10
10
10
10
10
10
10
10
10
10
10
10
10
10
10
10
10
10
10
10
10
10
10
10
10
10
10
10
10
10
10
10
10
10
10
10
10
10
10
10
10
10
10
10
10
10
10
10
10
10
10
10
10
10
10
10
10
10
10
10
10
10
10
10
10
10
10
10
10
10
10
10
10
10
10
10
10
10
10
10
10
10
10
10
10
10
10
10
10
10
10
10
10
10
10
10
10
10
10
10
10
10
10
10
10
10
10
10
10
10
10
10
10
10
10
10
10
10
10
10
10
10
10
10
10
10
10
10
10
10
10
10
10
10
10
10
10
10
10
10
10
10
10
10
10
10
10
10
10
10
10
10
10
10
10
10
10
10
10
10
10
10
10
10
10
10
10
10
10
10
10
10
10
10
10
10
10
10
10
10
10
10
10
10
10
10
10
10
10
10
10
10
10
10
10
10
10
10
10
10
10
10
10
10
10
10
10
10
10
10
10
10
10
10
10
10
10
10
10
10
10
10
10
10
10
10
10
10
10
10
10
10
10
10
10
10
10
10
10
10
10
10
10
10
10
10
10
10
10
10
10
10
10
10
10
10
10
10
10
10
10
10
10
10
10
10
10
10
10
10
10
10
10
10
10
10
10
10
10
10
10
10
10
10
10
10
10
10
10
10
10
10
10
10
10
10
10
10
10
10
10
10
10
10
10
10
10
10
10
10
10
10
10
10
10
10
10
10
10
10
10
10
10
10
10
10
10
10
10
10
10
10
10
10
10
10
10
10
10
10
10
10
10
10
10
10
10
10
10
10
10
10
10
10
10
10
10
10
10
10
10
10
10
10
10
10
10
10
10
10
10
10
10
10
10
10
10
10
10
10
10
10
10
10
10
10
10
10
10
10
10
10
10
10
10
10
10
10
10
10
10
10
10
10
10
10
10
10
10
10
10
10
10
10
10
10
10
10
10
10
10
10
10
10
10
10
10
10
10
10
10
10
10
10
10
10
10
10
10
10
10
10
10
10
10
10
10
10
10
10
10
10
10
10
10
10
10
10
10
10
10
10
10
10
10
10
10
10
10
10
10
10
10
10
10
10
10
10
10
10
10
10
10
10
10
10
10
10
10
10
10
10
10
10
10
10
10
10
10
10
10
10
10
10
10
10
10
10
10
10
10
10
10
10
10
10
10
10
10
10
10
10
10
10
10
10
10
10
10
10
10
10
10
10
10
10
10
10
10
10
10
10
10
10
10
10
10
10
10
10
10
10
10
10
10
10
10
10
10
10
10
10
10
10
10
10
10
10
10
10
10
10
10
10
10
10
10
10
10
10
10
10
10
10
10
10
10
10
10
10
10
10
10
10
10
10
10
10
10
10
10
10
10
10
10
10
10
10
10
10
10
10
10
10
10
10
10
10
10
10
10
10
10
10
10
10
10
10
10
10
10
10
10
10
10
10
10
10
10
10
10
10
10
10
10
10
10
10
10
10
10
10
10
10
10
10
10
10
10
10
10
10
10
10
10
10
10
10
10
10
10
10
10
10
10
10
10
10
10
10
10
10
10
10
10
10
10
10
10
10
10
10
10
10
10
10
10
10
10
10
10
10
10
10
10
10
10
10
10
10
10
10
10
10
10
10
10
10
10
10
10
10
10
10
10
10
10
10
10
10
10
10
10
10
10
10
10
10
10
10
10
10
10
10
10
10
10
10
10
10
10
10
10
10
10
10
10
10
10
10
10
10
10
10
10
10
10
10
10
10
10
10
10
10
10
10
10
10
10
10
10
10
10
10
10
10
10
10
10
10
10
10
10
10
10
10
10
10
10
10
10
10
10
10
10
10
10
10
10
10
10
10
10
10
10
10
10
10
10
10
10
10
10
10
10
10
10
10
10
10
10
10
10
10
10
10
10
10
10
10
10
10
10
10
10
10
10
10
10
10
10
10
10
10
10
10
10
10
10
10
10
10
10
10
10
10
10
10
10
10
10
10
10
10
10
10
10
10
10
10
10
10
10
10
10
10
10
10
10
10
10
10
10
10
10
10
10
10
10
10
10
10
10
10
10
10
10
10
10
10
10
10
10
10
10
10
10
10
10
10
10
10
10
10
10
10
10
10
10
10
10
10
10
10
10
10
10
10
10
10
10
10
10
10
10
10
10
10
10
10
10
10
10
10
10
10
10
10
10
10
10
10
10
10
10
10
10
10
10
10
10
10
10
10
10
10
10
10
10
10
10
10
10
10
10
10
10
10
10
10
10
10
10
10
10
10
10
10
10
10
10
10
10
10
10
10
10
10
10
10
10
10
10
10
10
10
10
10
10
10
10
10
10
10
10
10
10
10
10
10
10
10
10
10
10
10
10
10
10
10
10
10
10
10
10
10
10
10
10
10
10
10
10
10
10
10
10
10
10
10
10
10
10
10
10
10
10
10
10
10
10
10
10
10
10
10
10
10
10
10
10
10
10
10
10
10
10
10
10
10
10
10
10
10
10
10
10
10
10
10
10
10
10
10
10
10
10
10
10
10
10
10
10
10
10
10
10
10
10
10
10
10
10
10
10
10
10
10
10
10
10
10
10
10
10
10
10
10
10
10
10
10
10
10
10
10
10
10
10
10
10
10
10
10
10
10
10
10
10
10
10
10
10
10
10
10
10
10
10
10
10
10
10
10
10
10
10
10
10
10
10
10
10
10
10
10
10
10
10
10
10
10
10
10
10
10
10
10
10
10
10
10
10
10
10
10
10
10
10
10
10
10
10
10
10
10
10
10
10
10
10
10
10
10
10
10
10
10
10
10
10
10
10
10
10
10
10
10
10
10
10
10
10
10
10
10
10
10
10
10
10
10
10
10
10
10
10
10
10
10
10
10
10
10
10
10
10
10
10
10
10
10
10
10
10
10
10
10
10
10
10
10
10
10
10
10
10
10
10
10
10
10
10
10
10
10
10
10
10
10
10
10
10
10
10
10
10
10
10
10
10
10
10
10
10
10
10
10
10
10
10
10
10
10
10
10
10
10
10
10
10
10
10
10
10
10
10
10
10
10
10
10
10
10
10
10
10
10
10
10
10
10
10
10
10
10
10
10
10
10
10
10
10
10
10
10
10
10
10
10
10
10
10
10
10
10
10
10
10
10
10
10
10
10
10
10
10
10
10
10
10
10
10
10
10
10
10
10
10
10
10
10
10
10
10
10
10
10
10
10
10
10
10
10
10
10
10
10
10
10
10
10
10
10
10
10
10
10
10
10
10
10
10
10
10
10
10
10
10
10
10
10
10
10
10
10
10
10
10
10
10
10
10
10
10
10
10
10
10
10
10
10
10
10
10
10
10
10
10
10
10
10
10
10
10
10
10
10
10
10
10
10
10
10
10
10
10
10
10
10
10
10
10
10
10
10
10
10
10
10
10
10
10
10
10
10
10
10
10
10
10
10
10
10
10
10
10
10
10
10
10
10
10
10
10
10
10
10
10
10
10
10
10
10
10
10
10
10
10
10
10
10
10
10
10
10
10
10
10
10
10
10
10
10
10
10
10
10
10
10
10
10
10
10
10
10
10
10
10
10
10
10
10
10
10
10
10
10
10
10
10
10
10
10
10
10
10
10
10
10
10
10
10
10
10
10
10
10
10
10
10
10
10
10
10
10
10
10
10
10
10
10
10
10
10
10
10
10
10
10
10
10
10
10
10
10
10
10
10
10
10
10
10
10
10
10
10
10
10
10
10
10
10
10
10
10
10
10
10
10
10
10
10
10
10
10
10
10
10
10
10
10
10
10
10
10
10
10
10
10
10
10
10
10
10
10
10
10
10
10
10
10
10
10
10
10
10
10
10
10
10
10
10
10
10
10
10
10
10
10
10
10
10
10
10
10
10
10
10
10
10
10
10
10
10
10
10
10
10
10
10
10
10
10
10
10
10
10
10
10
10
10
10
10
10
10
10
10
10
10
10
10
10
10
10
10
10
10
10
10
10
10
10
10
10
10
10
10
10
10
10
10
10
10
10
10
10
10
10
10
10
10
10
10
10
10
10
10
10
10
10
10
10
10
10
10
10
10
10
10
10
10
10
10
10
10
10
10
10
10
10
10
10
10
10
10
10
10
10
10
10
10
10
10
10
10
10
10
10
10
10
10
10
10
10
10
10
10
10
10
10
10
10
10
10
10
10
10
10
10
10
10
10
10
10
10
10
10
10
10
10
10
10
10
10
10
10
10
10
10
10
10
10
10
10
10
10
10
10
10
10
10
10
10
10
10
10
10
10
10
10
10
10
10
10
10
10
10
10
10
10
10
10
10
10
10
10
10
10
10
10
10
10
10
10
10
10
10
10
10
10
10
10
10
10
10
10
10
10
10
10
10
10
10
10
10
10
10
10
10
10
10
10
10
10
10
10
10
10
10
10
10
10
10
10
10
10
10
10
10
10
10
10
10
10
10
10
10
10
10
10
10
10
10
10
10
10
10
10
10
10
10
10
10
10
10
10
10
10
10
10
10
10
10
10
10
10
10
10
10
10
10
10
10
10
10
10
10
10
10
10
10
10
10
10
10
10
10
10
10
10
10
10
10
10
10
10
10
10
10
10
10
10
10
10
10
10
10
10
10
10
10
10
10
10
10
10
10
10
10
10
10
10
10
10
10
10
10
10
10
10
10
10
10
10
10
10
10
10
10
10
10
10
10
10
10
10
10
10
10
10
10
10
10
10
10
10
10
10
10
10
10
10
10
10
10
10
10
10
10
10
10
10
10
10
10
10
10
10
10
10
10
10
10
10
10
10
10
10
10
10
10
10
10
10
10
10
10
10
10
10
10
10
10
10
10
10
10
10
10
10
10
10
10
10
10
10
10
10
10
10
10
10
10
10
10
10
10
10
10
10
10
10
10
10
10
10
10
10
10
10
10
10
10
10
10
10
10
10
10
10
10
10
10
10
10
10
10
10
10
10
10
10
10
10
10
10
10
10
10
10
10
10
10
10
10
10
10
10
10
10
10
10
10
10
10
10
10
10
10
10
10
10
10
10
10
10
10
10
10
10
10
10
10
10
10
10
10
10
10
10
10
10
10
10
10
10
10
10
10
10
10
10
10
10
10
10
10
10
10
10
10
10
10
10
10
10
10
10
10
10
10
10
10
10
10
10
10
10
10
10
10
10
10
10
10
10
10
10
10
10
10
10
10
10
10
10
10
10
10
10
10
10
10
10
10
10
10
10
10
10
10
10
10
10
10
10
10
10
10
10
10
10
10
10
10
10
10
10
10
10
10
10
10
10
10
10
10
10
10
10
10
10
10
10
10
10
10
10
10
10
10
10
10
10
10
10
10
10
10
10
10
10
10
10
10
10
10
10
10
10
10
10
10
10
10
10
10
10
10
10
10
10
10
10
10
10
10
10
10
10
10
10
10
10
10
10
10
10
10
10
10
10
10
10
10
10
10
10
10
10
10
10
10
10
10
10
10
10
10
10
10
10
10
10
10
10
10
10
10
10
10
10
10
10
10
10
10
10
10
10
10
10
10
10
10
10
10
10
10
10
10
10
10
10
10
10
10
10
10
10
10
10
10
10
10
10
10
10
10
10
10
10
10
10
10
10
10
10
10
10
10
10
10
10
10
10
10
10
10
10
10
10
10
10
10
10
10
10
10
10
10
10
10
10
10
10
10
10
10
10
10
10
10
10
10
10
10
10
10
10
10
10
10
10
10
10
10
10
10
10
10
10
10
10
10
10
10
10
10
10
10
10
10
10
10
10
10
10
10
10
10
10
10
10
10
10
10
10
10
10
10
10
10
10
10
10
10
10
10
10
10
10
10
10
10
10
10
10
10
10
10
10
10
10
10
10
10
10
10
10
10
10
10
10
10
10
10
10
10
10
10
10
10
10
10
10
10
10
10
10
10
10
10
10
10
10
10
10
10
10
10
10
10
10
10
10
10
10
10
10
10
10
10
10
10
10
10
10
10
10
10
10
10
10
10
10
10
10
10
10
10
10
10
10
10
10
10
10
10
10
10
10
10
10
10
10
10
10
10
10
10
10
10
10
10
10
10
10
10
10
10
10
10
10
10
10
10
10
10
10
10
10
10
10
10
10
10
10
10
10
10
10
10
10
10
10
10
10
10
10
10
10
10
10
10
10
10
10
10
10
10
10
10
10
10
10
10
10
10
10
10
10
10
10
10
10
10
10
10
10
10
10
10
10
10
10
10
10
10
10
10
10
10
10
10
10
10
10
10
10
10
10
10
10
10
10
10
10
10
10
10
10
10
10
10
10
10
10
10
10
10
10
10
10
10
10
10
10
10
10
10
10
10
10
10
10
10
10
10
10
10
10
10
10
10
10
10
10
10
10
10
10
10
10
10
10
10
10
10
10
10
10
10
10
10
10
10
10
10
10
10
10
10
10
10
10
10
10
10
10
10
10
10
10
10
10
10
10
10
10
10
10
10
10
10
10
10
10
10
10
10
10
10
10
10
10
10
10
10
10
10
10
10
10
10
10
10
10
10
10
10
10
10
10
10
10
10
10
10
10
10
10
10
10
10
10
10
10
10
10
10
10
10
10
10
10
10
10
10
10
10
10
10
10
10
10
10
10
10
10
10
10
10
10
10
10
10
10
10
10
10
10
10
10
10
10
10
10
10
10
10
10
10
10
10
10
10
10
10
10
10
10
10
10
10
10
10
10
10
10
10
10
10
10
10
10
10
10
10
10
10
10
10
10
10
10
10
10
10
10
10
10
10
10
10
10
10
10
10
10
10
10
10
10
10
10
10
10
10
10
10
10
10
10
10
10
10
10
10
10
10
10
10
10
10
10
10
10
10
10
10
10
10
10
10
10
10
10
10
10
10
10
10
10
10
10
10
10
10
10
10
10
10
10
10
10
10
10
10
10
10
10
10
10
10
10
10
10
10
10
10
10
10
10
10
10
10
10
10
10
10
10
10
10
10
10
10
10
10
10
10
10
10
10
10
10
10
10
10
10
10
10
10
10
10
10
10
10
10
10
10
10
10
10
10
10
10
10
10
10
10
10
10
10
10
10
10
10
10
10
10
10
10
10
10
10
10
10
10
10
10
10
10
10
10
10
10
10
10
10
10
10
10
10
10
10
10
10
10
10
10
10
10
10
10
10
10
10
10
10
10
10
10
10
10
10
10
10
10
10
10
10
10
10
10
10
10
10
10
10
10
10
10
10
10
10
10
10
10
10
10
10
10
10
10
10
10
10
10
10
10
10
10
10
10
10
10
10
10
10
10
10
10
10
10
10
10
10
10
10
10
10
10
10
10
10
10
10
10
10
10
10
10
10
10
10
10
10
10
10
10
10
10
10
10
10
10
10
10
10
10
10
10
10
10
10
10
10
10
10
10
10
10
10
10
10
10
10
10
10
10
10
10
10
10
10
10
10
10
10
10
10
10
10
10
10
10
10
10
10
10
10
10
10
10
10
10
10
10
10
10
10
10
10
10
10
10
10
10
10
10
10
10
10
10
10
10
10
10
10
10
10
10
10
10
10
10
10
10
10
10
10
10
10
10
10
10
10
10
10
10
10
10
10
10
10
10
10
10
10
10
10
10
10
10
10
10
10
10
10
10
10
10
10
10
10
10
10
10
10
10
10
10
10
10
10
10
10
10
10
10
10
10
10
10
10
10
10
10
10
10
10
10
10
10
10
10
10
10
10
10
10
10
10
10
10
10
10
10
10
10
10
10
10
10
10
10
10
10
10
10
10
10
10
10
10
10
10
10
10
10
10
10
10
10
10
10
10
10
10
10
10
10
10
10
10
10
10
10
10
10
10
10
10
10
10
10
10
10
10
10
10
10
10
10
10
10
10
10
10
10
10
10
10
10
10
10
10
10
10
10
10
10
10
10
10
10
10
10
10
10
10
10
10
10
10
10
10
10
10
10
10
10
10
10
10
10
10
10
10
10
10
10
10
10
10
10
10
10
10
10
10
10
10
10
10
10
10
10
10
10
10
10
10
10
10
10
10
10
10
10
10
10
10
10
10
10
10
10
10
10
10
10
10
10
10
10
10
10
10
10
10
10
10
10
10
10
10
10
10
10
10
10
10
10
10
10
10
10
10
10
10
10
10
10
10
10
10
10
10
10
10
10
10
10
10
10
10
10
10
10
10
10
10
10
10
10
10
10
10
10
10
10
10
10
10
10
10
10
10
10
10
10
10
10
10
10
10
10
10
10
10
10
10
10
10
10
10
10
10
10
10
10
10
10
10
10
10
10
10
10
10
10
10
10
10
10
10
10
10
10
10
10
10
10
10
10
10
10
10
10
10
10
10
10
10
10
10
10
10
10
10
10
10
10
10
10
10
10
10
10
10
10
10
10
10
10
10
10
10
10
10
10
10
10
10
10
10
10
10
10
10
10
10
10
10
10
10
10
10
10
10
10
10
10
10
10
10
10
10
10
10
10
10
10
10
10
10
10
10
10
10
10
10
10
10
10
10
10
10
10
10
10
10
10
10
10
10
10
10
10
10
10
10
10
10
10
10
10
10
10
10
10
10
10
10
10
10
10
10
10
10
10
10
10
10
10
10
10
10
10
10
10
10
10
10
10
10
10
10
10
10
10
10
10
10
10
10
10
10
10
10
10
10
10
10
10
10
10
10
10
10
10
10
10
10
10
10
10
10
10
10
10
10
10
10
10
10
10
10
10
10
10
10
10
10
10
10
10
10
10
10
10
10
10
10
10
10
10
10
10
10
10
10
10
10
10
10
10
10
10
10
10
10
10
10
10
10
10
10
10
10
10
10
10
10
10
10
10
10
10
10
10
10
10
10
10
10
10
10
10
10
10
10
10
10
10
10
10
10
10
10
10
10
10
10
10
10
10
10
10
10
10
10
10
10
10
10
10
10
10
10
10
10
10
10
10
10
10
10
10
10
10
10
10
10
10
10
10
10
10
10
10
10
10
10
10
10
10
10
10
10
10
10
10
10
10
10
10
10
10
10
10
10
10
10
10
10
10
10
10
10
10
10
10
10
10
10
10
10
10
10
10
10
10
10
10
10
10
10
10
10
10
10
10
10
10
10
10
10
10
10
10
10
10
10
10
10
10
10
10
10
10
10
10
10
10
10
10
10
10
10
10
10
10
10
10
10
10
10
10
10
10
10
10
10
10
10
10
10
10
10
10
10
10
10
10
10
10
10
10
10
10
10
10
10
10
10
10
10
10
10
10
10
10
10
10
10
10
10
10
10
10
10
10
10
10
10
10
10
10
10
10
10
10
10
10
10
10
10
10
10
10
10
10
10
10
10
10
10
10
10
10
10
10
10
10
10
10
10
10
10
10
10
10
10
10
10
10
10
10
10
10
10
10
10
10
10
10
10
10
10
10
10
10
10
10
10
10
10
10
10
10
10
10
10
10
10
10
10
10
10
10
10
10
10
10
10
10
10
10
10
10
10
10
10
10
10
10
10
10
10
10
10
10
10
10
10
10
10
10
10
10
10
10
10
10
10
10
10
10
10
10
10
10
10
10
10
10
10
10
10
10
10
10
10
10
10
10
10
10
10
10
10
10
10
10
10
10
10
10
10
10
10
10
10
10
10
10
10
10
10
10
10
10
10
10
10
10
10
10
10
10
10
10
10
10
10
10
10
10
10
10
10
10
10
10
10
10
10
10
10
10
10
10
10
10
10
10
10
10
10
10
10
10
10
10
10
10
10
10
10
10
10
10
10
10
10
10
10
10
10
10
10
10
10
10
10
10
10
10
10
10
10
10
10
10
10
10
10
10
10
10
10
10
10
10
10
10
10
10
10
10
10
10
10
10
10
10
10
10
10
10
10
10
10
10
10
10
10
10
10
10
10
10
10
10
10
10
10
10
10
10
10
10
10
10
10
10
10
10
10
10
10
10
10
10
10
10
10
10
10
10
10
10
10
10
10
10
10
10
10
10
10
10
10
10
10
10
10
10
10
10
10
10
10
10
10
10
10
10
10
10
10
10
10
10
10
10
10
10
10
10
10
10
10
10
10
10
10
10
10
10
10
10
10
10
10
10
10
10
10
10
10
10
10
10
10
10
10
10
10
10
10
10
10
10
10
10
10
10
10
10
10
10
10
10
10
10
10
10
10
10
10
10
10
10
10
10
10
10
10
10
10
10
10
10
10
10
10
10
10
10
10
10
10
10
10
10
10
10
10
10
10
10
10
10
10
10
10
10
10
10
10
10
10
10
10
10
10
10
10
10
10
10
10
10
10
10
10
10
10
10
10
10
10
10
10
10
10
10
10
10
10
10
10
10
10
10
10
10
10
10
10
10
10
10
10
10
10
10
10
10
10
10
10
10
10
10
10
10
10
10
10
10
10
10
10
10
10
10
10
10
10
10
10
10
10
10
10
10
10
10
10
10
10
10
10
10
10
10
10
10
10
10
10
10
10
10
10
10
10
10
10
10
10
10
10
10
10
10
10
10
10
10
10
10
10
10
10
10
10
10
10
10
10
10
10
10
10
10
10
10
10
10
10
10
10
10
10
10
10
10
10
10
10
10
10
10
10
10
10
10
10
10
10
10
10
10
10
10
10
10
10
10
10
10
10
10
10
10
10
10
10
10
10
10
10
10
10
10
10
10
10
10
10
10
10
10
10
10
10
10
10
10
10
10
10
10
10
10
10
10
10
10
10
10
10
10
10
10
10
10
10
10
10
10
10
10
10
10
10
10
10
10
10
10
10
10
10
10
10
10
10
10
10
10
10
10
10
10
10
10
10
10
10
10
10
10
10
10
10
10
10
10
10
10
10
10
10
10
10
10
10
10
10
10
10
10
10
10
10
10
10
10
10
10
10
10
10
10
10
10
10
10
10
10
10
10
10
10
10
10
10
10
10
10
10
10
10
10
10
10
10
10
10
10
10
10
10
10
10
10
10
10
10
10
10
10
10
10
10
10
10
10
10
10
10
10
10
10
10
10
10
10
10
10
10
10
10
10
10
10
10
10
10
10
10
10
10
10
10
10
10
10
10
10
10
10
10
10
10
10
10
10
10
10
10
10
10
10
10
10
10
10
10
10
10
10
10
10
10
10
10
10
10
10
10
10
10
10
10
10
10
10
10
10
10
10
10
10
10
10
10
10
10
10
10
10
10
10
10
10
10
10
10
10
10
10
10
10
10
10
10
10
10
10
10
10
10
10
10
10
10
10
10
10
10
10
10
10
10
10
10
10
10
10
10
10
10
10
10
10
10
10
10
10
10
10
10
10
10
10
10
10
10
10
10
10
10
10
10
10
10
10
10
10
10
10
10
10
10
10
10
10
10
10
10
10
10
10
10
10
10
10
10
10
10
10
10
10
10
10
10
10
10
10
10
10
10
10
10
10
10
10
10
10
10
10
10
10
10
10
10
10
10
10
10
10
10
10
10
10
10
10
10
10
10
10
10
10
10
10
10
10
10
10
10
10
10
10
10
10
10
10
10
10
10
10
10
10
10
10
10
10
10
10
10
10
10
10
10
10
10
10
10
10
10
10
10
10
10
10
10
10
10
10
10
10
10
10
10
10
10
10
10
10
10
10
10
10
10
10
10
10
10
10
10
10
10
10
10
10
10
10
10
10
10
10
10
10
10
10
10
10
10
10
10
10
10
10
10
10
10
10
10
10
10
10
10
10
10
10
10
10
10
10
10
10
10
10
10
10
10
10
10
10
10
10
10
10
10
10
10
10
10
10
10
10
10
10
10
10
10
10
10
10
10
10
10
10
10
10
10
10
10
10
10
10
10
10
10
10
10
10
10
10
10
10
10
10
10
10
10
10
10
10
10
10
10
10
10
10
10
10
10
10
10
10
10
10
10
10
10
10
10
10
10
10
10
10
10
10
10
10
10
10
10
10
10
10
10
10
10
10
10
10
10
10
10
10
10
10
10
10
10
10
10
10
10
10
10
10
10
10
10
10
10
10
10
10
10
10
10
10
10
10
10
10
10
10
10
10
10
10
10
10
10
10
10
10
10
10
10
10
10
10
10
10
10
10
10
10
10
10
10
10
10
10
10
10
10
10
10
10
10
10
10
10
10
10
10
10
10
10
10
10
10
10
10
10
10
10
10
10
10
10
10
10
10
10
10
10
10
10
10
10
10
10
10
10
10
10
10
10
10
10
10
10
10
10
10
10
10
10
10
10
10
10
10
10
10
10
10
10
10
10
10
10
10
10
10
10
10
10
10
10
10
10
10
10
10
10
10
10
10
10
10
10
10
10
10
10
10
10
10
10
10
10
10
10
10
10
10
10
10
10
10
10
10
10
10
10
10
10
10
10
10
10
10
10
10
10
10
10
10
10
10
10
10
10
10
10
10
10
10
10
10
10
10
10
10
10
10
10
10
10
10
10
10
10
10
10
10
10
10
10
10
10
10
10
10
10
10
10
10
10
10
10
10
10
10
10
10
10
10
10
10
10
10
10
10
10
10
10
10
10
10
10
10
10
10
10
10
10
10
10
10
10
10
10
10
10
10
10
10
10
10
10
10
10
10
10
10
10
10
10
10
10
10
10
10
10
10
10
10
10
10
10
10
10
10
10
10
10
10
10
10
10
10
10
10
10
10
10
10
10
10
10
10
10
10
10
10
10
10
10
10
10
10
10
10
10
10
10
10
10
10
10
10
10
10
10
10
10
10
10
10
10
10
10
10
10
10
10
10
10
10
10
10
10
10
10
10
10
10
10
10
10
10
10
10
10
10
10
10
10
10
10
10
10
10
10
10
10
10
10
10
10
10
10
10
10
10
10
10
10
10
10
10
10
10
10
10
10
10
10
10
10
10
10
10
10
10
10
10
10
10
10
10
10
10
10
10
10
10
10
10
10
10
10
10
10
10
10
10
10
10
10
10
10
10
10
10
10
10
10
10
10
10
10
10
10
10
10
10
10
10
10
10
10
10
10
10
10
10
10
10
10
10
10
10
10
10
10
10
10
10
10
10
10
10
10
10
10
10
10
10
10
10
10
10
10
10
10
10
10
10
10
10
10
10
10
10
10
10
10
10
10
10
10
10
10
10
10
10
10
10
10
10
10
10
10
10
10
10
10
10
10
10
10
10
10
10
10
10
10
10
10
10
10
10
10
10
10
10
10
10
10
10
10
10
10
10
10
10
10
10
10
10
10
10
10
10
10
10
10
10
10
10
10
10
10
10
10
10
10
10
10
10
10
10
10
10
10
10
10
10
10
10
10
10
10
10
10
10
10
10
10
10
10
10
10
10
10
10
10
10
10
10
10
10
10
10
10
10
10
10
10
10
10
10
10
10
10
10
10
10
10
10
10
10
10
10
10
10
10
10
10
10
10
10
10
10
10
10
10
10
10
10
10
10
10
10
10
10
10
10
10
10
10
10
10
10
10
10
10
10
10
10
10
10
10
10
10
10
10
10
10
10
10
10
10
10
10
10
10
10
10
10
10
10
10
10
10
10
10
10
10
10
10
10
10
10
10
10
10
10
10
10
10
10
10
10
10
10
10
10
10
10
10
10
10
10
10
10
10
10
10
10
10
10
10
10
10
10
10
10
10
10
10
10
10
10
10
10
10
10
10
10
10
10
10
10
10
10
10
10
10
10
10
10
10
10
10
10
10
10
10
10
10
10
10
10
10
10
10
10
10
10
10
10
10
10
10
10
10
10
10
10
10
10
10
10
10
10
10
10
10
10
10
10
10
10
10
10
10
10
10
10
10
10
10
10
10
10
10
10
10
10
10
10
10
10
10
10
10
10
10
10
10
10
10
10
10
10
10
10
10
10
10
10
10
10
10
10
10
10
10
10
10
10
10
10
10
10
10
10
10
10
10
10
10
10
10
10
10
10
10
10
10
10
10
10
10
10
10
10
10
10
10
10
10
10
10
10
10
10
10
10
10
10
10
10
10
10
10
10
10
10
10
10
10
10
10
10
10
10
10
10
10
10
10
10
10
10
10
10
10
10
10
10
10
10
10
10
10
10
10
10
10
10
10
10
10
10
10
10
10
10
10
10
10
10
10
10
10
10
10
10
10
10
10
10
10
10
10
10
10
10
10
10
10
10
10
10
10
10
10
10
10
10
10
10
10
10
10
10
10
10
10
10
10
10
10
10
10
10
10
10
10
10
10
10
10
10
10
10
10
10
10
10
10
10
10
10
10
10
10
10
10
10
10
10
10
10
10
10
10
10
10
10
10
10
10
10
10
10
10
10
10
10
10
10
10
10
10
10
10
10
10
10
10
10
10
10
10
10
10
10
10
10
10
10
10
10
10
10
10
10
10
10
10
10
10
10
10
10
10
10
10
10
10
10
10
10
10
10
10
10
10
10
10
10
10
10
10
10
10
10
10
10
10
10
10
10
10
10
10
10
10
10
10
10
10
10
10
10
10
10
10
10
10
10
10
10
10
10
10
10
10
10
10
10
10
10
10
10
10
10
10
10
10
10
10
10
10
10
10
10
10
10
10
10
10
10
10
10
10
10
10
10
10
10
10
10
10
10
10
10
10
10
10
10
10
10
10
10
10
10
10
10
10
10
10
10
10
10
10
10
10
10
10
10
10
10
10
10
10
10
10
10
10
10
10
10
10
10
10
10
10
10
10
10
10
10
10
10
10
10
10
10
10
10
10
10
10
10
10
10
10
10
10
10
10
10
10
10
10
10
10
10
10
10
10
10
10
10
10
10
10
10
10
10
10
10
10
10
10
10
10
10
10
10
10
10
10
10
10
10
10
10
10
10
10
10
10
10
10
10
10
10
10
10
10
10
10
10
10
10
10
10
10
10
10
10
10
10
10
10
10
10
10
10
10
10
10
10
10
10
10
10
10
10
10
10
10
10
10
10
10
10
10
10
10
10
10
10
10
10
10
10
10
10
10
10
10
10
10
10
10
10
10
10
10
10
10
10
10
10
10
10
10
10
10
10
10
10
10
10
10
10
10
10
10
10
10
10
10
10
10
10
10
10
10
10
10
10
10
10
10
10
10
10
10
10
10
10
10
10
10
10
10
10
10
10
10
10
10
10
10
10
10
10
10
10
10
10
10
10
10
10
10
10
10
10
10
10
10
10
10
10
10
10
10
10
10
10
10
10
10
10
10
10
10
10
10
10
10
10
10
10
10
10
10
10
10
10
10
10
10
10
10
10
10
10
10
10
10
10
10
10
10
10
10
10
10
10
10
10
10
10
10
10
10
10
10
10
10
10
10
10
10
10
10
10
10
10
10
10
10
10
10
10
10
10
10
10
10
10
10
10
10
10
10
10
10
10
10
10
10
10
10
10
10
10
10
10
10
10
10
10
10
10
10
10
10
10
10
10
10
10
10
10
10
10
10
10
10
10
10
10
10
10
10
10
10
10
10
10
10
10
10
10
10
10
10
10
10
10
10
10
10
10
10
10
10
10
10
10
10
10
10
10
10
10
10
10
10
10
10
10
10
10
10
10
10
10
10
10
10
10
10
10
10
10
10
10
10
10
10
10
10
10
10
10
10
10
10
10
10
10
10
10
10
10
10
10
10
10
10
10
10
10
10
10
10
10
10
10
10
10
10
10
10
10
10
10
10
10
10
10
10
10
10
10
10
10
10
10
10
10
10
10
10
10
10
10
10
10
10
10
10
10
10
10
10
10
10
10
10
10
10
10
10
10
10
10
10
10
10
10
10
10
10
10
10
10
10
10
10
10
10
10
10
10
10
10
10
10
10
10
10
10
10
10
10
10
10
10
10
10
10
10
10
10
10
10
10
10
10
10
10
10
10
10
10
10
10
10
10
10
10
10
10
10
10
10
10
10
10
10
10
10
10
10
10
10
10
10
10
10
10
10
10
10
10
10
10
10
10
10
10
10
10
10
10
10
10
10
10
10
10
10
10
10
10
10
10
10
10
10
10
10
10
10
10
10
10
10
10
10
10
10
10
10
10
10
10
10
10
10
10
10
10
10
10
10
10
10
10
10
10
10
10
10
10
10
10
10
10
10
10
10
10
10
10
10
10
10
10
10
10
10
10
10
10
10
10
10
10
10
10
10
10
10
10
10
10
10
10
10
10
10
10
10
10
10
10
10
10
10
10
10
10
10
10
10
10
10
10
10
10
10
10
10
10
10
10
10
10
10
10
10
10
10
10
10
10
10
10
10
10
10
10
10
10
10
10
10
10
10
10
10
10
10
10
10
10
10
10
10
10
10
10
10
10
10
10
10
10
10
10
10
10
10
10
10
10
10
10
10
10
10
10
10
10
10
10
10
10
10
10
10
10
10
10
10
10
10
10
10
10
10
10
10
10
10
10
10
10
10
10
10
10
10
10
10
10
10
10
10
10
10
10
10
10
10
10
10
10
10
10
10
10
10
10
10
10
10
10
10
10
10
10
10
10
10
10
10
10
10
10
10
10
10
10
10
10
10
10
10
10
10
10
10
10
10
10
10
10
10
10
10
10
10
10
10
10
10
10
10
10
10
10
10
10
10
10
10
10
10
10
10
10
10
10
10
10
10
10
10
10
10
10
10
10
10
10
10
10
10
10
10
10
10
10
10
10
10
10
10
10
10
10
10
10
10
10
10
10
10
10
10
10
10
10
10
10
10
10
10
10
10
10
10
10
10
10
10
10
10
10
10
10
10
10
10
10
10
10
10
10
10
10
10
10
10
10
10
10
10
10
10
10
10
10
10
10
10
10
10
10
10
10
10
10
10
10
10
10
10
10
10
10
10
10
10
10
10
10
10
10
10
10
10
10
10
10
10
10
10
10
10
10
10
10
10
10
10
10
10
10
10
10
10
10
10
10
10
10
10
10
10
10
10
10
10
10
10
10
10
10
10
10
10
10
10
10
10
10
10
10
10
10
10
10
10
10
10
10
10
10
10
10
10
10
10
10
10
10
10
10
10
10
10
10
10
10
10
10
10
10
10
10
10
10
10
10
10
10
10
10
10
10
10
10
10
10
10
10
10
10
10
10
10
10
10
10
10
10
10
10
10
10
10
10
10
10
10
10
10
10
10
10
10
10
10
10
10
10
10
10
10
10
10
10
10
10
10
10
10
10
10
10
10
10
10
10
10
10
10
10
10
10
10
10
10
10
10
10
10
10
10
10
10
10
10
10
10
10
10
10
10
10
10
10
10
10
10
10
10
10
10
10
10
10
10
10
10
10
10
10
10
10
10
10
10
10
10
10
10
10
10
10
10
10
10
10
10
10
10
10
10
10
10
10
10
10
10
10
10
10
10
10
10
10
10
10
10
10
10
10
10
10
10
10
10
10
10
10
10
10
10
10
10
10
10
10
10
10
10
10
10
10
10
10
10
10
10
10
10
10
10
10
10
10
10
10
10
10
10
10
10
10
10
10
10
10
10
10
10
10
10
10
10
10
10
10
10
10
10
10
10
10
10
10
10
10
10
10
10
10
10
10
10
10
10
10
10
10
10
10
10
10
10
10
10
10
10
10
10
10
10
10
10
10
10
10
10
10
10
10
10
10
10
10
10
10
10
10
10
10
10
10
10
10
10
10
10
10
10
10
10
10
10
10
10
10
10
10
10
10
10
10
10
10
10
10
10
10
10
10
10
10
10
10
10
10
10
10
10
10
10
10
10
10
10
10
10
10
10
10
10
10
10
10
10
10
10
10
10
10
10
10
10
10
10
10
10
10
10
10
10
10
10
10
10
10
10
10
10
10
10
10
10
10
10
10
10
10
10
10
10
10
10
10
10
10
10
10
10
10
10
10
10
10
10
10
10
10
10
10
10
10
10
10
10
10
10
10
10
10
10
10
10
10
10
10
10
10
10
10
10
10
10
10
10
10
10
10
10
10
10
10
10
10
10
10
10
10
10
10
10
10
10
10
10
10
10
10
10
10
10
10
10
10
10
10
10
10
10
10
10
10
10
10
10
10
10
10
10
10
10
10
10
10
10
10
10
10
10
10
10
10
10
10
10
10
10
10
10
10
10
10
10
10
10
10
10
10
10
10
10
10
10
10
10
10
10
10
10
10
10
10
10
10
10
10
10
10
10
10
10
10
10
10
10
10
10
10
10
10
10
10
10
10
10
10
10
10
10
10
10
10
10
10
10
10
10
10
10
10
10
10
10
10
10
10
10
10
10
10
10
10
10
10
10
10
10
10
10
10
10
10
10
10
10
10
10
10
10
10
10
10
10
10
10
10
10
10
10
10
10
10
10
10
10
10
10
10
10
10
10
10
10
10
10
10
10
10
10
10
10
10
10
10
10
10
10
10
10
10
10
10
10
10
10
10
10
10
10
10
10
10
10
10
10
10
10
10
10
10
10
10
10
10
10
10
10
10
10
10
10
10
10
10
10
10
10
10
10
10
10
10
10
10
10
10
10
10
10
10
10
10
10
10
10
10
10
10
10
10
10
10
10
10
10
10
10
10
10
10
10
10
10
10
10
10
10
10
10
10
10
10
10
10
10
10
10
10
10
10
10
10
10
10
10
10
10
10
10
10
10
10
10
10
10
10
10
10
10
10
10
10
10
10
10
10
10
10
10
10
10
10
10
10
10
10
10
10
10
10
10
10
10
10
10
10
10
10
10
10
10
10
10
10
10
10
10
10
10
10
10
10
10
10
10
10
10
10
10
10
10
10
10
10
10
10
10
10
10
10
10
10
10
10
10
10
10
10
10
10
10
10
10
10
10
10
10
10
10
10
10
10
10
10
10
10
10
10
10
10
10
10
10
10
10
10
10
10
10
10
10
10
10
10
10
10
10
10
10
10
10
10
10
10
10
10
10
10
10
10
10
10
10
10
10
10
10
10
10
10
10
10
10
10
10
10
10
10
10
10
10
10
10
10
10
10
10
10
10
10
10
10
10
10
10
10
10
10
10
10
10
10
10
10
10
10
10
10
10
10
10
10
10
10
10
10
10
10
10
10
10
10
10
10
10
10
10
10
10
10
10
10
10
10
10
10
10
10
10
10
10
10
10
10
10
10
10
10
10
10
10
10
10
10
10
10
10
10
10
10
10
10
10
10
10
10
10
10
10
10
10
10
10
10
10
10
10
10
10
10
10
10
10
10
10
10
10
10
10
10
10
10
10
10
10
10
10
10
10
10
10
10
10
10
10
10
10
10
10
10
10
10
10
10
10
10
10
10
10
10
10
10
10
10
10
10
10
10
10
10
10
10
10
10
10
10
10
10
10
10
10
10
10
10
10
10
10
10
10
10
10
10
10
10
10
10
10
10
10
10
10
10
10
10
10
10
10
10
10
10
10
10
10
10
10
10
10
10
10
10
10
10
10
10
10
10
10
10
10
10
10
10
10
10
10
10
10
10
10
10
10
10
10
10
10
10
10
10
10
10
10
10
10
10
10
10
10
10
10
10
10
10
10
10
10
10
10
10
10
10
10
10
10
10
10
10
10
10
10
10
10
10
10
10
10
10
10
10
10
10
10
10
10
10
10
10
10
10
10
10
10
10
10
10
10
10
10
10
10
10
10
10
10
10
10
10
10
10
10
10
10
10
10
10
10
10
10
10
10
10
10
10
10
10
10
10
10
10
10
10
10
10
10
10
10
10
10
10
10
10
10
10
10
10
10
10
10
10
10
10
10
10
10
10
10
10
10
10
10
10
10
10
10
10
10
10
10
10
10
10
10
10
10
10
10
10
10
10
10
10
10
10
10
10
10
10
10
10
10
10
10
10
10
10
10
10
10
10
10
10
10
10
10
10
10
10
10
10
10
10
10
10
10
10
10
10
10
10
10
10
10
10
10
10
10
10
10
10
10
10
10
10
10
10
10
10
10
10
10
10
10
10
10
10
10
10
10
10
10
10
10
10
10
10
10
10
10
10
10
10
10
10
10
10
10
10
10
10
10
10
10
10
10
10
10
10
10
10
10
10
10
10
10
10
10
10
10
10
10
10
10
10
10
10
10
10
10
10
10
10
10
10
10
10
10
10
10
10
10
10
10
10
10
10
10
10
10
10
10
10
10
10
10
10
10
10
10
10
10
10
10
10
10
10
10
10
10
10
10
10
10
10
10
10
10
10
10
10
10
10
10
10
10
10
10
10
10
10
10
10
10
10
10
10
10
10
10
10
10
10
10
10
10
10
10
10
10
10
10
10
10
10
10
10
10
10
10
10
10
10
10
10
10
10
10
10
10
10
10
10
10
10
10
10
10
10
10
10
10
10
10
10
10
10
10
10
10
10
10
10
10
10
10
10
10
10
10
10
10
10
10
10
10
10
10
10
10
10
10
10
10
10
10
10
10
10
10
10
10
10
10
10
10
10
10
10
10
10
10
10
10
10
10
10
10
10
10
10
10
10
10
10
10
10
10
10
10
10
10
10
10
10
10
10
10
10
10
10
10
10
10
10
10
10
10
10
10
10
10
10
10
10
10
10
10
10
10
10
10
10
10
10
10
10
10
10
10
10
10
10
10
10
10
10
10
10
10
10
10
10
10
10
10
10
10
10
10
10
10
10
10
10
10
10
10
10
10
10
10
10
10
10
10
10
10
10
10
10
10
10
10
10
10
10
10
10
10
10
10
10
10
10
10
10
10
10
10
10
10
10
10
10
10
10
10
10
10
10
10
10
10
10
10
10
10
10
10
10
10
10
10
10
10
10
10
10
10
10
10
10
10
10
10
10
10
10
10
10
10
10
10
10
10
10
10
10
10
10
10
10
10
10
10
10
10
10
10
10
10
10
10
10
10
10
10
10
10
10
10
10
10
10
10
10
10
10
10
10
10
10
10
10
10
10
10
10
10
10
10
10
10
10
10
10
10
10
10
10
10
10
10
10
10
10
10
10
10
10
10
10
10
10
10
10
10
10
10
10
10
10
10
10
10
10
10
10
10
10
10
10
10
10
10
10
10
10
10
10
10
10
10
10
10
10
10
10
10
10
10
10
10
10
10
10
10
10
10
10
10
10
10
10
10
10
10
10
10
10
10
10
10
10
10
10
10
10
10
10
10
10
10
10
10
10
10
10
10
10
10
10
10
10
10
10
10
10
10
10
10
10
10
10
10
10
10
10
10
10
10
10
10
10
10
10
10
10
10
10
10
10
10
10
10
10
10
10
10
10
10
10
10
10
10
10
10
10
10
10
10
10
10
10
10
10
10
10
10
10
10
10
10
10
10
10
10
10
10
10
10
10
10
10
10
10
10
10
10
10
10
10
10
10
10
10
10
10
10
10
10
10
10
10
10
10
10
10
10
10
10
10
10
10
10
10
10
10
10
10
10
10
10
10
10
10
10
10
10
10
10
10
10
10
10
10
10
10
10
10
10
10
10
10
10
10
10
10
10
10
10
10
10
10
10
10
10
10
10
10
10
10
10
10
10
10
10
10
10
10
10
10
10
10
10
10
10
10
10
10
10
10
10
10
10
10
10
10
10
10
10
10
10
10
10
10
10
10
10
10
10
10
10
10
10
10
10
10
10
10
10
10
10
10
10
10
10
10
10
10
10
10
10
10
10
10
10
10
10
10
10
10
10
10
10
10
10
10
10
10
10
10
10
10
10
10
10
10
10
10
10
10
10
10
10
10
10
10
10
10
10
10
10
10
10
10
10
10
10
10
10
10
10
10
10
10
10
10
10
10
10
10
10
10
10
10
10
10
10
10
10
10
10
10
10
10
10
10
10
10
10
10
10
10
10
10
10
10
10
10
10
10
10
10
10
10
10
10
10
10
10
10
10
10
10
10
10
10
10
10
10
10
10
10
10
10
10
10
10
10
10
10
10
10
10
10
10
10
10
10
10
10
10
10
10
10
10
10
10
10
10
10
10
10
10
10
10
10
10
10
10
10
10
10
10
10
10
10
10
10
10
10
10
10
10
10
10
10
10
10
10
10
10
10
10
10
10
10
10
10
10
10
10
10
10
10
10
10
10
10
10
10
10
10
10
10
10
10
10
10
10
10
10
10
10
10
10
10
10
10
10
10
10
10
10
10
10
10
10
10
10
10
10
10
10
10
10
10
10
10
10
10
10
10
10
10
10
10
10
10
10
10
10
10
10
10
10
10
10
10
10
10
10
10
10
10
10
10
10
10
10
10
10
10
10
10
10
10
10
10
10
10
10
10
10
10
10
10
10
10
10
10
10
10
10
10
10
10
10
10
10
10
10
10
10
10
10
10
10
10
10
10
10
10
10
10
10
10
10
10
10
10
10
10
10
10
10
10
10
10
10
10
10
10
10
10
10
10
10
10
10
10
10
10
10
10
10
10
10
10
10
10
10
10
10
10
10
10
10
10
10
10
10
10
10
10
10
10
10
10
10
10
10
10
10
10
10
10
10
10
10
10
10
10
10
10
10
10
10
10
10
10
10
10
10
10
10
10
10
10
10
10
10
10
10
10
10
10
10
10
10
10
10
10
10
10
10
10
10
10
10
10
10
10
10
10
10
10
10
10
10
10
10
10
10
10
10
10
10
10
10
10
10
10
10
10
10
10
10
10
10
10
10
10
10
10
10
10
10
10
10
10
10
10
10
10
10
10
10
10
10
10
10
10
10
10
10
10
10
10
10
10
10
10
10
10
10
10
10
10
10
10
10
10
10
10
10
10
10
10
10
10
10
10
10
10
10
10
10
10
10
10
10
10
10
10
10
10
10
10
10
10
10
10
10
10
10
10
10
10
10
10
10
10
10
10
10
10
10
10
10
10
10
10
10
10
10
10
10
10
10
10
10
10
10
10
10
10
10
10
10
10
10
10
10
10
10
10
10
10
10
10
10
10
10
10
10
10
10
10
10
10
10
10
10
10
10
10
10
10
10
10
10
10
10
10
10
10
10
10
10
10
10
10
10
10
10
10
10
10
10
10
10
10
10
10
10
10
10
10
10
10
10
10
10
10
10
10
10
10
10
10
10
10
10
10
10
10
10
10
10
10
10
10
10
10
10
10
10
10
10
10
10
10
10
10
10
10
10
10
10
10
10
10
10
10
10
10
10
10
10
10
10
10
10
10
10
10
10
10
10
10
10
10
10
10
10
10
10
10
10
10
10
10
10
10
10
10
10
10
10
10
10
10
10
10
10
10
10
10
10
10
10
10
10
10
10
10
10
10
10
10
10
10
10
10
10
10
10
10
10
10
10
10
10
10
10
10
10
10
10
10
10
10
10
10
10
10
10
10
10
10
10
10
10
10
10
10
10
10
10
10
10
10
10
10
10
10
10
10
10
10
10
10
10
10
10
10
10
10
10
10
10
10
10
10
10
10
10
10
10
10
10
10
10
10
10
10
10
10
10
10
10
10
10
10
10
10
10
10
10
10
10
10
10
10
10
10
10
10
10
10
10
10
10
10
10
10
10
10
10
10
10
10
10
10
10
10
10
10
10
10
10
10
10
10
10
10
10
10
10
10
10
10
10
10
10
10
10
10
10
10
10
10
10
10
10
10
10
10
10
10
10
10
10
10
10
10
10
10
10
10
10
10
10
10
10
10
10
10
10
10
10
10
10
10
10
10
10
10
10
10
10
10
10
10
10
10
10
10
10
10
10
10
10
10
10
10
10
10
10
10
10
10
10
10
10
10
10
10
10
10
10
10
10
10
10
10
10
10
10
10
10
10
10
10
10
10
10
10
10
10
10
10
10
10
10
10
10
10
10
10
10
10
10
10
10
10
10
10
10
10
10
10
10
10
10
10
10
10
10
10
10
10
10
10
10
10
10
10
10
10
10
10
10
10
10
10
10
10
10
10
10
10
10
10
10
10
10
10
10
10
10
10
10
10
10
10
10
10
10
10
10
10
10
10
10
10
10
10
10
10
10
10
10
10
10
10
10
10
10
10
10
10
10
10
10
10
10
10
10
10
10
10
10
10
10
10
10
10
10
10
10
10
10
10
10
10
10
10
10
10
10
10
10
10
10
10
10
10
10
10
10
10
10
10
10
10
10
10
10
10
10
10
10
10
10
10
10
10
10
10
10
10
10
10
10
10
10
10
10
10
10
10
10
10
10
10
10
10
10
10
10
10
10
10
10
10
10
10
10
10
10
10
10
10
10
10
10
10
10
10
10
10
10
10
10
10
10
10
10
10
10
10
10
10
10
10
10
10
10
10
10
10
10
10
10
10
10
10
10
10
10
10
10
10
10
10
10
10
10
10
10
10
10
10
10
10
10
10
10
10
10
10
10
10
10
10
10
10
10
10
10
10
10
10
10
10
10
10
10
10
10
10
10
10
10
10
10
10
10
10
10
10
10
10
10
10
10
10
10
10
10
10
10
10
10
10
10
10
10
10
10
10
10
10
10
10
10
10
10
10
10
10
10
10
10
10
10
10
10
10
10
10
10
10
10
10
10
10
10
10
10
10
10
10
10
10
10
10
10
10
10
10
10
10
10
10
10
10
10
10
10
10
10
10
10
10
10
10
10
10
10
10
10
10
10
10
10
10
10
10
10
10
10
10
10
10
10
10
10
10
10
10
10
10
10
10
10
10
10
10
10
10
10
10
10
10
10
10
10
10
10
10
10
10
10
10
10
10
10
10
10
10
10
10
10
10
10
10
10
10
10
10
10
10
10
10
10
10
10
10
10
10
10
10
10
10
10
10
10
10
10
10
10
10
10
10
10
10
10
10
10
10
10
10
10
10
10
10
10
10
10
10
10
10
10
10
10
10
10
10
10
10
10
10
10
10
10
10
10
10
10
10
10
10
10
10
10
10
10
10
10
10
10
10
10
10
10
10
10
10
10
10
10
10
10
10
10
10
10
10
10
10
10
10
10
10
10
10
10
10
10
10
10
10
10
10
10
10
10
10
10
10
10
10
10
10
10
10
10
10
10
10
10
10
10
10
10
10
10
10
10
10
10
10
10
10
10
10
10
10
10
10
10
10
10
10
10
10
10
10
10
10
10
10
10
10
10
10
10
10
10
10
10
10
10
10
10
10
10
10
10
10
10
10
10
10
10
10
10
10
10
10
10
10
10
10
10
10
10
10
10
10
10
10
10
10
10
10
10
10
10
10
10
10
10
10
10
10
10
10
10
10
10
10
10
10
10
10
10
10
10
10
10
10
10
10
10
10
10
10
10
10
10
10
10
10
10
10
10
10
10
10
10
10
10
10
10
10
10
10
10
10
10
10
10
10
10
10
10
10
10
10
10
10
10
10
10
10
10
10
10
10
10
10
10
10
10
10
10
10
10
10
10
10
10
10
10
10
10
10
10
10
10
10
10
10
10
10
10
10
10
10
10
10
10
10
10
10
10
10
10
10
10
10
10
10
10
10
10
10
10
10
10
10
10
10
10
10
10
10
10
10
10
10
10
10
10
10
10
10
10
10
10
10
10
10
10
10
10
10
10
10
10
10
10
10
10
10
10
10
10
10
10
10
10
10
10
10
10
10
10
10
10
10
10
10
10
10
10
10
10
10
10
10
10
10
10
10
10
10
10
10
10
10
10
10
10
10
10
10
10
10
10
10
10
10
10
10
10
10
10
10
10
10
10
10
10
10
10
10
10
10
10
10
10
10
10
10
10
10
10
10
10
10
10
10
10
10
10
10
10
10
10
10
10
10
10
10
10
10
10
10
10
10
10
10
10
10
10
10
10
10
10
10
10
10
10
10
10
10
10
10
10
10
10
10
10
10
10
10
10
10
10
10
10
10
10
10
10
10
10
10
10
10
10
10
10
10
10
10
10
10
10
10
10
10
10
10
10
10
10
10
10
10
10
10
10
10
10
10
10
10
10
10
10
10
10
10
10
10
10
10
10
10
10
10
10
10
10
10
10
10
10
10
10
10
10
10
10
10
10
10
10
10
10
10
10
10
10
10
10
10
10
10
10
10
10
10
10
10
10
10
10
10
10
10
10
10
10
10
10
10
10
10
10
10
10
10
10
10
10
10
10
10
10
10
10
10
10
10
10
10
10
10
10
10
10
10
10
10
10
10
10
10
10
10
10
10
10
10
10
10
10
10
10
10
10
10
10
10
10
10
10
10
10
10
10
10
10
10
10
10
10
10
10
10
10
10
10
10
10
10
10
10
10
10
10
10
10
10
10
10
10
10
10
10
10
10
10
10
10
10
10
10
10
10
10
10
10
10
10
10
10
10
10
10
10
10
10
10
10
10
10
10
10
10
10
10
10
10
10
10
10
10
10
10
10
10
10
10
10
10
10
10
10
10
10
10
10
10
10
10
10
10
10
10
10
10
10
10
10
10
10
10
10
10
10
10
10
10
10
10
10
10
10
10
10
10
10
10
10
10
10
10
10
10
10
10
10
10
10
10
10
10
10
10
10
10
10
10
10
10
10
10
10
10
10
10
10
10
10
10
10
10
10
10
10
10
10
10
10
10
10
10
10
10
10
10
10
10
10
10
10
10
10
10
10
10
10
10
10
10
10
10
10
10
10
10
10
10
10
10
10
10
10
10
10
10
10
10
10
10
10
10
10
10
10
10
10
10
10
10
10
10
10
10
10
10
10
10
10
10
10
10
10
10
10
10
10
10
10
10
10
10
10
10
10
10
10
10
10
10
10
10
10
10
10
10
10
10
10
10
10
10
10
10
10
10
10
10
10
10
10
10
10
10
10
10
10
10
10
10
10
10
10
10
10
10
10
10
10
10
10
10
10
10
10
10
10
10
10
10
10
10
10
10
10
10
10
10
10
10
10
10
10
10
10
10
10
10
10
10
10
10
10
10
10
10
10
10
10
10
10
10
10
10
10
10
10
10
10
10
10
10
10
10
10
10
10
10
10
10
10
10
10
10
10
10
10
10
10
10
10
10
10
10
10
10
10
10
10
10
10
10
10
10
10
10
10
10
10
10
10
10
10
10
10
10
10
10
10
10
10
10
10
10
10
10
10
10
10
10
10
10
10
10
10
10
10
10
10
10
10
10
10
10
10
10
10
10
10
10
10
10
10
10
10
10
10
10
10
10
10
10
10
10
10
10
10
10
10
10
10
10
10
10
10
10
10
10
10
10
10
10
10
10
10
10
10
10
10
10
10
10
10
10
10
10
10
10
10
10
10
10
10
10
10
10
10
10
10
10
10
10
10
10
10
10
10
10
10
10
10
10
10
10
10
10
10
10
10
10
10
10
10
10
10
10
10
10
10
10
10
10
10
10
10
10
10
10
10
10
10
10
10
10
10
10
10
10
10
10
10
10
10
10
10
10
10
10
10
10
10
10
10
10
10
10
10
10
10
10
10
10
10
10
10
10
10
10
10
10
10
10
10
10
10
10
10
10
10
10
10
10
10
10
10
10
10
10
10
10
10
10
10
10
10
10
10
10
10
10
10
10
10
10
10
10
10
10
10
10
10
10
10
10
10
10
10
10
10
10
10
10
10
10
10
10
10
10
10
10
10
10
10
10
10
10
10
10
10
10
10
10
10
10
10
10
10
10
10
10
10
10
10
10
10
10
10
10
10
10
10
10
10
10
10
10
10
10
10
10
10
10
10
10
10
10
10
10
10
10
10
10
10
10
10
10
10
10
10
10
10
10
10
10
10
10
10
10
10
10
10
10
10
10
10
10
10
10
10
10
10
10
10
10
10
10
10
10
10
10
10
10
10
10
10
10
10
10
10
10
10
10
10
10
10
10
10
10
10
10
10
10
10
10
10
10
10
10
10
10
10
10
10
10
10
10
10
10
10
10
10
10
10
10
10
10
10
10
10
10
10
10
10
10
10
10
10
10
10
10
10
10
10
10
10
10
10
10
10
10
10
10
10
10
10
10
10
10
10
10
10
10
10
10
10
10
10
10
10
10
10
10
10
10
10
10
10
10
10
10
10
10
10
10
10
10
10
10
10
10
10
10
10
10
10
10
10
10
10
10
10
10
10
10
10
10
10
10
10
10
10
10
10
10
10
10
10
10
10
10
10
10
10
10
10
10
10
10
10
10
10
10
10
10
10
10
10
10
10
10
10
10
10
10
10
10
10
10
10
10
10
10
10
10
10
10
10
10
10
10
10
10
10
10
10
10
10
10
10
10
10
10
10
10
10
10
10
10
10
10
10
10
10
10
10
10
10
10
10
10
10
10
10
10
10
10
10
10
10
10
10
10
10
10
10
10
10
10
10
10
10
10
10
10
10
10
10
10
10
10
10
10
10
10
10
10
10
10
10
10
10
10
10
10
10
10
10
10
10
10
10
10
10
10
10
10
10
10
10
10
10
10
10
10
10
10
10
10
10
10
10
10
10
10
10
10
10
10
10
10
10
10
10
10
10
10
10
10
10
10
10
10
10
10
10
10
10
10
10
10
10
10
10
10
10
10
10
10
10
10
10
10
10
10
10
10
10
10
10
10
10
10
10
10
10
10
10
10
10
10
10
10
10
10
10
10
10
10
10
10
10
10
10
10
10
10
10
10
10
10
10
10
10
10
10
10
10
10
10
10
10
10
10
10
10
10
10
10
10
10
10
10
10
10
10
10
10
10
10
10
10
10
10
10
10
10
10
10
10
10
10
10
10
10
10
10
10
10
10
10
10
10
10
10
10
10
10
10
10
10
10
10
10
10
10
10
10
10
10
10
10
10
10
10
10
10
10
10
10
10
10
10
10
10
10
10
10
10
10
10
10
10
10
10
10
10
10
10
10
10
10
10
10
10
10
10
10
10
10
10
10
10
10
10
10
10
10
10
10
10
10
10
10
10
10
10
10
10
10
10
10
10
10
10
10
10
10
10
10
10
10
10
10
10
10
10
10
10
10
10
10
10
10
10
10
10
10
10
10
10
10
10
10
10
10
10
10
10
10
10
10
10
10
10
10
10
10
10
10
10
10
10
10
10
10
10
10
10
10
10
10
10
10
10
10
10
10
10
10
10
10
10
10
10
10
10
10
10
10
10
10
10
10
10
10
10
10
10
10
10
10
10
10
10
10
10
10
10
10
10
10
10
10
10
10
10
10
10
10
10
10
10
10
10
10
10
10
10
10
10
10
10
10
10
10
10
10
10
10
10
10
10
10
10
10
10
10
10
10
10
10
10
10
10
10
10
10
10
10
10
10
10
10
10
10
10
10
10
10
10
10
10
10
10
10
10
10
10
10
10
10
10
10
10
10
10
10
10
10
10
10
10
10
10
10
10
10
10
10
10
10
10
10
10
10
10
10
10
10
10
10
10
10
10
10
10
10
10
10
10
10
10
10
10
10
10
10
10
10
10
10
10
10
10
10
10
10
10
10
10
10
10
10
10
10
10
10
10
10
10
10
10
10
10
10
10
10
10
10
10
10
10
10
10
10
10
10
10
10
10
10
10
10
10
10
10
10
10
10
10
10
10
10
10
10
10
10
10
10
10
10
10
10
10
10
10
10
10
10
10
10
10
10
10
10
10
10
10
10
10
10
10
10
10
10
10
10
10
10
10
10
10
10
10
10
10
10
10
10
10
10
10
10
10
10
10
10
10
10
10
10
10
10
10
10
10
10
10
10
10
10
10
10
10
10
10
10
10
10
10
10
10
10
10
10
10
10
10
10
10
10
10
10
10
10
10
10
10
10
10
10
10
10
10
10
10
10
10
10
10
10
10
10
10
10
10
10
10
10
10
10
10
10
10
10
10
10
10
10
10
10
10
10
10
10
10
10
10
10
10
10
10
10
10
10
10
10
10
10
10
10
10
10
10
10
10
10
10
10
10
10
10
10
10
10
10
10
10
10
10
10
10
10
10
10
10
10
10
10
10
10
10
10
10
10
10
10
10
10
10
10
10
10
10
10
10
10
10
10
10
10
10
10
10
10
10
10
10
10
10
10
10
10
10
10
10
10
10
10
10
10
10
10
10
10
10
10
10
10
10
10
10
10
10
10
10
10
10
10
10
10
10
10
10
10
10
10
10
10
10
10
10
10
10
10
10
10
10
10
10
10
10
10
10
10
10
10
10
10
10
10
10
10
10
10
10
10
10
10
10
10
10
10
10
10
10
10
10
10
10
10
10
10
10
10
10
10
10
10
10
10
10
10
10
10
10
10
10
10
10
10
10
10
10
10
10
10
10
10
10
10
10
10
10
10
10
10
10
10
10
10
10
10
10
10
10
10
10
10
10
10
10
10
10
10
10
10
10
10
10
10
10
10
10
10
10
10
10
10
10
10
10
10
10
10
10
10
10
10
10
10
10
10
10
10
10
10
10
10
10
10
10
10
10
10
10
10
10
10
10
10
10
10
10
10
10
10
10
10
10
10
10
10
10
10
10
10
10
10
10
10
10
10
10
10
10
10
10
10
10
10
10
10
10
10
10
10
10
10
10
10
10
10
10
10
10
10
10
10
10
10
10
10
10
10
10
10
10
10
10
10
10
10
10
10
10
10
10
10
10
10
10
10
10
10
10
10
10
10
10
10
10
10
10
10
10
10
10
10
10
10
10
10
10
10
10
10
10
10
10
10
10
10
10
10
10
10
10
10
10
10
10
10
10
10
10
10
10
10
10
10
10
10
10
10
10
10
10
10
10
10
10
10
10
10
10
10
10
10
10
10
10
10
10
10
10
10
10
10
10
10
10
10
10
10
10
10
10
10
10
10
10
10
10
10
10
10
10
10
10
10
10
10
10
10
10
10
10
10
10
10
10
10
10
10
10
10
10
10
10
10
10
10
10
10
10
10
10
10
10
10
10
10
10
10
10
10
10
10
10
10
10
10
10
10
10
10
10
10
10
10
10
10
10
10
10
10
10
10
10
10
10
10
10
10
10
10
10
10
10
10
10
10
10
10
10
10
10
10
10
10
10
10
10
10
10
10
10
10
10
10
10
10
10
10
10
10
10
10
10
10
10
10
10
10
10
10
10
10
10
10
10
10
10
10
10
10
10
10
10
10
10
10
10
10
10
10
10
10
10
10
10
10
10
10
10
10
10
10
10
10
10
10
10
10
10
10
10
10
10
10
10
10
10
10
10
10
10
10
10
10
10
10
10
10
10
10
10
10
10
10
10
10
10
10
10
10
10
10
10
10
10
10
10
10
10
10
10
10
10
10
10
10
10
10
10
10
10
10
10
10
10
10
10
10
10
10
10
10
10
10
10
10
10
10
10
10
10
10
10
10
10
10
10
10
10
10
10
10
10
10
10
10
10
10
10
10
10
10
10
10
10
10
10
10
10
10
10
10
10
10
10
10
10
10
10
10
10
10
10
10
10
10
10
10
10
10
10
10
10
10
10
10
10
10
10
10
10
10
10
10
10
10
10
10
10
10
10
10
10
10
10
10
10
10
10
10
10
10
10
10
10
10
10
10
10
10
10
10
10
10
10
10
10
10
10
10
10
10
10
10
10
10
10
10
10
10
10
10
10
10
10
10
10
10
10
10
10
10
10
10
10
10
10
10
10
10
10
10
10
10
10
10
10
10
10
10
10
10
10
10
10
10
10
10
10
10
10
10
10
10
10
10
10
10
10
10
10
10
10
10
10
10
10
10
10
10
10
10
10
10
10
10
10
10
10
10
10
10
10
10
10
10
10
10
10
10
10
10
10
10
10
10
10
10
10
10
10
10
10
10
10
10
10
10
10
10
10
10
10
10
10
10
10
10
10
10
10
10
10
10
10
10
10
10
10
10
10
10
10
10
10
10
10
10
10
10
10
10
10
10
10
10
10
10
10
10
10
10
10
10
10
10
10
10
10
10
10
10
10
10
10
10
10
10
10
10
10
10
10
10
10
10
10
10
10
10
10
10
10
10
10
10
10
10
10
10
10
10
10
10
10
10
10
10
10
10
10
10
10
10
10
10
10
10
10
10
10
10
10
10
10
10
10
10
10
10
10
10
10
10
10
10
10
10
10
10
10
10
10
10
10
10
10
10
10
10
10
10
10
10
10
10
10
10
10
10
10
10
10
10
10
10
10
10
10
10
10
10
10
10
10
10
10
10
10
10
10
10
10
10
10
10
10
10
10
10
10
10
10
10
10
10
10
10
10
10
10
10
10
10
10
10
10
10
10
10
10
10
10
10
10
10
10
10
10
10
10
10
10
10
10
10
10
10
10
10
10
10
10
10
10
10
10
10
10
10
10
10
10
10
10
10
10
10
10
10
10
10
10
10
10
10
10
10
10
10
10
10
10
10
10
10
10
10
10
10
10
10
10
10
10
10
10
10
10
10
10
10
10
10
10
10
10
10
10
10
10
10
10
10
10
10
10
10
10
10
10
10
10
10
10
10
10
10
10
10
10
10
10
10
10
10
10
10
10
10
10
10
10
10
10
10
10
10
10
10
10
10
10
10
10
10
10
10
10
10
10
10
10
10
10
10
10
10
10
10
10
10
10
10
10
10
10
10
10
10
10
10
10
10
10
10
10
10
10
10
10
10
10
10
10
10
10
10
10
10
10
10
10
10
10
10
10
10
10
10
10
10
10
10
10
10
10
10
10
10
10
10
10
10
10
10
10
10
10
10
10
10
10
10
10
10
10
10
10
10
10
10
10
10
10
10
10
10
10
10
10
10
10
10
10
10
10
10
10
10
10
10
10
10
10
10
10
10
10
10
10
10
10
10
10
10
10
10
10
10
10
10
10
10
10
10
10
10
10
10
10
10
10
10
10
10
10
10
10
10
10
10
10
10
10
10
10
10
10
10
10
10
10
10
10
10
10
10
10
10
10
10
10
10
10
10
10
10
10
10
10
10
10
10
10
10
10
10
10
10
10
10
10
10
10
10
10
10
10
10
10
10
10
10
10
10
10
10
10
10
10
10
10
10
10
10
10
10
10
10
10
10
10
10
10
10
10
10
10
10
10
10
10
10
10
10
10
10
10
10
10
10
10
10
10
10
10
10
10
10
10
10
10
10
10
10
10
10
10
10
10
10
10
10
10
10
10
10
10
10
10
10
10
10
10
10
10
10
10
10
10
10
10
10
10
10
10
10
10
10
10
10
10
10
10
10
10
10
10
10
10
10
10
10
10
10
10
10
10
10
10
10
10
10
10
10
10
10
10
10
10
10
10
10
10
10
10
10
10
10
10
10
10
10
10
10
10
10
10
10
10
10
10
10
10
10
10
10
10
10
10
10
10
10
10
10
10
10
10
10
10
10
10
10
10
10
10
10
10
10
10
10
10
10
10
10
10
10
10
10
10
10
10
10
10
10
10
10
10
10
10
10
10
10
10
10
10
10
10
10
10
10
10
10
10
10
10
10
10
10
10
10
10
10
10
10
10
10
10
10
10
10
10
10
10
10
10
10
10
10
10
10
10
10
10
10
10
10
10
10
10
10
10
10
10
10
10
10
10
10
10
10
10
10
10
10
10
10
10
10
10
10
10
10
10
10
10
10
10
10
10
10
10
10
10
10
10
10
10
10
10
10
10
10
10
10
10
10
10
10
10
10
10
10
10
10
10
10
10
10
10
10
10
10
10
10
10
10
10
10
10
10
10
10
10
10
10
10
10
10
10
10
10
10
10
10
10
10
10
10
10
10
10
10
10
10
10
10
10
10
10
10
10
10
10
10
10
10
10
10
10
10
10
10
10
10
10
10
10
10
10
10
10
10
10
10
10
10
10
10
10
10
10
10
10
10
10
10
10
10
10
10
10
10
10
10
10
10
10
10
10
10
10
10
10
10
10
10
10
10
10
10
10
10
10
10
10
10
10
10
10
10
10
10
10
10
10
10
10
10
10
10
10
10
10
10
10
10
10
10
10
10
10
10
10
10
10
10
10
10
10
10
10
10
10
10
10
10
10
10
10
10
10
10
10
10
10
10
10
10
10
10
10
10
10
10
10
10
10
10
10
10
10
10
10
10
10
10
10
10
10
10
10
10
10
10
10
10
10
10
10
10
10
10
10
10
10
10
10
10
10
10
10
10
10
10
10
10
10
10
10
10
10
10
10
10
10
10
10
10
10
10
10
10
10
10
10
10
10
10
10
10
10
10
10
10
10
10
10
10
10
10
10
10
10
10
10
10
10
10
10
10
10
10
10
10
10
10
10
10
10
10
10
10
10
10
10
10
10
10
10
10
10
10
10
10
10
10
10
10
10
10
10
10
10
10
10
10
10
10
10
10
10
10
10
10
10
10
10
10
10
10
10
10
10
10
10
10
10
10
10
10
10
10
10
10
10
10
10
10
10
10
10
10
10
10
10
10
10
10
10
10
10
10
10
10
10
10
10
10
10
10
10
10
10
10
10
10
10
10
10
10
10
10
10
10
10
10
10
10
10
10
10
10
10
10
10
10
10
10
10
10
10
10
10
10
10
10
10
10
10
10
10
10
10
10
10
10
10
10
10
10
10
10
10
10
10
10
10
10
10
10
10
10
10
10
10
10
10
10
10
10
10
10
10
10
10
10
10
10
10
10
10
10
10
10
10
10
10
10
10
10
10
10
10
10
10
10
10
10
10
10
10
10
10
10
10
10
10
10
10
10
10
10
10
10
10
10
10
10
10
10
10
10
10
10
10
10
10
10
10
10
10
10
10
10
10
10
10
10
10
10
10
10
10
10
10
10
10
10
10
10
10
10
10
10
10
10
10
10
10
10
10
10
10
10
10
10
10
10
10
10
10
10
10
10
10
10
10
10
10
10
10
10
10
10
10
10
10
10
10
10
10
10
10
10
10
10
10
10
10
10
10
10
10
10
10
10
10
10
10
10
10
10
10
10
10
10
10
10
10
10
10
10
10
10
10
10
10
10
10
10
10
10
10
10
10
10
10
10
10
10
10
10
10
10
10
10
10
10
10
10
10
10
10
10
10
10
10
10
10
10
10
10
10
10
10
10
10
10
10
10
10
10
10
10
10
10
10
10
10
10
10
10
10
10
10
10
10
10
10
10
10
10
10
10
10
10
10
10
10
10
10
10
10
10
10
10
10
10
10
10
10
10
10
10
10
10
10
10
10
10
10
10
10
10
10
10
10
10
10
10
10
10
10
10
10
10
10
10
10
10
10
10
10
10
10
10
10
10
10
10
10
10
10
10
10
10
10
10
10
10
10
10
10
10
10
10
10
10
10
10
10
10
10
10
10
10
10
10
10
10
10
10
10
10
10
10
10
10
10
10
10
10
10
10
10
10
10
10
10
10
10
10
10
10
10
10
10
10
10
10
10
10
10
10
10
10
10
10
10
10
10
10
10
10
10
10
10
10
10
10
10
10
10
10
10
10
10
10
10
10
10
10
10
10
10
10
10
10
10
10
10
10
10
10
10
10
10
10
10
10
10
10
10
10
10
10
10
10
10
10
10
10
10
10
10
10
10
10
10
10
10
10
10
10
10
10
10
10
10
10
10
10
10
10
10
10
10
10
10
10
10
10
10
10
10
10
10
10
10
10
10
10
10
10
10
10
10
10
10
10
10
10
10
10
10
10
10
10
10
10
10
10
10
10
10
10
10
10
10
10
10
10
10
10
10
10
10
10
10
10
10
10
10
10
10
10
10
10
10
10
10
10
10
10
10
10
10
10
10
10
10
10
10
10
10
10
10
10
10
10
10
10
10
10
10
10
10
10
10
10
10
10
10
10
10
10
10
10
10
10
10
10
10
10
10
10
10
10
10
10
10
10
10
10
10
10
10
10
10
10
10
10
10
10
10
10
10
10
10
10
10
10
10
10
10
10
10
10
10
10
10
10
10
10
10
10
10
10
10
10
10
10
10
10
10
10
10
10
10
10
10
10
10
10
10
10
10
10
10
10
10
10
10
10
10
10
10
10
10
10
10
10
10
10
10
10
10
10
10
10
10
10
10
10
10
10
10
10
10
10
10
10
10
10
10
10
10
10
10
10
10
10
10
10
10
10
10
10
10
10
10
10
10
10
10
10
10
10
10
10
10
10
10
10
10
10
10
10
10
10
10
10
10
10
10
10
10
10
10
10
10
10
10
10
10
10
10
10
10
10
10
10
10
10
10
10
10
10
10
10
10
10
10
10
10
10
10
10
10
10
10
10
10
10
10
10
10
10
10
10
10
10
10
10
10
10
10
10
10
10
10
10
10
10
10
10
10
10
10
10
10
10
10
10
10
10
10
10
10
10
10
10
10
10
10
10
10
10
10
10
10
10
10
10
10
10
10
10
10
10
10
10
10
10
10
10
10
10
10
10
10
10
10
10
10
10
10
10
10
10
10
10
10
10
10
10
10
10
10
10
10
10
10
10
10
10
10
10
10
10
10
10
10
10
10
10
10
10
10
10
10
10
10
10
10
10
10
10
10
10
10
10
10
10
10
10
10
10
10
10
10
10
10
10
10
10
10
10
10
10
10
10
10
10
10
10
10
10
10
10
10
10
10
10
10
10
10
10
10
10
10
10
10
10
10
10
10
10
10
10
10
10
10
10
10
10
10
10
10
10
10
10
10
10
10
10
10
10
10
10
10
10
10
10
10
10
10
10
10
10
10
10
10
10
10
10
10
10
10
10
10
10
10
10
10
10
10
10
10
10
10
10
10
10
10
10
10
10
10
10
10
10
10
10
10
10
10
10
10
10
10
10
10
10
10
10
10
10
10
10
10
10
10
10
10
10
10
10
10
10
10
10
10
10
10
10
10
10
10
10
10
10
10
10
10
10
10
10
10
10
10
10
10
10
10
10
10
10
10
10
10
10
10
10
10
10
10
10
10
10
10
10
10
10
10
10
10
10
10
10
10
10
10
10
10
10
10
10
10
10
10
10
10
10
10
10
10
10
10
10
10
10
10
10
10
10
10
10
10
10
10
10
10
10
10
10
10
10
10
10
10
10
10
10
10
10
10
10
10
10
10
10
10
10
10
10
10
10
10
10
10
10
10
10
10
10
10
10
10
10
10
10
10
10
10
10
10
10
10
10
10
10
10
10
10
10
10
10
10
10
10
10
10
10
10
10
10
10
10
10
10
10
10
10
10
10
10
10
10
10
10
10
10
10
10
10
10
10
10
10
10
10
10
10
10
10
10
10
10
10
10
10
10
10
10
10
10
10
10
10
10
10
10
10
10
10
10
10
10
10
10
10
10
10
10
10
10
10
10
10
10
10
10
10
10
10
10
10
10
10
10
10
10
10
10
10
10
10
10
10
10
10
10
10
10
10
10
10
10
10
10
10
10
10
10
10
10
10
10
10
10
10
10
10
10
10
10
10
10
10
10
10
10
10
10
10
10
10
10
10
10
10
10
10
10
10
10
10
10
10
10
10
10
10
10
10
10
10
10
10
10
10
10
10
10
10
10
10
10
10
10
10
10
10
10
10
10
10
10
10
10
10
10
10
10
10
10
10
10
10
10
10
10
10
10
10
10
10
10
10
10
10
10
10
10
10
10
10
10
10
10
10
10
10
10
10
10
10
10
10
10
10
10
10
10
10
10
10
10
10
10
10
10
10
10
10
10
10
10
10
10
10
10
10
10
10
10
10
10
10
10
10
10
10
10
10
10
10
10
10
10
10
10
10
10
10
10
10
10
10
10
10
10
10
10
10
10
10
10
10
10
10
10
10
10
10
10
10
10
10
10
10
10
10
10
10
10
10
10
10
10
10
10
10
10
10
10
10
10
10
10
10
10
10
10
10
10
10
10
10
10
10
10
10
10
10
10
10
10
10
10
10
10
10
10
10
10
10
10
10
10
10
10
10
10
10
10
10
10
10
10
10
10
10
10
10
10
10
10
10
10
10
10
10
10
10
10
10
10
10
10
10
10
10
10
10
10
10
10
10
10
10
10
10
10
10
10
10
10
10
10
10
10
10
10
10
10
10
10
10
10
10
10
10
10
10
10
10
10
10
10
10
10
10
10
10
10
10
10
10
10
10
10
10
10
10
10
10
10
10
10
10
10
10
10
10
10
10
10
10
10
10
10
10
10
10
10
10
10
10
10
10
10
10
10
10
10
10
10
10
10
10
10
10
10
10
10
10
10
10
10
10
10
10
10
10
10
10
10
10
10
10
10
10
10
10
10
10
10
10
10
10
10
10
10
10
10
10
10
10
10
10
10
10
10
10
10
10
10
10
10
10
10
10
10
10
10
10
10
10
10
10
10
10
10
10
10
10
10
10
10
10
10
10
10
10
10
10
10
10
10
10
10
10
10
10
10
10
10
10
10
10
10
10
10
10
10
10
10
10
10
10
10
10
10
10
10
10
10
10
10
10
10
10
10
10
10
10
10
10
10
10
10
10
10
10
10
10
10
10
10
10
10
10
10
10
10
10
10
10
10
10
10
10
10
10
10
10
10
10
10
10
10
10
10
10
10
10
10
10
10
10
10
10
10
10
10
10
10
10
10
10
10
10
10
10
10
10
10
10
10
10
10
10
10
10
10
10
10
10
10
10
10
10
10
10
10
10
10
10
10
10
10
10
10
10
10
10
10
10
10
10
10
10
10
10
10
10
10
10
10
10
10
10
10
10
10
10
10
10
10
10
10
10
10
10
10
10
10
10
10
10
10
10
10
10
10
10
10
10
10
10
10
10
10
10
10
10
10
10
10
10
10
10
10
10
10
10
10
10
10
10
10
10
10
10
10
10
10
10
10
10
10
10
10
10
10
10
10
10
10
10
10
10
10
10
10
10
10
10
10
10
10
10
10
10
10
10
10
10
10
10
10
10
10
10
10
10
10
10
10
10
10
10
10
10
10
10
10
10
10
10
10
10
10
10
10
10
10
10
10
10
10
10
10
10
10
10
10
10
10
10
10
10
10
10
10
10
10
10
10
10
10
10
10
10
10
10
10
10
10
10
10
10
10
10
10
10
10
10
10
10
10
10
10
10
10
10
10
10
10
10
10
10
10
10
10
10
10
10
10
10
10
10
10
10
10
10
10
10
10
10
10
10
10
10
10
10
10
10
10
10
10
10
10
10
10
10
10
10
10
10
10
10
10
10
10
10
10
10
10
10
10
10
10
10
10
10
10
10
10
10
10
10
10
10
10
10
10
10
10
10
10
10
10
10
10
10
10
10
10
10
10
10
10
10
10
10
10
10
10
10
10
10
10
10
10
10
10
10
10
10
10
10
10
10
10
10
10
10
10
10
10
10
10
10
10
10
10
10
10
10
10
10
10
10
10
10
10
10
10
10
10
10
10
10
10
10
10
10
10
10
10
10
10
10
10
10
10
10
10
10
10
10
10
10
10
10
10
10
10
10
10
10
10
10
10
10
10
10
10
10
10
10
10
10
10
10
10
10
10
10
10
10
10
10
10
10
10
10
10
10
10
10
10
10
10
10
10
10
10
10
10
10
10
10
10
10
10
10
10
10
10
10
10
10
10
10
10
10
10
10
10
10
10
10
10
10
10
10
10
10
10
10
10
10
10
10
10
10
10
10
10
10
10
10
10
10
10
10
10
10
10
10
10
10
10
10
10
10
10
10
10
10
10
10
10
10
10
10
10
10
10
10
10
10
10
10
10
10
10
10
10
10
10
10
10
10
10
10
10
10
10
10
10
10
10
10
10
10
10
10
10
10
10
10
10
10
10
10
10
10
10
10
10
10
10
10
10
10
10
10
10
10
10
10
10
10
10
10
10
10
10
10
10
10
10
10
10
10
10
10
10
10
10
10
10
10
10
10
10
10
10
10
10
10
10
10
10
10
10
10
10
10
10
10
10
10
10
10
10
10
10
10
10
10
10
10
10
10
10
10
10
10
10
10
10
10
10
10
10
10
10
10
10
10
10
10
10
10
10
10
10
10
10
10
10
10
10
10
10
10
10
10
10
10
10
10
10
10
10
10
10
10
10
10
10
10
10
10
10
10
10
10
10
10
10
10
10
10
10
10
10
10
10
10
10
10
10
10
10
10
10
10
10
10
10
10
10
10
10
10
10
10
10
10
10
10
10
10
10
10
10
10
10
10
10
10
10
10
10
10
10
10
10
10
10
10
10
10
10
10
10
10
10
10
10
10
10
10
10
10
10
10
10
10
10
10
10
10
10
10
10
10
10
10
10
10
10
10
10
10
10
10
10
10
10
10
10
10
10
10
10
10
10
10
10
10
10
10
10
10
10
10
10
10
10
10
10
10
10
10
10
10
10
10
10
10
10
10
10
10
10
10
10
10
10
10
10
10
10
10
10
10
10
10
10
10
10
10
10
10
10
10
10
10
10
10
10
10
10
10
10
10
10
10
10
10
10
10
10
10
10
10
10
10
10
10
10
10
10
10
10
10
10
10
10
10
10
10
10
10
10
10
10
10
10
10
10
10
10
10
10
10
10
10
10
10
10
10
10
10
10
10
10
10
10
10
10
10
10
10
10
10
10
10
10
10
10
10
10
10
10
10
10
10
10
10
10
10
10
10
10
10
10
10
10
10
10
10
10
10
10
10
10
10
10
10
10
10
10
10
10
10
10
10
10
10
10
10
10
10
10
10
10
10
10
10
10
10
10
10
10
10
10
10
10
10
10
10
10
10
10
10
10
10
10
10
10
10
10
10
10
10
10
10
10
10
10
10
10
10
10
10
10
10
10
10
10
10
10
10
10
10
10
10
10
10
10
10
10
10
10
10
10
10
10
10
10
10
10
10
10
10
10
10
10
10
10
10
10
10
10
10
10
10
10
10
10
10
10
10
10
10
10
10
10
10
10
10
10
10
10
10
10
10
10
10
10
10
10
10
10
10
10
10
10
10
10
10
10
10
10
10
10
10
10
10
10
10
10
10
10
10
10
10
10
10
10
10
10
10
10
10
10
10
10
10
10
10
10
10
10
10
10
10
10
10
10
10
10
10
10
10
10
10
10
10
10
10
10
10
10
10
10
10
10
10
10
10
10
10
10
10
10
10
10
10
10
10
10
10
10
10
10
10
10
10
10
10
10
10
10
10
10
10
10
10
10
10
10
10
10
10
10
10
10
10
10
10
10
10
10
10
10
10
10
10
10
10
10
10
10
10
10
10
10
10
10
10
10
10
10
10
10
10
10
10
10
10
10
10
10
10
10
10
10
10
10
10
10
10
10
10
10
10
10
10
10
10
10
10
10
10
10
10
10
10
10
10
10
10
10
10
10
10
10
10
10
10
10
10
10
10
10
10
10
10
10
10
10
10
10
10
10
10
10
10
10
10
10
10
10
10
10
10
10
10
10
10
10
10
10
10
10
10
10
10
10
10
10
10
10
10
10
10
10
10
10
10
10
10
10
10
10
10
10
10
10
10
10
10
10
10
10
10
10
10
10
10
10
10
10
10
10
10
10
10
10
10
10
10
10
10
10
10
10
10
10
10
10
10
10
10
10
10
10
10
10
10
10
10
10
10
10
10
10
10
10
10
10
10
10
10
10
10
10
10
10
10
10
10
10
10
10
10
10
10
10
10
10
10
10
10
10
10
10
10
10
10
10
10
10
10
10
10
10
10
10
10
10
10
10
10
10
10
10
10
10
10
10
10
10
10
10
10
10
10
10
10
10
10
10
10
10
10
10
10
10
10
10
10
10
10
10
10
10
10
10
10
10
10
10
10
10
10
10
10
10
10
10
10
10
10
10
10
10
10
10
10
10
10
10
10
10
10
10
10
10
10
10
10
10
10
10
10
10
10
10
10
10
10
10
10
10
10
10
10
10
10
10
10
10
10
10
10
10
10
10
10
10
10
10
10
10
10
10
10
10
10
10
10
10
10
10
10
10
10
10
10
10
10
10
10
10
10
10
10
10
10
10
10
10
10
10
10
10
10
10
10
10
10
10
10
10
10
10
10
10
10
10
10
10
10
10
10
10
10
10
10
10
10
10
10
10
10
10
10
10
10
10
10
10
10
10
10
10
10
10
10
10
10
10
10
10
10
10
10
10
10
10
10
10
10
10
10
10
10
10
10
10
10
10
10
10
10
10
10
10
10
10
10
10
10
10
10
10
10
10
10
10
10
10
10
10
10
10
10
10
10
10
10
10
10
10
10
10
10
10
10
10
10
10
10
10
10
10
10
10
10
10
10
10
10
10
10
10
10
10
10
10
10
10
10
10
10
10
10
10
10
10
10
10
10
10
10
10
10
10
10
10
10
10
10
10
10
10
10
10
10
10
10
10
10
10
10
10
10
10
10
10
10
10
10
10
10
10
10
10
10
10
10
10
10
10
10
10
10
10
10
10
10
10
10
10
10
10
10
10
10
10
10
10
10
10
10
10
10
10
10
10
10
10
10
10
10
10
10
10
10
10
10
10
10
10
10
10
10
10
10
10
10
10
10
10
10
10
10
10
10
10
10
10
10
10
10
10
10
10
10
10
10
10
10
10
10
10
10
10
10
10
10
10
10
10
10
10
10
10
10
10
10
10
10
10
10
10
10
10
10
10
10
10
10
10
10
10
10
10
10
10
10
10
10
10
10
10
10
10
10
10
10
10
10
10
10
10
10
10
10
10
10
10
10
10
10
10
10
10
10
10
10
10
10
10
10
10
10
10
10
10
10
10
10
10
10
10
10
10
10
10
10
10
10
10
10
10
10
10
10
10
10
10
10
10
10
10
10
10
10
10
10
10
10
10
10
10
10
10
10
10
10
10
10
10
10
10
10
10
10
10
10
10
10
10
10
10
10
10
10
10
10
10
10
10
10
10
10
10
10
10
10
10
10
10
10
10
10
10
10
10
10
10
10
10
10
10
10
10
10
10
10
10
10
10
10
10
10
10
10
10
10
10
10
10
10
10
10
10
10
10
10
10
10
10
10
10
10
10
10
10
10
10
10
10
10
10
10
10
10
10
10
10
10
10
10
10
10
10
10
10
10
10
10
10
10
10
10
10
10
10
10
10
10
10
10
10
10
10
10
10
10
10
10
10
10
10
10
10
10
10
10
10
10
10
10
10
10
10
10
10
10
10
10
10
10
10
10
10
10
10
10
10
10
10
10
10
10
10
10
10
10
10
10
10
10
10
10
10
10
10
10
10
10
10
10
10
10
10
10
10
10
10
10
10
10
10
10
10
10
10
10
10
10
10
10
10
10
10
10
10
10
10
10
10
10
10
10
10
10
10
10
10
10
10
10
10
10
10
10
10
10
10
10
10
10
10
10
10
10
10
10
10
10
10
10
10
10
10
10
10
10
10
10
10
10
10
10
10
10
10
10
10
10
10
10
10
10
10
10
10
10
10
10
10
10
10
10
10
10
10
10
10
10
10
10
10
10
10
10
10
10
10
10
10
10
10
10
10
10
10
10
10
10
10
10
10
10
10
10
10
10
10
10
10
10
10
10
10
10
10
10
10
10
10
10
10
10
10
10
10
10
10
10
10
10
10
10
10
10
10
10
10
10
10
10
10
10
10
10
10
10
10
10
10
10
10
10
10
10
10
10
10
10
10
10
10
10
10
10
10
10
10
10
10
10
10
10
10
10
10
10
10
10
10
10
10
10
10
10
10
10
10
10
10
10
10
10
10
10
10
10
10
10
10
10
10
10
10
10
10
10
10
10
10
10
10
10
10
10
10
10
10
10
10
10
10
10
10
10
10
10
10
10
10
10
10
10
10
10
10
10
10
10
10
10
10
10
10
10
10
10
10
10
10
10
10
10
10
10
10
10
10
10
10
10
10
10
10
10
10
10
10
10
10
10
10
10
10
10
10
10
10
10
10
10
10
10
10
10
10
10
10
10
10
10
10
10
10
10
10
10
10
10
10
10
10
10
10
10
10
10
10
10
10
10
10
10
10
10
10
10
10
10
10
10
10
10
10
10
10
10
10
10
10
10
10
10
10
10
10
10
10
10
10
10
10
10
10
10
10
10
10
10
10
10
10
10
10
10
10
10
10
10
10
10
10
10
10
10
10
10
10
10
10
10
10
10
10
10
10
10
10
10
10
10
10
10
10
10
10
10
10
10
10
10
10
10
10
10
10
10
10
10
10
10
10
10
10
10
10
10
10
10
10
10
10
10
10
10
10
10
10
10
10
10
10
10
10
10
10
10
10
10
10
10
10
10
10
10
10
10
10
10
10
10
10
10
10
10
10
10
10
10
10
10
10
10
10
10
10
10
10
10
10
10
10
10
10
10
10
10
10
10
10
10
10
10
10
10
10
10
10
10
10
10
10
10
10
10
10
10
10
10
10
10
10
10
10
10
10
10
10
10
10
10
10
10
10
10
10
10
10
10
10
10
10
10
10
10
10
10
10
10
10
10
10
10
10
10
10
10
10
10

CELL_DATA 21006
SCALARS cell_scalars int 1
LOOKUP_TABLE default
1
1
1
1
1
1
1
1
1
1
1
1
1
1
1
1
1
1
1
1
1
1
1
1
1
1
1
1
1
1
1
1
1
1
1
1
1
1
1
1
1
1
1
1
1
1
1
1
1
1
1
1
1
1
1
1
1
1
1
1
1
1
1
1
1
1
1
1
1
1
1
1
1
1
1
1
1
1
1
1
1
1
1
1
1
1
1
1
1
1
1
1
1
1
1
1
1
1
1
1
1
1
1
1
1
1
1
1
1
1
1
1
1
1
1
1
1
1
1
1
1
1
1
1
1
1
1
1
1
1
1
1
1
1
1
1
1
1
1
1
1
1
1
1
1
1
1
1
1
1
1
1
1
1
1
1
1
1
1
1
1
1
1
1
1
1
1
1
1
1
1
1
1
1
1
1
1
1
1
1
1
1
1
1
1
1
1
1
1
1
1
1
1
1
1
1
1
1
1
1
1
1
1
1
1
1
1
1
1
1
1
1
1
1
1
1
1
1
1
1
1
1
1
1
1
1
1
1
1
1
1
1
1
1
1
1
1
1
1
1
1
1
1
1
1
1
1
1
1
1
1
1
1
1
1
1
1
1
1
1
1
1
1
1
1
1
1
1
1
1
1
1
1
1
1
1
1
1
1
1
1
1
1
1
1
1
1
1
1
1
1
1
1
1
1
1
1
1
1
1
1
1
1
1
1
1
1
1
1
1
1
1
1
1
1
1
1
1
1
1
1
1
1
1
1
1
1
1
1
1
1
1
1
1
1
1
1
1
1
1
1
1
1
1
1
1
1
1
1
1
1
1
1
1
1
1
1
1
1
1
1
1
1
1
1
1
1
1
1
1
1
1
1
1
1
1
1
1
1
1
1
1
1
1
1
1
1
1
1
1
1
1
1
1
1
1
1
1
1
1
1
1
1
1
1
1
1
1
1
1
1
1
1
1
1
1
1
1
1
1
1
1
1
1
1
1
1
1
1
1
1
1
1
1
1
1
1
1
1
1
1
1
1
1
1
1
1
1
1
1
1
1
1
1
1
1
1
1
1
1
1
1
1
1
1
1
1
1
1
1
1
1
1
1
1
1
1
1
1
1
1
1
1
1
1
1
1
1
1
1
1
1
1
1
1
1
1
1
1
1
1
1
1
1
1
1
1
1
1
1
1
1
1
1
1
1
1
1
1
1
1
1
1
1
1
1
1
1
1
1
1
1
1
1
1
1
1
1
1
1
1
1
1
1
1
1
1
1
1
1
1
1
1
1
1
1
1
1
1
1
1
1
1
1
1
1
1
1
1
1
1
1
1
1
1
1
1
1
1
1
1
1
1
1
1
1
1
1
1
1
1
1
1
1
1
1
1
1
1
1
1
1
1
1
1
1
1
1
1
1
1
1
1
1
1
1
1
1
1
1
1
1
1
1
1
1
1
1
1
1
1
1
1
1
1
1
1
1
1
1
1
1
1
1
1
1
1
1
1
1
1
1
1
1
1
1
1
1
1
1
1
1
1
1
1
1
1
1
1
1
1
1
1
1
1
1
1
1
1
1
1
1
1
1
1
1
1
1
1
1
1
1
1
1
1
1
1
1
1
1
1
1
1
1
1
1
1
1
1
1
1
1
1
1
1
1
1
1
1
1
1
1
1
1
1
1
1
1
1
1
1
1
1
1
1
1
1
1
1
1
1
1
1
1
1
1
1
1
1
1
1
1
1
1
1
1
1
1
1
1
1
1
1
1
1
1
1
1
1
1
1
1
1
1
1
1
1
1
1
1
1
1
1
1
1
1
1
1
1
1
1
1
1
1
1
1
1
1
1
1
1
1
1
1
1
1
1
1
1
1
1
1
1
1
1
1
1
1
1
1
1
1
1
1
1
1
1
1
1
1
1
1
1
1
1
1
1
1
1
1
1
1
1
1
1
1
1
1
1
1
1
1
1
1
1
1
1
1
1
1
1
1
1
1
1
1
1
1
1
1
1
1
1
1
1
1
1
1
1
1
1
1
1
1
1
1
1
1
1
1
1
1
1
1
1
1
1
1
1
1
1
1
1
1
1
1
1
1
1
1
1
1
1
1
1
1
1
1
1
1
1
1
1
1
1
1
1
1
1
1
1
1
1
1
1
1
1
1
1
1
1
1
1
1
1
1
1
1
1
1
1
1
1
1
1
1
1
1
1
1
1
1
1
1
1
1
1
1
1
1
1
1
1
1
1
1
1
1
1
1
1
1
1
1
1
1
1
1
1
1
1
1
1
1
1
1
1
1
1
1
1
1
1
1
1
1
1
1
1
1
1
1
1
1
1
1
1
1
1
1
1
1
1
1
1
1
1
1
1
1
1
1
1
1
1
1
1
1
1
1
1
1
1
1
1
1
1
1
1
1
1
1
1
1
1
1
1
1
1
1
1
1
1
1
1
1
1
1
1
1
1
1
1
1
1
1
1
1
1
1
1
1
1
1
1
1
1
1
1
1
1
1
1
1
1
1
1
1
1
1
1
1
1
1
1
1
1
1
1
1
1
1
1
1
1
1
1
1
1
1
1
1
1
1
1
1
1
1
1
1
1
1
1
1
1
1
1
1
1
1
1
1
1
1
1
1
1
1
1
1
1
1
1
1
1
1
1
1
1
1
1
1
1
1
1
1
1
1
1
1
1
1
1
1
1
1
1
1
1
1
1
1
1
1
1
1
1
1
1
1
1
1
1
1
1
1
1
1
1
1
1
1
1
1
1
1
1
1
1
1
1
1
1
1
1
1
1
1
1
1
1
1
1
1
1
1
1
1
1
1
1
1
1
1
1
1
1
1
1
1
1
1
1
1
1
1
1
1
1
1
1
1
1
1
1
1
1
1
1
1
1
1
1
1
1
1
1
1
1
1
1
1
1
1
1
1
1
1
1
1
1
1
1
1
1
1
1
1
1
1
1
1
1
1
1
1
1
1
1
1
1
1
1
1
1
1
1
1
1
1
1
1
1
1
1
1
1
1
1
1
1
1
1
1
1
1
1
1
1
1
1
1
1
1
1
1
1
1
1
1
1
1
1
1
1
1
1
1
1
1
1
1
1
1
1
1
1
1
1
1
1
1
1
1
1
1
1
1
1
1
1
1
1
1
1
1
1
1
1
1
1
1
1
1
1
1
1
1
1
1
1
1
1
1
1
1
1
1
1
1
1
1
1
1
1
1
1
1
1
1
1
1
1
1
1
1
1
1
1
1
1
1
1
1
1
1
1
1
1
1
1
1
1
1
1
1
1
1
1
1
1
1
1
1
1
1
1
1
1
1
1
1
1
1
1
1
1
1
1
1
1
1
1
1
1
1
1
1
1
1
1
1
1
1
1
1
1
1
1
1
1
1
1
1
1
1
1
1
1
1
1
1
1
1
1
1
1
1
1
1
1
1
1
1
1
1
1
1
1
1
1
1
1
1
1
1
1
1
1
1
1
1
1
1
1
1
1
1
1
1
1
1
1
1
1
1
1
1
1
1
1
1
1
1
1
1
1
1
1
1
1
1
1
1
1
1
1
1
1
1
1
1
1
1
1
1
1
1
1
1
1
1
1
1
1
1
1
1
1
1
1
1
1
1
1
1
1
1
1
1
1
1
1
1
1
1
1
1
1
1
1
1
1
1
1
1
1
1
1
1
1
1
1
1
1
1
1
1
1
1
1
1
1
1
1
1
1
1
1
1
1
1
1
1
1
1
1
1
1
1
1
1
1
1
1
1
1
1
1
1
1
1
1
1
1
1
1
1
1
1
1
1
1
1
1
1
1
1
1
1
1
1
1
1
1
1
1
1
1
1
1
1
1
1
1
1
1
1
1
1
1
1
1
1
1
1
1
1
1
1
1
1
1
1
1
1
1
1
1
1
1
1
1
1
1
1
1
1
1
1
1
1
1
1
1
1
1
1
1
1
1
1
1
1
1
1
1
1
1
1
1
1
1
1
1
1
1
1
1
1
1
1
1
1
1
1
1
1
1
1
1
1
1
1
1
1
1
1
1
1
1
1
1
1
1
1
1
1
1
1
1
1
1
1
1
1
1
1
1
1
1
1
1
1
1
1
1
1
1
1
1
1
1
1
1
1
1
1
1
1
1
1
1
1
1
1
1
1
1
1
1
1
1
1
1
1
1
1
1
1
1
1
1
1
1
1
1
1
1
1
1
1
1
1
1
1
1
1
1
1
1
1
1
1
1
1
1
1
1
1
1
1
1
1
1
1
1
1
1
1
1
1
1
1
1
1
1
1
1
1
1
1
1
1
1
1
1
1
1
1
1
1
1
1
1
1
1
1
1
1
1
1
1
1
1
1
1
1
1
1
1
1
1
1
1
1
1
1
1
1
1
1
1
1
1
1
1
1
1
1
1
1
1
1
1
1
1
1
1
1
1
1
1
1
1
1
1
1
1
1
1
1
1
1
1
1
1
1
1
1
1
1
1
1
1
1
1
1
1
1
1
1
1
1
1
1
1
1
1
1
1
1
1
1
1
1
1
1
1
1
1
1
1
1
1
1
1
1
1
1
1
1
1
1
1
1
1
1
1
1
1
1
1
1
1
1
1
1
1
1
1
1
1
1
1
1
1
1
1
1
1
1
1
1
1
1
1
1
1
1
1
1
1
1
1
1
1
1
1
1
1
1
1
1
1
1
1
1
1
1
1
1
1
1
1
1
1
1
1
1
1
1
1
1
1
1
1
1
1
1
1
1
1
1
1
1
1
1
1
1
1
1
1
1
1
1
1
1
1
1
1
1
1
1
1
1
1
1
1
1
1
1
1
1
1
1
1
1
1
1
1
1
1
1
1
1
1
1
1
1
1
1
1
1
1
1
1
1
1
1
1
1
1
1
1
1
1
1
1
1
1
1
1
1
1
1
1
1
1
1
1
1
1
1
1
1
1
1
1
1
1
1
1
1
1
1
1
1
1
1
1
1
1
1
1
1
1
1
1
1
1
1
1
1
1
1
1
1
1
1
1
1
1
1
1
1
1
1
1
1
1
1
1
1
1
1
1
1
1
1
1
1
1
1
1
1
1
1
1
1
1
1
1
1
1
1
1
1
1
1
1
1
1
1
1
1
1
1
1
1
1
1
1
1
1
1
1
1
1
1
1
1
1
1
1
1
1
1
1
1
1
1
1
1
1
1
1
1
1
1
1
1
1
1
1
1
1
1
1
1
1
1
1
1
1
1
1
1
1
1
1
1
1
1
1
1
1
1
1
1
1
1
1
1
1
1
1
1
1
1
1
1
1
1
1
1
1
1
1
1
1
1
1
1
1
1
1
1
1
1
1
1
1
1
1
1
1
1
1
1
1
1
1
1
1
1
1
1
1
1
1
1
1
1
1
1
1
1
1
1
1
1
1
1
1
1
1
1
1
1
1
1
1
1
1
1
1
1
1
1
1
1
1
1
1
1
1
1
1
1
1
1
1
1
1
1
1
1
1
1
1
1
1
1
1
1
1
1
1
1
1
1
1
1
1
1
1
1
1
1
1
1
1
1
1
1
1
1
1
1
1
1
1
1
1
1
1
1
1
1
1
1
1
1
1
1
1
1
1
1
1
1
1
1
1
1
1
1
1
1
1
1
1
1
1
1
1
1
1
1
1
1
1
1
1
1
1
1
1
1
1
1
1
1
1
1
1
1
1
1
1
1
1
1
1
1
1
1
1
1
1
1
1
1
1
1
1
1
1
1
1
1
1
1
1
1
1
1
1
1
1
1
1
1
1
1
1
1
1
1
1
1
1
1
1
1
1
1
1
1
1
1
1
1
1
1
1
1
1
1
1
1
1
1
1
1
1
1
1
1
1
1
1
1
1
1
1
1
1
1
1
1
1
1
1
1
1
1
1
1
1
1
1
1
1
1
1
1
1
1
1
1
1
1
1
1
1
1
1
1
1
1
1
1
1
1
1
1
1
1
1
1
1
1
1
1
1
1
1
1
1
1
1
1
1
1
1
1
1
1
1
1
1
1
1
1
1
1
1
1
1
1
1
1
1
1
1
1
1
1
1
1
1
1
1
1
1
1
1
1
1
1
1
1
1
1
1
1
1
1
1
1
1
1
1
1
1
1
1
1
1
1
1
1
1
1
1
1
1
1
1
1
1
1
1
1
1
1
1
1
1
1
1
1
1
1
1
1
1
1
1
1
1
1
1
1
1
1
1
1
1
1
1
1
1
1
1
1
1
1
1
1
1
1
1
1
1
1
1
1
1
1
1
1
1
1
1
1
1
1
1
1
1
1
1
1
1
1
1
1
1
1
1
1
1
1
1
1
1
1
1
1
1
1
1
1
1
1
1
1
1
1
1
1
1
1
1
1
1
1
1
1
1
1
1
1
1
1
1
1
1
1
1
1
1
1
1
1
1
1
1
1
1
1
1
1
1
1
1
1
1
1
1
1
1
1
1
1
1
1
1
1
1
1
1
1
1
1
1
1
1
1
1
1
1
1
1
1
1
1
1
1
1
1
1
1
1
1
1
1
1
1
1
1
1
1
1
1
1
1
1
1
1
1
1
1
1
1
1
1
1
1
1
1
1
1
1
1
1
1
1
1
1
1
1
1
1
1
1
1
1
1
1
1
1
1
1
1
1
1
1
1
1
1
1
1
1
1
1
1
1
1
1
1
1
1
1
1
1
1
1
1
1
1
1
1
1
1
1
1
1
1
1
1
1
1
1
1
1
1
1
1
1
1
1
1
1
1
1
1
1
1
1
1
1
1
1
1
1
1
1
1
1
1
1
1
1
1
1
1
1
1
1
1
1
1
1
1
1
1
1
1
1
1
1
1
1
1
1
1
1
1
1
1
1
1
1
1
1
1
1
1
1
1
1
1
1
1
1
1
1
1
1
1
1
1
1
1
1
1
1
1
1
1
1
1
1
1
1
1
1
1
1
1
1
1
1
1
1
1
1
1
1
1
1
1
1
1
1
1
1
1
1
1
1
1
1
1
1
1
1
1
1
1
1
1
1
1
1
1
1
1
1
1
1
1
1
1
1
1
1
1
1
1
1
1
1
1
1
1
1
1
1
1
1
1
1
1
1
1
1
1
1
1
1
1
1
1
1
1
1
1
1
1
1
1
1
1
1
1
1
1
1
1
1
1
1
1
1
1
1
1
1
1
1
1
1
1
1
1
1
1
1
1
1
1
1
1
1
1
1
1
1
1
1
1
1
1
1
1
1
1
1
1
1
1
1
1
1
1
1
1
1
1
1
1
1
1
1
1
1
1
1
1
1
1
1
1
1
1
1
1
1
1
1
1
1
1
1
1
1
1
1
1
1
1
1
1
1
1
1
1
1
1
1
1
1
1
1
1
1
1
1
1
1
1
1
1
1
1
1
1
1
1
1
1
1
1
1
1
1
1
1
1
1
1
1
1
1
1
1
1
1
1
1
1
1
1
1
1
1
1
1
1
1
1
1
1
1
1
1
1
1
1
1
1
1
1
1
1
1
1
1
1
1
1
1
1
1
1
1
1
1
1
1
1
1
1
1
1
1
1
1
1
1
1
1
1
1
1
1
1
1
1
1
1
1
1
1
1
1
1
1
1
1
1
1
1
1
1
1
1
1
1
1
1
1
1
1
1
1
1
1
1
1
1
1
1
1
1
1
1
1
1
1
1
1
1
1
1
1
1
1
1
1
1
1
1
1
1
1
1
1
1
1
1
1
1
1
1
1
1
1
1
1
1
1
1
1
1
1
1
1
1
1
1
1
1
1
1
1
1
1
1
1
1
1
1
1
1
1
1
1
1
1
1
1
1
1
1
1
1
1
1
1
1
1
1
1
1
1
1
1
1
1
1
1
1
1
1
1
1
1
1
1
1
1
1
1
1
1
1
1
1
1
1
1
1
1
1
1
1
1
1
1
1
1
1
1
1
1
1
1
1
1
1
1
1
1
1
1
1
1
1
1
1
1
1
1
1
1
1
1
1
1
1
1
1
1
1
1
1
1
1
1
1
1
1
1
1
1
1
1
1
1
1
1
1
1
1
1
1
1
1
1
1
1
1
1
1
1
1
1
1
1
1
1
1
1
1
1
1
1
1
1
1
1
1
1
1
1
1
1
1
1
1
1
1
1
1
1
1
1
1
1
1
1
1
1
1
1
1
1
1
1
1
1
1
1
1
1
1
1
1
1
1
1
1
1
1
1
1
1
1
1
1
1
1
1
1
1
1
1
1
1
1
1
1
1
1
1
1
1
1
1
1
1
1
1
1
1
1
1
1
1
1
1
1
1
1
1
1
1
1
1
1
1
1
1
1
1
1
1
1
1
1
1
1
1
1
1
1
1
1
1
1
1
1
1
1
1
1
1
1
1
1
1
1
1
1
1
1
1
1
1
1
1
1
1
1
1
1
1
1
1
1
1
1
1
1
1
1
1
1
1
1
1
1
1
1
1
1
1
1
1
1
1
1
1
1
1
1
1
1
1
1
1
1
1
1
1
1
1
1
1
1
1
1
1
1
1
1
1
1
1
1
1
1
1
1
1
1
1
1
1
1
1
1
1
1
1
1
1
1
1
1
1
1
1
1
1
1
1
1
1
1
1
1
1
1
1
1
1
1
1
1
1
1
1
1
1
1
1
1
1
1
1
1
1
1
1
1
1
1
1
1
1
1
1
1
1
1
1
1
1
1
1
1
1
1
1
1
1
1
1
1
1
1
1
1
1
1
1
1
1
1
1
1
1
1
1
1
1
1
1
1
1
1
1
1
1
1
1
1
1
1
1
1
1
1
1
1
1
1
1
1
1
1
1
1
1
1
1
1
1
1
1
1
1
1
1
1
1
1
1
1
1
1
1
1
1
1
1
1
1
1
1
1
1
1
1
1
1
1
1
1
1
1
1
1
1
1
1
1
1
1
1
1
1
1
1
1
1
1
1
1
1
1
1
1
1
1
1
1
1
1
1
1
1
1
1
1
1
1
1
1
1
1
1
1
1
1
1
1
1
1
1
1
1
1
1
1
1
1
1
1
1
1
1
1
1
1
1
1
1
1
1
1
1
1
1
1
1
1
1
1
1
1
1
1
1
1
1
1
1
1
1
1
1
1
1
1
1
1
1
1
1
1
1
1
1
1
1
1
1
1
1
1
1
1
1
1
1
1
1
1
1
1
1
1
1
1
1
1
1
1
1
1
1
1
1
1
1
1
1
1
1
1
1
1
1
1
1
1
1
1
1
1
1
1
1
1
1
1
1
1
1
1
1
1
1
1
1
1
1
1
1
1
1
1
1
1
1
1
1
1
1
1
1
1
1
1
1
1
1
1
1
1
1
1
1
1
1
1
1
1
1
1
1
1
1
1
1
1
1
1
1
1
1
1
1
1
1
1
1
1
1
1
1
1
1
1
1
1
1
1
1
1
1
1
1
1
1
1
1
1
1
1
1
1
1
1
1
1
1
1
1
1
1
1
1
1
1
1
1
1
1
1
1
1
1
1
1
1
1
1
1
1
1
1
1
1
1
1
1
1
1
1
1
1
1
1
1
1
1
1
1
1
1
1
1
1
1
1
1
1
1
1
1
1
1
1
1
1
1
1
1
1
1
1
1
1
1
1
1
1
1
1
1
1
1
1
1
1
1
1
1
1
1
1
1
1
1
1
1
1
1
1
1
1
1
1
1
1
1
1
1
1
1
1
1
1
1
1
1
1
1
1
1
1
1
1
1
1
1
1
1
1
1
1
1
1
1
1
1
1
1
1
1
1
1
1
1
1
1
1
1
1
1
1
1
1
1
1
1
1
1
1
1
1
1
1
1
1
1
1
1
1
1
1
1
1
1
1
1
1
1
1
1
1
1
1
1
1
1
1
1
1
1
1
1
1
1
1
1
1
1
1
1
1
1
1
1
1
1
1
1
1
1
1
1
1
1
1
1
1
1
1
1
1
1
1
1
1
1
1
1
1
1
1
1
1
1
1
1
1
1
1
1
1
1
1
1
1
1
1
1
1
1
1
1
1
1
1
1
1
1
1
1
1
1
1
1
1
1
1
1
1
1
1
1
1
1
1
1
1
1
1
1
1
1
1
1
1
1
1
1
1
1
1
1
1
1
1
1
1
1
1
1
1
1
1
1
1
1
1
1
1
1
1
1
1
1
1
1
1
1
1
1
1
1
1
1
1
1
1
1
1
1
1
1
1
1
1
1
1
1
1
1
1
1
1
1
1
1
1
1
1
1
1
1
1
1
1
1
1
1
1
1
1
1
1
1
1
1
1
1
1
1
1
1
1
1
1
1
1
1
1
1
1
1
1
1
1
1
1
1
1
1
1
1
1
1
1
1
1
1
1
1
1
1
1
1
1
1
1
1
1
1
1
1
1
1
1
1
1
1
1
1
1
1
1
1
1
1
1
1
1
1
1
1
1
1
1
1
1
1
1
1
1
1
1
1
1
1
1
1
1
1
1
1
1
1
1
1
1
1
1
1
1
1
1
1
1
1
1
1
1
1
1
1
1
1
1
1
1
1
1
1
1
1
1
1
1
1
1
1
1
1
1
1
1
1
1
1
1
1
1
1
1
1
1
1
1
1
1
1
1
1
1
1
1
1
1
1
1
1
1
1
1
1
1
1
1
1
1
1
1
1
1
1
1
1
1
1
1
1
1
1
1
1
1
1
1
1
1
1
1
1
1
1
1
1
1
1
1
1
1
1
1
1
1
1
1
1
1
1
1
1
1
1
1
1
1
1
1
1
1
1
1
1
1
1
1
1
1
1
1
1
1
1
1
1
1
1
1
1
1
1
1
1
1
1
1
1
1
1
1
1
1
1
1
1
1
1
1
1
1
1
1
1
1
1
1
1
1
1
1
1
1
1
1
1
1
1
1
1
1
1
1
1
1
1
1
1
1
1
1
1
1
1
1
1
1
1
1
1
1
1
1
1
1
1
1
1
1
1
1
1
1
1
1
1
1
1
1
1
1
1
1
1
1
1
1
1
1
1
1
1
1
1
1
1
1
1
1
1
1
1
1
1
1
1
1
1
1
1
1
1
1
1
1
1
1
1
1
1
1
1
1
1
1
1
1
1
1
1
1
1
1
1
1
1
1
1
1
1
1
1
1
1
1
1
1
1
1
1
1
1
1
1
1
1
1
1
1
1
1
1
1
1
1
1
1
1
1
1
1
1
1
1
1
1
1
1
1
1
1
1
1
1
1
1
1
1
1
1
1
1
1
1
1
1
1
1
1
1
1
1
1
1
1
1
1
1
1
1
1
1
1
1
1
1
1
1
1
1
1
1
1
1
1
1
1
1
1
1
1
1
1
1
1
1
1
1
1
1
1
1
1
1
1
1
1
1
1
1
1
1
1
1
1
1
1
1
1
1
1
1
1
1
1
1
1
1
1
1
1
1
1
1
1
1
1
1
1
1
1
1
1
1
1
1
1
1
1
1
1
1
1
1
1
1
1
1
1
1
1
1
1
1
1
1
1
1
1
1
1
1
1
1
1
1
1
1
1
1
1
1
1
1
1
1
1
1
1
1
1
1
1
1
1
1
1
1
1
1
1
1
1
1
1
1
1
1
1
1
1
1
1
1
1
1
1
1
1
1
1
1
1
1
1
1
1
1
1
1
1
1
1
1
1
1
1
1
1
1
1
1
1
1
1
1
1
1
1
1
1
1
1
1
1
1
1
1
1
1
1
1
1
1
1
1
1
1
1
1
1
1
1
1
1
1
1
1
1
1
1
1
1
1
1
1
1
1
1
1
1
1
1
1
1
1
1
1
1
1
1
1
1
1
1
1
1
1
1
1
1
1
1
1
1
1
1
1
1
1
1
1
1
1
1
1
1
1
1
1
1
1
1
1
1
1
1
1
1
1
1
1
1
1
1
1
1
1
1
1
1
1
1
1
1
1
1
1
1
1
1
1
1
1
1
1
1
1
1
1
1
1
1
1
1
1
1
1
1
1
1
1
1
1
1
1
1
1
1
1
1
1
1
1
1
1
1
1
1
1
1
1
1
1
1
1
1
1
1
1
1
1
1
1
1
1
1
1
1
1
1
1
1
1
1
1
1
1
1
1
1
1
1
1
1
1
1
1
1
1
1
1
1
1
1
1
1
1
1
1
1
1
1
1
1
1
1
1
1
1
1
1
1
1
1
1
1
1
1
1
1
1
1
1
1
1
1
1
1
1
1
1
1
1
1
1
1
1
1
1
1
1
1
1
1
1
1
1
1
1
1
1
1
1
1
1
1
1
1
1
1
1
1
1
1
1
1
1
1
1
1
1
1
1
1
1
1
1
1
1
1
1
1
1
1
1
1
1
1
1
1
1
1
1
1
1
1
1
1
1
1
1
1
1
1
1
1
1
1
1
1
1
1
1
1
1
1
1
1
1
1
1
1
1
1
1
1
1
1
1
1
1
1
1
1
1
1
1
1
1
1
1
1
1
1
1
1
1
1
1
1
1
1
1
1
1
1
1
1
1
1
1
1
1
1
1
1
1
1
1
1
1
1
1
1
1
1
1
1
1
1
1
1
1
1
1
1
1
1
1
1
1
1
1
1
1
1
1
1
1
1
1
1
1
1
1
1
1
1
1
1
1
1
1
1
1
1
1
1
1
1
1
1
1
1
1
1
1
1
1
1
1
1
1
1
1
1
1
1
1
1
1
1
1
1
1
1
1
1
1
1
1
1
1
1
1
1
1
1
1
1
1
1
1
1
1
1
1
1
1
1
1
1
1
1
1
1
1
1
1
1
1
1
1
1
1
1
1
1
1
1
1
1
1
1
1
1
1
1
1
1
1
1
1
1
1
1
1
1
1
1
1
1
1
1
1
1
1
1
1
1
1
1
1
1
1
1
1
1
1
1
1
1
1
1
1
1
1
1
1
1
1
1
1
1
1
1
1
1
1
1
1
1
1
1
1
1
1
1
1
1
1
1
1
1
1
1
1
1
1
1
1
1
1
1
1
1
1
1
1
1
1
1
1
1
1
1
1
1
1
1
1
1
1
1
1
1
1
1
1
1
1
1
1
1
1
1
1
1
1
1
1
1
1
1
1
1
1
1
1
1
1
1
1
1
1
1
1
1
1
1
1
1
1
1
1
1
1
1
1
1
1
1
1
1
1
1
1
1
1
1
1
1
1
1
1
1
1
1
1
1
1
1
1
1
1
1
1
1
1
1
1
1
1
1
1
1
1
1
1
1
1
1
1
1
1
1
1
1
1
1
1
1
1
1
1
1
1
1
1
1
1
1
1
1
1
1
1
1
1
1
1
1
1
1
1
1
1
1
1
1
1
1
1
1
1
1
1
1
1
1
1
1
1
1
1
1
1
1
1
1
1
1
1
1
1
1
1
1
1
1
1
1
1
1
1
1
1
1
1
1
1
1
1
1
1
1
1
1
1
1
1
1
1
1
1
1
1
1
1
1
1
1
1
1
1
1
1
1
1
1
1
1
1
1
1
1
1
1
1
1
1
1
1
1
1
1
1
1
1
1
1
1
1
1
1
1
1
1
1
1
1
1
1
1
1
1
1
1
1
1
1
1
1
1
1
1
1
1
1
1
1
1
1
1
1
1
1
1
1
1
1
1
1
1
1
1
1
1
1
1
1
1
1
1
1
1
1
1
1
1
1
1
1
1
1
1
1
1
1
1
1
1
1
1
1
1
1
1
1
1
1
1
1
1
1
1
1
1
1
1
1
1
1
1
1
1
1
1
1
1
1
1
1
1
1
1
1
1
1
1
1
1
1
1
1
1
1
1
1
1
1
1
1
1
1
1
1
1
1
1
1
1
1
1
1
1
1
1
1
1
1
1
1
1
1
1
1
1
1
1
1
1
1
1
1
1
1
1
1
1
1
1
1
1
1
1
1
1
1
1
1
1
1
1
1
1
1
1
1
1
1
1
1
1
1
1
1
1
1
1
1
1
1
1
1
1
1
1
1
1
1
1
1
1
1
1
1
1
1
1
1
1
1
1
1
1
1
1
1
1
1
1
1
1
1
1
1
1
1
1
1
1
1
1
1
1
1
1
1
1
1
1
1
1
1
1
1
1
1
1
1
1
1
1
1
1
1
1
1
1
1
1
1
1
1
1
1
1
1
1
1
1
1
1
1
1
1
1
1
1
1
1
1
1
1
1
1
1
1
1
1
1
1
1
1
1
1
1
1
1
1
1
1
1
1
1
1
1
1
1
1
1
1
1
1
1
1
1
1
1
1
1
1
1
1
1
1
1
1
1
1
1
1
1
1
1
1
1
1
1
1
1
1
1
1
1
1
1
1
1
1
1
1
1
1
1
1
1
1
1
1
1
1
1
1
1
1
1
1
1
1
1
1
1
1
1
1
1
1
1
1
1
1
1
1
1
1
1
1
1
1
1
1
1
1
1
1
1
1
1
1
1
1
1
1
1
1
1
1
1
1
1
1
1
1
1
1
1
1
1
1
1
1
1
1
1
1
1
1
1
1
1
1
1
1
1
1
1
1
1
1
1
1
1
1
1
1
1
1
1
1
1
1
1
1
1
1
1
1
1
1
1
1
1
1
1
1
1
1
1
1
1
1
1
1
1
1
1
1
1
1
1
1
1
1
1
1
1
1
1
1
1
1
1
1
1
1
1
1
1
1
1
1
1
1
1
1
1
1
1
1
1
1
1
1
1
1
1
1
1
1
1
1
1
1
1
1
1
1
1
1
1
1
1
1
1
1
1
1
1
1
1
1
1
1
1
1
1
1
1
1
1
1
1
1
1
1
1
1
1
1
1
1
1
1
1
1
1
1
1
1
1
1
1
1
1
1
1
1
1
1
1
1
1
1
1
1
1
1
1
1
1
1
1
1
1
1
1
1
1
1
1
1
1
1
1
1
1
1
1
1
1
1
1
1
1
1
1
1
1
1
1
1
1
1
1
1
1
1
1
1
1
1
1
1
1
1
1
1
1
1
1
1
1
1
1
1
1
1
1
1
1
1
1
1
1
1
1
1
1
1
1
1
1
1
1
1
1
1
1
1
1
1
1
1
1
1
1
1
1
1
1
1
1
1
1
1
1
1
1
1
1
1
1
1
1
1
1
1
1
1
1
1
1
1
1
1
1
1
1
1
1
1
1
1
1
1
1
1
1
1
1
1
1
1
1
1
1
1
1
1
1
1
1
1
1
1
1
1
1
1
1
1
1
1
1
1
1
1
1
1
1
1
1
1
1
1
1
1
1
1
1
1
1
1
1
1
1
1
1
1
1
1
1
1
1
1
1
1
1
1
1
1
1
1
1
1
1
1
1
1
1
1
1
1
1
1
1
1
1
1
1
1
1
1
1
1
1
1
1
1
1
1
1
1
1
1
1
1
1
1
1
1
1
1
1
1
1
1
1
1
1
1
1
1
1
1
1
1
1
1
1
1
1
1
1
1
1
1
1
1
1
1
1
1
1
1
1
1
1
1
1
1
1
1
1
1
1
1
1
1
1
1
1
1
1
1
1
1
1
1
1
1
1
1
1
1
1
1
1
1
1
1
1
1
1
1
1
1
1
1
1
1
1
1
1
1
1
1
1
1
1
1
1
1
1
1
1
1
1
1
1
1
1
1
1
1
1
1
1
1
1
1
1
1
1
1
1
1
1
1
1
1
1
1
1
1
1
1
1
1
1
1
1
1
1
1
1
1
1
1
1
1
1
1
1
1
1
1
1
1
1
1
1
1
1
1
1
1
1
1
1
1
1
1
1
1
1
1
1
1
1
1
1
1
1
1
1
1
1
1
1
1
1
1
1
1
1
1
1
1
1
1
1
1
1
1
1
1
1
1
1
1
1
1
1
1
1
1
1
1
1
1
1
1
1
1
1
1
1
1
1
1
1
1
1
1
1
1
1
1
1
1
1
1
1
1
1
1
1
1
1
1
1
1
1
1
1
1
1
1
1
1
1
1
1
1
1
1
1
1
1
1
1
1
1
1
1
1
1
1
1
1
1
1
1
1
1
1
1
1
1
1
1
1
1
1
1
1
1
1
1
1
1
1
1
1
1
1
1
1
1
1
1
1
1
1
1
1
1
1
1
1
1
1
1
1
1
1
1
1
1
1
1
1
1
1
1
1
1
1
1
1
1
1
1
1
1
1
1
1
1
1
1
1
1
1
1
1
1
1
1
1
1
1
1
1
1
1
1
1
1
1
1
1
1
1
1
1
1
1
1
1
1
1
1
1
1
1
1
1
1
1
1
1
1
1
1
1
1
1
1
1
1
1
1
1
1
1
1
1
1
1
1
1
1
1
1
1
1
1
1
1
1
1
1
1
1
1
1
1
1
1
1
1
1
1
1
1
1
1
1
1
1
1
1
1
1
1
1
1
1
1
1
1
1
1
1
1
1
1
1
1
1
1
1
1
1
1
1
1
1
1
1
1
1
1
1
1
1
1
1
1
1
1
1
1
1
1
1
1
1
1
1
1
1
1
1
1
1
1
1
1
1
1
1
1
1
1
1
1
1
1
1
1
1
1
1
1
1
1
1
1
1
1
1
1
1
1
1
1
1
1
1
1
1
1
1
1
1
1
1
1
1
1
1
1
1
1
1
1
1
1
1
1
1
1
1
1
1
1
1
1
1
1
1
1
1
1
1
1
1
1
1
1
1
1
1
1
1
1
1
1
1
1
1
1
1
1
1
1
1
1
1
1
1
1
1
1
1
1
1
1
1
1
1
1
1
1
1
1
1
1
1
1
1
1
1
1
1
1
1
1
1
1
1
1
1
1
1
1
1
1
1
1
1
1
1
1
1
1
1
1
1
1
1
1
1
1
1
1
1
1
1
1
1
1
1
1
1
1
1
1
1
1
1
1
1
1
1
1
1
1
1
1
1
1
1
1
1
1
1
1
1
1
1
1
1
1
1
1
1
1
1
1
1
1
1
1
1
1
1
1
1
1
1
1
1
1
1
1
1
1
1
1
1
1
1
1
1
1
1
1
1
1
1
1
1
1
1
1
1
1
1
1
1
1
1
1
1
1
1
1
1
1
1
1
1
1
1
1
1
1
1
1
1
1
1
1
1
1
1
1
1
1
1
1
1
1
1
1
1
1
1
1
1
1
1
1
1
1
1
1
1
1
1
1
1
1
1
1
1
1
1
1
1
1
1
1
1
1
1
1
1
1
1
1
1
1
1
1
1
1
1
1
1
1
1
1
1
1
1
1
1
1
1
1
1
1
1
1
1
1
1
1
1
1
1
1
1
1
1
1
1
1
1
1
1
1
1
1
1
1
1
1
1
1
1
1
1
1
1
1
1
1
1
1
1
1
1
1
1
1
1
1
1
1
1
1
1
1
1
1
1
1
1
1
1
1
1
1
1
1
1
1
1
1
1
1
1
1
1
1
1
1
1
1
1
1
1
1
1
1
1
1
1
1
1
1
1
1
1
1
1
1
1
1
1
1
1
1
1
1
1
1
1
1
1
1
1
1
1
1
1
1
1
1
1
1
1
1
1
1
1
1
1
1
1
1
1
1
1
1
1
1
1
1
1
1
1
1
1
1
1
1
1
1
1
1
1
1
1
1
1
1
1
1
1
1
1
1
1
1
1
1
1
1
1
1
1
1
1
1
1
1
1
1
1
1
1
1
1
1
1
1
1
1
1
1
1
1
1
1
1
1
1
1
1
1
1
1
1
1
1
1
1
1
1
1
1
1
1
1
1
1
1
1
1
1
1
1
1
1
1
1
1
1
1
1
1
1
1
1
1
1
1
1
1
1
1
1
1
1
1
1
1
1
1
1
1
1
1
1
1
1
1
1
1
1
1
1
1
1
1
1
1
1
1
1
1
1
1
1
1
1
1
1
1
1
1
1
1
1
1
1
1
1
1
1
1
1
1
1
1
1
1
1
1
1
1
1
1
1
1
1
1
1
1
1
1
1
1
1
1
1
1
1
1
1
1
1
1
1
1
1
1
1
1
1
1
1
1
1
1
1
1
1
1
1
1
1
1
1
1
1
1
1
1
1
1
1
1
1
1
1
1
1
1
1
1
1
1
1
1
1
1
1
1
1
1
1
1
1
1
1
1
1
1
1
1
1
1
1
1
1
1
1
1
1
1
1
1
1
1
1
1
1
1
1
1
1
1
1
1
1
1
1
1
1
1
1
1
1
1
1
1
1
1
1
1
1
1
1
1
1
1
1
1
1
1
1
1
1
1
1
1
1
1
1
1
1
1
1
1
1
1
1
1
1
1
1
1
1
1
1
1
1
1
1
1
1
1
1
1
1
1
1
1
1
1
1
1
1
1
1
1
1
1
1
1
1
1
1
1
1
1
1
1
1
1
1
1
1
1
1
1
1
1
1
1
1
1
1
1
1
1
1
1
1
1
1
1
1
1
1
1
1
1
1
1
1
1
1
1
1
1
1
1
1
1
1
1
1
1
1
1
1
1
1
1
1
1
1
1
1
1
1
1
1
1
1
1
1
1
1
1
1
1
1
1
1
1
1
1
1
1
1
1
1
1
1
1
1
1
1
1
1
1
1
1
1
1
1
1
1
1
1
1
1
1
1
1
1
1
1
1
1
1
1
1
1
1
1
1
1
1
1
1
1
1
1
1
1
1
1
1
1
1
1
1
1
1
1
1
1
1
1
1
1
1
1
1
1
1
1
1
1
1
1
1
1
1
1
1
1
1
1
1
1
1
1
1
1
1
1
1
1
1
1
1
1
1
1
1
1
1
1
1
1
1
1
1
1
1
1
1
1
1
1
1
1
1
1
1
1
1
1
1
1
1
1
1
1
1
1
1
1
1
1
1
1
1
1
1
1
1
1
1
1
1
1
1
1
1
1
1
1
1
1
1
1
1
1
1
1
1
1
1
1
1
1
1
1
1
1
1
1
1
1
1
1
1
1
1
1
1
1
1
1
1
1
1
1
1
1
1
1
1
1
1
1
1
1
1
1
1
1
1
1
1
1
1
1
1
1
1
1
1
1
1
1
1
1
1
1
1
1
1
1
1
1
1
1
1
1
1
1
1
1
1
1
1
1
1
1
1
1
1
1
1
1
1
1
1
1
1
1
1
1
1
1
1
1
1
1
1
1
1
1
1
1
1
1
1
1
1
1
1
1
1
1
1
1
1
1
1
1
1
1
1
1
1
1
1
1
1
1
1
1
1
1
1
1
1
1
1
1
1
1
1
1
1
1
1
1
1
1
1
1
1
1
1
1
1
1
1
1
1
1
1
1
1
1
1
1
1
1
1
1
1
1
1
1
1
1
1
1
1
1
1
1
1
1
1
1
1
1
1
1
1
1
1
1
1
1
1
1
1
1
1
1
1
1
1
1
1
1
1
1
1
1
1
1
1
1
1
1
1
1
1
1
1
1
1
1
1
1
1
1
1
1
1
1
1
1
1
1
1
1
1
1
1
1
1
1
1
1
1
1
1
1
1
1
1
1
1
1
1
1
1
1
1
1
1
1
1
1
1
1
1
1
1
1
1
1
1
1
1
1
1
1
1
1
1
1
1
1
1
1
1
1
1
1
1
1
1
1
1
1
1
1
1
1
1
1
1
1
1
1
1
1
1
1
1
1
1
1
1
1
1
1
1
1
1
1
1
1
1
1
1
1
1
1
1
1
1
1
1
1
1
1
1
1
1
1
1
1
1
1
1
1
1
1
1
1
1
1
1
1
1
1
1
1
1
1
1
1
1
1
1
1
1
1
1
1
1
1
1
1
1
1
1
1
1
1
1
1
1
1
1
1
1
1
1
1
1
1
1
1
1
1
1
1
1
1
1
1
1
1
1
1
1
1
1
1
1
1
1
1
1
1
1
1
1
1
1
1
1
1
1
1
1
1
1
1
1
1
1
1
1
1
1
1
1
1
1
1
1
1
1
1
1
1
1
1
1
1
1
1
1
1
1
1
1
1
1
1
1
1
1
1
1
1
1
1
1
1
1
1
1
1
1
1
1
1
1
1
1
1
1
1
1
1
1
1
1
1
1
1
1
1
1
1
1
1
1
1
1
1
1
1
1
1
1
1
1
1
1
1
1
1
1
1
1
1
1
1
1
1
1
1
1
1
1
1
1
1
1
1
1
1
1
1
1
1
1
1
1
1
1
1
1
1
1
1
1
1
1
1
1
1
1
1
1
1
1
1
1
1
1
1
1
1
1
1
1
1
1
1
1
1
1
1
1
1
1
1
1
1
1
1
1
1
1
1
1
1
1
1
1
1
1
1
1
1
1
1
1
1
1
1
1
1
1
1
1
1
1
1
1
1
1
1
1
1
1
1
1
1
1
1
1
1
1
1
1
1
1
1
1
1
1
1
1
1
1
1
1
1
1
1
1
1
1
1
1
1
1
1
1
1
1
1
1
1
1
1
1
1
1
1
1
1
1
1
1
1
1
1
1
1
1
1
1
1
1
1
1
1
1
1
1
1
1
1
1
1
1
1
1
1
1
1
1
1
1
1
1
1
1
1
1
1
1
1
1
1
1
1
1
1
1
1
1
1
1
1
1
1
1
1
1
1
1
1
1
1
1
1
1
1
1
1
1
1
1
1
1
1
1
1
1
1
1
1
1
1
1
1
1
1
1
1
1
1
1
1
1
1
1
1
1
1
1
1
1
1
1
1
1
1
1
1
1
1
1
1
1
1
1
1
1
1
1
1
1
1
1
1
1
1
1
1
1
1
1
1
1
1
1
1
1
1
1
1
1
1
1
1
1
1
1
1
1
1
1
1
1
1
1
1
1
1
1
1
1
1
1
1
1
1
1
1
1
1
1
1
1
1
1
1
1
1
1
1
1
1
1
1
1
1
1
1
1
1
1
1
1
1
1
1
1
1
1
1
1
1
1
1
1
1
1
1
1
1
1
1
1
1
1
1
1
1
1
1
1
1
1
1
1
1
1
1
1
1
1
1
1
1
1
1
1
1
1
1
1
1
1
1
1
1
1
1
1
1
1
1
1
1
1
1
1
1
1
1
1
1
1
1
1
1
1
1
1
1
1
1
1
1
1
1
1
1
1
1
1
1
1
1
1
1
1
1
1
1
1
1
1
1
1
1
1
1
1
1
1
1
1
1
1
1
1
1
1
1
1
1
1
1
1
1
1
1
1
1
1
1
1
1
1
1
1
1
1
1
1
1
1
1
1
1
1
1
1
1
1
1
1
1
1
1
1
1
1
1
1
1
1
1
1
1
1
1
1
1
1
1
1
1
1
1
1
1
1
1
1
1
1
1
1
1
1
1
1
1
1
1
1
1
1
1
1
1
1
1
1
1
1
1
1
1
1
1
1
1
1
1
1
1
1
1
1
1
1
1
1
1
1
1
1
1
1
1
1
1
1
1
1
1
1
1
1
1
1
1
1
1
1
1
1
1
1
1
1
1
1
1
1
1
1
1
1
1
1
1
1
1
1
1
1
1
1
1
1
1
1
1
1
1
1
1
1
1
1
1
1
1
1
1
1
1
1
1
1
1
1
1
1
1
1
1
1
1
1
1
1
1
1
1
1
1
1
1
1
1
1
1
1
1
1
1
1
1
1
1
1
1
1
1
1
1
1
1
1
1
1
1
1
1
1
1
1
1
1
1
1
1
1
1
1
1
1
1
1
1
1
1
1
1
1
1
1
1
1
1
1
1
1
1
1
1
1
1
1
1
1
1
1
1
1
1
1
1
1
1
1
1
1
1
1
1
1
1
1
1
1
1
1
1
1
1
1
1
1
1
1
1
1
1
1
1
1
1
1
1
1
1
1
1
1
1
1
1
1
1
1
1
1
1
1
1
1
1
1
1
1
1
1
1
1
1
1
1
1
1
1
1
1
1
1
1
1
1
1
1
1
1
1
1
1
1
1
1
1
1
1
1
1
1
1
1
1
1
1
1
1
1
1
1
1
1
1
1
1
1
1
1
1
1
1
1
1
1
1
1
1
1
1
1
1
1
1
1
1
1
1
1
1
1
1
1
1
1
1
1
1
1
1
1
1
1
1
1
1
1
1
1
1
1
1
1
1
1
1
1
1
1
1
1
1
1
1
1
1
1
1
1
1
1
1
1
1
1
1
1
1
1
1
1
1
1
1
1
1
1
1
1
1
1
1
1
1
1
1
1
1
1
1
1
1
1
1
1
1
1
1
1
1
1
1
1
1
1
1
1
1
1
1
1
1
1
1
1
1
1
1
1
1
1
1
1
1
1
1
1
1
1
1
1
1
1
1
1
1
1
1
1
1
1
1
1
1
1
1
1
1
1
1
1
1
1
1
1
1
1
1
1
1
1
1
1
1
1
1
1
1
1
1
1
1
1
1
1
1
1
1
1
1
1
1
1
1
1
1
1
1
1
1
1
1
1
1
1
1
1
1
1
1
1
1
1
1
1
1
1
1
1
1
1
1
1
1
1
1
1
1
1
1
1
1
1
1
1
1
1
1
1
1
1
1
1
1
1
1
1
1
1
1
1
1
1
1
1
1
1
1
1
1
1
1
1
1
1
1
1
1
1
1
1
1
1
1
1
1
1
1
1
1
1
1
1
1
1
1
1
1
1
1
1
1
1
1
1
1
1
1
1
1
1
1
1
1
1
1
1
1
1
1
1
1
1
1
1
1
1
1
1
1
1
1
1
1
1
1
1
1
1
1
1
1
1
1
1
1
1
1
1
1
1
1
1
1
1
1
1
1
1
1
1
1
1
1
1
1
1
1
1
1
1
1
1
1
1
1
1
1
1
1
1
1
1
1
1
1
1
1
1
1
1
1
1
1
1
1
1
1
1
1
1
1
1
1
1
1
1
1
1
1
1
1
1
1
1
1
1
1
1
1
1
1
1
1
1
1
1
1
1
1
1
1
1
1
1
1
1
1
1
1
1
1
1
1
1
1
1
1
1
1
1
1
1
1
1
1
1
1
1
1
1
1
1
1
1
1
1
1
1
1
1
1
1
1
1
1
1
1
1
1
1
1
1
1
1
1
1
1
1
1
1
1
1
1
1
1
1
1
1
1
1
1
1
1
1
1
1
1
1
1
1
1
1
1
1
1
1
1
1
1
1
1
1
1
1
1
1
1
1
1
1
1
1
1
1
1
1
1
1
1
1
1
1
1
1
1
1
1
1
1
1
1
1
1
1
1
1
1
1
1
1
1
1
1
1
1
1
1
1
1
1
1
1
1
1
1
1
1
1
1
1
1
1
1
1
1
1
1
1
1
1
1
1
1
1
1
1
1
1
1
1
1
1
1
1
1
1
1
1
1
1
1
1
1
1
1
1
1
1
1
1
1
1
1
1
1
1
1
1
1
1
1
1
1
1
1
1
1
1
1
1
1
1
1
1
1
1
1
1
1
1
1
1
1
1
1
1
1
1
1
1
1
1
1
1
1
1
1
1
1
1
1
1
1
1
1
1
1
1
1
1
1
1
1
1
1
1
1
1
1
1
1
1
1
1
1
1
1
1
1
1
1
1
1
1
1
1
1
1
1
1
1
1
1
1
1
1
1
1
1
1
1
1
1
1
1
1
1
1
1
1
1
1
1
1
1
1
1
1
1
1
1
1
1
1
1
1
1
1
1
1
1
1
1
1
1
1
1
1
1
1
1
1
1
1
1
1
1
1
1
1
1
1
1
1
1
1
1
1
1
1
1
1
1
1
1
1
1
1
1
1
1
1
1
1
1
1
1
1
1
1
1
1
1
1
1
1
1
1
1
1
1
1
1
1
1
1
1
1
1
1
1
1
1
1
1
1
1
1
1
1
1
1
1
1
1
1
1
1
1
1
1
1
1
1
1
1
1
1
1
1
1
1
1
1
1
1
1
1
1
1
1
1
1
1
1
1
1
1
1
1
1
1
1
1
1
1
1
1
1
1
1
1
1
1
1
1
1
1
1
1
1
1
1
1
1
1
1
1
1
1
1
1
1
1
1
1
1
1
1
1
1
1
1
1
1
1
1
1
1
1
1
1
1
1
1
1
1
1
1
1
1
1
1
1
1
1
1
1
1
1
1
1
1
1
1
1
1
1
1
1
1
1
1
1
1
1
1
1
1
1
1
1
1
1
1
1
1
1
1
1
1
1
1
1
1
1
1
1
1
1
1
1
1
1
1
1
1
1
1
1
1
1
1
1
1
1
1
1
1
1
1
1
1
1
1
1
1
1
1
1
1
1
1
1
1
1
1
1
1
1
1
1
1
1
1
1
1
1
1
1
1
1
1
1
1
1
1
1
1
1
1
1
1
1
1
1
1
1
1
1
1
1
1
1
1
1
1
1
1
1
1
1
1
1
1
1
1
1
1
1
1
1
1
1
1
1
1
1
1
1
1
1
1
1
1
1
1
1
1
1
1
1
1
1
1
1
1
1
1
1
1
1
1
1
1
1
1
1
1
1
1
1
1
1
1
1
1
1
1
1
1
1
1
1
1
1
1
1
1
1
1
1
1
1
1
1
1
1
1
1
1
1
1
1
1
1
1
1
1
1
1
1
1
1
1
1
1
1
1
1
1
1
1
1
1
1
1
1
1
1
1
1
1
1
1
1
1
1
1
1
1
1
1
1
1
1
1
1
1
1
1
1
1
1
1
1
1
1
1
1
1
1
1
1
1
1
1
1
1
1
1
1
1
1
1
1
1
1
1
1
1
1
1
1
1
1
1
1
1
1
1
1
1
1
1
1
1
1
1
1
1
1
1
1
1
1
1
1
1
1
1
1
1
1
1
1
1
1
1
1
1
1
1
1
1
1
1
1
1
1
1
1
1
1
1
1
1
1
1
1
1
1
1
1
1
1
1
1
1
1
1
1
1
1
1
1
1
1
1
1
1
1
1
1
1
1
1
1
1
1
1
1
1
1
1
1
1
1
1
1
1
1
1
1
1
1
1
1
1
1
1
1
1
1
1
1
1
1
1
1
1
1
1
1
1
1
1
1
1
1
1
1
1
1
1
1
1
1
1
1
1
1
1
1
1
1
1
1
1
1
1
1
1
1
1
1
1
1
1
1
1
1
1
1
1
1
1
1
1
1
1
1
1
1
1
1
1
1
1
1
1
1
1
1
1
1
1
1
1
1
1
1
1
1
1
1
1
1
1
1
1
1
1
1
1
1
1
1
1
1
1
1
1
1
1
1
1
1
1
1
1
1
1
1
1
1
1
1
1
1
1
1
1
1
1
1
1
1
1
1
1
1
1
1
1
1
1
1
1
1
1
1
1
1
1
1
1
1
1
1
1
1
1
1
1
1
1
1
1
1
1
1
1
1
1
1
1
1
1
1
1
1
1
1
1
1
1
1
1
1
1
1
1
1
1
1
1
1
1
1
1
1
1
1
1
1
1
1
1
1
1
1
1
1
1
1
1
1
1
1
1
1
1
1
1
1
1
1
1
1
1
1
1
1
1
1
1
1
1
1
1
1
1
1
1
1
1
1
1
1
1
1
1
1
1
1
1
1
1
1
1
1
1
1
1
1
1
1
1
1
1
1
1
1
1
1
1
1
1
1
1
1
1
1
1
1
1
1
1
1
1
1
1
1
1
1
1
1
1
1
1
1
1
1
1
1
1
1
1
1
1
1
1
1
1
1
1
1
1
1
1
1
1
1
1
1
1
1
1
1
1
1
1
1
1
1
1
1
1
1
1
1
1
1
1
1
1
1
1
1
1
1
1
1
1
1
1
1
1
1
1
1
1
1
1
1
1
1
1
1
1
1
1
1
1
1
1
1
1
1
1
1
1
1
1
1
1
1
1
1
1
1
1
1
1
1
1
1
1
1
1
1
1
1
1
1
1
1
1
1
1
1
1
1
1
1
1
1
1
1
1
1
1
1
1
1
1
1
1
1
1
1
1
1
1
1
1
1
1
1
1
1
1
1
1
1
1
1
1
1
1
1
1
1
1
1
1
1
1
1
1
1
1
1
1
1
1
1
1
1
1
1
1
1
1
1
1
1
1
1
1
1
1
1
1
1
1
1
1
1
1
1
1
1
1
1
1
1
1
1
1
1
1
1
1
1
1
1
1
1
1
1
1
1
1
1
1
1
1
1
1
1
1
1
1
1
1
1
1
1
1
1
1
1
1
1
1
1
1
1
1
1
1
1
1
1
1
1
1
1
1
1
1
1
1
1
1
1
1
1
1
1
1
1
1
1
1
1
1
1
1
1
1
1
1
1
1
1
1
1
1
1
1
1
1
1
1
1
1
1
1
1
1
1
1
1
1
1
1
1
1
1
1
1
1
1
1
1
1
1
1
1
1
1
1
1
1
1
1
1
1
1
1
1
1
1
1
1
1
1
1
1
1
1
1
1
1
1
1
1
1
1
1
1
1
1
1
1
1
1
1
1
1
1
1
1
1
1
1
1
1
1
1
1
1
1
1
1
1
1
1
1
1
1
1
1
1
1
1
1
1
1
1
1
1
1
1
1
1
1
1
1
1
1
1
1
1
1
1
1
1
1
1
1
1
1
1
1
1
1
1
1
1
1
1
1
1
1
1
1
1
1
1
1
1
1
1
1
1
1
1
1
1
1
1
1
1
1
1
1
1
1
1
1
1
1
1
1
1
1
1
1
1
1
1
1
1
1
1
1
1
1
1
1
1
1
1
1
1
1
1
1
1
1
1
1
1
1
1
1
1
1
1
1
1
1
1
1
1
1
1
1
1
1
1
1
1
1
1
1
1
1
1
1
1
1
1
1
1
1
1
1
1
1
1
1
1
1
1
1
1
1
1
1
1
1
1
1
1
1
1
1
1
1
1
1
1
1
1
1
1
1
1
1
1
1
1
1
1
1
1
1
1
1
1
1
1
1
1
1
1
1
1
1
1
1
1
1
1
1
1
1
1
1
1
1
1
1
1
1
1
1
1
1
1
1
1
1
1
1
1
1
1
1
1
1
1
1
1
1
1
1
1
1
1
1
1
1
1
1
1
1
1
1
1
1
1
1
1
1
1
1
1
1
1
1
1
1
1
1
1
1
1
1
1
1
1
1
1
1
1
1
1
1
1
1
1
1
1
1
1
1
1
1
1
1
1
1
1
1
1
1
1
1
1
1
1
1
1
1
1
1
1
1
1
1
1
1
1
1
1
1
1
1
1
1
1
1
1
1
1
1
1
1
1
1
1
1
1
1
1
1
1
1
1
1
1
1
1
1
1
1
1
1
1
1
1
1
1
1
1
1
1
1
1
1
1
1
1
1
1
1
1
1
1
1
1
1
1
1
1
1
1
1
1
1
1
1
1
1
1
1
1
1
1
1
1
1
1
1
1
1
1
1
1
1
1
1
1
1
1
1
1
1
1
1
1
1
1
1
1
1
1
1
1
1
1
1
1
1
1
1
1
1
1
1
1
1
1
1
1
1
1
1
1
1
1
1
1
1
1
1
1
1
1
1
1
1
1
1
1
1
1
1
1
1
1
1
1
1
1
1
1
1
1
1
1
1
1
1
1
1
1
1
1
1
1
1
1
1
1
1
1
1
1
1
1
1
1
1
1
1
1
1
1
1
1
1
1
1
1
1
1
1
1
1
1
1
1
1
1
1
1
1
1
1
1
1
1
1
1
1
1
1
1
1
1
1
1
1
1
1
1
1
1
1
1
1
1
1
1
1
1
1
1
1
1
1
1
1
1
1
1
1
1
1
1
1
1
1
1
1
1
1
1
1
1
1
1
1
1
1
1
1
1
1
1
1
1
1
1
1
1
1
1
1
1
1
1
1
1
1
1
1
1
1
1
1
1
1
1
1
1
1
1
1
1
1
1
1
1
1
1
1
1
1
1
1
1
1
1
1
1
1
1
1
1
1
1
1
1
1
1
1
1
1
1
1
1
1
1
1
1
1
1
1
1
1
1
1
1
1
1
1
1
1
1
1
1
1
1
1
1
1
1
1
1
1
1
1
1
1
1
1
1
1
1
1
1
1
1
1
1
1
1
1
1
1
1
1
1
1
1
1
1
1
1
1
1
1
1
1
1
1
1
1
1
1
1
1
1
1
1
1
1
1
1
1
1
1
1
1
1
1
1
1
1
1
1
1
1
1
1
1
1
1
1
1
1
1
1
1
1
1
1
1
1
1
1
1
1
1
1
1
1
1
1
1
1
1
1
1
1
1
1
1
1
1
1
1
1
1
1
1
1
1
1
1
1
1
1
1
1
1
1
1
1
1
1
1
1
1
1
1
1
1
1
1
1
1
1
1
1
1
1
1
1
1
1
1
1
1
1
1
1
1
1
1
1
1
1
1
1
1
1
1
1
1
1
1
1
1
1
1
1
1
1
1
1
1
1
1
1
1
1
1
1
1
1
1
1
1
1
1
1
1
1
1
1
1
1
1
1
1
1
1
1
1
1
1
1
1
1
1
1
1
1
1
1
1
1
1
1
1
1
1
1
1
1
1
1
1
1
1
1
1
1
1
1
1
1
1
1
1
1
1
1
1
1
1
1
1
1
1
1
1
1
1
1
1
1
1
1
1
1
1
1
1
1
1
1
1
1
1
1
1
1
1
1
1
1
1
1
1
1
1
1
1
1
1
1
1
1
1
1
1
1
1
1
1
1
1
1
1
1
1
1
1
1
1
1
1
1
1
1
1
1
1
1
1
1
1
1
1
1
1
1
1
1
1
1
1
1
1
1
1
1
1
1
1
1
1
1
1
1
1
1
1
1
1
1
1
1
1
1
1
1
1
1
1
1
1
1
1
1
1
1
1
1
1
1
1
1
1
1
1
1
1
1
1
1
1
1
1
1
1
1
1
1
1
1
1
1
1
1
1
1
1
1
1
1
1
1
1
1
1
1
1
1
1
1
1
1
1
1
1
1
1
1
1
1
1
1
1
1
1
1
1
1
1
1
1
1
1
1
1
1
1
1
1
1
1
1
1
1
1
1
1
1
1
1
1
1
1
1
1
1
1
1
1
1
1
1
1
1
1
1
1
1
1
1
1
1
1
1
1
1
1
1
1
1
1
1
1
1
1
1
1
1
1
1
1
1
1
1
1
1
1
1
1
1
1
1
1
1
1
1
1
1
1
1
1
1
1
1
1
1
1
1
1
1
1
1
1
1
1
1
1
1
1
1
1
1
1
1
1
1
1
1
1
1
1
1
1
1
1
1
1
1
1
1
1
1
1
1
1
1
1
1
1
1
1
1
1
1
1
1
1
1
1
1
1
1
1
1
1
1
1
1
1
1
1
1
1
1
1
1
1
1
1
1
1
1
1
1
1
1
1
1
1
1
1
1
1
1
1
1
1
1
1
1
1
1
1
1
1
1
1
1
1
1
1
1
1
1
1
1
1
1
1
1
1
1
1
1
1
1
1
1
1
1
1
1
1
1
1
1
1
1
1
1
1
1
1
1
1
1
1
1
1
1
1
1
1
1
1
1
1
1
1
1
1
1
1
1
1
1
1
1
1
1
1
1
1
1
1
1
1
1
1
1
1
1
1
1
1
1
1
1
1
1
1
1
1
1
1
1
1
1
1
1
1
1
1
1
1
1
1
1
1
1
1
1
1
1
1
1
1
1
1
1
1
1
1
1
1
1
1
1
1
1
1
1
1
1
1
1
1
1
1
1
1
1
1
1
1
1
1
1
1
1
1
1
1
1
1
1
1
1
1
1
1
1
1
1
1
1
1
1
1
1
1
1
1
1
1
1
1
1
1
1
1
1
1
1
1
1
1
1
1
1
1
1
1
1
1
1
1
1
1
1
1
1
1
1
1
1
1
1
1
1
1
1
1
1
1
1
1
1
1
1
1
1
1
1
1
1
1
1
1
1
1
1
1
1
1
1
1
1
1
1
1
1
1
1
1
1
1
1
1
1
1
1
1
1
1
1
1
1
1
1
1
1
1
1
1
1
1
1
1
1
1
1
1
1
1
1
1
1
1
1
1
1
1
1
1
1
1
1
1
1
1
1
1
1
1
1
1
1
1
1
1
1
1
1
1
1
1
1
1
1
1
1
1
1
1
1
1
1
1
1
1
1
1
1
1
1
1
1
1
1
1
1
1
1
1
1
1
1
1
1
1
1
1
1
1
1
1
1
1
1
1
1
1
1
1
1
1
1
1
1
1
1
1
1
1
1
1
1
1
1
1
1
1
1
1
1
1
1
1
1
1
1
1
1
1
1
1
1
1
1
1
1
1
1
1
1
1
1
1
1
1
1
1
1
1
1
1
1
1
1
1
1
1
1
1
1
1
1
1
1
1
1
1
1
1
1
1
1
1
1
1
1
1
1
1
1
1
1
1
1
1
1
1
1
1
1
1
1
1
1
1
1
1
1
1
1
1
1
1
1
1
1
1
1
1
1
1
1
1
1
1
1
1
1
1
1
1
1
1
1
1
1
1
1
1
1
1
1
1
1
1
1
1
1
1
1
1
1
1
1
1
1
1
1
1
1
1
1
1
1
1
1
1
1
1
1
1
1
1
1
1
1
1
1
1
1
1
1
1
1
1
1
1
1
1
1
1
1
1
1
1
1
1
1
1
1
1
1
1
1
1
1
1
1
1
1
1
1
1
1
1
1
1
1
1
1
1
1
1
1
1
1
1
1
1
1
1
1
1
1
1
1
1
1
1
1
1
1
1
1
1
1
1
1
1
1
1
1
1
1
1
1
1
1
1
1
1
1
1
1
1
1
1
1
1
1
1
1
1
1
1
1
1
1
1
1
1
1
1
1
1
1
1
1
1
1
1
1
1
1
1
1
1
1
1
1
1
1
1
1
1
1
1
1
1
1
1
1
1
1
1
1
1
1
1
1
1
1
1
1
1
1
1
1
1
1
1
1
1
1
1
1
1
1
1
1
1
1
1
1
1
1
1
1
1
1
1
1
1
1
1
1
1
1
1
1
1
1
1
1
1
1
1
1
1
1
1
1
1
1
1
1
1
1
1
1
1
1
1
1
1
1
1
1
1
1
1
1
1
1
1
1
1
1
1
1
1
1
1
1
1
1
1
1
1
1
1
1
1
1
1
1
1
1
1
1
1
1
1
1
1
1
1
1
1
1
1
1
1
1
1
1
1
1
1
1
1
1
1
1
1
1
1
1
1
1
1
1
1
1
1
1
1
1
1
1
1
1
1
1
1
1
1
1
1
1
1
1
1
1
1
1
1
1
1
1
1
1
1
1
1
1
1
1
1
1
1
1
1
1
1
1
1
1
1
1
1
1
1
1
1
1
1
1
1
1
1
1
1
1
1
1
1
1
1
1
1
1
1
1
1
1
1
1
1
1
1
1
1
1
1
1
1
1
1
1
1
1
1
1
1
1
1
1
1
1
1
1
1
1
1
1
1
1
1
1
1
1
1
1
1
1
1
1
1
1
1
1
1
1
1
1
1
1
1
1
1
1
1
1
1
1
1
1
1
1
1
1
1
1
1
1
1
1
1
1
1
1
1
1
1
1
1
1
1
1
1
1
1
1
1
1
1
1
1
1
1
1
1
1
1
1
1
1
1
1
1
1
1
1
1
1
1
1
1
1
1
1
1
1
1
1
1
1
1
1
1
1
1
1
1
1
1
1
1
1
1
1
1
1
1
1
1
1
1
1
1
1
1
1
1
1
1
1
1
1
1
1
1
1
1
1
1
1
1
1
1
1
1
1
1
1
1
1
1
1
1
1
1
1
1
1
1
1
1
1
1
1
1
1
1
1
1
1
1
1
1
1
1
1
1
1
1
1
1
1
1
1
1
1
1
1
1
1
1
1
1
1
1
1
1
1
1
1
1
1
1
1
1
1
1
1
1
1
1
1
1
1
1
1
1
1
1
1
1
1
1
1
1
1
1
1
1
1
1
1
1
1
1
1
1
1
1
1
1
1
1
1
1
1
1
1
1
1
1
1
1
1
1
1
1
1
1
1
1
1
1
1
1
1
1
1
1
1
1
1
1
1
1
1
1
1
1
1
1
1
1
1
1
1
1
1
1
1
1
1
1
1
1
1
1
1
1
1
1
1
1
1
1
1
1
1
1
1
1
1
1
1
1
1
1
1
1
1
1
1
1
1
1
1
1
1
1
1
1
1
1
1
1
1
1
1
1
1
1
1
1
1
1
1
1
1
1
1
1
1
1
1
1
1
1
1
1
1
1
1
1
1
1
1
1
1
1
1
1
1
1
1
1
1
1
1
1
1
1
1
1
1
1
1
1
1
1
1
1
1
1
1
1
1
1
1
1
1
1
1
1
1
1
1
1
1
1
1
1
1
1
1
1
1
1
1
1
1
1
1
1
1
1
1
1
1
1
1
1
1
1
1
1
1
1
1
1
1
1
1
1
1
1
1
1
1
1
1
1
1
1
1
1
1
1
1
1
1
1
1
1
1
1
1
1
1
1
1
1
1
1
1
1
1
1
1
1
1
1
1
1
1
1
1
1
1
1
1
1
1
1
1
1
1
1
1
1
1
1
1
1
1
1
1
1
1
1
1
1
1
1
1
1
1
1
1
1
1
1
1
1
1
1
1
1
1
1
1
1
1
1
1
1
1
1
1
1
1
1
1
1
1
1
1
1
1
1
1
1
1
1
1
1
1
1
1
1
1
1
1
1
1
1
1
1
1
1
1
1
1
1
1
1
1
1
1
1
1
1
1
1
1
1
1
1
1
1
1
1
1
1
1
1
1
1
1
1
1
1
1
1
1
1
1
1
1
1
1
1
1
1
1
1
1
1
1
1
1
1
1
1
1
1
1
1
1
1
1
1
1
1
1
1
1
1
1
1
1
1
1
1
1
1
1
1
1
1
1
1
1
1
1
1
1
1
1
1
1
1
1
1
1
1
1
1
1
1
1
1
1
1
1
1
1
1
1
1
1
1
1
1
1
1
1
1
1
1
1
1
1
1
1
1
1
1
1
1
1
1
1
1
1
1
1
1
1
1
1
1
1
1
1
1
1
1
1
1
1
1
1
1
1
1
1
1
1
1
1
1
1
1
1
1
1
1
1
1
1
1
1
1
1
1
1
1
1
1
1
1
1
1
1
1
1
1
1
1
1
1
1
1
1
1
1
1
1
1
1
1
1
1
1
1
1
1
1
1
1
1
1
1
1
1
1
1
1
1
1
1
1
1
1
1
1
1
1
1
1
1
1
1
1
1
1
1
1
1
1
1
1
1
1
1
1
1
1
1
1
1
1
1
1
1
1
1
1
1
1
1
1
1
1
1
1
1
1
1
1
1
1
1
1
1
1
1
1
1
1
1
1
1
1
1
1
1
1
1
1
1
1
1
1
1
1
1
1
1
1
1
1
1
1
1
1
1
1
1
1
1
1
1
1
1
1
1
1
1
1
1
1
1
1
1
1
1
1
1
1
1
1
1
1
1
1
1
1
1
1
1
1
1
1
1
1
1
1
1
1
1
1
1
1
1
1
1
1
1
1
1
1
1
1
1
1
1
1
1
1
1
1
1
1
1
1
1
1
1
1
1
1
1
1
1
1
1
1
1
1
1
1
1
1
1
1
1
1
1
1
1
1
1
1
1
1
1
1
1
1
1
1
1
1
1
1
1
1
1
1
1
1
1
1
1
1
1
1
1
1
1
1
1
1
1
1
1
1
1
1
1
1
1
1
1
1
1
1
1
1
1
1
1
1
1
1
1
1
1
1
1
1
1
1
1
1
1
1
1
1
1
1
1
1
1
1
1
1
1
1
1
1
1
1
1
1
1
1
1
1
1
1
1
1
1
1
1
1
1
1
1
1
1
1
1
1
1
1
1
1
1
1
1
1
1
1
1
1
1
1
1
1
1
1
1
1
1
1
1
1
1
1
1
1
1
1
1
1
1
1
1
1
1
1
1
1
1
1
1
1
1
1
1
1
1
1
1
1
1
1
1
1
1
1
1
1
1
1
1
1
1
1
1
1
1
1
1
1
1
1
1
1
1
1
1
1
1
1
1
1
1
1
1
1
1
1
1
1
1
1
1
1
1
1
1
1
1
1
1
1
1
1
1
1
1
1
1
1
1
1
1
1
1
1
1
1
1
1
1
1
1
1
1
1
1
1
1
1
1
1
1
1
1
1
1
1
1
1
1
1
1
1
1
1
1
1
1
1
1
1
1
1
1
1
1
1
1
1
1
1
1
1
1
1
1
1
1
1
1
1
1
1
1
1
1
1
1
1
1
1
1
1
1
1
1
1
1
1
1
1
1
1
1
1
1
1
1
1
1
1
1
1
1
1
1
1
1
1
1
1
1
1
1
1
1
1
1
1
1
1
1
1
1
1
1
1
1
1
1
1
1
1
1
1
1
1
1
1
1
1
1
1
1
1
1
1
1
1
1
1
1
1
1
1
1
1
1
1
1
1
1
1
1
1
1
1
1
1
1
1
1
1
1
1
1
1
1
1
1
1
1
1
1
1
1
1
1
1
1
1
1
1
1
1
1
1
1
1
1
1
1
1
1
1
1
1
1
1
1
1
1
1
1
1
1
1
1
1
1
1
1
1
1
1
1
1
1
1
1
1
1
1
1
1
1
1
1
1
1
1
1
1
1
1
1
1
1
1
1
1
1
1
1
1
1
1
1
1
1
1
1
1
1
1
1
1
1
1
1
1
1
1
1
1
1
1
1
1
1
1
1
1
1
1
1
1
1
1
1
1
1
1
1
1
1
1
1
1
1
1
1
1
1
1
1
1
1
1
1
1
1
1
1
1
1
1
1
1
1
1
1
1
1
1
1
1
1
1
1
1
1
1
1
1
1
1
1
1
1
1
1
1
1
1
1
1
1
1
1
1
1
1
1
1
1
1
1
1
1
1
1
1
1
1
1
1
1
1
1
1
1
1
1
1
1
1
1
1
1
1
1
1
1
1
1
1
1
1
1
1
1
1
1
1
1
1
1
1
1
1
1
1
1
1
1
1
1
1
1
1
1
1
1
1
1
1
1
1
1
1
1
1
1
1
1
1
1
1
1
1
1
1
1
1
1
1
1
1
1
1
1
1
1
1
1
1
1
1
1
1
1
1
1
1
1
1
1
1
1
1
1
1
1
1
1
1
1
1
1
1
1
1
1
1
1
1
1
1
1
1
1
1
1
1
1
1
1
1
1
1
1
1
1
1
1
1
1
1
1
1
1
1
1
1
1
1
1
1
1
1
1
1
1
1
1
1
1
1
1
1
1
1
1
1
1
1
1
1
1
1
1
1
1
1
1
1
1
1
1
1
1
1
1
1
1
1
1
1
1
1
1
1
1
1
1
1
1
1
1
1
1
1
1
1
1
1
1
1
1
1
1
1
1
1
1
1
1
1
1
1
1
1
1
1
1
1
1
1
1
1
1
1
1
1
1
1
1
1
1
1
1
1
1
1
1
1
1
1
1
1
1
1
1
1
1
1
1
1
1
1
1
1
1
1
1
1
1
1
1
1
1
1
1
1
1
1
1
1
1
1
1
1
1
1
1
1
1
1
1
1
1
1
1
1
1
1
1
1
1
1
1
1
1
1
1
1
1
1
1
1
1
1
1
1
1
1
1
1
1
1
1
1
1
1
1
1
1
1
1
1
1
1
1
1
1
1
1
1
1
1
1
1
1
1
1
1
1
1
1
1
1
1
1
1
1
1
1
1
1
1
1
1
1
1
1
1
1
1
1
1
1
1
1
1
1
1
1
1
1
1
1
1
1
1
1
1
1
1
1
1
1
1
1
1
1
1
1
1
1
1
1
1
1
1
1
1
1
1
1
1
1
1
1
1
1
1
1
1
1
1
1
1
1
1
1
1
1
1
1
1
1
1
1
1
1
1
1
1
1
1
1
1
1
1
1
1
1
1
1
1
1
1
1
1
1
1
1
1
1
1
1
1
1
1
1
1
1
1
1
1
1
1
1
1
1
1
1
1
1
1
1
1
1
1
1
1
1
1
1
1
1
1
1
1
1
1
1
1
1
1
1
1
1
1
1
1
1
1
1
1
1
1
1
1
1
1
1
1
1
1
1
1
1
1
1
1
1
1
1
1
1
1
1
1
1
1
1
1
1
1
1
1
1
1
1
1
1
1
1
1
1
1
1
1
1
1
1
1
1
1
1
1
1
1
1
1
1
1
1
1
1
1
1
1
1
1
1
1
1
1
1
1
1
1
1
1
1
1
1
1
1
1
1
1
1
1
1
1
1
1
1
1
1
1
1
1
1
1
1
1
1
1
1
1
1
1
1
1
1
1
1
1
1
1
1
1
1
1
1
1
1
1
1
1
1
1
1
1
1
1
1
1
1
1
1
1
1
1
1
1
1
1
1
1
1
1
1
1
1
1
1
1
1
1
1
1
1
1
1
1
1
1
1
1
1
1
1
1
1
1
1
1
1
1
1
1
1
1
1
1
1
1
1
1
1
1
1
1
1
1
1
1
1
1
1
1
1
1
1
1
1
1
1
1
1
1
1
1
1
1
1
1
1
1
1
1
1
1
1
1
1
1
1
1
1
1
1
1
1
1
1
1
1
1
1
1
1
1
1
1
1
1
1
1
1
1
1
1
1
1
1
1
1
1
1
1
1
1
1
1
1
1
1
1
1
1
1
1
1
1
1
1
1
1
1
1
1
1
1
1
1
1
1
1
1
1
1
1
1
1
1
1
1
1
1
1
1
1
1
1
1
1
1
1
1
1
1
1
1
1
1
1
1
1
1
1
1
1
1
1
1
1
1
1
1
1
1
1
1
1
1
1
1
1
1
1
1
1
1
1
1
1
1
1
1
1
1
1
1
1
1
1
1
1
1
1
1
1
1
1
1
1
1
1
1
1
1
1
1
1
1
1
1
1
1
1
1
1
1
1
1
1
1
1
1
1
1
1
1
1
1
1
1
1
1
1
1
1
1
1
1
1
1
1
1
1
1
1
1
1
1
1
1
1
1
1
1
1
1
1
1
1
1
1
1
1
1
1
1
1
1
1
1
1
1
1
1
1
1
1
1
1
1
1
1
1
1
1
1
1
1
1
1
1
1
1
1
1
1
1
1
1
1
1
1
1
1
1
1
1
1
1
1
1
1
1
1
1
1
1
1
1
1
1
1
1
1
1
1
1
1
1
1
1
1
1
1
1
1
1
1
1
1
1
1
1
1
1
1
1
1
1
1
1
1
1
1
1
1
1
1
1
1
1
1
1
1
1
1
1
1
1
1
1
1
1
1
1
1
1
1
1
1
1
1
1
1
1
1
1
1
1
1
1
1
1
1
1
1
1
1
1
1
1
1
1
1
1
1
1
1
1
1
1
1
1
1
1
1
1
1
1
1
1
1
1
1
1
1
1
1
1
1
1
1
1
1
1
1
1
1
1
1
1
1
1
1
1
1
1
1
1
1
1
1
1
1
1
1
1
1
1
1
1
1
1
1
1
1
1
1
1
1
1
1
1
1
1
1
1
1
1
1
1
1
1
1
1
1
1
1
1
1
1
1
1
1
1
1
1
1
1
1
1
1
1
1
1
1
1
1
1
1
1
1
1
1
1
1
1
1
1
1
1
1
1
1
1
1
1
1
1
1
1
1
1
1
1
1
1
1
1
1
1
1
1
1
1
1
1
1
1
1
1
1
1
1
1
1
1
1
1
1
1
1
1
1
1
1
1
1
1
1
1
1
1
1
1
1
1
1
1
1
1
1
1
1
1
1
1
1
1
1
1
1
1
1
1
1
1
1
1
1
1
1
1
1
1
1
1
1
1
1
1
1
1
1
1
1
1
1
1
1
1
1
1
1
1
1
1
1
1
1
1
1
1
1
1
1
1
1
1
1
1
1
1
1
1
1
1
1
1
1
1
1
1
1
1
1
1
1
1
1
1
1
1
1
1
1
1
1
1
1
1
1
1
1
1
1
1
1
1
1
1
1
1
1
1
1
1
1
1
1
1
1
1
1
1
1
1
1
1
1
1
1
1
1
1
1
1
1
1
1
1
1
1
1
1
1
1
1
1
1
1
1
1
1
1
1
1
1
1
1
1
1
1
1
1
1
1
1
1
1
1
1
1
1
1
1
1
1
1
1
1
1
1
1
1
1
1
1
1
1
1
1
1
1
1
1
1
1
1
1
1
1
1
1
1
1
1
1
1
1
1
1
1
1
1
1
1
1
1
1
1
1
1
1
1
1
1
1
1
1
1
1
1
1
1
1
1
1
1
1
1
1
1
1
1
1
1
1
1
1
1
1
1
1
1
1
1
1
1
1
1
1
1
1
1
1
1
1
1
1
1
1
1
1
1
1
1
1
1
1
1
1
1
1
1
1
1
1
1
1
1
1
1
1
1
1
1
1
1
1
1
1
1
1
1
1
1
1
1
1
1
1
1
1
1
1
1
1
1
1
1
1
1
1
1
1
1
1
1
1
1
1
1
1
1
1
1
1
1
1
1
1
1
1
1
1
1
1
1
1
1
1
1
1
1
1
1
1
1
1
1
1
1
1
1
1
1
1
1
1
1
1
1
1
1
1
1
1
1
1
1
1
1
1
1
1
1
1
1
1
1
1
1
1
1
1
1
1
1
1
1
1
1
1
1
1
1
1
1
1
1
1
1
1
1
1
1
1
1
1
1
1
1
1
1
1
1
1
1
1
1
1
1
1
1
1
1
1
1
1
1
1
1
1
1
1
1
1
1
1
1
1
1
1
1
1
1
1
1
1
1
1
1
1
1
1
1
1
1
1
1
1
1
1
1
1
1
1
1
1
1
1
1
1
1
1
1
1
1
1
1
1
1
1
1
1
1
1
1
1
1
1
1
1
1
1
1
1
1
1
1
1
1
1
1
1
1
1
1
1
1
1
1
1
1
1
1
1
1
1
1
1
1
1
1
1
1
1
1
1
1
1
1
1
1
1
1
1
1
1
1
1
1
1
1
1
1
1
1
1
1
1
1
1
1
1
1
1
1
1
1
1
1
1
1
1
1
1
1
1
1
1
1
1
1
1
1
1
1
1
1
1
1
1
1
1
1
1
1
1
1
1
1
1
1
1
1
1
1
1
1
1
1
1
1
1
1
1
1
1
1
1
1
1
1
1
1
1
1
1
1
1
1
1
1
1
1
1
1
1
1
1
1
1
1
1
1
1
1
1
1
1
1
1
1
1
1
1
1
1
1
1
1
1
1
1
1
1
1
1
1
1
1
1
1
1
1
1
1
1
1
1
1
1
1
1
1
1
1
1
1
1
1
1
1
1
1
1
1
1
1
1
1
1
1
1
1
1
1
1
1
1
1
1
1
1
1
1
1
1
1
1
1
1
1
1
1
1
1
1
1
1
1
1
1
1
1
1
1
1
1
1
1
1
1
1
1
1
1
1
1
1
1
1
1
1
1
1
1
1
1
1
1
1
1
1
1
1
1
1
1
1
1
1
1
1
1
1
1
1
1
1
1
1
1
1
1
1
1
1
1
1
1
1
1
1
1
1
1
1
1
1
1
1
1
1
1
1
1
1
1
1
1
1
1
1
1
1
1
1
1
1
1
1
1
1
1
1
1
1
1
1
1
1
1
1
1
1
1
1
1
1
1
1
1
1
1
1
1
1
1
1
1
1
1
1
1
1
1
1
1
1
1
1
1
1
1
1
1
1
1
1
1
1
1
1
1
1
1
1
1
1
1
1
1
1
1
1
1
1
1
1
1
1
1
1
1
1
1
1
1
1
1
1
1
1
1
1
1
1
1
1
1
1
1
1
1
1
1
1
1
1
1
1
1
1
1
1
1
1
1
1
1
1
1
1
1
1
1
1
1
1
1
1
1
1
1
1
1
1
1
1
1
1
1
1
1
1
1
1
1
1
1
1
1
1
1
1
1
1
1
1
1
1
1
1
1
1
1
1
1
1
1
1
1
1
1
1
1
1
1
1
1
1
1
1
1
1
1
1
1
1
1
1
1
1
1
1
1
1
1
1
1
1
1
1
1
1
1
1
1
1
1
1
1
1
1
1
1
1
1
1
1
1
1
1
1
1
1
1
1
1
1
1
1
1
1
1
1
1
1
1
1
1
1
1
1
1
1
1
1
1
1
1
1
1
1
1
1
1
1
1
1
1
1
1
1
1
1
1
1
1
1
1
1
1
1
1
1
1
1
1
1
1
1
1
1
1
1
1
1
1
1
1
1
1
1
1
1
1
1
1
1
1
1
1
1
1
1
1
1
1
1
1
1
1
1
1
1
1
1
1
1
1
1
1
1
1
1
1
1
1
1
1
1
1
1
1
1
1
1
1
1
1
1
1
1
1
1
1
1
1
1
1
1
1
1
1
1
1
1
1
1
1
1
1
1
1
1
1
1
1
1
1
1
1
1
1
1
1
1
1
1
1
1
1
1
1
1
1
1
1
1
1
1
1
1
1
1
1
1
1
1
1
1
1
1
1
1
1
1
1
1
1
1
1
1
1
1
1
1
1
1
1
1
1
1
1
1
1
1
1
1
1
1
1
1
1
1
1
1
1
1
1
1
1
1
1
1
1
1
1
1
1
1
1
1
1
1
1
1
1
1
1
1
1
1
1
1
1
1
1
1
1
1
1
1
1
1
1
1
1
1
1
1
1
1
1
1
1
1
1
1
1
1
1
1
1
1
1
1
1
1
1
1
1
1
1
1
1
1
1
1
1
1
1
1
1
1
1
1
1
1
1
1
1
1
1
1
1
1
1
1
1
1
1
1
1
1
1
1
1
1
1
1
1
1
1
1
1
1
1
1
1
1
1
1
1
1
1
1
1
1
1
1
1
1
1
1
1
1
1
1
1
1
1
1
1
1
1
1
1
1
1
1
1
1
1
1
1
1
1
1
1
1
1
1
1
1
1
1
1
1
1
1
1
1
1
1
1
1
1
1
1
1
1
1
1
1
1
1
1
1
1
1
1
1
1
1
1
1
1
1
1
1
1
1
1
1
1
1
1
1
1
1
1
1
1
1
1
1
1
1
1
1
1
1
1
1
1
1
1
1
1
1
1
1
1
1
1
1
1
1
1
1
1
1
1
1
1
1
1
1
1
1
1
1
1
1
1
1
1
1
1
1
1
1
1
1
1
1
1
1
1
1
1
1
1
1
1
1
1
1
1
1
1
1
1
1
1
1
1
1
1
1
1
1
1
1
1
1
1
1
1
1
1
1
1
1
1
1
1
1
1
1
1
1
1
1
1
1
1
1
1
1
1
1
1
1
1
1
1
1
1
1
1
1
1
1
1
1
1
1
1
1
1
1
1
1
1
1
1
1
1
1
1
1
1
1
1
1
1
1
1
1
1
1
1
1
1
1
1
1
1
1
1
1
1
1
1
1
1
1
1
1
1
1
1
1
1
1
1
1
1
1
1
1
1
1
1
1
1
1
1
1
1
1
1
1
1
1
1
1
1
1
1
1
1
1
1
1
1
1
1
1
1
1
1
1
1
1
1
1
1
1
1
1
1
1
1
1
1
1
1
1
1
1
1
1
1
1
1
1
1
1
1
1
1
1
1
1
1
1
1
1
1
1
1
1
1
1
1
1
1
1
1
1
1
1
1
1
1
1
1
1
1
1
1
1
1
1
1
1
1
1
1
1
1
1
1
1
1
1
1
1
1
1
1
1
1
1
1
1
1
1
1
1
1
1
1
1
1
1
1
1
1
1
1
1
1
1
1
1
1
1
1
1
1
1
1
1
1
1
1
1
1
1
1
1
1
1
1
1
1
1
1
1
1
1
1
1
1
1
1
1
1
1
1
1
1
1
1
1
1
1
1
1
1
1
1
1
1
1
1
1
1
1
1
1
1
1
1
1
1
1
1
1
1
1
1
1
1
1
1
1
1
1
1
1
1
1
1
1
1
1
1
1
1
1
1
1
1
1
1
1
1
1
1
1
1
1
1
1
1
1
1
1
1
1
1
1
1
1
1
1
1
1
1
1
1
1
1
1
1
1
1
1
1
1
1
1
1
1
1
1
1
1
1
1
1
1
1
1
1
1
1
1
1
1
1
1
1
1
1
1
1
1
1
1
1
1
1
1
1
1
1
1
1
1
1
1
1
1
1
1
1
1
1
1
1
1
1
1
1
1
1
1
1
1
1
1
1
1
1
1
1
1
1
1
1
1
1
1
1
1
1
1
1
1
1
1
1
1
1
1
1
1
1
1
1
1
1
1
1
1
1
1
1
1
1
1
1
1
1
1
1
1
1
1
1
1
1
1
1
1
1
1
1
1
1
1
1
1
1
1
1
1
1
1
1
1
1
1
1
1
1
1
1
1
1
1
1
1
1
1
1
1
1
1
1
1
1
1
1
1
1
1
1
1
1
1
1
1
1
1
1
1
1
1
1
1
1
1
1
1
1
1
1
1
1
1
1
1
1
1
1
1
1
1
1
1
1
1
1
1
1
1
1
1
1
1
1
1
1
1
1
1
1
1
1
1
1
1
1
1
1
1
1
1
1
1
1
1
1
1
1
1
1
1
1
1
1
1
1
1
1
1
1
1
1
1
1
1
1
1
1
1
1
1
1
1
1
1
1
1
1
1
1
1
1
1
1
1
1
1
1
1
1
1
1
1
1
1
1
1
1
1
1
1
1
1
1
1
1
1
1
1
1
1
1
1
1
1
1
1
1
1
1
1
1
1
1
1
1
1
1
1
1
1
1
1
1
1
1
1
1
1
1
1
1
1
1
1
1
1
1
1
1
1
1
1
1
1
1
1
1
1
1
1
1
1
1
1
1
1
1
1
1
1
1
1
1
1
1
1
1
1
1
1
1
1
1
1
1
1
1
1
1
1
1
1
1
1
1
1
1
1
1
1
1
1
1
1
1
1
1
1
1
1
1
1
1
1
1
1
1
1
1
1
1
1
1
1
1
1
1
1
1
1
1
1
1
1
1
1
1
1
1
1
1
1
1
1
1
1
1
1
1
1
1
1
1
1
1
1
1
1
1
1
1
1
1
1
1
1
1
1
1
1
1
1
1
1
1
1
1
1
1
1
1
1
1
1
1
1
1
1
1
1
1
1
1
1
1
1
1
1
1
1
1
1
1
1
1
1
1
1
1
1
1
1
1
1
1
1
1
1
1
1
1
1
1
1
1
1
1
1
1
1
1
1
1
1
1
1
1
1
1
1
1
1
1
1
1
1
1
1
1
1
1
1
1
1
1
1
1
1
1
1
1
1
1
1
1
1
1
1
1
1
1
1
1
1
1
1
1
1
1
1
1
1
1
1
1
1
1
1
1
1
1
1
1
1
1
1
1
1
1
1
1
1
1
1
1
1
1
1
1
1
1
1
1
1
1
1
1
1
1
1
1
1
1
1
1
1
1
1
1
1
1
1
1
1
1
1
1
1
1
1
1
1
1
1
1
1
1
1
1
1
1
1
1
1
1
1
1
1
1
1
1
1
1
1
1
1
1
1
1
1
1
1
1
1
1
1
1
1
1
1
1
1
1
1
1
1
1
1
1
1
1
1
1
1
1
1
1
1
1
1
1
1
1
1
1
1
1
1
1
1
1
1
1
1
1
1
1
1
1
1
1
1
1
1
1
1
1
1
1
1
1
1
1
1
1
1
1
1
1
1
1
1
1
1
1
1
1
1
1
1
1
1
1
1
1
1
1
1
1
1
1
1
1
1
1
1
1
1
1
1
1
1
1
1
1
1
1
1
1
1
1
1
1
1
1
1
1
1
1
1
1
1
1
1
1
1
1
1
1
1
1
1
1
1
1
1
1
1
1
1
1
1
1
1
1
1
1
1
1
1
1
1
1
1
1
1
1
1
1
1
1
1
1
1
1
1
1
1
1
1
1
1
1
1
1
1
1
1
1
1
1
1
1
1
1
1
1
1
1
1
1
1
1
1
1
1
1
1
1
1
1
1
1
1
1
1
1
1
1
1
1
1
1
1
1
1
1
1
1
1
1
1
1
1
1
1
1
1
1
1
1
1
1
1
1
1
1
1
1
1
1
1
1
1
1
1
1
1
1
1
1
1
1
1
1
1
1
1
1
1
1
1
1
1
1
1
1
1
1
1
1
1
1
1
1
1
1
1
1
1
1
1
1
1
1
1
1
1
1
1
1
1
1
1
1
1
1
1
1
1
1
1
1
1
1
1
1
1
1
1
1
1
1
1
1
1
1
1
1
1
1
1
1
1
1
1
1
1
1
1
1
1
1
1
1
1
1
1
1
1
1
1
1
1
1
1
1
1
1
1
1
1
1
1
1
1
1
1
1
1
1
1
1
1
1
1
1
1
1
1
1
1
1
1
1
1
1
1
1
1
1
1
1
1
1
1
1
1
1
1
1
1
1
1
1
1
1
1
1
1
1
1
1
1
1
1
1
1
1
1
1
1
1
1
1
1
1
1
1
1
1
1
1
1
1
1
1
1
1
1
1
1
1
1
1
1
1
1
1
1
1
1
1
1
1
1
1
1
1
1
1
1
1
1
1
1
1
1
1
1
1
1
1
1
1
1
1
1
1
1
1
1
1
1
1
1
1
1
1
1
1
1
1
1
1
1
1
1
1
1
1
1
1
1
1
1
1
1
1
1
1
1
1
1
1
1
1
1
1
1
1
1
1
1
1
1
1
1
1
1
1
1
1
1
1
1
1
1
1
1
1
1
1
1
1
1
1
1
1
1
1
1
1
1
1
1
1
1
1
1
1
1
1
1
1
1
1
1
1
1
1
1
1
1
1
1
1
1
1
1
1
1
1
1
1
1
1
1
1
1
1
1
1
1
1
1
1
1
1
1
1
1
1
1
1
1
1
1
1
1
1
1
1
1
1
1
1
1
1
1
1
1
1
1
1
1
1
1
1
1
1
1
1
1
1
1
1
1
1
1
1
1
1
1
1
1
1
1
1
1
1
1
1
1
1
1
1
1
1
1
1
1
1
1
1
1
1
1
1
1
1
1
1
1
1
1
1
1
1
1
1
1
1
1
1
1
1
1
1
1
1
1
1
1
1
1
1
1
1
1
1
1
1
1
1
1
1
1
1
1
1
1
1
1
1
1
1
1
1
1
1
1
1
1
1
1
1
1
1
1
1
1
1
1
1
1
1
1
1
1
1
1
1
1
1
1
1
1
1
1
1
1
1
1
1
1
1
1
1
1
1
1
1
1
1
1
1
1
1
1
1
1
1
1
1
1
1
1
1
1
1
1
1
1
1
1
1
1
1
1
1
1
1
1
1
1
1
1
1
1
1
1
1
1
1
1
1
1
1
1
1
1
1
1
1
1
1
1
1
1
1
1
1
1
1
1
1
1
1
1
1
1
1
1
1
1
1
1
1
1
1
1
1
1
1
1
1
1
1
1
1
1
1
1
1
1
1
1
1
1
1
1
1
1
1
1
1
1
1
1
1
1
1
1
1
1
1
1
1
1
1
1
1
1
1
1
1
1
1
1
1
1
1
1
1
1
1
1
1
1
1
1
1
1
1
1
1
1
1
1
1
1
1
1
1
1
1
1
1
1
1
1
1
1
1
1
1
1
1
1
1
1
1
1
1
1
1
1
1
1
1
1
1
1
1
1
1
1
1
1
1
1
1
1
1
1
1
1
1
1
1
1
1
1
1
1
1
1
1
1
1
1
1
1
1
1
1
1
1
1
1
1
1
1
1
1
1
1
1
1
1
1
1
1
1
1
1
1
1
1
1
1
1
1
1
1
1
1
1
1
1
1
1
1
1
1
1
1
1
1
1
1
1
1
1
1
1
1
1
1
1
1
1
1
1
1
1
1
1
1
1
1
1
1
1
1
1
1
1
1
1
1
1
1
1
1
1
1
1
1
1
1
1
1
1
1
1
1
1
1
1
1
1
1
1
1
1
1
1
1
1
1
1
1
1
1
1
1
1
1
1
1
1
1
1
1
1
1
1
1
1
1
1
1
1
1
1
1
1
1
1
1
1
1
1
1
1
1
1
1
1
1
1
1
1
1
1
1
1
1
1
1
1
1
1
1
1
1
1
1
1
1
1
1
1
1
1
1
1
1
1
1
1
1
1
1
1
1
1
1
1
1
1
1
1
1
1
1
1
1
1
1
1
1
1
1
1
1
1
1
1
1
1
1
1
1
1
1
1
1
1
1
1
1
1
1
1
1
1
1
1
1
1
1
1
1
1
1
1
1
1
1
1
1
1
1
1
1
1
1
1
1
1
1
1
1
1
1
1
1
1
1
1
1
1
1
1
1
1
1
1
1
1
1
1
1
1
1
1
1
1
1
1
1
1
1
1
1
1
1
1
1
1
1
1
1
1
1
1
1
1
1
1
1
1
1
1
1
1
1
1
1
1
1
1
1
1
1
1
1
1
1
1
1
1
1
1
1
1
1
1
1
1
1
1
1
1
1
1
1
1
1
1
1
1
1
1
1
1
1
1
1
1
1
1
1
1
1
1
1
1
1
1
1
1
1
1
1
1
1
1
1
1
1
1
1
1
1
1
1
1
1
1
1
1
1
1
1
1
1
1
1
1
1
1
1
1
1
1
1
1
1
1
1
1
1
1
1
1
1
1
1
1
1
1
1
1
1
1
1
1
1
1
1
1
1
1
1
1
1
1
1
1
1
1
1
1
1
1
1
1
1
1
1
1
1
1
1
1
1
1
1
1
1
1
1
1
1
1
1
1
1
1
1
1
1
1
1
1
1
1
1
1
1
1
1
1
1
1
1
1
1
1
1
1
1
1
1
1
1
1
1
1
1
1
1
1
1
1
1
1
1
1
1
1
1
1
1
1
1
1
1
1
1
1
1
1
1
1
1
1
1
1
1
1
1
1
1
1
1
1
1
1
1
1
1
1
1
1
1
1
1
1
1
1
1
1
1
1
1
1
1
1
1
1
1
1
1
1
1
1
1
1
1
1
1
1
1
1
1
1
1
1
1
1
1
1
1
1
1
1
1
1
1
1
1
1
1
1
1
1
1
1
1
1
1
1
1
1
1
1
1
1
1
1
1
1
1
1
1
1
1
1
1
1
1
1
1
1
1
1
1
1
1
1
1
1
1
1
1
1
1
1
1
1
1
1
1
1
1
1
1
1
1
1
1
1
1
1
1
1
1
1
1
1
1
1
1
1
1
1
1
1
1
1
1
1
1
1
1
1
1
1
1
1
1
1
1
1
1
1
1
1
1
1
1
1
1
1
1
1
1
1
1
1
1
1
1
1
1
1
1
1
1
1
1
1
1
1
1
1
1
1
1
1
1
1
1
1
1
1
1
1
1
1
1
1
1
1
1
1
1
1
1
1
1
1
1
1
1
1
1
1
1
1
1
1
1
1
1
1
1
1
1
1
1
1
1
1
1
1
1
1
1
1
1
1
1
1
1
1
1
1
1
1
1
1
1
1
1
1
1
1
1
1
1
1
1
1
1
1
1
1
1
1
1
1
1
1
1
1
1
1
1
1
1
1
1
1
1
1
1
1
1
1
1
1
1
1
1
1
1
1
1
1
1
1
1
1
1
1
1
1
1
1
1
1
1
1
1
1
1
1
1
1
1
1
1
1
1
1
1
1
1
1
1
1
1
1
1
1
1
1
1
1
1
1
1
1
1
1
1
1
1
1
1
1
1
1
1
1
1
1
1
1
1
1
1
1
1
1
1
1
1
1
1
1
1
1
1
1
1

